# CS2 body mesh, tools/cs2_glb_to_obj.py
v -0.00495 0.08809 0.5
v 0.00085 0.09139 0.49999
v -0.00578 0.0893 0.5
v -0.00434 0.08677 0.5
v -0.00059 0.09349 0.49999
v 0.00193 0.08908 0.49999
v -0.00247 0.09539 0.49999
v 0.00259 0.0865 0.49999
v -0.00686 0.09038 0.5
v -0.00396 0.08529 0.5
v -0.00384 0.08366 0.5
v 0.0028 0.08366 0.49999
v -0.00824 0.09134 0.5
v -0.00488 0.09706 0.49999
v -0.00753 0.09835 0.49999
v -0.00975 0.09208 0.5
v -0.01122 0.09249 0.5
v -0.0101 0.09907 0.49999
v -0.01274 0.0993 0.49999
v -0.01274 0.09262 0.5
v -0.01426 0.09249 0.5
v -0.01539 0.09907 0.49999
v -0.01796 0.09835 0.49999
v -0.01573 0.09208 0.5
v -0.01725 0.09134 0.5
v -0.0206 0.09706 0.49999
v -0.02302 0.09539 0.49999
v -0.01863 0.09038 0.5
v -0.01971 0.0893 0.5
v -0.0249 0.09349 0.49999
v -0.02634 0.09139 0.49999
v -0.02053 0.08809 0.5
v -0.02115 0.08677 0.5
v -0.02741 0.08908 0.49999
v -0.02808 0.0865 0.49999
v -0.02153 0.08529 0.5
v -0.02165 0.08366 0.5
v -0.02828 0.08366 0.49999
v -0.02808 0.08082 0.49999
v -0.02153 0.08203 0.5
v -0.02115 0.08055 0.5
v -0.02741 0.07824 0.49999
v -0.02634 0.07593 0.49999
v -0.02053 0.07923 0.5
v -0.01971 0.07802 0.5
v -0.0249 0.07383 0.49999
v -0.02302 0.07193 0.49999
v -0.01863 0.07694 0.5
v -0.01725 0.07598 0.5
v -0.0206 0.07026 0.49999
v -0.01796 0.06897 0.49999
v -0.01573 0.07524 0.5
v -0.01426 0.07483 0.5
v -0.01539 0.06825 0.49999
v -0.01274 0.06802 0.49999
v -0.01274 0.0747 0.5
v -0.01122 0.07483 0.5
v -0.0101 0.06825 0.49999
v -0.00753 0.06897 0.49999
v -0.00975 0.07524 0.5
v -0.00824 0.07598 0.5
v -0.00488 0.07026 0.49999
v -0.00247 0.07193 0.49999
v -0.00686 0.07694 0.5
v -0.00578 0.07802 0.5
v -0.00059 0.07383 0.49999
v 0.00085 0.07593 0.49999
v -0.00495 0.07923 0.5
v -0.00434 0.08055 0.5
v 0.00193 0.07824 0.49999
v 0.00259 0.08082 0.49999
v -0.00396 0.08203 0.5
v -0.01281 -0.07968 -0.47387
v -0.00832 -0.08476 -0.47055
v -0.01281 -0.08763 -0.46945
v -0.01447 0.09729 0.46568
v -0.01437 0.09242 0.46568
v -0.01274 0.09732 0.46545
v -0.01274 0.09249 0.46545
v -0.01437 0.0749 0.46568
v -0.01447 0.07003 0.46568
v -0.01274 0.07 0.46545
v -0.01274 0.07483 0.46545
v -0.02001 0.07564 0.45003
v -0.02069 0.07692 0.449
v -0.02443 0.07331 0.45003
v -0.02526 0.07443 0.449
v -0.02626 0.07597 0.44875
v -0.02159 0.07858 0.44875
v -0.02243 0.08018 0.449
v -0.02707 0.07762 0.449
v -0.00023 0.09289 0.449
v -0.00479 0.0904 0.449
v 0.00077 0.09135 0.44875
v -0.0039 0.08874 0.44875
v -0.00306 0.08714 0.449
v 0.00158 0.0897 0.449
v 0.00212 0.08842 0.45003
v -0.00244 0.08597 0.45003
v -0.01469 0.09908 0.45137
v -0.01461 0.0937 0.45137
v -0.01274 0.0992 0.45111
v -0.01274 0.09378 0.45111
v -0.01274 0.07354 0.45111
v -0.01461 0.07362 0.45137
v -0.01274 0.06812 0.45111
v -0.01469 0.06824 0.45137
v -0.02331 0.07471 0.4427
v -0.01967 0.07165 0.4427
v -0.0245 0.07676 0.4427
v -0.01045 0.07002 0.4427
v -0.0152 0.07002 0.4427
v -0.00116 0.07676 0.4427
v -0.00235 0.07471 0.4427
v -0.00598 0.07165 0.4427
v -0.0245 0.09024 0.4427
v -0.00116 0.09024 0.4427
v -0.00235 0.0923 0.4427
v -0.01045 0.09698 0.4427
v -0.00598 0.09535 0.4427
v -0.01967 0.09535 0.4427
v -0.0152 0.09698 0.4427
v -0.02331 0.0923 0.4427
v -0.02707 0.0897 0.449
v -0.02243 0.08714 0.449
v -0.02626 0.09135 0.44875
v -0.02159 0.08874 0.44875
v -0.02069 0.0904 0.449
v -0.02526 0.09289 0.449
v -0.02443 0.09401 0.45003
v -0.02001 0.09168 0.45003
v -0.00244 0.08135 0.45003
v -0.00306 0.08018 0.449
v 0.00212 0.0789 0.45003
v 0.00158 0.07762 0.449
v 0.00077 0.07597 0.44875
v -0.0039 0.07858 0.44875
v -0.00479 0.07692 0.449
v -0.00023 0.07443 0.449
v -0.01088 0.0937 0.45137
v -0.0108 0.09908 0.45137
v -0.00942 0.09891 0.4522
v -0.00956 0.09359 0.4522
v -0.00956 0.07373 0.4522
v -0.01088 0.07362 0.45137
v -0.00942 0.06841 0.4522
v -0.0108 0.06824 0.45137
v -0.01049 0.07317 0.42414
v -0.01085 0.07491 0.42414
v -0.01478 0.07317 0.42414
v -0.01442 0.07491 0.42414
v -0.0073 0.07505 0.42414
v -0.01905 0.07333 0.42414
v -0.00622 0.07333 0.42414
v -0.01796 0.07505 0.42414
v -0.00562 0.07514 0.42414
v -0.02107 0.07345 0.42414
v -0.0042 0.07345 0.42414
v -0.01965 0.07514 0.42414
v -0.02284 0.07493 0.42414
v -0.02112 0.07638 0.42414
v -0.00415 0.07638 0.42414
v -0.00243 0.07493 0.42414
v -0.00223 0.07971 0.42414
v -0.00011 0.07894 0.42414
v -0.00156 0.0835 0.42414
v 0.00069 0.0835 0.42414
v -0.00223 0.08728 0.42414
v -0.00011 0.08806 0.42414
v -0.00415 0.09062 0.42414
v -0.00243 0.09207 0.42414
v -0.00562 0.09185 0.42414
v -0.0042 0.09355 0.42414
v -0.00731 0.09191 0.42414
v -0.00623 0.09362 0.42414
v -0.01085 0.09197 0.42414
v -0.01049 0.0937 0.42414
v -0.01441 0.09197 0.42414
v -0.01477 0.0937 0.42414
v -0.01796 0.09191 0.42414
v -0.01904 0.09362 0.42414
v -0.01965 0.09185 0.42414
v -0.02107 0.09355 0.42414
v -0.02112 0.09062 0.42414
v -0.02284 0.09207 0.42414
v -0.02304 0.08728 0.42414
v -0.02515 0.08806 0.42414
v -0.02371 0.0835 0.42414
v -0.02596 0.0835 0.42414
v -0.02304 0.07971 0.42414
v -0.02515 0.07894 0.42414
v -0.00534 0.09613 0.40982
v -0.00562 0.09457 0.41052
v -0.0034 0.0945 0.41028
v -0.01029 0.09466 0.41083
v -0.0101 0.09786 0.40945
v -0.01497 0.09466 0.41083
v -0.01516 0.09786 0.40945
v -0.01992 0.09613 0.40982
v -0.01964 0.09457 0.41052
v -0.02186 0.0945 0.41028
v -0.00106 0.07331 0.45003
v -0.00548 0.07564 0.45003
v -0.00343 0.07578 0.38758
v -0.00134 0.07939 0.38758
v -0.00663 0.0731 0.38758
v -0.01055 0.07167 0.38758
v -0.01472 0.07167 0.38758
v -0.00062 0.0835 0.38758
v -0.00135 0.08761 0.38758
v -0.01864 0.0731 0.38758
v -0.02184 0.07578 0.38758
v -0.02465 0.0835 0.38758
v -0.02392 0.07939 0.38758
v -0.02184 0.09122 0.38758
v -0.02392 0.08761 0.38758
v -0.00663 0.09391 0.38758
v -0.00343 0.09122 0.38758
v -0.01472 0.09533 0.38758
v -0.01055 0.09533 0.38758
v -0.01864 0.09391 0.38758
v -0.01274 0.09939 0.45096
v -0.01478 0.09925 0.45122
v -0.02305 0.08597 0.45003
v -0.02761 0.08842 0.45003
v -0.01592 0.09359 0.4522
v -0.01607 0.09891 0.4522
v -0.01607 0.06841 0.4522
v -0.01592 0.07373 0.4522
v -0.01992 0.07087 0.40982
v -0.01965 0.07238 0.41049
v -0.02186 0.0725 0.41028
v -0.01498 0.0722 0.4108
v -0.01516 0.06914 0.40953
v -0.0101 0.06914 0.40953
v -0.01028 0.0722 0.4108
v -0.00534 0.07087 0.40982
v -0.00561 0.07238 0.41049
v -0.0034 0.0725 0.41028
v -0.03383 0.09268 -0.48661
v -0.02537 0.09359 -0.48989
v -0.03943 0.08534 -0.49104
v -0.029 0.08611 -0.49441
v -0.01281 0.09432 -0.49087
v -0.01281 0.08671 -0.49582
v -0.01281 0.10848 -0.47416
v -0.01281 0.07959 -0.49883
v -0.03133 0.07915 -0.49717
v -0.03224 0.07144 -0.49822
v -0.01281 0.07161 -0.5
v -0.04702 0.07789 -0.48867
v -0.04829 0.0711 -0.48953
v -0.0321 0.06211 -0.49754
v -0.01281 0.06176 -0.49943
v -0.04764 0.06347 -0.48935
v -0.04025 0.08639 -0.48614
v -0.05277 0.07722 -0.46857
v -0.02889 0.00305 -0.48918
v -0.01281 0.00302 -0.49098
v -0.03941 0.00309 -0.48518
v -0.02202 -0.06674 -0.47671
v -0.01281 -0.06674 -0.47849
v -0.02802 -0.06673 -0.47282
v -0.0197 -0.07964 -0.47231
v -0.01731 -0.08476 -0.47055
v -0.0219 -0.08687 -0.46667
v -0.01942 -0.09128 -0.46399
v -0.0246 -0.08017 -0.46838
v -0.02368 -0.0873 -0.46013
v -0.02895 -0.06667 -0.4679
v -0.02567 -0.08025 -0.46279
v -0.04142 0.00281 -0.47966
v -0.02575 -0.08018 -0.45508
v -0.0289 -0.06656 -0.46002
v -0.04849 0.05819 -0.48409
v -0.04136 0.00265 -0.4679
v -0.05259 0.06338 -0.47035
v -0.02374 -0.08722 -0.45203
v -0.02427 -0.07967 -0.3891
v -0.02102 -0.09268 -0.44965
v -0.02101 -0.09259 -0.45832
v -0.0172 -0.09404 -0.4582
v -0.01281 -0.09381 -0.45857
v -0.01281 -0.09485 -0.44907
v -0.0172 -0.0947 -0.44898
v -0.01754 -0.09296 -0.38955
v -0.01281 -0.09321 -0.38955
v -0.02067 -0.09123 -0.39342
v -0.01856 -0.08727 -0.38313
v -0.01281 -0.08741 -0.38313
v -0.02283 -0.08704 -0.38857
v -0.00548 0.09168 0.45003
v -0.00106 0.09401 0.45003
v -0.02761 0.0789 0.45003
v -0.02305 0.08135 0.45003
v -0.01478 0.06807 0.45122
v -0.01274 0.06794 0.45096
v 0.0213 0.05031 -0.29565
v 0.02049 0.04888 -0.29565
v 0.01948 0.04935 -0.29565
v 0.02041 0.05098 -0.29565
v 0.01869 0.04769 -0.29565
v 0.02224 0.05173 -0.29565
v 0.02147 0.05259 -0.29565
v 0.02493 0.05502 -0.29565
v 0.02407 0.05578 -0.29565
v 0.02549 0.05452 -0.29565
v 0.02338 0.05204 -0.29565
v 0.01968 0.04717 -0.29565
v 0.02092 0.04811 -0.29565
v 0.02039 0.04698 -0.29565
v 0.01992 0.04582 -0.29565
v 0.01802 0.04599 -0.29565
v 0.019 0.04543 -0.29565
v 0.01701 0.0425 -0.29565
v 0.01814 0.04231 -0.29565
v 0.01638 0.03883 -0.29565
v 0.01753 0.03869 -0.29565
v 0.01876 0.04167 -0.29565
v 0.01607 0.03404 -0.29565
v 0.01828 0.0386 -0.29565
v 0.01722 0.0339 -0.29565
v 0.01577 0.03104 -0.29565
v 0.01796 0.03381 -0.29565
v 0.01683 0.03084 -0.29565
v 0.01763 0.03092 -0.29565
v 0.01525 0.0292 -0.29565
v 0.01629 0.02879 -0.29565
v 0.01432 0.02674 -0.29565
v 0.0154 0.02632 -0.29565
v 0.01673 0.02777 -0.29565
v 0.0161 0.02605 -0.29565
v 0.02511 0.05691 -0.29344
v 0.01951 0.04973 -0.29344
v 0.0153 0.05699 -0.29344
v 0.01313 0.05126 -0.29344
v 0.0175 0.0439 -0.29344
v 0.01105 0.04588 -0.29344
v 0.00879 0.03981 -0.29344
v 0.01647 0.03665 -0.29344
v 0.00662 0.03407 -0.29344
v 0.01605 0.03124 -0.29344
v 0.02511 0.05691 -0.28509
v 0.01954 0.04974 -0.28509
v 0.0153 0.05699 -0.28509
v 0.01315 0.0513 -0.28509
v 0.03224 0.04462 -0.46609
v 0.00851 0.04462 -0.46609
v 0.03224 0.04737 -0.46663
v 0.00851 0.04737 -0.46663
v 0.00851 0.0423 -0.46453
v 0.03224 0.05011 -0.46609
v 0.03224 0.0423 -0.46453
v 0.00851 0.05011 -0.46609
v 0.00851 0.04075 -0.46221
v 0.03224 0.05244 -0.46453
v 0.03224 0.04075 -0.46221
v 0.00851 0.05244 -0.46453
v 0.00851 0.0402 -0.45946
v 0.03224 0.05399 -0.46221
v 0.03224 0.0402 -0.45946
v 0.00851 0.05399 -0.46221
v 0.00851 0.04075 -0.45672
v 0.03224 0.05454 -0.45946
v 0.03224 0.04075 -0.45672
v 0.00851 0.05454 -0.45946
v 0.00851 0.0423 -0.45439
v 0.03224 0.05399 -0.45672
v 0.03224 0.0423 -0.45439
v 0.00851 0.05399 -0.45672
v 0.03224 0.05244 -0.45439
v 0.00851 0.05244 -0.45439
v 0.00851 0.04462 -0.45284
v 0.03224 0.04462 -0.45284
v 0.00851 0.04737 -0.45229
v 0.03224 0.04737 -0.45229
v 0.00851 0.05011 -0.45284
v 0.03224 0.05011 -0.45284
v 0.02049 0.04888 -0.28682
v 0.02092 0.04811 -0.2864
v 0.01968 0.04717 -0.28682
v 0.02039 0.04698 -0.2864
v 0.01992 0.04582 -0.2864
v 0.019 0.04543 -0.28682
v -0.01695 0.00121 -0.31809
v -0.0059 0.00121 -0.31809
v -0.01695 -0.00883 -0.30935
v -0.0059 -0.00883 -0.30935
v -0.038 0.0714 0.22955
v -0.03843 0.07581 0.22955
v -0.04002 0.07546 0.22955
v -0.03885 0.08081 0.2295
v -0.03674 0.07568 0.22955
v -0.04112 0.07486 0.22955
v -0.04462 0.07818 0.22969
v -0.04158 0.07415 0.22955
v -0.04619 0.07584 0.23001
v -0.04696 0.07364 0.2306
v -0.0418 0.07344 0.22982
v -0.04773 0.07316 0.23051
v -0.0468 0.07587 0.22965
v -0.04504 0.07853 0.2293
v -0.0418 0.0714 0.22982
v -0.04206 0.07998 0.22953
v -0.0423 0.08049 0.22913
v -0.03889 0.08139 0.2291
v -0.04177 0.06926 0.22976
v -0.0355 0.08053 0.22951
v -0.03535 0.08108 0.2291
v -0.03534 0.07518 0.22955
v -0.03254 0.07919 0.22959
v -0.03458 0.07451 0.22955
v -0.03048 0.07702 0.22983
v -0.03423 0.07354 0.22976
v -0.02913 0.07396 0.2305
v -0.0342 0.0714 0.22982
v -0.0342 0.06936 0.22982
v -0.03442 0.06865 0.22955
v -0.02903 0.06916 0.2306
v -0.02981 0.06695 0.23001
v -0.03488 0.06794 0.22955
v -0.03138 0.06462 0.22969
v -0.03598 0.06733 0.22955
v -0.03394 0.06281 0.22953
v -0.03757 0.067 0.22955
v -0.03715 0.06198 0.2295
v -0.0337 0.0623 0.22913
v -0.03711 0.06141 0.2291
v -0.03926 0.06712 0.22955
v -0.0405 0.06227 0.22951
v -0.04065 0.06171 0.2291
v -0.04066 0.06762 0.22955
v -0.04346 0.06361 0.22959
v -0.04379 0.06316 0.22919
v -0.04141 0.06829 0.22955
v -0.04686 0.06883 0.2305
v -0.04552 0.06578 0.22983
v -0.04603 0.06556 0.22946
v -0.04761 0.06923 0.23036
v -0.00492 0.10278 0.22116
v -0.00492 0.11368 0.22084
v -0.02119 0.10278 0.22116
v -0.02119 0.11368 0.22084
v -0.02269 0.11365 0.21991
v -0.02269 0.10509 0.22004
v -0.02119 0.08068 0.46568
v -0.02555 0.07827 0.46568
v -0.02392 0.07542 0.46568
v -0.01968 0.07769 0.46568
v -0.02316 0.07445 0.4665
v -0.01906 0.07653 0.4665
v -0.0188 0.07619 0.46806
v -0.02284 0.07419 0.46806
v -0.01892 0.07617 0.4752
v -0.02364 0.07344 0.4752
v -0.0243 0.07344 0.47667
v -0.01907 0.07666 0.47667
v -0.03979 0.08154 0.21679
v -0.03944 0.07955 0.21678
v -0.03622 0.08154 0.21679
v -0.03657 0.07955 0.21678
v -0.04213 0.07857 0.21678
v -0.03286 0.08032 0.21679
v -0.04314 0.08032 0.21679
v -0.03387 0.07857 0.21678
v -0.04433 0.07673 0.21678
v -0.03013 0.07802 0.21679
v -0.04588 0.07802 0.21679
v -0.03167 0.07673 0.21678
v -0.04577 0.07424 0.21678
v -0.02834 0.07493 0.21679
v -0.04766 0.07493 0.21679
v -0.03024 0.07424 0.21678
v -0.04627 0.07142 0.21678
v -0.02772 0.07142 0.21679
v -0.04828 0.07142 0.21679
v -0.02974 0.07142 0.21678
v -0.04577 0.06859 0.21678
v -0.02834 0.0679 0.21679
v -0.04766 0.0679 0.21679
v -0.03024 0.06859 0.21678
v -0.04433 0.0661 0.21678
v -0.03013 0.06481 0.21679
v -0.04588 0.06481 0.21679
v -0.03167 0.0661 0.21678
v -0.04213 0.06426 0.21678
v -0.03286 0.06252 0.21679
v -0.04314 0.06252 0.21679
v -0.03387 0.06426 0.21678
v -0.03622 0.06129 0.21679
v -0.03657 0.06328 0.21678
v -0.03944 0.06328 0.21678
v -0.03979 0.06129 0.21679
v -0.04066 0.09252 -0.19111
v -0.04231 0.09075 -0.19124
v -0.04307 0.09131 -0.19103
v -0.03098 0.10286 -0.19111
v -0.0298 0.10539 -0.19103
v -0.02932 0.10463 -0.19124
v -0.01035 0.09646 0.23228
v -0.01016 0.09752 0.23126
v -0.01492 0.09646 0.23228
v -0.01511 0.09752 0.23126
v -0.01921 0.0949 0.23228
v -0.01975 0.09583 0.23126
v -0.02272 0.09196 0.23228
v -0.02354 0.09265 0.23126
v -0.025 0.088 0.23228
v -0.02601 0.08837 0.23126
v -0.0258 0.0835 0.23228
v -0.02687 0.0835 0.23126
v -0.025 0.079 0.23228
v -0.02601 0.07863 0.23126
v -0.02272 0.07504 0.23228
v -0.02354 0.07434 0.23126
v -0.01921 0.0721 0.23228
v -0.01975 0.07117 0.23126
v -0.01492 0.07054 0.23228
v -0.01511 0.06948 0.23126
v -0.03221 0.07964 0.22919
v -0.02997 0.07724 0.22946
v -0.02839 0.07357 0.23036
v -0.03794 0.08574 -0.19129
v -0.03628 0.08762 -0.19118
v -0.02668 0.09847 -0.19118
v -0.02502 0.10035 -0.19129
v -0.00551 0.09583 0.23126
v -0.00605 0.0949 0.23228
v -0.00173 0.09265 0.23126
v -0.00255 0.09196 0.23228
v 0.00075 0.08837 0.23126
v -0.00026 0.088 0.23228
v 0.00161 0.0835 0.23126
v 0.00053 0.0835 0.23228
v 0.00075 0.07863 0.23126
v -0.00026 0.079 0.23228
v -0.00173 0.07434 0.23126
v -0.00255 0.07504 0.23228
v -0.00551 0.07117 0.23126
v -0.00605 0.0721 0.23228
v -0.01016 0.06948 0.23126
v -0.01035 0.07054 0.23228
v -0.01376 0.13064 0.21197
v -0.01284 0.13296 0.20796
v -0.01676 0.13165 0.21023
v -0.01746 0.13342 0.20716
v -0.01022 0.131 0.21136
v -0.01546 0.13492 0.20456
v -0.00821 0.1325 0.20876
v -0.01192 0.13527 0.20396
v -0.00892 0.13427 0.20569
v 0.02215 0.05556 -0.18184
v 0.01793 0.04536 -0.18184
v 0.00865 0.04536 -0.18184
v 0.00865 0.05556 -0.18184
v 0.02236 0.05606 -0.18163
v 0.00865 0.05606 -0.18163
v 0.02249 0.0564 -0.1813
v 0.00865 0.0564 -0.1813
v -0.03403 0.04539 -0.18184
v -0.04359 0.04544 -0.18158
v -0.03403 0.05558 -0.18184
v -0.04777 0.05568 -0.18158
v -0.00342 0.11365 0.21991
v -0.00342 0.10509 0.22004
v -0.01812 0.12983 0.21023
v -0.01408 0.12847 0.21257
v -0.00931 0.12895 0.21175
v -0.01907 0.13221 0.2061
v -0.01637 0.13423 0.20259
v -0.0116 0.13471 0.20177
v 0.00907 0.01801 0.19089
v 0.00593 0.02002 0.18832
v -0.00079 0.01773 0.19572
v -0.00226 0.01982 0.19288
v -0.01282 0.01975 0.19386
v -0.01282 0.01759 0.19745
v -0.00289 0.01075 0.19448
v -0.01282 0.01073 0.19627
v -0.01282 -0.0043 0.19541
v 0.00174 -0.0998 0.19253
v 0.00519 -0.09819 0.19628
v -0.00496 -0.09979 0.19789
v -0.00309 -0.09814 0.20297
v -0.01282 -0.09813 0.20579
v -0.01282 -0.09978 0.20015
v -0.00749 0.13187 0.18906
v -0.01861 0.1311 0.19065
v -0.00749 0.1311 0.19065
v -0.00118 0.1311 0.19065
v -0.00118 0.13187 0.18906
v -0.00487 0.12881 0.19539
v -0.00749 0.13439 0.18295
v -0.00333 0.13439 0.18296
v -0.00166 0.13439 0.1795
v -0.00166 0.13439 0.17655
v -0.00749 0.13439 0.17655
v -0.02124 0.12881 0.19539
v -0.02274 0.12881 0.19367
v -0.02492 0.1311 0.19065
v -0.00856 0.02567 0.18009
v -0.00611 0.02567 0.18009
v -0.00856 0.02972 0.1833
v -0.00611 0.02972 0.1833
v -0.00856 0.03351 0.18461
v -0.00611 0.03351 0.18461
v -0.00856 0.08425 0.19087
v -0.00611 0.08425 0.19087
v -0.01645 0.08425 0.19087
v -0.01894 0.08425 0.19087
v -0.01645 0.03351 0.18461
v -0.01894 0.03351 0.18461
v -0.01645 0.02972 0.1833
v -0.02045 0.03373 0.1835
v -0.02045 0.08425 0.18974
v -0.02045 0.03023 0.1823
v -0.01894 0.02972 0.1833
v -0.01645 0.02567 0.18009
v -0.02045 0.02653 0.17936
v -0.01894 0.02567 0.18009
v -0.00886 0.01637 0.17947
v -0.00886 0.03868 0.17947
v -0.01251 0.01642 0.18049
v -0.01251 0.03868 0.18049
v -0.01616 0.01637 0.17947
v -0.01616 0.03868 0.17947
v -0.00337 0.12881 0.19367
v -0.01274 0.0775 0.49401
v -0.01379 0.07759 0.49401
v -0.01274 0.0775 0.48802
v -0.01379 0.07759 0.48802
v -0.01315 0.03075 0.172
v -0.02233 0.03075 0.172
v -0.01315 0.03283 0.17132
v -0.02233 0.03283 0.17132
v -0.01315 0.03491 0.172
v -0.02233 0.03491 0.172
v -0.01315 0.0362 0.17377
v -0.02233 0.0362 0.17377
v -0.01315 0.0362 0.17596
v -0.02233 0.0362 0.17596
v -0.01315 0.03491 0.17773
v -0.02233 0.03491 0.17773
v -0.01315 0.03283 0.17841
v -0.02233 0.03283 0.17841
v -0.01315 0.03075 0.17773
v -0.02233 0.03075 0.17773
v -0.01315 0.02946 0.17596
v -0.02233 0.02946 0.17596
v -0.01315 0.02946 0.17377
v -0.02233 0.02946 0.17377
v -0.00795 0.07978 0.48802
v -0.00795 0.07978 0.49401
v -0.00738 0.08061 0.48802
v -0.00869 0.07904 0.48802
v -0.00738 0.08061 0.49401
v -0.00696 0.08152 0.49401
v -0.00696 0.08152 0.48802
v -0.0067 0.08254 0.48802
v -0.00869 0.07904 0.49401
v -0.0067 0.08254 0.49401
v -0.00662 0.08366 0.49401
v -0.00662 0.08366 0.48802
v -0.00964 0.07837 0.49401
v -0.00964 0.07837 0.48802
v -0.01068 0.07787 0.48802
v -0.01068 0.07787 0.49401
v -0.0117 0.07759 0.49401
v -0.0117 0.07759 0.48802
v -0.02827 0.06964 0.23051
v -0.0292 0.06692 0.22965
v -0.03096 0.06427 0.2293
v -0.00168 0.13451 0.16365
v -0.00507 0.13451 0.16365
v 0.00031 0.13196 0.16365
v -0.00507 0.13196 0.16365
v -0.02105 0.13196 0.16365
v -0.02105 0.13451 0.16365
v -0.02643 0.13196 0.16365
v -0.02444 0.13451 0.16365
v -0.0148 0.07787 0.49401
v -0.0148 0.07787 0.48802
v -0.01584 0.07837 0.49401
v -0.01584 0.07837 0.48802
v -0.0168 0.07904 0.48802
v -0.0168 0.07904 0.49401
v -0.01754 0.07978 0.49401
v -0.01754 0.07978 0.48802
v -0.0181 0.08061 0.48802
v -0.0181 0.08061 0.49401
v -0.01853 0.08152 0.49401
v -0.01853 0.08152 0.48802
v -0.01879 0.08254 0.48802
v -0.01879 0.08254 0.49401
v -0.01887 0.08366 0.49401
v -0.01887 0.08366 0.48802
v -0.00766 0.10766 0.15844
v 0.00308 0.09864 0.15844
v -0.00632 0.10925 0.15911
v 0.00442 0.10024 0.15911
v -0.00498 0.11085 0.15844
v 0.00576 0.10184 0.15844
v -0.00856 0.02267 0.15768
v -0.00856 0.08425 0.15768
v -0.01645 0.02267 0.15768
v -0.01645 0.08425 0.15768
v -0.03403 0.05662 -0.1808
v -0.04811 0.05652 -0.18075
v -0.0046 0.04854 0.15516
v -0.0046 0.04565 0.15577
v 0.00125 0.04661 0.15516
v -0.00032 0.04425 0.15577
v 0.00562 0.04007 0.15516
v 0.00284 0.03952 0.15577
v 0.00409 0.03237 0.15516
v 0.00173 0.03394 0.15577
v 0.02416 0.07193 0.15413
v 0.02207 0.07042 0.15413
v 0.02465 0.07042 0.15413
v 0.02416 0.0689 0.15413
v 0.02287 0.07287 0.15413
v 0.02287 0.06796 0.15413
v 0.02128 0.07287 0.15413
v 0.02128 0.06796 0.15413
v 0.01999 0.07193 0.15413
v 0.01999 0.0689 0.15413
v 0.0195 0.07042 0.15413
v -0.00044 0.0284 0.15516
v -0.00155 0.03107 0.15577
v -0.0046 0.02761 0.15516
v -0.0046 0.03049 0.15577
v -0.00155 0.03107 0.15308
v -0.0046 0.03807 0.15315
v -0.0046 0.03049 0.15308
v 0.00173 0.03394 0.15308
v 0.00284 0.03952 0.15308
v -0.00032 0.04425 0.15308
v -0.0046 0.04565 0.15308
v 0.0077 -0.09983 0.17762
v 0.01255 -0.09843 0.17761
v 0.0061 -0.09982 0.18555
v 0.0061 -0.09982 0.16943
v 0.01058 -0.0983 0.18754
v 0.01231 -0.09589 0.18832
v 0.0065 -0.09555 0.19768
v 0.01444 -0.09636 0.17759
v -0.00239 -0.09541 0.20463
v -0.01282 -0.0954 0.20751
v 0.0123 -0.09685 0.16653
v 0.01057 -0.09854 0.16741
v 0.00519 -0.09861 0.15846
v 0.00174 -0.0998 0.16212
v 0.00649 -0.09722 0.15686
v -0.00239 -0.09731 0.15031
v -0.00309 -0.09862 0.15229
v -0.02642 0.13187 -0.10832
v -0.02526 0.13245 -0.10956
v -0.02642 0.1311 -0.11047
v -0.02526 0.13156 -0.11193
v -0.02429 0.13342 -0.10636
v -0.01998 0.13201 -0.11074
v -0.02555 0.13297 -0.1049
v -0.01998 0.1292 -0.11626
v -0.01998 0.13342 -0.10636
v -0.02157 0.1292 -0.11626
v -0.01998 0.11777 -0.13255
v -0.02152 0.11777 -0.13255
v -0.00612 0.11777 -0.13255
v -0.00612 0.1292 -0.11626
v -0.00453 0.1292 -0.11626
v -0.00458 0.11777 -0.13255
v -0.00084 0.13156 -0.11193
v -0.00612 0.13201 -0.11074
v -0.00084 0.13245 -0.10956
v -0.00181 0.13342 -0.10636
v -0.00612 0.13342 -0.10636
v -0.00261 0.13429 -0.10126
v -0.00612 0.13434 -0.09942
v -0.00271 0.13439 -0.09757
v -0.00271 0.13439 -0.09599
v -0.00612 0.13439 -0.09599
v -0.04732 0.06332 0.14982
v -0.03073 0.02924 0.14982
v -0.04959 0.0712 0.14982
v -0.02719 0.0247 0.14982
v -0.04553 0.08097 0.14982
v -0.04817 0.07728 0.14982
v -0.03842 0.08668 0.14982
v -0.04151 0.08441 0.14982
v -0.03456 0.08979 0.14982
v -0.0295 0.0953 0.14982
v -0.01967 0.0237 0.14982
v -0.00126 0.02378 0.14982
v 0.00468 0.09719 0.14982
v 0.00263 0.0247 0.14982
v 0.01106 0.09052 0.14982
v 0.00533 0.02724 0.14982
v 0.02733 0.06403 0.14982
v 0.02405 0.07815 0.14982
v 0.0284 0.06999 0.14982
v 0.02669 0.07467 0.14982
v -0.01382 0.1117 0.14982
v -0.02529 0.10184 0.14982
v -0.00504 0.10799 0.14982
v -0.00091 0.10351 0.14982
v -0.0101 0.11152 0.14982
v -0.00791 0.11048 0.14982
v -0.01198 0.11173 0.14982
v -0.01852 0.11011 0.14982
v -0.0159 0.11133 0.14982
v -0.0217 0.10722 0.14982
v -0.00461 0.03023 0.1823
v -0.00461 0.02653 0.17936
v -0.00461 0.03373 0.1835
v -0.00461 0.08425 0.18974
v -0.02256 -0.09814 0.20297
v -0.02326 -0.09541 0.20463
v -0.03084 -0.09819 0.19628
v -0.03215 -0.09555 0.19768
v -0.02069 -0.09979 0.19789
v -0.02739 -0.0998 0.19253
v -0.03795 -0.09589 0.18832
v -0.03175 -0.09982 0.18555
v -0.03623 -0.0983 0.18754
v -0.0382 -0.09843 0.17761
v -0.04009 -0.09636 0.17759
v -0.03335 -0.09983 0.17762
v -0.03795 -0.09685 0.16653
v -0.03175 -0.09982 0.16943
v -0.03622 -0.09854 0.16741
v -0.03083 -0.09861 0.15846
v -0.03214 -0.09722 0.15686
v -0.02739 -0.0998 0.16212
v -0.02325 -0.09731 0.15031
v -0.02069 -0.09979 0.15682
v -0.02256 -0.09862 0.15229
v -0.01282 -0.0986 0.14991
v -0.01282 -0.09728 0.14781
v -0.01282 -0.09978 0.15468
v -0.03402 0.07254 0.23696
v -0.03171 0.07253 0.23594
v -0.03402 0.07314 0.23624
v -0.03192 0.07299 0.23565
v -0.01861 0.13439 0.17655
v -0.02444 0.13439 0.17655
v -0.01861 0.13439 0.18295
v -0.02444 0.13439 0.1795
v -0.02277 0.13439 0.18296
v -0.02492 0.13187 0.18906
v -0.01861 0.13187 0.18906
v -0.02642 0.13187 0.18635
v -0.02642 0.1311 0.18836
v -0.00342 0.11673 -0.13255
v -0.00342 0.1136 -0.13255
v -0.02269 0.1136 -0.13255
v -0.02269 0.11673 -0.13255
v 0.0029 0.09232 0.14382
v 0.01195 0.09264 0.14382
v 0.0001 0.0957 0.14382
v 0.0085 0.09598 0.14382
v 0.01581 0.08889 0.14382
v -0.00202 0.09837 0.14382
v 0.0063 0.08852 0.14382
v 0.00567 0.09862 0.14382
v 0.01986 0.08501 0.14382
v -0.0041 0.10115 0.14382
v 0.01014 0.08459 0.14382
v 0.00268 0.10136 0.14382
v 0.02321 0.0818 0.14382
v -0.0066 0.10483 0.14382
v 0.01354 0.08134 0.14382
v -0.00122 0.105 0.14382
v 0.02496 0.08004 0.14382
v -0.00849 0.10811 0.14382
v 0.01542 0.07956 0.14382
v -0.00449 0.10824 0.14382
v 0.02614 0.0785 0.14382
v -0.01247 0.10967 0.14382
v 0.01685 0.078 0.14382
v -0.00558 0.10978 0.14382
v 0.0278 0.07599 0.14382
v -0.01246 0.1108 0.14382
v 0.01811 0.07571 0.14382
v -0.00557 0.11089 0.14382
v -0.01241 0.11519 0.14382
v -0.00554 0.11524 0.14382
v 0.02921 0.07318 0.14382
v 0.01919 0.07315 0.14382
v 0.02965 0.07079 0.14382
v 0.01953 0.07097 0.14382
v 0.02922 0.06804 0.14382
v 0.0192 0.06846 0.14382
v 0.028 0.06416 0.14382
v 0.01827 0.06492 0.14382
v 0.02638 0.06018 0.14382
v 0.01703 0.0613 0.14382
v 0.02477 0.05715 0.14382
v 0.01581 0.05853 0.14382
v 0.02268 0.05379 0.14382
v 0.01422 0.05547 0.14382
v 0.01966 0.04885 0.14382
v 0.01191 0.05097 0.14382
v 0.00517 0.02699 0.14382
v 0.00087 0.03104 0.14382
v 0.00265 0.02417 0.14382
v -0.00105 0.02846 0.14382
v -0.0001 0.02363 0.14382
v -0.00315 0.02798 0.14382
v -0.01272 0.02345 0.14382
v -0.01277 0.02781 0.14382
v -0.02223 0.02798 0.14382
v -0.02514 0.02363 0.14382
v -0.01805 0.02781 0.14382
v -0.01965 0.02345 0.14382
v -0.02786 0.02417 0.14382
v -0.0243 0.02846 0.14382
v -0.02983 0.02653 0.14382
v -0.0258 0.03061 0.14382
v -0.03309 0.03215 0.14382
v -0.02829 0.03574 0.14382
v -0.03711 0.03992 0.14382
v -0.03136 0.04282 0.14382
v -0.04138 0.04872 0.14382
v -0.03461 0.05085 0.14382
v -0.04503 0.05655 0.14382
v -0.03739 0.05799 0.14382
v -0.04725 0.0614 0.14382
v -0.03908 0.06241 0.14382
v -0.0486 0.06453 0.14382
v -0.04011 0.06527 0.14382
v -0.04967 0.06723 0.14382
v -0.04093 0.06773 0.14382
v -0.05044 0.06946 0.14382
v -0.04151 0.06976 0.14382
v -0.0509 0.07118 0.14382
v -0.04186 0.07133 0.14382
v -0.05101 0.0729 0.14382
v -0.04195 0.0729 0.14382
v -0.05077 0.07514 0.14382
v -0.04177 0.07493 0.14382
v -0.05023 0.07749 0.14382
v -0.04135 0.07708 0.14382
v -0.04943 0.07956 0.14382
v -0.04037 0.07907 0.14382
v -0.04783 0.0817 0.14382
v -0.03844 0.08124 0.14382
v -0.04488 0.08428 0.14382
v -0.03547 0.08385 0.14382
v -0.04095 0.08729 0.14382
v -0.03186 0.08691 0.14382
v -0.03644 0.09076 0.14382
v -0.02799 0.09041 0.14382
v -0.03236 0.09433 0.14382
v -0.02465 0.09403 0.14382
v -0.0297 0.09768 0.14382
v -0.02245 0.09742 0.14382
v -0.02726 0.10113 0.14382
v -0.02053 0.10091 0.14382
v -0.02385 0.105 0.14382
v -0.01821 0.10483 0.14382
v -0.02092 0.10824 0.14382
v -0.01642 0.10811 0.14382
v -0.01995 0.10978 0.14382
v -0.01996 0.11089 0.14382
v -0.01999 0.11524 0.14382
v -0.00168 0.13451 0.1418
v -0.00507 0.13451 0.1418
v 0.00031 0.13196 0.1418
v -0.00507 0.13196 0.1418
v -0.02105 0.13196 0.1418
v -0.02105 0.13451 0.1418
v -0.02643 0.13196 0.1418
v -0.02444 0.13451 0.1418
v 0.00032 0.1311 0.18836
v 0.00032 0.13187 0.18635
v 0.02562 0.07041 0.15303
v 0.02494 0.0725 0.15303
v 0.02317 0.07379 0.15303
v 0.02494 0.06833 0.15303
v 0.02317 0.06704 0.15303
v 0.00235 0.04824 0.14978
v 0.00163 0.04716 0.1506
v 0.00755 0.04046 0.14978
v 0.00627 0.0402 0.1506
v 0.00572 0.03128 0.14974
v 0.00464 0.032 0.1506
v 0.00032 0.02655 0.14978
v -0.00018 0.02777 0.1506
v -0.0046 0.05054 0.14978
v -0.0046 0.04922 0.1506
v -0.0066 0.13097 0.20825
v -0.00755 0.13336 0.20411
v -0.01282 -0.10089 0.17757
v -0.00496 -0.09979 0.15682
v -0.02392 0.0919 0.46568
v -0.01968 0.08963 0.46568
v -0.02316 0.09287 0.4665
v -0.02119 0.08664 0.46568
v -0.02555 0.08905 0.46568
v -0.01906 0.09079 0.4665
v -0.0188 0.09113 0.46806
v -0.02284 0.09313 0.46806
v -0.01892 0.09115 0.4752
v -0.02364 0.09388 0.4752
v -0.0243 0.09388 0.47667
v -0.01907 0.09066 0.47667
v -0.01812 0.11125 0.19951
v -0.01408 0.1099 0.20185
v -0.00931 0.11037 0.20103
v -0.0046 0.0256 0.14978
v -0.0046 0.02692 0.1506
v 0.009 0.02798 0.14
v 0.01795 0.02607 0.13607
v 0.01305 0.03376 0.14103
v 0.01924 0.0279 0.1364
v 0.01649 0.03867 0.1381
v 0.02032 0.02946 0.13547
v 0.01729 0.03982 0.13288
v 0.02058 0.02982 0.13381
v -0.00168 0.13451 0.12073
v -0.00507 0.13451 0.12073
v 0.00031 0.13196 0.12073
v -0.00507 0.13196 0.12073
v -0.02105 0.13196 0.12073
v -0.02105 0.13451 0.12073
v -0.02643 0.13196 0.12073
v -0.02444 0.13451 0.12073
v 0.00498 0.02591 0.1356
v 0.00671 0.0247 0.1356
v 0.00728 0.02918 0.14
v 0.01133 0.03497 0.14103
v -0.02814 0.03046 0.12167
v -0.03304 0.02884 0.12099
v -0.02682 0.02865 0.12167
v -0.03129 0.02645 0.12099
v -0.03409 0.03029 0.12099
v -0.02408 0.02702 0.12167
v -0.03398 0.03923 0.12167
v -0.02767 0.0243 0.12099
v -0.04073 0.04041 0.12099
v -0.01281 0.02648 0.12167
v -0.04672 0.04985 0.12099
v -0.04388 0.05471 0.12099
v -0.04789 0.05196 0.12099
v -0.01281 0.02358 0.12099
v -0.00155 0.02702 0.12167
v 0.00204 0.0243 0.12099
v 0.00119 0.02865 0.12167
v 0.00566 0.02645 0.12099
v 0.00543 0.03485 0.12167
v 0.0074 0.02884 0.12099
v 0.00904 0.03112 0.12099
v 0.01163 0.03495 0.12099
v 0.0151 0.04041 0.12099
v 0.01825 0.05471 0.12099
v 0.019 0.04672 0.12099
v 0.02109 0.04985 0.12099
v 0.02226 0.05196 0.12099
v -0.02493 0.13378 -0.09599
v -0.02339 0.13439 -0.09599
v -0.02485 0.13378 -0.09758
v -0.02339 0.13439 -0.09757
v -0.02493 0.13366 -0.1009
v -0.01998 0.13434 -0.09942
v -0.01998 0.13439 -0.09599
v -0.02349 0.13429 -0.10126
v -0.02269 0.11777 -0.13046
v -0.02274 0.12881 -0.1146
v -0.00337 0.12881 -0.1146
v -0.00342 0.11777 -0.13046
v 0.02098 0.07379 0.15303
v 0.0192 0.0725 0.15303
v 0.01853 0.07041 0.15303
v 0.0192 0.06833 0.15303
v 0.02098 0.06704 0.15303
v 0.00032 0.1311 -0.11047
v 0.00032 0.13187 -0.10832
v -0.00056 0.13297 -0.1049
v -0.00117 0.13366 -0.1009
v -0.00125 0.13378 -0.09758
v -0.00117 0.13378 -0.09599
v 0.01477 0.03987 0.1381
v 0.01557 0.04103 0.13288
v -0.00168 0.13451 0.15792
v -0.00507 0.13451 0.15792
v -0.00168 0.13451 0.13685
v -0.00507 0.13451 0.13685
v -0.00168 0.13451 0.11577
v -0.00507 0.13451 0.11577
v -0.00168 0.13451 0.09958
v -0.00168 0.13451 0.09462
v -0.00507 0.13451 0.09958
v -0.00507 0.13451 0.09462
v -0.00168 0.13451 0.07851
v -0.00168 0.13451 0.07355
v -0.00507 0.13451 0.07851
v -0.00507 0.13451 0.07355
v -0.00168 0.13451 0.05743
v -0.00168 0.13451 0.05248
v -0.00507 0.13451 0.05743
v -0.00507 0.13451 0.05248
v -0.00168 0.13451 0.03636
v -0.00168 0.13451 0.03141
v -0.00507 0.13451 0.03636
v -0.00507 0.13451 0.03141
v -0.00168 0.13451 0.01529
v -0.00168 0.13451 0.01033
v -0.00507 0.13451 0.01529
v -0.00507 0.13451 0.01033
v -0.00168 0.13451 -0.0797
v -0.00168 0.13451 -0.08466
v -0.00507 0.13451 -0.0797
v -0.00507 0.13451 -0.08466
v -0.02105 0.13451 0.15792
v -0.02444 0.13451 0.15792
v -0.02105 0.13451 0.13685
v -0.02444 0.13451 0.13685
v -0.02105 0.13451 0.11577
v -0.02444 0.13451 0.11577
v -0.02105 0.13451 0.09462
v -0.02444 0.13451 0.09462
v -0.02105 0.13451 0.09958
v -0.02444 0.13451 0.09958
v -0.02105 0.13451 0.07355
v -0.02444 0.13451 0.07355
v -0.02105 0.13451 0.07851
v -0.02444 0.13451 0.07851
v -0.02105 0.13451 0.05248
v -0.02444 0.13451 0.05248
v -0.02105 0.13451 0.05743
v -0.02444 0.13451 0.05743
v -0.02105 0.13451 0.03141
v -0.02444 0.13451 0.03141
v -0.02105 0.13451 0.03636
v -0.02444 0.13451 0.03636
v -0.02105 0.13451 0.01033
v -0.02444 0.13451 0.01033
v -0.02105 0.13451 0.01529
v -0.02444 0.13451 0.01529
v -0.02105 0.13451 -0.08466
v -0.02444 0.13451 -0.08466
v -0.02105 0.13451 -0.0797
v -0.02444 0.13451 -0.0797
v -0.00167 0.13451 0.00035
v -0.00167 0.13451 -0.00461
v -0.00506 0.13451 0.00035
v -0.00506 0.13451 -0.00461
v -0.00167 0.13451 -0.01019
v -0.00167 0.13451 -0.01514
v -0.00506 0.13451 -0.01019
v -0.00506 0.13451 -0.01514
v -0.00167 0.13451 -0.02073
v -0.00167 0.13451 -0.02568
v -0.00506 0.13451 -0.02073
v -0.00506 0.13451 -0.02568
v -0.00167 0.13451 -0.03126
v -0.00167 0.13451 -0.03621
v -0.00506 0.13451 -0.03126
v -0.00506 0.13451 -0.03621
v -0.00167 0.13451 -0.0418
v -0.00167 0.13451 -0.04675
v -0.00506 0.13451 -0.0418
v -0.00506 0.13451 -0.04675
v -0.00167 0.13451 -0.05233
v -0.00167 0.13451 -0.05729
v -0.00506 0.13451 -0.05233
v -0.00506 0.13451 -0.05729
v -0.00167 0.13451 -0.06287
v -0.00167 0.13451 -0.06782
v -0.00506 0.13451 -0.06287
v -0.00506 0.13451 -0.06782
v -0.00167 0.13451 -0.0734
v -0.00167 0.13451 -0.07836
v -0.00506 0.13451 -0.0734
v -0.00506 0.13451 -0.07836
v -0.00167 0.13451 -0.08394
v -0.00167 0.13451 -0.0889
v -0.00506 0.13451 -0.08394
v -0.00506 0.13451 -0.0889
v -0.02104 0.13451 -0.00461
v -0.02443 0.13451 -0.00461
v -0.02104 0.13451 0.00035
v -0.02443 0.13451 0.00035
v -0.02104 0.13451 -0.01514
v -0.02443 0.13451 -0.01514
v -0.02104 0.13451 -0.01019
v -0.02443 0.13451 -0.01019
v -0.02104 0.13451 -0.02568
v -0.02443 0.13451 -0.02568
v -0.02104 0.13451 -0.02073
v -0.02443 0.13451 -0.02073
v -0.02104 0.13451 -0.03621
v -0.02443 0.13451 -0.03621
v -0.02104 0.13451 -0.03126
v -0.02443 0.13451 -0.03126
v -0.02104 0.13451 -0.04675
v -0.02443 0.13451 -0.04675
v -0.02104 0.13451 -0.0418
v -0.02443 0.13451 -0.0418
v -0.02104 0.13451 -0.05729
v -0.02443 0.13451 -0.05729
v -0.02104 0.13451 -0.05233
v -0.02443 0.13451 -0.05233
v -0.02104 0.13451 -0.06782
v -0.02443 0.13451 -0.06782
v -0.02104 0.13451 -0.06287
v -0.02443 0.13451 -0.06287
v -0.02104 0.13451 -0.07836
v -0.02443 0.13451 -0.07836
v -0.02104 0.13451 -0.0734
v -0.02443 0.13451 -0.0734
v -0.02104 0.13451 -0.0889
v -0.02443 0.13451 -0.0889
v -0.02104 0.13451 -0.08394
v -0.02443 0.13451 -0.08394
v -0.03534 0.08113 0.22727
v -0.03889 0.08143 0.22727
v -0.04232 0.08055 0.22727
v -0.04509 0.07869 0.22727
v -0.04688 0.07613 0.22727
v -0.04768 0.07405 0.22727
v -0.04805 0.0714 0.22727
v -0.04797 0.0714 0.23058
v -0.04436 0.0714 0.23611
v -0.04429 0.07253 0.23594
v -0.04744 0.06805 0.22727
v -0.04198 0.07254 0.23696
v -0.0461 0.06533 0.22727
v -0.04382 0.06307 0.22727
v -0.04198 0.0714 0.23714
v -0.04429 0.07027 0.23594
v -0.04198 0.07026 0.23696
v 0.0022 0.08366 0.45996
v 0.00266 0.08366 0.45454
v 0.00212 0.08713 0.45972
v 0.00158 0.08366 0.46252
v 0.00252 0.08792 0.45454
v 0.00227 0.08833 0.45884
v 0.00152 0.08956 0.45978
v 0.00256 0.08723 0.44905
v 0.0028 0.08366 0.44891
v 0.00234 0.08836 0.44992
v 0.0028 0.08366 0.44764
v 0.00178 0.08971 0.44886
v 0.00259 0.0865 0.44758
v 0.00259 0.0865 0.44703
v 0.0028 0.08366 0.44703
v 0.00193 0.08908 0.44739
v 0.00193 0.08908 0.44703
v 0.00093 0.09143 0.44859
v 0.00085 0.09139 0.44703
v 0.00085 0.09139 0.44726
v -0.00059 0.09349 0.44739
v -0.00059 0.09349 0.44703
v -0.00013 0.09305 0.44886
v -0.00247 0.09539 0.44703
v -0.00185 0.09498 0.44913
v -0.00099 0.09422 0.44992
v -0.00247 0.09539 0.44772
v -0.00488 0.09706 0.44823
v -0.00488 0.09706 0.44703
v -0.00128 0.0946 0.45454
v -0.00753 0.09835 0.44703
v -0.00753 0.09835 0.44859
v -0.0101 0.09907 0.44847
v -0.0101 0.09907 0.44703
v -0.00763 0.09848 0.45056
v -0.01071 0.09925 0.45122
v -0.00927 0.09907 0.45209
v -0.00879 0.09901 0.45553
v -0.00488 0.09706 0.44985
v -0.00495 0.09694 0.45503
v -0.00781 0.09792 0.46017
v -0.00927 0.09899 0.45894
v -0.01071 0.09896 0.45978
v -0.01274 0.09797 0.46253
v -0.00518 0.09655 0.46001
v -0.00217 0.09466 0.45973
v -0.00106 0.09418 0.45884
v -0.00038 0.09291 0.45978
v -0.0055 0.09601 0.46252
v -0.0016 0.09269 0.46252
v -0.00816 0.09692 0.46511
v 0.00072 0.08862 0.46252
v -0.0057 0.09566 0.46521
v -0.00302 0.09377 0.46551
v -0.00577 0.09554 0.46743
v -0.00922 0.09724 0.468
v -0.00964 0.09736 0.46639
v -0.00159 0.09198 0.46554
v 0.00137 0.08626 0.46252
v 0.00092 0.08684 0.46551
v -0.00749 0.13192 0.18295
v -0.01861 0.13192 0.18295
v -0.00749 0.13192 0.17655
v -0.01861 0.13192 0.17655
v 0.00032 0.13187 0.17655
v 0.00032 0.13187 -0.09599
v -0.00612 0.13198 -0.09599
v -0.01998 0.13198 -0.09599
v -0.02642 0.13187 0.17655
v -0.02642 0.13187 -0.09599
v -0.00612 0.13193 -0.09942
v -0.01998 0.13193 -0.09942
v -0.00612 0.13101 -0.10636
v -0.01998 0.13101 -0.10636
v -0.00612 0.12959 -0.11074
v -0.01998 0.12959 -0.11074
v -0.00612 0.12817 -0.115
v -0.01998 0.12817 -0.115
v -0.00506 0.13196 -0.0889
v 0.00032 0.13196 -0.0889
v -0.02642 0.13196 -0.0889
v -0.02104 0.13196 -0.0889
v -0.05203 0.0796 0.10144
v -0.0511 0.07882 0.10144
v -0.0497 0.08169 0.10156
v -0.04877 0.0809 0.10156
v -0.04545 0.08548 0.10145
v -0.04452 0.0847 0.10145
v -0.0412 0.08928 0.10156
v -0.04027 0.08849 0.10156
v -0.03887 0.09136 0.10144
v -0.03794 0.09057 0.10144
v 0.00031 0.13196 0.09958
v -0.00507 0.13196 0.09958
v -0.02105 0.13196 0.09958
v -0.02643 0.13196 0.09958
v -0.00156 0.07542 0.46568
v -0.00581 0.07769 0.46568
v -0.00233 0.07445 0.4665
v -0.00643 0.07653 0.4665
v -0.00669 0.07619 0.46806
v -0.00265 0.07419 0.46806
v -0.00657 0.07617 0.4752
v -0.00185 0.07344 0.4752
v -0.00118 0.07344 0.47667
v -0.00642 0.07666 0.47667
v -0.0067 0.08478 0.49401
v -0.0067 0.08478 0.48802
v -0.00696 0.0858 0.49401
v -0.00696 0.0858 0.48802
v -0.00738 0.08671 0.48802
v -0.00738 0.08671 0.49401
v -0.00795 0.08754 0.49401
v -0.00795 0.08754 0.48802
v -0.00869 0.08828 0.48802
v -0.00869 0.08828 0.49401
v -0.00964 0.08895 0.49401
v -0.00964 0.08895 0.48802
v -0.01068 0.08945 0.48802
v -0.01068 0.08945 0.49401
v -0.0117 0.08973 0.49401
v -0.0117 0.08973 0.48802
v -0.01274 0.08982 0.48802
v -0.01274 0.08982 0.49401
v -0.01879 0.08478 0.48802
v -0.01879 0.08478 0.49401
v -0.01853 0.0858 0.49401
v -0.01853 0.0858 0.48802
v -0.0181 0.08671 0.48802
v -0.0181 0.08671 0.49401
v -0.01754 0.08754 0.49401
v -0.01754 0.08754 0.48802
v -0.0168 0.08828 0.48802
v -0.0168 0.08828 0.49401
v -0.01584 0.08895 0.49401
v -0.01584 0.08895 0.48802
v -0.0148 0.08945 0.48802
v -0.0148 0.08945 0.49401
v -0.01379 0.08973 0.49401
v -0.01379 0.08973 0.48802
v -0.00507 0.13196 -0.08466
v 0.00031 0.13196 -0.08466
v -0.02643 0.13196 -0.08466
v -0.02105 0.13196 -0.08466
v -0.04408 0.07299 0.23565
v -0.04198 0.07314 0.23624
v -0.00506 0.13196 -0.07836
v 0.00032 0.13196 -0.07836
v -0.02642 0.13196 -0.07836
v -0.02104 0.13196 -0.07836
v -0.04249 0.09984 0.08426
v -0.04233 0.09827 0.08697
v -0.04149 0.10015 0.08414
v -0.04375 0.09704 0.08698
v -0.04294 0.10101 0.07885
v -0.04373 0.0988 0.08424
v -0.04387 0.10072 0.07897
v -0.0444 0.09979 0.08053
v -0.04557 0.09955 0.07798
v -0.0438 0.10107 0.0722
v -0.04157 0.1007 0.07897
v -0.04157 0.1007 0.0722
v -0.04739 0.09834 0.07615
v -0.04525 0.10046 0.0722
v -0.04894 0.09703 0.0722
v -0.04901 0.09692 0.07505
v -0.04957 0.09606 0.07468
v -0.04957 0.09606 0.0722
v -0.00204 0.10413 0.0813
v -0.00482 0.10119 0.08135
v 0.00009 0.1021 0.08211
v -0.00271 0.0992 0.08216
v -0.04138 0.09885 0.08659
v -0.04145 0.09766 0.08787
v -0.04232 0.09704 0.08838
v -0.04377 0.09577 0.08833
v -0.04194 0.09556 0.09007
v -0.04109 0.09617 0.08951
v -0.04395 0.09432 0.08956
v -0.03974 0.09429 0.09324
v -0.0445 0.09253 0.09154
v -0.04079 0.09369 0.09434
v -0.03789 0.09223 0.09951
v -0.04523 0.09058 0.09388
v -0.04531 0.08918 0.09582
v -0.04773 0.08835 0.08345
v -0.04363 0.09202 0.08994
v -0.04693 0.08714 0.09676
v -0.04229 0.09321 0.08769
v -0.04914 0.08577 0.09582
v -0.04132 0.09408 0.0845
v -0.04149 0.09392 0.07987
v -0.04221 0.09329 0.07703
v -0.04333 0.09228 0.0757
v -0.0444 0.09133 0.07522
v -0.04495 0.09084 0.07498
v -0.04523 0.09058 0.07485
v -0.05054 0.08585 0.09388
v -0.05256 0.08533 0.09154
v -0.05215 0.08441 0.08994
v -0.05348 0.08322 0.08769
v -0.05446 0.08235 0.0845
v -0.05428 0.0825 0.07987
v -0.05413 0.08178 0.09434
v -0.05484 0.0808 0.09324
v -0.053 0.07874 0.09951
v -0.05586 0.08313 0.09007
v -0.05439 0.08499 0.08956
v -0.05656 0.08236 0.08951
v -0.05586 0.08498 0.08833
v -0.058 0.08288 0.08787
v -0.05728 0.08368 0.08838
v -0.05851 0.08383 0.08697
v -0.05919 0.08295 0.08659
v -0.05713 0.0851 0.08698
v -0.06047 0.08321 0.08414
v -0.06005 0.08416 0.08426
v -0.05887 0.08528 0.08424
v -0.06084 0.08504 0.08084
v -0.05978 0.08605 0.08053
v -0.05941 0.08719 0.07798
v -0.06114 0.08429 0.08063
v -0.06076 0.08614 0.07749
v -0.058 0.08886 0.07615
v -0.05641 0.09031 0.07505
v -0.05549 0.09077 0.07468
v -0.05549 0.09077 0.0722
v -0.05652 0.09026 0.0722
v -0.06039 0.08683 0.07493
v -0.06035 0.08698 0.0722
v -0.0612 0.08514 0.07748
v -0.06112 0.08397 0.07996
v -0.061 0.08335 0.08083
v -0.061 0.08335 0.07749
v -0.06107 0.08582 0.07495
v -0.06107 0.08589 0.0722
v -0.06114 0.08434 0.07739
v -0.061 0.08335 0.07494
v -0.06108 0.08456 0.07494
v -0.06108 0.08459 0.0722
v -0.061 0.08335 0.0722
v -0.00814 0.11112 -0.46365
v -0.01281 0.11321 -0.45102
v -0.00764 0.11208 -0.45154
v -0.01281 0.11415 -0.30821
v -0.01281 0.11205 -0.46394
v -0.00462 0.10685 -0.47085
v -0.00026 0.09359 -0.48989
v -0.00182 0.10792 -0.45487
v -0.00273 0.10744 -0.46609
v 0.00821 0.09268 -0.48661
v 0.0138 0.08534 -0.49104
v 0.00337 0.08611 -0.49441
v 0.0057 0.07915 -0.49717
v 0.01059 0.09209 -0.48321
v 0.0113 0.09198 -0.47011
v 0.01461 0.08639 -0.48614
v 0.02139 0.07789 -0.48867
v 0.02266 0.0711 -0.48953
v 0.00661 0.07144 -0.49822
v 0.01968 0.08146 -0.48424
v 0.01392 0.08754 -0.47153
v 0.02713 0.07721 -0.46857
v 0.01913 0.08295 -0.46934
v 0.01742 0.08645 -0.31343
v 0.02839 0.07813 -0.31085
v 0.01968 0.08383 -0.32263
v 0.01354 0.09135 -0.31323
v -0.00156 0.10762 -0.31304
v -0.00684 0.11211 -0.31302
v 0.00053 0.10661 -0.30131
v 0.01685 0.09033 -0.3024
v 0.0232 0.08385 -0.30299
v -0.00723 0.11399 -0.30106
v -0.01281 0.11482 -0.30429
v -0.00421 0.11147 -0.30116
v -0.00136 0.11049 -0.27276
v -0.00606 0.11374 -0.27276
v -0.00606 0.11374 -0.18993
v -0.00134 0.11049 -0.02986
v -0.00604 0.11375 -0.02986
v -0.00136 0.11049 -0.18993
v 0.00435 0.10521 -0.27276
v 0.01102 0.09806 -0.27276
v 0.00435 0.10521 -0.18993
v 0.01722 0.02504 0.13467
v -0.03171 0.07027 0.23594
v -0.03192 0.06982 0.23565
v -0.03402 0.06966 0.23624
v -0.03402 0.07026 0.23696
v -0.01274 0.0993 0.4483
v -0.01539 0.09907 0.44847
v -0.01786 0.09848 0.45056
v -0.01622 0.09907 0.45209
v -0.0167 0.09901 0.45553
v -0.02053 0.09694 0.45503
v -0.01768 0.09792 0.46017
v -0.01622 0.09899 0.45894
v -0.01477 0.09896 0.45978
v -0.0203 0.09655 0.46001
v -0.01274 0.09895 0.46002
v -0.01755 0.09718 0.46252
v -0.01999 0.09601 0.46252
v -0.02325 0.09466 0.45973
v -0.0242 0.0946 0.45454
v -0.02443 0.09418 0.45884
v -0.02511 0.09291 0.45978
v -0.01733 0.09692 0.46511
v -0.02389 0.09269 0.46252
v -0.0222 0.09446 0.46252
v -0.02701 0.08956 0.45978
v -0.0224 0.09377 0.46551
v -0.01978 0.09566 0.46521
v -0.0262 0.08862 0.46252
v -0.0239 0.09198 0.46554
v -0.01971 0.09554 0.46743
v -0.01627 0.09724 0.468
v -0.01585 0.09736 0.46639
v -0.01455 0.09746 0.46554
v -0.01274 0.09751 0.46529
v -0.02025 0.09646 0.47583
v -0.01635 0.09831 0.47526
v -0.02282 0.09336 0.468
v -0.02319 0.09306 0.46639
v -0.02361 0.09412 0.47526
v -0.0256 0.08899 0.46554
v -0.02599 0.0879 0.4665
v -0.02617 0.08783 0.46639
v -0.02436 0.0941 0.47678
v -0.02627 0.08741 0.468
v -0.02641 0.08684 0.46551
v -0.02536 0.09305 0.47778
v -0.02526 0.09289 0.47763
v -0.02347 0.09488 0.47762
v -0.02626 0.09135 0.47799
v -0.02605 0.08749 0.46806
v -0.02733 0.0877 0.47526
v -0.02711 0.08779 0.4752
v -0.02744 0.08837 0.47667
v -0.02759 0.08366 0.47583
v -0.02652 0.08366 0.46743
v -0.02666 0.08366 0.46521
v -0.02707 0.08366 0.46252
v -0.02686 0.08626 0.46252
v -0.02761 0.08713 0.45972
v -0.02769 0.08366 0.45996
v -0.02776 0.08833 0.45884
v -0.02814 0.08366 0.45454
v -0.02801 0.08792 0.45454
v -0.02804 0.08723 0.44905
v -0.02828 0.08366 0.44891
v -0.02782 0.08836 0.44992
v -0.02828 0.08366 0.44764
v -0.02741 0.08908 0.44739
v -0.02808 0.0865 0.44758
v -0.02808 0.0865 0.44703
v -0.02828 0.08366 0.44703
v -0.03697 0.09144 0.09951
v -0.01093 0.09746 0.46554
v -0.00979 0.09721 0.4665
v -0.01102 0.09729 0.46568
v -0.0094 0.09709 0.46806
v -0.00914 0.09831 0.47526
v -0.00932 0.09816 0.4752
v -0.00974 0.09873 0.47667
v -0.0096 0.09889 0.47678
v -0.01091 0.09925 0.47778
v -0.01098 0.09908 0.47763
v -0.01274 0.0992 0.47799
v -0.01274 0.09939 0.47814
v -0.0101 0.09907 0.47941
v -0.01274 0.0993 0.47959
v -0.04472 0.10151 0.06646
v -0.04472 0.10151 0.06151
v -0.04801 0.09857 0.06646
v -0.04801 0.09857 0.06151
v -0.04472 0.10151 0.05593
v -0.04472 0.10151 0.05097
v -0.04801 0.09857 0.05593
v -0.04801 0.09857 0.05097
v -0.04472 0.10151 0.04539
v -0.04472 0.10151 0.04043
v -0.04801 0.09857 0.04539
v -0.04801 0.09857 0.04043
v -0.04472 0.10151 0.03485
v -0.04472 0.10151 0.0299
v -0.04801 0.09857 0.03485
v -0.04801 0.09857 0.0299
v -0.05772 0.0899 0.06151
v -0.06101 0.08696 0.06151
v -0.05772 0.0899 0.06646
v -0.06101 0.08696 0.06646
v -0.05772 0.0899 0.05097
v -0.06101 0.08696 0.05097
v -0.05772 0.0899 0.05593
v -0.06101 0.08696 0.05593
v -0.05772 0.0899 0.04043
v -0.06101 0.08696 0.04043
v -0.05772 0.0899 0.04539
v -0.06101 0.08696 0.04539
v -0.05772 0.0899 0.0299
v -0.06101 0.08696 0.0299
v -0.05772 0.0899 0.03485
v -0.06101 0.08696 0.03485
v -0.00506 0.13196 -0.06782
v 0.00032 0.13196 -0.06782
v -0.02642 0.13196 -0.06782
v -0.02104 0.13196 -0.06782
v 0.00438 -0.09437 -0.12226
v -0.01281 -0.09501 -0.12284
v 0.00202 -0.09305 -0.12531
v 0.00702 -0.0935 -0.10745
v -0.01281 -0.09511 -0.10688
v -0.01281 -0.09514 -0.07057
v 0.00324 -0.09023 -0.03512
v 0.00608 -0.09134 -0.07173
v -0.03265 -0.0935 -0.10745
v -0.01281 -0.09389 -0.1274
v -0.03001 -0.09437 -0.12226
v -0.01281 -0.0908 -0.13013
v 0.00123 -0.08991 -0.12752
v -0.02765 -0.09305 -0.12531
v 0.00102 -0.08249 -0.12807
v -0.03432 -0.09036 -0.11382
v -0.03171 -0.09134 -0.07173
v -0.01281 -0.0832 -0.1307
v -0.00027 -0.05171 -0.12175
v -0.02686 -0.08991 -0.12752
v -0.02665 -0.08249 -0.12807
v -0.01281 -0.05136 -0.12424
v -0.00126 -0.01931 -0.10206
v -0.02536 -0.05171 -0.12175
v -0.03436 -0.08691 -0.11699
v -0.01281 -0.01808 -0.10404
v -0.00292 -0.0029 -0.08568
v -0.03227 -0.08179 -0.07428
v -0.03296 -0.07823 -0.08148
v -0.01281 -0.07684 -0.07582
v -0.01281 -0.08031 -0.0687
v -0.01281 -0.08152 -0.05107
v -0.0302 -0.0834 -0.05638
v -0.02773 -0.08264 -0.03292
v -0.01281 -0.08092 -0.03195
v -0.01281 -0.07727 -0.0158
v -0.02887 -0.09023 -0.03512
v -0.01281 -0.0943 -0.03398
v -0.01281 -0.08965 -0.01052
v -0.02701 -0.08578 -0.01217
v -0.01281 -0.08145 0.00303
v -0.0261 -0.07882 -0.01514
v -0.01281 -0.07051 -0.00435
v -0.02462 -0.07188 -0.00343
v -0.02513 -0.07803 0.00073
v -0.02342 -0.05918 0.0074
v -0.01281 -0.05793 0.00632
v -0.02356 -0.06479 0.0122
v -0.01281 -0.06791 0.01486
v -0.01281 -0.01237 0.05332
v -0.02215 -0.01056 0.04935
v -0.01281 0.00767 0.06933
v -0.02464 0.00653 0.06233
v -0.02226 -0.0073 0.04215
v -0.02434 0.00466 0.04927
v -0.01281 -0.00658 0.04055
v -0.01281 0.00422 0.04628
v -0.02643 0.13196 0.15792
v -0.02643 0.13196 0.13685
v -0.02643 0.13196 0.11577
v -0.02643 0.13196 0.09462
v -0.02643 0.13196 0.07355
v -0.02643 0.13196 0.07851
v -0.02643 0.13196 0.05248
v -0.02643 0.13196 0.05743
v -0.02643 0.13196 0.03141
v -0.02643 0.13196 0.03636
v -0.02643 0.13196 0.01033
v -0.02643 0.13196 0.01529
v -0.02643 0.13196 -0.0797
v -0.02642 0.13196 -0.00461
v -0.02642 0.13196 0.00035
v -0.02642 0.13196 -0.01514
v -0.02642 0.13196 -0.01019
v -0.02642 0.13196 -0.02568
v -0.02642 0.13196 -0.02073
v -0.02642 0.13196 -0.03621
v -0.02642 0.13196 -0.03126
v -0.02642 0.13196 -0.04675
v -0.02642 0.13196 -0.0418
v -0.02642 0.13196 -0.05729
v -0.02642 0.13196 -0.05233
v -0.02642 0.13196 -0.06287
v -0.02642 0.13196 -0.0734
v -0.02642 0.13196 -0.08394
v 0.00031 0.13196 0.07851
v -0.00507 0.13196 0.07851
v -0.02105 0.13196 0.07851
v 0.00031 0.13196 0.15792
v 0.00031 0.13196 0.13685
v 0.00031 0.13196 0.11577
v 0.00031 0.13196 0.09462
v 0.00031 0.13196 0.07355
v 0.00031 0.13196 0.05743
v 0.00031 0.13196 0.05248
v 0.00031 0.13196 0.03636
v 0.00031 0.13196 0.03141
v 0.00031 0.13196 0.01529
v 0.00031 0.13196 0.01033
v 0.00031 0.13196 -0.0797
v 0.00032 0.13196 0.00035
v 0.00032 0.13196 -0.00461
v 0.00032 0.13196 -0.01019
v 0.00032 0.13196 -0.01514
v 0.00032 0.13196 -0.02073
v 0.00032 0.13196 -0.02568
v 0.00032 0.13196 -0.03126
v 0.00032 0.13196 -0.03621
v 0.00032 0.13196 -0.0418
v 0.00032 0.13196 -0.04675
v 0.00032 0.13196 -0.05233
v 0.00032 0.13196 -0.05729
v 0.00032 0.13196 -0.06287
v 0.00032 0.13196 -0.0734
v 0.00032 0.13196 -0.08394
v -0.05083 0.08559 0.07498
v -0.05451 0.09013 0.0747
v -0.04157 0.10069 0.02377
v -0.04857 0.09447 0.02377
v -0.04857 0.09448 0.0722
v -0.05403 0.0896 0.0722
v -0.05403 0.08959 0.02377
v -0.061 0.08334 0.02377
v -0.04042 0.09386 0.00342
v -0.03853 0.09166 0.00017
v -0.04242 0.09315 0.00406
v -0.03789 0.09222 0.0008
v -0.03974 0.09429 0.00386
v -0.04109 0.09616 0.00645
v -0.04168 0.09573 0.00599
v -0.04285 0.09499 0.00606
v -0.043 0.09645 0.00756
v -0.04208 0.09722 0.00769
v -0.04145 0.09765 0.00809
v -0.04141 0.09934 0.01013
v -0.0421 0.09899 0.00991
v -0.04196 0.10042 0.01274
v -0.04299 0.09831 0.00981
v -0.04371 0.09767 0.00982
v -0.04379 0.09929 0.01278
v -0.04317 0.09984 0.01274
v -0.04428 0.10029 0.01648
v -0.0444 0.09978 0.01543
v -0.04557 0.09954 0.01798
v -0.04312 0.10095 0.01637
v -0.04157 0.10069 0.01632
v -0.04157 0.10069 0.01943
v -0.04589 0.09967 0.0196
v -0.04739 0.09833 0.01981
v -0.04395 0.10099 0.01942
v -0.04422 0.1009 0.02102
v -0.04157 0.10069 0.02102
v -0.04901 0.09691 0.02092
v -0.04431 0.1009 0.02377
v -0.04682 0.099 0.02112
v -0.04713 0.09878 0.02377
v -0.04894 0.09703 0.02377
v -0.04957 0.09605 0.02377
v -0.04957 0.09605 0.02128
v -0.04396 0.09458 0.08174
v -0.04571 0.09302 0.07768
v -0.0469 0.09192 0.08293
v -0.04457 0.09404 0.08635
v -0.04794 0.09099 0.08061
v -0.04794 0.09099 0.08524
v -0.04899 0.09009 0.07608
v -0.04724 0.09165 0.08936
v -0.05 0.08915 0.08061
v -0.05 0.08915 0.08524
v -0.05227 0.08716 0.07768
v -0.05073 0.08853 0.08936
v -0.05402 0.0856 0.08174
v -0.05341 0.08614 0.08635
v -0.05104 0.08823 0.08293
v -0.04794 0.09099 0.01544
v -0.0469 0.09191 0.01304
v -0.05 0.08915 0.01544
v -0.05104 0.08822 0.01304
v -0.05 0.08915 0.01064
v -0.04794 0.09099 0.01064
v -0.04457 0.09404 0.01646
v -0.04396 0.09458 0.01185
v -0.04571 0.09302 0.00779
v -0.04724 0.09165 0.01947
v -0.04899 0.09009 0.00619
v -0.05073 0.08853 0.01947
v -0.05227 0.08716 0.00779
v -0.05341 0.08614 0.01646
v -0.05402 0.0856 0.01185
v -0.00415 0.11184 0.15667
v 0.00659 0.10282 0.15667
v -0.00415 0.11184 0.15447
v 0.00659 0.10282 0.15447
v -0.00498 0.11085 0.1527
v 0.00576 0.10184 0.1527
v -0.02988 0.02066 -0.05777
v -0.03363 0.02067 -0.0576
v -0.02988 0.02133 -0.05814
v -0.03363 0.02132 -0.05788
v -0.02988 0.03153 -0.05814
v -0.03363 0.03155 -0.05788
v -0.02988 0.0322 -0.05777
v -0.03363 0.03219 -0.0576
v -0.05357 0.08314 0.07703
v -0.05244 0.08415 0.0757
v -0.05137 0.0851 0.07522
v -0.05054 0.08585 0.07485
v -0.04848 0.0862 0.07485
v -0.05054 0.08584 0.02111
v -0.04636 0.0879 0.07485
v -0.04848 0.0862 0.02111
v -0.04636 0.0879 0.02111
v -0.04523 0.09058 0.02111
v -0.04617 0.08793 0.01251
v -0.05083 0.08559 0.02099
v -0.05137 0.0851 0.02074
v -0.05244 0.08414 0.02027
v -0.05357 0.08314 0.01893
v -0.05428 0.0825 0.0161
v -0.05464 0.08218 0.01251
v -0.05427 0.08251 0.01042
v -0.05348 0.08321 0.00827
v -0.05215 0.08441 0.00602
v -0.05054 0.08584 0.00373
v -0.04914 0.08577 0.00264
v -0.04569 0.08878 0.0026
v -0.04523 0.09058 0.00373
v -0.04363 0.09202 0.00602
v -0.04229 0.09321 0.00827
v -0.04113 0.09424 0.01251
v -0.0415 0.09391 0.01042
v -0.04149 0.09392 0.0161
v -0.04221 0.09328 0.01893
v -0.04495 0.09084 0.02099
v -0.0444 0.09132 0.02074
v -0.04333 0.09228 0.02027
v 0.00324 0.02066 -0.05777
v 0.01056 0.02116 -0.05788
v 0.01056 0.02058 -0.0576
v 0.00324 0.02133 -0.05814
v 0.01056 0.03151 -0.05788
v 0.00324 0.03153 -0.05814
v 0.01056 0.03218 -0.0576
v 0.00324 0.0322 -0.05777
v -0.00896 0.09885 0.45553
v -0.00942 0.09884 0.45883
v -0.0108 0.09879 0.45963
v -0.01274 0.09877 0.45987
v -0.05207 0.07979 0.11819
v -0.05345 0.07869 0.07841
v -0.0534 0.07868 0.11777
v -0.0546 0.07716 0.11745
v -0.05342 0.07874 0.12482
v -0.05207 0.07979 0.12515
v -0.05079 0.08052 0.12557
v -0.0521 0.07978 0.12766
v -0.05464 0.07725 0.12461
v -0.05468 0.07732 0.12746
v -0.05345 0.07878 0.12751
v -0.05554 0.07524 0.12454
v -0.05343 0.07877 0.12888
v -0.05089 0.08046 0.12796
v -0.05466 0.07733 0.12888
v -0.04921 0.08147 0.12989
v -0.05119 0.08031 0.12897
v -0.05216 0.07973 0.1289
v -0.05189 0.07941 0.13109
v -0.0507 0.08032 0.13109
v -0.04916 0.08159 0.12626
v -0.0489 0.08184 0.11955
v -0.04677 0.0837 0.1274
v -0.04573 0.08469 0.12161
v -0.04176 0.0881 0.12795
v -0.04567 0.08459 0.13087
v -0.0501 0.08002 0.13663
v -0.04513 0.08465 0.13676
v -0.04832 0.08181 0.1366
v 0.01747 0.09202 0.02559
v 0.01743 0.09202 0.02271
v 0.0171 0.09206 0.02238
v 0.01195 0.09264 0.02234
v 0.01195 0.09264 0.03055
v 0.01856 0.09094 0.02559
v 0.01856 0.09095 0.02271
v 0.01866 0.09059 0.02587
v 0.01633 0.08842 0.03055
v 0.01493 0.08973 0.03055
v -0.00506 0.13196 -0.05729
v -0.02104 0.13196 -0.05729
v -0.05986 0.08699 0.01865
v -0.05641 0.0903 0.02092
v -0.058 0.08886 0.01981
v -0.04153 0.10092 0.06646
v -0.04153 0.10092 0.06151
v -0.04153 0.10092 0.05593
v -0.04153 0.10092 0.05097
v -0.04153 0.10092 0.04539
v -0.04153 0.10092 0.04043
v -0.04153 0.10092 0.03485
v -0.04153 0.10092 0.0299
v 0.00077 0.10261 0.03462
v -0.00147 0.10474 0.0337
v 0.00009 0.1021 0.03478
v -0.00204 0.10413 0.03387
v 0.00152 0.1019 0.03735
v 0.0008 0.10142 0.0375
v 0.0008 0.10142 0.04454
v 0.00152 0.1019 0.04443
v 0.0008 0.10142 0.06573
v 0.002 0.10183 0.04408
v 0.002 0.10183 0.03648
v 0.002 0.10183 0.06605
v 0.00152 0.1019 0.06583
v 0.00152 0.1019 0.07244
v 0.002 0.10183 0.07281
v 0.0008 0.10142 0.0723
v 0.00009 0.1021 0.0747
v 0.00077 0.10261 0.07485
v -0.00147 0.10474 0.07565
v -0.00204 0.10413 0.0755
v 0.002 0.10184 0.12145
v 0.002 0.10184 0.11518
v 0.00152 0.1019 0.11995
v 0.00152 0.1019 0.11468
v 0.002 0.10183 0.0895
v 0.0008 0.10142 0.11458
v 0.0008 0.10142 0.11982
v 0.00009 0.1021 0.12223
v 0.0008 0.10142 0.08981
v 0.00077 0.10261 0.12237
v -0.00147 0.10474 0.12317
v -0.00204 0.10413 0.12303
v 0.00152 0.1019 0.08971
v 0.00152 0.1019 0.08437
v 0.002 0.10183 0.08401
v 0.0008 0.10142 0.08451
v 0.00077 0.10261 0.08196
v -0.00147 0.10474 0.08115
v 0.02245 0.08845 -0.18891
v 0.01594 0.09537 -0.1957
v 0.02223 0.08869 -0.1881
v 0.02235 0.08771 -0.18858
v 0.0095 0.10221 -0.1957
v 0.00942 0.10229 -0.18891
v 0.00964 0.10205 -0.1881
v 0.0095 0.10221 -0.27215
v 0.01008 0.10159 -0.18746
v 0.00937 0.1015 -0.18706
v 0.00995 0.10088 -0.18671
v 0.01064 0.10099 -0.18714
v 0.01551 0.09498 -0.18671
v 0.01594 0.09537 -0.18729
v 0.02107 0.08907 -0.18671
v 0.02123 0.08975 -0.18714
v 0.02165 0.08845 -0.18706
v 0.01975 0.08784 -0.18671
v 0.02033 0.08722 -0.18706
v 0.02179 0.08915 -0.18746
v 0.02211 0.08797 -0.18773
v 0.02079 0.08673 -0.18773
v 0.02103 0.08648 -0.18858
v 0.02235 0.08771 -0.1957
v 0.02103 0.08648 -0.1957
v 0.02238 0.08853 -0.1957
v 0.02235 0.08771 -0.27215
v 0.02103 0.08648 -0.27215
v 0.01594 0.09537 -0.27215
v 0.00942 0.10229 -0.27894
v 0.00964 0.10205 -0.27976
v 0.01008 0.10159 -0.28039
v 0.02238 0.08853 -0.27215
v 0.02235 0.08771 -0.27928
v 0.02103 0.08648 -0.27928
v 0.02245 0.08845 -0.27894
v 0.02211 0.08797 -0.28013
v 0.02079 0.08673 -0.28013
v 0.02223 0.08869 -0.27976
v 0.02165 0.08845 -0.28079
v 0.02033 0.08722 -0.28079
v 0.02179 0.08915 -0.28039
v 0.02107 0.08907 -0.28114
v 0.01975 0.08784 -0.28114
v 0.02123 0.08975 -0.28071
v 0.01551 0.09498 -0.28114
v 0.01594 0.09537 -0.28056
v 0.00995 0.10088 -0.28114
v 0.01064 0.10099 -0.28071
v 0.00937 0.1015 -0.28079
v -0.01653 0.09885 0.45553
v -0.01607 0.09884 0.45883
v -0.01469 0.09879 0.45963
v -0.01995 0.10978 0.03132
v -0.0201 0.10913 0.03206
v -0.0201 0.10913 0.04255
v -0.02068 0.1085 0.02129
v -0.02054 0.10856 0.06645
v -0.0201 0.10913 0.06681
v -0.02054 0.10856 0.07354
v -0.02054 0.10856 0.0433
v -0.02054 0.10856 0.03425
v -0.02097 0.10805 0.04408
v -0.02148 0.10767 0.02972
v -0.02431 0.10501 0.0282
v -0.02407 0.10514 0.01757
v -0.02179 0.10727 0.03329
v -0.02097 0.10805 0.03648
v -0.02107 0.10758 0.03735
v -0.02107 0.10758 0.04443
v -0.02182 0.10687 0.03462
v -0.02107 0.10758 0.06583
v -0.02406 0.10474 0.0337
v -0.02097 0.10805 0.06605
v -0.02107 0.10758 0.07244
v -0.02425 0.10494 0.03222
v -0.02671 0.10261 0.03329
v -0.0263 0.10261 0.03462
v -0.02097 0.10805 0.07281
v -0.02179 0.10727 0.0753
v -0.02182 0.10687 0.07485
v -0.02705 0.1019 0.03735
v -0.02406 0.10474 0.07565
v -0.02148 0.10767 0.07624
v -0.02053 0.10862 0.07841
v -0.02425 0.10494 0.07613
v -0.02431 0.10501 0.07713
v -0.02431 0.105 0.07841
v -0.02832 0.10125 0.07841
v -0.02671 0.10261 0.0753
v -0.0263 0.10261 0.07485
v -0.02705 0.1019 0.07244
v -0.02714 0.10234 0.07624
v -0.02753 0.10183 0.07281
v -0.02808 0.10145 0.07354
v -0.02753 0.10183 0.06605
v -0.02705 0.1019 0.06583
v -0.02705 0.1019 0.04443
v -0.02808 0.10145 0.06645
v -0.02894 0.10067 0.07454
v -0.02753 0.10183 0.04408
v -0.0291 0.10051 0.06732
v -0.02808 0.10145 0.0433
v -0.02753 0.10183 0.03648
v -0.02808 0.10145 0.03425
v -0.02907 0.10044 0.04147
v -0.02714 0.10234 0.02972
v -0.02819 0.1012 0.02134
v -0.02892 0.1006 0.03157
v -0.03025 0.09912 0.02937
v -0.0308 0.09835 0.0198
v -0.03327 0.09577 0.02727
v -0.03087 0.09849 0.03793
v -0.03096 0.09876 0.06894
v -0.03328 0.09648 0.07841
v -0.03035 0.09939 0.07576
v -0.03077 0.09901 0.07841
v -0.03035 0.09939 0.08108
v -0.0463 0.09667 0.06646
v -0.05602 0.08799 0.06646
v -0.06079 0.08373 0.06646
v -0.05182 0.08 -0.02157
v -0.05334 0.07877 -0.01996
v -0.05188 0.07994 -0.02033
v -0.05323 0.07882 -0.02212
v -0.0519 0.07993 -0.0136
v -0.05065 0.08063 -0.02118
v -0.05065 0.08062 -0.01467
v -0.05063 0.08071 -0.02198
v -0.05305 0.07898 -0.02327
v -0.04877 0.08204 -0.02265
v -0.05059 0.08093 -0.0226
v -0.05168 0.08018 -0.02242
v -0.05477 0.07702 -0.02306
v -0.04866 0.08191 -0.02202
v -0.04859 0.08189 -0.01551
v -0.04494 0.08487 -0.02236
v -0.04533 0.0851 -0.02287
v -0.04561 0.08549 -0.02326
v -0.04886 0.08234 -0.02311
v -0.04936 0.08238 -0.02364
v -0.05096 0.08083 -0.02327
v -0.05174 0.08017 -0.02311
v -0.05222 0.07991 -0.02422
v -0.05273 0.07932 -0.02383
v -0.05407 0.0782 -0.02525
v -0.05437 0.07764 -0.02457
v -0.05068 0.08169 -0.02444
v -0.05363 0.07892 -0.02557
v -0.05206 0.08091 -0.02568
v -0.05446 0.07859 -0.02747
v 0.01594 0.08821 -0.01982
v 0.01575 0.08792 -0.02136
v 0.01171 0.08874 -0.02061
v 0.01241 0.08878 -0.01929
v 0.01341 0.08883 -0.01778
v 0.01532 0.08875 -0.01734
v 0.0151 0.08874 -0.01093
v 0.00965 0.08874 -0.01538
v 0.01255 0.08878 -0.01208
v 0.01226 0.08877 0.00236
v 0.01503 0.08874 0.0033
v 0.0093 0.08878 -0.01979
v 0.00881 0.0889 -0.02039
v 0.00944 0.08879 0.00146
v 0.00953 0.08882 -0.02082
v 0.01501 0.08876 0.01682
v 0.00944 0.08879 0.01596
v 0.01226 0.08877 0.0164
v 0.01226 0.08877 0.02135
v 0.01496 0.0888 0.02154
v 0.00944 0.08879 0.02102
v 0.01474 0.08938 0.02195
v 0.00926 0.08965 0.02132
v 0.01193 0.0894 0.02168
v 0.01091 0.09129 0.02175
v 0.01169 0.0923 0.02193
v 0.00876 0.09221 0.0214
v 0.00814 0.09555 0.02155
v -0.0445 0.09253 0.00509
v -0.04395 0.09431 0.00641
v -0.04223 0.09132 0.00227
v -0.04386 0.08865 0.00128
v -0.04942 0.08372 0.0013
v -0.05162 0.08294 0.00227
v -0.05342 0.08334 0.00406
v -0.05256 0.08533 0.00509
v -0.05237 0.0793 0.00017
v -0.05439 0.08499 0.00641
v -0.04377 0.09576 0.00763
v -0.05519 0.08397 0.00606
v -0.05755 0.08439 0.00869
v -0.05586 0.08497 0.00763
v -0.05775 0.08513 0.00982
v -0.05936 0.08539 0.01278
v -0.05606 0.08289 0.00599
v -0.05998 0.08484 0.01274
v -0.05434 0.08143 0.00342
v -0.06037 0.08552 0.01525
v -0.05978 0.08605 0.01543
v -0.06059 0.08412 0.01272
v -0.05941 0.08719 0.01798
v -0.05837 0.08357 0.0088
v -0.05656 0.08235 0.00645
v -0.05883 0.08296 0.00911
v -0.05484 0.0808 0.00386
v -0.06079 0.08329 0.01276
v -0.053 0.07874 0.0008
v -0.06105 0.08456 0.01522
v -0.061 0.08334 0.01513
v -0.06108 0.0855 0.01847
v -0.061 0.08334 0.01847
v -0.06091 0.086 0.02102
v -0.061 0.08334 0.02102
v -0.05873 0.08837 0.02112
v -0.0609 0.08609 0.02377
v -0.05848 0.08865 0.02377
v -0.05652 0.09025 0.02377
v -0.05549 0.09076 0.02128
v -0.05549 0.09076 0.02377
v -0.04233 0.08549 0.14443
v -0.04235 0.08549 0.14802
v -0.03925 0.08771 0.14443
v -0.03744 0.08711 0.14257
v -0.04029 0.08505 0.14257
v -0.03163 0.09247 0.14257
v -0.04659 0.08203 0.14443
v -0.04424 0.08184 0.14257
v -0.04957 0.07804 0.14443
v -0.04642 0.07932 0.14257
v -0.04761 0.07695 0.14257
v -0.04666 0.08204 0.14803
v -0.05095 0.07133 0.14443
v -0.0483 0.0719 0.14257
v -0.04966 0.07805 0.14803
v -0.05104 0.07133 0.14803
v -0.03926 0.08771 0.14802
v -0.03547 0.09077 0.14802
v -0.04877 0.06301 0.14803
v -0.03052 0.09622 0.14802
v -0.03547 0.09077 0.14443
v -0.03052 0.09622 0.14443
v -0.02544 0.10107 0.14257
v -0.02632 0.10275 0.14802
v -0.02632 0.10275 0.14443
v -0.02282 0.10515 0.14257
v -0.0226 0.1082 0.14802
v -0.0226 0.1082 0.14443
v -0.02114 0.10709 0.14257
v -0.01878 0.10895 0.14257
v -0.01915 0.11124 0.14802
v -0.01915 0.11124 0.14443
v -0.01665 0.11001 0.14257
v -0.01621 0.11258 0.14802
v -0.01621 0.11258 0.14443
v -0.01545 0.11036 0.14257
v -0.01388 0.11057 0.14257
v -0.01387 0.11299 0.14802
v -0.01387 0.11299 0.14443
v -0.01243 0.1106 0.14257
v -0.0118 0.11302 0.14802
v -0.00968 0.1128 0.14802
v -0.00968 0.1128 0.14443
v -0.0118 0.11302 0.14443
v -0.01148 0.1106 0.14257
v -0.0105 0.11052 0.14257
v -0.00947 0.11027 0.14257
v -0.01274 0.0993 0.44703
v -0.00128 0.10494 0.03222
v 0.00118 0.10261 0.03329
v -0.00122 0.10501 0.0282
v 0.00255 0.10145 0.03425
v 0.00161 0.10234 0.02972
v -0.00374 0.10727 0.03329
v -0.00418 0.10616 0.03478
v -0.00371 0.10687 0.03462
v -0.00445 0.10758 0.03735
v -0.00489 0.10684 0.0375
v -0.00489 0.10684 0.04454
v -0.00456 0.10805 0.03648
v -0.00445 0.10758 0.04443
v -0.00456 0.10805 0.04408
v -0.00445 0.10758 0.06583
v -0.00489 0.10684 0.06573
v -0.00499 0.10856 0.03425
v -0.00405 0.10767 0.02972
v -0.00445 0.10758 0.07244
v -0.00489 0.10684 0.0723
v -0.00418 0.10616 0.0747
v -0.00456 0.10805 0.06605
v -0.00473 0.10839 0.02481
v -0.00371 0.10687 0.07485
v -0.00456 0.10805 0.07281
v -0.00374 0.10727 0.0753
v -0.00499 0.10856 0.07354
v -0.00128 0.10494 0.07613
v 0.00118 0.10261 0.0753
v -0.00122 0.10501 0.07713
v 0.00255 0.10145 0.07354
v 0.00161 0.10234 0.07624
v -0.00405 0.10767 0.07624
v 0.00279 0.10125 0.07841
v -0.005 0.10862 0.07841
v -0.00122 0.105 0.07841
v 0.00255 0.10145 0.06645
v 0.00255 0.10145 0.0433
v 0.00357 0.10052 0.06728
v 0.00342 0.10067 0.07454
v 0.00357 0.10052 0.04122
v 0.00483 0.09939 0.07576
v 0.00545 0.09881 0.06879
v 0.00342 0.10067 0.03136
v 0.00545 0.09881 0.03693
v 0.00276 0.10128 0.02475
v 0.00483 0.09939 0.02852
v 0.00805 0.09641 0.02885
v 0.00785 0.0966 0.07841
v 0.00524 0.09901 0.07841
v 0.00545 0.09881 0.02411
v -0.00114 0.10492 0.02396
v 0.00567 0.09862 0.02215
v -0.00089 0.1047 0.02186
v 0.00277 0.10129 0.02203
v 0.00277 0.1011 0.02115
v 0.0085 0.09598 0.02225
v 0.01195 0.09264 0.07841
v 0.00542 0.09852 0.02135
v 0.01616 0.08847 0.02238
v 0.01628 0.08842 0.022
v 0.01687 0.08781 0.02366
v 0.01616 0.08852 0.0217
v 0.01634 0.08836 0.01723
v 0.01641 0.08829 0.00396
v 0.01643 0.08827 -0.01013
v 0.01645 0.08826 -0.01669
v 0.01697 0.08766 -0.00961
v 0.01694 0.08769 0.00439
v 0.01711 0.08721 0.00458
v 0.01699 0.08764 -0.01607
v 0.01731 0.08744 -0.01874
v 0.0177 0.08696 -0.01805
v 0.01986 0.08502 -0.01944
v 0.01714 0.08718 -0.01575
v 0.01713 0.08719 -0.00935
v 0.01683 0.08659 -0.00924
v 0.01683 0.0866 0.00464
v 0.01684 0.08659 -0.01562
v 0.01682 0.0866 0.02578
v 0.01743 0.08602 -0.01754
v 0.01778 0.08658 -0.01769
v 0.01966 0.0848 -0.01835
v 0.01921 0.08433 -0.0182
v 0.01981 0.08496 -0.01872
v 0.02192 0.08296 -0.01808
v 0.02153 0.08302 -0.01772
v 0.02217 0.08241 -0.01578
v 0.02242 0.08259 -0.01878
v 0.02264 0.08228 -0.01611
v 0.02328 0.08177 -0.01673
v 0.02266 0.08226 -0.00309
v 0.02218 0.0824 -0.00309
v 0.02217 0.08241 0.13132
v 0.02343 0.08172 -0.0199
v 0.01986 0.08502 -0.02044
v 0.01986 0.08501 -0.02163
v 0.02329 0.08176 -0.00309
v 0.02264 0.08228 0.13159
v 0.02216 0.08242 0.13933
v 0.02328 0.08177 0.13211
v 0.02262 0.0823 0.13967
v 0.02411 0.08113 -0.00309
v 0.02327 0.08178 0.14037
v 0.02192 0.08297 0.14132
v 0.02153 0.08302 0.14094
v 0.0241 0.08114 -0.01735
v 0.01966 0.0848 0.14148
v 0.02511 0.08063 -0.01767
v 0.02511 0.08063 -0.01948
v 0.02406 0.08103 0.13305
v 0.02242 0.08259 0.14214
v 0.02398 0.08108 0.14124
v 0.02464 0.08038 0.14211
v 0.01986 0.08502 0.14273
v 0.01981 0.08496 0.14187
v 0.02492 0.08019 0.1346
v 0.02513 0.08062 -0.00309
v 0.02635 0.07995 -0.00309
v 0.01772 0.08695 0.14136
v 0.01737 0.08738 0.14228
v 0.01778 0.08657 0.14094
v 0.01743 0.08602 0.14082
v 0.01921 0.08433 0.14136
v 0.01715 0.08717 0.13933
v 0.01684 0.08659 0.13921
v 0.01683 0.08659 0.13122
v 0.01706 0.08757 0.13981
v 0.0167 0.08802 0.14093
v 0.01714 0.08718 0.13132
v 0.017 0.08763 0.13203
v 0.01651 0.0882 0.13388
v 0.0171 0.08722 0.07841
v 0.01682 0.0866 0.07841
v 0.0164 0.0883 0.07841
v 0.01692 0.08771 0.07841
v 0.01709 0.08722 0.02577
v 0.01494 0.08971 0.07841
v 0.00545 0.09881 0.08753
v 0.00545 0.09881 0.12686
v 0.00483 0.09939 0.08108
v 0.00357 0.10052 0.11985
v 0.00483 0.09939 0.13528
v 0.00357 0.10052 0.08848
v 0.00342 0.10067 0.1307
v 0.00255 0.10145 0.12557
v 0.00342 0.10067 0.0823
v 0.00255 0.10145 0.11642
v 0.00255 0.10145 0.0833
v 0.00255 0.10145 0.08911
v 0.00161 0.10234 0.08059
v 0.00118 0.10261 0.08152
v -0.00122 0.10501 0.07968
v -0.00128 0.10494 0.08068
v -0.00374 0.10727 0.08152
v -0.00405 0.10767 0.08059
v -0.00371 0.10687 0.08196
v -0.00418 0.10616 0.08211
v -0.00445 0.10758 0.08437
v -0.00489 0.10684 0.08451
v -0.00489 0.10684 0.08981
v -0.00456 0.10805 0.08401
v -0.00499 0.10856 0.0833
v -0.00456 0.10805 0.0895
v -0.00445 0.10758 0.08971
v -0.00489 0.10684 0.11458
v -0.00445 0.10758 0.11468
v -0.00456 0.10805 0.11518
v -0.00445 0.10758 0.11995
v -0.00489 0.10684 0.11982
v -0.00418 0.10616 0.12223
v -0.00371 0.10687 0.12237
v -0.00374 0.10727 0.12479
v -0.00456 0.10805 0.12145
v -0.00499 0.10856 0.12557
v -0.00128 0.10494 0.1259
v 0.00118 0.10261 0.12479
v 0.00161 0.10234 0.13165
v -0.00122 0.10501 0.13367
v -0.00405 0.10767 0.13165
v -0.00543 0.10913 0.12962
v -0.00558 0.10978 0.13095
v -0.00543 0.10913 0.11763
v -0.00499 0.10856 0.11642
v -0.00499 0.10856 0.08911
v -0.00543 0.10913 0.08875
v -0.00558 0.10978 0.11802
v -0.00543 0.10913 0.08263
v -0.00558 0.10978 0.08861
v -0.00558 0.10978 0.08239
v -0.00557 0.11089 0.08858
v -0.00557 0.11089 0.118
v -0.00557 0.11089 0.13094
v -0.00554 0.11524 0.13088
v -0.00554 0.11524 0.11789
v -0.00554 0.11524 0.08846
v -0.00557 0.11089 0.08236
v -0.00554 0.11524 0.08223
v -0.00554 0.11524 0.07841
v -0.00557 0.11089 0.07841
v -0.00554 0.11524 0.07426
v -0.00558 0.10978 0.07841
v -0.00557 0.11089 0.07439
v -0.00558 0.10978 0.07442
v -0.00557 0.11089 0.06689
v -0.00554 0.11524 0.06676
v -0.00543 0.10913 0.07421
v -0.00554 0.11524 0.04215
v -0.00543 0.10913 0.06681
v -0.00558 0.10978 0.06692
v -0.00558 0.10978 0.04229
v -0.00557 0.11089 0.04226
v -0.00557 0.11089 0.03131
v -0.00554 0.11524 0.03124
v -0.00554 0.11524 0.01972
v -0.00558 0.10978 0.03132
v -0.00556 0.11063 0.02069
v -0.00543 0.10913 0.04255
v -0.00499 0.10856 0.06645
v -0.00499 0.10856 0.0433
v -0.00543 0.10913 0.03206
v -0.0055 0.10961 0.02469
v -0.02034 0.01538 -0.08033
v -0.02379 0.01436 -0.0746
v -0.0207 0.02106 -0.08164
v -0.01281 0.02096 -0.08465
v -0.02408 0.02048 -0.07596
v -0.02563 0.0197 -0.06588
v -0.02143 0.02416 -0.08327
v -0.01281 0.02377 -0.0862
v -0.02491 0.02412 -0.0776
v -0.02622 0.02306 -0.06733
v -0.0249 0.09349 0.47941
v -0.02302 0.09539 0.47914
v -0.0206 0.09706 0.47906
v -0.02052 0.09691 0.47781
v -0.01796 0.09835 0.47914
v -0.0178 0.09837 0.47796
v -0.01589 0.09889 0.47678
v -0.01458 0.09925 0.47778
v -0.01539 0.09907 0.47941
v -0.0145 0.09908 0.47763
v -0.03031 0.02039 -0.0562
v -0.03071 0.01993 -0.04801
v -0.03068 0.02039 -0.04915
v -0.03076 0.02033 -0.04537
v -0.03007 0.02033 -0.05993
v -0.03033 0.02084 -0.05776
v -0.03048 0.02251 -0.05851
v -0.03087 0.02085 -0.04758
v -0.0311 0.02251 -0.04683
v -0.03117 0.02625 -0.04657
v -0.03072 0.02192 -0.04414
v -0.02959 0.02053 -0.04304
v -0.03069 0.02561 -0.04372
v -0.03189 0.03094 -0.0436
v -0.02949 0.02417 -0.04253
v -0.0256 0.01961 -0.03782
v -0.03081 0.02916 -0.03999
v -0.02959 0.02773 -0.03885
v -0.0261 0.02274 -0.03468
v -0.03126 0.03034 -0.0289
v -0.02759 0.02641 -0.02685
v -0.02548 0.02334 -0.02684
v -0.0299 0.02889 -0.02795
v -0.02373 0.02343 -0.01348
v -0.03034 0.02886 -0.0164
v -0.02764 0.02637 -0.0153
v -0.02942 0.02618 0.04038
v -0.01281 0.02326 -0.01098
v -0.01281 0.02311 0.0398
v -0.02542 0.02388 0.03995
v -0.01281 0.01493 0.04481
v -0.03183 0.03032 -0.01717
v -0.02505 0.01672 0.04579
v -0.03025 0.02211 0.04872
v -0.02576 0.01043 0.05081
v -0.01281 0.00833 0.04697
v -0.0276 0.01768 0.07213
v -0.01281 0.01964 0.08122
v -0.01281 0.02358 0.08914
v -0.02756 0.02429 0.08914
v -0.03082 0.02641 0.08914
v -0.03056 0.02386 0.07513
v -0.03015 0.02024 0.05687
v -0.03241 0.02728 0.06077
v -0.03231 0.02817 0.07668
v -0.0322 0.02879 0.08914
v -0.03308 0.03025 0.08914
v -0.03315 0.03027 0.07729
v -0.0391 0.04041 0.06333
v -0.03325 0.03029 0.0623
v -0.0332 0.03028 0.05302
v -0.03222 0.02775 0.05174
v -0.03188 0.02874 0.04086
v -0.0331 0.03026 0.04115
v -0.03898 0.04041 -0.02195
v -0.03894 0.04041 -0.0322
v -0.0388 0.04038 -0.04368
v -0.04628 0.05068 -0.02451
v -0.04594 0.04985 0.06391
v -0.04789 0.05196 0.06391
v -0.04825 0.05278 -0.02324
v -0.04733 0.05314 -0.02862
v -0.04931 0.05523 -0.02626
v -0.05224 0.06124 -0.02929
v -0.05111 0.06029 -0.03455
v -0.0558 0.07071 -0.02984
v -0.04332 0.05334 -0.17312
v -0.03744 0.03986 -0.17305
v -0.05534 0.0708 -0.1929
v -0.05455 0.078 -0.02986
v -0.04731 0.06254 -0.1929
v -0.04243 0.05361 -0.1929
v -0.04325 0.0534 -0.27025
v -0.05549 0.07082 -0.26732
v -0.04057 0.03947 -0.1929
v -0.03926 0.02843 -0.19299
v -0.04065 0.03669 -0.27082
v -0.05455 0.0779 -0.26593
v -0.05455 0.07789 -0.27381
v -0.05455 0.07792 -0.1929
v -0.0498 0.08417 -0.02986
v -0.0498 0.0841 -0.1929
v -0.0498 0.08408 -0.26544
v -0.04329 0.09111 -0.02986
v -0.02988 0.10509 -0.02986
v -0.04321 0.09115 -0.19613
v -0.04321 0.09113 -0.26489
v -0.04307 0.0913 -0.27071
v -0.0498 0.08407 -0.27319
v -0.05399 0.0782 -0.31085
v -0.02423 0.11033 -0.18993
v -0.02425 0.11033 -0.02986
v -0.02423 0.11033 -0.27276
v -0.0298 0.10539 -0.27071
v -0.01956 0.1137 -0.18993
v -0.01958 0.11371 -0.02986
v -0.01956 0.1137 -0.27276
v -0.01281 0.11483 -0.18993
v -0.01281 0.11483 -0.02986
v -0.01281 0.11483 -0.27276
v -0.01281 0.11483 -0.30086
v -0.01841 0.11398 -0.30106
v -0.02142 0.11145 -0.30116
v -0.01879 0.11211 -0.31302
v -0.02612 0.10668 -0.30131
v -0.018 0.11208 -0.45154
v -0.02406 0.10765 -0.31304
v -0.04225 0.09091 -0.3024
v -0.03909 0.09156 -0.31323
v -0.02381 0.10792 -0.45487
v -0.04868 0.08424 -0.30299
v -0.043 0.08659 -0.31343
v -0.03693 0.09198 -0.47011
v -0.03955 0.08754 -0.47153
v -0.04529 0.08388 -0.32263
v -0.04476 0.08295 -0.46934
v -0.04531 0.08146 -0.48424
v -0.03622 0.09209 -0.48321
v -0.0229 0.10744 -0.46609
v -0.02102 0.10685 -0.47085
v -0.01749 0.11112 -0.46365
v 0.00647 0.06211 -0.49754
v 0.00325 0.00305 -0.48918
v -0.00361 -0.06674 -0.47671
v -0.00593 -0.07964 -0.47231
v -0.02741 0.08908 0.44703
v -0.02634 0.09139 0.44703
v -0.02634 0.09139 0.44726
v -0.0249 0.09349 0.44739
v -0.0249 0.09349 0.44703
v -0.02642 0.09143 0.44859
v -0.02726 0.08971 0.44886
v -0.02536 0.09305 0.44886
v -0.02302 0.09539 0.44703
v -0.02363 0.09498 0.44913
v -0.02302 0.09539 0.44772
v -0.02449 0.09422 0.44992
v -0.0206 0.09706 0.44823
v -0.0206 0.09706 0.44703
v -0.01796 0.09835 0.44703
v -0.0206 0.09706 0.44985
v -0.01796 0.09835 0.44859
v -0.01539 0.09907 0.44703
v -0.02423 0.09947 -0.27101
v -0.03834 0.08351 -0.27101
v -0.02423 0.09947 -0.19083
v -0.02332 0.1005 -0.27616
v -0.02332 0.1005 -0.18567
v -0.03925 0.08249 -0.27616
v -0.03925 0.08249 -0.18567
v -0.03834 0.08351 -0.19083
v 0.01396 0.08484 -0.05759
v 0.01396 0.08484 0.14228
v 0.02034 0.0767 -0.05759
v 0.02034 0.0767 0.14228
v -0.00506 0.13196 -0.04675
v -0.02104 0.13196 -0.04675
v 0.00783 0.08922 0.0009
v 0.00687 0.09028 0.00155
v 0.00718 0.08983 0.01191
v 0.00594 0.09218 0.00431
v 0.00783 0.08922 -0.01414
v 0.00682 0.09039 -0.01422
v 0.00783 0.08922 -0.01986
v 0.00681 0.09042 -0.02026
v 0.00791 0.08925 -0.02071
v 0.00577 0.09262 -0.0136
v 0.00813 0.08934 -0.02128
v 0.00688 0.09046 -0.02116
v 0.00571 0.09277 -0.02039
v 0.00709 0.09057 -0.02171
v 0.00886 0.08974 -0.02174
v 0.00761 0.09112 -0.02209
v 0.00601 0.09285 -0.02186
v 0.00648 0.0931 -0.02218
v 0.00578 0.09279 -0.02131
v 0.00465 0.09549 -0.02134
v 0.00465 0.09545 -0.01436
v 0.0046 0.09549 -0.02041
v 0.00549 0.09548 -0.02222
v 0.00728 0.09366 -0.02244
v 0.00675 0.0955 -0.02254
v 0.00486 0.09548 -0.02188
v 0.00526 0.09759 -0.02259
v 0.00364 0.09778 -0.02195
v 0.00354 0.09782 -0.02045
v 0.00347 0.09781 -0.02141
v 0.00418 0.09771 -0.02226
v 0.00193 0.10018 -0.02154
v 0.0024 0.1001 -0.02233
v 0.00202 0.10015 -0.02205
v 0.00209 0.10019 -0.02057
v -0.00028 0.10298 -0.02219
v 0.00306 0.10003 -0.02263
v 0.00369 0.09782 -0.01464
v 0.00231 0.1002 -0.01474
v -0.00021 0.10303 -0.02079
v -0.00034 0.10301 -0.02172
v 0.00373 0.09782 0.00028
v 0.00471 0.09534 0.00131
v 0.00504 0.09551 0.01527
v 0.00238 0.1002 0.00016
v 0.00244 0.10032 0.01478
v 0.00003 0.10304 -0.00011
v -0.00004 0.10304 -0.015
v -0.00229 0.1055 -0.01527
v -0.00225 0.10549 -0.00039
v -0.0024 0.10569 0.01422
v -0.0034 0.10673 -0.00053
v -0.00239 0.10549 -0.02102
v -0.00358 0.10694 0.01408
v -0.00416 0.1076 0.01951
v -0.00342 0.10674 -0.0154
v -0.00407 0.10746 0.01046
v -0.00463 0.10806 0.01459
v -0.00524 0.10889 0.01547
v -0.00403 0.10741 -0.00047
v -0.00478 0.10822 -0.00018
v -0.00405 0.10742 -0.01544
v 0.00869 -0.09036 -0.11382
v 0.00873 -0.08691 -0.11699
v 0.00732 -0.07823 -0.08148
v 0.00663 -0.08179 -0.07428
v 0.00457 -0.0834 -0.05638
v 0.0021 -0.08264 -0.03292
v 0.00138 -0.08578 -0.01217
v 0.00047 -0.07882 -0.01514
v -0.0005 -0.07803 0.00073
v -0.00101 -0.07188 -0.00343
v -0.00221 -0.05918 0.0074
v -0.00207 -0.06479 0.0122
v -0.00348 -0.01056 0.04935
v -0.00337 -0.0073 0.04215
v -0.00099 0.00653 0.06233
v -0.00129 0.00465 0.04929
v -0.00507 0.13196 0.05743
v -0.02105 0.13196 0.05743
v -0.02779 0.08799 0.45454
v -0.02755 0.08838 0.45873
v -0.02682 0.08955 0.45963
v -0.025 0.09274 0.45963
v -0.02416 0.09438 0.45454
v -0.02437 0.09397 0.45873
v -0.00526 0.10913 0.02165
v -0.00401 0.1077 0.02172
v -0.0055 0.10961 0.01649
v -0.00348 0.10708 0.02062
v -0.00058 0.1043 0.02087
v -0.00482 0.10842 0.0205
v -0.00026 0.10371 0.01993
v -0.00288 0.10632 0.01965
v 0.00262 0.1007 0.02023
v 0.0047 0.09822 0.02043
v -0.00004 0.1032 0.0145
v 0.00614 0.09571 0.02055
v 0.00397 0.09792 0.01494
v 0.00711 0.09262 0.02063
v 0.00765 0.09007 0.02061
v 0.00612 0.09258 0.01607
v 0.00783 0.08922 0.02046
v 0.00685 0.09086 0.01841
v 0.00687 0.09028 0.01611
v 0.00783 0.08922 0.0155
v 0.01419 0.09374 -0.28114
v 0.00863 0.09965 -0.28114
v 0.00804 0.10027 -0.28079
v 0.00891 0.10198 -0.28013
v 0.00759 0.10075 -0.28013
v 0.00867 0.10224 -0.27928
v 0.00735 0.10101 -0.27928
v 0.00867 0.10224 -0.27215
v 0.00735 0.10101 -0.27215
v 0.00867 0.10224 -0.1957
v 0.00735 0.10101 -0.1957
v 0.00867 0.10224 -0.18858
v 0.00735 0.10101 -0.18858
v 0.00891 0.10198 -0.18773
v 0.00759 0.10075 -0.18773
v 0.00804 0.10027 -0.18706
v 0.00863 0.09965 -0.18671
v 0.01419 0.09374 -0.18671
v 0.00231 0.08799 0.45454
v 0.00206 0.08838 0.45873
v 0.00133 0.08955 0.45963
v -0.00049 0.09274 0.45963
v -0.00112 0.09397 0.45873
v -0.00133 0.09438 0.45454
v -0.0463 0.09667 0.05593
v -0.05602 0.08799 0.05593
v -0.06079 0.08373 0.05593
v -0.05537 0.07643 -0.02573
v -0.05499 0.07761 -0.02701
v -0.04727 0.08558 -0.02449
v -0.04613 0.08575 -0.02374
v -0.04839 0.08531 -0.02569
v -0.0423 0.08972 -0.02371
v -0.04179 0.08926 -0.02324
v -0.04135 0.08881 -0.02287
v -0.03835 0.09254 -0.02323
v -0.04321 0.0901 -0.02446
v -0.04404 0.09034 -0.02567
v -0.0397 0.09375 -0.02446
v -0.0407 0.08851 -0.02245
v -0.03887 0.0931 -0.0237
v -0.0402 0.08837 -0.01605
v -0.03717 0.09186 -0.02251
v -0.03788 0.09212 -0.02289
v -0.03578 0.09597 -0.0237
v -0.03481 0.09503 -0.0229
v -0.03526 0.09539 -0.02324
v -0.03663 0.09677 -0.02446
v -0.03249 0.09784 -0.02324
v -0.03414 0.09486 -0.02256
v -0.03301 0.09844 -0.02371
v -0.03387 0.09939 -0.02446
v -0.03739 0.09746 -0.02566
v -0.04045 0.09427 -0.02566
v -0.0407 0.09445 -0.02749
v -0.04435 0.09043 -0.0275
v -0.04889 0.08525 -0.02751
v -0.05277 0.0807 -0.02751
v -0.04438 0.09039 -0.02916
v -0.05301 0.08072 -0.02916
v -0.049 0.08524 -0.02916
v -0.04897 0.08513 -0.02984
v -0.04437 0.09024 -0.02984
v -0.05297 0.08064 -0.02984
v -0.04072 0.09424 -0.02984
v -0.05483 0.07848 -0.02984
v -0.0407 0.0944 -0.02915
v -0.05483 0.07857 -0.02915
v -0.05565 0.07715 -0.02895
v -0.05553 0.07722 -0.02984
v -0.03766 0.09763 -0.02915
v -0.03769 0.09748 -0.02984
v -0.05605 0.07538 -0.02984
v -0.03497 0.10033 -0.02984
v -0.03764 0.09769 -0.02749
v -0.03491 0.10048 -0.02915
v -0.03489 0.10052 -0.02749
v -0.03143 0.10397 -0.02915
v -0.0315 0.10382 -0.02984
v -0.03464 0.10024 -0.02566
v -0.0262 0.109 -0.02984
v -0.03141 0.10402 -0.02749
v -0.03118 0.10365 -0.02566
v -0.02614 0.1092 -0.02749
v -0.02616 0.10915 -0.02915
v -0.01818 0.11524 -0.0291
v -0.01974 0.11352 -0.02984
v -0.01999 0.11524 -0.02749
v -0.01999 0.11524 -0.0256
v -0.02601 0.10871 -0.02566
v -0.02561 0.10726 -0.02446
v -0.0305 0.10257 -0.02446
v -0.02974 0.10139 -0.02371
v -0.02138 0.1114 -0.02428
v -0.01997 0.11298 -0.02377
v -0.01999 0.11524 -0.02422
v -0.0208 0.10968 -0.02353
v -0.02519 0.10568 -0.02372
v -0.01999 0.11524 -0.02323
v -0.02499 0.10485 -0.0233
v -0.0293 0.10072 -0.02326
v -0.01997 0.11314 -0.02311
v -0.02893 0.10043 -0.02295
v -0.01997 0.11306 -0.02252
v -0.01999 0.11524 -0.0225
v -0.01996 0.11178 -0.02299
v -0.01999 0.11524 -0.01634
v -0.01995 0.11116 -0.02329
v -0.01996 0.11127 -0.02259
v -0.01995 0.11025 -0.02275
v -0.01996 0.11099 -0.01645
v -0.01996 0.11089 0.00069
v -0.01999 0.11524 0.00075
v -0.01999 0.11524 0.01951
v -0.01995 0.10989 -0.01658
v -0.01995 0.10978 0.00062
v -0.01996 0.11089 0.01951
v -0.01996 0.11089 0.03131
v -0.01999 0.11524 0.03124
v -0.01999 0.11524 0.04215
v -0.02018 0.10914 -0.017
v -0.01995 0.10978 0.0195
v -0.01998 0.10969 -0.0229
v -0.01996 0.11089 0.04226
v -0.01999 0.11524 0.06676
v -0.02008 0.1093 -0.02292
v -0.02132 0.10834 -0.02323
v -0.01996 0.11089 0.06689
v -0.01999 0.11524 0.07426
v -0.02223 0.10717 -0.02306
v -0.02482 0.10451 -0.02303
v -0.02126 0.10791 -0.02286
v -0.02452 0.10439 -0.02275
v -0.02187 0.10711 -0.02059
v -0.02089 0.10821 -0.01796
v -0.02404 0.10468 -0.0179
v -0.02337 0.10557 -0.00404
v -0.0208 0.10838 -0.00059
v -0.02792 0.10055 -0.01689
v -0.02839 0.10036 -0.02264
v -0.0314 0.09743 -0.02259
v -0.03204 0.09753 -0.02291
v -0.03091 0.09754 -0.01641
v -0.0336 0.09487 -0.01624
v -0.03086 0.09783 0.00124
v -0.03661 0.09177 -0.01614
v -0.03657 0.09187 0.00196
v -0.03352 0.09506 0.00176
v -0.02776 0.10105 -0.00042
v -0.03682 0.09208 0.02727
v -0.04053 0.08854 0.02728
v -0.04021 0.0884 0.00202
v -0.04467 0.08478 0.00211
v -0.04465 0.08477 -0.01591
v -0.03726 0.09245 0.07841
v -0.0486 0.08189 0.00235
v -0.05067 0.08061 0.00285
v -0.04866 0.0819 0.02737
v -0.04487 0.08484 0.02731
v -0.0412 0.08881 0.07841
v -0.05071 0.0806 0.02749
v -0.05193 0.07991 0.00353
v -0.0488 0.08193 0.07841
v -0.05198 0.07989 0.02765
v -0.0508 0.08055 0.07841
v -0.04532 0.08499 0.07841
v -0.03697 0.09143 0.13121
v -0.05079 0.08053 0.11859
v -0.05209 0.07983 0.07841
v -0.05344 0.07874 0.02784
v -0.05343 0.07875 0.00431
v -0.05341 0.07876 -0.01252
v -0.05479 0.07715 0.02799
v -0.05482 0.07716 -0.01163
v -0.05483 0.07716 0.00493
v -0.05576 0.07517 0.00514
v -0.05474 0.07716 -0.01958
v -0.05576 0.07517 -0.01868
v -0.05578 0.07517 -0.01115
v -0.05629 0.07298 -0.01092
v -0.0558 0.07499 -0.02118
v -0.05626 0.07298 0.00514
v -0.05638 0.07293 -0.01986
v -0.05623 0.07298 0.02804
v -0.05633 0.07298 -0.01776
v -0.056 0.07444 -0.02252
v -0.05567 0.0753 -0.02409
v -0.05638 0.07327 -0.02445
v -0.05643 0.0728 -0.02186
v -0.05645 0.07079 -0.0214
v -0.0564 0.07079 -0.0173
v -0.05643 0.07079 -0.01916
v -0.0559 0.06809 -0.0189
v -0.05636 0.07079 -0.0108
v -0.05601 0.06827 -0.02115
v -0.05634 0.07079 0.00514
v -0.05585 0.06804 -0.01076
v -0.05586 0.06804 -0.01714
v -0.0546 0.06416 -0.01712
v -0.05584 0.06804 0.00514
v -0.05633 0.07079 0.02804
v -0.05584 0.06804 0.02804
v -0.0546 0.06416 0.00514
v -0.0546 0.06416 -0.01076
v -0.05629 0.07079 0.07841
v -0.05615 0.07298 0.07841
v -0.0546 0.06416 0.02804
v -0.05276 0.05992 -0.01115
v -0.05276 0.05993 0.02799
v -0.05276 0.05992 0.00493
v -0.0546 0.06416 0.07841
v -0.05583 0.06804 0.07841
v -0.05625 0.07079 0.11735
v -0.05049 0.05611 0.00431
v -0.05276 0.05993 0.07841
v -0.0546 0.06425 0.11735
v -0.05582 0.06806 0.11735
v -0.05049 0.05611 0.02784
v -0.05276 0.0601 0.11735
v -0.0546 0.06452 0.12454
v -0.05049 0.05612 0.07841
v -0.0505 0.05635 0.11735
v -0.04855 0.05337 0.07841
v -0.04826 0.05314 0.11867
v -0.04854 0.05336 0.02768
v -0.04767 0.05233 0.02763
v -0.04768 0.05234 0.07841
v -0.04767 0.05233 0.00344
v -0.04761 0.05231 0.11648
v -0.04854 0.05336 0.00368
v -0.04854 0.05335 -0.01342
v -0.04767 0.05233 -0.01386
v -0.04742 0.05221 0.12111
v -0.04767 0.05233 -0.02091
v -0.05049 0.0561 -0.01228
v -0.04854 0.05335 -0.02038
v -0.05049 0.0561 -0.019
v -0.04886 0.05412 -0.02255
v -0.04802 0.05314 -0.02314
v -0.05276 0.05992 -0.01762
v -0.04907 0.05557 -0.0262
v -0.05076 0.05674 -0.02099
v -0.04986 0.05641 -0.02548
v -0.05295 0.06038 -0.01942
v -0.05158 0.05866 -0.02358
v -0.05145 0.05984 -0.02799
v -0.05079 0.05923 -0.02883
v -0.0547 0.06439 -0.01886
v -0.05314 0.06371 -0.02976
v -0.05502 0.0651 -0.02107
v -0.05353 0.06174 -0.0217
v -0.05284 0.06149 -0.02577
v -0.05387 0.06293 -0.0237
v -0.05443 0.0649 -0.02655
v -0.05509 0.06552 -0.02366
v -0.05603 0.06838 -0.02376
v -0.05359 0.06403 -0.02887
v -0.0558 0.06824 -0.02663
v -0.05548 0.06804 -0.02893
v -0.05522 0.06796 -0.02982
v -0.05614 0.07094 -0.02984
v -0.05644 0.07081 -0.02395
v -0.05631 0.07094 -0.02896
v -0.05641 0.07087 -0.02673
v -0.05644 0.07318 -0.02904
v -0.05629 0.07322 -0.02984
v -0.05651 0.07295 -0.02705
v -0.05622 0.07524 -0.02922
v -0.05635 0.07464 -0.02777
v -0.05602 0.07541 -0.0268
v -0.0034 0.0945 0.42289
v -0.00562 0.09457 0.42289
v -0.01029 0.09466 0.42289
v -0.01497 0.09466 0.42289
v -0.01964 0.09457 0.42289
v -0.02186 0.0945 0.42289
v -0.0238 0.09287 0.42289
v -0.02633 0.08849 0.42289
v -0.0238 0.09287 0.41034
v -0.0238 0.09287 0.38719
v -0.02633 0.08849 0.41034
v -0.02721 0.0835 0.42289
v -0.02633 0.07852 0.42289
v -0.0238 0.07413 0.42289
v -0.02721 0.0835 0.41034
v -0.02633 0.07852 0.41034
v -0.0238 0.07413 0.41034
v -0.02633 0.08849 0.38719
v -0.02721 0.0835 0.38719
v -0.02633 0.07852 0.38719
v -0.0238 0.07413 0.38719
v -0.02319 0.07464 0.38532
v -0.02559 0.07879 0.38532
v -0.02642 0.0835 0.38532
v -0.02559 0.08822 0.38532
v -0.02319 0.09236 0.38532
v -0.01953 0.09544 0.38532
v -0.01992 0.09613 0.38719
v -0.01516 0.09786 0.38719
v -0.01503 0.09708 0.38532
v -0.0101 0.09786 0.38719
v -0.01024 0.09708 0.38532
v -0.02785 0.10145 0.12557
v -0.02679 0.10234 0.13165
v -0.02662 0.10261 0.12479
v -0.02747 0.10183 0.12145
v -0.02705 0.1019 0.11995
v -0.0263 0.10261 0.12237
v -0.02406 0.10474 0.12317
v -0.02751 0.10183 0.11518
v -0.02705 0.1019 0.11468
v -0.02419 0.10494 0.1259
v -0.02753 0.10183 0.0895
v -0.02705 0.1019 0.08971
v -0.02705 0.1019 0.08437
v -0.02408 0.10501 0.13367
v -0.02178 0.10727 0.12479
v -0.02182 0.10687 0.12237
v -0.02107 0.10758 0.11995
v -0.02097 0.10805 0.12145
v -0.02097 0.10805 0.11518
v -0.02107 0.10758 0.11468
v -0.02054 0.10856 0.12557
v -0.02107 0.10758 0.08971
v -0.02143 0.10767 0.13165
v -0.02097 0.10805 0.0895
v -0.02107 0.10758 0.08437
v -0.02097 0.10805 0.08401
v -0.02179 0.10727 0.08152
v -0.02182 0.10687 0.08196
v -0.02054 0.10856 0.0833
v -0.02054 0.10856 0.08911
v -0.02054 0.10856 0.11642
v -0.02406 0.10474 0.08115
v -0.0201 0.10913 0.11763
v -0.02425 0.10494 0.08068
v -0.0201 0.10913 0.08875
v -0.0201 0.10913 0.12962
v -0.02671 0.10261 0.08152
v -0.0263 0.10261 0.08196
v -0.02753 0.10183 0.08401
v -0.02431 0.10501 0.07968
v -0.02808 0.10145 0.0833
v -0.02714 0.10234 0.08059
v -0.02148 0.10767 0.08059
v -0.02808 0.10145 0.08911
v -0.02802 0.10145 0.11642
v -0.02907 0.1005 0.08848
v -0.02894 0.10067 0.0823
v -0.02881 0.10034 0.11985
v -0.03085 0.0987 0.08753
v -0.02841 0.10051 0.1307
v -0.03009 0.09807 0.12686
v -0.02936 0.09876 0.13528
v -0.01995 0.10978 0.13095
v -0.01996 0.11089 0.13094
v -0.01999 0.11524 0.13088
v -0.01996 0.11089 0.118
v -0.01999 0.11524 0.11789
v -0.01995 0.10978 0.11802
v -0.01996 0.11089 0.08858
v -0.01999 0.11524 0.08846
v -0.01995 0.10978 0.08861
v -0.01995 0.10978 0.08239
v -0.01996 0.11089 0.08236
v -0.01999 0.11524 0.08223
v -0.01999 0.11524 0.07841
v -0.01996 0.11089 0.07841
v -0.0201 0.10913 0.08263
v -0.01995 0.10978 0.07841
v -0.01996 0.11089 0.07439
v -0.01995 0.10978 0.07442
v -0.01995 0.10978 0.06692
v -0.01995 0.10978 0.04229
v -0.0201 0.10913 0.07421
v -0.04288 0.09381 0.08698
v -0.04216 0.09445 0.08152
v -0.04423 0.0926 0.07671
v -0.04812 0.08912 0.07481
v -0.04605 0.09097 0.09055
v -0.05202 0.08565 0.07671
v -0.04544 0.08612 0.07481
v -0.04933 0.08264 0.07671
v -0.05408 0.0838 0.08152
v -0.0514 0.0808 0.08152
v -0.05337 0.08444 0.08698
v -0.05069 0.08144 0.08698
v -0.05019 0.08728 0.09055
v -0.04751 0.08427 0.09055
v -0.04337 0.08797 0.09055
v 0.03399 0.04205 -0.45946
v 0.03399 0.04737 -0.45946
v 0.03399 0.04245 -0.45743
v 0.03399 0.04361 -0.4557
v 0.03399 0.04245 -0.4615
v 0.03399 0.04533 -0.45455
v 0.03399 0.04361 -0.46322
v 0.03399 0.04737 -0.45414
v 0.03399 0.04533 -0.46438
v 0.03399 0.0494 -0.45455
v 0.03399 0.04737 -0.46478
v 0.03399 0.05113 -0.4557
v 0.03399 0.0494 -0.46438
v 0.03399 0.05229 -0.45743
v 0.03399 0.05113 -0.46322
v 0.03399 0.05269 -0.45946
v 0.03399 0.05229 -0.4615
v -0.04601 0.07283 0.22407
v -0.04323 0.07765 0.22407
v -0.04505 0.06735 0.22407
v -0.038 0.07956 0.22407
v -0.04078 0.06377 0.22407
v -0.03522 0.06377 0.22407
v 0.02622 0.08006 -0.01762
v 0.02632 0.07997 -0.01884
v 0.02733 0.07924 -0.0171
v 0.02776 0.07888 -0.00309
v 0.02799 0.07759 0.126
v 0.02916 0.07742 -0.00309
v 0.02774 0.07889 -0.01792
v 0.02893 0.07673 0.11722
v 0.02512 0.08063 -0.02088
v 0.02782 0.07877 -0.01996
v 0.02635 0.07994 -0.02026
v 0.02325 0.08195 -0.02146
v 0.02629 0.08 -0.02155
v 0.02327 0.08205 -0.02251
v 0.02511 0.08071 -0.02191
v 0.01992 0.08513 -0.02269
v 0.01542 0.08882 -0.02261
v 0.01183 0.08926 -0.02174
v 0.01045 0.09074 -0.0223
v 0.02506 0.08093 -0.0226
v 0.02333 0.08234 -0.02311
v 0.02383 0.08238 -0.02364
v 0.02543 0.08083 -0.02327
v 0.02669 0.07991 -0.02422
v 0.02615 0.08018 -0.02242
v 0.02621 0.08017 -0.02311
v 0.0272 0.07932 -0.02383
v 0.02752 0.07898 -0.02327
v 0.02854 0.0782 -0.02525
v 0.0281 0.07892 -0.02557
v 0.0277 0.07882 -0.02212
v 0.02894 0.07859 -0.02747
v 0.02924 0.07702 -0.02306
v 0.02885 0.07764 -0.02457
v 0.02946 0.07761 -0.02701
v 0.02984 0.07643 -0.02573
v 0.03012 0.07715 -0.02895
v 0.0305 0.07541 -0.0268
v 0.02922 0.07716 -0.01958
v 0.03023 0.07517 -0.01868
v 0.03015 0.0753 -0.02409
v 0.03085 0.07327 -0.02445
v 0.03082 0.07464 -0.02777
v 0.03069 0.07524 -0.02922
v 0.03052 0.07538 -0.02984
v 0.03092 0.07318 -0.02904
v 0.03076 0.07322 -0.02984
v 0.03062 0.07094 -0.02984
v 0.03098 0.07295 -0.02705
v 0.03079 0.07094 -0.02896
v 0.03088 0.07087 -0.02673
v 0.02995 0.06804 -0.02893
v 0.0297 0.06796 -0.02982
v 0.02761 0.06371 -0.02976
v 0.03027 0.06824 -0.02663
v 0.02806 0.06403 -0.02887
v 0.0289 0.0649 -0.02655
v 0.02593 0.05984 -0.02799
v 0.02526 0.05923 -0.02883
v 0.02354 0.05557 -0.0262
v 0.0305 0.06838 -0.02376
v 0.03092 0.07081 -0.02395
v 0.02433 0.05641 -0.02548
v 0.02731 0.06149 -0.02577
v 0.02334 0.05412 -0.02255
v 0.02249 0.05314 -0.02314
v 0.02605 0.05866 -0.02358
v 0.02214 0.05233 -0.02091
v 0.02834 0.06293 -0.0237
v 0.02956 0.06552 -0.02366
v 0.02801 0.06174 -0.0217
v 0.0295 0.0651 -0.02107
v 0.02743 0.06038 -0.01942
v 0.02523 0.05674 -0.02099
v 0.02496 0.0561 -0.019
v 0.02301 0.05335 -0.02038
v 0.02285 0.05308 0.11915
v 0.02209 0.05231 0.11648
v 0.02189 0.05221 0.12111
v 0.02723 0.05992 -0.01762
v 0.02918 0.06439 -0.01886
v 0.02907 0.06416 -0.01712
v 0.03037 0.06809 -0.0189
v 0.03048 0.06827 -0.02115
v 0.03092 0.07079 -0.0214
v 0.03091 0.07079 -0.01916
v 0.0309 0.0728 -0.02186
v 0.03085 0.07293 -0.01986
v 0.03047 0.07444 -0.02252
v 0.03027 0.07499 -0.02118
v 0.0308 0.07298 -0.01776
v 0.03087 0.07079 -0.0173
v 0.03051 0.073 0.11827
v 0.03033 0.06804 -0.01714
v 0.03029 0.06804 0.11811
v 0.03073 0.07079 0.11811
v 0.02977 0.07527 0.11873
v 0.02915 0.07558 0.13001
v 0.03035 0.07308 0.12817
v 0.03072 0.07079 0.12756
v 0.02865 0.07563 0.13717
v 0.03012 0.0731 0.1346
v 0.02878 0.07499 0.14062
v 0.02985 0.07293 0.13941
v 0.03059 0.07079 0.13374
v 0.03019 0.07079 0.13901
v -0.05693 0.04841 -0.45435
v -0.05693 0.04739 -0.45946
v -0.05693 0.04449 -0.45512
v -0.05693 0.04227 -0.45844
v -0.05693 0.05173 -0.45656
v -0.05693 0.04305 -0.46236
v -0.05693 0.05251 -0.46048
v -0.05693 0.04637 -0.46458
v -0.05693 0.05029 -0.4638
v -0.06079 0.08373 0.06151
v -0.06079 0.08373 0.05097
v -0.06079 0.08373 0.04043
v -0.06079 0.08373 0.04539
v -0.06079 0.08373 0.0299
v -0.06079 0.08373 0.03485
v -0.02562 0.1021 0.0747
v -0.02632 0.10142 0.0723
v -0.02351 0.09854 0.07226
v -0.02281 0.0992 0.07465
v -0.02632 0.10142 0.06573
v -0.02351 0.09854 0.0657
v -0.02632 0.10142 0.04454
v -0.02351 0.09854 0.04457
v -0.02632 0.10142 0.0375
v -0.02351 0.09854 0.03754
v -0.02281 0.0992 0.03483
v -0.02562 0.1021 0.03478
v -0.02071 0.10119 0.03392
v -0.02348 0.10413 0.03387
v -0.00223 0.08559 0.45454
v -0.00249 0.08595 0.45873
v -0.023 0.08595 0.45873
v -0.02325 0.08559 0.45454
v -0.02795 0.0714 0.22727
v -0.02803 0.0714 0.23058
v -0.02856 0.07475 0.22727
v -0.0299 0.07746 0.22727
v -0.03218 0.07973 0.22727
v -0.02832 0.06874 0.22727
v -0.02912 0.06667 0.22727
v -0.03091 0.06411 0.22727
v -0.03368 0.06224 0.22727
v -0.0371 0.06137 0.22727
v -0.03164 0.0714 0.23611
v -0.03402 0.0714 0.23714
v -0.05519 0.04348 -0.45361
v -0.05519 0.04876 -0.45257
v -0.05519 0.04049 -0.45809
v -0.05519 0.05324 -0.45556
v -0.05519 0.04154 -0.46337
v -0.05519 0.05429 -0.46083
v -0.05519 0.04602 -0.46636
v -0.05519 0.0513 -0.46531
v -0.01996 0.07567 0.45873
v -0.01978 0.07522 0.45454
v -0.02437 0.07335 0.45873
v -0.02416 0.07294 0.45454
v -0.05207 0.07795 0.09951
v -0.0057 0.07522 0.45454
v -0.00133 0.07294 0.45454
v -0.00112 0.07335 0.45873
v -0.00553 0.07567 0.45873
v -0.00506 0.13196 -0.03621
v -0.02104 0.13196 -0.03621
v -0.02562 0.1021 0.08211
v -0.02632 0.10142 0.08451
v -0.02281 0.0992 0.08216
v -0.02351 0.09854 0.08456
v -0.02351 0.09854 0.08984
v -0.02632 0.10142 0.08981
v -0.02351 0.09854 0.11455
v -0.02632 0.10142 0.11458
v -0.02351 0.09854 0.11977
v -0.02632 0.10142 0.11982
v -0.02562 0.1021 0.12223
v -0.02281 0.0992 0.12218
v 0.02812 0.03023 -0.48053
v 0.02812 0.02658 -0.47975
v 0.02884 0.03025 -0.48228
v 0.02884 0.02584 -0.48133
v 0.02812 0.02362 -0.47745
v 0.02884 0.03465 -0.48122
v 0.02812 0.03387 -0.47966
v 0.02884 0.03814 -0.47836
v 0.02812 0.03677 -0.47729
v 0.02812 0.03952 -0.47942
v 0.02812 0.03542 -0.48278
v 0.02638 0.04009 -0.47987
v 0.02638 0.03574 -0.48342
v 0.02812 0.03028 -0.48402
v 0.02638 0.03029 -0.48474
v 0.02812 0.0251 -0.4829
v 0.02638 0.0248 -0.48356
v 0.02884 0.02227 -0.47856
v 0.02812 0.02195 -0.4741
v 0.02812 0.02093 -0.47966
v 0.02638 0.02037 -0.48011
v 0.02884 0.02026 -0.47451
v 0.02812 0.02191 -0.47036
v 0.02812 0.01857 -0.47492
v 0.02638 0.01787 -0.47509
v 0.02884 0.0202 -0.46999
v 0.02812 0.03857 -0.43463
v 0.02812 0.0185 -0.46963
v 0.02638 0.0178 -0.46947
v 0.02884 0.03719 -0.43356
v 0.02812 0.04146 -0.43226
v 0.02812 0.03582 -0.4325
v 0.02638 0.03525 -0.43205
v 0.02884 0.04069 -0.43071
v 0.02812 0.0451 -0.43138
v 0.02812 0.03991 -0.42914
v 0.02638 0.03959 -0.4285
v 0.02884 0.04508 -0.42964
v 0.02812 0.04876 -0.43217
v 0.02812 0.04506 -0.4279
v 0.02638 0.04505 -0.42718
v 0.02884 0.0495 -0.43059
v 0.02812 0.05172 -0.43447
v 0.02812 0.05023 -0.42902
v 0.02638 0.05054 -0.42836
v 0.02884 0.05306 -0.43337
v 0.02812 0.05338 -0.43782
v 0.02812 0.05441 -0.43226
v 0.02638 0.05497 -0.43181
v 0.02884 0.05507 -0.43741
v 0.02812 0.05343 -0.44156
v 0.02812 0.05677 -0.437
v 0.02638 0.05747 -0.43683
v 0.02884 0.05513 -0.44193
v 0.02812 0.05683 -0.44229
v 0.02638 0.05754 -0.44245
v -0.00349 0.10673 -0.02113
v -0.00538 0.10904 0.0003
v -0.00479 0.10822 -0.01543
v -0.00558 0.10978 0.0009
v -0.00538 0.10904 -0.01535
v -0.00482 0.10822 -0.02126
v -0.0041 0.10741 -0.02119
v -0.00557 0.11089 0.00139
v -0.00554 0.11524 0.0016
v -0.00554 0.11524 -0.01489
v -0.00557 0.11089 -0.01503
v -0.00558 0.10978 -0.01519
v -0.00556 0.11285 -0.02109
v -0.00554 0.11524 -0.02103
v -0.00554 0.11524 -0.02184
v -0.00557 0.11089 -0.02116
v -0.00558 0.10978 -0.02124
v -0.00539 0.10904 -0.0213
v -0.00556 0.1129 -0.02188
v -0.00557 0.11099 -0.02196
v -0.00556 0.11306 -0.02252
v -0.00554 0.11524 -0.0225
v -0.00554 0.11524 -0.02323
v -0.00557 0.11127 -0.02259
v -0.00558 0.10989 -0.0221
v -0.00556 0.11314 -0.02311
v -0.00558 0.11025 -0.02275
v -0.00544 0.10912 -0.02228
v -0.00557 0.11178 -0.02299
v -0.00556 0.11298 -0.02377
v -0.00554 0.11524 -0.02422
v -0.00558 0.11116 -0.02329
v -0.0054 0.11032 -0.02353
v -0.00554 0.11524 -0.0256
v -0.00555 0.10969 -0.0229
v -0.00529 0.1125 -0.02428
v -0.00449 0.11166 -0.02446
v -0.0044 0.11348 -0.02566
v -0.00437 0.11409 -0.02749
v -0.00554 0.11524 -0.02749
v -0.00734 0.11524 -0.0291
v -0.00436 0.11388 -0.02984
v -0.00705 0.11473 -0.02984
v -0.00436 0.11403 -0.02915
v -0.00329 0.11299 -0.02915
v -0.00328 0.11283 -0.02984
v -0.00241 0.11199 -0.02984
v -0.0033 0.11304 -0.02749
v -0.00241 0.11213 -0.02915
v -0.00335 0.11245 -0.02566
v -0.00242 0.11218 -0.02749
v -0.00078 0.11053 -0.02915
v -0.00077 0.11039 -0.02984
v 0.00262 0.10711 -0.02984
v -0.0035 0.1107 -0.02446
v 0.00258 0.10725 -0.02915
v -0.00248 0.11161 -0.02566
v 0.00639 0.10349 -0.02915
v 0.00646 0.10335 -0.02984
v 0.00256 0.10729 -0.02749
v -0.00079 0.11058 -0.02749
v -0.00088 0.11005 -0.02566
v 0.00944 0.10033 -0.02984
v 0.00637 0.10354 -0.02749
v 0.00939 0.10048 -0.02915
v 0.00936 0.10052 -0.02749
v 0.01213 0.09763 -0.02915
v 0.01216 0.09748 -0.02984
v 0.01519 0.09424 -0.02984
v 0.00613 0.10319 -0.02566
v 0.0024 0.10685 -0.02566
v 0.01518 0.0944 -0.02915
v 0.01212 0.09769 -0.02749
v 0.01885 0.09039 -0.02916
v 0.01884 0.09024 -0.02984
v 0.01517 0.09445 -0.02749
v 0.02345 0.08513 -0.02984
v 0.01186 0.09746 -0.02566
v 0.00911 0.10024 -0.02566
v 0.02348 0.08524 -0.02916
v 0.00834 0.09939 -0.02446
v 0.01492 0.09427 -0.02566
v 0.01883 0.09043 -0.0275
v 0.02748 0.08072 -0.02916
v 0.02745 0.08064 -0.02984
v 0.02336 0.08525 -0.02751
v 0.01852 0.09034 -0.02567
v 0.0293 0.07848 -0.02984
v 0.02724 0.0807 -0.02751
v 0.0293 0.07857 -0.02915
v 0.03 0.07722 -0.02984
v 0.02654 0.08091 -0.02568
v 0.02286 0.08531 -0.02569
v 0.02174 0.08558 -0.02449
v 0.01768 0.0901 -0.02446
v 0.01417 0.09375 -0.02446
v 0.0111 0.09677 -0.02446
v 0.01677 0.08972 -0.02371
v 0.01026 0.09597 -0.0237
v 0.01334 0.0931 -0.0237
v 0.02061 0.08575 -0.02374
v 0.01282 0.09254 -0.02323
v 0.02008 0.08549 -0.02326
v 0.01626 0.08926 -0.02324
v 0.02515 0.08169 -0.02444
v 0.01205 0.09184 -0.02283
v 0.00894 0.09479 -0.02285
v 0.00974 0.09539 -0.02324
v 0.00696 0.09784 -0.02324
v 0.00636 0.09757 -0.02291
v 0.00748 0.09844 -0.02371
v 0.00374 0.10006 -0.02294
v 0.00464 0.10098 -0.02371
v 0.00418 0.10033 -0.02325
v 0.00039 0.1029 -0.0227
v 0.00107 0.10329 -0.02328
v 0.00542 0.10213 -0.02446
v 0.0019 0.10551 -0.02446
v 0.00136 0.10406 -0.02372
v -0.00116 0.10845 -0.02446
v -0.00144 0.10673 -0.02372
v -0.00267 0.10991 -0.02446
v -0.00156 0.10585 -0.02331
v -0.00285 0.10808 -0.02373
v -0.00363 0.10883 -0.02373
v -0.00288 0.10714 -0.02332
v -0.00455 0.1097 -0.02373
v -0.00449 0.10871 -0.02334
v -0.00362 0.10786 -0.02333
v -0.00167 0.10549 -0.02305
v -0.00362 0.10747 -0.02309
v -0.00292 0.10676 -0.02308
v 0.00081 0.10298 -0.02299
v -0.00193 0.10538 -0.02278
v -0.00309 0.10662 -0.02281
v -0.00222 0.10539 -0.02252
v -0.00003 0.10294 -0.02243
v -0.00373 0.1073 -0.02283
v -0.00331 0.10661 -0.02257
v -0.00239 0.10542 -0.02232
v -0.0039 0.10727 -0.0226
v -0.00346 0.10665 -0.02238
v -0.00246 0.10546 -0.02189
v -0.00352 0.1067 -0.02198
v -0.00412 0.10739 -0.02203
v -0.00404 0.10732 -0.02242
v -0.00481 0.1082 -0.02208
v -0.00473 0.10812 -0.02246
v -0.00528 0.10885 -0.0226
v -0.00461 0.10807 -0.02263
v -0.00545 0.1093 -0.02292
v -0.00505 0.10861 -0.02269
v -0.00449 0.10811 -0.02286
v -0.00514 0.10884 -0.02289
v -0.00519 0.10931 -0.02324
v -0.00496 0.10885 -0.02309
v -0.00443 0.1083 -0.02311
v 0.02638 0.0362 -0.47685
v 0.02638 0.03355 -0.47901
v 0.02638 0.03023 -0.47981
v 0.02638 0.02688 -0.4791
v 0.02638 0.02418 -0.477
v 0.02638 0.02265 -0.47393
v 0.02638 0.02261 -0.47051
v 0.02638 0.03914 -0.43507
v 0.02638 0.04178 -0.43291
v 0.02638 0.04511 -0.43211
v 0.02638 0.04845 -0.43283
v 0.02638 0.05116 -0.43493
v 0.02638 0.05268 -0.43799
v 0.02638 0.05272 -0.44141
v 0.01854 0.09051 0.02238
v -0.0463 0.09667 0.04539
v -0.05602 0.08799 0.04539
v -0.00201 0.09854 0.04457
v -0.00201 0.09854 0.0657
v -0.00201 0.09854 0.03754
v -0.00201 0.09854 0.07226
v -0.00271 0.0992 0.03483
v -0.00482 0.10119 0.03392
v -0.00271 0.0992 0.07465
v -0.00482 0.10119 0.07545
v -0.04419 0.05553 -0.02324
v -0.04388 0.05471 0.06391
v 0.02262 0.05278 -0.02324
v 0.01856 0.05553 -0.02324
v 0.02226 0.05196 0.06304
v 0.01825 0.05471 0.06304
v 0.02049 0.04888 -0.28906
v 0.02092 0.04811 -0.28949
v 0.02049 0.04888 -0.28024
v 0.02092 0.04811 -0.28024
v -0.0026 0.10987 0.22775
v -0.00176 0.11088 0.23062
v 0.00404 0.11026 0.22747
v 0.00206 0.10937 0.22522
v 0.00754 0.1119 0.22209
v 0.00488 0.11068 0.22088
v -0.0026 0.10789 0.23118
v -0.00756 0.11392 0.22958
v -0.00953 0.11151 0.22994
v -0.01106 0.11776 0.22548
v -0.01372 0.1161 0.22503
v -0.01106 0.13785 0.19067
v -0.00344 0.10688 0.22831
v -0.00924 0.10991 0.22727
v -0.01274 0.11375 0.22316
v -0.00727 0.11231 0.22691
v 0.00235 0.10625 0.22516
v 0.00433 0.10715 0.22742
v 0.00585 0.10789 0.21978
v -0.01372 0.13664 0.18946
v -0.01274 0.13385 0.18835
v -0.00756 0.13949 0.18529
v -0.00953 0.1386 0.18303
v -0.00924 0.13548 0.18297
v -0.00176 0.13887 0.18214
v -0.0026 0.13785 0.17927
v -0.00344 0.13486 0.17983
v 0.00433 0.13423 0.1805
v -0.00727 0.13637 0.18523
v 0.00235 0.13183 0.18086
v -0.0026 0.13588 0.1827
v 0.00206 0.13343 0.18353
v 0.00585 0.12799 0.18497
v 0.00488 0.13034 0.18684
v 0.00404 0.13583 0.18318
v 0.00754 0.13199 0.18728
v -0.00969 0.10018 0.15176
v -0.00932 0.10227 0.14982
v -0.01557 0.10018 0.15176
v -0.01594 0.10227 0.14982
v -0.00981 0.09951 0.15368
v -0.0211 0.09817 0.15176
v -0.02217 0.10001 0.14982
v -0.01546 0.09951 0.15368
v -0.01546 0.09951 0.22302
v -0.00981 0.09951 0.22302
v -0.02561 0.09438 0.15176
v -0.02724 0.09575 0.14982
v -0.02076 0.09758 0.15368
v -0.02076 0.09758 0.22302
v -0.01511 0.09754 0.22512
v -0.01016 0.09754 0.22512
v -0.01976 0.09584 0.22512
v -0.02355 0.09266 0.22512
v -0.02509 0.09395 0.22302
v -0.02603 0.08838 0.22512
v -0.02509 0.09395 0.15368
v -0.02791 0.08906 0.22302
v -0.02688 0.0835 0.22512
v -0.02855 0.08929 0.15176
v -0.03055 0.09002 0.14982
v -0.02791 0.08906 0.15368
v -0.02957 0.0835 0.15176
v -0.0317 0.0835 0.14982
v -0.02889 0.0835 0.22302
v -0.02889 0.0835 0.15368
v -0.02855 0.07771 0.15176
v -0.03055 0.07698 0.14982
v -0.02603 0.07862 0.22512
v -0.02791 0.07794 0.22302
v -0.02355 0.07434 0.22512
v -0.02791 0.07794 0.15368
v -0.02561 0.07261 0.15176
v -0.02724 0.07124 0.14982
v -0.01976 0.07116 0.22512
v -0.01511 0.06946 0.22512
v -0.02509 0.07305 0.22302
v -0.02076 0.06942 0.22302
v -0.01546 0.06749 0.22302
v -0.02509 0.07305 0.15368
v -0.02076 0.06942 0.15368
v -0.01546 0.06749 0.15368
v -0.01557 0.06682 0.15176
v -0.0211 0.06883 0.15176
v -0.02217 0.06699 0.14982
v -0.01594 0.06472 0.14982
v -0.04288 0.0938 0.0171
v -0.04216 0.09445 0.01163
v -0.04423 0.0926 0.00682
v -0.04605 0.09097 0.02067
v -0.04812 0.08912 0.00492
v -0.05019 0.08727 0.02067
v -0.04337 0.08796 0.02067
v -0.04751 0.08427 0.02067
v -0.05337 0.08444 0.0171
v -0.05069 0.08143 0.0171
v -0.05408 0.0838 0.01163
v -0.0514 0.08079 0.01163
v -0.05202 0.08565 0.00682
v -0.04933 0.08264 0.00682
v -0.04544 0.08612 0.00492
v 0.02317 0.07379 0.13901
v 0.02494 0.0725 0.13901
v 0.02562 0.07041 0.13901
v 0.02494 0.06833 0.13901
v 0.02317 0.06704 0.13901
v -0.02315 0.09602 0.01345
v -0.02315 0.09602 0.1283
v -0.02121 0.1004 0.01345
v -0.02121 0.1004 0.1283
v -0.01823 0.10386 0.01345
v -0.01823 0.10386 0.1283
v -0.01823 0.10689 0.1283
v -0.01823 0.10689 0.01345
v -0.00704 0.10689 0.1283
v -0.00704 0.10386 0.1283
v -0.00704 0.10689 0.01345
v -0.00704 0.10386 0.01345
v -0.00406 0.1004 0.01345
v -0.00406 0.1004 0.1283
v -0.00211 0.09602 0.01345
v -0.00211 0.09602 0.1283
v -0.05144 0.07852 0.00017
v -0.05207 0.07795 0.0008
v -0.04877 0.0809 -0.00004
v -0.0497 0.08168 -0.00004
v -0.04111 0.08774 -0.00004
v -0.04204 0.08852 -0.00004
v -0.03794 0.09057 0
v -0.04231 0.09073 -0.27047
v -0.04239 0.09064 -0.26898
v -0.04242 0.09061 -0.26471
v -0.04242 0.09063 -0.19628
v -0.04239 0.09066 -0.19255
v -0.04318 0.09119 -0.19227
v -0.036 0.06007 0.14992
v -0.03616 0.06096 0.15122
v -0.04 0.06007 0.14992
v -0.03984 0.06096 0.15122
v -0.04376 0.06144 0.14992
v -0.04146 0.0619 0.15383
v -0.03454 0.0619 0.15383
v -0.03454 0.0619 0.21315
v -0.04146 0.0619 0.21315
v -0.04331 0.06222 0.15122
v -0.04683 0.06401 0.14992
v -0.04677 0.06636 0.15383
v -0.04677 0.06636 0.21315
v -0.04613 0.06459 0.15122
v -0.04883 0.06748 0.14992
v -0.04798 0.06778 0.15122
v -0.04952 0.07142 0.14992
v -0.04797 0.07317 0.15383
v -0.04797 0.07317 0.21315
v -0.04862 0.07142 0.15122
v -0.04883 0.07536 0.14992
v -0.04798 0.07505 0.15122
v -0.04683 0.07882 0.14992
v -0.04451 0.07917 0.15383
v -0.04451 0.07917 0.21315
v -0.04613 0.07824 0.15122
v -0.04376 0.08139 0.14992
v -0.04331 0.08061 0.15122
v -0.04 0.08276 0.14992
v -0.038 0.08154 0.15383
v -0.038 0.08154 0.21315
v -0.03984 0.08187 0.15122
v -0.036 0.08276 0.14992
v -0.03616 0.08187 0.15122
v -0.00506 0.13196 -0.02568
v -0.02104 0.13196 -0.02568
v 0.01876 0.04167 -0.28024
v 0.01828 0.0386 -0.28024
v 0.01876 0.04167 -0.2864
v 0.01828 0.0386 -0.2864
v 0.01796 0.03381 -0.28024
v 0.01753 0.03869 -0.28682
v 0.01796 0.03381 -0.2864
v 0.01814 0.04231 -0.28682
v 0.01725 0.0342 -0.28682
v 0.01763 0.03092 -0.28024
v 0.01753 0.03869 -0.28906
v 0.01814 0.04231 -0.28906
v 0.019 0.04543 -0.28906
v 0.01814 0.04231 -0.28024
v 0.019 0.04543 -0.28024
v 0.01968 0.04717 -0.28906
v 0.0213 0.0503 -0.28906
v 0.02222 0.0517 -0.28906
v 0.0213 0.0503 -0.28682
v 0.0213 0.05031 -0.28024
v 0.02222 0.0517 -0.28682
v 0.02224 0.05173 -0.28024
v 0.02338 0.05204 -0.28949
v 0.0244 0.05444 -0.28906
v 0.02549 0.05452 -0.28949
v 0.02338 0.05204 -0.2864
v 0.02338 0.05204 -0.28024
v 0.02549 0.05452 -0.28024
v 0.02549 0.05452 -0.2864
v 0.0244 0.05444 -0.28682
v 0.02583 0.05499 -0.28056
v 0.02583 0.05499 -0.2864
v 0.02533 0.05544 -0.28056
v 0.02493 0.05502 -0.28024
v 0.02448 0.05622 -0.28056
v 0.02407 0.05578 -0.28024
v 0.02476 0.05483 -0.28682
v 0.02601 0.05537 -0.28106
v 0.02476 0.05483 -0.28906
v 0.02601 0.05537 -0.28659
v 0.02583 0.05499 -0.28949
v 0.02501 0.0551 -0.28893
v 0.02501 0.0551 -0.28697
v 0.02583 0.05499 -0.29533
v 0.02533 0.05544 -0.29533
v 0.02448 0.05622 -0.29533
v 0.02601 0.05537 -0.2893
v 0.0252 0.0553 -0.28855
v 0.0252 0.0553 -0.28735
v 0.02601 0.05537 -0.29483
v 0.02608 0.05571 -0.28712
v 0.02608 0.05571 -0.28877
v 0.02606 0.05601 -0.28876
v 0.02562 0.05573 -0.29483
v 0.02477 0.05651 -0.29483
v 0.02608 0.05571 -0.2942
v 0.02583 0.05595 -0.2942
v 0.02499 0.05674 -0.2942
v 0.02606 0.05601 -0.29344
v 0.02511 0.05691 -0.2908
v 0.02606 0.05601 -0.28713
v 0.02608 0.05571 -0.28169
v 0.02606 0.05601 -0.28245
v 0.02511 0.05691 -0.28245
v 0.02583 0.05595 -0.28169
v 0.02499 0.05674 -0.28169
v 0.02562 0.05573 -0.28106
v 0.02477 0.05651 -0.28106
v 0.00118 0.08366 0.46521
v 0.00103 0.08366 0.46743
v 0.00011 0.08899 0.46554
v 0.00078 0.08741 0.468
v 0.0021 0.08366 0.47583
v 0.00068 0.08783 0.46639
v 0.0005 0.0879 0.4665
v 0.00006 0.08905 0.46568
v -0.00156 0.0919 0.46568
v 0.00056 0.08749 0.46806
v -0.00233 0.09287 0.4665
v 0.00184 0.0877 0.47526
v 0.00162 0.08779 0.4752
v 0.00195 0.08837 0.47667
v -0.00229 0.09306 0.46639
v -0.0026 0.09336 0.468
v -0.00265 0.09313 0.46806
v 0.00217 0.08831 0.47678
v -0.00181 0.09412 0.47526
v -0.00185 0.09388 0.4752
v -0.00523 0.09646 0.47583
v -0.00118 0.09388 0.47667
v -0.00112 0.0941 0.47678
v -0.00769 0.09837 0.47796
v -0.00013 0.09305 0.47778
v -0.00023 0.09289 0.47763
v -0.00195 0.09488 0.47762
v 0.00077 0.09135 0.47799
v -0.00497 0.09691 0.47781
v -0.00488 0.09706 0.47906
v -0.00753 0.09835 0.47914
v -0.00247 0.09539 0.47914
v -0.00059 0.09349 0.47941
v 0.00093 0.09143 0.47814
v 0.00085 0.09139 0.47959
v 0.00193 0.08908 0.47941
v 0.00178 0.08971 0.47778
v 0.00158 0.0897 0.47763
v 0.00242 0.0872 0.47762
v 0.00259 0.0865 0.47914
v 0.0028 0.08366 0.47906
v 0.00262 0.08366 0.47781
v -0.00507 0.13196 0.03636
v -0.02105 0.13196 0.03636
v 0.01876 0.04167 -0.28949
v -0.00271 0.0992 0.12218
v -0.00201 0.09854 0.11977
v -0.00482 0.10119 0.12298
v -0.00201 0.09854 0.11455
v -0.00201 0.09854 0.08984
v -0.00201 0.09854 0.08456
v -0.03803 0.08564 -0.19432
v 0.01683 0.03084 -0.28701
v 0.01683 0.03084 -0.28024
v 0.01629 0.02879 -0.28701
v 0.01629 0.02879 -0.28024
v 0.01673 0.02777 -0.28024
v 0.01629 0.02879 -0.28888
v 0.01683 0.03084 -0.28888
v 0.01673 0.02777 -0.28701
v 0.01673 0.02777 -0.28888
v 0.01544 0.02435 -0.2821
v 0.01544 0.02435 -0.28701
v 0.01578 0.02521 -0.28062
v 0.0161 0.02605 -0.28024
v 0.01558 0.0247 -0.28118
v 0.01544 0.02435 -0.28888
v 0.01558 0.0247 -0.29471
v 0.01544 0.02435 -0.29379
v 0.01578 0.02521 -0.29527
v -0.04141 0.08771 0.13751
v -0.05133 0.07842 0.13636
v -0.05288 0.07614 0.13531
v -0.03804 0.09016 0.13928
v -0.05327 0.0781 0.13085
v -0.05436 0.07706 0.12991
v -0.05341 0.07319 0.13638
v -0.05482 0.0755 0.13084
v -0.05552 0.0753 0.12888
v -0.05531 0.07305 0.13111
v -0.05556 0.07529 0.12744
v -0.05347 0.07098 0.13673
v -0.05601 0.07301 0.12888
v -0.05608 0.07301 0.12744
v -0.05302 0.06886 0.13673
v -0.05542 0.07084 0.1312
v -0.05614 0.07079 0.12887
v -0.05498 0.0684 0.13119
v -0.05203 0.06613 0.13673
v -0.05623 0.07079 0.12744
v -0.05382 0.06528 0.13119
v -0.0506 0.06304 0.13678
v -0.05571 0.06824 0.12887
v -0.04882 0.05983 0.13692
v -0.05211 0.06189 0.13126
v -0.05449 0.06495 0.12887
v -0.04621 0.05523 0.13726
v -0.05001 0.05861 0.13148
v -0.04231 0.048 0.13789
v -0.04717 0.05432 0.13199
v -0.05044 0.05809 0.12907
v -0.05267 0.06141 0.12892
v -0.03788 0.03977 0.13847
v -0.04326 0.04789 0.13295
v -0.0337 0.03217 0.13866
v -0.03882 0.04033 0.13384
v -0.04424 0.04901 0.13009
v -0.04767 0.05422 0.12942
v -0.03033 0.02653 0.13869
v -0.0344 0.03264 0.13413
v -0.02832 0.02417 0.13878
v -0.03077 0.02665 0.13417
v -0.0353 0.03401 0.13087
v -0.04012 0.04232 0.13069
v -0.02555 0.02363 0.13888
v -0.02867 0.02417 0.13432
v -0.01988 0.02345 0.13895
v -0.02601 0.02363 0.13455
v -0.02879 0.02417 0.13107
v -0.03108 0.02699 0.1309
v -0.01274 0.02345 0.139
v -0.02067 0.02345 0.13483
v 0.00016 0.02363 0.13901
v 0.00296 0.02417 0.13901
v 0.00036 0.02363 0.13381
v 0.00318 0.02417 0.13381
v -0.01374 0.02345 0.13358
v 0.00326 0.02417 0.12784
v 0.00043 0.02363 0.12784
v 0.00041 0.02367 0.12303
v 0.00323 0.02421 0.12303
v -0.01276 0.02345 0.1275
v 0.00315 0.02432 0.12132
v 0.00033 0.02378 0.12132
v -0.01276 0.02349 0.12294
v -0.01276 0.02363 0.12132
v -0.02006 0.02362 0.12132
v -0.0201 0.02349 0.12268
v -0.02012 0.02345 0.12646
v -0.02593 0.02367 0.12241
v -0.02586 0.02378 0.12132
v -0.02868 0.02432 0.12132
v -0.02073 0.02345 0.1304
v -0.02876 0.02421 0.1223
v -0.02596 0.02363 0.12539
v -0.03183 0.02807 0.12228
v -0.03181 0.02824 0.12132
v -0.02879 0.02417 0.12495
v -0.02611 0.02363 0.12888
v -0.03858 0.03855 0.12132
v -0.02256 0.02345 0.13226
v -0.02657 0.02363 0.13149
v -0.02879 0.02417 0.12822
v -0.03134 0.02742 0.12807
v -0.03163 0.02779 0.12487
v -0.03635 0.03571 0.12807
v -0.03751 0.03718 0.12487
v -0.0417 0.04482 0.12804
v -0.03838 0.0382 0.12228
v -0.04476 0.04831 0.12223
v -0.04507 0.04872 0.12127
v -0.04344 0.04692 0.12486
v -0.04731 0.05211 0.12205
v -0.04646 0.05154 0.12473
v -0.0453 0.05051 0.12784
v -0.04825 0.05395 0.12459
v -0.04795 0.0543 0.12761
v -0.0505 0.05703 0.12455
v -0.05048 0.05774 0.1275
v -0.05274 0.06114 0.12746
v -0.05276 0.06061 0.12455
v -0.05457 0.06481 0.12744
v -0.05579 0.0682 0.12744
v -0.05582 0.06813 0.12454
v -0.05625 0.07079 0.12454
v -0.05609 0.073 0.12454
v -0.05609 0.07298 0.11735
v -0.05552 0.07519 0.11735
v -0.0556 0.07517 0.07841
v -0.05571 0.07517 0.02804
v -0.05468 0.07715 0.07841
v -0.0463 0.09666 0.03485
v -0.05602 0.08799 0.03485
v 0.021 0.08264 -0.01757
v 0.0216 0.08207 -0.01565
v 0.0216 0.08207 -0.00309
v 0.0216 0.08207 0.13122
v 0.02159 0.08208 0.13921
v 0.021 0.08264 0.14082
v -0.0217 0.08557 0.4665
v -0.02179 0.08519 0.46806
v -0.02196 0.0853 0.4752
v -0.02171 0.08567 0.47667
v -0.02115 0.08669 0.47763
v -0.02707 0.0897 0.47763
v -0.03402 0.0714 0.23621
v -0.00611 0.02267 0.15341
v -0.00587 0.02267 0.15181
v -0.00461 0.0238 0.15341
v -0.00431 0.0238 0.15181
v -0.00461 0.0238 0.15768
v -0.00515 0.02267 0.15014
v -0.00343 0.0238 0.15058
v -0.00394 0.02225 0.14803
v -0.00611 0.02267 0.15768
v -0.00461 0.0238 0.17156
v -0.00611 0.02267 0.17159
v -0.00461 0.02428 0.17523
v -0.00611 0.0232 0.17554
v 0.01748 0.0254 0.13302
v 0.0189 0.02743 0.13424
v 0.01857 0.02695 0.13208
v 0.01985 0.02878 0.13241
v 0.00436 0.10522 -0.02986
v 0.01102 0.09807 -0.18993
v 0.01793 0.09047 -0.02986
v 0.01793 0.0904 -0.27287
v 0.01793 0.09042 -0.18993
v 0.02434 0.08372 -0.02986
v 0.02434 0.08362 -0.27319
v 0.02434 0.08365 -0.18993
v 0.02896 0.07777 -0.27381
v 0.02434 0.08363 -0.26544
v 0.01793 0.0904 -0.26523
v 0.02896 0.07781 -0.18993
v 0.02896 0.07789 -0.02986
v 0.02896 0.07778 -0.26593
v 0.02972 0.0708 -0.18993
v 0.02986 0.07082 -0.26732
v 0.03017 0.07071 -0.02984
v 0.02992 0.07083 -0.27539
v 0.02319 0.06278 -0.26917
v 0.02548 0.06029 -0.03455
v 0.02661 0.06124 -0.02929
v 0.0218 0.06251 -0.18993
v 0.01685 0.0536 -0.18993
v 0.01842 0.04883 -0.04098
v 0.0217 0.05314 -0.02862
v 0.02368 0.05523 -0.02626
v 0.01804 0.04792 -0.03183
v 0.02065 0.05068 -0.02451
v 0.02031 0.04985 0.06304
v 0.01764 0.04672 0.06303
v 0.01767 0.04702 -0.02435
v 0.01347 0.04041 0.06294
v 0.01331 0.04041 -0.0322
v 0.01335 0.04041 -0.02195
v 0.01317 0.04038 -0.04368
v 0.00945 0.03495 -0.03075
v 0.00974 0.03495 -0.01943
v 0.01023 0.03495 0.04216
v 0.00686 0.03114 -0.0176
v 0.00633 0.03115 -0.02936
v 0.01181 0.03986 -0.17305
v 0.00796 0.0311 0.04133
v 0.00906 0.03493 -0.04331
v 0.00625 0.03094 -0.0436
v 0.00503 0.03432 -0.08945
v 0.00619 0.03553 -0.12851
v 0.0054 0.02819 -0.17423
v 0.00526 0.03092 -0.06149
v 0.01318 0.02846 -0.19005
v 0.01469 0.03947 -0.18993
v 0.01501 0.03669 -0.27082
v 0.01267 0.02234 -0.19042
v 0.00409 0.02291 -0.1795
v 0.01369 0.02368 -0.27073
v 0.01325 0.01716 -0.26967
v 0.01155 0.01781 -0.1914
v 0.00334 0.01887 -0.18247
v 0.00797 0.01458 -0.19562
v 0.00042 0.01572 -0.18782
v 0.0084 0.01411 -0.20025
v 0.01256 0.01735 -0.19668
v 0.00765 0.01106 -0.25902
v 0.0121 0.01317 -0.26742
v 0.00661 0.01065 -0.26246
v 0.00297 0.0102 -0.26765
v 0.0087 0.01236 -0.27226
v 0.00969 0.01518 -0.27515
v -0.00003 0.01324 -0.27744
v 0.01029 0.01937 -0.27808
v -0.00081 0.01339 -0.28038
v -0.00316 0.01291 -0.2838
v 0.00495 0.01824 -0.28313
v 0.01368 0.03386 -0.27766
v 0.00173 0.01753 -0.28833
v -0.00548 0.01137 -0.28901
v 0.00998 0.02826 -0.28196
v 0.0175 0.05326 -0.27958
v 0.00869 0.03149 -0.28564
v -0.00019 0.00078 -0.32947
v -0.00661 -0.00672 -0.33174
v -0.00038 -0.00898 -0.34958
v -0.00692 -0.01498 -0.34651
v 0.00177 -0.00525 -0.35403
v -0.00107 -0.01959 -0.36499
v -0.00724 -0.02555 -0.36217
v -0.00748 -0.03582 -0.37493
v 0.00112 -0.01311 -0.36776
v -0.00252 -0.03505 -0.38134
v -0.00298 -0.0504 -0.39415
v 0.00445 -0.0173 -0.38951
v -0.0077 -0.05064 -0.3891
v 0.00753 0.01505 -0.34332
v 0.01573 0.00265 -0.4679
v -0.0027 -0.06554 -0.3979
v -0.00739 -0.06546 -0.39326
v 0.00326 -0.06656 -0.46002
v -0.00136 -0.07967 -0.3891
v -0.00629 -0.0797 -0.38366
v -0.00707 -0.08727 -0.38313
v 0.01381 0.03767 -0.33122
v -0.0028 -0.08704 -0.38857
v 0.00012 -0.08018 -0.45507
v -0.00496 -0.09123 -0.39342
v -0.0081 -0.09296 -0.38955
v -0.00189 -0.08722 -0.45203
v -0.00461 -0.09268 -0.44965
v -0.00844 -0.0947 -0.44898
v -0.00844 -0.09404 -0.4582
v -0.00463 -0.09259 -0.45832
v -0.00621 -0.09128 -0.46399
v -0.00195 -0.0873 -0.46013
v -0.00373 -0.08687 -0.46667
v 0.00004 -0.08025 -0.46279
v -0.00103 -0.08017 -0.46838
v 0.00332 -0.06667 -0.4679
v 0.00239 -0.06673 -0.47282
v 0.01579 0.00281 -0.47966
v 0.01378 0.00309 -0.48518
v 0.02286 0.05819 -0.48409
v 0.02201 0.06347 -0.48935
v 0.0235 0.05652 -0.46984
v 0.02696 0.06338 -0.47035
v 0.02876 0.07087 -0.46884
v 0.02117 0.0556 -0.32193
v 0.03026 0.07083 -0.31626
v 0.02726 0.06311 -0.31913
v 0.02374 0.06298 -0.27756
v 0.01762 0.0534 -0.27025
v 0.0153 0.05699 -0.2908
v 0.0153 0.05699 -0.28245
v 0.00528 0.09002 0.14982
v 0.00328 0.08929 0.15176
v 0.00643 0.0835 0.14982
v 0.0043 0.0835 0.15176
v 0.00528 0.07698 0.14982
v 0.00034 0.09438 0.15176
v 0.00197 0.09575 0.14982
v 0.00328 0.07771 0.15176
v 0.00197 0.07124 0.14982
v -0.00417 0.09817 0.15176
v -0.0031 0.10001 0.14982
v -0.0045 0.09758 0.15368
v -0.00018 0.09395 0.15368
v -0.0045 0.09758 0.22302
v 0.00265 0.08906 0.15368
v -0.00018 0.09395 0.22302
v -0.00551 0.09584 0.22512
v -0.00172 0.09266 0.22512
v 0.00265 0.08906 0.22302
v 0.00363 0.0835 0.15368
v 0.00076 0.08838 0.22512
v 0.00265 0.07794 0.15368
v 0.00363 0.0835 0.22302
v 0.00162 0.0835 0.22512
v 0.00265 0.07794 0.22302
v -0.00018 0.07305 0.15368
v 0.00076 0.07862 0.22512
v -0.00018 0.07305 0.22302
v 0.00034 0.07261 0.15176
v -0.0031 0.06699 0.14982
v -0.00172 0.07434 0.22512
v -0.00417 0.06883 0.15176
v -0.00932 0.06472 0.14982
v -0.00969 0.06682 0.15176
v -0.00981 0.06749 0.15368
v -0.0045 0.06942 0.15368
v -0.0045 0.06942 0.22302
v -0.00981 0.06749 0.22302
v -0.00551 0.07116 0.22512
v -0.01016 0.06946 0.22512
v -0.03403 0.05662 -0.16501
v -0.04811 0.05652 -0.16506
v 0.02258 0.0566 -0.1808
v 0.00865 0.0566 -0.1808
v 0.02258 0.0566 -0.16501
v 0.00865 0.0566 -0.16501
v 0.02249 0.0564 -0.16451
v 0.00865 0.0564 -0.16451
v 0.02276 0.05581 -0.16457
v 0.02262 0.05546 -0.16449
v 0.02285 0.05601 -0.16477
v -0.01274 0.09518 0.44102
v -0.01274 0.09563 0.44599
v -0.01079 0.09501 0.44102
v -0.01072 0.09545 0.44599
v -0.02642 0.09143 0.47814
v -0.02726 0.08971 0.47778
v -0.02765 0.08831 0.47678
v -0.02741 0.08908 0.47941
v -0.0279 0.0872 0.47762
v -0.02811 0.08366 0.47781
v -0.02828 0.08366 0.47906
v -0.02808 0.0865 0.47914
v -0.02634 0.09139 0.47959
v -0.02642 0.1311 0.17655
v -0.02642 0.1311 -0.09599
v -0.02555 0.13297 -0.09599
v -0.038 0.08154 0.22714
v -0.038 0.08154 0.22406
v -0.04449 0.07917 0.22714
v -0.04451 0.07918 0.22406
v -0.04798 0.07318 0.22714
v -0.04797 0.07318 0.22406
v -0.04677 0.06637 0.22714
v -0.04677 0.06636 0.22406
v -0.04145 0.0619 0.22714
v -0.04146 0.06191 0.22406
v -0.03455 0.0619 0.22714
v -0.03454 0.06191 0.22406
v -0.01918 0.02267 0.15181
v -0.01991 0.02267 0.15014
v -0.02112 0.02225 0.14803
v -0.02309 0.02368 0.14982
v -0.00197 0.02368 0.14982
v -0.02162 0.0238 0.15058
v -0.02075 0.0238 0.15181
v -0.01894 0.02267 0.15341
v -0.02045 0.0238 0.15341
v -0.00856 0.02267 0.17159
v -0.00856 0.0232 0.17554
v -0.01894 0.02267 0.15768
v -0.02045 0.0238 0.15768
v -0.01894 0.02267 0.17159
v -0.01645 0.02267 0.17159
v -0.02045 0.0238 0.17156
v -0.01894 0.0232 0.17554
v -0.01645 0.0232 0.17554
v -0.02045 0.02428 0.17523
v -0.04325 0.0446 -0.18075
v -0.04359 0.04544 -0.16423
v -0.04325 0.0446 -0.16506
v -0.04777 0.05568 -0.16423
v 0.01992 0.04582 -0.28949
v 0.02039 0.04698 -0.28949
v 0.01992 0.04582 -0.28024
v 0.02039 0.04698 -0.28024
v -0.02873 0.02785 -0.06521
v -0.02886 0.02423 -0.06257
v -0.02989 0.02562 -0.0615
v -0.02487 0.0143 -0.06366
v -0.03066 0.03432 -0.08945
v -0.03089 0.03092 -0.06149
v -0.02894 0.02056 -0.06209
v -0.03053 0.02626 -0.05876
v -0.02995 0.02192 -0.0611
v -0.0293 0.01915 -0.06071
v -0.02562 0.01495 -0.05991
v -0.02507 0.01421 -0.04128
v -0.02644 0.0157 -0.05746
v -0.02973 0.01893 -0.05779
v -0.02664 0.01561 -0.04782
v -0.02586 0.0148 -0.04529
v -0.03013 0.01892 -0.04754
v -0.02989 0.01913 -0.04452
v -0.03025 0.01993 -0.05734
v 0.01056 0.03256 -0.048
v 0.01056 0.03218 -0.04744
v 0.01056 0.03256 -0.05704
v 0.01056 0.03151 -0.04717
v 0.01056 0.02058 -0.04744
v 0.01056 0.02116 -0.04717
v 0.01056 0.0203 -0.048
v 0.01056 0.0203 -0.05704
v 0.01849 0.04546 -0.18132
v 0.02262 0.05546 -0.18132
v 0.02276 0.05581 -0.18124
v 0.02285 0.05601 -0.18104
v 0.02288 0.05609 -0.18069
v 0.02288 0.05609 -0.16512
v 0.02236 0.05606 -0.16418
v 0.02215 0.05556 -0.16397
v 0.01793 0.04536 -0.16397
v 0.01849 0.04546 -0.16449
v 0.01823 0.04484 -0.16512
v 0.01835 0.04512 -0.16457
v 0.01772 0.04486 -0.16418
v 0.01759 0.04453 -0.16451
v 0.01826 0.04492 -0.16477
v 0.0175 0.04432 -0.16501
v 0.0175 0.04432 -0.1808
v 0.01823 0.04484 -0.18069
v 0.01759 0.04453 -0.1813
v 0.01826 0.04492 -0.18104
v 0.01772 0.04486 -0.18163
v 0.01835 0.04512 -0.18124
v -0.04904 0.09501 0.0747
v 0.00032 0.1311 0.17655
v 0.00032 0.1311 -0.09599
v -0.00056 0.13297 -0.09599
v -0.00506 0.13196 -0.01514
v -0.02104 0.13196 -0.01514
v -0.03363 0.03258 -0.05704
v -0.03363 0.03258 -0.048
v -0.03363 0.0203 -0.05704
v -0.03363 0.02132 -0.04717
v -0.03363 0.03219 -0.04744
v -0.03363 0.03155 -0.04717
v -0.03363 0.02067 -0.04744
v -0.03363 0.0203 -0.048
v 0.02976 0.06804 0.13901
v 0.03016 0.06804 0.13374
v 0.02853 0.06416 0.13901
v 0.03029 0.06804 0.12756
v 0.02894 0.06416 0.13374
v 0.02907 0.06416 0.12756
v 0.02692 0.06018 0.13901
v 0.02907 0.06416 0.11811
v 0.02729 0.06015 0.13374
v 0.02726 0.05996 0.11811
v 0.02532 0.05715 0.13901
v 0.02508 0.05625 0.11811
v 0.02562 0.05702 0.13374
v 0.02735 0.06006 0.12756
v 0.02542 0.05663 0.12756
v 0.02341 0.05358 0.1276
v 0.02357 0.05373 0.13375
v 0.02147 0.0506 0.1277
v 0.02324 0.05379 0.13901
v 0.02022 0.04885 0.13901
v 0.02191 0.05188 0.1228
v 0.02081 0.04929 0.13377
v 0.00612 0.02756 0.12784
v 0.00631 0.02801 0.12303
v 0.00629 0.02824 0.12132
v 0.00583 0.02713 0.13381
v 0.0055 0.02699 0.13901
v -0.01055 0.09533 0.25999
v -0.01472 0.09533 0.25999
v -0.01035 0.09647 0.25851
v -0.01492 0.09647 0.25851
v -0.01864 0.09391 0.25999
v -0.01921 0.0949 0.25851
v -0.02184 0.09122 0.25999
v -0.02272 0.09196 0.25851
v -0.02392 0.08761 0.25999
v -0.025 0.088 0.25851
v -0.02465 0.0835 0.25999
v -0.0258 0.0835 0.25851
v -0.02392 0.07939 0.25999
v -0.025 0.079 0.25851
v -0.02184 0.07578 0.25999
v -0.02272 0.07504 0.25851
v -0.01864 0.0731 0.25999
v -0.01472 0.07167 0.25999
v -0.01921 0.0721 0.25851
v -0.01492 0.07054 0.25851
v -0.02045 0.08425 0.15768
v -0.02045 0.08425 0.15341
v -0.02075 0.08425 0.15181
v -0.02162 0.08425 0.15058
v -0.02309 0.08425 0.14982
v -0.00461 0.08425 0.15768
v -0.00461 0.08425 0.15341
v -0.00431 0.08425 0.15181
v -0.00343 0.08425 0.15058
v -0.00197 0.08425 0.14982
v 0.00197 0.01768 0.0722
v 0.00193 0.02429 0.08914
v -0.03697 0.09144 0.0008
v -0.0152 0.09698 0.4249
v -0.01045 0.09698 0.4249
v -0.01967 0.09535 0.4249
v -0.02331 0.0923 0.4249
v -0.0245 0.09024 0.4249
v -0.0245 0.07676 0.4249
v -0.02331 0.07471 0.4249
v -0.01967 0.07165 0.4249
v -0.0152 0.07002 0.4249
v -0.03794 0.08572 -0.27026
v -0.03802 0.08564 -0.26881
v -0.03804 0.08561 -0.26476
v -0.03948 0.09144 0.01163
v -0.04019 0.0908 0.0171
v -0.04155 0.08959 0.00682
v -0.00058 0.01672 0.04592
v 0.00327 0.02211 0.04922
v 0.00013 0.01043 0.05092
v 0.00526 0.02386 0.07543
v 0.00519 0.02641 0.08914
v 0.00519 0.02024 0.0576
v 0.00657 0.02879 0.08914
v 0.00795 0.03109 0.08914
v 0.00668 0.02817 0.07718
v 0.01023 0.03495 0.08914
v 0.008 0.0311 0.07776
v 0.01023 0.03495 0.07776
v 0.01023 0.03495 0.0637
v 0.00678 0.02728 0.06197
v 0.00806 0.03111 0.0635
v 0.01022 0.03495 0.05479
v 0.00803 0.03111 0.05396
v 0.00659 0.02775 0.05255
v 0.00625 0.02874 0.04086
v 0.0047 0.02886 -0.0164
v 0.00379 0.02618 0.04038
v -0.00021 0.02388 0.03995
v 0.00201 0.02637 -0.0153
v -0.0019 0.02343 -0.01348
v 0.00196 0.02641 -0.02685
v -0.00015 0.02334 -0.02684
v 0.00047 0.02274 -0.03468
v 0.00427 0.02889 -0.02795
v 0.00396 0.02773 -0.03885
v 0.00518 0.02916 -0.03999
v 0.00386 0.02417 -0.04253
v -0.00003 0.01961 -0.03782
v 0.00505 0.02561 -0.04372
v -0.00057 0.01421 -0.04128
v 0.00554 0.02625 -0.04657
v 0.00396 0.02053 -0.04304
v 0.00509 0.02192 -0.04414
v 0.00547 0.02251 -0.04683
v 0.0049 0.02626 -0.05876
v 0.00512 0.02033 -0.04537
v 0.00426 0.01913 -0.04452
v 0.00024 0.0148 -0.04529
v 0.00524 0.02085 -0.04758
v -0.00076 0.0143 -0.06366
v 0.00101 0.01561 -0.04782
v 0.0045 0.01892 -0.04754
v 0.00081 0.0157 -0.05746
v -0.00001 0.01495 -0.05991
v 0.00409 0.01893 -0.05779
v 0.00331 0.02056 -0.06209
v 0.00508 0.01993 -0.04801
v 0.00367 0.01915 -0.06071
v 0.00462 0.01993 -0.05734
v 0.00444 0.02033 -0.05993
v 0.00468 0.02039 -0.0562
v 0.00505 0.02039 -0.04915
v 0.0047 0.02084 -0.05776
v 0.00485 0.02251 -0.05851
v 0.00432 0.02192 -0.0611
v 0.00426 0.02562 -0.0615
v 0.00323 0.02423 -0.06257
v 0 0.0197 -0.06588
v 0.00059 0.02306 -0.06733
v 0.00309 0.02785 -0.06521
v 0.00403 0.02921 -0.06445
v 0.0013 0.02901 -0.08165
v -0.00072 0.02412 -0.0776
v 0.00302 0.03176 -0.08484
v 0.00199 0.0303 -0.0828
v -0.00009 0.03368 -0.09544
v -0.00145 0.03127 -0.09123
v -0.00217 0.02957 -0.08877
v -0.00269 0.02811 -0.08706
v -0.0042 0.02416 -0.08327
v -0.01281 0.02725 -0.08937
v -0.01281 0.02883 -0.09126
v -0.01294 0.01545 -0.18894
v -0.01294 0.0696 -0.18894
v -0.00385 0.01508 -0.19241
v -0.00385 0.0696 -0.19241
v 0.0006 0.01424 -0.19843
v 0.0006 0.0696 -0.19843
v 0.0007 0.01403 -0.20146
v 0.0007 0.0696 -0.20146
v 0.0007 0.01129 -0.2486
v 0.0007 0.0696 -0.2486
v 0.00063 0.01079 -0.25757
v 0.00063 0.0696 -0.25757
v -0.0004 0.01055 -0.26093
v -0.0004 0.0696 -0.26093
v -0.00344 0.01012 -0.26526
v -0.00344 0.0696 -0.26526
v 0.00851 0.1091 0.22099
v -0.01009 0.1154 0.22361
v -0.01009 0.13506 0.18956
v 0.00851 0.12964 0.18541
v -0.05451 0.09013 0.02126
v 0.01719 0.08219 -0.01815
v 0.01894 0.08054 -0.01753
v 0.01953 0.07998 -0.0156
v 0.01953 0.07998 -0.00309
v 0.01953 0.07998 0.13118
v 0.01953 0.07998 0.13917
v 0.01894 0.08054 0.14079
v 0.01719 0.08219 0.14132
v 0.01544 0.08385 0.14079
v -0.03329 -0.0784 0.16327
v -0.03504 -0.07827 0.17381
v -0.03257 -0.05231 0.16596
v -0.03644 -0.09051 0.16507
v -0.02854 -0.07834 0.15372
v -0.03426 -0.05231 0.17548
v -0.03026 -0.02539 0.17117
v -0.02798 -0.05216 0.15717
v -0.03176 -0.02482 0.17926
v -0.02622 -0.02609 0.16362
v -0.03048 -0.0061 0.17176
v -0.02005 -0.0266 0.15867
v -0.03195 -0.00527 0.17917
v -0.021 -0.0517 0.15161
v -0.01282 -0.0514 0.14964
v -0.01282 -0.02679 0.15686
v -0.01282 -0.07757 0.14544
v -0.02019 -0.00807 0.15994
v -0.01282 -0.00844 0.15813
v -0.0213 -0.07789 0.14762
v -0.02261 -0.09089 0.14879
v -0.01282 -0.09076 0.14637
v -0.03096 -0.09093 0.15528
v -0.03847 -0.08988 0.17612
v -0.03645 -0.08931 0.18641
v -0.03096 -0.08876 0.19505
v -0.03329 -0.07816 0.18284
v -0.01282 -0.08795 0.20363
v -0.02261 -0.08822 0.20119
v -0.01282 -0.07614 0.19694
v -0.02854 -0.07775 0.19002
v -0.0213 -0.07677 0.195
v -0.021 -0.0521 0.19374
v -0.01282 -0.052 0.19554
v -0.03257 -0.05231 0.18325
v -0.02798 -0.05226 0.18932
v -0.03027 -0.02451 0.18578
v -0.02005 -0.02428 0.19512
v -0.01282 -0.02426 0.19692
v -0.02622 -0.02435 0.191
v -0.03049 -0.00481 0.18498
v -0.0202 -0.00437 0.19361
v -0.02646 -0.00454 0.18965
v -0.02276 0.01075 0.19448
v -0.03101 0.01076 0.19005
v -0.0359 0.0106 0.18397
v -0.03472 0.01801 0.19089
v -0.02485 0.01773 0.19572
v -0.02339 0.01982 0.19288
v -0.03158 0.02002 0.18832
v -0.04027 0.01809 0.1833
v -0.03689 0.02005 0.18193
v -0.03775 0.01955 0.17393
v -0.04197 0.01749 0.17441
v -0.0375 0.01002 0.17673
v -0.04027 0.01602 0.1657
v -0.03689 0.01836 0.16591
v -0.03158 0.01651 0.15943
v -0.03589 0.00882 0.16881
v -0.03472 0.01372 0.15834
v -0.02645 -0.00718 0.1647
v -0.031 0.00708 0.16172
v -0.02275 0.00521 0.15695
v -0.01282 0.00428 0.15515
v -0.01282 0.00935 0.15168
v -0.02485 0.01087 0.15348
v -0.01282 0.01274 0.1534
v -0.02339 0.01389 0.15456
v -0.01281 -0.00914 -0.04754
v -0.00014 -0.00873 -0.05177
v -0.00012 -0.0056 -0.04638
v -0.01281 -0.00727 -0.0433
v -0.01281 -0.00736 -0.03598
v -0.00213 -0.00565 -0.03611
v -0.00377 -0.00568 -0.02972
v -0.01281 -0.00738 -0.02951
v -0.01281 -0.00529 -0.02777
v -0.00562 -0.00387 -0.02795
v -0.00757 -0.00112 -0.02848
v -0.01281 -0.00215 -0.02837
v -0.00469 0.00353 -0.02843
v -0.00689 0.00444 -0.02864
v -0.00417 0.01325 -0.02699
v -0.00652 0.01315 -0.02702
v -0.00618 0.0187 -0.02427
v -0.00369 0.01881 -0.02395
v -0.0037 0.02161 -0.01913
v -0.0062 0.0214 -0.02026
v -0.00715 0.02236 -0.01679
v -0.00501 0.02265 -0.01484
v -0.00174 0.02133 -0.02105
v -0.01281 0.02301 -0.01342
v -0.01281 0.02268 -0.01563
v -0.00663 0.09391 0.25999
v -0.00605 0.0949 0.25851
v -0.00255 0.09196 0.25851
v -0.00343 0.09122 0.25999
v -0.00026 0.088 0.25851
v -0.00135 0.08761 0.25999
v 0.00053 0.0835 0.25851
v -0.00062 0.0835 0.25999
v -0.00026 0.079 0.25851
v -0.00135 0.07939 0.25999
v -0.00255 0.07504 0.25851
v -0.00343 0.07578 0.25999
v -0.00605 0.0721 0.25851
v -0.01035 0.07054 0.25851
v -0.00663 0.0731 0.25999
v -0.01055 0.07167 0.25999
v -0.02342 0.03434 0.17695
v -0.02343 0.03284 0.17487
v -0.02342 0.03283 0.17744
v -0.02342 0.03132 0.17695
v -0.02342 0.03528 0.17566
v -0.02342 0.03038 0.17566
v -0.02342 0.03528 0.17407
v -0.02342 0.03038 0.17407
v -0.02342 0.03434 0.17278
v -0.02342 0.03132 0.17278
v -0.02342 0.03283 0.17229
v -0.04408 0.06982 0.23565
v -0.04198 0.06966 0.23624
v -0.00506 0.13196 -0.00461
v -0.02104 0.13196 -0.00461
v 0.01722 0.03394 -0.28682
v 0.01787 0.033 -0.2864
v 0.01725 0.0342 -0.28906
v 0.01718 0.03359 -0.28703
v 0.01782 0.03262 -0.28668
v 0.01779 0.0324 -0.28701
v 0.01763 0.03092 -0.28701
v 0.01715 0.03338 -0.28727
v 0.01722 0.03394 -0.28906
v 0.01718 0.03359 -0.28887
v 0.01715 0.03338 -0.28862
v 0.01779 0.0324 -0.28888
v 0.01763 0.03092 -0.28888
v 0.01782 0.03262 -0.28921
v 0.01787 0.033 -0.28949
v 0.01796 0.03381 -0.28949
v 0.01828 0.0386 -0.28949
v -0.00135 0.03434 0.17278
v -0.00135 0.03284 0.17487
v -0.00135 0.03283 0.17229
v -0.00135 0.03132 0.17278
v -0.00135 0.03528 0.17407
v -0.00135 0.03038 0.17407
v -0.00135 0.03528 0.17566
v -0.00135 0.03038 0.17566
v -0.00135 0.03434 0.17695
v -0.00135 0.03132 0.17695
v -0.00135 0.03283 0.17744
v -0.02988 0.02029 -0.0571
v -0.02988 0.02029 -0.04795
v -0.02988 0.02066 -0.04728
v 0.00195 0.0835 0.38719
v 0.00107 0.07852 0.38719
v 0.00115 0.0835 0.38532
v 0.00032 0.07879 0.38532
v 0.00032 0.08822 0.38532
v -0.00146 0.07413 0.38719
v -0.00207 0.07464 0.38532
v -0.00574 0.07156 0.38532
v 0.00107 0.08849 0.38719
v -0.00207 0.09236 0.38532
v 0.00195 0.0835 0.41034
v 0.00107 0.08849 0.41034
v -0.00146 0.09287 0.38719
v -0.00146 0.09287 0.41034
v -0.00534 0.09613 0.38719
v -0.00574 0.09544 0.38532
v -0.00146 0.09287 0.42289
v 0.00107 0.08849 0.42289
v 0.00195 0.0835 0.42289
v 0.00107 0.07852 0.41034
v 0.00107 0.07852 0.42289
v -0.00146 0.07413 0.41034
v -0.00146 0.07413 0.42289
v -0.0034 0.0725 0.42289
v -0.00534 0.07087 0.38719
v -0.0101 0.06914 0.38719
v -0.01024 0.06993 0.38532
v -0.00245 0.03283 0.17132
v -0.00245 0.03491 0.172
v -0.00245 0.03075 0.172
v -0.00245 0.0362 0.17377
v -0.00245 0.02946 0.17377
v -0.00245 0.0362 0.17596
v -0.00245 0.02946 0.17596
v -0.00245 0.03491 0.17773
v -0.00245 0.03075 0.17773
v -0.00245 0.03283 0.17841
v 0.00324 0.02066 -0.04728
v 0.00324 0.02029 -0.04795
v 0.00324 0.02029 -0.0571
v 0.01124 0.02005 0.18193
v 0.01462 0.01809 0.1833
v 0.0121 0.01955 0.17393
v 0.00536 0.01076 0.19005
v 0.01025 0.0106 0.18397
v 0.01632 0.01749 0.17441
v 0.01462 0.01602 0.1657
v 0.01124 0.01836 0.16591
v 0.00593 0.01651 0.15943
v 0.00082 -0.00454 0.18965
v 0.01185 0.01002 0.17673
v -0.00545 -0.00437 0.19361
v 0.01024 0.00882 0.16881
v 0.0063 -0.00527 0.17917
v 0.00485 -0.00481 0.18498
v 0.00057 -0.02435 0.191
v -0.0056 -0.02428 0.19512
v -0.00464 -0.0521 0.19374
v 0.00233 -0.05226 0.18932
v 0.00462 -0.02451 0.18578
v -0.00435 -0.07677 0.195
v 0.00611 -0.02482 0.17926
v 0.00289 -0.07775 0.19002
v -0.00304 -0.08822 0.20119
v 0.00532 -0.08876 0.19505
v 0.0108 -0.08931 0.18641
v 0.00764 -0.07816 0.18284
v 0.00692 -0.05231 0.18325
v 0.0094 -0.07827 0.17381
v 0.01282 -0.08988 0.17612
v 0.00861 -0.05231 0.17548
v 0.0108 -0.09051 0.16507
v 0.00764 -0.0784 0.16327
v 0.00531 -0.09093 0.15528
v 0.00289 -0.07834 0.15372
v 0.00692 -0.05231 0.16596
v -0.00304 -0.09089 0.14879
v -0.00435 -0.07789 0.14762
v -0.00464 -0.0517 0.15161
v 0.00233 -0.05216 0.15717
v -0.0056 -0.0266 0.15867
v 0.00462 -0.02539 0.17117
v 0.00057 -0.02609 0.16362
v 0.00484 -0.0061 0.17176
v -0.00546 -0.00807 0.15994
v -0.0029 0.00521 0.15695
v 0.0008 -0.00718 0.1647
v 0.00535 0.00708 0.16172
v 0.00907 0.01372 0.15834
v -0.00079 0.01087 0.15348
v -0.00226 0.01389 0.15456
v -0.00507 0.13196 0.01529
v -0.02105 0.13196 0.01529
v -0.02274 0.12881 -0.09599
v -0.02269 0.1136 -0.09599
v -0.02269 0.1136 0.15039
v -0.02274 0.12881 0.17655
v -0.02269 0.10509 0.1504
v -0.02119 0.10278 0.15038
v -0.00598 0.09535 0.4249
v -0.00235 0.0923 0.4249
v -0.00116 0.09024 0.4249
v -0.00116 0.07676 0.4249
v -0.00235 0.07471 0.4249
v -0.00598 0.07165 0.4249
v -0.01045 0.07002 0.4249
v -0.01616 0.03868 0.16934
v -0.01251 0.03868 0.16832
v -0.00886 0.03868 0.16934
v -0.00337 0.12881 -0.09599
v -0.00342 0.1136 -0.09599
v -0.00342 0.1136 0.15039
v -0.00337 0.12881 0.17655
v -0.00342 0.10509 0.1504
v -0.00492 0.10278 0.15038
v -0.01871 -0.01498 -0.34651
v -0.01281 -0.01563 -0.34606
v -0.01902 -0.00672 -0.33174
v -0.02525 -0.00898 -0.34958
v -0.01281 -0.00743 -0.33136
v -0.01281 0.01023 -0.28884
v -0.02015 0.01137 -0.28901
v -0.02544 0.00078 -0.32947
v -0.03316 0.01505 -0.34332
v -0.02736 0.01753 -0.28833
v -0.02247 0.01291 -0.2838
v -0.01281 0.01141 -0.284
v -0.01281 0.01182 -0.28088
v -0.03433 0.03149 -0.28564
v -0.03059 0.01824 -0.28313
v -0.03944 0.03767 -0.33122
v -0.03561 0.02826 -0.28196
v -0.04313 0.05326 -0.27958
v -0.04913 0.05652 -0.46984
v -0.0468 0.0556 -0.32193
v -0.05289 0.06311 -0.31914
v -0.05588 0.07083 -0.31626
v -0.05439 0.07087 -0.46884
v -0.05555 0.07083 -0.27539
v -0.04938 0.06298 -0.27756
v -0.04882 0.06278 -0.26917
v -0.03931 0.03386 -0.27766
v -0.03593 0.01937 -0.27808
v -0.02482 0.01339 -0.28038
v -0.02561 0.01324 -0.27744
v -0.01281 0.01229 -0.27779
v -0.01281 0.01181 -0.27398
v -0.03532 0.01518 -0.27515
v -0.02504 0.01193 -0.27394
v -0.01289 0.00997 -0.26843
v -0.03433 0.01236 -0.27226
v -0.03888 0.01716 -0.26967
v -0.03932 0.02368 -0.27073
v -0.02139 0.01001 -0.26887
v -0.01294 0.0099 -0.26764
v -0.01951 0.0099 -0.26764
v -0.02244 0.01012 -0.26526
v -0.02883 0.0102 -0.26771
v -0.03191 0.01054 -0.26339
v -0.02548 0.01055 -0.26093
v -0.02652 0.0141 -0.19995
v -0.03773 0.01317 -0.26742
v -0.03213 0.01441 -0.19711
v -0.02612 0.01572 -0.18781
v -0.02203 0.01508 -0.19241
v -0.01287 0.01574 -0.1869
v -0.01281 0.01893 -0.18108
v -0.02898 0.01887 -0.18247
v -0.01281 0.02294 -0.17784
v -0.03769 0.01758 -0.19404
v -0.02972 0.02291 -0.1795
v -0.01281 0.02619 -0.1717
v -0.03883 0.02222 -0.19325
v -0.03103 0.02819 -0.17423
v -0.01281 0.03276 -0.13103
v -0.03182 0.03553 -0.12851
v -0.02554 0.03368 -0.09544
v -0.01281 0.03267 -0.09713
v -0.02418 0.03127 -0.09123
v -0.01281 0.03058 -0.09373
v -0.02865 0.03176 -0.08484
v -0.02346 0.02957 -0.08877
v -0.02294 0.02811 -0.08706
v -0.02694 0.02901 -0.08165
v -0.02762 0.0303 -0.0828
v -0.02966 0.02921 -0.06445
v -0.0157 0.09721 0.4665
v -0.01609 0.09709 0.46806
v -0.01617 0.09816 0.4752
v -0.01574 0.09873 0.47667
v -0.0059 0.00783 -0.28852
v -0.0059 0.01533 -0.29079
v -0.0059 0.0105 -0.27877
v -0.0059 0.00433 -0.2947
v -0.0059 0.01137 -0.29983
v -0.02475 0.01044 -0.0434
v -0.02435 0.01166 -0.03476
v -0.02535 0.00319 -0.04552
v -0.02478 0.01054 -0.06326
v -0.02464 0.01633 -0.03227
v -0.02475 0.0201 -0.02913
v -0.02386 0.01825 -0.02587
v -0.02389 0.02133 -0.02105
v -0.02193 0.02161 -0.01913
v -0.02336 0.0129 -0.02891
v -0.02063 0.02265 -0.01484
v -0.01849 0.02236 -0.01679
v -0.01944 0.0214 -0.02026
v -0.01945 0.0187 -0.02427
v -0.02194 0.01881 -0.02395
v -0.02146 0.01325 -0.02699
v -0.01911 0.01315 -0.02702
v -0.01874 0.00444 -0.02864
v -0.02291 0.0029 -0.03031
v -0.02094 0.00353 -0.02843
v -0.01806 -0.00112 -0.02848
v -0.02002 -0.00387 -0.02795
v -0.02187 -0.00568 -0.02972
v -0.0235 -0.00565 -0.03611
v -0.02442 0.00283 -0.03637
v -0.02551 -0.0056 -0.04638
v -0.02549 -0.00873 -0.05177
v -0.01281 -0.02601 -0.05834
v -0.02642 -0.00559 -0.07804
v -0.02792 -0.02554 -0.06321
v -0.01281 -0.05624 -0.07439
v -0.0259 -0.00123 -0.07507
v -0.02547 0.00482 -0.06645
v -0.02474 0.00588 -0.07531
v -0.02825 -0.02201 -0.09348
v -0.02116 0.00692 -0.08089
v -0.01281 0.01563 -0.08324
v -0.01281 0.00757 -0.08355
v -0.02212 0.00054 -0.08303
v -0.01281 0.00155 -0.08526
v -0.01281 -0.00165 -0.08753
v -0.02271 -0.0029 -0.08568
v -0.02437 -0.01931 -0.10206
v -0.03057 -0.05285 -0.11198
v -0.03057 -0.05572 -0.07953
v -0.03265 -0.07276 -0.08256
v -0.01281 -0.0716 -0.07698
v -0.03385 -0.08005 -0.1176
v -0.04159 0.09755 0.07838
v -0.04113 0.09614 0.07864
v -0.03789 0.09223 0.07952
v -0.03697 0.09144 0.07952
v -0.04113 0.09614 0.01733
v -0.03789 0.09222 0.01645
v -0.03697 0.09144 0.01645
v -0.04158 0.09752 0.01757
v -0.0416 0.09872 0.07818
v -0.0416 0.09872 0.01778
v -0.04157 0.09975 0.07942
v -0.04162 0.09972 0.02102
v -0.05602 0.08799 0.06151
v -0.05602 0.08799 0.05097
v -0.05602 0.08799 0.04043
v -0.05602 0.08799 0.0299
v -0.02463 0.08366 0.44599
v -0.02447 0.08583 0.44599
v -0.02419 0.08366 0.44102
v -0.02404 0.08575 0.44102
v -0.02355 0.08766 0.44102
v -0.02396 0.08781 0.44599
v -0.02314 0.08958 0.44599
v -0.02276 0.08935 0.44102
v -0.0217 0.0909 0.44102
v -0.02205 0.09118 0.44599
v -0.0206 0.09263 0.44599
v -0.02031 0.0923 0.44102
v -0.01853 0.09353 0.44102
v -0.01876 0.09392 0.44599
v -0.01674 0.0949 0.44599
v -0.01659 0.09448 0.44102
v -0.01469 0.09501 0.44102
v -0.01477 0.09545 0.44599
v -0.01695 0.01137 -0.29983
v -0.01695 0.00433 -0.2947
v -0.01695 0.01533 -0.29079
v -0.01695 0.00783 -0.28852
v -0.01695 0.0105 -0.27877
v -0.02652 0.0696 -0.19995
v -0.02548 0.0696 -0.26093
v -0.02244 0.0696 -0.26526
v -0.02203 0.0696 -0.19241
v -0.01951 0.0696 -0.26764
v -0.00272 0.0029 -0.03031
v -0.00121 0.00283 -0.03637
v -0.00228 0.0129 -0.02891
v -0.00177 0.01825 -0.02587
v -0.00128 0.01166 -0.03476
v -0.00028 0.00319 -0.04552
v -0.00088 0.0201 -0.02913
v -0.00099 0.01633 -0.03227
v -0.00088 0.01044 -0.0434
v -0.00016 0.00482 -0.06645
v -0.00085 0.01054 -0.06326
v -0.00184 0.01436 -0.0746
v 0.00027 -0.00123 -0.07507
v -0.00089 0.00588 -0.07531
v -0.00154 0.02048 -0.07596
v -0.00493 0.02106 -0.08164
v -0.00529 0.01538 -0.08033
v -0.00447 0.00692 -0.08089
v -0.00351 0.00054 -0.08303
v 0.00079 -0.00559 -0.07804
v 0.00262 -0.02201 -0.09348
v 0.00229 -0.02554 -0.06321
v 0.00494 -0.05285 -0.11198
v 0.00494 -0.05572 -0.07954
v 0.00822 -0.08005 -0.1176
v 0.00701 -0.07276 -0.08256
v -0.03948 0.09144 0.08152
v -0.04019 0.0908 0.08698
v -0.04155 0.08959 0.07671
v -0.01616 0.01545 0.16934
v -0.00886 0.01545 0.16934
v -0.02988 0.03258 -0.0571
v -0.02988 0.03258 -0.04795
v -0.02988 0.0322 -0.04728
v 0.00324 0.0322 -0.04728
v 0.00324 0.03257 -0.04795
v 0.00324 0.03257 -0.0571
v -0.00875 0.0949 0.44599
v -0.0089 0.09448 0.44102
v -0.00695 0.09353 0.44102
v -0.00673 0.09392 0.44599
v -0.00488 0.09263 0.44599
v -0.00518 0.0923 0.44102
v -0.00379 0.0909 0.44102
v -0.00344 0.09118 0.44599
v -0.00234 0.08958 0.44599
v -0.00273 0.08935 0.44102
v -0.00194 0.08766 0.44102
v -0.00152 0.08781 0.44599
v -0.00101 0.08583 0.44599
v -0.00145 0.08575 0.44102
v -0.0013 0.08366 0.44102
v -0.00085 0.08366 0.44599
v -0.00581 0.08963 0.46568
v -0.00643 0.09079 0.4665
v -0.00669 0.09113 0.46806
v -0.00657 0.09115 0.4752
v -0.00642 0.09066 0.47667
v -0.03277 0.07765 0.22407
v -0.02998 0.07283 0.22407
v -0.03095 0.06735 0.22407
v -0.00912 0.09355 0.45553
v -0.00956 0.09353 0.45883
v -0.02779 0.07933 0.45454
v -0.02755 0.07894 0.45873
v -0.02801 0.0794 0.45454
v -0.02776 0.07899 0.45884
v -0.02782 0.07896 0.44992
v -0.02701 0.07776 0.45978
v -0.02682 0.07777 0.45963
v -0.02726 0.07762 0.44886
v -0.02511 0.07442 0.45978
v -0.025 0.07458 0.45963
v -0.02642 0.07589 0.44859
v -0.02443 0.07314 0.45884
v -0.02536 0.07427 0.44886
v -0.0242 0.07272 0.45454
v -0.02449 0.07311 0.44992
v -0.00879 0.06832 0.45553
v -0.00495 0.07038 0.45503
v -0.00781 0.0694 0.46017
v -0.00927 0.06833 0.45894
v -0.0103 0.06953 0.46252
v -0.00793 0.07014 0.46252
v -0.00816 0.0704 0.46511
v -0.00964 0.06996 0.46639
v -0.0055 0.07131 0.46252
v -0.00922 0.07008 0.468
v -0.00518 0.07077 0.46001
v -0.0057 0.07166 0.46521
v -0.00217 0.07266 0.45973
v -0.00577 0.07179 0.46743
v -0.00302 0.07355 0.46551
v -0.00329 0.07286 0.46252
v -0.0016 0.07463 0.46252
v -0.00229 0.07426 0.46639
v -0.00523 0.07086 0.47583
v -0.00914 0.06901 0.47526
v -0.0026 0.07396 0.468
v -0.00159 0.07534 0.46554
v -0.00181 0.0732 0.47526
v 0.00011 0.07833 0.46554
v 0.00006 0.07827 0.46568
v 0.0005 0.07942 0.4665
v 0.00072 0.0787 0.46252
v 0.00068 0.07949 0.46639
v -0.00112 0.07322 0.47678
v -0.00013 0.07427 0.47778
v -0.00023 0.07443 0.47763
v -0.00195 0.07245 0.47762
v 0.00077 0.07597 0.47799
v 0.00078 0.07991 0.468
v 0.00092 0.08048 0.46551
v 0.00056 0.07983 0.46806
v 0.00184 0.07962 0.47526
v 0.00162 0.07953 0.4752
v 0.00195 0.07895 0.47667
v 0.00137 0.08106 0.46252
v 0.00212 0.08019 0.45972
v 0.00152 0.07776 0.45978
v 0.00227 0.07899 0.45884
v -0.00038 0.07442 0.45978
v 0.00252 0.0794 0.45454
v -0.00106 0.07314 0.45884
v -0.00128 0.07272 0.45454
v 0.00256 0.08009 0.44905
v 0.00234 0.07896 0.44992
v 0.00178 0.07762 0.44886
v 0.00259 0.08082 0.44758
v 0.00259 0.08082 0.44703
v 0.00193 0.07824 0.44739
v 0.00193 0.07824 0.44703
v 0.00093 0.07589 0.44859
v 0.00085 0.07593 0.44703
v 0.00085 0.07593 0.44726
v -0.00059 0.07383 0.44739
v -0.00059 0.07383 0.44703
v -0.00013 0.07427 0.44886
v -0.00247 0.07193 0.44703
v -0.00185 0.07234 0.44913
v -0.00099 0.07311 0.44992
v -0.00247 0.07193 0.44772
v -0.00488 0.07026 0.44823
v -0.00488 0.07026 0.44703
v -0.00488 0.07026 0.44985
v -0.00753 0.06897 0.44703
v -0.00763 0.06884 0.45056
v -0.00927 0.06825 0.45209
v -0.0101 0.06825 0.44847
v -0.0101 0.06825 0.44703
v -0.00753 0.06897 0.44859
v -0.01592 0.09353 0.45883
v -0.01636 0.09355 0.45553
v -0.00775 0.10935 0.14257
v -0.00727 0.11167 0.14443
v -0.00493 0.10689 0.14257
v -0.00727 0.11167 0.14802
v -0.00423 0.10902 0.14443
v -0.001 0.10262 0.14257
v -0.00423 0.10902 0.14802
v 0 0.10443 0.14802
v 0 0.10443 0.14443
v 0.0042 0.09675 0.14257
v 0.0056 0.09809 0.14443
v 0.01008 0.09057 0.14257
v 0.00561 0.09809 0.14802
v 0.01197 0.09144 0.14802
v 0.01195 0.09143 0.14443
v 0.02222 0.07889 0.14257
v 0.02511 0.07887 0.14803
v 0.02502 0.07886 0.14443
v 0.02479 0.07549 0.14257
v 0.02779 0.07519 0.14443
v 0.02648 0.07084 0.14257
v 0.02788 0.0752 0.14803
v 0.0297 0.07018 0.14803
v 0.02961 0.07018 0.14443
v 0.02545 0.06496 0.14257
v 0.0285 0.06385 0.14443
v 0.00467 0.03003 0.14257
v 0.02859 0.06384 0.14803
v 0.00611 0.02622 0.14803
v 0.00612 0.02621 0.14443
v 0.002 0.02755 0.14257
v 0.00324 0.02354 0.14443
v 0.00323 0.02356 0.14803
v -0.0009 0.02253 0.14803
v -0.0009 0.02252 0.14443
v 0.0192 0.06833 0.13901
v 0.01853 0.07041 0.13901
v 0.0192 0.0725 0.13901
v 0.02098 0.07379 0.13901
v 0.00526 0.09954 0.15299
v 0.00442 0.10024 0.15202
v 0.00624 0.1007 0.15349
v 0.00308 0.09864 0.1527
v 0.00429 0.09838 0.15349
v 0.00684 0.10141 0.15477
v 0.00684 0.10141 0.15637
v 0.00624 0.1007 0.15765
v 0.00526 0.09954 0.15815
v 0.00429 0.09838 0.15765
v 0.00231 0.07933 0.45454
v 0.00206 0.07894 0.45873
v -0.00049 0.07458 0.45963
v 0.00133 0.07777 0.45963
v -0.01115 0.03075 0.17773
v -0.01115 0.03283 0.17841
v -0.01115 0.03491 0.17773
v -0.01115 0.0362 0.17596
v -0.01115 0.0362 0.17377
v -0.01115 0.03491 0.172
v -0.01115 0.03283 0.17132
v -0.01115 0.03075 0.172
v -0.01115 0.02946 0.17377
v -0.01115 0.02946 0.17596
v -0.00507 0.13196 0.01033
v -0.02105 0.13196 0.01033
v -0.00956 0.07379 0.45883
v -0.00912 0.07377 0.45553
v -0.00942 0.06848 0.45883
v -0.00896 0.06847 0.45553
v 0.0154 0.02632 -0.28024
v 0.01507 0.02548 -0.28062
v 0.01432 0.02674 -0.28024
v 0.014 0.0259 -0.28062
v 0.01488 0.02497 -0.28118
v 0.0138 0.02539 -0.28118
v 0.01474 0.02462 -0.2821
v 0.01366 0.02504 -0.2821
v 0.01474 0.02462 -0.28701
v 0.01366 0.02504 -0.28701
v 0.01474 0.02462 -0.28888
v 0.01366 0.02504 -0.28888
v 0.01474 0.02462 -0.29379
v 0.01366 0.02504 -0.29379
v 0.01488 0.02497 -0.29471
v 0.0138 0.02539 -0.29471
v 0.01507 0.02548 -0.29527
v 0.014 0.0259 -0.29527
v 0.0221 0.06399 -0.02929
v 0.0195 0.05798 -0.02626
v -0.03224 0.08139 0.14992
v -0.03269 0.08061 0.15122
v -0.02918 0.07882 0.14992
v -0.03149 0.07917 0.15383
v -0.03149 0.07917 0.21315
v -0.02987 0.07824 0.15122
v -0.02717 0.07536 0.14992
v -0.02803 0.07317 0.15383
v -0.02803 0.07317 0.21315
v -0.02802 0.07505 0.15122
v -0.02648 0.07142 0.14992
v -0.02738 0.07142 0.15122
v -0.02717 0.06748 0.14992
v -0.02923 0.06636 0.15383
v -0.02923 0.06636 0.21315
v -0.02802 0.06778 0.15122
v -0.02918 0.06401 0.14992
v -0.02987 0.06459 0.15122
v -0.03224 0.06144 0.14992
v -0.03269 0.06222 0.15122
v -0.01636 0.07377 0.45553
v -0.01653 0.06847 0.45553
v -0.01607 0.06848 0.45883
v -0.01592 0.07379 0.45883
v 0.00859 0.09245 -0.02247
v 0.01007 0.08917 -0.02144
v -0.00506 0.13196 0.00035
v -0.02104 0.13196 0.00035
v -0.04904 0.09501 0.02126
v -0.00507 0.13196 0.15792
v -0.00507 0.13196 0.13685
v -0.00507 0.13196 0.11577
v -0.00507 0.13196 0.09462
v -0.00507 0.13196 0.07355
v -0.00507 0.13196 0.05248
v -0.00507 0.13196 0.03141
v -0.00507 0.13196 -0.0797
v -0.00506 0.13196 -0.01019
v -0.00506 0.13196 -0.02073
v -0.00506 0.13196 -0.03126
v -0.00506 0.13196 -0.0418
v -0.00506 0.13196 -0.05233
v -0.00506 0.13196 -0.06287
v -0.00506 0.13196 -0.0734
v -0.00506 0.13196 -0.08394
v 0.00662 0.03407 -0.2908
v 0.01605 0.03124 -0.2908
v 0.00662 0.03407 -0.28509
v 0.01605 0.03124 -0.28509
v 0.00662 0.03407 -0.28245
v 0.01605 0.03124 -0.28245
v -0.02105 0.13196 0.15792
v -0.02105 0.13196 0.13685
v -0.02105 0.13196 0.11577
v -0.02105 0.13196 0.09462
v -0.02105 0.13196 0.07355
v -0.02105 0.13196 0.05248
v -0.02105 0.13196 0.03141
v -0.02105 0.13196 -0.0797
v -0.02104 0.13196 -0.01019
v -0.02104 0.13196 -0.02073
v -0.02104 0.13196 -0.03126
v -0.02104 0.13196 -0.0418
v -0.02104 0.13196 -0.05233
v -0.02104 0.13196 -0.06287
v -0.02104 0.13196 -0.0734
v -0.02104 0.13196 -0.08394
v -0.01071 0.06836 0.45978
v -0.01274 0.06837 0.46002
v -0.01274 0.06935 0.46253
v -0.01093 0.06986 0.46554
v -0.01274 0.06981 0.46529
v -0.01102 0.07003 0.46568
v -0.00979 0.07011 0.4665
v -0.0094 0.07023 0.46806
v -0.00932 0.06917 0.4752
v -0.00974 0.06859 0.47667
v -0.0096 0.06843 0.47678
v -0.01091 0.06807 0.47778
v -0.01098 0.06824 0.47763
v -0.01274 0.06812 0.47799
v -0.01274 0.06794 0.47814
v -0.0101 0.06825 0.47941
v -0.01274 0.06802 0.47959
v -0.02923 0.06637 0.22714
v -0.02923 0.06636 0.22406
v -0.02802 0.07318 0.22714
v -0.02803 0.07318 0.22406
v -0.03152 0.07917 0.22714
v -0.03149 0.07918 0.22406
v -0.03403 0.04539 -0.16397
v -0.03403 0.04434 -0.16501
v -0.03403 0.04434 -0.1808
v 0.00865 0.04536 -0.16397
v 0.00865 0.04486 -0.16418
v 0.00865 0.04453 -0.16451
v 0.00865 0.04432 -0.16501
v 0.00865 0.04432 -0.1808
v 0.00865 0.04453 -0.1813
v 0.00865 0.04486 -0.18163
v 0.01485 0.0844 0.13917
v 0.01485 0.0844 0.13118
v 0.01485 0.0844 0.07841
v 0.01485 0.0844 0.02579
v 0.01485 0.0844 0.00466
v 0.01485 0.0844 -0.0092
v 0.01485 0.0844 -0.01557
v 0.01544 0.08385 -0.0175
v -0.02741 0.07824 0.44703
v -0.02634 0.07593 0.44703
v -0.02741 0.07824 0.44739
v -0.02808 0.08082 0.44703
v -0.02808 0.08082 0.44758
v -0.02804 0.08009 0.44905
v -0.02634 0.07593 0.44726
v -0.0249 0.07383 0.44739
v -0.0249 0.07383 0.44703
v -0.02302 0.07193 0.44703
v -0.02363 0.07234 0.44913
v -0.02302 0.07193 0.44772
v -0.0206 0.07026 0.44823
v -0.0206 0.07026 0.44703
v -0.01796 0.06897 0.44703
v -0.01796 0.06897 0.44859
v -0.01539 0.06825 0.44847
v -0.01539 0.06825 0.44703
v -0.01274 0.06802 0.44703
v -0.01274 0.06802 0.4483
v -0.01786 0.06884 0.45056
v -0.01622 0.06825 0.45209
v -0.0167 0.06832 0.45553
v -0.0206 0.07026 0.44985
v -0.02053 0.07038 0.45503
v -0.02332 0.07266 0.45973
v -0.01768 0.0694 0.46017
v -0.01622 0.06833 0.45894
v -0.01477 0.06836 0.45978
v -0.0203 0.07077 0.46001
v -0.01518 0.06953 0.46252
v -0.01755 0.07014 0.46252
v -0.01999 0.07131 0.46252
v -0.01733 0.0704 0.46511
v -0.0222 0.07286 0.46252
v -0.02389 0.07463 0.46252
v -0.02246 0.07355 0.46551
v -0.01978 0.07166 0.46521
v -0.0262 0.0787 0.46252
v -0.0239 0.07534 0.46554
v -0.01971 0.07179 0.46743
v -0.01627 0.07008 0.468
v -0.01585 0.06996 0.46639
v -0.01455 0.06986 0.46554
v -0.02025 0.07086 0.47583
v -0.01635 0.06901 0.47526
v -0.02288 0.07396 0.468
v -0.02319 0.07426 0.46639
v -0.02368 0.0732 0.47526
v -0.0256 0.07833 0.46554
v -0.02599 0.07942 0.4665
v -0.02617 0.07949 0.46639
v -0.02627 0.07991 0.468
v -0.02641 0.08048 0.46551
v -0.02605 0.07983 0.46806
v -0.02733 0.07962 0.47526
v -0.02711 0.07953 0.4752
v -0.02744 0.07895 0.47667
v -0.02686 0.08106 0.46252
v -0.02761 0.08019 0.45972
v -0.0279 0.08012 0.47762
v -0.02765 0.07901 0.47678
v -0.02726 0.07762 0.47778
v -0.02707 0.07762 0.47763
v -0.02626 0.07597 0.47799
v -0.02808 0.08082 0.47914
v -0.02741 0.07824 0.47941
v -0.02634 0.07593 0.47959
v -0.02642 0.07589 0.47814
v -0.0249 0.07383 0.47941
v -0.02536 0.07427 0.47778
v -0.02526 0.07443 0.47763
v -0.02436 0.07322 0.47678
v -0.02354 0.07245 0.47762
v -0.02302 0.07193 0.47914
v -0.0206 0.07026 0.47906
v -0.02052 0.07041 0.47781
v -0.0178 0.06895 0.47796
v -0.01589 0.06843 0.47678
v -0.01796 0.06897 0.47914
v -0.01539 0.06825 0.47941
v -0.01458 0.06807 0.47778
v -0.0145 0.06824 0.47763
v -0.04066 0.06167 0.22727
v -0.00378 0.08567 0.47667
v -0.00434 0.08669 0.47763
v -0.00352 0.0853 0.4752
v -0.00507 0.08807 0.47799
v -0.00585 0.08952 0.47763
v -0.0037 0.08519 0.46806
v -0.00379 0.08557 0.4665
v -0.0043 0.08664 0.46568
v -0.0463 0.09667 0.06151
v -0.0463 0.09666 0.05097
v -0.0463 0.09667 0.04043
v -0.0463 0.09666 0.0299
v -0.06004 0.08327 0.07759
v -0.05901 0.08318 0.07769
v -0.06009 0.0832 0.08165
v -0.0591 0.08307 0.0824
v -0.05789 0.08302 0.07838
v -0.059 0.08319 0.07494
v -0.06003 0.08328 0.07494
v -0.05653 0.08239 0.07864
v -0.06003 0.08328 0.02102
v -0.05903 0.08315 0.01778
v -0.05789 0.08302 0.01758
v -0.06007 0.08323 0.01581
v -0.05653 0.08239 0.01733
v -0.053 0.07874 0.01645
v -0.05207 0.07795 0.01645
v -0.053 0.07874 0.07952
v -0.05207 0.07795 0.07952
v -0.0066 0.1124 0.19752
v -0.00755 0.11478 0.19339
v -0.0116 0.11613 0.19105
v 0.00865 0.05606 -0.16418
v 0.00865 0.05556 -0.16397
v -0.04198 0.0714 0.23621
v -0.01469 0.06853 0.45963
v -0.01281 -0.07973 -0.38361
v -0.01281 -0.06546 -0.39288
v -0.01281 -0.05073 -0.38854
v -0.01281 -0.03619 -0.37441
v -0.01281 -0.02614 -0.36176
v -0.00059 0.01193 -0.27394
v -0.00459 0.01 -0.26873
v -0.00637 0.0099 -0.26764
v -0.02932 0.10463 -0.27047
v -0.01071 0.06807 0.45122
v -0.0108 0.06853 0.45963
v -0.01274 0.06855 0.45987
v -0.00769 0.06895 0.47796
v -0.00497 0.07041 0.47781
v -0.00753 0.06897 0.47914
v -0.00488 0.07026 0.47906
v -0.00247 0.07193 0.47914
v -0.00059 0.07383 0.47941
v 0.00085 0.07593 0.47959
v 0.00093 0.07589 0.47814
v 0.00193 0.07824 0.47941
v 0.00178 0.07762 0.47778
v 0.00158 0.07762 0.47763
v 0.00217 0.07901 0.47678
v 0.00242 0.08012 0.47762
v 0.00259 0.08082 0.47914
v 0.00527 0.09954 0.15557
v 0.00369 0.09766 0.15477
v 0.00369 0.09766 0.15637
v -0.04402 0.04876 0.12118
v -0.03763 0.04942 0.12114
v -0.03255 0.0417 0.12118
v -0.04624 0.0521 0.12105
v -0.03933 0.05207 0.12104
v -0.03933 0.05214 0.11646
v -0.04638 0.05219 0.11647
v -0.04642 0.05221 0.07841
v -0.03933 0.05217 0.07841
v -0.03933 0.05217 0.02762
v -0.04642 0.05221 0.02762
v -0.04642 0.05221 0.00341
v -0.03933 0.05217 0.0034
v -0.03933 0.05217 -0.01393
v -0.04642 0.05221 -0.01391
v -0.03933 0.05217 -0.02099
v -0.04642 0.05221 -0.02097
v -0.04676 0.05303 -0.02321
v -0.0396 0.05299 -0.02323
v -0.04041 0.05544 -0.02632
v -0.04779 0.05547 -0.02629
v -0.04948 0.05915 -0.02894
v -0.04177 0.05917 -0.02898
v -0.04369 0.06385 -0.02993
v -0.05179 0.06369 -0.02989
v -0.05386 0.06796 -0.02996
v -0.04547 0.0681 -0.03001
v -0.0548 0.07087 -0.02999
v -0.04641 0.07056 -0.03003
v -0.04676 0.0721 -0.03003
v -0.05497 0.07304 -0.02999
v -0.04677 0.07361 -0.03003
v -0.05477 0.07511 -0.02999
v -0.05429 0.07687 -0.02999
v -0.04658 0.07496 -0.03003
v -0.05365 0.07811 -0.02999
v -0.04628 0.07603 -0.03003
v -0.04503 0.07774 -0.03003
v -0.05188 0.0802 -0.02999
v -0.04197 0.08102 -0.03003
v -0.04804 0.08452 -0.02999
v -0.04359 0.08943 -0.02999
v -0.03824 0.0848 -0.03003
v -0.04001 0.09333 -0.02999
v -0.03495 0.08803 -0.03003
v -0.03205 0.09079 -0.03003
v -0.03701 0.09652 -0.02999
v -0.02945 0.09315 -0.03003
v -0.03433 0.09931 -0.02999
v -0.03092 0.10272 -0.02999
v -0.02645 0.09599 -0.03003
v -0.02232 0.10014 -0.03003
v -0.02575 0.10777 -0.02999
v -0.01948 0.11216 -0.02999
v -0.01758 0.10375 -0.03003
v -0.01276 0.10496 -0.03003
v -0.01276 0.11502 -0.02984
v -0.01276 0.11363 -0.02999
v -0.01276 0.11524 -0.02964
v -0.00728 0.11335 -0.02999
v -0.0089 0.10473 -0.03003
v -0.00701 0.10404 -0.03003
v -0.00468 0.11252 -0.02999
v -0.00362 0.11149 -0.02999
v -0.00612 0.10312 -0.03003
v -0.00521 0.10219 -0.03003
v -0.00275 0.11064 -0.02999
v -0.00114 0.10908 -0.02999
v -0.0038 0.10075 -0.03003
v 0.00215 0.1059 -0.02999
v -0.00141 0.09829 -0.03003
v 0.00137 0.09552 -0.03003
v 0.00588 0.10225 -0.02999
v 0.00393 0.09315 -0.03003
v 0.0088 0.09931 -0.02999
v 0.01149 0.09652 -0.02999
v 0.00652 0.09079 -0.03003
v 0.01448 0.09333 -0.02999
v 0.00943 0.08803 -0.03003
v 0.01271 0.0848 -0.03003
v 0.01806 0.08943 -0.02999
v 0.01644 0.08102 -0.03003
v 0.02251 0.08452 -0.02999
v 0.02635 0.0802 -0.02999
v 0.0195 0.07774 -0.03003
v 0.02812 0.07811 -0.02999
v 0.02075 0.07603 -0.03003
v 0.02876 0.07687 -0.02999
v 0.02105 0.07496 -0.03003
v -0.04773 0.06399 -0.02929
v -0.04513 0.05798 -0.02626
v -0.04825 0.07178 -0.02971
v -0.04722 0.07876 -0.02972
v -0.0433 0.08467 -0.02972
v -0.03793 0.09131 -0.02972
v -0.02688 0.1047 -0.02972
v -0.02224 0.10971 -0.02972
v -0.01839 0.11295 -0.02972
v -0.01281 0.11403 -0.02972
v -0.00722 0.11299 -0.02972
v -0.00335 0.10987 -0.02972
v 0.00135 0.10483 -0.02972
v 0.01254 0.0907 -0.02972
v 0.01782 0.08424 -0.02972
v 0.02164 0.07865 -0.02972
v 0.02263 0.07178 -0.02971
v -0.01516 0.06914 0.38719
v -0.01503 0.06993 0.38532
v -0.01992 0.07087 0.38719
v -0.01953 0.07156 0.38532
v -0.02186 0.0725 0.42289
v -0.01965 0.07238 0.42289
v -0.01498 0.0722 0.42289
v -0.01028 0.0722 0.42289
v -0.00561 0.07238 0.42289
v -0.02037 0.02026 0.18748
v -0.01282 0.01914 0.17379
v -0.02037 0.01648 0.15981
v -0.00528 0.02026 0.18748
v -0.00528 0.01648 0.15981
v 0.02464 0.03952 -0.47942
v 0.02464 0.03542 -0.48278
v 0.02392 0.03814 -0.47836
v 0.02464 0.03028 -0.48402
v 0.02392 0.03465 -0.48122
v 0.02464 0.03677 -0.47729
v 0.02464 0.0251 -0.4829
v 0.02392 0.03025 -0.48228
v 0.02464 0.03387 -0.47966
v 0.02464 0.03023 -0.48053
v 0.02392 0.02584 -0.48133
v 0.02464 0.02093 -0.47966
v 0.02464 0.02658 -0.47975
v 0.02392 0.02227 -0.47856
v 0.02464 0.01857 -0.47492
v 0.02464 0.02362 -0.47745
v 0.02392 0.02026 -0.47451
v 0.02464 0.0185 -0.46963
v 0.02464 0.02195 -0.4741
v 0.02392 0.0202 -0.46999
v 0.02464 0.03582 -0.4325
v 0.02464 0.02191 -0.47036
v 0.02392 0.03719 -0.43356
v 0.02464 0.03991 -0.42914
v 0.02464 0.03857 -0.43463
v 0.02392 0.04069 -0.43071
v 0.02464 0.04506 -0.4279
v 0.02464 0.04146 -0.43226
v 0.02392 0.04508 -0.42964
v 0.02464 0.05023 -0.42902
v 0.02464 0.0451 -0.43138
v 0.02392 0.0495 -0.43059
v 0.02464 0.05441 -0.43226
v 0.02464 0.04876 -0.43217
v 0.02392 0.05306 -0.43337
v 0.02464 0.05677 -0.437
v 0.02464 0.05172 -0.43447
v 0.02392 0.05507 -0.43741
v 0.02464 0.05683 -0.44229
v 0.02464 0.05338 -0.43782
v 0.02392 0.05513 -0.44193
v 0.02464 0.05343 -0.44156
v -0.02135 0.10616 0.03478
v -0.01861 0.10318 0.03483
v -0.01791 0.10384 0.03754
v -0.02064 0.10684 0.0375
v -0.02064 0.10684 0.04454
v -0.01791 0.10384 0.04457
v -0.02064 0.10684 0.06573
v -0.01791 0.10384 0.0657
v -0.02064 0.10684 0.0723
v -0.01791 0.10384 0.07226
v -0.01861 0.10318 0.07465
v -0.02135 0.10616 0.0747
v -0.00963 0.09217 0.46806
v -0.00998 0.09228 0.4665
v -0.00957 0.09234 0.4752
v -0.01112 0.09242 0.46568
v -0.00997 0.0923 0.47667
v -0.01113 0.09238 0.47763
v -0.01274 0.09245 0.47799
v -0.02502 0.10035 -0.27026
v -0.02071 0.10119 0.12298
v -0.02348 0.10413 0.12303
v -0.02135 0.10616 0.12223
v -0.01861 0.10318 0.12218
v -0.02064 0.10684 0.11982
v -0.01791 0.10384 0.11977
v -0.01791 0.10384 0.11455
v -0.02064 0.10684 0.11458
v -0.01791 0.10384 0.08984
v -0.02064 0.10684 0.08981
v -0.01791 0.10384 0.08456
v -0.02064 0.10684 0.08451
v -0.02135 0.10616 0.08211
v -0.01861 0.10318 0.08216
v -0.02071 0.10119 0.08135
v -0.02348 0.10413 0.0813
v 0.02924 0.07511 -0.02999
v 0.02944 0.07304 -0.02999
v 0.02125 0.07361 -0.03003
v 0.02123 0.0721 -0.03003
v 0.02927 0.07087 -0.02999
v 0.02088 0.07056 -0.03003
v 0.01991 0.0681 -0.03001
v 0.02833 0.06796 -0.02996
v 0.01804 0.06385 -0.02993
v 0.02625 0.06369 -0.02989
v 0.02393 0.05915 -0.02894
v 0.01606 0.05917 -0.02898
v 0.01476 0.05544 -0.02632
v 0.02225 0.05547 -0.02629
v 0.02123 0.05303 -0.02321
v 0.01404 0.05299 -0.02323
v 0.0138 0.05217 -0.02099
v 0.02089 0.05221 -0.02097
v 0.02085 0.05219 0.11647
v 0.0138 0.05214 0.11646
v 0.02071 0.0521 0.12105
v 0.0138 0.05207 0.12104
v 0.00563 0.02901 0.12121
v 0.0016 0.03383 0.12118
v 0.00255 0.02522 0.12121
v -0.00109 0.03073 0.12118
v -0.00338 0.03019 0.12118
v -0.00019 0.02468 0.12121
v -0.01276 0.02454 0.12121
v -0.01276 0.03001 0.12118
v -0.01794 0.03001 0.12118
v -0.01976 0.02452 0.12121
v -0.02534 0.02468 0.12121
v -0.02215 0.03019 0.12118
v -0.02808 0.02522 0.12121
v -0.02444 0.03073 0.12118
v -0.02713 0.03383 0.12118
v -0.03115 0.02901 0.12121
v -0.03773 0.03896 0.12121
v -0.00692 0.10318 0.03483
v -0.00762 0.10384 0.03754
v -0.00762 0.10384 0.04457
v -0.00762 0.10384 0.0657
v -0.00762 0.10384 0.07226
v -0.00692 0.10318 0.07465
v -0.00692 0.10318 0.12218
v -0.00762 0.10384 0.11977
v -0.00762 0.10384 0.11455
v -0.00762 0.10384 0.08984
v -0.00762 0.10384 0.08456
v -0.00692 0.10318 0.08216
v -0.01274 0.07487 0.47799
v -0.01113 0.07494 0.47763
v -0.00997 0.07502 0.47667
v -0.00957 0.07498 0.4752
v -0.00963 0.07515 0.46806
v -0.00998 0.07504 0.4665
v -0.01112 0.0749 0.46568
v 0.02098 0.06704 0.13901
v -0.00249 0.08137 0.45873
v -0.00223 0.08174 0.45454
v -0.02325 0.08174 0.45454
v -0.023 0.08137 0.45873
v -0.00063 0.0267 0.14257
v -0.00305 0.02649 0.14257
v -0.01712 0.02641 0.14257
v -0.01992 0.02242 0.14443
v -0.02423 0.0267 0.14257
v -0.02683 0.02756 0.14257
v -0.01991 0.02243 0.14803
v -0.02782 0.02356 0.14443
v -0.03038 0.03196 0.14257
v -0.02781 0.02357 0.14803
v -0.03165 0.0283 0.14803
v -0.03165 0.02829 0.14443
v -0.04619 0.06419 0.14257
v -0.04869 0.06302 0.14443
v -0.00553 0.09165 0.45873
v -0.0057 0.0921 0.45454
v -0.01978 0.0921 0.45454
v -0.01996 0.09165 0.45873
v -0.02988 0.02133 -0.04691
v -0.02988 0.03153 -0.04691
v 0.00324 0.02133 -0.04691
v 0.00324 0.03153 -0.04691
v -0.01935 -0.0797 -0.38366
v -0.01824 -0.06546 -0.39326
v -0.02293 -0.06554 -0.3979
v -0.01793 -0.05064 -0.3891
v -0.02265 -0.0504 -0.39415
v -0.01815 -0.03582 -0.37493
v -0.02311 -0.03505 -0.38134
v -0.03008 -0.0173 -0.38952
v -0.02675 -0.01311 -0.36776
v -0.02456 -0.01959 -0.36499
v -0.01839 -0.02555 -0.36217
v -0.02741 -0.00525 -0.35403
v -0.01436 0.09238 0.47763
v -0.01552 0.0923 0.47667
v -0.01592 0.09234 0.4752
v -0.01586 0.09217 0.46806
v -0.01551 0.09228 0.4665
v -0.01436 0.07494 0.47763
v -0.01574 0.06859 0.47667
v -0.01552 0.07502 0.47667
v -0.01592 0.07498 0.4752
v -0.01617 0.06917 0.4752
v -0.01609 0.07023 0.46806
v -0.01586 0.07515 0.46806
v -0.0157 0.07011 0.4665
v -0.01551 0.07504 0.4665
v 0.00751 0.02585 0.13037
v 0.01095 0.03076 0.12739
v -0.01637 0.11566 0.19187
v -0.01907 0.11364 0.19537
v -0.00101 0.08149 0.44599
v -0.00145 0.08157 0.44102
v -0.00194 0.07967 0.44102
v -0.00152 0.07951 0.44599
v -0.00234 0.07775 0.44599
v -0.00273 0.07797 0.44102
v -0.00379 0.07642 0.44102
v -0.00344 0.07614 0.44599
v -0.00488 0.07469 0.44599
v -0.00518 0.07502 0.44102
v -0.00695 0.07379 0.44102
v -0.00673 0.0734 0.44599
v -0.00875 0.07242 0.44599
v -0.0089 0.07284 0.44102
v -0.01079 0.07231 0.44102
v -0.01072 0.07187 0.44599
v -0.02348 0.10413 0.0755
v -0.02071 0.10119 0.07545
v 0.00226 0.09766 0.15447
v 0.00226 0.09766 0.15667
v 0.01328 0.03775 0.12843
v 0.015 0.03654 0.12843
v -0.02171 0.08165 0.47667
v -0.02115 0.08063 0.47763
v -0.02196 0.08202 0.4752
v -0.02179 0.08213 0.46806
v -0.0217 0.08175 0.4665
v -0.02276 0.07797 0.44102
v -0.0217 0.07642 0.44102
v -0.02314 0.07775 0.44599
v -0.02355 0.07967 0.44102
v -0.02205 0.07614 0.44599
v -0.02396 0.07951 0.44599
v -0.0206 0.07469 0.44599
v -0.02447 0.08149 0.44599
v -0.02031 0.07502 0.44102
v -0.02404 0.08157 0.44102
v -0.01853 0.07379 0.44102
v -0.01876 0.0734 0.44599
v -0.01674 0.07242 0.44599
v -0.01659 0.07284 0.44102
v -0.01469 0.07231 0.44102
v -0.01477 0.07187 0.44599
v -0.01274 0.0717 0.44599
v -0.01274 0.07214 0.44102
v -0.03403 0.05558 -0.16397
v -0.0043 0.08068 0.46568
v -0.00379 0.08175 0.4665
v -0.0037 0.08213 0.46806
v -0.00352 0.08202 0.4752
v -0.00378 0.08165 0.47667
v -0.00434 0.08063 0.47763
v -0.00507 0.07925 0.47799
v -0.00585 0.07781 0.47763
v 0.00923 0.03196 0.12739
v 0.00579 0.02705 0.13037
v -0.00632 0.10925 0.15202
v -0.00766 0.10766 0.1527
v -0.00848 0.10667 0.15447
v -0.00848 0.10667 0.15667
v -0.01251 0.01532 0.16832
v -0.03145 0.04348 -0.45361
v -0.03145 0.04876 -0.45257
v -0.03145 0.05324 -0.45556
v -0.03145 0.05429 -0.46083
v -0.03145 0.0513 -0.46531
v -0.03145 0.04602 -0.46636
v -0.03145 0.04154 -0.46337
v -0.03145 0.04049 -0.45809
v -0.03098 0.10285 -0.27059
v -0.04066 0.09251 -0.27059
v -0.01294 0.0696 -0.26764
v -0.00637 0.0696 -0.26764
v -0.02668 0.09847 -0.27037
v -0.03628 0.08761 -0.27037
v 0.01524 0.02921 -0.28024
v 0.01577 0.03104 -0.28024
v 0.01607 0.03404 -0.28024
v 0.01722 0.0339 -0.28024
v 0.01638 0.03883 -0.28024
v 0.01753 0.03869 -0.28024
v 0.01701 0.0425 -0.28024
v 0.01802 0.04599 -0.28024
v 0.01968 0.04717 -0.28024
v 0.01869 0.04769 -0.28024
v 0.01948 0.04935 -0.28024
v 0.02041 0.05098 -0.28024
v 0.02147 0.05259 -0.28024
v 0.01951 0.04973 -0.28245
v 0.01313 0.05126 -0.28245
v 0.0175 0.0439 -0.28245
v 0.01105 0.04588 -0.28245
v 0.00879 0.03981 -0.28245
v 0.01647 0.03665 -0.28245
v 0.01315 0.0513 -0.2908
v 0.01954 0.04974 -0.2908
v 0.00204 0.08366 0.44635
v 0.00184 0.08636 0.44635
v 0.00121 0.08882 0.44635
v 0.00019 0.09102 0.44635
v -0.00117 0.09302 0.44635
v -0.00297 0.09482 0.44635
v -0.00526 0.09641 0.44635
v -0.00778 0.09764 0.44635
v -0.00778 0.06968 0.44635
v -0.00526 0.07091 0.44635
v -0.00297 0.0725 0.44635
v -0.00117 0.0743 0.44635
v 0.00019 0.07631 0.44635
v 0.00121 0.0785 0.44635
v 0.00184 0.08096 0.44635
v -0.02223 0.08703 0.45963
v -0.00499 0.07703 0.45963
v -0.00652 0.07258 0.42428
v -0.00317 0.0754 0.42428
v -0.00222 0.07705 0.42428
v -0.00222 0.08996 0.42428
v -0.00317 0.0916 0.42428
v -0.00652 0.09442 0.42428
v -0.0039 0.09083 0.38532
v -0.00693 0.09337 0.38532
v -0.00192 0.0874 0.38532
v -0.01065 0.09472 0.38532
v -0.00124 0.0835 0.38532
v -0.01461 0.09472 0.38532
v -0.00192 0.0796 0.38532
v -0.01833 0.09337 0.38532
v -0.0039 0.07618 0.38532
v -0.02136 0.09083 0.38532
v -0.00693 0.07363 0.38532
v -0.02334 0.0874 0.38532
v -0.01065 0.07228 0.38532
v -0.02403 0.0835 0.38532
v -0.01461 0.07228 0.38532
v -0.02334 0.0796 0.38532
v -0.02136 0.07618 0.38532
v -0.01833 0.07363 0.38532
v -0.0146 0.09348 0.45963
v -0.0146 0.07384 0.45963
v -0.02223 0.08029 0.45963
v -0.00499 0.09029 0.45963
v -0.01274 0.09854 0.44635
v -0.01526 0.09832 0.44635
v -0.01771 0.09764 0.44635
v -0.02022 0.09641 0.44635
v -0.02252 0.09482 0.44635
v -0.02431 0.09302 0.44635
v -0.02568 0.09102 0.44635
v -0.0267 0.08882 0.44635
v -0.02733 0.08636 0.44635
v -0.02753 0.08366 0.44635
v -0.01064 0.07108 0.42428
v -0.01502 0.07108 0.42428
v -0.02344 0.07705 0.42428
v -0.01913 0.07258 0.42428
v -0.02248 0.0754 0.42428
v -0.02344 0.08996 0.42428
v -0.02248 0.0916 0.42428
v -0.01913 0.09442 0.42428
v -0.01502 0.09592 0.42428
v -0.01064 0.09592 0.42428
v -0.01023 0.09832 0.44635
v -0.02733 0.08096 0.44635
v -0.0267 0.0785 0.44635
v -0.02568 0.07631 0.44635
v -0.02431 0.0743 0.44635
v -0.02252 0.0725 0.44635
v -0.02022 0.07091 0.44635
v -0.01771 0.06968 0.44635
v -0.01526 0.069 0.44635
v -0.01274 0.06878 0.44635
v -0.01088 0.09348 0.45963
v -0.01274 0.09344 0.45987
v -0.01274 0.07388 0.45987
v -0.01088 0.07384 0.45963
v -0.00325 0.08703 0.45963
v -0.0205 0.07703 0.45963
v -0.01023 0.069 0.44635
v -0.02041 0.07925 0.47799
v -0.01964 0.07781 0.47763
v -0.00325 0.08029 0.45963
v -0.0205 0.09029 0.45963
v -0.02041 0.08807 0.47799
v -0.01964 0.08952 0.47763
vt 1.022461 0.267578
vt 1.030273 0.265869
vt 1.022461 0.269531
vt 1.022461 0.265869
vt 1.030273 0.268555
vt 1.029297 0.263184
vt 1.030273 0.271484
vt 1.02832 0.260498
vt 1.022461 0.271484
vt 1.021484 0.26416
vt 1.020508 0.262207
vt 1.026367 0.257568
vt 1.022461 0.273438
vt 1.030273 0.274658
vt 1.030273 0.277832
vt 1.022461 0.275635
vt 1.022461 0.277344
vt 1.029297 0.280762
vt 1.027344 0.283203
vt 1.021484 0.278809
vt 0.706055 0.501465
vt 0.697754 0.504883
vt 0.700195 0.510742
vt 1.052734 0.302979
vt 1.046875 0.302979
vt 1.052734 0.304932
vt 1.046875 0.304688
vt 1.029297 0.327393
vt 1.029297 0.325439
vt 1.035156 0.327393
vt 1.035156 0.325439
vt 1.035156 0.323486
vt 1.029297 0.323486
vt 1.029297 0.321289
vt 1.035156 0.321289
vt 1.035156 0.319336
vt 1.029297 0.319336
vt 1.053711 0.328857
vt 1.047852 0.328613
vt 1.053711 0.330811
vt 1.047852 0.330811
vt 0.408936 0.075378
vt 0.405518 0.079285
vt 0.411377 0.074158
vt 0.403564 0.089294
vt 0.403564 0.084045
vt 0.410889 0.099548
vt 0.408447 0.098145
vt 0.405273 0.094177
vt 0.425781 0.074463
vt 0.425293 0.099854
vt 0.42749 0.098572
vt 0.432861 0.089844
vt 0.430908 0.094666
vt 0.431396 0.079773
vt 0.432861 0.084656
vt 0.427979 0.075745
vt 1.053711 0.326904
vt 1.047852 0.326904
vt 0.405029 0.056396
vt 0.405273 0.05838
vt 0.409668 0.056274
vt 0.409424 0.058289
vt 0.400879 0.05838
vt 0.414551 0.056183
vt 0.400146 0.056274
vt 0.413574 0.058197
vt 0.398193 0.058075
vt 0.416748 0.055878
vt 0.397949 0.055786
vt 0.415771 0.057983
vt 0.419189 0.056671
vt 0.417725 0.058899
vt 0.39502 0.058197
vt 0.39502 0.055878
vt 0.389893 0.058289
vt 0.389893 0.055878
vt 0.384521 0.05838
vt 0.384521 0.055878
vt 0.379395 0.058289
vt 0.379395 0.055878
vt 0.374023 0.058197
vt 0.374023 0.055786
vt 0.371094 0.058075
vt 0.371338 0.055786
vt 0.368164 0.058472
vt 0.368896 0.056396
vt 0.36377 0.058472
vt 0.364014 0.056488
vt 0.359375 0.058472
vt 0.359131 0.056488
vt 0.35498 0.058472
vt 0.354492 0.056396
vt 0.352539 0.058197
vt 0.352051 0.055878
vt 0.349609 0.05838
vt 0.349365 0.056
vt 0.344482 0.058594
vt 0.344238 0.056183
vt 0.339355 0.058777
vt 0.339111 0.056396
vt 0.334473 0.059082
vt 0.334229 0.056671
vt 0.330322 0.059998
vt 0.329102 0.057678
vt 0.568359 0.009697
vt 0.567871 0.011597
vt 0.570312 0.011597
vt 0.562988 0.011497
vt 0.563477 0.007698
vt 0.557617 0.011497
vt 0.557617 0.007698
vt 0.552246 0.009499
vt 0.552734 0.011398
vt 0.550293 0.011398
vt 0.822266 0.033997
vt 0.825684 0.037079
vt 0.820312 0.029999
vt 0.819824 0.025497
vt 0.820801 0.020996
vt 0.82959 0.038879
vt 0.834473 0.039093
vt 0.823242 0.017197
vt 0.82666 0.014496
vt 0.835449 0.013397
vt 0.831055 0.013199
vt 0.843262 0.018295
vt 0.839844 0.015198
vt 0.842285 0.035095
vt 0.838379 0.037781
vt 0.845703 0.026886
vt 0.844727 0.031281
vt 0.845215 0.0224
vt 0.062195 0.198364
vt 0.061188 0.200562
vt 0.06189 0.198364
vt 0.060974 0.200317
vt 0.552246 0.020294
vt 0.552734 0.018494
vt 0.550293 0.018387
vt 0.557617 0.018494
vt 0.557617 0.022095
vt 0.562988 0.022095
vt 0.562988 0.018494
vt 0.568359 0.020294
vt 0.567871 0.018494
vt 0.570312 0.018494
vt 0.70166 0.237305
vt 0.709473 0.245361
vt 0.70459 0.226562
vt 0.713867 0.234253
vt 0.71875 0.256104
vt 0.728027 0.245483
vt 0.69043 0.268066
vt 0.734863 0.235107
vt 0.717285 0.224854
vt 0.720215 0.214844
vt 0.740234 0.221924
vt 0.700195 0.215576
vt 0.701172 0.20874
vt 0.722168 0.202637
vt 0.743652 0.204712
vt 0.702148 0.201294
vt 0.699219 0.227295
vt 0.677734 0.211304
vt 0.717285 0.133545
vt 0.734863 0.131226
vt 0.704102 0.134277
vt 0.705566 0.053375
vt 0.715332 0.050476
vt 0.697266 0.054688
vt 0.70166 0.038177
vt 0.709473 0.03537
vt 0.70166 0.031494
vt 0.704102 0.025894
vt 0.694336 0.030685
vt 0.692871 0.024399
vt 0.694824 0.038879
vt 0.687012 0.029785
vt 0.691895 0.054199
vt 0.688477 0.038177
vt 0.697266 0.133179
vt 0.680176 0.036896
vt 0.683105 0.052979
vt 0.696289 0.194824
vt 0.684082 0.131348
vt 0.680176 0.197998
vt 0.678223 0.02829
vt 0.608887 0.023895
vt 0.676758 0.021088
vt 0.686035 0.023193
vt 0.6875 0.018997
vt 0.699219 0.018585
vt 0.688965 0.014694
vt 0.678223 0.011597
vt 0.677246 0.016296
vt 0.61084 0.008194
vt 0.610352 0.0033
vt 0.615234 0.012093
vt 0.602539 0.0131
vt 0.600586 0.006496
vt 0.609375 0.016098
vt 0.387939 0.882324
vt 0.388184 0.885254
vt 0.389893 0.885254
vt 0.389893 0.882324
vt 0.390381 0.888184
vt 0.388184 0.879395
vt 0.389893 0.879395
vt 0.388916 0.872559
vt 0.390869 0.872559
vt 0.387695 0.872559
vt 0.387695 0.87793
vt 0.388672 0.888672
vt 0.387695 0.88623
vt 0.387695 0.888184
vt 0.387695 0.890137
vt 0.390137 0.891113
vt 0.388184 0.891602
vt 0.390137 0.897461
vt 0.388184 0.897461
vt 0.391357 0.90332
vt 0.389404 0.90332
vt 0.387939 0.898438
vt 0.390869 0.911621
vt 0.388184 0.90332
vt 0.38916 0.911621
vt 0.389893 0.916992
vt 0.387939 0.911133
vt 0.388184 0.916992
vt 0.387695 0.916016
vt 0.390137 0.919922
vt 0.388184 0.92041
vt 0.390869 0.924316
vt 0.388916 0.924805
vt 0.387695 0.921875
vt 0.387695 0.924805
vt 0.642578 0.983398
vt 0.628906 0.976562
vt 0.63916 0.967285
vt 0.628906 0.96582
vt 0.618652 0.975586
vt 0.619629 0.964355
vt 0.608887 0.962891
vt 0.606445 0.976562
vt 0.598633 0.961426
vt 0.597656 0.978027
vt 0.646973 0.939453
vt 0.655273 0.926758
vt 0.641602 0.924316
vt 0.649414 0.917969
vt 0.827637 0.592773
vt 0.827637 0.555664
vt 0.823242 0.592773
vt 0.823242 0.555664
vt 0.832031 0.555664
vt 0.819336 0.592773
vt 0.832031 0.592773
vt 0.819336 0.555664
vt 0.836426 0.555664
vt 0.814941 0.592773
vt 0.836426 0.592773
vt 0.814941 0.555664
vt 0.84082 0.555664
vt 0.810547 0.592773
vt 0.84082 0.592773
vt 0.810547 0.555664
vt 0.845215 0.555664
vt 0.806152 0.592773
vt 0.845215 0.592773
vt 0.806152 0.555664
vt 0.850098 0.555664
vt 0.801758 0.592773
vt 0.850098 0.592773
vt 0.801758 0.555664
vt 0.797363 0.592773
vt 0.797363 0.555664
vt 0.854492 0.555664
vt 0.854492 0.592773
vt 0.858887 0.555664
vt 0.858887 0.592773
vt 0.863281 0.555664
vt 0.863281 0.592773
vt 0.867676 0.555664
vt 0.867676 0.592773
vt 0.373047 0.885254
vt 0.37207 0.88623
vt 0.373291 0.888672
vt 0.37207 0.888184
vt 0.37207 0.890137
vt 0.373047 0.891602
vt 0.467529 0.81543
vt 0.467529 0.79541
vt 0.442627 0.81543
vt 0.442627 0.79541
vt 0.503418 0.949219
vt 0.504395 0.956543
vt 0.506836 0.956055
vt 0.504883 0.964355
vt 0.501465 0.956055
vt 0.508301 0.955078
vt 0.513672 0.959961
vt 0.509277 0.953613
vt 0.516113 0.956543
vt 0.517578 0.953125
vt 0.509277 0.952637
vt 0.518555 0.952637
vt 0.51709 0.956543
vt 0.514648 0.960449
vt 0.509277 0.949219
vt 0.509766 0.962891
vt 0.510254 0.963867
vt 0.504883 0.965332
vt 0.509277 0.946289
vt 0.499512 0.963867
vt 0.499268 0.964844
vt 0.499268 0.955566
vt 0.494873 0.961426
vt 0.498291 0.954102
vt 0.491699 0.958496
vt 0.497803 0.952637
vt 0.489502 0.953613
vt 0.497559 0.949219
vt 0.497559 0.946289
vt 0.498047 0.944824
vt 0.489258 0.945801
vt 0.490723 0.942383
vt 0.498779 0.943848
vt 0.493164 0.938965
vt 0.500488 0.942871
vt 0.49707 0.936035
vt 0.50293 0.942383
vt 0.501953 0.93457
vt 0.496826 0.935059
vt 0.501953 0.933594
vt 0.505371 0.942871
vt 0.507324 0.935059
vt 0.507324 0.934082
vt 0.507324 0.943359
vt 0.512207 0.937012
vt 0.512695 0.936523
vt 0.508789 0.944336
vt 0.517578 0.945312
vt 0.515137 0.94043
vt 0.516113 0.939941
vt 0.518555 0.945312
vt 0.097839 0.546387
vt 0.110291 0.546387
vt 0.097839 0.527832
vt 0.110291 0.527832
vt 0.11084 0.525879
vt 0.100586 0.525391
vt 1.013672 0.309082
vt 1.007812 0.308594
vt 1.007812 0.304932
vt 1.013672 0.305176
vt 1.007812 0.303223
vt 1.013672 0.303467
vt 1.013672 0.301514
vt 1.008789 0.301514
vt 1.013672 0.293457
vt 1.007812 0.293457
vt 1.006836 0.291748
vt 1.013672 0.291748
vt 0.711914 0.949707
vt 0.709961 0.949707
vt 0.711914 0.953125
vt 0.709961 0.953125
vt 0.709961 0.945801
vt 0.711914 0.957031
vt 0.711914 0.945801
vt 0.709961 0.957031
vt 0.709961 0.942383
vt 0.711914 0.960938
vt 0.711914 0.942383
vt 0.709961 0.960449
vt 0.709961 0.938477
vt 0.711914 0.964355
vt 0.711914 0.938477
vt 0.709961 0.964355
vt 0.709473 0.935059
vt 0.711914 0.968262
vt 0.711914 0.935059
vt 0.709961 0.967773
vt 0.709473 0.931152
vt 0.711426 0.97168
vt 0.711426 0.931152
vt 0.709473 0.97168
vt 0.708984 0.927734
vt 0.711426 0.975098
vt 0.711426 0.927246
vt 0.709473 0.975098
vt 0.708984 0.924316
vt 0.711426 0.979004
vt 0.710938 0.923828
vt 0.709473 0.978516
vt 0.710938 0.982422
vt 0.708984 0.981445
vt 0.708496 0.920898
vt 0.710938 0.92041
vt 0.708008 0.91748
vt 0.709961 0.916504
vt 0.367432 0.227295
vt 0.367676 0.226196
vt 0.366211 0.224243
vt 0.367676 0.242554
vt 0.365967 0.245483
vt 0.367676 0.244873
vt 0.276611 0.635254
vt 0.278076 0.635254
vt 0.276611 0.629395
vt 0.278076 0.629395
vt 0.276611 0.624023
vt 0.278076 0.624023
vt 0.276611 0.618652
vt 0.278076 0.618164
vt 0.276367 0.612793
vt 0.278076 0.612793
vt 0.276367 0.607422
vt 0.277832 0.607422
vt 0.276123 0.602051
vt 0.277588 0.601562
vt 0.275879 0.59668
vt 0.277344 0.596191
vt 0.275391 0.591309
vt 0.276855 0.59082
vt 0.274658 0.586426
vt 0.275879 0.585938
vt 0.494385 0.962402
vt 0.490967 0.958496
vt 0.488525 0.953613
vt 0.016891 0.109863
vt 0.019592 0.109863
vt 0.016891 0.102783
vt 0.019592 0.102783
vt 0.035492 0.109863
vt 0.035492 0.102783
vt 0.038177 0.102783
vt 0.038177 0.109863
vt 0.278076 0.640625
vt 0.276611 0.640625
vt 0.278076 0.646484
vt 0.276367 0.645996
vt 0.278076 0.651855
vt 0.276367 0.651855
vt 0.277832 0.657227
vt 0.276367 0.657227
vt 0.277588 0.663086
vt 0.276123 0.662598
vt 0.277588 0.668457
vt 0.275879 0.668457
vt 0.2771 0.673828
vt 0.275635 0.67334
vt 0.276367 0.679199
vt 0.274902 0.678711
vt 0.761719 0.450928
vt 0.760254 0.458984
vt 0.76709 0.45459
vt 0.768066 0.460449
vt 0.755859 0.452148
vt 0.764648 0.465576
vt 0.752441 0.457275
vt 0.758789 0.466797
vt 0.753418 0.463379
vt 0.523438 0.624023
vt 0.523438 0.643066
vt 0.538574 0.648926
vt 0.544922 0.632324
vt 0.522949 0.623047
vt 0.54541 0.631348
vt 0.523438 0.62207
vt 0.54541 0.630859
vt 1.475586 0.648438
vt 1.492188 0.643066
vt 1.470703 0.631836
vt 1.492188 0.624023
vt 0.11084 0.54834
vt 0.100586 0.54834
vt 0.77002 0.452393
vt 0.762695 0.447266
vt 0.753418 0.448975
vt 0.771973 0.461182
vt 0.76709 0.468994
vt 0.757812 0.470703
vt 0.038788 0.588867
vt 0.036987 0.583984
vt 0.028198 0.591309
vt 0.026688 0.586914
vt 0.015594 0.589355
vt 0.01619 0.594238
vt 0.028793 0.598633
vt 0.018692 0.601562
vt 0.022293 0.615723
vt 0.032776 0.719238
vt 0.032379 0.713867
vt 0.022491 0.718262
vt 0.0215 0.712891
vt 0.011093 0.712891
vt 0.013397 0.71875
vt 0.1521 0.543457
vt 0.150024 0.530762
vt 0.150024 0.543457
vt 0.149902 0.550293
vt 0.151733 0.550781
vt 0.144043 0.546387
vt 0.158691 0.543945
vt 0.158936 0.54834
vt 0.162842 0.550293
vt 0.166016 0.550293
vt 0.165649 0.543457
vt 0.144043 0.527832
vt 0.14563 0.525879
vt 0.149902 0.523438
vt 0.063965 0.02359
vt 0.058075 0.02449
vt 0.060883 0.028091
vt 0.057678 0.028
vt 0.059998 0.032288
vt 0.057281 0.032074
vt 0.054382 0.087341
vt 0.051788 0.086975
vt 0.135132 0.085571
vt 0.137817 0.085083
vt 0.127197 0.030685
vt 0.129883 0.030396
vt 0.126099 0.026596
vt 0.13147 0.030289
vt 0.139404 0.084961
vt 0.131348 0.026489
vt 0.129272 0.026398
vt 0.122742 0.022186
vt 0.133057 0.021698
vt 0.128784 0.022888
vt 0.418701 0.914551
vt 0.418701 0.879883
vt 0.414551 0.914551
vt 0.414551 0.879883
vt 0.468262 0.914551
vt 0.468262 0.879883
vt 0.462158 0.914551
vt 0.462158 0.879883
vt 0.14563 0.54834
vt 1.014648 0.276367
vt 1.014648 0.275146
vt 1.007812 0.276367
vt 1.007812 0.275146
vt 1.571289 0.97168
vt 1.571289 0.956543
vt 1.567383 0.97168
vt 1.567383 0.956543
vt 1.563477 0.97168
vt 1.563477 0.956543
vt 1.55957 0.97168
vt 1.55957 0.956543
vt 1.556641 0.97168
vt 1.556641 0.956543
vt 1.552734 0.97168
vt 1.552734 0.956543
vt 1.548828 0.97168
vt 1.548828 0.956543
vt 1.544922 0.97168
vt 1.544922 0.956543
vt 1.541016 0.97168
vt 1.541016 0.956543
vt 1.537109 0.97168
vt 1.537109 0.956543
vt 1.533203 0.97168
vt 1.533203 0.956543
vt 1.007812 0.270264
vt 1.014648 0.27002
vt 1.007812 0.269287
vt 1.007812 0.271484
vt 1.014648 0.268799
vt 1.014648 0.267578
vt 1.007812 0.268311
vt 1.007812 0.267334
vt 1.014648 0.271484
vt 1.014648 0.266357
vt 1.013672 0.265137
vt 1.006836 0.265869
vt 1.014648 0.272705
vt 1.007812 0.272705
vt 1.007812 0.273926
vt 1.014648 0.273926
vt 0.488281 0.945801
vt 0.489746 0.942383
vt 0.492676 0.938477
vt 0.974121 0.600098
vt 0.974121 0.605957
vt 0.978516 0.59668
vt 0.978516 0.605957
vt 1.959961 0.605957
vt 1.964844 0.605957
vt 1.959961 0.597168
vt 1.964844 0.600586
vt 0.088989 0.019699
vt 0.090454 0.08667
vt 0.097595 0.019485
vt 0.09906 0.086487
vt 1.494141 0.598145
vt 1.492188 0.598145
vt 1.494141 0.622559
vt 1.492188 0.621582
vt 0.508789 0.481445
vt 0.51123 0.47876
vt 0.505371 0.476074
vt 0.508789 0.474609
vt 0.503418 0.468262
vt 0.506836 0.467773
vt 0.503418 0.460205
vt 0.506836 0.460938
vt 1.553711 0.941895
vt 1.550781 0.938965
vt 1.551758 0.943359
vt 1.548828 0.942871
vt 1.555664 0.939453
vt 1.546875 0.94043
vt 1.554688 0.937012
vt 1.546875 0.937988
vt 1.552734 0.935059
vt 1.547852 0.935547
vt 1.550781 0.93457
vt 0.505371 0.454346
vt 0.508301 0.455811
vt 0.507324 0.450439
vt 0.510254 0.452881
vt 0.46167 0.492188
vt 0.465088 0.499756
vt 0.465088 0.491699
vt 0.458496 0.495361
vt 0.457275 0.500977
vt 0.460449 0.505859
vt 0.465088 0.507324
vt 0.053497 0.719238
vt 0.053375 0.713867
vt 0.043091 0.719238
vt 0.063965 0.71875
vt 0.042877 0.713867
vt 0.042786 0.710938
vt 0.032196 0.710449
vt 0.053284 0.710938
vt 0.021194 0.709473
vt 0.0103 0.708984
vt 0.064148 0.710938
vt 0.064087 0.713379
vt 0.07489 0.712891
vt 0.074585 0.718262
vt 0.075256 0.710449
vt 0.086243 0.709961
vt 0.085571 0.712402
vt 0.495361 0.521484
vt 0.496826 0.522949
vt 0.498047 0.521484
vt 0.499512 0.522949
vt 0.493164 0.524414
vt 0.498291 0.528809
vt 0.491455 0.522949
vt 0.504883 0.529297
vt 0.493164 0.528809
vt 0.504883 0.527344
vt 0.527344 0.529297
vt 0.527344 0.527344
vt 0.527344 0.544922
vt 0.504883 0.544922
vt 0.504883 0.546875
vt 0.527344 0.546387
vt 0.499512 0.550781
vt 0.498291 0.544922
vt 0.496826 0.550781
vt 0.493164 0.549805
vt 0.493164 0.544922
vt 0.487305 0.548828
vt 0.485107 0.544922
vt 0.483154 0.54834
vt 0.481445 0.54834
vt 0.481201 0.544922
vt 0.660156 0.835938
vt 0.680176 0.877441
vt 0.657715 0.827148
vt 0.684082 0.881836
vt 0.660156 0.814941
vt 0.658691 0.819824
vt 0.667969 0.807129
vt 0.664062 0.810547
vt 0.671875 0.803223
vt 0.677246 0.796387
vt 0.693359 0.882324
vt 0.714844 0.881348
vt 0.719238 0.79248
vt 0.71875 0.880371
vt 0.727051 0.799805
vt 0.720703 0.877441
vt 0.744141 0.832031
vt 0.742676 0.814453
vt 0.744629 0.825195
vt 0.744141 0.819336
vt 0.695801 0.777832
vt 0.682129 0.789062
vt 0.706543 0.780762
vt 0.711914 0.785156
vt 0.699707 0.777832
vt 0.702637 0.77832
vt 0.697754 0.777832
vt 0.691406 0.780273
vt 0.693848 0.778809
vt 0.6875 0.783691
vt 0.055573 0.028091
vt 0.053589 0.02359
vt 0.055695 0.032074
vt 0.050079 0.086975
vt 1.021484 0.712891
vt 1.020508 0.709473
vt 1.032227 0.713867
vt 1.03125 0.710449
vt 1.010742 0.712891
vt 1.009766 0.708984
vt 1.022461 0.718262
vt 1.012695 0.71875
vt 1.032227 0.719238
vt 1.041992 0.710938
vt 1.042969 0.719238
vt 1.041992 0.713867
vt 1.052734 0.713867
vt 1.052734 0.710938
vt 1.052734 0.719238
vt 1.063477 0.710938
vt 1.063477 0.71875
vt 1.063477 0.713379
vt 1.074219 0.712891
vt 1.075195 0.710449
vt 1.074219 0.718262
vt 1.085938 0.709961
vt 1.083984 0.717773
vt 1.084961 0.712402
vt 1.095703 0.714355
vt 1.09668 0.711426
vt 1.092773 0.719238
vt 0.45874 0.775391
vt 0.460205 0.779785
vt 0.459961 0.775879
vt 0.460693 0.779297
vt 0.468018 0.784668
vt 0.467773 0.785645
vt 0.165649 0.530762
vt 0.166016 0.523926
vt 0.158691 0.530273
vt 0.162842 0.523438
vt 0.158936 0.525391
vt 0.151733 0.523438
vt 0.1521 0.530762
vt 0.154419 0.520996
vt 0.151855 0.520996
vt 0.52832 0.547852
vt 0.532227 0.547852
vt 0.532227 0.525879
vt 0.52832 0.525879
vt 0.528809 1.40332
vt 0.52832 1.416992
vt 0.523438 1.398438
vt 0.522949 1.412109
vt 0.53418 1.422852
vt 0.519043 1.395508
vt 0.534668 1.408203
vt 0.518555 1.407227
vt 0.540039 1.429688
vt 0.514648 1.391602
vt 0.540527 1.414062
vt 0.514648 1.402344
vt 0.544922 1.43457
vt 0.508789 1.387695
vt 0.545898 1.419922
vt 0.508789 1.396484
vt 0.547852 1.4375
vt 0.503906 1.384766
vt 0.548828 1.422852
vt 0.503418 1.391602
vt 0.550293 1.439453
vt 0.501465 1.378906
vt 0.55127 1.424805
vt 0.500977 1.389648
vt 0.554199 1.442383
vt 0.499756 1.378906
vt 0.554688 1.426758
vt 0.499512 1.389648
vt 0.492676 1.378906
vt 0.492676 1.389648
vt 0.558594 1.444336
vt 0.558594 1.428711
vt 0.5625 1.445312
vt 0.562012 1.428711
vt 0.566895 1.444336
vt 0.565918 1.428711
vt 0.572754 1.442383
vt 0.571777 1.426758
vt 0.579102 1.439453
vt 0.577148 1.424805
vt 0.583984 1.4375
vt 0.581543 1.422852
vt 0.589355 1.433594
vt 0.586426 1.420898
vt 0.59668 1.429688
vt 0.59375 1.416992
vt 0.631348 1.40625
vt 0.625 1.399414
vt 0.635742 1.402344
vt 0.628906 1.396484
vt 0.63623 1.398438
vt 0.629883 1.393555
vt 0.636719 1.37793
vt 0.629883 1.37793
vt 0.629883 1.396484
vt 0.63623 1.401367
vt 0.629883 1.389648
vt 0.636719 1.392578
vt 0.629883 1.381836
vt 0.636719 1.381836
vt 0.635742 1.405273
vt 0.628906 1.399414
vt 0.631836 1.408203
vt 0.625488 1.402344
vt 0.623047 1.414062
vt 0.617676 1.40625
vt 0.61084 1.419922
vt 0.606445 1.411133
vt 0.597168 1.426758
vt 0.59375 1.416016
vt 0.584473 1.432617
vt 0.58252 1.419922
vt 0.577148 1.435547
vt 0.575684 1.422852
vt 0.572266 1.4375
vt 0.571289 1.424805
vt 0.567871 1.439453
vt 0.567383 1.425781
vt 0.564453 1.44043
vt 0.563965 1.426758
vt 0.561523 1.441406
vt 0.561523 1.427734
vt 0.559082 1.441406
vt 0.559082 1.427734
vt 0.555664 1.441406
vt 0.555664 1.426758
vt 0.551758 1.44043
vt 0.552246 1.426758
vt 0.54834 1.439453
vt 0.549316 1.424805
vt 0.54541 1.436523
vt 0.545898 1.421875
vt 0.541016 1.431641
vt 0.541992 1.416992
vt 0.536621 1.425781
vt 0.537109 1.411133
vt 0.530762 1.418945
vt 0.531738 1.405273
vt 0.525391 1.412109
vt 0.525879 1.400391
vt 0.52002 1.408203
vt 0.520508 1.396484
vt 0.514648 1.404297
vt 0.515137 1.393555
vt 0.508789 1.398438
vt 0.508789 1.389648
vt 0.503418 1.394531
vt 0.503906 1.387695
vt 0.500977 1.392578
vt 0.501465 1.380859
vt 0.499512 1.392578
vt 0.499756 1.380859
vt 0.492676 1.392578
vt 0.492676 1.380859
vt 0.275391 0.68457
vt 0.27417 0.684082
vt 1.973633 0.600098
vt 1.973633 0.605957
vt 1.978516 0.59668
vt 1.978516 0.605957
vt 0.151855 0.552734
vt 0.154419 0.552734
vt 1.551758 0.945312
vt 1.555664 0.943848
vt 1.557617 0.939941
vt 1.547852 0.944824
vt 1.544922 0.941895
vt 0.499268 0.478516
vt 0.500977 0.477783
vt 0.496826 0.468994
vt 0.498535 0.46875
vt 0.497314 0.458984
vt 0.498779 0.459229
vt 0.499268 0.45166
vt 0.500977 0.452393
vt 0.50293 0.485352
vt 0.504395 0.484131
vt 0.748535 0.456787
vt 0.750488 0.465576
vt 1.96582 0.889648
vt 1.944336 0.897949
vt 1.941406 0.889648
vt 1.949219 0.904785
vt 1.957031 0.90918
vt 1.96582 0.911133
vt 1.973633 0.90918
vt 1.981445 0.904785
vt 1.986328 0.897949
vt 1.989258 0.889648
vt 0.986816 0.897949
vt 0.989258 0.889648
vt 0.96582 0.889648
vt 0.981445 0.904785
vt 0.974121 0.90918
vt 0.96582 0.911133
vt 0.957031 0.90918
vt 0.949707 0.904785
vt 0.944336 0.897949
vt 0.941895 0.889648
vt 0.96582 0.381348
vt 0.96582 0.343994
vt 0.959473 0.381348
vt 0.959473 0.343994
vt 0.950684 0.381348
vt 0.950684 0.343994
vt 0.501465 0.447266
vt 0.50293 0.447998
vt 0.646973 0.747559
vt 0.660645 0.742188
vt 0.645996 0.737305
vt 0.659668 0.73877
vt 0.648438 0.728027
vt 0.661133 0.73584
vt 0.651855 0.723145
vt 0.663574 0.734863
vt 0.648926 0.756836
vt 0.651367 0.755371
vt 0.644043 0.748535
vt 0.643066 0.737305
vt -0.768555 0.344727
vt -0.767578 0.342285
vt -0.769531 0.344482
vt -0.769043 0.342285
vt -0.766602 0.342529
vt -0.771484 0.344971
vt -0.763672 0.345459
vt -0.770996 0.342773
vt -0.760742 0.343506
vt -0.775391 0.348877
vt -0.755371 0.344727
vt -0.754395 0.347412
vt -0.753906 0.344971
vt -0.776367 0.3479
vt -0.779297 0.353027
vt -0.78125 0.353516
vt -0.779297 0.354736
vt -0.781738 0.355469
vt -0.778809 0.358398
vt -0.781738 0.356934
vt -0.78125 0.358398
vt -0.780762 0.360596
vt -0.780273 0.36377
vt -0.775879 0.369873
vt -0.779297 0.367432
vt -0.778809 0.369385
vt -0.77832 0.370361
vt 0.481445 0.523438
vt 0.481445 0.525391
vt 0.483154 0.523438
vt 0.483154 0.525391
vt 0.486816 0.523438
vt 0.485107 0.528809
vt 0.481201 0.528809
vt 0.487305 0.525391
vt 0.525879 0.525391
vt 0.503418 0.525391
vt 0.503418 0.548828
vt 0.525879 0.54834
vt 1.556641 0.936035
vt 1.554688 0.932617
vt 1.549805 0.932129
vt 1.545898 0.934082
vt 1.543945 0.9375
vt 0.498047 0.552734
vt 0.495361 0.552246
vt 0.491455 0.55127
vt 0.486816 0.550293
vt 0.483154 0.550293
vt 0.481445 0.550293
vt 0.645508 0.727051
vt 0.648926 0.721191
vt 0.964844 0.600586
vt 0.964844 0.605957
vt 0.630371 0.818848
vt 0.632812 0.818848
vt 0.630371 0.813477
vt 0.632812 0.813477
vt 0.629883 0.808105
vt 0.632812 0.808105
vt 0.632812 0.803223
vt 0.629883 0.803223
vt 0.629395 0.79834
vt 0.632812 0.798828
vt 0.632812 0.79541
vt 0.62793 0.794434
vt 0.632812 0.791504
vt 0.627441 0.791992
vt 0.617188 0.792969
vt 0.617188 0.794434
vt 0.627441 0.788574
vt 0.632324 0.786133
vt 0.613281 0.794922
vt 0.628418 0.782227
vt 0.631836 0.78125
vt 0.62793 0.777832
vt 0.631348 0.777832
vt 0.613281 0.792969
vt 0.617188 0.791016
vt 0.613281 0.791016
vt 0.050171 0.224487
vt 0.056091 0.224487
vt 0.050476 0.220703
vt 0.047394 0.224487
vt 0.056183 0.219849
vt 0.051483 0.219482
vt 0.050476 0.217896
vt 0.061981 0.220825
vt 0.062073 0.224487
vt 0.061188 0.219604
vt 0.063354 0.224487
vt 0.062073 0.21814
vt 0.063477 0.22168
vt 0.063965 0.22168
vt 0.063965 0.224487
vt 0.063599 0.218994
vt 0.063782 0.218994
vt 0.062073 0.216309
vt 0.063843 0.216309
vt 0.063599 0.216309
vt 0.06366 0.213745
vt 0.063965 0.213867
vt 0.062073 0.214233
vt 0.06427 0.21106
vt 0.062195 0.211304
vt 0.061188 0.212402
vt 0.063599 0.210938
vt 0.063293 0.207764
vt 0.064575 0.208008
vt 0.056183 0.211914
vt 0.065063 0.205078
vt 0.063354 0.20459
vt 0.064148 0.201782
vt 0.065796 0.202393
vt 0.061188 0.203979
vt 0.059784 0.201782
vt 0.055695 0.202271
vt 0.061584 0.207397
vt 0.056 0.207153
vt 0.050385 0.203857
vt 0.05188 0.201782
vt 0.05069 0.200439
vt 0.048096 0.198608
vt 0.050385 0.207153
vt 0.05069 0.21106
vt 0.051575 0.21228
vt 0.050598 0.213745
vt 0.047577 0.204224
vt 0.047394 0.213135
vt 0.044678 0.204102
vt 0.047394 0.218506
vt 0.044495 0.207397
vt 0.044098 0.211182
vt 0.042084 0.207275
vt 0.041382 0.202881
vt 0.043182 0.202393
vt 0.043884 0.213867
vt 0.047394 0.221436
vt 0.044098 0.220581
vt 0.160645 0.543457
vt 0.160645 0.530762
vt 0.168213 0.543457
vt 0.168213 0.530762
vt 0.168457 0.552246
vt 0.479248 0.552246
vt 0.479004 0.544922
vt 0.479004 0.529297
vt 0.168457 0.521973
vt 0.479248 0.521973
vt 0.483398 0.544922
vt 0.483398 0.529297
vt 0.491699 0.544922
vt 0.491699 0.529297
vt 0.497314 0.544922
vt 0.497314 0.529297
vt 0.50293 0.544922
vt 0.50293 0.529297
vt 0.925293 0.848633
vt 0.927246 0.849121
vt 0.925781 0.844238
vt 0.927246 0.844238
vt 0.925781 0.835938
vt 0.927246 0.835938
vt 0.92627 0.827637
vt 0.928223 0.827637
vt 0.926758 0.823242
vt 0.928223 0.822754
vt 0.486572 0.76123
vt 0.478516 0.76709
vt 0.486572 0.762695
vt 0.479004 0.76709
vt 0.477051 0.771484
vt 0.478027 0.770508
vt 0.488281 0.77002
vt 0.901367 0.811523
vt 0.905273 0.814453
vt 0.901855 0.810059
vt 0.904297 0.816895
vt 0.894043 0.810059
vt 0.900879 0.813965
vt 0.894043 0.811523
vt 0.895996 0.812988
vt 0.892578 0.814453
vt 0.884766 0.811035
vt 0.894043 0.808594
vt 0.884277 0.808594
vt 0.889648 0.817383
vt 0.884766 0.8125
vt 0.884766 0.819336
vt 0.887695 0.819824
vt 0.887695 0.820312
vt 0.884766 0.820312
vt 0.172852 0.20813
vt 0.172729 0.212158
vt 0.175781 0.208252
vt 0.175659 0.212158
vt 0.905273 0.8125
vt 0.907227 0.814453
vt 0.906738 0.816406
vt 0.905762 0.818848
vt 0.90918 0.818848
vt 0.90918 0.816895
vt 0.907227 0.821777
vt 0.915039 0.818848
vt 0.910156 0.825195
vt 0.916016 0.821289
vt 0.924805 0.820801
vt 0.914062 0.829102
vt 0.916992 0.831543
vt 0.899414 0.829102
vt 0.908691 0.826172
vt 0.918457 0.835938
vt 0.905273 0.82373
vt 0.916504 0.839844
vt 0.900879 0.821777
vt 0.894531 0.822266
vt 0.890137 0.82373
vt 0.888672 0.825684
vt 0.887695 0.827637
vt 0.887695 0.829102
vt 0.887695 0.82959
vt 0.913574 0.841797
vt 0.909668 0.845215
vt 0.907715 0.844727
vt 0.904297 0.84668
vt 0.899414 0.848145
vt 0.893066 0.847168
vt 0.914551 0.849609
vt 0.913574 0.852051
vt 0.92334 0.851074
vt 0.907715 0.851562
vt 0.90625 0.848145
vt 0.907715 0.853027
vt 0.904297 0.850586
vt 0.905273 0.85498
vt 0.905273 0.853516
vt 0.90332 0.855469
vt 0.90332 0.856934
vt 0.902344 0.852539
vt 0.899902 0.859863
vt 0.899414 0.857422
vt 0.898926 0.855469
vt 0.894531 0.85791
vt 0.894043 0.855957
vt 0.890137 0.854492
vt 0.894531 0.858887
vt 0.889648 0.856934
vt 0.887695 0.851562
vt 0.88623 0.848633
vt 0.885742 0.848145
vt 0.882812 0.848145
vt 0.882812 0.849121
vt 0.88623 0.855957
vt 0.882812 0.855957
vt 0.889648 0.85791
vt 0.893555 0.859375
vt 0.894531 0.860352
vt 0.890137 0.860352
vt 0.88623 0.857422
vt 0.882812 0.857422
vt 0.889648 0.858887
vt 0.88623 0.860352
vt 0.88623 0.858887
vt 0.882812 0.858887
vt 0.881836 0.860352
vt 0.084656 0.717773
vt 0.095764 0.714355
vt 0.093384 0.719238
vt 0.097168 0.711426
vt 0.676758 0.272461
vt 0.661621 0.267822
vt 0.662598 0.272705
vt 0.5 0.266846
vt 0.677246 0.268066
vt 0.685059 0.277832
vt 0.709473 0.29126
vt 0.666016 0.279785
vt 0.679199 0.279297
vt 0.70166 0.299072
vt 0.70459 0.309814
vt 0.713867 0.30249
vt 0.717285 0.311768
vt 0.696777 0.301514
vt 0.682129 0.301758
vt 0.699219 0.309082
vt 0.700195 0.320801
vt 0.701172 0.327881
vt 0.720215 0.321777
vt 0.696289 0.316162
vt 0.683105 0.306885
vt 0.677734 0.324463
vt 0.679688 0.314209
vt 0.506348 0.312256
vt 0.502441 0.327393
vt 0.516113 0.316162
vt 0.505859 0.305664
vt 0.505859 0.28125
vt 0.505859 0.273682
vt 0.492676 0.283691
vt 0.493652 0.309082
vt 0.494141 0.318848
vt 0.491943 0.272461
vt 0.495605 0.266846
vt 0.492188 0.276611
vt 0.459717 0.280029
vt 0.459717 0.273926
vt 0.365723 0.273682
vt 0.185547 0.277588
vt 0.185547 0.271973
vt 0.365479 0.279785
vt 0.459961 0.28833
vt 0.460449 0.298828
vt 0.365234 0.288086
vt 0.662598 0.744141
vt 0.468262 0.761719
vt 0.460449 0.76709
vt 0.468506 0.762695
vt 0.460938 0.767578
vt 0.459961 0.770996
vt 0.45874 0.771484
vt 0.065247 0.199097
vt 0.047485 0.201538
vt 0.050079 0.198242
vt 0.047577 0.207397
vt 0.047485 0.210327
vt 0.044189 0.200928
vt 0.044373 0.198975
vt 0.044189 0.198975
vt 0.043884 0.200806
vt 0.032471 0.206909
vt 0.033173 0.202026
vt 0.04129 0.211548
vt 0.042999 0.21228
vt 0.042877 0.212402
vt 0.041199 0.211792
vt 0.043671 0.213989
vt 0.033173 0.211426
vt 0.033295 0.21167
vt 0.031677 0.21228
vt 0.043976 0.217896
vt 0.043793 0.217896
vt 0.042999 0.21936
vt 0.043182 0.219482
vt 0.031372 0.212158
vt 0.041473 0.220215
vt 0.030289 0.213623
vt 0.030594 0.213745
vt 0.030487 0.210938
vt 0.030197 0.215698
vt 0.041382 0.219971
vt 0.033295 0.220093
vt 0.033478 0.219849
vt 0.031799 0.219238
vt 0.032684 0.224487
vt 0.042084 0.224487
vt 0.044495 0.224487
vt 0.92627 0.819336
vt 0.043091 0.202271
vt 0.041382 0.202515
vt 0.046478 0.198853
vt 0.033295 0.201782
vt 0.031586 0.201172
vt 0.031372 0.201294
vt 0.030197 0.199951
vt 0.030396 0.199829
vt 0.029892 0.197876
vt 0.029587 0.197876
vt 0.02829 0.200806
vt 0.028091 0.197876
vt 0.0047 0.197998
vt 0.0047 0.20105
vt 1.459961 0.0448
vt 1.453125 0.0448
vt 1.459961 0.051086
vt 1.453125 0.051086
vt 0.460449 0.0448
vt 0.453369 0.0448
vt 0.460449 0.051086
vt 0.453369 0.051086
vt 1.538086 0.04538
vt 1.538086 0.051697
vt 1.545898 0.045288
vt 1.545898 0.051483
vt 0.538574 0.04538
vt 0.538574 0.051697
vt 0.545898 0.045288
vt 0.545898 0.051483
vt 0.81543 0.19873
vt 0.834473 0.198486
vt 0.816895 0.195068
vt 0.812012 0.214844
vt 0.834473 0.215698
vt 0.833984 0.255615
vt 0.814453 0.295654
vt 0.811035 0.254883
vt 0.856934 0.214844
vt 0.834473 0.194092
vt 0.853516 0.19873
vt 0.834473 0.190552
vt 0.816895 0.190796
vt 0.852051 0.195068
vt 0.817871 0.182251
vt 0.860352 0.207275
vt 0.856934 0.254639
vt 0.834473 0.182983
vt 0.822266 0.147705
vt 0.852051 0.190674
vt 0.851074 0.182129
vt 0.834473 0.148193
vt 0.821777 0.10614
vt 0.84668 0.147705
vt 0.86377 0.203003
vt 0.833984 0.105591
vt 0.820312 0.080444
vt 0.868164 0.25293
vt 0.87207 0.244751
vt 0.884766 0.255615
vt 0.887695 0.265625
vt 0.882324 0.284424
vt 0.864746 0.273438
vt 0.861816 0.300293
vt 0.873535 0.304443
vt 0.870605 0.32373
vt 0.854004 0.29541
vt 0.834473 0.295654
vt 0.834473 0.321289
vt 0.851074 0.321289
vt 0.834473 0.337891
vt 0.859863 0.321777
vt 0.868652 0.339355
vt 0.858887 0.338379
vt 0.850098 0.337646
vt 0.858398 0.35791
vt 0.867188 0.358154
vt 0.849609 0.357178
vt 0.834473 0.357178
vt 0.834473 0.432373
vt 0.848145 0.430664
vt 0.834473 0.460938
vt 0.850098 0.455078
vt 0.85791 0.427979
vt 0.859863 0.444092
vt 0.865723 0.426758
vt 0.868652 0.439941
vt 1.973633 0.594727
vt 1.963867 0.595215
vt 0.974121 0.594727
vt 0.964355 0.595215
vt 0.9375 0.056793
vt 0.938965 0.046875
vt 0.9375 0.055084
vt 0.816406 0.808594
vt 0.816406 0.822754
vt 0.883789 0.822266
vt 0.882324 0.846191
vt 0.814453 0.846191
vt 0.814453 0.860352
vt 0.021698 0.441162
vt 0.023987 0.440674
vt 0.026596 0.436035
vt 0.028793 0.435547
vt 0.785645 0.819336
vt 0.779785 0.820312
vt 0.787598 0.821777
vt 0.779785 0.818848
vt 0.785645 0.817871
vt 0.790527 0.816406
vt 0.790039 0.817383
vt 0.791016 0.819336
vt 0.793457 0.817383
vt 0.792969 0.81543
vt 0.792969 0.814453
vt 0.795898 0.811523
vt 0.795898 0.812988
vt 0.800293 0.810059
vt 0.796387 0.814453
vt 0.796875 0.815918
vt 0.800781 0.812988
vt 0.800293 0.812012
vt 0.805664 0.8125
vt 0.804199 0.812988
vt 0.807617 0.814453
vt 0.805664 0.811035
vt 0.805176 0.808594
vt 0.80957 0.808594
vt 0.810059 0.814941
vt 0.810547 0.817383
vt 0.80957 0.811523
vt 0.812012 0.812012
vt 0.812012 0.808594
vt 0.8125 0.819824
vt 0.815918 0.812012
vt 0.8125 0.815918
vt 0.815918 0.816406
vt 0.815918 0.819824
vt 0.815918 0.820801
vt 0.8125 0.820801
vt 0.028687 0.502441
vt 0.023987 0.497559
vt 0.026596 0.501953
vt 0.021698 0.49707
vt 0.964355 0.306641
vt 0.959473 0.310059
vt 0.966309 0.312012
vt 0.970703 0.307373
vt 0.963867 0.313965
vt 0.969238 0.313477
vt 0.95752 0.315918
vt 0.974609 0.311768
vt 0.963867 0.317139
vt 0.969238 0.316895
vt 0.959961 0.321533
vt 0.975098 0.317871
vt 0.965332 0.324463
vt 0.97168 0.322998
vt 0.966797 0.318604
vt 0.585938 0.007996
vt 0.582031 0.005096
vt 0.586426 0.012093
vt 0.581543 0.015198
vt 0.578613 0.012497
vt 0.578613 0.008499
vt 0.581055 0.040588
vt 0.577148 0.037689
vt 0.581543 0.044678
vt 0.57666 0.047791
vt 0.573242 0.045074
vt 0.573242 0.040985
vt 0.96582 0.270508
vt 0.970215 0.265869
vt 0.963867 0.265137
vt 0.958984 0.268555
vt 0.96875 0.271973
vt 0.962891 0.272461
vt 0.974121 0.270264
vt 0.957031 0.274414
vt 0.96875 0.275391
vt 0.963379 0.275635
vt 0.974609 0.276367
vt 0.959473 0.280029
vt 0.971191 0.281494
vt 0.964844 0.282959
vt 0.966309 0.2771
vt 0.469971 0.776855
vt 1.898438 0.449463
vt 1.913086 0.449463
vt 1.897461 0.447998
vt 1.913086 0.447998
vt 1.897461 0.427246
vt 1.913086 0.42749
vt 1.898438 0.425781
vt 1.913086 0.425781
vt 0.88916 0.845215
vt 0.887695 0.842773
vt 0.887207 0.84082
vt 0.886719 0.839355
vt 0.887207 0.838867
vt 0.887207 0.836426
vt 0.811035 0.838867
vt 0.887695 0.833008
vt 0.811035 0.836426
vt 0.811523 0.833496
vt 0.811523 0.82959
vt 0.799316 0.839844
vt 0.811035 0.839355
vt 0.811035 0.840332
vt 0.810547 0.842773
vt 0.808594 0.844727
vt 0.804688 0.84668
vt 0.799805 0.847656
vt 0.796875 0.847168
vt 0.793457 0.845703
vt 0.790039 0.843262
vt 0.787109 0.840332
vt 0.785156 0.837891
vt 0.785645 0.830078
vt 0.787598 0.827148
vt 0.791016 0.824219
vt 0.794434 0.822266
vt 0.800781 0.820312
vt 0.797852 0.820801
vt 0.805664 0.821777
vt 0.80957 0.82373
vt 0.811523 0.829102
vt 0.811523 0.828125
vt 0.811035 0.826172
vt 0.950195 0.449463
vt 0.935059 0.447998
vt 0.935059 0.449463
vt 0.950195 0.447998
vt 0.935059 0.42749
vt 0.950195 0.427246
vt 0.935059 0.425781
vt 0.950195 0.425781
vt 0.05957 0.201538
vt 0.055695 0.202026
vt 0.051971 0.20166
vt 0.050873 0.200317
vt 0.050293 0.19812
vt 0.318359 0.765625
vt 0.277344 0.767578
vt 0.317871 0.767578
vt 0.317383 0.769531
vt 0.325195 0.767578
vt 0.325684 0.765625
vt 0.326172 0.76416
vt 0.328125 0.766113
vt 0.324951 0.769531
vt 0.327637 0.769531
vt 0.327881 0.767578
vt 0.324707 0.771973
vt 0.329102 0.767578
vt 0.328369 0.764648
vt 0.329102 0.769531
vt 0.330566 0.762695
vt 0.32959 0.765137
vt 0.329346 0.766113
vt 0.331787 0.766602
vt 0.331787 0.764648
vt 0.32666 0.762695
vt 0.319824 0.762207
vt 0.328125 0.759277
vt 0.322021 0.757812
vt 0.328857 0.752441
vt 0.331787 0.757812
vt 0.337402 0.765137
vt 0.337891 0.757812
vt 0.337402 0.762207
vt 0.491211 0.049377
vt 0.498535 0.049377
vt 0.499512 0.048676
vt 0.5 0.035675
vt 0.477783 0.036499
vt 0.491211 0.053284
vt 0.498291 0.053192
vt 0.490479 0.054077
vt 0.476074 0.053497
vt 0.476074 0.048584
vt 0.807129 0.85498
vt 0.810547 0.848633
vt 0.809082 0.851562
vt 1.459961 0.040192
vt 1.453125 0.040192
vt 0.460449 0.040192
vt 0.453369 0.040192
vt 0.234985 0.96875
vt 0.233887 0.97168
vt 0.235474 0.969238
vt 0.234619 0.97168
vt 0.237793 0.967773
vt 0.238037 0.96875
vt 0.245117 0.96875
vt 0.244995 0.967773
vt 0.266602 0.96875
vt 0.244629 0.967285
vt 0.236816 0.967285
vt 0.26709 0.967285
vt 0.266846 0.967773
vt 0.273682 0.967773
vt 0.273926 0.967285
vt 0.273193 0.96875
vt 0.275635 0.969238
vt 0.276123 0.96875
vt 0.2771 0.97168
vt 0.276123 0.97168
vt 0.323486 0.967285
vt 0.317139 0.967285
vt 0.322021 0.967773
vt 0.31665 0.967773
vt 0.290771 0.967285
vt 0.316406 0.968262
vt 0.321777 0.968262
vt 0.323975 0.96875
vt 0.29126 0.968262
vt 0.324463 0.968262
vt 0.325195 0.97168
vt 0.324463 0.97168
vt 0.29126 0.967773
vt 0.285645 0.967773
vt 0.285156 0.967285
vt 0.285889 0.968262
vt 0.283691 0.969238
vt 0.283203 0.96875
vt 0.282471 0.97168
vt 0.283203 0.97168
vt 0.574219 0.640137
vt 0.583496 0.624023
vt 0.573242 0.639648
vt 0.57373 0.641113
vt 0.583496 0.60791
vt 0.574219 0.60791
vt 0.573242 0.608398
vt 0.687012 0.60791
vt 0.572266 0.609375
vt 0.571289 0.608887
vt 0.571289 0.610352
vt 0.571777 0.61084
vt 0.570801 0.624023
vt 0.572266 0.624023
vt 0.571289 0.637695
vt 0.571777 0.637207
vt 0.571289 0.63916
vt 0.568848 0.638184
vt 0.569336 0.639648
vt 0.572266 0.638672
vt 0.572266 0.640625
vt 0.569824 0.641602
vt 0.572266 0.644043
vt 0.573242 0.644043
vt 0.583496 0.641113
vt 0.583496 0.644043
vt 0.583496 0.639648
vt 0.687012 0.641113
vt 0.687012 0.644043
vt 0.687012 0.624023
vt 0.696289 0.60791
vt 0.697266 0.608398
vt 0.698242 0.609375
vt 0.687012 0.639648
vt 0.696777 0.641113
vt 0.696777 0.644043
vt 0.696289 0.640137
vt 0.698242 0.640625
vt 0.698242 0.644043
vt 0.697266 0.639648
vt 0.69873 0.63916
vt 0.700684 0.641602
vt 0.701172 0.639648
vt 0.698242 0.638672
vt 0.699219 0.637695
vt 0.70166 0.638184
vt 0.698242 0.637207
vt 0.699219 0.624023
vt 0.698242 0.624023
vt 0.699219 0.610352
vt 0.698242 0.61084
vt 0.69873 0.608887
vt 0.229492 0.720215
vt 0.230225 0.721191
vt 0.241089 0.721191
vt 0.219116 0.72168
vt 0.265625 0.722168
vt 0.265869 0.721191
vt 0.272949 0.722168
vt 0.241699 0.72168
vt 0.232422 0.72168
vt 0.242554 0.722656
vt 0.227783 0.723145
vt 0.226196 0.727051
vt 0.215332 0.726562
vt 0.231445 0.723633
vt 0.234741 0.722656
vt 0.235596 0.723145
vt 0.24292 0.723145
vt 0.232788 0.724121
vt 0.264893 0.723145
vt 0.231934 0.727051
vt 0.265137 0.722656
vt 0.271729 0.723145
vt 0.230469 0.727051
vt 0.231567 0.730469
vt 0.23291 0.730469
vt 0.271973 0.722656
vt 0.274658 0.724121
vt 0.27417 0.724121
vt 0.235596 0.731445
vt 0.274902 0.727539
vt 0.275635 0.723633
vt 0.277832 0.722168
vt 0.275391 0.727539
vt 0.276367 0.727539
vt 0.277832 0.727539
vt 0.277832 0.733398
vt 0.274658 0.730957
vt 0.27417 0.730469
vt 0.271729 0.731445
vt 0.275635 0.731445
vt 0.271973 0.731934
vt 0.272705 0.73291
vt 0.265137 0.731934
vt 0.264893 0.731445
vt 0.24292 0.731445
vt 0.265625 0.73291
vt 0.273926 0.733887
vt 0.242554 0.731934
vt 0.266357 0.734375
vt 0.241699 0.73291
vt 0.234741 0.731934
vt 0.232422 0.732422
vt 0.239868 0.734375
vt 0.227783 0.730957
vt 0.219238 0.732422
vt 0.229736 0.733887
vt 0.227417 0.73584
vt 0.217529 0.736816
vt 0.22522 0.740234
vt 0.236206 0.736816
vt 0.268066 0.736816
vt 0.277832 0.740234
vt 0.275146 0.73584
vt 0.277832 0.736816
vt 0.280518 0.73584
vt 1.463867 0.041992
vt 1.463867 0.051086
vt 1.548828 0.045197
vt 1.548828 0.054291
vt 0.174561 0.765137
vt 0.17627 0.76709
vt 0.175781 0.765137
vt 0.17395 0.76709
vt 0.182861 0.765137
vt 0.175049 0.763672
vt 0.181763 0.763672
vt 0.174194 0.763672
vt 0.172729 0.766602
vt 0.173584 0.76123
vt 0.173584 0.763672
vt 0.173584 0.764648
vt 0.172974 0.769531
vt 0.174194 0.76123
vt 0.180908 0.76123
vt 0.17395 0.756348
vt 0.17334 0.756348
vt 0.172729 0.756348
vt 0.173096 0.76123
vt 0.172485 0.76123
vt 0.172852 0.763672
vt 0.172974 0.764648
vt 0.171753 0.765137
vt 0.172119 0.766113
vt 0.170776 0.768066
vt 0.171387 0.768555
vt 0.171387 0.763184
vt 0.170288 0.76709
vt 0.170166 0.764648
vt 0.168335 0.768066
vt 0.178223 0.947266
vt 0.176392 0.947754
vt 0.177856 0.95166
vt 0.179199 0.950684
vt 0.180664 0.949219
vt 0.180908 0.947754
vt 0.187622 0.947266
vt 0.18335 0.952637
vt 0.186523 0.949707
vt 0.201294 0.950195
vt 0.202271 0.947266
vt 0.179077 0.953613
vt 0.178711 0.954102
vt 0.200317 0.953125
vt 0.178223 0.953613
vt 0.216187 0.947266
vt 0.214844 0.952637
vt 0.215454 0.950195
vt 0.220337 0.950195
vt 0.221191 0.947754
vt 0.219604 0.952637
vt 0.221924 0.948242
vt 0.219971 0.953125
vt 0.220703 0.950684
vt 0.221436 0.953125
vt 0.222412 0.953125
vt 0.220947 0.955566
vt 0.22229 0.958496
vt 0.790039 0.824219
vt 0.791992 0.821289
vt 0.784668 0.82373
vt 0.782715 0.828613
vt 0.782227 0.839844
vt 0.783691 0.84375
vt 0.786621 0.846191
vt 0.789062 0.84375
vt 0.77832 0.84668
vt 0.791016 0.847168
vt 0.793945 0.818848
vt 0.789551 0.848633
vt 0.793457 0.852539
vt 0.79248 0.849609
vt 0.794922 0.853027
vt 0.798828 0.855469
vt 0.789062 0.850586
vt 0.79834 0.856934
vt 0.78418 0.848145
vt 0.802246 0.856934
vt 0.802246 0.855957
vt 0.797852 0.858398
vt 0.806152 0.854492
vt 0.792969 0.854004
vt 0.789062 0.851562
vt 0.79248 0.855469
vt 0.78418 0.849609
vt 0.797852 0.859863
vt 0.778809 0.848145
vt 0.801758 0.858398
vt 0.80127 0.860352
vt 0.806641 0.857422
vt 0.806152 0.860352
vt 0.810059 0.856934
vt 0.810059 0.860352
vt 0.810547 0.853027
vt 0.813965 0.856934
vt 0.813965 0.852539
vt 0.813965 0.849121
vt 0.811035 0.848145
vt 0.813965 0.848145
vt 0.658203 0.806152
vt 0.662109 0.808594
vt 0.661621 0.802734
vt 0.661133 0.800781
vt 0.657715 0.804199
vt 0.66748 0.793457
vt 0.653809 0.8125
vt 0.652832 0.810059
vt 0.651855 0.818848
vt 0.649902 0.814941
vt 0.648438 0.819336
vt 0.657715 0.813965
vt 0.651367 0.828125
vt 0.648438 0.827637
vt 0.655762 0.819336
vt 0.655273 0.827148
vt 0.665039 0.805664
vt 0.669434 0.80127
vt 0.657715 0.836914
vt 0.674805 0.794434
vt 0.666016 0.79834
vt 0.671387 0.791504
vt 0.675293 0.783691
vt 0.680664 0.787109
vt 0.677246 0.78418
vt 0.679199 0.77832
vt 0.686035 0.78125
vt 0.683105 0.777832
vt 0.682129 0.775879
vt 0.685547 0.772461
vt 0.689941 0.777832
vt 0.687988 0.774414
vt 0.688965 0.770508
vt 0.693359 0.776367
vt 0.691895 0.772461
vt 0.690918 0.769531
vt 0.693848 0.768555
vt 0.695801 0.775391
vt 0.694824 0.771484
vt 0.696777 0.768066
vt 0.697754 0.775391
vt 0.700195 0.775391
vt 0.701172 0.770996
vt 0.697754 0.770996
vt 0.69873 0.768066
vt 0.700684 0.768066
vt 0.702637 0.768555
vt 0.066895 0.199585
vt 0.232422 0.972168
vt 0.233521 0.968262
vt 0.228394 0.97168
vt 0.234619 0.966797
vt 0.22998 0.967773
vt 0.233398 0.975586
vt 0.235352 0.974609
vt 0.234863 0.975098
vt 0.237793 0.976074
vt 0.238037 0.975098
vt 0.245117 0.975586
vt 0.236816 0.976562
vt 0.244995 0.976562
vt 0.244629 0.977051
vt 0.266846 0.976074
vt 0.266602 0.975098
vt 0.234497 0.977051
vt 0.229858 0.976074
vt 0.273682 0.976074
vt 0.273193 0.975098
vt 0.275391 0.974609
vt 0.26709 0.976562
vt 0.224854 0.977051
vt 0.276123 0.975098
vt 0.273926 0.976562
vt 0.276611 0.975586
vt 0.274658 0.977051
vt 0.277588 0.97168
vt 0.276611 0.968262
vt 0.27832 0.97168
vt 0.274658 0.966797
vt 0.277588 0.967773
vt 0.277588 0.976074
vt 0.279785 0.966309
vt 0.279785 0.977051
vt 0.279785 0.97168
vt 0.267578 0.966797
vt 0.243896 0.966797
vt 0.268311 0.964844
vt 0.275879 0.965332
vt 0.241699 0.964844
vt 0.2771 0.963379
vt 0.269775 0.962402
vt 0.231689 0.965332
vt 0.237305 0.962402
vt 0.224854 0.966309
vt 0.228882 0.963379
vt 0.229248 0.958984
vt 0.279785 0.958984
vt 0.279785 0.962891
vt 0.224365 0.962402
vt 0.223999 0.97168
vt 0.22229 0.962402
vt 0.221802 0.97168
vt 0.222168 0.966309
vt 0.221191 0.966309
vt 0.222778 0.958008
vt 0.222778 0.953125
vt 0.230835 0.953125
vt 0.279785 0.953125
vt 0.230591 0.94873
vt 0.221558 0.962402
vt 0.222168 0.946777
vt 0.22168 0.946777
vt 0.223389 0.945801
vt 0.221313 0.946777
vt 0.216675 0.946289
vt 0.202881 0.945801
vt 0.188477 0.945801
vt 0.181641 0.946289
vt 0.188965 0.944824
vt 0.203491 0.945312
vt 0.203613 0.944824
vt 0.182251 0.945312
vt 0.179321 0.945312
vt 0.180054 0.944824
vt 0.177856 0.942383
vt 0.182617 0.944824
vt 0.189209 0.944336
vt 0.189331 0.943848
vt 0.203613 0.943848
vt 0.182861 0.944336
vt 0.225464 0.944336
vt 0.180786 0.943848
vt 0.18042 0.944336
vt 0.178833 0.941895
vt 0.179443 0.941895
vt 0.178589 0.942383
vt 0.179321 0.938965
vt 0.179688 0.939453
vt 0.181885 0.938477
vt 0.178589 0.938477
vt 0.181396 0.937988
vt 0.180786 0.9375
vt 0.194702 0.9375
vt 0.194824 0.937988
vt 0.332275 0.937988
vt 0.17749 0.9375
vt 0.17688 0.942383
vt 0.175537 0.942383
vt 0.194702 0.936523
vt 0.33252 0.9375
vt 0.340576 0.937988
vt 0.333008 0.936523
vt 0.34082 0.9375
vt 0.19458 0.935547
vt 0.341553 0.936523
vt 0.342529 0.938477
vt 0.342285 0.938965
vt 0.180176 0.936523
vt 0.343018 0.941895
vt 0.179688 0.935059
vt 0.177856 0.935059
vt 0.333984 0.935547
vt 0.343262 0.937988
vt 0.342285 0.935547
vt 0.344971 0.936523
vt 0.343262 0.93457
vt 0.344971 0.934082
vt 0.344482 0.941406
vt 0.345459 0.941406
vt 0.344727 0.932129
vt 0.343506 0.941895
vt 0.335449 0.934082
vt 0.346436 0.947266
vt 0.19458 0.934082
vt 0.19458 0.932129
vt 0.34375 0.944824
vt 0.344727 0.945312
vt 0.343262 0.944336
vt 0.342773 0.943848
vt 0.342529 0.941895
vt 0.341553 0.945312
vt 0.341309 0.944824
vt 0.333252 0.944336
vt 0.342285 0.945801
vt 0.343262 0.946289
vt 0.333496 0.944824
vt 0.334229 0.945312
vt 0.336182 0.946289
vt 0.279297 0.945312
vt 0.279297 0.944336
vt 0.279297 0.946777
vt 0.279297 0.945801
vt 0.225464 0.944824
vt 0.230469 0.946777
vt 0.279541 0.94873
vt 0.34668 0.953125
vt 0.34668 0.958008
vt 0.289062 0.962402
vt 0.329102 0.962402
vt 0.282471 0.963379
vt 0.322021 0.964844
vt 0.337891 0.963379
vt 0.346436 0.961914
vt 0.346436 0.966309
vt 0.289795 0.964844
vt 0.333008 0.965332
vt 0.327881 0.966309
vt 0.283691 0.965332
vt 0.318359 0.966309
vt 0.284668 0.966309
vt 0.290527 0.966309
vt 0.281982 0.967773
vt 0.282715 0.968262
vt 0.281006 0.97168
vt 0.281982 0.97168
vt 0.282959 0.975586
vt 0.281982 0.976074
vt 0.283447 0.975098
vt 0.283936 0.974609
vt 0.285889 0.976074
vt 0.286377 0.975586
vt 0.291504 0.975586
vt 0.285645 0.976562
vt 0.284668 0.977051
vt 0.29126 0.977051
vt 0.291504 0.976562
vt 0.31665 0.978027
vt 0.316895 0.978516
vt 0.317383 0.979004
vt 0.321777 0.976562
vt 0.321533 0.975586
vt 0.32373 0.974609
vt 0.324463 0.975098
vt 0.326904 0.975098
vt 0.323486 0.976562
vt 0.327637 0.976562
vt 0.328125 0.97168
vt 0.326904 0.968262
vt 0.333984 0.967773
vt 0.335938 0.97168
vt 0.346436 0.97168
vt 0.333984 0.975586
vt 0.346436 0.976074
vt 0.331787 0.977051
vt 0.333252 0.977539
vt 0.346436 0.978027
vt 0.319824 0.97998
vt 0.346436 0.979004
vt 0.318604 0.979492
vt 0.290771 0.977539
vt 0.290283 0.978027
vt 0.320312 0.980469
vt 0.28418 0.978027
vt 0.290283 0.979004
vt 0.283936 0.978516
vt 0.290283 0.97998
vt 0.320068 0.981445
vt 0.333252 0.979004
vt 0.333496 0.983887
vt 0.34668 0.983398
vt 0.320312 0.98584
vt 0.290039 0.984375
vt 0.283691 0.97998
vt 0.283691 0.984375
vt 0.279785 0.984375
vt 0.279785 0.97998
vt 0.275391 0.984375
vt 0.279785 0.978516
vt 0.275635 0.97998
vt 0.275635 0.978516
vt 0.267822 0.97998
vt 0.267822 0.984375
vt 0.275391 0.978027
vt 0.242554 0.984375
vt 0.267822 0.978027
vt 0.267822 0.978516
vt 0.242798 0.979004
vt 0.242798 0.97998
vt 0.231567 0.979492
vt 0.231445 0.984375
vt 0.219604 0.984375
vt 0.231567 0.978516
vt 0.220581 0.979492
vt 0.243042 0.978027
vt 0.267578 0.977051
vt 0.243896 0.977539
vt 0.2323 0.977539
vt 0.224731 0.978516
vt 0.84375 0.058289
vt 0.851562 0.056885
vt 0.841797 0.05188
vt 0.833984 0.053192
vt 0.848145 0.050476
vt 0.858887 0.047882
vt 0.840332 0.04837
vt 0.833984 0.049774
vt 0.845703 0.046692
vt 0.856445 0.044586
vt 0.004799 0.213135
vt 0.028488 0.213013
vt 0.004898 0.215942
vt 0.0047 0.210327
vt 0.028793 0.210083
vt 0.028793 0.206909
vt 0.0047 0.207153
vt 0.0047 0.203979
vt 0.030197 0.206909
vt 0.028687 0.203735
vt 0.03009 0.203491
vt 0.208008 0.139893
vt 0.199097 0.139893
vt 0.200195 0.140381
vt 0.196289 0.140381
vt 0.212036 0.13916
vt 0.209839 0.140015
vt 0.210815 0.141602
vt 0.198608 0.140991
vt 0.197876 0.1427
vt 0.197754 0.146729
vt 0.194946 0.14209
vt 0.193604 0.140259
vt 0.194458 0.145996
vt 0.194702 0.1521
vt 0.192749 0.144165
vt 0.18689 0.138062
vt 0.190308 0.150146
vt 0.188843 0.148193
vt 0.183594 0.141724
vt 0.177979 0.1521
vt 0.175293 0.146362
vt 0.175293 0.142334
vt 0.176758 0.149902
vt 0.160889 0.141235
vt 0.163696 0.150513
vt 0.162598 0.146484
vt 0.100159 0.147339
vt 0.159668 0.13208
vt 0.103943 0.13208
vt 0.101379 0.14209
vt 0.097473 0.126587
vt 0.164673 0.152832
vt 0.092346 0.135498
vt 0.089478 0.144043
vt 0.085266 0.130493
vt 0.092651 0.121094
vt 0.09137 0.119385
vt 0.084778 0.126343
vt 0.072693 0.129639
vt 0.0625 0.139648
vt 0.063354 0.122742
vt 0.049072 0.130249
vt 0.040283 0.133179
vt 0.042786 0.14502
vt 0.006897 0.146484
vt 0.005997 0.134399
vt 0.043396 0.149414
vt 0.0075 0.151123
vt 0.007996 0.154419
vt 0.059387 0.147217
vt 0.080078 0.142822
vt 0.076172 0.151245
vt 0.057892 0.152344
vt 0.043671 0.152588
vt 0.008293 0.156494
vt 0.043976 0.154663
vt 0.009094 0.1698
vt 0.057495 0.154785
vt 0.074097 0.16748
vt 0.009499 0.182129
vt 0.074646 0.154663
vt 0.085266 0.154053
vt 0.086548 0.150879
vt 0.099365 0.151367
vt 0.09906 0.153564
vt 0.170654 0.16626
vt 0.182495 0.165405
vt 0.195679 0.164307
vt 0.174438 0.180298
vt 0.077148 0.180908
vt 0.045197 0.184082
vt 0.009598 0.184814
vt 0.173218 0.183594
vt 0.17981 0.182373
vt 0.177734 0.185791
vt 0.182983 0.192627
vt 0.188232 0.189575
vt 0.184082 0.19873
vt 0.344971 0.173096
vt 0.344238 0.156494
vt 0.368652 0.197266
vt 0.184692 0.208374
vt 0.368408 0.18457
vt 0.368164 0.173096
vt 0.456787 0.171265
vt 0.453613 0.196289
vt 0.368164 0.157593
vt 0.368652 0.14563
vt 0.456787 0.152222
vt 0.451904 0.20459
vt 0.460938 0.204346
vt 0.368896 0.205322
vt 0.185059 0.216187
vt 0.368896 0.213989
vt 0.451416 0.213379
vt 0.185303 0.225952
vt 0.185669 0.245972
vt 0.372803 0.224731
vt 0.450928 0.224243
vt 0.458984 0.223877
vt 0.460449 0.213013
vt 0.50293 0.205078
vt 0.365723 0.253174
vt 0.185669 0.253662
vt 0.459717 0.253174
vt 0.458008 0.244629
vt 0.365723 0.259277
vt 0.185547 0.264404
vt 0.459717 0.259277
vt 0.365723 0.266357
vt 0.185669 0.26709
vt 0.459717 0.266602
vt 0.491699 0.266602
vt 0.491943 0.260986
vt 0.492188 0.256592
vt 0.505859 0.26001
vt 0.492676 0.249512
vt 0.662598 0.262939
vt 0.505859 0.252441
vt 0.493652 0.224487
vt 0.505859 0.227783
vt 0.666016 0.255859
vt 0.494385 0.214111
vt 0.506348 0.220825
vt 0.682129 0.234375
vt 0.683105 0.229004
vt 0.516113 0.217041
vt 0.679688 0.22168
vt 0.696289 0.219971
vt 0.696777 0.234741
vt 0.679199 0.256592
vt 0.685059 0.258301
vt 0.676758 0.263428
vt 0.71875 0.280273
vt 0.728027 0.29126
vt 0.734863 0.301514
vt 0.740723 0.314697
vt 0.722168 0.333984
vt 0.743652 0.332031
vt 0.734375 0.405762
vt 0.716309 0.40332
vt 0.712891 0.486572
vt 0.703125 0.483398
vt 0.69873 0.498535
vt 0.733887 0.605469
vt 0.733887 0.643555
vt 0.875488 0.605469
vt 0.875488 0.643555
vt 0.810547 0.697754
vt 0.474121 0.697754
vt 0.810547 0.708496
vt 0.474121 0.708496
vt 0.791016 0.802734
vt 0.783203 0.79541
vt 0.787598 0.799316
vt 0.199707 0.95459
vt 0.200439 0.956055
vt 0.210815 0.955566
vt 0.203247 0.958008
vt 0.184692 0.95459
vt 0.18457 0.956055
vt 0.179077 0.955078
vt 0.178589 0.956543
vt 0.178589 0.955078
vt 0.185181 0.958496
vt 0.178101 0.955078
vt 0.177979 0.956543
vt 0.178345 0.958984
vt 0.177612 0.956543
vt 0.17749 0.95459
vt 0.177002 0.956543
vt 0.177002 0.958496
vt 0.176636 0.958496
vt 0.17749 0.958984
vt 0.177368 0.961426
vt 0.184448 0.961914
vt 0.178223 0.961914
vt 0.176025 0.960938
vt 0.175659 0.958496
vt 0.174927 0.959961
vt 0.176758 0.961426
vt 0.175049 0.962891
vt 0.176514 0.963867
vt 0.178223 0.964355
vt 0.177124 0.964355
vt 0.175903 0.963379
vt 0.177124 0.967285
vt 0.176025 0.966797
vt 0.176514 0.966797
vt 0.178101 0.967285
vt 0.176514 0.970703
vt 0.175415 0.96582
vt 0.184204 0.964355
vt 0.184082 0.966797
vt 0.177979 0.970703
vt 0.177002 0.970703
vt 0.199585 0.964355
vt 0.200439 0.961426
vt 0.214722 0.960938
vt 0.199463 0.966797
vt 0.214478 0.966309
vt 0.199219 0.970703
vt 0.18396 0.970703
vt 0.183716 0.974121
vt 0.199097 0.974121
vt 0.213989 0.973633
vt 0.198853 0.975586
vt 0.177856 0.974121
vt 0.213867 0.975098
vt 0.219482 0.976074
vt 0.183594 0.975586
vt 0.210083 0.976074
vt 0.214355 0.976562
vt 0.21521 0.977539
vt 0.198975 0.976562
vt 0.199219 0.978027
vt 0.183594 0.976562
vt 0.808594 0.207275
vt 0.805176 0.203125
vt 0.796387 0.244751
vt 0.800293 0.25293
vt 0.803711 0.273438
vt 0.806152 0.300293
vt 0.817383 0.321289
vt 0.808594 0.321777
vt 0.818359 0.337646
vt 0.80957 0.338379
vt 0.810059 0.35791
vt 0.818848 0.357178
vt 0.820312 0.430664
vt 0.811035 0.428223
vt 0.818848 0.455078
vt 0.809082 0.444092
vt 0.800293 0.439941
vt 0.061096 0.219482
vt 0.061798 0.218018
vt 0.056183 0.219604
vt 0.06189 0.216309
vt 0.051575 0.21936
vt 0.061798 0.214355
vt 0.061096 0.212646
vt 0.050781 0.217896
vt 0.050873 0.213989
vt 0.056274 0.212158
vt 0.051697 0.212402
vt 0.221558 0.978027
vt 0.22168 0.976074
vt 0.216187 0.978516
vt 0.220581 0.975098
vt 0.220825 0.971191
vt 0.220459 0.977051
vt 0.219849 0.970215
vt 0.219482 0.974121
vt 0.220093 0.96582
vt 0.220337 0.962891
vt 0.214233 0.970215
vt 0.220215 0.959961
vt 0.2146 0.963379
vt 0.219727 0.956543
vt 0.219238 0.95459
vt 0.21521 0.958008
vt 0.219116 0.954102
vt 0.217285 0.956055
vt 0.215088 0.955566
vt 0.214478 0.95459
vt 0.702148 0.624023
vt 0.70166 0.609863
vt 0.701172 0.60791
vt 0.698242 0.607422
vt 0.700684 0.606445
vt 0.696777 0.606934
vt 0.698242 0.604004
vt 0.696777 0.603516
vt 0.687012 0.606934
vt 0.687012 0.603516
vt 0.583496 0.606934
vt 0.583496 0.603516
vt 0.57373 0.606934
vt 0.573242 0.603516
vt 0.572266 0.607422
vt 0.572266 0.604004
vt 0.569824 0.606445
vt 0.569336 0.60791
vt 0.568848 0.609863
vt 0.568359 0.624023
vt 0.170288 0.77002
vt 0.168823 0.769043
vt 0.170898 0.757812
vt 0.171997 0.756836
vt 0.169678 0.758789
vt 0.171753 0.750977
vt 0.172485 0.750977
vt 0.173218 0.750977
vt 0.172485 0.746094
vt 0.170532 0.751465
vt 0.169189 0.751953
vt 0.170288 0.746094
vt 0.174072 0.750488
vt 0.171631 0.746094
vt 0.180542 0.750488
vt 0.174072 0.745605
vt 0.173218 0.746094
vt 0.171753 0.741699
vt 0.17334 0.741699
vt 0.172607 0.741699
vt 0.170288 0.741699
vt 0.172852 0.737793
vt 0.174072 0.741211
vt 0.171997 0.737793
vt 0.17041 0.737793
vt 0.168701 0.741699
vt 0.168823 0.746582
vt 0.166992 0.746582
vt 0.167236 0.751953
vt 0.167725 0.759277
vt 0.168213 0.765137
vt 0.165527 0.751953
vt 0.166504 0.765137
vt 0.166016 0.759277
vt 0.165283 0.759277
vt 0.164795 0.752441
vt 0.165894 0.765625
vt 0.164551 0.746582
vt 0.165894 0.768555
vt 0.165283 0.746582
vt 0.166626 0.768066
vt 0.16687 0.77002
vt 0.165894 0.769531
vt 0.165161 0.741699
vt 0.164429 0.742188
vt 0.165894 0.771973
vt 0.164429 0.737793
vt 0.16687 0.741699
vt 0.165161 0.737793
vt 0.16687 0.737793
vt 0.165283 0.732422
vt 0.164551 0.73291
vt 0.168701 0.737793
vt 0.164795 0.725098
vt 0.166992 0.732422
vt 0.168823 0.73291
vt 0.167236 0.725098
vt 0.165527 0.725098
vt 0.165527 0.714844
vt 0.164795 0.716797
vt 0.16748 0.71582
vt 0.169434 0.71582
vt 0.169189 0.725098
vt 0.170898 0.726074
vt 0.170532 0.73291
vt 0.172119 0.733398
vt 0.171387 0.719727
vt 0.171997 0.717773
vt 0.171021 0.71582
vt 0.172974 0.721191
vt 0.172485 0.727051
vt 0.172241 0.715332
vt 0.173218 0.727539
vt 0.173096 0.733398
vt 0.172852 0.717285
vt 0.173584 0.733398
vt 0.173584 0.717285
vt 0.17334 0.714844
vt 0.173218 0.71875
vt 0.179932 0.714844
vt 0.173096 0.719238
vt 0.173828 0.719238
vt 0.173706 0.720215
vt 0.180176 0.71875
vt 0.197876 0.71875
vt 0.197876 0.714355
vt 0.217285 0.714844
vt 0.180176 0.720215
vt 0.197876 0.720215
vt 0.217285 0.719238
vt 0.229492 0.719238
vt 0.22937 0.714844
vt 0.240601 0.714844
vt 0.179688 0.721191
vt 0.217285 0.720215
vt 0.240723 0.719238
vt 0.265869 0.714844
vt 0.173828 0.720703
vt 0.173462 0.722168
vt 0.265869 0.719238
vt 0.273682 0.714844
vt 0.173584 0.723633
vt 0.173584 0.727539
vt 0.173828 0.722656
vt 0.174072 0.727539
vt 0.176147 0.723633
vt 0.178833 0.722168
vt 0.178955 0.727051
vt 0.193115 0.725586
vt 0.196655 0.72168
vt 0.179932 0.73291
vt 0.174072 0.733398
vt 0.174072 0.737305
vt 0.173462 0.737793
vt 0.180298 0.736816
vt 0.180542 0.740723
vt 0.198486 0.736816
vt 0.180542 0.745605
vt 0.199097 0.745117
vt 0.199097 0.740723
vt 0.196899 0.732422
vt 0.225098 0.745605
vt 0.225098 0.750977
vt 0.199097 0.750488
vt 0.199097 0.756348
vt 0.180664 0.756348
vt 0.277832 0.746094
vt 0.199341 0.76123
vt 0.199829 0.76416
vt 0.225098 0.761719
vt 0.225098 0.756836
vt 0.277588 0.751953
vt 0.225098 0.76416
vt 0.200439 0.765625
vt 0.277588 0.761719
vt 0.22522 0.765625
vt 0.277588 0.76416
vt 0.277588 0.757324
vt 0.332275 0.746582
vt 0.318848 0.76416
vt 0.277588 0.765625
vt 0.225464 0.767578
vt 0.201294 0.767578
vt 0.18396 0.76709
vt 0.225586 0.769531
vt 0.184692 0.769531
vt 0.201782 0.769531
vt 0.202026 0.771973
vt 0.176636 0.769531
vt 0.17749 0.771484
vt 0.185181 0.771973
vt 0.185425 0.773926
vt 0.174927 0.771973
vt 0.202026 0.773926
vt 0.176392 0.773926
vt 0.225586 0.773926
vt 0.178467 0.773926
vt 0.173584 0.772461
vt 0.171997 0.771484
vt 0.171509 0.773926
vt 0.174194 0.773926
vt 0.174683 0.776367
vt 0.178955 0.776367
vt 0.177002 0.776367
vt 0.177368 0.779297
vt 0.185669 0.776367
vt 0.175049 0.778809
vt 0.202026 0.776367
vt 0.185669 0.779297
vt 0.179199 0.779297
vt 0.179199 0.783203
vt 0.202026 0.779297
vt 0.225586 0.776367
vt 0.225586 0.779297
vt 0.202026 0.783203
vt 0.185669 0.783203
vt 0.277344 0.776367
vt 0.277344 0.773926
vt 0.225586 0.783203
vt 0.185303 0.788086
vt 0.225586 0.788086
vt 0.201782 0.788086
vt 0.277344 0.783691
vt 0.277344 0.779297
vt 0.317383 0.776367
vt 0.201294 0.79248
vt 0.277344 0.788086
vt 0.317383 0.783203
vt 0.317383 0.779297
vt 0.225464 0.79248
vt 0.317383 0.788086
vt 0.324707 0.782715
vt 0.277588 0.792969
vt 0.317627 0.79248
vt 0.277588 0.796387
vt 0.319092 0.796387
vt 0.22522 0.796387
vt 0.22522 0.797363
vt 0.277588 0.797363
vt 0.200317 0.797363
vt 0.31665 0.797363
vt 0.200562 0.796387
vt 0.182983 0.796387
vt 0.182495 0.797363
vt 0.321533 0.797852
vt 0.175293 0.797363
vt 0.184082 0.79248
vt 0.175781 0.795898
vt 0.177246 0.79248
vt 0.173584 0.79541
vt 0.172974 0.796387
vt 0.178589 0.788086
vt 0.1698 0.793945
vt 0.175171 0.791992
vt 0.170532 0.79248
vt 0.17688 0.787598
vt 0.172485 0.789551
vt 0.167969 0.788574
vt 0.166992 0.789551
vt 0.177368 0.783203
vt 0.166138 0.78418
vt 0.175171 0.782227
vt 0.174438 0.786133
vt 0.170288 0.786621
vt 0.172485 0.784668
vt 0.169556 0.782715
vt 0.172485 0.781738
vt 0.172363 0.778809
vt 0.166992 0.783691
vt 0.169434 0.779297
vt 0.166992 0.779297
vt 0.166138 0.779785
vt 0.166016 0.776367
vt 0.172119 0.776367
vt 0.166992 0.776367
vt 0.169189 0.776367
vt 0.16687 0.773926
vt 0.166016 0.773926
vt 0.168945 0.773926
vt 0.166626 0.771973
vt 0.168091 0.772461
vt 0.169189 0.771484
vt 0.371582 0.054077
vt 0.369141 0.054474
vt 0.371582 0.040375
vt 0.369141 0.040894
vt 0.364258 0.054688
vt 0.364258 0.041382
vt 0.359131 0.054688
vt 0.359131 0.041473
vt 0.354004 0.054474
vt 0.35376 0.040894
vt 0.351807 0.054077
vt 0.351318 0.040497
vt 0.349365 0.054199
vt 0.344238 0.054291
vt 0.348633 0.040588
vt 0.348389 0.015396
vt 0.353516 0.039886
vt 0.343262 0.040771
vt 0.338867 0.054474
vt 0.33374 0.054779
vt 0.328369 0.055481
vt 0.337891 0.040985
vt 0.33252 0.041199
vt 0.327148 0.041473
vt 0.343018 0.015594
vt 0.337891 0.015793
vt 0.33252 0.015991
vt 0.326904 0.0159
vt 0.327393 0.013397
vt 0.332764 0.013794
vt 0.337891 0.013695
vt 0.343018 0.013397
vt 0.348145 0.013199
vt 0.353516 0.012993
vt 0.353516 0.015198
vt 0.358643 0.015198
vt 0.358643 0.012894
vt 0.358643 0.039398
vt 0.36377 0.015099
vt 0.36377 0.012894
vt 0.36377 0.039398
vt 0.326172 0.73291
vt 0.33252 0.731445
vt 0.325439 0.730957
vt 0.322021 0.731934
vt 0.320557 0.731934
vt 0.322998 0.730957
vt 0.32373 0.727539
vt 0.315674 0.732422
vt 0.315186 0.731934
vt 0.326416 0.727539
vt 0.289062 0.732422
vt 0.289307 0.731934
vt 0.283936 0.731934
vt 0.334473 0.727539
vt 0.325439 0.724609
vt 0.322754 0.724609
vt 0.320312 0.723145
vt 0.321777 0.723145
vt 0.315674 0.722168
vt 0.315186 0.722656
vt 0.326172 0.722656
vt 0.289551 0.723145
vt 0.332275 0.724121
vt 0.289307 0.722656
vt 0.28418 0.723145
vt 0.283691 0.722656
vt 0.281006 0.724121
vt 0.281494 0.724121
vt 0.282959 0.722168
vt 0.289062 0.722168
vt 0.316895 0.72168
vt 0.280762 0.727539
vt 0.318359 0.721191
vt 0.280273 0.727539
vt 0.288574 0.721191
vt 0.330322 0.722168
vt 0.281006 0.730957
vt 0.281494 0.730469
vt 0.283447 0.732422
vt 0.279297 0.727539
vt 0.282715 0.73291
vt 0.280029 0.731445
vt 0.280029 0.723633
vt 0.288818 0.73291
vt 0.316895 0.73291
vt 0.288086 0.734375
vt 0.281738 0.733887
vt 0.320312 0.734375
vt 0.287109 0.736816
vt 0.331543 0.733887
vt 0.327637 0.736816
vt 0.345215 0.741211
vt 0.336182 0.73584
vt 0.344971 0.736816
vt 0.344971 0.732422
vt 0.344971 0.727539
vt 0.344971 0.723145
vt 0.331787 0.72168
vt 0.344971 0.72168
vt 0.344971 0.720215
vt 0.331787 0.720215
vt 0.332031 0.715332
vt 0.345215 0.715332
vt 0.318604 0.719727
vt 0.318604 0.714844
vt 0.318604 0.720703
vt 0.28833 0.719238
vt 0.288086 0.714844
vt 0.28833 0.720703
vt 0.281982 0.720703
vt 0.281982 0.719727
vt 0.281738 0.714844
vt 0.277832 0.714844
vt 0.277832 0.719727
vt 0.282227 0.721191
vt 0.277832 0.720703
vt 0.273682 0.719727
vt 0.273682 0.720703
vt 0.265869 0.720703
vt 0.240723 0.720215
vt 0.273438 0.721191
vt 0.97168 0.305176
vt 0.963867 0.304443
vt 0.95752 0.308594
vt 0.955078 0.315918
vt 0.977051 0.310791
vt 0.958496 0.322998
vt 0.949707 0.316162
vt 0.95459 0.326904
vt 0.965332 0.32666
vt 0.964844 0.332031
vt 0.972656 0.324951
vt 0.975586 0.329346
vt 0.977539 0.318604
vt 0.982422 0.320068
vt 0.981934 0.308838
vt 0.731445 0.51709
vt 0.739746 0.51709
vt 0.731934 0.513672
vt 0.728516 0.512207
vt 0.730957 0.508301
vt 0.727539 0.51709
vt 0.733887 0.51123
vt 0.735352 0.505859
vt 0.731934 0.52002
vt 0.728516 0.521973
vt 0.736816 0.509277
vt 0.739746 0.504883
vt 0.733887 0.522949
vt 0.730957 0.525879
vt 0.739746 0.508789
vt 0.744629 0.505859
vt 0.736816 0.524414
vt 0.735352 0.52832
vt 0.743164 0.509277
vt 0.748535 0.508301
vt 0.739746 0.525391
vt 0.739746 0.529297
vt 0.745605 0.51123
vt 0.750977 0.512207
vt 0.743164 0.524414
vt 0.744629 0.52832
vt 0.747559 0.513672
vt 0.751953 0.51709
vt 0.745605 0.522949
vt 0.748535 0.525879
vt 0.748047 0.51709
vt 0.750977 0.521973
vt 0.747559 0.52002
vt 0.70166 0.937012
vt 0.702148 0.944336
vt 0.70166 0.930176
vt 0.702148 0.95166
vt 0.701172 0.92334
vt 0.700684 0.918457
vt 0.179688 0.934082
vt 0.178467 0.934082
vt 0.180176 0.932617
vt 0.194458 0.930664
vt 0.326416 0.930176
vt 0.194458 0.929199
vt 0.179321 0.932129
vt 0.317383 0.928711
vt 0.176392 0.935547
vt 0.177246 0.931641
vt 0.17688 0.934082
vt 0.175781 0.937988
vt 0.175537 0.934082
vt 0.174805 0.937988
vt 0.175293 0.935547
vt 0.174438 0.942383
vt 0.174683 0.94873
vt 0.176514 0.95166
vt 0.175781 0.953613
vt 0.174561 0.935547
vt 0.174194 0.937988
vt 0.173462 0.937988
vt 0.173828 0.935547
vt 0.172729 0.934082
vt 0.174683 0.93457
vt 0.17395 0.93457
vt 0.173096 0.933105
vt 0.173706 0.932617
vt 0.171631 0.931152
vt 0.171265 0.932129
vt 0.174927 0.932129
vt 0.169312 0.931152
vt 0.17395 0.929688
vt 0.172485 0.930664
vt 0.1698 0.930176
vt 0.171143 0.929199
vt 0.167847 0.929688
vt 0.170044 0.927734
vt 0.17749 0.929688
vt 0.178467 0.927246
vt 0.172852 0.927734
vt 0.172485 0.925293
vt 0.169067 0.926758
vt 0.16748 0.927246
vt 0.166992 0.927734
vt 0.167725 0.925293
vt 0.166992 0.925293
vt 0.166992 0.922852
vt 0.1698 0.925293
vt 0.167969 0.922852
vt 0.170166 0.922852
vt 0.167969 0.919922
vt 0.166992 0.919434
vt 0.166992 0.914551
vt 0.170288 0.919922
vt 0.168091 0.915039
vt 0.17041 0.916504
vt 0.168945 0.910645
vt 0.168091 0.909668
vt 0.170776 0.905273
vt 0.173218 0.92041
vt 0.173096 0.922852
vt 0.171509 0.906738
vt 0.171265 0.912598
vt 0.174561 0.904297
vt 0.17395 0.902832
vt 0.173584 0.909668
vt 0.17627 0.901855
vt 0.17334 0.914551
vt 0.17334 0.91748
vt 0.175415 0.913086
vt 0.176025 0.916992
vt 0.177734 0.911621
vt 0.176147 0.907227
vt 0.178223 0.906738
vt 0.17688 0.90332
vt 0.31958 0.901367
vt 0.316895 0.900391
vt 0.321533 0.899902
vt 0.179688 0.911133
vt 0.178345 0.916016
vt 0.180176 0.916016
vt 0.178223 0.919922
vt 0.175903 0.92041
vt 0.175659 0.922852
vt 0.177979 0.922852
vt 0.175171 0.924805
vt 0.177246 0.924805
vt 0.174438 0.926758
vt 0.175781 0.927246
vt 0.179321 0.924805
vt 0.17981 0.922852
vt 0.318359 0.924316
vt 0.180054 0.919922
vt 0.318359 0.918945
vt 0.318359 0.922363
vt 0.319092 0.927246
vt 0.330566 0.927734
vt 0.328613 0.924805
vt 0.328125 0.922363
vt 0.337891 0.927734
vt 0.335205 0.924805
vt 0.341553 0.927246
vt 0.344727 0.928711
vt 0.344727 0.925293
vt 0.340088 0.924805
vt 0.334473 0.922363
vt 0.339844 0.922363
vt 0.890625 0.21936
vt 0.884277 0.212158
vt 0.887207 0.217041
vt 0.426025 0.493164
vt 0.427734 0.500977
vt 0.432129 0.494385
vt 0.435547 0.499512
vt 0.420898 0.496582
vt 0.434326 0.505371
vt 0.419678 0.502441
vt 0.429199 0.508789
vt 0.423096 0.507812
vt 1.539062 0.056183
vt 1.545898 0.056183
vt 0.539062 0.056183
vt 0.545898 0.056183
vt 0.089966 0.233887
vt 0.089966 0.234863
vt 0.092468 0.234009
vt 0.09259 0.234863
vt 0.09259 0.23877
vt 0.089966 0.23877
vt 0.098999 0.234863
vt 0.098877 0.234009
vt 0.098999 0.23877
vt 0.11969 0.234009
vt 0.119568 0.234863
vt 0.119568 0.238892
vt 0.126587 0.234009
vt 0.126465 0.234863
vt 0.126465 0.23877
vt 0.129272 0.23877
vt 0.129272 0.234863
vt 0.129272 0.233887
vt 0.132202 0.23877
vt 0.132202 0.234863
vt 1.029297 0.314209
vt 1.035156 0.314209
vt 1.035156 0.309326
vt 1.029297 0.30957
vt 0.632812 0.837891
vt 0.62793 0.834473
vt 0.627441 0.837891
vt 0.632812 0.833008
vt 0.632812 0.828613
vt 0.629395 0.828613
vt 0.629883 0.82373
vt 0.632812 0.82373
vt 0.627441 0.840332
vt 0.632324 0.842285
vt 0.631836 0.845215
vt 0.628418 0.844727
vt 0.631348 0.850098
vt 0.628418 0.849121
vt 0.630859 0.85498
vt 0.62793 0.854492
vt 0.630371 0.860352
vt 0.627441 0.859863
vt 0.617188 0.836914
vt 0.617188 0.838867
vt 0.612793 0.838867
vt 0.617188 0.834961
vt 0.612793 0.836914
vt 0.613281 0.834961
vt 0.434326 0.491211
vt 0.425293 0.489258
vt 0.439453 0.498779
vt 0.417725 0.494385
vt 0.4375 0.507812
vt 0.416016 0.503418
vt 0.430176 0.512695
vt 0.420898 0.510742
vt 0.964355 0.046478
vt 0.966797 0.047791
vt 0.970703 0.045685
vt 0.963379 0.049683
vt 0.961426 0.051392
vt 0.959473 0.052979
vt 0.960449 0.04718
vt 0.955566 0.047791
vt 0.955566 0.055298
vt 0.94873 0.047882
vt 0.950195 0.057098
vt 0.946289 0.057678
vt 0.944824 0.047577
vt 0.941895 0.047272
vt 0.942383 0.057678
vt 0.938965 0.057281
vt 0.939941 0.047089
vt 0.937988 0.046875
vt 1.029297 0.301514
vt 1.029297 0.296631
vt 1.035156 0.301514
vt 1.035156 0.296631
vt 1.035156 0.291504
vt 1.029297 0.291504
vt 0.924805 0.852051
vt 0.10437 0.266357
vt 0.10437 0.265381
vt 0.101868 0.265381
vt 0.101746 0.266357
vt 0.10437 0.270264
vt 0.101746 0.270264
vt 0.09668 0.270264
vt 0.09668 0.266357
vt 0.096741 0.265381
vt 0.072571 0.270264
vt 0.072388 0.265381
vt 0.072449 0.266357
vt 0.067444 0.270264
vt 0.067261 0.265381
vt 0.067383 0.266357
vt 0.06488 0.266357
vt 0.064941 0.270264
vt 0.064758 0.265381
vt 0.853516 0.671875
vt 0.85791 0.673828
vt 0.854492 0.669922
vt 0.858887 0.671875
vt 0.862793 0.675781
vt 0.850098 0.667969
vt 0.849609 0.669434
vt 0.845703 0.666504
vt 0.845703 0.668457
vt 0.845703 0.664062
vt 0.850586 0.666016
vt 0.846191 0.661621
vt 0.851074 0.664062
vt 0.85498 0.668457
vt 0.855469 0.666504
vt 0.859375 0.67041
vt 0.859863 0.668945
vt 0.863281 0.673828
vt 0.867676 0.676758
vt 0.86377 0.672363
vt 0.864258 0.67041
vt 0.868164 0.675293
vt 0.873047 0.677734
vt 0.868652 0.67334
vt 0.869141 0.671875
vt 0.873047 0.67627
vt 0.914062 0.678223
vt 0.873047 0.674316
vt 0.873535 0.672852
vt 0.914062 0.67627
vt 0.918945 0.678223
vt 0.914062 0.674316
vt 0.914062 0.672363
vt 0.918945 0.67627
vt 0.923828 0.678223
vt 0.918945 0.674805
vt 0.918945 0.672852
vt 0.923828 0.67627
vt 0.928711 0.677734
vt 0.92334 0.674316
vt 0.92334 0.672852
vt 0.928711 0.675781
vt 0.933594 0.677246
vt 0.928223 0.674316
vt 0.928223 0.672363
vt 0.933594 0.675293
vt 0.938477 0.67627
vt 0.933105 0.67334
vt 0.932617 0.671875
vt 0.937988 0.674316
vt 0.942871 0.675293
vt 0.937988 0.672363
vt 0.9375 0.670898
vt 0.942871 0.67334
vt 0.982422 0.669434
vt 0.98291 0.667969
vt 0.942871 0.671387
vt 0.942383 0.669434
vt 0.983398 0.665527
vt 0.983398 0.663574
vt 0.177856 0.975586
vt 0.199707 0.979004
vt 0.183594 0.977539
vt 0.200317 0.979492
vt 0.183594 0.978516
vt 0.177612 0.977539
vt 0.177734 0.976562
vt 0.200684 0.980469
vt 0.20105 0.985352
vt 0.183838 0.985352
vt 0.18396 0.980957
vt 0.183838 0.979492
vt 0.17749 0.982422
vt 0.177368 0.984863
vt 0.17627 0.984863
vt 0.17749 0.980469
vt 0.177612 0.979492
vt 0.177612 0.978516
vt 0.176514 0.982422
vt 0.176758 0.980469
vt 0.175781 0.982422
vt 0.175293 0.984863
vt 0.174316 0.984375
vt 0.175903 0.980469
vt 0.176758 0.979492
vt 0.174927 0.982422
vt 0.176025 0.979492
vt 0.176636 0.978516
vt 0.175415 0.980957
vt 0.174194 0.981934
vt 0.173096 0.983887
vt 0.175293 0.980469
vt 0.175293 0.979492
vt 0.171631 0.983398
vt 0.175903 0.979004
vt 0.173584 0.981445
vt 0.17334 0.97998
vt 0.171509 0.981445
vt 0.169556 0.981934
vt 0.169678 0.983398
vt 0.167847 0.985352
vt 0.167114 0.981934
vt 0.166992 0.984863
vt 0.167847 0.981934
vt 0.167725 0.980469
vt 0.166992 0.980469
vt 0.166992 0.979004
vt 0.169434 0.980469
vt 0.167603 0.979004
vt 0.171387 0.97998
vt 0.169312 0.979004
vt 0.16748 0.976562
vt 0.166748 0.976562
vt 0.166138 0.97168
vt 0.173096 0.978516
vt 0.166992 0.97168
vt 0.171265 0.978516
vt 0.166382 0.966309
vt 0.165649 0.966309
vt 0.168579 0.97168
vt 0.169189 0.976562
vt 0.171021 0.976074
vt 0.165283 0.961914
vt 0.168091 0.966309
vt 0.166016 0.961914
vt 0.167603 0.961914
vt 0.165894 0.95752
vt 0.165161 0.95752
vt 0.165283 0.952637
vt 0.169922 0.966309
vt 0.170532 0.97168
vt 0.165894 0.953125
vt 0.16748 0.95752
vt 0.166382 0.947266
vt 0.165771 0.947266
vt 0.167603 0.953125
vt 0.166382 0.939941
vt 0.169312 0.95752
vt 0.169556 0.961914
vt 0.166992 0.94043
vt 0.171265 0.961426
vt 0.169556 0.953125
vt 0.168091 0.947266
vt 0.16748 0.934082
vt 0.16687 0.934082
vt 0.168701 0.94043
vt 0.169922 0.947754
vt 0.16687 0.931152
vt 0.169189 0.934082
vt 0.16748 0.931152
vt 0.16687 0.929688
vt 0.171143 0.935059
vt 0.170654 0.940918
vt 0.171997 0.941895
vt 0.171387 0.948242
vt 0.170898 0.953125
vt 0.170898 0.95752
vt 0.172607 0.948242
vt 0.172119 0.95752
vt 0.172241 0.953125
vt 0.173096 0.942871
vt 0.173096 0.953125
vt 0.173706 0.942871
vt 0.173584 0.948242
vt 0.172485 0.936523
vt 0.174072 0.953125
vt 0.173706 0.958008
vt 0.172974 0.95752
vt 0.173584 0.961426
vt 0.174194 0.961914
vt 0.172607 0.961426
vt 0.174683 0.965332
vt 0.173218 0.965332
vt 0.174194 0.965332
vt 0.175781 0.969727
vt 0.174683 0.969727
vt 0.171631 0.96582
vt 0.172241 0.970703
vt 0.173828 0.970215
vt 0.172852 0.975098
vt 0.174316 0.974121
vt 0.173096 0.977539
vt 0.175171 0.973633
vt 0.174561 0.976074
vt 0.174683 0.977051
vt 0.175293 0.975586
vt 0.174805 0.978516
vt 0.175415 0.977539
vt 0.175293 0.976562
vt 0.175537 0.973145
vt 0.175781 0.976074
vt 0.175659 0.975098
vt 0.175293 0.969727
vt 0.175903 0.973633
vt 0.176025 0.975098
vt 0.176392 0.973633
vt 0.176147 0.970215
vt 0.176025 0.976074
vt 0.176392 0.975586
vt 0.176514 0.973633
vt 0.176392 0.976074
vt 0.176514 0.975586
vt 0.17688 0.974121
vt 0.17688 0.975586
vt 0.17688 0.976562
vt 0.176514 0.976562
vt 0.17688 0.977539
vt 0.176392 0.977539
vt 0.176392 0.978516
vt 0.176392 0.977051
vt 0.176025 0.978516
vt 0.17627 0.978027
vt 0.176025 0.977051
vt 0.176025 0.978027
vt 0.175659 0.978516
vt 0.175781 0.978027
vt 0.175781 0.977539
vt 0.853516 0.65625
vt 0.856445 0.658203
vt 0.854492 0.654785
vt 0.857422 0.656738
vt 0.859375 0.660156
vt 0.860352 0.658691
vt 0.863281 0.662109
vt 0.86377 0.660156
vt 0.866699 0.663086
vt 0.867188 0.661621
vt 0.870605 0.664062
vt 0.871094 0.662598
vt 0.875 0.664551
vt 0.875 0.663086
vt 0.915039 0.665039
vt 0.915039 0.663086
vt 0.918945 0.665039
vt 0.918945 0.663086
vt 0.92334 0.665039
vt 0.922852 0.663086
vt 0.927246 0.664551
vt 0.927246 0.663086
vt 0.931152 0.664062
vt 0.931152 0.662109
vt 0.935547 0.663574
vt 0.935059 0.661621
vt 0.939453 0.662598
vt 0.938965 0.660645
vt 0.978516 0.65625
vt 0.978027 0.654785
vt 0.499268 0.054077
vt 0.140381 0.221802
vt 0.140381 0.22583
vt 0.161011 0.221802
vt 0.133545 0.221802
vt 0.160889 0.22583
vt 0.133545 0.22583
vt 0.167358 0.225708
vt 0.130737 0.225708
vt 0.167358 0.221802
vt 0.130737 0.221802
vt 0.127686 0.225708
vt 0.127686 0.221802
vt 0.1698 0.221802
vt 0.1698 0.225708
vt 0.172852 0.22583
vt 0.172852 0.221802
vt 0.175781 0.221802
vt -0.733887 0.263184
vt -0.733887 0.260986
vt -0.777832 0.263184
vt -0.777832 0.26123
vt -0.806641 0.263184
vt -0.806641 0.26123
vt -0.733398 0.27124
vt -0.733398 0.269287
vt -0.776855 0.270996
vt -0.776855 0.269043
vt -0.806152 0.270996
vt -0.806152 0.269043
vt 0.376709 0.885254
vt 0.377686 0.88623
vt 0.361572 0.885254
vt 0.362061 0.88623
vt 0.710938 0.74707
vt 0.711426 0.745117
vt 0.705078 0.742188
vt 0.70459 0.743652
vt 0.698242 0.739746
vt 0.69873 0.741699
vt 0.712891 0.742188
vt 0.71875 0.747559
vt 0.719727 0.744141
vt 0.726074 0.749023
vt 0.726562 0.746094
vt 0.766602 0.749512
vt 0.714355 0.73877
vt 0.720703 0.740723
vt 0.727051 0.742188
vt 0.71582 0.735352
vt 0.72168 0.736816
vt 0.710938 0.732422
vt 0.708496 0.735352
vt 0.706055 0.73877
vt 0.706055 0.729004
vt 0.703125 0.731445
vt 0.76709 0.745605
vt 0.767578 0.741699
vt 0.773926 0.749512
vt 0.773926 0.746094
vt 0.773926 0.742188
vt 0.78125 0.749023
vt 0.78125 0.745605
vt 0.780762 0.741699
vt 0.788086 0.744141
vt 0.773926 0.738281
vt 0.787109 0.740723
vt 0.780273 0.737793
vt 0.786133 0.736816
vt 0.793945 0.739258
vt 0.79248 0.73584
vt 0.833984 0.733398
vt 0.831543 0.729492
vt 0.781738 0.750977
vt 0.789062 0.75
vt 0.788574 0.748047
vt 0.795898 0.748535
vt 0.795898 0.746582
vt 0.835449 0.743164
vt 0.835938 0.740723
vt 0.36499 0.635254
vt 0.368164 0.635254
vt 0.36499 0.629395
vt 0.368164 0.629395
vt 0.363037 0.635254
vt 0.36499 0.623535
vt 0.368164 0.623535
vt 0.363037 0.629395
vt 0.287598 0.629395
vt 0.287598 0.635254
vt 0.36499 0.617676
vt 0.368164 0.617676
vt 0.363037 0.623535
vt 0.287598 0.623535
vt 0.284668 0.629395
vt 0.284668 0.635254
vt 0.284668 0.623535
vt 0.284668 0.618164
vt 0.287598 0.618164
vt 0.284424 0.612305
vt 0.362793 0.617676
vt 0.287598 0.612305
vt 0.284424 0.606934
vt 0.36499 0.611328
vt 0.368164 0.611328
vt 0.362793 0.611816
vt 0.36499 0.605469
vt 0.368164 0.605469
vt 0.287354 0.606445
vt 0.362793 0.605469
vt 0.364746 0.599609
vt 0.36792 0.599609
vt 0.28418 0.601074
vt 0.287109 0.600586
vt 0.283936 0.595215
vt 0.362549 0.599609
vt 0.364502 0.59375
vt 0.367676 0.593262
vt 0.283203 0.589355
vt 0.282227 0.583984
vt 0.286865 0.594727
vt 0.286377 0.588379
vt 0.285645 0.58252
vt 0.362305 0.59375
vt 0.361572 0.587891
vt 0.361084 0.582031
vt 0.362793 0.581055
vt 0.36377 0.587402
vt 0.366943 0.586914
vt 0.365479 0.580078
vt 0.971191 0.263672
vt 0.963379 0.262939
vt 0.957031 0.26709
vt 0.976562 0.269287
vt 0.95459 0.274414
vt 0.977051 0.2771
vt 0.981445 0.267334
vt 0.981934 0.278809
vt 0.972168 0.283447
vt 0.975098 0.287842
vt 0.964355 0.285156
vt 0.963867 0.290527
vt 0.95752 0.281738
vt 0.953613 0.285156
vt 0.949219 0.274658
vt 0.822754 0.662109
vt 0.543457 0.662109
vt 0.822754 0.671387
vt 0.543457 0.671387
vt 0.822754 0.681152
vt 0.543457 0.681152
vt 0.351562 0.721191
vt 0.630859 0.721191
vt 0.630859 0.730957
vt 0.351562 0.730957
vt 0.630859 0.740234
vt 0.351562 0.740234
vt 0.776855 0.846191
vt 0.776855 0.848145
vt 0.777344 0.84082
vt 0.779297 0.841797
vt 0.77832 0.82666
vt 0.779785 0.827148
vt 0.777832 0.820801
vt 0.456787 0.22522
vt 0.455566 0.225098
vt 0.450928 0.22522
vt 0.372803 0.22583
vt 0.368896 0.225952
vt 0.368408 0.224976
vt 0.782715 0.914062
vt 0.78125 0.914551
vt 0.783203 0.918457
vt 0.781738 0.918457
vt 0.783691 0.922363
vt 0.779297 0.920898
vt 0.77832 0.915527
vt 0.718262 0.915527
vt 0.718262 0.921387
vt 0.781738 0.922363
vt 0.78418 0.92627
vt 0.779297 0.928711
vt 0.718262 0.928711
vt 0.782227 0.92627
vt 0.78418 0.930176
vt 0.782227 0.930176
vt 0.78418 0.934082
vt 0.779785 0.936035
vt 0.718262 0.936523
vt 0.782715 0.934082
vt 0.784668 0.937988
vt 0.782715 0.937988
vt 0.784668 0.941895
vt 0.780273 0.943848
vt 0.718262 0.943848
vt 0.782715 0.941895
vt 0.784668 0.945801
vt 0.782715 0.945801
vt 0.784668 0.949707
vt 0.780273 0.95166
vt 0.71875 0.951172
vt 0.783203 0.949707
vt 0.784668 0.953125
vt 0.783203 0.953125
vt 0.362061 0.898438
vt 0.361816 0.903809
vt 0.37207 0.898438
vt 0.37207 0.90332
vt 0.362061 0.911621
vt 0.373291 0.90332
vt 0.37207 0.911133
vt 0.373047 0.896973
vt 0.373291 0.910645
vt 0.362305 0.916016
vt 0.376709 0.90332
vt 0.376953 0.896973
vt 0.376953 0.891602
vt 0.361572 0.897461
vt 0.361572 0.89209
vt 0.376709 0.888672
vt 0.376953 0.882324
vt 0.376709 0.879395
vt 0.373047 0.882324
vt 0.361816 0.882324
vt 0.373047 0.879395
vt 0.361572 0.879395
vt 0.377686 0.87793
vt 0.376709 0.873535
vt 0.37793 0.872559
vt 0.37207 0.87793
vt 0.362061 0.87793
vt 0.362061 0.872559
vt 0.371826 0.872559
vt 0.373047 0.873535
vt 0.362305 0.871582
vt 0.37207 0.871582
vt 0.361084 0.871094
vt 0.36084 0.872559
vt 0.358887 0.871582
vt 0.359131 0.872559
vt 0.373047 0.873047
vt 0.363281 0.870605
vt 0.376709 0.873047
vt 0.372559 0.870605
vt 0.377686 0.871582
vt 0.376465 0.87207
vt 0.373291 0.872559
vt 0.387451 0.871582
vt 0.388672 0.871094
vt 0.390869 0.871094
vt 0.377197 0.870605
vt 0.375977 0.87207
vt 0.373779 0.87207
vt 0.386475 0.870605
vt 0.373535 0.870117
vt 0.376221 0.870117
vt 0.387695 0.870117
vt 0.376221 0.869629
vt 0.386475 0.870117
vt 0.387939 0.868164
vt 0.386963 0.868164
vt 0.385498 0.870117
vt 0.385498 0.869629
vt 0.385498 0.867676
vt 0.384033 0.869629
vt 0.384277 0.867676
vt 0.379639 0.867676
vt 0.373535 0.869629
vt 0.370117 0.867676
vt 0.364258 0.870117
vt 0.365723 0.869629
vt 0.365479 0.867676
vt 0.364258 0.869629
vt 0.364258 0.867676
vt 0.363281 0.870117
vt 0.362793 0.868164
vt 0.362061 0.870117
vt 0.361816 0.868164
vt 0.031586 0.219482
vt 0.029892 0.215698
vt 0.02829 0.215698
vt 0.028595 0.218506
vt 0.004898 0.218628
vt 0.030396 0.217896
vt 0.004898 0.221436
vt 0.030594 0.217773
vt 0.030594 0.220581
vt 0.028885 0.221436
vt 0.028992 0.224487
vt 0.004898 0.224487
vt 0.030396 0.224487
vt 0.37793 0.898438
vt 0.125122 0.212158
vt 0.125122 0.20813
vt 0.122742 0.212158
vt 0.128052 0.212158
vt 0.128052 0.20813
vt 0.130981 0.20813
vt 0.122742 0.208252
vt 0.117676 0.208252
vt 0.117676 0.212158
vt 0.093567 0.212158
vt 0.093567 0.208252
vt 0.08844 0.20813
vt 0.08844 0.212158
vt 0.085999 0.212158
vt 0.085876 0.208252
vt 0.015495 0.109863
vt 0.015495 0.102783
vt 0.373291 0.91748
vt 0.361816 0.916992
vt 0.373535 0.920898
vt 0.361816 0.920898
vt 0.362305 0.922363
vt 0.376709 0.920898
vt 0.376465 0.916992
vt 0.373535 0.922363
vt 0.376709 0.922363
vt 0.365967 0.928223
vt 0.373779 0.928711
vt 0.36377 0.926758
vt 0.362549 0.925781
vt 0.364502 0.927734
vt 0.376709 0.928711
vt 0.385986 0.926758
vt 0.384766 0.927734
vt 0.386719 0.92627
vt 0.344971 0.762207
vt 0.344971 0.765625
vt 0.344971 0.757812
vt 0.344971 0.768066
vt 0.345215 0.75293
vt 0.338623 0.75293
vt 0.337158 0.767578
vt 0.335938 0.77002
vt 0.344971 0.770996
vt 0.340576 0.748535
vt 0.345215 0.74707
vt 0.344971 0.773438
vt 0.331299 0.768555
vt 0.330078 0.769531
vt 0.337158 0.773438
vt 0.331055 0.771484
vt 0.328857 0.771973
vt 0.331299 0.773926
vt 0.327637 0.771973
vt 0.337402 0.776367
vt 0.345215 0.775879
vt 0.345215 0.77832
vt 0.328857 0.773926
vt 0.327637 0.773926
vt 0.337402 0.77832
vt 0.331299 0.776367
vt 0.328857 0.776367
vt 0.331543 0.778809
vt 0.337646 0.781738
vt 0.345459 0.78125
vt 0.345459 0.784668
vt 0.327637 0.776367
vt 0.331543 0.782227
vt 0.337891 0.785645
vt 0.328857 0.778809
vt 0.338135 0.789551
vt 0.345459 0.788574
vt 0.331787 0.786133
vt 0.345459 0.793945
vt 0.329102 0.782227
vt 0.338623 0.794922
vt 0.332275 0.790039
vt 0.339355 0.803711
vt 0.345459 0.803223
vt 0.333008 0.79541
vt 0.345459 0.813477
vt 0.32959 0.790527
vt 0.329346 0.786621
vt 0.340088 0.813477
vt 0.334229 0.803223
vt 0.340332 0.822266
vt 0.345703 0.822754
vt 0.335205 0.8125
vt 0.345703 0.82959
vt 0.331055 0.801758
vt 0.330322 0.79541
vt 0.340576 0.829102
vt 0.335693 0.821777
vt 0.340576 0.83252
vt 0.345703 0.83252
vt 0.335693 0.828613
vt 0.345703 0.835938
vt 0.332275 0.819824
vt 0.331787 0.810059
vt 0.340576 0.835449
vt 0.335938 0.832031
vt 0.34082 0.841309
vt 0.345703 0.841797
vt 0.336182 0.834961
vt 0.345703 0.848633
vt 0.332764 0.832031
vt 0.332275 0.828125
vt 0.34082 0.848633
vt 0.345703 0.861816
vt 0.336426 0.840332
vt 0.34082 0.862305
vt 0.34082 0.865234
vt 0.345703 0.865234
vt 0.335449 0.862305
vt 0.335449 0.865234
vt 0.335205 0.847656
vt 0.329346 0.865234
vt 0.329346 0.862305
vt 0.324463 0.862305
vt 0.324463 0.865234
vt 0.328857 0.848633
vt 0.32251 0.865234
vt 0.32251 0.862305
vt 0.324219 0.848633
vt 0.32251 0.848633
vt 0.32251 0.841309
vt 0.323975 0.841309
vt 0.327881 0.841309
vt 0.32373 0.834961
vt 0.32251 0.835449
vt 0.32251 0.832031
vt 0.332031 0.840332
vt 0.323486 0.832031
vt 0.32666 0.834961
vt 0.323486 0.827148
vt 0.32251 0.827148
vt 0.326416 0.832031
vt 0.330322 0.834961
vt 0.322266 0.814453
vt 0.333984 0.838867
vt 0.333008 0.834473
vt 0.32959 0.832031
vt 0.32959 0.827637
vt 0.326172 0.827637
vt 0.329346 0.817871
vt 0.325928 0.815918
vt 0.329102 0.807129
vt 0.323242 0.814941
vt 0.322998 0.802246
vt 0.321777 0.801758
vt 0.325684 0.804199
vt 0.32251 0.797852
vt 0.325439 0.798828
vt 0.328613 0.800293
vt 0.325195 0.79541
vt 0.328369 0.79541
vt 0.324951 0.791504
vt 0.327881 0.791016
vt 0.327881 0.786621
vt 0.324951 0.787598
vt 0.327637 0.782715
vt 0.327637 0.778809
vt 0.324707 0.779297
vt 0.324707 0.776367
vt 0.324707 0.773926
vt 0.317383 0.773926
vt 0.317383 0.771973
vt 0.277344 0.771973
vt 0.225586 0.771973
vt 0.277344 0.769531
vt 0.464111 0.041992
vt 0.464111 0.051086
vt 0.549316 0.045197
vt 0.549316 0.054291
vt 0.180298 0.939941
vt 0.182007 0.939453
vt 0.194824 0.938477
vt 0.332275 0.938477
vt 0.340088 0.938477
vt 0.341797 0.939453
vt 1.007812 0.310303
vt 1.013672 0.310547
vt 1.013672 0.3125
vt 1.007812 0.312256
vt 1.013672 0.320312
vt 1.006836 0.320312
vt 1.005859 0.322021
vt 1.013672 0.322266
vt 1.013672 0.323975
vt 1.005859 0.323975
vt 0.469971 0.770508
vt 0.469971 0.773438
vt 0.459961 0.773438
vt 0.458496 0.773438
vt 0.469727 0.457764
vt 0.471436 0.45752
vt 0.469727 0.456299
vt 0.471436 0.455811
vt 0.465088 0.456299
vt 0.473389 0.456787
vt 0.472656 0.455078
vt 0.475586 0.455566
vt 0.465088 0.457764
vt 0.449951 0.456299
vt 0.449951 0.457764
vt 0.445801 0.456299
vt 0.445557 0.457764
vt 0.441406 0.456299
vt 0.440674 0.457764
vt 0.665039 0.743164
vt 0.663086 0.739746
vt 0.666016 0.740234
vt 0.665039 0.737305
vt 0.185547 0.2854
vt 0.364502 0.298584
vt 0.184814 0.305664
vt 0.460449 0.309082
vt 0.364014 0.308838
vt 0.18457 0.315186
vt 0.460205 0.318848
vt 0.364258 0.318848
vt 0.460693 0.326904
vt 0.451172 0.318115
vt 0.45166 0.307617
vt 0.364258 0.32666
vt 0.184082 0.32251
vt 0.451416 0.326172
vt 0.364258 0.334473
vt 0.452881 0.334229
vt 0.183472 0.330078
vt 0.462158 0.334717
vt 0.454834 0.345947
vt 0.187378 0.341064
vt 0.182739 0.335938
vt 0.364014 0.347168
vt 0.36377 0.358398
vt 0.192383 0.355469
vt 0.178711 0.3479
vt 0.176758 0.344238
vt 0.172363 0.346436
vt 0.181396 0.35498
vt 0.173218 0.349854
vt 0.074585 0.347168
vt 0.09668 0.345459
vt 0.008293 0.345215
vt 0.0084 0.342529
vt 0.073486 0.352539
vt 0.008095 0.349365
vt 0.172485 0.35498
vt 0.073181 0.361084
vt 0.007698 0.357666
vt 0.18103 0.364502
vt 0.169312 0.363525
vt 0.194214 0.365967
vt 0.178955 0.371582
vt 0.166016 0.370605
vt 0.096375 0.368896
vt 0.163696 0.375732
vt 0.17688 0.376465
vt 0.343262 0.375244
vt 0.097168 0.374268
vt 0.193237 0.373047
vt 0.192993 0.378174
vt 0.246216 0.379395
vt 0.29126 0.380371
vt 0.344238 0.390381
vt 0.213867 0.380615
vt 0.364502 0.385986
vt 0.36377 0.374023
vt 0.456299 0.376709
vt 0.365723 0.392334
vt 0.350586 0.396484
vt 0.455078 0.390869
vt 0.453369 0.397217
vt 0.367188 0.396973
vt 0.35498 0.400635
vt 0.371094 0.402832
vt 0.359863 0.407227
vt 0.376221 0.403564
vt 0.372803 0.397217
vt 0.442383 0.407471
vt 0.450684 0.400879
vt 0.446289 0.407959
vt 0.452881 0.410889
vt 0.456787 0.403564
vt 0.459717 0.400879
vt 0.465576 0.4104
vt 0.463379 0.396973
vt 0.46875 0.4104
vt 0.472656 0.412109
vt 0.470703 0.401123
vt 0.464111 0.380859
vt 0.477539 0.403564
vt 0.47876 0.414551
vt 0.469238 0.388428
vt 0.467041 0.358887
vt 0.474365 0.385742
vt 0.525879 0.420166
vt 0.527832 0.431396
vt 0.549316 0.429932
vt 0.544922 0.439453
vt 0.554199 0.425049
vt 0.567871 0.440674
vt 0.563965 0.449707
vt 0.579102 0.459961
vt 0.570801 0.432861
vt 0.587402 0.456787
vt 0.603516 0.4729
vt 0.595703 0.435303
vt 0.596191 0.474854
vt 0.541016 0.4021
vt 0.683105 0.404785
vt 0.610352 0.490723
vt 0.602539 0.491699
vt 0.680664 0.48291
vt 0.60498 0.508301
vt 0.597656 0.509766
vt 0.597656 0.518555
vt 0.526855 0.376221
vt 0.60498 0.516113
vt 0.676758 0.498779
vt 0.610352 0.52002
vt 0.606445 0.523926
vt 0.674316 0.507324
vt 0.672852 0.51416
vt 0.672852 0.519043
vt 0.683105 0.51709
vt 0.682129 0.512695
vt 0.688965 0.511719
vt 0.683594 0.506348
vt 0.690918 0.505859
vt 0.685059 0.497803
vt 0.691895 0.497559
vt 0.689453 0.481934
vt 0.694824 0.481689
vt 0.696289 0.403076
vt 0.703125 0.402344
vt 0.696777 0.341797
vt 0.702148 0.335205
vt 0.680664 0.345459
vt 0.680176 0.338135
vt 0.678223 0.331055
vt 0.515137 0.35498
vt 0.508301 0.335693
vt 0.511719 0.344482
vt 0.4646 0.345947
vt 0.456299 0.358154
vt 0.646973 0.982422
vt 0.643555 0.966309
vt 0.642578 0.940918
vt 0.637207 0.925781
vt 0.368164 0.652832
vt 0.36499 0.652832
vt 0.36792 0.658691
vt 0.36499 0.658691
vt 0.36792 0.664551
vt 0.36499 0.646973
vt 0.368164 0.646973
vt 0.364746 0.664551
vt 0.367676 0.670898
vt 0.36499 0.641113
vt 0.368164 0.641113
vt 0.362793 0.641113
vt 0.362793 0.646973
vt 0.287598 0.640625
vt 0.362793 0.652832
vt 0.287598 0.646484
vt 0.284668 0.640625
vt 0.284668 0.646484
vt 0.287598 0.652344
vt 0.362793 0.658691
vt 0.284424 0.652344
vt 0.362793 0.664551
vt 0.287354 0.657715
vt 0.284424 0.657715
vt 0.287354 0.664062
vt 0.362305 0.67041
vt 0.28418 0.663574
vt 0.286865 0.669922
vt 0.364502 0.67041
vt 0.367432 0.676758
vt 0.28418 0.669434
vt 0.364258 0.676758
vt 0.366699 0.683594
vt 0.36377 0.682617
vt 0.361572 0.682129
vt 0.362061 0.67627
vt 0.286621 0.675781
vt 0.286133 0.681641
vt 0.283691 0.675293
vt 0.282959 0.680664
vt 1.521484 0.598145
vt 1.521484 0.622559
vt 0.521484 0.62207
vt 0.522461 0.62207
vt 0.522461 0.598145
vt 0.521484 0.598145
vt 0.494385 0.62207
vt 0.494385 0.598145
vt 0.493164 0.62207
vt 0.493164 0.598145
vt 0.493896 0.623535
vt 0.493652 0.624023
vt 0.493896 0.623047
vt 0.076172 0.203735
vt 0.071289 0.202393
vt 0.075562 0.205811
vt 0.069946 0.204102
vt 0.37207 0.435547
vt 0.369873 0.43457
vt 0.358643 0.435547
vt 0.358643 0.43457
vt 0.361816 0.430908
vt 0.358643 0.430908
vt 0.04538 0.43457
vt 0.04538 0.435547
vt 0.031189 0.43457
vt 0.04538 0.433105
vt 0.035187 0.433105
vt 0.039795 0.431885
vt 0.043579 0.431885
vt 0.04538 0.431885
vt 0.696777 0.95166
vt 0.700195 0.95166
vt 0.696777 0.944336
vt 0.700195 0.944336
vt 0.696289 0.9375
vt 0.699707 0.9375
vt 0.695801 0.930664
vt 0.699219 0.930176
vt 0.695801 0.922852
vt 0.69873 0.92334
vt 0.695312 0.91748
vt 0.69873 0.91748
vt 0.471436 0.472168
vt 0.473389 0.4729
vt 0.475586 0.474121
vt 0.473633 0.476318
vt 0.473633 0.453369
vt 0.472656 0.474854
vt 0.471436 0.473877
vt 0.469727 0.471924
vt 0.469727 0.473389
vt 0.465088 0.460693
vt 0.449951 0.460693
vt 0.445557 0.460693
vt 0.440674 0.460693
vt 0.465088 0.468994
vt 0.465088 0.471924
vt 0.465088 0.473389
vt 0.449951 0.471924
vt 0.449951 0.468994
vt 0.449951 0.473389
vt 0.445557 0.471924
vt 0.445557 0.468994
vt 0.445801 0.473389
vt 0.440674 0.471924
vt 0.440674 0.468994
vt 0.441406 0.473389
vt 1.494141 0.644531
vt 1.522461 0.643555
vt 1.520508 0.644043
vt 1.522461 0.624023
vt 0.377686 0.890137
vt 0.377686 0.888184
vt 0.362061 0.890137
vt 0.362061 0.888672
vt 0.219482 0.145996
vt 0.221436 0.139893
vt 0.215942 0.142578
vt 0.2146 0.144409
vt 0.219482 0.136108
vt 0.216064 0.130493
vt 0.247681 0.1521
vt 0.215332 0.150146
vt 0.2146 0.138794
vt 0.21167 0.14563
vt 0.213501 0.140503
vt 0.212891 0.137695
vt 0.211792 0.131592
vt 0.190796 0.131836
vt 0.209106 0.133057
vt 0.209595 0.138062
vt 0.198364 0.133545
vt 0.195435 0.132446
vt 0.198486 0.138794
vt 0.19519 0.138916
vt 0.209229 0.139282
vt 0.915039 0.425293
vt 0.913574 0.425781
vt 0.933594 0.425293
vt 0.913086 0.42749
vt 0.913574 0.449463
vt 0.913086 0.447998
vt 0.915039 0.449951
vt 0.933594 0.449951
vt 0.522461 0.642578
vt 0.522461 0.624023
vt 0.521973 0.623535
vt 0.521973 0.623047
vt 0.521484 0.623047
vt 0.494385 0.623047
vt 0.493164 0.622559
vt 0.492676 0.623047
vt 0.492432 0.624023
vt 0.491455 0.643066
vt 0.492676 0.642578
vt 0.494385 0.643555
vt 0.493164 0.643066
vt 0.492676 0.644531
vt 0.491943 0.644043
vt 0.493408 0.64502
vt 0.493652 0.643555
vt 0.494385 0.64502
vt 0.520996 0.64502
vt 0.520996 0.643555
vt 0.521973 0.64502
vt 0.521973 0.643555
vt 0.522461 0.644531
vt 0.523438 0.644531
vt 0.9375 0.032776
vt 0.937988 0.032684
vt 0.936035 0.02449
vt 0.936523 0.022888
vt 0.937988 0.022293
vt 0.938965 0.032471
vt 0.940918 0.032196
vt 0.941406 0.02179
vt 0.945312 0.02179
vt 0.943848 0.031891
vt 0.948242 0.031586
vt 0.949219 0.022293
vt 0.95459 0.023987
vt 0.95459 0.031494
vt 0.958496 0.026199
vt 0.959961 0.031982
vt 0.963867 0.032593
vt 0.960449 0.027695
vt 0.962891 0.029388
vt 0.96582 0.031189
vt 0.970215 0.033081
vt 0.358398 0.507324
vt 0.361816 0.507324
vt 0.358643 0.503418
vt 0.369873 0.503418
vt 0.358643 0.502441
vt 0.37207 0.502441
vt 0.04538 0.502441
vt 0.04538 0.503418
vt 0.031189 0.503418
vt 0.04538 0.504883
vt 0.035187 0.504883
vt 0.039795 0.506348
vt 0.043579 0.506348
vt 0.04538 0.506348
vt 1.915039 0.425293
vt 1.933594 0.425293
vt 1.915039 0.449951
vt 1.93457 0.447998
vt 1.93457 0.425781
vt 1.93457 0.42749
vt 1.93457 0.449463
vt 1.933594 0.449951
vt 0.344727 0.922363
vt 0.344727 0.919434
vt 0.339844 0.919434
vt 0.334473 0.919434
vt 0.339844 0.915039
vt 0.344727 0.915039
vt 0.328125 0.919434
vt 0.344727 0.910156
vt 0.334473 0.915039
vt 0.328125 0.915039
vt 0.339844 0.910645
vt 0.318359 0.915039
vt 0.334473 0.910645
vt 0.318359 0.910156
vt 0.339844 0.906738
vt 0.344971 0.906738
vt 0.344971 0.902344
vt 0.318359 0.905762
vt 0.334473 0.906738
vt 0.328125 0.910156
vt 0.328125 0.90625
vt 0.328369 0.902344
vt 0.334473 0.902832
vt 0.328369 0.898438
vt 0.340088 0.902344
vt 0.340088 0.896484
vt 0.344971 0.896484
vt 0.345703 0.869141
vt 0.323242 0.899414
vt 0.334717 0.896973
vt 0.329102 0.870117
vt 0.324219 0.870117
vt 0.32251 0.870605
vt 0.335449 0.869629
vt 0.340576 0.869141
vt 0.107361 0.634766
vt 0.246094 0.634766
vt 0.107361 0.629395
vt 0.246094 0.629395
vt 0.248169 0.634766
vt 0.107361 0.624512
vt 0.248169 0.629395
vt 0.246094 0.624512
vt 0.107361 0.619629
vt 0.248169 0.624023
vt 0.246094 0.619141
vt 0.1073 0.614746
vt 0.248169 0.619141
vt 0.246094 0.614258
vt 0.107178 0.609863
vt 0.248169 0.614258
vt 0.245972 0.609375
vt 0.107178 0.60498
vt 0.248047 0.609375
vt 0.246094 0.604492
vt 0.106995 0.600098
vt 0.247803 0.604492
vt 0.24585 0.600098
vt 0.106567 0.595215
vt 0.247559 0.599609
vt 0.245361 0.595215
vt 0.106445 0.59082
vt 0.244995 0.590332
vt 0.247192 0.594727
vt 0.246704 0.589844
vt 0.137451 0.017899
vt 0.141113 0.016388
vt 0.155762 0.012398
vt 0.173096 0.075745
vt 0.177612 0.074585
vt 0.160156 0.011093
vt 0.179321 0.074097
vt 0.161865 0.010696
vt 0.180664 0.073792
vt 0.163086 0.0103
vt 0.182129 0.073242
vt 0.164673 0.009796
vt 0.016098 0.079346
vt 0.030594 0.015198
vt 0.04538 0.018494
vt 0.026093 0.014198
vt 0.049072 0.019989
vt 0.011597 0.078247
vt 0.024399 0.013794
vt 0.009895 0.077942
vt 0.023087 0.013496
vt 0.008598 0.077698
vt 0.021393 0.012794
vt 0.006897 0.077087
vt 0.04718 0.396484
vt 0.060486 0.388184
vt 0.038574 0.393555
vt 0.040985 0.382812
vt 0.005096 0.381348
vt 0.005398 0.39209
vt 0.77832 0.818359
vt 0.48584 0.028488
vt 0.48584 0.009094
vt 0.480713 0.028488
vt 0.490967 0.009094
vt 0.490967 0.028488
vt 0.480713 0.009094
vt 0.475586 0.028488
vt 0.475586 0.009094
vt 0.473145 0.009094
vt 0.473145 0.028488
vt 0.458496 0.009094
vt 0.458496 0.028488
vt 0.455811 0.009094
vt 0.455811 0.028488
vt 0.450684 0.028488
vt 0.450684 0.009094
vt 0.445557 0.028488
vt 0.445557 0.009094
vt 0.458984 0.090942
vt 0.459473 0.093079
vt 0.458984 0.086487
vt 0.462891 0.093689
vt 0.459473 0.080139
vt 0.463379 0.076782
vt 0.493164 0.07605
vt 0.490479 0.089661
vt 0.494141 0.092957
vt 0.489502 0.083374
vt 0.48999 0.076782
vt 0.489502 0.078857
vt 0.146484 0.109863
vt 0.148071 0.109863
vt 0.146484 0.102783
vt 0.148071 0.102783
vt 0.152588 0.102783
vt 0.152588 0.109863
vt 0.230713 0.102783
vt 0.22876 0.109863
vt 0.232788 0.109863
vt 0.961914 0.257568
vt 0.973633 0.259033
vt 0.952637 0.263672
vt 0.090149 0.393311
vt 0.087341 0.385498
vt 0.082947 0.398193
vt 0.090393 0.407715
vt 0.095154 0.402344
vt 0.082458 0.402588
vt 0.088989 0.409424
vt 0.070496 0.398682
vt 0.060089 0.404053
vt 0.057281 0.380615
vt 0.041687 0.378174
vt 0.005798 0.376465
vt 0.006298 0.373291
vt 0.077393 0.385498
vt 0.042084 0.375244
vt 0.04248 0.37207
vt 0.006897 0.369873
vt 0.055695 0.375732
vt 0.042877 0.366943
vt 0.007298 0.364746
vt 0.055481 0.37207
vt 0.055786 0.367188
vt 0.071777 0.36792
vt 0.073242 0.377197
vt 0.071777 0.372559
vt 0.08197 0.368408
vt 0.082642 0.373291
vt 0.084045 0.377686
vt 0.097778 0.377686
vt 0.161987 0.378906
vt 0.098389 0.381592
vt 0.099487 0.386963
vt 0.160889 0.383057
vt 0.159058 0.388184
vt 0.173584 0.383057
vt 0.173462 0.387207
vt 0.181885 0.388184
vt 0.175049 0.379639
vt 0.187012 0.381836
vt 0.188599 0.379883
vt 0.190918 0.385986
vt 0.184937 0.39209
vt 0.192749 0.384033
vt 0.188721 0.398193
vt 0.196045 0.383545
vt 0.191772 0.389893
vt 0.193115 0.388184
vt 0.196045 0.387695
vt 0.209961 0.38501
vt 0.194336 0.389893
vt 0.193359 0.391357
vt 0.193359 0.397705
vt 0.196777 0.389404
vt 0.213989 0.400391
vt 0.196289 0.396729
vt 0.196533 0.391357
vt 0.207031 0.397461
vt 0.209717 0.398926
vt 0.207764 0.392578
vt 0.212646 0.39209
vt 0.197144 0.390381
vt 0.210815 0.393066
vt 0.207397 0.391357
vt 0.210083 0.391357
vt 0.206177 0.390869
vt 0.198486 0.389893
vt 0.207886 0.390625
vt 0.208984 0.388916
vt 0.211792 0.390137
vt 0.212891 0.38623
vt 0.214111 0.388184
vt 0.217529 0.394531
vt 0.219604 0.390869
vt 0.217773 0.384766
vt 0.217041 0.383057
vt 0.236328 0.385498
vt 0.231079 0.390869
vt 0.240479 0.382324
vt 0.237915 0.384033
vt 0.25293 0.385254
vt 0.247803 0.387451
vt 0.244629 0.388672
vt 0.24231 0.389893
vt 0.237183 0.393555
vt 0.242676 0.398926
vt 0.246948 0.396729
vt 0.249634 0.395996
vt 0.594238 1.362305
vt 0.594238 1.402344
vt 0.602051 1.362305
vt 0.602051 1.402344
vt 0.60791 1.361328
vt 0.60791 1.402344
vt 0.609863 1.361328
vt 0.609863 1.402344
vt 0.64502 1.359375
vt 0.64502 1.402344
vt 0.651855 1.359375
vt 0.651855 1.402344
vt 0.654297 1.358398
vt 0.654297 1.402344
vt 0.658203 1.358398
vt 0.658203 1.402344
vt 0.699219 0.734863
vt 0.718262 0.749512
vt 0.725586 0.750977
vt 0.766602 0.751465
vt 0.773926 0.751465
vt 0.794922 0.742676
vt 0.835938 0.736816
vt 0.910645 0.212402
vt 0.910156 0.212402
vt 0.911621 0.220581
vt 0.911133 0.22229
vt 0.910156 0.222778
vt 0.90918 0.212646
vt 0.906738 0.212891
vt 0.906738 0.223267
vt 0.902344 0.223267
vt 0.904297 0.213135
vt 0.899902 0.213379
vt 0.898438 0.222656
vt 0.89502 0.221558
vt 0.894531 0.213379
vt 0.891602 0.213257
vt 0.888184 0.212891
vt 0.885254 0.215332
vt 0.882812 0.213379
vt 0.879883 0.211182
vt 0.178223 0.5625
vt 0.180786 0.56543
vt 0.180786 0.5625
vt 0.18335 0.5625
vt 0.18335 0.56543
vt 0.185425 0.56543
vt 0.185425 0.5625
vt 0.198364 0.5625
vt 0.198364 0.56543
vt 0.337158 0.5625
vt 0.336914 0.56543
vt 0.345215 0.56543
vt 0.345215 0.5625
vt 0.347168 0.5625
vt 0.347168 0.56543
vt 0.349609 0.56543
vt 0.349609 0.5625
vt 0.352295 0.5625
vt 0.352295 0.56543
vt 1.067383 0.691406
vt 1.055664 0.691406
vt 1.064453 0.664551
vt 1.06543 0.704102
vt 1.078125 0.690918
vt 1.054688 0.664551
vt 1.05957 0.635742
vt 1.074219 0.664062
vt 1.051758 0.635254
vt 1.069336 0.636719
vt 1.05957 0.614746
vt 1.077148 0.637207
vt 1.051758 0.614258
vt 1.083008 0.663086
vt 1.091797 0.661621
vt 1.084961 0.636719
vt 1.09668 0.688965
vt 1.077148 0.618164
vt 1.084961 0.619629
vt 1.087891 0.689941
vt 1.086914 0.703125
vt 1.097656 0.703125
vt 1.076172 0.704102
vt 1.053711 0.704102
vt 1.042969 0.703613
vt 1.033203 0.703125
vt 1.045898 0.691406
vt 1.012695 0.699219
vt 1.022461 0.70166
vt 1.018555 0.686035
vt 1.036133 0.69043
vt 1.027344 0.688477
vt 1.030273 0.663086
vt 1.021484 0.662598
vt 1.045898 0.664062
vt 1.038086 0.664062
vt 1.043945 0.634766
vt 1.030273 0.634766
vt 1.022461 0.634766
vt 1.037109 0.634766
vt 1.044922 0.61377
vt 1.029297 0.614746
vt 1.021484 0.615723
vt 1.038086 0.614258
vt 1.02832 0.598633
vt 1.018555 0.601562
vt 1.015625 0.594238
vt 1.038086 0.597168
vt 1.045898 0.596191
vt 1.038086 0.588867
vt 1.027344 0.591309
vt 1.014648 0.589355
vt 1.026367 0.586914
vt 1.036133 0.583984
vt 1.046875 0.586914
vt 1.046875 0.582031
vt 1.056641 0.581543
vt 1.055664 0.586914
vt 1.053711 0.596191
vt 1.063477 0.588379
vt 1.06543 0.583496
vt 1.075195 0.587402
vt 1.061523 0.597656
vt 1.072266 0.591797
vt 1.068359 0.616699
vt 1.070312 0.600098
vt 1.080078 0.604004
vt 1.088867 0.608887
vt 1.092773 0.603516
vt 1.082031 0.597168
vt 1.094727 0.599121
vt 1.084961 0.59375
vt 0.768555 0.066162
vt 0.780273 0.066895
vt 0.777832 0.059998
vt 0.766602 0.062195
vt 0.761719 0.055878
vt 0.769531 0.051788
vt 0.76416 0.047394
vt 0.757812 0.049774
vt 0.756348 0.046692
vt 0.762207 0.044891
vt 0.760742 0.041473
vt 0.755859 0.042999
vt 0.76709 0.038391
vt 0.765625 0.036377
vt 0.772461 0.028885
vt 0.77002 0.028595
vt 0.770508 0.02269
vt 0.772949 0.021896
vt 0.770508 0.016296
vt 0.768555 0.018585
vt 0.765625 0.01619
vt 0.766602 0.0131
vt 0.768555 0.009895
vt 0.773438 0.017197
vt 0.760742 0.015594
vt 0.76123 0.017899
vt 0.759277 0.012993
vt 0.246094 0.639648
vt 0.107361 0.639648
vt 0.248169 0.639648
vt 0.248169 0.644531
vt 0.246094 0.644531
vt 0.107361 0.644531
vt 0.248169 0.649902
vt 0.246094 0.649414
vt 0.1073 0.649414
vt 0.248047 0.654785
vt 0.246094 0.654785
vt 0.107178 0.654297
vt 0.247925 0.659668
vt 0.24585 0.659668
vt 0.107056 0.65918
vt 0.247681 0.664551
vt 0.245728 0.664551
vt 0.106873 0.664062
vt 0.247437 0.669434
vt 0.24707 0.674316
vt 0.245483 0.668945
vt 0.106689 0.668945
vt 0.245117 0.673828
vt 0.106384 0.673828
vt 0.478271 0.779785
vt 0.48584 0.785645
vt 0.478516 0.779297
vt 0.486084 0.784668
vt 0.488281 0.776855
vt 0.477783 0.775879
vt 0.476807 0.775391
vt 0.372314 0.912598
vt 0.376953 0.910645
vt 0.373535 0.911133
vt 0.372803 0.913086
vt 0.373535 0.913574
vt 0.373535 0.916016
vt 0.373779 0.911621
vt 0.376465 0.911133
vt 0.376221 0.911621
vt 0.376465 0.913574
vt 0.376465 0.916016
vt 0.377197 0.913086
vt 0.377686 0.912598
vt 0.37793 0.911133
vt 0.37793 0.90332
vt 0.554199 0.941895
vt 0.55127 0.938965
vt 0.551758 0.943359
vt 0.548828 0.942871
vt 0.555664 0.939453
vt 0.547363 0.94043
vt 0.555176 0.937012
vt 0.546875 0.937988
vt 0.553223 0.935059
vt 0.54834 0.935547
vt 0.550781 0.93457
vt 1.913086 0.465088
vt 1.915039 0.465088
vt 1.933594 0.465088
vt 1.93457 0.465088
vt 0.384521 0.015198
vt 0.389893 0.015198
vt 0.384521 0.012993
vt 0.389893 0.012993
vt 0.379395 0.012993
vt 0.39502 0.015198
vt 0.39502 0.012993
vt 0.400146 0.0131
vt 0.379395 0.015198
vt 0.374268 0.012993
vt 0.384521 0.040375
vt 0.379395 0.040375
vt 0.374268 0.015198
vt 0.374023 0.040375
vt 0.368896 0.015099
vt 0.368896 0.012894
vt 0.368896 0.039795
vt 0.374023 0.053986
vt 0.379395 0.053986
vt 0.384521 0.053986
vt 0.389893 0.040375
vt 0.389893 0.053986
vt 0.395264 0.040375
vt 0.395264 0.053986
vt 0.397705 0.040375
vt 0.397705 0.054077
vt 0.400146 0.039886
vt 0.400146 0.015297
vt 0.405273 0.015297
vt 0.405273 0.039581
vt 0.405273 0.013199
vt 0.552246 0.945312
vt 0.555664 0.943848
vt 0.547852 0.944824
vt 0.557617 0.939941
vt 0.544922 0.941895
vt 0.557129 0.936035
vt 0.544434 0.9375
vt 0.554688 0.932617
vt 0.546387 0.934082
vt 0.550293 0.932129
vt 0.913574 0.465088
vt 0.915039 0.465088
vt 0.933594 0.465088
vt 0.93457 0.465088
vt 0.810547 0.847168
vt 0.88623 0.847168
vt 0.046875 0.582031
vt 0.047577 0.586914
vt 0.056671 0.581543
vt 0.0383 0.597168
vt 0.046173 0.596191
vt 0.056 0.586914
vt 0.064392 0.588379
vt 0.066284 0.583496
vt 0.075745 0.587402
vt 0.038086 0.614258
vt 0.053894 0.596191
vt 0.030197 0.614746
vt 0.022598 0.634766
vt 0.062286 0.597656
vt 0.05188 0.614258
vt 0.045074 0.61377
vt 0.037872 0.634766
vt 0.030289 0.634766
vt 0.021896 0.662598
vt 0.030487 0.663086
vt 0.018585 0.686035
vt 0.038971 0.664062
vt 0.0448 0.634766
vt 0.027496 0.688477
vt 0.051788 0.635254
vt 0.036774 0.69043
vt 0.023193 0.70166
vt 0.0131 0.699219
vt 0.0336 0.703125
vt 0.043793 0.703613
vt 0.046173 0.691406
vt 0.046692 0.664062
vt 0.056091 0.691406
vt 0.054291 0.704102
vt 0.054779 0.664551
vt 0.065552 0.704102
vt 0.067444 0.691406
vt 0.076843 0.704102
vt 0.078674 0.690918
vt 0.064575 0.664551
vt 0.087646 0.703125
vt 0.097961 0.703125
vt 0.097473 0.688965
vt 0.08844 0.689941
vt 0.08374 0.663086
vt 0.092285 0.661621
vt 0.074646 0.664062
vt 0.077698 0.637207
vt 0.085388 0.636719
vt 0.060486 0.635742
vt 0.069458 0.636719
vt 0.060394 0.614746
vt 0.077576 0.618164
vt 0.085266 0.619629
vt 0.080261 0.604004
vt 0.069275 0.616699
vt 0.070984 0.600098
vt 0.072754 0.591797
vt 0.082397 0.597168
vt 0.084961 0.59375
vt 0.04538 0.440674
vt 0.04538 0.458008
vt 0.005798 0.453369
vt 0.003399 0.458008
vt 0.003399 0.45459
vt 0.328613 0.458008
vt 0.358643 0.440674
vt 0.378174 0.44043
vt 0.408447 0.457764
vt 0.328613 0.467773
vt 0.408691 0.467773
vt 0.409912 0.468994
vt 0.328613 0.468994
vt 0.496094 0.009094
vt 0.496094 0.028488
vt 0.500977 0.009094
vt 0.500977 0.028488
vt 0.503418 0.028488
vt 0.503418 0.009094
vt 0.518066 0.028488
vt 0.518066 0.009094
vt 0.520996 0.028488
vt 0.520996 0.009094
vt 0.525879 0.009094
vt 0.525879 0.028488
vt 0.53125 0.009094
vt 0.53125 0.028488
vt 0.446533 0.879883
vt 0.445068 0.874023
vt 0.463867 0.874023
vt 0.462158 0.868652
vt 0.446533 0.868652
vt 0.04538 0.497559
vt 0.04538 0.480225
vt 0.005798 0.484863
vt 0.003399 0.480225
vt 0.003399 0.483887
vt 0.328613 0.480225
vt 0.358643 0.497559
vt 0.378174 0.497803
vt 0.408447 0.480469
vt 0.328613 0.470459
vt 0.408691 0.470459
vt 0.328613 0.469238
vt 0.409912 0.469238
vt 0.547363 0.092163
vt 0.544434 0.086243
vt 0.529785 0.099792
vt 0.55127 0.101868
vt 0.527344 0.093262
vt 0.47998 0.106567
vt 0.480225 0.11499
vt 0.527344 0.11084
vt 0.54248 0.129639
vt 0.478516 0.125854
vt 0.473877 0.116943
vt 0.475586 0.10614
vt 0.4729 0.105286
vt 0.475098 0.143799
vt 0.47168 0.12793
vt 0.527344 0.155029
vt 0.469971 0.140747
vt 0.467773 0.170654
vt 0.680664 0.190674
vt 0.515625 0.176514
vt 0.512207 0.187378
vt 0.508789 0.196533
vt 0.678223 0.204956
vt 0.462646 0.195923
vt 0.465088 0.184204
vt 0.455566 0.184082
vt 0.464844 0.148193
vt 0.464111 0.131592
vt 0.469482 0.118347
vt 0.46582 0.117798
vt 0.469971 0.104065
vt 0.466309 0.102295
vt 0.460205 0.127319
vt 0.46167 0.115051
vt 0.460449 0.099854
vt 0.456787 0.124084
vt 0.453857 0.130981
vt 0.455566 0.137695
vt 0.456299 0.108582
vt 0.459473 0.09967
vt 0.455566 0.106079
vt 0.451416 0.108887
vt 0.452881 0.116272
vt 0.447266 0.11908
vt 0.445068 0.111755
vt 0.373779 0.119446
vt 0.451172 0.126587
vt 0.372559 0.126709
vt 0.360352 0.124695
vt 0.363281 0.118286
vt 0.354736 0.11554
vt 0.356445 0.114685
vt 0.348389 0.120178
vt 0.355469 0.130981
vt 0.343994 0.123474
vt 0.370605 0.134399
vt 0.351562 0.135254
vt 0.337646 0.126587
vt 0.369629 0.13916
vt 0.344971 0.141235
vt 0.294189 0.134399
vt 0.29248 0.151245
vt 0.254395 0.14624
vt 0.256592 0.13501
vt 0.24939 0.143921
vt 0.252686 0.134277
vt 0.249756 0.133301
vt 0.242065 0.148804
vt 0.246216 0.142578
vt 0.243896 0.141357
vt 0.247192 0.13269
vt 0.242554 0.130859
vt 0.238892 0.137695
vt 0.237915 0.145752
vt 0.232788 0.140381
vt 0.239502 0.147095
vt 0.218628 0.147705
vt 0.391602 0.79541
vt 0.389648 0.78125
vt 0.37207 0.795898
vt 0.406006 0.794922
vt 0.406006 0.778809
vt 0.443604 0.771484
vt 0.881348 0.042175
vt 0.888184 0.035095
vt 0.880859 0.03717
vt 0.884277 0.050476
vt 0.864258 0.055695
vt 0.887207 0.029099
vt 0.862305 0.052673
vt 0.887695 0.023499
vt 0.879883 0.029892
vt 0.880371 0.024887
vt 0.887207 0.018997
vt 0.898926 0.009499
vt 0.891602 0.023087
vt 0.894043 0.0168
vt 0.896973 0.0159
vt 0.892578 0.03009
vt 0.900879 0.012695
vt 0.907227 0.014999
vt 0.908203 0.012497
vt 0.901855 0.015793
vt 0.90625 0.017395
vt 0.898926 0.018188
vt 0.896973 0.022293
vt 0.894531 0.0215
vt 0.89502 0.028488
vt 0.897461 0.028198
vt 0.902344 0.03598
vt 0.897949 0.039978
vt 0.900391 0.037872
vt 0.906738 0.040985
vt 0.905762 0.044373
vt 0.911133 0.046082
vt 0.912109 0.04248
vt 0.903809 0.046875
vt 0.910156 0.049286
vt 0.90625 0.055389
vt 0.898438 0.05127
vt 0.892578 0.044281
vt 0.890137 0.05957
vt 0.901367 0.061676
vt 0.899414 0.065796
vt 0.887695 0.066467
vt 0.899902 0.08667
vt 0.858887 0.078552
vt 0.887207 0.090149
vt 0.905762 0.12439
vt 0.858887 0.072876
vt 0.864258 0.062561
vt 0.854492 0.066162
vt 0.856445 0.103699
vt 0.846191 0.067688
vt 0.833984 0.059174
vt 0.833984 0.068176
vt 0.847656 0.075378
vt 0.833984 0.075378
vt 0.833984 0.079895
vt 0.847656 0.080383
vt 0.84668 0.105957
vt 0.857422 0.144409
vt 0.890625 0.129761
vt 0.895996 0.149658
vt 0.911133 0.140625
vt 0.914062 0.145996
vt 0.899414 0.154785
vt 0.867676 0.182617
vt 0.864258 0.175537
vt 0.906738 0.805176
vt 0.90918 0.802734
vt 0.893555 0.804199
vt 0.905273 0.806641
vt 0.894043 0.802246
vt 0.914551 0.799316
vt 0.89502 0.794922
vt 0.923828 0.79541
vt 0.923828 0.793457
vt 0.89502 0.793457
vt 0.806641 0.802246
vt 0.805176 0.794922
vt 0.805176 0.793457
vt 0.783203 0.793457
vt 0.807129 0.804199
vt 0.793457 0.805176
vt 0.796387 0.807617
vt 0.893066 0.805664
vt 0.807129 0.806152
vt 0.89502 0.807129
vt 0.902832 0.808105
vt 0.812012 0.807129
vt 0.157593 0.397217
vt 0.101868 0.396973
vt 1.538086 0.041687
vt 1.545898 0.041595
vt 0.538574 0.041687
vt 0.545898 0.041595
vt 0.068298 0.224487
vt 0.068298 0.22168
vt 0.073975 0.224487
vt 0.073975 0.221802
vt 0.073975 0.21936
vt 0.068298 0.219116
vt 0.068298 0.216797
vt 0.073975 0.217041
vt 0.074097 0.214844
vt 0.068359 0.214233
vt 0.068542 0.211792
vt 0.07428 0.212646
vt 0.074585 0.210205
vt 0.068848 0.208984
vt 0.069397 0.206543
vt 0.074951 0.207886
vt 0.443604 0.839355
vt 0.406006 0.832031
vt 0.406006 0.815918
vt 0.389648 0.82959
vt 0.391602 0.815918
vt 0.37207 0.814941
vt 0.57959 1.402344
vt 0.57959 1.361328
vt 0.53418 1.402344
vt 0.53418 1.358398
vt 0.586426 1.362305
vt 0.530273 1.402344
vt 0.586426 1.402344
vt 0.530273 1.358398
vt 0.527344 1.402344
vt 0.527344 1.358398
vt 0.769531 0.040497
vt 0.775391 0.044678
vt 0.774902 0.030487
vt 0.775879 0.023499
vt 0.779297 0.035492
vt 0.783203 0.050873
vt 0.780273 0.023895
vt 0.780273 0.029495
vt 0.780273 0.019287
vt 0.787109 0.025192
vt 0.787598 0.030197
vt 0.787109 0.037476
vt 0.786133 0.04248
vt 0.805664 0.052887
vt 0.803711 0.062744
vt 0.803711 0.056
vt 0.816406 0.057098
vt 0.809082 0.073059
vt 0.813477 0.066284
vt 0.808594 0.048096
vt 0.819336 0.050598
vt 0.821777 0.046783
vt 0.811035 0.0448
vt 0.825684 0.051971
vt 0.827637 0.048492
vt 0.824219 0.058289
vt 0.821777 0.067749
vt 0.820312 0.075439
vt 0.809082 0.078796
vt 0.811523 0.103882
vt 0.780762 0.090576
vt 0.811035 0.144531
vt 0.768066 0.087158
vt 0.777832 0.130127
vt 0.762695 0.125
vt 0.804199 0.175781
vt 0.800781 0.182861
vt 0.769043 0.155396
vt 0.772461 0.150024
vt 0.757324 0.141235
vt 0.754395 0.146484
vt 0.962891 0.299072
vt 0.974121 0.300293
vt 0.953125 0.305176
vt 0.446533 0.916016
vt 0.43457 0.879883
vt 0.43457 0.916016
vt 1.913086 0.4104
vt 1.915039 0.410156
vt 1.933594 0.410156
vt 1.93457 0.410156
vt 0.913574 0.4104
vt 0.915039 0.410156
vt 0.933594 0.410156
vt 0.93457 0.410156
vt 0.702148 0.958496
vt 0.702148 0.96582
vt 0.70166 0.972656
vt 0.70166 0.979492
vt 1.047852 0.322998
vt 1.053711 0.322998
vt 1.053711 0.319336
vt 1.047852 0.319336
vt 0.706543 0.77002
vt 0.70459 0.771973
vt 0.711914 0.772949
vt 0.703125 0.775879
vt 0.709961 0.774414
vt 0.71875 0.77832
vt 0.70752 0.77832
vt 0.713867 0.783203
vt 0.716309 0.779297
vt 0.726074 0.785156
vt 0.724121 0.787109
vt 0.733887 0.792969
vt 0.721191 0.790039
vt 0.729492 0.797852
vt 0.732422 0.79541
vt 0.749512 0.808594
vt 0.744629 0.813965
vt 0.748535 0.811523
vt 0.75293 0.81543
vt 0.750488 0.817871
vt 0.754883 0.82373
vt 0.746582 0.818848
vt 0.747559 0.825195
vt 0.751465 0.825195
vt 0.753906 0.834473
vt 0.750488 0.833496
vt 0.730957 0.882324
vt 0.746582 0.832031
vt 0.722656 0.879395
vt 0.726074 0.881836
vt 0.725586 0.888184
vt 0.722168 0.885254
vt 0.719727 0.882324
vt 0.71582 0.883789
vt 0.716797 0.887695
vt 0.571777 0.97168
vt 0.571777 0.956543
vt 0.567871 0.97168
vt 0.567871 0.956543
vt 0.563965 0.97168
vt 0.563965 0.956543
vt 0.560059 0.97168
vt 0.560059 0.956543
vt 0.556641 0.97168
vt 0.556641 0.956543
vt 0.552734 0.97168
vt 0.552734 0.956543
vt 0.548828 0.97168
vt 0.548828 0.956543
vt 0.544922 0.97168
vt 0.544922 0.956543
vt 0.541016 0.97168
vt 0.541016 0.956543
vt 0.537598 0.97168
vt 0.537598 0.956543
vt 0.533691 0.97168
vt 0.533691 0.956543
vt 0.06958 0.020691
vt 0.073853 0.019989
vt 0.116943 0.019592
vt 0.112671 0.019196
vt 0.361572 0.926758
vt 0.363037 0.927734
vt 0.360596 0.928711
vt 0.362061 0.929688
vt 0.364014 0.928711
vt 0.363281 0.930176
vt 0.365479 0.929199
vt 0.365234 0.931152
vt 0.373779 0.929688
vt 0.373779 0.931641
vt 0.376953 0.929688
vt 0.377197 0.931641
vt 0.38501 0.928711
vt 0.385498 0.930664
vt 0.386475 0.927734
vt 0.387207 0.929688
vt 0.387695 0.927246
vt 0.388672 0.928711
vt 0.388672 0.92627
vt 0.389893 0.927734
vt 0.073486 0.51709
vt 0.073486 0.52002
vt 0.080566 0.52002
vt 0.065979 0.52002
vt 0.06604 0.51709
vt -0.776367 0.375244
vt -0.773926 0.374512
vt -0.777832 0.37207
vt -0.775391 0.371582
vt -0.77832 0.37085
vt -0.775879 0.370361
vt 0.784668 0.957031
vt 0.783203 0.957031
vt 0.784668 0.960938
vt 0.780273 0.958984
vt 0.718262 0.958984
vt 0.782715 0.960938
vt 0.784668 0.964844
vt 0.780273 0.966797
vt 0.718262 0.966309
vt 0.782715 0.964844
vt 0.784668 0.96875
vt 0.782715 0.96875
vt 0.784668 0.972656
vt 0.779785 0.974121
vt 0.718262 0.974121
vt 0.782715 0.972656
vt 0.78418 0.976562
vt 0.782715 0.976562
vt 0.78418 0.980469
vt 0.779297 0.981934
vt 0.718262 0.981934
vt 0.782227 0.980469
vt 0.783203 0.984863
vt 0.781738 0.984375
vt 0.175659 0.956543
vt 0.17749 0.953125
vt 0.005699 0.519043
vt 0.006897 0.520508
vt 0.012596 0.51709
vt 0.012093 0.52002
vt 0.01799 0.516602
vt 0.017395 0.519531
vt 0.026093 0.51709
vt 0.025589 0.52002
vt 0.03009 0.518066
vt 0.029495 0.520996
vt 0.092957 0.52002
vt 0.092957 0.51709
vt 0.085876 0.52002
vt 0.100464 0.52002
vt 0.100464 0.51709
vt 0.883789 0.196045
vt 0.882324 0.194702
vt 0.879395 0.196777
vt 0.885254 0.192871
vt 0.887207 0.191284
vt 0.890625 0.189087
vt 0.888184 0.195557
vt 0.891113 0.19519
vt 0.89502 0.187012
vt 0.894531 0.19519
vt 0.899414 0.195435
vt 0.898926 0.186157
vt 0.902832 0.185669
vt 0.903809 0.195801
vt 0.906738 0.196289
vt 0.906738 0.185791
vt 0.910156 0.186279
vt 0.908691 0.196533
vt 0.909668 0.196777
vt 0.911621 0.18689
vt 0.911621 0.188599
vt 0.910156 0.196899
vt 0.974609 0.610352
vt 0.964844 0.610352
vt 1.974609 0.610352
vt 1.964844 0.610352
vt 0.036591 0.520508
vt 0.040497 0.519531
vt 0.03598 0.518066
vt 0.039795 0.51709
vt 0.048676 0.518555
vt 0.047974 0.516113
vt 0.053986 0.519043
vt 0.053375 0.516113
vt 0.059174 0.519531
vt 0.060394 0.518066
vt 0.594238 0.961426
vt 0.593262 0.977539
vt 0.592285 0.925293
vt 0.593262 0.941406
vt 0.59668 0.924805
vt 0.597656 0.941406
vt 0.696289 0.97998
vt 0.699219 0.97998
vt 0.696289 0.972656
vt 0.699707 0.972656
vt 0.696777 0.965332
vt 0.700195 0.96582
vt 0.696777 0.958496
vt 0.700195 0.958496
vt 0.513672 0.477295
vt 0.51123 0.473389
vt 0.509766 0.467529
vt 0.509766 0.461426
vt 0.51123 0.457275
vt 0.512695 0.454346
vt 1.522461 0.661133
vt 1.521484 0.659668
vt 1.494141 0.660156
vt 1.491211 0.644043
vt 1.492188 0.660645
vt 0.887695 0.821777
vt 0.812012 0.821777
vt 0.492188 0.660645
vt 0.49292 0.660156
vt 0.493408 0.660156
vt 0.494385 0.660156
vt 0.521484 0.659668
vt 0.521973 0.660156
vt 0.522461 0.660645
vt 0.522949 0.661133
vt 0.014496 0.56543
vt 0.016388 0.56543
vt 0.014496 0.5625
vt 0.016388 0.5625
vt 0.024597 0.5625
vt 0.024597 0.56543
vt 0.079163 0.5625
vt 0.079163 0.56543
vt 0.133423 0.5625
vt 0.133423 0.56543
vt 0.155273 0.56543
vt 0.155273 0.5625
vt 0.169556 0.5625
vt 0.169556 0.56543
vt 0.176147 0.56543
vt 0.176147 0.5625
vt 0.178223 0.56543
vt 0.508301 0.039185
vt 0.506836 0.054077
vt 0.629883 0.865723
vt 0.626953 0.865234
vt 0.629395 0.871094
vt 0.625977 0.870605
vt 0.71582 0.95166
vt 0.71582 0.943848
vt 0.715332 0.936523
vt 0.715332 0.928711
vt 0.714355 0.921387
vt 0.713867 0.916016
vt 1.005859 0.326172
vt 1.013672 0.325684
vt 1.013672 0.327637
vt 1.005859 0.328125
vt 1.459961 0.054779
vt 1.453125 0.054779
vt 0.460449 0.054779
vt 0.453369 0.054779
vt 0.890137 0.861816
vt 0.890137 0.863281
vt 0.895996 0.861328
vt 0.896973 0.862793
vt 0.891113 0.864746
vt 0.902832 0.862305
vt 0.904785 0.864258
vt 0.88623 0.863281
vt 0.907227 0.866699
vt 0.88623 0.861816
vt 0.891602 0.866699
vt 0.810059 0.861816
vt 0.805176 0.862793
vt 0.804688 0.864746
vt 0.912598 0.869629
vt 0.792969 0.862305
vt 0.802246 0.861328
vt 0.789062 0.866211
vt 0.804688 0.866699
vt 0.803223 0.873535
vt 0.785156 0.869629
vt 0.780762 0.873535
vt 0.780762 0.875488
vt 0.803223 0.875488
vt 0.893066 0.874023
vt 0.893066 0.875488
vt 0.921387 0.874023
vt 0.921387 0.875488
vt 0.941895 0.381348
vt 0.941895 0.343994
vt 0.933105 0.381348
vt 0.933105 0.343994
vt 0.924316 0.381348
vt 0.924316 0.343994
vt 0.522461 0.679688
vt 0.522949 0.679199
vt 0.521973 0.680176
vt 0.520996 0.680664
vt 0.493896 0.680176
vt 0.49292 0.679688
vt 0.492432 0.679199
vt 0.491943 0.678223
vt 0.488037 0.773438
vt 0.478027 0.772949
vt 0.476562 0.772949
vt 0.449707 0.051086
vt 0.449707 0.041992
vt 0.535156 0.054474
vt 0.535156 0.045471
vt 0.695312 0.518066
vt 0.68457 0.521484
vt 0.673828 0.523926
vt 0.605469 0.528809
vt 0.595703 0.525391
vt 0.59082 0.509277
vt 0.59082 0.518555
vt 0.59668 0.490967
vt 0.591797 0.478271
vt 0.575195 0.4646
vt 0.560547 0.455078
vt 0.541992 0.445312
vt 0.525391 0.437988
vt 0.478027 0.423096
vt 0.4729 0.42334
vt 0.469482 0.424072
vt 0.466064 0.424805
vt 0.46167 0.426025
vt 0.46167 0.412598
vt 0.455322 0.42749
vt 0.455811 0.418457
vt 0.454346 0.427734
vt 0.454834 0.42041
vt 0.451416 0.418213
vt 0.445557 0.415771
vt 0.441162 0.415283
vt 0.43042 0.415283
vt 0.375977 0.412354
vt 0.371582 0.411621
vt 0.362793 0.413818
vt 0.35376 0.414307
vt 0.355469 0.416016
vt 0.347168 0.40918
vt 0.341797 0.405518
vt 0.334473 0.402344
vt 0.292969 0.395752
vt 0.258057 0.394287
vt 0.253174 0.39502
vt 0.456299 0.244385
vt 0.499512 0.061981
vt 0.479004 0.062561
vt 0.365479 0.689941
vt 0.362549 0.688965
vt 0.36084 0.688477
vt 0.2854 0.687988
vt 0.281982 0.686035
vt 0.294189 0.821777
vt 0.294189 0.822266
vt 0.301514 0.826172
vt 0.293701 0.827148
vt 0.299316 0.830566
vt 0.291748 0.819824
vt 0.291748 0.820801
vt 0.291748 0.825684
vt 0.288574 0.825684
vt 0.28833 0.820801
vt 0.28833 0.819824
vt 0.260986 0.820312
vt 0.260986 0.821289
vt 0.260986 0.826172
vt 0.224487 0.820801
vt 0.224609 0.82666
vt 0.224609 0.821777
vt 0.207153 0.821289
vt 0.207153 0.821777
vt 0.207275 0.827148
vt 0.194702 0.827148
vt 0.194702 0.822266
vt 0.194702 0.821289
vt 0.189697 0.827148
vt 0.189697 0.821289
vt 0.189697 0.822266
vt 0.187866 0.822266
vt 0.187866 0.827148
vt 0.187866 0.821289
vt 0.185059 0.82666
vt 0.185059 0.820312
vt 0.185059 0.821289
vt 0.181763 0.820312
vt 0.181763 0.825684
vt 0.181763 0.819336
vt 0.178345 0.824219
vt 0.178467 0.817383
vt 0.178467 0.818359
vt 0.175293 0.816895
vt 0.175293 0.815918
vt 0.175293 0.822754
vt 0.173218 0.81543
vt 0.173218 0.816406
vt 0.173584 0.822266
vt 0.172485 0.822266
vt 0.171753 0.815918
vt 0.171509 0.81543
vt 0.171387 0.822266
vt 0.170044 0.81543
vt 0.170288 0.816406
vt 0.168945 0.816895
vt 0.168579 0.815918
vt 0.170288 0.822266
vt 0.167725 0.816406
vt 0.168091 0.817383
vt 0.169678 0.822266
vt 0.168335 0.823242
vt 0.166504 0.818359
vt 0.16626 0.817871
vt 0.166016 0.825684
vt 0.163086 0.820801
vt 0.163452 0.821289
vt 0.159912 0.824707
vt 0.159302 0.82373
vt 0.16333 0.828125
vt 0.156494 0.82666
vt 0.157104 0.827148
vt 0.160889 0.830566
vt 0.159058 0.833008
vt 0.154785 0.82959
vt 0.154175 0.828613
vt 0.157349 0.834961
vt 0.1521 0.831055
vt 0.152832 0.831055
vt 0.150391 0.833984
vt 0.155273 0.836914
vt 0.149658 0.833496
vt 0.152222 0.839844
vt 0.145996 0.836914
vt 0.146851 0.837402
vt 0.143677 0.842285
vt 0.149658 0.843262
vt 0.142578 0.841797
vt 0.148804 0.84668
vt 0.141602 0.84668
vt 0.141357 0.842773
vt 0.142578 0.84668
vt 0.141357 0.84668
vt 0.141113 0.850586
vt 0.141846 0.851074
vt 0.142822 0.851074
vt 0.148926 0.849609
vt 0.142456 0.853027
vt 0.149414 0.851074
vt 0.143311 0.852539
vt 0.144165 0.853516
vt 0.143188 0.853516
vt 0.150146 0.851562
vt 0.143799 0.854492
vt 0.150879 0.852539
vt 0.144775 0.854004
vt 0.145874 0.855469
vt 0.144897 0.855469
vt 0.151855 0.853516
vt 0.147339 0.85791
vt 0.148193 0.85791
vt 0.153687 0.85498
vt 0.15564 0.857422
vt 0.150879 0.860352
vt 0.150024 0.86084
vt 0.157349 0.858887
vt 0.152222 0.863281
vt 0.152954 0.862793
vt 0.154907 0.864746
vt 0.154297 0.865234
vt 0.159058 0.86084
vt 0.156616 0.867188
vt 0.157227 0.866699
vt 0.161011 0.863281
vt 0.163452 0.865234
vt 0.160034 0.869141
vt 0.159424 0.869629
vt 0.166138 0.868164
vt 0.163086 0.873047
vt 0.163696 0.872559
vt 0.166748 0.875488
vt 0.166382 0.875977
vt 0.168457 0.870117
vt 0.167969 0.877441
vt 0.168213 0.876465
vt 0.1698 0.871094
vt 0.169189 0.876953
vt 0.170532 0.871582
vt -0.749512 0.349365
vt -0.749023 0.34668
vt -0.75293 0.348145
vt -0.752441 0.345703
vt -0.753906 0.347656
vt -0.753418 0.345215
vt -0.744629 0.348633
vt -0.746582 0.351807
vt -0.742188 0.351562
vt -0.744629 0.354492
vt -0.741699 0.355469
vt -0.743652 0.358154
vt -0.741699 0.360352
vt -0.743164 0.362305
vt -0.742188 0.371094
vt -0.741211 0.369873
vt -0.741211 0.373779
vt -0.742188 0.374268
vt -0.741699 0.376709
vt -0.742188 0.376953
vt -0.743652 0.379639
vt -0.743652 0.379395
vt -0.746094 0.381592
vt -0.746094 0.380859
vt -0.749023 0.382324
vt -0.748535 0.381348
vt -0.75293 0.382568
vt -0.751953 0.381348
vt -0.763184 0.382324
vt -0.760742 0.380371
vt -0.767578 0.38208
vt -0.765137 0.380127
vt -0.771484 0.381836
vt -0.768555 0.379395
vt -0.774414 0.379883
vt -0.771484 0.377441
vt 0.410645 0.015396
vt 0.4104 0.013199
vt 0.410645 0.039673
vt 0.415771 0.015396
vt 0.415771 0.013298
vt 0.415771 0.039978
vt 0.420898 0.012894
vt 0.421143 0.015396
vt 0.418213 0.040588
vt 0.421143 0.040771
vt 0.41748 0.054291
vt 0.420166 0.054688
vt 0.415283 0.054382
vt 0.415527 0.040894
vt 0.410156 0.054474
vt 0.410156 0.04129
vt 0.405029 0.054596
vt 0.405029 0.04129
vt 0.399902 0.054382
vt 0.399902 0.040894
vt 1.989258 0.853027
vt 1.990234 0.864258
vt 1.983398 0.856445
vt 1.984375 0.844727
vt 1.96875 0.857422
vt 1.977539 0.839355
vt 1.96875 0.838379
vt 1.960938 0.839355
vt 1.954102 0.844727
vt 1.954102 0.856445
vt 1.948242 0.853027
vt 1.946289 0.864258
vt 1.449219 0.051086
vt 1.449219 0.041992
vt 1.535156 0.054474
vt 1.535156 0.045471
vt 0.969238 0.857422
vt 0.990234 0.864258
vt 0.983398 0.856445
vt 0.989258 0.853027
vt 0.984375 0.844727
vt 0.977539 0.839355
vt 0.969238 0.838379
vt 0.960938 0.839355
vt 0.954102 0.844727
vt 0.95459 0.856445
vt 0.948242 0.853027
vt 0.946777 0.864258
vt 0.848145 0.659668
vt 0.852051 0.662598
vt 0.850098 0.658203
vt 0.856445 0.665039
vt 0.853516 0.661133
vt 0.852051 0.657227
vt 0.860352 0.666992
vt 0.857422 0.663574
vt 0.85498 0.659668
vt 0.858398 0.662109
vt 0.861328 0.665527
vt 0.864746 0.668457
vt 0.862305 0.663574
vt 0.865723 0.666992
vt 0.869141 0.669922
vt 0.866211 0.665039
vt 0.869629 0.667969
vt 0.874023 0.670898
vt 0.870117 0.666016
vt 0.874023 0.668945
vt 0.914551 0.67041
vt 0.874512 0.666992
vt 0.914551 0.668457
vt 0.918945 0.670898
vt 0.914551 0.666992
vt 0.918945 0.668945
vt 0.92334 0.670898
vt 0.918945 0.666992
vt 0.92334 0.668945
vt 0.927734 0.67041
vt 0.92334 0.666992
vt 0.927734 0.668457
vt 0.932617 0.669922
vt 0.927734 0.666504
vt 0.932129 0.667969
vt 0.937012 0.668945
vt 0.931641 0.666016
vt 0.936523 0.666992
vt 0.941895 0.66748
vt 0.982422 0.661621
vt 0.936035 0.665039
vt 0.940918 0.666016
vt 0.980957 0.660156
vt 0.939941 0.664062
vt 0.979492 0.658203
vt 0.132202 0.234009
vt 0.135254 0.234863
vt 0.135254 0.233887
vt 0.135254 0.23877
vt 0.137939 0.233887
vt 0.138062 0.23877
vt 0.138062 0.234863
vt 0.144897 0.234863
vt 0.144897 0.234009
vt 0.144897 0.238892
vt 0.165649 0.234009
vt 0.165527 0.234863
vt 0.165527 0.238892
vt 0.171997 0.233887
vt 0.171997 0.234863
vt 0.171997 0.23877
vt 0.174438 0.238892
vt 0.174561 0.234863
vt 0.174683 0.234009
vt 0.246338 0.679199
vt 0.244873 0.678223
vt 0.106262 0.678223
vt 1.052734 0.299561
vt 1.052734 0.30127
vt 1.046875 0.299561
vt 1.046875 0.30127
vt 1.046875 0.291504
vt 1.053711 0.291504
vt 1.054688 0.289795
vt 1.046875 0.289795
vt 1.046875 0.288086
vt 1.054688 0.288086
vt 1.054688 0.286133
vt 1.046875 0.286133
vt 0.536133 0.009094
vt 0.536133 0.028488
vt 0.125488 0.109863
vt 0.125488 0.102783
vt 0.155518 0.270264
vt 0.15564 0.266357
vt 0.152588 0.270264
vt 0.15271 0.266357
vt 0.15271 0.265381
vt 0.155884 0.265625
vt 0.14978 0.266357
vt 0.149658 0.265381
vt 0.14978 0.270264
vt 0.147217 0.265381
vt 0.147095 0.266357
vt 0.147095 0.270264
vt 0.14209 0.270264
vt 0.14209 0.266357
vt 0.14209 0.265381
vt 0.117981 0.270264
vt 0.117859 0.265381
vt 0.117981 0.266357
vt 0.112793 0.270264
vt 0.112793 0.265381
vt 0.112793 0.266357
vt 0.110291 0.266357
vt 0.110291 0.270264
vt 0.110291 0.265381
vt 0.1073 0.270264
vt 0.1073 0.265381
vt 0.1073 0.266357
vt 0.168823 0.87793
vt 0.170288 0.878418
vt 0.17041 0.877441
vt 0.171997 0.877441
vt 0.171753 0.878418
vt 0.171509 0.871582
vt 0.173462 0.878418
vt 0.172485 0.871582
vt 0.173584 0.877441
vt 0.173706 0.871582
vt 0.175537 0.870605
vt 0.175659 0.876953
vt 0.175659 0.87793
vt 0.178589 0.869141
vt 0.178711 0.876465
vt 0.178711 0.875488
vt 0.182007 0.873535
vt 0.182007 0.868164
vt 0.182007 0.874512
vt 0.185303 0.867188
vt 0.185303 0.873535
vt 0.185303 0.872559
vt 0.188232 0.871582
vt 0.188232 0.866699
vt 0.188232 0.872559
vt 0.190063 0.866211
vt 0.190063 0.87207
vt 0.190063 0.871582
vt 0.288574 0.869629
vt 0.288574 0.870605
vt 0.288574 0.864746
vt 0.291992 0.870117
vt 0.291992 0.869629
vt 0.291992 0.864746
vt 0.30835 0.858398
vt 0.309082 0.858887
vt 0.304932 0.855469
vt 0.311768 0.856445
vt 0.311035 0.855957
vt 0.307129 0.853516
vt 0.307617 0.851562
vt 0.311523 0.854004
vt 0.312256 0.854492
vt 0.311768 0.844727
vt 0.307861 0.844727
vt 0.312256 0.844727
vt 0.307861 0.841309
vt 0.3125 0.839844
vt 0.311768 0.839844
vt 0.311523 0.835938
vt 0.312256 0.835449
vt 0.307617 0.838379
vt 0.311768 0.833496
vt 0.311279 0.833984
vt 0.307129 0.836426
vt 0.304932 0.834473
vt 0.308594 0.831543
vt 0.309082 0.831055
vt 0.30127 0.827148
vt 0.124878 0.221802
vt 0.124878 0.225708
vt 0.12207 0.22583
vt 0.12207 0.221802
vt 0.115173 0.221802
vt 0.115173 0.22583
vt 0.094543 0.22583
vt 0.094543 0.221802
vt 0.088196 0.221802
vt 0.088196 0.22583
vt 0.085693 0.22583
vt 0.085693 0.221802
vt 0.130981 0.212158
vt 0.133301 0.20813
vt 0.133301 0.212158
vt 0.138306 0.212158
vt 0.138306 0.208252
vt 0.162354 0.208252
vt 0.162354 0.212158
vt 0.16748 0.212158
vt 0.16748 0.20813
vt 0.1698 0.20813
vt 0.1698 0.212158
vt 0.720215 0.89209
vt 0.715332 0.893066
vt 0.695801 0.894531
vt 0.692383 0.88916
vt 0.68457 0.893555
vt 0.678711 0.890625
vt 0.692871 0.884766
vt 0.682129 0.887207
vt 0.670898 0.882812
vt 0.683594 0.883789
vt 0.678223 0.879395
vt 0.675293 0.882324
vt 0.650879 0.839844
vt 0.654297 0.838867
vt 0.71582 0.958984
vt 0.715332 0.966309
vt 0.715332 0.974121
vt 0.714844 0.981445
vt 1.950195 0.449463
vt 1.950195 0.447998
vt 1.950195 0.427246
vt 1.950195 0.425781
vt 0.898438 0.449463
vt 0.897949 0.447998
vt 0.897949 0.427246
vt 0.898438 0.425781
vt 0.601562 0.021896
vt 0.594727 0.022186
vt 0.595215 0.012894
vt 0.605957 0.040771
vt 0.599609 0.041077
vt 0.613281 0.042084
vt 0.599121 0.057587
vt 0.594727 0.054199
vt 0.606445 0.059784
vt 0.581543 0.072388
vt 0.577637 0.067688
vt 0.562988 0.076843
vt 0.589844 0.075745
vt 0.597656 0.097778
vt 0.572754 0.099487
vt 0.569824 0.091553
vt 0.565918 0.082275
vt 0.556152 0.106995
vt 0.674316 0.755859
vt 0.677734 0.750488
vt 0.679688 0.741211
vt 0.915527 0.381348
vt 0.915527 0.343994
vt 0.906738 0.381348
vt 0.906738 0.343994
vt 0.897949 0.381348
vt 0.897949 0.343994
vt 0.083862 0.234009
vt 0.083984 0.234985
vt 0.086975 0.234009
vt 0.086975 0.234863
vt 0.087097 0.23877
vt 0.084167 0.238892
vt 0.475098 0.094482
vt 0.476807 0.093079
vt 0.475342 0.077576
vt 0.479248 0.080139
vt 0.478516 0.078186
vt 0.478516 0.091553
vt 0.479248 0.089294
vt 0.508789 0.08728
vt 0.509277 0.078186
vt 0.508301 0.089294
vt 0.504883 0.089844
vt 0.507812 0.075439
vt 0.504883 0.072998
vt 0.67627 0.72168
vt 0.673828 0.723633
vt 0.681152 0.72998
vt 0.678223 0.730957
vt 0.01709 0.546387
vt 0.01709 0.527832
vt 0.802734 0.426758
vt 0.80127 0.358154
vt 0.800293 0.3396
vt 0.797852 0.32373
vt 0.794922 0.304443
vt 0.791016 0.282959
vt 0.786621 0.263916
vt 0.783691 0.255615
vt 0.175781 0.22583
vt 0.333008 0.425049
vt 0.333008 0.409424
vt 0.132202 0.425537
vt 0.132202 0.409668
vt 0.102356 0.409668
vt 0.102417 0.425537
vt 0.480469 0.55127
vt 0.480469 0.522949
vt 1.523438 0.598633
vt 1.523438 0.622559
vt 0.682617 0.741211
vt 0.680176 0.751953
vt 0.676758 0.757324
vt 0.089661 0.608887
vt 0.09314 0.603516
vt 0.094971 0.599121
vt 0.014496 0.525879
vt 0.014496 0.547852
vt 0.004799 0.525879
vt 0.004799 0.547852
vt 0.960449 0.605957
vt 0.960449 0.597168
vt 0.727539 0.738281
vt 0.767578 0.738281
vt 0.44043 0.916016
vt 0.44043 0.879883
vt 0.470215 0.629883
vt 0.470459 0.630859
vt 0.470703 0.631836
vt 0.476318 0.648438
vt 1.538086 0.648926
vt 1.544922 0.632324
vt 0.577148 0.482178
vt 0.540039 0.482178
vt 0.577148 0.490967
vt 0.540039 0.490967
vt 0.577148 0.499756
vt 0.540039 0.499756
vt 0.577148 0.508301
vt 0.540039 0.508301
vt 0.577148 0.51709
vt 0.540039 0.51709
vt 0.577148 0.525879
vt 0.540039 0.525879
vt 0.577148 0.534668
vt 0.540039 0.534668
vt 0.577148 0.543457
vt 0.540039 0.543457
vt 0.577148 0.550293
vt 0.540039 0.550293
vt 0.457031 0.244263
vt 0.457031 0.226807
vt 0.522461 1.402344
vt 0.522461 1.358398
vt 0.517578 1.402344
vt 0.517578 1.358398
vt 0.514648 1.358398
vt 0.128174 0.109863
vt 0.128174 0.102783
vt 0.143799 0.109863
vt 0.143799 0.102783
vt 0.361328 0.925293
vt 0.360107 0.92041
vt 0.359375 0.924805
vt 0.360107 0.916992
vt 0.359131 0.912109
vt 0.361084 0.911621
vt 0.358643 0.90332
vt 0.360596 0.903809
vt 0.359863 0.897461
vt 0.359863 0.891602
vt 0.361084 0.888672
vt 0.359375 0.888672
vt 0.359863 0.885254
vt 0.359863 0.882324
vt 0.359863 0.879395
vt 0.628418 0.936523
vt 0.626953 0.925293
vt 0.618164 0.936523
vt 0.617676 0.925293
vt 0.606934 0.925293
vt 0.605957 0.938965
vt 0.651855 0.960938
vt 0.656738 0.970703
vt 0.065063 0.224487
vt 0.065063 0.22168
vt 0.065063 0.218994
vt 0.064941 0.216431
vt 0.065063 0.213989
vt 0.065247 0.211182
vt 0.065674 0.208374
vt 0.066162 0.205444
vt 1.035156 0.307373
vt 1.029297 0.307617
vt 1.006836 0.330078
vt 1.013672 0.329346
vt 1.029297 0.303467
vt 1.035156 0.303223
vt 0.34082 0.080261
vt 0.343994 0.076599
vt 0.3396 0.07959
vt 0.343018 0.075562
vt 0.345459 0.075562
vt 0.345215 0.07428
vt 0.359619 0.075745
vt 0.359863 0.074463
vt 0.361328 0.076843
vt 0.362305 0.075745
vt 0.364258 0.080444
vt 0.365479 0.079895
vt 0.374268 0.010399
vt 0.368896 0.010399
vt 0.379395 0.010399
vt 0.36377 0.0103
vt 0.384521 0.010399
vt 0.358643 0.010399
vt 0.389893 0.010399
vt 0.353271 0.010498
vt 0.39502 0.010498
vt 0.348145 0.010597
vt 0.400146 0.010498
vt 0.342773 0.010895
vt 0.405273 0.010597
vt 0.337891 0.011093
vt 0.4104 0.010696
vt 0.332764 0.011299
vt 0.328369 0.010796
vt 0.415283 0.010696
vt 0.419922 0.0103
vt 1.053711 0.317383
vt 1.047852 0.317383
vt 0.068054 0.200195
vt 0.066895 0.202759
vt 0.070374 0.201782
vt 0.339111 0.084656
vt 0.337891 0.084473
vt 0.337646 0.089661
vt 0.338867 0.089478
vt 0.339355 0.094543
vt 0.345459 0.098694
vt 0.340576 0.093994
vt 0.342773 0.098694
vt 0.343506 0.097595
vt 0.344971 0.099976
vt 0.359619 0.100159
vt 0.359375 0.098877
vt 0.362061 0.098877
vt 0.361084 0.097778
vt 0.365479 0.094849
vt 0.364258 0.094177
vt 0.367188 0.089966
vt 0.365967 0.089783
vt 0.367188 0.084778
vt 0.365967 0.084961
vt 1.053711 0.31543
vt 1.047852 0.31543
vn 0.001 0.0149 0.9999
vn 0 -0.001 1
vn -0.0159 -0.001 0.9999
vn -0.0151 0.0171 0.9997
vn 0 -0.3972 -0.9177
vn 0.2807 -0.5378 -0.7949
vn 0 -0.6725 -0.7401
vn 0.3011 0.4246 0.8538
vn 0.361 0.0404 0.9317
vn 0.0013 0.3699 0.9291
vn 0.3536 -0.0218 0.9352
vn 0.2964 -0.3988 0.8678
vn -0.0202 -0.3302 0.9437
vn -0.2826 0.5383 0.794
vn -0.1828 0.3472 0.9198
vn -0.8084 0.2539 0.5311
vn -0.4996 0.0686 0.8635
vn -0.3397 -0.1573 0.9273
vn 0.1817 -0.3172 0.9308
vn -0.2181 -0.4376 0.8723
vn 0.4715 -0.068 0.8792
vn 0.1588 -0.3384 0.9275
vn 0.3229 0.2091 0.9231
vn -0.2091 0.3229 0.9231
vn 0.1932 0.4866 0.852
vn 0.1679 0.8456 0.5068
vn -0.3117 0.545 0.7784
vn 0.2471 0.4412 0.8627
vn 0.3337 0.0425 0.9417
vn 0.0013 0.3945 0.9189
vn 0.329 -0.0215 0.9441
vn 0 -0.3725 0.928
vn 0.2431 -0.4157 0.8764
vn -0.2217 0.463 0.8582
vn 0.1828 0.3472 0.9198
vn -0.3445 0.1857 0.9202
vn -0.1817 -0.3172 0.9308
vn -0.4913 -0.0425 0.87
vn -0.8028 -0.2238 0.5527
vn -0.2788 -0.509 0.8144
vn -0.3078 -0.5156 0.7996
vn -0.2046 -0.2956 0.9331
vn 0.1709 -0.8262 0.5368
vn 0.1931 -0.4589 0.8673
vn 0.3186 -0.1803 0.9306
vn 0.1595 0.3683 0.9159
vn 0.4817 0.0918 0.8715
vn -0.3543 0.0192 0.9349
vn -0.2725 0.4187 0.8663
vn -0.5774 0.5774 0.5774
vn -0.5332 0.0233 0.8457
vn -0.5236 0.0013 0.852
vn -0.347 -0.0013 0.9379
vn -0.5752 -0.5498 0.6057
vn -0.2681 -0.3931 0.8796
vn 0.0667 0.4205 0.9049
vn 0.0901 0.4281 0.8992
vn 0.0225 0.4274 0.9038
vn -0.044 0.4096 0.9112
vn -0.0891 0.4016 0.9115
vn -0.113 0.4088 0.9056
vn 0.794 0.2826 0.5383
vn 0.2555 0.5596 0.7884
vn 0.0014 0.6732 0.7395
vn 0.1729 0.7205 0.6716
vn 0.2842 0.5668 0.7733
vn -0.1948 0.8349 0.5148
vn 0.5168 0.0457 0.8549
vn 0.5499 0.604 0.5769
vn 0.5481 -0.5769 0.6056
vn 0.508 -0.0204 0.8611
vn -0.1117 -0.3528 0.929
vn -0.1131 -0.3792 0.9184
vn -0.0417 -0.3614 0.9315
vn 0.0207 -0.3796 0.9249
vn 0.0866 -0.3749 0.923
vn 0.0876 -0.4011 0.9118
vn -0.4893 0.7031 -0.516
vn -0.2307 0.6608 -0.7142
vn -0.5475 0.5205 -0.6553
vn -0.2471 0.4412 -0.8627
vn 0.0014 0.6468 -0.7627
vn 0.0013 0.4446 -0.8957
vn 0.0013 0.867 -0.4983
vn 0.0012 0.2518 -0.9678
vn -0.3007 0.2323 -0.925
vn -0.3034 0.0212 -0.9526
vn 0.001 0.0313 -0.9995
vn -0.7463 0.3986 -0.5331
vn -0.7825 0.0439 -0.6212
vn -0.3024 -0.1074 -0.9471
vn 0 -0.1232 -0.9924
vn -0.7798 -0.1455 -0.6089
vn -0.7519 0.6284 -0.1992
vn -0.8477 0.5173 -0.1174
vn -0.2921 -0.1777 -0.9397
vn 0 -0.1655 -0.9862
vn -0.7451 -0.1725 -0.6443
vn -0.3399 -0.2907 -0.8944
vn 0 -0.2742 -0.9617
vn -0.7739 -0.2807 -0.5677
vn -0.383 -0.3814 -0.8413
vn -0.3078 -0.5156 -0.7996
vn -0.6568 -0.5473 -0.5187
vn -0.3948 -0.788 -0.4725
vn -0.7891 -0.3929 -0.4722
vn -0.894 -0.4329 -0.1156
vn -0.9689 -0.2245 -0.104
vn -0.9508 -0.2983 -0.0834
vn -0.9765 -0.1615 -0.1427
vn -0.9879 -0.1505 0.0368
vn -0.9772 -0.2113 -0.0189
vn -0.962 -0.1937 -0.1924
vn -0.9722 -0.2335 0.0192
vn -0.9386 -0.3268 -0.1103
vn -0.9437 -0.3302 0.0202
vn -0.9166 0.066 0.3944
vn -0.7188 -0.6953 0
vn -0.6613 -0.7353 -0.148
vn -0.1737 -0.9556 -0.2379
vn -0.02 -0.9523 -0.3045
vn 0 -0.9999 -0.0159
vn -0.2529 -0.9675 0
vn -0.3248 -0.8687 0.3739
vn 0 -0.9287 0.371
vn -0.7274 -0.6752 0.1222
vn -0.4027 -0.3268 0.855
vn -0.8701 -0.3477 0.3493
vn 0.2521 -0.5307 0.8092
vn 0.7889 -0.252 0.5604
vn -0.198 -0.8146 0.5451
vn 0.2807 -0.5378 0.7949
vn 0.1746 -0.697 0.6955
vn 0 -0.6491 0.7607
vn 0.5923 -0.4021 -0.6982
vn 0.297 -0.2031 -0.933
vn 0 -0.001 -1
vn 0.3406 -0.5189 -0.784
vn 0.1439 0.1872 -0.9717
vn 0.631 -0.3155 -0.7087
vn 0.4047 -0.6718 -0.6204
vn 0.3339 -0.1327 -0.9332
vn 0.328 -0.1089 -0.9384
vn 0.5729 -0.119 -0.8109
vn 0.6905 -0.0955 -0.717
vn 0.717 -0.0955 -0.6905
vn 0.6512 -0.1204 -0.7493
vn -0.0785 -0.2 -0.9766
vn 0 -0.7174 -0.6967
vn 0.0013 0.3699 -0.9291
vn 0 -0.9287 -0.371
vn 0.0014 0.696 -0.7181
vn 0 -1 0
vn 0.0013 0.9175 -0.3976
vn 0 -0.9184 0.3956
vn 0.001 0.9999 -0.0169
vn 0 -0.6953 0.7188
vn 0.0013 0.9279 0.3729
vn 0.0014 0.7181 0.696
vn 0.443 -0.2473 -0.8617
vn 0.4648 -0.2218 -0.8572
vn -0.0425 0.3337 0.9417
vn 0.0344 0.0323 0.9989
vn -0.2028 0.2663 0.9423
vn 0.0981 0.1587 0.9824
vn -0.1776 0.2905 0.9403
vn -0.3447 0.6354 0.691
vn 0.1406 0.4709 0.8709
vn -0.8837 0.3187 0.3429
vn -0.77 0.4496 0.4528
vn -0.6225 0.6525 0.4322
vn 0.0667 -0.001 0.9978
vn -0.1326 0.3322 0.9338
vn -0.3897 0.8067 0.4442
vn -0.091 0.8859 0.4549
vn 0.1131 -0.3792 0.9184
vn 0.0643 0.3399 0.9383
vn 0.2198 0.8717 0.4381
vn -0.0323 -0.001 0.9995
vn 0.1551 0.3116 0.9375
vn -0.0933 0.0933 0.9913
vn -0.1362 0.3889 0.9112
vn 0.2871 0.6495 0.7041
vn -0.0858 0.0011 0.9963
vn -0.1646 -0.4202 0.8924
vn -0.1167 -0.1156 0.9864
vn 0.3137 -0.6323 0.7083
vn 0.1545 -0.2859 0.9457
vn -0.0492 -0.001 0.9988
vn 0.1766 -0.2648 0.948
vn 0.1103 -0.3268 0.9386
vn 0.0202 -0.3302 0.9437
vn 0.365 -0.8052 0.4674
vn 0.0665 -0.8796 0.471
vn -0.0834 -0.2983 0.9508
vn -0.2479 -0.8464 0.4714
vn 0.0159 -0.001 0.9999
vn -0.1766 -0.2648 0.948
vn -0.5107 -0.7279 0.4576
vn 0.0725 -0.0941 0.9929
vn -0.3129 -0.6049 0.7323
vn -0.7045 -0.5158 0.4875
vn -0.8696 -0.323 0.3735
vn 0.1713 0.0361 0.9846
vn 0.2849 0.0414 0.9577
vn -0.1894 0.0174 0.9817
vn -0.3034 0.0212 0.9526
vn -0.5587 0.0235 0.8291
vn 0.1305 -0.281 0.9508
vn -0.5142 -0.4892 0.7045
vn -0.6869 -0.1498 0.7111
vn -0.1485 0.2352 0.9605
vn -0.8177 0.3072 0.4868
vn -0.3708 0.7432 0.557
vn -0.4629 0.8789 0.1154
vn -0.8032 0.5882 0.0944
vn -0.4985 0.8552 -0.1418
vn -0.8215 0.5236 -0.2257
vn -0.7282 0.2865 -0.6226
vn -0.4316 0.6782 -0.5949
vn -0.0344 0.0323 -0.9989
vn -0.0546 0.0902 -0.9944
vn -0.1176 0.1394 -0.9832
vn -0.0667 -0.001 -0.9978
vn -0.1809 0.0997 -0.9784
vn -0.1481 0.0379 -0.9883
vn 0.0955 0.692 0.7155
vn -0.1206 0.6777 0.7254
vn -0.3439 0.608 0.7156
vn -0.5376 0.4284 0.7262
vn -0.6631 0.2273 0.7132
vn -0.6841 0.0239 0.729
vn -0.6542 -0.2031 0.7286
vn -0.5319 -0.4022 0.7452
vn -0.3446 -0.5803 0.7379
vn -0.122 -0.6502 0.7499
vn 0.4786 0.7694 0.4231
vn 0.6778 0.5707 0.4636
vn 0.857 0.3766 0.3518
vn 0.0174 0.0318 -0.9993
vn -0.0323 -0.001 -0.9995
vn -0.05 -0.0177 -0.9986
vn 0.3155 0.6293 0.7102
vn 0.5123 0.4559 0.7278
vn 0.6423 0.2585 0.7216
vn 0.6732 0.0014 0.7395
vn 0.6361 -0.2303 0.7364
vn 0.507 -0.4296 0.7473
vn 0.3129 -0.6049 0.7323
vn 0.0938 -0.6671 0.739
vn -0.0231 0.8613 0.5075
vn 0.0013 0.867 0.4983
vn 0.361 0.0404 -0.9317
vn 0.3162 -0.3147 -0.895
vn 0 -0.2075 -0.9782
vn 0.0011 0.1838 -0.983
vn 0.3817 0.3848 -0.8404
vn 0.0014 0.5487 -0.836
vn 0.4303 0.7028 -0.5665
vn 0.0014 0.8169 -0.5768
vn -0.0422 -0.3867 -0.9212
vn -0.0407 -0.3118 -0.9493
vn 0.5428 0.046 0.8386
vn -0.5953 0.4352 0.6754
vn -0.7825 0.0439 0.6212
vn -0.1529 0.2856 0.9461
vn -0.1826 -0.1213 0.9757
vn 0.3766 0.3518 0.857
vn 0.5002 -0.0657 0.8634
vn -0.9154 0.402 0.0223
vn -0.6896 0.6864 0.2309
vn -0.5475 0.6553 -0.5205
vn -0.3956 0.9041 -0.1614
vn 0.172 0.7685 -0.6163
vn 0.1253 0.9648 -0.2312
vn 0.6153 -0.3734 0.6942
vn -0.0177 0.9985 -0.0511
vn 0.3066 -0.2559 0.9168
vn -0.0175 0.9993 -0.0339
vn 0.001 1 0.001
vn 0 -0.1862 0.9825
vn -0.0175 -0.106 0.9942
vn 0.1405 -0.9801 0.1405
vn 0.4472 -0.789 0.4213
vn 0.0772 -0.9813 0.1762
vn 0.2538 -0.788 0.5609
vn 0 -0.762 0.6476
vn 0 -0.9785 0.2061
vn -0.0212 0.9526 0.3034
vn 0.0013 0.9063 0.4226
vn 0.113 0.9056 0.4088
vn 0.2627 0.9055 0.3332
vn 0.1392 0.8854 0.4434
vn -0.0198 0.9816 0.1898
vn 0.1439 0.9717 0.1872
vn 0.4306 0.9023 0.0225
vn 0.4226 0.9063 0.0013
vn -0.1649 0.8772 0.451
vn -0.1932 0.852 0.4866
vn 0.1665 0.862 0.4789
vn -0.4196 0.789 0.4488
vn -0.1377 0.8988 0.4161
vn 0.2847 -0.7278 0.6239
vn -0.0214 -0.4556 0.8899
vn 0.3027 -0.4572 0.8363
vn -0.0186 -0.1896 0.9817
vn 0.297 -0.2031 0.933
vn 0 -0.1042 0.9946
vn 0.3024 -0.1074 0.9471
vn -0.3222 -0.0858 0.9428
vn -0.3186 -0.1803 0.9306
vn -0.6089 -0.1455 0.7798
vn -0.6058 -0.0703 0.7925
vn -0.6097 -0.344 0.7141
vn -0.332 -0.4306 0.8393
vn -0.6047 -0.603 0.5203
vn -0.3137 -0.7099 0.6306
vn 0.2518 0.0012 0.9678
vn -0.2703 0.0183 0.9626
vn 0.3897 0.8067 0.4442
vn -0.0201 0.9772 0.2115
vn 0.1697 0.9619 0.2145
vn 0.1377 0.8988 0.4161
vn -0.0169 0.9999 0.001
vn 0.1657 0.9862 0.0011
vn 0 -0.6009 -0.7993
vn -0.343 -0.5516 -0.7603
vn 0 -0.0169 -0.9999
vn -0.347 -0.0013 -0.9379
vn 0.0014 0.5737 -0.819
vn -0.339 0.5222 -0.7825
vn 0.0012 0.9469 -0.3214
vn -0.3429 0.8837 -0.3187
vn 0.0012 0.9546 0.2978
vn -0.3381 0.8952 0.2904
vn 0.0014 0.5985 0.8011
vn -0.3411 0.5513 0.7614
vn -0.3397 0.0216 0.9403
vn 0 -0.5762 0.8173
vn -0.3406 -0.5189 0.784
vn 0 -0.9466 0.3225
vn -0.345 -0.8821 0.3208
vn 0 -0.9543 -0.2989
vn -0.3396 -0.8951 -0.2889
vn -0.7823 0.6228 0.0014
vn -0.7519 0.6284 0.1992
vn -0.8811 0.473 0.0013
vn -0.6498 0.7601 0.0014
vn -0.852 0.4866 0.1932
vn -0.9231 0.3229 0.2091
vn -0.9469 0.3214 0.0012
vn -0.789 0.4488 0.4196
vn -0.6997 0.5906 0.402
vn -0.5906 0.6997 0.402
vn -0.8559 0.3266 0.4009
vn -0.9897 0.143 0.0011
vn -0.8988 0.1377 0.4161
vn -0.6251 0.7547 0.1991
vn -0.9665 0.1462 0.2109
vn -0.9785 -0.0012 0.2064
vn -1 -0.001 0
vn -0.9182 -0.0013 0.3961
vn -0.5148 0.8349 0.1948
vn -0.5236 0.852 0.0013
vn -0.474 0.7879 0.3931
vn -0.3729 0.9279 0.0013
vn -0.3266 0.8559 0.4009
vn -0.3502 0.9124 0.2119
vn -0.197 0.9557 0.2185
vn -0.1864 0.9825 0.0011
vn -0.1632 0.8912 0.4232
vn 0.8696 -0.323 0.3735
vn 0.7483 -0.4566 0.4813
vn 0.6003 -0.6523 0.4628
vn 0.2978 0.8689 0.3955
vn 0.3229 0.9231 0.2091
vn 0.3485 0.9373 0.0013
vn 0.4866 0.852 0.1932
vn 0.4442 0.8067 0.3897
vn 0.4983 0.867 0.0013
vn 0.5621 0.7236 0.4005
vn 0.6259 0.7799 0.0014
vn 0.5981 0.7765 0.1983
vn 0.729 0.6547 0.1997
vn 0.6716 0.6218 0.4029
vn 0.7627 0.6468 0.0014
vn 0.7694 0.4786 0.4231
vn 0.867 0.4983 0.0013
vn 0.8349 0.5148 0.1948
vn 0.9124 0.3502 0.2119
vn 0.8399 0.3595 0.4066
vn 0.9384 0.3455 0.0013
vn 0.8912 0.1632 0.4232
vn 0.9866 0.1631 0.0011
vn 0.9619 0.1697 0.2145
vn 0.9736 -0.0012 0.2281
vn 0.907 -0.0013 0.421
vn 0.9999 -0.001 0.0159
vn -0.3872 -0.4111 0.8253
vn -0.1216 -0.6246 0.7714
vn 0.2421 -0.1999 0.9494
vn 0.3633 0.4689 0.805
vn 0.6074 0.2295 0.7605
vn -0.0239 0.6841 -0.729
vn 0.06 0.2193 0.9738
vn 0.1215 0.1841 0.9754
vn 0.1967 0.0591 0.9787
vn 0.1795 -0.0996 0.9787
vn 0.0773 -0.1776 0.9811
vn 0.0379 -0.193 0.9805
vn 0.1672 -0.9858 0.0183
vn 0.5342 -0.8451 0.0219
vn 0.1545 -0.9851 0.076
vn 0.1492 -0.9881 -0.0367
vn 0.5289 -0.8104 0.252
vn 0.7083 -0.6323 0.3137
vn 0.5757 -0.5807 0.5757
vn 0.7404 -0.6706 0.0456
vn 0.343 -0.5516 0.7603
vn 0 -0.523 0.8523
vn 0.6003 -0.7743 -0.2001
vn 0.4422 -0.8858 -0.1407
vn 0.3069 -0.9162 -0.2576
vn 0.1149 -0.9887 -0.0962
vn 0.4081 -0.8398 -0.3579
vn 0.2201 -0.8579 -0.4644
vn 0.1589 -0.9269 -0.3401
vn -0.8789 0.4629 -0.1154
vn -0.3381 0.8952 -0.2904
vn -0.7216 0.6423 -0.2585
vn -0.1874 0.8961 -0.4023
vn -0.2437 0.949 -0.2001
vn -0.6328 0.7711 -0.0706
vn 0.0014 0.836 -0.5487
vn 0.0012 0.9733 -0.2295
vn 0.0013 0.852 -0.5236
vn -0.0235 0.8291 -0.5587
vn -0.0233 0.8457 -0.5332
vn 0.1614 0.9041 -0.3956
vn -0.0223 0.914 -0.4052
vn 0.31 0.9065 -0.2865
vn 0.2185 0.9557 -0.197
vn -0.0204 0.9721 -0.2337
vn 0.1809 0.9784 -0.0997
vn -0.018 0.9975 -0.0689
vn 0.1898 0.9816 -0.0198
vn -0.0172 0.9997 -0.0172
vn 0.5873 -0.3724 0.7186
vn 0.5738 -0.6329 0.5198
vn 0.5911 -0.1713 0.7882
vn 0.5899 -0.0944 0.802
vn -0.2825 -0.7729 0.5682
vn -0.3706 -0.5283 0.7639
vn -0.477 -0.7694 0.4247
vn -0.6056 -0.5464 0.5785
vn -0.1009 -0.9785 0.1797
vn -0.1629 -0.9762 0.1429
vn -0.7323 -0.6049 0.3129
vn -0.1762 -0.9813 0.0772
vn -0.5609 -0.788 0.2538
vn -0.5596 -0.8284 0.0221
vn -0.7616 -0.6465 0.0455
vn -0.1883 -0.9819 0.0186
vn -0.6273 -0.7524 -0.2009
vn -0.1701 -0.9847 -0.0373
vn -0.4697 -0.8713 -0.1421
vn -0.3346 -0.9054 -0.2612
vn -0.4378 -0.8232 -0.3616
vn -0.1359 -0.9859 -0.0978
vn -0.2479 -0.8464 -0.4714
vn -0.0748 -0.9882 -0.1333
vn -0.1843 -0.92 -0.3459
vn 0 -0.9184 -0.3956
vn 0 -0.8514 -0.5245
vn 0 -0.9896 -0.1441
vn 0.3563 0.4097 0.8398
vn 0.5707 0.4636 0.6778
vn 0.2417 0.8911 0.384
vn -0.4477 0.8942 0.0013
vn 0.0011 0.9825 0.1864
vn -0.4562 0.8896 0.0227
vn -0.1671 0.9674 0.1904
vn -0.2904 0.8952 0.3381
vn -0.8477 0.5173 0.1174
vn -0.6495 0.7041 0.2871
vn 0.6226 0.7282 0.2865
vn 0.8305 0.5444 0.1182
vn 0.7504 0.0238 0.6606
vn 0.9379 -0.0013 0.347
vn 0.5988 0.4646 0.6524
vn 0.7568 0.5736 0.3133
vn 0.2303 0.7379 0.6345
vn 0.2865 0.9065 0.31
vn 0.7603 -0.5516 0.343
vn 0.5966 -0.4316 0.6766
vn 0.2889 -0.8951 0.3396
vn 0.229 -0.7137 0.6619
vn 0.3045 0.4575 0.8354
vn 0.3305 0.4339 0.8381
vn 0.5173 0.1174 0.8477
vn 0.4495 -0.2755 0.8497
vn 0.2202 -0.4661 0.8569
vn 0.1692 0.5345 0.828
vn 0.6524 0.5988 0.4646
vn 0.9148 0.2356 0.3281
vn 0.5587 0.8291 0.0235
vn 0.7733 0.5668 -0.2842
vn 0 -0.9999 0.0159
vn 0.0552 -0.9898 -0.1311
vn -0.6964 0.173 0.6964
vn -0.1477 -0.2111 0.9662
vn -0.8219 -0.2223 0.5244
vn 0.1308 0.3062 0.9429
vn -0.5186 0.5186 0.6797
vn -0.3743 -0.7173 0.5877
vn -0.4697 -0.8713 0.1421
vn -0.8802 -0.46 0.1168
vn -0.4924 -0.8623 -0.1181
vn -0.8569 -0.4661 -0.2202
vn -0.7435 -0.2579 -0.617
vn -0.4323 -0.6999 -0.5686
vn -0.8282 -0.2519 0.5006
vn -0.2202 -0.4661 0.8569
vn 0.5363 -0.432 0.725
vn 0.0912 -0.5113 0.8546
vn -0.8102 0.0208 0.5858
vn 0.8018 0.0437 0.596
vn 0.1742 -0.6432 0.7456
vn 0.2001 -0.5986 0.7756
vn 0.4781 -0.1697 0.8618
vn 0.4576 -0.1946 0.8676
vn 0.8409 0.2205 0.4942
vn 0.8151 0.1996 0.5439
vn 0.9403 0.2905 -0.1776
vn 0.9327 0.2959 -0.2062
vn -0.5889 -0.7669 0.2551
vn -0.2892 -0.3413 0.8944
vn 0.0772 0.1533 0.9852
vn -0.1129 -0.0749 0.9908
vn -0.0945 -0.0934 0.9911
vn -0.111 -0.0555 0.9923
vn -0.0379 -0.193 0.9805
vn -0.1089 -0.0344 0.9935
vn -0.0749 -0.1346 0.9881
vn -0.0882 -0.0161 0.996
vn 0 -0.2075 0.9782
vn 0.0189 -0.2113 0.9772
vn 0.0561 -0.1531 0.9866
vn 0.0737 -0.114 0.9907
vn 0.0945 -0.0934 0.9911
vn 0.0929 -0.0737 0.9929
vn 0.0509 -0.035 0.9981
vn 0.0328 -0.0174 0.9993
vn -0.612 0.7905 -0.0237
vn -0.2115 0.9772 -0.0201
vn -0.5973 0.8007 -0.0466
vn 0.001 0.9977 -0.0678
vn -0.2038 0.9738 -0.1013
vn -0.6958 0.6136 -0.3734
vn -0.9461 0.2856 -0.1529
vn -0.9327 0.2959 -0.2062
vn -0.7879 0.3931 -0.474
vn -0.9349 0.0192 -0.3543
vn 0.9317 0.0404 -0.361
vn 0.9231 0.3229 -0.2091
vn 0.7694 0.4231 -0.4786
vn 0.6672 0.6442 -0.374
vn 0.9375 0.3116 -0.1551
vn -0.2585 0.7216 0.6423
vn -0.3145 0.8957 0.3145
vn -0.6229 0.4359 0.6496
vn -0.7784 0.545 0.3117
vn -0.7614 -0.0014 0.6483
vn -0.9403 0.0216 0.3397
vn -0.6201 -0.4029 0.6732
vn -0.784 -0.5189 0.3406
vn -0.2571 -0.6967 0.6697
vn -0.3208 -0.8821 0.345
vn 0.6971 0.6686 -0.2589
vn 0.8638 0.4901 -0.1164
vn 0.6074 0.7912 -0.0704
vn 0.5686 0.8213 -0.0463
vn 0.5871 0.8092 -0.0236
vn 0.4322 0.6525 0.6225
vn 0.5596 0.7884 -0.2555
vn 0.2337 0.9721 0.0204
vn -0.0872 0.996 0.0183
vn -0.4387 0.8976 0.0445
vn -0.6948 0.7176 0.0471
vn -0.8783 0.4732 0.068
vn -0.9644 0.2612 0.0409
vn -0.9995 -0.001 0.0323
vn -0.9546 0.0012 0.2978
vn -0.6383 0.0209 0.7695
vn -0.9508 -0.2983 0.0834
vn -0.3817 0.3848 0.8404
vn -0.8202 -0.5646 0.0924
vn -0.5795 -0.8121 0.0685
vn -0.4137 0.0197 0.9102
vn -0.5923 -0.4021 0.6982
vn -0.3784 -0.352 0.8561
vn 0.9827 -0.0011 0.1851
vn 0.9988 -0.001 0.0492
vn 0.9684 0.1028 0.2272
vn 0.9785 -0.0012 0.2064
vn 0.998 0.052 0.035
vn 0.9683 0.0609 0.2424
vn 0.857 0.3518 0.3766
vn 0.9849 0.169 -0.0385
vn 0.9656 0.2468 -0.0823
vn 0.9999 -0.0169 0
vn 0.924 0.3721 -0.0879
vn 0.9859 0.166 -0.0195
vn 0.9417 0.3337 -0.0425
vn 0.8561 0.5085 -0.0926
vn 0.8701 0.4907 -0.0454
vn 0.7609 0.6471 -0.0469
vn 0.76 0.6429 -0.0952
vn 0.6471 0.7609 -0.0469
vn 0.692 0.7155 -0.0955
vn 0.6366 0.7709 -0.0238
vn 0.5075 0.8613 -0.0231
vn 0.5332 0.8457 0.0233
vn 0.3551 0.9346 -0.0218
vn 0.1686 0.9855 -0.0195
vn 0.1533 0.9852 -0.0772
vn 0.2468 0.9656 -0.0823
vn 0.4387 0.8976 0.0445
vn 0.4907 0.8701 0.0454
vn 0.3666 0.8826 0.2942
vn 0.384 0.8911 0.2417
vn 0.1632 0.8912 0.4232
vn 0.0012 0.9733 0.2295
vn 0.4709 0.8709 0.1406
vn 0.5519 0.8023 0.2273
vn 0.5236 0.8215 0.2257
vn 0.6958 0.6136 0.3734
vn 0.4584 0.8679 0.1914
vn 0.7379 0.6345 0.2303
vn 0.3214 0.9469 0.0012
vn 0.8911 0.384 0.2417
vn 0.4817 0.8715 0.0918
vn 0.6366 0.7709 0.0238
vn 0.4907 0.8701 -0.0454
vn -0.1043 0.9945 0.0011
vn -0.076 0.9883 0.1322
vn 0.8384 0.526 0.1429
vn 0.9787 0.1967 0.0591
vn 0.852 0.5236 0.0013
vn -0.867 0.4983 0.0013
vn 0.0011 0.9963 -0.0858
vn -0.0328 -0.0174 0.9993
vn 0.001 0.0313 0.9995
vn 0.0177 0.0489 0.9986
vn 0.6711 -0.1762 0.7201
vn 0.1272 0.2557 0.9584
vn 0.8024 0.3366 0.4929
vn 0.3411 0.7614 0.5513
vn 0.4358 0.8928 0.1142
vn 0.7809 0.6174 0.0949
vn 0.4709 0.8709 -0.1406
vn 0.8023 0.5519 -0.2273
vn 0.7102 0.3155 -0.6293
vn 0.402 0.6997 -0.5906
vn -0.8936 -0.1142 0.4341
vn -0.9647 -0.128 0.2302
vn -0.9897 -0.1428 0
vn -0.9255 -0.3004 0.2307
vn -0.8529 -0.3013 0.4264
vn -0.9471 -0.3211 0
vn -0.7902 -0.4194 0.4469
vn -0.8814 -0.4724 0
vn -0.8569 -0.4661 0.2202
vn -0.7614 -0.6069 0.2278
vn -0.7014 -0.5668 0.4322
vn -0.7805 -0.6252 0
vn -0.5968 -0.6752 0.4335
vn -0.6476 -0.762 0
vn -0.6356 -0.7374 0.2286
vn -0.5214 -0.8234 0.2239
vn -0.5245 -0.8514 0
vn -0.3322 -0.8382 0.4324
vn -0.371 -0.9287 0
vn -0.3573 -0.9034 0.2372
vn -0.1984 -0.9498 0.2419
vn -0.1665 -0.8775 0.4497
vn -0.1849 -0.9828 0
vn 0 -0.8936 0.4488
vn -0.0159 -0.9999 0
vn -0.0191 -0.9725 0.2321
vn 0.9888 -0.1479 0.0181
vn 0.9604 -0.1513 0.2342
vn 0.8863 -0.1391 0.4417
vn 0.9154 -0.3277 0.2339
vn 0.9437 -0.3302 0.0202
vn 0.8391 -0.3303 0.4321
vn 0.8763 -0.4813 0.0216
vn 0.7687 -0.4531 0.4514
vn 0.8402 -0.4947 0.2222
vn 0.7359 -0.6373 0.2286
vn 0.7715 -0.6359 0.0224
vn 0.6768 -0.5951 0.4334
vn 0.6344 -0.7727 0.0224
vn 0.565 -0.7029 0.4321
vn 0.6086 -0.76 0.2279
vn 0.4929 -0.8413 0.2221
vn 0.5086 -0.8607 0.0218
vn 0.3532 -0.9353 0.0205
vn 0.2995 -0.8537 0.4261
vn 0.3295 -0.9147 0.2341
vn 0.1737 -0.9556 0.2379
vn 0.1642 -0.9864 0
vn 0.1407 -0.8858 0.4422
vn -0.2978 0.8689 0.3955
vn -0.4393 0.8231 0.36
vn -0.3986 0.7463 0.5331
vn -0.2356 0.9148 0.3281
vn -0.5736 0.6543 0.4928
vn -0.0736 0.9931 0.0917
vn -0.608 0.7156 0.3439
vn -0.4709 0.8709 0.1406
vn -0.6153 0.745 0.2578
vn -0.6074 0.7912 0.0704
vn -0.1061 0.9942 0.0186
vn 0.1932 0.9804 0.0391
vn -0.6471 0.7609 0.0469
vn -0.5428 0.8386 0.046
vn -0.7627 0.6468 0.0014
vn -0.7395 0.6732 0.0014
vn -0.852 0.5236 0.0013
vn 0.0736 0.0917 0.9931
vn -0.3986 0.5331 0.7463
vn -0.4861 0.4828 0.7284
vn -0.2539 0.8084 0.5311
vn -0.1463 0.7348 0.6623
vn -0.3739 0.6705 0.6408
vn -0.5499 0.604 0.5769
vn -0.3687 0.7651 0.5279
vn -0.1454 0.7811 0.6072
vn -0.5475 0.6553 0.5205
vn -0.5665 0.7028 0.4303
vn -0.3854 0.8263 0.4108
vn -0.1572 0.9279 0.3381
vn -0.7673 0.5877 0.2568
vn -0.7102 0.6293 0.3155
vn -0.6184 0.6748 0.4029
vn -0.6841 0.729 -0.0239
vn -0.5736 0.7568 0.3133
vn -0.6732 0.7395 0.0014
vn -0.7463 0.5331 0.3986
vn -0.8635 0.4996 -0.0686
vn -0.5094 0.8135 0.2806
vn -0.6454 0.6487 0.4032
vn -0.8067 0.4442 0.3897
vn -0.8771 0.2414 0.4153
vn -0.9055 0.2627 0.3332
vn -0.7262 0.4284 0.5376
vn -0.6031 0.6031 0.522
vn -0.7748 0.2018 0.5992
vn -0.7132 0.2273 0.6631
vn -0.6496 0.4359 0.6229
vn -0.7048 0.4582 0.5415
vn -0.7825 0.339 0.5222
vn -0.6014 0.6283 0.4936
vn -0.7651 0.5279 0.3687
vn -0.6408 0.6705 0.3739
vn -0.8023 0.5519 0.2273
vn -0.6423 0.7216 0.2585
vn -0.6459 0.7436 0.1726
vn -0.98 0.1418 0.1393
vn -0.7902 0.6011 0.1196
vn -0.6818 0.7281 0.0709
vn -0.5768 0.8169 0.0014
vn -0.7504 0.6606 0.0238
vn -0.9821 0.1871 0.0198
vn -0.9955 -0.0886 0.035
vn -0.9888 -0.0949 0.1148
vn -0.9924 -0.1232 0
vn -0.9616 0.2746 0.0012
vn -0.9546 0.2978 0.0012
vn -0.9963 -0.0857 0
vn -0.9987 -0.0502 0
vn -0.9999 -0.0169 0
vn 0.3502 0.9124 -0.2119
vn 0.001 0.9987 -0.0503
vn 0.4128 0.9098 -0.0441
vn -0.0186 0.9942 -0.1061
vn 0.3811 0.8423 -0.3811
vn 0.1999 0.6803 -0.7051
vn 0.5894 0.7895 -0.1712
vn 0.4596 0.7251 -0.5127
vn 0.5205 0.5475 -0.6553
vn 0.2217 0.463 -0.8582
vn 0.2782 0.2554 -0.9259
vn 0.7051 0.6803 -0.1999
vn 0.7837 0.6193 -0.0468
vn 0.729 0.6547 -0.1997
vn 0.7262 0.4284 -0.5376
vn 0.7711 0.0706 -0.6328
vn 0.2849 0.0414 -0.9577
vn 0.6873 0.7115 -0.1465
vn 0.7504 0.6606 -0.0238
vn 0.8305 0.5444 -0.1182
vn 0.7019 0.7019 -0.1207
vn 0.8549 0.5168 -0.0457
vn 0.6225 0.7813 -0.0468
vn 0.6818 0.7281 -0.0709
vn 0.4732 0.8783 -0.068
vn 0.7155 0.692 -0.0955
vn 0.7053 0.7053 -0.071
vn 0.3461 0.9342 -0.0869
vn 0.5882 0.8032 -0.0944
vn 0.38 0.9247 -0.022
vn 0.7176 0.6948 -0.0471
vn 0.7069 0.7069 -0.0239
vn 0.0379 -0.9807 0.1917
vn 0.0384 -0.9761 0.2137
vn 0.5653 -0.4339 0.7016
vn 0.2709 -0.8661 0.4201
vn 0.3536 -0.3769 0.8561
vn -0.1747 0.9829 -0.0582
vn 0.001 0.9994 -0.0333
vn -0.1932 0.9804 -0.0391
vn -0.38 0.9247 -0.022
vn -0.2849 0.9577 -0.0414
vn -0.4647 0.8843 0.045
vn -0.5168 0.8549 0.0457
vn -0.384 0.8911 0.2417
vn -0.4161 0.8757 0.2448
vn -0.1874 0.8961 0.4023
vn -0.5068 0.8456 0.1679
vn 0.0013 0.9373 0.3485
vn -0.3229 0.9231 0.2091
vn -0.5799 0.782 0.2285
vn -0.5686 0.8213 0.0463
vn -0.5311 0.8084 0.2539
vn -0.7432 0.557 0.3708
vn -0.3399 0.9383 0.0643
vn -0.782 0.5799 0.2285
vn -0.8704 0.3228 0.3717
vn -0.6713 0.7397 0.047
vn -0.5085 0.8561 0.0926
vn -0.9035 0.3559 0.2387
vn -0.8552 0.4985 0.1418
vn -0.5168 0.8549 -0.0457
vn 0.0858 0.9963 0.0011
vn 0.0563 0.9899 0.1299
vn 0.0218 0.9346 0.3551
vn 0.0013 0.8942 0.4477
vn -0.5236 0.8215 -0.2257
vn 0.0209 0.9599 -0.2797
vn -0.8476 0.5261 0.0691
vn -0.8135 0.5094 -0.2806
vn -0.8709 0.4709 0.1406
vn -0.1665 0.862 0.4789
vn -0.8635 0.4996 0.0686
vn -0.7784 0.545 -0.3117
vn -0.836 0.5487 0.0014
vn -0.9834 0.172 0.0581
vn -0.8209 0.4634 -0.3337
vn -0.5277 -0.0691 -0.8466
vn -0.6272 0.7695 -0.1201
vn -0.3388 0.1603 -0.9271
vn 0.0546 0.9944 0.0902
vn -0.8317 0.4804 -0.2783
vn 0.0201 0.9772 -0.2115
vn -0.1201 0.7695 -0.6272
vn -0.9788 -0.0176 -0.2042
vn -0.9995 -0.001 -0.0323
vn -0.9945 0.0163 0.1035
vn -0.9791 0.0176 0.2028
vn -0.9714 0.0811 0.2232
vn -0.9864 -0.0011 0.1644
vn -0.9704 0.0403 0.238
vn -0.9989 0.0323 0.0344
vn -0.9899 0.1299 -0.0563
vn -0.9738 0.2193 -0.06
vn -0.9998 -0.0151 -0.0161
vn -0.9501 0.3091 -0.042
vn -0.9911 0.1277 -0.0373
vn 0.6153 0.745 0.2578
vn 0.5205 0.6553 0.5475
vn 0.5877 0.7673 0.2568
vn -0.0215 0.9446 0.3275
vn -0.7059 0.4856 0.5157
vn -0.3266 0.4009 0.8559
vn -0.8921 0.4467 0.0674
vn -0.0414 0.9577 -0.2849
vn -0.8775 0.4125 -0.2445
vn -0.6496 0.4359 -0.6229
vn 0.0215 0.9446 -0.3275
vn -0.3228 0.3717 -0.8704
vn -0.0218 0.352 -0.9357
vn 0.0013 0.9373 -0.3485
vn 0.1864 0.9825 0.0011
vn 0.001 0.9999 0.0169
vn 0.5136 -0.8353 -0.1964
vn 0.4576 -0.7279 -0.5107
vn 0.6848 -0.7283 0.0225
vn 0 -0.9995 0.0323
vn 0 -0.9988 0.0492
vn 0.8006 -0.581 0.1464
vn 0.739 -0.6671 0.0938
vn -0.7076 -0.7062 0.0225
vn 0 -0.8184 -0.5746
vn -0.5451 -0.8146 -0.198
vn -0.0205 -0.3547 -0.9348
vn 0.5142 -0.3095 -0.7999
vn -0.4873 -0.7059 -0.514
vn 0.5261 0.0691 -0.8476
vn -0.9602 -0.2355 -0.15
vn -0.7608 -0.6423 0.0936
vn -0.0174 0.0318 -0.9993
vn 0.545 0.3117 -0.7784
vn -0.5392 -0.2791 -0.7946
vn -0.5428 0.046 -0.8386
vn 0.0013 0.3455 -0.9384
vn 0.5757 0.5216 -0.6297
vn -0.5668 0.2842 -0.7733
vn -0.9511 -0.0847 -0.2971
vn 0.0014 0.5985 -0.8011
vn 0.604 0.5499 -0.5769
vn -0.8215 0.5236 0.2257
vn -0.8806 0.2694 0.3899
vn 0.0014 0.6468 0.7627
vn -0.7281 0.6818 0.0709
vn -0.729 0.6841 -0.0239
vn 0.0011 0.9924 -0.1234
vn 0.0013 0.9279 -0.3729
vn -0.8197 -0.5539 0.1455
vn 0 -0.9922 0.1244
vn -0.8144 -0.509 0.2788
vn -0.0225 -0.7283 0.6848
vn -0.7436 0.6459 -0.1726
vn 0.0014 0.7601 -0.6498
vn -0.7857 0.4985 -0.3662
vn -0.8078 -0.3895 0.4424
vn -0.7677 0.3961 -0.5037
vn -0.8188 -0.3071 0.485
vn 0 -0.6009 0.7993
vn -0.0222 -0.5865 0.8097
vn -0.822 -0.3335 0.4616
vn -0.0224 -0.6599 0.751
vn -0.7902 -0.4453 0.421
vn -0.7733 0.2842 -0.5668
vn -0.8102 0.0208 -0.5858
vn 0.0013 0.4983 -0.867
vn -0.8011 0.5985 0.0014
vn 0.7823 0.6228 0.0014
vn 0.2028 0.2663 0.9423
vn 0.1724 0.2392 0.9555
vn -0.7914 -0.1196 -0.5995
vn -0.2871 0.7041 -0.6495
vn -0.045 0.4647 -0.8843
vn -0.4646 0.5988 -0.6524
vn 0.1204 0.6528 -0.7479
vn -0.0708 0.7501 -0.6576
vn -0.2873 0.6757 -0.6789
vn -0.4928 0.5736 -0.6543
vn -0.522 0.6031 -0.6031
vn -0.1463 0.7348 -0.6623
vn -0.252 0.8271 -0.5024
vn -0.3687 0.7651 -0.5279
vn -0.4009 0.8559 -0.3266
vn -0.5451 0.6793 -0.4914
vn -0.6283 0.6014 -0.4936
vn -0.6621 0.6653 -0.3449
vn -0.5513 0.7614 -0.3411
vn -0.6074 0.7605 -0.2295
vn -0.6789 0.6757 -0.2873
vn -0.6803 0.7051 -0.1999
vn -0.2109 0.9665 -0.1462
vn 0.1507 0.9869 -0.0572
vn 0.1061 0.9942 0.0186
vn -0.7019 0.7019 -0.1207
vn -0.2612 0.9644 -0.0409
vn -0.3034 0.9526 -0.0212
vn 0.0872 0.996 0.0183
vn -0.7734 0.6335 -0.0238
vn 0.0678 0.9977 0.001
vn -0.6713 0.7397 -0.047
vn -0.6606 0.7504 -0.0238
vn -0.7929 0.6089 -0.0237
vn -0.8613 0.5075 -0.0231
vn 0.7798 -0.1455 -0.6089
vn 0.595 0.7513 0.2855
vn 0.8135 0.5094 0.2806
vn 0.6018 0.7341 -0.3146
vn 0.8177 0.4868 -0.3072
vn 0.36 0.4393 -0.8231
vn 0.5992 0.2018 -0.7748
vn -0.0456 -0.6706 -0.7404
vn -0.0456 -0.6942 -0.7184
vn -0.0797 -0.223 -0.9716
vn -0.0798 0.2002 -0.9765
vn -0.0469 0.6471 -0.7609
vn -0.3944 0.9166 -0.066
vn -0.4088 0.9056 -0.113
vn -0.8219 0.5619 -0.0939
vn -0.4128 0.9098 0.0441
vn -0.8114 0.584 -0.0236
vn -0.8783 0.4732 -0.068
vn -0.696 0.7181 0.0014
vn -0.6367 0.7571 -0.146
vn -0.6174 0.7809 -0.0949
vn -0.5785 0.8127 0.07
vn -0.3206 0.9433 -0.0858
vn -0.4281 0.8992 -0.0901
vn -0.76 0.6429 0.0952
vn -0.7711 0.6328 0.0706
vn -0.7837 0.6193 0.0468
vn -0.7837 0.6193 -0.0468
vn -0.76 0.6429 -0.0952
vn -0.7348 0.6623 -0.1463
vn 0.0194 -0.2562 -0.9664
vn 0.0204 0.2337 -0.9721
vn 0.0014 0.6732 -0.7395
vn -0.1999 0.7051 0.6803
vn -0.5037 0.7677 0.3961
vn -0.604 0.5499 -0.5769
vn -0.557 0.7432 -0.3708
vn -0.2589 0.694 -0.6718
vn -0.2942 0.3666 -0.8826
vn -0.5871 0.8092 -0.0236
vn -0.7181 0.696 0.0014
vn -0.7069 0.7069 -0.0239
vn -0.5587 0.8291 -0.0235
vn -0.9526 0.3034 -0.0212
vn -0.7019 0.7019 0.1207
vn -0.8384 0.526 0.1429
vn -0.612 0.7905 0.0237
vn -0.5524 0.8307 0.0696
vn -0.5882 0.8032 0.0944
vn -0.6964 0.6964 0.173
vn -0.6429 0.76 0.0952
vn -0.6259 0.7799 0.0014
vn -0.6606 0.7504 0.0238
vn 0.1043 0.9945 0.0011
vn 0.5037 0.7677 -0.3961
vn 0.6841 0.729 -0.0239
vn 0.5491 0.6301 0.5491
vn -0.7115 0.6873 -0.1465
vn -0.6777 0.7254 -0.1206
vn 0.1874 0.8961 0.4023
vn 0.5216 0.5757 0.6297
vn -0.402 0.5906 0.6997
vn -0.156 0.9829 0.0979
vn -0.6367 0.7571 0.146
vn -0.2295 0.9733 0.0012
vn 0.4647 0.8843 0.045
vn -0.164 0.9727 -0.164
vn 0.4281 0.8992 -0.0901
vn -0.6251 0.7547 -0.1991
vn -0.3961 0.5037 -0.7677
vn 0.0939 0.8219 -0.5619
vn 0.4196 0.4488 -0.789
vn 0.0724 0.0724 -0.9947
vn 0.5168 0.8549 -0.0457
vn -0.1586 0.9801 -0.1193
vn -0.2337 0.9721 -0.0204
vn 0.2448 0.8757 -0.4161
vn 0.5216 0.5757 -0.6297
vn 0.0546 0.0902 -0.9944
vn -0.1613 0.9767 0.1413
vn 0.4205 0.9049 0.0667
vn -0.6163 0.7685 0.172
vn 0.0933 0.8395 0.5353
vn 0.4231 0.4786 0.7694
vn 0.947 0.3148 0.0635
vn 0.7181 0.696 0.0014
vn 0.9006 0.378 0.2146
vn 0.8865 -0.4093 0.2157
vn 0.4052 0.914 -0.0223
vn 0.3399 0.9383 0.0643
vn 0.4097 0.8859 0.2174
vn 0.3976 0.9175 0.0013
vn 0.4929 0.8024 0.3366
vn -0.0952 0.6429 0.76
vn 0.113 0.4088 0.9056
vn 0.5949 0.6782 0.4316
vn 0.2516 0.2516 0.9346
vn 0.6454 0.6487 0.4032
vn 0.3821 0.1117 0.9173
vn 0.675 0.5983 0.4317
vn 0.6089 -0.1455 0.7798
vn 0.1187 -0.1369 0.9835
vn 0.3577 -0.4063 0.8408
vn 0.805 0.4689 0.3633
vn 0.7797 -0.3115 0.5432
vn 0.5481 -0.6073 0.5752
vn 0.6536 -0.7295 0.2014
vn 0.8944 -0.4472 0
vn 0.9446 0.3275 -0.0215
vn 0.9025 -0.4301 0.0212
vn 0.729 0.6841 -0.0239
vn 0.4161 0.8757 -0.2448
vn 0.4985 0.7857 -0.3662
vn 0.882 -0.4307 -0.1911
vn 0.6449 -0.7442 -0.1742
vn 0.9516 0.2955 -0.0846
vn 0.7838 -0.3389 -0.5204
vn 0.5472 -0.6333 -0.5472
vn 0.9035 0.3559 -0.2387
vn 0.618 -0.172 -0.7671
vn 0.3614 -0.4359 -0.8242
vn 0.8067 0.4442 -0.3897
vn 0.3745 0.0852 -0.9233
vn 0.1206 -0.1588 -0.9799
vn 0.6778 0.5707 -0.4636
vn 0.2472 0.2223 -0.9431
vn 0.6492 0.6258 -0.4323
vn 0.1117 0.3821 -0.9173
vn 0.5988 0.6524 -0.4646
vn -0.0949 0.6174 -0.7809
vn 0.474 0.7879 0.3931
vn 0.6498 0.7601 0.0014
vn 0.5774 0.5774 -0.5774
vn 0.5279 0.7651 -0.3687
vn 0.2308 0.7112 -0.6641
vn 0.2694 0.3899 -0.8806
vn -0.983 0.1838 0.0011
vn -0.9078 0.4195 0.0013
vn -0.819 0.5737 0.0014
vn -0.7501 0.6576 0.0708
vn -0.8386 0.5428 0.046
vn -0.9908 -0.0749 0.1129
vn -0.5491 0.5491 0.6301
vn -0.9881 -0.0761 -0.1335
vn -0.6328 0.7711 0.0706
vn -0.2174 0.8859 0.4097
vn -0.7869 0.5928 -0.1713
vn -0.8204 0.1439 -0.5534
vn 0.1344 0.9862 0.0964
vn -0.4488 0.4196 -0.789
vn -0.7397 0.6713 -0.047
vn -0.8457 0.5332 -0.0233
vn -0.6948 0.7176 -0.0471
vn -0.5707 0.7971 -0.1974
vn -0.119 0.8121 -0.5713
vn 0.1413 0.9767 -0.1613
vn -0.4549 0.8859 -0.091
vn 0.2077 0.9782 0.0012
vn -0.4907 0.8701 0.0454
vn -0.7504 0.6606 -0.0238
vn -0.5973 0.8007 0.0466
vn -0.7176 0.6948 0.0471
vn -0.5376 0.7262 0.4284
vn -0.5383 0.794 0.2826
vn -0.6174 0.7809 0.0949
vn -0.8457 0.5332 0.0233
vn -0.5534 0.8204 0.1439
vn -0.4928 0.5736 0.6543
vn -0.4564 0.4794 0.7496
vn -0.5205 0.6553 0.5475
vn -0.6345 0.7379 0.2303
vn -0.6678 0.7382 0.0954
vn -0.7142 0.6608 0.2307
vn -0.7254 0.6777 0.1206
vn -0.7869 0.5928 0.1713
vn -0.6716 0.6218 0.4029
vn -0.7605 0.6074 0.2295
vn -0.7513 0.595 0.2855
vn -0.8069 0.5656 0.1704
vn 0.365 0.9173 -0.1592
vn 0.0786 0.9809 0.1778
vn 0.0546 0.9944 -0.0902
vn 0.0356 0.9969 -0.0701
vn 0.1061 0.9942 -0.0186
vn 0.1455 0.9892 -0.0192
vn 0.1234 0.9924 0.0011
vn 0.2272 0.9684 0.1028
vn 0.1255 0.9919 -0.0189
vn 0.0858 0.9433 0.3206
vn 0.0457 0.8549 -0.5168
vn 0.2119 0.9124 -0.3502
vn 0.1962 0.8166 -0.5429
vn 0.3411 0.5513 -0.7614
vn 0.2739 0.229 -0.9341
vn 0.1059 0.2758 -0.9554
vn 0.1322 0.076 -0.9883
vn 0.3429 0.3187 -0.8837
vn 0.2955 0.0846 -0.9516
vn 0.5037 0.3961 -0.7677
vn -0.4914 0.5451 -0.6793
vn -0.5491 0.5491 -0.6301
vn -0.4636 0.5707 -0.6778
vn -0.489 0.5124 -0.706
vn -0.5451 0.4914 -0.6793
vn -0.5736 0.4928 -0.6543
vn -0.4818 0.0229 -0.876
vn -0.5774 0.5774 -0.5774
vn -0.5757 0.5216 -0.6297
vn -0.604 0.5769 -0.5499
vn -0.5499 0.5769 -0.604
vn -0.6524 0.5988 -0.4646
vn -0.6408 0.6705 -0.3739
vn -0.6853 0.3159 -0.6562
vn -0.6423 0.7216 -0.2585
vn -0.8404 0.3848 -0.3817
vn -0.6345 0.7379 -0.2303
vn -0.7201 0.3723 -0.5856
vn -0.7571 0.146 -0.6367
vn -0.8151 0.1996 -0.5439
vn -0.7796 0.1487 -0.6084
vn -0.9202 0.1857 -0.3445
vn -0.6803 -0.0709 -0.7295
vn -0.9537 0.2601 -0.1507
vn -0.9989 -0.0344 -0.0334
vn -0.947 0.3148 -0.0635
vn -0.9999 -0.001 0.0159
vn -0.926 0.3769 -0.022
vn -0.9997 0.0151 0.0171
vn -0.9357 0.352 -0.0218
vn -0.9995 0.0313 0.001
vn -0.4562 0.8896 -0.0227
vn -0.5856 0.7201 -0.3723
vn -0.6018 0.7341 0.3146
vn -0.5799 0.7391 -0.3427
vn -0.5216 0.5757 -0.6297
vn -0.5186 0.5186 -0.6797
vn -0.8381 0.3305 -0.4339
vn -0.5856 0.3723 -0.7201
vn -0.6084 0.1487 -0.7796
vn -0.6853 0.6562 0.3159
vn -0.903 -0.0225 -0.429
vn -0.6 -0.0014 -0.8
vn -0.8704 0.3717 0.3228
vn -0.7041 0.2871 0.6495
vn -0.5757 0.5216 0.6297
vn -0.4936 0.6283 0.6014
vn -0.4928 0.6543 0.5736
vn -0.9469 0.0012 0.3214
vn -0.6562 0.6853 0.3159
vn -0.895 -0.3147 0.3162
vn -0.7435 -0.2579 0.617
vn -0.6982 -0.4021 0.5923
vn -0.7568 0.5736 0.3133
vn -0.6524 0.4646 0.5988
vn -0.7614 0.5513 -0.3411
vn -0.6459 0.4068 -0.6459
vn -0.7987 0.516 0.3096
vn -0.6754 0.4352 0.5953
vn -0.8024 0.4929 -0.3366
vn -0.6189 0.4065 -0.672
vn -0.7282 0.6226 0.2865
vn -0.6297 0.5216 0.5757
vn -0.5123 0.4559 -0.7278
vn -0.3986 0.5331 -0.7463
vn -0.4636 0.6778 0.5707
vn -0.5037 0.7677 -0.3961
vn -0.2555 0.5596 -0.7884
vn -0.2824 0.9168 0.2824
vn -0.2555 0.7884 0.5596
vn -0.2729 0.8644 -0.4223
vn -0.1448 0.5838 -0.7988
vn -0.07 0.5785 -0.8127
vn -0.1074 0.9476 0.3008
vn -0.0939 0.8219 0.5619
vn 0.0235 0.8291 0.5587
vn -0.091 0.8859 -0.4549
vn -0.0236 0.584 -0.8114
vn 0.0414 0.9577 0.2849
vn 0.2323 0.925 0.3007
vn 0.1974 0.7971 0.5707
vn 0.2198 0.8717 -0.4381
vn 0.0225 0.9023 -0.4306
vn 0.0237 0.6089 -0.7929
vn 0.0944 0.5882 -0.8032
vn 0.2285 0.5799 -0.782
vn 0.6576 0.7501 0.0708
vn 0.6074 0.7912 0.0704
vn 0.6732 0.7395 0.0014
vn 0.7281 0.6818 0.0709
vn 0.5817 -0.3428 0.7376
vn 0.8659 0.2694 0.4215
vn 0.9888 -0.0949 0.1148
vn 0.7887 -0.59 0.1729
vn 0.8097 -0.5865 0.0222
vn 0.8213 0.5686 0.0463
vn 0.9862 -0.1655 0
vn 0.8957 0.4446 0.0013
vn 0.7395 0.6732 0.0014
vn 0.696 0.7181 0.0014
vn 0.986 -0.0965 -0.1358
vn 0.7887 -0.59 -0.1729
vn 0.5558 -0.3744 -0.7422
vn 0.8078 0.1736 -0.5632
vn 0.8476 0.5261 -0.0691
vn 0.7658 0.6196 -0.172
vn 0.6495 0.7041 -0.2871
vn 0.5429 0.8166 -0.1962
vn 0.6713 0.7397 -0.047
vn 0.8291 0.5587 -0.0235
vn 0.6015 0.7988 0.0014
vn 0.612 0.7905 -0.0237
vn 0.6803 0.7051 -0.1999
vn 0.6678 0.7382 -0.0954
vn 0.6789 0.6757 -0.2873
vn 0.6562 0.6853 -0.3159
vn 0.6297 0.5757 -0.5216
vn 0.6174 0.7809 -0.0949
vn 0.8457 0.5332 -0.0233
vn 0.5148 0.8349 -0.1948
vn 0.5332 0.8457 -0.0233
vn 0.5487 0.836 0.0014
vn 0.5587 0.8291 -0.0235
vn 0.9993 -0.0339 0.0164
vn 0.6328 0.7711 -0.0706
vn 0.7348 0.6623 0.1463
vn 0.9864 -0.0011 0.1644
vn 0.9986 -0.0511 0.0167
vn 0.8274 -0.5612 0.0221
vn 0.8158 -0.5434 0.1979
vn 0.8461 -0.5326 0.0219
vn 0.5754 -0.3134 0.7554
vn 0.8084 0.2539 0.5311
vn 0.0948 0.1135 0.989
vn 0.6423 0.7216 0.2585
vn 0.5534 0.8204 0.1439
vn 0.1692 0.828 0.5345
vn 0.4477 0.8942 0.0013
vn -0.143 0.9897 0.0011
vn -0.1455 0.9892 -0.0192
vn 0.5871 0.8092 0.0236
vn 0.6225 0.7813 0.0468
vn 0.4562 0.8896 -0.0227
vn -0.0582 0.9829 -0.1747
vn 0.4996 0.8635 -0.0686
vn 0.5768 0.8169 0.0014
vn 0.6606 0.7504 -0.0238
vn 0.1712 0.7895 -0.5894
vn 0.5236 0.852 0.0013
vn 0.473 0.8811 0.0013
vn 0.6948 0.7176 -0.0471
vn 0.7734 0.6335 0.0238
vn 0.7436 0.6459 -0.1726
vn 0.782 0.2285 -0.5799
vn 0.5204 -0.3389 -0.7838
vn 0.9867 -0.0573 -0.152
vn 0.7963 -0.5712 -0.1991
vn 0.8173 -0.5762 0
vn 0.8395 0.5353 -0.0933
vn 0.9963 -0.0857 0
vn 0.876 0.4818 -0.0229
vn 0.9987 -0.0502 0
vn 0.8364 -0.5481 0
vn 0.8613 0.5075 -0.0231
vn 0.9997 -0.0172 0.0162
vn 0.6606 0.7504 0.0238
vn 0.5345 0.828 0.1692
vn 0.7571 0.6367 0.146
vn 0.7069 0.7069 0.0239
vn 0.5502 -0.3447 0.7606
vn 0.9849 -0.0773 0.1546
vn 0.7963 -0.5712 0.1991
vn 0.8386 0.5428 0.046
vn 0.9911 -0.0934 -0.0945
vn 0.8535 0.2979 -0.4275
vn 0.803 0.5941 -0.0466
vn 0.7929 0.6089 -0.0237
vn 0.9721 0.2337 -0.0204
vn 0.9663 0.2565 -0.0207
vn 0.9945 0.1043 0.0011
vn 0.9821 0.1871 -0.0198
vn 0.9892 0.1455 -0.0192
vn 0.9999 0.0149 0.001
vn 0.974 0.2267 0.0012
vn 0.9963 0.0858 0.0011
vn 0.9546 0.2978 0.0012
vn -0.656 -0.0708 -0.7514
vn -0.9597 -0.0185 -0.2805
vn -0.6097 -0.344 -0.7141
vn -0.9168 -0.256 -0.3066
vn -0.9152 -0.2324 -0.3291
vn -0.5203 -0.603 -0.6047
vn 0 -0.6252 -0.7805
vn -0.8495 -0.4509 -0.2739
vn -0.9154 -0.3277 -0.2339
vn -0.6471 0.7609 -0.0469
vn -0.5261 0.8476 -0.0691
vn -0.5148 0.8349 -0.1948
vn -0.3872 0.921 -0.0436
vn -0.3889 0.9112 -0.1362
vn -0.0431 0.9313 -0.3618
vn -0.0215 0.9446 -0.3275
vn -0.2077 0.9782 0.0012
vn 0.2978 0.3955 -0.8689
vn -0.9908 -0.1301 -0.0362
vn -0.9417 -0.2693 0.2016
vn -0.9346 -0.2736 -0.2273
vn -0.9907 -0.114 -0.0737
vn -0.9923 -0.0555 -0.111
vn -0.9981 -0.035 0.0509
vn -0.997 -0.07 0.0345
vn -0.9063 -0.1129 0.4072
vn -0.8147 -0.2804 0.5076
vn -0.9397 -0.1777 0.2921
vn -0.9142 -0.4047 0.021
vn -0.9254 -0.2292 0.3018
vn -0.8704 -0.4714 0.1422
vn -0.8402 -0.4947 0.2222
vn -0.9052 -0.3926 0.1628
vn -0.791 -0.6114 0.0223
vn -0.7718 -0.6321 0.0691
vn -0.7715 -0.6359 0.0224
vn -0.3995 -0.9125 0.0876
vn -0.7368 -0.6598 -0.148
vn 0 -0.9944 0.1054
vn 0 -0.8952 -0.4456
vn 0 -0.5481 -0.8364
vn -0.5187 -0.5473 -0.6568
vn -0.8764 -0.4157 -0.2431
vn -0.822 -0.3335 -0.4616
vn 0 -0.1428 -0.9897
vn -0.6897 -0.6358 0.3465
vn -0.0219 -0.8451 0.5342
vn -0.0189 -0.9775 0.2099
vn -0.4219 -0.8915 0.1647
vn -0.2989 -0.9543 0
vn -0.7919 -0.6068 0.0689
vn -0.6967 -0.7174 0
vn -0.8364 -0.5481 0
vn -0.9249 -0.3796 -0.0207
vn -0.96 -0.2794 0.0197
vn -0.9315 -0.3614 0.0417
vn -0.8899 -0.4556 0.0214
vn -0.8461 -0.5326 -0.0219
vn -0.8523 -0.523 0
vn -0.9025 -0.4301 0.0212
vn -0.8173 -0.5762 0
vn -0.9249 -0.3796 0.0207
vn -0.9065 -0.4221 0
vn -0.9212 -0.3867 -0.0422
vn -0.8196 -0.5712 -0.0449
vn -0.8274 -0.5612 -0.0221
vn -0.8012 -0.5967 -0.0451
vn -0.7993 -0.6009 0
vn -0.7718 -0.6321 -0.0691
vn -0.829 -0.555 -0.0681
vn -0.8197 -0.5539 -0.1455
vn -0.8553 -0.5162 -0.0443
vn -0.9817 -0.1896 -0.0186
vn -0.9177 -0.3972 0
vn -0.929 -0.3528 0.1117
vn -0.9679 -0.2515 0
vn -0.9664 -0.2562 0.0194
vn -0.9788 -0.1783 0.1008
vn -0.962 -0.1937 0.1924
vn -0.9969 0.0356 -0.0701
vn -0.9291 0.3699 0.0013
vn -0.8701 0.4907 -0.0454
vn -0.7176 0.6948 -0.0471
vn -0.4052 0.914 -0.0223
vn -0.3685 0.9273 -0.0652
vn -0.6074 0.7912 -0.0704
vn -0.4996 0.8635 -0.0686
vn -0.7155 0.692 -0.0955
vn -0.4387 0.8976 -0.0445
vn -0.7053 0.7053 -0.071
vn -0.7479 0.6528 -0.1204
vn -0.7382 0.6678 -0.0954
vn -0.803 0.5941 -0.0466
vn -0.729 0.6547 -0.1997
vn -0.6163 0.7685 -0.172
vn -0.4108 0.8263 -0.3854
vn -0.378 0.9006 -0.2146
vn 0.2823 -0.1291 -0.9506
vn 0.2679 -0.203 -0.9418
vn 0.3577 -0.4063 -0.8408
vn -0.8843 0.4647 -0.045
vn -0.8715 0.4817 -0.0918
vn -0.9342 0.3461 -0.0869
vn -0.7809 0.6174 -0.0949
vn -0.5332 0.8457 -0.0233
vn 0.7734 0.6335 -0.0238
vn 0.819 0.5737 0.0014
vn 0.8011 0.5985 0.0014
vn 0.9154 0.402 -0.0223
vn 0.836 0.5487 0.0014
vn 0.5068 0.8456 0.1679
vn 0.782 0.5799 0.2285
vn 0.9038 0.4274 0.0225
vn 0.5475 0.5205 0.6553
vn 0.1182 0.5444 0.8305
vn 0.2356 0.3281 0.9148
vn 0.6678 0.3776 0.6414
vn 0.8735 0.4345 0.2195
vn 0.8772 0.451 0.1649
vn 0.926 0.3769 -0.022
vn 0.9078 0.4195 0.0013
vn 0.3559 0.2387 0.9035
vn 0.1872 0.1439 0.9717
vn 0.218 0.194 0.9565
vn 0.6958 0.3734 0.6136
vn 0.2824 0.2824 0.9168
vn 0.7059 0.4856 0.5157
vn 0.8843 0.4647 -0.045
vn 0.8476 0.5261 0.0691
vn 0.4009 0.3266 0.8559
vn 0.4827 0.453 0.7495
vn 0.6997 0.5906 0.402
vn 0.8219 0.5619 -0.0939
vn 0.7102 0.6293 0.3155
vn 0.3817 0.3848 0.8404
vn 0.8896 0.4562 -0.0227
vn 0.8114 0.584 -0.0236
vn 0.7501 0.6576 -0.0708
vn 0.9173 0.3821 -0.1117
vn 0.7281 0.6818 -0.0709
vn 0.9534 -0.2604 -0.1522
vn 0.9471 -0.1074 -0.3024
vn 0.8837 0.3187 0.3429
vn 0.8023 0.5519 0.2273
vn 0.7053 0.7053 0.071
vn 0.7949 -0.5378 0.2807
vn 0.7205 0.6716 -0.1729
vn 0.7902 -0.4194 0.4469
vn 0.7651 0.5279 -0.3687
vn 0.8826 0.2942 -0.3666
vn 0.9127 -0.2087 0.3513
vn 0.9494 -0.1999 0.2421
vn 0.9375 0.1551 -0.3116
vn 0.9671 -0.1906 0.1685
vn 0.9704 0.0403 -0.238
vn -0.406 0.8418 0.3558
vn -0.3214 0.9469 0.0012
vn -0.5799 0.3427 0.7391
vn -0.2257 0.8215 -0.5236
vn -0.7205 0.1729 0.6716
vn -0.406 0.8418 -0.3558
vn -0.2417 0.384 -0.8911
vn -0.9217 -0.0436 0.3856
vn -0.7254 0.1206 -0.6777
vn -0.9817 -0.1896 0.0186
vn -0.4823 -0.0202 -0.8758
vn -0.8219 -0.2223 -0.5244
vn -0.9384 -0.1089 -0.328
vn 0.9038 0.4274 -0.0225
vn 0.6964 0.6964 -0.173
vn 0.8127 0.5785 -0.07
vn 0.7115 0.6873 -0.1465
vn 0.7216 0.6423 -0.2585
vn 0.7484 0.5083 -0.426
vn 0.7391 0.3427 -0.5799
vn 0.8715 0.4817 -0.0918
vn 0.7529 0.2025 -0.6262
vn 0.745 0.2578 -0.6153
vn 0.9476 0.3008 -0.1074
vn 0.5906 0.6997 -0.402
vn 0.9484 0.2646 -0.175
vn -0.137 0.12 -0.9833
vn -0.3817 0.3848 -0.8404
vn -0.2826 0.794 -0.5383
vn -0.3712 0.91 0.1849
vn -0.6716 0.7205 0.1729
vn -0.2806 0.8135 0.5094
vn -0.5769 0.604 0.5499
vn -0.3859 0.4145 0.8242
vn -0.1393 0.1418 0.98
vn 0.2978 0.9546 0.0012
vn 0.1948 0.8349 -0.5148
vn 0.3766 0.857 -0.3518
vn 0.3766 0.857 0.3518
vn 0.4914 0.5451 -0.6793
vn 0.2171 0.4062 -0.8876
vn 0.4914 0.5451 0.6793
vn 0.7115 0.1465 -0.6873
vn 0.4652 -0.0422 -0.8842
vn 0.8096 -0.2538 -0.5293
vn 0.557 0.3708 0.7432
vn 0.9332 -0.1327 -0.3339
vn 0.7051 0.1999 0.6803
vn 0.9772 -0.2113 0.0189
vn 0.9173 -0.0659 0.3927
vn -0.8854 0.4434 0.1392
vn -0.8456 0.5068 0.1679
vn -0.6301 0.5491 0.5491
vn -0.5157 0.4856 0.7059
vn -0.7341 0.6018 0.3146
vn -0.4488 0.4196 0.789
vn -0.4113 0.3891 0.8243
vn -0.3766 0.3518 0.857
vn -0.5736 0.4928 0.6543
vn -0.7156 0.608 0.3439
vn -0.5988 0.6524 0.4646
vn -0.3518 0.3766 0.857
vn -0.4827 0.453 0.7495
vn -0.4528 0.4496 0.77
vn -0.6672 0.6442 0.374
vn -0.7571 0.6367 0.146
vn -0.7609 0.6471 -0.0469
vn -0.5376 0.4284 -0.7262
vn -0.5415 0.4582 -0.7048
vn -0.8291 0.5587 0.0235
vn -0.6709 0.2553 -0.6962
vn -0.7281 0.6818 -0.0709
vn -0.6777 0.1206 -0.7254
vn -0.5157 0.4856 -0.7059
vn -0.7155 0.692 0.0955
vn -0.4564 0.4794 -0.7496
vn -0.626 0.626 0.4649
vn -0.6641 0.7112 -0.2308
vn -0.3146 0.6018 -0.7341
vn -0.3337 0.4634 -0.8209
vn -0.6964 0.6964 -0.173
vn -0.4157 0.4189 0.8073
vn -0.4196 0.4488 0.789
vn -0.3475 0.3475 0.8709
vn -0.5513 0.3411 0.7614
vn -0.9537 0.1507 0.2601
vn -0.9619 0.1697 0.2145
vn -0.5094 0.2806 0.8135
vn -0.8789 0.1154 0.4629
vn -0.9584 0.1272 0.2557
vn -0.9859 0.166 -0.0195
vn -0.9721 0.2337 -0.0204
vn -0.9023 0.4306 -0.0225
vn -0.9678 0.2518 0.0012
vn -0.4786 0.4231 0.7694
vn -0.691 0.6354 0.3447
vn -0.8291 0.5587 -0.0235
vn -0.6492 0.6258 0.4323
vn -0.729 0.6841 0.0239
vn -0.7069 0.7069 0.0239
vn -0.6366 0.7709 -0.0238
vn -0.5487 0.836 0.0014
vn -0.6366 0.7709 0.0238
vn -0.9446 0.3275 -0.0215
vn -0.9924 0.1234 0.0011
vn -0.9384 0.3455 0.0013
vn -0.9166 0.3944 0.066
vn -0.9859 0.166 0.0195
vn -0.9986 -0.0511 0.0167
vn -0.9975 -0.0688 0.0169
vn -0.9981 -0.0519 0.0339
vn -0.9758 -0.2151 0.0385
vn -0.9772 -0.2113 0.0189
vn -0.9993 -0.0339 0.0164
vn -0.9997 -0.0172 0.0162
vn -0.8617 -0.507 0.0217
vn -0.8553 -0.5162 0.0443
vn -0.8097 -0.5865 0.0222
vn -0.8196 -0.5712 0.0449
vn -0.4829 -0.8754 0.0216
vn -0.4993 -0.8664 0
vn -0.474 -0.8805 0
vn -0.6518 -0.7485 -0.122
vn -0.4617 -0.8793 -0.1169
vn -0.791 -0.6114 -0.0223
vn -0.8115 -0.5718 -0.1205
vn -0.4619 -0.8211 -0.3354
vn -0.8944 -0.4472 0
vn -0.8461 -0.5288 -0.0677
vn -0.8273 -0.5351 -0.1709
vn -0.8899 -0.4556 -0.0214
vn -0.8633 -0.4907 -0.118
vn -0.8342 -0.5153 -0.1965
vn -0.5168 -0.5185 -0.6812
vn -0.5817 -0.3428 -0.7376
vn -0.9375 -0.3481 0
vn -0.8979 -0.4381 -0.0431
vn -0.8704 -0.4714 -0.1422
vn -0.8996 -0.4277 -0.0886
vn -0.9067 -0.4059 -0.1144
vn -0.9276 -0.3681 -0.0638
vn -0.9664 -0.2562 -0.0194
vn -0.8673 -0.4589 -0.1931
vn -0.9275 -0.3384 -0.1588
vn -0.6439 -0.2585 -0.7201
vn -0.7017 -0.1239 -0.7017
vn -0.9799 -0.1588 -0.1206
vn -0.9919 -0.1254 -0.0178
vn -0.9924 0.0011 -0.1234
vn -0.696 0.0014 -0.7181
vn -0.9988 0.0481 0.001
vn -0.9784 0.1809 -0.0997
vn -0.9476 0.3008 0.1074
vn 0.1997 0.729 0.6547
vn 0.3429 0.8837 0.3187
vn 0.0014 0.7988 0.6015
vn 0.0212 0.9526 0.3034
vn 0.0169 0.9999 0.001
vn -0.0237 0.7905 0.612
vn -0.042 0.9501 0.3091
vn -0.2308 0.7112 0.6641
vn -0.0333 0.9994 0.001
vn -0.3717 0.8704 0.3228
vn -0.5415 0.4582 0.7048
vn -0.6709 0.2553 0.6962
vn -0.7069 0.0239 0.7069
vn -0.9379 -0.0013 0.347
vn -0.6624 -0.2308 0.7127
vn -0.8818 -0.2944 0.3684
vn -0.5363 -0.432 0.725
vn -0.7188 -0.5859 0.3742
vn -0.9231 0.3229 -0.2091
vn -0.9207 -0.3442 -0.1841
vn -0.7456 -0.6432 -0.1742
vn -0.7188 -0.5859 -0.3742
vn -0.8696 -0.323 -0.3735
vn -0.9206 -0.0195 -0.3901
vn -0.8689 0.2978 -0.3955
vn -0.7236 0.5621 -0.4005
vn -0.474 0.7879 -0.3931
vn -0.197 0.9557 -0.2185
vn -0.1614 0.9041 -0.3956
vn 0.1697 0.9619 -0.2145
vn 0.1362 0.9112 -0.3889
vn -0.5686 0.8213 -0.0463
vn 0.1367 0.9836 -0.1174
vn -0.3976 0.9175 0.0013
vn 0.139 0.9805 0.139
vn -0.8659 0.2694 -0.4215
vn -0.9929 -0.0737 -0.0929
vn -0.8213 0.5686 -0.0463
vn -0.9867 -0.0573 0.152
vn -0.8549 0.5168 0.0457
vn -0.7785 0.6105 0.1455
vn -0.828 0.1692 0.5345
vn -0.6718 0.694 0.2589
vn -0.8896 0.4562 -0.0227
vn -0.5621 0.8093 0.1703
vn -0.1182 0.8305 0.5444
vn -0.4467 0.8921 0.0674
vn -0.6841 0.729 0.0239
vn -0.8114 0.584 0.0236
vn -0.7734 0.6335 0.0238
vn -0.9821 0.1871 -0.0198
vn -0.9778 0.2088 -0.0201
vn -0.9945 0.1043 0.0011
vn -0.9919 0.1255 -0.0189
vn 0.36 0.8231 0.4393
vn 0.451 0.8772 -0.1649
vn 0.0563 0.9899 -0.1299
vn -0.1447 0.8013 -0.5805
vn -0.0218 0.9346 0.3551
vn 0.1997 0.6547 -0.729
vn -0.4861 0.4828 -0.7284
vn -0.2472 0.2223 -0.9431
vn 0.0013 0.4983 0.867
vn -0.2871 0.7041 0.6495
vn -0.6869 -0.1498 -0.7111
vn -0.9911 0.0373 -0.1277
vn -0.507 -0.4296 -0.7473
vn -0.9287 0.1132 0.3532
vn -0.8456 -0.2497 0.4718
vn -0.6628 0.3486 0.6628
vn -0.6568 -0.5473 0.5187
vn -0.4907 0.0454 0.8701
vn -0.2679 -0.203 0.9418
vn 0.9065 -0.4221 0
vn 0.9052 -0.3926 0.1628
vn 0.7263 -0.6256 0.2848
vn 0.7045 -0.4892 0.5142
vn 0.7188 -0.6953 0
vn 0.9071 -0.2833 0.3112
vn 0.7201 -0.2585 0.6439
vn 0.9 -0.4131 -0.1391
vn 0.7196 -0.6451 -0.2568
vn 0.9049 -0.1613 0.3939
vn 0.729 0.0239 0.6841
vn 0.9072 -0.3097 -0.2848
vn 0.7034 -0.5418 -0.4601
vn 0.9144 0.0196 0.4042
vn 0.7282 0.2865 0.6226
vn 0.9092 -0.185 -0.3729
vn 0.7267 -0.2865 -0.6243
vn 0.909 0.1881 0.3719
vn 0.706 0.5124 0.489
vn 0.907 -0.0013 -0.421
vn 0.7181 0.0014 -0.696
vn 0.9065 0.31 0.2865
vn 0.7216 0.6423 0.2585
vn 0.9041 0.1614 -0.3956
vn 0.7216 0.2585 -0.6423
vn 0.8988 0.4161 0.1377
vn 0.9065 0.2865 -0.31
vn 0.7284 0.4828 -0.4861
vn 0.7282 0.6226 -0.2865
vn 0.9041 0.3956 -0.1614
vn -0.9357 0.352 0.0218
vn -0.9988 -0.001 0.0492
vn -0.9493 -0.3118 0.0407
vn -0.8787 -0.4726 0.0665
vn -0.4818 0.876 0.0229
vn -0.5438 -0.838 0.0446
vn 0.001 0.9987 0.0503
vn -0.2115 0.9772 0.0201
vn 0.1898 0.9816 0.0198
vn -0.3665 -0.9282 0.0637
vn -0.1732 -0.9832 0.0569
vn 0.1518 -0.9868 0.0561
vn 0.3411 -0.9379 0.063
vn 0.5075 0.8613 0.0231
vn 0.5973 0.8007 0.0466
vn 0.5799 0.782 0.2285
vn 0.4901 0.8638 0.1164
vn 0.5906 0.6997 0.402
vn 0.374 0.6442 0.6672
vn 0.1465 0.6873 0.7115
vn 0.1102 0.3524 0.9293
vn 0.5311 0.8084 0.2539
vn 0.5451 0.6793 0.4914
vn 0.5757 0.6297 0.5216
vn 0.6074 0.7605 0.2295
vn 0.6896 0.6864 0.2309
vn 0.5882 0.8032 0.0944
vn 0.6429 0.76 0.0952
vn 0.7019 0.7019 0.1207
vn 0.6948 0.7176 0.0471
vn 0.7658 0.6196 0.172
vn 0.7869 0.5928 0.1713
vn 0.8291 0.5587 0.0235
vn 0.828 0.5345 0.1692
vn 0.8709 0.4709 0.1406
vn 0.9389 0.3264 0.1088
vn 0.9357 0.352 -0.0218
vn 0.9049 0.4205 0.0667
vn 0.9821 0.1871 0.0198
vn 0.9778 0.2088 0.0201
vn 0.9738 0.2038 -0.1013
vn 0.6623 0.1463 -0.7348
vn 0.9919 0.0189 -0.1255
vn 0.6841 0.0239 -0.729
vn 0.6869 -0.1498 -0.7111
vn 0.9978 0.0656 0.001
vn 0.9757 -0.1814 -0.1226
vn 0.9888 -0.1479 -0.0181
vn 0.9169 -0.3653 -0.1608
vn 0.6243 -0.2865 -0.7267
vn 0.5319 -0.4022 -0.7452
vn 0.9425 -0.3234 -0.0845
vn 0.8513 -0.4871 -0.1948
vn 0.894 -0.4329 -0.1156
vn 0.8158 -0.5434 -0.1979
vn 0.4896 -0.5449 -0.6807
vn 0.96 -0.2794 -0.0197
vn 0.9946 -0.1042 0
vn 0.8086 -0.5627 -0.172
vn 0.8546 -0.499 -0.1434
vn 0.792 -0.5984 -0.1212
vn 0.4324 -0.8382 -0.3322
vn 0.8472 -0.5179 -0.1189
vn 0.4346 -0.8932 -0.1157
vn 0.8863 -0.4543 -0.0895
vn 0.9169 -0.3939 -0.0645
vn 0.8847 -0.4641 -0.0436
vn 0.928 -0.3725 0
vn 0.8763 -0.4813 -0.0216
vn 0.829 -0.555 -0.0681
vn 0.8274 -0.5612 -0.0221
vn 0.7715 -0.6359 -0.0224
vn 0.7401 -0.6725 0
vn 0.4205 -0.9073 0
vn 0.5451 -0.8146 -0.198
vn 0.8814 -0.4724 0
vn 0.9348 -0.3547 0.0205
vn 0.9705 -0.2378 0.039
vn 0.9722 -0.2335 0.0192
vn 0.9975 -0.0688 0.0169
vn 0.997 -0.07 0.0345
vn 0.9291 0.3699 0.0013
vn 0.983 0.1838 0.0011
vn 0.9664 -0.2562 0.0194
vn 0.8549 0.5168 0.0457
vn 0.9599 0.2797 0.0209
vn 0.9417 0.3337 0.0425
vn 0.8561 0.5085 0.0926
vn 0.9433 0.3206 0.0858
vn 0.9989 0.0323 0.0344
vn 0.996 0.0183 0.0872
vn 0.516 0.7987 0.3096
vn 0.3096 0.7987 0.516
vn 0.3931 0.7879 0.474
vn -0.9977 -0.0677 0
vn 0.3687 0.5279 -0.7651
vn 0.5981 0.7765 -0.1983
vn 0.4564 0.4794 -0.7496
vn 0.6072 0.7811 0.1454
vn 0.6873 0.7115 0.1465
vn 0.489 0.5124 0.706
vn 0.3734 0.6136 0.6958
vn -0.0171 0.0151 0.9997
vn -0.0917 0.0736 0.9931
vn -0.4817 0.8715 0.0918
vn -0.4818 0.876 -0.0229
vn -0.4901 0.8638 -0.1164
vn 0.4629 0.8789 -0.1154
vn 0.4549 0.8859 0.091
vn 0.9993 0.0318 0.0174
vn 0.9577 0.0414 0.2849
vn 0.9383 0.3399 0.0643
vn 0.7937 0.6042 0.0703
vn 0.5428 0.8386 0.046
vn 0.9622 -0.2657 0.0604
vn 0.872 -0.4811 0.0903
vn 0.6796 -0.7303 0.0694
vn 0.4107 -0.9108 0.0427
vn 0.0688 -0.997 0.0344
vn 0.6352 0.0209 0.772
vn 0.3961 -0.0013 0.9182
vn -0.7376 -0.3428 0.5817
vn -0.3678 -0.4952 0.7871
vn -0.7348 0.1463 0.6623
vn -0.3719 0.1881 0.909
vn -0.3733 -0.9088 0.1866
vn -0.7368 -0.6598 0.148
vn -0.3662 0.7857 0.4985
vn -0.3679 -0.7859 -0.497
vn -0.742 -0.5573 -0.3726
vn -0.3712 0.91 -0.1849
vn -0.3729 -0.185 -0.9092
vn -0.7391 0.3427 -0.5799
vn -0.7362 -0.1463 -0.6608
vn -0.3662 0.4985 -0.7857
vn 0.3045 0.8354 -0.4575
vn 0.2729 0.8644 -0.4223
vn 0.2757 0.8487 -0.4513
vn 0.3986 0.7463 -0.5331
vn 0.474 0.7879 -0.3931
vn 0.4533 0.7675 -0.4533
vn 0.5345 0.828 -0.1692
vn 0.5353 0.8395 -0.0933
vn 0.5429 0.8166 0.1962
vn 0.4936 0.6283 0.6014
vn 0.2554 0.2782 0.9259
vn -0.4629 0.8789 -0.1154
vn 0.3062 0.9429 0.1308
vn 0.5713 0.8121 0.119
vn 0.9665 0.2109 0.1462
vn 0.8449 -0.5073 0.1696
vn 0.8614 -0.4794 0.1681
vn 0.4219 -0.8915 0.1647
vn -0.5481 -0.604 0.5786
vn -0.6306 -0.7099 0.3137
vn -0.6435 -0.7211 0.2568
vn 0.4358 0.8928 -0.1142
vn 0.3708 0.557 0.7432
vn 0.5894 0.7895 0.1712
vn 0.4593 0.5091 0.7279
vn 0.6964 0.6964 0.173
vn 0.7181 0.0014 0.696
vn 0.7341 0.3146 0.6018
vn 0.9978 -0.001 -0.0667
vn 0.9981 -0.0519 -0.0339
vn 0.7262 0.5376 0.4284
vn 0.998 0.035 -0.052
vn 0.7267 -0.2865 0.6243
vn 0.998 0.052 -0.035
vn 0.7249 -0.5379 0.4303
vn 0.6628 0.3486 -0.6628
vn 0.0014 0.7799 -0.6259
vn 0.0013 0.4195 -0.9078
vn 0.6732 0.0014 -0.7395
vn 0.6637 -0.3449 -0.6637
vn 0 -0.4472 -0.8944
vn 0.7115 0.6873 0.1465
vn 0.6792 -0.5705 -0.4617
vn 0 -0.7817 -0.6237
vn 0.9977 -0.0677 0
vn 0.7348 0.6623 -0.1463
vn 0.6614 -0.7353 -0.148
vn 0 -0.9737 -0.2279
vn 0.7262 0.5376 -0.4284
vn 0.6705 -0.7211 0.1745
vn 0 -0.9737 0.2279
vn 0.9981 -0.0519 0.0339
vn 0.7282 0.2865 -0.6226
vn 0.6792 -0.5705 0.4617
vn 0 -0.7817 0.6237
vn 0.9981 -0.035 0.0509
vn 0.6637 -0.3449 0.6637
vn 0 -0.4221 0.9065
vn 0.9978 -0.001 0.0667
vn 0.7326 -0.3147 -0.6035
vn 0.7249 -0.5379 -0.4303
vn 0.6628 0.3486 0.6628
vn 0.0013 0.4446 0.8957
vn 0.7105 -0.6879 -0.1482
vn 0.0014 0.7799 0.6259
vn 0.7368 -0.6598 0.148
vn 0.6623 0.7348 0.1463
vn 0.9986 0.0489 -0.0177
vn 0.6716 0.7205 -0.1729
vn 0.7397 0.6713 -0.047
vn 0.9999 -0.001 -0.0159
vn 0.9919 0.1255 -0.0189
vn 0.9942 0.1061 -0.0186
vn 0.996 0.0872 -0.0183
vn 0.9947 0.0724 0.0724
vn 0.9189 0.3945 0.0013
vn 0.9931 0.0736 0.0917
vn 0.996 0.0712 0.0537
vn 0.9809 0.0786 0.1778
vn 0.7605 0.2295 0.6074
vn 0.8582 0.463 0.2217
vn 0.9431 0.2223 0.2472
vn 0.4488 0.4196 0.789
vn 0.5978 0.7927 -0.1196
vn 0.224 0.8395 -0.4951
vn 0.3723 0.5856 -0.7201
vn 0.119 0.5713 -0.8121
vn 0.5519 0.8023 -0.2273
vn 0.4861 0.4828 -0.7284
vn 0.6678 0.7382 0.0954
vn 0.5736 0.6543 0.4928
vn 0.489 0.5124 -0.706
vn 0.3859 0.4145 0.8242
vn 0.692 0.7155 0.0955
vn 0.5157 0.4856 -0.7059
vn 0.5123 0.4559 -0.7278
vn 0.5988 0.6524 0.4646
vn 0.6014 0.6283 0.4936
vn 0.7382 0.6678 -0.0954
vn 0.6184 0.6748 0.4029
vn 0.6408 0.6705 0.3739
vn 0.7382 0.6678 0.0954
vn 0.691 0.6354 0.3447
vn 0.5953 0.4352 -0.6754
vn 0.8114 0.584 0.0236
vn 0.6495 0.2871 -0.7041
vn 0.7282 0.6226 0.2865
vn 0.604 0.5769 0.5499
vn 0.4564 0.4794 0.7496
vn 0.4196 0.4488 0.789
vn 0.3228 0.3717 0.8704
vn 0.3897 0.4442 0.8067
vn 0.2091 0.3229 0.9231
vn 0.1998 0.2405 0.9499
vn 0.2942 0.3666 0.8826
vn 0.2978 0.3955 0.8689
vn 0.2865 0.31 0.9065
vn 0.3266 0.4009 0.8559
vn 0.3518 0.3766 0.857
vn 0.3931 0.474 0.7879
vn 0.5205 0.5475 0.6553
vn 0.5499 0.5769 0.604
vn 0.5491 0.5491 0.6301
vn 0.5769 0.604 0.5499
vn 0.626 0.626 0.4649
vn 0.6971 0.6686 0.2589
vn 0.6492 0.6258 0.4323
vn 0.7142 0.6608 0.2307
vn 0.7205 0.6716 0.1729
vn 0.8204 0.5534 0.1439
vn 0.6672 0.6442 0.374
vn 0.8398 0.4097 0.3563
vn 0.6031 0.6031 0.522
vn 0.5953 0.4352 0.6754
vn 0.5757 0.5216 0.6297
vn 0.5491 0.5491 -0.6301
vn -0.7115 0.6873 0.1465
vn -0.4827 0.453 -0.7495
vn 0.001 0.0149 -0.9999
vn -0.5222 0.7825 0.339
vn -0.545 0.7784 0.3117
vn 0.3146 0.7341 0.6018
vn 0.3986 0.7463 0.5331
vn 0.4568 0.747 0.4831
vn -0.9056 0.4088 -0.113
vn -0.0216 -0.4813 0.8763
vn 0.2273 0.8023 0.5519
vn -0.5911 -0.1713 0.7882
vn 0.1948 0.8349 0.5148
vn -0.9112 0.1362 0.3889
vn 0.1894 0.8826 0.4303
vn -0.4324 -0.8382 -0.3322
vn -0.4725 -0.788 -0.3948
vn 0.5717 0.2008 -0.7955
vn -0.2646 -0.8935 -0.3628
vn -0.2179 -0.8732 -0.4359
vn -0.9115 0.4016 -0.0891
vn -0.4845 -0.7284 -0.4845
vn 0.2387 0.9035 0.3559
vn -0.4302 -0.7263 -0.5361
vn 0.31 0.9065 0.2865
vn -0.0229 0.4818 -0.876
vn -0.3458 -0.7129 -0.6101
vn -0.2538 -0.788 -0.5609
vn 0 -0.4977 0.8673
vn -0.2239 -0.8234 -0.5214
vn 0.4009 0.8559 0.3266
vn 0.1182 0.8305 0.5444
vn -0.1439 0.8204 0.5534
vn 0.164 0.9727 0.164
vn -0.4303 0.7028 0.5665
vn -0.3427 0.5799 0.7391
vn -0.1904 0.9674 0.1671
vn -0.1825 0.9211 0.3438
vn 0.1572 0.9279 0.3381
vn -0.6553 0.5205 0.5475
vn -0.4634 0.8209 0.3337
vn -0.1592 0.9173 0.365
vn 0.1343 0.9237 0.3587
vn -0.4689 0.805 0.3633
vn -0.7201 0.5856 0.3723
vn -0.9997 0.0171 0.0151
vn -0.9212 0.0195 0.3885
vn -0.9528 -0.303 0.02
vn -0.794 0.2826 0.5383
vn -0.6345 0.2303 0.7379
vn -0.9266 0.3414 0.1575
vn -0.836 0.0014 0.5487
vn -0.696 0.0014 0.7181
vn -0.7889 -0.252 0.5604
vn -0.6268 -0.1991 0.7533
vn -0.868 -0.298 0.3973
vn -0.7224 -0.5624 0.4024
vn -0.5342 -0.8451 0.0219
vn -0.9308 -0.3172 0.1817
vn -0.6557 -0.4893 0.575
vn -0.4725 -0.788 0.3948
vn -0.1629 -0.9044 0.3943
vn -0.497 -0.7859 0.3679
vn -0.1866 -0.9088 0.3733
vn -0.7677 -0.6169 0.1736
vn -0.5136 -0.8353 0.1964
vn -0.1922 -0.9623 0.1922
vn -0.1464 -0.7994 0.5827
vn -0.4335 -0.6752 0.5968
vn -0.343 -0.5516 0.7603
vn -0.1439 0.8204 -0.5534
vn 0.9935 0.1079 -0.0367
vn 0.2989 -0.9543 0
vn -0.9189 0.3945 0.0013
vn -0.2239 -0.2474 -0.9427
vn -0.3946 -0.4706 -0.7892
vn -0.0328 -0.0174 -0.9993
vn -0.2782 0.2554 -0.9259
vn -0.2554 0.2782 -0.9259
vn 0.1462 0.2109 -0.9665
vn 0.6713 0.7397 0.047
vn 0.6576 0.7501 -0.0708
vn 0.5444 0.8305 -0.1182
vn 0.6429 0.76 -0.0952
vn 0.1206 -0.8103 0.5735
vn 0.1157 -0.8932 0.4346
vn -0.1407 -0.8858 0.4422
vn -0.367 -0.9162 0.1609
vn 0.3401 -0.9269 0.1589
vn 0.3348 -0.9414 -0.0412
vn -0.3598 -0.9321 -0.0417
vn -0.481 -0.7496 0.4547
vn -0.6312 -0.5181 0.5772
vn -0.8766 -0.4515 0.1666
vn -0.8705 -0.4902 -0.0439
vn -0.6792 -0.5705 0.4617
vn -0.7678 -0.2533 0.5885
vn -0.8617 -0.2473 0.443
vn -0.9754 0.1841 0.1215
vn -0.9852 0.1533 -0.0772
vn -0.8942 0.0013 0.4477
vn -0.7733 0.2842 0.5668
vn -0.8381 0.3305 0.4339
vn -0.6528 0.7479 0.1204
vn -0.6576 0.7501 -0.0708
vn -0.7262 0.5376 0.4284
vn -0.4488 0.789 0.4196
vn 0.0011 0.9924 0.1234
vn -0.1894 0.8826 0.4303
vn 0.5635 -0.0939 0.8207
vn 0.6803 -0.0709 0.7295
vn 0.8001 -0.1448 -0.5822
vn 0.8551 -0.145 -0.4978
vn 0.7055 -0.0679 0.7055
vn 0.8638 -0.1195 -0.4895
vn 0.8551 -0.0926 -0.5102
vn 0.6413 -0.0952 0.7614
vn 0.8551 -0.0926 0.5102
vn 0.9552 -0.2395 0.1739
vn 0.9471 -0.3211 0
vn 0.3222 -0.0858 0.9428
vn 0.328 -0.1089 0.9384
vn 0.9177 -0.3972 0
vn 0.8673 -0.4977 0
vn 0.8617 -0.507 0.0217
vn 0.7274 -0.6752 0.1222
vn 0.8523 -0.523 0
vn 0.2921 -0.1777 0.9397
vn 0.7163 -0.6914 -0.0939
vn 0.3381 -0.4896 0.8037
vn 0.5067 -0.7485 0.4277
vn 0.6568 -0.5473 0.5187
vn 0.6812 -0.5185 0.5168
vn 0.5067 -0.7485 -0.4277
vn 0.405 -0.6457 0.6473
vn 0.6243 -0.2865 0.7267
vn 0.6558 -0.5734 -0.491
vn 0.828 -0.0235 0.5603
vn 0.7144 -0.6084 -0.3458
vn 0.1462 0.2109 0.9665
vn 0.6029 -0.6282 -0.4918
vn 0.9202 0.1857 0.3445
vn 0.6047 -0.603 0.5203
vn 0.8032 -0.5514 -0.2255
vn 0.7188 -0.5859 0.3742
vn 0.5555 -0.7434 0.3725
vn 0.5498 -0.7617 -0.3428
vn 0.8376 -0.0461 -0.5444
vn 0.8092 -0.5307 0.2521
vn 0.5556 -0.8186 0.1456
vn 0.5364 -0.839 -0.0918
vn 0.9164 0.1624 -0.3657
vn 0.894 -0.4329 0.1156
vn 0.5491 0.6301 -0.5491
vn 0.925 0.3007 -0.2323
vn 0.6408 0.6705 -0.3739
vn 0.8859 0.4549 -0.091
vn 0.4901 0.8638 -0.1164
vn 0.9231 0.3229 0.2091
vn 0.8783 0.4732 0.068
vn 0.6354 0.691 0.3447
vn 0.5475 0.6553 0.5205
vn 0.9945 0.0011 0.1043
vn 0.9993 -0.0174 -0.0328
vn 0.8552 0.4985 0.1418
vn 0.9819 -0.0198 -0.1885
vn 0.1406 0.8709 0.4709
vn 0.6803 0.1999 0.7051
vn 0.7999 -0.3095 0.5142
vn 0.8135 0.5094 -0.2806
vn -0.0397 0.9757 -0.2154
vn 0.0949 0.7809 -0.6174
vn 0.8635 0.4996 0.0686
vn 0.792 -0.5984 0.1212
vn 0.8559 0.4009 -0.3266
vn 0.8507 0.4477 -0.2754
vn 0.4951 0.8395 -0.224
vn 0.7141 -0.344 -0.6097
vn 0.7825 0.5222 -0.339
vn 0.3587 0.9237 -0.1343
vn 0.8024 0.4929 -0.3366
vn 0.5102 -0.0926 -0.8551
vn 0.3176 0.1833 -0.9304
vn 0.4866 0.852 -0.1932
vn 0.3618 0.9313 -0.0431
vn 0.8613 0.5075 0.0231
vn 0.8209 0.4634 -0.3337
vn 0.1914 0.4584 -0.8679
vn 0.9832 0.1394 -0.1176
vn 0.9883 0.1481 -0.0379
vn 0.9986 -0.0177 -0.05
vn 0.9857 -0.0195 -0.1673
vn -0.7205 0.6716 0.1729
vn 0.9679 -0.2515 0
vn 0.9997 0.0151 -0.0171
vn 0.9995 0.0313 0.001
vn -0.8305 0.5444 0.1182
vn -0.8961 0.4023 0.1874
vn -0.6225 0.7813 0.0468
vn -0.8936 0.3613 0.2662
vn -0.9346 0.2516 0.2516
vn -0.9516 0.0846 0.2955
vn -0.8135 0.5094 0.2806
vn -0.9429 0.1308 0.3062
vn -0.8952 0.3381 0.2904
vn -0.9461 0.2856 0.1529
vn -0.9377 -0.0644 0.3415
vn -0.9336 -0.0869 0.3477
vn -0.904 -0.2355 0.3569
vn -0.9763 0.1441 0.1617
vn -0.9892 0.1455 0.0192
vn -0.9441 -0.0215 0.329
vn -0.9819 -0.0198 0.1885
vn -0.9152 -0.2324 0.3291
vn -0.8829 -0.319 0.3447
vn -0.8696 -0.372 0.3246
vn -0.9989 -0.0344 0.0334
vn -0.8829 -0.3432 0.3205
vn -0.8551 -0.4012 0.3284
vn -0.9561 -0.2183 0.1955
vn -0.8527 -0.4279 0.2997
vn -0.8678 -0.3988 0.2964
vn -0.8363 -0.4572 0.3027
vn -0.8796 -0.3931 0.2681
vn -0.9129 -0.3499 0.2102
vn -0.8615 -0.4444 0.2457
vn -0.8326 -0.48 0.2765
vn -0.882 -0.4307 0.1911
vn -0.8865 -0.4093 0.2157
vn -0.8924 -0.4202 0.1646
vn -0.8342 -0.5153 0.1965
vn -0.8867 -0.4405 0.1406
vn -0.872 -0.4811 0.0903
vn -0.8546 -0.5113 0.0912
vn -0.8378 -0.5266 0.1445
vn -0.5179 -0.8543 0.0443
vn -0.5271 -0.8471 0.0677
vn -0.1266 -0.9918 0.0178
vn -0.8705 -0.4902 0.0439
vn -0.0161 -0.9997 0.0161
vn -0.8274 -0.5612 0.0221
vn 0.0883 -0.9959 0.0172
vn 0.4918 -0.8696 0.044
vn 0.4625 -0.8856 0.0435
vn 0.4829 -0.8754 0.0216
vn 0.4993 -0.8664 0
vn 0.0868 -0.9962 0
vn 0.0898 -0.9953 -0.035
vn 0.4918 -0.8696 -0.044
vn 0.3753 -0.693 -0.6156
vn 0.0693 -0.7521 -0.6554
vn 0 -0.9995 -0.0323
vn 0 -0.7388 -0.6739
vn -0.0225 -0.7283 -0.6848
vn -0.0167 -0.9986 -0.05
vn -0.1109 -0.9923 -0.0543
vn -0.0939 -0.7178 -0.6899
vn -0.405 -0.6457 -0.6473
vn -0.5271 -0.8471 -0.0677
vn -0.1244 -0.9922 0
vn -0.8097 -0.5865 -0.0222
vn -0.5966 -0.4316 -0.6766
vn -0.6425 -0.374 -0.6688
vn -0.0328 -0.9993 0.0164
vn -0.1466 -0.989 0.018
vn -0.864 -0.4991 0.0671
vn -0.6242 -0.4322 -0.6509
vn -0.8546 -0.499 0.1434
vn -0.8379 -0.538 0.0918
vn -0.8299 -0.545 0.1198
vn -0.8472 -0.5179 0.1189
vn -0.923 -0.3749 0.0866
vn -0.974 -0.219 0.0587
vn -0.3708 0.557 0.7432
vn -0.5894 0.7895 0.1712
vn -0.3366 0.4929 -0.8024
vn 0.3687 0.7651 0.5279
vn 0.4161 0.8988 -0.1377
vn 0.3427 0.7391 -0.5799
vn 0.1595 0.3683 -0.9159
vn -0.2195 0.4345 -0.8735
vn -0.9993 0.0174 0.0318
vn 0.2861 -0.9574 0.0402
vn 0.2776 -0.9547 0.1074
vn 0.5795 -0.8121 0.0685
vn 0.5532 -0.8019 0.2256
vn 0.5849 -0.8108 0.0222
vn 0.2014 -0.9422 0.2676
vn 0.3875 -0.8242 0.4129
vn 0.1609 -0.9162 0.367
vn 0.2914 -0.9546 0.0613
vn 0.5889 -0.7669 0.2551
vn 0.285 -0.9065 0.3115
vn 0.9617 -0.2742 0
vn 0.96 -0.2794 0.0197
vn 0.9772 -0.2113 -0.0189
vn 0.837 -0.5454 -0.0446
vn 0.8802 -0.46 -0.1168
vn 0.9249 -0.3796 0.0207
vn 0.8461 -0.5326 -0.0219
vn 0.8202 -0.5646 -0.0924
vn 0.8006 -0.581 -0.1464
vn 0.7508 -0.6569 -0.0693
vn 0.7616 -0.6465 -0.0455
vn 0.7607 -0.6491 0
vn 0.7805 -0.6252 0
vn 0.7993 -0.6009 0
vn 0.9184 -0.3792 0.1131
vn 0.9142 -0.4047 0.021
vn 0.6956 -0.717 -0.0456
vn 0.7919 -0.6068 0.0689
vn 0.8996 -0.4277 -0.0886
vn 0.9721 -0.1845 0.145
vn 0.983 -0.1745 -0.057
vn 0.6574 -0.6849 0.3141
vn 0.6734 -0.6187 0.4047
vn 0.3137 -0.7099 0.6306
vn 0.2676 -0.9422 0.2014
vn 0.0855 -0.9338 0.3473
vn 0.2967 -0.9513 0.0833
vn 0.8202 -0.5646 0.0924
vn 0.7499 -0.6502 -0.122
vn 0.2099 -0.9775 0.0189
vn 0.1169 -0.9862 -0.1169
vn 0.403 -0.8541 -0.3286
vn 0.6003 -0.6523 -0.4628
vn 0.2104 -0.9122 -0.3516
vn 0.7682 -0.4266 -0.4773
vn 0.3242 -0.9229 -0.2076
vn 0.3532 -0.9353 -0.0205
vn 0.6734 -0.6187 -0.4047
vn 0.9234 -0.206 -0.3239
vn 0.3854 -0.8909 0.2402
vn 0.7999 -0.3095 -0.5142
vn 0.9645 -0.2609 0.0396
vn 0.4129 -0.8242 0.3875
vn 0.4247 -0.7694 0.477
vn 0.4302 -0.7263 0.5361
vn 0.4341 -0.6494 0.6244
vn 0.421 -0.4453 0.7902
vn 0.9446 0.0215 0.3275
vn 0.4372 0.2164 0.8729
vn 0.9866 -0.1531 0.0561
vn 0.9115 0.0891 0.4016
vn 0.3955 0.2978 0.8689
vn 0.3784 -0.352 0.8561
vn 0.8561 -0.3769 0.3536
vn 0.9845 -0.1715 0.0373
vn 0.7011 -0.7025 0.1223
vn 0.2927 -0.8825 0.3681
vn 0.6967 -0.7174 0
vn 0.2279 -0.9737 0
vn 0.1498 -0.9606 -0.2339
vn 0.6357 -0.7577 -0.1476
vn 0.365 -0.8052 -0.4674
vn 0.6313 -0.5756 -0.5199
vn 0.9621 -0.2515 -0.1058
vn 0.7554 -0.3134 -0.5754
vn 0.9721 -0.1845 -0.145
vn 0.7286 -0.2031 -0.6542
vn 0.9561 -0.2183 -0.1955
vn 0.7671 -0.172 -0.618
vn 0.9897 0.0011 -0.143
vn 0.9942 -0.106 0.0175
vn 0.8196 -0.5712 0.0449
vn 0.6153 0.2578 0.745
vn 0.7784 0.3117 0.545
vn 0.6841 0.0239 0.729
vn 0.8291 0.0235 0.5587
vn 0.6081 -0.2261 0.761
vn 0.6301 0.5491 0.5491
vn 0.7739 -0.2807 0.5677
vn 0.4005 0.7236 0.5621
vn 0.3146 0.6018 0.7341
vn 0.4789 0.862 0.1665
vn 0.4339 0.8381 0.3305
vn 0.9159 0.3683 0.1595
vn 0.4393 0.8231 0.36
vn 0.8709 0.3475 0.3475
vn 0.9856 0.0172 0.1683
vn 0.9207 -0.3442 0.1841
vn 0.9349 0.0192 0.3543
vn 0.9182 -0.0013 0.3961
vn 0.7456 -0.6432 0.1742
vn 0.855 -0.3268 0.4027
vn 0.6945 -0.6139 0.3752
vn 0.6313 -0.5216 0.5739
vn 0.3117 -0.5768 0.7551
vn 0.6984 -0.5909 0.4038
vn 0.4039 -0.6969 0.5926
vn 0.1684 -0.9674 0.1891
vn 0.4853 -0.8524 0.1947
vn 0.4674 -0.8052 0.365
vn 0.4427 -0.8068 0.3914
vn 0.1376 -0.9115 0.3876
vn 0.1891 -0.9674 0.1684
vn 0.4584 0.8679 -0.1914
vn 0.0012 0.9782 -0.2077
vn 0.451 0.8772 0.1649
vn 0.4284 0.7262 0.5376
vn 0.0014 0.836 0.5487
vn 0.9 -0.09 0.4265
vn 0.8653 -0.2727 0.4205
vn 0.959 0.0834 0.2709
vn 0.156 0.9829 -0.0979
vn -0.8381 0.4339 -0.3305
vn -0.8704 0.3717 -0.3228
vn -0.9866 0.1154 -0.1154
vn -0.983 -0.0173 -0.1827
vn -0.9977 -0.018 -0.0655
vn -0.876 0.4818 0.0229
vn -0.9892 0.1455 -0.0192
vn -0.8673 -0.4977 0
vn -0.3466 -0.938 0
vn 0.3225 -0.9466 0
vn -0.3028 -0.9468 0.1089
vn -0.2271 -0.9351 0.272
vn -0.3354 -0.8211 0.4619
vn 0.3025 -0.8374 0.4553
vn -0.4173 -0.8073 0.4173
vn -0.5811 -0.7816 0.2269
vn -0.3102 -0.9498 0.0407
vn -0.6052 -0.7931 0.0688
vn 0 -0.9978 0.0666
vn -0.3225 -0.9466 0
vn -0.5993 -0.8005 0
vn -0.316 -0.9467 0.0622
vn -0.3165 -0.8942 0.3165
vn -0.6165 -0.7445 0.2561
vn -0.9348 -0.3547 0.0205
vn -0.928 -0.3725 0
vn -0.8796 -0.3931 -0.2681
vn -0.9273 -0.1573 -0.3397
vn -0.9671 -0.1906 -0.1685
vn -0.5629 -0.8213 -0.0924
vn -0.8147 -0.2804 -0.5076
vn -0.9888 -0.0949 -0.1148
vn -0.9063 -0.1129 -0.4072
vn -0.8279 -0.502 -0.2502
vn -0.7163 -0.6914 -0.0939
vn -0.9616 -0.2147 0.1712
vn -0.7076 -0.7062 -0.0225
vn -0.811 -0.5811 -0.0685
vn -0.7297 -0.6834 0.0225
vn -0.7061 -0.7047 0.0695
vn -0.8012 -0.5967 0.0451
vn -0.8279 -0.502 0.2502
vn -0.9542 -0.2929 -0.0614
vn 0.8242 -0.4359 -0.3614
vn 0.868 -0.298 -0.3973
vn 0.9063 -0.1129 -0.4072
vn 0.9516 0.0846 -0.2955
vn 0.9913 0.0933 -0.0933
vn 0.9909 0.1116 0.0748
vn 0.3677 0.0624 0.9279
vn 0.3112 -0.2833 0.9071
vn 0.8413 -0.3814 0.383
vn 0.7718 -0.6321 0.0691
vn 0.7871 -0.4952 0.3678
vn 0.2839 -0.598 0.7495
vn 0.2763 -0.8337 0.4782
vn 0.7614 -0.6069 0.2278
vn 0.2632 -0.9485 0.1764
vn 0.2588 -0.9539 -0.1521
vn 0.2738 -0.8505 -0.4491
vn 0.7281 -0.6553 -0.2014
vn 0.2848 -0.6256 -0.7263
vn 0.7603 -0.5516 -0.343
vn -0.1795 -0.0996 0.9787
vn -0.2342 -0.1513 0.9604
vn -0.2872 -0.1531 0.9456
vn -0.297 -0.2031 0.933
vn -0.4264 -0.3013 0.8529
vn -0.7013 -0.4304 0.5683
vn -0.6732 -0.4029 0.6201
vn -0.8723 -0.4376 0.2181
vn -0.8925 -0.4462 -0.0659
vn -0.8867 -0.4405 -0.1406
vn -0.8408 -0.4063 -0.3577
vn -0.8241 -0.3598 -0.4374
vn -0.8766 -0.2447 -0.4143
vn -0.8188 -0.3071 -0.485
vn -0.9092 -0.185 -0.3729
vn -0.8969 -0.1872 -0.4006
vn -0.892 -0.1631 -0.4215
vn 0.9942 0.0186 0.1061
vn 0.9646 -0.2314 0.1267
vn 0.9689 -0.2245 0.104
vn 0.974 -0.219 0.0587
vn 0.9386 -0.3268 0.1103
vn 0.929 -0.3528 0.1117
vn 0.9373 -0.3426 0.063
vn 0.8996 -0.4277 0.0886
vn 0.8979 -0.4381 0.0431
vn 0.8546 -0.5113 0.0912
vn 0.8633 -0.4907 0.118
vn 0.8472 -0.5179 0.1189
vn 0.8553 -0.5162 0.0443
vn 0.8097 -0.5865 -0.0222
vn 0.8379 -0.538 0.0918
vn 0.829 -0.555 0.0681
vn 0.8012 -0.5967 -0.0451
vn 0.7819 -0.6218 -0.0453
vn 0.572 -0.46 -0.6791
vn 0.791 -0.6114 0.0223
vn 0.1551 0.9375 0.3116
vn -0.1801 0.9312 0.3169
vn 0.1529 0.9461 0.2856
vn -0.1776 0.9403 0.2905
vn -0.1898 0.9816 -0.0198
vn -0.4929 0.8024 0.3366
vn -0.4868 0.8177 0.3072
vn -0.8957 0.3145 0.3145
vn -0.8944 -0.2907 0.3399
vn -0.7379 -0.5803 0.3446
vn -0.1843 -0.92 0.3459
vn -0.4914 -0.8026 0.3383
vn -0.1818 -0.9302 0.3189
vn -0.9963 0.0011 0.0858
vn -0.9285 -0.0013 0.3714
vn -0.6732 0.0014 0.7395
vn -0.473 0.0013 0.8811
vn 0.6483 -0.0014 0.7614
vn 0.4462 -0.0013 0.895
vn 0.9118 -0.4011 0.0876
vn 0.5196 -0.8461 0.119
vn 0.2757 -0.9612 0
vn 0.729 0.6841 0.0239
vn 0.6283 0.6014 0.4936
vn 0.4786 0.4231 -0.7694
vn 0.5187 -0.5473 -0.6568
vn 0.8615 -0.4444 -0.2457
vn 0.9671 -0.1906 -0.1685
vn 0.91 -0.4123 0.0427
vn 0.7616 -0.6465 0.0455
vn 0.6739 -0.7388 0
vn 0.9348 -0.3547 -0.0205
vn 0.8899 -0.4556 0.0214
vn 0.9052 -0.42 -0.0652
vn 0.7011 -0.7025 -0.1223
vn 0.3733 -0.9237 0.0866
vn 0.7508 -0.6569 0.0693
vn 0.8924 -0.4202 0.1646
vn 0.751 -0.6599 0.0224
vn 0.8223 -0.5231 0.224
vn 0.8704 -0.4714 0.1422
vn 0.8147 -0.2804 0.5076
vn 0.9168 -0.2559 0.3066
vn 0.933 -0.2031 0.297
vn 0.9955 -0.0886 0.035
vn 0.8996 -0.1376 0.4143
vn 0.9973 -0.0528 0.0517
vn 0.9864 -0.1156 -0.1167
vn 0.9331 -0.2956 0.2046
vn 0.9616 -0.2147 -0.1712
vn 0.7076 -0.7062 0.0225
vn 0.7819 -0.6218 0.0453
vn 0.6848 -0.7283 -0.0225
vn 0.6899 -0.7178 -0.0939
vn 0.7919 -0.6068 -0.0689
vn 0.9375 -0.3481 0
vn 0.8092 -0.5307 -0.2521
vn 0.9462 -0.3176 -0.0622
vn 0.9255 -0.3004 -0.2307
vn 0.9879 -0.1505 -0.0368
vn 0.9881 -0.1346 -0.0749
vn 0.9908 -0.0749 -0.1129
vn 0.8996 -0.1376 -0.4143
vn 0.9205 -0.1827 -0.3455
vn 0.906 -0.2595 -0.3343
vn 0.9041 -0.3555 -0.237
vn 0.8651 -0.4219 -0.2711
vn 0.8673 -0.4589 -0.1931
vn 0.7431 -0.6182 -0.2561
vn 0.8326 -0.48 -0.2765
vn 0.6273 -0.7524 -0.2009
vn 0.7359 -0.6373 -0.2286
vn 0.1891 -0.9674 -0.1684
vn 0.3286 -0.8541 -0.403
vn 0.3914 -0.8068 -0.4427
vn 0.4277 -0.7485 -0.5067
vn 0.4918 -0.6282 -0.6029
vn 0 -0.762 -0.6476
vn -0.0161 -0.0151 -0.9998
vn -0.6136 -0.0237 -0.7893
vn -0.9485 -0.0188 -0.3162
vn -0.9401 -0.0191 -0.3405
vn -0.9993 -0.0154 -0.0328
vn -0.9897 0.0011 0.143
vn -0.907 -0.0013 0.421
vn -0.7395 0.0014 0.6732
vn 0.892 -0.1631 -0.4215
vn 0.9049 -0.1613 -0.3939
vn 0.1195 0.1614 -0.9796
vn 0.1697 0.2145 -0.9619
vn 0.1998 0.2405 -0.9499
vn 0.2516 0.2516 -0.9346
vn 0.3518 0.3766 -0.857
vn 0.5216 0.6297 -0.5757
vn 0.4936 0.6014 -0.6283
vn 0.5383 0.794 -0.2826
vn 0.5311 0.8084 -0.2539
vn 0.4196 0.789 0.4488
vn 0.2783 0.8317 0.4804
vn 0.2555 0.7884 0.5596
vn 0.2295 0.7605 0.6074
vn 0.0171 0.0151 0.9997
vn -0.4442 0.3897 -0.8067
vn 0.4469 -0.4194 -0.7902
vn -0.9342 0.0869 -0.3461
vn -0.9433 0.0858 -0.3206
vn -0.923 0.1374 -0.3595
vn -0.7609 0.0469 -0.6471
vn -0.9978 0.0656 0.001
vn -0.9417 0.0425 -0.3337
vn -0.7695 0.1201 -0.6272
vn -0.9986 0.0489 0.0177
vn -0.76 0.0952 -0.6429
vn -0.933 -0.2031 -0.297
vn -0.4434 0.1392 -0.8854
vn -0.9866 -0.1531 0.0561
vn -0.451 0.1649 -0.8772
vn 0.0012 0.205 -0.9788
vn -0.0192 0.1455 -0.9892
vn -0.4341 -0.1142 -0.8936
vn -0.0172 -0.0871 -0.996
vn -0.4387 0.0445 -0.8976
vn -0.4532 -0.0909 -0.8868
vn -0.4502 -0.1681 -0.877
vn 0 -0.2292 -0.9734
vn -0.7614 -0.0014 -0.6483
vn -0.7811 -0.0014 -0.6244
vn -0.9389 0.1088 -0.3264
vn -0.974 0.2267 0.0012
vn -0.8952 0.2904 0.3381
vn -0.8837 0.3429 0.3187
vn -0.6997 0.402 0.5906
vn -0.6958 0.3734 0.6136
vn -0.9202 0.1857 0.3445
vn -0.0229 0.4818 0.876
vn -0.0227 0.4562 0.8896
vn -0.0209 0.2797 0.9599
vn -0.7216 0.2585 0.6423
vn -0.4215 0.2694 0.8659
vn -0.4042 0.0196 0.9144
vn -0.9215 0.0409 0.3863
vn -0.9023 0.0225 0.4306
vn -0.8798 -0.1153 0.4612
vn -0.3714 -0.0013 0.9285
vn -0.6456 -0.0469 0.7622
vn -0.617 -0.2579 0.7435
vn -0.8391 -0.3303 0.4321
vn -0.6371 -0.3447 0.6894
vn -0.3291 -0.2324 0.9152
vn -0.8242 -0.4359 0.3614
vn 0.0177 0.9985 -0.0511
vn 0.0011 0.9945 -0.1043
vn -0.9052 -0.42 0.0652
vn -0.7963 -0.5712 -0.1991
vn 0.0198 0.9816 -0.1898
vn 0.0207 0.9663 -0.2565
vn -0.8453 -0.4732 -0.2481
vn -0.6539 -0.5986 -0.4628
vn -0.7585 -0.146 -0.6351
vn -0.6808 -0.4913 -0.5433
vn -0.3911 -0.4408 -0.8079
vn -0.021 -0.4047 -0.9142
vn 0 -0.5762 -0.8173
vn -0.4038 -0.5909 -0.6984
vn 0.0635 0.947 -0.3148
vn 0.8241 -0.3598 0.4374
vn 0.7105 -0.6879 0.1482
vn 0.6029 -0.6282 0.4918
vn 0 -0.2742 0.9617
vn 0.2723 -0.2287 0.9346
vn -0.076 0.1322 0.9883
vn -0.0195 0.166 0.9859
vn 0.3164 -0.0635 0.9465
vn 0.2892 -0.3413 0.8944
vn -0.0822 -0.2736 0.9583
vn -0.0693 -0.6569 0.7508
vn 0.1745 -0.7211 0.6705
vn 0.0417 -0.9321 0.3598
vn -0.0885 -0.9004 0.426
vn -0.0384 -0.9761 0.2137
vn 0.0191 -0.9725 0.2321
vn 0.6833 -0.6591 0.3141
vn -0.0183 -0.9858 0.1672
vn 0.4634 0.8209 0.3337
vn 0.4575 0.8354 0.3045
vn 0.7041 0.6495 0.2871
vn 0.8826 0.3666 0.2942
vn 0.8837 0.3429 0.3187
vn 0.9526 0.0212 0.3034
vn 0.8829 -0.3432 0.3205
vn 0.8829 -0.319 0.3447
vn 0.7144 -0.6084 0.3458
vn 0.4619 -0.8211 0.3354
vn 0.1568 -0.9365 0.3136
vn 0.1589 -0.9269 0.3401
vn -0.2709 -0.8661 0.4201
vn -0.168 -0.8624 0.4776
vn 0.87 -0.0425 -0.4913
vn 0.9215 0.0409 -0.3863
vn 0.8466 -0.0691 0.5277
vn 0.9429 0.1308 -0.3062
vn 0.9648 0.1253 -0.2312
vn 0.9824 0.1587 -0.0981
vn 0.9924 -0.1232 0
vn 0.9537 0.2601 -0.1507
vn 0.8611 -0.0204 0.508
vn 0.9403 0.1776 0.2905
vn 0.9476 0.3008 0.1074
vn 0.9809 0.1778 0.0786
vn 0.9555 0.1724 0.2392
vn 0.8467 -0.1174 0.519
vn 0.8001 -0.1448 0.5822
vn -0.0194 -0.9661 -0.2576
vn -0.0197 -0.9596 0.2808
vn -0.0456 -0.6706 0.7404
vn -0.0455 -0.6465 0.7616
vn 0.9785 -0.0012 -0.2064
vn 0.9095 -0.3715 -0.1865
vn 0.9182 -0.0013 -0.3961
vn 0.8561 -0.352 -0.3784
vn 0.8559 0.3266 -0.4009
vn 0.7196 -0.6721 -0.1745
vn 0.6945 -0.6139 -0.3752
vn 0.4378 -0.8232 -0.3616
vn 0.9124 0.3502 -0.2119
vn 0.6997 0.5906 -0.402
vn 0.4442 0.8067 -0.3897
vn 0.5157 0.4856 0.7059
vn 0.6495 0.2871 0.7041
vn 0.696 0.0014 0.7181
vn 0.6439 -0.2585 0.7201
vn 0.5109 -0.4595 0.7265
vn 0.3495 -0.8693 0.3495
vn 0.2292 -0.6891 0.6875
vn 0.4853 -0.8524 -0.1947
vn 0.1684 -0.9674 -0.1891
vn 0.136 -0.9227 -0.3608
vn -0.6622 0.021 0.749
vn -0.6641 0.7112 0.2308
vn -0.6718 0.694 -0.2589
vn -0.6697 -0.6967 0.2571
vn -0.672 0.4065 -0.6189
vn -0.6619 -0.7137 -0.229
vn -0.6732 0.0014 -0.7395
vn -0.6766 -0.4316 -0.5966
vn 0.6591 -0.0238 -0.7517
vn 0.329 -0.0215 -0.9441
vn 0.6496 0.4359 -0.6229
vn 0.3117 0.545 -0.7784
vn 0.3117 -0.5768 -0.7551
vn 0.6718 0.694 -0.2589
vn 0.6537 -0.461 -0.6001
vn 0.3145 0.8957 -0.3145
vn 0.3115 -0.9065 -0.285
vn 0.6641 0.7112 0.2308
vn 0.6619 -0.7137 -0.229
vn 0.3165 -0.8942 0.3165
vn 0.6524 0.4646 0.5988
vn 0.6697 -0.6967 0.2571
vn 0.3133 0.5736 0.7568
vn 0.3098 -0.5446 0.7794
vn 0.6509 -0.4322 0.6242
vn 0.3214 0.0012 0.9469
vn 0 -0.9675 0.2529
vn 0.5973 0.8007 -0.0466
vn -0.035 0.998 -0.052
vn 0.8063 -0.4656 0.3648
vn 0.5967 -0.2856 0.7499
vn 0.864 -0.4991 0.0671
vn 0.7756 -0.5986 -0.2001
vn -0.0391 0.9804 -0.1932
vn -0.0409 0.9644 -0.2612
vn 0.6312 -0.0706 0.7724
vn 0.8925 -0.4462 0.0659
vn 0.8279 -0.502 -0.2502
vn 0.983 -0.1745 0.057
vn 0.8708 -0.1437 0.4702
vn 0.6713 0.047 0.7397
vn 0.3863 0.0409 0.9215
vn 0.6948 0.0471 0.7176
vn 0.8976 0.0445 0.4387
vn 0.9975 0.0689 0.018
vn 0.7041 0.2871 0.6495
vn 0.6754 0.4352 0.5953
vn 0.672 0.4065 0.6189
vn 0.8704 0.3717 0.3228
vn 0.9124 0.2119 0.3502
vn 0.9172 0.0631 0.3935
vn 0.9678 0.2518 0.0012
vn 0.9338 0.1326 -0.3322
vn 0.9293 0.1102 -0.3524
vn 0.7504 0.0238 -0.6606
vn 0.7721 -0.0238 -0.635
vn 0.4294 -0.1926 -0.8823
vn 0.7501 0.0708 -0.6576
vn 0.9389 0.1088 -0.3264
vn 0.4341 -0.1142 -0.8936
vn 0.4205 0.0667 -0.9049
vn 0.4303 0.1894 -0.8826
vn 0.7571 0.146 -0.6367
vn 0.4232 0.1632 -0.8912
vn 0.9383 0.0643 -0.3399
vn 0.7479 0.1204 -0.6528
vn 0.9254 -0.2292 -0.3018
vn 0.4143 -0.1376 -0.8996
vn 0.3648 -0.4656 -0.8063
vn 0.7451 -0.1725 -0.6443
vn 0.6568 -0.5204 -0.5457
vn 0.6275 -0.6259 -0.4631
vn 0.3752 -0.6139 -0.6945
vn -0.0858 0.9433 -0.3206
vn -0.9617 -0.2742 0
vn -0.9547 -0.2974 0
vn 0.9616 0.2746 0.0012
vn 0.9528 -0.303 0.02
vn -0.4547 -0.7496 0.481
vn 0 -0.8514 0.5245
vn -0.4427 -0.8068 0.3914
vn -0.4139 -0.8773 0.2429
vn -0.8764 -0.4157 0.2431
vn -0.378 -0.9256 -0.0207
vn 0 -0.9864 0.1642
vn -0.974 -0.219 -0.0587
vn -0.6984 -0.5909 -0.4038
vn -0.9622 -0.2657 0.0604
vn -0.9528 -0.303 -0.02
vn -0.8979 -0.4381 0.0431
vn -0.8763 -0.4813 0.0216
vn -0.996 -0.0871 0.0172
vn -0.9898 -0.0168 -0.1414
vn -0.837 -0.5454 0.0446
vn -0.9306 -0.1803 -0.3186
vn -0.3516 -0.9122 -0.2104
vn -0.2372 -0.9034 -0.3573
vn 0 -0.9962 -0.0868
vn 0 -0.9612 -0.2757
vn -0.6275 -0.6259 -0.4631
vn -0.1104 -0.9381 -0.3284
vn 0 -0.9785 -0.2061
vn -0.9417 -0.2693 -0.2016
vn -0.9803 -0.1392 -0.1404
vn -0.0373 -0.9847 -0.1701
vn -0.0169 -0.9976 -0.0677
vn -0.0339 -0.9981 0.0508
vn -0.1382 -0.9832 -0.1188
vn -0.2576 -0.9661 0.0194
vn -0.0344 -0.997 0.0688
vn -0.0175 -0.9941 0.1072
vn -0.739 -0.6671 -0.0938
vn -0.2588 -0.9539 0.1521
vn -0.1342 -0.9329 0.3342
vn -0.018 -0.989 0.1466
vn -0.0205 -0.9353 0.3532
vn 0 -0.7388 0.6739
vn -0.3753 -0.693 0.6156
vn 0 -0.7174 0.6967
vn -0.7495 -0.598 0.2839
vn -0.5187 -0.5473 0.6568
vn -0.9265 -0.2551 0.2765
vn -0.6375 -0.6881 0.3465
vn -0.0172 -0.9959 0.0883
vn -0.829 -0.555 0.0681
vn -0.2132 -0.9619 -0.1711
vn -0.0191 -0.9725 -0.2321
vn -0.3579 -0.8398 -0.4081
vn -0.0218 -0.8607 -0.5086
vn -0.6536 -0.7295 -0.2014
vn -0.4213 -0.789 -0.4472
vn -0.4576 -0.7279 -0.5107
vn -0.7682 -0.5872 -0.255
vn -0.7614 -0.6069 -0.2278
vn -0.882 -0.4307 -0.1911
vn 0.6797 0.5186 0.5186
vn 0.8627 0.4412 -0.2471
vn 0.626 0.4649 -0.626
vn -0.9987 0.0156 0.0488
vn -0.9898 -0.0564 0.1312
vn -0.998 0.035 0.052
vn -0.9989 0.0323 -0.0344
vn -0.9803 -0.1392 0.1404
vn -0.9646 -0.2314 0.1267
vn -0.8408 -0.3561 0.4078
vn -0.7083 -0.6323 0.3137
vn -0.0637 -0.9282 0.3665
vn -0.8676 -0.1946 0.4576
vn -0.039 -0.9709 0.2363
vn 0.0189 -0.9775 0.2099
vn 0.0652 -0.9059 0.4183
vn 0.0456 -0.6706 0.7404
vn -0.2016 -0.7056 0.6793
vn -0.3162 -0.3147 0.895
vn 0.0614 -0.2929 0.9542
vn -0.87 -0.0425 0.4913
vn -0.3352 -0.0425 0.9412
vn 0.0572 0.1507 0.9869
vn -0.6299 -0.6012 0.4918
vn -0.9857 -0.0195 0.1673
vn -0.9717 0.1872 -0.1439
vn -0.8154 -0.1962 0.5446
vn 0 -0.2974 0.9547
vn -0.9763 0.1441 -0.1617
vn -0.996 0.0872 -0.0183
vn -0.9511 0.129 -0.2807
vn -0.9619 0.2145 -0.1697
vn -0.6459 0.1726 -0.7436
vn 0 -0.1042 -0.9946
vn -0.6414 0.3776 -0.6678
vn -0.6297 0.5216 -0.5757
vn -0.6014 0.4936 -0.6283
vn -0.9537 0.1507 -0.2601
vn -0.8296 -0.0696 0.554
vn -0.8395 0.0933 0.5353
vn -0.947 0.0635 -0.3148
vn 0.9778 0.2088 -0.0201
vn 0.9993 -0.0339 -0.0164
vn 0.9526 0.3034 0.0212
vn 0.9945 -0.0901 -0.0534
vn 0.9993 0.0154 -0.0338
vn 0.9994 -0.0333 0
vn -0.9963 0.0011 -0.0858
vn -0.9862 0.1344 -0.0964
vn -0.9476 0.3008 -0.1074
vn -0.6678 0.7382 -0.0954
vn -0.5085 0.8561 -0.0926
vn -0.3821 0.9173 -0.1117
vn -0.1809 0.9784 -0.0997
vn 0.9662 -0.0182 -0.2573
vn 0.9724 -0.0204 -0.2323
vn 0.9469 0.0012 0.3214
vn 0.635 -0.0238 -0.7721
vn 0.8634 -0.0657 0.5002
vn 0.9846 -0.0385 0.1703
vn 0.8572 -0.2218 0.4648
vn 0.8252 -0.3856 0.4126
vn 0.9881 -0.0761 0.1335
vn 0.9972 0.0528 0.0528
vn 0.9581 -0.2559 0.1286
vn 0.9765 -0.1615 0.1427
vn 0.9575 -0.0389 -0.2858
vn 0.9722 0.1669 -0.1644
vn 0.9461 0.1529 -0.2856
vn 0.9071 -0.2833 -0.3112
vn 0.5873 -0.3724 -0.7186
vn 0.6413 -0.0952 -0.7614
vn 0.6262 0.2025 -0.7529
vn 0.6189 0.4065 -0.672
vn 0.9665 0.2109 -0.1462
vn 0.9555 0.2392 -0.1724
vn 0.8028 -0.2238 0.5527
vn 0.9484 0.175 -0.2646
vn 0.8207 -0.0939 0.5635
vn 0.9433 0.0858 -0.3206
vn 0.9112 0.1362 0.3889
vn -0.0212 0.9526 -0.3034
vn -0.0209 0.9599 -0.2797
vn -0.0209 0.9599 0.2797
vn -0.0207 0.9663 0.2565
vn -0.047 0.6713 0.7397
vn 0.0014 0.696 0.7181
vn 0.0012 0.9678 0.2518
vn 0.0012 0.9616 -0.2746
vn 0.3524 0.9293 -0.1102
vn 0.4817 0.8715 -0.0918
vn 0.9389 0.3264 -0.1088
vn 0.996 -0.0161 -0.0882
vn 0.1267 -0.2314 0.9646
vn 0.3447 -0.7365 0.582
vn 0.4422 -0.8858 0.1407
vn 0.4617 -0.8793 -0.1169
vn 0.4023 -0.7238 -0.5606
vn 0.4562 0.8896 0.0227
vn 0.926 0.3769 0.022
vn 0.9986 -0.0177 0.05
vn 0.9408 -0.3364 0.0412
vn 0.5179 -0.8543 0.0443
vn -0.9919 0.0189 0.1255
vn -0.9999 -0.001 -0.0159
vn -0.9999 0.0149 0.001
vn -0.9897 0.0011 -0.143
vn -0.3286 -0.9442 0.0202
vn -0.2221 -0.8413 -0.4929
vn -0.403 -0.8541 -0.3286
vn -0.4129 -0.8242 0.3875
vn -0.2431 -0.4157 -0.8764
vn -0.473 0.0013 -0.8811
vn -0.5754 -0.3134 0.7554
vn -0.7111 -0.1498 0.6869
vn -0.9788 0.205 0.0012
vn -0.9279 0.0624 0.3677
vn 0.4446 -0.8933 0.0659
vn 0.5007 -0.863 0.0671
vn 0.4075 -0.8874 0.2156
vn 0.1521 -0.9539 0.2588
vn 0.3516 -0.9122 0.2104
vn -0.0796 -0.9719 0.2215
vn -0.1072 -0.9941 0.0175
vn 0.489 -0.8643 0.1179
vn 0.5811 -0.7816 0.2269
vn 0.4829 -0.8754 -0.0216
vn 0.6407 -0.7621 0.0936
vn 0.7682 -0.5872 0.255
vn 0.8273 -0.5351 0.1709
vn -0.0396 -0.9641 -0.2624
vn 0.8513 -0.4871 0.1948
vn 0.8453 -0.4732 -0.2481
vn 0.4875 -0.5158 0.7045
vn 0.1433 -0.8557 0.4973
vn 0.8927 -0.3645 0.2648
vn 0.7794 -0.5446 -0.3098
vn 0.7996 -0.5156 -0.3078
vn 0.4996 0.0686 -0.8635
vn 0.5892 -0.8026 -0.0929
vn 0.3239 -0.206 -0.9234
vn 0.9811 -0.1776 0.0773
vn -0.0737 -0.9909 0.1128
vn -0.0379 -0.9807 -0.1917
vn 0.0929 -0.8026 -0.5892
vn 0.966 -0.0822 0.2453
vn 0.9643 -0.0383 0.2621
vn 0.7224 -0.5624 0.4024
vn 0.5214 -0.8234 0.2239
vn 0.5438 -0.838 0.0446
vn 0.9817 -0.1896 -0.0186
vn 0.9622 -0.2657 -0.0604
vn 0.9825 -0.1862 0
vn 0.8461 -0.5288 -0.0677
vn 0.8617 -0.507 -0.0217
vn 0.751 -0.6599 -0.0224
vn 0.6344 -0.7727 -0.0224
vn 0.6796 -0.7303 -0.0694
vn 0.6237 -0.7817 0
vn 0.3466 -0.938 0
vn 0.371 -0.9287 0
vn 0.2576 -0.9661 -0.0194
vn 0.1672 -0.9858 -0.0183
vn 0.9892 0.0192 -0.1455
vn 0.9911 0.0373 0.1277
vn 0.4786 0.7694 -0.4231
vn 0.5094 0.8135 0.2806
vn 0.6184 0.6748 -0.4029
vn 0.4316 0.6782 0.5949
vn 0.6495 0.7041 0.2871
vn 0.6789 0.6757 0.2873
vn 0.5774 0.5774 0.5774
vn 0.6716 0.6218 -0.4029
vn 0.6454 0.6487 -0.4032
vn 0.4827 0.453 -0.7495
vn 0.604 0.5499 0.5769
vn 0.675 0.5983 -0.4317
vn 0.516 0.3096 -0.7987
vn 0.7879 0.3931 -0.474
vn 0.8317 0.4804 0.2783
vn 0.7028 0.4303 0.5665
vn 0.9554 0.1059 0.2758
vn 0.8032 0.0944 0.5882
vn 0.8783 0.068 -0.4732
vn 0.4576 -0.1946 -0.8676
vn 0.822 -0.3335 -0.4616
vn 0.3735 -0.323 -0.8696
vn 0.8944 -0.3413 0.2892
vn 0.7554 -0.3134 0.5754
vn 0.7323 -0.6049 0.3129
vn 0.2129 -0.3777 -0.9011
vn 0.3948 -0.788 -0.4725
vn 0.4261 -0.8537 0.2995
vn 0.3753 -0.693 0.6156
vn 0.1089 -0.9468 0.3028
vn 0.0911 -0.8556 -0.5096
vn 0.4813 -0.4566 -0.7483
vn 0.246 -0.2253 -0.9427
vn 0.7914 -0.1196 -0.5995
vn -0.122 -0.6502 -0.7499
vn 0.1991 -0.795 -0.5729
vn 0.9623 0.1043 -0.2512
vn 0.9648 0.1253 0.2312
vn 0.7822 -0.0949 0.6158
vn 0.5024 -0.3997 0.7667
vn 0.2001 -0.7743 0.6003
vn 0.696 -0.1763 0.696
vn 0.9233 0.0852 0.3745
vn 0.3833 -0.8404 0.3833
vn 0.3045 -0.9523 0.02
vn 0.1947 -0.8524 -0.4853
vn 0.8023 0.2273 -0.5519
vn 0.3739 -0.8687 -0.3248
vn 0.7201 -0.1762 -0.6711
vn 0.491 -0.5734 -0.6558
vn 0.4562 0.0227 -0.8896
vn 0.2181 -0.4376 -0.8723
vn -0.9918 -0.0166 -0.1265
vn -0.0773 -0.1776 0.9811
vn -0.2222 -0.4947 0.8402
vn -0.3116 -0.7565 0.575
vn -0.3794 -0.9004 0.2131
vn -0.3733 -0.9088 -0.1866
vn -0.3099 -0.7781 -0.5464
vn -0.224 -0.5231 -0.8223
vn 0.1253 0.2312 0.9648
vn 0.1013 0.2038 0.9738
vn 0.3117 0.545 0.7784
vn 0.3096 0.516 0.7987
vn 0.4152 0.8095 0.4152
vn 0.6272 0.7695 0.1201
vn 0.7028 0.5665 0.4303
vn 0.7568 0.3133 0.5736
vn 0.9705 0.2073 0.1234
vn 0.9809 0.1778 -0.0786
vn 0.8231 0.36 0.4393
vn 0.8179 -0.0014 0.5753
vn 0.8904 -0.0227 0.4546
vn 0.7499 -0.2856 0.5967
vn 0.8553 -0.5162 -0.0443
vn 0.8497 -0.2755 0.4495
vn 0.6057 -0.5498 0.5752
vn 0.6539 -0.5986 0.4628
vn 0.4512 -0.77 0.4512
vn 0.989 -0.0192 0.1468
vn 0.9909 -0.0373 -0.129
vn 0.1234 0.2073 0.9705
vn 0.047 0.7397 0.6713
vn -0.8001 -0.1448 0.5822
vn -0.7709 -0.1201 0.6256
vn -0.8445 -0.168 0.5085
vn -0.8035 -0.3364 0.4911
vn -0.8393 -0.4306 0.332
vn -0.8925 -0.4462 0.0659
vn -0.8615 -0.4444 -0.2457
vn -0.7035 -0.4618 -0.5402
vn -0.4321 -0.3303 -0.8391
vn -0.3018 -0.2292 -0.9254
vn -0.2382 -0.1753 -0.9553
vn -0.1826 -0.1213 -0.9757
vn 0.1132 -0.9177 0.3809
vn 0 -0.9612 0.2757
vn -0.1145 -0.906 0.4076
vn 0 -0.8805 0.474
vn -0.3246 -0.372 0.8696
vn -0.7035 -0.4618 0.5402
vn -0.8996 -0.4277 0.0886
vn -0.8723 -0.4376 -0.2181
vn -0.6537 -0.461 -0.6001
vn 0.0202 -0.9442 -0.3286
vn -0.3284 -0.4012 -0.8551
vn -0.0207 -0.3796 -0.9249
vn 0 -0.9466 -0.3225
vn 0.1883 -0.9819 0.0186
vn -0.6237 -0.7817 0
vn -0.9825 -0.1862 0
vn -0.0401 -0.2846 0.9578
vn -0.0431 -0.8987 0.4365
vn -0.0422 -0.9219 0.3851
vn -0.0417 -0.9321 -0.3598
vn -0.0427 -0.9108 -0.4107
vn -0.8763 -0.4813 -0.0216
vn -0.7607 -0.6491 0
vn -0.8847 -0.4641 0.0436
vn -0.0183 -0.1685 0.9855
vn -0.0219 -0.5326 0.8461
vn 0 -0.8184 0.5746
vn 0 -0.9828 -0.1849
vn 0 -0.8354 -0.5497
vn 0.7122 -0.6636 -0.229
vn 0.7041 -0.6809 0.2016
vn 0.4773 -0.4266 0.7682
vn -0.9437 -0.3302 -0.0202
vn -0.9862 -0.1655 0
vn -0.9855 -0.1685 -0.0183
vn -0.9373 -0.3426 -0.063
vn -0.9684 -0.2421 -0.0596
vn -0.9986 -0.0177 0.05
vn -0.864 -0.4991 -0.0671
vn -0.7715 -0.6359 -0.0224
vn -0.6584 -0.7523 -0.0224
vn -0.7061 -0.7047 -0.0695
vn -0.5696 -0.8207 0.0449
vn -0.1883 -0.9819 -0.0186
vn -0.2808 -0.9596 -0.0197
vn -0.471 -0.8796 0.0665
vn -0.7451 -0.5334 0.4004
vn -0.4426 -0.8624 0.2455
vn -0.1889 -0.8964 0.401
vn -0.1764 -0.9485 0.2632
vn -0.3516 -0.9122 0.2104
vn -0.3809 -0.9177 0.1132
vn -0.7893 -0.5591 0.2537
vn -0.6796 -0.7303 0.0694
vn -0.5196 -0.8461 0.119
vn -0.9061 -0.3328 0.261
vn -0.8614 -0.4794 0.1681
vn -0.5086 -0.8607 -0.0218
vn 0.0209 -0.9149 0.4031
vn -0.5171 -0.8331 -0.1965
vn 0.0194 -0.9661 -0.2576
vn -0.8863 -0.4543 0.0895
vn -0.1697 -0.8439 0.509
vn -0.8461 -0.5326 0.0219
vn -0.9848 -0.1558 0.0761
vn 0.0543 -0.9923 0.1109
vn 0.0186 -0.9819 -0.1883
vn -0.1212 -0.7907 -0.6001
vn -0.966 -0.0822 0.2453
vn -0.9662 -0.0182 0.2573
vn -0.9861 -0.1346 -0.0977
vn -0.8678 -0.3988 -0.2964
vn -0.8363 -0.4572 -0.3027
vn -0.2202 -0.4661 -0.8569
vn -0.3455 -0.1827 -0.9205
vn -0.9888 -0.1479 -0.0181
vn -0.8186 -0.4864 -0.3054
vn -0.5168 0.0457 -0.8549
vn -0.7996 -0.5156 -0.3078
vn -0.6152 -0.7828 -0.0933
vn -0.6344 -0.7727 -0.0224
vn -0.5179 -0.8543 -0.0443
vn -0.509 -0.8439 -0.1697
vn -0.3809 -0.9177 -0.1132
vn -0.0407 -0.9498 -0.3102
vn -0.2099 -0.9775 0.0189
vn 0.2997 -0.4279 -0.8527
vn -0.2624 -0.9641 0.0396
vn 0.2073 0.9705 -0.1234
vn -0.2312 0.9648 -0.1253
vn -0.8121 0.5713 -0.119
vn -0.9173 0.3821 -0.1117
vn -0.9945 -0.0523 -0.0912
vn -0.9551 -0.2761 -0.1073
vn -0.5364 -0.839 -0.0918
vn -0.3723 0.7201 -0.5856
vn -0.1828 0.3472 -0.9198
vn -0.4434 0.8854 -0.1392
vn 0.1865 -0.3715 -0.9095
vn -0.1054 -0.9944 0
vn -0.1266 -0.9918 -0.0178
vn -0.1072 -0.9941 -0.0175
vn -0.2757 -0.9612 0
vn -0.0883 -0.9959 -0.0172
vn -0.1466 -0.989 -0.018
vn -0.0868 -0.9962 0
vn -0.6584 -0.7523 0.0224
vn -0.0677 -0.9976 0.0169
vn -0.5746 -0.8184 0
vn -0.0883 -0.9959 0.0172
vn -0.751 -0.6599 0.0224
vn -0.2808 -0.9596 0.0197
vn -0.7401 -0.6725 0
vn 0.9787 -0.0996 0.1795
vn 0.8135 0.2806 -0.5094
vn 0.1932 0.4866 -0.852
vn 0.9997 0.0151 0.0171
vn 0.9995 -0.001 0.0323
vn 0.477 -0.7694 0.4247
vn 0.6584 -0.7523 0.0224
vn 0.5752 -0.6073 -0.5481
vn 0.5208 -0.7828 -0.3407
vn 0.2286 -0.7374 -0.6356
vn 0.2711 -0.4219 -0.8651
vn 0.0012 0.3214 0.9469
vn 0.0011 0.1631 0.9866
vn 0 -0.8005 0.5993
vn 0.0844 -0.943 -0.3218
vn 0.0183 -0.9858 -0.1672
vn 0.0167 -0.9986 0.05
vn 0.035 -0.9953 0.0898
vn 0.0344 -0.997 0.0688
vn 0.0169 -0.9976 0.0677
vn 0 -0.9962 0.0868
vn 0 -0.9896 0.1441
vn 0.6476 -0.762 0
vn -0.2016 -0.6809 0.7041
vn -0.5067 -0.7485 0.4277
vn -0.6848 -0.7283 0.0225
vn -0.6056 -0.5769 -0.5481
vn -0.5534 -0.759 -0.3431
vn -0.2568 -0.7211 -0.6435
vn -0.2964 -0.3988 -0.8678
vn 0 -0.3725 -0.928
vn 0.3544 -0.9284 -0.1118
vn 0.4776 -0.8624 -0.168
vn 0.6098 -0.7922 -0.0223
vn 0.8705 -0.4902 0.0439
vn 0.8186 -0.4864 -0.3054
vn 0.1948 -0.4871 -0.8513
vn 0.8527 -0.4279 -0.2997
vn 0.9827 -0.1561 -0.0992
vn 0.9855 -0.1685 -0.0183
vn -0.0517 -0.0528 -0.9973
vn -0.0162 -0.0172 -0.9997
vn -0.0159 -0.001 -0.9999
vn -0.0694 -0.7303 -0.6796
vn -0.0223 -0.6114 -0.791
vn -0.0666 -0.9978 0
vn -0.0183 -0.9858 -0.1672
vn -0.0561 -0.9868 -0.1518
vn -0.0666 -0.8778 -0.4743
vn -0.0214 -0.8907 -0.454
vn -0.0225 -0.7062 -0.7076
vn -0.0695 -0.7047 -0.7061
vn -0.0652 -0.42 -0.9052
vn -0.0212 -0.4301 -0.9025
vn -0.0178 -0.1254 -0.9919
vn -0.0552 -0.1323 -0.9897
vn -0.0689 -0.0355 -0.997
vn -0.0678 -0.018 -0.9975
vn -0.0655 -0.018 -0.9977
vn -0.0689 0.018 -0.9975
vn -0.052 0.035 -0.998
vn -0.035 0.052 -0.998
vn -0.0223 0.402 -0.9154
vn 0.001 0.0656 -0.9978
vn 0.035 0.052 -0.998
vn 0.052 0.035 -0.998
vn 0.051 0.0156 -0.9986
vn -0.1215 0.1841 0.9754
vn -0.1462 0.2109 0.9665
vn -0.3366 0.4929 0.8024
vn -0.339 0.5222 0.7825
vn -0.0344 0.0323 0.9989
vn -0.0338 0.0154 0.9993
vn -0.052 0.035 0.998
vn -0.0528 0.0528 0.9972
vn -0.0537 0.0712 0.996
vn -0.0546 0.0902 0.9944
vn -0.0554 0.1098 0.9924
vn -0.0192 0.1455 0.9892
vn 0.0367 0.1079 0.9935
vn 0.0192 0.1455 0.9892
vn 0.0356 0.0701 0.9969
vn 0.0361 0.0887 0.9954
vn 0.035 0.052 0.998
vn 0.0174 0.0318 0.9993
vn -0.1922 -0.9623 -0.1922
vn -0.1609 -0.9162 -0.367
vn -0.4674 -0.8052 -0.365
vn -0.3787 -0.8552 0.3539
vn -0.2571 -0.6713 0.6951
vn -0.0455 -0.7629 0.645
vn -0.063 -0.9379 0.3411
vn -0.0492 -0.9988 0
vn -0.0224 -0.7727 0.6344
vn -0.0202 -0.9442 0.3286
vn -0.0323 -0.9995 0
vn 0.0159 -0.9999 0
vn 0.0224 -0.7727 0.6344
vn 0.0412 -0.9414 0.3348
vn 0.0323 -0.9995 0
vn 0.0175 0.9993 -0.0339
vn 0.0011 0.9862 -0.1657
vn 0.0858 0.9433 -0.3206
vn -0.0344 0.9988 -0.0344
vn -0.1088 0.9389 -0.3264
vn -0.705 0.5383 -0.4617
vn -0.6842 -0.021 -0.729
vn -0.9986 0.0156 -0.051
vn -0.7472 -0.5085 0.4279
vn -0.6837 -0.3159 -0.6578
vn -0.729 0.0239 0.6841
vn -0.7034 -0.5418 -0.4601
vn -0.7513 0.2855 0.595
vn -0.6863 -0.712 -0.1482
vn -0.7484 0.5083 0.426
vn -0.6955 -0.697 0.1746
vn -0.7348 0.6623 0.1463
vn -0.7034 -0.5418 0.4601
vn -0.7571 0.6367 -0.146
vn -0.6837 -0.3159 0.6578
vn -0.7484 0.5083 -0.426
vn -0.745 0.2578 -0.6153
vn -0.9977 0.0158 0.0665
vn -0.6853 0.3159 0.6562
vn -0.729 -0.021 -0.6842
vn -0.705 0.5383 0.4617
vn -0.7499 -0.2856 -0.5967
vn -0.6873 0.7115 0.1465
vn -0.7472 -0.5085 -0.4279
vn -0.9993 0.0318 -0.0174
vn -0.7591 -0.6341 0.1476
vn -0.7456 -0.6432 0.1742
vn -0.8086 -0.5627 0.172
vn -0.8086 -0.5627 -0.172
vn -0.5109 -0.4595 -0.7265
vn -0.9935 0.0367 0.1079
vn -0.8457 0.0233 0.5332
vn -0.9892 0.0192 -0.1455
vn -0.3791 0.0194 0.9251
vn -0.8291 0.0235 -0.5587
vn -0.4386 -0.0226 -0.8984
vn -0.0724 0.0724 -0.9947
vn -0.7538 -0.6256 0.2008
vn -0.8158 -0.5434 0.1979
vn -0.507 -0.4296 0.7473
vn 0.0492 -0.001 -0.9988
vn 0.0509 -0.035 -0.9981
vn 0 -0.0333 -0.9994
vn 0.0517 -0.0528 -0.9973
vn 0.0368 -0.1505 -0.9879
vn 0.0431 -0.4381 -0.8979
vn 0.0456 -0.717 -0.6956
vn 0.0435 -0.8856 -0.4625
vn 0 -0.9864 -0.1642
vn 0.0367 -0.9881 -0.1492
vn 0.0492 -0.9988 0
vn 0.0456 -0.7417 -0.6691
vn 0.0339 -0.0519 -0.9981
vn 0.0169 -0.0688 -0.9975
vn 0 -0.0677 -0.9977
vn -0.0167 -0.0511 -0.9986
vn -0.0339 -0.0519 -0.9981
vn -0.0509 -0.035 -0.9981
vn 0.7196 -0.6721 0.1745
vn 0.7297 -0.6834 0.0225
vn 0.4847 -0.4863 -0.727
vn 0.7281 -0.6553 0.2014
vn 0.4813 -0.4566 0.7483
vn -0.4462 -0.0013 -0.895
vn -0.8376 -0.0461 -0.5444
vn -0.9909 -0.0373 -0.129
vn -0.9918 -0.0166 0.1265
vn 0.109 -0.9934 -0.0356
vn -0.4828 -0.871 -0.0904
vn -0.489 -0.8643 0.1179
vn 0.4617 -0.8793 0.1169
vn 0.4456 -0.8952 0
vn 0.4527 -0.8872 -0.0894
vn 0.0652 -0.42 -0.9052
vn -0.0677 -0.8471 -0.5271
vn -0.0886 -0.4277 -0.8996
vn -0.2681 -0.3931 -0.8796
vn -0.0844 -0.943 0.3218
vn -0.4547 -0.7496 -0.481
vn -0.4786 -0.2781 -0.8328
vn 0.0685 -0.8121 0.5795
vn -0.0688 -0.7931 0.6052
vn -0.4047 -0.6718 0.6204
vn -0.4846 -0.8197 0.3052
vn -0.8186 -0.4864 0.3054
vn -0.7483 -0.4829 -0.4549
vn -0.5446 -0.1962 -0.8154
vn -0.8365 -0.3043 -0.4557
vn 0.7902 0.6011 -0.1196
vn 0.9056 0.4088 -0.113
vn 0.9929 -0.0737 -0.0929
vn 0.9473 -0.3012 -0.1088
vn 0.5096 -0.8556 -0.0911
vn 0.426 -0.9004 -0.0885
vn -0.4527 -0.8872 -0.0894
vn -0.0785 -0.2 0.9766
vn -0.0609 0.2424 0.9683
vn -0.0811 0.2232 0.9714
vn 0.0192 -0.2335 0.9722
vn 0.0207 0.2565 0.9663
vn -0.4584 0.1914 0.8679
vn -0.9287 -0.1103 0.354
vn -0.4469 -0.4194 0.7902
vn -0.9009 -0.2114 0.379
vn -0.4631 -0.6259 0.6275
vn -0.8413 -0.3814 0.383
vn -0.8797 -0.2696 0.3917
vn -0.9331 -0.2956 0.2046
vn -0.4599 -0.7049 0.5399
vn 0.421 -0.0013 -0.907
vn 0.8213 0.0463 -0.5686
vn 0.9883 0.0379 -0.1481
vn 0.9924 0.0554 0.1098
vn 0.8386 0.046 0.5428
vn 0.429 -0.0225 -0.903
vn 0.6297 -0.49 -0.6028
vn 0.8296 -0.0696 -0.554
vn 0.9898 -0.0564 -0.1312
vn 0.8569 -0.4661 -0.2202
vn 0.8863 -0.4543 0.0895
vn 0.9909 -0.0373 0.129
vn 0.6808 -0.4913 0.5433
vn 0.0918 -0.839 -0.5364
vn 0.0903 -0.8729 -0.4795
vn 0.3284 -0.4012 -0.8551
vn -0.5621 0.4005 -0.7236
vn -0.9809 0.0786 -0.1778
vn 0.9811 -0.1776 -0.0773
vn 0.9332 -0.349 -0.0856
vn 0.6305 -0.7731 -0.0691
vn 0.471 -0.8796 -0.0665
vn 0.3473 -0.9338 -0.0855
vn 0.1545 -0.9851 -0.076
vn -0.0902 0.0546 -0.9944
vn 0.0384 -0.9761 -0.2137
vn 0.039 -0.9709 0.2363
vn 0.2662 0.3613 -0.8936
vn 0.3428 -0.7617 -0.5498
vn 0.1628 -0.3926 -0.9052
vn 0.4076 -0.906 -0.1145
vn 0.3725 -0.7434 0.5555
vn -0.9425 -0.3234 -0.0845
vn -0.6554 -0.7521 -0.0693
vn -0.9848 -0.1558 -0.0761
vn -0.5007 -0.863 -0.0671
vn -0.3733 -0.9237 -0.0866
vn -0.1762 -0.9813 -0.0772
vn -0.0172 -0.9959 -0.0883
vn 0.6352 0.0209 -0.772
vn 0.6606 0.0238 -0.7504
vn -0.5497 -0.8354 0
vn -0.0239 0.7069 0.7069
vn -0.1522 -0.2604 0.9534
vn -0.4025 -0.7209 0.5642
vn -0.4346 -0.8932 -0.1157
vn -0.3727 -0.7406 -0.5591
vn -0.1865 -0.3715 -0.9095
vn 0.1828 0.3472 -0.9198
vn -0.0977 -0.1346 -0.9861
vn -0.4631 -0.6259 -0.6275
vn -0.6239 -0.7278 -0.2847
vn -0.2695 -0.0208 -0.9628
vn 0.2518 0.0012 -0.9678
vn 0.0014 0.5737 0.819
vn 0.0012 0.205 0.9788
vn -0.0318 0.0174 0.9993
vn 0.4363 -0.2196 0.8726
vn 0 -0.5481 0.8364
vn -0.0887 0.0361 0.9954
vn -0.1778 0.0786 0.9809
vn -0.2109 0.1462 0.9665
vn -0.1439 0.1872 0.9717
vn -0.0667 -0.001 0.9978
vn -0.0174 0.0318 0.9993
vn 0.001 0.0656 0.9978
vn 0.6429 0.0952 -0.76
vn 0.3889 0.1362 -0.9112
vn 0.6074 0.2295 -0.7605
vn 0.5736 0.3133 -0.7568
vn 0.3502 0.2119 -0.9124
vn 0.31 0.2865 -0.9065
vn 0.5083 0.426 -0.7484
vn 0.426 0.5083 -0.7484
vn 0.2627 0.3332 -0.9055
vn 0.2119 0.3502 -0.9124
vn 0.3133 0.5736 -0.7568
vn 0.2295 0.6074 -0.7605
vn 0.1362 0.3889 -0.9112
vn 0.2286 -0.6373 -0.7359
vn 0.1391 -0.4131 -0.9
vn 0.3129 -0.6049 -0.7323
vn 0.4303 -0.5379 -0.7249
vn 0.2648 -0.3645 -0.8927
vn 0.5109 -0.4595 -0.7265
vn 0.5817 -0.3428 -0.7376
vn 0.3569 -0.2355 -0.904
vn 0.3939 -0.1613 -0.9049
vn 0.617 -0.2579 -0.7435
vn 0.4265 -0.09 -0.9
vn 0.1272 0.2557 -0.9584
vn 0.2496 0.47 -0.8466
vn 0.1253 0.2312 -0.9648
vn 0.1305 -0.281 -0.9508
vn 0.2169 -0.1969 -0.9561
vn 0.2457 -0.4444 -0.8615
vn 0.3784 -0.352 -0.8561
vn 0.2773 -0.106 -0.9549
vn 0.4702 -0.1437 -0.8708
vn 0.2709 0.0834 -0.959
vn 0.4629 0.1154 -0.8789
vn 0.2145 0.1697 -0.9619
vn 0.3717 0.3228 -0.8704
vn 0.2445 0.4125 -0.8775
vn 0.3034 0.0212 -0.9526
vn 0.4983 0.0013 -0.867
vn 0.508 -0.0204 -0.8611
vn 0.3106 -0.042 -0.9496
vn 0.2502 -0.502 -0.8279
vn 0.1286 -0.2559 -0.9581
vn -0.0891 0.4016 -0.9115
vn -0.1204 0.6528 -0.7479
vn -0.2568 0.5877 -0.7673
vn -0.0361 0.0887 -0.9954
vn -0.0183 0.0872 -0.996
vn -0.1595 0.3683 -0.9159
vn -0.0736 0.0917 -0.9931
vn -0.2356 0.3281 -0.9148
vn -0.3411 0.5513 -0.7614
vn -0.2865 0.31 -0.9065
vn -0.0917 0.0736 -0.9931
vn -0.1098 0.0554 -0.9924
vn -0.3332 0.2627 -0.9055
vn -0.5331 0.3986 -0.7463
vn -0.595 0.2855 -0.7513
vn -0.3719 0.1881 -0.909
vn -0.1255 0.0189 -0.9919
vn -0.4088 0.113 -0.9056
vn -0.6262 0.2025 -0.7529
vn -0.6576 0.0708 -0.7501
vn -0.1234 0.0011 -0.9924
vn -0.6607 -0.021 -0.7503
vn 0.0407 -0.3118 -0.9493
vn 0.0677 -0.5288 -0.8461
vn -0.0912 -0.5113 -0.8546
vn -0.0614 -0.2929 -0.9542
vn -0.2711 -0.4219 -0.8651
vn -0.2971 -0.0847 -0.9511
vn -0.1522 -0.2604 -0.9534
vn -0.4027 -0.3268 -0.855
vn -0.4895 -0.1195 -0.8638
vn -0.4817 0.0918 -0.8715
vn -0.2902 0.0626 -0.9549
vn -0.3955 0.2978 -0.8689
vn -0.2352 0.1485 -0.9605
vn -0.2694 0.3899 -0.8806
vn -0.1485 0.2352 -0.9605
vn -0.0918 0.4817 -0.8715
vn -0.0618 0.266 -0.962
vn 0.0686 0.4996 -0.8635
vn 0.0414 0.2849 -0.9577
vn 0.1071 -0.0164 -0.9941
vn 0.1061 0.0186 -0.9942
vn 0.1079 0.0367 -0.9935
vn 0.0917 0.0736 -0.9931
vn 0.0736 0.0917 -0.9931
vn 0.0554 0.1098 -0.9924
vn 0.0367 0.1079 -0.9935
vn 0.0186 0.1061 -0.9942
vn 0.0667 0.4205 -0.9049
vn 0.0954 0.6678 -0.7382
vn -0.1265 -0.0166 -0.9918
vn -0.4451 -0.0673 -0.8929
vn -0.129 -0.0373 -0.9909
vn -0.6662 -0.0954 -0.7396
vn -0.4143 -0.1376 -0.8996
vn -0.6361 -0.2303 -0.7364
vn -0.6035 -0.3147 -0.7326
vn -0.379 -0.2114 -0.9009
vn -0.1129 -0.0749 -0.9908
vn -0.5363 -0.432 -0.725
vn -0.4578 -0.5125 -0.7265
vn -0.2892 -0.3413 -0.8944
vn -0.0945 -0.0934 -0.9911
vn -0.0737 -0.114 -0.9907
vn -0.237 -0.3555 -0.9041
vn -0.3446 -0.5803 -0.7379
vn -0.2561 -0.6182 -0.7431
vn -0.1628 -0.3926 -0.9052
vn -0.0544 -0.1121 -0.9922
vn -0.0356 -0.1078 -0.9935
vn -0.1222 -0.6752 -0.7274
vn -0.0175 -0.106 -0.9942
vn -0.5144 -0.0204 -0.8573
vn -0.3214 0.0012 -0.9469
vn -0.329 -0.0215 -0.9441
vn -0.5236 0.0013 -0.852
vn -0.2754 0.4477 -0.8507
vn -0.1462 0.2109 -0.9665
vn 0.0659 -0.4462 -0.8925
vn 0.0939 -0.6914 -0.7163
vn 0.0178 -0.1254 -0.9919
vn 0.0362 -0.1301 -0.9908
vn 0.0552 -0.1323 -0.9897
vn 0.0737 -0.114 -0.9907
vn 0.0945 -0.0934 -0.9911
vn 0.111 -0.0555 -0.9923
vn 0.1089 -0.0344 -0.9935
vn -0.2091 0.3229 -0.9231
vn -0.2765 -0.48 -0.8326
vn -0.15 -0.2355 -0.9602
vn -0.2102 -0.3499 -0.9129
o weapon_offset__p0_c0
f 1/1/1 2/2/1 3/3/1
f 2/2/1 1/1/1 4/4/1
f 3/3/1 2/2/1 5/5/1
f 2/2/1 4/4/1 6/6/1
f 3/3/1 5/5/1 7/7/1
f 6/6/1 4/4/1 8/8/1
f 3/3/1 7/7/1 9/9/1
f 8/8/1 4/4/1 10/10/1
f 8/8/1 10/10/1 11/11/2
f 8/8/1 11/11/2 12/12/2
f 9/9/1 7/7/1 13/13/1
f 13/13/1 7/7/1 14/14/1
f 13/13/1 14/14/1 15/15/1
f 13/13/1 15/15/1 16/16/1
f 16/16/1 15/15/1 17/17/1
f 17/17/1 15/15/1 18/18/1
f 17/17/1 18/18/1 19/19/1
f 17/17/1 19/19/1 20/20/1
f 20/20/1 19/19/1 21/17/3
f 21/17/3 19/19/1 22/18/3
f 21/17/3 22/18/3 23/15/3
f 21/17/3 23/15/3 24/16/3
f 24/16/3 23/15/3 25/13/3
f 25/13/3 23/15/3 26/14/3
f 25/13/3 26/14/3 27/7/3
f 25/13/3 27/7/3 28/9/3
f 28/9/3 27/7/3 29/3/3
f 29/3/3 27/7/3 30/5/3
f 29/3/3 30/5/3 31/2/3
f 29/3/3 31/2/3 32/1/3
f 32/1/3 31/2/3 33/4/3
f 33/4/3 31/2/3 34/6/3
f 33/4/3 34/6/3 35/8/3
f 33/4/3 35/8/3 36/10/3
f 36/10/3 35/8/3 37/11/4
f 37/11/4 35/8/3 38/12/4
f 38/12/4 39/8/4 37/11/4
f 37/11/4 39/8/4 40/10/4
f 40/10/4 39/8/4 41/4/4
f 41/4/4 39/8/4 42/6/4
f 41/4/4 42/6/4 43/2/4
f 41/4/4 43/2/4 44/1/4
f 44/1/4 43/2/4 45/3/4
f 45/3/4 43/2/4 46/5/4
f 45/3/4 46/5/4 47/7/4
f 45/3/4 47/7/4 48/9/4
f 48/9/4 47/7/4 49/13/4
f 49/13/4 47/7/4 50/14/4
f 49/13/4 50/14/4 51/15/4
f 49/13/4 51/15/4 52/16/4
f 52/16/4 51/15/4 53/17/4
f 53/17/4 51/15/4 54/18/4
f 53/17/4 54/18/4 55/19/4
f 53/17/4 55/19/4 56/20/4
f 56/20/4 55/19/4 57/17/2
f 57/17/2 55/19/4 58/18/2
f 57/17/2 58/18/2 59/15/2
f 57/17/2 59/15/2 60/16/2
f 60/16/2 59/15/2 61/13/2
f 61/13/2 59/15/2 62/14/2
f 61/13/2 62/14/2 63/7/2
f 61/13/2 63/7/2 64/9/2
f 64/9/2 63/7/2 65/3/2
f 65/3/2 63/7/2 66/5/2
f 65/3/2 66/5/2 67/2/2
f 65/3/2 67/2/2 68/1/2
f 68/1/2 67/2/2 69/4/2
f 69/4/2 67/2/2 70/6/2
f 69/4/2 70/6/2 71/8/2
f 69/4/2 71/8/2 72/10/2
f 72/10/2 71/8/2 11/11/2
f 11/11/2 71/8/2 12/12/2
f 73/21/5 74/22/6 75/23/7
f 76/24/8 77/25/9 78/26/10
f 78/26/10 77/25/9 79/27/3
f 80/25/11 81/24/12 82/26/13
f 80/25/11 82/26/13 83/27/4
f 84/28/14 85/29/15 86/30/16
f 86/30/16 85/29/15 87/31/17
f 87/31/17 85/29/15 88/32/18
f 88/32/18 85/29/15 89/33/2
f 88/32/18 89/33/2 90/34/19
f 88/32/18 90/34/19 91/35/20
f 92/31/21 93/29/22 94/32/23
f 94/32/23 93/29/22 95/33/3
f 94/32/23 95/33/3 96/34/24
f 94/32/23 96/34/24 97/35/25
f 97/35/25 96/34/24 98/36/26
f 98/36/26 96/34/24 99/37/27
f 100/38/28 101/39/29 102/40/30
f 102/40/30 101/39/29 103/41/3
f 104/41/4 105/39/31 106/40/32
f 106/40/32 105/39/31 107/38/33
f 108/42/2 109/43/2 110/44/2
f 110/44/2 109/43/2 111/45/2
f 111/45/2 109/43/2 112/46/2
f 110/44/2 111/45/2 113/47/2
f 113/47/2 111/45/2 114/48/2
f 114/48/2 111/45/2 115/49/2
f 110/44/2 113/47/2 116/50/2
f 116/50/2 113/47/2 117/51/2
f 116/50/2 117/51/2 118/52/2
f 116/50/2 118/52/2 119/53/2
f 119/53/2 118/52/2 120/54/2
f 116/50/2 119/53/2 121/55/2
f 121/55/2 119/53/2 122/56/2
f 116/50/2 121/55/2 123/57/2
f 124/35/34 125/34/35 126/32/36
f 126/32/36 125/34/35 127/33/1
f 126/32/36 127/33/1 128/29/37
f 126/32/36 128/29/37 129/31/38
f 129/31/38 128/29/37 130/30/39
f 130/30/39 128/29/37 131/28/40
f 132/37/41 133/34/42 134/36/43
f 134/36/43 133/34/42 135/35/44
f 135/35/44 133/34/42 136/32/45
f 136/32/45 133/34/42 137/33/4
f 136/32/45 137/33/4 138/29/46
f 136/32/45 138/29/46 139/31/47
f 103/41/3 140/39/48 102/40/30
f 102/40/30 140/39/48 141/38/49
f 141/38/49 140/39/48 142/58/50
f 142/58/50 140/39/48 143/59/51
f 144/59/52 145/39/53 146/58/54
f 146/58/54 145/39/53 147/38/55
f 147/38/55 145/39/53 106/40/32
f 106/40/32 145/39/53 104/41/4
f 148/60/2 149/61/2 150/62/2
f 150/62/2 149/61/2 151/63/2
f 149/61/2 148/60/2 152/64/2
f 150/62/2 151/63/2 153/65/2
f 152/64/2 148/60/2 154/66/2
f 153/65/2 151/63/2 155/67/2
f 152/64/2 154/66/2 156/68/2
f 153/65/2 155/67/2 157/69/2
f 156/68/2 154/66/2 158/70/2
f 157/69/2 155/67/2 159/71/2
f 157/69/2 159/71/2 160/72/2
f 160/72/2 159/71/2 161/73/2
f 156/68/2 158/70/2 162/74/2
f 162/74/2 158/70/2 163/75/2
f 162/74/2 163/75/2 164/76/2
f 164/76/2 163/75/2 165/77/2
f 164/76/2 165/77/2 166/78/2
f 166/78/2 165/77/2 167/79/2
f 166/78/2 167/79/2 168/80/2
f 168/80/2 167/79/2 169/81/2
f 168/80/2 169/81/2 170/82/2
f 170/82/2 169/81/2 171/83/2
f 170/82/2 171/83/2 172/84/2
f 172/84/2 171/83/2 173/85/2
f 172/84/2 173/85/2 174/86/2
f 174/86/2 173/85/2 175/87/2
f 174/86/2 175/87/2 176/88/2
f 176/88/2 175/87/2 177/89/2
f 176/88/2 177/89/2 178/90/2
f 178/90/2 177/89/2 179/91/2
f 178/90/2 179/91/2 180/92/2
f 180/92/2 179/91/2 181/93/2
f 180/92/2 181/93/2 182/94/2
f 182/94/2 181/93/2 183/95/2
f 182/94/2 183/95/2 184/96/2
f 184/96/2 183/95/2 185/97/2
f 184/96/2 185/97/2 186/98/2
f 186/98/2 185/97/2 187/99/2
f 186/98/2 187/99/2 188/100/2
f 188/100/2 187/99/2 189/101/2
f 188/100/2 189/101/2 190/102/2
f 190/102/2 189/101/2 191/103/2
f 190/102/2 191/103/2 161/104/2
f 161/104/2 191/103/2 160/105/2
f 192/106/56 193/107/56 194/108/57
f 193/107/56 192/106/56 195/109/58
f 195/109/58 192/106/56 196/110/58
f 195/109/58 196/110/58 197/111/59
f 197/111/59 196/110/58 198/112/59
f 197/111/59 198/112/59 199/113/60
f 197/111/59 199/113/60 200/114/60
f 200/114/60 199/113/60 201/115/61
f 139/31/47 138/29/46 202/30/62
f 202/30/62 138/29/46 203/28/63
f 204/116/2 205/117/2 206/118/2
f 207/119/2 206/118/2 208/120/2
f 208/120/2 206/118/2 205/117/2
f 209/121/2 210/122/2 205/117/2
f 211/123/2 208/120/2 212/124/2
f 212/124/2 208/120/2 213/125/2
f 212/124/2 213/125/2 214/126/2
f 213/125/2 208/120/2 215/127/2
f 215/127/2 208/120/2 205/117/2
f 213/125/2 215/127/2 216/128/2
f 205/117/2 210/122/2 217/129/2
f 205/117/2 217/129/2 215/127/2
f 217/129/2 210/122/2 218/130/2
f 215/127/2 217/129/2 219/131/2
f 219/131/2 217/129/2 220/132/2
f 215/127/2 219/131/2 221/133/2
f 222/134/64 223/135/65 102/136/30
f 102/136/30 223/135/65 100/137/28
f 224/37/66 125/34/35 225/36/67
f 225/36/67 125/34/35 124/35/34
f 226/59/68 101/39/29 227/58/69
f 227/58/69 101/39/29 100/38/28
f 107/38/33 105/39/31 228/58/70
f 228/58/70 105/39/31 229/59/71
f 230/138/72 231/139/72 232/140/73
f 231/139/72 230/138/72 233/141/74
f 233/141/74 230/138/72 234/142/74
f 233/141/74 234/142/74 235/143/75
f 233/141/74 235/143/75 236/144/75
f 236/144/75 235/143/75 237/145/76
f 236/144/75 237/145/76 238/146/76
f 238/146/76 237/145/76 239/147/77
f 240/148/78 241/149/79 242/150/80
f 242/150/80 241/149/79 243/151/81
f 243/151/81 241/149/79 244/152/82
f 243/151/81 244/152/82 245/153/83
f 244/152/82 241/149/79 246/154/84
f 243/151/81 245/153/83 247/155/85
f 246/154/84 241/149/79 240/148/78
f 242/150/80 243/151/81 248/156/86
f 248/156/86 243/151/81 247/155/85
f 248/156/86 247/155/85 249/157/87
f 249/157/87 247/155/85 250/158/88
f 242/150/80 248/156/86 251/159/89
f 248/156/86 249/157/87 252/160/90
f 248/156/86 252/160/90 251/159/89
f 249/157/87 250/158/88 253/161/91
f 253/161/91 250/158/88 254/162/92
f 252/160/90 249/157/87 255/163/93
f 255/163/93 249/157/87 253/161/91
f 242/150/80 251/159/89 256/164/94
f 242/150/80 256/164/94 240/148/78
f 251/159/89 252/160/90 257/165/95
f 253/161/91 254/162/92 258/166/96
f 258/166/96 254/162/92 259/167/97
f 253/161/91 258/166/96 260/168/98
f 253/161/91 260/168/98 255/163/93
f 258/166/96 259/167/97 261/169/99
f 261/169/99 259/167/97 262/170/100
f 260/168/98 258/166/96 263/171/101
f 263/171/101 258/166/96 261/169/99
f 261/169/99 262/170/100 264/172/102
f 261/169/99 264/172/102 263/171/101
f 264/172/102 262/170/100 73/173/5
f 264/172/102 73/173/5 265/174/103
f 265/174/103 73/173/5 75/175/7
f 265/174/103 75/175/7 266/176/104
f 265/174/103 266/176/104 264/172/102
f 266/176/104 75/175/7 267/177/105
f 263/171/101 264/172/102 268/178/106
f 268/178/106 264/172/102 266/176/104
f 268/178/106 266/176/104 269/179/107
f 269/179/107 266/176/104 267/177/105
f 263/171/101 268/178/106 270/180/108
f 268/178/106 269/179/107 271/181/109
f 268/178/106 271/181/109 270/180/108
f 263/171/101 270/180/108 272/182/110
f 263/171/101 272/182/110 260/168/98
f 270/180/108 271/181/109 273/183/111
f 273/183/111 271/181/109 269/179/107
f 272/182/110 270/180/108 274/184/112
f 274/184/112 270/180/108 273/183/111
f 260/168/98 272/182/110 275/185/113
f 260/168/98 275/185/113 255/163/93
f 275/185/113 272/182/110 276/186/114
f 276/186/114 272/182/110 274/184/112
f 255/163/93 275/185/113 277/187/115
f 273/183/111 269/179/107 278/188/116
f 274/184/112 273/183/111 279/189/117
f 279/189/117 273/183/111 278/188/116
f 278/188/116 269/179/107 280/190/118
f 280/190/118 269/179/107 281/191/119
f 281/191/119 269/179/107 267/177/105
f 281/191/119 267/177/105 282/192/120
f 281/191/119 282/192/120 280/190/118
f 282/192/120 267/177/105 75/193/7
f 282/192/120 75/193/7 283/194/121
f 282/192/120 283/194/121 284/195/122
f 282/192/120 284/195/122 285/196/123
f 282/192/120 285/196/123 280/190/118
f 285/196/123 284/195/122 286/197/124
f 285/196/123 286/197/124 280/190/118
f 286/197/124 284/195/122 287/198/125
f 280/190/118 286/197/124 288/199/126
f 286/197/124 287/198/125 289/200/127
f 286/197/124 289/200/127 288/199/126
f 289/200/127 287/198/125 290/201/32
f 280/190/118 288/199/126 291/202/128
f 280/190/118 291/202/128 278/188/116
f 291/202/128 288/199/126 289/200/127
f 278/188/116 291/202/128 279/189/117
f 279/189/117 291/202/128 289/200/127
f 292/28/129 93/29/22 293/30/130
f 293/30/130 93/29/22 92/31/21
f 91/35/20 90/34/19 294/36/131
f 294/36/131 90/34/19 295/37/132
f 107/137/33 296/135/133 106/136/32
f 106/136/32 296/135/133 297/134/134
f 298/203/135 299/204/136 300/205/137
f 298/203/135 300/205/137 301/206/137
f 300/205/137 299/204/136 302/207/137
f 298/203/135 301/206/137 303/208/138
f 303/208/138 301/206/137 304/209/137
f 303/208/138 304/209/137 305/210/139
f 305/210/139 304/209/137 306/211/139
f 303/208/138 305/210/139 307/212/140
f 303/208/138 307/212/140 308/213/141
f 302/207/137 299/204/136 309/214/137
f 309/214/137 299/204/136 310/215/137
f 309/214/137 310/215/137 311/216/137
f 309/214/137 311/216/137 312/217/137
f 302/207/137 309/214/137 313/218/137
f 309/214/137 312/217/137 314/219/142
f 309/214/137 314/219/142 313/218/137
f 313/218/137 314/219/142 315/220/137
f 315/220/137 314/219/142 316/221/143
f 315/220/137 316/221/143 317/222/137
f 317/222/137 316/221/143 318/223/137
f 318/223/137 316/221/143 319/224/144
f 317/222/137 318/223/137 320/225/137
f 318/223/137 319/224/144 321/226/145
f 320/225/137 318/223/137 322/227/137
f 322/227/137 318/223/137 321/226/145
f 320/225/137 322/227/137 323/228/137
f 322/227/137 321/226/145 324/229/146
f 323/228/137 322/227/137 325/230/137
f 325/230/137 322/227/137 324/229/146
f 325/230/137 324/229/146 326/231/147
f 323/228/137 325/230/137 327/232/137
f 327/232/137 325/230/137 328/233/137
f 327/232/137 328/233/137 329/234/148
f 329/234/148 328/233/137 330/235/148
f 330/235/148 328/233/137 331/236/137
f 330/235/148 331/236/137 332/237/148
f 333/238/137 334/239/137 335/240/137
f 335/240/137 334/239/137 336/241/137
f 336/241/137 334/239/137 337/242/137
f 336/241/137 337/242/137 338/243/137
f 338/243/137 337/242/137 339/244/137
f 339/244/137 337/242/137 340/245/137
f 339/244/137 340/245/137 341/246/137
f 341/246/137 340/245/137 342/247/137
f 343/248/137 344/249/137 345/250/137
f 345/250/137 344/249/137 346/251/137
f 347/252/5 348/253/5 349/254/137
f 349/254/137 348/253/5 350/255/137
f 348/253/5 347/252/5 351/256/149
f 349/254/137 350/255/137 352/257/150
f 351/256/149 347/252/5 353/258/149
f 352/257/150 350/255/137 354/259/150
f 351/256/149 353/258/149 355/260/151
f 352/257/150 354/259/150 356/261/152
f 355/260/151 353/258/149 357/262/151
f 356/261/152 354/259/150 358/263/152
f 355/260/151 357/262/151 359/264/153
f 356/261/152 358/263/152 360/265/154
f 359/264/153 357/262/151 361/266/153
f 360/265/154 358/263/152 362/267/154
f 359/264/153 361/266/153 363/268/155
f 360/265/154 362/267/154 364/269/156
f 363/268/155 361/266/153 365/270/155
f 364/269/156 362/267/154 366/271/156
f 363/268/155 365/270/155 367/272/157
f 364/269/156 366/271/156 368/273/158
f 367/272/157 365/270/155 369/274/157
f 368/273/158 366/271/156 370/275/158
f 368/273/158 370/275/158 371/276/159
f 371/276/159 370/275/158 372/277/159
f 367/272/157 369/274/157 373/278/32
f 373/278/32 369/274/157 374/279/32
f 373/278/32 374/279/32 375/280/1
f 375/280/1 374/279/32 376/281/1
f 375/280/1 376/281/1 377/282/30
f 377/282/30 376/281/1 378/283/30
f 377/282/30 378/283/30 372/284/159
f 372/284/159 378/283/30 371/285/159
f 379/286/160 380/287/160 381/288/161
f 381/288/161 380/287/160 382/289/161
f 381/288/161 382/289/161 383/290/161
f 381/288/161 383/290/161 384/291/161
f 385/292/7 386/293/7 387/294/7
f 387/294/7 386/293/7 388/295/7
f 389/296/2 390/297/1 391/298/1
f 391/298/1 390/297/1 392/299/162
f 390/297/1 389/296/2 393/300/3
f 390/297/1 393/300/3 392/299/162
f 389/296/2 391/298/1 394/301/163
f 394/301/163 391/298/1 395/302/164
f 389/296/2 394/301/163 396/303/165
f 396/303/165 394/301/163 397/304/166
f 397/304/166 394/301/163 395/302/164
f 396/303/165 397/304/166 398/305/167
f 396/303/165 398/305/167 399/306/168
f 398/305/167 397/304/166 400/307/169
f 400/307/169 397/304/166 401/308/170
f 401/308/170 397/304/166 395/302/164
f 401/308/170 395/302/164 402/309/171
f 403/310/172 389/296/2 399/306/168
f 402/309/171 395/302/164 404/311/173
f 404/311/173 395/302/164 391/298/1
f 402/309/171 404/311/173 405/312/174
f 404/311/173 391/298/1 392/299/162
f 404/311/173 392/299/162 405/312/174
f 405/312/174 392/299/162 406/313/175
f 389/296/2 403/310/172 407/314/176
f 406/313/175 392/299/162 408/315/177
f 406/313/175 408/315/177 409/316/178
f 408/315/177 392/299/162 393/300/3
f 408/315/177 393/300/3 410/317/179
f 410/317/179 393/300/3 389/296/2
f 408/315/177 410/317/179 411/318/180
f 411/318/180 410/317/179 412/319/181
f 412/319/181 410/317/179 389/296/2
f 411/318/180 412/319/181 413/320/180
f 413/320/180 412/319/181 414/321/182
f 413/320/180 414/321/182 415/322/183
f 414/321/182 412/319/181 389/296/2
f 414/321/182 389/296/2 416/323/184
f 416/323/184 389/296/2 417/324/185
f 417/324/185 389/296/2 418/325/186
f 417/324/185 418/325/186 419/326/187
f 419/326/187 418/325/186 420/327/188
f 420/327/188 418/325/186 421/328/189
f 421/328/189 418/325/186 389/296/2
f 420/327/188 421/328/189 422/329/190
f 422/329/190 421/328/189 423/330/4
f 423/330/4 421/328/189 389/296/2
f 422/329/190 423/330/4 424/331/191
f 424/331/191 423/330/4 425/332/4
f 425/332/4 423/330/4 389/296/2
f 424/331/191 425/332/4 426/333/192
f 424/331/191 426/333/192 427/334/193
f 427/334/193 426/333/192 428/335/194
f 426/333/192 425/332/4 429/336/2
f 429/336/2 425/332/4 389/296/2
f 428/335/194 426/333/192 430/337/195
f 430/337/195 426/333/192 429/336/2
f 428/335/194 430/337/195 431/338/196
f 429/336/2 389/296/2 432/339/197
f 429/336/2 432/339/197 430/337/195
f 431/338/196 430/337/195 433/340/198
f 433/340/198 430/337/195 432/339/197
f 431/338/196 433/340/198 434/341/199
f 432/339/197 389/296/2 435/342/200
f 432/339/197 435/342/200 433/340/198
f 435/342/200 389/296/2 407/314/176
f 435/342/200 407/314/176 436/343/201
f 433/340/198 435/342/200 437/344/198
f 433/340/198 437/344/198 434/341/199
f 437/344/198 435/342/200 436/343/201
f 434/341/199 437/344/198 438/345/202
f 438/345/202 437/344/198 436/343/201
f 438/345/202 436/343/201 439/346/203
f 440/347/204 441/348/205 442/349/206
f 442/349/206 441/348/205 443/350/207
f 442/349/206 443/350/207 444/351/208
f 442/349/206 444/351/208 445/352/208
f 389/296/2 396/303/165 399/306/168
f 446/353/209 447/354/210 448/355/211
f 446/353/209 448/355/211 449/356/212
f 449/356/212 448/355/211 450/357/213
f 449/356/212 450/357/213 451/358/214
f 451/358/214 450/357/213 452/359/215
f 452/359/215 450/357/213 453/360/216
f 452/359/215 453/360/216 454/361/217
f 454/361/217 453/360/216 455/362/218
f 454/361/217 455/362/218 456/363/219
f 454/361/217 456/363/219 457/364/220
f 458/365/2 459/366/2 460/367/4
f 460/367/4 459/366/2 461/368/4
f 459/366/2 458/365/2 462/369/2
f 460/367/4 461/368/4 463/370/4
f 462/369/2 458/365/2 464/371/2
f 463/370/4 461/368/4 465/372/4
f 462/369/2 464/371/2 466/373/2
f 463/370/4 465/372/4 467/374/4
f 466/373/2 464/371/2 468/375/2
f 467/374/4 465/372/4 469/376/4
f 466/373/2 468/375/2 470/377/2
f 467/374/4 469/376/4 471/378/4
f 470/377/2 468/375/2 472/379/2
f 471/378/4 469/376/4 473/380/4
f 470/377/2 472/379/2 474/381/2
f 471/378/4 473/380/4 475/382/4
f 474/381/2 472/379/2 476/383/2
f 475/382/4 473/380/4 477/384/4
f 474/381/2 476/383/2 478/385/1
f 475/382/4 477/384/4 479/386/3
f 478/385/1 476/383/2 480/387/1
f 479/386/3 477/384/4 481/388/3
f 478/385/1 480/387/1 482/389/1
f 479/386/3 481/388/3 483/390/3
f 482/389/1 480/387/1 484/391/1
f 483/390/3 481/388/3 485/392/3
f 482/389/1 484/391/1 486/393/1
f 483/390/3 485/392/3 487/394/3
f 486/393/1 484/391/1 488/395/1
f 487/394/3 485/392/3 489/396/3
f 487/394/3 489/396/3 490/397/3
f 490/397/3 489/396/3 491/398/3
f 486/393/1 488/395/1 492/399/1
f 492/399/1 488/395/1 493/400/1
f 492/399/1 493/400/1 491/401/3
f 491/401/3 493/400/1 490/402/3
f 494/403/221 495/404/222 496/405/223
f 494/403/221 496/405/223 497/406/224
f 497/406/224 496/405/223 498/407/225
f 497/406/224 498/407/225 499/408/226
f 500/409/227 501/410/227 502/411/228
f 502/411/228 501/410/227 503/412/228
f 502/411/228 503/412/228 504/413/229
f 504/413/229 503/412/228 505/414/229
f 504/413/229 505/414/229 506/415/230
f 506/415/230 505/414/229 507/416/230
f 506/415/230 507/416/230 508/417/231
f 508/417/231 507/416/230 509/418/231
f 508/417/231 509/418/231 510/419/232
f 510/419/232 509/418/231 511/420/232
f 510/419/232 511/420/232 512/421/233
f 512/421/233 511/420/232 513/422/233
f 512/421/233 513/422/233 514/423/234
f 514/423/234 513/422/233 515/424/234
f 514/423/234 515/424/234 516/425/235
f 516/425/235 515/424/234 517/426/235
f 516/425/235 517/426/235 518/427/236
f 518/427/236 517/426/235 519/428/236
f 411/318/180 409/316/178 408/315/177
f 409/316/178 411/318/180 520/429/237
f 520/429/237 411/318/180 413/320/180
f 520/429/237 413/320/180 521/430/238
f 521/430/238 413/320/180 415/322/183
f 521/430/238 415/322/183 522/431/239
f 495/432/222 494/433/221 523/434/240
f 523/434/240 494/433/221 524/435/88
f 524/435/88 494/433/221 497/436/224
f 524/435/88 497/436/224 525/437/241
f 525/437/241 497/436/224 526/438/242
f 526/438/242 497/436/224 499/439/226
f 501/410/227 500/409/227 527/440/243
f 527/440/243 500/409/227 528/441/243
f 527/440/243 528/441/243 529/442/244
f 529/442/244 528/441/243 530/443/244
f 529/442/244 530/443/244 531/444/245
f 531/444/245 530/443/244 532/445/245
f 531/444/245 532/445/245 533/446/246
f 533/446/246 532/445/245 534/447/246
f 533/446/246 534/447/246 535/448/247
f 535/448/247 534/447/246 536/449/247
f 535/448/247 536/449/247 537/450/248
f 537/450/248 536/449/247 538/451/248
f 537/450/248 538/451/248 539/452/249
f 539/452/249 538/451/248 540/453/249
f 539/452/249 540/453/249 541/454/250
f 541/454/250 540/453/249 542/455/250
f 543/456/251 544/457/252 545/458/251
f 545/458/251 544/457/252 546/459/251
f 544/457/252 543/456/251 547/460/251
f 546/459/251 544/457/252 548/461/251
f 544/457/252 547/460/251 549/462/251
f 548/461/251 544/457/252 550/463/252
f 544/457/252 549/462/251 551/464/252
f 544/457/252 551/464/252 550/463/252
f 552/465/253 553/466/254 554/467/255
f 552/465/253 554/467/255 555/468/256
f 552/465/253 555/468/256 556/469/257
f 556/469/257 555/468/256 557/470/258
f 556/469/257 557/470/258 558/471/259
f 558/471/259 557/470/258 559/472/260
f 560/473/261 561/474/262 562/475/241
f 562/475/241 561/474/262 563/476/241
f 564/477/263 441/348/205 565/478/263
f 565/478/263 441/348/205 440/347/204
f 545/458/264 566/479/265 543/456/266
f 543/456/266 566/479/265 567/480/267
f 543/456/266 567/480/267 547/460/268
f 547/460/268 567/480/267 568/481/269
f 566/479/265 545/458/264 569/482/270
f 569/482/270 545/458/264 546/459/271
f 569/482/270 546/459/271 570/483/272
f 570/483/272 546/459/271 548/461/273
f 570/483/272 548/461/273 571/484/274
f 571/484/274 548/461/273 550/463/275
f 572/485/276 573/486/277 574/487/278
f 575/488/279 576/489/280 574/487/278
f 574/487/278 576/489/280 577/490/281
f 574/487/278 577/490/281 578/491/45
f 578/491/45 577/490/281 579/492/282
f 578/491/45 579/492/282 580/493/2
f 581/494/283 582/495/284 583/496/285
f 583/496/285 582/495/284 584/497/286
f 583/496/285 584/497/286 585/498/287
f 583/496/285 585/498/287 586/499/288
f 587/500/289 588/501/290 589/502/290
f 587/500/289 589/502/290 590/503/291
f 587/500/289 590/503/291 591/504/292
f 590/503/291 589/502/290 592/505/293
f 592/505/293 589/502/290 588/501/290
f 587/500/289 591/504/292 593/506/294
f 593/506/294 591/504/292 594/507/295
f 593/506/294 594/507/295 595/508/296
f 593/506/294 595/508/296 596/509/297
f 593/506/294 596/509/297 597/510/280
f 592/505/293 588/501/290 598/511/298
f 592/505/293 598/511/298 443/350/299
f 592/505/293 443/350/299 441/348/300
f 443/350/299 598/511/298 599/512/301
f 443/350/299 599/512/301 444/351/301
f 598/511/298 588/501/290 600/513/302
f 601/514/287 602/515/303 603/516/304
f 603/516/304 602/515/303 604/517/305
f 603/516/304 604/517/305 605/518/306
f 605/518/306 604/517/305 606/519/307
f 605/518/306 606/519/307 607/520/308
f 607/520/308 606/519/307 608/521/309
f 609/522/308 610/523/310 611/524/306
f 611/524/306 610/523/310 612/525/311
f 611/524/306 612/525/311 613/526/304
f 612/525/311 610/523/310 614/527/312
f 614/527/312 610/523/310 615/528/313
f 612/525/311 614/527/312 616/529/314
f 613/526/304 612/525/311 617/530/315
f 617/530/315 612/525/311 616/529/314
f 613/526/304 617/530/315 618/531/287
f 617/530/315 616/529/314 619/532/316
f 618/531/287 617/530/315 620/533/317
f 620/533/317 617/530/315 619/532/316
f 621/534/318 622/535/318 623/536/2
f 623/536/2 622/535/318 624/537/2
f 623/538/2 624/539/2 625/540/319
f 625/540/319 624/539/2 626/541/319
f 592/505/293 441/348/300 564/477/320
f 592/505/293 564/477/320 627/542/320
f 628/543/321 629/544/322 56/20/290
f 56/20/290 629/544/322 53/17/323
f 629/544/322 628/543/321 630/545/324
f 629/544/322 630/545/324 631/546/325
f 632/547/326 633/548/327 634/549/328
f 634/549/328 633/548/327 635/550/329
f 634/549/328 635/550/329 636/551/330
f 636/551/330 635/550/329 637/552/331
f 636/551/330 637/552/331 638/553/332
f 638/553/332 637/552/331 639/554/333
f 638/553/332 639/554/333 640/555/334
f 640/555/334 639/554/333 641/556/335
f 640/555/334 641/556/335 642/557/336
f 642/557/336 641/556/335 643/558/337
f 642/557/336 643/558/337 644/559/2
f 644/559/2 643/558/337 645/560/338
f 644/559/2 645/560/338 646/561/339
f 646/561/339 645/560/338 647/562/340
f 646/561/339 647/562/340 648/563/341
f 648/563/341 647/562/340 649/564/342
f 648/563/341 649/564/342 650/565/343
f 650/565/343 649/564/342 651/566/344
f 650/565/343 651/566/344 632/567/326
f 632/567/326 651/566/344 633/568/327
f 652/569/345 653/570/346 654/571/347
f 653/570/346 652/569/345 655/572/348
f 654/571/347 653/570/346 656/573/349
f 654/571/347 656/573/349 657/574/350
f 654/571/347 657/574/350 658/575/351
f 656/573/349 653/570/346 68/1/352
f 656/573/349 68/1/352 657/574/350
f 68/1/352 653/570/346 65/3/353
f 65/3/353 653/570/346 64/9/354
f 657/574/350 68/1/352 69/4/355
f 658/575/351 657/574/350 659/576/356
f 657/574/350 69/4/355 72/10/357
f 64/9/354 653/570/346 660/577/358
f 660/577/358 653/570/346 655/572/348
f 659/576/356 657/574/350 661/578/359
f 661/578/359 657/574/350 72/10/357
f 659/576/356 661/578/359 662/579/360
f 662/579/360 661/578/359 72/10/357
f 659/576/356 662/579/360 663/580/361
f 662/579/360 72/10/357 11/11/362
f 660/577/358 655/572/348 664/581/363
f 660/577/358 664/581/363 64/9/354
f 664/581/363 655/572/348 665/582/364
f 64/9/354 664/581/363 61/13/365
f 664/581/363 665/582/364 666/583/366
f 61/13/365 664/581/363 60/16/367
f 664/581/363 666/583/366 667/584/368
f 664/581/363 667/584/368 60/16/367
f 667/584/368 666/583/366 668/544/369
f 667/584/368 668/544/369 60/16/367
f 668/544/369 666/583/366 669/546/370
f 60/16/367 668/544/369 57/17/371
f 668/544/369 669/546/370 630/545/324
f 57/17/371 668/544/369 56/20/290
f 668/544/369 630/545/324 628/543/321
f 668/544/369 628/543/321 56/20/290
f 419/326/187 420/327/188 670/585/372
f 670/585/372 420/327/188 671/586/373
f 671/586/373 420/327/188 422/329/190
f 671/586/373 422/329/190 672/587/374
f 672/587/374 422/329/190 424/331/191
f 672/587/374 424/331/191 427/334/193
f 673/588/2 674/589/2 675/590/2
f 675/590/2 674/589/2 676/591/2
f 677/592/2 678/593/2 679/594/2
f 679/594/2 678/593/2 680/595/2
f 53/17/323 629/544/322 52/16/375
f 52/16/375 629/544/322 681/584/376
f 681/584/376 629/544/322 682/583/377
f 682/583/377 629/544/322 631/546/325
f 52/16/375 681/584/376 683/581/378
f 683/581/378 681/584/376 682/583/377
f 52/16/375 683/581/378 49/13/379
f 683/581/378 682/583/377 684/582/380
f 49/13/379 683/581/378 48/9/381
f 683/581/378 684/582/380 685/572/382
f 48/9/381 683/581/378 686/577/383
f 686/577/383 683/581/378 685/572/382
f 48/9/381 686/577/383 687/570/384
f 687/570/384 686/577/383 685/572/382
f 48/9/381 687/570/384 45/3/385
f 687/570/384 685/572/382 688/569/386
f 45/3/385 687/570/384 44/1/387
f 687/570/384 688/569/386 689/571/388
f 44/1/387 687/570/384 690/573/389
f 690/573/389 687/570/384 689/571/388
f 44/1/387 690/573/389 691/574/390
f 691/574/390 690/573/389 689/571/388
f 44/1/387 691/574/390 41/4/391
f 691/574/390 689/571/388 692/575/392
f 41/4/391 691/574/390 40/10/393
f 691/574/390 692/575/392 693/576/394
f 40/10/393 691/574/390 694/578/395
f 694/578/395 691/574/390 693/576/394
f 40/10/393 694/578/395 695/579/396
f 695/579/396 694/578/395 693/576/394
f 40/10/393 695/579/396 37/11/397
f 695/579/396 693/576/394 696/580/398
f 697/547/399 698/548/400 699/549/4
f 699/549/4 698/548/400 700/550/401
f 699/549/4 700/550/401 701/551/402
f 701/551/402 700/550/401 702/552/403
f 703/596/2 704/597/2 705/598/2
f 705/598/2 704/597/2 706/599/2
f 707/600/404 562/601/404 708/602/404
f 708/602/404 562/601/404 563/603/404
f 709/604/405 710/605/405 711/606/406
f 711/606/406 710/605/405 712/607/406
f 711/606/406 712/607/406 713/608/407
f 713/608/407 712/607/406 714/609/407
f 713/608/407 714/609/407 715/610/408
f 715/610/408 714/609/407 716/611/408
f 717/612/1 718/613/3 719/614/2
f 719/614/2 718/613/3 720/615/2
f 718/613/3 717/612/1 721/616/1
f 720/615/2 718/613/3 722/617/2
f 718/613/3 721/616/1 723/618/3
f 722/617/2 718/613/3 724/619/4
f 718/613/3 723/618/3 725/620/3
f 724/619/4 718/613/3 726/621/4
f 718/613/3 725/620/3 727/622/4
f 718/613/3 727/622/4 726/621/4
f 715/610/408 716/611/408 728/623/409
f 728/623/409 716/611/408 729/624/409
f 728/623/409 729/624/409 730/625/410
f 730/625/410 729/624/409 731/626/410
f 732/627/2 733/628/1 734/629/2
f 733/628/1 732/627/2 735/630/2
f 733/628/1 735/630/2 736/631/1
f 733/628/1 736/631/1 737/632/1
f 733/628/1 737/632/1 738/633/1
f 739/634/411 740/635/412 741/636/413
f 740/635/412 739/634/411 742/637/414
f 741/636/413 740/635/412 743/638/415
f 741/636/413 743/638/415 582/495/284
f 741/636/413 582/495/284 581/494/283
f 582/495/284 743/638/415 744/639/416
f 744/639/416 743/638/415 740/635/412
f 582/495/284 744/639/416 745/640/417
f 744/639/416 740/635/412 746/641/418
f 582/495/284 745/640/417 747/642/419
f 582/495/284 747/642/419 584/497/286
f 584/497/286 747/642/419 585/498/287
f 585/498/287 747/642/419 748/643/420
f 746/641/418 740/635/412 749/644/421
f 749/644/421 740/635/412 750/645/422
f 750/645/422 740/635/412 742/637/414
f 749/644/421 750/645/422 751/646/423
f 751/646/423 750/645/422 742/637/414
f 751/646/423 742/637/414 752/647/424
f 749/644/421 751/646/423 753/648/425
f 753/648/425 751/646/423 754/649/426
f 754/649/426 751/646/423 755/650/427
f 756/651/428 757/652/429 758/653/430
f 758/653/430 757/652/429 759/654/431
f 757/652/429 756/651/428 760/655/432
f 759/654/431 757/652/429 761/656/154
f 761/656/154 757/652/429 760/655/432
f 760/655/432 756/651/428 762/657/433
f 759/654/431 761/656/154 763/658/434
f 761/656/154 760/655/432 764/659/435
f 759/654/431 763/658/434 765/660/436
f 765/660/436 763/658/434 766/661/260
f 765/660/436 766/661/260 767/662/260
f 766/661/260 763/658/434 768/663/260
f 768/663/260 763/658/434 769/664/437
f 768/663/260 769/664/437 770/665/438
f 768/663/260 770/665/438 771/666/260
f 770/665/438 769/664/437 772/667/439
f 772/667/439 769/664/437 773/668/440
f 772/667/439 773/668/440 774/669/441
f 774/669/441 773/668/440 775/670/442
f 775/670/442 773/668/440 776/671/443
f 775/670/442 776/671/443 777/672/444
f 777/672/444 776/671/443 778/673/445
f 777/672/444 778/673/445 779/674/446
f 779/674/446 778/673/445 780/675/446
f 780/675/446 778/673/445 781/676/447
f 782/677/2 783/678/2 784/679/2
f 784/679/2 783/678/2 785/680/2
f 786/681/2 787/682/2 784/679/2
f 786/681/2 784/679/2 785/680/2
f 788/683/2 789/684/2 786/681/2
f 788/683/2 786/681/2 790/685/2
f 790/685/2 786/681/2 785/680/2
f 790/685/2 785/680/2 791/686/2
f 792/687/2 793/688/2 785/680/2
f 785/680/2 793/688/2 794/689/2
f 785/680/2 794/689/2 791/686/2
f 794/689/2 793/688/2 795/690/2
f 794/689/2 795/690/2 796/691/2
f 796/691/2 795/690/2 797/692/2
f 796/691/2 797/692/2 798/693/2
f 796/691/2 798/693/2 799/694/2
f 799/694/2 798/693/2 800/695/2
f 799/694/2 800/695/2 801/696/2
f 802/697/2 791/686/2 794/689/2
f 791/686/2 802/697/2 803/698/2
f 804/699/2 794/689/2 805/700/2
f 794/689/2 804/699/2 802/697/2
f 802/697/2 804/699/2 806/701/2
f 806/701/2 804/699/2 807/702/2
f 802/697/2 806/701/2 808/703/2
f 803/698/2 802/697/2 809/704/2
f 809/704/2 802/697/2 810/705/2
f 803/698/2 809/704/2 811/706/2
f 604/517/305 602/515/303 812/707/448
f 812/707/448 602/515/303 813/708/449
f 604/517/305 812/707/448 814/709/450
f 604/517/305 814/709/450 606/519/307
f 606/519/307 814/709/450 815/710/451
f 606/519/307 815/710/451 608/521/309
f 816/711/452 817/712/453 818/713/454
f 818/713/454 817/712/453 819/714/455
f 817/712/453 816/711/452 585/715/287
f 817/712/453 585/715/287 748/716/420
f 585/715/287 816/711/452 820/717/456
f 585/715/287 820/717/456 586/718/288
f 820/717/456 816/711/452 818/713/454
f 820/717/456 818/713/454 821/719/457
f 818/713/454 819/714/455 822/720/458
f 821/719/457 818/713/454 823/721/459
f 818/713/454 822/720/458 824/722/460
f 818/713/454 824/722/460 823/721/459
f 824/722/460 822/720/458 825/723/461
f 824/722/460 825/723/461 823/721/459
f 825/723/461 822/720/458 826/724/462
f 823/721/459 825/723/461 827/725/463
f 825/723/461 826/724/462 828/726/464
f 827/725/463 825/723/461 829/727/465
f 825/723/461 828/726/464 830/728/466
f 825/723/461 830/728/466 829/727/465
f 830/728/466 828/726/464 831/729/467
f 830/728/466 831/729/467 829/727/465
f 831/729/467 828/726/464 832/730/468
f 829/727/465 831/729/467 833/731/469
f 831/729/467 832/730/468 834/732/470
f 833/731/469 831/729/467 835/733/471
f 831/729/467 834/732/470 836/734/472
f 831/729/467 836/734/472 835/733/471
f 836/734/472 834/732/470 837/735/473
f 836/734/472 837/735/473 835/733/471
f 837/735/473 834/732/470 838/736/474
f 835/733/471 837/735/473 839/737/475
f 840/738/476 841/739/477 842/740/293
f 842/740/293 841/739/477 843/741/478
f 843/741/478 841/739/477 415/742/183
f 415/742/183 841/739/477 522/743/239
f 844/744/280 845/745/479 846/746/480
f 846/746/480 845/745/479 847/747/481
f 846/746/480 847/747/481 848/748/482
f 848/748/482 847/747/481 849/749/483
f 848/748/482 849/749/483 846/746/480
f 846/746/480 849/749/483 850/750/334
f 849/749/483 847/747/481 851/751/484
f 850/750/334 849/749/483 600/513/302
f 600/513/302 849/749/483 851/751/484
f 600/513/302 851/751/484 852/752/485
f 771/666/137 853/753/137 768/663/137
f 768/663/137 853/753/137 854/754/137
f 768/663/137 854/754/137 855/755/137
f 768/663/137 855/755/137 766/661/137
f 766/661/137 855/755/137 856/756/137
f 766/661/137 856/756/137 767/662/137
f 857/757/2 858/758/2 859/759/2
f 859/759/2 858/758/2 860/760/2
f 858/758/2 857/757/2 861/761/2
f 859/759/2 860/760/2 862/762/2
f 861/761/2 857/757/2 863/763/2
f 862/762/2 860/760/2 864/764/2
f 861/761/2 863/763/2 865/765/2
f 862/762/2 864/764/2 866/766/2
f 865/765/2 863/763/2 867/767/2
f 866/766/2 864/764/2 868/768/2
f 865/765/2 867/767/2 869/769/2
f 866/766/2 868/768/2 870/770/2
f 869/769/2 867/767/2 871/771/2
f 870/770/2 868/768/2 872/772/2
f 869/769/2 871/771/2 873/773/2
f 870/770/2 872/772/2 874/774/2
f 873/773/2 871/771/2 875/775/2
f 874/774/2 872/772/2 876/776/2
f 873/773/2 875/775/2 877/777/2
f 874/774/2 876/776/2 878/778/2
f 877/777/2 875/775/2 879/779/2
f 878/778/2 876/776/2 880/780/2
f 877/777/2 879/779/2 881/781/2
f 878/778/2 880/780/2 882/782/2
f 881/781/2 879/779/2 883/783/2
f 882/782/2 880/780/2 884/784/2
f 882/782/2 884/784/2 885/785/2
f 885/785/2 884/784/2 886/786/2
f 881/781/2 883/783/2 887/787/2
f 887/787/2 883/783/2 888/788/2
f 887/787/2 888/788/2 889/789/2
f 889/789/2 888/788/2 890/790/2
f 889/789/2 890/790/2 891/791/2
f 891/791/2 890/790/2 892/792/2
f 891/791/2 892/792/2 893/793/2
f 893/793/2 892/792/2 894/794/2
f 893/793/2 894/794/2 895/795/2
f 895/795/2 894/794/2 896/796/2
f 895/795/2 896/796/2 897/797/2
f 897/797/2 896/796/2 898/798/2
f 897/797/2 898/798/2 899/799/2
f 899/799/2 898/798/2 900/800/2
f 899/799/2 900/800/2 901/801/2
f 901/801/2 900/800/2 902/802/2
f 901/801/2 902/802/2 903/803/2
f 903/803/2 902/802/2 904/804/2
f 903/803/2 904/804/2 905/805/2
f 905/805/2 904/804/2 906/806/2
f 905/805/2 906/806/2 907/807/2
f 907/807/2 906/806/2 908/808/2
f 907/807/2 908/808/2 909/809/2
f 909/809/2 908/808/2 910/810/2
f 911/811/2 912/812/2 913/813/2
f 913/813/2 912/812/2 914/814/2
f 913/813/2 914/814/2 910/815/2
f 910/815/2 914/814/2 909/816/2
f 912/812/2 911/811/2 915/817/2
f 915/817/2 911/811/2 916/818/2
f 915/817/2 916/818/2 917/819/2
f 917/819/2 916/818/2 918/820/2
f 917/819/2 918/820/2 919/821/2
f 919/821/2 918/820/2 920/822/2
f 919/821/2 920/822/2 921/823/2
f 921/823/2 920/822/2 922/824/2
f 921/823/2 922/824/2 923/825/2
f 923/825/2 922/824/2 924/826/2
f 923/825/2 924/826/2 925/827/2
f 925/827/2 924/826/2 926/828/2
f 925/827/2 926/828/2 927/829/2
f 927/829/2 926/828/2 928/830/2
f 927/829/2 928/830/2 929/831/2
f 929/831/2 928/830/2 930/832/2
f 929/831/2 930/832/2 931/833/2
f 931/833/2 930/832/2 932/834/2
f 931/833/2 932/834/2 933/835/2
f 933/835/2 932/834/2 934/836/2
f 933/835/2 934/836/2 935/837/2
f 935/837/2 934/836/2 936/838/2
f 935/837/2 936/838/2 937/839/2
f 937/839/2 936/838/2 938/840/2
f 937/839/2 938/840/2 939/841/2
f 939/841/2 938/840/2 940/842/2
f 939/841/2 940/842/2 941/843/2
f 941/843/2 940/842/2 942/844/2
f 941/843/2 942/844/2 943/845/2
f 943/845/2 942/844/2 944/846/2
f 943/845/2 944/846/2 945/847/2
f 945/847/2 944/846/2 946/848/2
f 945/847/2 946/848/2 947/849/2
f 947/849/2 946/848/2 948/850/2
f 947/849/2 948/850/2 949/851/2
f 949/851/2 948/850/2 950/852/2
f 949/851/2 950/852/2 951/853/2
f 951/853/2 950/852/2 952/854/2
f 951/853/2 952/854/2 953/855/2
f 953/855/2 952/854/2 954/856/2
f 953/855/2 954/856/2 955/857/2
f 955/857/2 954/856/2 956/858/2
f 955/857/2 956/858/2 957/859/2
f 957/859/2 956/858/2 958/860/2
f 957/859/2 958/860/2 959/861/2
f 959/861/2 958/860/2 960/862/2
f 959/861/2 960/862/2 961/863/2
f 961/863/2 960/862/2 962/864/2
f 961/863/2 962/864/2 963/865/2
f 963/865/2 962/864/2 878/866/2
f 963/865/2 878/866/2 964/867/2
f 964/867/2 878/866/2 882/868/2
f 964/867/2 882/868/2 965/869/2
f 965/869/2 882/868/2 885/870/2
f 541/454/250 542/455/250 519/871/236
f 519/871/236 542/455/250 518/872/236
f 966/873/2 967/874/2 968/875/2
f 968/875/2 967/874/2 969/876/2
f 970/592/2 971/593/2 972/594/2
f 972/594/2 971/593/2 973/595/2
f 974/877/486 975/878/487 590/503/291
f 590/503/291 975/878/487 591/504/292
f 591/504/292 975/878/487 595/508/296
f 591/504/292 595/508/296 594/507/295
f 719/614/488 976/879/489 717/612/490
f 717/612/490 976/879/489 977/880/491
f 717/612/490 977/880/491 721/616/492
f 721/616/492 977/880/491 978/881/493
f 976/879/489 719/614/488 979/882/494
f 979/882/494 719/614/488 720/615/495
f 979/882/494 720/615/495 980/883/496
f 980/883/496 720/615/495 722/617/497
f 981/884/498 982/885/499 983/886/500
f 983/886/500 982/885/499 984/887/500
f 983/886/500 984/887/500 985/888/501
f 985/888/501 984/887/500 986/889/501
f 985/888/501 986/889/501 987/890/502
f 987/890/502 986/889/501 988/891/502
f 989/892/503 990/893/503 981/884/498
f 981/884/498 990/893/503 982/885/499
f 547/460/268 568/481/269 549/462/504
f 549/462/504 568/481/269 991/894/505
f 549/462/504 991/894/505 551/464/506
f 551/464/506 991/894/505 992/895/507
f 551/464/506 992/895/507 550/463/275
f 550/463/275 992/895/507 571/484/274
f 993/896/508 835/897/471 839/898/475
f 835/897/471 993/896/508 833/899/469
f 833/899/469 993/896/508 829/900/465
f 829/900/465 993/896/508 827/901/463
f 827/901/463 993/896/508 823/902/459
f 823/902/459 993/896/508 821/903/457
f 821/903/457 993/896/508 820/904/456
f 820/904/456 993/896/508 586/905/288
f 583/906/285 586/907/288 993/908/508
f 583/906/285 993/908/508 581/909/283
f 581/909/283 993/908/508 741/910/413
f 741/910/413 993/908/508 739/911/411
f 739/911/411 993/908/508 742/912/414
f 742/912/414 993/908/508 752/913/424
f 752/913/424 993/908/508 994/914/509
f 994/914/509 993/908/508 839/915/475
f 995/355/510 996/356/511 997/357/512
f 996/356/511 995/355/510 998/353/513
f 998/353/513 995/355/510 999/354/514
f 997/357/512 996/356/511 1000/358/515
f 997/357/512 1000/358/515 1001/359/516
f 997/357/512 1001/359/516 1002/360/517
f 1002/360/517 1001/359/516 1003/361/518
f 1002/360/517 1003/361/518 1004/362/519
f 1004/362/519 1003/361/518 1005/363/520
f 1005/363/520 1003/361/518 1006/364/521
f 566/916/265 1007/917/522 567/918/267
f 567/918/267 1007/917/522 1008/919/523
f 567/918/267 1008/919/523 568/920/269
f 568/920/269 1008/919/523 1009/921/524
f 987/890/502 988/891/502 1010/922/525
f 1010/922/525 988/891/502 1011/923/525
f 599/512/526 598/511/526 852/752/526
f 852/752/526 598/511/526 600/513/526
f 590/503/527 592/505/527 974/877/527
f 974/877/527 592/505/527 627/542/527
f 1012/924/528 1013/925/529 1014/926/530
f 1014/926/530 1013/925/529 1015/927/531
f 1014/926/530 1015/927/531 1016/928/532
f 1016/928/532 1015/927/531 1017/929/533
f 1016/928/532 1017/929/533 1018/930/534
f 1018/930/534 1017/929/533 1019/931/535
f 1020/873/2 1021/874/2 1022/875/2
f 1022/875/2 1021/874/2 1023/876/2
f 1024/592/2 1025/593/2 1026/594/2
f 1026/594/2 1025/593/2 1027/595/2
f 1028/932/536 1029/933/536 1030/934/537
f 1030/934/537 1029/933/536 1012/924/537
f 1030/934/537 1012/924/537 1031/935/538
f 1031/935/538 1012/924/537 1014/926/538
f 1032/936/539 1033/937/539 1034/938/540
f 1034/938/540 1033/937/539 1035/939/539
f 1033/937/539 1032/936/539 1036/940/541
f 1034/938/540 1035/939/539 1037/941/542
f 1036/940/541 1032/936/539 1038/942/543
f 1037/941/542 1035/939/539 1039/943/544
f 1036/940/541 1038/942/543 1040/944/545
f 1037/941/542 1039/943/544 1041/945/546
f 1040/944/545 1038/942/543 1042/946/189
f 1042/946/189 1038/942/543 1043/947/189
f 1042/946/189 1043/947/189 1044/948/2
f 1041/945/546 1039/943/544 1045/949/546
f 1041/945/546 1045/949/546 1046/950/547
f 1046/950/547 1045/949/546 1047/951/548
f 1046/950/547 1047/951/548 1048/952/549
f 1048/952/549 1047/951/548 1049/953/550
f 1048/952/549 1049/953/550 1050/954/551
f 1050/954/551 1049/953/550 1051/955/551
f 1050/954/551 1051/955/551 1052/956/551
f 1050/954/551 1052/956/551 1053/957/551
f 1050/954/551 1053/957/551 1054/958/552
f 1050/954/551 1054/958/552 1055/959/197
f 1055/959/197 1054/958/552 1056/960/553
f 1055/959/197 1056/960/553 1057/961/2
f 1055/959/197 1057/961/2 1058/962/2
f 1059/963/554 1060/964/555 1061/965/554
f 1061/965/554 1060/964/555 1062/966/555
f 1061/965/554 1062/966/555 1063/967/556
f 1062/966/555 1060/964/555 1064/968/557
f 1064/968/557 1060/964/555 1065/969/156
f 1063/967/556 1062/966/555 1066/970/558
f 1066/970/558 1062/966/555 1064/968/557
f 1063/967/556 1066/970/558 762/657/433
f 1066/970/558 1064/968/557 764/659/435
f 762/657/433 1066/970/558 760/655/432
f 760/655/432 1066/970/558 764/659/435
f 767/662/559 856/756/560 1067/971/561
f 767/662/559 1067/971/561 765/660/562
f 765/660/562 1067/971/561 1068/972/563
f 1069/973/564 1070/974/565 770/665/566
f 770/665/566 1070/974/565 771/666/567
f 771/666/567 1070/974/565 853/753/568
f 721/616/492 978/881/493 723/618/569
f 723/618/569 978/881/493 1071/975/570
f 723/618/569 1071/975/570 725/620/571
f 725/620/571 1071/975/570 1072/976/572
f 725/620/571 1072/976/572 727/622/573
f 727/622/573 1072/976/572 1073/977/574
f 727/622/573 1073/977/574 726/621/575
f 726/621/575 1073/977/574 1074/978/576
f 726/621/575 1074/978/576 724/619/577
f 724/619/577 1074/978/576 1075/979/578
f 724/619/577 1075/979/578 722/617/497
f 722/617/497 1075/979/578 980/883/496
f 772/667/439 774/669/441 1076/980/579
f 1076/980/579 774/669/441 1077/981/580
f 1077/981/580 774/669/441 775/670/442
f 1077/981/580 775/670/442 1078/982/581
f 1078/982/581 775/670/442 777/672/444
f 1078/982/581 777/672/444 1079/983/582
f 1079/983/582 777/672/444 779/674/446
f 1079/983/582 779/674/446 1080/984/583
f 1080/984/583 779/674/446 780/675/446
f 1080/984/583 780/675/446 1081/985/583
f 1031/935/538 1014/926/538 1082/986/584
f 1082/986/584 1014/926/538 1016/928/584
f 1082/986/584 1016/928/584 1083/987/585
f 1083/987/585 1016/928/584 1018/930/585
f 673/588/280 1084/988/280 674/589/280
f 674/589/280 1084/988/280 1085/989/280
f 966/873/280 1086/595/280 967/874/280
f 967/874/280 1086/595/280 1087/593/280
f 1020/873/280 1088/595/280 1021/874/280
f 1021/874/280 1088/595/280 1089/593/280
f 1090/873/280 1091/595/280 1092/874/280
f 1092/874/280 1091/595/280 1093/593/280
f 1094/873/280 1095/595/280 1096/874/280
f 1096/874/280 1095/595/280 1097/593/280
f 1098/873/280 1099/595/280 1100/874/280
f 1100/874/280 1099/595/280 1101/593/280
f 1102/873/280 1103/595/280 1104/874/280
f 1104/874/280 1103/595/280 1105/593/280
f 1106/873/280 1107/595/280 1108/874/280
f 1108/874/280 1107/595/280 1109/593/280
f 1110/873/280 1111/595/280 1112/874/280
f 1112/874/280 1111/595/280 1113/593/280
f 1114/874/280 1115/873/280 678/593/280
f 678/593/280 1115/873/280 680/595/280
f 1116/874/280 1117/873/280 971/593/280
f 971/593/280 1117/873/280 973/595/280
f 1118/874/280 1119/873/280 1025/593/280
f 1025/593/280 1119/873/280 1027/595/280
f 1120/874/280 1121/873/280 1122/593/280
f 1122/593/280 1121/873/280 1123/595/280
f 1124/874/280 1125/873/280 1126/593/280
f 1126/593/280 1125/873/280 1127/595/280
f 1128/874/280 1129/873/280 1130/593/280
f 1130/593/280 1129/873/280 1131/595/280
f 1132/874/280 1133/873/280 1134/593/280
f 1134/593/280 1133/873/280 1135/595/280
f 1136/874/280 1137/873/280 1138/593/280
f 1138/593/280 1137/873/280 1139/595/280
f 1140/874/280 1141/873/280 1142/593/280
f 1142/593/280 1141/873/280 1143/595/280
f 1144/873/280 1145/595/280 1146/874/280
f 1146/874/280 1145/595/280 1147/593/280
f 1148/873/280 1149/595/280 1150/874/280
f 1150/874/280 1149/595/280 1151/593/280
f 1152/873/280 1153/595/280 1154/874/280
f 1154/874/280 1153/595/280 1155/593/280
f 1156/873/280 1157/595/280 1158/874/280
f 1158/874/280 1157/595/280 1159/593/280
f 1160/873/280 1161/595/280 1162/874/280
f 1162/874/280 1161/595/280 1163/593/280
f 1164/873/280 1165/595/280 1166/874/280
f 1166/874/280 1165/595/280 1167/593/280
f 1168/873/280 1169/595/280 1170/874/280
f 1170/874/280 1169/595/280 1171/593/280
f 1172/873/280 1173/595/280 1174/874/280
f 1174/874/280 1173/595/280 1175/593/280
f 1176/873/280 1177/595/280 1178/874/280
f 1178/874/280 1177/595/280 1179/593/280
f 1180/874/280 1181/873/280 1182/593/280
f 1182/593/280 1181/873/280 1183/595/280
f 1184/874/280 1185/873/280 1186/593/280
f 1186/593/280 1185/873/280 1187/595/280
f 1188/874/280 1189/873/280 1190/593/280
f 1190/593/280 1189/873/280 1191/595/280
f 1192/874/280 1193/873/280 1194/593/280
f 1194/593/280 1193/873/280 1195/595/280
f 1196/874/280 1197/873/280 1198/593/280
f 1198/593/280 1197/873/280 1199/595/280
f 1200/874/280 1201/873/280 1202/593/280
f 1202/593/280 1201/873/280 1203/595/280
f 1204/874/280 1205/873/280 1206/593/280
f 1206/593/280 1205/873/280 1207/595/280
f 1208/874/280 1209/873/280 1210/593/280
f 1210/593/280 1209/873/280 1211/595/280
f 1212/874/280 1213/873/280 1214/593/280
f 1214/593/280 1213/873/280 1215/595/280
f 409/990/178 1216/991/586 406/992/175
f 406/992/175 1216/991/586 1217/993/587
f 406/992/175 1217/993/587 405/994/174
f 405/994/174 1217/993/587 1218/995/588
f 405/994/174 1218/995/588 1219/996/589
f 405/994/174 1219/996/589 402/997/171
f 402/997/171 1219/996/589 401/998/170
f 401/998/170 1219/996/589 1220/999/590
f 401/998/170 1220/999/590 1221/1000/591
f 401/998/170 1221/1000/591 400/1001/169
f 400/1001/169 1221/1000/591 1222/1002/592
f 400/1001/169 1222/1002/592 1223/1003/593
f 400/1001/169 1223/1003/593 1224/1004/594
f 400/1001/169 1224/1004/594 1225/1005/264
f 1223/1003/593 1222/1002/592 439/1006/203
f 1223/1003/593 439/1006/203 1224/1004/594
f 439/1006/203 1222/1002/592 1226/1007/595
f 1225/1005/264 1224/1004/594 1227/1008/596
f 439/1006/203 1226/1007/595 438/1009/202
f 438/1009/202 1226/1007/595 1228/1010/597
f 438/1009/202 1228/1010/597 434/1011/199
f 434/1011/199 1228/1010/597 1229/1012/598
f 1227/1008/596 1224/1004/594 1230/1013/599
f 1231/1014/600 1224/1004/594 439/1006/203
f 1224/1004/594 1231/1014/600 1230/1013/599
f 1230/1013/599 1231/1014/600 1232/1015/601
f 1233/1016/602 1234/1017/603 1235/1018/604
f 1233/1016/602 1235/1018/604 1236/1019/605
f 1235/1018/604 1234/1017/603 1237/1020/606
f 1235/1018/604 1237/1020/606 1238/1021/607
f 1235/1018/604 1238/1021/607 1239/1022/608
f 1237/1020/606 1234/1017/603 1240/1023/609
f 1240/1023/609 1234/1017/603 1241/1024/398
f 1237/1020/606 1240/1023/609 1242/1025/610
f 1240/1023/609 1241/1024/398 1243/1026/611
f 1242/1025/610 1240/1023/609 1244/1027/612
f 1240/1023/609 1243/1026/611 1245/1028/613
f 1245/1028/613 1243/1026/611 1246/1029/394
f 1246/1029/394 1243/1026/611 1247/1030/398
f 1240/1023/609 1245/1028/613 1248/1031/614
f 1248/1031/614 1245/1028/613 1246/1029/394
f 1240/1023/609 1248/1031/614 1244/1027/612
f 1248/1031/614 1246/1029/394 1249/1032/392
f 1244/1027/612 1248/1031/614 1250/1033/615
f 1248/1031/614 1249/1032/392 1251/1034/388
f 1250/1033/615 1248/1031/614 1252/1035/616
f 1252/1035/616 1248/1031/614 1251/1034/388
f 1250/1033/615 1252/1035/616 1253/1036/617
f 1253/1036/617 1252/1035/616 1251/1034/388
f 1253/1036/617 1251/1034/388 1254/1037/386
f 1250/1033/615 1253/1036/617 1255/1038/618
f 1253/1036/617 1254/1037/386 1256/1039/382
f 1255/1038/618 1253/1036/617 1257/1040/619
f 1255/1038/618 1257/1040/619 1258/1041/620
f 1253/1036/617 1256/1039/382 1259/1042/621
f 1253/1036/617 1259/1042/621 1257/1040/619
f 1259/1042/621 1256/1039/382 1260/1043/622
f 1259/1042/621 1260/1043/622 1257/1040/619
f 1260/1043/622 1256/1039/382 1261/1044/380
f 1258/1041/620 1257/1040/619 1262/1045/623
f 1260/1043/622 1261/1044/380 1263/1046/377
f 1260/1043/622 1263/1046/377 1264/1047/624
f 1264/1047/624 1263/1046/377 1265/1048/625
f 1265/1048/625 1263/1046/377 1266/1049/325
f 1264/1047/624 1265/1048/625 1267/1050/624
f 1264/1047/624 1267/1050/624 1260/1043/622
f 1267/1050/624 1265/1048/625 1268/135/626
f 1267/1050/624 1268/135/626 1269/1051/627
f 1267/1050/624 1269/1051/627 1270/1052/628
f 1271/1053/380 1257/1040/619 1260/1043/622
f 1271/1053/380 1260/1043/622 1267/1050/624
f 1257/1040/619 1271/1053/380 1262/1045/623
f 1271/1053/380 1267/1050/624 1272/1054/629
f 1272/1054/629 1267/1050/624 1270/1052/628
f 1271/1053/380 1272/1054/629 1262/1045/623
f 1272/1054/629 1270/1052/628 1273/1055/630
f 1273/1055/630 1270/1052/628 1274/1056/631
f 1273/1055/630 1274/1056/631 1275/1057/632
f 1273/1055/630 1275/1057/632 1276/1058/633
f 1272/1054/629 1273/1055/630 1277/1059/634
f 1262/1045/623 1272/1054/629 1278/1060/635
f 1278/1060/635 1272/1054/629 1277/1059/634
f 1262/1045/623 1278/1060/635 1279/1061/636
f 1279/1061/636 1278/1060/635 1280/1062/637
f 1273/1055/630 1276/1058/633 1281/1063/638
f 1273/1055/630 1281/1063/638 1277/1059/634
f 1277/1059/634 1281/1063/638 1278/1060/635
f 1280/1062/637 1278/1060/635 1282/1064/639
f 1282/1064/639 1278/1060/635 1281/1063/638
f 1280/1062/637 1282/1064/639 1239/1022/608
f 1281/1063/638 1276/1058/633 1283/1065/640
f 1239/1022/608 1282/1064/639 1284/1066/641
f 1281/1063/638 1283/1065/640 1285/1067/642
f 1239/1022/608 1284/1066/641 1235/1018/604
f 1282/1064/639 1281/1063/638 1286/1068/643
f 1286/1068/643 1281/1063/638 1285/1067/642
f 1285/1067/642 1283/1065/640 1287/1069/644
f 1285/1067/642 1287/1069/644 1286/1068/643
f 1287/1069/644 1283/1065/640 1288/1070/645
f 1288/1070/645 1283/1065/640 1289/1071/646
f 1282/1064/639 1286/1068/643 1290/1072/647
f 1282/1064/639 1290/1072/647 1284/1066/641
f 1291/1073/395 1235/1018/604 1284/1066/641
f 1235/1018/604 1291/1073/395 1236/1019/605
f 1236/1019/605 1291/1073/395 1292/1074/648
f 1292/1074/648 1291/1073/395 1284/1066/641
f 850/750/334 588/501/290 587/500/289
f 588/501/290 850/750/334 600/513/302
f 850/750/334 587/500/289 1293/1075/280
f 850/750/334 1293/1075/280 1294/1076/280
f 1294/1076/280 1293/1075/280 1295/1077/280
f 1294/1076/280 1295/1077/280 1296/1078/324
f 1297/1079/649 1298/1080/649 1295/1077/280
f 1295/1077/280 1298/1080/649 1299/1081/156
f 1295/1077/280 1299/1081/156 1296/1078/324
f 1296/1078/324 1299/1081/156 1300/1082/447
f 1296/1078/324 1300/1082/447 1301/1083/650
f 1301/1083/650 1300/1082/447 1302/1084/650
f 1300/1082/447 1299/1081/156 1303/1085/651
f 1300/1082/447 1303/1085/651 1304/1086/651
f 1304/1086/651 1303/1085/651 1305/1087/435
f 1304/1086/651 1305/1087/435 1306/1088/435
f 1306/1088/435 1305/1087/435 1307/1089/332
f 1306/1088/435 1307/1089/332 1308/1090/332
f 1308/1090/332 1307/1089/332 1309/1091/332
f 1308/1090/332 1309/1091/332 1310/1092/332
f 1311/592/137 1179/593/137 1312/594/137
f 1312/594/137 1179/593/137 1177/595/137
f 1213/873/137 1212/874/137 1313/875/137
f 1313/875/137 1212/874/137 1314/876/137
f 1315/1093/652 1316/1094/652 1317/1095/3
f 1317/1095/3 1316/1094/652 1318/1096/4
f 1317/1095/3 1318/1096/4 1319/1097/1
f 1319/1097/1 1318/1096/4 1320/1098/4
f 1319/1097/1 1320/1098/4 1321/1099/1
f 1321/1099/1 1320/1098/4 1322/1100/653
f 1321/1099/1 1322/1100/653 1323/1101/654
f 1323/1101/654 1322/1100/653 1324/1102/654
f 1090/873/2 1092/874/2 1325/875/2
f 1325/875/2 1092/874/2 1326/876/2
f 1327/592/2 1122/593/2 1328/594/2
f 1328/594/2 1122/593/2 1123/595/2
f 1329/355/655 1330/356/656 1331/357/657
f 1331/357/657 1330/356/656 1332/358/658
f 1331/357/657 1332/358/658 1333/359/659
f 1331/357/657 1333/359/659 1334/360/660
f 1334/360/660 1333/359/659 1335/361/661
f 1334/360/660 1335/361/661 1336/362/662
f 1336/362/662 1335/361/661 1337/363/663
f 1337/363/663 1335/361/661 1338/364/664
f 11/11/362 10/10/665 662/579/360
f 662/579/360 10/10/665 1339/578/666
f 662/579/360 1339/578/666 1340/576/667
f 662/579/360 1340/576/667 663/580/361
f 1339/578/666 10/10/665 1341/574/668
f 1339/578/666 1341/574/668 1340/576/667
f 1341/574/668 10/10/665 4/4/669
f 1340/576/667 1341/574/668 1342/575/670
f 1341/574/668 4/4/669 1/1/671
f 1342/575/670 1341/574/668 1343/571/672
f 1341/574/668 1/1/671 1344/573/673
f 1341/574/668 1344/573/673 1343/571/672
f 1344/573/673 1/1/671 1345/570/674
f 1344/573/673 1345/570/674 1343/571/672
f 1345/570/674 1/1/671 3/3/675
f 1343/571/672 1345/570/674 1346/569/676
f 1345/570/674 3/3/675 9/9/677
f 1346/569/676 1345/570/674 1347/572/678
f 1345/570/674 9/9/677 1348/577/679
f 1345/570/674 1348/577/679 1347/572/678
f 1348/577/679 9/9/677 1349/581/680
f 1348/577/679 1349/581/680 1347/572/678
f 1349/581/680 9/9/677 13/13/454
f 1347/572/678 1349/581/680 1350/582/681
f 1349/581/680 13/13/454 16/16/682
f 1350/582/681 1349/581/680 1351/583/683
f 1349/581/680 16/16/682 1352/584/684
f 1349/581/680 1352/584/684 1351/583/683
f 1352/584/684 16/16/682 1353/544/685
f 1352/584/684 1353/544/685 1351/583/683
f 1353/544/685 16/16/682 17/17/686
f 1351/583/683 1353/544/685 1354/546/687
f 1353/544/685 17/17/686 20/20/688
f 1354/546/687 1353/544/685 1355/545/689
f 1353/544/685 20/20/688 1356/543/690
f 1353/544/685 1356/543/690 1355/545/689
f 696/580/398 1357/576/691 695/579/396
f 695/579/396 1357/576/691 1358/578/692
f 695/579/396 1358/578/692 36/10/693
f 695/579/396 36/10/693 37/11/397
f 1358/578/692 1357/576/691 1359/574/694
f 1358/578/692 1359/574/694 36/10/693
f 1359/574/694 1357/576/691 1360/575/695
f 36/10/693 1359/574/694 33/4/696
f 1359/574/694 1360/575/695 1361/571/697
f 33/4/696 1359/574/694 32/1/698
f 1359/574/694 1361/571/697 1362/573/699
f 1359/574/694 1362/573/699 32/1/698
f 1362/573/699 1361/571/697 1363/570/700
f 1362/573/699 1363/570/700 32/1/698
f 1363/570/700 1361/571/697 1364/569/701
f 32/1/698 1363/570/700 29/3/702
f 1363/570/700 1364/569/701 1365/572/703
f 29/3/702 1363/570/700 28/9/704
f 1363/570/700 1365/572/703 1366/577/705
f 1363/570/700 1366/577/705 28/9/704
f 1366/577/705 1365/572/703 1367/581/706
f 1366/577/705 1367/581/706 28/9/704
f 1367/581/706 1365/572/703 1368/582/707
f 28/9/704 1367/581/706 25/13/284
f 1367/581/706 1368/582/707 1369/583/708
f 25/13/284 1367/581/706 24/16/709
f 1367/581/706 1369/583/708 1370/584/710
f 1367/581/706 1370/584/710 24/16/709
f 1370/584/710 1369/583/708 1371/544/711
f 1370/584/710 1371/544/711 24/16/709
f 1371/544/711 1369/583/708 1372/546/712
f 24/16/709 1371/544/711 21/17/713
f 1373/592/137 1113/593/137 1374/594/137
f 1374/594/137 1113/593/137 1111/595/137
f 1141/873/137 1140/874/137 1375/875/137
f 1375/875/137 1140/874/137 1376/876/137
f 400/1103/169 1225/1104/264 398/1105/167
f 398/1105/167 1225/1104/264 1377/1106/714
f 1377/1106/714 1225/1104/264 1227/1107/596
f 1377/1106/714 1227/1107/596 1378/1108/371
f 1377/1106/714 1378/1108/371 398/1105/167
f 398/1105/167 1378/1108/371 399/1109/168
f 1379/592/137 1175/593/137 1380/594/137
f 1380/594/137 1175/593/137 1173/595/137
f 1209/873/137 1208/874/137 1381/875/137
f 1381/875/137 1208/874/137 1382/876/137
f 1383/1110/715 1384/1111/716 1385/1112/717
f 1384/1111/716 1383/1110/715 1386/1113/718
f 1383/1110/715 1385/1112/717 1387/1114/719
f 1386/1113/718 1383/1110/715 1388/1115/720
f 1383/1110/715 1387/1114/719 1389/1116/721
f 1383/1110/715 1389/1116/721 1388/1115/720
f 1388/1115/720 1389/1116/721 1390/1117/722
f 1390/1117/722 1389/1116/721 1391/1118/723
f 1389/1116/721 1387/1114/719 1392/1119/724
f 1393/1120/725 1394/1121/446 1392/1119/724
f 1391/1118/723 1389/1116/721 1395/1122/726
f 1389/1116/721 1392/1119/724 1396/1123/727
f 1389/1116/721 1396/1123/727 1395/1122/726
f 1395/1122/726 1396/1123/727 1397/1124/728
f 1395/1122/726 1397/1124/728 1398/1125/729
f 1398/1125/729 1397/1124/728 1399/1126/730
f 1399/1126/730 1397/1124/728 1400/1127/730
f 1401/1128/731 1402/1129/653 1403/1130/732
f 1403/1130/732 1402/1129/653 1404/1131/733
f 1405/1132/734 1384/1111/716 1406/1133/735
f 1384/1111/716 1405/1132/734 1385/1112/717
f 1406/1133/735 1384/1111/716 1407/1134/736
f 1407/1134/736 1384/1111/716 1408/1135/737
f 1406/1133/735 1407/1134/736 1409/1136/738
f 1409/1136/738 1407/1134/736 1408/1135/737
f 1406/1133/735 1409/1136/738 1410/1137/739
f 1408/1135/737 1384/1111/716 1386/1113/718
f 1409/1136/738 1408/1135/737 1411/1138/740
f 1410/1137/739 1409/1136/738 1412/1139/371
f 1409/1136/738 1411/1138/740 1413/1140/741
f 1412/1139/371 1409/1136/738 1414/1141/742
f 1414/1141/742 1409/1136/738 1413/1140/741
f 1412/1139/371 1414/1141/742 1323/1101/365
f 1323/1101/365 1414/1141/742 1413/1140/741
f 1412/1139/371 1323/1101/365 1415/1142/743
f 1323/1101/365 1413/1140/741 1416/1143/744
f 1323/1101/365 1416/1143/744 1417/1144/745
f 1323/1101/365 1417/1144/745 1321/1099/746
f 1321/1099/746 1417/1144/745 1319/1097/746
f 1417/1144/745 1416/1143/744 1418/1145/747
f 1418/1145/747 1416/1143/744 1419/1146/747
f 1319/1097/746 1417/1144/745 1420/1147/485
f 1420/1147/485 1417/1144/745 1418/1145/747
f 1418/1145/747 1419/1146/747 1421/1148/747
f 1319/1097/746 1420/1147/485 1422/1149/748
f 1422/1149/748 1420/1147/485 1418/1145/747
f 1319/1097/746 1422/1149/748 1317/1095/746
f 1418/1145/747 1421/1148/747 1423/1150/749
f 1418/1145/747 1423/1150/749 1424/1151/747
f 1418/1145/747 1424/1151/747 1425/1152/749
f 1418/1145/747 1425/1152/749 1426/1153/749
f 1418/1145/747 1426/1153/749 1427/1154/749
f 1418/1145/747 1427/1154/749 1428/1155/747
f 1317/1095/746 1422/1149/748 1315/1093/750
f 1418/1145/747 1428/1155/747 1429/1156/751
f 1315/1093/750 1422/1149/748 1430/1157/752
f 1430/1157/752 1422/1149/748 1418/1145/747
f 1315/1093/750 1430/1157/752 1431/1158/753
f 1430/1157/752 1418/1145/747 1432/1159/747
f 1432/1159/747 1418/1145/747 1433/1160/747
f 1433/1160/747 1418/1145/747 1434/1161/749
f 1434/1161/749 1418/1145/747 1435/1162/747
f 1315/1093/750 1431/1158/753 1436/1163/754
f 1315/1093/750 1436/1163/754 1437/1164/755
f 1315/1093/750 1437/1164/755 1438/1165/756
f 1436/1163/754 1431/1158/753 1439/1166/757
f 1436/1163/754 1439/1166/757 1437/1164/755
f 1439/1166/757 1431/1158/753 1440/1167/758
f 1437/1164/755 1439/1166/757 1441/1168/759
f 1439/1166/757 1440/1167/758 1442/1169/737
f 1441/1168/759 1439/1166/757 1443/1170/760
f 1439/1166/757 1442/1169/737 1444/1171/761
f 1439/1166/757 1444/1171/761 1443/1170/760
f 1444/1171/761 1442/1169/737 1445/1172/762
f 1444/1171/761 1445/1172/762 1443/1170/760
f 1443/1170/760 1445/1172/762 1446/1173/763
f 1445/1172/762 1442/1169/737 1447/1174/764
f 1446/1173/763 1445/1172/762 1448/1175/169
f 1445/1172/762 1447/1174/764 1449/1176/765
f 1445/1172/762 1449/1176/765 1448/1175/169
f 1449/1176/765 1447/1174/764 1450/1177/766
f 1449/1176/765 1450/1177/766 1451/1178/767
f 1451/1178/767 1450/1177/766 1452/1179/768
f 1451/1178/767 1452/1179/768 1453/1180/769
f 1449/1176/765 1451/1178/767 1454/1181/770
f 1449/1176/765 1454/1181/770 1448/1175/169
f 1451/1178/767 1453/1180/769 1455/1182/771
f 1451/1178/767 1455/1182/771 1454/1181/770
f 1455/1182/771 1453/1180/769 1456/1183/772
f 1455/1182/771 1456/1183/772 1457/1184/773
f 1458/1185/479 1459/1186/479 1457/1184/773
f 1457/1184/773 1459/1186/479 1460/1187/773
f 1457/1184/773 1460/1187/773 1461/1188/774
f 1457/1184/773 1461/1188/774 1455/1182/771
f 1461/1188/774 1460/1187/773 1462/1189/729
f 1463/1190/775 1454/1181/770 1455/1182/771
f 1463/1190/775 1455/1182/771 1461/1188/774
f 1464/1191/776 1448/1175/169 1454/1181/770
f 1464/1191/776 1454/1181/770 1463/1190/775
f 1448/1175/169 1464/1191/776 1465/1192/777
f 1465/1192/777 1464/1191/776 1466/1193/778
f 1461/1188/774 1462/1189/729 1467/1194/779
f 1461/1188/774 1467/1194/779 1463/1190/775
f 1467/1194/779 1462/1189/729 1468/1195/780
f 1466/1193/778 1464/1191/776 1469/1196/781
f 1469/1196/781 1464/1191/776 1463/1190/775
f 1469/1196/781 1463/1190/775 1467/1194/779
f 1466/1193/778 1469/1196/781 1470/1197/781
f 1467/1194/779 1468/1195/780 1471/1198/782
f 1467/1194/779 1471/1198/782 1469/1196/781
f 1469/1196/781 1471/1198/782 1470/1197/781
f 1471/1198/782 1468/1195/780 1472/1199/783
f 1470/1197/781 1471/1198/782 1473/1200/782
f 1473/1200/782 1471/1198/782 1472/1199/783
f 751/646/423 752/647/424 994/1201/509
f 751/646/423 994/1201/509 755/650/427
f 755/650/427 994/1201/509 837/1202/473
f 837/1202/473 994/1201/509 839/1203/475
f 755/650/427 837/1202/473 754/649/426
f 754/649/426 837/1202/473 838/1204/474
f 1474/1205/784 1475/1206/785 1476/1207/786
f 1476/1207/786 1475/1206/785 1477/1208/787
f 246/154/84 1478/1209/435 1474/1205/784
f 246/154/84 1474/1205/784 1479/1210/788
f 246/154/84 1479/1210/788 1480/1211/789
f 1474/1205/784 1476/1207/786 1481/1212/619
f 1479/1210/788 1474/1205/784 1482/1213/790
f 1482/1213/790 1474/1205/784 1481/1212/619
f 1480/1211/789 1479/1210/788 1483/1214/791
f 1483/1214/791 1479/1210/788 1482/1213/790
f 1480/1211/789 1483/1214/791 1484/1215/792
f 1480/1211/789 1484/1215/792 1485/1216/793
f 1485/1216/793 1484/1215/792 1486/1217/794
f 1483/1214/791 1482/1213/790 1487/1218/795
f 1482/1213/790 1481/1212/619 1488/1219/796
f 1482/1213/790 1488/1219/796 1487/1218/795
f 1483/1214/791 1487/1218/795 1489/1220/797
f 1483/1214/791 1489/1220/797 1484/1215/792
f 1489/1220/797 1487/1218/795 1488/1219/796
f 1486/1217/794 1484/1215/792 1490/1221/798
f 1490/1221/798 1484/1215/792 1489/1220/797
f 1486/1217/794 1490/1221/798 1491/1222/799
f 1486/1217/794 1491/1222/799 1492/1223/800
f 1490/1221/798 1489/1220/797 1493/1224/801
f 1489/1220/797 1488/1219/796 1494/1225/802
f 1490/1221/798 1493/1224/801 1495/1226/803
f 1490/1221/798 1495/1226/803 1491/1222/799
f 1493/1224/801 1489/1220/797 1496/1227/619
f 1496/1227/619 1489/1220/797 1494/1225/802
f 1493/1224/801 1496/1227/619 1495/1226/803
f 1494/1225/802 1488/1219/796 1497/1228/804
f 1494/1225/802 1497/1228/804 1496/1227/619
f 1495/1226/803 1496/1227/619 1498/1229/805
f 1496/1227/619 1497/1228/804 1499/1230/806
f 1496/1227/619 1499/1230/806 1498/1229/805
f 1498/1229/805 1499/1230/806 1497/1228/804
f 1497/1228/804 1488/1219/796 1500/1231/618
f 1500/1231/618 1488/1219/796 1481/1212/619
f 1500/1231/618 1481/1212/619 1501/1232/807
f 1501/1232/807 1481/1212/619 1476/1207/786
f 1501/1232/807 1476/1207/786 1502/1233/808
f 1502/1233/808 1476/1207/786 1477/1208/787
f 1500/1231/618 1501/1232/807 1503/1234/620
f 1503/1234/620 1501/1232/807 1502/1233/808
f 1497/1228/804 1500/1231/618 1504/1235/809
f 1504/1235/809 1500/1231/618 1503/1234/620
f 1497/1228/804 1504/1235/809 1505/1236/810
f 1497/1228/804 1505/1236/810 1498/1229/805
f 1502/1233/808 1477/1208/787 1506/1237/811
f 1506/1237/811 1477/1208/787 1507/1238/787
f 1502/1233/808 1506/1237/811 1508/1239/812
f 1502/1233/808 1508/1239/812 1503/1234/620
f 1508/1239/812 1506/1237/811 1509/1240/621
f 1508/1239/812 1509/1240/621 1503/1234/620
f 1509/1240/621 1506/1237/811 1510/1241/813
f 1509/1240/621 1510/1241/813 1511/1242/813
f 1512/1243/621 1511/1242/813 1513/1244/813
f 1509/1240/621 1511/1242/813 1514/1245/621
f 1514/1245/621 1511/1242/813 1512/1243/621
f 1503/1234/620 1509/1240/621 1515/1246/814
f 1515/1246/814 1509/1240/621 1514/1245/621
f 1503/1234/620 1515/1246/814 1516/1247/814
f 1503/1234/620 1516/1247/814 1504/1235/809
f 1515/1246/814 1514/1245/621 1517/1248/815
f 1517/1248/815 1514/1245/621 1512/1243/621
f 1515/1246/814 1517/1248/815 1516/1247/814
f 1029/933/816 1518/1249/817 1012/924/528
f 1012/924/528 1518/1249/817 1013/925/529
f 670/1250/372 1519/1251/818 419/1252/187
f 419/1252/187 1519/1251/818 1520/1253/819
f 1520/1253/819 1519/1251/818 1521/1254/713
f 1521/1254/713 1519/1251/818 1522/1255/820
f 223/135/821 1523/1256/822 1524/1048/823
f 223/135/821 1524/1048/823 1525/1050/824
f 1523/1256/822 223/135/821 222/134/785
f 223/135/821 1525/1050/824 1526/1051/825
f 1526/1051/825 1525/1050/824 1527/1052/826
f 1527/1052/826 1525/1050/824 1528/1054/827
f 1527/1052/826 1528/1054/827 1529/1055/828
f 1527/1052/826 1529/1055/828 1530/1056/829
f 1530/1056/829 1529/1055/828 1531/1057/830
f 1529/1055/828 1528/1054/827 1532/1059/831
f 1531/1057/830 1529/1055/828 1276/1257/633
f 1531/1057/830 1276/1257/633 1533/1258/832
f 1276/1257/633 1529/1055/828 1534/1063/833
f 1529/1055/828 1532/1059/831 1535/1259/363
f 1529/1055/828 1535/1259/363 1534/1063/833
f 1532/1059/831 1528/1054/827 1536/1060/834
f 1532/1059/831 1536/1060/834 1535/1259/363
f 1536/1060/834 1528/1054/827 1537/1045/835
f 1536/1060/834 1537/1045/835 1538/1061/836
f 1536/1060/834 1538/1061/836 1539/1062/837
f 1276/1257/633 1534/1063/833 1540/1065/838
f 1540/1065/838 1534/1063/833 1535/1259/363
f 1536/1060/834 1539/1062/837 1541/1064/839
f 1535/1259/363 1536/1060/834 1542/1260/358
f 1542/1260/358 1536/1060/834 1541/1064/839
f 1541/1064/839 1539/1062/837 1543/1022/840
f 1535/1259/363 1542/1260/358 1544/1068/841
f 1544/1068/841 1542/1260/358 1541/1064/839
f 1540/1065/838 1535/1259/363 1545/1067/842
f 1545/1067/842 1535/1259/363 1544/1068/841
f 1541/1064/839 1543/1022/840 1546/1066/843
f 1544/1068/841 1541/1064/839 1547/1072/844
f 1547/1072/844 1541/1064/839 1546/1066/843
f 1545/1067/842 1544/1068/841 1548/1069/845
f 1545/1067/842 1548/1069/845 1540/1065/838
f 1540/1065/838 1548/1069/845 1549/1070/846
f 1540/1065/838 1549/1070/846 1550/1071/847
f 1540/1065/838 1550/1071/847 1551/1261/848
f 1540/1065/838 1551/1261/848 1276/1257/633
f 1276/1257/633 1551/1261/848 1552/1262/849
f 1552/1262/849 1551/1261/848 78/1263/10
f 78/1263/10 1551/1261/848 76/1264/8
f 1549/1070/846 1548/1069/845 1553/1265/850
f 1549/1070/846 1553/1265/850 1554/1266/851
f 1555/1267/650 1548/1069/845 1544/1068/841
f 1548/1069/845 1555/1267/650 1553/1265/850
f 1555/1267/650 1544/1068/841 1556/1268/852
f 1556/1268/852 1544/1068/841 1547/1072/844
f 1555/1267/650 1556/1268/852 997/1269/512
f 997/1269/512 1556/1268/852 1547/1072/844
f 1555/1267/650 997/1269/512 1002/1270/517
f 997/1269/512 1547/1072/844 995/1271/510
f 1555/1267/650 1002/1270/517 1557/1272/853
f 1555/1267/650 1557/1272/853 1553/1265/850
f 1557/1272/853 1002/1270/517 1004/1273/519
f 1557/1272/853 1004/1273/519 1005/1274/520
f 995/1271/510 1547/1072/844 1558/1275/854
f 995/1271/510 1558/1275/854 999/1276/514
f 999/1276/514 1558/1275/854 1559/1277/855
f 1558/1275/854 1547/1072/844 1546/1066/843
f 1559/1277/855 1558/1275/854 1560/1278/856
f 1557/1272/853 1005/1274/520 1561/1279/857
f 1559/1277/855 1560/1278/856 1562/1280/858
f 1560/1278/856 1558/1275/854 1563/1074/859
f 1563/1074/859 1558/1275/854 1546/1066/843
f 1560/1278/856 1563/1074/859 1562/1280/858
f 1561/1279/857 1005/1274/520 1564/1281/860
f 1564/1281/860 1005/1274/520 1565/1282/861
f 1557/1272/853 1561/1279/857 1566/1283/862
f 1566/1283/862 1561/1279/857 1564/1281/860
f 1564/1281/860 1565/1282/861 1567/1284/863
f 1557/1272/853 1566/1283/862 1553/1265/850
f 1568/1285/864 1559/1277/855 1562/1280/858
f 1568/1285/864 1562/1280/858 1569/1286/865
f 1568/1285/864 1569/1286/865 1570/1287/866
f 1570/1287/866 1569/1286/865 1571/1288/867
f 1569/1286/865 1562/1280/858 1572/1289/868
f 1572/1289/868 1562/1280/858 1573/1290/869
f 1573/1290/869 1562/1280/858 1563/1074/859
f 1573/1290/869 1563/1074/859 1574/1291/870
f 1574/1291/870 1563/1074/859 1575/1019/871
f 1575/1019/871 1563/1074/859 1576/1073/359
f 1576/1073/359 1563/1074/859 1546/1066/843
f 1575/1019/871 1576/1073/359 1577/1018/872
f 1577/1018/872 1576/1073/359 1546/1066/843
f 1575/1019/871 1577/1018/872 1578/1016/873
f 1577/1018/872 1546/1066/843 1543/1022/840
f 1577/1018/872 1543/1022/840 1579/1021/874
f 1578/1016/873 1577/1018/872 1580/1017/592
f 1577/1018/872 1579/1021/874 1581/1020/875
f 1577/1018/872 1581/1020/875 1580/1017/592
f 1580/1017/592 1581/1020/875 1582/1023/876
f 1580/1017/592 1582/1023/876 1583/1024/361
f 1582/1023/876 1581/1020/875 1584/1025/877
f 1583/1024/361 1582/1023/876 1585/1026/878
f 1582/1023/876 1584/1025/877 1586/1031/879
f 1582/1023/876 1586/1031/879 1587/1028/880
f 1582/1023/876 1587/1028/880 1585/1026/878
f 1587/1028/880 1586/1031/879 1588/1029/356
f 1587/1028/880 1588/1029/356 1585/1026/878
f 1585/1026/878 1588/1029/356 1589/1030/361
f 1415/1142/881 1323/1101/882 1590/1292/883
f 1590/1292/883 1323/1101/882 1324/1102/882
f 1276/1058/633 1275/1057/632 1533/1258/832
f 1591/1261/884 1283/1065/640 1276/1058/633
f 1283/1065/640 1591/1261/884 1289/1071/646
f 1289/1071/646 1591/1261/884 1592/1293/885
f 1289/1071/646 1592/1293/885 1288/1070/645
f 1592/1293/885 1591/1261/884 1593/1264/886
f 1288/1070/645 1592/1293/885 1594/1294/887
f 1593/1264/886 1591/1261/884 78/1263/10
f 78/1263/10 1591/1261/884 1552/1262/849
f 1552/1262/849 1591/1261/884 1276/1295/633
f 1288/1070/645 1594/1294/887 1595/1266/888
f 1595/1266/888 1594/1294/887 1596/1296/889
f 1595/1266/888 1596/1296/889 1597/1297/890
f 1595/1266/888 1597/1297/890 1598/1298/891
f 1598/1298/891 1597/1297/890 1599/1299/332
f 1599/1299/332 1597/1297/890 1600/1300/892
f 1599/1299/332 1600/1300/892 1601/1301/893
f 1599/1299/332 1601/1301/893 1602/1302/894
f 1599/1299/332 1602/1302/894 1603/1303/895
f 1603/1303/895 1602/1302/894 1604/1304/896
f 1603/1303/895 1604/1304/896 19/1305/280
f 1603/1303/895 19/1305/280 18/1306/325
f 1605/1307/749 1606/1308/749 1607/1309/749
f 1607/1309/749 1606/1308/749 1608/1310/749
f 1609/1307/747 1610/1308/747 1611/1309/747
f 1611/1309/747 1610/1308/747 1612/1310/747
f 1613/1307/749 1614/1308/749 1615/1309/749
f 1615/1309/749 1614/1308/749 1616/1310/749
f 1617/1311/749 1618/1312/749 1619/1313/749
f 1619/1313/749 1618/1312/749 1620/1314/749
f 1621/1315/749 1622/1316/749 1623/1317/749
f 1623/1317/749 1622/1316/749 1624/1318/749
f 1625/1315/749 1626/1316/749 1627/1317/749
f 1627/1317/749 1626/1316/749 1628/1318/749
f 1629/1315/749 1630/1316/749 1631/1317/749
f 1631/1317/749 1630/1316/749 1632/1318/749
f 1633/1319/747 1634/1320/747 1635/1321/747
f 1635/1321/747 1634/1320/747 1636/1322/747
f 1637/592/137 1171/593/137 1638/594/137
f 1638/594/137 1171/593/137 1169/595/137
f 1205/873/137 1204/874/137 1639/875/137
f 1639/875/137 1204/874/137 1640/876/137
f 1641/1323/897 1642/1324/475 1643/1325/898
f 1642/1324/475 1641/1323/897 1644/1326/899
f 1642/1324/475 1644/1326/899 1645/1327/900
f 1645/1327/900 1644/1326/899 1646/1328/901
f 1647/1329/902 1646/1328/901 1648/1330/903
f 1645/1327/900 1646/1328/901 1649/1331/904
f 1645/1327/900 1649/1331/904 1642/1324/475
f 1643/1325/898 1642/1324/475 1650/1332/905
f 1642/1324/475 1649/1331/904 1651/1333/906
f 1643/1325/898 1650/1332/905 1652/1334/907
f 1643/1325/898 1652/1334/907 1653/1335/908
f 1650/1332/905 1642/1324/475 1654/1336/909
f 1654/1336/909 1642/1324/475 1651/1333/906
f 1650/1332/905 1654/1336/909 1652/1334/907
f 1653/1335/908 1652/1334/907 1655/1337/910
f 1651/1333/906 1649/1331/904 1656/1338/911
f 1651/1333/906 1656/1338/911 1654/1336/909
f 1657/1339/912 1649/1331/904 1646/1328/901
f 1649/1331/904 1657/1339/912 1656/1338/911
f 1655/1337/910 1652/1334/907 1658/1340/913
f 1655/1337/910 1658/1340/913 1659/1341/914
f 1660/1342/915 1652/1334/907 1654/1336/909
f 1660/1342/915 1654/1336/909 1656/1338/911
f 1658/1340/913 1652/1334/907 1661/1343/916
f 1661/1343/916 1652/1334/907 1660/1342/915
f 1659/1341/914 1658/1340/913 1662/1344/917
f 1659/1341/914 1662/1344/917 1663/1345/918
f 1658/1340/913 1661/1343/916 1664/1346/919
f 1658/1340/913 1664/1346/919 1662/1344/917
f 1660/1342/915 1656/1338/911 1665/1347/920
f 1663/1345/918 1662/1344/917 1666/1348/921
f 1663/1345/918 1666/1348/921 1667/1349/922
f 1666/1348/921 1662/1344/917 1664/1346/919
f 1665/1347/920 1656/1338/911 1668/1350/923
f 1665/1347/920 1668/1350/923 1669/1351/924
f 1669/1351/924 1668/1350/923 1670/1352/925
f 1670/1352/925 1668/1350/923 1671/1353/633
f 1671/1353/633 1668/1350/923 1672/1354/896
f 1668/1350/923 1656/1338/911 1657/1339/912
f 1672/1354/896 1668/1350/923 1673/1355/926
f 1673/1355/926 1668/1350/923 1657/1339/912
f 1672/1354/896 1673/1355/926 1674/1356/927
f 1674/1356/927 1673/1355/926 1657/1339/912
f 1672/1354/896 1674/1356/927 1675/1357/928
f 1675/1357/928 1674/1356/927 1676/1358/929
f 1674/1356/927 1657/1339/912 1677/1359/930
f 1677/1359/930 1657/1339/912 1646/1328/901
f 1677/1359/930 1646/1328/901 1678/1360/931
f 1677/1359/930 1678/1360/931 1679/1361/155
f 1677/1359/930 1679/1361/155 1680/1362/932
f 1677/1359/930 1680/1362/932 1674/1356/927
f 1680/1362/932 1679/1361/155 1681/1363/933
f 1682/1364/934 1676/1358/929 1674/1356/927
f 1682/1364/934 1674/1356/927 1680/1362/932
f 1676/1358/929 1682/1364/934 1683/1365/935
f 1683/1365/935 1682/1364/934 1684/1366/936
f 1682/1364/934 1680/1362/932 1685/1367/937
f 1685/1367/937 1680/1362/932 1681/1363/933
f 1682/1364/934 1685/1367/937 1684/1366/936
f 1683/1365/935 1684/1366/936 1686/1368/938
f 1686/1368/938 1684/1366/936 1685/1367/937
f 1683/1365/935 1686/1368/938 1687/1369/921
f 1685/1367/937 1681/1363/933 1688/1370/939
f 1685/1367/937 1688/1370/939 1686/1368/938
f 1688/1370/939 1681/1363/933 1689/1371/940
f 1688/1370/939 1689/1371/940 1690/1372/941
f 1688/1370/939 1690/1372/941 1691/1373/942
f 1688/1370/939 1691/1373/942 1686/1368/938
f 1691/1373/942 1690/1372/941 1692/1374/943
f 1691/1373/942 1692/1374/943 1693/1375/944
f 1686/1368/938 1691/1373/942 1694/1376/945
f 1694/1376/945 1691/1373/942 1693/1375/944
f 1686/1368/938 1694/1376/945 1687/1369/921
f 1694/1376/945 1693/1375/944 1695/1377/946
f 1687/1369/921 1694/1376/945 1696/1378/947
f 1694/1376/945 1695/1377/946 1697/1379/917
f 1694/1376/945 1697/1379/917 1696/1378/947
f 1115/873/948 1698/1380/948 680/595/948
f 680/595/948 1698/1380/948 679/1381/948
f 1117/873/948 1699/1380/948 973/595/948
f 973/595/948 1699/1380/948 972/1381/948
f 1119/873/948 1700/1380/948 1027/595/948
f 1027/595/948 1700/1380/948 1026/1381/948
f 1121/873/948 1701/1380/948 1123/595/948
f 1123/595/948 1701/1380/948 1328/1381/948
f 1125/873/948 1702/1380/948 1127/595/948
f 1127/595/948 1702/1380/948 1703/1381/948
f 1129/873/948 1704/1380/948 1131/595/948
f 1131/595/948 1704/1380/948 1705/1381/948
f 1133/873/948 1706/1380/948 1135/595/948
f 1135/595/948 1706/1380/948 1707/1381/948
f 1137/873/948 1708/1380/948 1139/595/948
f 1139/595/948 1708/1380/948 1709/1381/948
f 1141/873/948 1375/1380/948 1143/595/948
f 1143/595/948 1375/1380/948 1710/1381/948
f 1181/873/948 1711/1380/948 1183/595/948
f 1183/595/948 1711/1380/948 1712/1381/948
f 1185/873/948 1713/1380/948 1187/595/948
f 1187/595/948 1713/1380/948 1714/1381/948
f 1189/873/948 1715/1380/948 1191/595/948
f 1191/595/948 1715/1380/948 1716/1381/948
f 1193/873/948 1717/1380/948 1195/595/948
f 1195/595/948 1717/1380/948 1718/1381/948
f 1197/873/948 1719/1380/948 1199/595/948
f 1199/595/948 1719/1380/948 1720/1381/948
f 1201/873/948 1721/1380/948 1203/595/948
f 1203/595/948 1721/1380/948 1722/1381/948
f 1205/873/948 1639/1380/948 1207/595/948
f 1207/595/948 1639/1380/948 1723/1381/948
f 1209/873/948 1381/1380/948 1211/595/948
f 1211/595/948 1381/1380/948 1724/1381/948
f 1213/873/948 1313/1380/948 1215/595/948
f 1215/595/948 1313/1380/948 1725/1381/948
f 1094/873/2 1096/874/2 1726/875/2
f 1726/875/2 1096/874/2 1727/876/2
f 1728/592/2 1126/593/2 1703/594/2
f 1703/594/2 1126/593/2 1127/595/2
f 675/1382/949 1729/1383/949 673/588/949
f 673/588/949 1729/1383/949 1084/988/949
f 968/1380/949 1730/1381/949 966/873/949
f 966/873/949 1730/1381/949 1086/595/949
f 1022/1380/949 1731/1381/949 1020/873/949
f 1020/873/949 1731/1381/949 1088/595/949
f 1325/1380/949 1732/1381/949 1090/873/949
f 1090/873/949 1732/1381/949 1091/595/949
f 1726/1380/949 1733/1381/949 1094/873/949
f 1094/873/949 1733/1381/949 1095/595/949
f 1734/1380/949 1735/1381/949 1098/873/949
f 1098/873/949 1735/1381/949 1099/595/949
f 1736/1380/949 1737/1381/949 1102/873/949
f 1102/873/949 1737/1381/949 1103/595/949
f 1738/1380/949 1739/1381/949 1106/873/949
f 1106/873/949 1739/1381/949 1107/595/949
f 1740/1380/949 1374/1381/949 1110/873/949
f 1110/873/949 1374/1381/949 1111/595/949
f 1741/1380/949 1742/1381/949 1144/873/949
f 1144/873/949 1742/1381/949 1145/595/949
f 1743/1380/949 1744/1381/949 1148/873/949
f 1148/873/949 1744/1381/949 1149/595/949
f 1745/1380/949 1746/1381/949 1152/873/949
f 1152/873/949 1746/1381/949 1153/595/949
f 1747/1380/949 1748/1381/949 1156/873/949
f 1156/873/949 1748/1381/949 1157/595/949
f 1749/1380/949 1750/1381/949 1160/873/949
f 1160/873/949 1750/1381/949 1161/595/949
f 1751/1380/949 1752/1381/949 1164/873/949
f 1164/873/949 1752/1381/949 1165/595/949
f 1753/1380/949 1638/1381/949 1168/873/949
f 1168/873/949 1638/1381/949 1169/595/949
f 1754/1380/949 1380/1381/949 1172/873/949
f 1172/873/949 1380/1381/949 1173/595/949
f 1755/1380/949 1312/1381/949 1176/873/949
f 1176/873/949 1312/1381/949 1177/595/949
f 1458/1384/950 1756/1385/951 1757/1386/406
f 1758/1387/747 1759/1388/747 1394/1121/747
f 1394/1121/747 1759/1388/747 1760/1389/747
f 1761/1390/747 1762/1391/747 1473/1200/747
f 1473/1200/747 1762/1391/747 1763/1392/747
f 765/1393/562 1068/1394/563 759/1395/952
f 759/1395/952 1068/1394/563 758/1396/952
f 1764/1397/953 1765/1398/954 1766/1399/955
f 1765/1398/954 1764/1397/953 1767/1400/956
f 1767/1400/956 1764/1397/953 1768/1401/867
f 1768/1401/867 1764/1397/953 1769/1402/957
f 1764/1397/953 1766/1399/955 1770/1403/958
f 1764/1397/953 1770/1403/958 1769/1402/957
f 1770/1403/958 1766/1399/955 1771/1404/959
f 1770/1403/958 1771/1404/959 1772/1405/960
f 1769/1402/957 1770/1403/958 1773/1406/953
f 1773/1406/953 1770/1403/958 1772/1405/960
f 1769/1402/957 1773/1406/953 1774/1407/961
f 1774/1407/961 1773/1406/953 1775/1408/962
f 1775/1408/962 1773/1406/953 1776/1409/963
f 1776/1409/963 1773/1406/953 1772/1405/960
f 1775/1408/962 1776/1409/963 1777/1410/964
f 1776/1409/963 1772/1405/960 1778/1411/965
f 1776/1409/963 1778/1411/965 1777/1410/964
f 1778/1411/965 1772/1405/960 1779/1412/966
f 1778/1411/965 1779/1412/966 1780/1413/967
f 1777/1410/964 1778/1411/965 1781/1414/968
f 1781/1414/968 1778/1411/965 1780/1413/967
f 1781/1414/968 1780/1413/967 1782/1415/969
f 1781/1414/968 1782/1415/969 1777/1410/964
f 1782/1415/969 1780/1413/967 1783/1416/970
f 1782/1415/969 1783/1416/970 1784/1417/971
f 1777/1410/964 1782/1415/969 1785/1418/972
f 1777/1410/964 1785/1418/972 1786/1419/973
f 1786/1419/973 1785/1418/972 1787/1420/974
f 1782/1415/969 1784/1417/971 1788/1421/862
f 1782/1415/969 1788/1421/862 1785/1418/972
f 1788/1421/862 1784/1417/971 1789/1422/975
f 1787/1420/974 1785/1418/972 1790/1423/976
f 1790/1423/976 1785/1418/972 1788/1421/862
f 1787/1420/974 1790/1423/976 1791/1424/977
f 1791/1424/977 1790/1423/976 1788/1421/862
f 1787/1420/974 1791/1424/977 1792/1425/978
f 1788/1421/862 1789/1422/975 1793/1426/979
f 1792/1425/978 1791/1424/977 1794/1427/977
f 1792/1425/978 1794/1427/977 1758/1387/980
f 1791/1424/977 1788/1421/862 1795/1428/981
f 1791/1424/977 1795/1428/981 1794/1427/977
f 1795/1428/981 1788/1421/862 1793/1426/979
f 1794/1427/977 1795/1428/981 1796/1429/982
f 1796/1429/982 1795/1428/981 1797/1430/983
f 1797/1430/983 1795/1428/981 1793/1426/979
f 1797/1430/983 1793/1426/979 1798/1431/984
f 1798/1431/984 1793/1426/979 1799/1432/984
f 1076/1433/985 1069/1434/564 772/1435/985
f 772/1435/985 1069/1434/564 770/1436/566
f 1800/1437/749 1801/1438/749 1802/1439/749
f 1800/1437/749 1802/1439/749 1803/1440/747
f 1802/1439/749 1801/1438/749 1804/1441/749
f 1803/1440/747 1802/1439/749 1805/1442/747
f 1804/1441/749 1801/1438/749 1806/1443/749
f 1803/1440/747 1805/1442/747 1807/1444/747
f 1804/1441/749 1806/1443/749 1808/1445/749
f 1807/1444/747 1805/1442/747 1809/1446/747
f 1808/1445/749 1806/1443/749 1810/1447/749
f 1807/1444/747 1809/1446/747 1811/1448/747
f 1808/1445/749 1810/1447/749 1812/1449/749
f 1811/1448/747 1809/1446/747 1813/1450/747
f 1808/1445/749 1812/1449/749 1814/1451/749
f 1813/1450/747 1809/1446/747 1814/1451/749
f 1813/1450/747 1814/1451/749 1812/1449/749
f 1805/1452/747 1802/1453/749 1809/1454/747
f 1809/1454/747 1802/1453/749 1814/1455/749
f 1814/1455/749 1802/1453/749 1808/1456/749
f 1808/1456/749 1802/1453/749 1804/1457/749
f 1815/1458/747 1816/1459/749 1817/1460/747
f 1817/1460/747 1816/1459/749 1818/1461/749
f 1818/1461/749 1816/1459/749 1819/1462/749
f 1819/1462/749 1816/1459/749 1820/1463/749
f 1816/1464/749 1821/1465/747 1822/1466/749
f 1816/1464/749 1822/1466/749 1823/1467/749
f 1821/1465/747 1816/1464/749 1815/1468/747
f 1816/1464/749 1823/1467/749 1820/1469/749
f 1821/1465/747 1815/1468/747 1824/1470/747
f 1820/1469/749 1823/1467/749 1825/1471/749
f 1824/1470/747 1815/1468/747 1817/1472/747
f 1820/1469/749 1825/1471/749 1819/1473/749
f 1824/1470/747 1817/1472/747 1826/1474/747
f 1819/1473/749 1825/1471/749 1827/1475/749
f 1826/1474/747 1817/1472/747 1828/1476/747
f 1819/1473/749 1827/1475/749 1829/1477/749
f 1828/1476/747 1817/1472/747 1818/1478/749
f 1819/1473/749 1829/1477/749 1818/1478/749
f 1818/1478/749 1829/1477/749 1828/1476/747
f 842/740/293 843/741/478 415/742/183
f 842/740/293 415/742/183 414/1479/182
f 701/551/402 702/552/403 1830/553/986
f 1830/553/986 702/552/403 1831/554/987
f 1830/553/986 1831/554/987 1832/555/988
f 1832/555/988 1831/554/987 1833/556/989
f 1832/555/988 1833/556/989 1834/557/990
f 1834/557/990 1833/556/989 1835/558/991
f 1836/1480/992 1837/1481/993 1838/1482/994
f 1838/1482/994 1837/1481/993 1839/1483/994
f 1838/1482/994 1839/1483/994 1840/1484/995
f 1840/1484/995 1839/1483/994 1841/1485/995
f 1840/1484/995 1841/1485/995 1842/1486/996
f 1842/1486/996 1841/1485/995 1843/1487/996
f 1844/1488/749 1435/1162/747 1418/1145/747
f 1845/1489/749 1844/1488/749 1846/1490/749
f 1846/1490/749 1844/1488/749 1756/1491/749
f 1756/1491/749 1844/1488/749 1847/1492/997
f 1847/1492/997 1844/1488/749 1418/1145/747
f 1847/1492/997 1418/1145/747 1848/1493/998
f 1847/1492/997 1848/1493/998 1849/1494/824
f 1848/1493/998 1418/1145/747 1850/1495/999
f 1850/1495/999 1418/1145/747 1429/1156/751
f 1849/1494/824 1848/1493/998 1851/1496/1000
f 1851/1496/1000 1848/1493/998 1850/1495/999
f 1850/1495/999 1429/1156/751 1852/1497/1001
f 1850/1495/999 1852/1497/1001 1851/1496/1000
f 1852/1497/1001 1429/1156/751 1853/1498/1002
f 1849/1494/824 1851/1496/1000 1854/1499/1003
f 1854/1499/1003 1851/1496/1000 1852/1497/1001
f 1854/1499/1003 1852/1497/1001 1853/1498/1002
f 1849/1494/824 1854/1499/1003 1855/1500/1004
f 1855/1500/1004 1854/1499/1003 1856/1501/862
f 1856/1501/862 1854/1499/1003 1857/1502/862
f 1857/1502/862 1854/1499/1003 1858/1503/1005
f 1858/1503/1005 1854/1499/1003 1859/1504/556
f 1859/1504/556 1854/1499/1003 1860/1505/773
f 1860/1505/773 1854/1499/1003 1861/1506/835
f 1861/1506/835 1854/1499/1003 1862/1507/835
f 1862/1507/835 1854/1499/1003 1863/1508/1006
f 1863/1508/1006 1854/1499/1003 1864/1509/1007
f 1864/1509/1007 1854/1499/1003 1865/1510/1008
f 1865/1510/1008 1854/1499/1003 1866/1511/858
f 1866/1511/858 1854/1499/1003 1867/1512/270
f 1867/1512/270 1854/1499/1003 1868/1513/1009
f 1868/1513/1009 1854/1499/1003 1869/1514/1010
f 1869/1514/1010 1854/1499/1003 1870/1515/345
f 1869/1514/1010 1870/1515/345 1871/1516/1011
f 1870/1515/345 1854/1499/1003 1872/1517/1012
f 1872/1517/1012 1854/1499/1003 1873/1518/1013
f 1873/1518/1013 1854/1499/1003 1853/1498/1002
f 1873/1518/1013 1853/1498/1002 1874/1519/1014
f 1873/1518/1013 1874/1519/1014 1875/1520/749
f 1873/1518/1013 1875/1520/749 1876/1521/749
f 1877/1522/149 1878/1523/1015 1879/1524/149
f 1878/1523/1015 1877/1522/149 1880/1525/1015
f 1878/1523/1015 1880/1525/1015 1881/1526/1016
f 1881/1526/1016 1880/1525/1015 1882/1527/1016
f 1881/1526/1016 1882/1527/1016 1883/1528/1017
f 1883/1528/1017 1882/1527/1016 1884/1529/1017
f 141/137/49 142/1530/50 1268/135/1018
f 141/137/49 1268/135/1018 102/136/30
f 102/136/30 1268/135/1018 222/134/64
f 1268/135/1018 142/1530/50 1269/1051/1019
f 1269/1051/1019 142/1530/50 1885/1531/749
f 1269/1051/1019 1885/1531/749 1270/1052/749
f 1270/1052/749 1885/1531/749 1886/1532/1020
f 1270/1052/749 1886/1532/1020 1274/1056/1021
f 1274/1056/1021 1886/1532/1020 1275/1057/1022
f 1275/1057/1022 1886/1532/1020 1887/1533/1023
f 1275/1057/1022 1887/1533/1023 1888/1534/917
f 1275/1057/1022 1888/1534/917 1533/1258/82
f 1889/1535/1024 1890/1536/1025 1891/1537/927
f 1891/1537/927 1890/1536/1025 1892/1538/984
f 1889/1535/1024 1891/1537/927 1893/1539/1026
f 1893/1539/1026 1891/1537/927 1892/1538/984
f 1889/1535/1024 1893/1539/1026 1894/1540/1024
f 1889/1535/1024 1894/1540/1024 1895/1541/364
f 1894/1540/1024 1893/1539/1026 1896/1542/1027
f 1894/1540/1024 1896/1542/1027 1895/1541/364
f 1893/1539/1026 1892/1538/984 1897/1543/984
f 1893/1539/1026 1897/1543/984 1898/1544/984
f 1893/1539/1026 1898/1544/984 1899/1545/1026
f 1893/1539/1026 1899/1545/1026 1896/1542/1027
f 1898/1544/984 1897/1543/984 1900/1546/1028
f 1900/1546/1028 1897/1543/984 1892/1538/984
f 1899/1545/1026 1898/1544/984 1901/1547/1029
f 1899/1545/1026 1901/1547/1029 1896/1542/1027
f 1902/1548/364 1895/1541/364 1896/1542/1027
f 1901/1547/1029 1898/1544/984 1903/1549/1030
f 1895/1541/364 1902/1548/364 1904/1550/1031
f 1902/1548/364 1896/1542/1027 1905/1551/1032
f 1902/1548/364 1905/1551/1032 1904/1550/1031
f 1905/1551/1032 1896/1542/1027 1906/1552/1033
f 1906/1552/1033 1896/1542/1027 1901/1547/1029
f 1905/1551/1032 1906/1552/1033 1907/1553/1034
f 1907/1553/1034 1906/1552/1033 1901/1547/1029
f 1905/1551/1032 1907/1553/1034 1908/1554/1035
f 1905/1551/1032 1908/1554/1035 1904/1550/1031
f 1909/1555/1036 1895/1541/364 1904/1550/1031
f 1895/1541/364 1909/1555/1036 1910/1556/1036
f 1910/1556/1036 1909/1555/1036 1911/1557/749
f 1911/1557/749 1909/1555/1036 1904/1550/1031
f 1910/1556/1036 1911/1557/749 1912/1558/749
f 1912/1558/749 1911/1557/749 1913/1559/1037
f 1911/1557/749 1904/1550/1031 1914/1560/1037
f 1911/1557/749 1914/1560/1037 1913/1559/1037
f 1915/1561/1009 1904/1550/1031 1908/1554/1035
f 1915/1561/1009 1908/1554/1035 1907/1553/1034
f 1914/1560/1037 1904/1550/1031 1916/1562/726
f 1914/1560/1037 1916/1562/726 1913/1559/1037
f 1904/1550/1031 1915/1561/1009 1917/1563/589
f 1904/1550/1031 1917/1563/589 1916/1562/726
f 1918/1564/624 1919/1565/624 1920/1566/1038
f 1918/1564/624 1920/1566/1038 1921/1567/1039
f 1918/1564/624 1921/1567/1039 1922/1568/382
f 1923/1569/1040 1924/1570/1040 1918/1564/624
f 1918/1564/624 1924/1570/1040 1919/1565/624
f 1925/1571/1041 1923/1569/1041 1926/1572/1041
f 1926/1572/1041 1923/1569/1041 1927/1573/1041
f 1927/1573/1041 1923/1569/1041 1918/1564/1041
f 1927/1573/1041 1918/1564/1041 1922/1568/1041
f 1928/592/137 1167/593/137 1752/594/137
f 1752/594/137 1167/593/137 1165/595/137
f 1201/873/137 1200/874/137 1721/875/137
f 1721/875/137 1200/874/137 1929/876/137
f 1930/1574/1042 1931/1575/556 1932/1576/1043
f 1387/1114/719 1385/1112/717 1393/1120/725
f 1387/1114/719 1393/1120/725 1392/1119/724
f 1933/1577/325 1934/1578/325 1605/1307/325
f 1605/1307/325 1934/1578/325 1606/1308/325
f 1935/1577/325 1936/1578/325 1609/1307/325
f 1609/1307/325 1936/1578/325 1610/1308/325
f 1937/1577/325 1938/1578/325 1613/1307/325
f 1613/1307/325 1938/1578/325 1614/1308/325
f 1939/1579/325 1940/1580/325 1617/1311/325
f 1617/1311/325 1940/1580/325 1618/1312/325
f 1371/544/711 1372/546/712 1355/545/689
f 1371/544/711 1355/545/689 1356/543/690
f 1371/544/711 1356/543/690 20/20/688
f 1371/544/711 20/20/688 21/17/713
f 1941/1581/1044 1942/1582/1045 1943/1583/1046
f 1943/1583/1046 1942/1582/1045 1944/1584/731
f 1941/1581/1044 1943/1583/1046 1945/1585/1047
f 1945/1585/1047 1943/1583/1046 1946/1586/1048
f 1945/1585/1047 1946/1586/1048 1947/1587/348
f 1945/1585/1047 1947/1587/348 1948/1588/1049
f 1948/1588/1049 1947/1587/348 1949/1589/348
f 1945/1585/1047 1948/1588/1049 1950/1590/377
f 1945/1585/1047 1950/1590/377 1951/1591/1050
f 1950/1590/377 1948/1588/1049 1952/1592/377
f 1948/1588/1049 1949/1589/348 1953/1593/1049
f 1948/1588/1049 1953/1593/1049 1952/1592/377
f 1953/1593/1049 1949/1589/348 1954/1594/1051
f 1953/1593/1049 1954/1594/1051 1952/1592/377
f 1952/1592/377 1954/1594/1051 1955/1595/1052
f 1954/1594/1051 1949/1589/348 1956/1596/1053
f 1954/1594/1051 1956/1596/1053 1957/1597/1054
f 1954/1594/1051 1957/1597/1054 1958/1598/1055
f 1958/1598/1055 1957/1597/1054 1959/1599/1056
f 1959/1599/1056 1957/1597/1054 1960/1600/1057
f 1961/1601/1058 1962/1602/624 1963/1603/1059
f 1963/1603/1059 1962/1602/624 1964/1604/1060
f 1964/1604/1060 1962/1602/624 1965/1605/624
f 1963/1603/1059 1964/1604/1060 1966/1606/348
f 1963/1603/1059 1966/1606/348 1967/1607/1053
f 1963/1603/1059 1967/1607/1053 1968/1608/1054
f 1966/1606/348 1964/1604/1060 1969/1609/348
f 1963/1603/1059 1968/1608/1054 1970/1610/1061
f 1970/1610/1061 1968/1608/1054 1971/1611/1062
f 1971/1611/1062 1968/1608/1054 1972/1612/1063
f 1969/1609/348 1964/1604/1060 1973/1613/1060
f 1973/1613/1060 1964/1604/1060 1965/1605/624
f 1969/1609/348 1973/1613/1060 1974/1614/1064
f 1974/1614/1064 1973/1613/1060 1965/1605/624
f 1974/1614/1064 1965/1605/624 1975/1615/1065
f 1969/1609/348 1974/1614/1064 1976/1616/1066
f 1976/1616/1066 1974/1614/1064 1403/1617/732
f 1403/1617/732 1974/1614/1064 1977/1618/1067
f 1403/1617/732 1977/1618/1067 1978/1619/1068
f 1403/1617/732 1978/1619/1068 1401/1620/731
f 1979/1621/1069 1980/1622/1070 1981/1623/1071
f 1979/1621/1069 1981/1623/1071 1982/1624/1072
f 1983/1625/1073 1984/1626/1074 1980/1622/1070
f 1980/1622/1070 1984/1626/1074 1985/1627/1075
f 1983/1625/1073 1980/1622/1070 1986/1628/1076
f 1980/1622/1070 1985/1627/1075 1987/1629/1077
f 1988/1630/1078 1989/1631/1079 1987/1629/1077
f 1987/1629/1077 1989/1631/1079 1990/1632/1080
f 1987/1629/1077 1990/1632/1080 1980/1622/1070
f 1990/1632/1080 1989/1631/1079 1991/1633/1081
f 1990/1632/1080 1991/1633/1081 1992/1634/1082
f 1990/1632/1080 1992/1634/1082 1980/1622/1070
f 1992/1634/1082 1991/1633/1081 1993/1635/1083
f 1992/1634/1082 1993/1635/1083 1994/1636/1084
f 1992/1634/1082 1994/1636/1084 1980/1622/1070
f 1994/1636/1084 1993/1635/1083 1995/1637/1085
f 1995/1637/1085 1993/1635/1083 1996/1638/1086
f 1995/1637/1085 1996/1638/1086 1997/1639/1087
f 1994/1636/1084 1995/1637/1085 1998/1640/1088
f 1994/1636/1084 1998/1640/1088 1980/1622/1070
f 1995/1637/1085 1997/1639/1087 1999/1641/1089
f 1995/1637/1085 1999/1641/1089 1998/1640/1088
f 1999/1641/1089 1997/1639/1087 2000/1642/1090
f 1980/1622/1070 1998/1640/1088 1981/1623/1071
f 1981/1623/1071 1998/1640/1088 1999/1641/1089
f 1981/1623/1071 1999/1641/1089 1982/1624/1072
f 1982/1624/1072 1999/1641/1089 2000/1643/1090
f 1982/1624/1072 2000/1643/1090 2001/1644/1091
f 1982/1624/1072 2001/1644/1091 2002/1645/1092
f 2002/1645/1092 2001/1644/1091 2003/1646/899
f 1982/1624/1072 2002/1645/1092 1979/1621/1069
f 2004/1647/1093 1980/1622/1070 1979/1621/1069
f 2004/1647/1093 1979/1621/1069 2002/1645/1092
f 2002/1645/1092 2003/1646/899 2005/1648/1094
f 2002/1645/1092 2005/1648/1094 2004/1647/1093
f 2005/1648/1094 2003/1646/899 2006/1649/899
f 1980/1622/1070 2004/1647/1093 2007/1650/1095
f 1980/1622/1070 2007/1650/1095 1986/1628/1076
f 1986/1628/1076 2007/1650/1095 2008/1651/811
f 2008/1651/811 2007/1650/1095 2009/1652/1096
f 2009/1652/1096 2007/1650/1095 2010/1653/1097
f 2004/1647/1093 2005/1648/1094 2011/1654/392
f 2004/1647/1093 2011/1654/392 2007/1650/1095
f 2005/1648/1094 2006/1649/899 2012/1655/1098
f 2005/1648/1094 2012/1655/1098 2011/1654/392
f 2012/1655/1098 2006/1649/899 2013/1656/1099
f 2011/1654/392 2012/1655/1098 2014/1657/1100
f 2011/1654/392 2014/1657/1100 2007/1650/1095
f 2012/1655/1098 2013/1656/1099 2015/1658/1101
f 2012/1655/1098 2015/1658/1101 2014/1657/1100
f 2015/1658/1101 2013/1656/1099 2016/1659/1102
f 2014/1657/1100 2015/1658/1101 2017/1660/1103
f 2014/1657/1100 2017/1660/1103 2007/1650/1095
f 2017/1660/1103 2015/1658/1101 2018/1661/1104
f 2018/1661/1104 2015/1658/1101 2016/1662/1102
f 2018/1661/1104 2016/1662/1102 2019/1663/1105
f 2017/1660/1103 2018/1661/1104 2020/1664/1106
f 2017/1660/1103 2020/1664/1106 2007/1650/1095
f 2018/1661/1104 2019/1663/1105 2021/1665/1107
f 2018/1661/1104 2021/1665/1107 2020/1664/1106
f 2021/1665/1107 2019/1663/1105 2022/1666/1108
f 2020/1664/1106 2021/1665/1107 2023/1667/1109
f 2020/1664/1106 2023/1667/1109 2007/1650/1095
f 2023/1667/1109 2021/1665/1107 2024/1668/1110
f 2023/1667/1109 2024/1668/1110 2025/1669/1111
f 2023/1667/1109 2025/1669/1111 2007/1650/1095
f 2025/1669/1111 2024/1668/1110 2026/1670/1112
f 2007/1650/1095 2025/1669/1111 2027/1671/1113
f 2027/1671/1113 2025/1669/1111 2026/1670/1112
f 2007/1650/1095 2027/1671/1113 2010/1653/1097
f 2027/1671/1113 2026/1670/1112 2028/1672/1114
f 2027/1671/1113 2028/1672/1114 2010/1653/1097
f 100/137/28 223/135/65 227/1530/69
f 227/1530/69 223/135/65 1526/1051/1115
f 227/1530/69 1526/1051/1115 2029/1531/1116
f 2029/1531/1116 1526/1051/1115 1527/1052/1116
f 2029/1531/1116 1527/1052/1116 2030/1532/1117
f 2030/1532/1117 1527/1052/1116 1530/1056/1118
f 2030/1532/1117 1530/1056/1118 1531/1057/1119
f 2030/1532/1117 1531/1057/1119 2031/1533/1120
f 2032/1673/1121 2033/1674/347 2034/1675/1122
f 2033/1674/347 2032/1673/1121 2035/1676/1123
f 2036/1677/345 2037/1678/1122 2034/1675/1122
f 2037/1678/1122 2036/1677/345 2038/1679/979
f 2036/1677/345 2034/1675/1122 2039/1680/345
f 2034/1675/1122 2033/1674/347 2040/1681/728
f 2034/1675/1122 2040/1681/728 2039/1680/345
f 2040/1681/728 2033/1674/347 2035/1676/1123
f 2036/1677/345 2039/1680/345 2041/1682/1122
f 2041/1682/1122 2039/1680/345 2040/1681/728
f 2040/1681/728 2035/1676/1123 2042/1683/1025
f 2042/1683/1025 2035/1676/1123 2043/1684/1003
f 2043/1684/1003 2035/1676/1123 2044/1685/927
f 2040/1681/728 2042/1683/1025 2045/1686/1124
f 2045/1686/1124 2042/1683/1025 2043/1684/1003
f 2041/1682/1122 2040/1681/728 2046/1687/1125
f 2046/1687/1125 2040/1681/728 2045/1686/1124
f 2041/1682/1122 2046/1687/1125 2047/1688/1126
f 2047/1688/1126 2046/1687/1125 2045/1686/1124
f 2041/1682/1122 2047/1688/1126 2048/1689/667
f 2047/1688/1126 2045/1686/1124 2049/1690/755
f 2041/1682/1122 2048/1689/667 2050/1691/667
f 2049/1690/755 2045/1686/1124 2051/1692/1127
f 2041/1682/1122 2050/1691/667 2052/1693/1122
f 2041/1682/1122 2052/1693/1122 2036/1677/345
f 2052/1693/1122 2050/1691/667 2053/1694/1128
f 2051/1692/1127 2045/1686/1124 2054/1695/772
f 2054/1695/772 2045/1686/1124 2043/1684/1003
f 2036/1677/345 2052/1693/1122 2038/1679/979
f 2051/1692/1127 2054/1695/772 2055/1696/1129
f 2055/1696/1129 2054/1695/772 2043/1684/1003
f 2051/1692/1127 2055/1696/1129 2056/1697/1130
f 2052/1693/1122 2053/1694/1128 2057/1698/751
f 2052/1693/1122 2057/1698/751 2038/1679/979
f 2057/1698/751 2053/1694/1128 2058/1699/1131
f 2057/1698/751 2058/1699/1131 2038/1679/979
f 2058/1699/1131 2053/1694/1128 2059/1700/1132
f 2056/1697/1130 2055/1696/1129 2060/1701/1133
f 2058/1699/1131 2059/1700/1132 2061/1702/1134
f 2038/1679/979 2058/1699/1131 2062/1703/1135
f 2038/1679/979 2062/1703/1135 2063/1704/1136
f 2058/1699/1131 2061/1702/1134 2064/1705/970
f 2063/1704/1136 2062/1703/1135 2065/1706/1137
f 2065/1706/1137 2062/1703/1135 2058/1699/1131
f 2065/1706/1137 2058/1699/1131 2064/1705/970
f 2063/1704/1136 2065/1706/1137 2066/1707/1026
f 2066/1707/1026 2065/1706/1137 2067/1708/1026
f 2064/1705/970 2061/1702/1134 2068/1709/1138
f 2064/1705/970 2068/1709/1138 2065/1706/1137
f 2068/1709/1138 2061/1702/1134 2069/1710/1139
f 2068/1709/1138 2069/1710/1139 2070/1711/1140
f 2065/1706/1137 2068/1709/1138 2071/1712/1137
f 2065/1706/1137 2071/1712/1137 2067/1708/1026
f 2068/1709/1138 2070/1711/1140 2072/1713/1141
f 2071/1712/1137 2068/1709/1138 2073/1714/982
f 2073/1714/982 2068/1709/1138 2072/1713/1141
f 2071/1712/1137 2073/1714/982 2067/1708/1026
f 2072/1713/1141 2070/1711/1140 2074/1715/366
f 2072/1713/1141 2074/1715/366 2073/1714/982
f 2074/1715/366 2070/1711/1140 2075/1716/1142
f 2074/1715/366 2075/1716/1142 2076/1717/1142
f 2073/1714/982 2074/1715/366 2077/1718/982
f 2067/1708/1026 2073/1714/982 2078/1719/1026
f 2074/1715/366 2076/1717/1142 2079/1720/366
f 2073/1714/982 2077/1718/982 2080/1721/1026
f 2073/1714/982 2080/1721/1026 2078/1719/1026
f 2077/1718/982 2074/1715/366 2081/1722/982
f 2077/1718/982 2081/1722/982 2080/1721/1026
f 2081/1722/982 2074/1715/366 2079/1720/366
f 2079/1720/366 2076/1717/1142 2060/1701/1133
f 2079/1720/366 2060/1701/1133 2082/1723/1143
f 2082/1723/1143 2060/1701/1133 2055/1696/1129
f 2079/1720/366 2082/1723/1143 2083/1724/749
f 2079/1720/366 2083/1724/749 2081/1722/982
f 2083/1724/749 2082/1723/1143 2055/1696/1129
f 2084/1725/927 2080/1721/1026 2081/1722/982
f 2084/1725/927 2081/1722/982 2083/1724/749
f 2083/1724/749 2055/1696/1129 2085/1726/1003
f 2085/1726/1003 2055/1696/1129 2043/1684/1003
f 2085/1726/1003 2043/1684/1003 2086/1727/927
f 2085/1726/1003 2086/1727/927 2083/1724/749
f 2086/1727/927 2043/1684/1003 2044/1685/927
f 2083/1724/749 2086/1727/927 2087/1728/1144
f 2083/1724/749 2087/1728/1144 2084/1725/927
f 2087/1728/1144 2086/1727/927 2088/1729/1144
f 2087/1728/1144 2088/1729/1144 2084/1725/927
f 2088/1729/1144 2086/1727/927 2089/1730/1144
f 2088/1729/1144 2089/1730/1144 2090/1731/1144
f 2084/1725/927 2088/1729/1144 2091/1732/1144
f 2091/1732/1144 2088/1729/1144 2090/1731/1144
f 2084/1725/927 2091/1732/1144 2092/1733/927
f 2092/1733/927 2091/1732/1144 2090/1731/1144
f 2084/1725/927 2092/1733/927 2080/1721/1026
f 2092/1733/927 2090/1731/1144 2093/1734/1025
f 2080/1721/1026 2092/1733/927 2094/1735/1026
f 2094/1735/1026 2092/1733/927 2093/1734/1025
f 2080/1721/1026 2094/1735/1026 2078/1719/1026
f 2078/1719/1026 2094/1735/1026 2067/1708/1026
f 2094/1735/1026 2093/1734/1025 2095/1736/1003
f 2094/1735/1026 2095/1736/1003 2067/1708/1026
f 2095/1736/1003 2093/1734/1025 2096/1737/1003
f 2095/1736/1003 2096/1737/1003 2067/1708/1026
f 1605/1307/2 1607/1309/2 1933/1738/2
f 1933/1738/2 1607/1309/2 2097/1739/2
f 2098/1740/2 1623/1317/2 2099/1741/2
f 2099/1741/2 1623/1317/2 1624/1318/2
f 2100/1742/1145 2101/1743/1026 2102/1744/773
f 2101/1743/1026 2100/1742/1145 2103/1745/1025
f 2102/1744/773 2101/1743/1026 2104/1746/1024
f 2100/1742/1145 2102/1744/773 2105/1747/827
f 2105/1747/827 2102/1744/773 2104/1746/1024
f 2105/1747/827 2104/1746/1024 2106/1748/364
f 2100/1742/1145 2105/1747/827 2107/1749/831
f 2103/1745/1025 2100/1742/1145 2108/1750/1146
f 2107/1749/831 2105/1747/827 2109/1751/1147
f 2100/1742/1145 2107/1749/831 2110/1752/1148
f 2110/1752/1148 2107/1749/831 2109/1751/1147
f 2108/1750/1146 2100/1742/1145 2111/1753/1149
f 2111/1753/1149 2100/1742/1145 2110/1752/1148
f 2103/1745/1025 2108/1750/1146 2112/1754/1150
f 2103/1745/1025 2112/1754/1150 2101/1743/1026
f 2109/1751/1147 2105/1747/827 2113/1755/1151
f 2113/1755/1151 2105/1747/827 2114/1756/773
f 2114/1756/773 2105/1747/827 2106/1748/364
f 2109/1751/1147 2113/1755/1151 2115/1757/720
f 2115/1757/720 2113/1755/1151 2114/1756/773
f 2109/1751/1147 2115/1757/720 2116/1758/1152
f 2109/1751/1147 2116/1758/1152 2117/1759/1153
f 2109/1751/1147 2117/1759/1153 2118/1760/1154
f 2109/1751/1147 2118/1760/1154 2110/1752/1148
f 2110/1752/1148 2118/1760/1154 2119/1761/758
f 2119/1761/758 2118/1760/1154 2117/1759/1153
f 2110/1752/1148 2119/1761/758 2120/1762/1155
f 2110/1752/1148 2120/1762/1155 2121/1763/1156
f 2110/1752/1148 2121/1763/1156 2111/1753/1149
f 2111/1753/1149 2121/1763/1156 2108/1750/1146
f 2121/1763/1156 2120/1762/1155 2122/1764/1157
f 2122/1764/1157 2120/1762/1155 2119/1761/758
f 2108/1750/1146 2121/1763/1156 2123/1765/1158
f 2123/1765/1158 2121/1763/1156 2122/1764/1157
f 2108/1750/1146 2123/1765/1158 2124/1766/1159
f 2124/1766/1159 2123/1765/1158 2122/1764/1157
f 2108/1750/1146 2124/1766/1159 2125/1767/216
f 2108/1750/1146 2125/1767/216 2112/1754/1150
f 2122/1764/1157 2119/1761/758 2126/1768/1160
f 2124/1766/1159 2122/1764/1157 2127/1769/1161
f 2122/1764/1157 2126/1768/1160 2128/1770/1162
f 2122/1764/1157 2128/1770/1162 2127/1769/1161
f 2124/1766/1159 2127/1769/1161 2129/1771/1163
f 2129/1771/1163 2127/1769/1161 2128/1770/1162
f 2130/1772/1164 2131/1773/659 2132/1774/1165
f 2130/1772/1164 2132/1774/1165 2133/1775/1166
f 2130/1772/1164 2133/1775/1166 2134/1776/1167
f 2130/1772/1164 2134/1776/1167 2135/1777/627
f 2135/1777/627 2134/1776/1167 2136/1778/325
f 2134/1776/1167 2133/1775/1166 2137/1779/1168
f 2137/1779/1168 2133/1775/1166 2132/1774/1165
f 2136/1778/325 2134/1776/1167 2138/1780/280
f 2138/1780/280 2134/1776/1167 2137/1779/1168
f 2136/1778/325 2138/1780/280 2139/1781/156
f 2139/1781/156 2138/1780/280 2137/1779/1168
f 2136/1778/325 2139/1781/156 2140/1782/1169
f 2137/1779/1168 2132/1774/1165 2141/1783/1170
f 2141/1783/1170 2132/1774/1165 2142/1784/1171
f 2139/1781/156 2137/1779/1168 2143/1785/1172
f 2142/1784/1171 2132/1774/1165 2144/1786/1173
f 2140/1782/1169 2139/1781/156 2145/1787/1169
f 2139/1781/156 2143/1785/1172 2146/1788/1170
f 2145/1787/1169 2139/1781/156 2147/1789/156
f 2147/1789/156 2139/1781/156 2146/1788/1170
f 2145/1787/1169 2147/1789/156 2148/1790/1174
f 2148/1790/1174 2147/1789/156 2146/1788/1170
f 2145/1787/1169 2148/1790/1174 2149/1791/1175
f 2148/1790/1174 2146/1788/1170 2150/1792/1176
f 2149/1791/1175 2148/1790/1174 2151/1793/1177
f 2148/1790/1174 2150/1792/1176 2152/1794/1178
f 2151/1793/1177 2148/1790/1174 2153/1795/1179
f 2153/1795/1179 2148/1790/1174 2152/1794/1178
f 2151/1793/1177 2153/1795/1179 2154/1796/1180
f 2154/1796/1180 2153/1795/1179 2152/1794/1178
f 2151/1793/1177 2154/1796/1180 2155/1797/1181
f 2154/1796/1180 2152/1794/1178 2156/1798/1182
f 2155/1797/1181 2154/1796/1180 2157/1799/1183
f 2157/1799/1183 2154/1796/1180 2156/1798/1182
f 1867/1512/1184 2158/1800/959 1766/1399/955
f 1766/1399/955 2158/1800/959 2159/1801/1185
f 1867/1512/1184 1766/1399/955 2160/1802/1186
f 1867/1512/1184 2160/1802/1186 2161/1803/1187
f 1867/1512/1184 2161/1803/1187 1866/1511/1187
f 1866/1511/1187 2161/1803/1187 1865/1510/1187
f 2161/1803/1187 2160/1802/1186 1765/1398/954
f 1765/1398/954 2160/1802/1186 1766/1399/955
f 1865/1510/1187 2161/1803/1187 2162/1804/1187
f 1865/1510/1187 2162/1804/1187 1864/1509/1188
f 1864/1509/1188 2162/1804/1187 2163/1805/1188
f 1766/1399/955 2159/1801/1185 1771/1404/959
f 1864/1509/1188 2163/1805/1188 2164/1806/1189
f 1864/1509/1188 2164/1806/1189 2165/1807/80
f 2163/1805/1188 2162/1804/1187 2166/1808/1190
f 2163/1805/1188 2166/1808/1190 2164/1806/1189
f 2165/1807/80 2164/1806/1189 2167/1809/1185
f 1771/1404/959 2159/1801/1185 1772/1405/960
f 1772/1405/960 2159/1801/1185 2168/1810/1191
f 1772/1405/960 2168/1810/1191 1779/1412/966
f 2167/1809/1185 2164/1806/1189 2169/1811/1192
f 2167/1809/1185 2169/1811/1192 2170/1812/1193
f 2167/1809/1185 2170/1812/1193 2171/1813/1194
f 2171/1813/1194 2170/1812/1193 2172/1814/1195
f 2172/1814/1195 2170/1812/1193 2173/1815/1196
f 2169/1811/1192 2164/1806/1189 2174/1816/1197
f 2169/1811/1192 2174/1816/1197 2170/1812/1193
f 2173/1815/1196 2170/1812/1193 2175/1817/559
f 2174/1816/1197 2164/1806/1189 2176/1818/1197
f 2173/1815/1196 2175/1817/559 2177/1819/430
f 2173/1815/1196 2177/1819/430 2178/1820/1198
f 2175/1817/559 2170/1812/1193 2179/1821/1199
f 2175/1817/559 2179/1821/1199 2177/1819/430
f 2178/1820/1198 2177/1819/430 2180/1822/1200
f 2179/1821/1199 2170/1812/1193 2181/1823/1201
f 2181/1823/1201 2170/1812/1193 2174/1816/1197
f 2181/1823/1201 2174/1816/1197 2182/1824/1202
f 2182/1824/1202 2174/1816/1197 2176/1818/1197
f 2181/1823/1201 2182/1824/1202 2183/1825/1203
f 2182/1824/1202 2176/1818/1197 2184/1826/1204
f 2181/1823/1201 2183/1825/1203 2185/1827/1205
f 2181/1823/1201 2185/1827/1205 2179/1821/1199
f 2184/1826/1204 2176/1818/1197 2186/1828/1206
f 2179/1821/1199 2185/1827/1205 2187/1829/1207
f 2179/1821/1199 2187/1829/1207 2177/1819/430
f 2187/1829/1207 2185/1827/1205 2188/1830/1208
f 2187/1829/1207 2188/1830/1208 2189/1831/1209
f 2187/1829/1207 2189/1831/1209 2177/1819/430
f 2189/1831/1209 2188/1830/1208 2190/1832/1210
f 2177/1819/430 2189/1831/1209 1930/1574/1042
f 2177/1819/430 1930/1574/1042 2180/1822/1200
f 2180/1822/1200 1930/1574/1042 1932/1576/1043
f 2189/1831/1209 2190/1832/1210 2191/1833/1211
f 2189/1831/1209 2191/1833/1211 1930/1574/1042
f 2191/1833/1211 2190/1832/1210 2192/1834/1212
f 1930/1574/1042 2191/1833/1211 2193/1835/1137
f 1930/1574/1042 2193/1835/1137 1931/1575/556
f 2191/1833/1211 2192/1834/1212 2194/1836/1213
f 2194/1836/1213 2192/1834/1212 1763/1392/1214
f 2191/1833/1211 2194/1836/1213 2195/1837/1026
f 2191/1833/1211 2195/1837/1026 2193/1835/1137
f 2193/1835/1137 2195/1837/1026 1931/1575/556
f 1931/1575/556 2195/1837/1026 2196/1838/1027
f 1931/1575/556 2196/1838/1027 2197/1839/1215
f 2197/1839/1215 2196/1838/1027 2198/1840/1215
f 2199/1841/1216 2200/1842/1217 2201/1843/1218
f 2199/1841/1216 2201/1843/1218 2202/1844/1219
f 2199/1841/1216 2202/1844/1219 2203/1845/955
f 2202/1844/1219 2201/1843/1218 2204/1846/1189
f 2199/1841/1216 2203/1845/955 2205/1847/559
f 2199/1841/1216 2205/1847/559 2200/1842/1217
f 2205/1847/559 2203/1845/955 2206/1848/1220
f 2205/1847/559 2206/1848/1220 2207/1849/1221
f 2207/1849/1221 2206/1848/1220 2208/1850/1222
f 2207/1849/1221 2208/1850/1222 2209/1851/1223
f 2205/1847/559 2207/1849/1221 2210/1852/1224
f 2205/1847/559 2210/1852/1224 2200/1842/1217
f 2207/1849/1221 2209/1851/1223 2211/1853/1225
f 2211/1853/1225 2209/1851/1223 2212/1854/1226
f 2210/1852/1224 2207/1849/1221 2213/1855/1227
f 2213/1855/1227 2207/1849/1221 2211/1853/1225
f 2210/1852/1224 2213/1855/1227 787/682/1228
f 2210/1852/1224 787/682/1228 786/681/1229
f 2210/1852/1224 786/681/1229 2200/1842/1217
f 787/682/1228 2213/1855/1227 784/679/573
f 2200/1842/1217 786/681/1229 789/684/1230
f 2200/1842/1217 789/684/1230 788/683/1231
f 784/679/573 2213/1855/1227 2214/1856/1232
f 2214/1856/1232 2213/1855/1227 2211/1853/1225
f 2200/1842/1217 788/683/1231 2215/1857/1217
f 2200/1842/1217 2215/1857/1217 2201/1843/1218
f 2215/1857/1217 788/683/1231 2216/1858/1233
f 2215/1857/1217 2216/1858/1233 2201/1843/1218
f 2216/1858/1233 788/683/1231 790/685/737
f 784/679/573 2214/1856/1232 2217/1859/1234
f 2217/1859/1234 2214/1856/1232 2211/1853/1225
f 784/679/573 2217/1859/1234 782/677/1235
f 782/677/1235 2217/1859/1234 783/678/1236
f 2216/1858/1233 790/685/737 2218/1860/1237
f 2218/1860/1237 790/685/737 791/686/1238
f 2219/1861/967 2201/1843/1218 2216/1858/1233
f 2219/1861/967 2216/1858/1233 2218/1860/1237
f 2201/1843/1218 2219/1861/967 2204/1846/1189
f 2204/1846/1189 2219/1861/967 2220/1862/1239
f 2220/1862/1239 2219/1861/967 2218/1860/1237
f 2204/1846/1189 2220/1862/1239 2221/1863/1240
f 2218/1860/1237 791/686/1238 2222/1864/1241
f 2218/1860/1237 2222/1864/1241 2220/1862/1239
f 2222/1864/1241 791/686/1238 803/698/1242
f 2221/1863/1240 2220/1862/1239 2223/1865/1243
f 2223/1865/1243 2220/1862/1239 2222/1864/1241
f 2221/1863/1240 2223/1865/1243 2224/1866/1244
f 2222/1864/1241 803/698/1242 2225/1867/1245
f 2222/1864/1241 2225/1867/1245 2223/1865/1243
f 2225/1867/1245 803/698/1242 811/706/1246
f 2224/1866/1244 2223/1865/1243 2226/1868/559
f 2226/1868/559 2223/1865/1243 2225/1867/1245
f 2224/1866/1244 2226/1868/559 2227/1869/1247
f 2227/1869/1247 2226/1868/559 2228/1870/1248
f 2225/1867/1245 811/706/1246 2229/1871/1148
f 2225/1867/1245 2229/1871/1148 2226/1868/559
f 2229/1871/1148 811/706/1246 809/704/1249
f 2228/1870/1248 2226/1868/559 2230/1872/1250
f 2230/1872/1250 2226/1868/559 2229/1871/1148
f 2228/1870/1248 2230/1872/1250 2231/1873/1251
f 2229/1871/1148 809/704/1249 2232/1874/1252
f 2229/1871/1148 2232/1874/1252 2230/1872/1250
f 2232/1874/1252 809/704/1249 810/705/1253
f 2231/1873/1251 2230/1872/1250 2233/1875/1254
f 2233/1875/1254 2230/1872/1250 2232/1874/1252
f 2231/1873/1251 2233/1875/1254 2234/1876/1255
f 2234/1876/1255 2233/1875/1254 2235/1877/1256
f 2232/1874/1252 810/705/1253 2236/1878/1257
f 2232/1874/1252 2236/1878/1257 2233/1875/1254
f 2236/1878/1257 810/705/1253 802/697/1258
f 2236/1878/1257 802/697/1258 808/703/1259
f 2235/1877/1256 2233/1875/1254 2237/1879/1260
f 2237/1879/1260 2233/1875/1254 2236/1878/1257
f 2235/1877/1256 2237/1879/1260 2238/1880/1261
f 2236/1878/1257 808/703/1259 2239/1881/1262
f 2236/1878/1257 2239/1881/1262 2237/1879/1260
f 2239/1881/1262 808/703/1259 2240/1882/1263
f 2240/1882/1263 808/703/1259 806/701/1264
f 2239/1881/1262 2240/1882/1263 2241/1883/1265
f 2238/1880/1261 2237/1879/1260 2242/1884/1266
f 2242/1884/1266 2237/1879/1260 2239/1881/1262
f 2242/1884/1266 2239/1881/1262 2241/1883/1265
f 2238/1880/1261 2242/1884/1266 2243/1885/1267
f 2243/1885/1267 2242/1884/1266 2244/1886/1268
f 2244/1886/1268 2242/1884/1266 2241/1883/1265
f 2244/1886/1268 2241/1883/1265 2245/1887/1269
f 1265/1048/625 1266/1049/325 2246/1888/280
f 1265/1048/625 2246/1888/280 1523/1256/822
f 1265/1048/625 1523/1256/822 1268/135/626
f 1268/135/626 1523/1256/822 222/134/785
f 2247/1889/1270 2248/1890/1271 2249/1891/1272
f 1941/1581/1044 1945/1585/1047 2248/1890/1271
f 2248/1890/1271 1945/1585/1047 1951/1591/1050
f 1941/1581/1044 2248/1890/1271 1942/1582/1045
f 1942/1582/1045 2248/1890/1271 2247/1889/1270
f 2248/1890/1271 1951/1591/1050 2250/1892/1116
f 2250/1892/1116 1951/1591/1050 1950/1590/377
f 2249/1891/1272 2248/1890/1271 2251/1893/1272
f 2251/1893/1272 2248/1890/1271 2250/1892/1116
f 1942/1582/1045 2247/1889/1270 2252/1894/1273
f 2252/1894/1273 2247/1889/1270 2249/1891/1272
f 1944/1584/731 1942/1582/1045 2253/1895/1274
f 2253/1895/1274 1942/1582/1045 2254/1896/1275
f 2254/1896/1275 1942/1582/1045 2252/1894/1273
f 2253/1895/1274 2254/1896/1275 2255/1897/1276
f 2255/1897/1276 2254/1896/1275 2252/1894/1273
f 2253/1895/1274 2255/1897/1276 2256/1898/1277
f 2256/1898/1277 2255/1897/1276 2257/1899/1278
f 2255/1897/1276 2252/1894/1273 2258/1900/1279
f 2257/1899/1278 2255/1897/1276 2259/1901/1280
f 2255/1897/1276 2258/1900/1279 2260/1902/1281
f 2255/1897/1276 2260/1902/1281 2259/1901/1280
f 2257/1899/1278 2259/1901/1280 2261/1903/1280
f 2261/1903/1280 2259/1901/1280 2260/1902/1281
f 2257/1899/1278 2261/1903/1280 2262/1904/1278
f 2258/1900/1279 2252/1894/1273 2263/1905/1282
f 2258/1900/1279 2263/1905/1282 2260/1902/1281
f 2263/1905/1282 2252/1894/1273 2264/1906/1283
f 2264/1906/1283 2252/1894/1273 2249/1891/1272
f 2262/1904/1278 2261/1903/1280 2265/1907/1284
f 2262/1904/1278 2265/1907/1284 2266/1908/1285
f 2266/1908/1285 2265/1907/1284 2267/1909/1286
f 2268/1910/1281 2261/1903/1280 2260/1902/1281
f 2261/1903/1280 2268/1910/1281 2265/1907/1284
f 2264/1906/1283 2249/1891/1272 2269/1911/386
f 2264/1906/1283 2269/1911/386 2263/1905/1282
f 2267/1909/1286 2265/1907/1284 2270/1912/1287
f 2265/1907/1284 2268/1910/1281 2271/1913/1288
f 2267/1909/1286 2270/1912/1287 1959/1599/1056
f 2267/1909/1286 1959/1599/1056 1960/1600/1057
f 2270/1912/1287 2265/1907/1284 2272/1914/1289
f 2272/1914/1289 2265/1907/1284 2271/1913/1288
f 2270/1912/1287 2272/1914/1289 1959/1599/1056
f 2271/1913/1288 2268/1910/1281 2273/1915/802
f 2271/1913/1288 2273/1915/802 2272/1914/1289
f 1959/1599/1056 2272/1914/1289 2274/1916/1290
f 1959/1599/1056 2274/1916/1290 2275/1917/1291
f 1959/1599/1056 2275/1917/1291 1958/1598/1055
f 1958/1598/1055 2275/1917/1291 1954/1594/1051
f 1954/1594/1051 2275/1917/1291 1955/1595/1052
f 2275/1917/1291 2274/1916/1290 2276/1918/1292
f 2276/1918/1292 2274/1916/1290 2272/1914/1289
f 1955/1595/1052 2275/1917/1291 2277/1919/621
f 1955/1595/1052 2277/1919/621 1952/1592/377
f 2275/1917/1291 2276/1918/1292 2278/1920/1292
f 2275/1917/1291 2278/1920/1292 2277/1919/621
f 2276/1918/1292 2272/1914/1289 2279/1921/814
f 2279/1921/814 2272/1914/1289 2273/1915/802
f 2278/1920/1292 2276/1918/1292 2280/1922/1040
f 2278/1920/1292 2280/1922/1040 2277/1919/621
f 2276/1918/1292 2279/1921/814 2281/1923/1293
f 2281/1923/1293 2279/1921/814 2273/1915/802
f 2280/1922/1040 2276/1918/1292 2282/1924/1040
f 2282/1924/1040 2276/1918/1292 2281/1923/1293
f 2283/1925/1294 1952/1592/377 2277/1919/621
f 1952/1592/377 2283/1925/1294 2284/1926/1295
f 1952/1592/377 2284/1926/1295 1950/1590/377
f 2283/1925/1294 2277/1919/621 2285/1927/1272
f 2283/1925/1294 2285/1927/1272 2284/1926/1295
f 1950/1590/377 2284/1926/1295 2250/1892/1116
f 2285/1927/1272 2277/1919/621 2286/1928/1040
f 2286/1928/1040 2277/1919/621 2280/1922/1040
f 2284/1926/1295 2285/1927/1272 2287/1929/1040
f 2284/1926/1295 2287/1929/1040 2250/1892/1116
f 2285/1927/1272 2286/1928/1040 2288/1930/1040
f 2288/1930/1040 2286/1928/1040 2280/1922/1040
f 2285/1927/1272 2288/1930/1040 2289/1931/1040
f 2285/1927/1272 2289/1931/1040 2287/1929/1040
f 2250/1892/1116 2287/1929/1040 2290/1932/1272
f 2287/1929/1040 2289/1931/1040 2291/1933/1040
f 2250/1892/1116 2290/1932/1272 2292/1934/1272
f 2250/1892/1116 2292/1934/1272 2251/1893/1272
f 2290/1932/1272 2287/1929/1040 2293/1935/1272
f 2293/1935/1272 2287/1929/1040 2291/1933/1040
f 2290/1932/1272 2293/1935/1272 2292/1934/1272
f 2251/1893/1272 2292/1934/1272 2249/1891/1272
f 2291/1933/1040 2289/1931/1040 2294/1936/1040
f 2291/1933/1040 2294/1936/1040 2293/1935/1272
f 2295/1937/1272 2289/1931/1040 2288/1930/1040
f 2289/1931/1040 2295/1937/1272 2294/1936/1040
f 2295/1937/1272 2288/1930/1040 2296/1938/1040
f 2296/1938/1040 2288/1930/1040 2280/1922/1040
f 2293/1935/1272 2294/1936/1040 2297/1939/1272
f 2293/1935/1272 2297/1939/1272 2292/1934/1272
f 2298/1940/1272 2249/1891/1272 2292/1934/1272
f 2249/1891/1272 2298/1940/1272 2269/1911/386
f 2292/1934/1272 2297/1939/1272 2299/1941/1296
f 2299/1941/1296 2297/1939/1272 2294/1936/1040
f 2298/1940/1272 2292/1934/1272 2300/1942/1292
f 2298/1940/1272 2300/1942/1292 2269/1911/386
f 2292/1934/1272 2299/1941/1296 2301/1943/1297
f 2292/1934/1272 2301/1943/1297 2300/1942/1292
f 2301/1943/1297 2299/1941/1296 2302/1944/1298
f 2301/1943/1297 2302/1944/1298 2300/1942/1292
f 2299/1941/1296 2294/1936/1040 2303/1945/1299
f 2299/1941/1296 2303/1945/1299 2157/1799/1183
f 2303/1945/1299 2294/1936/1040 1921/1946/1039
f 2303/1945/1299 1921/1946/1039 2157/1799/1183
f 1921/1946/1039 2294/1936/1040 1922/1947/382
f 1922/1947/382 2294/1936/1040 2304/1948/815
f 1922/1947/382 2304/1948/815 1927/1949/1272
f 2304/1948/815 2294/1936/1040 2295/1937/1272
f 2299/1941/1296 2157/1799/1183 2305/1950/1300
f 2299/1941/1296 2305/1950/1300 2302/1944/1298
f 2157/1799/1183 1921/1946/1039 2155/1797/1181
f 2155/1797/1181 1921/1946/1039 2151/1793/1177
f 2151/1793/1177 1921/1946/1039 2306/1951/806
f 2151/1793/1177 2306/1951/806 2307/1952/1301
f 2307/1952/1301 2306/1951/806 2308/1953/1302
f 2151/1793/1177 2307/1952/1301 2309/1954/1303
f 2309/1954/1303 2307/1952/1301 2308/1953/1302
f 2151/1793/1177 2309/1954/1303 2149/1791/1175
f 2149/1791/1175 2309/1954/1303 2145/1787/1169
f 2145/1787/1169 2309/1954/1303 2310/1955/1304
f 2310/1955/1304 2309/1954/1303 2308/1953/1302
f 2145/1787/1169 2310/1955/1304 2311/1956/1304
f 2311/1956/1304 2310/1955/1304 2308/1953/1302
f 2145/1787/1169 2311/1956/1304 2140/1782/1169
f 2140/1782/1169 2311/1956/1304 2136/1778/325
f 2136/1778/325 2311/1956/1304 2312/1957/1305
f 2136/1778/325 2312/1957/1305 2313/1958/1306
f 2136/1778/325 2313/1958/1306 2135/1777/627
f 2312/1957/1305 2311/1956/1304 2314/1959/649
f 2312/1957/1305 2314/1959/649 2313/1958/1306
f 2311/1956/1304 2308/1953/1302 2315/1960/649
f 2311/1956/1304 2315/1960/649 2314/1959/649
f 2135/1777/627 2313/1958/1306 2130/1772/1164
f 2315/1960/649 2308/1953/1302 2316/1961/1307
f 2315/1960/649 2316/1961/1307 2314/1959/649
f 2313/1958/1306 2314/1959/649 2317/1962/1279
f 2130/1772/1164 2313/1958/1306 2318/1963/1308
f 2313/1958/1306 2317/1962/1279 2319/1964/1309
f 2313/1958/1306 2319/1964/1309 2318/1963/1308
f 2130/1772/1164 2318/1963/1308 2320/1965/1116
f 2320/1965/1116 2318/1963/1308 2319/1964/1309
f 2317/1962/1279 2314/1959/649 2321/1966/1310
f 2317/1962/1279 2321/1966/1310 2319/1964/1309
f 2322/1967/1311 2314/1959/649 2316/1961/1307
f 2314/1959/649 2322/1967/1311 2321/1966/1310
f 2322/1967/1311 2316/1961/1307 2323/1968/1312
f 2322/1967/1311 2323/1968/1312 2321/1966/1310
f 2323/1968/1312 2316/1961/1307 2324/1969/1312
f 2321/1966/1310 2323/1968/1312 2325/1970/1313
f 2324/1969/1312 2316/1961/1307 2326/1971/1314
f 2321/1966/1310 2325/1970/1313 2327/1972/1315
f 2321/1966/1310 2327/1972/1315 2328/1973/1316
f 2321/1966/1310 2328/1973/1316 2319/1964/1309
f 2328/1973/1316 2327/1972/1315 2329/1974/1068
f 2328/1973/1316 2329/1974/1068 2319/1964/1309
f 2329/1974/1068 2327/1972/1315 2330/1975/1317
f 2319/1964/1309 2329/1974/1068 2331/1976/1318
f 2319/1964/1309 2331/1976/1318 2320/1965/1116
f 2331/1976/1318 2329/1974/1068 2332/1977/1319
f 2331/1976/1318 2332/1977/1319 2320/1965/1116
f 2332/1977/1319 2329/1974/1068 2333/1978/1320
f 2332/1977/1319 2333/1978/1320 2334/1979/646
f 2320/1965/1116 2332/1977/1319 2335/1980/643
f 2332/1977/1319 2334/1979/646 2336/1981/629
f 2335/1980/643 2332/1977/1319 2337/1982/1294
f 2337/1982/1294 2332/1977/1319 2336/1981/629
f 2336/1981/629 2334/1979/646 2338/1983/1321
f 2336/1981/629 2338/1983/1321 2337/1982/1294
f 2338/1983/1321 2334/1979/646 2339/1984/1322
f 2338/1983/1321 2339/1984/1322 2340/1985/1323
f 2320/1965/1116 2335/1980/643 2341/1986/1324
f 2341/1986/1324 2335/1980/643 2337/1982/1294
f 2320/1965/1116 2341/1986/1324 2342/1987/1308
f 2320/1965/1116 2342/1987/1308 2130/1772/1164
f 2130/1772/1164 2342/1987/1308 2343/1988/1325
f 2343/1988/1325 2342/1987/1308 2341/1986/1324
f 2130/1772/1164 2343/1988/1325 2131/1773/659
f 2344/1989/382 2337/1982/1294 2338/1983/1321
f 2345/1990/1326 2338/1983/1321 2340/1985/1323
f 2345/1990/1326 2340/1985/1323 2346/1991/1327
f 2344/1989/382 2338/1983/1321 2347/1992/382
f 2347/1992/382 2338/1983/1321 2345/1990/1326
f 2345/1990/1326 2346/1991/1327 2348/1993/1328
f 2344/1989/382 2347/1992/382 2349/1994/1329
f 2344/1989/382 2349/1994/1329 2337/1982/1294
f 2347/1992/382 2345/1990/1326 2350/1995/1330
f 2350/1995/1330 2345/1990/1326 2348/1993/1328
f 2348/1993/1328 2346/1991/1327 2351/1996/790
f 2348/1993/1328 2351/1996/790 2350/1995/1330
f 2351/1996/790 2346/1991/1327 2352/1997/1331
f 2337/1982/1294 2349/1994/1329 2353/1998/1332
f 2337/1982/1294 2353/1998/1332 2341/1986/1324
f 2351/1996/790 2352/1997/1331 2354/1999/1056
f 2341/1986/1324 2353/1998/1332 2355/2000/1333
f 2355/2000/1333 2353/1998/1332 2349/1994/1329
f 2341/1986/1324 2355/2000/1333 2356/2001/380
f 2357/2002/382 2349/1994/1329 2347/1992/382
f 2357/2002/382 2347/1992/382 2350/1995/1330
f 2358/2003/1040 2350/1995/1330 2351/1996/790
f 2357/2002/382 2350/1995/1330 2359/2004/1283
f 2350/1995/1330 2358/2003/1040 869/2005/1272
f 2350/1995/1330 869/2005/1272 2359/2004/1283
f 2357/2002/382 2359/2004/1283 2360/2006/1070
f 2360/2006/1070 2359/2004/1283 869/2005/1272
f 2360/2006/1070 869/2005/1272 873/2007/1282
f 869/2005/1272 2358/2003/1040 2361/2008/1334
f 2361/2008/1334 2358/2003/1040 2351/1996/790
f 869/2005/1272 2361/2008/1334 865/2009/1272
f 2360/2006/1070 873/2007/1282 877/2010/1335
f 2361/2008/1334 2351/1996/790 2362/2011/1290
f 2357/2002/382 2360/2006/1070 2363/2012/1272
f 2363/2012/1272 2360/2006/1070 877/2010/1335
f 2357/2002/382 2363/2012/1272 2349/1994/1329
f 865/2009/1272 2361/2008/1334 861/2013/1040
f 2349/1994/1329 2363/2012/1272 2364/2014/1332
f 2362/2011/1290 2351/1996/790 2354/1999/1056
f 2349/1994/1329 2364/2014/1332 2355/2000/1333
f 2364/2014/1332 2363/2012/1272 2365/2015/1329
f 2364/2014/1332 2365/2015/1329 2355/2000/1333
f 2365/2015/1329 2363/2012/1272 877/2010/1335
f 2366/2016/1336 2361/2008/1334 2362/2011/1290
f 2366/2016/1336 2362/2011/1290 2354/1999/1056
f 2361/2008/1334 2366/2016/1336 2367/2017/1040
f 2361/2008/1334 2367/2017/1040 861/2013/1040
f 2366/2016/1336 2354/1999/1056 2368/2018/1337
f 2368/2018/1337 2354/1999/1056 2369/2019/1338
f 2369/2019/1338 2354/1999/1056 2370/2020/1057
f 2368/2018/1337 2369/2019/1338 2371/2021/1339
f 2368/2018/1337 2371/2021/1339 2366/2016/1336
f 2371/2021/1339 2369/2019/1338 2372/2022/1340
f 2371/2021/1339 2372/2022/1340 2373/2023/1341
f 2366/2016/1336 2371/2021/1339 2374/2024/1342
f 2375/2025/815 2367/2017/1040 2366/2016/1336
f 2375/2025/815 2366/2016/1336 2374/2024/1342
f 2367/2017/1040 2375/2025/815 861/2013/1040
f 2371/2021/1339 2373/2023/1341 2376/2026/1343
f 2374/2024/1342 2371/2021/1339 2377/2027/1344
f 2374/2024/1342 2377/2027/1344 2375/2025/815
f 2377/2027/1344 2371/2021/1339 2376/2026/1343
f 861/2013/1040 2375/2025/815 2378/2028/1095
f 2378/2028/1095 2375/2025/815 2377/2027/1344
f 2376/2026/1343 2373/2023/1341 2379/2029/1345
f 2376/2026/1343 2379/2029/1345 2377/2027/1344
f 2379/2029/1345 2373/2023/1341 2380/2030/1346
f 2378/2028/1095 2377/2027/1344 2381/2031/1070
f 2378/2028/1095 2381/2031/1070 861/2013/1040
f 2377/2027/1344 2379/2029/1345 2382/2032/1347
f 2377/2027/1344 2382/2032/1347 2381/2031/1070
f 2379/2029/1345 2380/2030/1346 2383/2033/1348
f 2379/2029/1345 2383/2033/1348 2382/2032/1347
f 2383/2033/1348 2380/2030/1346 2326/1971/1314
f 2383/2033/1348 2326/1971/1314 2316/1961/1307
f 2383/2033/1348 2316/1961/1307 2308/1953/1302
f 2383/2033/1348 2308/1953/1302 2382/2032/1347
f 2382/2032/1347 2308/1953/1302 1926/2034/1070
f 2382/2032/1347 1926/2034/1070 2381/2031/1070
f 1926/2034/1070 2308/1953/1302 2306/1951/806
f 2381/2031/1070 1926/2034/1070 2384/2035/1272
f 2381/2031/1070 2384/2035/1272 861/2013/1040
f 2384/2035/1272 1926/2034/1070 1927/1949/1272
f 861/2013/1040 2384/2035/1272 858/2036/815
f 2384/2035/1272 1927/1949/1272 2304/1948/815
f 2384/2035/1272 2304/1948/815 858/2036/815
f 858/2036/815 2304/1948/815 2295/1937/1272
f 858/2036/815 2295/1937/1272 860/2037/1040
f 860/2037/1040 2295/1937/1272 2385/2038/1272
f 860/2037/1040 2385/2038/1272 2386/2039/1272
f 2385/2038/1272 2295/1937/1272 2387/2040/1272
f 2387/2040/1272 2295/1937/1272 2296/1938/1040
f 2386/2039/1272 2385/2038/1272 2388/2041/1272
f 860/2037/1040 2386/2039/1272 2389/2042/1040
f 2389/2042/1040 2386/2039/1272 2388/2041/1272
f 860/2037/1040 2389/2042/1040 864/2043/1040
f 2387/2040/1272 2296/1938/1040 2280/1922/1040
f 864/2043/1040 2389/2042/1040 868/2044/1040
f 2385/2038/1272 2387/2040/1272 2390/2045/1040
f 2385/2038/1272 2390/2045/1040 2388/2041/1272
f 2389/2042/1040 2388/2041/1272 2391/2046/1040
f 2389/2042/1040 2391/2046/1040 868/2044/1040
f 2391/2046/1040 2388/2041/1272 2392/2047/1330
f 2391/2046/1040 2392/2047/1330 868/2044/1040
f 2390/2045/1040 2387/2040/1272 2393/2048/1272
f 2393/2048/1272 2387/2040/1272 2280/1922/1040
f 2388/2041/1272 2390/2045/1040 2394/2049/1294
f 2388/2041/1272 2394/2049/1294 2392/2047/1330
f 2390/2045/1040 2393/2048/1272 2395/2050/382
f 2395/2050/382 2393/2048/1272 2280/1922/1040
f 2394/2049/1294 2390/2045/1040 2396/2051/1295
f 2396/2051/1295 2390/2045/1040 2395/2050/382
f 2394/2049/1294 2396/2051/1295 1965/1605/624
f 1965/1605/624 2396/2051/1295 2395/2050/382
f 2394/2049/1294 1965/1605/624 1962/1602/624
f 2394/2049/1294 1962/1602/624 2392/2047/1330
f 1965/1605/624 2395/2050/382 1975/1615/1065
f 2392/2047/1330 1962/1602/624 1961/1601/1058
f 2397/2052/1349 2395/2050/382 2280/1922/1040
f 1975/1615/1065 2395/2050/382 2398/2053/1350
f 2398/2053/1350 2395/2050/382 2397/2052/1349
f 1975/1615/1065 2398/2053/1350 1974/1614/1064
f 1974/1614/1064 2398/2053/1350 1977/1618/1067
f 2397/2052/1349 2280/1922/1040 2399/2054/1349
f 2397/2052/1349 2399/2054/1349 2398/2053/1350
f 2399/2054/1349 2280/1922/1040 2282/1924/1040
f 1977/1618/1067 2398/2053/1350 1978/1619/1068
f 2399/2054/1349 2282/1924/1040 2281/1923/1293
f 2398/2053/1350 2399/2054/1349 2400/2055/1318
f 2398/2053/1350 2400/2055/1318 1978/1619/1068
f 2400/2055/1318 2399/2054/1349 2401/2056/1351
f 2400/2055/1318 2401/2056/1351 1978/1619/1068
f 2401/2056/1351 2399/2054/1349 2402/2057/1352
f 2402/2057/1352 2399/2054/1349 2281/1923/1293
f 1978/1619/1068 2401/2056/1351 2403/2058/533
f 1978/1619/1068 2403/2058/533 2404/2059/1353
f 1978/1619/1068 2404/2059/1353 1401/1620/731
f 2404/2059/1353 2403/2058/533 2405/2060/1354
f 2405/2060/1354 2403/2058/533 2401/2056/1351
f 2404/2059/1353 2405/2060/1354 2406/2061/1355
f 2406/2061/1355 2405/2060/1354 2407/2062/1278
f 2405/2060/1354 2401/2056/1351 2408/2063/1356
f 2409/2064/1282 2401/2056/1351 2402/2057/1352
f 2401/2056/1351 2409/2064/1282 2408/2063/1356
f 2409/2064/1282 2402/2057/1352 2281/1923/1293
f 2405/2060/1354 2408/2063/1356 2410/2065/1281
f 2410/2065/1281 2408/2063/1356 2409/2064/1282
f 2407/2062/1278 2405/2060/1354 2411/2066/1280
f 2411/2066/1280 2405/2060/1354 2410/2065/1281
f 2407/2062/1278 2411/2066/1280 2412/2067/1278
f 2412/2067/1278 2411/2066/1280 2413/2068/1280
f 2411/2066/1280 2410/2065/1281 2414/2069/1281
f 2411/2066/1280 2414/2069/1281 2413/2068/1280
f 2412/2067/1278 2413/2068/1280 2415/2070/1357
f 2415/2070/1357 2413/2068/1280 2414/2069/1281
f 2412/2067/1278 2415/2070/1357 2416/2071/1285
f 2416/2071/1285 2415/2070/1357 2417/2072/1286
f 2417/2072/1286 2415/2070/1357 2418/2073/1358
f 2417/2072/1286 2418/2073/1358 1971/1611/1062
f 2417/2072/1286 1971/1611/1062 1972/1612/1063
f 2418/2073/1358 2415/2070/1357 2419/2074/814
f 2418/2073/1358 2419/2074/814 1971/1611/1062
f 2415/2070/1357 2414/2069/1281 2420/2075/1359
f 2415/2070/1357 2420/2075/1359 2419/2074/814
f 2420/2075/1359 2414/2069/1281 2421/2076/802
f 2420/2075/1359 2421/2076/802 2419/2074/814
f 1971/1611/1062 2419/2074/814 2422/2077/807
f 1971/1611/1062 2422/2077/807 2423/2078/619
f 1971/1611/1062 2423/2078/619 1970/1610/1061
f 1970/1610/1061 2423/2078/619 1963/1603/1059
f 1963/1603/1059 2423/2078/619 1961/1601/1058
f 1961/1601/1058 2423/2078/619 2392/2047/1330
f 2392/2047/1330 2423/2078/619 2424/2079/1040
f 2392/2047/1330 2424/2079/1040 868/2044/1040
f 2423/2078/619 2422/2077/807 2425/2080/1040
f 2423/2078/619 2425/2080/1040 2424/2079/1040
f 2424/2079/1040 2425/2080/1040 868/2044/1040
f 2425/2080/1040 2422/2077/807 2419/2074/814
f 868/2044/1040 2425/2080/1040 872/2081/1040
f 2425/2080/1040 2419/2074/814 2426/2082/815
f 2426/2082/815 2419/2074/814 2421/2076/802
f 872/2081/1040 2425/2080/1040 876/2083/1360
f 876/2083/1360 2425/2080/1040 2426/2082/815
f 876/2083/1360 2426/2082/815 2421/2076/802
f 876/2083/1360 2421/2076/802 2427/2084/1344
f 876/2083/1360 2427/2084/1344 2428/2085/1361
f 876/2083/1360 2428/2085/1361 880/2086/1362
f 2427/2084/1344 2421/2076/802 2429/2087/1281
f 2427/2084/1344 2429/2087/1281 2428/2085/1361
f 880/2086/1362 2428/2085/1361 884/2088/398
f 2429/2087/1281 2421/2076/802 2430/2089/386
f 2430/2089/386 2421/2076/802 2414/2069/1281
f 2430/2089/386 2414/2069/1281 2431/2090/386
f 2430/2089/386 2431/2090/386 2429/2087/1281
f 2431/2090/386 2414/2069/1281 2410/2065/1281
f 2431/2090/386 2410/2065/1281 2409/2064/1282
f 2429/2087/1281 2431/2090/386 2432/2091/1281
f 2432/2091/1281 2431/2090/386 2409/2064/1282
f 2433/2092/1363 2428/2085/1361 2429/2087/1281
f 2433/2092/1363 2429/2087/1281 2432/2091/1281
f 2432/2091/1281 2409/2064/1282 2434/2093/388
f 2434/2093/388 2409/2064/1282 2281/1923/1293
f 2433/2092/1363 2432/2091/1281 2435/2094/1363
f 2432/2091/1281 2434/2093/388 2436/2095/394
f 2432/2091/1281 2436/2095/394 2435/2094/1363
f 2436/2095/394 2434/2093/388 2281/1923/1293
f 2433/2092/1363 2435/2094/1363 2437/2096/398
f 2437/2096/398 2435/2094/1363 2436/2095/394
f 2438/2097/398 2428/2085/1361 2433/2092/1363
f 2438/2097/398 2433/2092/1363 2437/2096/398
f 2428/2085/1361 2438/2097/398 2439/2098/398
f 2428/2085/1361 2439/2098/398 884/2088/398
f 884/2088/398 2439/2098/398 2440/2099/611
f 2440/2099/611 2439/2098/398 2438/2097/398
f 884/2088/398 2440/2099/611 886/2100/611
f 2440/2099/611 2438/2097/398 2441/2101/611
f 2441/2101/611 2438/2097/398 2442/2102/611
f 2442/2102/611 2438/2097/398 2437/2096/398
f 2442/2102/611 2437/2096/398 2443/2103/398
f 2443/2103/398 2437/2096/398 2436/2095/394
f 2442/2102/611 2443/2103/398 2444/2104/611
f 2444/2104/611 2443/2103/398 2445/2105/611
f 2445/2105/611 2443/2103/398 2446/2106/398
f 2446/2106/398 2443/2103/398 2436/2095/394
f 2445/2105/611 2446/2106/398 2447/2107/611
f 2446/2106/398 2436/2095/394 2448/2108/1364
f 2448/2108/1364 2436/2095/394 2281/1923/1293
f 2447/2107/611 2446/2106/398 2449/2109/398
f 2446/2106/398 2448/2108/1364 2450/2110/1365
f 2446/2106/398 2450/2110/1365 2449/2109/398
f 2450/2110/1365 2448/2108/1364 2281/1923/1293
f 2447/2107/611 2449/2109/398 2451/2111/398
f 2451/2111/398 2449/2109/398 2450/2110/1365
f 2447/2107/611 2451/2111/398 2452/2112/611
f 2450/2110/1365 2281/1923/1293 2453/2113/1344
f 2453/2113/1344 2281/1923/1293 2273/1915/802
f 2452/2112/611 2451/2111/398 2454/2114/611
f 2453/2113/1344 2273/1915/802 2455/2115/1281
f 2453/2113/1344 2455/2115/1281 2450/2110/1365
f 2451/2111/398 2450/2110/1365 2456/2116/1363
f 2456/2116/1363 2450/2110/1365 2455/2115/1281
f 2451/2111/398 2456/2116/1363 2457/2117/1363
f 2457/2117/1363 2456/2116/1363 2455/2115/1281
f 2454/2114/611 2451/2111/398 2458/2118/398
f 2458/2118/398 2451/2111/398 2457/2117/1363
f 2454/2114/611 2458/2118/398 2459/2119/1366
f 2454/2114/611 2459/2119/1366 2460/2120/398
f 2460/2120/398 2459/2119/1366 2461/2121/398
f 2459/2119/1366 2458/2118/398 2462/2122/1367
f 2462/2122/1367 2458/2118/398 2457/2117/1363
f 2461/2121/398 2459/2119/1366 2463/2123/1368
f 2463/2123/1368 2459/2119/1366 2462/2122/1367
f 2464/2124/1281 2457/2117/1363 2455/2115/1281
f 2457/2117/1363 2464/2124/1281 2462/2122/1367
f 2465/2125/386 2455/2115/1281 2273/1915/802
f 2455/2115/1281 2465/2125/386 2464/2124/1281
f 2465/2125/386 2273/1915/802 2268/1910/1281
f 2465/2125/386 2268/1910/1281 2260/1902/1281
f 2465/2125/386 2260/1902/1281 2466/2126/386
f 2465/2125/386 2466/2126/386 2464/2124/1281
f 2466/2126/386 2260/1902/1281 2263/1905/1282
f 2466/2126/386 2263/1905/1282 2464/2124/1281
f 2464/2124/1281 2263/1905/1282 2467/2127/388
f 2464/2124/1281 2467/2127/388 2462/2122/1367
f 2467/2127/388 2263/1905/1282 2269/1911/386
f 2467/2127/388 2269/1911/386 2462/2122/1367
f 2462/2122/1367 2269/1911/386 2468/2128/1369
f 2462/2122/1367 2468/2128/1369 2463/2123/1368
f 2469/2129/1370 2470/2130/1371 2471/2131/1372
f 2469/2129/1370 2471/2131/1372 2472/2132/5
f 2471/2131/1372 2470/2130/1371 2473/2133/1373
f 2473/2133/1373 2470/2130/1371 2474/2134/1374
f 2472/2132/5 2471/2131/1372 2475/2135/1375
f 2472/2132/5 2475/2135/1375 2476/2136/1376
f 2475/2135/1375 2471/2131/1372 2477/2137/1377
f 2477/2137/1377 2471/2131/1372 2473/2133/1373
f 2477/2137/1377 2473/2133/1373 2474/2134/1374
f 2477/2137/1377 2474/2134/1374 2478/2138/1378
f 30/2139/345 2479/2140/728 31/2141/347
f 2479/2140/728 30/2139/345 27/2142/348
f 2479/2140/728 27/2142/348 2480/2143/1379
f 2479/2140/728 2480/2143/1379 1566/1283/862
f 2479/2140/728 1566/1283/862 1564/1281/860
f 2480/2143/1379 27/2142/348 2481/2144/1380
f 2480/2143/1379 2481/2144/1380 1566/1283/862
f 2481/2144/1380 27/2142/348 26/2145/364
f 2481/2144/1380 26/2145/364 23/2146/366
f 1566/1283/862 2481/2144/1380 2482/2147/1381
f 1566/1283/862 2482/2147/1381 1553/1265/850
f 2481/2144/1380 23/2146/366 2483/2148/1382
f 1553/1265/850 2482/2147/1381 2484/2149/1383
f 2484/2149/1383 2482/2147/1381 2481/2144/1380
f 2484/2149/1383 2481/2144/1380 2483/2148/1382
f 1553/1265/850 2484/2149/1383 1554/1266/851
f 1554/1266/851 2484/2149/1383 2485/1298/1384
f 2485/1298/1384 2484/2149/1383 2486/1299/1385
f 2483/2148/1382 23/2146/366 2487/1303/1386
f 2483/2148/1382 2487/1303/1386 2484/2149/1383
f 2484/2149/1383 2487/1303/1386 2486/1299/1385
f 2487/1303/1386 23/2146/366 22/1306/370
f 2487/1303/1386 22/1306/370 19/1305/280
f 2487/1303/1386 19/1305/280 1604/1304/896
f 2487/1303/1386 1604/1304/896 1602/1302/894
f 2487/1303/1386 1602/1302/894 2486/1299/1385
f 2486/1299/1385 1602/1302/894 1601/1301/893
f 2486/1299/1385 1601/1301/893 2488/1300/1387
f 2489/2150/1388 2490/2151/670 2491/2152/1388
f 2491/2152/1388 2490/2151/670 2492/2153/1389
f 2493/2154/1390 2489/2150/1388 2494/2155/1391
f 2493/2154/1390 2494/2155/1391 2495/2156/1392
f 2489/2150/1388 2491/2152/1388 2496/2157/667
f 2489/2150/1388 2496/2157/667 2494/2155/1391
f 2496/2157/667 2491/2152/1388 2492/2153/1389
f 2494/2155/1391 2496/2157/667 2495/2156/1392
f 2495/2156/1392 2496/2157/667 2497/2158/1393
f 2497/2158/1393 2496/2157/667 2492/2153/1389
f 2495/2156/1392 2497/2158/1393 2498/2159/1394
f 2497/2158/1393 2492/2153/1389 2499/2160/1395
f 2499/2160/1395 2492/2153/1389 2500/2161/1396
f 2498/2159/1394 2497/2158/1393 2501/2162/1397
f 2501/2162/1397 2497/2158/1393 2499/2160/1395
f 2501/2162/1397 2499/2160/1395 2500/2161/1396
f 2498/2159/1394 2501/2162/1397 2502/2163/1398
f 2501/2162/1397 2500/2161/1396 2503/2164/522
f 2503/2164/522 2500/2161/1396 2504/2165/1399
f 2502/2163/1398 2501/2162/1397 2505/2166/1400
f 2501/2162/1397 2503/2164/522 2506/2167/1401
f 2506/2167/1401 2503/2164/522 2504/2165/1399
f 2501/2162/1397 2506/2167/1401 2505/2166/1400
f 2506/2167/1401 2504/2165/1399 2507/2168/1402
f 2502/2163/1398 2505/2166/1400 2508/2169/1403
f 2508/2169/1403 2505/2166/1400 2506/2167/1401
f 2506/2167/1401 2507/2168/1402 2509/2170/1404
f 2509/2170/1404 2507/2168/1402 2510/2171/517
f 2508/2169/1403 2506/2167/1401 2511/2172/1405
f 2511/2172/1405 2506/2167/1401 2509/2170/1404
f 2509/2170/1404 2510/2171/517 2512/2173/1406
f 2511/2172/1405 2509/2170/1404 2513/2174/118
f 2511/2172/1405 2513/2174/118 2508/2169/1403
f 2509/2170/1404 2512/2173/1406 2514/2175/904
f 2509/2170/1404 2514/2175/904 2513/2174/118
f 2514/2175/904 2512/2173/1406 2515/2176/1407
f 2514/2175/904 2515/2176/1407 2513/2174/118
f 2516/2177/1408 2517/2178/1409 2512/2173/1406
f 2512/2173/1406 2517/2178/1409 2518/2179/468
f 2512/2173/1406 2518/2179/468 2515/2176/1407
f 2518/2179/468 2517/2178/1409 2519/2180/1410
f 2520/2181/676 2508/2169/1403 2513/2174/118
f 2518/2179/468 2519/2180/1410 2521/2182/1411
f 2515/2176/1407 2518/2179/468 2522/2183/1412
f 2522/2183/1412 2518/2179/468 2521/2182/1411
f 2521/2182/1411 2519/2180/1410 2523/2184/1413
f 2521/2182/1411 2523/2184/1413 2522/2183/1412
f 2523/2184/1413 2519/2180/1410 2524/2185/1414
f 2523/2184/1413 2524/2185/1414 1697/2186/917
f 2523/2184/1413 1697/2186/917 1695/2187/946
f 2523/2184/1413 1695/2187/946 1693/2188/944
f 2523/2184/1413 1693/2188/944 2525/2189/1415
f 2525/2189/1415 1693/2188/944 1692/2190/943
f 2525/2189/1415 1692/2190/943 2526/2191/1416
f 2525/2189/1415 2526/2191/1416 2527/2192/1417
f 2525/2189/1415 2527/2192/1417 2528/2193/1418
f 2528/2193/1418 2527/2192/1417 1039/2194/1419
f 1039/2194/1419 2527/2192/1417 1045/2195/508
f 2528/2193/1418 1039/2194/1419 2529/2196/1420
f 2528/2193/1418 2529/2196/1420 2525/2189/1415
f 2529/2196/1420 1039/2194/1419 1035/2197/1421
f 2529/2196/1420 1035/2197/1421 1033/2198/1422
f 2525/2189/1415 2529/2196/1420 2530/2199/517
f 2525/2189/1415 2530/2199/517 2523/2184/1413
f 2523/2184/1413 2530/2199/517 2531/2200/1423
f 2523/2184/1413 2531/2200/1423 2522/2183/1412
f 2531/2200/1423 2530/2199/517 2532/2201/1424
f 2531/2200/1423 2532/2201/1424 2522/2183/1412
f 2530/2199/517 2529/2196/1420 2533/2202/1425
f 2530/2199/517 2533/2202/1425 2532/2201/1424
f 2534/2203/1426 2529/2196/1420 1033/2198/1422
f 2529/2196/1420 2534/2203/1426 2533/2202/1425
f 2534/2203/1426 1033/2198/1422 1036/2204/1427
f 2534/2203/1426 1036/2204/1427 2535/2205/1428
f 2534/2203/1426 2535/2205/1428 2533/2202/1425
f 2535/2205/1428 1036/2204/1427 1040/2206/1422
f 2533/2202/1425 2535/2205/1428 2536/2207/1429
f 2533/2202/1425 2536/2207/1429 2532/2201/1424
f 2535/2205/1428 1040/2206/1422 2537/2208/1428
f 2535/2205/1428 2537/2208/1428 2536/2207/1429
f 2537/2208/1428 1040/2206/1422 1042/2209/1430
f 2532/2201/1424 2536/2207/1429 2538/2210/1431
f 2538/2210/1431 2536/2207/1429 2537/2208/1428
f 2532/2201/1424 2538/2210/1431 2539/2211/1432
f 2539/2211/1432 2538/2210/1431 2537/2208/1428
f 2532/2201/1424 2539/2211/1432 2540/2212/1433
f 2532/2201/1424 2540/2212/1433 2522/2183/1412
f 2522/2183/1412 2540/2212/1433 2541/2213/1434
f 2541/2213/1434 2540/2212/1433 2539/2211/1432
f 2522/2183/1412 2541/2213/1434 2515/2176/1407
f 2515/2176/1407 2541/2213/1434 2513/2174/118
f 2541/2213/1434 2539/2211/1432 2542/2214/1422
f 2541/2213/1434 2542/2214/1422 2513/2174/118
f 2542/2214/1422 2539/2211/1432 2537/2208/1428
f 2513/2174/118 2542/2214/1422 2520/2181/676
f 2520/2181/676 2542/2214/1422 2543/2215/1430
f 2543/2215/1430 2542/2214/1422 2537/2208/1428
f 2520/2181/676 2543/2215/1430 2508/2169/1403
f 2508/2169/1403 2543/2215/1430 2544/2216/1435
f 2508/2169/1403 2544/2216/1435 2502/2163/1398
f 2502/2163/1398 2544/2216/1435 2545/2217/1435
f 2544/2216/1435 2543/2215/1430 2546/2218/1436
f 2546/2218/1436 2543/2215/1430 2537/2208/1428
f 2546/2218/1436 2537/2208/1428 2547/2219/1437
f 2547/2219/1437 2537/2208/1428 1042/2209/1430
f 2547/2219/1437 1042/2209/1430 2548/2220/676
f 2548/2220/676 1042/2209/1430 1044/2221/1430
f 2547/2219/1437 2548/2220/676 2549/2222/1438
f 2547/2219/1437 2549/2222/1438 2546/2218/1436
f 2546/2218/1436 2549/2222/1438 2550/2223/1439
f 2546/2218/1436 2550/2223/1439 2544/2216/1435
f 2550/2223/1439 2549/2222/1438 2551/2224/1440
f 2550/2223/1439 2551/2224/1440 2552/2225/107
f 2544/2216/1435 2550/2223/1439 2553/2226/1441
f 2553/2226/1441 2550/2223/1439 2552/2225/107
f 2544/2216/1435 2553/2226/1441 2545/2217/1435
f 2553/2226/1441 2552/2225/107 2554/2227/1442
f 2545/2217/1435 2553/2226/1441 2555/2228/1443
f 2545/2217/1435 2555/2228/1443 2556/2229/1444
f 2553/2226/1441 2554/2227/1442 2557/2230/1445
f 2557/2230/1445 2554/2227/1442 2558/2231/1213
f 2555/2228/1443 2553/2226/1441 2559/2232/1422
f 2559/2232/1422 2553/2226/1441 2557/2230/1445
f 2556/2229/1444 2555/2228/1443 2560/2233/116
f 2560/2233/116 2555/2228/1443 2559/2232/1422
f 2560/2233/116 2559/2232/1422 2561/2234/670
f 2559/2232/1422 2557/2230/1445 2562/2235/1446
f 2556/2229/1444 2560/2233/116 2563/2236/1447
f 2563/2236/1447 2560/2233/116 2561/2234/670
f 2556/2229/1444 2563/2236/1447 2564/2237/1448
f 2563/2236/1447 2561/2234/670 2565/2238/1449
f 2563/2236/1447 2565/2238/1449 2564/2237/1448
f 2562/2235/1446 2557/2230/1445 2566/2239/1450
f 2562/2235/1446 2566/2239/1450 2567/2240/1211
f 2568/2241/1213 2557/2230/1445 2558/2231/1213
f 2557/2230/1445 2568/2241/1213 2566/2239/1450
f 2568/2241/1213 2558/2231/1213 2569/2242/983
f 2566/2239/1450 2568/2241/1213 2570/2243/983
f 2570/2243/983 2568/2241/1213 2569/2242/983
f 2567/2240/1211 2566/2239/1450 2571/2244/983
f 2571/2244/983 2566/2239/1450 2570/2243/983
f 2570/2243/983 2569/2242/983 496/405/1144
f 496/405/1144 2569/2242/983 2572/2245/729
f 496/405/1144 2572/2245/729 2573/2246/1025
f 2570/2243/983 496/405/1144 2574/2247/1144
f 2570/2243/983 2574/2247/1144 2571/2244/983
f 2571/2244/983 2574/2247/1144 2575/2248/1144
f 496/405/1144 2573/2246/1025 498/407/1003
f 2571/2244/983 2575/2248/1144 2576/2249/927
f 2577/2250/979 2567/2240/1211 2571/2244/983
f 2577/2250/979 2571/2244/983 2576/2249/927
f 2567/2240/1211 2577/2250/979 2578/2251/1451
f 498/407/1003 2573/2246/1025 2579/2252/348
f 2579/2252/348 2573/2246/1025 2580/2253/348
f 498/407/1003 2579/2252/348 2581/2254/982
f 498/407/1003 2581/2254/982 2582/2255/1452
f 2579/2252/348 2580/2253/348 2583/2256/1453
f 2583/2256/1453 2580/2253/348 2584/2257/1453
f 2579/2252/348 2583/2256/1453 2585/2258/1453
f 2579/2252/348 2585/2258/1453 2581/2254/982
f 2583/2256/1453 2584/2257/1453 2586/2259/447
f 2586/2259/447 2584/2257/1453 2587/2260/447
f 2586/2259/447 2587/2260/447 1513/1244/813
f 2586/2259/447 1513/1244/813 1511/1242/813
f 2583/2256/1453 2586/2259/447 2588/2261/324
f 2588/2261/324 2586/2259/447 1511/1242/813
f 2583/2256/1453 2588/2261/324 2585/2258/1453
f 2588/2261/324 1511/1242/813 1510/1241/813
f 2588/2261/324 1510/1241/813 2589/2262/277
f 2588/2261/324 2589/2262/277 2585/2258/1453
f 2589/2262/277 1510/1241/813 1506/1237/811
f 2589/2262/277 1506/1237/811 1507/1238/787
f 2585/2258/1453 2589/2262/277 2590/2263/1454
f 2590/2263/1454 2589/2262/277 1507/1238/787
f 2585/2258/1453 2590/2263/1454 2581/2254/982
f 2590/2263/1454 1507/1238/787 1477/1208/787
f 2581/2254/982 2590/2263/1454 2591/2264/1455
f 2590/2263/1454 1477/1208/787 2592/2265/1456
f 2590/2263/1454 2592/2265/1456 2591/2264/1455
f 2581/2254/982 2591/2264/1455 2593/2266/1457
f 2593/2266/1457 2591/2264/1455 2592/2265/1456
f 2581/2254/982 2593/2266/1457 2582/2255/1452
f 2582/2255/1452 2593/2266/1457 2576/2249/927
f 2592/2265/1456 1477/1208/787 2594/2267/1458
f 2594/2267/1458 1477/1208/787 1475/1206/785
f 2593/2266/1457 2592/2265/1456 2595/2268/1459
f 2595/2268/1459 2592/2265/1456 2594/2267/1458
f 2576/2249/927 2593/2266/1457 2596/2269/1460
f 2576/2249/927 2596/2269/1460 2577/2250/979
f 2593/2266/1457 2595/2268/1459 2597/2270/1013
f 2593/2266/1457 2597/2270/1013 2596/2269/1460
f 2595/2268/1459 2594/2267/1458 2598/2271/981
f 2577/2250/979 2596/2269/1460 2599/2272/1461
f 2577/2250/979 2599/2272/1461 2578/2251/1451
f 2596/2269/1460 2597/2270/1013 2600/2273/975
f 2596/2269/1460 2600/2273/975 2599/2272/1461
f 2597/2270/1013 2595/2268/1459 2601/2274/1462
f 2601/2274/1462 2595/2268/1459 2598/2271/981
f 2600/2273/975 2597/2270/1013 2602/2275/979
f 2602/2275/979 2597/2270/1013 2601/2274/1462
f 2599/2272/1461 2600/2273/975 2603/2276/1379
f 2599/2272/1461 2603/2276/1379 2578/2251/1451
f 2603/2276/1379 2600/2273/975 2602/2275/979
f 2578/2251/1451 2603/2276/1379 2604/2277/981
f 2604/2277/981 2603/2276/1379 2602/2275/979
f 2578/2251/1451 2604/2277/981 257/165/95
f 257/165/95 2604/2277/981 2605/2278/1042
f 257/165/95 2605/2278/1042 251/159/89
f 251/159/89 2605/2278/1042 256/164/94
f 256/164/94 2605/2278/1042 2604/2277/981
f 256/164/94 2604/2277/981 2602/2275/979
f 256/164/94 2602/2275/979 2601/2274/1462
f 256/164/94 2601/2274/1462 2606/2279/1463
f 256/164/94 2606/2279/1463 240/148/78
f 2606/2279/1463 2601/2274/1462 2607/2280/1464
f 2606/2279/1463 2607/2280/1464 240/148/78
f 2607/2280/1464 2601/2274/1462 2598/2271/981
f 240/148/78 2607/2280/1464 2608/2281/1465
f 240/148/78 2608/2281/1465 246/154/84
f 2607/2280/1464 2598/2271/981 2609/2282/1466
f 2607/2280/1464 2609/2282/1466 2608/2281/1465
f 2608/2281/1465 2609/2282/1466 246/154/84
f 2609/2282/1466 2598/2271/981 2594/2267/1458
f 2609/2282/1466 2594/2267/1458 1475/1206/785
f 246/154/84 2609/2282/1466 1478/1209/435
f 1478/1209/435 2609/2282/1466 1475/1206/785
f 1478/1209/435 1475/1206/785 1474/1205/784
f 1480/1211/789 244/2283/82 246/154/84
f 244/2283/82 1480/1211/789 1485/1216/793
f 244/2283/82 1485/1216/793 245/2284/83
f 245/2284/83 1485/1216/793 247/2285/85
f 247/2285/85 1485/1216/793 1486/1217/794
f 247/2285/85 1486/1217/794 1492/1223/800
f 247/2285/85 1492/1223/800 250/2286/88
f 250/2286/88 1492/1223/800 2610/2287/1467
f 250/2286/88 2610/2287/1467 254/2288/92
f 254/2288/92 2610/2287/1467 259/2289/97
f 259/2289/97 2610/2287/1467 2611/2290/1468
f 259/2289/97 2611/2290/1468 262/2291/100
f 262/2291/100 2611/2290/1468 2612/2292/254
f 262/2291/100 2612/2292/254 2613/2293/1469
f 2614/1032/351 1586/1031/879 2615/1034/347
f 1586/1031/879 2614/1032/351 1588/1029/356
f 2615/1034/347 1586/1031/879 2616/1035/1470
f 2615/1034/347 2616/1035/1470 2617/1036/1012
f 2615/1034/347 2617/1036/1012 2618/1037/345
f 2616/1035/1470 1586/1031/879 2619/1033/1471
f 2616/1035/1470 2619/1033/1471 2617/1036/1012
f 2619/1033/1471 1586/1031/879 2620/1027/1472
f 2620/1027/1472 1586/1031/879 1584/1025/877
f 2617/1036/1012 2619/1033/1471 2621/1038/1473
f 2618/1037/345 2617/1036/1012 2622/1039/348
f 2617/1036/1012 2621/1038/1473 2623/1040/981
f 2622/1039/348 2617/1036/1012 2624/1042/982
f 2624/1042/982 2617/1036/1012 2623/1040/981
f 2623/1040/981 2621/1038/1473 2625/1041/1457
f 2622/1039/348 2624/1042/982 2626/1043/1474
f 2626/1043/1474 2624/1042/982 2623/1040/981
f 2622/1039/348 2626/1043/1474 2627/1044/364
f 2623/1040/981 2625/1041/1457 1537/1045/835
f 2627/1044/364 2626/1043/1474 2628/1046/366
f 2623/1040/981 1537/1045/835 2629/1053/364
f 2623/1040/981 2629/1053/364 2626/1043/1474
f 2628/1046/366 2626/1043/1474 2630/1047/824
f 2629/1053/364 1537/1045/835 1528/1054/827
f 2628/1046/366 2630/1047/824 1524/1048/823
f 2628/1046/366 1524/1048/823 2631/1049/370
f 2631/1049/370 1524/1048/823 2246/1888/280
f 2246/1888/280 1524/1048/823 1523/1256/822
f 2626/1043/1474 2629/1053/364 1525/1050/824
f 2626/1043/1474 1525/1050/824 2630/1047/824
f 2630/1047/824 1525/1050/824 1524/1048/823
f 1525/1050/824 2629/1053/364 1528/1054/827
f 2632/2294/728 2633/2295/728 2634/2296/979
f 2633/2295/728 2632/2294/728 2635/2294/728
f 2635/2294/728 2632/2294/728 2636/2296/979
f 2636/2296/979 2632/2294/728 2634/2296/979
f 2633/2295/728 2635/2294/728 2637/2295/728
f 2636/2296/979 2634/2296/979 2638/2297/979
f 2634/2296/979 2633/2295/728 2639/2297/979
f 2639/2297/979 2633/2295/728 2637/2295/728
f 2634/2296/979 2639/2297/979 2638/2297/979
f 2638/2297/979 2639/2297/979 2637/2295/728
f 2640/2298/949 2641/2299/949 2642/2300/949
f 2642/2300/949 2641/2299/949 2643/2301/949
f 1769/2302/1293 1767/2303/1040 1768/2304/1475
f 2644/592/137 1163/593/137 1750/594/137
f 1750/594/137 1163/593/137 1161/595/137
f 1197/873/137 1196/874/137 1719/875/137
f 1719/875/137 1196/874/137 2645/876/137
f 2143/1785/1172 2646/2305/380 2146/1788/1170
f 2646/2305/380 2143/1785/1172 2137/1779/1168
f 2647/2306/1476 2648/2307/1477 2646/2305/380
f 2648/2307/1477 2647/2306/1476 2649/2308/1478
f 2646/2305/380 2137/1779/1168 2650/2309/1304
f 2647/2306/1476 2646/2305/380 2651/2310/1479
f 2651/2310/1479 2646/2305/380 2650/2309/1304
f 2647/2306/1476 2651/2310/1479 2649/2308/1478
f 2650/2309/1304 2137/1779/1168 2652/2311/1332
f 2650/2309/1304 2652/2311/1332 2651/2310/1479
f 2652/2311/1332 2137/1779/1168 2141/1783/1170
f 2652/2311/1332 2141/1783/1170 2142/1784/1171
f 2651/2310/1479 2652/2311/1332 2653/2312/1279
f 2652/2311/1332 2142/1784/1171 2654/2313/1480
f 2649/2308/1478 2651/2310/1479 2655/2314/1478
f 2654/2313/1480 2142/1784/1171 2656/2315/658
f 2656/2315/658 2142/1784/1171 2144/1786/1173
f 2652/2311/1332 2654/2313/1480 2657/2316/1481
f 2657/2316/1481 2654/2313/1480 2656/2315/658
f 2652/2311/1332 2657/2316/1481 2653/2312/1279
f 2651/2310/1479 2653/2312/1279 2658/2317/1482
f 2651/2310/1479 2658/2317/1482 2655/2314/1478
f 2658/2317/1482 2653/2312/1279 2657/2316/1481
f 2657/2316/1481 2656/2315/658 2659/2318/1483
f 2660/2319/1484 2661/2320/1485 2656/2315/658
f 2662/2321/1486 2659/2318/1483 2661/2320/1485
f 2659/2318/1483 2662/2321/1486 2657/2316/1481
f 2662/2321/1486 2661/2320/1485 2663/2322/23
f 2658/2317/1482 2657/2316/1481 2664/2323/1487
f 2664/2323/1487 2657/2316/1481 2662/2321/1486
f 2658/2317/1482 2664/2323/1487 2665/2324/1488
f 2665/2324/1488 2664/2323/1487 2662/2321/1486
f 2666/2325/1489 2655/2314/1478 2658/2317/1482
f 2655/2314/1478 2666/2325/1489 2649/2308/1478
f 2658/2317/1482 2665/2324/1488 2667/2326/1490
f 2658/2317/1482 2667/2326/1490 2666/2325/1489
f 2668/2327/1491 2662/2321/1486 2663/2322/23
f 2668/2327/1491 2663/2322/23 2669/2328/1492
f 2668/2327/1491 2669/2328/1492 2670/2329/1493
f 2662/2321/1486 2668/2327/1491 2671/2330/1494
f 2662/2321/1486 2671/2330/1494 2665/2324/1488
f 2668/2327/1491 2670/2329/1493 2672/2331/1495
f 2665/2324/1488 2671/2330/1494 2673/2332/1496
f 2673/2332/1496 2671/2330/1494 2668/2327/1491
f 2674/2333/1497 2667/2326/1490 2665/2324/1488
f 2667/2326/1490 2674/2333/1497 2666/2325/1489
f 2665/2324/1488 2673/2332/1496 2675/2334/1498
f 2665/2324/1488 2675/2334/1498 2674/2333/1497
f 2673/2332/1496 2668/2327/1491 2676/2335/1499
f 2676/2335/1499 2668/2327/1491 2672/2331/1495
f 2675/2334/1498 2673/2332/1496 2677/2336/1477
f 2675/2334/1498 2677/2336/1477 2674/2333/1497
f 2673/2332/1496 2676/2335/1499 2678/2337/1500
f 2678/2337/1500 2676/2335/1499 2672/2331/1495
f 2677/2336/1477 2673/2332/1496 2679/2338/1501
f 2679/2338/1501 2673/2332/1496 2678/2337/1500
f 2674/2333/1497 2677/2336/1477 2680/2339/1502
f 2677/2336/1477 2679/2338/1501 2681/2340/1503
f 2681/2340/1503 2679/2338/1501 2678/2337/1500
f 2678/2337/1500 2672/2331/1495 2682/2341/1504
f 2683/2342/1505 2666/2325/1489 2674/2333/1497
f 2674/2333/1497 2680/2339/1502 2684/2343/1506
f 2674/2333/1497 2684/2343/1506 2683/2342/1505
f 2680/2339/1502 2677/2336/1477 2685/2344/1507
f 2680/2339/1502 2685/2344/1507 2684/2343/1506
f 2685/2344/1507 2677/2336/1477 2686/2345/802
f 2686/2345/802 2677/2336/1477 2681/2340/1503
f 2666/2325/1489 2683/2342/1505 2687/2346/1505
f 2687/2346/1505 2683/2342/1505 2684/2343/1506
f 2666/2325/1489 2687/2346/1505 2688/2347/1489
f 2666/2325/1489 2688/2347/1489 2649/2308/1478
f 2649/2308/1478 2688/2347/1489 2689/2348/1508
f 2689/2348/1508 2688/2347/1489 2687/2346/1505
f 2687/2346/1505 2684/2343/1506 2690/2349/1506
f 2687/2346/1505 2690/2349/1506 2691/2350/796
f 2691/2350/796 2690/2349/1506 2692/2351/802
f 2692/2351/802 2690/2349/1506 2684/2343/1506
f 2692/2351/802 2684/2343/1506 2693/2352/802
f 2693/2352/802 2684/2343/1506 2685/2344/1507
f 2692/2351/802 2693/2352/802 2694/2353/1095
f 2694/2353/1095 2693/2352/802 2685/2344/1507
f 2692/2351/802 2694/2353/1095 2695/2354/1095
f 2692/2351/802 2695/2354/1095 2696/2355/815
f 2696/2355/815 2695/2354/1095 2697/2356/1095
f 2697/2356/1095 2695/2354/1095 2694/2353/1095
f 2694/2353/1095 2685/2344/1507 2698/2357/1507
f 2696/2355/815 2697/2356/1095 2699/2358/1095
f 2696/2355/815 2699/2358/1095 2700/2359/1509
f 2697/2356/1095 2694/2353/1095 2701/2360/1095
f 2700/2359/1509 2699/2358/1095 2702/2361/1095
f 2702/2361/1095 2699/2358/1095 2697/2356/1095
f 2700/2359/1509 2702/2361/1095 2703/2362/1475
f 2700/2359/1509 2703/2362/1475 2704/2363/1344
f 2702/2361/1095 2697/2356/1095 2705/2364/1095
f 2703/2362/1475 2702/2361/1095 2706/2365/1475
f 2706/2365/1475 2702/2361/1095 2705/2364/1095
f 2703/2362/1475 2706/2365/1475 2704/2363/1344
f 2705/2364/1095 2697/2356/1095 2707/2366/1095
f 2707/2366/1095 2697/2356/1095 2701/2360/1095
f 2705/2364/1095 2707/2366/1095 2706/2365/1475
f 1641/1323/897 1643/1325/898 2708/2367/1510
f 1641/1323/897 2708/2367/1510 1644/1326/899
f 2708/2367/1510 1643/1325/898 1653/1335/908
f 2708/2367/1510 1653/1335/908 2709/2368/1511
f 2708/2367/1510 2709/2368/1511 2710/2369/1512
f 2708/2367/1510 2710/2369/1512 2711/2370/1513
f 1644/1326/899 2708/2367/1510 1648/1330/903
f 1648/1330/903 2708/2367/1510 2711/2370/1513
f 1644/1326/899 1648/1330/903 1646/1328/901
f 1648/1330/903 2711/2370/1513 2712/2371/1514
f 1648/1330/903 2712/2371/1514 2713/2372/815
f 1648/1330/903 2713/2372/815 1647/1329/902
f 1678/1360/931 1646/1328/901 1647/1329/902
f 1678/1360/931 1647/1329/902 1679/1361/155
f 1647/1329/902 2713/2372/815 2714/2373/1515
f 1647/1329/902 2714/2373/1515 1679/1361/155
f 2714/2373/1515 2713/2372/815 2715/2374/1516
f 1679/1361/155 2714/2373/1515 1681/1363/933
f 2714/2373/1515 2715/2374/1516 2716/2375/1517
f 2714/2373/1515 2716/2375/1517 1681/1363/933
f 2716/2375/1517 2715/2374/1516 2717/2376/1518
f 2716/2375/1517 2717/2376/1518 2718/2377/1519
f 1681/1363/933 2716/2375/1517 2719/2378/1520
f 2719/2378/1520 2716/2375/1517 2718/2377/1519
f 1681/1363/933 2719/2378/1520 1689/1371/940
f 1689/1371/940 2719/2378/1520 1690/1372/941
f 2719/2378/1520 2718/2377/1519 2720/2379/1521
f 2719/2378/1520 2720/2379/1521 1690/1372/941
f 1690/1372/941 2720/2379/1521 1692/1374/943
f 2720/2379/1521 2718/2377/1519 2721/2380/1522
f 1692/1374/943 2720/2379/1521 2722/2381/1523
f 2722/2381/1523 2720/2379/1521 2721/2380/1522
f 2722/2381/1523 2721/2380/1522 2723/2382/1524
f 2723/2382/1524 2721/2380/1522 1697/2383/917
f 1098/873/2 1100/874/2 1734/875/2
f 1734/875/2 1100/874/2 2724/876/2
f 2725/592/2 1130/593/2 1705/594/2
f 1705/594/2 1130/593/2 1131/595/2
f 1584/1025/1525 225/2384/67 2620/1027/514
f 2620/1027/514 225/2384/67 124/2385/34
f 225/2384/67 1584/1025/1525 2726/2386/1526
f 2620/1027/514 124/2385/34 126/2387/36
f 2726/2386/1526 1584/1025/1525 1581/1020/1526
f 2620/1027/514 126/2387/36 2619/1033/1527
f 2726/2386/1526 1581/1020/1526 2727/2388/1528
f 2619/1033/1527 126/2387/36 2621/1038/1529
f 2727/2388/1528 1581/1020/1526 1579/1021/1530
f 2621/1038/1529 126/2387/36 129/2389/38
f 2727/2388/1528 1579/1021/1530 1543/1022/1220
f 2621/1038/1529 129/2389/38 130/2390/39
f 2727/2388/1528 1543/1022/1220 2728/2391/1531
f 2621/1038/1529 130/2390/39 2625/1041/1532
f 2728/2391/1531 1543/1022/1220 1539/1062/1533
f 2625/1041/1532 130/2390/39 1537/1045/1534
f 2728/2391/1531 1539/1062/1533 2729/2392/1535
f 1537/1045/1534 130/2390/39 2730/2393/1534
f 2729/2392/1535 1539/1062/1533 2731/2394/1536
f 1537/1045/1534 2730/2393/1534 1538/1061/1537
f 2731/2394/1536 1539/1062/1533 1538/1061/1537
f 2731/2394/1536 1538/1061/1537 2730/2393/1534
f 2732/2395/1538 2468/2128/1369 2269/1911/386
f 2468/2128/1369 2732/2395/1538 2463/2123/1368
f 2732/2395/1538 2269/1911/386 2733/2396/814
f 2733/2396/814 2269/1911/386 2300/1942/1292
f 2463/2123/1368 2732/2395/1538 2734/2397/1361
f 2733/2396/814 2300/1942/1292 2735/2398/804
f 2733/2396/814 2735/2398/804 2732/2395/1538
f 2735/2398/804 2300/1942/1292 2736/2399/1539
f 2736/2399/1539 2300/1942/1292 2302/1944/1298
f 2732/2395/1538 2735/2398/804 2737/2400/1540
f 2736/2399/1539 2302/1944/1298 2738/2401/1541
f 2736/2399/1539 2738/2401/1541 2735/2398/804
f 2732/2395/1538 2704/2363/1344 2734/2397/1361
f 2704/2363/1344 2732/2395/1538 2737/2400/1540
f 2737/2400/1540 2735/2398/804 2700/2359/1509
f 2737/2400/1540 2700/2359/1509 2704/2363/1344
f 2735/2398/804 2738/2401/1541 2739/2402/620
f 2735/2398/804 2739/2402/620 2700/2359/1509
f 2740/2403/1542 2738/2401/1541 2302/1944/1298
f 2739/2402/620 2738/2401/1541 2696/2355/815
f 2739/2402/620 2696/2355/815 2700/2359/1509
f 2740/2403/1542 2302/1944/1298 2741/2404/1543
f 2741/2404/1543 2302/1944/1298 2305/1950/1300
f 2741/2404/1543 2305/1950/1300 2157/1799/1183
f 2738/2401/1541 2740/2403/1542 2691/2350/796
f 2691/2350/796 2740/2403/1542 2741/2404/1543
f 2696/2355/815 2738/2401/1541 2742/2405/1095
f 2742/2405/1095 2738/2401/1541 2691/2350/796
f 2741/2404/1543 2157/1799/1183 2743/2406/1544
f 2696/2355/815 2742/2405/1095 2692/2351/802
f 2692/2351/802 2742/2405/1095 2691/2350/796
f 2691/2350/796 2741/2404/1543 2744/2407/1545
f 2743/2406/1544 2157/1799/1183 2745/2408/1546
f 2745/2408/1546 2157/1799/1183 2156/1798/1182
f 2741/2404/1543 2743/2406/1544 2689/2348/1508
f 2741/2404/1543 2689/2348/1508 2744/2407/1545
f 2689/2348/1508 2743/2406/1544 2745/2408/1546
f 2745/2408/1546 2156/1798/1182 2152/1794/1178
f 2691/2350/796 2744/2407/1545 2687/2346/1505
f 2687/2346/1505 2744/2407/1545 2689/2348/1508
f 2745/2408/1546 2152/1794/1178 2746/2409/1547
f 2689/2348/1508 2745/2408/1546 2747/2410/1548
f 2746/2409/1547 2152/1794/1178 2748/2411/1549
f 2748/2411/1549 2152/1794/1178 2150/1792/1176
f 2745/2408/1546 2746/2409/1547 2749/2412/1550
f 2745/2408/1546 2749/2412/1550 2747/2410/1548
f 2749/2412/1550 2746/2409/1547 2748/2411/1549
f 2748/2411/1549 2150/1792/1176 2146/1788/1170
f 2689/2348/1508 2747/2410/1548 2649/2308/1478
f 2649/2308/1478 2747/2410/1548 2749/2412/1550
f 2749/2412/1550 2748/2411/1549 2750/2413/616
f 2749/2412/1550 2750/2413/616 2649/2308/1478
f 2748/2411/1549 2146/1788/1170 2751/2414/622
f 2750/2413/616 2748/2411/1549 2648/2307/1477
f 2648/2307/1477 2748/2411/1549 2751/2414/622
f 2750/2413/616 2648/2307/1477 2649/2308/1478
f 2751/2414/622 2146/1788/1170 2646/2305/380
f 2751/2414/622 2646/2305/380 2648/2307/1477
f 2021/1665/1107 2022/1666/1108 2024/1668/1110
f 2024/1668/1110 2022/1666/1108 2752/2415/137
f 2024/1668/1110 2752/2415/137 2026/1670/1112
f 2026/1670/1112 2752/2415/137 2753/2416/1551
f 2026/1670/1112 2753/2416/1551 2028/1672/1114
f 2028/1672/1114 2753/2416/1551 2754/2417/1552
f 2028/1672/1114 2754/2417/1552 2755/2418/1553
f 2755/2418/1553 2754/2417/1552 2756/2419/1191
f 2028/1672/1114 2755/2418/1553 2010/1653/1097
f 2010/1653/1097 2755/2418/1553 2009/1652/1096
f 2009/1652/1096 2755/2418/1553 2757/2420/1466
f 2757/2420/1466 2755/2418/1553 2756/2421/1191
f 2009/1652/1096 2757/2420/1466 2008/1651/811
f 2757/2420/1466 2756/2421/1191 2758/2422/971
f 2008/1651/811 2757/2420/1466 2759/2423/366
f 2759/2423/366 2757/2420/1466 2758/2422/971
f 2008/1651/811 2759/2423/366 1986/1628/1076
f 2759/2423/366 2758/2422/971 2760/2424/1003
f 1986/1628/1076 2759/2423/366 2761/2425/824
f 2761/2425/824 2759/2423/366 2760/2424/1003
f 1986/1628/1076 2761/2425/824 1983/1625/1073
f 2761/2425/824 2760/2424/1003 2762/2426/1003
f 1983/1625/1073 2761/2425/824 2763/2427/1554
f 2763/2427/1554 2761/2425/824 2762/2426/1003
f 1983/1625/1073 2763/2427/1554 1984/1626/1074
f 2763/2427/1554 2762/2426/1003 2764/2428/1555
f 1984/1626/1074 2763/2427/1554 2765/2429/1556
f 2765/2429/1556 2763/2427/1554 2764/2428/1555
f 2765/2429/1556 2764/2428/1555 2766/2430/1557
f 1984/1626/1074 2765/2429/1556 1985/1627/1075
f 1985/1627/1075 2765/2429/1556 1988/1630/1078
f 1985/1627/1075 1988/1630/1078 1987/1629/1077
f 1988/1630/1078 2765/2429/1556 2766/2431/1557
f 1988/1630/1078 2766/2431/1557 2767/2432/1558
f 1988/1630/1078 2767/2432/1558 1989/1631/1079
f 1989/1631/1079 2767/2432/1558 2768/2433/1559
f 1989/1631/1079 2768/2433/1559 1991/1633/1081
f 1991/1633/1081 2768/2433/1559 2769/2434/2
f 1991/1633/1081 2769/2434/2 1993/1635/1083
f 1993/1635/1083 2769/2434/2 1996/1638/1086
f 2770/2386/1560 2771/2388/1561 1237/1020/1560
f 1237/1020/1560 2771/2388/1561 1238/1021/1562
f 2770/2386/1560 1237/1020/1560 1242/1025/1563
f 1238/1021/1562 2771/2388/1561 1239/1022/1564
f 2770/2386/1560 1242/1025/1563 98/2384/26
f 1239/1022/1564 2771/2388/1561 2772/2391/1565
f 98/2384/26 1242/1025/1563 1244/1027/1566
f 1239/1022/1564 2772/2391/1565 1280/1062/1567
f 98/2384/26 1244/1027/1566 97/2385/25
f 1280/1062/1567 2772/2391/1565 2773/2392/1568
f 97/2385/25 1244/1027/1566 94/2387/23
f 1280/1062/1567 2773/2392/1568 2774/2394/1569
f 94/2387/23 1244/1027/1566 1250/1033/1570
f 1280/1062/1567 2774/2394/1569 1279/1061/1571
f 94/2387/23 1250/1033/1570 1255/1038/1572
f 1279/1061/1571 2774/2394/1569 2775/2393/1573
f 94/2387/23 1255/1038/1572 92/2389/21
f 1279/1061/1571 2775/2393/1573 1262/1045/1573
f 92/2389/21 1255/1038/1572 293/2390/130
f 1262/1045/1573 2775/2393/1573 293/2390/130
f 293/2390/130 1255/1038/1572 1258/1041/1574
f 293/2390/130 1258/1041/1574 1262/1045/1573
f 1609/1307/2 1611/1309/2 1935/1738/2
f 1935/1738/2 1611/1309/2 2776/1739/2
f 2777/1740/2 1627/1317/2 2778/1741/2
f 2778/1741/2 1627/1317/2 1628/1318/2
f 2779/2435/1575 2125/1767/216 2124/1766/1159
f 2125/1767/216 2779/2435/1575 2112/1754/1150
f 2780/2436/1576 2124/1766/1159 2129/1771/1163
f 2124/1766/1159 2780/2436/1576 2779/2435/1575
f 2781/2437/1577 2126/1768/1160 2119/1761/758
f 2126/1768/1160 2781/2437/1577 2128/1770/1162
f 2781/2437/1577 2119/1761/758 2782/2438/1578
f 2782/2438/1578 2119/1761/758 2117/1759/1153
f 2128/1770/1162 2781/2437/1577 2783/2439/1579
f 2782/2438/1578 2117/1759/1153 2784/2440/1580
f 2782/2438/1578 2784/2440/1580 2781/2437/1577
f 2784/2440/1580 2117/1759/1153 2785/2441/1581
f 2785/2441/1581 2117/1759/1153 2786/2442/1558
f 2786/2442/1558 2117/1759/1153 2116/1758/1152
f 2784/2440/1580 2785/2441/1581 2787/2443/1582
f 2787/2443/1582 2785/2441/1581 2786/2442/1558
f 2781/2437/1577 2784/2440/1580 2788/2444/1583
f 2786/2442/1558 2116/1758/1152 2115/1757/720
f 2781/2437/1577 2788/2444/1583 2789/2445/1584
f 2781/2437/1577 2789/2445/1584 2783/2439/1579
f 2788/2444/1583 2784/2440/1580 2790/2446/1578
f 2788/2444/1583 2790/2446/1578 2789/2445/1584
f 2786/2442/1558 2115/1757/720 2791/2447/1585
f 2790/2446/1578 2784/2440/1580 2792/2448/1581
f 2792/2448/1581 2784/2440/1580 2787/2443/1582
f 2791/2447/1585 2115/1757/720 2793/2449/1037
f 2786/2442/1558 2791/2447/1585 2794/2450/758
f 2794/2450/758 2791/2447/1585 2793/2449/1037
f 2795/2451/1586 2787/2443/1582 2786/2442/1558
f 2795/2451/1586 2786/2442/1558 2794/2450/758
f 2792/2448/1581 2787/2443/1582 2796/2452/596
f 2792/2448/1581 2796/2452/596 2790/2446/1578
f 2787/2443/1582 2795/2451/1586 2797/2453/1586
f 2797/2453/1586 2795/2451/1586 2794/2450/758
f 2796/2452/596 2787/2443/1582 2798/2454/1586
f 2798/2454/1586 2787/2443/1582 2797/2453/1586
f 2790/2446/1578 2796/2452/596 2799/2455/1587
f 2796/2452/596 2798/2454/1586 2800/2456/1586
f 2800/2456/1586 2798/2454/1586 2797/2453/1586
f 2797/2453/1586 2794/2450/758 2801/2457/764
f 2796/2452/596 2800/2456/1586 2802/2458/1586
f 2799/2455/1587 2796/2452/596 2803/2459/1588
f 2803/2459/1588 2796/2452/596 2802/2458/1586
f 2790/2446/1578 2799/2455/1587 2804/2460/753
f 2804/2460/753 2799/2455/1587 2803/2459/1588
f 2790/2446/1578 2804/2460/753 2805/2461/1589
f 2790/2446/1578 2805/2461/1589 2789/2445/1584
f 2789/2445/1584 2805/2461/1589 2806/2462/926
f 2806/2462/926 2805/2461/1589 2804/2460/753
f 2789/2445/1584 2806/2462/926 2807/2463/1124
f 2789/2445/1584 2807/2463/1124 2808/2464/1009
f 2789/2445/1584 2808/2464/1009 2783/2439/1579
f 2783/2439/1579 2808/2464/1009 2128/1770/1162
f 2128/1770/1162 2808/2464/1009 2809/2465/1590
f 2128/1770/1162 2809/2465/1590 2129/1771/1163
f 2808/2464/1009 2807/2463/1124 2810/2466/1013
f 2810/2466/1013 2807/2463/1124 2806/2462/926
f 2809/2465/1590 2808/2464/1009 2811/2467/728
f 2809/2465/1590 2811/2467/728 2129/1771/1163
f 2808/2464/1009 2810/2466/1013 2812/2468/1591
f 2808/2464/1009 2812/2468/1591 2811/2467/728
f 2812/2468/1591 2810/2466/1013 2813/2469/1592
f 2812/2468/1591 2813/2469/1592 2811/2467/728
f 2813/2469/1592 2810/2466/1013 2814/2470/1592
f 2811/2467/728 2813/2469/1592 2815/2471/1593
f 2814/2470/1592 2810/2466/1013 2816/2472/1592
f 2811/2467/728 2815/2471/1593 2817/2473/1244
f 2816/2472/1592 2810/2466/1013 2818/2474/1013
f 2818/2474/1013 2810/2466/1013 2806/2462/926
f 2811/2467/728 2817/2473/1244 2819/2475/1594
f 2811/2467/728 2819/2475/1594 2129/1771/1163
f 2819/2475/1594 2817/2473/1244 2820/2476/270
f 2819/2475/1594 2820/2476/270 2129/1771/1163
f 2820/2476/270 2817/2473/1244 2821/2477/1595
f 2129/1771/1163 2820/2476/270 2780/2436/1576
f 2816/2472/1592 2818/2474/1013 2822/2478/1596
f 2822/2478/1596 2818/2474/1013 2806/2462/926
f 2816/2472/1592 2822/2478/1596 2823/2479/1593
f 2820/2476/270 2821/2477/1595 2824/2480/1597
f 2823/2479/1593 2822/2478/1596 2825/2481/1598
f 2822/2478/1596 2806/2462/926 2826/2482/926
f 2826/2482/926 2806/2462/926 2804/2460/753
f 2825/2481/1598 2822/2478/1596 2827/2483/1596
f 2822/2478/1596 2826/2482/926 2828/2484/1599
f 2822/2478/1596 2828/2484/1599 2827/2483/1596
f 2828/2484/1599 2826/2482/926 2804/2460/753
f 2825/2481/1598 2827/2483/1596 2829/2485/1596
f 2829/2485/1596 2827/2483/1596 2828/2484/1599
f 2825/2481/1598 2829/2485/1596 2830/2486/1598
f 2828/2484/1599 2804/2460/753 2831/2487/171
f 2830/2486/1598 2829/2485/1596 2832/2488/1600
f 2831/2487/171 2804/2460/753 2803/2459/1588
f 2829/2485/1596 2828/2484/1599 2833/2489/1599
f 2828/2484/1599 2831/2487/171 2834/2490/1601
f 2828/2484/1599 2834/2490/1601 2833/2489/1599
f 2834/2490/1601 2831/2487/171 2803/2459/1588
f 2829/2485/1596 2833/2489/1599 2835/2491/1026
f 2835/2491/1026 2833/2489/1599 2834/2490/1601
f 2836/2492/1602 2832/2488/1600 2829/2485/1596
f 2836/2492/1602 2829/2485/1596 2835/2491/1026
f 2832/2488/1600 2836/2492/1602 2837/2493/1603
f 2832/2488/1600 2837/2493/1603 2838/2494/1604
f 2837/2493/1603 2836/2492/1602 2835/2491/1026
f 2837/2493/1603 2835/2491/1026 2839/2495/1605
f 2839/2495/1605 2835/2491/1026 2840/2496/572
f 2841/2497/1601 2835/2491/1026 2834/2490/1601
f 2835/2491/1026 2841/2497/1601 2840/2496/572
f 2841/2497/1601 2834/2490/1601 2842/2498/1606
f 2841/2497/1601 2842/2498/1606 2840/2496/572
f 2843/2499/1607 2834/2490/1601 2803/2459/1588
f 2834/2490/1601 2843/2499/1607 2842/2498/1606
f 2843/2499/1607 2803/2459/1588 2844/2500/1608
f 2843/2499/1607 2844/2500/1608 2842/2498/1606
f 2844/2500/1608 2803/2459/1588 2802/2458/1586
f 2840/2496/572 2842/2498/1606 2845/2501/1609
f 2844/2500/1608 2802/2458/1586 2800/2456/1586
f 2840/2496/572 2845/2501/1609 2846/2502/1610
f 2840/2496/572 2846/2502/1610 2847/2503/1611
f 2845/2501/1609 2842/2498/1606 2848/2504/1612
f 2845/2501/1609 2848/2504/1612 2846/2502/1610
f 2849/2505/1608 2842/2498/1606 2844/2500/1608
f 2842/2498/1606 2849/2505/1608 2848/2504/1612
f 2847/2503/1611 2846/2502/1610 2850/2506/361
f 2849/2505/1608 2844/2500/1608 2851/2507/1558
f 2849/2505/1608 2851/2507/1558 2848/2504/1612
f 2852/2508/596 2844/2500/1608 2800/2456/1586
f 2844/2500/1608 2852/2508/596 2851/2507/1558
f 2850/2506/361 2846/2502/1610 2853/2509/361
f 2852/2508/596 2800/2456/1586 2854/2510/1606
f 2852/2508/596 2854/2510/1606 2851/2507/1558
f 2850/2506/361 2853/2509/361 2855/2511/361
f 2850/2506/361 2855/2511/361 2856/2512/361
f 2853/2509/361 2846/2502/1610 2857/2513/361
f 2853/2509/361 2857/2513/361 2855/2511/361
f 2856/2512/361 2855/2511/361 2858/2514/361
f 2857/2513/361 2846/2502/1610 2859/2515/1613
f 2859/2515/1613 2846/2502/1610 2848/2504/1612
f 2855/2511/361 2857/2513/361 2860/2516/361
f 2857/2513/361 2859/2515/1613 2861/2517/1614
f 2857/2513/361 2861/2517/1614 2860/2516/361
f 2861/2517/1614 2859/2515/1613 2848/2504/1612
f 2855/2511/361 2860/2516/361 2862/2518/361
f 2855/2511/361 2862/2518/361 2858/2514/361
f 2862/2518/361 2860/2516/361 2861/2517/1614
f 2858/2514/361 2862/2518/361 2863/2519/361
f 2858/2514/361 2863/2519/361 2864/2520/361
f 2864/2520/361 2863/2519/361 2865/2521/361
f 2862/2518/361 2861/2517/1614 2866/2522/1615
f 2863/2519/361 2862/2518/361 2867/2523/1616
f 2867/2523/1616 2862/2518/361 2866/2522/1615
f 2865/2521/361 2863/2519/361 2868/2524/361
f 2868/2524/361 2863/2519/361 2867/2523/1616
f 2865/2521/361 2868/2524/361 2869/2525/361
f 2865/2521/361 2869/2525/361 2870/2526/361
f 2870/2526/361 2869/2525/361 2871/2527/361
f 2872/2528/1617 2866/2522/1615 2861/2517/1614
f 2866/2522/1615 2872/2528/1617 2867/2523/1616
f 2868/2524/361 2867/2523/1616 2873/2529/1618
f 2872/2528/1617 2861/2517/1614 2874/2517/355
f 2874/2517/355 2861/2517/1614 2848/2504/1612
f 2869/2525/361 2868/2524/361 2032/1673/1121
f 2032/1673/1121 2868/2524/361 2873/2529/1618
f 2875/2530/361 2871/2527/361 2869/2525/361
f 2875/2530/361 2869/2525/361 2032/1673/1121
f 2871/2527/361 2875/2530/361 2876/2531/361
f 2874/2517/355 2848/2504/1612 2877/2532/750
f 2874/2517/355 2877/2532/750 2872/2528/1617
f 2877/2532/750 2848/2504/1612 2878/2533/1619
f 2878/2533/1619 2848/2504/1612 2851/2507/1558
f 2876/2531/361 2875/2530/361 2879/2534/361
f 2876/2531/361 2879/2534/361 2880/2535/361
f 2878/2533/1619 2851/2507/1558 2881/2536/733
f 2878/2533/1619 2881/2536/733 2877/2532/750
f 2881/2536/733 2851/2507/1558 2882/2537/1588
f 2882/2537/1588 2851/2507/1558 2854/2510/1606
f 2877/2532/750 2881/2536/733 2883/2538/1620
f 2881/2536/733 2882/2537/1588 2884/2539/1160
f 2881/2536/733 2884/2539/1160 2883/2538/1620
f 2884/2539/1160 2882/2537/1588 2854/2510/1606
f 2877/2532/750 2883/2538/1620 2885/2540/729
f 2885/2540/729 2883/2538/1620 2884/2539/1160
f 2877/2532/750 2885/2540/729 2886/2541/1001
f 2877/2532/750 2886/2541/1001 2872/2528/1617
f 2885/2540/729 2884/2539/1160 2887/2542/729
f 2886/2541/1001 2885/2540/729 2888/2543/1144
f 2886/2541/1001 2888/2543/1144 2872/2528/1617
f 2888/2543/1144 2885/2540/729 2887/2542/729
f 2872/2528/1617 2888/2543/1144 2889/2544/1621
f 2872/2528/1617 2889/2544/1621 2867/2523/1616
f 2867/2523/1616 2889/2544/1621 2035/1676/1123
f 2035/1676/1123 2889/2544/1621 2888/2543/1144
f 2867/2523/1616 2035/1676/1123 2873/2529/1618
f 2890/2545/1025 2887/2542/729 2884/2539/1160
f 2887/2542/729 2890/2545/1025 2888/2543/1144
f 2890/2545/1025 2884/2539/1160 2891/2546/1622
f 2891/2546/1622 2884/2539/1160 2854/2510/1606
f 2873/2529/1618 2035/1676/1123 2032/1673/1121
f 2891/2546/1622 2854/2510/1606 2892/2547/1585
f 2891/2546/1622 2892/2547/1585 2890/2545/1025
f 2892/2547/1585 2854/2510/1606 2893/2548/596
f 2893/2548/596 2854/2510/1606 2800/2456/1586
f 2893/2548/596 2800/2456/1586 2797/2453/1586
f 2893/2548/596 2797/2453/1586 2892/2547/1585
f 2892/2547/1585 2797/2453/1586 2801/2457/764
f 2890/2545/1025 2892/2547/1585 2894/2549/1025
f 2892/2547/1585 2801/2457/764 2895/2550/1623
f 2892/2547/1585 2895/2550/1623 2894/2549/1025
f 2895/2550/1623 2801/2457/764 2794/2450/758
f 2890/2545/1025 2894/2549/1025 2896/2551/927
f 2896/2551/927 2894/2549/1025 2895/2550/1623
f 2895/2550/1623 2794/2450/758 2897/2552/1624
f 2897/2552/1624 2794/2450/758 2793/2449/1037
f 2895/2550/1623 2897/2552/1624 2898/2553/927
f 2898/2553/927 2897/2552/1624 2793/2449/1037
f 2896/2551/927 2895/2550/1623 2899/2554/927
f 2899/2554/927 2895/2550/1623 2898/2553/927
f 2890/2545/1025 2896/2551/927 2900/2555/927
f 2890/2545/1025 2900/2555/927 2888/2543/1144
f 2896/2551/927 2899/2554/927 2090/1731/1144
f 2090/1731/1144 2899/2554/927 2898/2553/927
f 2900/2555/927 2896/2551/927 2086/1727/927
f 2900/2555/927 2086/1727/927 2888/2543/1144
f 2896/2551/927 2090/1731/1144 2089/1730/1144
f 2896/2551/927 2089/1730/1144 2086/1727/927
f 2888/2543/1144 2086/1727/927 2044/1685/927
f 2888/2543/1144 2044/1685/927 2035/1676/1123
f 2090/1731/1144 2898/2553/927 2901/2556/927
f 2901/2556/927 2898/2553/927 2902/2557/747
f 2902/2557/747 2898/2553/927 2903/2558/747
f 2903/2558/747 2898/2553/927 2793/2449/1037
f 2903/2558/747 2793/2449/1037 2904/2559/1625
f 2903/2558/747 2904/2559/1625 2902/2557/747
f 2904/2559/1625 2793/2449/1037 2905/2560/1036
f 2905/2560/1036 2793/2449/1037 2115/1757/720
f 2905/2560/1036 2115/1757/720 2114/1756/773
f 2905/2560/1036 2114/1756/773 2904/2559/1625
f 2906/2561/749 2901/2556/927 2902/2557/747
f 2901/2556/927 2906/2561/749 2090/1731/1144
f 2904/2559/1625 2114/1756/773 2907/2562/1024
f 2907/2562/1024 2114/1756/773 2908/2563/1474
f 2908/2563/1474 2114/1756/773 2106/1748/364
f 2904/2559/1625 2907/2562/1024 2909/2564/554
f 2909/2564/554 2907/2562/1024 2908/2563/1474
f 2910/2565/982 2902/2557/747 2904/2559/1625
f 2910/2565/982 2904/2559/1625 2909/2564/554
f 2902/2557/747 2910/2565/982 2911/2566/747
f 2902/2557/747 2911/2566/747 2906/2561/749
f 2908/2563/1474 2106/1748/364 2104/1746/1024
f 2909/2564/554 2908/2563/1474 2912/2567/1474
f 2908/2563/1474 2104/1746/1024 2913/2568/1024
f 2910/2565/982 2909/2564/554 2914/2569/1625
f 2912/2567/1474 2908/2563/1474 2915/2570/1024
f 2915/2570/1024 2908/2563/1474 2913/2568/1024
f 2909/2564/554 2912/2567/1474 2916/2571/1626
f 2909/2564/554 2916/2571/1626 2914/2569/1625
f 2916/2571/1626 2912/2567/1474 2915/2570/1024
f 2910/2565/982 2914/2569/1625 2917/2572/747
f 2910/2565/982 2917/2572/747 2911/2566/747
f 2917/2572/747 2914/2569/1625 1910/1556/1036
f 1910/1556/1036 2914/2569/1625 2916/2571/1626
f 2911/2566/747 2917/2572/747 1913/1559/1037
f 2917/2572/747 1910/1556/1036 1912/1558/749
f 2917/2572/747 1912/1558/749 1913/1559/1037
f 2911/2566/747 1913/1559/1037 2918/2573/1627
f 2911/2566/747 2918/2573/1627 2906/2561/749
f 2906/2561/749 2918/2573/1627 2093/1734/1025
f 1910/1556/1036 2916/2571/1626 2919/2574/1626
f 2906/2561/749 2093/1734/1025 2090/1731/1144
f 2919/2574/1626 2916/2571/1626 1889/1535/1024
f 1889/1535/1024 2916/2571/1626 2920/2575/773
f 2920/2575/773 2916/2571/1626 2915/2570/1024
f 1910/1556/1036 2919/2574/1626 1895/1541/364
f 1895/1541/364 2919/2574/1626 1889/1535/1024
f 2920/2575/773 2915/2570/1024 1890/1536/1025
f 2920/2575/773 1890/1536/1025 1889/1535/1024
f 1890/1536/1025 2915/2570/1024 2921/2576/1025
f 2921/2576/1025 2915/2570/1024 2922/2577/1026
f 2922/2577/1026 2915/2570/1024 2913/2568/1024
f 2922/2577/1026 2913/2568/1024 2104/1746/1024
f 2922/2577/1026 2104/1746/1024 2923/2578/1026
f 2923/2578/1026 2104/1746/1024 2101/1743/1026
f 2921/2576/1025 2922/2577/1026 2924/2579/730
f 2921/2576/1025 2924/2579/730 1890/1536/1025
f 2922/2577/1026 2923/2578/1026 2925/2580/1136
f 2925/2580/1136 2923/2578/1026 2101/1743/1026
f 2924/2579/730 2922/2577/1026 2926/2581/730
f 2926/2581/730 2922/2577/1026 2925/2580/1136
f 2924/2579/730 2926/2581/730 2927/2582/351
f 2927/2582/351 2926/2581/730 2925/2580/1136
f 2925/2580/1136 2101/1743/1026 2928/2583/1136
f 2928/2583/1136 2101/1743/1026 2112/1754/1150
f 2925/2580/1136 2928/2583/1136 2929/2584/1628
f 2929/2584/1628 2928/2583/1136 2112/1754/1150
f 2927/2582/351 2925/2580/1136 2930/2585/1028
f 2930/2585/1028 2925/2580/1136 2929/2584/1628
f 2927/2582/351 2930/2585/1028 2931/2586/1629
f 2931/2586/1629 2930/2585/1028 2929/2584/1628
f 2929/2584/1628 2112/1754/1150 2932/2587/1630
f 2927/2582/351 2931/2586/1629 2933/2588/1629
f 2929/2584/1628 2932/2587/1630 2934/2589/356
f 2927/2582/351 2933/2588/1629 2935/2590/1629
f 2929/2584/1628 2934/2589/356 2936/2591/356
f 2929/2584/1628 2936/2591/356 2931/2586/1629
f 2932/2587/1630 2112/1754/1150 2937/2592/1630
f 2932/2587/1630 2937/2592/1630 2934/2589/356
f 2937/2592/1630 2112/1754/1150 2938/2593/1631
f 2938/2593/1631 2112/1754/1150 2779/2435/1575
f 2937/2592/1630 2938/2593/1631 2939/2594/1632
f 2939/2594/1632 2938/2593/1631 2779/2435/1575
f 2934/2589/356 2937/2592/1630 2940/2595/356
f 2940/2595/356 2937/2592/1630 2939/2594/1632
f 2934/2589/356 2940/2595/356 2941/2596/1633
f 2941/2596/1633 2940/2595/356 2939/2594/1632
f 2942/2597/1634 2936/2591/356 2934/2589/356
f 2936/2591/356 2942/2597/1634 2931/2586/1629
f 2934/2589/356 2941/2596/1633 2943/2598/1635
f 2934/2589/356 2943/2598/1635 2942/2597/1634
f 2943/2598/1635 2941/2596/1633 2944/2599/1636
f 2943/2598/1635 2944/2599/1636 2942/2597/1634
f 2931/2586/1629 2942/2597/1634 2945/2600/1633
f 2944/2599/1636 2941/2596/1633 2946/2601/1637
f 2931/2586/1629 2945/2600/1633 2947/2602/1633
f 2931/2586/1629 2947/2602/1633 2933/2588/1629
f 2945/2600/1633 2942/2597/1634 2948/2603/1637
f 2945/2600/1633 2948/2603/1637 2947/2602/1633
f 2942/2597/1634 2944/2599/1636 2949/2604/114
f 2942/2597/1634 2949/2604/114 2948/2603/1637
f 2949/2604/114 2944/2599/1636 2950/2605/116
f 2949/2604/114 2950/2605/116 2948/2603/1637
f 2933/2588/1629 2947/2602/1633 2935/2590/1629
f 2947/2602/1633 2948/2603/1637 2951/2606/1637
f 2935/2590/1629 2947/2602/1633 2952/2607/1638
f 2947/2602/1633 2951/2606/1637 2953/2608/1637
f 2947/2602/1633 2953/2608/1637 2952/2607/1638
f 2951/2606/1637 2948/2603/1637 2954/2609/116
f 2951/2606/1637 2954/2609/116 2953/2608/1637
f 2955/2610/116 2948/2603/1637 2950/2605/116
f 2948/2603/1637 2955/2610/116 2954/2609/116
f 2935/2590/1629 2952/2607/1638 2956/2611/1638
f 2956/2611/1638 2952/2607/1638 2953/2608/1637
f 2935/2590/1629 2956/2611/1638 2957/2612/356
f 2953/2608/1637 2954/2609/116 2958/2613/116
f 2954/2609/116 2955/2610/116 2959/2614/1429
f 2959/2614/1429 2955/2610/116 2950/2605/116
f 2958/2613/116 2954/2609/116 2960/2615/1429
f 2954/2609/116 2959/2614/1429 2961/2616/1429
f 2954/2609/116 2961/2616/1429 2960/2615/1429
f 2953/2608/1637 2958/2613/116 2962/2617/116
f 2962/2617/116 2958/2613/116 2960/2615/1429
f 2963/2618/1637 2956/2611/1638 2953/2608/1637
f 2963/2618/1637 2953/2608/1637 2962/2617/116
f 2956/2611/1638 2963/2618/1637 2964/2619/1639
f 2956/2611/1638 2964/2619/1639 2957/2612/356
f 2960/2615/1429 2961/2616/1429 2965/2620/1640
f 2965/2620/1640 2961/2616/1429 2959/2614/1429
f 2962/2617/116 2960/2615/1429 2966/2621/1429
f 2963/2618/1637 2962/2617/116 2967/2622/116
f 2967/2622/116 2962/2617/116 2966/2621/1429
f 2964/2619/1639 2963/2618/1637 2968/2623/1637
f 2968/2623/1637 2963/2618/1637 2967/2622/116
f 2966/2621/1429 2960/2615/1429 2969/2624/1640
f 2969/2624/1640 2960/2615/1429 2965/2620/1640
f 2967/2622/116 2966/2621/1429 2970/2625/1426
f 2968/2623/1637 2967/2622/116 2971/2626/1425
f 2971/2626/1425 2967/2622/116 2970/2625/1426
f 2966/2621/1429 2969/2624/1640 2972/2627/1640
f 2966/2621/1429 2972/2627/1640 2970/2625/1426
f 2970/2625/1426 2972/2627/1640 2973/2628/1641
f 2972/2627/1640 2969/2624/1640 2974/2629/1642
f 2973/2628/1641 2972/2627/1640 2975/2630/1643
f 2975/2630/1643 2972/2627/1640 2974/2629/1642
f 2974/2629/1642 2969/2624/1640 2976/2631/1642
f 2976/2631/1642 2969/2624/1640 2965/2620/1640
f 2974/2629/1642 2976/2631/1642 2977/2632/1644
f 2974/2629/1642 2977/2632/1644 2978/2633/1644
f 2974/2629/1642 2978/2633/1644 2975/2630/1643
f 2977/2632/1644 2976/2631/1642 2979/2634/1644
f 2975/2630/1643 2978/2633/1644 2980/2635/1645
f 2979/2634/1644 2976/2631/1642 2981/2636/1437
f 2981/2636/1437 2976/2631/1642 2965/2620/1640
f 2979/2634/1644 2981/2636/1437 2982/2637/1642
f 2982/2637/1642 2981/2636/1437 2965/2620/1640
f 2979/2634/1644 2982/2637/1642 2983/2638/1646
f 2975/2630/1643 2980/2635/1645 2984/2639/1647
f 2983/2638/1646 2982/2637/1642 2985/2640/1648
f 2982/2637/1642 2965/2620/1640 2986/2641/1640
f 2986/2641/1640 2965/2620/1640 2959/2614/1429
f 2985/2640/1648 2982/2637/1642 2987/2642/1649
f 2982/2637/1642 2986/2641/1640 2988/2643/1427
f 2982/2637/1642 2988/2643/1427 2987/2642/1649
f 2988/2643/1427 2986/2641/1640 2959/2614/1429
f 2985/2640/1648 2987/2642/1649 2989/2644/1650
f 2989/2644/1650 2987/2642/1649 2988/2643/1427
f 2985/2640/1648 2989/2644/1650 2990/2645/1651
f 2988/2643/1427 2959/2614/1429 2991/2646/1652
f 2991/2646/1652 2959/2614/1429 2950/2605/116
f 2990/2645/1651 2989/2644/1650 2992/2647/909
f 2989/2644/1650 2988/2643/1427 2993/2648/1653
f 2992/2647/909 2989/2644/1650 2994/2649/1654
f 2988/2643/1427 2991/2646/1652 2995/2650/1655
f 2995/2650/1655 2991/2646/1652 2950/2605/116
f 2988/2643/1427 2995/2650/1655 2993/2648/1653
f 2989/2644/1650 2993/2648/1653 2996/2651/1656
f 2989/2644/1650 2996/2651/1656 2994/2649/1654
f 2996/2651/1656 2993/2648/1653 2995/2650/1655
f 2992/2647/909 2994/2649/1654 2997/2652/1657
f 2997/2652/1657 2994/2649/1654 2996/2651/1656
f 2992/2647/909 2997/2652/1657 2998/2653/1658
f 2995/2650/1655 2950/2605/116 2999/2654/116
f 2999/2654/116 2950/2605/116 2944/2599/1636
f 2998/2653/1658 2997/2652/1657 3000/2655/1659
f 2999/2654/116 2944/2599/1636 3001/2656/1660
f 2999/2654/116 3001/2656/1660 2995/2650/1655
f 3001/2656/1660 2944/2599/1636 2946/2601/1637
f 3002/2657/1661 2996/2651/1656 2995/2650/1655
f 3002/2657/1661 2995/2650/1655 3001/2656/1660
f 3003/2658/1662 2997/2652/1657 2996/2651/1656
f 2996/2651/1656 3002/2657/1661 3004/2659/1663
f 2996/2651/1656 3004/2659/1663 3003/2658/1662
f 3004/2659/1663 3002/2657/1661 3001/2656/1660
f 2997/2652/1657 3003/2658/1662 3005/2660/1664
f 3005/2660/1664 3003/2658/1662 3004/2659/1663
f 3004/2659/1663 3001/2656/1660 3006/2661/1665
f 3004/2659/1663 3006/2661/1665 3005/2660/1664
f 3006/2661/1665 3001/2656/1660 3007/2662/1666
f 3007/2662/1666 3001/2656/1660 2946/2601/1637
f 3006/2661/1665 3007/2662/1666 3005/2660/1664
f 3007/2662/1666 2946/2601/1637 2941/2596/1633
f 2997/2652/1657 3005/2660/1664 3008/2663/1667
f 2997/2652/1657 3008/2663/1667 3000/2655/1659
f 3005/2660/1664 3007/2662/1666 3009/2664/109
f 3000/2655/1659 3008/2663/1667 3010/2665/1668
f 3010/2665/1668 3008/2663/1667 3005/2660/1664
f 3010/2665/1668 3005/2660/1664 3009/2664/109
f 3000/2655/1659 3010/2665/1668 3011/2666/1669
f 3011/2666/1669 3010/2665/1668 3012/2667/1670
f 3013/2668/781 3007/2662/1666 2941/2596/1633
f 3012/2667/1670 3010/2665/1668 3014/2669/1671
f 3015/2670/1672 3009/2664/109 3007/2662/1666
f 3009/2664/109 3015/2670/1672 3010/2665/1668
f 3015/2670/1672 3007/2662/1666 3013/2668/781
f 3010/2665/1668 3015/2670/1672 3014/2669/1671
f 3013/2668/781 2941/2596/1633 2939/2594/1632
f 3013/2668/781 2939/2594/1632 3015/2670/1672
f 3012/2667/1670 3014/2669/1671 3016/2671/1673
f 3016/2671/1673 3014/2669/1671 3015/2670/1672
f 3012/2667/1670 3016/2671/1673 3017/2672/1674
f 3015/2670/1672 2939/2594/1632 3018/2673/1675
f 3015/2670/1672 3018/2673/1675 3016/2671/1673
f 3017/2672/1674 3016/2671/1673 2824/2480/1597
f 2824/2480/1597 3016/2671/1673 3019/2674/1676
f 3016/2671/1673 3018/2673/1675 3020/2675/775
f 3016/2671/1673 3020/2675/775 3019/2674/1676
f 3020/2675/775 3018/2673/1675 2939/2594/1632
f 2824/2480/1597 3019/2674/1676 2820/2476/270
f 2820/2476/270 3019/2674/1676 3020/2675/775
f 3020/2675/775 2939/2594/1632 3021/2676/1677
f 3020/2675/775 3021/2676/1677 2820/2476/270
f 3021/2676/1677 2939/2594/1632 2779/2435/1575
f 3021/2676/1677 2779/2435/1575 2820/2476/270
f 2820/2476/270 2779/2435/1575 2780/2436/1576
f 173/85/1678 3022/2677/1679 175/87/1680
f 175/87/1680 3022/2677/1679 3023/2678/1681
f 3023/2678/1681 3022/2677/1679 194/2679/622
f 175/87/1680 3023/2678/1681 177/89/1680
f 3023/2678/1681 194/2679/622 193/2680/1682
f 177/89/1680 3023/2678/1681 3024/2681/334
f 3024/2681/334 3023/2678/1681 193/2680/1682
f 177/89/1680 3024/2681/334 179/91/1683
f 3024/2681/334 193/2680/1682 195/2682/280
f 179/91/1683 3024/2681/334 3025/2683/289
f 3025/2683/289 3024/2681/334 195/2682/280
f 179/91/1683 3025/2683/289 181/93/1683
f 3025/2683/289 195/2682/280 197/2684/324
f 181/93/1683 3025/2683/289 3026/2685/1684
f 3026/2685/1684 3025/2683/289 197/2684/324
f 181/93/1683 3026/2685/1684 183/95/1685
f 3026/2685/1684 197/2684/324 200/2686/1686
f 183/95/1685 3026/2685/1684 3027/2687/1687
f 3027/2687/1687 3026/2685/1684 200/2686/1686
f 183/95/1685 3027/2687/1687 185/97/1688
f 3027/2687/1687 200/2686/1686 201/2688/1474
f 185/97/1688 3027/2687/1687 3028/2689/1584
f 3028/2689/1584 3027/2687/1687 201/2688/1474
f 185/97/1688 3028/2689/1584 187/99/1689
f 187/99/1689 3028/2689/1584 3029/2690/169
f 187/99/1689 3029/2690/169 189/101/1690
f 3028/2689/1584 201/2688/1474 3030/2691/345
f 3028/2689/1584 3030/2691/345 3029/2690/169
f 3030/2691/345 201/2688/1474 3031/2692/94
f 3031/2692/94 201/2688/1474 199/2693/1474
f 3029/2690/169 3030/2691/345 3032/2694/351
f 3032/2694/351 3030/2691/345 3031/2692/94
f 189/101/1690 3029/2690/169 3033/2695/1691
f 3033/2695/1691 3029/2690/169 3032/2694/351
f 189/101/1690 3033/2695/1691 191/103/1692
f 191/103/1692 3033/2695/1691 3034/2696/1693
f 191/103/1692 3034/2696/1693 160/105/1694
f 160/105/1694 3034/2696/1693 3035/2697/1695
f 3034/2696/1693 3033/2695/1691 3036/2698/361
f 3036/2698/361 3033/2695/1691 3032/2694/351
f 3035/2697/1695 3034/2696/1693 3037/2699/670
f 3037/2699/670 3034/2696/1693 3036/2698/361
f 3035/2697/1695 3037/2699/670 3038/2700/676
f 3036/2698/361 3032/2694/351 3039/2701/1696
f 3039/2701/1696 3032/2694/351 3031/2692/94
f 3037/2699/670 3036/2698/361 3040/2702/868
f 3040/2702/868 3036/2698/361 3039/2701/1696
f 3038/2700/676 3037/2699/670 3041/2703/1697
f 3041/2703/1697 3037/2699/670 3040/2702/868
f 3038/2700/676 3041/2703/1697 3042/2704/1698
f 3042/2704/1698 3041/2703/1697 3043/2705/1699
f 3043/2705/1699 3041/2703/1697 3044/2706/1700
f 3044/2706/1700 3041/2703/1697 3040/2702/868
f 3044/2706/1700 3040/2702/868 3045/2707/1701
f 3045/2707/1701 3040/2702/868 3039/2701/1696
f 3045/2707/1701 3039/2701/1696 3046/2708/1702
f 3046/2708/1702 3039/2701/1696 3031/2692/94
f 3046/2708/1702 3031/2692/94 3047/2709/1703
f 3047/2709/1703 3031/2692/94 3048/2710/1704
f 3048/2710/1704 3031/2692/94 3049/2711/850
f 3049/2711/850 3031/2692/94 199/2693/1474
f 3048/2710/1704 3049/2711/850 3050/2712/1705
f 3050/2712/1705 3049/2711/850 199/2693/1474
f 3048/2710/1704 3050/2712/1705 3051/2713/1706
f 3050/2712/1705 199/2693/1474 198/2714/370
f 3051/2713/1706 3050/2712/1705 3052/2715/1707
f 3052/2715/1707 3050/2712/1705 198/2714/370
f 3051/2713/1706 3052/2715/1707 3053/2716/1708
f 3052/2715/1707 198/2714/370 196/2717/325
f 3054/2718/729 3055/2719/774 3056/2720/1137
f 3054/2718/729 3056/2720/1137 3057/2721/1709
f 3057/2721/1709 3056/2720/1137 3058/2722/1710
f 3058/2722/1710 3056/2720/1137 3059/2723/1254
f 3059/2723/1254 3056/2720/1137 3060/2724/1185
f 3057/2721/1709 3058/2722/1710 3061/2725/1711
f 3057/2721/1709 3061/2725/1711 3054/2718/729
f 3061/2725/1711 3058/2722/1710 3062/2726/1142
f 3060/2724/1185 3056/2720/1137 3063/2727/1452
f 3061/2725/1711 3062/2726/1142 3064/2728/366
f 3064/2728/366 3062/2726/1142 3065/2729/1142
f 3064/2728/366 3065/2729/1142 3066/2730/1712
f 3063/2727/1452 3056/2720/1137 3067/2731/1025
f 3067/2731/1025 3056/2720/1137 3055/2719/774
f 3060/2724/1185 3063/2727/1452 3068/2732/1135
f 3068/2732/1135 3063/2727/1452 3067/2731/1025
f 3060/2724/1185 3068/2732/1135 3069/2733/1713
f 3069/2733/1713 3068/2732/1135 3070/2734/1714
f 3070/2734/1714 3068/2732/1135 3071/2735/1715
f 3070/2734/1714 3071/2735/1715 3072/2736/1122
f 3070/2734/1714 3072/2736/1122 3073/2737/667
f 3071/2735/1715 3068/2732/1135 3074/2738/979
f 3071/2735/1715 3074/2738/979 3072/2736/1122
f 3073/2737/667 3072/2736/1122 3075/2739/667
f 3074/2738/979 3068/2732/1135 3076/2740/1144
f 3076/2740/1144 3068/2732/1135 3067/2731/1025
f 3075/2739/667 3072/2736/1122 3077/2741/1122
f 3075/2739/667 3077/2741/1122 3078/2742/1716
f 3078/2742/1716 3077/2741/1122 3079/2743/1717
f 3078/2742/1716 3079/2743/1717 3080/2744/1718
f 3078/2742/1716 3080/2744/1718 3081/2745/1719
f 3079/2743/1717 3077/2741/1122 3082/2746/728
f 3079/2743/1717 3082/2746/728 3080/2744/1718
f 3077/2741/1122 3072/2736/1122 3083/2747/345
f 3077/2741/1122 3083/2747/345 3082/2746/728
f 3083/2747/345 3072/2736/1122 3084/2748/345
f 3084/2748/345 3072/2736/1122 3074/2738/979
f 3081/2745/1719 3080/2744/1718 3085/2749/1588
f 3083/2747/345 3084/2748/345 3086/2750/1122
f 3086/2750/1122 3084/2748/345 3074/2738/979
f 3085/2749/1588 3080/2744/1718 3087/2751/1720
f 3083/2747/345 3086/2750/1122 3088/2752/1122
f 3083/2747/345 3088/2752/1122 3082/2746/728
f 3086/2750/1122 3074/2738/979 3089/2753/1721
f 3085/2749/1588 3087/2751/1720 3090/2754/1722
f 3085/2749/1588 3090/2754/1722 3091/2755/1723
f 3091/2755/1723 3090/2754/1722 3066/2730/1712
f 3066/2730/1712 3090/2754/1722 3092/2756/1724
f 3066/2730/1712 3092/2756/1724 3064/2728/366
f 3090/2754/1722 3087/2751/1720 3093/2757/1725
f 3093/2757/1725 3087/2751/1720 3080/2744/1718
f 3092/2756/1724 3090/2754/1722 3094/2758/348
f 3092/2756/1724 3094/2758/348 3064/2728/366
f 3090/2754/1722 3093/2757/1725 3095/2759/1725
f 3090/2754/1722 3095/2759/1725 3094/2758/348
f 3093/2757/1725 3080/2744/1718 3096/2760/1623
f 3096/2760/1623 3080/2744/1718 3082/2746/728
f 3095/2759/1725 3093/2757/1725 2067/1708/1026
f 3095/2759/1725 2067/1708/1026 3094/2758/348
f 3093/2757/1725 3096/2760/1623 2063/1704/1136
f 2063/1704/1136 3096/2760/1623 3082/2746/728
f 2067/1708/1026 3093/2757/1725 2066/1707/1026
f 2066/1707/1026 3093/2757/1725 2063/1704/1136
f 3097/2761/749 3064/2728/366 3094/2758/348
f 3064/2728/366 3097/2761/749 3098/2762/1003
f 3064/2728/366 3098/2762/1003 3061/2725/1711
f 3097/2761/749 3094/2758/348 3099/2763/729
f 3097/2761/749 3099/2763/729 3098/2762/1003
f 3061/2725/1711 3098/2762/1003 3054/2718/729
f 3099/2763/729 3094/2758/348 3100/2764/1003
f 3100/2764/1003 3094/2758/348 2067/1708/1026
f 3098/2762/1003 3099/2763/729 3101/2765/948
f 3098/2762/1003 3101/2765/948 3054/2718/729
f 3099/2763/729 3100/2764/1003 2096/1737/1003
f 2096/1737/1003 3100/2764/1003 2067/1708/1026
f 3099/2763/729 2096/1737/1003 3102/2766/729
f 3099/2763/729 3102/2766/729 3101/2765/948
f 3054/2718/729 3101/2765/948 3103/2767/1726
f 3101/2765/948 3102/2766/729 3104/2768/1726
f 3104/2768/1726 3102/2766/729 953/2769/1624
f 3101/2765/948 3104/2768/1726 3105/2770/1726
f 3101/2765/948 3105/2770/1726 3103/2767/1726
f 3105/2770/1726 3104/2768/1726 953/2769/1624
f 3105/2770/1726 953/2769/1624 955/2771/1726
f 953/2769/1624 3102/2766/729 2093/1734/1025
f 2093/1734/1025 3102/2766/729 2096/1737/1003
f 3105/2770/1726 955/2771/1726 957/2772/1727
f 3105/2770/1726 957/2772/1727 3103/2767/1726
f 3103/2767/1726 957/2772/1727 3054/2718/729
f 3054/2718/729 957/2772/1727 3055/2719/774
f 3055/2719/774 957/2772/1727 3067/2731/1025
f 3067/2731/1025 957/2772/1727 959/2773/729
f 3067/2731/1025 959/2773/729 961/2774/1621
f 3067/2731/1025 961/2774/1621 3076/2740/1144
f 3076/2740/1144 961/2774/1621 3074/2738/979
f 3074/2738/979 961/2774/1621 3089/2753/1721
f 3089/2753/1721 961/2774/1621 3106/2775/1728
f 3106/2775/1728 961/2774/1621 963/2776/1729
f 3089/2753/1721 3106/2775/1728 3086/2750/1122
f 3106/2775/1728 963/2776/1729 964/2777/361
f 3106/2775/1728 964/2777/361 3107/2778/361
f 3107/2778/361 964/2777/361 3108/2779/361
f 3108/2779/361 964/2777/361 965/2780/361
f 3107/2778/361 3108/2779/361 3109/2781/361
f 3107/2778/361 3109/2781/361 3106/2775/1728
f 3109/2781/361 3108/2779/361 3110/2782/361
f 3111/2783/1730 3086/2750/1122 3106/2775/1728
f 3111/2783/1730 3106/2775/1728 3109/2781/361
f 3109/2781/361 3110/2782/361 3112/2784/361
f 3109/2781/361 3112/2784/361 3111/2783/1730
f 3112/2784/361 3110/2782/361 3113/2785/361
f 3086/2750/1122 3111/2783/1730 3088/2752/1122
f 3111/2783/1730 3112/2784/361 3114/2786/1730
f 3111/2783/1730 3114/2786/1730 3088/2752/1122
f 3114/2786/1730 3112/2784/361 3115/2787/356
f 3114/2786/1730 3115/2787/356 3088/2752/1122
f 3112/2784/361 3113/2785/361 3116/2788/361
f 3112/2784/361 3116/2788/361 3115/2787/356
f 3116/2788/361 3113/2785/361 3117/2789/361
f 3116/2788/361 3117/2789/361 3118/2790/361
f 3116/2788/361 3118/2790/361 3119/2791/361
f 3116/2788/361 3119/2791/361 3115/2787/356
f 3119/2791/361 3118/2790/361 2880/2535/361
f 3120/2792/347 3088/2752/1122 3115/2787/356
f 3088/2752/1122 3120/2792/347 3082/2746/728
f 3082/2746/728 3120/2792/347 2063/1704/1136
f 2063/1704/1136 3120/2792/347 3115/2787/356
f 3115/2787/356 3119/2791/361 3121/2793/1615
f 3115/2787/356 3121/2793/1615 2063/1704/1136
f 3119/2791/361 2880/2535/361 3122/2794/361
f 3121/2793/1615 3119/2791/361 3123/2795/1731
f 3123/2795/1731 3119/2791/361 3122/2794/361
f 3122/2794/361 2880/2535/361 2879/2534/361
f 3122/2794/361 2879/2534/361 3123/2795/1731
f 3121/2793/1615 3123/2795/1731 2063/1704/1136
f 3123/2795/1731 2879/2534/361 3124/2796/1730
f 3124/2796/1730 2879/2534/361 3125/2797/1730
f 3125/2797/1730 2879/2534/361 2875/2530/361
f 3125/2797/1730 2875/2530/361 2032/1673/1121
f 3124/2796/1730 3125/2797/1730 2037/1678/1122
f 3124/2796/1730 2037/1678/1122 3123/2795/1731
f 3125/2797/1730 2032/1673/1121 2034/1675/1122
f 3125/2797/1730 2034/1675/1122 2037/1678/1122
f 3123/2795/1731 2037/1678/1122 3126/2798/1721
f 3123/2795/1731 3126/2798/1721 2063/1704/1136
f 3126/2798/1721 2037/1678/1122 2038/1679/979
f 3126/2798/1721 2038/1679/979 2063/1704/1136
f 3127/2799/1732 3128/2800/1733 1800/1437/1734
f 1800/1437/1734 3128/2800/1733 1801/1438/1735
f 3127/2799/1732 1800/1437/1734 1803/1440/1736
f 1801/1438/1735 3128/2800/1733 3129/2801/1737
f 1801/1438/1735 3129/2801/1737 1806/1443/1738
f 1806/1443/1738 3129/2801/1737 3130/2802/1739
f 1806/1443/1738 3130/2802/1739 1810/1447/1203
f 3127/2799/1732 1803/1440/1736 3131/2803/1740
f 3131/2803/1740 1803/1440/1736 1807/1444/1741
f 1810/1447/1203 3130/2802/1739 3132/2804/1742
f 3132/2804/1742 3130/2802/1739 3133/2805/137
f 1810/1447/1203 3132/2804/1742 1812/1449/1743
f 3132/2804/1742 3133/2805/137 3134/2806/1744
f 1812/1449/1743 3132/2804/1742 3135/2807/1668
f 3135/2807/1668 3132/2804/1742 3134/2806/1744
f 1812/1449/1743 3135/2807/1668 1813/1450/1745
f 3135/2807/1668 3134/2806/1744 3136/2808/1698
f 1813/1450/1745 3135/2807/1668 3137/2809/1746
f 3137/2809/1746 3135/2807/1668 3136/2808/1698
f 1813/1450/1745 3137/2809/1746 1811/1448/1747
f 3137/2809/1746 3136/2808/1698 3138/2810/1748
f 1811/1448/1747 3137/2809/1746 3139/2811/1749
f 3139/2811/1749 3137/2809/1746 3138/2810/1748
f 1811/1448/1747 3139/2811/1749 1807/1444/1741
f 1807/1444/1741 3139/2811/1749 3131/2803/1740
f 3139/2811/1749 3138/2810/1748 3140/2812/1750
f 3139/2811/1749 3140/2812/1750 3131/2803/1740
f 3131/2803/1740 3140/2812/1750 3141/2813/1081
f 3142/2814/1751 3143/2815/398 3144/2816/1752
f 3142/2814/1751 3144/2816/1752 365/2817/1753
f 365/2817/1753 3144/2816/1752 369/2818/1754
f 3142/2814/1751 365/2817/1753 361/2819/1755
f 369/2818/1754 3144/2816/1752 3145/2820/1756
f 3145/2820/1756 3144/2816/1752 3143/2815/398
f 369/2818/1754 3145/2820/1756 374/2821/1757
f 3142/2814/1751 361/2819/1755 3146/2822/1758
f 3142/2814/1751 3146/2822/1758 3143/2815/398
f 3146/2822/1758 361/2819/1755 357/2823/1759
f 374/2821/1757 3145/2820/1756 3147/2824/1760
f 3147/2824/1760 3145/2820/1756 3143/2815/398
f 374/2821/1757 3147/2824/1760 376/2825/1761
f 3146/2822/1758 357/2823/1759 3148/2826/1762
f 3146/2822/1758 3148/2826/1762 3143/2815/398
f 3148/2826/1762 357/2823/1759 353/2827/1763
f 376/2825/1761 3147/2824/1760 3149/2828/1764
f 3149/2828/1764 3147/2824/1760 3143/2815/398
f 376/2825/1761 3149/2828/1764 378/2829/1765
f 3148/2826/1762 353/2827/1763 3150/2830/1766
f 3148/2826/1762 3150/2830/1766 3143/2815/398
f 3150/2830/1766 353/2827/1763 347/2831/1767
f 378/2829/1765 3149/2828/1764 3151/2832/1768
f 3151/2832/1768 3149/2828/1764 3143/2815/398
f 378/2829/1765 3151/2832/1768 371/2833/1769
f 3150/2830/1766 347/2831/1767 3152/2834/1770
f 3150/2830/1766 3152/2834/1770 3143/2815/398
f 3152/2834/1770 347/2831/1767 349/2835/1771
f 371/2833/1769 3151/2832/1768 3153/2836/1772
f 3153/2836/1772 3151/2832/1768 3143/2815/398
f 371/2833/1769 3153/2836/1772 368/2837/1773
f 3152/2834/1770 349/2835/1771 3154/2838/1774
f 3152/2834/1770 3154/2838/1774 3143/2815/398
f 3154/2838/1774 349/2835/1771 352/2839/1775
f 368/2837/1773 3153/2836/1772 3155/2840/1776
f 3155/2840/1776 3153/2836/1772 3143/2815/398
f 368/2837/1773 3155/2840/1776 364/2841/1095
f 3154/2838/1774 352/2839/1775 3156/2842/1777
f 3154/2838/1774 3156/2842/1777 3143/2815/398
f 3156/2842/1777 352/2839/1775 356/2843/1778
f 364/2841/1095 3155/2840/1776 3157/2844/1478
f 3157/2844/1478 3155/2840/1776 3143/2815/398
f 364/2841/1095 3157/2844/1478 360/2845/1779
f 3143/2815/398 3156/2842/1777 3158/2846/1780
f 3158/2846/1780 3156/2842/1777 356/2843/1778
f 3143/2815/398 3158/2846/1780 3157/2844/1478
f 3158/2846/1780 356/2843/1778 360/2845/1779
f 3158/2846/1780 360/2845/1779 3157/2844/1478
f 3159/2847/859 470/377/1781 474/381/1782
f 3159/2847/859 474/381/1782 478/385/1783
f 470/377/1781 3159/2847/859 3160/2848/726
f 3159/2847/859 478/385/1783 3161/2849/1784
f 470/377/1781 3160/2848/726 466/373/1727
f 3161/2849/1784 478/385/1783 482/389/462
f 466/373/1727 3160/2848/726 462/369/1785
f 3161/2849/1784 482/389/462 486/393/1786
f 462/369/1785 3160/2848/726 3162/2850/1787
f 462/369/1785 3162/2850/1787 459/366/1788
f 459/366/1788 3162/2850/1787 461/368/1789
f 3161/2849/1784 486/393/1786 3163/2851/1790
f 3163/2851/1790 486/393/1786 492/399/1791
f 3163/2851/1790 492/399/1791 491/401/1792
f 3163/2851/1790 491/401/1792 3164/2852/1793
f 3165/2853/1304 2355/2000/1333 2365/2015/1329
f 2355/2000/1333 3165/2853/1304 3166/2854/1304
f 2355/2000/1333 3166/2854/1304 2356/2001/380
f 3165/2853/1304 2365/2015/1329 3167/2855/621
f 3165/2853/1304 3167/2855/621 3166/2854/1304
f 3167/2855/621 2365/2015/1329 3168/2856/382
f 3168/2856/382 2365/2015/1329 3169/2857/1352
f 3167/2855/621 3168/2856/382 3170/2858/1477
f 3170/2858/1477 3168/2856/382 3169/2857/1352
f 3169/2857/1352 2365/2015/1329 877/2010/1335
f 3167/2855/621 3170/2858/1477 3171/2859/1040
f 3167/2855/621 3171/2859/1040 3166/2854/1304
f 3170/2858/1477 3169/2857/1352 3172/2860/1477
f 3173/2861/1794 2356/2001/380 3166/2854/1304
f 2356/2001/380 3173/2861/1794 2341/1986/1324
f 3166/2854/1304 3171/2859/1040 3174/2862/1040
f 3174/2862/1040 3171/2859/1040 3170/2858/1477
f 3173/2861/1794 3166/2854/1304 3175/2863/1305
f 3175/2863/1305 3166/2854/1304 3174/2862/1040
f 2341/1986/1324 3173/2861/1794 3176/2864/1795
f 2341/1986/1324 3176/2864/1795 2343/1988/1325
f 3173/2861/1794 3175/2863/1305 3177/2865/506
f 3177/2865/506 3175/2863/1305 3174/2862/1040
f 3176/2864/1795 3173/2861/1794 3178/2866/1796
f 3176/2864/1795 3178/2866/1796 2343/1988/1325
f 3178/2866/1796 3173/2861/1794 3179/2867/1797
f 3179/2867/1797 3173/2861/1794 3177/2865/506
f 2343/1988/1325 3178/2866/1796 3180/2868/1798
f 2343/1988/1325 3180/2868/1798 3181/2869/1799
f 2343/1988/1325 3181/2869/1799 2131/1773/659
f 2131/1773/659 3181/2869/1799 2132/1774/1165
f 2132/1774/1165 3181/2869/1799 3182/2870/1800
f 3182/2870/1800 3181/2869/1799 3183/2871/1801
f 3178/2866/1796 3179/2867/1797 3184/2872/1802
f 3178/2866/1796 3184/2872/1802 3185/2873/1803
f 3184/2872/1802 3179/2867/1797 3177/2865/506
f 3185/2873/1803 3184/2872/1802 3186/2874/1804
f 3186/2874/1804 3184/2872/1802 3187/2875/1805
f 3186/2874/1804 3187/2875/1805 3188/2876/1806
f 3184/2872/1802 3177/2865/506 3189/2877/1807
f 3187/2875/1805 3184/2872/1802 3190/2878/1808
f 3190/2878/1808 3184/2872/1802 3189/2877/1807
f 3187/2875/1805 3190/2878/1808 3188/2876/1806
f 3188/2876/1806 3190/2878/1808 3191/2879/1809
f 3190/2878/1808 3189/2877/1807 3192/2880/1810
f 3192/2880/1810 3189/2877/1807 3177/2865/506
f 3190/2878/1808 3192/2880/1810 3191/2879/1809
f 3188/2876/1806 3191/2879/1809 3193/2881/1811
f 3193/2881/1811 3191/2879/1809 3192/2880/1810
f 3188/2876/1806 3193/2881/1811 3194/2882/639
f 3192/2880/1810 3177/2865/506 3195/2883/1283
f 3195/2883/1283 3177/2865/506 3174/2862/1040
f 3194/2882/639 3193/2881/1811 3196/2884/1812
f 3192/2880/1810 3195/2883/1283 3197/2885/1813
f 3197/2885/1813 3195/2883/1283 3174/2862/1040
f 3193/2881/1811 3192/2880/1810 3198/2886/660
f 3198/2886/660 3192/2880/1810 3197/2885/1813
f 3196/2884/1812 3193/2881/1811 3199/2887/1814
f 3193/2881/1811 3198/2886/660 3200/2888/1815
f 3193/2881/1811 3200/2888/1815 3199/2887/1814
f 3200/2888/1815 3198/2886/660 3197/2885/1813
f 3196/2884/1812 3199/2887/1814 3201/2889/1482
f 3201/2889/1482 3199/2887/1814 3200/2888/1815
f 3201/2889/1482 3200/2888/1815 3202/2890/1816
f 3203/2891/1293 3197/2885/1813 3174/2862/1040
f 3203/2891/1293 3174/2862/1040 3170/2858/1477
f 3203/2891/1293 3170/2858/1477 3204/2892/1817
f 3203/2891/1293 3204/2892/1817 3197/2885/1813
f 3205/2893/1818 3200/2888/1815 3197/2885/1813
f 3202/2890/1816 3200/2888/1815 3206/2894/1819
f 3206/2894/1819 3200/2888/1815 3205/2893/1818
f 3207/2895/1820 3201/2889/1482 3202/2890/1816
f 3207/2895/1820 3202/2890/1816 3206/2894/1819
f 3201/2889/1482 3207/2895/1820 3208/2896/1821
f 3201/2889/1482 3208/2896/1821 3209/2897/1822
f 3209/2897/1822 3208/2896/1821 3210/2898/1823
f 3210/2898/1823 3208/2896/1821 3207/2895/1820
f 3209/2897/1822 3210/2898/1823 3211/2899/1824
f 3211/2899/1824 3210/2898/1823 3212/2900/1825
f 3210/2898/1823 3207/2895/1820 3213/2901/1826
f 3213/2901/1826 3207/2895/1820 3206/2894/1819
f 3212/2900/1825 3210/2898/1823 3214/2902/1827
f 3210/2898/1823 3213/2901/1826 3215/2903/1828
f 3210/2898/1823 3215/2903/1828 3214/2902/1827
f 3215/2903/1828 3213/2901/1826 3206/2894/1819
f 3212/2900/1825 3214/2902/1827 3216/2904/1829
f 3216/2904/1829 3214/2902/1827 3215/2903/1828
f 3212/2900/1825 3216/2904/1829 3217/2905/1830
f 3217/2905/1830 3216/2904/1829 3218/2906/1831
f 3216/2904/1829 3215/2903/1828 3219/2907/1832
f 3218/2906/1831 3216/2904/1829 3220/2908/1833
f 3216/2904/1829 3219/2907/1832 3221/2909/1834
f 3216/2904/1829 3221/2909/1834 3220/2908/1833
f 3218/2906/1831 3220/2908/1833 3222/2910/1835
f 3222/2910/1835 3220/2908/1833 3221/2909/1834
f 3218/2906/1831 3222/2910/1835 3223/2911/1836
f 3223/2911/1836 3222/2910/1835 3224/2912/898
f 3225/2913/1837 3219/2907/1832 3215/2903/1828
f 3219/2907/1832 3225/2913/1837 3221/2909/1834
f 3225/2913/1837 3215/2903/1828 3226/2914/1838
f 3226/2914/1838 3215/2903/1828 3206/2894/1819
f 3224/2912/898 3222/2910/1835 3227/2915/1839
f 3228/2916/1840 3222/2910/1835 3221/2909/1834
f 3224/2912/898 3227/2915/1839 3229/2917/1841
f 3224/2912/898 3229/2917/1841 3230/2918/1842
f 3227/2915/1839 3222/2910/1835 3231/2919/1843
f 3231/2919/1843 3222/2910/1835 3228/2916/1840
f 3227/2915/1839 3231/2919/1843 3229/2917/1841
f 3230/2918/1842 3229/2917/1841 3232/2920/1844
f 3228/2916/1840 3221/2909/1834 3233/2921/1845
f 3228/2916/1840 3233/2921/1845 3231/2919/1843
f 3233/2921/1845 3221/2909/1834 3234/2922/1846
f 3234/2922/1846 3221/2909/1834 3225/2913/1837
f 3231/2919/1843 3233/2921/1845 3235/2923/1847
f 3233/2921/1845 3234/2922/1846 3236/2924/1848
f 3233/2921/1845 3236/2924/1848 3235/2923/1847
f 3236/2924/1848 3234/2922/1846 3225/2913/1837
f 3231/2919/1843 3235/2923/1847 3237/2925/1849
f 3237/2925/1849 3235/2923/1847 3236/2924/1848
f 3238/2926/1850 3229/2917/1841 3231/2919/1843
f 3238/2926/1850 3231/2919/1843 3237/2925/1849
f 3229/2917/1841 3238/2926/1850 3239/2927/1851
f 3239/2927/1851 3238/2926/1850 3237/2925/1849
f 3240/2928/1852 3232/2920/1844 3229/2917/1841
f 3240/2928/1852 3229/2917/1841 3239/2927/1851
f 3232/2920/1844 3240/2928/1852 3241/2929/1853
f 3241/2929/1853 3240/2928/1852 3239/2927/1851
f 3232/2920/1844 3241/2929/1853 3242/2930/1854
f 3242/2930/1854 3241/2929/1853 3243/2931/1855
f 3239/2927/1851 3237/2925/1849 3244/2932/1856
f 3245/2933/1857 3237/2925/1849 3236/2924/1848
f 3244/2932/1856 3237/2925/1849 3246/2934/1857
f 3246/2934/1857 3237/2925/1849 3245/2933/1857
f 3245/2933/1857 3236/2924/1848 3247/2935/1858
f 3245/2933/1857 3247/2935/1858 3246/2934/1857
f 3247/2935/1858 3236/2924/1848 3248/2936/1859
f 3248/2936/1859 3236/2924/1848 3225/2913/1837
f 3248/2936/1859 3225/2913/1837 3249/2937/1860
f 3248/2936/1859 3249/2937/1860 3247/2935/1858
f 3249/2937/1860 3225/2913/1837 3226/2914/1838
f 3249/2937/1860 3226/2914/1838 3206/2894/1819
f 3247/2935/1858 3249/2937/1860 3250/2938/1861
f 3249/2937/1860 3206/2894/1819 3251/2939/394
f 3250/2938/1861 3249/2937/1860 3252/2940/394
f 3252/2940/394 3249/2937/1860 3251/2939/394
f 3251/2939/394 3206/2894/1819 3253/2941/1862
f 3251/2939/394 3253/2941/1862 3252/2940/394
f 3253/2941/1862 3206/2894/1819 3205/2893/1818
f 3253/2941/1862 3205/2893/1818 3197/2885/1813
f 3253/2941/1862 3197/2885/1813 3254/2942/1862
f 3253/2941/1862 3254/2942/1862 3252/2940/394
f 3254/2942/1862 3197/2885/1813 3204/2892/1817
f 3254/2942/1862 3204/2892/1817 3252/2940/394
f 3252/2940/394 3204/2892/1817 3255/2943/1863
f 3256/2944/1860 3250/2938/1861 3252/2940/394
f 3256/2944/1860 3252/2940/394 3255/2943/1863
f 3250/2938/1861 3256/2944/1860 3247/2935/1858
f 3255/2943/1863 3204/2892/1817 3257/2945/1367
f 3255/2943/1863 3257/2945/1367 3256/2944/1860
f 3247/2935/1858 3256/2944/1860 3258/2946/1864
f 3247/2935/1858 3258/2946/1864 3246/2934/1857
f 3258/2946/1864 3256/2944/1860 3259/2947/1859
f 3258/2946/1864 3259/2947/1859 3246/2934/1857
f 3256/2944/1860 3257/2945/1367 3260/2948/1307
f 3256/2944/1860 3260/2948/1307 3259/2947/1859
f 3261/2949/1482 3257/2945/1367 3204/2892/1817
f 3261/2949/1482 3204/2892/1817 3170/2858/1477
f 3261/2949/1482 3170/2858/1477 3172/2860/1477
f 3261/2949/1482 3172/2860/1477 3262/2950/1865
f 3261/2949/1482 3262/2950/1865 3257/2945/1367
f 3262/2950/1865 3172/2860/1477 3169/2857/1352
f 3262/2950/1865 3169/2857/1352 877/2010/1335
f 3257/2945/1367 3262/2950/1865 3263/2951/1866
f 3264/2952/1348 3260/2948/1307 3257/2945/1367
f 3264/2952/1348 3257/2945/1367 3263/2951/1866
f 3260/2948/1307 3264/2952/1348 3259/2947/1859
f 3262/2950/1865 877/2010/1335 3265/2953/1356
f 3263/2951/1866 3262/2950/1865 3266/2954/1867
f 3266/2954/1867 3262/2950/1865 3265/2953/1356
f 3263/2951/1866 3266/2954/1867 3264/2952/1348
f 3265/2953/1356 877/2010/1335 3267/2955/1498
f 3265/2953/1356 3267/2955/1498 3266/2954/1867
f 3267/2955/1498 877/2010/1335 881/2956/1868
f 3267/2955/1498 881/2956/1868 887/2957/1816
f 3266/2954/1867 3267/2955/1498 3268/2958/1869
f 3268/2958/1869 3267/2955/1498 887/2957/1816
f 3264/2952/1348 3266/2954/1867 3269/2959/1870
f 3266/2954/1867 3268/2958/1869 3270/2960/1871
f 3270/2960/1871 3268/2958/1869 887/2957/1816
f 3266/2954/1867 3270/2960/1871 3269/2959/1870
f 2172/2961/1872 1863/2962/1873 2171/2963/1874
f 3271/2964/361 3272/2965/361 3273/2966/361
f 3273/2966/361 3272/2965/361 3274/2967/361
f 3272/2965/361 3271/2964/361 3275/2968/361
f 3274/2967/361 3272/2965/361 3276/2969/361
f 3272/2965/361 3275/2968/361 3277/2970/361
f 3276/2969/361 3272/2965/361 3278/2971/361
f 3272/2965/361 3277/2970/361 3279/2972/361
f 3272/2965/361 3279/2972/361 3278/2971/361
f 1622/1316/1875 3280/2973/1875 1624/1318/1875
f 1624/1318/1875 3280/2973/1875 2099/2974/1875
f 1626/1316/1633 3281/2973/1633 1628/1318/1633
f 1628/1318/1633 3281/2973/1633 2778/2974/1633
f 1630/1316/1875 3282/2973/1875 1632/1318/1875
f 1632/1318/1875 3282/2973/1875 3283/2974/1875
f 1634/1320/1633 3284/2975/1633 1636/1322/1633
f 1636/1322/1633 3284/2975/1633 3285/2976/1633
f 2069/2977/1139 3286/2978/1876 2070/2979/1140
f 2070/2979/1140 3286/2978/1876 3287/2980/1877
f 3287/2980/1877 3286/2978/1876 3288/2981/795
f 3288/2981/795 3286/2978/1876 3289/2982/1878
f 2070/2979/1140 3287/2980/1877 3290/2983/382
f 3290/2983/382 3287/2980/1877 3288/2981/795
f 2070/2979/1140 3290/2983/382 2075/2984/1142
f 3290/2983/382 3288/2981/795 3291/2985/1283
f 2075/2984/1142 3290/2983/382 2076/2986/1142
f 3290/2983/382 3291/2985/1283 3292/2987/382
f 3290/2983/382 3292/2987/382 2076/2986/1142
f 3292/2987/382 3291/2985/1283 3293/2988/1283
f 2076/2986/1142 3292/2987/382 2060/2989/1133
f 3292/2987/382 3293/2988/1283 3294/2990/1879
f 3292/2987/382 3294/2990/1879 2060/2989/1133
f 3294/2990/1879 3293/2988/1283 3295/2991/1880
f 3294/2990/1879 3295/2991/1880 3296/2992/1881
f 2060/2989/1133 3294/2990/1879 3297/2993/1882
f 3297/2993/1882 3294/2990/1879 3296/2992/1881
f 2060/2989/1133 3297/2993/1882 2056/2994/1130
f 3297/2993/1882 3296/2992/1881 3298/2995/1883
f 3297/2993/1882 3298/2995/1883 3299/2996/1884
f 99/37/1885 3300/2997/1886 98/36/1885
f 98/36/1885 3300/2997/1886 2770/2998/1886
f 2770/2998/1886 3300/2997/1886 2771/2999/1887
f 2771/2999/1887 3300/2997/1886 3301/3000/1887
f 3302/3000/1888 3303/2997/1326 2727/2999/1888
f 2727/2999/1888 3303/2997/1326 2726/2998/1326
f 2726/2998/1326 3303/2997/1326 225/36/1889
f 225/36/1889 3303/2997/1326 224/37/1889
f 3304/3001/1890 522/3002/239 3305/3003/1891
f 522/3002/239 3304/3001/1890 3306/3004/1892
f 522/3002/239 3306/3004/1892 3307/3005/1893
f 522/3002/239 3307/3005/1893 521/3006/238
f 521/3006/238 3307/3005/1893 520/3007/237
f 520/3007/237 3307/3005/1893 3308/3008/1894
f 520/3007/237 3308/3008/1894 1216/991/586
f 520/3007/237 1216/991/586 409/990/178
f 3304/3001/1890 3305/3003/1891 670/3009/372
f 3304/3001/1890 670/3009/372 3309/3010/1895
f 3309/3010/1895 670/3009/372 3310/3011/1896
f 3310/3011/1896 670/3009/372 671/3012/373
f 3310/3011/1896 671/3012/373 3311/3013/1897
f 3311/3013/1897 671/3012/373 672/3014/374
f 3311/3013/1897 672/3014/374 3312/3015/1898
f 3312/3015/1898 672/3014/374 427/3016/193
f 3312/3015/1898 427/3016/193 3313/3017/1899
f 3313/3017/1899 427/3016/193 428/3018/194
f 3314/3019/1900 670/3009/372 3305/3003/1891
f 670/3009/372 3314/3019/1900 1519/3020/818
f 3314/3019/1900 3305/3003/1891 522/3002/239
f 1519/3020/818 3314/3019/1900 1522/3021/820
f 3314/3019/1900 522/3002/239 841/3022/477
f 1522/3021/820 3314/3019/1900 3315/3023/1901
f 3314/3019/1900 841/3022/477 840/3024/476
f 3314/3019/1900 840/3024/476 3315/3023/1901
f 3273/2966/1902 3316/3025/1903 3271/2964/1904
f 3271/2964/1904 3316/3025/1903 3317/3026/1905
f 3316/3025/1903 3273/2966/1902 3318/3027/1906
f 3271/2964/1904 3317/3026/1905 3275/2968/837
f 3318/3027/1906 3273/2966/1902 3274/2967/1907
f 3275/2968/837 3317/3026/1905 3319/3028/1908
f 3318/3027/1906 3274/2967/1907 3320/3029/1909
f 3275/2968/837 3319/3028/1908 3277/2970/1014
f 3320/3029/1909 3274/2967/1907 3276/2969/1910
f 3277/2970/1014 3319/3028/1908 3321/3030/1911
f 3320/3029/1909 3276/2969/1910 3322/3031/1912
f 3277/2970/1014 3321/3030/1911 3279/2972/1913
f 3322/3031/1912 3276/2969/1910 3278/2971/1914
f 3279/2972/1913 3321/3030/1911 3323/3032/1915
f 3322/3031/1912 3278/2971/1914 3323/3032/1915
f 3323/3032/1915 3278/2971/1914 3279/2972/1913
f 1432/3033/1916 1431/3034/1917 1430/3035/1918
f 1431/3034/1917 1432/3033/1916 1440/3036/1917
f 1440/3036/1917 1432/3033/1916 1442/3037/1919
f 1447/3038/1920 1432/3033/1916 1433/3039/1921
f 1447/3038/1920 1433/3039/1921 1434/3040/1922
f 1447/3038/1920 1434/3040/1922 1450/3041/1923
f 1450/3041/1923 1434/3040/1922 1435/3042/1924
f 1450/3041/1923 1435/3042/1924 1452/3043/1924
f 1452/3043/1924 1435/3042/1924 1453/3044/882
f 1453/3044/882 1435/3042/1924 1844/3045/1925
f 1453/3044/882 1844/3045/1925 1845/3046/476
f 1453/3044/882 1845/3046/476 1456/3047/476
f 1456/3047/476 1845/3046/476 1457/3048/1926
f 1457/3048/1926 1845/3046/476 1846/3049/1926
f 1457/3048/1926 1846/3049/1926 1756/1385/951
f 1457/3048/1926 1756/1385/951 1458/1384/950
f 1757/1386/406 1756/1385/951 1847/3050/406
f 3324/3051/1927 3325/3052/1886 3326/3053/1927
f 3326/3053/1927 3325/3052/1886 3327/3054/1886
f 3327/3054/1886 3325/3052/1886 86/3055/1885
f 86/3055/1885 3325/3052/1886 84/3056/1885
f 990/893/1928 709/604/1928 982/885/1929
f 982/885/1929 709/604/1928 711/606/1929
f 982/885/1929 711/606/1929 984/887/1930
f 984/887/1930 711/606/1929 713/608/1930
f 984/887/1930 713/608/1930 986/889/1931
f 986/889/1931 713/608/1930 715/610/1932
f 986/889/1931 715/610/1932 988/891/1933
f 988/891/1933 715/610/1932 728/623/1933
f 1316/1094/1934 1315/1093/1934 3328/3057/1935
f 3328/3057/1935 1315/1093/1934 1438/1165/1936
f 203/3056/1889 3329/3052/1326 202/3055/1889
f 202/3055/1889 3329/3052/1326 3330/3054/1326
f 3330/3054/1326 3329/3052/1326 3331/3053/1937
f 3331/3053/1937 3329/3052/1326 3332/3051/1937
f 3333/592/137 1159/593/137 1748/594/137
f 1748/594/137 1159/593/137 1157/595/137
f 1193/873/137 1192/874/137 1717/875/137
f 1717/875/137 1192/874/137 3334/876/137
f 3335/3058/1938 3091/3059/1723 3066/3060/1712
f 3335/3058/1938 3066/3060/1712 3336/3061/1939
f 3335/3058/1938 3336/3061/1939 3337/3062/1940
f 3337/3062/1940 3336/3061/1939 3338/3063/1941
f 3338/3063/1941 3336/3061/1939 3339/3064/1283
f 3336/3061/1939 3066/3060/1712 3340/3065/382
f 3336/3061/1939 3340/3065/382 3339/3064/1283
f 3340/3065/382 3066/3060/1712 3065/3066/1142
f 3339/3064/1283 3340/3065/382 3341/3067/1283
f 3340/3065/382 3065/3066/1142 3062/3068/1142
f 3341/3067/1283 3340/3065/382 3342/3069/382
f 3342/3069/382 3340/3065/382 3062/3068/1142
f 3341/3067/1283 3342/3069/382 3343/3070/795
f 3342/3069/382 3062/3068/1142 3058/3071/1710
f 3343/3070/795 3342/3069/382 3344/3072/1877
f 3344/3072/1877 3342/3069/382 3058/3071/1710
f 3343/3070/795 3344/3072/1877 3345/3073/1876
f 3345/3073/1876 3344/3072/1877 3058/3071/1710
f 3343/3070/795 3345/3073/1876 3346/3074/1878
f 3345/3073/1876 3058/3071/1710 3059/3075/1254
f 3347/3076/1942 3348/3077/1943 3349/3078/1944
f 3349/3078/1944 3348/3077/1943 3350/3079/1945
f 3350/3079/1945 3348/3077/1943 3351/3080/1946
f 3347/3076/1942 3349/3078/1944 3352/3081/1947
f 3347/3076/1942 3352/3081/1947 3353/3082/1948
f 3353/3082/1948 3352/3081/1947 3354/3083/1949
f 3353/3082/1948 3354/3083/1949 3355/3084/1950
f 3354/3083/1949 3352/3081/1947 3356/3085/1109
f 3356/3085/1109 3352/3081/1947 3357/3086/1951
f 3357/3086/1951 3352/3081/1947 3349/3078/1944
f 3356/3085/1109 3357/3086/1951 3358/3087/1952
f 3358/3087/1952 3357/3086/1951 3359/3088/1953
f 3357/3086/1951 3349/3078/1944 3360/3089/1954
f 3357/3086/1951 3360/3089/1954 3359/3088/1953
f 3360/3089/1954 3349/3078/1944 3350/3079/1945
f 3359/3088/1953 3360/3089/1954 3361/3090/137
f 3361/3090/137 3360/3089/1954 3362/3091/1955
f 3362/3091/1955 3360/3089/1954 3350/3079/1945
f 3361/3090/137 3362/3091/1955 3363/3092/1956
f 3362/3091/1955 3350/3079/1945 3364/3093/1945
f 3364/3093/1945 3350/3079/1945 3351/3080/1946
f 3364/3093/1945 3351/3080/1946 3365/3094/1957
f 3363/3092/1956 3362/3091/1955 3366/3095/1958
f 3366/3095/1958 3362/3091/1955 3364/3093/1945
f 3363/3092/1956 3366/3095/1958 3367/3096/1959
f 3364/3093/1945 3365/3094/1957 3368/3097/1960
f 3364/3093/1945 3368/3097/1960 3366/3095/1958
f 3368/3097/1960 3365/3094/1957 3369/3098/1961
f 3367/3096/1959 3366/3095/1958 3370/3099/1962
f 3370/3099/1962 3366/3095/1958 3368/3097/1960
f 3367/3096/1959 3370/3099/1962 3371/3100/1963
f 3368/3097/1960 3369/3098/1961 3372/3101/1311
f 3368/3097/1960 3372/3101/1311 3370/3099/1962
f 3372/3101/1311 3369/3098/1961 3373/3102/1964
f 3371/3100/1963 3370/3099/1962 3374/3103/1965
f 3374/3103/1965 3370/3099/1962 3372/3101/1311
f 3371/3100/1963 3374/3103/1965 3375/3104/1966
f 3372/3101/1311 3373/3102/1964 3376/3105/1967
f 3372/3101/1311 3376/3105/1967 3374/3103/1965
f 3376/3105/1967 3373/3102/1964 3377/3106/1968
f 3375/3104/1966 3374/3103/1965 3378/3107/1969
f 3378/3107/1969 3374/3103/1965 3376/3105/1967
f 3375/3104/1966 3378/3107/1969 3379/3108/1970
f 3376/3105/1967 3377/3106/1968 3380/3109/1971
f 3376/3105/1967 3380/3109/1971 3378/3107/1969
f 3380/3109/1971 3377/3106/1968 3381/3110/1771
f 3379/3108/1970 3378/3107/1969 3382/3111/1972
f 3382/3111/1972 3378/3107/1969 3380/3109/1971
f 3379/3108/1970 3382/3111/1972 3383/3112/1973
f 3380/3109/1971 3381/3110/1771 3384/3113/1974
f 3380/3109/1971 3384/3113/1974 3382/3111/1972
f 3384/3113/1974 3381/3110/1771 3385/3114/1975
f 3383/3112/1973 3382/3111/1972 3386/3115/246
f 3386/3115/246 3382/3111/1972 3384/3113/1974
f 3383/3112/1973 3386/3115/246 3387/3116/2
f 3384/3113/1974 3385/3114/1975 3388/3117/606
f 3384/3113/1974 3388/3117/606 3386/3115/246
f 3388/3117/606 3385/3114/1975 3389/3118/1976
f 3387/3116/2 3386/3115/246 3390/3119/1977
f 3390/3119/1977 3386/3115/246 3388/3117/606
f 3387/3116/2 3390/3119/1977 3391/3120/1978
f 3388/3117/606 3389/3118/1976 3392/3121/606
f 3388/3117/606 3392/3121/606 3390/3119/1977
f 3392/3121/606 3389/3118/1976 3393/3122/1979
f 3391/3120/1978 3390/3119/1977 3394/3123/238
f 3394/3123/238 3390/3119/1977 3392/3121/606
f 3391/3120/1978 3394/3123/238 3395/3124/1980
f 3392/3121/606 3393/3122/1979 3396/3125/1826
f 3392/3121/606 3396/3125/1826 3394/3123/238
f 3396/3125/1826 3393/3122/1979 3397/3126/1981
f 3395/3124/1980 3394/3123/238 3398/3127/1982
f 3398/3127/1982 3394/3123/238 3396/3125/1826
f 3395/3124/1980 3398/3127/1982 3399/3128/633
f 3396/3125/1826 3397/3126/1981 3400/3129/1983
f 3396/3125/1826 3400/3129/1983 3398/3127/1982
f 3400/3129/1983 3397/3126/1981 3355/3130/1950
f 3400/3129/1983 3355/3130/1950 3354/3131/1949
f 3398/3127/1982 3400/3129/1983 3401/3132/1984
f 3398/3127/1982 3401/3132/1984 3399/3128/633
f 3401/3132/1984 3400/3129/1983 3354/3131/1949
f 3399/3128/633 3401/3132/1984 3402/3133/435
f 3401/3132/1984 3354/3131/1949 3356/3134/1109
f 3401/3132/1984 3356/3134/1109 3402/3133/435
f 3402/3133/435 3356/3134/1109 3358/3135/1952
f 3403/3136/1985 2701/2360/1095 2694/2353/1095
f 3403/3136/1985 2694/2353/1095 2698/2357/1507
f 2701/2360/1095 3403/3136/1985 2707/2366/1095
f 3404/3137/1538 2704/2363/1344 2706/2365/1475
f 3405/3138/1475 2706/2365/1475 2707/2366/1095
f 2704/2363/1344 3404/3137/1538 3406/3139/1365
f 2704/2363/1344 3406/3139/1365 2734/2397/1361
f 3404/3137/1538 2706/2365/1475 3407/3140/1538
f 3407/3140/1538 2706/2365/1475 3405/3138/1475
f 3404/3137/1538 3407/3140/1538 3406/3139/1365
f 2734/2397/1361 3406/3139/1365 2463/2123/1368
f 3405/3138/1475 2707/2366/1095 3408/3141/1475
f 3405/3138/1475 3408/3141/1475 3407/3140/1538
f 3408/3141/1475 2707/2366/1095 3409/3142/1095
f 3409/3142/1095 2707/2366/1095 3403/3136/1985
f 2463/2123/1368 3406/3139/1365 3410/3143/1986
f 2463/2123/1368 3410/3143/1986 2461/2121/398
f 2461/2121/398 3410/3143/1986 3411/3144/611
f 3411/3144/611 3410/3143/1986 3412/3145/611
f 3410/3143/1986 3406/3139/1365 3413/3146/611
f 3410/3143/1986 3413/3146/611 3412/3145/611
f 3414/3147/1987 3406/3139/1365 3407/3140/1538
f 3406/3139/1365 3414/3147/1987 3413/3146/611
f 3412/3145/611 3413/3146/611 3415/3148/611
f 3412/3145/611 3415/3148/611 3416/3149/611
f 3416/3149/611 3415/3148/611 3417/3150/611
f 3415/3148/611 3413/3146/611 3418/3151/611
f 3413/3146/611 3414/3147/1987 3419/3152/1988
f 3419/3152/1988 3414/3147/1987 3407/3140/1538
f 3413/3146/611 3419/3152/1988 3418/3151/611
f 3419/3152/1988 3407/3140/1538 3420/3153/1478
f 3420/3153/1478 3407/3140/1538 3408/3141/1475
f 3417/3150/611 3415/3148/611 3421/3154/611
f 3415/3148/611 3418/3151/611 3422/3155/611
f 3415/3148/611 3422/3155/611 3421/3154/611
f 3422/3155/611 3418/3151/611 3419/3152/1988
f 3417/3150/611 3421/3154/611 3423/3156/611
f 3423/3156/611 3421/3154/611 3422/3155/611
f 3417/3150/611 3423/3156/611 3424/3157/611
f 3424/3157/611 3423/3156/611 3425/3158/611
f 3423/3156/611 3422/3155/611 3426/3159/611
f 3422/3155/611 3419/3152/1988 3427/3160/1989
f 3425/3158/611 3423/3156/611 3428/3161/611
f 3422/3155/611 3427/3160/1989 3429/3162/1990
f 3422/3155/611 3429/3162/1990 3426/3159/611
f 3427/3160/1989 3419/3152/1988 3430/3163/1991
f 3430/3163/1991 3419/3152/1988 3420/3153/1478
f 3427/3160/1989 3430/3163/1991 3429/3162/1990
f 3430/3163/1991 3420/3153/1478 3408/3141/1475
f 3431/3164/611 3423/3156/611 3426/3159/611
f 3423/3156/611 3431/3164/611 3428/3161/611
f 3431/3164/611 3426/3159/611 3429/3162/1990
f 3432/3165/1992 3425/3158/611 3428/3161/611
f 3432/3165/1992 3428/3161/611 3431/3164/611
f 3425/3158/611 3432/3165/1992 3433/3166/1993
f 3431/3164/611 3429/3162/1990 3434/3167/1994
f 3431/3164/611 3434/3167/1994 3432/3165/1992
f 3434/3167/1994 3429/3162/1990 3435/3168/1995
f 3434/3167/1994 3435/3168/1995 3432/3165/1992
f 3433/3166/1993 3432/3165/1992 3436/3169/1996
f 3435/3168/1995 3429/3162/1990 3437/3170/1997
f 3437/3170/1997 3429/3162/1990 3430/3163/1991
f 3432/3165/1992 3435/3168/1995 3438/3171/1316
f 3432/3165/1992 3438/3171/1316 3436/3169/1996
f 3436/3169/1996 3438/3171/1316 3439/3172/1998
f 3439/3172/1998 3438/3171/1316 3435/3168/1995
f 3436/3169/1996 3439/3172/1998 3440/3173/504
f 3436/3169/1996 3440/3173/504 3441/3174/1272
f 3436/3169/1996 3441/3174/1272 3442/3175/1999
f 3442/3175/1999 3441/3174/1272 3443/3176/2000
f 3444/3177/2001 3445/3178/2002 3443/3176/2000
f 3444/3177/2001 3443/3176/2000 3446/3179/2003
f 3446/3179/2003 3443/3176/2000 3441/3174/1272
f 3444/3177/2001 3446/3179/2003 3447/3180/620
f 3447/3180/620 3446/3179/2003 3441/3174/1272
f 3444/3177/2001 3447/3180/620 3448/3181/2004
f 3448/3181/2004 3447/3180/620 3449/3182/2004
f 3447/3180/620 3441/3174/1272 3450/3183/2005
f 3449/3182/2004 3447/3180/620 3451/3184/620
f 3452/3185/2006 3441/3174/1272 3440/3173/504
f 3441/3174/1272 3452/3185/2006 3450/3183/2005
f 3452/3185/2006 3440/3173/504 3439/3172/1998
f 3447/3180/620 3450/3183/2005 3453/3186/2005
f 3447/3180/620 3453/3186/2005 3451/3184/620
f 3453/3186/2005 3450/3183/2005 3452/3185/2006
f 3449/3182/2004 3451/3184/620 3454/3187/620
f 3454/3187/620 3451/3184/620 3453/3186/2005
f 3449/3182/2004 3454/3187/620 3455/3188/2004
f 3455/3188/2004 3454/3187/620 3456/3189/2007
f 3452/3185/2006 3439/3172/1998 3457/3190/2008
f 3456/3189/2007 3454/3187/620 3458/3191/807
f 3453/3186/2005 3452/3185/2006 3459/3192/2006
f 3456/3189/2007 3458/3191/807 3460/3193/810
f 3456/3189/2007 3460/3193/810 3461/3194/2007
f 3458/3191/807 3454/3187/620 3462/3195/2005
f 3458/3191/807 3462/3195/2005 3460/3193/810
f 3463/3196/2005 3454/3187/620 3453/3186/2005
f 3454/3187/620 3463/3196/2005 3462/3195/2005
f 3463/3196/2005 3453/3186/2005 3464/3197/2006
f 3464/3197/2006 3453/3186/2005 3459/3192/2006
f 3463/3196/2005 3464/3197/2006 3462/3195/2005
f 3465/3198/2007 3461/3194/2007 3460/3193/810
f 3466/3199/2009 3460/3193/810 3462/3195/2005
f 3465/3198/2007 3460/3193/810 3467/3200/810
f 3460/3193/810 3466/3199/2009 3468/3201/2009
f 3460/3193/810 3468/3201/2009 3467/3200/810
f 3465/3198/2007 3467/3200/810 3469/3202/810
f 3469/3202/810 3467/3200/810 3468/3201/2009
f 3465/3198/2007 3469/3202/810 3470/3203/2010
f 3470/3203/2010 3469/3202/810 3471/3204/2011
f 3466/3199/2009 3462/3195/2005 3472/3205/2012
f 3466/3199/2009 3472/3205/2012 3468/3201/2009
f 3472/3205/2012 3462/3195/2005 3473/3206/2013
f 3473/3206/2013 3462/3195/2005 3464/3197/2006
f 3471/3204/2011 3469/3202/810 3474/3207/2014
f 3469/3202/810 3468/3201/2009 3475/3208/1514
f 3471/3204/2011 3474/3207/2014 3476/3209/2014
f 3471/3204/2011 3476/3209/2014 3477/3210/2011
f 3474/3207/2014 3469/3202/810 3478/3211/1514
f 3478/3211/1514 3469/3202/810 3475/3208/1514
f 3474/3207/2014 3478/3211/1514 3476/3209/2014
f 3477/3210/2011 3476/3209/2014 3479/3212/2011
f 3475/3208/1514 3468/3201/2009 3480/3213/2015
f 3475/3208/1514 3480/3213/2015 3478/3211/1514
f 3480/3213/2015 3468/3201/2009 3481/3214/1080
f 3481/3214/1080 3468/3201/2009 3472/3205/2012
f 3479/3212/2011 3476/3209/2014 3482/3215/1985
f 3481/3214/1080 3472/3205/2012 3483/3216/1068
f 3481/3214/1080 3483/3216/1068 3480/3213/2015
f 3478/3211/1514 3480/3213/2015 3484/3217/2016
f 3485/3218/1273 3476/3209/2014 3478/3211/1514
f 3479/3212/2011 3482/3215/1985 3486/3219/1282
f 3479/3212/2011 3486/3219/1282 3487/3220/2010
f 3482/3215/1985 3476/3209/2014 3488/3221/2017
f 3488/3221/2017 3476/3209/2014 3485/3218/1273
f 3482/3215/1985 3488/3221/2017 3486/3219/1282
f 3485/3218/1273 3478/3211/1514 3489/3222/2018
f 3489/3222/2018 3478/3211/1514 3484/3217/2016
f 3485/3218/1273 3489/3222/2018 3488/3221/2017
f 3487/3220/2010 3486/3219/1282 3490/3223/2019
f 3486/3219/1282 3488/3221/2017 3491/3224/1309
f 3490/3223/2019 3486/3219/1282 3492/3225/2020
f 3486/3219/1282 3491/3224/1309 3196/2884/1812
f 3486/3219/1282 3196/2884/1812 3492/3225/2020
f 3490/3223/2019 3492/3225/2020 3201/2889/1482
f 3201/2889/1482 3492/3225/2020 3196/2884/1812
f 3490/3223/2019 3201/2889/1482 3493/3226/2021
f 3493/3226/2021 3201/2889/1482 3209/2897/1822
f 3494/3227/2022 3491/3224/1309 3488/3221/2017
f 3491/3224/1309 3494/3227/2022 3196/2884/1812
f 3494/3227/2022 3488/3221/2017 3495/3228/1503
f 3495/3228/1503 3488/3221/2017 3489/3222/2018
f 3495/3228/1503 3489/3222/2018 3496/3229/2023
f 3495/3228/1503 3496/3229/2023 3494/3227/2022
f 3196/2884/1812 3494/3227/2022 3194/2882/639
f 3496/3229/2023 3489/3222/2018 3497/3230/1483
f 3497/3230/1483 3489/3222/2018 3498/3231/1881
f 3498/3231/1881 3489/3222/2018 3484/3217/2016
f 3498/3231/1881 3484/3217/2016 3480/3213/2015
f 3498/3231/1881 3480/3213/2015 3499/3232/2024
f 3499/3232/2024 3480/3213/2015 3483/3216/1068
f 3497/3230/1483 3498/3231/1881 3500/3233/2025
f 3497/3230/1483 3500/3233/2025 3496/3229/2023
f 3498/3231/1881 3499/3232/2024 3501/3234/476
f 3501/3234/476 3499/3232/2024 3483/3216/1068
f 3500/3233/2025 3498/3231/1881 3502/3235/2008
f 3502/3235/2008 3498/3231/1881 3501/3234/476
f 3496/3229/2023 3500/3233/2025 3503/3236/1881
f 3500/3233/2025 3502/3235/2008 3504/3237/2026
f 3504/3237/2026 3502/3235/2008 3501/3234/476
f 3503/3236/1881 3500/3233/2025 3505/3238/1566
f 3500/3233/2025 3504/3237/2026 3506/3239/2027
f 3500/3233/2025 3506/3239/2027 3505/3238/1566
f 3496/3229/2023 3503/3236/1881 3186/2874/1804
f 3186/2874/1804 3503/3236/1881 3505/3238/1566
f 3496/3229/2023 3186/2874/1804 3507/3240/1082
f 3496/3229/2023 3507/3240/1082 3494/3227/2022
f 3494/3227/2022 3507/3240/1082 3188/2876/1806
f 3188/2876/1806 3507/3240/1082 3186/2874/1804
f 3494/3227/2022 3188/2876/1806 3194/2882/639
f 3186/2874/1804 3505/3238/1566 3185/2873/1803
f 3181/2869/1799 3505/3238/1566 3506/3239/2027
f 3181/2869/1799 3506/3239/2027 3504/3237/2026
f 3185/2873/1803 3505/3238/1566 3178/2866/1796
f 3505/3238/1566 3181/2869/1799 3180/2868/1798
f 3505/3238/1566 3180/2868/1798 3178/2866/1796
f 3181/2869/1799 3504/3237/2026 3508/3241/2028
f 3508/3241/2028 3504/3237/2026 3509/3242/2029
f 3509/3242/2029 3504/3237/2026 3510/3243/2030
f 3510/3243/2030 3504/3237/2026 3501/3234/476
f 3509/3242/2029 3510/3243/2030 3511/3244/2031
f 3511/3244/2031 3510/3243/2030 3501/3234/476
f 3509/3242/2029 3511/3244/2031 3512/3245/2032
f 3509/3242/2029 3512/3245/2032 2672/2331/1495
f 3511/3244/2031 3501/3234/476 3513/3246/2033
f 3513/3246/2033 3501/3234/476 3483/3216/1068
f 2672/2331/1495 3512/3245/2032 3514/3247/2034
f 3514/3247/2034 3512/3245/2032 3511/3244/2031
f 2672/2331/1495 3514/3247/2034 2682/2341/1504
f 3513/3246/2033 3483/3216/1068 3515/3248/2026
f 3513/3246/2033 3515/3248/2026 3511/3244/2031
f 3514/3247/2034 3511/3244/2031 3516/3249/2033
f 3516/3249/2033 3511/3244/2031 3515/3248/2026
f 2682/2341/1504 3514/3247/2034 3517/3250/2024
f 2682/2341/1504 3517/3250/2024 2678/2337/1500
f 3514/3247/2034 3516/3249/2033 3518/3251/476
f 3518/3251/476 3516/3249/2033 3515/3248/2026
f 3519/3252/2035 3515/3248/2026 3483/3216/1068
f 3519/3252/2035 3483/3216/1068 3472/3205/2012
f 3519/3252/2035 3472/3205/2012 3520/3253/2027
f 3519/3252/2035 3520/3253/2027 3515/3248/2026
f 3520/3253/2027 3472/3205/2012 3473/3206/2013
f 3520/3253/2027 3473/3206/2013 3464/3197/2006
f 3515/3248/2026 3520/3253/2027 3521/3254/2026
f 3515/3248/2026 3521/3254/2026 3518/3251/476
f 3520/3253/2027 3464/3197/2006 3522/3255/2027
f 3521/3254/2026 3520/3253/2027 3523/3256/2026
f 3523/3256/2026 3520/3253/2027 3522/3255/2027
f 3521/3254/2026 3523/3256/2026 3518/3251/476
f 3522/3255/2027 3464/3197/2006 3524/3257/2008
f 3522/3255/2027 3524/3257/2008 3523/3256/2026
f 3524/3257/2008 3464/3197/2006 3459/3192/2006
f 3524/3257/2008 3459/3192/2006 3452/3185/2006
f 3524/3257/2008 3452/3185/2006 3457/3190/2008
f 3518/3251/476 3523/3256/2026 3525/3258/2008
f 3523/3256/2026 3524/3257/2008 3526/3259/2026
f 3524/3257/2008 3457/3190/2008 3527/3260/2026
f 3524/3257/2008 3527/3260/2026 3526/3259/2026
f 3527/3260/2026 3457/3190/2008 3439/3172/1998
f 3523/3256/2026 3526/3259/2026 3528/3261/2027
f 3523/3256/2026 3528/3261/2027 3525/3258/2008
f 3528/3261/2027 3526/3259/2026 3527/3260/2026
f 3527/3260/2026 3439/3172/1998 3529/3262/268
f 3529/3262/268 3439/3172/1998 3435/3168/1995
f 3527/3260/2026 3529/3262/268 3530/3263/2025
f 3530/3263/2025 3529/3262/268 3435/3168/1995
f 3528/3261/2027 3527/3260/2026 3531/3264/2027
f 3531/3264/2027 3527/3260/2026 3530/3263/2025
f 3532/3265/2024 3525/3258/2008 3528/3261/2027
f 3525/3258/2008 3532/3265/2024 3518/3251/476
f 3528/3261/2027 3531/3264/2027 3533/3266/1566
f 3533/3266/1566 3531/3264/2027 3530/3263/2025
f 3532/3265/2024 3528/3261/2027 3534/3267/1881
f 3534/3267/1881 3528/3261/2027 3533/3266/1566
f 3518/3251/476 3532/3265/2024 3535/3268/2035
f 3518/3251/476 3535/3268/2035 3514/3247/2034
f 3514/3247/2034 3535/3268/2035 3517/3250/2024
f 3517/3250/2024 3535/3268/2035 3532/3265/2024
f 3517/3250/2024 3532/3265/2024 3536/3269/2036
f 3532/3265/2024 3534/3267/1881 3537/3270/2037
f 3532/3265/2024 3537/3270/2037 3536/3269/2036
f 3537/3270/2037 3534/3267/1881 3533/3266/1566
f 3517/3250/2024 3536/3269/2036 3538/3271/2023
f 3538/3271/2023 3536/3269/2036 3537/3270/2037
f 3517/3250/2024 3538/3271/2023 3539/3272/2038
f 3517/3250/2024 3539/3272/2038 2678/2337/1500
f 2678/2337/1500 3539/3272/2038 2681/2340/1503
f 2681/2340/1503 3539/3272/2038 3538/3271/2023
f 3537/3270/2037 3533/3266/1566 3540/3273/2039
f 3538/3271/2023 3537/3270/2037 3541/3274/2040
f 2681/2340/1503 3538/3271/2023 3542/3275/2041
f 3541/3274/2040 3537/3270/2037 3543/3276/2042
f 3543/3276/2042 3537/3270/2037 3540/3273/2039
f 3538/3271/2023 3541/3274/2040 3544/3277/2043
f 3538/3271/2023 3544/3277/2043 3542/3275/2041
f 3544/3277/2043 3541/3274/2040 3543/3276/2042
f 2681/2340/1503 3542/3275/2041 3545/3278/802
f 3545/3278/802 3542/3275/2041 3544/3277/2043
f 2681/2340/1503 3545/3278/802 2686/2345/802
f 2686/2345/802 3545/3278/802 2685/2344/1507
f 2685/2344/1507 3545/3278/802 2698/2357/1507
f 2698/2357/1507 3545/3278/802 3403/3136/1985
f 3545/3278/802 3544/3277/2043 3546/3279/802
f 3545/3278/802 3546/3279/802 3403/3136/1985
f 3403/3136/1985 3546/3279/802 3547/3280/1282
f 3547/3280/1282 3546/3279/802 3544/3277/2043
f 3403/3136/1985 3547/3280/1282 3409/3142/1095
f 3409/3142/1095 3547/3280/1282 3408/3141/1475
f 3547/3280/1282 3544/3277/2043 3548/3281/2044
f 3548/3281/2044 3544/3277/2043 3543/3276/2042
f 3408/3141/1475 3547/3280/1282 3549/3282/1360
f 3547/3280/1282 3548/3281/2044 3550/3283/1309
f 3547/3280/1282 3550/3283/1309 3549/3282/1360
f 3550/3283/1309 3548/3281/2044 3543/3276/2042
f 3408/3141/1475 3549/3282/1360 3430/3163/1991
f 3430/3163/1991 3549/3282/1360 3550/3283/1309
f 3430/3163/1991 3550/3283/1309 3551/3284/2045
f 3550/3283/1309 3543/3276/2042 3552/3285/2046
f 3430/3163/1991 3551/3284/2045 3553/3286/2047
f 3430/3163/1991 3553/3286/2047 3437/3170/1997
f 3551/3284/2045 3550/3283/1309 3554/3287/2018
f 3554/3287/2018 3550/3283/1309 3552/3285/2046
f 3551/3284/2045 3554/3287/2018 3553/3286/2047
f 3552/3285/2046 3543/3276/2042 3555/3288/2048
f 3552/3285/2046 3555/3288/2048 3554/3287/2018
f 3555/3288/2048 3543/3276/2042 3540/3273/2039
f 3437/3170/1997 3553/3286/2047 3435/3168/1995
f 3553/3286/2047 3554/3287/2018 3556/3289/238
f 3556/3289/238 3554/3287/2018 3555/3288/2048
f 3555/3288/2048 3540/3273/2039 3533/3266/1566
f 3435/3168/1995 3553/3286/2047 3557/3290/2049
f 3435/3168/1995 3557/3290/2049 3530/3263/2025
f 3553/3286/2047 3556/3289/238 3558/3291/2050
f 3553/3286/2047 3558/3291/2050 3557/3290/2049
f 3558/3291/2050 3556/3289/238 3555/3288/2048
f 3557/3290/2049 3558/3291/2050 3530/3263/2025
f 3555/3288/2048 3533/3266/1566 3559/3292/2036
f 3555/3288/2048 3559/3292/2036 3558/3291/2050
f 3559/3292/2036 3533/3266/1566 3530/3263/2025
f 3559/3292/2036 3530/3263/2025 3558/3291/2050
f 3560/3293/1970 3561/3294/1973 3355/3295/1950
f 3355/3295/1950 3561/3294/1973 3353/3296/1948
f 3353/3296/1948 3561/3294/1973 3562/3297/2
f 3353/3296/1948 3562/3297/2 3347/3298/1942
f 3347/3298/1942 3562/3297/2 3563/3299/1978
f 3347/3298/1942 3563/3299/1978 3348/3300/1943
f 3348/3300/1943 3563/3299/1978 3564/3301/1980
f 3348/3300/1943 3564/3301/1980 3351/3302/1946
f 3351/3302/1946 3564/3301/1980 3565/3303/633
f 3351/3302/1946 3565/3303/633 3365/3304/1957
f 3365/3304/1957 3565/3303/633 3566/3305/435
f 3365/3304/1957 3566/3305/435 3369/3306/1961
f 3369/3306/1961 3566/3305/435 3567/3307/1952
f 3369/3306/1961 3567/3307/1952 3373/3308/1964
f 3373/3308/1964 3567/3307/1952 3568/3309/1953
f 3373/3308/1964 3568/3309/1953 3377/3310/1968
f 3377/3310/1968 3568/3309/1953 3569/3311/137
f 3377/3310/1968 3569/3311/137 3381/3312/1771
f 3381/3312/1771 3569/3311/137 3570/3313/1956
f 3381/3312/1771 3570/3313/1956 3385/3314/1975
f 3385/3314/1975 3570/3313/1956 3571/3315/1959
f 3385/3314/1975 3571/3315/1959 3389/3316/1976
f 3389/3316/1976 3571/3315/1959 3572/3317/1963
f 3389/3316/1976 3572/3317/1963 3393/3318/1979
f 3393/3318/1979 3572/3317/1963 3573/3319/1966
f 3393/3318/1979 3573/3319/1966 3397/3320/1981
f 3397/3320/1981 3573/3319/1966 3560/3321/1970
f 3397/3320/1981 3560/3321/1970 3355/3322/1950
f 3574/3323/2051 1920/1566/2051 1924/1570/2051
f 1924/1570/2051 1920/1566/2051 1919/1565/2051
f 1613/1307/2 1615/1309/2 1937/1738/2
f 1937/1738/2 1615/1309/2 3575/1739/2
f 3576/1740/2 1631/1317/2 3283/1741/2
f 3283/1741/2 1631/1317/2 1632/1318/2
f 1947/3324/348 3577/3325/1025 1949/3326/348
f 3577/3325/1025 1947/3324/348 1946/3327/1048
f 1949/3326/348 3577/3325/1025 3578/3328/1025
f 3577/3325/1025 1946/3327/1048 3579/3329/2052
f 1949/3326/348 3578/3328/1025 3580/3330/1463
f 3579/3329/2052 1946/3327/1048 3581/3331/1578
f 1949/3326/348 3580/3330/1463 1956/3332/1053
f 3581/3331/1578 1946/3327/1048 1943/3333/1046
f 3581/3331/1578 1943/3333/1046 3582/3334/653
f 3582/3334/653 1943/3333/1046 1944/3335/731
f 1956/3332/1053 3580/3330/1463 1957/3336/1054
f 1957/3336/1054 3580/3330/1463 3583/3337/2053
f 1957/3336/1054 3583/3337/2053 3584/3338/2054
f 1957/3336/1054 3584/3338/2054 1960/3339/1057
f 1960/3339/1057 3584/3338/2054 2267/3340/1286
f 3585/3341/2055 2549/3342/2056 3586/3343/773
f 3586/3343/773 2549/3342/2056 2548/3344/773
f 3586/3343/773 2548/3344/773 1043/3345/773
f 1043/3345/773 2548/3344/773 1044/3346/773
f 3587/3347/1872 3588/3348/1077 3589/3349/1305
f 3589/3349/1305 3588/3348/1077 3590/3350/1305
f 3589/3349/1305 3590/3350/1305 1058/3351/1305
f 1058/3351/1305 3590/3350/1305 1055/3352/1305
f 1442/3037/1919 1432/3033/1916 1447/3038/1920
f 3591/3353/388 3592/3354/388 299/204/388
f 299/204/388 3592/3354/388 310/215/388
f 3593/3355/388 3594/3356/388 379/286/388
f 379/286/388 3594/3356/388 380/287/388
f 3595/3357/947 3596/3358/2057 3597/3359/2058
f 3595/3357/947 3597/3359/2058 3598/3360/1020
f 3598/3360/1020 3597/3359/2058 3599/3361/2059
f 3598/3360/1020 3599/3361/2059 3600/3362/2060
f 3601/3363/2061 3596/3358/2057 3602/3364/2062
f 3601/3363/2061 3602/3364/2062 3603/3365/2063
f 3603/3365/2063 3602/3364/2062 3604/3366/2064
f 3603/3365/2063 3604/3366/2064 3605/3367/2065
f 3605/3367/2065 3604/3366/2064 3606/3368/2066
f 3601/3363/2061 3603/3365/2063 3607/3369/344
f 3603/3365/2063 3605/3367/2065 3608/3370/2067
f 3603/3365/2063 3608/3370/2067 3607/3369/344
f 3608/3370/2067 3605/3367/2065 3609/3371/2068
f 3607/3369/344 3608/3370/2067 3595/3372/947
f 3595/3372/947 3608/3370/2067 3610/3373/2069
f 3607/3369/344 3595/3372/947 3598/3374/1020
f 3601/3363/2061 3607/3369/344 3611/3375/2070
f 3611/3375/2070 3607/3369/344 3598/3374/1020
f 3601/3363/2061 3611/3375/2070 3612/3376/417
f 3611/3375/2070 3598/3374/1020 3600/3377/2060
f 3611/3375/2070 3600/3377/2060 3613/3378/2071
f 3614/3379/2072 3609/3371/2068 3605/3367/2065
f 3614/3379/2072 3605/3367/2065 3606/3368/2066
f 3609/3371/2068 3614/3379/2072 3615/3380/2073
f 3614/3379/2072 3606/3368/2066 3616/3381/2074
f 3615/3380/2073 3614/3379/2072 3617/3382/1020
f 3617/3382/1020 3614/3379/2072 3616/3381/2074
f 3615/3380/2073 3617/3382/1020 3618/3383/2075
f 3617/3382/1020 3616/3381/2074 3619/3384/2076
f 3618/3383/2075 3617/3382/1020 3620/3385/2077
f 3620/3385/2077 3617/3382/1020 3619/3384/2076
f 3618/3383/2075 3620/3385/2077 3621/3386/2078
f 3621/3386/2078 3620/3385/2077 3622/3387/2069
f 3618/3383/2075 3621/3386/2078 3623/3388/417
f 3621/3386/2078 3622/3387/2069 3624/3389/2079
f 3623/3388/417 3621/3386/2078 3625/3390/2080
f 3625/3390/2080 3621/3386/2078 3624/3389/2079
f 3625/3390/2080 3624/3389/2079 3626/3391/2063
f 3626/3391/2063 3624/3389/2079 3627/3392/2081
f 3626/3391/2063 3627/3392/2081 3628/3393/357
f 3628/3393/357 3627/3392/2081 3613/3394/2071
f 3628/3393/357 3613/3394/2071 3600/3395/2060
f 3625/3396/2080 3626/3397/2063 3619/3384/2076
f 3619/3384/2076 3626/3397/2063 3629/3398/2082
f 3629/3398/2082 3626/3397/2063 3628/3399/357
f 3629/3398/2082 3628/3399/357 3630/3400/379
f 3630/3400/379 3628/3399/357 3600/3401/2060
f 3630/3400/379 3600/3401/2060 3599/3402/2059
f 3631/3403/2083 3632/3404/227 3633/3405/2084
f 3633/3405/2084 3632/3404/227 3634/3406/228
f 3631/3403/2083 3633/3405/2084 3635/3407/2085
f 3633/3405/2084 3634/3406/228 3636/3408/2086
f 3636/3408/2086 3634/3406/228 3637/3409/2087
f 3635/3407/2085 3633/3405/2084 3638/3410/2088
f 3638/3410/2088 3633/3405/2084 3636/3408/2086
f 3635/3407/2085 3638/3410/2088 3639/3411/2089
f 3635/3407/2085 3639/3411/2089 3640/3412/2090
f 3636/3408/2086 3637/3409/2087 3641/3413/2091
f 3641/3413/2091 3637/3409/2087 3642/3414/230
f 3638/3410/2088 3636/3408/2086 3643/3415/831
f 3643/3415/831 3636/3408/2086 3641/3413/2091
f 3639/3411/2089 3638/3410/2088 3644/3416/2092
f 3644/3416/2092 3638/3410/2088 3643/3415/831
f 3640/3412/2090 3639/3411/2089 3645/3417/2093
f 3640/3412/2090 3645/3417/2093 3646/3418/2094
f 3646/3418/2094 3645/3417/2093 503/412/370
f 3646/3418/2094 503/412/370 501/410/325
f 503/412/370 3645/3417/2093 505/414/364
f 3645/3417/2093 3639/3411/2089 3647/3419/2095
f 3645/3417/2093 3647/3419/2095 505/414/364
f 3647/3419/2095 3639/3411/2089 3644/3416/2092
f 505/414/364 3647/3419/2095 507/416/345
f 507/416/345 3647/3419/2095 3648/3420/2096
f 3648/3420/2096 3647/3419/2095 3644/3416/2092
f 507/416/345 3648/3420/2096 509/418/351
f 3648/3420/2096 3644/3416/2092 3649/3421/1584
f 3649/3421/1584 3644/3416/2092 3643/3415/831
f 509/418/351 3648/3420/2096 3650/3422/840
f 3650/3422/840 3648/3420/2096 3649/3421/1584
f 509/418/351 3650/3422/840 511/420/2097
f 3649/3421/1584 3643/3415/831 3651/3423/1590
f 3651/3423/1590 3643/3415/831 3641/3413/2091
f 3650/3422/840 3649/3421/1584 3652/3424/169
f 3652/3424/169 3649/3421/1584 3651/3423/1590
f 511/420/2097 3650/3422/840 3653/3425/2098
f 3653/3425/2098 3650/3422/840 3652/3424/169
f 511/420/2097 3653/3425/2098 513/422/2099
f 3651/3423/1590 3641/3413/2091 3654/3426/2100
f 3654/3426/2100 3641/3413/2091 3642/3414/230
f 3654/3426/2100 3642/3414/230 3655/3427/2101
f 3651/3423/1590 3654/3426/2100 3656/3428/2102
f 3651/3423/1590 3656/3428/2102 3652/3424/169
f 3654/3426/2100 3655/3427/2101 3657/3429/2103
f 3654/3426/2100 3657/3429/2103 3656/3428/2102
f 3657/3429/2103 3655/3427/2101 3658/3430/2104
f 3652/3424/169 3656/3428/2102 3659/3431/1691
f 3652/3424/169 3659/3431/1691 3653/3425/2098
f 3656/3428/2102 3657/3429/2103 3660/3432/873
f 3656/3428/2102 3660/3432/873 3659/3431/1691
f 3657/3429/2103 3658/3430/2104 3661/3433/2105
f 3657/3429/2103 3661/3433/2105 3660/3432/873
f 3661/3433/2105 3658/3430/2104 3662/3434/2106
f 3653/3425/2098 3659/3431/1691 3663/3435/2107
f 3653/3425/2098 3663/3435/2107 513/422/2099
f 513/422/2099 3663/3435/2107 515/424/1403
f 3663/3435/2107 3659/3431/1691 3664/3436/1693
f 3664/3436/1693 3659/3431/1691 3660/3432/873
f 515/424/1403 3663/3435/2107 3665/3437/2108
f 3665/3437/2108 3663/3435/2107 3664/3436/1693
f 515/424/1403 3665/3437/2108 517/426/2109
f 3666/3438/2110 3660/3432/873 3661/3433/2105
f 3660/3432/873 3666/3438/2110 3664/3436/1693
f 3667/3439/2111 3661/3433/2105 3662/3434/2106
f 3661/3433/2105 3667/3439/2111 3666/3438/2110
f 3667/3439/2111 3662/3434/2106 3668/3440/234
f 517/426/2109 3665/3437/2108 3669/3441/2112
f 517/426/2109 3669/3441/2112 519/428/463
f 519/428/463 3669/3441/2112 3670/3442/2113
f 3669/3441/2112 3665/3437/2108 3671/3443/1695
f 3671/3443/1695 3665/3437/2108 3664/3436/1693
f 3671/3443/1695 3664/3436/1693 3666/3438/2110
f 3670/3442/2113 3669/3441/2112 3672/3444/2114
f 3672/3444/2114 3669/3441/2112 3671/3443/1695
f 3670/3442/2113 3672/3444/2114 3673/3445/2115
f 3671/3443/1695 3666/3438/2110 3674/3446/2116
f 3671/3443/1695 3674/3446/2116 3672/3444/2114
f 3674/3446/2116 3666/3438/2110 3667/3439/2111
f 3673/3445/2115 3672/3444/2114 3675/3447/2117
f 3675/3447/2117 3672/3444/2114 3674/3446/2116
f 3673/3445/2115 3675/3447/2117 3676/3448/2118
f 3676/3448/2118 3675/3447/2117 3677/3449/2119
f 3675/3447/2117 3674/3446/2116 3678/3450/2120
f 3678/3450/2120 3674/3446/2116 3667/3439/2111
f 3675/3447/2117 3678/3450/2120 3677/3449/2119
f 3678/3450/2120 3667/3439/2111 3668/3440/234
f 3678/3450/2120 3668/3440/234 3679/3451/2121
f 3678/3450/2120 3679/3451/2121 3677/3449/2119
f 3677/3449/2119 3679/3451/2121 3680/3452/236
f 3681/3453/1732 3682/3454/1733 1821/1465/1736
f 1821/1465/1736 3682/3454/1733 1822/1466/1734
f 3681/3453/1732 1821/1465/1736 1824/1470/1741
f 1822/1466/1734 3682/3454/1733 3683/3455/1737
f 3681/3453/1732 1824/1470/1741 3684/3456/1740
f 1822/1466/1734 3683/3455/1737 1823/1467/2122
f 3684/3456/1740 1824/1470/1741 1826/1474/1747
f 1823/1467/2122 3683/3455/1737 3685/3457/1739
f 1823/1467/2122 3685/3457/1739 1825/1471/1738
f 3684/3456/1740 1826/1474/1747 3686/3458/1749
f 3684/3456/1740 3686/3458/1749 3687/3459/1081
f 3686/3458/1749 1826/1474/1747 1828/1476/1745
f 3687/3459/1081 3686/3458/1749 3688/3460/1750
f 3686/3458/1749 1828/1476/1745 3689/3461/1746
f 3686/3458/1749 3689/3461/1746 3688/3460/1750
f 3689/3461/1746 1828/1476/1745 1829/1477/1743
f 3688/3460/1750 3689/3461/1746 3690/3462/1748
f 3689/3461/1746 1829/1477/1743 3691/3463/1668
f 3689/3461/1746 3691/3463/1668 3690/3462/1748
f 3691/3463/1668 1829/1477/1743 1827/1475/1203
f 3690/3462/1748 3691/3463/1668 3692/3464/1407
f 3691/3463/1668 1827/1475/1203 3693/3465/1742
f 3691/3463/1668 3693/3465/1742 3692/3464/1407
f 3693/3465/1742 1827/1475/1203 1825/1471/1738
f 3693/3465/1742 1825/1471/1738 3685/3457/1739
f 3692/3464/1407 3693/3465/1742 3694/3466/1744
f 3694/3466/1744 3693/3465/1742 3685/3457/1739
f 3694/3466/1744 3685/3457/1739 3695/3467/137
f 1925/1571/2123 3574/3323/2123 1923/1569/2123
f 1923/1569/2123 3574/3323/2123 1924/1570/2123
f 3696/555/1560 978/556/493 3697/557/1477
f 3697/557/1477 978/556/493 977/558/491
f 3697/557/1477 977/558/491 3698/559/398
f 3698/559/398 977/558/491 976/560/489
f 3698/559/398 976/560/489 3699/561/1278
f 3699/561/1278 976/560/489 979/562/494
f 3699/561/1278 979/562/494 3700/563/2124
f 3700/563/2124 979/562/494 980/564/496
f 3701/3468/2125 3702/3469/2125 3703/3470/730
f 3703/3470/730 3702/3469/2125 3704/3471/730
f 3703/3470/730 3704/3471/730 3705/3472/1630
f 3705/3472/1630 3704/3471/730 3706/3473/1630
f 3705/3472/1630 3706/3473/1630 3707/3473/361
f 3705/3472/1630 3707/3473/361 3708/3472/361
f 3709/3474/398 3710/3474/1862 3711/3475/398
f 3711/3475/398 3710/3474/1862 3712/3475/1862
f 3712/3475/1862 3710/3474/1862 3713/3476/1479
f 3713/3476/1479 3710/3474/1862 3714/3477/1479
f 3713/3476/1479 3714/3477/1479 3715/3478/1490
f 3715/3478/1490 3714/3477/1479 3716/3479/1490
f 2176/1818/1197 2164/1806/1189 2166/1808/1190
f 2176/1818/1197 2166/1808/1190 2186/1828/1206
f 2186/1828/1206 2166/1808/1190 3717/3480/2126
f 2186/1828/1206 3717/3480/2126 3718/3481/2127
f 3717/3480/2126 2166/1808/1190 3719/3482/2128
f 3719/3482/2128 2166/1808/1190 3720/3483/2129
f 3720/3483/2129 2166/1808/1190 2162/1804/1187
f 3719/3482/2128 3720/3483/2129 3721/3484/913
f 3720/3483/2129 2162/1804/1187 2161/1803/1187
f 3721/3484/913 3720/3483/2129 3722/3485/2130
f 3722/3485/2130 3720/3483/2129 2161/1803/1187
f 3721/3484/913 3722/3485/2130 3723/3486/2131
f 3722/3485/2130 2161/1803/1187 1765/1398/954
f 3722/3485/2130 1765/1398/954 3723/3486/2131
f 3724/3487/2132 2576/2249/1325 3725/3488/1349
f 3725/3488/1349 2576/2249/1325 2575/2248/1305
f 3725/3488/1349 2575/2248/1305 3726/3489/1116
f 3726/3489/1116 2575/2248/1305 2574/2247/1304
f 3726/3489/1116 2574/2247/1304 3727/3490/1330
f 3727/3490/1330 2574/2247/1304 3728/3491/2133
f 3728/3491/2133 2574/2247/1304 3729/3492/1923
f 3728/3491/2133 3729/3492/1923 496/405/2134
f 3728/3491/2133 496/405/2134 495/404/2135
f 3730/3493/2136 3731/3494/2137 3732/3495/2119
f 3732/3495/2119 3731/3494/2137 3733/3496/2138
f 3732/3495/2119 3733/3496/2138 3734/3497/2120
f 3733/3496/2138 3731/3494/2137 3735/3498/2139
f 3735/3498/2139 3731/3494/2137 3736/3499/2140
f 3735/3498/2139 3736/3499/2140 3737/3500/2141
f 3735/3498/2139 3737/3500/2141 3738/3501/2142
f 3734/3497/2120 3733/3496/2138 3739/3502/2143
f 3739/3502/2143 3733/3496/2138 3735/3498/2139
f 3734/3497/2120 3739/3502/2143 3740/3503/2144
f 3735/3498/2139 3738/3501/2142 3741/3504/2145
f 3735/3498/2139 3741/3504/2145 3739/3502/2143
f 3741/3504/2145 3738/3501/2142 3742/3505/2146
f 3740/3503/2144 3739/3502/2143 3743/3506/2147
f 3743/3506/2147 3739/3502/2143 3741/3504/2145
f 3740/3503/2144 3743/3506/2147 3744/3507/2148
f 3744/3507/2148 3743/3506/2147 3745/3508/2149
f 3745/3508/2149 3743/3506/2147 3741/3504/2145
f 3744/3507/2148 3745/3508/2149 3746/3509/2103
f 3741/3504/2145 3742/3505/2146 3747/3510/2150
f 3741/3504/2145 3747/3510/2150 3745/3508/2149
f 3747/3510/2150 3742/3505/2146 3748/3511/2151
f 3746/3509/2103 3745/3508/2149 3749/3512/2152
f 3749/3512/2152 3745/3508/2149 3747/3510/2150
f 3746/3509/2103 3749/3512/2152 3750/3513/2153
f 3750/3513/2153 3749/3512/2152 3751/3514/2154
f 3751/3514/2154 3749/3512/2152 3747/3510/2150
f 3750/3513/2153 3751/3514/2154 3752/3515/1577
f 3747/3510/2150 3748/3511/2151 3753/3516/2155
f 3747/3510/2150 3753/3516/2155 3751/3514/2154
f 3753/3516/2155 3748/3511/2151 3754/3517/2156
f 3752/3515/1577 3751/3514/2154 3755/3518/2157
f 3755/3518/2157 3751/3514/2154 3753/3516/2155
f 3752/3515/1577 3755/3518/2157 3756/3519/2086
f 3756/3519/2086 3755/3518/2157 3757/3520/2158
f 3757/3520/2158 3755/3518/2157 3753/3516/2155
f 3756/3519/2086 3757/3520/2158 3758/3521/2084
f 3753/3516/2155 3754/3517/2156 3759/3522/2159
f 3753/3516/2155 3759/3522/2159 3757/3520/2158
f 3759/3522/2159 3754/3517/2156 3760/3523/557
f 3758/3521/2084 3757/3520/2158 3761/3524/2160
f 3761/3524/2160 3757/3520/2158 3759/3522/2159
f 3758/3521/2084 3761/3524/2160 3762/3525/2083
f 3761/3524/2160 3759/3522/2159 3763/3526/632
f 3761/3524/2160 3763/3526/632 3762/3525/2083
f 3764/592/137 1155/593/137 1746/594/137
f 1746/594/137 1155/593/137 1153/595/137
f 1189/873/137 1188/874/137 1715/875/137
f 1715/875/137 1188/874/137 3765/876/137
f 3766/3527/2161 3767/3528/2162 3768/3529/2163
f 3768/3529/2163 3767/3528/2162 3769/3530/2164
f 3769/3530/2164 3767/3528/2162 3770/3531/2165
f 3768/3529/2163 3769/3530/2164 3771/3532/2166
f 3769/3530/2164 3770/3531/2165 3772/3533/2166
f 3768/3529/2163 3771/3532/2166 3773/3534/1510
f 3771/3532/2166 3769/3530/2164 3774/3535/2167
f 3774/3535/2167 3769/3530/2164 3772/3533/2166
f 3772/3533/2166 3770/3531/2165 3775/3536/2168
f 3771/3532/2166 3774/3535/2167 3776/3537/2169
f 3773/3534/1510 3771/3532/2166 3777/3538/2170
f 3777/3538/2170 3771/3532/2166 3776/3537/2169
f 3773/3534/1510 3777/3538/2170 3778/3539/2171
f 3778/3539/2171 3777/3538/2170 314/219/142
f 314/219/142 3777/3538/2170 316/221/143
f 3773/3534/1510 3778/3539/2171 384/291/2171
f 3773/3534/1510 384/291/2171 3779/3540/2172
f 3779/3540/2172 384/291/2171 3780/3541/2173
f 384/291/2171 3778/3539/2171 3781/3542/2174
f 384/291/2171 3781/3542/2174 381/288/2174
f 381/288/2174 3781/3542/2174 3591/3353/697
f 381/288/2174 3591/3353/697 379/286/2175
f 298/203/135 3591/3353/697 299/204/136
f 3591/3353/697 298/203/135 3782/3543/2176
f 3591/3353/697 3782/3543/2176 379/286/2175
f 3782/3543/2176 298/203/135 303/208/138
f 3782/3543/2176 303/208/138 3783/3544/2177
f 379/286/2175 3782/3543/2176 3784/3545/2178
f 3784/3545/2178 3782/3543/2176 3783/3544/2177
f 379/286/2175 3784/3545/2178 3593/3355/2179
f 3593/3355/2179 3784/3545/2178 3785/3546/448
f 3783/3544/2177 303/208/138 308/213/141
f 3785/3546/448 3784/3545/2178 3786/3547/2180
f 3786/3547/2180 3784/3545/2178 3783/3544/2177
f 3785/3546/448 3786/3547/2180 3787/3548/2181
f 3783/3544/2177 308/213/141 3788/3549/2182
f 3783/3544/2177 3788/3549/2182 3789/3550/2183
f 3783/3544/2177 3789/3550/2183 3786/3547/2180
f 3788/3549/2182 308/213/141 3790/3551/2184
f 3788/3549/2182 3790/3551/2184 3789/3550/2183
f 3790/3551/2184 308/213/141 307/212/140
f 3787/3548/2181 3786/3547/2180 3791/3552/2185
f 3787/3548/2181 3791/3552/2185 3792/3553/2186
f 3792/3553/2186 3791/3552/2185 3793/3554/2187
f 3791/3552/2185 3786/3547/2180 3794/3555/2188
f 3791/3552/2185 3794/3555/2188 3793/3554/2187
f 3794/3555/2188 3786/3547/2180 3795/3556/2188
f 3795/3556/2188 3786/3547/2180 3789/3550/2183
f 3793/3554/2187 3794/3555/2188 3796/3557/2189
f 3794/3555/2188 3795/3556/2188 3797/3558/2190
f 3794/3555/2188 3797/3558/2190 3796/3557/2189
f 3793/3554/2187 3796/3557/2189 3798/3559/1068
f 3793/3554/2187 3798/3559/1068 3799/3560/2191
f 3799/3560/2191 3798/3559/1068 3800/3561/1068
f 3799/3560/2191 3800/3561/1068 3801/3562/2191
f 3797/3558/2190 3795/3556/2188 3802/3563/2192
f 3802/3563/2192 3795/3556/2188 3789/3550/2183
f 3796/3557/2189 3797/3558/2190 3803/3564/2193
f 3802/3563/2192 3789/3550/2183 3804/3565/2194
f 3804/3565/2194 3789/3550/2183 3790/3551/2184
f 3797/3558/2190 3802/3563/2192 3805/3566/2195
f 3797/3558/2190 3805/3566/2195 3803/3564/2193
f 3804/3565/2194 3790/3551/2184 3806/3567/2196
f 3806/3567/2196 3790/3551/2184 307/212/140
f 3802/3563/2192 3804/3565/2194 3807/3568/2197
f 3807/3568/2197 3804/3565/2194 3806/3567/2196
f 3805/3566/2195 3802/3563/2192 3808/3569/2198
f 3808/3569/2198 3802/3563/2192 3807/3568/2197
f 3806/3567/2196 307/212/140 3809/3570/2199
f 3809/3570/2199 307/212/140 305/210/139
f 3809/3570/2199 305/210/139 3810/3571/1056
f 3810/3571/1056 305/210/139 306/211/139
f 3810/3571/1056 306/211/139 3811/3572/1056
f 3807/3568/2197 3806/3567/2196 3812/3573/2200
f 3812/3573/2200 3806/3567/2196 3809/3570/2199
f 3808/3569/2198 3807/3568/2197 3813/3574/2201
f 3813/3574/2201 3807/3568/2197 3812/3573/2200
f 3808/3569/2198 3813/3574/2201 3814/3575/2202
f 3812/3573/2200 3809/3570/2199 3815/3576/2203
f 3808/3569/2198 3814/3575/2202 3816/3577/1845
f 3808/3569/2198 3816/3577/1845 3805/3566/2195
f 3814/3575/2202 3813/3574/2201 3817/3578/2204
f 3817/3578/2204 3813/3574/2201 3812/3573/2200
f 3814/3575/2202 3817/3578/2204 3816/3577/1845
f 3817/3578/2204 3812/3573/2200 3815/3576/2203
f 3815/3576/2203 3809/3570/2199 3810/3579/1056
f 3816/3577/1845 3817/3578/2204 3818/3580/1490
f 3815/3576/2203 3810/3579/1056 3819/3581/2205
f 3819/3581/2205 3810/3579/1056 3811/3582/1056
f 3819/3581/2205 3811/3582/1056 3820/3583/2205
f 3815/3576/2203 3819/3581/2205 3821/3584/2206
f 3815/3576/2203 3821/3584/2206 3817/3578/2204
f 3819/3581/2205 3820/3583/2205 3822/3585/2207
f 3819/3581/2205 3822/3585/2207 3821/3584/2206
f 3822/3585/2207 3820/3583/2205 3823/3586/2207
f 3817/3578/2204 3821/3584/2206 3824/3587/2208
f 3824/3587/2208 3821/3584/2206 3822/3585/2207
f 3824/3587/2208 3822/3585/2207 3823/3586/2207
f 3817/3578/2204 3824/3587/2208 3818/3580/1490
f 3824/3587/2208 3823/3586/2207 333/3588/2209
f 3824/3587/2208 333/3588/2209 3818/3580/1490
f 3818/3580/1490 333/3588/2209 3825/3589/1333
f 3818/3580/1490 3825/3589/1333 3826/3590/1490
f 3818/3580/1490 3826/3590/1490 3816/3577/1845
f 3826/3590/1490 3825/3589/1333 343/3591/1333
f 3816/3577/1845 3826/3590/1490 3827/3592/2210
f 3816/3577/1845 3827/3592/2210 3805/3566/2195
f 3826/3590/1490 343/3591/1333 3828/3593/2211
f 3826/3590/1490 3828/3593/2211 3827/3592/2210
f 3828/3593/2211 343/3591/1333 3829/3594/642
f 3805/3566/2195 3827/3592/2210 3803/3564/2193
f 3828/3593/2211 3829/3594/642 3830/3595/2212
f 3828/3593/2211 3830/3595/2212 3827/3592/2210
f 3827/3592/2210 3830/3595/2212 3803/3564/2193
f 3830/3595/2212 3829/3594/642 3831/3596/2212
f 3803/3564/2193 3830/3595/2212 3832/3597/2213
f 3832/3597/2213 3830/3595/2212 3831/3596/2212
f 3803/3564/2193 3832/3597/2213 3796/3557/2189
f 3832/3597/2213 3831/3596/2212 3833/3598/2213
f 3796/3557/2189 3832/3597/2213 3798/3599/1068
f 3798/3599/1068 3832/3597/2213 3833/3598/2213
f 3798/3599/1068 3833/3598/2213 3800/3600/1068
f 3834/1291/2214 1236/1019/605 1292/1074/648
f 3834/1291/2214 1292/1074/648 3835/1290/2215
f 3836/1275/2216 1292/1074/648 1284/1066/641
f 3836/1275/2216 1284/1066/641 1290/1072/647
f 3835/1290/2215 1292/1074/648 3837/1280/1476
f 3835/1290/2215 3837/1280/1476 3838/1289/2217
f 1292/1074/648 3836/1275/2216 3839/1278/1498
f 1292/1074/648 3839/1278/1498 3837/1280/1476
f 3839/1278/1498 3836/1275/2216 3840/1277/2218
f 3839/1278/1498 3840/1277/2218 3837/1280/1476
f 3840/1277/2218 3836/1275/2216 3841/1276/1566
f 3841/1276/1566 3836/1275/2216 3842/1271/2219
f 3842/1271/2219 3836/1275/2216 1290/1072/647
f 3837/1280/1476 3840/1277/2218 3843/1285/719
f 3842/1271/2219 1290/1072/647 3844/1269/2220
f 3837/1280/1476 3843/1285/719 3845/1286/2221
f 3837/1280/1476 3845/1286/2221 3838/1289/2217
f 3845/1286/2221 3843/1285/719 3846/1287/2222
f 3845/1286/2221 3846/1287/2222 3847/1288/2223
f 3844/1269/2220 1290/1072/647 3848/1268/2224
f 3848/1268/2224 1290/1072/647 1286/1068/643
f 3844/1269/2220 3848/1268/2224 3849/1267/1281
f 3849/1267/1281 3848/1268/2224 1286/1068/643
f 3844/1269/2220 3849/1267/1281 3850/1270/2225
f 3849/1267/1281 1286/1068/643 1287/1069/644
f 3845/1286/2221 3847/1288/2223 3851/3601/2226
f 3850/1270/2225 3849/1267/1281 3852/1272/2227
f 3850/1270/2225 3852/1272/2227 3853/1273/1340
f 3849/1267/1281 1287/1069/644 3854/1265/2228
f 3849/1267/1281 3854/1265/2228 3852/1272/2227
f 3854/1265/2228 1287/1069/644 1288/1070/645
f 3853/1273/1340 3852/1272/2227 3855/1274/2229
f 3854/1265/2228 1288/1070/645 1595/1266/888
f 3855/1274/2229 3852/1272/2227 3856/1279/2230
f 3854/1265/2228 1595/1266/888 3857/2149/2231
f 3857/2149/2231 1595/1266/888 1598/1298/891
f 3857/2149/2231 1598/1298/891 1599/1299/332
f 3857/2149/2231 1599/1299/332 1603/1303/895
f 3855/1274/2229 3856/1279/2230 3858/1281/2232
f 3855/1274/2229 3858/1281/2232 3859/1282/2233
f 3856/1279/2230 3852/1272/2227 3860/1283/1999
f 3860/1283/1999 3852/1272/2227 3854/1265/2228
f 3856/1279/2230 3860/1283/1999 3858/1281/2232
f 3859/1282/2233 3858/1281/2232 3861/1284/2234
f 3862/2147/2235 3854/1265/2228 3857/2149/2231
f 3854/1265/2228 3862/2147/2235 3860/1283/1999
f 3862/2147/2235 3857/2149/2231 3863/2144/1328
f 3862/2147/2235 3863/2144/1328 3860/1283/1999
f 3864/2148/2236 3857/2149/2231 1603/1303/895
f 3857/2149/2231 3864/2148/2236 3863/2144/1328
f 3864/2148/2236 1603/1303/895 15/2146/377
f 3864/2148/2236 15/2146/377 3863/2144/1328
f 15/2146/377 1603/1303/895 18/1306/325
f 3863/2144/1328 15/2146/377 14/2145/380
f 3863/2144/1328 14/2145/380 7/2142/382
f 3865/2143/806 3860/1283/1999 3863/2144/1328
f 3865/2143/806 3863/2144/1328 7/2142/382
f 3860/1283/1999 3865/2143/806 3866/2140/1282
f 3866/2140/1282 3865/2143/806 7/2142/382
f 3860/1283/1999 3866/2140/1282 3858/1281/2232
f 3866/2140/1282 7/2142/382 5/2139/386
f 3866/2140/1282 5/2139/386 2/2141/388
f 3858/1281/2232 3866/2140/1282 3867/3602/2232
f 3866/2140/1282 2/2141/388 3868/3603/2237
f 3866/2140/1282 3868/3603/2237 3867/3602/2232
f 3858/1281/2232 3867/3602/2232 3861/1284/2234
f 3868/3603/2237 2/2141/388 3869/3604/392
f 3868/3603/2237 3869/3604/392 3867/3602/2232
f 3869/3604/392 2/2141/388 6/3605/392
f 3861/1284/2234 3867/3602/2232 3870/3606/2238
f 3870/3606/2238 3867/3602/2232 3869/3604/392
f 3869/3604/392 6/3605/392 8/3607/394
f 3861/1284/2234 3870/3606/2238 3871/3608/2239
f 3871/3608/2239 3870/3606/2238 3847/1288/2223
f 3847/1288/2223 3870/3606/2238 3851/3601/2226
f 3851/3601/2226 3870/3606/2238 3872/3609/2240
f 3872/3609/2240 3870/3606/2238 3869/3604/392
f 3851/3601/2226 3872/3609/2240 3845/1286/2221
f 3869/3604/392 8/3607/394 3873/3610/2241
f 3869/3604/392 3873/3610/2241 3872/3609/2240
f 3845/1286/2221 3872/3609/2240 3838/1289/2217
f 3873/3610/2241 8/3607/394 3874/3611/2242
f 3873/3610/2241 3874/3611/2242 3872/3609/2240
f 3874/3611/2242 8/3607/394 12/3612/398
f 3838/1289/2217 3872/3609/2240 3875/3613/2243
f 3875/3613/2243 3872/3609/2240 3874/3611/2242
f 1102/873/2 1104/874/2 1736/875/2
f 1736/875/2 1104/874/2 3876/876/2
f 3877/592/2 1134/593/2 1707/594/2
f 1707/594/2 1134/593/2 1135/595/2
f 3779/3540/1283 3766/3527/1283 3773/3534/1283
f 3773/3534/1283 3766/3527/1283 3768/3529/1283
f 3777/3538/1283 3878/3614/1283 316/221/1283
f 316/221/1283 3878/3614/1283 319/224/1283
f 3879/3615/2053 1968/3616/1054 3880/3617/1463
f 1968/3616/1054 3879/3615/2053 3881/3618/2054
f 1968/3616/1054 3881/3618/2054 1972/3619/1063
f 1972/3619/1063 3881/3618/2054 2417/3620/1286
f 3880/3617/1463 1968/3616/1054 1967/3621/1053
f 3880/3617/1463 1967/3621/1053 1966/3622/348
f 3880/3617/1463 1966/3622/348 3882/3623/1025
f 3882/3623/1025 1966/3622/348 3883/3624/1025
f 3883/3624/1025 1966/3622/348 1969/3625/348
f 3883/3624/1025 1969/3625/348 1976/3626/1066
f 3883/3624/1025 1976/3626/1066 3884/3627/2244
f 3884/3627/2244 1976/3626/1066 1404/3628/733
f 1404/3628/733 1976/3626/1066 1403/3629/732
f 495/432/2135 523/434/1507 3728/3630/2133
f 3728/3630/2133 523/434/1507 3885/3631/1985
f 3886/3632/2245 3887/3633/2245 3888/3634/1368
f 3888/3634/1368 3887/3633/2245 3889/3635/1368
f 3888/3634/1368 3889/3635/1368 3890/3636/2246
f 3886/3632/2245 3888/3634/1368 3891/3637/1368
f 3886/3632/2245 3891/3637/1368 3892/3638/2245
f 3892/3638/2245 3891/3637/1368 328/233/1368
f 3892/3638/2245 328/233/1368 325/230/2245
f 3891/3637/1368 3888/3634/1368 3893/3639/2247
f 3893/3639/2247 3888/3634/1368 3890/3636/2246
f 328/233/1368 3891/3637/1368 3894/3640/2247
f 3894/3640/2247 3891/3637/1368 3893/3639/2247
f 328/233/1368 3894/3640/2247 331/236/2247
f 3893/3639/2247 3890/3636/2246 3895/3641/1848
f 3894/3640/2247 3893/3639/2247 3896/3642/1848
f 3896/3642/1848 3893/3639/2247 3895/3641/1848
f 3895/3641/1848 3890/3636/2246 3897/3643/1848
f 3897/3643/1848 3890/3636/2246 3898/3644/1848
f 3895/3641/1848 3897/3643/1848 3899/3645/1848
f 3894/3640/2247 3896/3642/1848 3900/3646/1857
f 3894/3640/2247 3900/3646/1857 331/236/2247
f 331/236/2247 3900/3646/1857 332/237/1857
f 332/237/1857 3900/3646/1857 3901/3647/1857
f 3901/3647/1857 3900/3646/1857 3902/3648/1857
f 332/237/1857 3901/3647/1857 3903/3649/1857
f 945/3650/926 1917/1563/589 1915/1561/1009
f 1917/1563/589 945/3650/926 1916/1562/726
f 945/3650/926 1915/1561/1009 943/3651/2248
f 1916/1562/726 945/3650/926 947/3652/726
f 943/3651/2248 1915/1561/1009 941/3653/2249
f 1916/1562/726 947/3652/726 949/3654/1129
f 3904/3655/2250 1913/1559/1037 1916/1562/726
f 3904/3655/2250 1916/1562/726 949/3654/1129
f 941/3653/2249 1915/1561/1009 3905/3656/349
f 3905/3656/349 1915/1561/1009 1907/1553/1034
f 941/3653/2249 3905/3656/349 3906/3657/2251
f 3906/3657/2251 3905/3656/349 1907/1553/1034
f 941/3653/2249 3906/3657/2251 939/3658/2252
f 1913/1559/1037 3904/3655/2250 3907/3659/1129
f 3907/3659/1129 3904/3655/2250 949/3654/1129
f 3907/3659/1129 949/3654/1129 951/3660/1129
f 1913/1559/1037 3907/3659/1129 2918/2573/1627
f 3907/3659/1129 951/3660/1129 953/2769/1624
f 3907/3659/1129 953/2769/1624 2918/2573/1627
f 939/3658/2252 3906/3657/2251 937/3661/2253
f 2918/2573/1627 953/2769/1624 2093/1734/1025
f 3908/3662/744 3906/3657/2251 1907/1553/1034
f 3908/3662/744 1907/1553/1034 1901/1547/1029
f 3908/3662/744 1901/1547/1029 3909/3663/2254
f 3908/3662/744 3909/3663/2254 3906/3657/2251
f 3909/3663/2254 1901/1547/1029 1903/1549/1030
f 937/3661/2253 3906/3657/2251 3910/3664/2255
f 3906/3657/2251 3909/3663/2254 3911/3665/2256
f 3909/3663/2254 1903/1549/1030 3912/3666/2257
f 3909/3663/2254 3912/3666/2257 3911/3665/2256
f 3912/3666/2257 1903/1549/1030 1898/1544/984
f 3906/3657/2251 3911/3665/2256 3913/3667/2255
f 3906/3657/2251 3913/3667/2255 3910/3664/2255
f 3913/3667/2255 3911/3665/2256 3912/3666/2257
f 3912/3666/2257 1898/1544/984 3914/3668/780
f 3915/3669/2258 937/3661/2253 3910/3664/2255
f 3915/3669/2258 3910/3664/2255 3913/3667/2255
f 937/3661/2253 3915/3669/2258 935/3670/2259
f 3914/3668/780 1898/1544/984 1900/1546/1028
f 935/3670/2259 3915/3669/2258 933/3671/2260
f 3913/3667/2255 3912/3666/2257 3916/3672/2261
f 3912/3666/2257 3914/3668/780 3917/3673/2262
f 3912/3666/2257 3917/3673/2262 3916/3672/2261
f 3917/3673/2262 3914/3668/780 1900/1546/1028
f 933/3671/2260 3915/3669/2258 3918/3674/2260
f 3919/3675/2263 3915/3669/2258 3913/3667/2255
f 3913/3667/2255 3916/3672/2261 3920/3676/2264
f 3913/3667/2255 3920/3676/2264 3919/3675/2263
f 3920/3676/2264 3916/3672/2261 3917/3673/2262
f 3915/3669/2258 3919/3675/2263 3921/3677/2265
f 3915/3669/2258 3921/3677/2265 3918/3674/2260
f 3921/3677/2265 3919/3675/2263 3920/3676/2264
f 3922/3678/2266 933/3671/2260 3918/3674/2260
f 3922/3678/2266 3918/3674/2260 3921/3677/2265
f 933/3671/2260 3922/3678/2266 931/3679/2266
f 931/3679/2266 3922/3678/2266 929/3680/2267
f 3923/3681/2268 3920/3676/2264 3917/3673/2262
f 3922/3678/2266 3921/3677/2265 3924/3682/2269
f 929/3680/2267 3922/3678/2266 3925/3683/2270
f 3926/3684/2271 3921/3677/2265 3920/3676/2264
f 929/3680/2267 3925/3683/2270 3927/3685/2272
f 929/3680/2267 3927/3685/2272 927/3686/2273
f 3925/3683/2270 3922/3678/2266 3928/3687/2274
f 3928/3687/2274 3922/3678/2266 3924/3682/2269
f 3925/3683/2270 3928/3687/2274 3927/3685/2272
f 927/3686/2273 3927/3685/2272 925/3688/2275
f 3929/3689/2276 3924/3682/2269 3921/3677/2265
f 3929/3689/2276 3921/3677/2265 3926/3684/2271
f 3924/3682/2269 3929/3689/2276 3928/3687/2274
f 925/3688/2275 3927/3685/2272 3930/3690/2277
f 3927/3685/2272 3928/3687/2274 3931/3691/2278
f 925/3688/2275 3930/3690/2277 3932/3692/2279
f 925/3688/2275 3932/3692/2279 923/3693/2280
f 3930/3690/2277 3927/3685/2272 3933/3694/673
f 3933/3694/673 3927/3685/2272 3931/3691/2278
f 3930/3690/2277 3933/3694/673 3932/3692/2279
f 923/3693/2280 3932/3692/2279 921/3695/2281
f 3931/3691/2278 3928/3687/2274 3934/3696/2282
f 3931/3691/2278 3934/3696/2282 3933/3694/673
f 3934/3696/2282 3928/3687/2274 3935/3697/673
f 3935/3697/673 3928/3687/2274 3929/3689/2276
f 921/3695/2281 3932/3692/2279 3936/3698/2283
f 3932/3692/2279 3933/3694/673 3937/3699/1400
f 921/3695/2281 3936/3698/2283 3938/3700/517
f 921/3695/2281 3938/3700/517 919/3701/517
f 3936/3698/2283 3932/3692/2279 3939/3702/2284
f 3939/3702/2284 3932/3692/2279 3937/3699/1400
f 3936/3698/2283 3939/3702/2284 3938/3700/517
f 919/3701/517 3938/3700/517 917/3703/597
f 3937/3699/1400 3933/3694/673 3940/3704/2285
f 3937/3699/1400 3940/3704/2285 3939/3702/2284
f 3940/3704/2285 3933/3694/673 3941/3705/2286
f 3941/3705/2286 3933/3694/673 3934/3696/2282
f 917/3703/597 3938/3700/517 3942/3706/597
f 3938/3700/517 3939/3702/2284 3943/3707/1784
f 917/3703/597 3942/3706/597 3944/3708/2287
f 917/3703/597 3944/3708/2287 915/3709/2288
f 3942/3706/597 3938/3700/517 3945/3710/1643
f 3945/3710/1643 3938/3700/517 3943/3707/1784
f 3942/3706/597 3945/3710/1643 3944/3708/2287
f 915/3709/2288 3944/3708/2287 912/3711/2289
f 3943/3707/1784 3939/3702/2284 3946/3712/1640
f 3943/3707/1784 3946/3712/1640 3945/3710/1643
f 3946/3712/1640 3939/3702/2284 3947/3713/2290
f 3947/3713/2290 3939/3702/2284 3940/3704/2285
f 912/3711/2289 3944/3708/2287 3948/3714/2289
f 3944/3708/2287 3945/3710/1643 3949/3715/1786
f 912/3711/2289 3948/3714/2289 3950/3716/2291
f 912/3711/2289 3950/3716/2291 914/3717/2291
f 3948/3714/2289 3944/3708/2287 3951/3718/2289
f 3951/3718/2289 3944/3708/2287 3949/3715/1786
f 3948/3714/2289 3951/3718/2289 3950/3716/2291
f 914/3717/2291 3950/3716/2291 909/3719/508
f 3949/3715/1786 3945/3710/1643 3952/3720/461
f 3949/3715/1786 3952/3720/461 3951/3718/2289
f 3952/3720/461 3945/3710/1643 3953/3721/2292
f 3953/3721/2292 3945/3710/1643 3946/3712/1640
f 909/3719/508 3950/3716/2291 3954/3722/153
f 909/3719/508 3954/3722/153 907/3723/2293
f 3955/3724/2291 3950/3716/2291 3951/3718/2289
f 907/3723/2293 3954/3722/153 3956/3725/2293
f 907/3723/2293 3956/3725/2293 3957/3726/2294
f 907/3723/2293 3957/3726/2294 905/3727/2295
f 3957/3726/2294 3956/3725/2293 3958/3728/2293
f 3958/3728/2293 3956/3725/2293 3954/3722/153
f 3957/3726/2294 3958/3728/2293 3959/3729/2296
f 3960/3730/508 3954/3722/153 3950/3716/2291
f 3960/3730/508 3950/3716/2291 3955/3724/2291
f 3954/3722/153 3960/3730/508 3958/3728/2293
f 3959/3729/2296 3958/3728/2293 3961/3731/2297
f 3961/3731/2297 3958/3728/2293 3962/3732/2298
f 3961/3731/2297 3962/3732/2298 3963/3733/2299
f 3961/3731/2297 3963/3733/2299 3964/3734/2300
f 3962/3732/2298 3958/3728/2293 3965/3735/153
f 3965/3735/153 3958/3728/2293 3960/3730/508
f 3962/3732/2298 3965/3735/153 3963/3733/2299
f 3964/3734/2300 3963/3733/2299 3966/3736/2301
f 3966/3736/2301 3963/3733/2299 3967/3737/2302
f 3967/3737/2302 3963/3733/2299 3968/3738/2303
f 3968/3738/2303 3963/3733/2299 3965/3735/153
f 3967/3737/2302 3968/3738/2303 3969/3739/2304
f 3969/3739/2304 3968/3738/2303 3970/3740/2305
f 3970/3740/2305 3968/3738/2303 3971/3741/2306
f 3968/3738/2303 3965/3735/153 3972/3742/689
f 3968/3738/2303 3972/3742/689 3971/3741/2306
f 3972/3742/689 3965/3735/153 3960/3730/508
f 3970/3740/2305 3971/3741/2306 3973/3743/2307
f 3973/3743/2307 3971/3741/2306 3972/3742/689
f 3970/3740/2305 3973/3743/2307 3974/3744/2308
f 3974/3744/2308 3973/3743/2307 3975/3745/2309
f 3972/3742/689 3960/3730/508 3976/3746/689
f 3975/3745/2309 3973/3743/2307 3977/3747/2310
f 3973/3743/2307 3972/3742/689 3978/3748/2311
f 3975/3745/2309 3977/3747/2310 3979/3749/2312
f 3975/3745/2309 3979/3749/2312 3980/3750/2313
f 3977/3747/2310 3973/3743/2307 3981/3751/681
f 3981/3751/681 3973/3743/2307 3978/3748/2311
f 3977/3747/2310 3981/3751/681 3979/3749/2312
f 3978/3748/2311 3972/3742/689 3982/3752/2311
f 3982/3752/2311 3972/3742/689 3976/3746/689
f 3978/3748/2311 3982/3752/2311 3981/3751/681
f 3980/3750/2313 3979/3749/2312 3983/3753/2314
f 3984/3754/2315 3976/3746/689 3960/3730/508
f 3976/3746/689 3984/3754/2315 3982/3752/2311
f 3984/3754/2315 3960/3730/508 3955/3724/2291
f 3984/3754/2315 3955/3724/2291 3951/3718/2289
f 3984/3754/2315 3951/3718/2289 3985/3755/2316
f 3984/3754/2315 3985/3755/2316 3982/3752/2311
f 3985/3755/2316 3951/3718/2289 3952/3720/461
f 3985/3755/2316 3952/3720/461 3982/3752/2311
f 3982/3752/2311 3952/3720/461 3986/3756/681
f 3982/3752/2311 3986/3756/681 3981/3751/681
f 3986/3756/681 3952/3720/461 3987/3757/2292
f 3986/3756/681 3987/3757/2292 3981/3751/681
f 3987/3757/2292 3952/3720/461 3953/3721/2292
f 3987/3757/2292 3953/3721/2292 3946/3712/1640
f 3981/3751/681 3987/3757/2292 3988/3758/2292
f 3981/3751/681 3988/3758/2292 3979/3749/2312
f 3987/3757/2292 3946/3712/1640 3989/3759/2290
f 3988/3758/2292 3987/3757/2292 3990/3760/2285
f 3988/3758/2292 3990/3760/2285 3979/3749/2312
f 3990/3760/2285 3987/3757/2292 3989/3759/2290
f 3989/3759/2290 3946/3712/1640 3991/3761/2317
f 3989/3759/2290 3991/3761/2317 3990/3760/2285
f 3991/3761/2317 3946/3712/1640 3947/3713/2290
f 3979/3749/2312 3990/3760/2285 3992/3762/1641
f 3979/3749/2312 3992/3762/1641 3983/3753/2314
f 3991/3761/2317 3947/3713/2290 3940/3704/2285
f 3983/3753/2314 3992/3762/1641 3993/3763/2285
f 3993/3763/2285 3992/3762/1641 3990/3760/2285
f 3983/3753/2314 3993/3763/2285 3994/3764/2318
f 3995/3765/2319 3990/3760/2285 3991/3761/2317
f 3990/3760/2285 3995/3765/2319 3993/3763/2285
f 3994/3764/2318 3993/3763/2285 2984/2639/1647
f 2984/2639/1647 3993/3763/2285 3996/3766/2320
f 2984/2639/1647 3996/3766/2320 2975/2630/1643
f 3993/3763/2285 3995/3765/2319 3997/3767/2286
f 3993/3763/2285 3997/3767/2286 3996/3766/2320
f 3997/3767/2286 3995/3765/2319 3991/3761/2317
f 3996/3766/2320 3997/3767/2286 2975/2630/1643
f 3997/3767/2286 3991/3761/2317 3998/3768/2320
f 3998/3768/2320 3991/3761/2317 3940/3704/2285
f 2975/2630/1643 3997/3767/2286 3999/3769/2321
f 3998/3768/2320 3940/3704/2285 4000/3770/2321
f 3998/3768/2320 4000/3770/2321 3997/3767/2286
f 3997/3767/2286 4000/3770/2321 3999/3769/2321
f 4000/3770/2321 3940/3704/2285 3941/3705/2286
f 4000/3770/2321 3941/3705/2286 3934/3696/2282
f 2975/2630/1643 3999/3769/2321 4001/3771/2322
f 4001/3771/2322 3999/3769/2321 4000/3770/2321
f 2975/2630/1643 4001/3771/2322 2973/2628/1641
f 4000/3770/2321 3934/3696/2282 4002/3772/2286
f 4000/3770/2321 4002/3772/2286 4001/3771/2322
f 2973/2628/1641 4001/3771/2322 2970/2625/1426
f 4002/3772/2286 3934/3696/2282 4003/3773/517
f 4002/3772/2286 4003/3773/517 4001/3771/2322
f 2970/2625/1426 4001/3771/2322 4004/3774/1784
f 4004/3774/1784 4001/3771/2322 4003/3773/517
f 2970/2625/1426 4004/3774/1784 2971/2626/1425
f 2971/2626/1425 4004/3774/1784 4003/3773/517
f 4003/3773/517 3934/3696/2282 3935/3697/673
f 4003/3773/517 3935/3697/673 3929/3689/2276
f 2971/2626/1425 4003/3773/517 4005/3775/2323
f 4005/3775/2323 4003/3773/517 3929/3689/2276
f 4005/3775/2323 3929/3689/2276 4006/3776/2324
f 4005/3775/2323 4006/3776/2324 2971/2626/1425
f 4006/3776/2324 3929/3689/2276 3926/3684/2271
f 4006/3776/2324 3926/3684/2271 3920/3676/2264
f 4006/3776/2324 3920/3676/2264 3923/3681/2268
f 2971/2626/1425 4006/3776/2324 4007/3777/114
f 2971/2626/1425 4007/3777/114 2968/2623/1637
f 4006/3776/2324 3923/3681/2268 4008/3778/1639
f 4006/3776/2324 4008/3778/1639 4007/3777/114
f 4007/3777/114 4008/3778/1639 2968/2623/1637
f 4008/3778/1639 3923/3681/2268 3917/3673/2262
f 2968/2623/1637 4008/3778/1639 2964/2619/1639
f 4008/3778/1639 3917/3673/2262 4009/3779/356
f 4009/3779/356 3917/3673/2262 1900/1546/1028
f 2964/2619/1639 4008/3778/1639 4010/3780/356
f 4010/3780/356 4008/3778/1639 4009/3779/356
f 4010/3780/356 4009/3779/356 1900/1546/1028
f 2964/2619/1639 4010/3780/356 2957/2612/356
f 4010/3780/356 1900/1546/1028 4011/3781/1028
f 4011/3781/1028 1900/1546/1028 1892/1538/984
f 4010/3780/356 4011/3781/1028 4012/3782/351
f 4010/3780/356 4012/3782/351 2957/2612/356
f 4012/3782/351 4011/3781/1028 1892/1538/984
f 2957/2612/356 4012/3782/351 4013/3783/351
f 2957/2612/356 4013/3783/351 2935/2590/1629
f 2935/2590/1629 4013/3783/351 2927/2582/351
f 2927/2582/351 4013/3783/351 2924/2579/730
f 4013/3783/351 4012/3782/351 4014/3784/730
f 4013/3783/351 4014/3784/730 2924/2579/730
f 4014/3784/730 4012/3782/351 1892/1538/984
f 2924/2579/730 4014/3784/730 1890/1536/1025
f 1890/1536/1025 4014/3784/730 1892/1538/984
f 1617/1311/2 1619/1313/2 1939/3785/2
f 1939/3785/2 1619/1313/2 4015/3786/2
f 4016/3787/2 1635/1321/2 3285/3788/2
f 3285/3788/2 1635/1321/2 1636/1322/2
f 2329/1974/1068 2330/1975/1317 4017/3789/2325
f 2329/1974/1068 4017/3789/2325 2333/1978/1320
f 2333/1978/1320 4017/3789/2325 2334/1979/646
f 2334/1979/646 4017/3789/2325 4018/3790/2326
f 2334/1979/646 4018/3790/2326 4019/3791/1036
f 2334/1979/646 4019/3791/1036 2339/1984/1322
f 2339/1984/1322 4019/3791/1036 2340/1985/1323
f 2340/1985/1323 4019/3791/1036 4020/3792/1625
f 2340/1985/1323 4020/3792/1625 2346/1991/1327
f 2346/1991/1327 4020/3792/1625 4021/3793/969
f 2346/1991/1327 4021/3793/969 4022/3794/2327
f 2346/1991/1327 4022/3794/2327 2352/1997/1331
f 2352/1997/1331 4022/3794/2327 2354/1999/1056
f 2354/1999/1056 4022/3794/2327 2370/2020/1057
f 998/353/513 999/354/514 1559/3795/855
f 998/353/513 1559/3795/855 4023/3796/2328
f 4023/3796/2328 1559/3795/855 4024/3797/659
f 4024/3797/659 1559/3795/855 1568/3798/864
f 4024/3797/659 1568/3798/864 4025/3799/2329
f 4025/3799/2329 1568/3798/864 1570/3800/866
f 4025/3799/2329 1570/3800/866 1571/3801/867
f 4025/3799/2329 1571/3801/867 4026/3802/2330
f 4026/3802/2330 1571/3801/867 4027/3803/2331
f 4027/3803/2331 1571/3801/867 4028/3804/2332
f 417/3805/1210 1521/1254/1210 416/3806/2333
f 416/3806/2333 1521/1254/1210 4029/3807/1210
f 4029/3807/1210 1521/1254/1210 1522/1255/361
f 4029/3807/1210 1522/1255/361 3315/3808/361
f 4029/3807/1210 3315/3808/361 840/738/361
f 4029/3807/1210 840/738/361 842/740/2333
f 4029/3807/1210 842/740/2333 416/3806/2333
f 416/3806/2333 842/740/2333 414/1479/592
f 4030/3809/2334 4031/3810/2335 4032/3811/2336
f 4032/3811/2336 4031/3810/2335 4033/3812/2337
f 4030/3809/2334 4032/3811/2336 4034/3813/2338
f 4033/3812/2337 4031/3810/2335 4035/3814/2339
f 4033/3812/2337 4035/3814/2339 4036/3815/2340
f 4036/3815/2340 4035/3814/2339 4037/3816/2341
f 4030/3809/2334 4034/3813/2338 4038/3817/2124
f 4038/3817/2124 4034/3813/2338 4039/3818/2336
f 4038/3817/2124 4039/3818/2336 4040/3819/2342
f 4040/3819/2342 4039/3818/2336 4041/3820/2343
f 4040/3819/2342 4041/3820/2343 4042/3821/2344
f 4042/3821/2344 4041/3820/2343 813/3822/449
f 4042/3821/2344 813/3822/449 602/3823/303
f 4043/3824/1312 4044/3825/1341 1518/1249/1278
f 1518/1249/1278 4044/3825/1341 1013/925/1312
f 4044/3825/1341 4043/3824/1312 4045/3826/1341
f 1013/925/1312 4044/3825/1341 1015/927/1341
f 4044/3825/1341 4045/3826/1341 4046/3827/1341
f 1015/927/1341 4044/3825/1341 1017/929/1341
f 4044/3825/1341 4046/3827/1341 1019/931/1312
f 4044/3825/1341 1019/931/1312 1017/929/1341
f 4047/3828/1283 1517/1248/815 1512/1243/621
f 4048/3829/1070 1516/1247/814 1517/1248/815
f 4048/3829/1070 1517/1248/815 4047/3828/1283
f 4048/3829/1070 4047/3828/1283 4049/3830/1095
f 4050/3831/815 1504/1235/809 1516/1247/814
f 4048/3829/1070 4049/3830/1095 4051/3832/1095
f 1504/1235/809 4050/3831/815 1505/1236/810
f 4051/3832/1095 4049/3830/1095 4052/3833/802
f 1505/1236/810 4050/3831/815 4053/3834/802
f 4051/3832/1095 4052/3833/802 4054/3835/802
f 1505/1236/810 4053/3834/802 4055/3836/1478
f 4053/3834/802 4050/3831/815 4056/3837/802
f 4051/3832/1095 4054/3835/802 4056/3837/802
f 4053/3834/802 4056/3837/802 4055/3836/1478
f 4051/3832/1095 4056/3837/802 4057/3838/1095
f 4057/3838/1095 4056/3837/802 4050/3831/815
f 4054/3835/802 4052/3833/802 4058/3839/1489
f 4054/3835/802 4058/3839/1489 4056/3837/802
f 4058/3839/1489 4052/3833/802 4059/3840/1489
f 4056/3837/802 4058/3839/1489 4060/3841/1991
f 4056/3837/802 4060/3841/1991 4055/3836/1478
f 4058/3839/1489 4059/3840/1489 4061/3842/2345
f 1505/1236/810 4055/3836/1478 1498/1229/805
f 4060/3841/1991 4058/3839/1489 4062/3843/2346
f 4060/3841/1991 4062/3843/2346 4055/3836/1478
f 4062/3843/2346 4058/3839/1489 4061/3842/2345
f 4061/3842/2345 4059/3840/1489 4063/3844/2347
f 4055/3836/1478 4062/3843/2346 4064/3845/1859
f 4055/3836/1478 4064/3845/1859 1498/1229/805
f 4062/3843/2346 4061/3842/2345 4065/3846/1278
f 4062/3843/2346 4065/3846/1278 4064/3845/1859
f 4061/3842/2345 4063/3844/2347 4066/3847/2348
f 4066/3847/2348 4063/3844/2347 4067/3848/2349
f 4065/3846/1278 4061/3842/2345 4068/3849/1341
f 4068/3849/1341 4061/3842/2345 4066/3847/2348
f 4065/3846/1278 4068/3849/1341 4069/3850/2350
f 4068/3849/1341 4066/3847/2348 4070/3851/2351
f 4068/3849/1341 4070/3851/2351 4069/3850/2350
f 4066/3847/2348 4067/3848/2349 4071/3852/2352
f 4071/3852/2352 4067/3848/2349 4072/3853/2353
f 4071/3852/2352 4072/3853/2353 3587/3854/2354
f 4066/3847/2348 4071/3852/2352 4073/3855/1851
f 4066/3847/2348 4073/3855/1851 4070/3851/2351
f 4071/3852/2352 3587/3854/2354 4074/3856/2355
f 4071/3852/2352 4074/3856/2355 4073/3855/1851
f 4074/3856/2355 3587/3854/2354 4075/3857/2356
f 4075/3857/2356 3587/3854/2354 3589/3858/2356
f 4075/3857/2356 3589/3858/2356 1057/3859/2357
f 1057/3859/2357 3589/3858/2356 1058/3860/2358
f 4075/3857/2356 1057/3859/2357 4076/3861/2358
f 4075/3857/2356 4076/3861/2358 4074/3856/2355
f 4076/3861/2358 1057/3859/2357 1056/3862/2358
f 4077/3863/2358 4073/3855/1851 4074/3856/2355
f 4077/3863/2358 4074/3856/2355 4076/3861/2358
f 4076/3861/2358 1056/3862/2358 4078/3864/1346
f 4076/3861/2358 4078/3864/1346 4077/3863/2358
f 4078/3864/1346 1056/3862/2358 1054/3865/1851
f 4073/3855/1851 4077/3863/2358 4079/3866/1341
f 4073/3855/1851 4079/3866/1341 4070/3851/2351
f 4079/3866/1341 4077/3863/2358 4080/3867/1341
f 4080/3867/1341 4077/3863/2358 4078/3864/1346
f 4070/3851/2351 4079/3866/1341 4081/3868/2357
f 4079/3866/1341 4080/3867/1341 4082/3869/2357
f 4079/3866/1341 4082/3869/2357 4081/3868/2357
f 4082/3869/2357 4080/3867/1341 4083/3870/2358
f 4083/3870/2358 4080/3867/1341 4084/3871/1346
f 4084/3871/1346 4080/3867/1341 4078/3864/1346
f 4082/3869/2357 4083/3870/2358 4085/3872/2356
f 4085/3872/2356 4083/3870/2358 4084/3871/1346
f 4082/3869/2357 4085/3872/2356 4086/3873/2356
f 4087/3874/2359 4070/3851/2351 4081/3868/2357
f 4085/3872/2356 4084/3871/1346 4088/3875/1341
f 4089/3876/1852 4081/3868/2357 4082/3869/2357
f 4070/3851/2351 4087/3874/2359 4069/3850/2350
f 4089/3876/1852 4082/3869/2357 4090/3877/2360
f 4090/3877/2360 4082/3869/2357 4086/3873/2356
f 4081/3868/2357 4089/3876/1852 4091/3878/2361
f 4081/3868/2357 4091/3878/2361 4092/3879/2362
f 4081/3868/2357 4092/3879/2362 4087/3874/2359
f 4087/3874/2359 4092/3879/2362 4093/3880/1090
f 4091/3878/2361 4089/3876/1852 4094/3881/2363
f 4094/3881/2363 4089/3876/1852 4090/3877/2360
f 4087/3874/2359 4093/3880/1090 4095/3882/1864
f 4096/3883/2364 4069/3850/2350 4087/3874/2359
f 4096/3883/2364 4087/3874/2359 4095/3882/1864
f 4069/3850/2350 4096/3883/2364 4097/3884/2365
f 4097/3884/2365 4096/3883/2364 4095/3882/1864
f 4095/3882/1864 4093/3880/1090 4098/3885/2360
f 4098/3885/2360 4093/3880/1090 4099/3886/2366
f 4097/3884/2365 4095/3882/1864 4100/3887/2245
f 4095/3882/1864 4098/3885/2360 4101/3888/2345
f 4095/3882/1864 4101/3888/2345 4100/3887/2245
f 4098/3885/2360 4099/3886/2366 4102/3889/2367
f 4102/3889/2367 4099/3886/2366 4103/3890/2368
f 4102/3889/2367 4103/3890/2368 4104/3891/2369
f 4104/3891/2369 4103/3890/2368 4105/3892/2370
f 4102/3889/2367 4104/3891/2369 4106/3893/2371
f 4098/3885/2360 4102/3889/2367 4107/3894/2372
f 4107/3894/2372 4102/3889/2367 4106/3893/2371
f 4098/3885/2360 4107/3894/2372 4101/3888/2345
f 4107/3894/2372 4106/3893/2371 4108/3895/2342
f 4107/3894/2372 4108/3895/2342 4109/3896/2373
f 4107/3894/2372 4109/3896/2373 4101/3888/2345
f 4109/3896/2373 4108/3895/2342 4110/3897/2374
f 4109/3896/2373 4110/3897/2374 4111/3898/2375
f 4109/3896/2373 4111/3898/2375 4112/3899/2376
f 4109/3896/2373 4112/3899/2376 4101/3888/2345
f 4101/3888/2345 4112/3899/2376 4113/3900/2377
f 4113/3900/2377 4112/3899/2376 4114/3901/2378
f 4101/3888/2345 4113/3900/2377 4115/3902/2379
f 4115/3902/2379 4113/3900/2377 4114/3901/2378
f 4101/3888/2345 4115/3902/2379 4100/3887/2245
f 4115/3902/2379 4114/3901/2378 4116/3903/2380
f 4115/3902/2379 4116/3903/2380 4117/3904/2381
f 4100/3887/2245 4115/3902/2379 4097/3884/2365
f 4115/3902/2379 4117/3904/2381 4118/3905/2382
f 4097/3884/2365 4115/3902/2379 4119/3906/2383
f 4118/3905/2382 4117/3904/2381 4120/3907/1852
f 4120/3907/1852 4117/3904/2381 4121/3908/2384
f 4115/3902/2379 4118/3905/2382 4122/3909/2385
f 4115/3902/2379 4122/3909/2385 4119/3906/2383
f 4122/3909/2385 4118/3905/2382 4120/3907/1852
f 4097/3884/2365 4119/3906/2383 4123/3910/2345
f 4123/3910/2345 4119/3906/2383 4122/3909/2385
f 4122/3909/2385 4120/3907/1852 4124/3911/2345
f 4122/3909/2385 4124/3911/2345 4123/3910/2345
f 4120/3907/1852 4121/3908/2384 4125/3912/2386
f 4120/3907/1852 4125/3912/2386 4124/3911/2345
f 4125/3912/2386 4121/3908/2384 4126/3913/2387
f 4125/3912/2386 4126/3913/2387 4127/3914/2386
f 4127/3914/2386 4126/3913/2387 4128/3915/2388
f 4124/3911/2345 4125/3912/2386 4129/3916/1864
f 4129/3916/1864 4125/3912/2386 4127/3914/2386
f 4127/3914/2386 4128/3915/2388 4130/3917/2386
f 4127/3914/2386 4130/3917/2386 4129/3916/1864
f 4130/3917/2386 4128/3915/2388 4131/3918/2389
f 4130/3917/2386 4131/3918/2389 4132/3919/2390
f 4129/3916/1864 4130/3917/2386 4133/3920/2346
f 4130/3917/2386 4132/3919/2390 4134/3921/2386
f 4130/3917/2386 4134/3921/2386 4133/3920/2346
f 4134/3921/2386 4132/3919/2390 4135/3922/1859
f 4133/3920/2346 4134/3921/2386 4136/3923/1864
f 4133/3920/2346 4136/3923/1864 4129/3916/1864
f 4136/3923/1864 4134/3921/2386 4135/3922/1859
f 4135/3922/1859 4132/3919/2390 4137/3924/2391
f 4129/3916/1864 4136/3923/1864 4138/3925/1864
f 4129/3916/1864 4138/3925/1864 4124/3911/2345
f 4136/3923/1864 4135/3922/1859 4139/3926/1859
f 4136/3923/1864 4139/3926/1859 4138/3925/1864
f 4135/3922/1859 4137/3924/2391 4140/3927/2392
f 4140/3927/2392 4137/3924/2391 4141/3928/2393
f 4135/3922/1859 4140/3927/2392 4142/3929/2394
f 4135/3922/1859 4142/3929/2394 4139/3926/1859
f 4140/3927/2392 4141/3928/2393 4143/3930/2395
f 4140/3927/2392 4143/3930/2395 4142/3929/2394
f 4143/3930/2395 4141/3928/2393 4144/3931/2396
f 4143/3930/2395 4144/3931/2396 4145/3932/2397
f 4146/3933/1864 4124/3911/2345 4138/3925/1864
f 4146/3933/1864 4138/3925/1864 4139/3926/1859
f 4124/3911/2345 4146/3933/1864 4123/3910/2345
f 4143/3930/2395 4145/3932/2397 4147/3934/2398
f 4143/3930/2395 4147/3934/2398 4148/3935/2399
f 4143/3930/2395 4148/3935/2399 4142/3929/2394
f 4147/3934/2398 4145/3932/2397 4149/3936/2400
f 4149/3936/2400 4145/3932/2397 4150/3937/2401
f 4147/3934/2398 4149/3936/2400 4151/3938/1857
f 4147/3934/2398 4151/3938/1857 4148/3935/2399
f 4149/3936/2400 4150/3937/2401 4152/3939/2402
f 4149/3936/2400 4152/3939/2402 4151/3938/1857
f 4152/3939/2402 4150/3937/2401 4153/3940/2403
f 4152/3939/2402 4153/3940/2403 4154/3941/2404
f 4152/3939/2402 4154/3941/2404 4155/3942/2405
f 4155/3942/2405 4154/3941/2404 4156/3943/2406
f 4151/3938/1857 4152/3939/2402 4157/3944/2349
f 4157/3944/2349 4152/3939/2402 4155/3942/2405
f 4157/3944/2349 4155/3942/2405 4156/3943/2406
f 4151/3938/1857 4157/3944/2349 4148/3935/2399
f 4157/3944/2349 4156/3943/2406 4158/3945/2407
f 4158/3945/2407 4156/3943/2406 75/23/7
f 4158/3945/2407 75/23/7 74/22/6
f 4148/3935/2399 4157/3944/2349 4159/3946/1832
f 4158/3945/2407 74/22/6 2613/2293/1469
f 2613/2293/1469 74/22/6 73/21/5
f 2613/2293/1469 73/21/5 262/2291/100
f 4157/3944/2349 4158/3945/2407 4160/3947/2379
f 4157/3944/2349 4160/3947/2379 4159/3946/1832
f 4160/3947/2379 4158/3945/2407 2613/2293/1469
f 4148/3935/2399 4159/3946/1832 4161/3948/2408
f 4161/3948/2408 4159/3946/1832 4160/3947/2379
f 4148/3935/2399 4161/3948/2408 4142/3929/2394
f 4160/3947/2379 2613/2293/1469 4162/3949/2409
f 4160/3947/2379 4162/3949/2409 4161/3948/2408
f 4162/3949/2409 2613/2293/1469 2612/2292/254
f 4142/3929/2394 4161/3948/2408 4163/3950/2410
f 4163/3950/2410 4161/3948/2408 4162/3949/2409
f 4142/3929/2394 4163/3950/2410 4139/3926/1859
f 4162/3949/2409 2612/2292/254 4164/3951/2411
f 4162/3949/2409 4164/3951/2411 4163/3950/2410
f 4164/3951/2411 2612/2292/254 2611/2290/1468
f 4139/3926/1859 4163/3950/2410 4165/3952/2412
f 4165/3952/2412 4163/3950/2410 4164/3951/2411
f 4164/3951/2411 2611/2290/1468 4166/3953/2413
f 4164/3951/2411 4166/3953/2413 4165/3952/2412
f 4166/3953/2413 2611/2290/1468 2610/2287/1467
f 4166/3953/2413 2610/2287/1467 1492/1223/800
f 4166/3953/2413 1492/1223/800 1491/1222/799
f 4139/3926/1859 4165/3952/2412 4167/3954/2345
f 4139/3926/1859 4167/3954/2345 4146/3933/1864
f 4165/3952/2412 4166/3953/2413 4168/3955/1092
f 4165/3952/2412 4168/3955/1092 4167/3954/2345
f 4166/3953/2413 1491/1222/799 4169/3956/2414
f 4166/3953/2413 4169/3956/2414 4168/3955/1092
f 4169/3956/2414 1491/1222/799 1495/1226/803
f 4169/3956/2414 1495/1226/803 1498/1229/805
f 4146/3933/1864 4167/3954/2345 4170/3957/1864
f 4170/3957/1864 4167/3954/2345 4168/3955/1092
f 4146/3933/1864 4170/3957/1864 4123/3910/2345
f 4169/3956/2414 1498/1229/805 4171/3958/2415
f 4169/3956/2414 4171/3958/2415 4168/3955/1092
f 4171/3958/2415 1498/1229/805 4064/3845/1859
f 4170/3957/1864 4168/3955/1092 4172/3959/1094
f 4170/3957/1864 4172/3959/1094 4123/3910/2345
f 4172/3959/1094 4168/3955/1092 4171/3958/2415
f 4171/3958/2415 4064/3845/1859 4173/3960/2416
f 4171/3958/2415 4173/3960/2416 4172/3959/1094
f 4172/3959/1094 4173/3960/2416 4123/3910/2345
f 4173/3960/2416 4064/3845/1859 4065/3846/1278
f 4123/3910/2345 4173/3960/2416 4174/3961/1848
f 4174/3961/1848 4173/3960/2416 4065/3846/1278
f 4123/3910/2345 4174/3961/1848 4097/3884/2365
f 4174/3961/1848 4065/3846/1278 4069/3850/2350
f 4174/3961/1848 4069/3850/2350 4097/3884/2365
f 333/238/2209 335/240/280 3825/3962/1333
f 3825/3962/1333 335/240/280 4175/3963/280
f 343/248/1333 345/250/280 3829/3964/642
f 3829/3964/642 345/250/280 4176/3965/280
f 4177/3966/2417 4178/3967/2418 4179/3968/2419
f 4179/3968/2419 4178/3967/2418 4180/3969/2420
f 4179/3968/2419 4180/3969/2420 4181/3970/2421
f 4178/3967/2418 4177/3966/2417 4182/3971/2422
f 4182/3971/2422 4177/3966/2417 4183/3972/244
f 4181/3970/2421 4180/3969/2420 4184/3973/2423
f 4181/3970/2421 4184/3973/2423 4185/3974/248
f 4182/3971/2422 4183/3972/244 4186/3975/2424
f 4186/3975/2424 4183/3972/244 4187/3976/2425
f 4186/3975/2424 4187/3976/2425 3631/3403/2083
f 3631/3403/2083 4187/3976/2425 3632/3404/227
f 4186/3975/2424 3631/3403/2083 4188/3977/2426
f 4188/3977/2426 3631/3403/2083 3635/3407/2085
f 4188/3977/2426 3635/3407/2085 3640/3412/2090
f 4186/3975/2424 4188/3977/2426 4189/3978/1309
f 4186/3975/2424 4189/3978/1309 4182/3971/2422
f 4188/3977/2426 3640/3412/2090 4190/3979/2427
f 4188/3977/2426 4190/3979/2427 4189/3978/1309
f 4190/3979/2427 3640/3412/2090 3646/3418/2094
f 4182/3971/2422 4189/3978/1309 4191/3980/2428
f 4182/3971/2422 4191/3980/2428 4178/3967/2418
f 4189/3978/1309 4190/3979/2427 4192/3981/2018
f 4189/3978/1309 4192/3981/2018 4191/3980/2428
f 4190/3979/2427 3646/3418/2094 4193/3982/2429
f 4190/3979/2427 4193/3982/2429 4192/3981/2018
f 4193/3982/2429 3646/3418/2094 501/410/325
f 4193/3982/2429 501/410/325 527/440/380
f 4193/3982/2429 527/440/380 4194/3983/637
f 4193/3982/2429 4194/3983/637 4192/3981/2018
f 4194/3983/637 527/440/380 529/442/386
f 4195/3984/2430 4191/3980/2428 4192/3981/2018
f 4195/3984/2430 4192/3981/2018 4194/3983/637
f 4196/3985/2431 4178/3967/2418 4191/3980/2428
f 4196/3985/2431 4191/3980/2428 4195/3984/2430
f 4178/3967/2418 4196/3985/2431 4180/3969/2420
f 4194/3983/637 529/442/386 4197/3986/608
f 4194/3983/637 4197/3986/608 4195/3984/2430
f 4197/3986/608 529/442/386 531/444/392
f 4180/3969/2420 4196/3985/2431 4198/3987/2432
f 4196/3985/2431 4195/3984/2430 4199/3988/2433
f 4199/3988/2433 4195/3984/2430 4197/3986/608
f 4196/3985/2431 4199/3988/2433 4198/3987/2432
f 4180/3969/2420 4198/3987/2432 4184/3973/2423
f 4197/3986/608 531/444/392 4200/3989/2434
f 4197/3986/608 4200/3989/2434 4199/3988/2433
f 4200/3989/2434 531/444/392 533/446/398
f 4198/3987/2432 4199/3988/2433 4201/3990/372
f 4201/3990/372 4199/3988/2433 4200/3989/2434
f 4184/3973/2423 4198/3987/2432 4202/3991/2435
f 4202/3991/2435 4198/3987/2432 4201/3990/372
f 4200/3989/2434 533/446/398 4203/3992/2436
f 4200/3989/2434 4203/3992/2436 4201/3990/372
f 4203/3992/2436 533/446/398 535/448/695
f 4202/3991/2435 4201/3990/372 4204/3993/2437
f 4204/3993/2437 4201/3990/372 4203/3992/2436
f 4184/3973/2423 4202/3991/2435 4205/3994/2438
f 4184/3973/2423 4205/3994/2438 4185/3974/248
f 4185/3974/248 4205/3994/2438 4206/3995/2439
f 4203/3992/2436 535/448/695 4207/3996/2440
f 4203/3992/2436 4207/3996/2440 4204/3993/2437
f 4207/3996/2440 535/448/695 537/450/701
f 4206/3995/2439 4205/3994/2438 4208/3997/2441
f 4206/3995/2439 4208/3997/2441 4209/3998/250
f 4209/3998/250 4208/3997/2441 4210/3999/2136
f 4210/3999/2136 4208/3997/2441 4211/4000/2442
f 4208/3997/2441 4205/3994/2438 4212/4001/2443
f 4212/4001/2443 4205/3994/2438 4202/3991/2435
f 4208/3997/2441 4212/4001/2443 4211/4000/2442
f 4212/4001/2443 4202/3991/2435 4204/3993/2437
f 4211/4000/2442 4212/4001/2443 4213/4002/2444
f 4213/4002/2444 4212/4001/2443 4204/3993/2437
f 4213/4002/2444 4204/3993/2437 4207/3996/2440
f 4211/4000/2442 4213/4002/2444 4214/4003/2341
f 4213/4002/2444 4207/3996/2440 4215/4004/2445
f 4213/4002/2444 4215/4004/2445 4214/4003/2341
f 4215/4004/2445 4207/3996/2440 537/450/701
f 4214/4003/2341 4215/4004/2445 4216/4005/2446
f 4215/4004/2445 537/450/701 539/452/707
f 4215/4004/2445 539/452/707 4216/4005/2446
f 4216/4005/2446 539/452/707 541/454/411
f 988/891/1933 728/623/1933 1011/923/2447
f 1011/923/2447 728/623/1933 730/625/2447
f 707/600/324 708/602/324 4217/4006/324
f 4217/4006/324 708/602/324 4218/4007/324
f 4219/4008/2448 558/4009/259 559/4010/260
f 4219/4008/2448 559/4010/260 4220/4011/2449
f 4219/4008/2448 4220/4011/2449 4221/4012/2450
f 4221/4012/2450 4220/4011/2449 4222/4013/480
f 4221/4012/2450 4222/4013/480 4223/4014/2451
f 4223/4014/2451 4222/4013/480 4224/4015/2452
f 4225/4016/2453 4226/4017/2454 4227/4018/2455
f 4228/4019/787 4229/4020/787 4230/4021/2456
f 4230/4021/2456 4229/4020/787 4231/4022/2456
f 4232/3602/860 1564/1281/860 1567/1284/863
f 4232/3602/860 1567/1284/863 4233/3606/2457
f 4233/3606/2457 1567/1284/863 4028/3608/2332
f 4233/3606/2457 4028/3608/2332 1571/1288/867
f 1564/1281/860 4232/3602/860 2479/2140/728
f 4233/3606/2457 1571/1288/867 4234/3601/2458
f 4234/3601/2458 1571/1288/867 1569/1286/865
f 4232/3602/860 4233/3606/2457 4235/3604/351
f 4235/3604/351 4233/3606/2457 4234/3601/2458
f 4234/3601/2458 1569/1286/865 4236/3609/2459
f 4234/3601/2458 4236/3609/2459 4235/3604/351
f 4236/3609/2459 1569/1286/865 1572/1289/868
f 4236/3609/2459 1572/1289/868 4237/3613/2460
f 4236/3609/2459 4237/3613/2460 4238/3611/2461
f 4236/3609/2459 4238/3611/2461 4239/3610/880
f 4236/3609/2459 4239/3610/880 4235/3604/351
f 4239/3610/880 4238/3611/2461 35/3607/356
f 35/3607/356 4238/3611/2461 38/3612/361
f 4239/3610/880 35/3607/356 4235/3604/351
f 4235/3604/351 35/3607/356 34/3605/351
f 4235/3604/351 34/3605/351 31/2141/347
f 4240/3603/2462 4232/3602/860 4235/3604/351
f 4240/3603/2462 4235/3604/351 31/2141/347
f 4232/3602/860 4240/3603/2462 2479/2140/728
f 2479/2140/728 4240/3603/2462 31/2141/347
f 852/4023/485 851/4024/484 4241/4025/361
f 4241/4025/361 851/4024/484 1301/4026/650
f 1301/4026/650 851/4024/484 847/4027/481
f 1301/4026/650 847/4027/481 845/4028/479
f 4241/4025/361 1301/4026/650 1302/4029/650
f 4241/4025/361 1302/4029/650 4242/4030/361
f 4242/4030/361 1302/4029/650 758/1396/430
f 758/1396/430 1302/4029/650 756/4031/428
f 756/4031/428 1302/4029/650 4243/4032/983
f 756/4031/428 4243/4032/983 762/4033/433
f 762/4033/433 4243/4032/983 1063/4034/556
f 1063/4034/556 4243/4032/983 1061/4035/554
f 1061/4035/554 4243/4032/983 1059/4036/554
f 4244/4037/280 4245/4038/280 4246/4039/348
f 4246/4039/348 4245/4038/280 4247/4040/348
f 4246/4039/348 4247/4040/348 4248/4041/2463
f 4248/4041/2463 4247/4040/348 4249/4042/2463
f 4248/4041/2463 4249/4042/2463 4250/4043/2464
f 4250/4043/2464 4249/4042/2463 4251/4044/2464
f 4250/4043/2464 4251/4044/2464 4252/4045/2465
f 4252/4045/2465 4251/4044/2464 4253/4046/2465
f 4252/4045/2465 4253/4046/2465 4254/4047/2466
f 4254/4047/2466 4253/4046/2465 4255/4048/2466
f 4031/3810/2335 4030/3809/2334 4256/4049/2467
f 4031/3810/2335 4256/4049/2467 4257/4050/2468
f 4031/3810/2335 4257/4050/2468 4035/3814/2339
f 4035/3814/2339 4257/4050/2468 4258/4051/2115
f 4035/3814/2339 4258/4051/2115 4037/3816/2341
f 4258/4051/2115 4257/4050/2468 4259/4052/2469
f 4036/3815/2340 4037/3816/2341 4260/4053/2470
f 4259/4052/2469 4257/4050/2468 4261/4054/2471
f 4261/4054/2471 4257/4050/2468 4256/4049/2467
f 4261/4054/2471 4256/4049/2467 4262/4055/2472
f 4262/4055/2472 4256/4049/2467 4263/4056/2473
f 4263/4056/2473 4256/4049/2467 4030/3809/2334
f 4262/4055/2472 4263/4056/2473 4264/4057/2474
f 4263/4056/2473 4030/3809/2334 703/4058/153
f 703/4058/153 4030/3809/2334 4038/3817/2124
f 703/4058/153 4038/3817/2124 4265/4059/2475
f 4265/4059/2475 4038/3817/2124 4040/3819/2342
f 4265/4059/2475 4040/3819/2342 4266/4060/341
f 4266/4060/341 4040/3819/2342 4042/3821/2344
f 4266/4060/341 4042/3821/2344 601/4061/287
f 601/4061/287 4042/3821/2344 602/3823/303
f 4263/4056/2473 703/4058/153 705/4062/153
f 4267/4063/2476 4264/4057/2474 4263/4056/2473
f 4267/4063/2476 4263/4056/2473 705/4062/153
f 4264/4057/2474 4267/4063/2476 4268/4064/2477
f 4267/4063/2476 705/4062/153 4269/4065/2478
f 4267/4063/2476 4269/4065/2478 4268/4064/2477
f 4269/4065/2478 705/4062/153 4270/4066/2475
f 4268/4064/2477 4269/4065/2478 4271/4067/2474
f 4269/4065/2478 4270/4066/2475 4272/4068/2479
f 4269/4065/2478 4272/4068/2479 4271/4067/2474
f 4272/4068/2479 4270/4066/2475 4273/4069/341
f 4271/4067/2474 4272/4068/2479 4274/4070/2480
f 4272/4068/2479 4273/4069/341 620/4071/317
f 4272/4068/2479 620/4071/317 4274/4070/2480
f 620/4071/317 4273/4069/341 618/4072/287
f 4274/4070/2480 620/4071/317 619/4073/316
f 4218/4007/2481 708/602/2482 563/476/2482
f 4218/4007/2481 563/476/2482 4275/4074/2481
f 4275/4074/2481 563/476/2482 561/474/2481
f 4218/4007/2481 4275/4074/2481 4276/4075/2482
f 4276/4075/2482 4275/4074/2481 4277/4076/2482
f 4218/4007/2481 4276/4075/2482 4278/4077/2481
f 312/217/2350 311/216/2360 4279/4078/2350
f 4279/4078/2350 311/216/2360 4280/4079/2360
f 4280/4079/2360 311/216/2360 310/215/1092
f 4280/4079/2360 310/215/1092 3592/3354/1092
f 383/290/2350 382/289/2360 4281/4080/2350
f 4281/4080/2350 382/289/2360 4282/4081/2360
f 4282/4081/2360 382/289/2360 380/287/1092
f 4282/4081/2360 380/287/1092 3594/3356/1092
f 4283/4082/2483 2478/4083/1378 4284/4084/1536
f 4283/4082/2483 4284/4084/1536 4285/4085/2484
f 4284/4084/1536 2478/4083/1378 2474/4086/1374
f 4284/4084/1536 2474/4086/1374 4286/4087/2485
f 4287/4088/2486 4288/4089/1663 2502/2163/1398
f 4284/4084/1536 4286/4087/2485 4289/4090/2487
f 4284/4084/1536 4289/4090/2487 4285/4085/2484
f 4290/4091/2488 4288/4089/1663 4285/4085/2484
f 4287/4088/2486 2502/2163/1398 2545/2217/1435
f 4288/4089/1663 4290/4091/2488 2498/2159/1394
f 4288/4089/1663 2498/2159/1394 2502/2163/1398
f 4290/4091/2488 4285/4085/2484 2495/2156/1392
f 4290/4091/2488 2495/2156/1392 2498/2159/1394
f 4285/4085/2484 4289/4090/2487 4291/4092/2489
f 4285/4085/2484 4291/4092/2489 2495/2156/1392
f 4291/4092/2489 4289/4090/2487 2493/2154/1390
f 4291/4092/2489 2493/2154/1390 2495/2156/1392
f 4292/4093/2490 4289/4090/2487 4286/4087/2485
f 4289/4090/2487 4292/4093/2490 2493/2154/1390
f 4292/4093/2490 4286/4087/2485 4293/4094/2491
f 4293/4094/2491 4286/4087/2485 4294/4095/2492
f 4292/4093/2490 4293/4094/2491 4295/4096/2493
f 4292/4093/2490 4295/4096/2493 4296/4097/2494
f 4292/4093/2490 4296/4097/2494 2493/2154/1390
f 4295/4096/2493 4293/4094/2491 4297/4098/2495
f 4295/4096/2493 4297/4098/2495 4296/4097/2494
f 4293/4094/2491 4294/4095/2492 4298/4099/2496
f 4293/4094/2491 4298/4099/2496 4297/4098/2495
f 4298/4099/2496 4294/4095/2492 2500/2161/1396
f 2500/2161/1396 4294/4095/2492 2504/2165/1399
f 4297/4098/2495 4298/4099/2496 4299/4100/2497
f 4297/4098/2495 4299/4100/2497 4296/4097/2494
f 4299/4100/2497 4298/4099/2496 4300/4101/2498
f 4300/4101/2498 4298/4099/2496 2500/2161/1396
f 4299/4100/2497 4300/4101/2498 2492/2153/1389
f 2492/2153/1389 4300/4101/2498 2500/2161/1396
f 4296/4097/2494 4299/4100/2497 2490/2151/670
f 2490/2151/670 4299/4100/2497 2492/2153/1389
f 4296/4097/2494 2490/2151/670 4301/4102/2499
f 4296/4097/2494 4301/4102/2499 2493/2154/1390
f 4301/4102/2499 2490/2151/670 2489/2150/1388
f 4301/4102/2499 2489/2150/1388 2493/2154/1390
f 4302/4103/398 4303/4104/398 4304/4105/398
f 4304/4105/398 4303/4104/398 4305/4106/398
f 4306/4107/398 4305/4106/398 4307/4108/398
f 4305/4106/398 4306/4107/398 4308/4109/398
f 4305/4106/398 4308/4109/398 4304/4105/398
f 4304/4105/398 4308/4109/398 1878/1523/398
f 4304/4105/398 1878/1523/398 1883/1528/398
f 1883/1528/398 1878/1523/398 1881/1526/398
f 1878/1523/398 4308/4109/398 1879/1524/398
f 1879/1524/398 4308/4109/398 4309/4110/398
f 553/466/254 552/465/253 4310/4111/2500
f 4310/4111/2500 552/465/253 4311/4112/2501
f 4311/4112/2501 552/465/253 556/469/257
f 4311/4112/2501 556/469/257 4312/4113/2502
f 4311/4112/2501 4312/4113/2502 4310/4111/2500
f 4312/4113/2502 556/469/257 558/4009/259
f 4312/4113/2502 558/4009/259 4313/4114/2503
f 4313/4114/2503 558/4009/259 4219/4008/2448
f 4312/4113/2502 4313/4114/2503 4314/4115/2504
f 4314/4115/2504 4313/4114/2503 4219/4008/2448
f 4312/4113/2502 4314/4115/2504 4310/4111/2500
f 4314/4115/2504 4219/4008/2448 4221/4012/2450
f 4314/4115/2504 4221/4012/2450 4315/4116/2505
f 4315/4116/2505 4221/4012/2450 4223/4117/2451
f 4315/4116/2505 4223/4117/2451 4227/4018/2455
f 4315/4116/2505 4227/4018/2455 4314/4115/2504
f 4227/4018/2455 4223/4117/2451 4316/4118/2008
f 4227/4018/2455 4316/4118/2008 4225/4016/2453
f 4225/4016/2453 4316/4118/2008 4317/4119/2506
f 4225/4016/2453 4317/4119/2506 4226/4017/2454
f 4314/4115/2504 4227/4018/2455 4226/4017/2454
f 4226/4017/2454 4317/4119/2506 4318/4120/2507
f 4226/4017/2454 4318/4120/2507 4319/4121/2508
f 4314/4115/2504 4226/4017/2454 4320/4122/2509
f 4314/4115/2504 4320/4122/2509 4310/4111/2500
f 4226/4017/2454 4319/4121/2508 4321/4123/2510
f 4226/4017/2454 4321/4123/2510 4320/4122/2509
f 4321/4123/2510 4319/4121/2508 4322/4124/2511
f 4322/4124/2511 4319/4121/2508 4318/4125/2507
f 4321/4123/2510 4322/4124/2511 4323/4126/2512
f 4321/4123/2510 4323/4126/2512 4324/4127/2513
f 4321/4123/2510 4324/4127/2513 4320/4122/2509
f 4324/4127/2513 4323/4126/2512 4325/4128/2514
f 4324/4127/2513 4325/4128/2514 4320/4122/2509
f 4320/4122/2509 4325/4128/2514 4326/4129/2515
f 4320/4122/2509 4326/4129/2515 4327/4130/2355
f 4327/4130/2355 4326/4129/2515 4328/4131/2516
f 4320/4122/2509 4327/4130/2355 4329/4132/2517
f 4329/4132/2517 4327/4130/2355 4328/4131/2516
f 4320/4122/2509 4329/4132/2517 4310/4111/2500
f 4329/4132/2517 4328/4131/2516 4330/4133/2518
f 4310/4111/2500 4329/4132/2517 4331/4132/2519
f 4331/4132/2519 4329/4132/2517 4330/4133/2518
f 4310/4111/2500 4331/4132/2519 553/4134/254
f 553/4134/254 4331/4132/2519 4330/4133/2518
f 1429/4135/2520 1428/4136/2521 4332/4137/2520
f 4332/4137/2520 1428/4136/2521 1399/4138/2522
f 1399/4138/2522 1428/4136/2521 1398/4139/2523
f 1398/4139/2523 1428/4136/2521 1427/4140/2523
f 1398/4139/2523 1427/4140/2523 1426/4141/2524
f 1398/4139/2523 1426/4141/2524 1395/4142/2524
f 1395/4142/2524 1426/4141/2524 1391/4143/2525
f 1391/4143/2525 1426/4141/2524 1425/4144/2526
f 1391/4143/2525 1425/4144/2526 1424/4145/2527
f 1391/4143/2525 1424/4145/2527 1390/4146/2527
f 1390/4146/2527 1424/4145/2527 1388/4147/2528
f 1388/4147/2528 1424/4145/2527 1423/4148/2529
f 1388/4147/2528 1423/4148/2529 1386/4149/2530
f 1386/4149/2530 1423/4148/2529 1421/4150/2531
f 1386/4149/2530 1421/4150/2531 1419/4151/2532
f 1386/4149/2530 1419/4151/2532 1408/4152/2533
f 1408/4152/2533 1419/4151/2532 1411/4153/2534
f 1411/4153/2534 1419/4151/2532 1413/4154/2535
f 1413/4154/2535 1419/4151/2532 1416/4155/2536
f 596/4156/297 595/4157/296 1297/4158/649
f 1297/4158/649 595/4157/296 975/4159/487
f 1297/4158/649 975/4159/487 4333/4160/398
f 4333/4160/398 975/4159/487 974/4161/486
f 1297/4158/649 4333/4160/398 4334/4162/398
f 1297/4158/649 4334/4162/398 1298/4163/649
f 1298/4163/649 4334/4162/398 1076/1433/579
f 1298/4163/649 1076/1433/579 1077/4164/580
f 1298/4163/649 1077/4164/580 4335/4165/1475
f 4335/4165/1475 1077/4164/580 1078/4166/581
f 4335/4165/1475 1078/4166/581 1079/4167/582
f 4335/4165/1475 1079/4167/582 1080/4168/583
f 4335/4165/1475 1080/4168/583 1081/4169/583
f 4336/592/137 1151/593/137 1744/594/137
f 1744/594/137 1151/593/137 1149/595/137
f 1185/873/137 1184/874/137 1713/875/137
f 1713/875/137 1184/874/137 4337/876/137
f 4338/4170/361 1843/1487/361 4339/4171/361
f 4339/4171/361 1843/1487/361 1841/1485/361
f 1837/1481/361 1841/1485/361 1839/1483/361
f 1841/1485/361 1837/1481/361 4340/4172/361
f 1841/1485/361 4340/4172/361 4339/4171/361
f 4339/4171/361 4340/4172/361 4341/4173/361
f 4339/4171/361 4341/4173/361 4342/4174/361
f 4342/4174/361 4341/4173/361 4343/4175/361
f 4341/4173/361 4340/4172/361 4344/4176/361
f 4344/4176/361 4340/4172/361 4345/4177/361
f 889/4178/2537 3270/2960/1871 887/2957/1816
f 3270/2960/1871 889/4178/2537 891/4179/2538
f 3270/2960/1871 891/4179/2538 4346/4180/2539
f 4347/4181/2540 3269/2959/1870 3270/2960/1871
f 3269/2959/1870 4347/4181/2540 3264/2952/1348
f 4347/4181/2540 3270/2960/1871 4346/4180/2539
f 4346/4180/2539 891/4179/2538 4348/4182/2541
f 4346/4180/2539 4348/4182/2541 4347/4181/2540
f 4348/4182/2541 891/4179/2538 893/4183/2542
f 3264/2952/1348 4347/4181/2540 4349/4184/1859
f 3264/2952/1348 4349/4184/1859 3259/2947/1859
f 4348/4182/2541 893/4183/2542 895/4185/2204
f 4347/4181/2540 4348/4182/2541 4350/4186/2543
f 4349/4184/1859 4347/4181/2540 4351/4187/1857
f 4349/4184/1859 4351/4187/1857 3259/2947/1859
f 4351/4187/1857 4347/4181/2540 4350/4186/2543
f 4348/4182/2541 895/4185/2204 4352/4188/2544
f 3259/2947/1859 4351/4187/1857 4353/4189/1848
f 3259/2947/1859 4353/4189/1848 3246/2934/1857
f 4350/4186/2543 4348/4182/2541 4354/4190/2545
f 4350/4186/2543 4354/4190/2545 4351/4187/1857
f 4354/4190/2545 4348/4182/2541 4352/4188/2544
f 3246/2934/1857 4353/4189/1848 4355/4191/1856
f 4355/4191/1856 4353/4189/1848 4351/4187/1857
f 3246/2934/1857 4355/4191/1856 3244/2932/1856
f 4356/4192/2546 4352/4188/2544 895/4185/2204
f 4352/4188/2544 4356/4192/2546 4354/4190/2545
f 4356/4192/2546 895/4185/2204 897/4193/2547
f 3244/2932/1856 4355/4191/1856 3239/2927/1851
f 4356/4192/2546 897/4193/2547 899/4194/2548
f 3239/2927/1851 4355/4191/1856 4357/4195/1346
f 4354/4190/2545 4356/4192/2546 4358/4196/2549
f 3239/2927/1851 4357/4195/1346 3241/2929/1853
f 4359/4197/1094 4351/4187/1857 4354/4190/2545
f 4351/4187/1857 4359/4197/1094 4355/4191/1856
f 4359/4197/1094 4354/4190/2545 4360/4198/2178
f 4359/4197/1094 4360/4198/2178 4355/4191/1856
f 4355/4191/1856 4360/4198/2178 4357/4195/1346
f 4360/4198/2178 4354/4190/2545 4358/4196/2549
f 4357/4195/1346 4360/4198/2178 3241/2929/1853
f 3241/2929/1853 4360/4198/2178 4361/4199/1341
f 4360/4198/2178 4358/4196/2549 4362/4200/2549
f 4360/4198/2178 4362/4200/2549 4361/4199/1341
f 4362/4200/2549 4358/4196/2549 4356/4192/2546
f 3241/2929/1853 4361/4199/1341 4363/4201/2550
f 4363/4201/2550 4361/4199/1341 4362/4200/2549
f 4362/4200/2549 4356/4192/2546 4364/4202/2551
f 4364/4202/2551 4356/4192/2546 899/4194/2548
f 4364/4202/2551 899/4194/2548 4365/4203/2552
f 4364/4202/2551 4365/4203/2552 4362/4200/2549
f 4365/4203/2552 899/4194/2548 901/4204/2551
f 4365/4203/2552 901/4204/2551 903/4205/2509
f 3241/2929/1853 4363/4201/2550 4366/4206/2553
f 3241/2929/1853 4366/4206/2553 3243/2931/1855
f 4367/4207/1312 4363/4201/2550 4362/4200/2549
f 4367/4207/1312 4362/4200/2549 4365/4203/2552
f 4366/4206/2553 4363/4201/2550 4368/4208/2357
f 4368/4208/2357 4363/4201/2550 4367/4207/1312
f 3243/2931/1855 4366/4206/2553 4369/4209/2554
f 4369/4209/2554 4366/4206/2553 4368/4208/2357
f 3243/2931/1855 4369/4209/2554 4370/4210/2555
f 4370/4210/2555 4369/4209/2554 3966/3736/2301
f 3966/3736/2301 4369/4209/2554 3964/3734/2300
f 3964/3734/2300 4369/4209/2554 3961/3731/2297
f 3961/3731/2297 4369/4209/2554 4368/4208/2357
f 3961/3731/2297 4368/4208/2357 4371/4211/2556
f 4371/4211/2556 4368/4208/2357 4367/4207/1312
f 3961/3731/2297 4371/4211/2556 3959/3729/2296
f 3959/3729/2296 4371/4211/2556 3957/3726/2294
f 4371/4211/2556 4367/4207/1312 4372/4212/2362
f 4371/4211/2556 4372/4212/2362 3957/3726/2294
f 4372/4212/2362 4367/4207/1312 4365/4203/2552
f 4372/4212/2362 4365/4203/2552 903/4205/2509
f 4372/4212/2362 903/4205/2509 3957/3726/2294
f 3957/3726/2294 903/4205/2509 905/3727/2295
f 220/4213/325 4373/4214/2557 219/4215/370
f 219/4215/370 4373/4214/2557 4374/4216/2558
f 4374/4216/2558 4373/4214/2557 4375/4217/2559
f 219/4215/370 4374/4216/2558 221/4218/364
f 4374/4216/2558 4375/4217/2559 4376/4219/2560
f 4376/4219/2560 4375/4217/2559 500/409/625
f 4376/4219/2560 500/409/625 502/411/2561
f 221/4218/364 4374/4216/2558 4377/4220/2562
f 4377/4220/2562 4374/4216/2558 4376/4219/2560
f 221/4218/364 4377/4220/2562 215/4221/345
f 4376/4219/2560 502/411/2561 4378/4222/2563
f 4376/4219/2560 4378/4222/2563 4377/4220/2562
f 4378/4222/2563 502/411/2561 504/413/1474
f 215/4221/345 4377/4220/2562 4379/4223/1579
f 4379/4223/1579 4377/4220/2562 4378/4222/2563
f 215/4221/345 4379/4223/1579 216/4224/351
f 4378/4222/2563 504/413/1474 4380/4225/1245
f 4378/4222/2563 4380/4225/1245 4379/4223/1579
f 4380/4225/1245 504/413/1474 506/415/983
f 216/4224/351 4379/4223/1579 4381/4226/2564
f 4381/4226/2564 4379/4223/1579 4380/4225/1245
f 216/4224/351 4381/4226/2564 213/4227/361
f 4380/4225/1245 506/415/983 4382/4228/2256
f 4380/4225/1245 4382/4228/2256 4381/4226/2564
f 4382/4228/2256 506/415/983 508/417/1028
f 213/4227/361 4381/4226/2564 4383/4229/1232
f 4383/4229/1232 4381/4226/2564 4382/4228/2256
f 213/4227/361 4383/4229/1232 214/4230/670
f 4382/4228/2256 508/417/1028 4384/4231/593
f 4382/4228/2256 4384/4231/593 4383/4229/1232
f 4384/4231/593 508/417/1028 510/419/361
f 214/4230/670 4383/4229/1232 4385/4232/2565
f 4385/4232/2565 4383/4229/1232 4384/4231/593
f 214/4230/670 4385/4232/2565 212/4233/676
f 4384/4231/593 510/419/361 4386/4234/1234
f 4384/4231/593 4386/4234/1234 4385/4232/2565
f 4386/4234/1234 510/419/361 512/421/2099
f 212/4233/676 4385/4232/2565 4387/4235/2566
f 4387/4235/2566 4385/4232/2565 4386/4234/1234
f 212/4233/676 4387/4235/2566 211/4236/681
f 4386/4234/1234 512/421/2099 4388/4237/458
f 4386/4234/1234 4388/4237/458 4387/4235/2566
f 4388/4237/458 512/421/2099 514/423/1403
f 211/4236/681 4387/4235/2566 4389/4238/2114
f 4389/4238/2114 4387/4235/2566 4388/4237/458
f 211/4236/681 4389/4238/2114 208/4239/687
f 208/4239/687 4389/4238/2114 4390/4240/2567
f 4389/4238/2114 4388/4237/458 4391/4241/2568
f 4391/4241/2568 4388/4237/458 514/423/1403
f 4389/4238/2114 4391/4241/2568 4390/4240/2567
f 4391/4241/2568 514/423/1403 516/425/2109
f 4390/4240/2567 4391/4241/2568 4392/4242/2569
f 4392/4242/2569 4391/4241/2568 516/425/2109
f 4392/4242/2569 516/425/2109 518/427/687
f 4274/4243/361 619/532/361 616/529/361
f 4274/4243/361 616/529/361 614/527/361
f 4274/4243/361 614/527/361 4271/4244/361
f 4271/4244/361 614/527/361 4268/4245/361
f 4268/4245/361 614/527/361 4393/4246/361
f 4393/4246/361 614/527/361 615/528/361
f 4268/4245/361 4393/4246/361 4394/4247/2570
f 4268/4245/361 4394/4247/2570 4264/4248/2570
f 4264/4248/2570 4394/4247/2570 4395/4249/2571
f 4264/4248/2570 4395/4249/2571 4262/4250/2571
f 4262/4250/2571 4395/4249/2571 4396/4251/2572
f 4262/4250/2571 4396/4251/2572 4261/4252/2572
f 4261/4252/2572 4396/4251/2572 4397/4253/2573
f 4261/4252/2572 4397/4253/2573 4259/4254/2573
f 815/710/398 814/709/398 4398/4255/398
f 4398/4255/398 814/709/398 4034/4256/398
f 4034/4256/398 814/709/398 4039/4257/398
f 4398/4255/398 4034/4256/398 4032/4258/2214
f 4039/4257/398 814/709/398 4041/4259/398
f 4041/4259/398 814/709/398 812/707/398
f 4041/4259/398 812/707/398 813/708/398
f 4398/4255/398 4032/4258/2214 4399/4260/2214
f 4399/4260/2214 4032/4258/2214 4033/4261/2434
f 4399/4260/2214 4033/4261/2434 4400/4262/2434
f 4400/4262/2434 4033/4261/2434 4036/4263/2574
f 4400/4262/2434 4036/4263/2574 4401/4264/2574
f 4401/4264/2574 4036/4263/2574 4260/4265/2575
f 4401/4264/2574 4260/4265/2575 4402/4266/2575
f 2526/4267/1416 4403/4268/2576 2527/4269/1417
f 2527/4269/1417 4403/4268/2576 4404/4270/2577
f 2527/4269/1417 4404/4270/2577 1047/4271/2578
f 2527/4269/1417 1047/4271/2578 1045/4272/508
f 3723/3486/2131 1765/1398/954 4405/4273/257
f 4405/4273/257 1765/1398/954 1767/1400/956
f 122/4274/370 4406/4275/370 121/4276/364
f 4406/4275/370 122/4274/370 4407/4277/325
f 4407/4277/325 122/4274/370 119/4278/325
f 121/4276/364 4406/4275/370 4408/4279/364
f 121/4276/364 4408/4279/364 123/4280/345
f 123/4280/345 4408/4279/364 4409/4281/345
f 123/4280/345 4409/4281/345 4410/4282/1618
f 123/4280/345 4410/4282/1618 116/4283/1618
f 116/4283/1618 4410/4282/1618 4411/4284/1445
f 116/4283/1618 4411/4284/1445 110/4285/1445
f 110/4285/1445 4411/4284/1445 4412/4286/676
f 110/4285/1445 4412/4286/676 108/4287/676
f 108/4287/676 4412/4286/676 109/4288/681
f 109/4288/681 4412/4286/676 4413/4289/681
f 109/4288/681 4413/4289/681 112/4290/687
f 112/4290/687 4413/4289/681 4414/4291/687
f 1797/4292/2 1798/4293/2 1796/4294/2
f 1796/4294/2 1798/4293/2 1759/4295/2
f 1796/4294/2 1759/4295/2 1794/4296/2
f 1794/4296/2 1759/4295/2 1758/4297/2
f 1762/4298/2 2194/4299/2 1763/4300/2
f 2194/4299/2 1762/4298/2 2195/4301/2
f 2195/4301/2 1762/4298/2 2198/4302/2
f 2195/4301/2 2198/4302/2 2196/4303/2
f 3724/4304/2132 3725/4305/1349 4415/4306/1273
f 4415/4306/1273 3725/4305/1349 4416/4307/2579
f 4416/4307/2579 3725/4305/1349 4417/4308/1282
f 4417/4308/1282 3725/4305/1349 3726/4309/1116
f 4417/4308/1282 3726/4309/1116 3885/4310/1985
f 3885/4310/1985 3726/4309/1116 3727/4311/1330
f 3885/4310/1985 3727/4311/1330 3728/4312/2133
f 3682/3454/1733 3681/3453/1732 4418/4313/1516
f 4418/4313/1516 3681/3453/1732 4419/4314/2580
f 4419/4314/2580 3681/3453/1732 3684/3456/1740
f 4419/4314/2580 3684/3456/1740 3687/3459/1081
f 3682/3454/1733 4418/4313/1516 4420/4315/2581
f 3682/3454/1733 4420/4315/2581 3683/3455/1737
f 3683/3455/1737 4420/4315/2581 3695/3467/137
f 3683/3455/1737 3695/3467/137 3685/3457/1739
f 4421/4316/2582 4422/4317/2583 4423/4318/2584
f 2524/4319/1414 2519/4320/1410 4423/4318/2584
f 2723/4321/1524 1697/4322/917 2524/4319/1414
f 2723/4321/1524 2524/4319/1414 4423/4318/2584
f 2723/4321/1524 4423/4318/2584 2722/4323/1523
f 2722/4323/1523 4423/4318/2584 4403/4268/2576
f 2722/4323/1523 4403/4268/2576 1692/4324/943
f 1692/4324/943 4403/4268/2576 2526/4267/1416
f 4403/4268/2576 4423/4318/2584 4424/4325/2585
f 4403/4268/2576 4424/4325/2585 4425/4326/2586
f 4403/4268/2576 4425/4326/2586 4404/4270/2577
f 4404/4270/2577 4425/4326/2586 1047/4271/2578
f 1047/4271/2578 4425/4326/2586 1049/4327/2587
f 1049/4327/2587 4425/4326/2586 1051/4328/1341
f 4424/4325/2585 4423/4318/2584 4426/4329/2588
f 1051/4328/1341 4425/4326/2586 4427/4330/697
f 4427/4330/697 4425/4326/2586 4424/4325/2585
f 1051/4328/1341 4427/4330/697 4428/4331/2178
f 1051/4328/1341 4428/4331/2178 1052/4332/1851
f 4427/4330/697 4424/4325/2585 4429/4333/1094
f 4427/4330/697 4429/4333/1094 4428/4331/2178
f 4429/4333/1094 4424/4325/2585 4426/4329/2588
f 4422/4317/2583 4426/4329/2588 4423/4318/2584
f 1052/4332/1851 4428/4331/2178 4430/4334/1341
f 1052/4332/1851 4430/4334/1341 1053/4335/1851
f 1053/4335/1851 4430/4334/1341 1054/3865/1851
f 1054/3865/1851 4430/4334/1341 4078/3864/1346
f 4430/4334/1341 4428/4331/2178 4431/4336/2589
f 4431/4336/2589 4428/4331/2178 4429/4333/1094
f 4078/3864/1346 4430/4334/1341 4432/4337/2176
f 4432/4337/2176 4430/4334/1341 4431/4336/2589
f 4078/3864/1346 4432/4337/2176 4433/4338/2178
f 4431/4336/2589 4429/4333/1094 4434/4339/1751
f 4434/4339/1751 4429/4333/1094 4426/4329/2588
f 4432/4337/2176 4431/4336/2589 4435/4340/1094
f 4435/4340/1094 4431/4336/2589 4434/4339/1751
f 4432/4337/2176 4435/4340/1094 4433/4338/2178
f 4078/3864/1346 4433/4338/2178 4436/4341/2178
f 4436/4341/2178 4433/4338/2178 4435/4340/1094
f 4078/3864/1346 4436/4341/2178 4084/3871/1346
f 4436/4341/2178 4435/4340/1094 4437/4342/1856
f 4436/4341/2178 4437/4342/1856 4084/3871/1346
f 4437/4342/1856 4435/4340/1094 4434/4339/1751
f 4084/3871/1346 4437/4342/1856 4088/3875/1341
f 4437/4342/1856 4434/4339/1751 4438/4343/2590
f 4437/4342/1856 4438/4343/2590 4088/3875/1341
f 4438/4343/2590 4434/4339/1751 4426/4329/2588
f 4438/4343/2590 4426/4329/2588 4422/4317/2583
f 4088/3875/1341 4438/4343/2590 4439/4344/2554
f 4439/4344/2554 4438/4343/2590 4422/4317/2583
f 4088/3875/1341 4439/4344/2554 4440/4345/2402
f 4088/3875/1341 4440/4345/2402 4085/3872/2356
f 4439/4344/2554 4422/4317/2583 4441/4346/2591
f 4439/4344/2554 4441/4346/2591 4440/4345/2402
f 4441/4346/2591 4422/4317/2583 4421/4316/2582
f 4441/4346/2591 4421/4316/2582 4442/4347/1842
f 4441/4346/2591 4442/4347/1842 4443/4348/899
f 4441/4346/2591 4443/4348/899 4440/4345/2402
f 4443/4348/899 4442/4347/1842 4444/4349/2592
f 4440/4345/2402 4086/3873/2356 4085/3872/2356
f 4443/4348/899 4444/4349/2592 4445/4350/2593
f 4443/4348/899 4445/4350/2593 4440/4345/2402
f 4445/4350/2593 4444/4349/2592 4446/4351/2547
f 4445/4350/2593 4446/4351/2547 4447/4352/2594
f 4440/4345/2402 4445/4350/2593 4448/4353/2595
f 4440/4345/2402 4448/4353/2595 4086/3873/2356
f 4448/4353/2595 4445/4350/2593 4449/4354/2596
f 4448/4353/2595 4449/4354/2596 4086/3873/2356
f 4449/4354/2596 4445/4350/2593 4447/4352/2594
f 4086/3873/2356 4449/4354/2596 4450/4355/2597
f 4086/3873/2356 4450/4355/2597 4090/3877/2360
f 4449/4354/2596 4447/4352/2594 4451/4356/2598
f 4451/4356/2598 4447/4352/2594 4452/4357/2599
f 4450/4355/2597 4449/4354/2596 4453/4358/2600
f 4450/4355/2597 4453/4358/2600 4090/3877/2360
f 4453/4358/2600 4449/4354/2596 4451/4356/2598
f 4451/4356/2598 4452/4357/2599 4454/4359/2170
f 4090/3877/2360 4453/4358/2600 4455/4360/2601
f 4451/4356/2598 4454/4359/2170 4456/4361/2220
f 4451/4356/2598 4456/4361/2220 4453/4358/2600
f 4453/4358/2600 4456/4361/2220 4457/4362/2602
f 4455/4360/2601 4453/4358/2600 4458/4363/2603
f 4458/4363/2603 4453/4358/2600 4457/4362/2602
f 4090/3877/2360 4455/4360/2601 4459/4364/2604
f 4459/4364/2604 4455/4360/2601 4458/4363/2603
f 4090/3877/2360 4459/4364/2604 4094/3881/2363
f 4457/4362/2602 4456/4361/2220 4460/4365/2605
f 4457/4362/2602 4460/4365/2605 4458/4363/2603
f 4461/4366/2200 4456/4361/2220 4454/4359/2170
f 4456/4361/2220 4461/4366/2200 4460/4365/2605
f 4461/4366/2200 4454/4359/2170 4462/4367/1897
f 4458/4363/2603 4460/4365/2605 4463/4368/1280
f 4462/4367/1897 4454/4359/2170 4464/4369/2606
f 4461/4366/2200 4462/4367/1897 4465/4370/2607
f 4460/4365/2605 4461/4366/2200 4466/4371/2608
f 4466/4371/2608 4461/4366/2200 4465/4370/2607
f 4465/4370/2607 4462/4367/1897 4467/4372/2609
f 4465/4370/2607 4467/4372/2609 4466/4371/2608
f 4462/4367/1897 4464/4369/2606 4468/4373/2610
f 4462/4367/1897 4468/4373/2610 4467/4372/2609
f 4467/4372/2609 4468/4373/2610 4469/4374/2611
f 4467/4372/2609 4469/4374/2611 4466/4371/2608
f 4468/4373/2610 4464/4369/2606 4470/4375/2385
f 4471/4376/2612 4460/4365/2605 4466/4371/2608
f 4471/4376/2612 4466/4371/2608 4469/4374/2611
f 4469/4374/2611 4468/4373/2610 4472/4377/2613
f 4472/4377/2613 4468/4373/2610 4470/4375/2385
f 4471/4376/2612 4469/4374/2611 4473/4378/2614
f 4469/4374/2611 4472/4377/2613 4474/4379/2615
f 4469/4374/2611 4474/4379/2615 4473/4378/2614
f 4474/4379/2615 4472/4377/2613 4470/4375/2385
f 4471/4376/2612 4473/4378/2614 4475/4380/2616
f 4475/4380/2616 4473/4378/2614 4474/4379/2615
f 4476/4381/2616 4460/4365/2605 4471/4376/2612
f 4476/4381/2616 4471/4376/2612 4475/4380/2616
f 4460/4365/2605 4476/4381/2616 4463/4368/1280
f 4476/4381/2616 4475/4380/2616 4477/4382/2617
f 4476/4381/2616 4477/4382/2617 4463/4368/1280
f 4477/4382/2617 4475/4380/2616 4474/4379/2615
f 4463/4368/1280 4477/4382/2617 4458/4363/2603
f 4458/4363/2603 4477/4382/2617 4478/4383/2618
f 4478/4383/2618 4477/4382/2617 4474/4379/2615
f 4458/4363/2603 4478/4383/2618 4459/4364/2604
f 4478/4383/2618 4474/4379/2615 4479/4384/2619
f 4479/4384/2619 4474/4379/2615 4470/4375/2385
f 4459/4364/2604 4478/4383/2618 4480/4385/2620
f 4480/4385/2620 4478/4383/2618 4479/4384/2619
f 4480/4385/2620 4479/4384/2619 4470/4375/2385
f 4459/4364/2604 4480/4385/2620 4094/3881/2363
f 4480/4385/2620 4470/4375/2385 4481/4386/1569
f 4481/4386/1569 4470/4375/2385 4464/4369/2606
f 4481/4386/1569 4464/4369/2606 4482/4387/2621
f 4481/4386/1569 4482/4387/2621 4483/4388/2622
f 4480/4385/2620 4481/4386/1569 4484/4389/2623
f 4484/4389/2623 4481/4386/1569 4483/4388/2622
f 4094/3881/2363 4480/4385/2620 4485/4390/2624
f 4485/4390/2624 4480/4385/2620 4484/4389/2623
f 4484/4389/2623 4483/4388/2622 4486/4391/2625
f 4484/4389/2623 4486/4391/2625 4485/4390/2624
f 4486/4391/2625 4483/4388/2622 4487/4392/2626
f 4094/3881/2363 4485/4390/2624 4488/4393/2627
f 4094/3881/2363 4488/4393/2627 4091/3878/2361
f 4485/4390/2624 4486/4391/2625 4489/4394/2628
f 4485/4390/2624 4489/4394/2628 4488/4393/2627
f 4091/3878/2361 4488/4393/2627 4490/4395/2629
f 4490/4395/2629 4488/4393/2627 4491/4396/2630
f 4491/4396/2630 4488/4393/2627 4492/4397/2631
f 4492/4397/2631 4488/4393/2627 4489/4394/2628
f 4492/4397/2631 4489/4394/2628 4486/4391/2625
f 4492/4397/2631 4486/4391/2625 4493/4398/2632
f 4493/4398/2632 4486/4391/2625 4487/4392/2626
f 4493/4398/2632 4487/4392/2626 4494/4399/2633
f 4493/4398/2632 4494/4399/2633 2476/4400/1376
f 4493/4398/2632 2476/4400/1376 4495/4401/2634
f 4493/4398/2632 4495/4401/2634 4496/4402/905
f 4497/4403/2635 4498/4404/2635 4499/4405/2636
f 4499/4405/2636 4498/4404/2635 4500/4406/2636
f 4499/4405/2636 4500/4406/2636 4501/4407/2637
f 4501/4407/2637 4500/4406/2636 4502/4408/2638
f 4501/4407/2637 4502/4408/2638 4503/4409/878
f 4503/4409/878 4502/4408/2638 4504/4410/2639
f 4503/4409/878 4504/4410/2639 4505/4411/361
f 4505/4411/361 4504/4410/2639 4506/4412/361
f 4505/4411/361 4506/4412/361 4507/4413/2640
f 4507/4413/2640 4506/4412/361 4508/4414/2640
f 4507/4413/2640 4508/4414/2640 4509/4415/2641
f 4509/4415/2641 4508/4414/2640 4510/4416/2641
f 4509/4415/2641 4510/4416/2641 4511/4417/2642
f 4511/4417/2642 4510/4416/2641 4512/4418/2642
f 3599/3361/2059 3597/3359/2058 4513/4419/2544
f 4513/4419/2544 3597/3359/2058 3612/3376/417
f 4513/4419/2544 3612/3376/417 3613/3378/2071
f 3613/3378/2071 3612/3376/417 3611/3375/2070
f 3612/3376/417 3597/3359/2058 3596/3358/2057
f 3612/3376/417 3596/3358/2057 3601/3363/2061
f 3595/3357/947 3610/4420/2069 3596/3358/2057
f 3596/3358/2057 3610/4420/2069 3602/3364/2062
f 3602/3364/2062 3610/4420/2069 4514/4421/2643
f 3602/3364/2062 4514/4421/2643 3604/3366/2064
f 3604/3366/2064 4514/4421/2643 4515/4422/2204
f 3604/3366/2064 4515/4422/2204 3606/3368/2066
f 3606/3368/2066 4515/4422/2204 3623/4423/417
f 3606/3368/2066 3623/4423/417 3616/3381/2074
f 3616/3381/2074 3623/4423/417 3625/3396/2080
f 3616/3381/2074 3625/3396/2080 3619/3384/2076
f 3620/3385/2077 3619/3384/2076 3629/3398/2082
f 3620/3385/2077 3629/3398/2082 3622/3387/2069
f 3622/3387/2069 3629/3398/2082 3630/3400/379
f 3622/3387/2069 3630/3400/379 4516/4424/2644
f 4516/4424/2644 3630/3400/379 3599/3402/2059
f 3622/3387/2069 4516/4424/2644 3624/3389/2079
f 4516/4424/2644 3599/3402/2059 4513/4425/2544
f 3624/3389/2079 4516/4424/2644 3627/3392/2081
f 3627/3392/2081 4516/4424/2644 4513/4425/2544
f 3627/3392/2081 4513/4425/2544 3613/3394/2071
f 1849/4426/2645 1855/4427/2646 4517/4428/2645
f 2197/4429/2647 1855/4427/2646 1931/4430/2648
f 1931/4430/2648 1855/4427/2646 1856/4431/2648
f 1931/4430/2648 1856/4431/2648 1857/4432/2649
f 1931/4430/2648 1857/4432/2649 1932/4433/2649
f 1932/4433/2649 1857/4432/2649 2180/4434/2650
f 2180/4434/2650 1857/4432/2649 1858/4435/2651
f 2180/4434/2650 1858/4435/2651 1859/4436/2652
f 2180/4434/2650 1859/4436/2652 2178/4437/2653
f 2178/4437/2653 1859/4436/2652 2173/4438/1305
f 2173/4438/1305 1859/4436/2652 1860/4439/1894
f 2173/4438/1305 1860/4439/1894 1861/4440/1872
f 2173/4438/1305 1861/4440/1872 2172/2961/1872
f 2172/2961/1872 1861/4440/1872 1862/4441/2654
f 2172/2961/1872 1862/4441/2654 1863/2962/1873
f 2167/4442/2655 2171/2963/1874 1863/2962/1873
f 2167/4442/2655 1863/2962/1873 2165/4443/2656
f 2165/4443/2656 1863/2962/1873 1864/4444/2657
f 2327/4445/1315 4518/4446/2658 2330/4447/1317
f 2330/4447/1317 4518/4446/2658 4017/4448/2325
f 4017/4448/2325 4518/4446/2658 4519/4449/1587
f 4017/4448/2325 4519/4449/1587 4520/4450/1034
f 4017/4448/2325 4520/4450/1034 4018/4451/2326
f 4018/4451/2326 4520/4450/1034 4019/4452/1036
f 4019/4452/1036 4520/4450/1034 4521/4453/1025
f 4019/4452/1036 4521/4453/1025 4020/4454/1625
f 4020/4454/1625 4521/4453/1025 4522/4455/927
f 4020/4454/1625 4522/4455/927 4523/4456/430
f 4020/4454/1625 4523/4456/430 4021/4457/969
f 4021/4457/969 4523/4456/430 4022/4458/2327
f 4022/4458/2327 4523/4456/430 4524/4459/2659
f 4022/4458/2327 4524/4459/2659 4525/4460/2054
f 4022/4458/2327 4525/4460/2054 2370/4461/1057
f 2370/4461/1057 4525/4460/2054 2369/4462/1338
f 2369/4462/1338 4525/4460/2054 4526/4463/2660
f 4527/4464/2661 4528/4465/1731 4529/4466/2662
f 4528/4465/1731 4527/4464/2661 4530/4467/2663
f 4527/4464/2661 4529/4466/2662 4531/4468/2664
f 4527/4464/2661 4531/4468/2664 4530/4467/2663
f 4529/4466/2662 4528/4465/1731 4532/4469/2665
f 4529/4466/2662 4532/4469/2665 4533/4470/2666
f 4531/4468/2664 4529/4466/2662 4534/4471/2667
f 4534/4471/2667 4529/4466/2662 4533/4470/2666
f 4533/4470/2666 4532/4469/2665 4535/4472/2668
f 4534/4471/2667 4533/4470/2666 4536/4473/2669
f 4533/4470/2666 4535/4472/2668 4537/4474/2670
f 4533/4470/2666 4537/4474/2670 4536/4473/2669
f 4534/4471/2667 4536/4473/2669 4538/4475/2671
f 4537/4474/2670 4535/4472/2668 4539/4476/2672
f 4534/4471/2667 4538/4475/2671 4540/4477/2673
f 4534/4471/2667 4540/4477/2673 4531/4468/2664
f 4540/4477/2673 4538/4475/2671 4541/4478/2674
f 4541/4478/2674 4538/4475/2671 4542/4479/2675
f 4540/4477/2673 4541/4478/2674 4543/4480/88
f 4542/4479/2675 4538/4475/2671 4544/4481/2676
f 4544/4481/2676 4538/4475/2671 4536/4473/2669
f 4542/4479/2675 4544/4481/2676 4545/4482/2677
f 4531/4468/2664 4540/4477/2673 4546/4483/2678
f 4546/4483/2678 4540/4477/2673 4543/4480/88
f 4546/4483/2678 4543/4480/88 4547/4484/2679
f 4546/4483/2678 4547/4484/2679 4531/4468/2664
f 4547/4484/2679 4543/4480/88 4548/4485/1414
f 4547/4484/2679 4548/4485/1414 834/732/2680
f 834/732/2680 4548/4485/1414 838/736/2681
f 4531/4468/2664 4547/4484/2679 4549/4486/2682
f 4549/4486/2682 4547/4484/2679 834/732/2680
f 4549/4486/2682 834/732/2680 832/730/2683
f 4531/4468/2664 4549/4486/2682 4530/4467/2663
f 4549/4486/2682 832/730/2683 828/726/2684
f 4549/4486/2682 828/726/2684 4530/4467/2663
f 4530/4467/2663 828/726/2684 4550/4487/1616
f 4550/4487/1616 828/726/2684 826/724/2685
f 4550/4487/1616 826/724/2685 822/720/2686
f 4530/4467/2663 4550/4487/1616 4528/4465/1731
f 4550/4487/1616 822/720/2686 4551/4488/2687
f 4550/4487/1616 4551/4488/2687 4528/4465/1731
f 4551/4488/2687 822/720/2686 4552/4489/2688
f 4552/4489/2688 822/720/2686 819/714/2689
f 4552/4489/2688 819/714/2689 817/712/1606
f 4528/4465/1731 4551/4488/2687 4553/4490/2690
f 4554/4491/2691 817/712/1606 748/716/2692
f 817/712/1606 4554/4491/2691 4555/4492/1607
f 817/712/1606 4555/4492/1607 4552/4489/2688
f 4555/4492/1607 4554/4491/2691 4556/4493/2693
f 4557/4494/2694 4551/4488/2687 4552/4489/2688
f 4551/4488/2687 4557/4494/2694 4553/4490/2690
f 4557/4494/2694 4552/4489/2688 4555/4492/1607
f 4555/4492/1607 4556/4493/2693 4558/4495/2695
f 4555/4492/1607 4558/4495/2695 4557/4494/2694
f 4558/4495/2695 4556/4493/2693 4559/4496/2696
f 4558/4495/2695 4559/4496/2696 4557/4494/2694
f 4559/4496/2696 4556/4493/2693 4560/4497/1
f 4553/4490/2690 4557/4494/2694 4561/4498/2697
f 4553/4490/2690 4561/4498/2697 4528/4465/1731
f 4528/4465/1731 4561/4498/2697 4532/4469/2665
f 4561/4498/2697 4557/4494/2694 4562/4499/1690
f 4562/4499/1690 4557/4494/2694 4559/4496/2696
f 4532/4469/2665 4561/4498/2697 4563/4500/2698
f 4563/4500/2698 4561/4498/2697 4562/4499/1690
f 4532/4469/2665 4563/4500/2698 4535/4472/2668
f 4564/4501/2696 4559/4496/2696 4560/4497/1
f 4559/4496/2696 4564/4501/2696 4562/4499/1690
f 4564/4501/2696 4560/4497/1 4565/4502/1
f 4563/4500/2698 4562/4499/1690 4566/4503/232
f 4566/4503/232 4562/4499/1690 4564/4501/2696
f 4535/4472/2668 4563/4500/2698 4567/4504/2699
f 4567/4504/2699 4563/4500/2698 4566/4503/232
f 4535/4472/2668 4567/4504/2699 4539/4476/2672
f 4564/4501/2696 4565/4502/1 4568/4505/2700
f 4564/4501/2696 4568/4505/2700 4566/4503/232
f 4568/4505/2700 4565/4502/1 580/4506/2
f 4567/4504/2699 4566/4503/232 4569/4507/2701
f 4569/4507/2701 4566/4503/232 4568/4505/2700
f 4568/4505/2700 580/4506/2 4570/4508/18
f 4568/4505/2700 4570/4508/18 4569/4507/2701
f 4570/4508/18 580/4506/2 579/4509/282
f 4570/4508/18 579/4509/282 577/4510/281
f 4569/4507/2701 4570/4508/18 4571/4511/2702
f 4567/4504/2699 4569/4507/2701 4572/4512/2703
f 4572/4512/2703 4569/4507/2701 4571/4511/2702
f 4567/4504/2699 4572/4512/2703 4539/4476/2672
f 4571/4511/2702 4570/4508/18 4573/4513/2704
f 4571/4511/2702 4573/4513/2704 4572/4512/2703
f 4570/4508/18 577/4510/281 4574/4514/2705
f 4570/4508/18 4574/4514/2705 4573/4513/2704
f 4574/4514/2705 577/4510/281 576/4515/280
f 4574/4514/2705 576/4515/280 4575/4516/822
f 4574/4514/2705 4575/4516/822 4576/4517/785
f 4574/4514/2705 4576/4517/785 4573/4513/2704
f 4573/4513/2704 4576/4517/785 4577/4518/2706
f 4573/4513/2704 4577/4518/2706 4572/4512/2703
f 4577/4518/2706 4576/4517/785 4578/4519/2707
f 4577/4518/2706 4578/4519/2707 4579/4520/2708
f 4572/4512/2703 4577/4518/2706 4580/4521/1784
f 4580/4521/1784 4577/4518/2706 4579/4520/2708
f 4572/4512/2703 4580/4521/1784 4581/4522/2709
f 4572/4512/2703 4581/4522/2709 4539/4476/2672
f 4580/4521/1784 4579/4520/2708 4582/4523/2710
f 4582/4523/2710 4579/4520/2708 4583/4524/2711
f 4582/4523/2710 4583/4524/2711 4584/4525/2712
f 4539/4476/2672 4581/4522/2709 4585/4526/2713
f 4585/4526/2713 4581/4522/2709 4580/4521/1784
f 4585/4526/2713 4580/4521/1784 4582/4523/2710
f 4539/4476/2672 4585/4526/2713 4537/4474/2670
f 4582/4523/2710 4584/4525/2712 4586/4527/2714
f 4582/4523/2710 4586/4527/2714 4585/4526/2713
f 4537/4474/2670 4585/4526/2713 4587/4528/2715
f 4537/4474/2670 4587/4528/2715 4536/4473/2669
f 4536/4473/2669 4587/4528/2715 4544/4481/2676
f 4587/4528/2715 4585/4526/2713 4588/4529/2716
f 4588/4529/2716 4585/4526/2713 4586/4527/2714
f 4544/4481/2676 4587/4528/2715 4589/4530/2717
f 4589/4530/2717 4587/4528/2715 4588/4529/2716
f 4589/4530/2717 4588/4529/2716 4586/4527/2714
f 4544/4481/2676 4589/4530/2717 4545/4482/2677
f 4545/4482/2677 4589/4530/2717 4590/4531/2718
f 4590/4531/2718 4589/4530/2717 4591/4532/2719
f 4589/4530/2717 4586/4527/2714 4592/4533/2720
f 4589/4530/2717 4592/4533/2720 4591/4532/2719
f 4592/4533/2720 4586/4527/2714 4584/4525/2712
f 4591/4532/2719 4592/4533/2720 4593/4534/929
f 4592/4533/2720 4584/4525/2712 4594/4535/2721
f 4592/4533/2720 4594/4535/2721 4593/4534/929
f 4595/4536/287 4596/4537/2722 4597/4538/2596
f 4598/4539/1966 4597/4538/2596 4599/4540/508
f 4599/4540/508 4597/4538/2596 4600/4541/2723
f 4599/4540/508 4600/4541/2723 4601/4542/2724
f 4599/4540/508 4601/4542/2724 4602/4543/688
f 4602/4543/688 4601/4542/2724 4603/4544/2725
f 4603/4544/2725 4601/4542/2724 4604/4545/2726
f 4603/4544/2725 4604/4545/2726 4605/4546/2727
f 4603/4544/2725 4605/4546/2727 4606/4547/2728
f 4605/4546/2727 4604/4545/2726 4607/4548/2729
f 4605/4546/2727 4607/4548/2729 4608/4549/541
f 4608/4549/541 4607/4548/2729 4609/4550/2730
f 4608/4549/541 4609/4550/2730 4610/4551/2731
f 4610/4551/2731 4609/4550/2730 4611/4552/2732
f 4611/4552/2732 4609/4550/2730 4612/4553/2733
f 4611/4552/2732 4612/4553/2733 4613/4554/2734
f 4611/4552/2732 4613/4554/2734 4614/4555/2735
f 4614/4555/2735 4613/4554/2734 4615/4556/2736
f 4615/4556/2736 4613/4554/2734 4616/4557/2737
f 4616/4557/2737 4613/4554/2734 4444/4558/2592
f 4444/4558/2592 4613/4554/2734 4617/4559/2738
f 4615/4556/2736 4616/4557/2737 4618/4560/288
f 4618/4560/288 4616/4557/2737 4444/4558/2592
f 4615/4556/2736 4618/4560/288 4619/4561/2739
f 4618/4560/288 4444/4558/2592 2516/4562/1408
f 4373/4214/2557 220/4213/325 4620/4563/2740
f 4620/4563/2740 220/4213/325 217/4564/380
f 4373/4214/2557 4620/4563/2740 4621/4565/2741
f 4373/4214/2557 4621/4565/2741 4375/4217/2559
f 4375/4217/2559 4621/4565/2741 528/441/622
f 4375/4217/2559 528/441/622 500/409/625
f 528/441/622 4621/4565/2741 530/443/1475
f 530/443/1475 4621/4565/2741 4622/4566/2742
f 4622/4566/2742 4621/4565/2741 4620/4563/2740
f 530/443/1475 4622/4566/2742 532/445/1093
f 4623/4567/1503 4620/4563/2740 217/4564/380
f 4620/4563/2740 4623/4567/1503 4622/4566/2742
f 4623/4567/1503 217/4564/380 218/4568/386
f 532/445/1093 4622/4566/2742 4624/4569/2743
f 4624/4569/2743 4622/4566/2742 4623/4567/1503
f 532/445/1093 4624/4569/2743 534/447/398
f 4623/4567/1503 218/4568/386 4625/4570/2744
f 4623/4567/1503 4625/4570/2744 4624/4569/2743
f 4625/4570/2744 218/4568/386 210/4571/392
f 534/447/398 4624/4569/2743 4626/4572/2745
f 4626/4572/2745 4624/4569/2743 4625/4570/2744
f 534/447/398 4626/4572/2745 536/449/695
f 4625/4570/2744 210/4571/392 4627/4573/2392
f 4625/4570/2744 4627/4573/2392 4626/4572/2745
f 4627/4573/2392 210/4571/392 209/4574/1986
f 536/449/695 4626/4572/2745 4628/4575/2746
f 4628/4575/2746 4626/4572/2745 4627/4573/2392
f 536/449/695 4628/4575/2746 538/451/701
f 4627/4573/2392 209/4574/1986 4629/4576/2747
f 4627/4573/2392 4629/4576/2747 4628/4575/2746
f 4629/4576/2747 209/4574/1986 205/4577/2612
f 538/451/701 4628/4575/2746 4630/4578/416
f 4630/4578/416 4628/4575/2746 4629/4576/2747
f 538/451/701 4630/4578/416 540/453/707
f 4629/4576/2747 205/4577/2612 4631/4579/2748
f 4629/4576/2747 4631/4579/2748 4630/4578/416
f 4631/4579/2748 205/4577/2612 204/4580/2356
f 540/453/707 4630/4578/416 4632/4581/2749
f 4632/4581/2749 4630/4578/416 4631/4579/2748
f 540/453/707 4632/4581/2749 542/455/712
f 542/455/712 4632/4581/2749 4633/4582/2750
f 4632/4581/2749 4631/4579/2748 4634/4583/2444
f 4634/4583/2444 4631/4579/2748 204/4580/2356
f 4632/4581/2749 4634/4583/2444 4633/4582/2750
f 4634/4583/2444 204/4580/2356 206/4584/707
f 4633/4582/2750 4634/4583/2444 4635/4585/2751
f 4635/4585/2751 4634/4583/2444 206/4584/707
f 4635/4585/2751 206/4584/707 207/4586/712
f 4636/612/361 4637/613/361 4638/614/2097
f 4638/614/2097 4637/613/361 4639/615/2097
f 4637/613/361 4636/612/361 4640/616/361
f 4639/615/2097 4637/613/361 4641/617/2097
f 4637/613/361 4640/616/361 4642/618/878
f 4641/617/2097 4637/613/361 4643/619/361
f 4637/613/361 4642/618/878 4644/620/878
f 4643/619/361 4637/613/361 4645/621/361
f 4637/613/361 4644/620/878 4646/622/361
f 4637/613/361 4646/622/361 4645/621/361
f 1231/4587/600 439/4588/203 4647/4589/2752
f 4647/4589/2752 439/4588/203 436/4590/201
f 4647/4589/2752 436/4590/201 407/4591/176
f 4647/4589/2752 407/4591/176 4648/4592/2753
f 4647/4589/2752 4648/4592/2753 1231/4587/600
f 1231/4587/600 4648/4592/2753 1232/4593/601
f 4649/592/137 1147/593/137 1742/594/137
f 1742/594/137 1147/593/137 1145/595/137
f 1181/873/137 1180/874/137 1711/875/137
f 1711/875/137 1180/874/137 4650/876/137
f 4651/3535/2754 3774/3535/2167 3772/3533/2166
f 4651/3535/2754 3772/3533/2166 4652/4594/2755
f 4652/4594/2755 3772/3533/2166 3775/3536/2168
f 3774/3535/2167 4651/3535/2754 4653/4595/2756
f 3774/3535/2167 4653/4595/2756 3776/3537/2169
f 4651/3535/2754 4652/4594/2755 4654/4596/2757
f 4652/4594/2755 3775/3536/2168 4655/4597/2758
f 4652/4594/2755 4655/4597/2758 4654/4596/2757
f 4655/4597/2758 3775/3536/2168 4656/4598/2759
f 4656/4598/2759 3775/3536/2168 4657/4599/2760
f 4654/4596/2757 4655/4597/2758 4658/4600/2761
f 4658/4600/2761 4655/4597/2758 4656/4598/2759
f 4651/3535/2754 4654/4596/2757 4659/4595/2762
f 4651/3535/2754 4659/4595/2762 4653/4595/2756
f 4654/4596/2757 4658/4600/2761 4660/4601/2763
f 4654/4596/2757 4660/4601/2763 4659/4595/2762
f 4658/4600/2761 4656/4598/2759 4661/4602/2764
f 4658/4600/2761 4661/4602/2764 4660/4601/2763
f 4661/4602/2764 4656/4598/2759 4662/4603/2765
f 4661/4602/2764 4662/4603/2765 4660/4601/2763
f 4662/4603/2765 4656/4598/2759 4657/4599/2760
f 4662/4603/2765 4657/4599/2760 4663/4604/2415
f 4660/4601/2763 4662/4603/2765 4664/4605/2766
f 4660/4601/2763 4664/4605/2766 4659/4595/2762
f 4662/4603/2765 4663/4604/2415 324/229/146
f 4662/4603/2765 324/229/146 4664/4605/2766
f 324/229/146 4663/4604/2415 326/231/147
f 4659/4595/2762 4664/4605/2766 4665/4606/2745
f 4665/4606/2745 4664/4605/2766 324/229/146
f 4659/4595/2762 4665/4606/2745 4653/4595/2756
f 4665/4606/2745 324/229/146 4666/4607/2169
f 4665/4606/2745 4666/4607/2169 4653/4595/2756
f 4666/4607/2169 324/229/146 321/226/145
f 4653/4595/2756 4666/4607/2169 3776/3537/2169
f 4666/4607/2169 321/226/145 4667/4608/2767
f 4666/4607/2169 4667/4608/2767 3776/3537/2169
f 4667/4608/2767 321/226/145 319/224/144
f 3776/3537/2169 4667/4608/2767 3777/3538/2170
f 4667/4608/2767 319/224/144 3878/3614/2768
f 4667/4608/2767 3878/3614/2768 3777/3538/2170
f 4668/4609/1986 4669/4610/1366 4670/4611/611
f 4670/4611/611 4669/4610/1366 4671/4612/611
f 4669/4610/1366 4668/4609/1986 4672/4613/1986
f 4671/4612/611 4669/4610/1366 4673/4614/611
f 4669/4610/1366 4672/4613/1986 4674/4615/1366
f 4673/4614/611 4669/4610/1366 4675/4616/398
f 4669/4610/1366 4674/4615/1366 4676/4617/1366
f 4675/4616/398 4669/4610/1366 4677/4618/398
f 4669/4610/1366 4676/4617/1366 4678/4619/398
f 4669/4610/1366 4678/4619/398 4677/4618/398
f 1836/4620/992 4340/4172/2769 1837/1481/993
f 4340/4172/2769 1836/4620/992 4679/4621/2769
f 4340/4172/2769 4679/4621/2769 4345/4177/2770
f 4345/4177/2770 4679/4621/2769 4680/4622/2770
f 4345/4177/2770 4680/4622/2770 4344/4176/2771
f 4344/4176/2771 4680/4622/2770 4681/4623/2772
f 4682/4624/2773 4683/4625/2774 4684/4626/2775
f 4684/4626/2775 4683/4625/2774 4685/4627/2776
f 4682/4624/2773 4684/4626/2775 4686/4628/2777
f 4685/4627/2776 4683/4625/2774 4687/4629/2778
f 4685/4627/2776 4687/4629/2778 4688/4630/2779
f 4688/4630/2779 4687/4629/2778 4689/4631/2780
f 4682/4624/2773 4686/4628/2777 4690/4632/2781
f 4690/4632/2781 4686/4628/2777 4691/4633/2782
f 4692/4634/398 4683/4625/2774 4682/4624/2773
f 4682/4624/2773 4690/4632/2781 4693/4635/392
f 4682/4624/2773 4693/4635/392 4692/4634/398
f 4690/4632/2781 4691/4633/2782 4694/4636/797
f 4693/4635/392 4690/4632/2781 4695/4637/386
f 4695/4637/386 4690/4632/2781 4694/4636/797
f 4694/4636/797 4691/4633/2782 4696/4638/2228
f 4696/4638/2228 4691/4633/2782 4697/4639/2783
f 4695/4637/386 4694/4636/797 194/2679/622
f 194/2679/622 4694/4636/797 4696/4638/2228
f 4695/4637/386 194/2679/622 3022/2677/1679
f 4696/4638/2228 4697/4639/2783 3053/2716/1708
f 194/2679/622 4696/4638/2228 192/4640/622
f 4696/4638/2228 3053/2716/1708 3052/2715/1707
f 192/4640/622 4696/4638/2228 196/2717/325
f 196/2717/325 4696/4638/2228 3052/2715/1707
f 4695/4637/386 3022/2677/1679 4698/4641/2018
f 4695/4637/386 4698/4641/2018 4693/4635/392
f 4698/4641/2018 3022/2677/1679 173/85/1678
f 4698/4641/2018 173/85/1678 171/83/2784
f 4693/4635/392 4698/4641/2018 4699/4642/2430
f 4699/4642/2430 4698/4641/2018 171/83/2784
f 4693/4635/392 4699/4642/2430 4692/4634/398
f 4699/4642/2430 171/83/2784 169/81/2785
f 4699/4642/2430 169/81/2785 4700/4643/2433
f 4699/4642/2430 4700/4643/2433 4692/4634/398
f 4700/4643/2433 169/81/2785 167/79/2786
f 4692/4634/398 4700/4643/2433 4701/4644/2612
f 4692/4634/398 4701/4644/2612 4683/4625/2774
f 4700/4643/2433 167/79/2786 4702/4645/372
f 4700/4643/2433 4702/4645/372 4701/4644/2612
f 4702/4645/372 167/79/2786 165/77/2787
f 4683/4625/2774 4701/4644/2612 4687/4629/2778
f 4701/4644/2612 4702/4645/372 4703/4646/701
f 4701/4644/2612 4703/4646/701 4687/4629/2778
f 4702/4645/372 165/77/2787 4704/4647/2437
f 4702/4645/372 4704/4647/2437 4703/4646/701
f 4704/4647/2437 165/77/2787 163/75/2788
f 4687/4629/2778 4703/4646/701 239/4648/707
f 239/4648/707 4703/4646/701 4704/4647/2437
f 239/4648/707 4704/4647/2437 4705/4649/2789
f 4705/4649/2789 4704/4647/2437 163/75/2788
f 4705/4649/2789 163/75/2788 158/70/2790
f 4687/4629/2778 239/4648/707 237/4650/707
f 4687/4629/2778 237/4650/707 4706/4651/2791
f 4687/4629/2778 4706/4651/2791 4689/4631/2780
f 4706/4651/2791 237/4650/707 4707/4652/2792
f 4706/4651/2791 4707/4652/2792 4689/4631/2780
f 4707/4652/2792 237/4650/707 235/4653/712
f 4689/4631/2780 4707/4652/2792 4708/4654/2793
f 4638/614/2794 645/879/338 4636/612/1242
f 4636/612/1242 645/879/338 643/880/337
f 645/879/338 4638/614/2794 647/882/340
f 4636/612/1242 643/880/337 4640/616/2795
f 647/882/340 4638/614/2794 4639/615/2526
f 4640/616/2795 643/880/337 641/881/335
f 647/882/340 4639/615/2526 649/883/342
f 4640/616/2795 641/881/335 4642/618/2796
f 649/883/342 4639/615/2526 4641/617/2797
f 4642/618/2796 641/881/335 639/975/333
f 649/883/342 4641/617/2797 651/979/344
f 4642/618/2796 639/975/333 4644/620/2798
f 651/979/344 4641/617/2797 4643/619/2799
f 4644/620/2798 639/975/333 637/976/331
f 651/979/344 4643/619/2799 633/978/327
f 4644/620/2798 637/976/331 4646/622/2800
f 633/978/327 4643/619/2799 4645/621/2801
f 4646/622/2800 637/976/331 635/977/329
f 633/978/327 4645/621/2801 635/977/329
f 635/977/329 4645/621/2801 4646/622/2800
f 4670/4611/2802 4709/4655/2803 4668/4609/2804
f 4668/4609/2804 4709/4655/2803 4710/4656/2805
f 4709/4655/2803 4670/4611/2802 4711/4657/2806
f 4668/4609/2804 4710/4656/2805 4672/4613/2807
f 4711/4657/2806 4670/4611/2802 4671/4612/2808
f 4672/4613/2807 4710/4656/2805 4712/4658/2809
f 4711/4657/2806 4671/4612/2808 4713/4659/2810
f 4672/4613/2807 4712/4658/2809 4674/4615/2811
f 4713/4659/2810 4671/4612/2808 4673/4614/2812
f 4674/4615/2811 4712/4658/2809 4714/4660/2076
f 4713/4659/2810 4673/4614/2812 4715/4661/2813
f 4674/4615/2811 4714/4660/2076 4676/4617/2814
f 4715/4661/2813 4673/4614/2812 4675/4616/2815
f 4676/4617/2814 4714/4660/2076 4716/4662/2816
f 4715/4661/2813 4675/4616/2815 4717/4663/2817
f 4676/4617/2814 4716/4662/2816 4678/4619/2574
f 4717/4663/2817 4675/4616/2815 4677/4618/2818
f 4678/4619/2574 4716/4662/2816 4718/4664/2819
f 4717/4663/2817 4677/4618/2818 4718/4664/2819
f 4718/4664/2819 4677/4618/2818 4678/4619/2574
f 4719/4665/157 4308/4109/2820 4306/4107/157
f 4308/4109/2820 4719/4665/157 4720/4666/2820
f 4308/4109/2820 4720/4666/2820 4309/4110/1963
f 4309/4110/1963 4720/4666/2820 4721/4667/1963
f 4309/4110/1963 4721/4667/1963 1879/1524/149
f 1879/1524/149 4721/4667/1963 1877/4668/149
f 2198/1840/1324 1762/1391/1272 2197/1839/1324
f 2197/1839/1324 1762/1391/1272 4517/4669/382
f 4517/4669/382 1762/1391/1272 1849/1494/1070
f 1849/1494/1070 1762/1391/1272 1847/1492/1095
f 1847/1492/1095 1762/1391/1272 1761/1390/1040
f 1847/1492/1095 1761/1390/1040 1757/4670/621
f 1757/4670/621 1761/1390/1040 1459/1186/2821
f 1757/4670/621 1459/1186/2821 1458/1185/2821
f 4722/4671/2822 573/486/277 4723/4672/2823
f 574/487/278 573/486/277 575/488/279
f 4722/4671/2822 4723/4672/2823 4724/4673/787
f 4723/4672/2823 573/486/277 572/485/276
f 578/491/45 572/485/276 574/487/278
f 572/485/276 578/491/45 4725/4674/2824
f 4723/4672/2823 572/485/276 4726/4675/2722
f 4726/4675/2722 572/485/276 4725/4674/2824
f 4724/4673/787 4723/4672/2823 4727/4676/2825
f 4727/4676/2825 4723/4672/2823 4726/4675/2722
f 4724/4673/787 4727/4676/2825 4728/4677/2826
f 4724/4673/787 4728/4677/2826 4729/4678/2827
f 4729/4678/2827 4728/4677/2826 4730/4679/2828
f 4731/4680/2829 4725/4674/2824 578/491/45
f 4725/4674/2824 4731/4680/2829 4726/4675/2722
f 4727/4676/2825 4726/4675/2722 4732/4681/2830
f 4731/4680/2829 578/491/45 4733/4682/11
f 4733/4682/11 578/491/45 580/493/2
f 4733/4682/11 580/493/2 4565/4683/1
f 4727/4676/2825 4732/4681/2830 4734/4684/2831
f 4727/4676/2825 4734/4684/2831 4728/4677/2826
f 4732/4681/2830 4726/4675/2722 4735/4685/2832
f 4732/4681/2830 4735/4685/2832 4734/4684/2831
f 4735/4685/2832 4726/4675/2722 4736/4686/2833
f 4736/4686/2833 4726/4675/2722 4731/4680/2829
f 4737/4687/2834 4731/4680/2829 4733/4682/11
f 4731/4680/2829 4737/4687/2834 4736/4686/2833
f 4738/4688/2835 4733/4682/11 4565/4683/1
f 4733/4682/11 4738/4688/2835 4737/4687/2834
f 4738/4688/2835 4565/4683/1 4560/4689/1
f 4738/4688/2835 4560/4689/1 4739/4690/2835
f 4739/4690/2835 4560/4689/1 4556/4691/2693
f 4737/4687/2834 4738/4688/2835 4740/4692/2836
f 4740/4692/2836 4738/4688/2835 4739/4690/2835
f 4741/4693/2837 4736/4686/2833 4737/4687/2834
f 4741/4693/2837 4737/4687/2834 4740/4692/2836
f 4739/4690/2835 4556/4691/2693 4742/4694/2396
f 4736/4686/2833 4741/4693/2837 4743/4695/2838
f 4736/4686/2833 4743/4695/2838 4735/4685/2832
f 4740/4692/2836 4739/4690/2835 4744/4696/2839
f 4744/4696/2839 4739/4690/2835 4742/4694/2396
f 4742/4694/2396 4556/4691/2693 4745/4697/2035
f 4742/4694/2396 4745/4697/2035 4744/4696/2839
f 4745/4697/2035 4556/4691/2693 4554/4698/2691
f 4745/4697/2035 4554/4698/2691 747/642/2027
f 747/642/2027 4554/4698/2691 748/643/2692
f 4745/4697/2035 747/642/2027 4746/4699/2840
f 4745/4697/2035 4746/4699/2840 4744/4696/2839
f 4746/4699/2840 747/642/2027 745/640/2841
f 4746/4699/2840 745/640/2841 744/639/1512
f 4744/4696/2839 4746/4699/2840 4747/4700/2842
f 4747/4700/2842 4746/4699/2840 744/639/1512
f 4744/4696/2839 4747/4700/2842 4748/4701/2843
f 4749/4702/2844 4740/4692/2836 4744/4696/2839
f 4749/4702/2844 4744/4696/2839 4748/4701/2843
f 4740/4692/2836 4749/4702/2844 4741/4693/2837
f 4748/4701/2843 4747/4700/2842 4750/4703/1365
f 4748/4701/2843 4750/4703/1365 4749/4702/2844
f 4747/4700/2842 744/639/1512 4751/4704/1362
f 4747/4700/2842 4751/4704/1362 4750/4703/1365
f 4751/4704/1362 744/639/1512 746/641/2845
f 4751/4704/1362 746/641/2845 749/644/2846
f 4741/4693/2837 4749/4702/2844 4752/4705/1368
f 4752/4705/1368 4749/4702/2844 4750/4703/1365
f 4741/4693/2837 4752/4705/1368 4743/4695/2838
f 4750/4703/1365 4751/4704/1362 4753/4706/2203
f 4753/4706/2203 4751/4704/1362 749/644/2846
f 4750/4703/1365 4753/4706/2203 4754/4707/2847
f 4753/4706/2203 749/644/2846 4755/4708/2848
f 4755/4708/2848 749/644/2846 753/648/2849
f 4755/4708/2848 753/648/2849 754/649/2850
f 4753/4706/2203 4755/4708/2848 4756/4709/2851
f 4753/4706/2203 4756/4709/2851 4754/4707/2847
f 4750/4703/1365 4754/4707/2847 4757/4710/2852
f 4750/4703/1365 4757/4710/2852 4752/4705/1368
f 4757/4710/2852 4754/4707/2847 4756/4709/2851
f 4755/4708/2848 754/649/2850 4758/4711/2853
f 4755/4708/2848 4758/4711/2853 4756/4709/2851
f 4758/4711/2853 754/649/2850 4548/4712/1414
f 4548/4712/1414 754/649/2850 838/1204/2681
f 4758/4711/2853 4548/4712/1414 4543/4713/88
f 4756/4709/2851 4758/4711/2853 4759/4714/2854
f 4759/4714/2854 4758/4711/2853 4543/4713/88
f 4759/4714/2854 4543/4713/88 4760/4715/2855
f 4759/4714/2854 4760/4715/2855 4756/4709/2851
f 4760/4715/2855 4543/4713/88 4541/4716/2674
f 4761/4717/2856 4757/4710/2852 4756/4709/2851
f 4761/4717/2856 4756/4709/2851 4760/4715/2855
f 4760/4715/2855 4541/4716/2674 4762/4718/2857
f 4760/4715/2855 4762/4718/2857 4761/4717/2856
f 4762/4718/2857 4541/4716/2674 4542/4719/2675
f 4757/4710/2852 4761/4717/2856 4763/4720/2858
f 4757/4710/2852 4763/4720/2858 4752/4705/1368
f 4752/4705/1368 4763/4720/2858 4743/4695/2838
f 4763/4720/2858 4761/4717/2856 4764/4721/2859
f 4764/4721/2859 4761/4717/2856 4762/4718/2857
f 4743/4695/2838 4763/4720/2858 4765/4722/2860
f 4765/4722/2860 4763/4720/2858 4764/4721/2859
f 4743/4695/2838 4765/4722/2860 4735/4685/2832
f 4766/4723/2861 4762/4718/2857 4542/4719/2675
f 4762/4718/2857 4766/4723/2861 4764/4721/2859
f 4766/4723/2861 4542/4719/2675 4545/4724/2677
f 4735/4685/2832 4765/4722/2860 4734/4684/2831
f 4766/4723/2861 4545/4724/2677 4767/4725/2862
f 4765/4722/2860 4764/4721/2859 4768/4726/2863
f 4768/4726/2863 4764/4721/2859 4766/4723/2861
f 4765/4722/2860 4768/4726/2863 4734/4684/2831
f 4768/4726/2863 4766/4723/2861 4767/4725/2862
f 4734/4684/2831 4768/4726/2863 4769/4727/2864
f 4769/4727/2864 4768/4726/2863 4767/4725/2862
f 4734/4684/2831 4769/4727/2864 4770/4728/2865
f 4770/4728/2865 4769/4727/2864 4767/4725/2862
f 4734/4684/2831 4770/4728/2865 4728/4677/2826
f 4770/4728/2865 4767/4725/2862 4771/4729/2866
f 4728/4677/2826 4770/4728/2865 4730/4679/2828
f 4730/4679/2828 4770/4728/2865 4771/4729/2866
f 4730/4679/2828 4771/4729/2866 4772/4730/2867
f 1106/873/2 1108/874/2 1738/875/2
f 1738/875/2 1108/874/2 4773/876/2
f 4774/592/2 1138/593/2 1709/594/2
f 1709/594/2 1138/593/2 1139/595/2
f 4775/4731/361 1068/1394/563 4776/4732/361
f 4776/4732/361 1068/1394/563 1067/4733/561
f 4776/4732/361 1067/4733/561 855/4734/361
f 855/4734/361 1067/4733/561 856/4735/560
f 4775/4731/361 4776/4732/361 4777/4736/361
f 4775/4731/361 4777/4736/361 4778/4737/2097
f 4778/4737/2097 4777/4736/361 599/4738/2097
f 599/4738/2097 4777/4736/361 444/4739/2097
f 444/4739/2097 4777/4736/361 4779/4740/2868
f 444/4739/2097 4779/4740/2868 445/4741/2869
f 445/4741/2869 4779/4740/2868 442/4742/1428
f 442/4742/1428 4779/4740/2868 4780/4743/1428
f 4407/4277/325 119/4278/325 4781/4744/380
f 4781/4744/380 119/4278/325 120/4745/380
f 4781/4744/380 120/4745/380 4782/4746/386
f 4782/4746/386 120/4745/380 118/4747/386
f 4782/4746/386 118/4747/386 117/4748/2870
f 4782/4746/386 117/4748/2870 4783/4749/2870
f 4783/4749/2870 117/4748/2870 113/4750/1864
f 4783/4749/2870 113/4750/1864 4784/4751/1864
f 4784/4751/1864 113/4750/1864 114/4752/701
f 4784/4751/1864 114/4752/701 4785/4753/701
f 4785/4753/701 114/4752/701 4786/4754/707
f 4786/4754/707 114/4752/701 115/4755/707
f 4786/4754/707 115/4755/707 4787/4756/712
f 4787/4756/712 115/4755/707 111/4757/712
f 4788/4758/280 626/541/280 4789/4759/280
f 4789/4759/280 626/541/280 624/4760/280
f 4789/4759/280 624/4760/280 622/4761/280
f 4789/4759/280 622/4761/280 4790/4762/280
f 4791/4763/611 4792/4764/611 1069/1434/564
f 1069/1434/564 4792/4764/611 1070/4765/565
f 1070/4765/565 4792/4764/611 854/4766/398
f 1070/4765/565 854/4766/398 853/4767/568
f 4792/4764/611 4791/4763/611 4793/4768/611
f 4793/4768/611 4791/4763/611 4794/4769/398
f 4793/4768/611 4794/4769/398 627/4770/398
f 4793/4768/611 627/4770/398 564/4771/398
f 4793/4768/611 564/4771/398 4795/4772/2346
f 4795/4772/2346 564/4771/398 565/4773/2871
f 4795/4772/2346 565/4773/2871 4796/4774/1314
f 4796/4774/1314 565/4773/2871 440/4775/1314
f 4797/4776/2872 4798/4777/2873 4799/4778/2874
f 4797/4776/2872 4799/4778/2874 4800/4779/2706
f 4799/4778/2874 4798/4777/2873 4801/4780/688
f 4799/4778/2874 4801/4780/688 4802/4781/341
f 4799/4778/2874 4802/4781/341 4803/4782/2875
f 4804/4783/2876 4805/4784/2324 4800/4779/2706
f 4804/4783/2876 4800/4779/2706 4799/4778/2874
f 4804/4783/2876 4799/4778/2874 4806/4785/1423
f 4806/4785/1423 4799/4778/2874 4803/4782/2875
f 4803/4782/2875 4802/4781/341 4807/4786/2877
f 4803/4782/2875 4807/4786/2877 4806/4785/1423
f 4807/4786/2877 4802/4781/341 4808/4787/2878
f 4807/4786/2877 4808/4787/2878 4809/4788/2475
f 4810/4789/2879 4805/4784/2324 4804/4783/2876
f 4810/4789/2879 4804/4783/2876 4806/4785/1423
f 4806/4785/1423 4807/4786/2877 4811/4790/2880
f 4805/4784/2324 4810/4789/2879 4812/4791/2881
f 4805/4784/2324 4812/4791/2881 276/186/114
f 4810/4789/2879 4806/4785/1423 4813/4792/2487
f 4813/4792/2487 4806/4785/1423 4811/4790/2880
f 4812/4791/2881 4810/4789/2879 4814/4793/1432
f 4814/4793/1432 4810/4789/2879 4813/4792/2487
f 276/186/114 4812/4791/2881 4815/4794/2882
f 276/186/114 4815/4794/2882 275/185/113
f 4815/4794/2882 4812/4791/2881 4816/4795/2883
f 4816/4795/2883 4812/4791/2881 4814/4793/1432
f 275/185/113 4815/4794/2882 277/187/115
f 4815/4794/2882 4816/4795/2883 4817/4796/2884
f 4815/4794/2882 4817/4796/2884 277/187/115
f 4817/4796/2884 4816/4795/2883 4814/4793/1432
f 277/187/115 4817/4796/2884 4818/4797/2885
f 277/187/115 4818/4797/2885 4819/4798/2886
f 277/187/115 4819/4798/2886 255/163/93
f 255/163/93 4819/4798/2886 252/160/90
f 252/160/90 4819/4798/2886 257/165/95
f 4819/4798/2886 4818/4797/2885 2578/2251/1451
f 4819/4798/2886 2578/2251/1451 257/165/95
f 4818/4797/2885 4817/4796/2884 4820/4799/1637
f 4818/4797/2885 4820/4799/1637 2578/2251/1451
f 4820/4799/1637 4817/4796/2884 4821/4800/2887
f 4821/4800/2887 4817/4796/2884 4814/4793/1432
f 4820/4799/1637 4821/4800/2887 4822/4801/2292
f 4821/4800/2887 4814/4793/1432 2561/2234/670
f 4821/4800/2887 2561/2234/670 4822/4801/2292
f 4820/4799/1637 4822/4801/2292 2562/2235/1446
f 4822/4801/2292 2561/2234/670 2559/2232/1422
f 4822/4801/2292 2559/2232/1422 2562/2235/1446
f 4820/4799/1637 2562/2235/1446 2567/2240/1211
f 4820/4799/1637 2567/2240/1211 2578/2251/1451
f 2561/2234/670 4814/4793/1432 2565/2238/1449
f 2565/2238/1449 4814/4793/1432 4823/4802/2888
f 4823/4802/2888 4814/4793/1432 4813/4792/2487
f 4823/4802/2888 4813/4792/2487 4824/4803/106
f 4823/4802/2888 4824/4803/106 2565/2238/1449
f 4824/4803/106 4813/4792/2487 4811/4790/2880
f 4824/4803/106 4811/4790/2880 4807/4786/2877
f 4824/4803/106 4807/4786/2877 4825/4804/2889
f 4825/4804/2889 4807/4786/2877 4809/4788/2475
f 4825/4804/2889 4809/4788/2475 4826/4805/2890
f 4825/4804/2889 4826/4805/2890 4824/4803/106
f 4826/4805/2890 4809/4788/2475 4827/4806/2891
f 4826/4805/2890 4827/4806/2891 4828/4807/2892
f 4824/4803/106 4826/4805/2890 4829/4808/2893
f 4826/4805/2890 4828/4807/2892 4830/4809/2894
f 4830/4809/2894 4828/4807/2892 4831/4810/2895
f 4829/4808/2893 4826/4805/2890 4832/4811/2067
f 4832/4811/2067 4826/4805/2890 4830/4809/2894
f 4824/4803/106 4829/4808/2893 4833/4812/2896
f 4833/4812/2896 4829/4808/2893 4832/4811/2067
f 4824/4803/106 4833/4812/2896 4834/4813/2897
f 4824/4803/106 4834/4813/2897 2565/2238/1449
f 4830/4809/2894 4831/4810/2895 4835/4814/2898
f 4835/4814/2898 4831/4810/2895 4836/4815/2899
f 4835/4814/2898 4836/4815/2899 4837/4816/2306
f 4835/4814/2898 4837/4816/2306 4838/4817/2900
f 4830/4809/2894 4835/4814/2898 4839/4818/2901
f 4839/4818/2901 4835/4814/2898 4838/4817/2900
f 4830/4809/2894 4839/4818/2901 4832/4811/2067
f 2565/2238/1449 4834/4813/2897 2564/2237/1448
f 2564/2237/1448 4834/4813/2897 4833/4812/2896
f 4839/4818/2901 4838/4817/2900 4840/4819/2902
f 4840/4819/2902 4838/4817/2900 4841/4820/2903
f 4840/4819/2902 4841/4820/2903 4842/4821/2904
f 4832/4811/2067 4839/4818/2901 4843/4822/2905
f 4843/4822/2905 4839/4818/2901 4840/4819/2902
f 4832/4811/2067 4843/4822/2905 4833/4812/2896
f 4840/4819/2902 4842/4821/2904 4844/4823/2906
f 4840/4819/2902 4844/4823/2906 4843/4822/2905
f 4844/4823/2906 4842/4821/2904 4845/4824/2907
f 4845/4824/2907 4842/4821/2904 4846/4825/2908
f 4845/4824/2907 4846/4825/2908 4847/4826/2909
f 4847/4826/2909 4846/4825/2908 4497/4827/2908
f 4845/4824/2907 4847/4826/2909 4848/4828/2910
f 4845/4824/2907 4848/4828/2910 4849/4829/2911
f 4845/4824/2907 4849/4829/2911 4844/4823/2906
f 4849/4829/2911 4848/4828/2910 4850/4830/2912
f 4851/4831/2913 4843/4822/2905 4844/4823/2906
f 4851/4831/2913 4844/4823/2906 4849/4829/2911
f 4843/4822/2905 4851/4831/2913 4833/4812/2896
f 4849/4829/2911 4850/4830/2912 4852/4832/2914
f 4849/4829/2911 4852/4832/2914 4851/4831/2913
f 4852/4832/2914 4850/4830/2912 4853/4833/155
f 4833/4812/2896 4851/4831/2913 4854/4834/2915
f 4854/4834/2915 4851/4831/2913 4852/4832/2914
f 4833/4812/2896 4854/4834/2915 2564/2237/1448
f 4852/4832/2914 4853/4833/155 4855/4835/2916
f 4852/4832/2914 4855/4835/2916 4854/4834/2915
f 4854/4834/2915 4855/4835/2916 2564/2237/1448
f 4855/4835/2916 4853/4833/155 4856/4836/2917
f 2564/2237/1448 4855/4835/2916 2556/2229/1444
f 4855/4835/2916 4856/4836/2917 4857/4837/2918
f 4855/4835/2916 4857/4837/2918 2556/2229/1444
f 4857/4837/2918 4856/4836/2917 4858/4838/2919
f 4858/4838/2919 4856/4836/2917 4859/4839/2920
f 4858/4838/2919 4859/4839/2920 4860/4840/2921
f 4860/4840/2921 4859/4839/2920 4861/4841/2922
f 4860/4840/2921 4861/4841/2922 4496/4842/905
f 4858/4838/2919 4860/4840/2921 4862/4843/2923
f 4857/4837/2918 4858/4838/2919 4287/4088/2486
f 4287/4088/2486 4858/4838/2919 4862/4843/2923
f 4857/4837/2918 4287/4088/2486 2545/2217/1435
f 4857/4837/2918 2545/2217/1435 2556/2229/1444
f 4860/4840/2921 4496/4842/905 4863/4844/2924
f 4860/4840/2921 4863/4844/2924 4862/4843/2923
f 4863/4844/2924 4496/4842/905 4864/4845/2925
f 4864/4845/2925 4496/4842/905 4495/4846/2634
f 4864/4845/2925 4495/4846/2634 2476/4847/1376
f 4864/4845/2925 2476/4847/1376 2475/4848/1375
f 4864/4845/2925 2475/4848/1375 4865/4849/2926
f 4864/4845/2925 4865/4849/2926 4863/4844/2924
f 4865/4849/2926 2475/4848/1375 2477/4850/1377
f 4866/4851/2927 4862/4843/2923 4863/4844/2924
f 4866/4851/2927 4863/4844/2924 4865/4849/2926
f 4865/4849/2926 2477/4850/1377 2478/4083/1378
f 4862/4843/2923 4866/4851/2927 4867/4852/2928
f 4867/4852/2928 4866/4851/2927 4865/4849/2926
f 4862/4843/2923 4867/4852/2928 4288/4089/1663
f 4862/4843/2923 4288/4089/1663 4287/4088/2486
f 4867/4852/2928 4865/4849/2926 4283/4082/2483
f 4283/4082/2483 4865/4849/2926 2478/4083/1378
f 4867/4852/2928 4283/4082/2483 4285/4085/2484
f 4867/4852/2928 4285/4085/2484 4288/4089/1663
f 76/1264/8 1551/1261/848 4868/1293/2929
f 4868/1293/2929 1551/1261/848 1550/1071/847
f 4868/1293/2929 1550/1071/847 1549/1070/846
f 4868/1293/2929 1549/1070/846 4869/1294/2211
f 4869/1294/2211 1549/1070/846 1554/1266/851
f 4869/1294/2211 1554/1266/851 4870/1296/2930
f 4870/1296/2930 1554/1266/851 4871/1297/2931
f 4871/1297/2931 1554/1266/851 2485/1298/1384
f 4871/1297/2931 2485/1298/1384 2486/1299/1385
f 4871/1297/2931 2486/1299/1385 2488/1300/1387
f 4872/4853/398 4873/4854/398 4874/4855/398
f 4873/4854/398 4872/4853/398 4875/4856/398
f 4873/4854/398 4875/4856/398 4876/4857/398
f 4876/4857/398 4875/4856/398 388/295/398
f 4876/4857/398 388/295/398 386/4858/398
f 4877/4859/2932 4878/4860/2933 4294/4861/2492
f 4878/4860/2933 4877/4859/2932 4879/4862/2934
f 4877/4859/2932 4294/4861/2492 4880/4863/2935
f 4877/4859/2932 4880/4863/2935 4879/4862/2934
f 4294/4861/2492 4878/4860/2933 4881/4864/2936
f 4880/4863/2935 4294/4861/2492 4286/4865/2485
f 4880/4863/2935 4286/4865/2485 2470/2130/1371
f 4294/4861/2492 4881/4864/2936 4882/4866/2937
f 4294/4861/2492 4882/4866/2937 2504/4867/1399
f 2504/4867/1399 4882/4866/2937 2507/4868/1402
f 2507/4868/1402 4882/4866/2937 2510/4869/517
f 2470/2130/1371 4286/4865/2485 2474/2134/1374
f 2510/4869/517 4882/4866/2937 2512/4870/1406
f 4882/4866/2937 4881/4864/2936 4883/4871/2938
f 4883/4871/2938 4881/4864/2936 4878/4860/2933
f 2512/4870/1406 4882/4866/2937 4884/4872/2939
f 4884/4872/2939 4882/4866/2937 4883/4871/2938
f 2512/4870/1406 4884/4872/2939 4885/4873/2940
f 4885/4873/2940 4884/4872/2939 4883/4871/2938
f 4883/4871/2938 4878/4860/2933 4886/4874/2941
f 2512/4870/1406 4885/4873/2940 4887/4875/2942
f 2512/4870/1406 4887/4875/2942 4618/4876/288
f 2512/4870/1406 4618/4876/288 2516/4877/1408
f 4618/4876/288 4887/4875/2942 4888/4878/2943
f 4618/4876/288 4888/4878/2943 4619/4879/2739
f 4888/4878/2943 4887/4875/2942 4885/4873/2940
f 4888/4878/2943 4885/4873/2940 4889/4880/2944
f 4889/4880/2944 4885/4873/2940 4890/4881/2945
f 4891/4882/2946 4885/4873/2940 4883/4871/2938
f 4885/4873/2940 4891/4882/2946 4890/4881/2945
f 4891/4882/2946 4883/4871/2938 4892/4883/2947
f 4891/4882/2946 4892/4883/2947 4890/4881/2945
f 4892/4883/2947 4883/4871/2938 4886/4874/2941
f 4890/4881/2945 4892/4883/2947 4893/4884/2948
f 4893/4884/2948 4892/4883/2947 4894/4885/551
f 4892/4883/2947 4886/4874/2941 4895/4886/2949
f 4895/4886/2949 4886/4874/2941 4878/4860/2933
f 4894/4885/551 4892/4883/2947 4896/4887/2950
f 4896/4887/2950 4892/4883/2947 4895/4886/2949
f 4894/4885/551 4896/4887/2950 4897/4888/2951
f 4897/4888/2951 4896/4887/2950 4898/4889/2523
f 4897/4888/2951 4898/4889/2523 4603/4890/2725
f 4897/4888/2951 4603/4890/2725 4606/4891/2728
f 4898/4889/2523 4896/4887/2950 4899/4892/2952
f 4898/4889/2523 4899/4892/2952 4603/4890/2725
f 4899/4892/2952 4896/4887/2950 4895/4886/2949
f 4603/4890/2725 4899/4892/2952 4602/4893/688
f 4602/4893/688 4899/4892/2952 4599/4894/508
f 4599/4894/508 4899/4892/2952 4900/4895/1907
f 4899/4892/2952 4895/4886/2949 4901/4896/2953
f 4901/4896/2953 4895/4886/2949 4878/4860/2933
f 4899/4892/2952 4901/4896/2953 4900/4895/1907
f 4901/4896/2953 4878/4860/2933 4879/4862/2934
f 4599/4894/508 4900/4895/1907 4902/4897/1401
f 4902/4897/1401 4900/4895/1907 4901/4896/2953
f 4902/4897/1401 4901/4896/2953 4879/4862/2934
f 4599/4894/508 4902/4897/1401 4598/4898/1966
f 4598/4898/1966 4902/4897/1401 4595/4899/287
f 4595/4899/287 4902/4897/1401 4903/4900/2703
f 4595/4899/287 4903/4900/2703 4904/4901/2080
f 4903/4900/2703 4902/4897/1401 4905/4902/2954
f 4904/4901/2080 4903/4900/2703 4906/4903/2955
f 4906/4903/2955 4903/4900/2703 4905/4902/2954
f 4904/4901/2080 4906/4903/2955 4907/4904/2956
f 4908/4905/2957 4902/4897/1401 4879/4862/2934
f 4902/4897/1401 4908/4905/2957 4905/4902/2954
f 4908/4905/2957 4879/4862/2934 4909/4906/2958
f 4909/4906/2958 4879/4862/2934 4880/4863/2935
f 4909/4906/2958 4880/4863/2935 4910/4907/2959
f 4909/4906/2958 4910/4907/2959 4908/4905/2957
f 4910/4907/2959 4880/4863/2935 2470/2130/1371
f 4911/4908/2960 4906/4903/2955 4905/4902/2954
f 4908/4905/2957 4910/4907/2959 4912/4909/2961
f 4910/4907/2959 2470/2130/1371 2469/2129/1370
f 4910/4907/2959 2469/2129/1370 4912/4909/2961
f 4912/4909/2961 2469/2129/1370 4913/4910/2962
f 4912/4909/2961 4913/4910/2962 4914/4911/256
f 4913/4910/2962 2469/2129/1370 2472/2132/5
f 4912/4909/2961 4914/4911/256 4915/4912/2963
f 4912/4909/2961 4915/4912/2963 4908/4905/2957
f 4915/4912/2963 4914/4911/256 4916/4913/83
f 4915/4912/2963 4916/4913/83 4917/4914/82
f 4908/4905/2957 4915/4912/2963 4918/4915/2964
f 4918/4915/2964 4915/4912/2963 4917/4914/82
f 4908/4905/2957 4918/4915/2964 4905/4902/2954
f 4918/4915/2964 4917/4914/82 4919/4916/2965
f 4918/4915/2964 4919/4916/2965 4905/4902/2954
f 4919/4916/2965 4917/4914/82 1666/1348/921
f 4905/4902/2954 4919/4916/2965 4911/4908/2960
f 4919/4916/2965 1666/1348/921 1664/1346/919
f 4919/4916/2965 1664/1346/919 4911/4908/2960
f 4911/4908/2960 1664/1346/919 4920/4917/2966
f 4920/4917/2966 1664/1346/919 1661/1343/916
f 4911/4908/2960 4920/4917/2966 4921/4918/2967
f 4911/4908/2960 4921/4918/2967 4906/4903/2955
f 4906/4903/2955 4921/4918/2967 4907/4904/2956
f 4907/4904/2956 4921/4918/2967 4922/4919/2968
f 4922/4919/2968 4921/4918/2967 4920/4917/2966
f 4907/4904/2956 4922/4919/2968 4923/4920/653
f 4923/4920/653 4922/4919/2968 1670/4921/925
f 1670/4921/925 4922/4919/2968 1669/4922/924
f 1669/4922/924 4922/4919/2968 1665/4923/920
f 4922/4919/2968 4920/4917/2966 4924/4924/2969
f 4922/4919/2968 4924/4924/2969 1665/4923/920
f 4924/4924/2969 4920/4917/2966 1661/1343/916
f 1665/4923/920 4924/4924/2969 1660/1342/915
f 1660/1342/915 4924/4924/2969 1661/1343/916
f 1406/4925/2970 1410/4926/1347 4925/4927/1365
f 1406/4925/2970 4925/4927/1365 1405/4928/2971
f 4925/4927/1365 1410/4926/1347 4926/4929/1344
f 4926/4929/1344 1410/4926/1347 1412/4930/386
f 4926/4929/1344 1412/4930/386 4927/4931/1283
f 4927/4931/1283 1412/4930/386 1415/4932/881
f 4927/4931/1283 1415/4932/881 1590/4933/883
f 4927/4931/1283 1590/4933/883 4928/4934/621
f 4926/4929/1344 4927/4931/1283 4929/4935/388
f 4926/4929/1344 4929/4935/388 4925/4927/1365
f 4927/4931/1283 4928/4934/621 4930/4936/815
f 4927/4931/1283 4930/4936/815 4929/4935/388
f 4930/4936/815 4928/4934/621 4931/4937/621
f 4930/4936/815 4931/4937/621 1767/2303/1040
f 4930/4936/815 1767/2303/1040 4929/4935/388
f 1767/2303/1040 4931/4937/621 4405/4938/382
f 4929/4935/388 1767/2303/1040 1769/2302/1293
f 4929/4935/388 1769/2302/1293 4932/4939/394
f 4929/4935/388 4932/4939/394 4925/4927/1365
f 4932/4939/394 1769/2302/1293 1774/4940/1367
f 4932/4939/394 1774/4940/1367 1775/4941/2838
f 4925/4927/1365 4932/4939/394 4933/4942/611
f 4925/4927/1365 4933/4942/611 1405/4928/2971
f 4932/4939/394 1775/4941/2838 4934/4943/611
f 4932/4939/394 4934/4943/611 4933/4942/611
f 4934/4943/611 1775/4941/2838 1777/1410/2972
f 4934/4943/611 1777/1410/2972 1786/1419/2973
f 4934/4943/611 1786/1419/2973 1787/1420/398
f 4934/4943/611 1787/1420/398 1792/1425/1307
f 1405/4928/2971 4933/4942/611 4935/4944/2246
f 4935/4944/2246 4933/4942/611 4934/4943/611
f 1405/4928/2971 4935/4944/2246 1385/4945/2974
f 1385/4945/2974 4935/4944/2246 1393/1120/1986
f 1393/1120/1986 4935/4944/2246 1394/1121/2975
f 4934/4943/611 1792/1425/1307 4936/4946/1307
f 4934/4943/611 4936/4946/1307 4935/4944/2246
f 4935/4944/2246 4936/4946/1307 1394/1121/2975
f 4936/4946/1307 1792/1425/1307 1758/1387/2975
f 4936/4946/1307 1758/1387/2975 1394/1121/2975
f 2516/4947/1408 4444/4349/2592 2517/4948/1409
f 2517/4948/1409 4444/4349/2592 4442/4347/1842
f 2517/4948/1409 4442/4347/1842 2519/4320/1410
f 2519/4320/1410 4442/4347/1842 4421/4316/2582
f 2519/4320/1410 4421/4316/2582 4423/4318/2584
f 4937/4949/1282 1621/1315/1282 2098/4950/1282
f 2098/4950/1282 1621/1315/1282 1623/1317/1282
f 4938/4949/1282 1625/1315/1282 2777/4950/1282
f 2777/4950/1282 1625/1315/1282 1627/1317/1282
f 4939/4949/1282 1629/1315/1282 3576/4950/1282
f 3576/4950/1282 1629/1315/1282 1631/1317/1282
f 4940/4951/1282 1633/1319/1282 4016/4952/1282
f 4016/4952/1282 1633/1319/1282 1635/1321/1282
f 4941/4953/2976 4942/4954/2977 4943/4955/2976
f 4943/4955/2976 4942/4954/2977 4944/4956/2977
f 4944/4956/2977 4942/4954/2977 4945/4957/2978
f 4945/4957/2978 4942/4954/2977 4946/4958/2978
f 4945/4957/2978 4946/4958/2978 4947/4959/1471
f 4945/4957/2978 4947/4959/1471 4948/4960/1471
f 4948/4960/1471 4947/4959/1471 4949/4961/1473
f 4949/4961/1473 4947/4959/1471 4950/4962/1473
f 4949/4961/1473 4950/4962/1473 4951/4963/2979
f 4949/4961/1473 4951/4963/2979 4952/4964/2979
f 4952/4964/2979 4951/4963/2979 4953/4965/2980
f 4953/4965/2980 4951/4963/2979 4954/4966/2980
f 4953/4965/2980 4954/4966/2980 4955/4967/2981
f 4953/4965/2980 4955/4967/2981 4956/4968/2981
f 4956/4968/2981 4955/4967/2981 4957/4021/2982
f 4957/4021/2982 4955/4967/2981 4958/4022/2982
f 4957/4021/2982 4958/4022/2982 4229/4020/787
f 4957/4021/2982 4229/4020/787 4228/4019/787
f 385/4969/361 387/294/361 4959/4970/361
f 4959/4970/361 387/294/361 4960/4971/361
f 4959/4970/361 4960/4971/361 4961/4972/361
f 4961/4972/361 4960/4971/361 4962/4973/361
f 4961/4972/361 4962/4973/361 4963/4974/361
f 4964/4975/2983 4842/4976/2984 4965/4977/2985
f 4965/4977/2985 4842/4976/2984 4841/4978/2985
f 4842/4976/2984 4964/4975/2983 4846/4979/2802
f 4965/4977/2985 4841/4978/2985 4966/4980/1942
f 4846/4979/2802 4964/4975/2983 4967/4981/2986
f 4846/4979/2802 4967/4981/2986 4497/4403/2635
f 4497/4403/2635 4967/4981/2986 4498/4404/2635
f 4966/4980/1942 4841/4978/2985 4838/4982/1942
f 4966/4980/1942 4838/4982/1942 4968/4983/2819
f 4968/4983/2819 4838/4982/1942 4837/4984/2819
f 4607/4548/2729 4604/4545/2726 4601/4542/2724
f 4607/4548/2729 4601/4542/2724 4969/4985/2987
f 4607/4548/2729 4969/4985/2987 4609/4550/2730
f 4969/4985/2987 4601/4542/2724 4970/4986/2988
f 4970/4986/2988 4601/4542/2724 4600/4541/2723
f 4609/4550/2730 4969/4985/2987 4971/4987/2989
f 4970/4986/2988 4600/4541/2723 4597/4538/2596
f 4609/4550/2730 4971/4987/2989 4972/4988/2990
f 4609/4550/2730 4972/4988/2990 4612/4553/2733
f 4971/4987/2989 4969/4985/2987 4973/4989/2991
f 4973/4989/2991 4969/4985/2987 4970/4986/2988
f 4971/4987/2989 4973/4989/2991 4972/4988/2990
f 4612/4553/2733 4972/4988/2990 4613/4554/2734
f 4613/4554/2734 4972/4988/2990 4617/4559/2738
f 4595/4536/287 4597/4538/2596 4598/4539/1966
f 4974/4990/2992 4970/4986/2988 4597/4538/2596
f 4970/4986/2988 4974/4990/2992 4973/4989/2991
f 4617/4559/2738 4972/4988/2990 4975/4991/2993
f 4617/4559/2738 4975/4991/2993 4444/4558/2592
f 4976/4992/2994 4972/4988/2990 4973/4989/2991
f 4972/4988/2990 4976/4992/2994 4975/4991/2993
f 4444/4558/2592 4975/4991/2993 4446/4993/2547
f 4446/4993/2547 4975/4991/2993 4447/4994/2594
f 4447/4994/2594 4975/4991/2993 4452/4995/2599
f 4452/4995/2599 4975/4991/2993 4454/4996/2170
f 4454/4996/2170 4975/4991/2993 4976/4992/2994
f 4454/4996/2170 4976/4992/2994 4973/4989/2991
f 4454/4996/2170 4973/4989/2991 4977/4997/603
f 4977/4997/603 4973/4989/2991 4974/4990/2992
f 4454/4996/2170 4977/4997/603 4464/4998/2606
f 4977/4997/603 4974/4990/2992 4978/4999/1988
f 4464/4998/2606 4977/4997/603 4979/5000/1949
f 4979/5000/1949 4977/4997/603 4978/4999/1988
f 4464/4998/2606 4979/5000/1949 4980/5001/2995
f 4978/4999/1988 4974/4990/2992 4981/5002/2996
f 4981/5002/2996 4974/4990/2992 4597/4538/2596
f 4979/5000/1949 4978/4999/1988 4982/5003/2997
f 4982/5003/2997 4978/4999/1988 4981/5002/2996
f 4979/5000/1949 4982/5003/2997 4980/5001/2995
f 4464/4998/2606 4980/5001/2995 4482/5004/2621
f 4482/5004/2621 4980/5001/2995 4983/5005/2998
f 4482/5004/2621 4983/5005/2998 4487/5006/2626
f 4482/5004/2621 4487/5006/2626 4483/5007/2622
f 4487/5006/2626 4983/5005/2998 4984/5008/2999
f 4984/5008/2999 4983/5005/2998 4980/5001/2995
f 4487/5006/2626 4984/5008/2999 4494/5009/2633
f 4494/5009/2633 4984/5008/2999 2472/2132/5
f 4494/5009/2633 2472/2132/5 2476/2136/1376
f 4984/5008/2999 4980/5001/2995 4985/5010/3000
f 4984/5008/2999 4985/5010/3000 2472/2132/5
f 4985/5010/3000 4980/5001/2995 4982/5003/2997
f 2472/2132/5 4985/5010/3000 4913/4910/2962
f 4985/5010/3000 4982/5003/2997 4986/5011/3001
f 4985/5010/3000 4986/5011/3001 4913/4910/2962
f 4913/4910/2962 4986/5011/3001 4914/4911/256
f 4986/5011/3001 4982/5003/2997 4981/5002/2996
f 4914/4911/256 4986/5011/3001 4987/5012/3002
f 4987/5012/3002 4986/5011/3001 4981/5002/2996
f 4914/4911/256 4987/5012/3002 4916/4913/83
f 4916/4913/83 4987/5012/3002 4917/4914/82
f 4917/4914/82 4987/5012/3002 1667/1349/922
f 1667/1349/922 4987/5012/3002 4981/5002/2996
f 4917/4914/82 1667/1349/922 1666/1348/921
f 1667/1349/922 4981/5002/2996 4988/5013/3003
f 1667/1349/922 4988/5013/3003 1663/1345/918
f 4988/5013/3003 4981/5002/2996 4596/4537/2722
f 4596/4537/2722 4981/5002/2996 4597/4538/2596
f 1663/1345/918 4988/5013/3003 4989/5014/3004
f 4989/5014/3004 4988/5013/3003 4990/5015/3005
f 4990/5015/3005 4988/5013/3003 4596/4537/2722
f 1663/1345/918 4989/5014/3004 4991/5016/3006
f 4991/5016/3006 4989/5014/3004 4990/5015/3005
f 1663/1345/918 4991/5016/3006 1659/1341/914
f 4990/5015/3005 4596/4537/2722 4904/5017/2080
f 4904/5017/2080 4596/4537/2722 4595/4536/287
f 4990/5015/3005 4904/5017/2080 4992/5018/3007
f 4990/5015/3005 4992/5018/3007 4991/5016/3006
f 4992/5018/3007 4904/5017/2080 4907/5019/2956
f 1659/1341/914 4991/5016/3006 4993/5020/3008
f 4993/5020/3008 4991/5016/3006 4992/5018/3007
f 1659/1341/914 4993/5020/3008 1655/1337/910
f 1655/1337/910 4993/5020/3008 1653/1335/908
f 1653/1335/908 4993/5020/3008 2709/5021/1511
f 2709/5021/1511 4993/5020/3008 2710/5022/1512
f 4992/5018/3007 4907/5019/2956 4994/5023/3009
f 4992/5018/3007 4994/5023/3009 4993/5020/3008
f 4993/5020/3008 4994/5023/3009 2710/5022/1512
f 4994/5023/3009 4907/5019/2956 4923/5024/653
f 2710/5022/1512 4994/5023/3009 1670/5025/925
f 1670/5025/925 4994/5023/3009 4923/5024/653
f 4995/5026/797 3128/2800/1733 4996/5027/2580
f 4996/5027/2580 3128/2800/1733 3127/2799/1732
f 4996/5027/2580 3127/2799/1732 3141/2813/1081
f 3141/2813/1081 3127/2799/1732 3131/2803/1740
f 3128/2800/1733 4995/5026/797 3129/2801/1737
f 3129/2801/1737 4995/5026/797 4997/5028/2581
f 3129/2801/1737 4997/5028/2581 3130/2802/1739
f 3130/2802/1739 4997/5028/2581 3133/2805/137
f 625/540/361 626/541/361 4998/5029/361
f 4998/5029/361 626/541/361 4788/4758/361
f 622/535/398 621/534/398 4790/5030/398
f 4790/5030/398 621/534/398 4999/5031/398
f 325/230/2298 326/231/2298 3892/3638/2298
f 3892/3638/2298 326/231/2298 4663/4604/2298
f 3892/3638/2298 4663/4604/2298 3886/3632/2298
f 3886/3632/2298 4663/4604/2298 4657/4599/2298
f 3886/3632/2298 4657/4599/2298 3887/3633/2298
f 3887/3633/2298 4657/4599/2298 3775/3536/2298
f 1842/5032/996 1843/1487/996 5000/5033/3010
f 5000/5033/3010 1843/1487/996 4338/4170/3011
f 5000/5033/3010 4338/4170/3011 5001/5034/3012
f 5001/5034/3012 4338/4170/3011 4339/4171/3013
f 5001/5034/3012 4339/4171/3013 5002/5035/3014
f 5002/5035/3014 4339/4171/3013 4342/4174/3014
f 5003/5036/3015 4303/4104/3015 5004/5037/3016
f 5004/5037/3016 4303/4104/3015 4302/4103/3016
f 5004/5037/3016 4302/4103/3016 5005/5038/3017
f 5005/5038/3017 4302/4103/3016 4304/4105/3017
f 5005/5038/3017 4304/4105/3017 1884/5039/1017
f 1884/5039/1017 4304/4105/3017 1883/1528/1017
f 4230/4021/2456 4231/4022/2456 5006/4967/3018
f 4230/4021/2456 5006/4967/3018 5007/4968/3018
f 5007/4968/3018 5006/4967/3018 5008/4965/3019
f 5008/4965/3019 5006/4967/3018 5009/4966/3019
f 5008/4965/3019 5009/4966/3019 5010/4963/2135
f 5008/4965/3019 5010/4963/2135 5011/4964/2135
f 5011/4964/2135 5010/4963/2135 5012/4961/618
f 5012/4961/618 5010/4963/2135 5013/4962/618
f 5012/4961/618 5013/4962/618 5014/4959/615
f 5012/4961/618 5014/4959/615 5015/4960/615
f 5015/4960/615 5014/4959/615 5016/4957/3020
f 5016/4957/3020 5014/4959/615 5017/4958/3020
f 5016/4957/3020 5017/4958/3020 5018/4954/2759
f 5016/4957/3020 5018/4954/2759 5019/4956/2759
f 5019/4956/2759 5018/4954/2759 5020/4955/3021
f 5020/4955/3021 5018/4954/2759 5021/4953/3021
f 5022/356/3022 3842/355/2219 3844/357/2220
f 5022/356/3022 3844/357/2220 5023/358/3023
f 5023/358/3023 3844/357/2220 5024/359/3024
f 5024/359/3024 3844/357/2220 3850/360/2225
f 5024/359/3024 3850/360/2225 5025/361/3025
f 5025/361/3025 3850/360/2225 3853/362/1340
f 5025/361/3025 3853/362/1340 3855/363/2229
f 5025/361/3025 3855/363/2229 5026/364/3026
f 461/368/1789 3162/2850/1787 5027/5040/1325
f 461/368/1789 5027/5040/1325 465/372/3027
f 465/372/3027 5027/5040/1325 469/376/1335
f 469/376/1335 5027/5040/1325 5028/5041/648
f 469/376/1335 5028/5041/648 473/380/3028
f 473/380/3028 5028/5041/648 477/384/3029
f 477/384/3029 5028/5041/648 5029/5042/2825
f 477/384/3029 5029/5042/2825 481/388/3030
f 481/388/3030 5029/5042/2825 485/392/418
f 485/392/418 5029/5042/2825 3164/5043/1793
f 485/392/418 3164/5043/1793 489/396/3031
f 489/396/3031 3164/5043/1793 491/398/1792
f 143/59/3032 5030/5044/3033 142/58/3032
f 142/58/3032 5030/5044/3033 1885/5045/3034
f 1885/5045/3034 5030/5044/3033 1886/5046/3035
f 1886/5046/3035 5030/5044/3033 5031/5047/3035
f 5032/2386/3036 5033/2388/3037 5034/1020/3036
f 5034/1020/3036 5033/2388/3037 5035/1021/3038
f 5032/2386/3036 5034/1020/3036 5036/1025/3039
f 5035/1021/3038 5033/2388/3037 5037/1022/1411
f 5032/2386/3036 5036/1025/3039 294/2384/131
f 5037/1022/1411 5033/2388/3037 5038/2391/3040
f 294/2384/131 5036/1025/3039 5039/1027/210
f 5037/1022/1411 5038/2391/3040 5040/1062/1914
f 294/2384/131 5039/1027/210 91/2385/20
f 5040/1062/1914 5038/2391/3040 5041/2392/3041
f 91/2385/20 5039/1027/210 88/2387/18
f 5040/1062/1914 5041/2392/3041 3326/2394/1203
f 88/2387/18 5039/1027/210 5042/1033/3042
f 5040/1062/1914 3326/2394/1203 5043/1061/2661
f 88/2387/18 5042/1033/3042 5044/1038/3043
f 5043/1061/2661 3326/2394/1203 3327/2393/3044
f 88/2387/18 5044/1038/3043 87/2389/17
f 5043/1061/2661 3327/2393/3044 5045/1045/3044
f 87/2389/17 5044/1038/3043 86/2390/16
f 5045/1045/3044 3327/2393/3044 86/2390/16
f 86/2390/16 5044/1038/3043 5046/1041/3045
f 86/2390/16 5046/1041/3045 5045/1045/3044
f 5047/1052/3046 5048/1054/3047 5049/1055/2384
f 5047/1052/3046 5049/1055/2384 5050/1056/3048
f 5050/1056/3048 5049/1055/2384 5051/1257/3049
f 5051/1257/3049 5049/1055/2384 5052/1063/3050
f 5051/1257/3049 5052/1063/3050 5053/1065/2592
f 5051/1257/3049 5053/1065/2592 5054/1071/3051
f 5052/1063/3050 5049/1055/2384 5055/1259/706
f 5052/1063/3050 5055/1259/706 5053/1065/2592
f 5054/1071/3051 5053/1065/2592 5056/1070/3052
f 5055/1259/706 5049/1055/2384 5057/1059/2443
f 5057/1059/2443 5049/1055/2384 5048/1054/3047
f 5053/1065/2592 5055/1259/706 5058/1067/3053
f 5055/1259/706 5057/1059/2443 5059/1060/3054
f 5059/1060/3054 5057/1059/2443 5048/1054/3047
f 5056/1070/3052 5053/1065/2592 5060/1069/3055
f 5060/1069/3055 5053/1065/2592 5058/1067/3053
f 5058/1067/3053 5055/1259/706 5061/1068/3056
f 5058/1067/3053 5061/1068/3056 5060/1069/3055
f 5061/1068/3056 5055/1259/706 5062/1260/705
f 5062/1260/705 5055/1259/706 5059/1060/3054
f 5061/1068/3056 5062/1260/705 5063/1064/3057
f 5063/1064/3057 5062/1260/705 5059/1060/3054
f 5060/1069/3055 5061/1068/3056 5064/1268/3058
f 5064/1268/3058 5061/1068/3056 5063/1064/3057
f 5065/1265/2791 5056/1070/3052 5060/1069/3055
f 5056/1070/3052 5065/1265/2791 5066/1266/3059
f 5060/1069/3055 5064/1268/3058 5067/1267/1094
f 5060/1069/3055 5067/1267/1094 5065/1265/2791
f 5067/1267/1094 5064/1268/3058 1331/1269/657
f 5067/1267/1094 1331/1269/657 1334/1270/660
f 1331/1269/657 5064/1268/3058 5068/1072/3060
f 5068/1072/3060 5064/1268/3058 5063/1064/3057
f 1331/1269/657 5068/1072/3060 1329/1271/655
f 5067/1267/1094 1334/1270/660 5069/1272/3061
f 5067/1267/1094 5069/1272/3061 5065/1265/2791
f 5069/1272/3061 1334/1270/660 1336/1273/662
f 5069/1272/3061 1336/1273/662 1337/1274/663
f 1329/1271/655 5068/1072/3060 5070/1275/1932
f 1329/1271/655 5070/1275/1932 5071/1276/3062
f 5071/1276/3062 5070/1275/1932 5072/1277/3063
f 5070/1275/1932 5068/1072/3060 5073/1066/3064
f 5073/1066/3064 5068/1072/3060 5063/1064/3057
f 5072/1277/3063 5070/1275/1932 5074/1278/2546
f 5069/1272/3061 1337/1274/663 5075/1279/3065
f 5069/1272/3061 5075/1279/3065 5065/1265/2791
f 5075/1279/3065 1337/1274/663 5076/1281/3066
f 5076/1281/3066 1337/1274/663 5077/1282/3067
f 5065/1265/2791 5075/1279/3065 5078/1283/3068
f 5078/1283/3068 5075/1279/3065 5076/1281/3066
f 5076/1281/3066 5077/1282/3067 5079/1284/3069
f 5072/1277/3063 5074/1278/2546 5080/1280/1312
f 5081/1074/3070 5074/1278/2546 5070/1275/1932
f 5074/1278/2546 5081/1074/3070 5080/1280/1312
f 5081/1074/3070 5070/1275/1932 5073/1066/3064
f 5072/1277/3063 5080/1280/1312 5082/1285/3071
f 5082/1285/3071 5080/1280/1312 5083/1286/2613
f 5082/1285/3071 5083/1286/2613 5084/1287/3072
f 5084/1287/3072 5083/1286/2613 5085/1288/3073
f 5083/1286/2613 5080/1280/1312 3838/1289/2217
f 3838/1289/2217 5080/1280/1312 3835/1290/2215
f 3835/1290/2215 5080/1280/1312 5081/1074/3070
f 3835/1290/2215 5081/1074/3070 3834/1291/2214
f 3834/1291/2214 5081/1074/3070 1236/1019/605
f 1236/1019/605 5081/1074/3070 5086/1073/692
f 5086/1073/692 5081/1074/3070 5073/1066/3064
f 1236/1019/605 5086/1073/692 5087/1018/3074
f 5087/1018/3074 5086/1073/692 5073/1066/3064
f 1236/1019/605 5087/1018/3074 1233/1016/602
f 1233/1016/602 5087/1018/3074 1234/1017/603
f 5087/1018/3074 5073/1066/3064 5088/1022/2436
f 5088/1022/2436 5073/1066/3064 5063/1064/3057
f 5087/1018/3074 5088/1022/2436 5089/1021/3075
f 5088/1022/2436 5063/1064/3057 5090/1062/3076
f 5087/1018/3074 5089/1021/3075 5091/1020/1971
f 5087/1018/3074 5091/1020/1971 1234/1017/603
f 5090/1062/3076 5063/1064/3057 5092/1061/3077
f 5092/1061/3077 5063/1064/3057 5059/1060/3054
f 5092/1061/3077 5059/1060/3054 5093/1045/3078
f 5093/1045/3078 5059/1060/3054 5048/1054/3047
f 1234/1017/603 5091/1020/1971 5094/1023/3079
f 5094/1023/3079 5091/1020/1971 5095/1025/3080
f 1234/1017/603 5094/1023/3079 1241/1024/398
f 5094/1023/3079 5095/1025/3080 5096/1027/1846
f 1241/1024/398 5094/1023/3079 1243/1026/611
f 1243/1026/611 5094/1023/3079 5097/1028/3081
f 1243/1026/611 5097/1028/3081 5098/1029/691
f 1243/1026/611 5098/1029/691 1247/1030/398
f 5097/1028/3081 5094/1023/3079 5099/1031/2588
f 5099/1031/2588 5094/1023/3079 5096/1027/1846
f 5097/1028/3081 5099/1031/2588 5098/1029/691
f 5098/1029/691 5099/1031/2588 5100/1032/695
f 5099/1031/2588 5096/1027/1846 5101/1033/3082
f 5100/1032/695 5099/1031/2588 5102/1034/697
f 5099/1031/2588 5101/1033/3082 5103/1035/3083
f 5099/1031/2588 5103/1035/3083 5102/1034/697
f 5103/1035/3083 5101/1033/3082 5104/1036/3084
f 5103/1035/3083 5104/1036/3084 5102/1034/697
f 5102/1034/697 5104/1036/3084 5105/1037/701
f 5104/1036/3084 5101/1033/3082 5106/1038/2354
f 5105/1037/701 5104/1036/3084 5107/1039/703
f 5104/1036/3084 5106/1038/2354 5108/1040/3085
f 5108/1040/3085 5106/1038/2354 5109/1041/3086
f 5107/1039/703 5104/1036/3084 5110/1042/3087
f 5110/1042/3087 5104/1036/3084 5108/1040/3085
f 5108/1040/3085 5109/1041/3086 5093/1045/3078
f 5107/1039/703 5110/1042/3087 5111/1043/2297
f 5111/1043/2297 5110/1042/3087 5108/1040/3085
f 5107/1039/703 5111/1043/2297 5112/1044/707
f 5108/1040/3085 5093/1045/3078 5113/1053/707
f 5108/1040/3085 5113/1053/707 5111/1043/2297
f 5113/1053/707 5093/1045/3078 5048/1054/3047
f 5112/1044/707 5111/1043/2297 5114/1046/3088
f 5113/1053/707 5048/1054/3047 5115/1050/3089
f 5113/1053/707 5115/1050/3089 5111/1043/2297
f 5115/1050/3089 5048/1054/3047 5047/1052/3046
f 5115/1050/3089 5047/1052/3046 5116/1051/3090
f 5115/1050/3089 5116/1051/3090 5117/1048/3091
f 5118/1049/712 5114/1046/3088 5117/1048/3091
f 5111/1043/2297 5115/1050/3089 5119/1047/3088
f 5111/1043/2297 5119/1047/3088 5114/1046/3088
f 5119/1047/3088 5115/1050/3089 5117/1048/3091
f 5119/1047/3088 5117/1048/3091 5114/1046/3088
f 314/219/3089 312/217/3089 3778/3539/3089
f 3778/3539/3089 312/217/3089 4279/4078/3089
f 384/291/3089 383/290/3089 3780/3541/3089
f 3780/3541/3089 383/290/3089 4281/4080/3089
f 1309/1091/1980 769/664/1980 1310/1092/1980
f 1310/1092/1980 769/664/1980 763/658/1980
f 5120/5047/3092 5121/5044/2246 2030/5046/3092
f 2030/5046/3092 5121/5044/2246 2029/5045/2247
f 2029/5045/2247 5121/5044/2246 227/58/3093
f 227/58/3093 5121/5044/2246 226/59/3093
f 2245/1887/1269 2241/1883/1265 5122/5048/1876
f 5122/5048/1876 2241/1883/1265 5123/5049/3094
f 5122/5048/1876 5123/5049/3094 5124/5050/1878
f 5123/5049/3094 2241/1883/1265 5125/5051/3095
f 5125/5051/3095 2241/1883/1265 2240/1882/1263
f 5124/5050/1878 5123/5049/3094 5126/5052/3096
f 5126/5052/3096 5123/5049/3094 5125/5051/3095
f 5125/5051/3095 2240/1882/1263 806/701/1264
f 5124/5050/1878 5126/5052/3096 5127/5053/2011
f 5125/5051/3095 806/701/1264 807/702/3097
f 5125/5051/3095 807/702/3097 5128/5054/3098
f 5125/5051/3095 5128/5054/3098 5126/5052/3096
f 5128/5054/3098 807/702/3097 804/699/69
f 5128/5054/3098 804/699/69 5129/5055/3099
f 5128/5054/3098 5129/5055/3099 5126/5052/3096
f 5129/5055/3099 804/699/69 805/700/3100
f 5130/5056/3101 5127/5053/2011 5126/5052/3096
f 5130/5056/3101 5126/5052/3096 5129/5055/3099
f 5127/5053/2011 5130/5056/3101 5131/5057/2004
f 5131/5057/2004 5130/5056/3101 5132/5058/3101
f 5132/5058/3101 5130/5056/3101 5129/5055/3099
f 5131/5057/2004 5132/5058/3101 5133/5059/2004
f 5129/5055/3099 805/700/3100 5134/5060/3099
f 5129/5055/3099 5134/5060/3099 5132/5058/3101
f 5134/5060/3099 805/700/3100 794/689/3100
f 5134/5060/3099 794/689/3100 5135/5061/3098
f 5134/5060/3099 5135/5061/3098 5132/5058/3101
f 5135/5061/3098 794/689/3100 796/691/69
f 5133/5059/2004 5132/5058/3101 5136/5062/3102
f 5136/5062/3102 5132/5058/3101 5135/5061/3098
f 5133/5059/2004 5136/5062/3102 5137/5063/3103
f 5135/5061/3098 796/691/69 5138/5064/2742
f 5135/5061/3098 5138/5064/2742 5136/5062/3102
f 5138/5064/2742 796/691/69 799/694/3104
f 5137/5063/3103 5136/5062/3102 5139/5065/3105
f 5139/5065/3105 5136/5062/3102 5138/5064/2742
f 5137/5063/3103 5139/5065/3105 5140/5066/3106
f 5140/5066/3106 5139/5065/3105 5141/5067/3107
f 5141/5067/3107 5139/5065/3105 5138/5064/2742
f 5140/5066/3106 5141/5067/3107 5142/5068/3067
f 5138/5064/2742 799/694/3104 5143/5069/3108
f 5138/5064/2742 5143/5069/3108 5141/5067/3107
f 5143/5069/3108 799/694/3104 801/696/3109
f 5143/5069/3108 801/696/3109 5144/5070/3110
f 5143/5069/3108 5144/5070/3110 5141/5067/3107
f 5144/5070/3110 801/696/3109 800/695/3111
f 5142/5068/3067 5141/5067/3107 5145/5071/3112
f 5145/5071/3112 5141/5067/3107 5144/5070/3110
f 5142/5068/3067 5145/5071/3112 5146/5072/3113
f 5146/5072/3113 5145/5071/3112 5147/5073/3114
f 5147/5073/3114 5145/5071/3112 5144/5070/3110
f 5146/5072/3113 5147/5073/3114 5148/5074/3115
f 5144/5070/3110 800/695/3111 5149/5075/3116
f 5144/5070/3110 5149/5075/3116 5147/5073/3114
f 5149/5075/3116 800/695/3111 798/693/3117
f 5149/5075/3116 798/693/3117 5150/5076/3118
f 5149/5075/3116 5150/5076/3118 5147/5073/3114
f 5150/5076/3118 798/693/3117 797/692/2438
f 5148/5074/3115 5147/5073/3114 5151/5077/2188
f 5151/5077/2188 5147/5073/3114 5150/5076/3118
f 5148/5074/3115 5151/5077/2188 5152/5078/3119
f 5152/5078/3119 5151/5077/2188 5153/5079/3120
f 5153/5079/3120 5151/5077/2188 5150/5076/3118
f 5150/5076/3118 797/692/2438 5154/5080/3121
f 5150/5076/3118 5154/5080/3121 5153/5079/3120
f 5154/5080/3121 797/692/2438 795/690/3122
f 5153/5079/3120 5154/5080/3121 5155/5081/3123
f 5153/5079/3120 5155/5081/3123 5156/5082/3124
f 5157/547/1430 1074/548/576 5158/549/361
f 5158/549/361 1074/548/576 1073/550/574
f 5158/549/361 1073/550/574 5159/551/1123
f 5159/551/1123 1073/550/574 1072/552/572
f 5159/551/1123 1072/552/572 5160/553/1526
f 5160/553/1526 1072/552/572 1071/554/570
f 5160/553/1526 1071/554/570 3696/555/1560
f 3696/555/1560 1071/554/570 978/556/493
f 5161/614/3125 5162/879/3126 5163/612/3127
f 5162/879/3126 5161/614/3125 5164/882/3128
f 5164/882/3128 5161/614/3125 5165/615/3129
f 5163/612/3127 5162/879/3126 1835/880/991
f 5163/612/3127 1835/880/991 5166/616/3130
f 5166/616/3130 1835/880/991 1833/881/989
f 5166/616/3130 1833/881/989 5167/618/3131
f 5167/618/3131 1833/881/989 1831/975/987
f 5167/618/3131 1831/975/987 5168/620/3132
f 5168/620/3132 1831/975/987 702/976/403
f 5168/620/3132 702/976/403 5169/622/3133
f 5169/622/3133 702/976/403 700/977/401
f 5169/622/3133 700/977/401 5170/621/3134
f 5170/621/3134 700/977/401 698/978/400
f 5101/1033/1353 136/2387/45 5106/1038/3135
f 136/2387/45 5101/1033/1353 5096/1027/3062
f 5106/1038/3135 136/2387/45 139/2389/47
f 136/2387/45 5096/1027/3062 135/2385/44
f 5106/1038/3135 139/2389/47 202/2390/62
f 135/2385/44 5096/1027/3062 134/2384/43
f 5106/1038/3135 202/2390/62 5109/1041/3136
f 134/2384/43 5096/1027/3062 5095/1025/3137
f 5109/1041/3136 202/2390/62 5093/1045/1367
f 134/2384/43 5095/1025/3137 5171/2386/3138
f 5093/1045/1367 202/2390/62 3330/2393/1367
f 5171/2386/3138 5095/1025/3137 5091/1020/3138
f 5093/1045/1367 3330/2393/1367 5092/1061/2847
f 5171/2386/3138 5091/1020/3138 5172/2388/3139
f 5092/1061/2847 3330/2393/1367 3331/2394/3140
f 5172/2388/3139 5091/1020/3138 5089/1021/3141
f 5092/1061/2847 3331/2394/3140 5090/1062/3142
f 5172/2388/3139 5089/1021/3141 5088/1022/3143
f 5090/1062/3142 3331/2394/3140 5173/2392/3144
f 5172/2388/3139 5088/1022/3143 5174/2391/3145
f 5174/2391/3145 5088/1022/3143 5090/1062/3142
f 5174/2391/3145 5090/1062/3142 5173/2392/3144
f 5175/5083/339 4717/5084/2817 5176/5085/2
f 5176/5085/2 4717/5084/2817 4718/5086/2819
f 5176/5085/2 4718/5086/2819 5177/5087/336
f 5177/5087/336 4718/5086/2819 4716/5088/2816
f 5177/5087/336 4716/5088/2816 5178/5089/334
f 5178/5089/334 4716/5088/2816 4714/5090/2076
f 5178/5089/334 4714/5090/2076 5179/5091/332
f 5179/5091/332 4714/5090/2076 4712/5092/2809
f 5179/5091/332 4712/5092/2809 5180/5093/330
f 5180/5093/330 4712/5092/2809 4710/5094/2805
f 5180/5093/330 4710/5094/2805 5181/5095/328
f 5181/5095/328 4710/5094/2805 4709/5096/2803
f 5181/5095/328 4709/5096/2803 5182/5097/326
f 5182/5097/326 4709/5096/2803 4711/5098/2806
f 5182/5097/326 4711/5098/2806 5183/5099/343
f 5183/5099/343 4711/5098/2806 4713/5100/2810
f 5183/5099/343 4713/5100/2810 5184/5101/341
f 5184/5101/341 4713/5100/2810 4715/5102/2813
f 5184/5101/341 4715/5102/2813 5175/5103/339
f 5175/5103/339 4715/5102/2813 4717/5104/2817
f 4266/5105/361 601/514/361 603/516/361
f 4266/5105/361 603/516/361 605/518/361
f 4266/5105/361 605/518/361 4265/5106/361
f 4265/5106/361 605/518/361 703/596/361
f 703/596/361 605/518/361 704/597/361
f 704/597/361 605/518/361 607/520/361
f 5185/592/137 1109/593/137 1739/594/137
f 1739/594/137 1109/593/137 1107/595/137
f 1137/873/137 1136/874/137 1708/875/137
f 1708/875/137 1136/874/137 5186/876/137
f 613/526/398 618/531/398 4273/5107/398
f 613/526/398 4273/5107/398 611/524/398
f 611/524/398 4273/5107/398 4270/5108/398
f 611/524/398 4270/5108/398 705/598/398
f 611/524/398 705/598/398 706/599/398
f 611/524/398 706/599/398 609/522/398
f 5187/5047/3146 5188/5044/783 5189/5046/3146
f 5189/5046/3146 5188/5044/783 5190/5045/1210
f 5190/5045/1210 5188/5044/783 146/58/2640
f 146/58/2640 5188/5044/783 144/59/2640
f 3898/3644/3147 5191/5109/3147 3897/3643/3148
f 3897/3643/3148 5191/5109/3147 5192/5110/3148
f 5192/5110/3148 5191/5109/3147 5193/5111/3147
f 3897/3643/3148 5192/5110/3148 3899/3645/3149
f 5192/5110/3148 5193/5111/3147 5194/5112/3148
f 3899/3645/3149 5192/5110/3148 5195/5113/3149
f 5195/5113/3149 5192/5110/3148 5194/5112/3148
f 3899/3645/3149 5195/5113/3149 3895/3641/3150
f 5195/5113/3149 5194/5112/3148 5196/5114/3149
f 3895/3641/3150 5195/5113/3149 5197/5115/3150
f 5197/5115/3150 5195/5113/3149 5196/5114/3149
f 3895/3641/3150 5197/5115/3150 3896/3642/683
f 5197/5115/3150 5196/5114/3149 5198/5116/3150
f 3896/3642/683 5197/5115/3150 5199/5117/683
f 5199/5117/683 5197/5115/3150 5198/5116/3150
f 3896/3642/683 5199/5117/683 3900/3646/683
f 5199/5117/683 5198/5116/3150 5200/5118/683
f 3900/3646/683 5199/5117/683 5201/5119/683
f 5201/5119/683 5199/5117/683 5200/5118/683
f 3900/3646/683 5201/5119/683 3902/3648/3151
f 5201/5119/683 5200/5118/683 5202/5120/683
f 3902/3648/3151 5201/5119/683 5203/5121/3151
f 5203/5121/3151 5201/5119/683 5202/5120/683
f 3902/3648/3151 5203/5121/3151 3901/3647/3152
f 5203/5121/3151 5202/5120/683 5204/5122/3151
f 3901/3647/3152 5203/5121/3151 5205/5123/3152
f 5205/5123/3152 5203/5121/3151 5204/5122/3151
f 3901/3647/3152 5205/5123/3152 3903/3649/3153
f 5205/5123/3152 5204/5122/3151 5206/5124/3152
f 3903/3649/3153 5205/5123/3152 5207/5125/3153
f 5207/5125/3153 5205/5123/3152 5206/5124/3152
f 3903/3649/3153 5207/5125/3153 332/237/148
f 5207/5125/3153 5206/5124/3152 5208/5126/3153
f 332/237/148 5207/5125/3153 330/5127/148
f 330/5127/148 5207/5125/3153 5208/5126/3153
f 330/5127/148 5208/5126/3153 329/5128/148
f 593/5129/361 1293/5130/361 587/5131/361
f 1293/5130/361 593/5129/361 1295/5132/361
f 1295/5132/361 593/5129/361 597/5133/361
f 4067/5134/3154 5209/5135/3155 4072/5136/3156
f 4072/5136/3156 5209/5135/3155 5210/5137/3157
f 4072/5136/3156 5210/5137/3157 3587/5138/1872
f 3587/5138/1872 5210/5137/3157 3588/5139/1077
f 3762/3525/2083 3763/3526/632 5211/5140/2424
f 5211/5140/2424 3763/3526/632 5212/5141/3158
f 5211/5140/2424 5212/5141/3158 5213/5142/2023
f 5212/5141/3158 3763/3526/632 5214/5143/3159
f 5214/5143/3159 3763/3526/632 3759/3522/2159
f 5214/5143/3159 3759/3522/2159 3760/3523/557
f 5214/5143/3159 3760/3523/557 5215/5144/1308
f 5213/5142/2023 5212/5141/3158 5216/5145/3160
f 5216/5145/3160 5212/5141/3158 5214/5143/3159
f 5213/5142/2023 5216/5145/3160 5217/5146/3161
f 5214/5143/3159 5215/5144/1308 5218/5147/3162
f 5214/5143/3159 5218/5147/3162 5216/5145/3160
f 5218/5147/3162 5215/5144/1308 5219/5148/3163
f 5217/5146/3161 5216/5145/3160 5220/5149/3164
f 5220/5149/3164 5216/5145/3160 5218/5147/3162
f 5217/5146/3161 5220/5149/3164 5221/5150/3165
f 5221/5150/3165 5220/5149/3164 5222/5151/3166
f 5222/5151/3166 5220/5149/3164 5218/5147/3162
f 5221/5150/3165 5222/5151/3166 5223/5152/3167
f 5218/5147/3162 5219/5148/3163 5224/5153/1932
f 5218/5147/3162 5224/5153/1932 5222/5151/3166
f 5224/5153/1932 5219/5148/3163 5225/5154/3168
f 5223/5152/3167 5222/5151/3166 5226/5155/3169
f 5226/5155/3169 5222/5151/3166 5224/5153/1932
f 5223/5152/3167 5226/5155/3169 5227/5156/3170
f 5227/5156/3170 5226/5155/3169 5228/5157/3171
f 5228/5157/3171 5226/5155/3169 5224/5153/1932
f 5227/5156/3170 5228/5157/3171 5229/5158/2441
f 5224/5153/1932 5225/5154/3168 3736/5159/2140
f 5224/5153/1932 3736/5159/2140 5228/5157/3171
f 3736/5159/2140 5225/5154/3168 3737/5160/2141
f 5229/5158/2441 5228/5157/3171 5230/5161/3172
f 5230/5161/3172 5228/5157/3171 3736/5159/2140
f 5229/5158/2441 5230/5161/3172 3730/5162/2136
f 5230/5161/3172 3736/5159/2140 3731/5163/2137
f 5230/5161/3172 3731/5163/2137 3730/5162/2136
f 229/59/3173 5231/5044/2975 228/58/3173
f 228/58/3173 5231/5044/2975 5232/5045/1348
f 5232/5045/1348 5231/5044/2975 5233/5046/3174
f 5233/5046/3174 5231/5044/2975 5234/5047/3174
f 3508/3241/2028 3509/3242/2029 3183/2871/1801
f 3508/3241/2028 3183/2871/1801 3181/2869/1799
f 2670/2329/1493 3509/3242/2029 2672/2331/1495
f 3509/3242/2029 2670/2329/1493 2669/2328/1492
f 3509/3242/2029 2669/2328/1492 5235/5164/3175
f 3509/3242/2029 5235/5164/3175 3183/2871/1801
f 5235/5164/3175 2669/2328/1492 2661/2320/1485
f 5235/5164/3175 2661/2320/1485 3183/2871/1801
f 2661/2320/1485 2669/2328/1492 2663/2322/23
f 3183/2871/1801 2661/2320/1485 2660/2319/1484
f 2659/2318/1483 2656/2315/658 2661/2320/1485
f 3183/2871/1801 2660/2319/1484 5236/5165/3176
f 5236/5165/3176 2660/2319/1484 2656/2315/658
f 3183/2871/1801 5236/5165/3176 3182/2870/1800
f 5236/5165/3176 2656/2315/658 2144/1786/1173
f 3182/2870/1800 5236/5165/3176 2132/1774/1165
f 2132/1774/1165 5236/5165/3176 2144/1786/1173
f 769/5166/361 1309/5167/361 773/5168/361
f 773/5168/361 1309/5167/361 1307/5169/361
f 773/5168/361 1307/5169/361 776/5170/361
f 776/5170/361 1307/5169/361 1305/5171/361
f 776/5170/361 1305/5171/361 778/5172/361
f 778/5172/361 1305/5171/361 1303/5173/361
f 778/5172/361 1303/5173/361 781/5174/361
f 781/5174/361 1303/5173/361 1299/5175/361
f 1144/873/2 1146/874/2 1741/875/2
f 1741/875/2 1146/874/2 5237/876/2
f 5238/592/2 1182/593/2 1712/594/2
f 1712/594/2 1182/593/2 1183/595/2
f 1294/5176/398 846/5177/398 850/5178/398
f 846/5177/398 1294/5176/398 1296/5179/398
f 846/5177/398 1296/5179/398 844/5180/398
f 1868/5181/2955 2158/5182/3177 1867/5183/3178
f 2158/5182/3177 1868/5181/2955 2159/5184/3179
f 2159/5184/3179 1868/5181/2955 2168/5185/1396
f 2168/5185/1396 1868/5181/2955 1779/5186/2270
f 1779/5186/2270 1868/5181/2955 1869/5187/3180
f 1779/5186/2270 1869/5187/3180 1871/5188/3181
f 1779/5186/2270 1871/5188/3181 1780/5189/1429
f 1780/5189/1429 1871/5188/3181 1870/5190/3182
f 1780/5189/1429 1870/5190/3182 1872/5191/3183
f 1780/5189/1429 1872/5191/3183 1783/5192/3183
f 1783/5192/3183 1872/5191/3183 1784/5193/3184
f 1784/5193/3184 1872/5191/3183 1873/5194/2801
f 1784/5193/3184 1873/5194/2801 1876/5195/3185
f 1784/5193/3184 1876/5195/3185 1789/5196/3185
f 1789/5196/3185 1876/5195/3185 1793/5197/3186
f 1793/5197/3186 1876/5195/3185 1875/5198/3186
f 1793/5197/3186 1875/5198/3186 1874/5199/3187
f 1793/5197/3186 1874/5199/3187 1799/5200/96
f 1799/5200/96 1874/5199/3187 5239/5201/3188
f 5239/5201/3188 1874/5199/3187 1853/5202/3188
f 674/589/361 1085/989/361 676/5203/361
f 676/5203/361 1085/989/361 5240/5204/361
f 967/874/361 1087/593/361 969/5205/361
f 969/5205/361 1087/593/361 5241/5206/361
f 1021/874/361 1089/593/361 1023/5205/361
f 1023/5205/361 1089/593/361 5242/5206/361
f 1092/874/361 1093/593/361 1326/5205/361
f 1326/5205/361 1093/593/361 5243/5206/361
f 1096/874/361 1097/593/361 1727/5205/361
f 1727/5205/361 1097/593/361 5244/5206/361
f 1100/874/361 1101/593/361 2724/5205/361
f 2724/5205/361 1101/593/361 5245/5206/361
f 1104/874/361 1105/593/361 3876/5205/361
f 3876/5205/361 1105/593/361 5246/5206/361
f 1108/874/361 1109/593/361 4773/5205/361
f 4773/5205/361 1109/593/361 5185/5206/361
f 1112/874/361 1113/593/361 5247/5205/361
f 5247/5205/361 1113/593/361 1373/5206/361
f 1146/874/361 1147/593/361 5237/5205/361
f 5237/5205/361 1147/593/361 4649/5206/361
f 1150/874/361 1151/593/361 5248/5205/361
f 5248/5205/361 1151/593/361 4336/5206/361
f 1154/874/361 1155/593/361 5249/5205/361
f 5249/5205/361 1155/593/361 3764/5206/361
f 1158/874/361 1159/593/361 5250/5205/361
f 5250/5205/361 1159/593/361 3333/5206/361
f 1162/874/361 1163/593/361 5251/5205/361
f 5251/5205/361 1163/593/361 2644/5206/361
f 1166/874/361 1167/593/361 5252/5205/361
f 5252/5205/361 1167/593/361 1928/5206/361
f 1170/874/361 1171/593/361 5253/5205/361
f 5253/5205/361 1171/593/361 1637/5206/361
f 1174/874/361 1175/593/361 5254/5205/361
f 5254/5205/361 1175/593/361 1379/5206/361
f 1178/874/361 1179/593/361 5255/5205/361
f 5255/5205/361 1179/593/361 1311/5206/361
f 1300/5207/398 1304/5208/398 1065/5209/398
f 1065/5209/398 1304/5208/398 1064/5210/398
f 1064/5210/398 1304/5208/398 1306/5211/398
f 1064/5210/398 1306/5211/398 764/5212/398
f 764/5212/398 1306/5211/398 1308/5213/398
f 764/5212/398 1308/5213/398 761/5214/398
f 761/5214/398 1308/5213/398 1310/5215/398
f 761/5214/398 1310/5215/398 763/5216/398
f 341/246/1419 342/247/1419 5256/5217/1419
f 5256/5217/1419 342/247/1419 5257/5218/1419
f 5258/5219/1419 5259/5220/1419 5260/5221/1419
f 5260/5221/1419 5259/5220/1419 5261/5222/1419
f 5262/5205/398 1114/874/398 677/5206/398
f 677/5206/398 1114/874/398 678/593/398
f 5263/5205/398 1116/874/398 970/5206/398
f 970/5206/398 1116/874/398 971/593/398
f 5264/5205/398 1118/874/398 1024/5206/398
f 1024/5206/398 1118/874/398 1025/593/398
f 5265/5205/398 1120/874/398 1327/5206/398
f 1327/5206/398 1120/874/398 1122/593/398
f 5266/5205/398 1124/874/398 1728/5206/398
f 1728/5206/398 1124/874/398 1126/593/398
f 5267/5205/398 1128/874/398 2725/5206/398
f 2725/5206/398 1128/874/398 1130/593/398
f 5268/5205/398 1132/874/398 3877/5206/398
f 3877/5206/398 1132/874/398 1134/593/398
f 5186/5205/398 1136/874/398 4774/5206/398
f 4774/5206/398 1136/874/398 1138/593/398
f 1376/5205/398 1140/874/398 5269/5206/398
f 5269/5206/398 1140/874/398 1142/593/398
f 4650/5205/398 1180/874/398 5238/5206/398
f 5238/5206/398 1180/874/398 1182/593/398
f 4337/5205/398 1184/874/398 5270/5206/398
f 5270/5206/398 1184/874/398 1186/593/398
f 3765/5205/398 1188/874/398 5271/5206/398
f 5271/5206/398 1188/874/398 1190/593/398
f 3334/5205/398 1192/874/398 5272/5206/398
f 5272/5206/398 1192/874/398 1194/593/398
f 2645/5205/398 1196/874/398 5273/5206/398
f 5273/5206/398 1196/874/398 1198/593/398
f 1929/5205/398 1200/874/398 5274/5206/398
f 5274/5206/398 1200/874/398 1202/593/398
f 1640/5205/398 1204/874/398 5275/5206/398
f 5275/5206/398 1204/874/398 1206/593/398
f 1382/5205/398 1208/874/398 5276/5206/398
f 5276/5206/398 1208/874/398 1210/593/398
f 1314/5205/398 1212/874/398 5277/5206/398
f 5277/5206/398 1212/874/398 1214/593/398
f 5050/1056/3048 5051/1257/3049 5278/1057/3189
f 5278/1057/3189 5051/1257/3049 5279/1258/155
f 5279/1258/155 5051/1257/3049 5280/1058/3190
f 5281/1261/3191 5280/1295/3190 5051/1257/3049
f 5280/1295/3190 5281/1261/3191 5282/1262/3192
f 5282/1262/3192 5281/1261/3191 82/1263/13
f 82/1263/13 5281/1261/3191 5283/1264/3193
f 5281/1261/3191 5051/1257/3049 5054/1071/3051
f 5283/1264/3193 5281/1261/3191 5284/1293/3194
f 5284/1293/3194 5281/1261/3191 5054/1071/3051
f 5284/1293/3194 5054/1071/3051 5056/1070/3052
f 5284/1293/3194 5056/1070/3052 5285/1294/3195
f 5285/1294/3195 5056/1070/3052 5066/1266/3059
f 5285/1294/3195 5066/1266/3059 5286/1296/3196
f 5286/1296/3196 5066/1266/3059 5287/1297/3197
f 5287/1297/3197 5066/1266/3059 5288/1298/3198
f 5287/1297/3197 5288/1298/3198 5289/1299/343
f 5287/1297/3197 5289/1299/343 5290/1300/3199
f 5290/1300/3199 5289/1299/343 5291/1301/3200
f 5291/1301/3200 5289/1299/343 5292/1302/3201
f 5292/1302/3201 5289/1299/343 5293/1303/3202
f 5292/1302/3201 5293/1303/3202 5294/1304/900
f 5294/1304/900 5293/1303/3202 55/1305/153
f 55/1305/153 5293/1303/3202 58/1306/712
f 4517/4428/2645 1855/4427/2646 2197/4429/2647
f 4254/5223/2466 4255/5224/2466 5295/5225/2178
f 5295/5225/2178 4255/5224/2466 5296/5226/2178
f 5295/5225/2178 5296/5226/2178 5297/5227/1863
f 5297/5227/1863 5296/5226/2178 5298/5228/1863
f 5297/5227/1863 5298/5228/1863 5299/5229/382
f 5299/5229/382 5298/5228/1863 5300/5230/382
f 5299/5229/382 5300/5230/382 4244/4037/280
f 4244/4037/280 5300/5230/382 4245/4038/280
f 710/605/2476 738/5231/2476 712/607/3203
f 712/607/3203 738/5231/2476 737/5232/3203
f 712/607/3203 737/5232/3203 714/609/3204
f 714/609/3204 737/5232/3203 736/5233/3204
f 714/609/3204 736/5233/3204 716/611/650
f 716/611/650 736/5233/3204 735/5234/650
f 716/611/650 735/5234/650 729/624/479
f 729/624/479 735/5234/650 732/5235/479
f 729/624/479 732/5235/479 731/626/1386
f 731/626/1386 732/5235/479 734/5236/1386
f 4276/4075/3205 4277/4076/3206 5301/5237/74
f 5301/5237/74 4277/4076/3206 5302/5238/3207
f 5302/5238/3207 4277/4076/3206 5303/5239/3208
f 5303/5239/3208 4277/4076/3206 4275/4074/3209
f 5303/5239/3208 4275/4074/3209 561/5240/262
f 5303/5239/3208 561/5240/262 560/5241/261
f 1400/1127/3210 1760/1389/1437 1399/1126/3210
f 1399/1126/3210 1760/1389/1437 4332/5242/1430
f 4332/5242/1430 1760/1389/1437 1429/1156/3211
f 1429/1156/3211 1760/1389/1437 1853/1498/1405
f 1853/1498/1405 1760/1389/1437 1759/1388/1642
f 1853/1498/1405 1759/1388/1642 5239/5243/2292
f 5239/5243/2292 1759/1388/1642 1798/1431/3212
f 5239/5243/2292 1798/1431/3212 1799/1432/3212
f 4322/4124/2511 4318/4125/2507 5304/5244/3213
f 4322/4124/2511 5304/5244/3213 5305/5245/3214
f 4322/4124/2511 5305/5245/3214 4323/4126/2512
f 4323/4126/2512 5305/5245/3214 5306/5246/3215
f 4323/4126/2512 5306/5246/3215 4325/4128/2514
f 4325/4128/2514 5306/5246/3215 5307/5247/288
f 4325/4128/2514 5307/5247/288 4326/4129/2515
f 4326/4129/2515 5307/5247/288 5308/5248/3216
f 4326/4129/2515 5308/5248/3216 4328/4131/2516
f 4328/4131/2516 5308/5248/3216 5309/5249/3217
f 4328/4131/2516 5309/5249/3217 4330/4133/2518
f 4330/4133/2518 5309/5249/3217 5310/5250/2719
f 4330/4133/2518 5310/5250/2719 553/4134/254
f 553/4134/254 5310/5250/2719 554/5251/255
f 4526/5252/2660 5311/5253/3218 2369/5254/1338
f 2369/5254/1338 5311/5253/3218 2372/5255/1340
f 2372/5255/1340 5311/5253/3218 2373/5256/1341
f 2373/5256/1341 5311/5253/3218 5312/5257/1853
f 2373/5256/1341 5312/5257/1853 2380/5258/1346
f 2380/5258/1346 5312/5257/1853 5313/5259/1853
f 2380/5258/1346 5313/5259/1853 2326/5260/1314
f 2326/5260/1314 5313/5259/1853 5314/5261/2595
f 2326/5260/1314 5314/5261/2595 5315/5262/2595
f 2326/5260/1314 5315/5262/2595 2324/5263/1312
f 2324/5263/1312 5315/5262/2595 2323/5264/1312
f 2323/5264/1312 5315/5262/2595 5316/5265/2595
f 2323/5264/1312 5316/5265/2595 5317/5266/3219
f 2323/5264/1312 5317/5266/3219 2325/5267/1313
f 2325/5267/1313 5317/5266/3219 2327/4445/1315
f 2327/4445/1315 5317/5266/3219 5318/5268/3220
f 2327/4445/1315 5318/5268/3220 4518/4446/2658
f 5319/1032/670 5320/1034/672 5321/1031/3221
f 5319/1032/670 5321/1031/3221 5322/1029/667
f 1585/1026/878 1589/1030/361 5322/1029/667
f 1585/1026/878 5322/1029/667 5323/1028/3222
f 5323/1028/3222 5322/1029/667 5321/1031/3221
f 1585/1026/878 5323/1028/3222 5324/1023/3223
f 5324/1023/3223 5323/1028/3222 5321/1031/3221
f 1585/1026/878 5324/1023/3223 1583/1024/361
f 1583/1024/361 5324/1023/3223 1580/1017/592
f 5324/1023/3223 5321/1031/3221 5039/1027/3224
f 5324/1023/3223 5039/1027/3224 5036/1025/3225
f 5324/1023/3223 5036/1025/3225 5034/1020/3226
f 5324/1023/3223 5034/1020/3226 1580/1017/592
f 5039/1027/3224 5321/1031/3221 5042/1033/3227
f 5042/1033/3227 5321/1031/3221 5325/1035/3210
f 5325/1035/3210 5321/1031/3221 5320/1034/672
f 5042/1033/3227 5325/1035/3210 5326/1036/3228
f 5326/1036/3228 5325/1035/3210 5320/1034/672
f 5326/1036/3228 5320/1034/672 5327/1037/676
f 5042/1033/3227 5326/1036/3228 5044/1038/1438
f 5326/1036/3228 5327/1037/676 5328/1039/678
f 5044/1038/1438 5326/1036/3228 5329/1040/3229
f 5044/1038/1438 5329/1040/3229 5046/1041/3230
f 5326/1036/3228 5328/1039/678 5330/1042/678
f 5326/1036/3228 5330/1042/678 5329/1040/3229
f 5330/1042/678 5328/1039/678 5331/1043/681
f 5330/1042/678 5331/1043/681 5329/1040/3229
f 5331/1043/681 5328/1039/678 5332/1044/681
f 5046/1041/3230 5329/1040/3229 5045/1045/3231
f 5331/1043/681 5332/1044/681 5333/1046/683
f 5331/1043/681 5333/1046/683 5334/1047/683
f 5334/1047/683 5333/1046/683 5335/1048/3232
f 5335/1048/3232 5333/1046/683 5336/1049/687
f 5335/1048/3232 5336/1049/687 5337/1888/153
f 5335/1048/3232 5337/1888/153 5338/1256/122
f 5335/1048/3232 5338/1256/122 296/135/465
f 296/135/465 5338/1256/122 297/134/2303
f 5334/1047/683 5335/1048/3232 5339/1050/683
f 5339/1050/683 5335/1048/3232 296/135/465
f 5334/1047/683 5339/1050/683 5331/1043/681
f 5339/1050/683 296/135/465 5340/1051/3233
f 5339/1050/683 5340/1051/3233 5341/1052/3234
f 5331/1043/681 5339/1050/683 5342/1053/2109
f 5331/1043/681 5342/1053/2109 5329/1040/3229
f 5329/1040/3229 5342/1053/2109 5045/1045/3231
f 5342/1053/2109 5339/1050/683 5343/1054/2288
f 5342/1053/2109 5343/1054/2288 5045/1045/3231
f 5343/1054/2288 5339/1050/683 5341/1052/3234
f 5045/1045/3231 5343/1054/2288 5344/1060/2480
f 5045/1045/3231 5344/1060/2480 5043/1061/460
f 5043/1061/460 5344/1060/2480 5040/1062/3235
f 5343/1054/2288 5341/1052/3234 5345/1055/2875
f 5345/1055/2875 5341/1052/3234 5346/1056/3236
f 5345/1055/2875 5346/1056/3236 5347/1057/3237
f 5343/1054/2288 5345/1055/2875 5348/1059/2117
f 5343/1054/2288 5348/1059/2117 5344/1060/2480
f 5345/1055/2875 5347/1057/3237 5349/1257/3238
f 5349/1257/3238 5347/1057/3237 5279/1258/155
f 5349/1257/3238 5279/1258/155 5280/1058/3190
f 5345/1055/2875 5349/1257/3238 5350/1063/3239
f 5348/1059/2117 5345/1055/2875 5351/1259/680
f 5351/1259/680 5345/1055/2875 5350/1063/3239
f 5348/1059/2117 5351/1259/680 5344/1060/2480
f 5350/1063/3239 5349/1257/3238 5352/1065/3240
f 5350/1063/3239 5352/1065/3240 5351/1259/680
f 5344/1060/2480 5351/1259/680 5353/1260/679
f 5344/1060/2480 5353/1260/679 5354/1064/3241
f 5344/1060/2480 5354/1064/3241 5040/1062/3235
f 5353/1260/679 5351/1259/680 5355/1068/3242
f 5353/1260/679 5355/1068/3242 5354/1064/3241
f 5040/1062/3235 5354/1064/3241 5037/1022/2107
f 5355/1068/3242 5351/1259/680 5356/1067/3243
f 5356/1067/3243 5351/1259/680 5352/1065/3240
f 5037/1022/2107 5354/1064/3241 5357/1066/3244
f 5354/1064/3241 5355/1068/3242 5358/1072/3245
f 5354/1064/3241 5358/1072/3245 5357/1066/3244
f 5355/1068/3242 5356/1067/3243 5359/1069/3246
f 5359/1069/3246 5356/1067/3243 5352/1065/3240
f 5359/1069/3246 5352/1065/3240 5360/1070/2293
f 5360/1070/2293 5352/1065/3240 5361/1071/2820
f 5361/1071/2820 5352/1065/3240 5362/1261/3247
f 5362/1261/3247 5352/1065/3240 5349/1257/3238
f 5362/1261/3247 5349/1257/3238 5280/1295/3190
f 5362/1261/3247 5280/1295/3190 5282/1262/3192
f 5362/1261/3247 5282/1262/3192 82/1263/13
f 5362/1261/3247 82/1263/13 81/1264/12
f 5359/1069/3246 5360/1070/2293 5363/1265/3248
f 5363/1265/3248 5360/1070/2293 5364/1266/3249
f 5365/1267/1398 5355/1068/3242 5359/1069/3246
f 5365/1267/1398 5359/1069/3246 5363/1265/3248
f 5355/1068/3242 5365/1267/1398 5366/1268/3250
f 5355/1068/3242 5366/1268/3250 5358/1072/3245
f 5366/1268/3250 5365/1267/1398 450/1269/213
f 5366/1268/3250 450/1269/213 5358/1072/3245
f 450/1269/213 5365/1267/1398 453/1270/216
f 5358/1072/3245 450/1269/213 448/1271/211
f 453/1270/216 5365/1267/1398 5367/1272/3183
f 5367/1272/3183 5365/1267/1398 5363/1265/3248
f 453/1270/216 5367/1272/3183 455/1273/218
f 455/1273/218 5367/1272/3183 456/1274/219
f 5358/1072/3245 448/1271/211 5368/1275/2145
f 5368/1275/2145 448/1271/211 447/1276/210
f 5368/1275/2145 447/1276/210 5369/1277/3251
f 5358/1072/3245 5368/1275/2145 5357/1066/3244
f 5368/1275/2145 5369/1277/3251 5370/1278/2284
f 5370/1278/2284 5369/1277/3251 5371/1280/3252
f 5368/1275/2145 5370/1278/2284 5372/1074/3253
f 5368/1275/2145 5372/1074/3253 5357/1066/3244
f 5372/1074/3253 5370/1278/2284 5371/1280/3252
f 5371/1280/3252 5369/1277/3251 5373/1285/3254
f 5371/1280/3252 5373/1285/3254 5374/1286/2490
f 5374/1286/2490 5373/1285/3254 5375/1287/3255
f 5374/1286/2490 5375/1287/3255 5376/1288/3256
f 5371/1280/3252 5374/1286/2490 1572/1289/868
f 5371/1280/3252 1572/1289/868 1573/1290/869
f 5371/1280/3252 1573/1290/869 5372/1074/3253
f 5372/1074/3253 1573/1290/869 1574/1291/870
f 5372/1074/3253 1574/1291/870 1575/1019/871
f 5372/1074/3253 1575/1019/871 5377/1073/666
f 5372/1074/3253 5377/1073/666 5357/1066/3244
f 5377/1073/666 1575/1019/871 5378/1018/3257
f 5377/1073/666 5378/1018/3257 5357/1066/3244
f 5378/1018/3257 1575/1019/871 1578/1016/873
f 5357/1066/3244 5378/1018/3257 5037/1022/2107
f 5378/1018/3257 1578/1016/873 1580/1017/592
f 5037/1022/2107 5378/1018/3257 5035/1021/3258
f 5378/1018/3257 1580/1017/592 5034/1020/3226
f 5378/1018/3257 5034/1020/3226 5035/1021/3258
f 5379/3609/3259 1572/1289/868 5374/1286/2490
f 1572/1289/868 5379/3609/3259 4237/3613/2460
f 4237/3613/2460 5379/3609/3259 4238/3611/2461
f 5379/3609/3259 5374/1286/2490 5380/3601/3260
f 5380/3601/3260 5374/1286/2490 5376/1288/3256
f 5380/3601/3260 5376/1288/3256 5381/3606/3261
f 5380/3601/3260 5381/3606/3261 5379/3609/3259
f 5381/3606/3261 5376/1288/3256 5382/3608/3262
f 5381/3606/3261 5382/3608/3262 5383/1284/3263
f 4238/3611/2461 5379/3609/3259 5384/3610/3264
f 4238/3611/2461 5384/3610/3264 39/3607/667
f 4238/3611/2461 39/3607/667 38/3612/361
f 5384/3610/3264 5379/3609/3259 5385/3604/2099
f 5384/3610/3264 5385/3604/2099 39/3607/667
f 5385/3604/2099 5379/3609/3259 5381/3606/3261
f 39/3607/667 5385/3604/2099 42/3605/670
f 42/3605/670 5385/3604/2099 43/2141/672
f 43/2141/672 5385/3604/2099 5386/3603/3212
f 5385/3604/2099 5381/3606/3261 5387/3602/3265
f 5385/3604/2099 5387/3602/3265 5386/3603/3212
f 5387/3602/3265 5381/3606/3261 5383/1284/3263
f 43/2141/672 5386/3603/3212 5388/2140/1405
f 5388/2140/1405 5386/3603/3212 5387/3602/3265
f 43/2141/672 5388/2140/1405 46/2139/676
f 5387/3602/3265 5383/1284/3263 5389/1281/3265
f 5387/3602/3265 5389/1281/3265 5388/2140/1405
f 5389/1281/3265 5383/1284/3263 5390/1282/3266
f 5389/1281/3265 5390/1282/3266 456/1274/219
f 5389/1281/3265 456/1274/219 5391/1279/3267
f 5389/1281/3265 5391/1279/3267 5388/2140/1405
f 5391/1279/3267 456/1274/219 5367/1272/3183
f 47/2142/678 46/2139/676 5388/2140/1405
f 5391/1279/3267 5367/1272/3183 5392/1283/3268
f 5391/1279/3267 5392/1283/3268 5388/2140/1405
f 5392/1283/3268 5367/1272/3183 5363/1265/3248
f 47/2142/678 5388/2140/1405 5393/2143/3269
f 5393/2143/3269 5388/2140/1405 5392/1283/3268
f 47/2142/678 5393/2143/3269 5394/2144/3270
f 5394/2144/3270 5393/2143/3269 5392/1283/3268
f 47/2142/678 5394/2144/3270 50/2145/681
f 5392/1283/3268 5363/1265/3248 5395/2147/3271
f 5392/1283/3268 5395/2147/3271 5394/2144/3270
f 50/2145/681 5394/2144/3270 51/2146/683
f 5395/2147/3271 5363/1265/3248 5396/2149/3272
f 5395/2147/3271 5396/2149/3272 5394/2144/3270
f 5396/2149/3272 5363/1265/3248 5364/1266/3249
f 5396/2149/3272 5364/1266/3249 5397/1298/3273
f 51/2146/683 5394/2144/3270 5398/2148/2877
f 5398/2148/2877 5394/2144/3270 5396/2149/3272
f 51/2146/683 5398/2148/2877 5399/1303/3274
f 5399/1303/3274 5398/2148/2877 5396/2149/3272
f 51/2146/683 5399/1303/3274 54/1306/687
f 5396/2149/3272 5397/1298/3273 5400/1299/121
f 5396/2149/3272 5400/1299/121 5399/1303/3274
f 54/1306/687 5399/1303/3274 55/1305/153
f 55/1305/153 5399/1303/3274 5294/1304/900
f 5294/1304/900 5399/1303/3274 5292/1302/3201
f 5292/1302/3201 5399/1303/3274 5400/1299/121
f 5292/1302/3201 5400/1299/121 5291/1301/3200
f 5291/1301/3200 5400/1299/121 5401/1300/3275
f 1921/5269/328 1920/1566/328 2306/5270/328
f 2306/5270/328 1920/1566/328 3574/3323/328
f 3313/3017/1899 428/3018/194 5402/5271/3276
f 5402/5271/3276 428/3018/194 431/5272/196
f 5402/5271/3276 431/5272/196 1229/5273/598
f 1229/5273/598 431/5272/196 434/5274/199
f 1148/873/2 1150/874/2 1743/875/2
f 1743/875/2 1150/874/2 5248/876/2
f 5270/592/2 1186/593/2 1714/594/2
f 1714/594/2 1186/593/2 1187/595/2
f 460/367/3277 3760/5275/557 458/365/3278
f 458/365/3278 3760/5275/557 464/371/1927
f 464/371/1927 3760/5275/557 3754/5276/2156
f 464/371/1927 3754/5276/2156 468/375/3279
f 468/375/3279 3754/5276/2156 472/379/3280
f 472/379/3280 3754/5276/2156 3748/5277/2151
f 472/379/3280 3748/5277/2151 476/383/3281
f 476/383/3281 3748/5277/2151 480/387/3282
f 480/387/3282 3748/5277/2151 3742/5278/2146
f 480/387/3282 3742/5278/2146 484/391/2905
f 484/391/2905 3742/5278/2146 488/395/3283
f 488/395/3283 3742/5278/2146 3738/5279/2142
f 488/395/3283 3738/5279/2142 493/400/469
f 493/400/469 3738/5279/2142 490/402/424
f 490/402/424 3738/5279/2142 3737/5280/2141
f 5403/3802/3284 5404/3803/3285 3847/3801/2223
f 5403/3802/3284 3847/3801/2223 5405/3799/3286
f 3847/3801/2223 5404/3803/3285 3871/3804/2239
f 5405/3799/3286 3847/3801/2223 3846/3800/2222
f 3871/3804/2239 5404/3803/3285 3861/5281/2234
f 5405/3799/3286 3846/3800/2222 3843/3798/719
f 3861/5281/2234 5404/3803/3285 5406/5282/137
f 3861/5281/2234 5406/5282/137 5407/5283/3287
f 3861/5281/2234 5407/5283/3287 3859/5284/2233
f 5405/3799/3286 3843/3798/719 5408/3797/215
f 5408/3797/215 3843/3798/719 3840/3795/2218
f 5408/3797/215 3840/3795/2218 5409/3796/716
f 5409/3796/716 3840/3795/2218 5410/353/266
f 5410/353/266 3840/3795/2218 3841/354/1566
f 5410/353/266 3841/354/1566 3842/355/2219
f 5410/353/266 3842/355/2219 5022/356/3022
f 1607/1309/3211 1608/1310/3211 2097/5285/3211
f 2097/5285/3211 1608/1310/3211 5411/5286/3211
f 1611/1309/1405 1612/1310/1405 2776/5285/1405
f 2776/5285/1405 1612/1310/1405 5412/5286/1405
f 1615/1309/3211 1616/1310/3211 3575/5285/3211
f 3575/5285/3211 1616/1310/3211 5413/5286/3211
f 1619/1313/3211 1620/1314/3211 4015/5287/3211
f 4015/5287/3211 1620/1314/3211 5414/5288/3211
f 5415/5289/3288 5416/5290/2311 5417/5291/3289
f 5417/5291/3289 5416/5290/2311 5418/5292/3290
f 5418/5292/3290 5416/5290/2311 5419/5293/3291
f 5417/5291/3289 5418/5292/3290 1446/5294/3292
f 1446/5294/3292 5418/5292/3290 5419/5293/3291
f 5417/5291/3289 1446/5294/3292 1448/1175/3293
f 5417/5291/3289 1448/1175/3293 1465/1192/2311
f 5417/5291/3289 1465/1192/2311 1466/1193/3288
f 5417/5291/3289 1466/1193/3288 5415/5289/3288
f 5415/5289/3288 1466/1193/3288 1470/1197/3294
f 1446/5294/3292 5419/5293/3291 1443/5295/2476
f 5420/5296/2311 5416/5290/2311 5415/5289/3288
f 5416/5290/2311 5420/5296/2311 5419/5293/3291
f 1443/5295/2476 5419/5293/3291 1441/5297/3295
f 5415/5289/3288 1470/1197/3294 5421/5298/3294
f 5415/5289/3288 5421/5298/3294 5420/5296/2311
f 5421/5298/3294 1470/1197/3294 1473/1200/3296
f 5421/5298/3294 1473/1200/3296 1763/1392/3296
f 1441/5297/3295 5419/5293/3291 5422/5299/3297
f 5421/5298/3294 1763/1392/3296 5423/5300/3052
f 5421/5298/3294 5423/5300/3052 5420/5296/2311
f 5423/5300/3052 1763/1392/3296 2192/1834/3298
f 5423/5300/3052 2192/1834/3298 5424/5301/2289
f 5423/5300/3052 5424/5301/2289 5420/5296/2311
f 5424/5301/2289 2192/1834/3298 2190/1832/3052
f 5425/5302/2902 5419/5293/3291 5420/5296/2311
f 5425/5302/2902 5420/5296/2311 5424/5301/2289
f 5419/5293/3291 5425/5302/2902 5422/5299/3297
f 1437/5303/3299 1441/5297/3295 5422/5299/3297
f 5425/5302/2902 5424/5301/2289 2183/5304/3300
f 5424/5301/2289 2190/1832/3052 5426/5305/2289
f 5424/5301/2289 5426/5305/2289 2183/5304/3300
f 5426/5305/2289 2190/1832/3052 2188/1830/2316
f 5426/5305/2289 2188/1830/2316 2185/1827/2316
f 5426/5305/2289 2185/1827/2316 2183/5304/3300
f 5425/5302/2902 2183/5304/3300 2182/5306/3295
f 5427/5307/461 5422/5299/3297 5425/5302/2902
f 5427/5307/461 5425/5302/2902 2182/5306/3295
f 5427/5307/461 2182/5306/3295 5428/5308/1421
f 5427/5307/461 5428/5308/1421 5422/5299/3297
f 5428/5308/1421 2182/5306/3295 2184/5309/3301
f 5428/5308/1421 2184/5309/3301 2186/5310/1421
f 5428/5308/1421 2186/5310/1421 3718/5311/678
f 5428/5308/1421 3718/5311/678 5429/5312/3295
f 5422/5299/3297 5428/5308/1421 5430/5313/904
f 5430/5313/904 5428/5308/1421 5429/5312/3295
f 5422/5299/3297 5430/5313/904 1437/5303/3299
f 5430/5313/904 5429/5312/3295 5431/5314/3295
f 1437/5303/3299 5430/5313/904 1438/5315/1936
f 1438/5315/1936 5430/5313/904 5431/5314/3295
f 1438/5315/1936 5431/5314/3295 3328/5316/1935
f 568/920/269 1009/921/524 991/5317/505
f 991/5317/505 1009/921/524 5432/5318/3302
f 991/5317/505 5432/5318/3302 992/5319/507
f 992/5319/507 5432/5318/3302 5433/5320/3303
f 992/5319/507 5433/5320/3303 571/5321/274
f 571/5321/274 5433/5320/3303 5434/5322/3304
f 419/1252/187 1520/1253/819 417/3805/185
f 417/3805/185 1520/1253/819 1521/1254/713
f 557/5323/361 555/5324/361 559/5325/361
f 4220/5326/361 559/5325/361 4222/5327/361
f 4222/5327/361 559/5325/361 555/5324/361
f 4224/5328/361 4222/5327/361 5435/5329/361
f 5435/5329/361 4222/5327/361 5304/5244/361
f 5304/5244/361 4222/5327/361 555/5324/361
f 5435/5329/361 5304/5244/361 5436/5330/361
f 5305/5245/361 5304/5244/361 5306/5246/361
f 5306/5246/361 5304/5244/361 5308/5248/361
f 5308/5248/361 5304/5244/361 555/5324/361
f 5308/5248/361 555/5324/361 5310/5250/361
f 5310/5250/361 555/5324/361 554/5251/361
f 5308/5248/361 5310/5250/361 5309/5249/361
f 5306/5246/361 5308/5248/361 5307/5247/361
f 407/4591/1890 403/5331/3305 4648/4592/3305
f 4648/4592/3305 403/5331/3305 5437/5332/2247
f 4648/4592/3305 5437/5332/2247 1232/4593/398
f 1232/4593/398 5437/5332/2247 1230/5333/398
f 1230/5333/398 5437/5332/2247 1227/1107/398
f 1227/1107/398 5437/5332/2247 1378/1108/3306
f 1378/1108/3306 5437/5332/2247 403/5331/3305
f 1378/1108/3306 403/5331/3305 399/1109/3306
f 5414/5334/137 1620/1314/137 1940/5335/137
f 1940/5335/137 1620/1314/137 1618/1312/137
f 1634/1320/137 1633/1319/137 3284/5336/137
f 3284/5336/137 1633/1319/137 4940/5337/137
f 107/137/33 228/1530/70 296/135/133
f 296/135/133 228/1530/70 5340/1051/3307
f 5340/1051/3307 228/1530/70 5232/1531/3308
f 5340/1051/3307 5232/1531/3308 5341/1052/3308
f 5341/1052/3308 5232/1531/3308 5233/1532/3309
f 5341/1052/3308 5233/1532/3309 5346/1056/3310
f 5346/1056/3310 5233/1532/3309 5347/1057/3311
f 5347/1057/3311 5233/1532/3309 5438/1533/3312
f 4156/3943/2406 4154/3941/2404 75/5338/7
f 75/5338/7 4154/3941/2404 283/5339/121
f 283/5339/121 4154/3941/2404 284/5340/122
f 284/5340/122 4154/3941/2404 4153/3940/2403
f 284/5340/122 4153/3940/2403 4150/3937/2401
f 284/5340/122 4150/3937/2401 287/5341/125
f 287/5341/125 4150/3937/2401 4145/3932/2397
f 287/5341/125 4145/3932/2397 290/5342/32
f 5439/5343/3313 290/5344/32 4145/3932/2397
f 5439/5343/3313 4145/3932/2397 4144/3931/2396
f 5439/5343/3313 4144/3931/2396 4141/3928/2393
f 5439/5343/3313 4141/3928/2393 5440/5345/3314
f 5440/5345/3314 4141/3928/2393 4137/3924/2391
f 5440/5345/3314 4137/3924/2391 5441/5346/2080
f 5441/5346/2080 4137/3924/2391 4132/3919/2390
f 5441/5346/2080 4132/3919/2390 5442/5347/2910
f 5442/5347/2910 4132/3919/2390 5443/5348/3315
f 5443/5348/3315 4132/3919/2390 4131/3918/2389
f 5443/5348/3315 4131/3918/2389 4798/5349/2873
f 4798/5349/2873 4131/3918/2389 4128/3915/2388
f 4798/5349/2873 4128/3915/2388 4126/3913/2387
f 4798/5349/2873 4126/3913/2387 4801/5350/688
f 4801/5350/688 4126/3913/2387 4802/5351/341
f 4802/5351/341 4126/3913/2387 4121/3908/2384
f 4802/5351/341 4121/3908/2384 4117/3904/2381
f 4802/5351/341 4117/3904/2381 4808/5352/2878
f 4808/5352/2878 4117/3904/2381 4809/5353/2475
f 4809/5353/2475 4117/3904/2381 4116/3903/2380
f 4809/5353/2475 4116/3903/2380 4114/3901/2378
f 4809/5353/2475 4114/3901/2378 4827/5354/2891
f 4827/5354/2891 4114/3901/2378 4828/5355/2892
f 4828/5355/2892 4114/3901/2378 5444/5356/3316
f 5444/5356/3316 4114/3901/2378 4112/3899/2376
f 4828/5355/2892 5444/5356/3316 4831/5357/2895
f 5444/5356/3316 4112/3899/2376 4111/3898/2375
f 4831/5357/2895 5444/5356/3316 5445/5358/3317
f 5445/5358/3317 5444/5356/3316 4111/3898/2375
f 4831/5357/2895 5445/5358/3317 4836/5359/2899
f 4836/5359/2899 5445/5358/3317 5446/5360/2303
f 5446/5360/2303 5445/5358/3317 4511/5361/3318
f 4511/5361/3318 5445/5358/3317 4111/3898/2375
f 4511/5361/3318 4111/3898/2375 4110/3897/2374
f 4511/5361/3318 4110/3897/2374 4509/5362/3319
f 4509/5362/3319 4110/3897/2374 4507/5363/3320
f 4507/5363/3320 4110/3897/2374 4108/3895/2342
f 4507/5363/3320 4108/3895/2342 4505/5364/3321
f 4505/5364/3321 4108/3895/2342 4106/3893/2371
f 4505/5364/3321 4106/3893/2371 4503/5365/3322
f 4503/5365/3322 4106/3893/2371 4501/5366/931
f 4501/5366/931 4106/3893/2371 4104/3891/2369
f 4501/5366/931 4104/3891/2369 4499/5367/3323
f 4499/5367/3323 4104/3891/2369 4105/3892/2370
f 4499/5367/3323 4105/3892/2370 4847/5368/2909
f 4499/5367/3323 4847/5368/2909 4497/5369/2908
f 4847/5368/2909 4105/3892/2370 4848/5370/2910
f 4848/5370/2910 4105/3892/2370 4103/3890/2368
f 4848/5370/2910 4103/3890/2368 4850/5371/2912
f 4850/5371/2912 4103/3890/2368 4099/3886/2366
f 4850/5371/2912 4099/3886/2366 4853/5372/155
f 4853/5372/155 4099/3886/2366 4093/3880/1090
f 4853/5372/155 4093/3880/1090 4856/5373/2917
f 4856/5373/2917 4093/3880/1090 4092/3879/2362
f 4856/5373/2917 4092/3879/2362 4490/4395/2629
f 4490/4395/2629 4092/3879/2362 4091/3878/2361
f 4856/5373/2917 4490/4395/2629 4859/5374/2920
f 4859/5374/2920 4490/4395/2629 4491/4396/2630
f 4859/5374/2920 4491/4396/2630 4861/5375/2922
f 4861/5375/2922 4491/4396/2630 4496/4402/905
f 4496/4402/905 4491/4396/2630 4492/4397/2631
f 4496/4402/905 4492/4397/2631 4493/4398/2632
f 5447/5376/1437 499/408/1437 2582/2255/1428
f 2582/2255/1428 499/408/1437 498/407/1428
f 2306/5377/3324 3574/3323/3324 1926/5378/3324
f 1926/5378/3324 3574/3323/3324 1925/1571/3324
f 5246/592/137 1105/593/137 1737/594/137
f 1737/594/137 1105/593/137 1103/595/137
f 1133/873/137 1132/874/137 1706/875/137
f 1706/875/137 1132/874/137 5268/876/137
f 4209/3998/250 4210/3999/2136 3680/5379/236
f 3680/5379/236 4210/3999/2136 3677/5380/2119
f 3677/5380/2119 4210/3999/2136 3676/5381/2118
f 3676/5381/2118 4210/3999/2136 4211/4000/2442
f 3676/5381/2118 4211/4000/2442 4214/4003/2341
f 3676/5381/2118 4214/4003/2341 3673/5382/2115
f 3673/5382/2115 4214/4003/2341 4216/4005/2446
f 3673/5382/2115 4216/4005/2446 3670/5383/2113
f 3670/5383/2113 4216/4005/2446 541/454/411
f 3670/5383/2113 541/454/411 519/871/463
f 297/134/134 5448/135/3325 106/136/32
f 106/136/32 5448/135/3325 147/137/55
f 147/137/55 5448/135/3325 146/1530/54
f 146/1530/54 5448/135/3325 5116/1051/3326
f 146/1530/54 5116/1051/3326 5190/1531/3327
f 5190/1531/3327 5116/1051/3326 5047/1052/3327
f 5190/1531/3327 5047/1052/3327 5189/1532/3328
f 5189/1532/3328 5047/1052/3327 5050/1056/3329
f 5189/1532/3328 5050/1056/3329 5278/1057/3330
f 5189/1532/3328 5278/1057/3330 5449/1533/3331
f 5449/1533/3331 5278/1057/3330 5450/1534/3332
f 5450/1534/3332 5278/1057/3330 5279/1258/7
f 1152/873/2 1154/874/2 1745/875/2
f 1745/875/2 1154/874/2 5249/876/2
f 5271/592/2 1190/593/2 1716/594/2
f 1716/594/2 1190/593/2 1191/595/2
f 5288/1298/3198 5066/1266/3059 5451/2149/3333
f 5451/2149/3333 5066/1266/3059 5065/1265/2791
f 5289/1299/343 5288/1298/3198 5293/1303/3202
f 5293/1303/3202 5288/1298/3198 5451/2149/3333
f 5451/2149/3333 5065/1265/2791 5452/2147/3334
f 5452/2147/3334 5065/1265/2791 5078/1283/3068
f 5293/1303/3202 5451/2149/3333 5453/2148/2381
f 5451/2149/3333 5452/2147/3334 5454/2144/2300
f 5451/2149/3333 5454/2144/2300 5453/2148/2381
f 5454/2144/2300 5452/2147/3334 5078/1283/3068
f 5293/1303/3202 5453/2148/2381 59/2146/3088
f 59/2146/3088 5453/2148/2381 5454/2144/2300
f 5293/1303/3202 59/2146/3088 58/1306/712
f 59/2146/3088 5454/2144/2300 62/2145/707
f 62/2145/707 5454/2144/2300 63/2142/703
f 5454/2144/2300 5078/1283/3068 5455/2143/3335
f 5454/2144/2300 5455/2143/3335 63/2142/703
f 5455/2143/3335 5078/1283/3068 5456/2140/2595
f 5455/2143/3335 5456/2140/2595 63/2142/703
f 63/2142/703 5456/2140/2595 66/2139/701
f 5456/2140/2595 5078/1283/3068 5076/1281/3066
f 66/2139/701 5456/2140/2595 67/2141/697
f 67/2141/697 5456/2140/2595 5457/3603/3336
f 5456/2140/2595 5076/1281/3066 5458/3602/3066
f 5456/2140/2595 5458/3602/3066 5457/3603/3336
f 5458/3602/3066 5076/1281/3066 5079/1284/3069
f 67/2141/697 5457/3603/3336 5459/3604/695
f 5459/3604/695 5457/3603/3336 5458/3602/3066
f 67/2141/697 5459/3604/695 70/3605/695
f 5458/3602/3066 5079/1284/3069 5460/3606/3337
f 5458/3602/3066 5460/3606/3337 5459/3604/695
f 5460/3606/3337 5079/1284/3069 5461/3608/3338
f 70/3605/695 5459/3604/695 71/3607/691
f 5460/3606/3337 5461/3608/3338 5085/1288/3073
f 5460/3606/3337 5085/1288/3073 5462/3601/3339
f 5462/3601/3339 5085/1288/3073 5083/1286/2613
f 5460/3606/3337 5462/3601/3339 5463/3609/3340
f 5463/3609/3340 5462/3601/3339 5083/1286/2613
f 5460/3606/3337 5463/3609/3340 5459/3604/695
f 5463/3609/3340 5083/1286/2613 3838/1289/2217
f 5463/3609/3340 3838/1289/2217 3875/3613/2243
f 5463/3609/3340 3875/3613/2243 3874/3611/2242
f 5459/3604/695 5463/3609/3340 5464/3610/3341
f 5464/3610/3341 5463/3609/3340 3874/3611/2242
f 5459/3604/695 5464/3610/3341 71/3607/691
f 71/3607/691 5464/3610/3341 3874/3611/2242
f 71/3607/691 3874/3611/2242 12/3612/398
f 5163/612/2356 5465/613/701 5161/614/2356
f 5161/614/2356 5465/613/701 5165/615/2356
f 5465/613/701 5163/612/2356 5166/616/2356
f 5165/615/2356 5465/613/701 5466/617/2356
f 5465/613/701 5166/616/2356 5167/618/701
f 5466/617/2356 5465/613/701 5467/619/701
f 5465/613/701 5167/618/701 5168/620/701
f 5467/619/701 5465/613/701 5170/621/701
f 5465/613/701 5168/620/701 5169/622/701
f 5465/613/701 5169/622/701 5170/621/701
f 3994/5384/2318 5468/5385/3342 3983/5386/2314
f 5469/5387/3343 5470/5388/3344 5468/5385/3342
f 5468/5385/3342 3994/5384/2318 2984/5389/1647
f 5469/5387/3343 5468/5385/3342 5471/5390/3345
f 5471/5390/3345 5468/5385/3342 2984/5389/1647
f 5469/5387/3343 5471/5390/3345 5472/5391/3346
f 5472/5391/3346 5471/5390/3345 5473/5392/689
f 5471/5390/3345 2984/5389/1647 5474/5393/3347
f 5471/5390/3345 5474/5393/3347 5473/5392/689
f 5474/5393/3347 2984/5389/1647 2980/5394/1645
f 5474/5393/3347 2980/5394/1645 2978/5395/1644
f 5473/5392/689 5474/5393/3347 5475/5396/3347
f 5475/5396/3347 5474/5393/3347 2978/5395/1644
f 5473/5392/689 5475/5396/3347 5476/5397/689
f 5475/5396/3347 2978/5395/1644 2977/5398/1644
f 5476/5397/689 5475/5396/3347 5477/5399/2291
f 5475/5396/3347 2977/5398/1644 5478/5400/3296
f 5475/5396/3347 5478/5400/3296 5477/5399/2291
f 5478/5400/3296 2977/5398/1644 2979/5401/1644
f 5477/5399/2291 5478/5400/3296 5479/5402/3296
f 5479/5402/3296 5478/5400/3296 2979/5401/1644
f 5477/5399/2291 5479/5402/3296 5480/5403/2291
f 5480/5403/2291 5479/5402/3296 5481/5404/689
f 5479/5402/3296 2979/5401/1644 5482/5405/3347
f 5479/5402/3296 5482/5405/3347 5481/5404/689
f 5482/5405/3347 2979/5401/1644 2983/5406/1646
f 5481/5404/689 5482/5405/3347 5483/5407/3348
f 5482/5405/3347 2983/5406/1646 2985/5408/1648
f 5483/5407/3348 5482/5405/3347 5484/5409/3349
f 5484/5409/3349 5482/5405/3347 2985/5408/1648
f 5483/5407/3348 5484/5409/3349 5485/5410/3350
f 5485/5410/3350 5484/5409/3349 2985/5408/1648
f 5483/5407/3348 5485/5410/3350 5486/5411/3351
f 5485/5410/3350 2985/5408/1648 2990/5412/1651
f 5486/5411/3351 5485/5410/3350 5487/5413/3352
f 5485/5410/3350 2990/5412/1651 2992/5414/909
f 5487/5413/3352 5485/5410/3350 5488/5415/3353
f 5488/5415/3353 5485/5410/3350 2992/5414/909
f 5487/5413/3352 5488/5415/3353 5489/5416/3354
f 5489/5416/3354 5488/5415/3353 2992/5414/909
f 5487/5413/3352 5489/5416/3354 5490/5417/3355
f 5489/5416/3354 2992/5414/909 2998/5418/1658
f 5490/5417/3355 5489/5416/3354 5491/5419/3356
f 5489/5416/3354 2998/5418/1658 3000/5420/1659
f 5491/5419/3356 5489/5416/3354 5492/5421/3357
f 5492/5421/3357 5489/5416/3354 3000/5420/1659
f 5491/5419/3356 5492/5421/3357 5493/5422/3358
f 5493/5422/3358 5492/5421/3357 3000/5420/1659
f 5493/5422/3358 3000/5420/1659 3011/5423/1669
f 5491/5419/3356 5493/5422/3358 5494/5424/3343
f 5493/5422/3358 3011/5423/1669 3012/5425/1670
f 5494/5424/3343 5493/5422/3358 5495/5426/3359
f 5495/5426/3359 5493/5422/3358 3012/5425/1670
f 5494/5424/3343 5495/5426/3359 5496/5427/3344
f 5496/5427/3344 5495/5426/3359 5497/5428/3344
f 5495/5426/3359 3012/5425/1670 5498/5429/3360
f 5495/5426/3359 5498/5429/3360 5497/5428/3344
f 5498/5429/3360 3012/5425/1670 3017/5430/1674
f 5497/5428/3344 5498/5429/3360 5499/5431/2635
f 5498/5429/3360 3017/5430/1674 2824/5432/1597
f 5499/5431/2635 5498/5429/3360 5500/5433/224
f 5500/5433/224 5498/5429/3360 2824/5432/1597
f 5499/5431/2635 5500/5433/224 5501/5434/224
f 5501/5434/224 5500/5433/224 2824/5432/1597
f 5501/5434/224 2824/5432/1597 2821/5435/1595
f 5499/5431/2635 5501/5434/224 5502/5436/2635
f 5501/5434/224 2821/5435/1595 2817/5437/1244
f 5502/5436/2635 5501/5434/224 5503/5438/3361
f 5503/5438/3361 5501/5434/224 2817/5437/1244
f 5502/5436/2635 5503/5438/3361 5504/5439/2635
f 5504/5439/2635 5503/5438/3361 5505/5440/2635
f 5503/5438/3361 2817/5437/1244 5506/5441/3361
f 5503/5438/3361 5506/5441/3361 5505/5440/2635
f 5506/5441/3361 2817/5437/1244 2815/5442/1593
f 5505/5440/2635 5506/5441/3361 5507/5443/2635
f 5506/5441/3361 2815/5442/1593 2813/5444/1592
f 5507/5443/2635 5506/5441/3361 5508/5445/3362
f 5508/5445/3362 5506/5441/3361 2813/5444/1592
f 5507/5443/2635 5508/5445/3362 5509/5446/3362
f 5509/5446/3362 5508/5445/3362 2813/5444/1592
f 5509/5446/3362 2813/5444/1592 2814/5447/1592
f 5507/5443/2635 5509/5446/3362 5510/5448/2635
f 5509/5446/3362 2814/5447/1592 2816/5449/1592
f 5510/5448/2635 5509/5446/3362 5511/5450/3362
f 5511/5450/3362 5509/5446/3362 2816/5449/1592
f 5510/5448/2635 5511/5450/3362 5512/5451/2635
f 5512/5451/2635 5511/5450/3362 5513/5452/2635
f 5511/5450/3362 2816/5449/1592 5514/5453/3362
f 5511/5450/3362 5514/5453/3362 5513/5452/2635
f 5514/5453/3362 2816/5449/1592 2823/5454/1593
f 5513/5452/2635 5514/5453/3362 5515/5455/2635
f 5514/5453/3362 2823/5454/1593 2825/5456/1598
f 5515/5455/2635 5514/5453/3362 5516/5457/3362
f 5516/5457/3362 5514/5453/3362 2825/5456/1598
f 5515/5455/2635 5516/5457/3362 5517/5458/3362
f 5517/5458/3362 5516/5457/3362 2825/5456/1598
f 5515/5455/2635 5517/5458/3362 5518/5459/2635
f 5517/5458/3362 2825/5456/1598 2830/5460/1598
f 5518/5459/2635 5517/5458/3362 5519/5461/2635
f 5517/5458/3362 2830/5460/1598 2832/5462/1600
f 5519/5461/2635 5517/5458/3362 5520/5463/3362
f 5520/5463/3362 5517/5458/3362 2832/5462/1600
f 5519/5461/2635 5520/5463/3362 5521/5464/3363
f 5521/5464/3363 5520/5463/3362 2832/5462/1600
f 5519/5461/2635 5521/5464/3363 5522/5465/2635
f 5521/5464/3363 2832/5462/1600 2838/5466/1604
f 5522/5465/2635 5521/5464/3363 5523/5467/2635
f 5521/5464/3363 2838/5466/1604 5524/5468/3364
f 5524/5468/3364 2838/5466/1604 2837/5469/1603
f 5523/5467/2635 5521/5464/3363 5525/5470/913
f 5525/5470/913 5521/5464/3363 5524/5468/3364
f 5524/5468/3364 2837/5469/1603 5526/5471/996
f 5524/5468/3364 5526/5471/996 3443/5472/2000
f 5524/5468/3364 3443/5472/2000 3445/5473/2002
f 5525/5470/913 5524/5468/3364 5527/5474/3365
f 5527/5474/3365 5524/5468/3364 3445/5473/2002
f 5525/5470/913 5527/5474/3365 5523/5467/2635
f 5523/5467/2635 5527/5474/3365 5528/5475/137
f 5527/5474/3365 3445/5473/2002 3444/5476/2001
f 5528/5475/137 5527/5474/3365 5529/5477/137
f 5527/5474/3365 3444/5476/2001 5530/5478/3366
f 5527/5474/3365 5530/5478/3366 5529/5477/137
f 5530/5478/3366 3444/5476/2001 5531/5479/3366
f 5530/5478/3366 5531/5479/3366 5529/5477/137
f 5531/5479/3366 3444/5476/2001 3448/5480/2004
f 5529/5477/137 5531/5479/3366 5532/5481/137
f 5531/5479/3366 3448/5480/2004 3449/5482/2004
f 5532/5481/137 5531/5479/3366 5533/5483/137
f 5531/5479/3366 3449/5482/2004 5534/5484/3366
f 5531/5479/3366 5534/5484/3366 5533/5483/137
f 5534/5484/3366 3449/5482/2004 5535/5485/3366
f 5534/5484/3366 5535/5485/3366 5533/5483/137
f 5535/5485/3366 3449/5482/2004 3455/5486/2004
f 5533/5483/137 5535/5485/3366 5536/5487/137
f 5535/5485/3366 3455/5486/2004 3456/5488/2007
f 5536/5487/137 5535/5485/3366 5537/5489/3366
f 5537/5489/3366 5535/5485/3366 3456/5488/2007
f 5536/5487/137 5537/5489/3366 5538/5490/137
f 5538/5490/137 5537/5489/3366 5539/5491/137
f 5537/5489/3366 3456/5488/2007 5540/5492/3366
f 5537/5489/3366 5540/5492/3366 5539/5491/137
f 5540/5492/3366 3456/5488/2007 3461/5493/2007
f 5539/5491/137 5540/5492/3366 5541/5494/137
f 5540/5492/3366 3461/5493/2007 3465/5495/2007
f 5541/5494/137 5540/5492/3366 5542/5496/3366
f 5542/5496/3366 5540/5492/3366 3465/5495/2007
f 5541/5494/137 5542/5496/3366 5543/5497/3366
f 5543/5497/3366 5542/5496/3366 3465/5495/2007
f 5543/5497/3366 3465/5495/2007 3470/5498/2010
f 5541/5494/137 5543/5497/3366 5544/5499/137
f 5543/5497/3366 3470/5498/2010 3471/5500/2011
f 5544/5499/137 5543/5497/3366 5545/5501/3366
f 5545/5501/3366 5543/5497/3366 3471/5500/2011
f 5544/5499/137 5545/5501/3366 5546/5502/137
f 5546/5502/137 5545/5501/3366 5547/5503/137
f 5545/5501/3366 3471/5500/2011 5548/5504/3366
f 5545/5501/3366 5548/5504/3366 5547/5503/137
f 5548/5504/3366 3471/5500/2011 3477/5505/2011
f 5547/5503/137 5548/5504/3366 5549/5506/137
f 5548/5504/3366 3477/5505/2011 3479/5507/2011
f 5549/5506/137 5548/5504/3366 5550/5508/3366
f 5550/5508/3366 5548/5504/3366 3479/5507/2011
f 5549/5506/137 5550/5508/3366 5551/5509/3367
f 5551/5509/3367 5550/5508/3366 3479/5507/2011
f 5551/5509/3367 3479/5507/2011 3487/5510/2010
f 5549/5506/137 5551/5509/3367 5552/5511/137
f 5551/5509/3367 3487/5510/2010 3490/5512/2019
f 5552/5511/137 5551/5509/3367 5553/5513/3367
f 5553/5513/3367 5551/5509/3367 3490/5512/2019
f 5552/5511/137 5553/5513/3367 5554/5514/137
f 5553/5513/3367 3490/5512/2019 5555/5515/3368
f 5554/5514/137 5553/5513/3367 5556/5516/137
f 5556/5516/137 5553/5513/3367 5555/5515/3368
f 5557/5517/3369 2552/5518/3370 5558/5519/3371
f 5558/5519/3371 2552/5518/3370 2551/5520/3372
f 5558/5519/3371 2551/5520/3372 3585/5521/2055
f 3585/5521/2055 2551/5520/3372 2549/5522/2056
f 2552/5518/3370 5557/5517/3369 2554/5523/3373
f 2554/5523/3373 5557/5517/3369 5559/5524/3374
f 2554/5523/3373 5559/5524/3374 2558/5525/179
f 2558/5525/179 5559/5524/3374 5560/5526/179
f 2558/5525/179 5560/5526/179 2569/5527/3374
f 2569/5527/3374 5560/5526/179 5561/5528/3374
f 2569/5527/3374 5561/5528/3374 2572/5529/3374
f 2572/5529/3374 5561/5528/3374 5562/5530/3373
f 2572/5529/3374 5562/5530/3373 5563/5531/3375
f 2572/5529/3374 5563/5531/3375 2573/5532/3375
f 2573/5532/3375 5563/5531/3375 2580/5533/3376
f 2580/5533/3376 5563/5531/3375 5564/5534/3377
f 2580/5533/3376 5564/5534/3377 2584/5535/3378
f 2584/5535/3378 5564/5534/3377 5565/5536/3379
f 2584/5535/3378 5565/5536/3379 2587/5537/3380
f 2587/5537/3380 5565/5536/3379 5566/5538/3380
f 2587/5537/3380 5566/5538/3380 1513/5539/3381
f 1513/5539/3381 5566/5538/3380 5567/5540/3382
f 1513/5539/3381 5567/5540/3382 1512/5541/3383
f 1512/5541/3383 5567/5540/3382 5568/5542/3384
f 1512/5541/3383 5568/5542/3384 4047/5543/3385
f 4047/5543/3385 5568/5542/3384 5569/5544/3385
f 4047/5543/3385 5569/5544/3385 4049/5545/3386
f 4049/5545/3386 5569/5544/3385 5570/5546/654
f 4049/5545/3386 5570/5546/654 4052/5547/3386
f 4052/5547/3386 5570/5546/654 5571/5548/3386
f 4052/5547/3386 5571/5548/3386 4059/5549/2658
f 4059/5549/2658 5571/5548/3386 5572/5550/2658
f 4059/5549/2658 5572/5550/2658 4063/5551/654
f 4063/5551/654 5572/5550/2658 5573/5552/3386
f 4063/5551/654 5573/5552/3386 5209/5135/3155
f 4063/5551/654 5209/5135/3155 4067/5134/3154
f 4708/4654/2793 4707/4652/2792 5574/5553/3387
f 5574/5553/3387 4707/4652/2792 235/4653/712
f 4708/4654/2793 5574/5553/3387 5575/5554/3388
f 5574/5553/3387 235/4653/712 234/5555/687
f 5575/5554/3388 5574/5553/3387 5576/5556/3248
f 5576/5556/3248 5574/5553/3387 234/5555/687
f 5575/5554/3388 5576/5556/3248 5577/5557/3389
f 5576/5556/3248 234/5555/687 230/5558/2109
f 5577/5557/3389 5576/5556/3248 3043/5559/1699
f 3043/5559/1699 5576/5556/3248 3042/5560/1698
f 5576/5556/3248 230/5558/2109 232/5561/2109
f 5576/5556/3248 232/5561/2109 3042/5560/1698
f 3042/5560/1698 232/5561/2109 3038/5562/676
f 3038/5562/676 232/5561/2109 5578/5563/3390
f 3038/5562/676 5578/5563/3390 3035/5564/1695
f 3035/5564/1695 5578/5563/3390 157/69/3391
f 3035/5564/1695 157/69/3391 160/72/1694
f 157/69/3391 5578/5563/3390 153/65/3392
f 5578/5563/3390 232/5561/2109 5579/5565/3393
f 5578/5563/3390 5579/5565/3393 153/65/3392
f 5579/5565/3393 232/5561/2109 231/5566/3394
f 153/65/3392 5579/5565/3393 150/62/3395
f 5579/5565/3393 231/5566/3394 5580/5567/3396
f 5579/5565/3393 5580/5567/3396 150/62/3395
f 5580/5567/3396 231/5566/3394 233/5568/3397
f 150/62/3395 5580/5567/3396 148/60/1970
f 5580/5567/3396 233/5568/3397 5581/5569/341
f 5580/5567/3396 5581/5569/341 148/60/1970
f 5581/5569/341 233/5568/3397 236/5570/3398
f 148/60/1970 5581/5569/341 154/66/3399
f 5581/5569/341 236/5570/3398 5582/5571/3400
f 5581/5569/341 5582/5571/3400 154/66/3399
f 154/66/3399 5582/5571/3400 158/70/2790
f 5582/5571/3400 236/5570/3398 238/5572/3401
f 158/70/2790 5582/5571/3400 4705/4649/2789
f 4705/4649/2789 5582/5571/3400 238/5572/3401
f 4705/4649/2789 238/5572/3401 239/4648/707
f 4575/5573/822 576/5574/280 5583/5575/3402
f 4575/5573/822 5583/5575/3402 4576/5576/785
f 5583/5575/3402 576/5574/280 5584/5577/3403
f 5583/5575/3402 5584/5577/3403 4576/5576/785
f 4576/5576/785 5584/5577/3403 4578/5578/2707
f 4578/5578/2707 5584/5577/3403 4579/5579/2708
f 4579/5579/2708 5584/5577/3403 4583/5580/2711
f 4583/5580/2711 5584/5577/3403 4584/5581/2712
f 4584/5581/2712 5584/5577/3403 5585/5582/3404
f 4584/5581/2712 5585/5582/3404 4594/5583/2721
f 4594/5583/2721 5585/5582/3404 4593/5584/929
f 5413/5585/137 1616/1310/137 1938/5586/137
f 1938/5586/137 1616/1310/137 1614/1308/137
f 1630/1316/137 1629/1315/137 3282/5587/137
f 3282/5587/137 1629/1315/137 4939/5588/137
f 5584/5589/3403 576/5590/280 5586/5591/3405
f 5586/5591/3405 576/5590/280 575/5592/279
f 5586/5591/3405 575/5592/279 573/5593/277
f 5586/5591/3405 573/5593/277 5584/5589/3403
f 5584/5589/3403 573/5593/277 4722/5594/2822
f 5584/5589/3403 4722/5594/2822 4724/5595/787
f 5584/5589/3403 4724/5595/787 4729/5596/2827
f 5584/5589/3403 4729/5596/2827 4730/5597/2828
f 5584/5589/3403 4730/5597/2828 5587/5598/3406
f 5587/5598/3406 4730/5597/2828 4772/5599/2867
f 5584/5589/3403 5587/5598/3406 4593/5600/929
f 4593/5600/929 5587/5598/3406 4772/5599/2867
f 3358/3087/1952 3359/3088/1953 5588/5601/3407
f 5588/5601/3407 3359/3088/1953 5589/5602/1197
f 5589/5602/1197 3359/3088/1953 3361/3090/137
f 5588/5601/3407 5589/5602/1197 5590/5603/2935
f 5589/5602/1197 3361/3090/137 5591/5604/3408
f 5591/5604/3408 3361/3090/137 3363/3092/1956
f 5590/5603/2935 5589/5602/1197 5592/5605/3409
f 5592/5605/3409 5589/5602/1197 5591/5604/3408
f 5590/5603/2935 5592/5605/3409 5593/5606/3410
f 5591/5604/3408 3363/3092/1956 5594/5607/3411
f 5594/5607/3411 3363/3092/1956 3367/3096/1959
f 5592/5605/3409 5591/5604/3408 5595/5608/2461
f 5595/5608/2461 5591/5604/3408 5594/5607/3411
f 5593/5606/3410 5592/5605/3409 5596/5609/1235
f 5596/5609/1235 5592/5605/3409 5595/5608/2461
f 5593/5606/3410 5596/5609/1235 3560/3293/1970
f 3560/3293/1970 5596/5609/1235 3561/3294/1973
f 3561/3294/1973 5596/5609/1235 5597/5610/3412
f 5597/5610/3412 5596/5609/1235 5595/5608/2461
f 3561/3294/1973 5597/5610/3412 3562/3297/2
f 5595/5608/2461 5594/5607/3411 5598/5611/1208
f 5595/5608/2461 5598/5611/1208 5597/5610/3412
f 5599/5612/3413 5594/5607/3411 3367/3096/1959
f 5594/5607/3411 5599/5612/3413 5598/5611/1208
f 5599/5612/3413 3367/3096/1959 3371/3100/1963
f 3562/3297/2 5597/5610/3412 5600/5613/3414
f 5600/5613/3414 5597/5610/3412 5598/5611/1208
f 3562/3297/2 5600/5613/3414 3563/3299/1978
f 5598/5611/1208 5599/5612/3413 5601/5614/1208
f 5598/5611/1208 5601/5614/1208 5600/5613/3414
f 5599/5612/3413 3371/3100/1963 5602/5615/3415
f 5599/5612/3413 5602/5615/3415 5601/5614/1208
f 5602/5615/3415 3371/3100/1963 3375/3104/1966
f 3563/3299/1978 5600/5613/3414 5603/5616/3416
f 5603/5616/3416 5600/5613/3414 5601/5614/1208
f 3563/3299/1978 5603/5616/3416 3564/3301/1980
f 5601/5614/1208 5602/5615/3415 5604/5617/782
f 5601/5614/1208 5604/5617/782 5603/5616/3416
f 5602/5615/3415 3375/3104/1966 5605/5618/3417
f 5602/5615/3415 5605/5618/3417 5604/5617/782
f 5605/5618/3417 3375/3104/1966 3379/3108/1970
f 3564/3301/1980 5603/5616/3416 5606/5619/3418
f 5606/5619/3418 5603/5616/3416 5604/5617/782
f 3564/3301/1980 5606/5619/3418 3565/3303/633
f 5604/5617/782 5605/5618/3417 5607/5620/1638
f 5604/5617/782 5607/5620/1638 5606/5619/3418
f 5605/5618/3417 3379/3108/1970 5608/5621/3419
f 5605/5618/3417 5608/5621/3419 5607/5620/1638
f 5608/5621/3419 3379/3108/1970 3383/3112/1973
f 3565/3303/633 5606/5619/3418 5609/5622/3420
f 5609/5622/3420 5606/5619/3418 5607/5620/1638
f 3565/3303/633 5609/5622/3420 3566/3305/435
f 5607/5620/1638 5608/5621/3419 5610/5623/2268
f 5607/5620/1638 5610/5623/2268 5609/5622/3420
f 5608/5621/3419 3383/3112/1973 5611/5624/3421
f 5608/5621/3419 5611/5624/3421 5610/5623/2268
f 5611/5624/3421 3383/3112/1973 3387/3116/2
f 3566/3305/435 5609/5622/3420 5612/5625/3422
f 5612/5625/3422 5609/5622/3420 5610/5623/2268
f 3566/3305/435 5612/5625/3422 3567/3307/1952
f 5610/5623/2268 5611/5624/3421 5613/5626/3226
f 5610/5623/2268 5613/5626/3226 5612/5625/3422
f 5611/5624/3421 3387/3116/2 5614/5627/232
f 5611/5624/3421 5614/5627/232 5613/5626/3226
f 5614/5627/232 3387/3116/2 3391/3120/1978
f 3567/3307/1952 5612/5625/3422 5615/5628/3423
f 5615/5628/3423 5612/5625/3422 5613/5626/3226
f 3567/3307/1952 5615/5628/3423 3568/3309/1953
f 5613/5626/3226 5614/5627/232 5616/5629/3424
f 5613/5626/3226 5616/5629/3424 5615/5628/3423
f 5614/5627/232 3391/3120/1978 5617/5630/3425
f 5614/5627/232 5617/5630/3425 5616/5629/3424
f 5617/5630/3425 3391/3120/1978 3395/3124/1980
f 3568/3309/1953 5615/5628/3423 5618/5631/3426
f 5618/5631/3426 5615/5628/3423 5616/5629/3424
f 3568/3309/1953 5618/5631/3426 3569/3311/137
f 5616/5629/3424 5617/5630/3425 5619/5632/875
f 5616/5629/3424 5619/5632/875 5618/5631/3426
f 5617/5630/3425 3395/3124/1980 5620/5633/3427
f 5617/5630/3425 5620/5633/3427 5619/5632/875
f 5620/5633/3427 3395/3124/1980 3399/3128/633
f 3569/3311/137 5618/5631/3426 5621/5634/3428
f 5621/5634/3428 5618/5631/3426 5619/5632/875
f 3569/3311/137 5621/5634/3428 3570/3313/1956
f 5619/5632/875 5620/5633/3427 5622/5635/875
f 5619/5632/875 5622/5635/875 5621/5634/3428
f 5620/5633/3427 3399/3128/633 5623/5636/3429
f 5620/5633/3427 5623/5636/3429 5622/5635/875
f 5623/5636/3429 3399/3128/633 3402/3133/435
f 3570/3313/1956 5621/5634/3428 5624/5637/3430
f 5624/5637/3430 5621/5634/3428 5622/5635/875
f 3570/3313/1956 5624/5637/3430 3571/3315/1959
f 5622/5635/875 5623/5636/3429 5625/5638/1675
f 5622/5635/875 5625/5638/1675 5624/5637/3430
f 5623/5636/3429 3402/3133/435 5626/5639/1605
f 5623/5636/3429 5626/5639/1605 5625/5638/1675
f 5626/5639/1605 3402/3133/435 3358/3135/1952
f 5626/5639/1605 3358/3135/1952 5588/5640/3407
f 3571/3315/1959 5624/5637/3430 5627/5641/1407
f 5627/5641/1407 5624/5637/3430 5625/5638/1675
f 3571/3315/1959 5627/5641/1407 3572/3317/1963
f 5625/5638/1675 5626/5639/1605 5628/5642/3431
f 5628/5642/3431 5626/5639/1605 5588/5640/3407
f 5625/5638/1675 5628/5642/3431 5627/5641/1407
f 5628/5642/3431 5588/5640/3407 5590/5643/2935
f 3572/3317/1963 5627/5641/1407 5629/5644/3432
f 5629/5644/3432 5627/5641/1407 5628/5642/3431
f 5629/5644/3432 5628/5642/3431 5590/5643/2935
f 3572/3317/1963 5629/5644/3432 3573/3319/1966
f 5629/5644/3432 5590/5643/2935 5593/5645/3410
f 5629/5644/3432 5593/5645/3410 3573/3319/1966
f 3573/3319/1966 5593/5645/3410 3560/3321/1970
f 1156/873/2 1158/874/2 1747/875/2
f 1747/875/2 1158/874/2 5250/876/2
f 5272/592/2 1194/593/2 1718/594/2
f 1718/594/2 1194/593/2 1195/595/2
f 2056/2994/1130 3297/2993/1882 2051/5646/1127
f 2051/5646/1127 3297/2993/1882 3299/2996/1884
f 2051/5646/1127 3299/2996/1884 5630/5647/314
f 5630/5647/314 3299/2996/1884 3298/2995/1883
f 2051/5646/1127 5630/5647/314 2049/5648/755
f 5630/5647/314 3298/2995/1883 5631/5649/1694
f 2049/5648/755 5630/5647/314 2047/5650/1126
f 5630/5647/314 5631/5649/1694 5632/5651/3433
f 2047/5650/1126 5630/5647/314 5633/5652/3434
f 5633/5652/3434 5630/5647/314 5632/5651/3433
f 2047/5650/1126 5633/5652/3434 5634/5653/1430
f 5634/5653/1430 5633/5652/3434 5632/5651/3433
f 2047/5650/1126 5634/5653/1430 2048/5654/667
f 5634/5653/1430 5632/5651/3433 5635/5655/3301
f 2048/5654/667 5634/5653/1430 2050/5656/667
f 5634/5653/1430 5635/5655/3301 5636/5657/1430
f 5634/5653/1430 5636/5657/1430 2050/5656/667
f 5636/5657/1430 5635/5655/3301 5637/5658/3301
f 2050/5656/667 5636/5657/1430 2053/5659/1128
f 5636/5657/1430 5637/5658/3301 5638/5660/3435
f 5636/5657/1430 5638/5660/3435 2053/5659/1128
f 5638/5660/3435 5637/5658/3301 5639/5661/1698
f 5638/5660/3435 5639/5661/1698 5640/5662/3436
f 5638/5660/3435 5640/5662/3436 5641/5663/1659
f 5638/5660/3435 5641/5663/1659 2053/5659/1128
f 2053/5659/1128 5641/5663/1659 2059/5664/1132
f 542/455/712 4633/4582/2750 518/872/687
f 518/872/687 4633/4582/2750 4392/5665/2569
f 4392/5665/2569 4633/4582/2750 4635/4585/2751
f 4392/5665/2569 4635/4585/2751 4390/5666/2567
f 4390/5666/2567 4635/4585/2751 207/4586/712
f 4390/5666/2567 207/4586/712 208/5667/687
f 1594/5668/887 1592/5669/885 5642/5670/3437
f 5642/5670/3437 1592/5669/885 5643/5671/3438
f 1594/5668/887 5642/5670/3437 5644/5672/3439
f 5643/5671/3438 1592/5669/885 5645/25/3440
f 1594/5668/887 5644/5672/3439 1596/5673/889
f 5645/25/3440 1592/5669/885 1593/24/886
f 5645/25/3440 1593/24/886 78/26/10
f 5645/25/3440 78/26/10 79/27/3
f 1596/5673/889 5644/5672/3439 1597/5674/890
f 1597/5674/890 5644/5672/3439 5646/5675/3441
f 1597/5674/890 5646/5675/3441 5647/5676/3442
f 1597/5674/890 5647/5676/3442 1600/5677/892
f 1600/5677/892 5647/5676/3442 1601/5678/893
f 1601/5678/893 5647/5676/3442 5648/5679/2635
f 4787/4756/712 111/4757/712 4414/5680/687
f 4414/5680/687 111/4757/712 112/5681/687
f 5447/5682/1437 5649/5683/118 499/439/1437
f 499/439/1437 5649/5683/118 526/438/118
f 3346/5684/1878 3345/5685/1876 5650/5686/3344
f 5650/5686/3344 3345/5685/1876 5651/5687/3443
f 5651/5687/3443 3345/5685/1876 3060/5688/1185
f 3060/5688/1185 3345/5685/1876 3059/5689/1254
f 5650/5686/3344 5651/5687/3443 5652/5690/1659
f 5652/5690/1659 5651/5687/3443 3060/5688/1185
f 5652/5690/1659 3060/5688/1185 3069/5691/1713
f 5650/5686/3344 5652/5690/1659 5653/5692/3436
f 5652/5690/1659 3069/5691/1713 3070/5693/1714
f 5653/5692/3436 5652/5690/1659 5654/5694/3435
f 5654/5694/3435 5652/5690/1659 3070/5693/1714
f 5653/5692/3436 5654/5694/3435 5655/5695/1698
f 5655/5695/1698 5654/5694/3435 5656/5696/3301
f 5654/5694/3435 3070/5693/1714 5657/5697/1430
f 5654/5694/3435 5657/5697/1430 5656/5696/3301
f 5657/5697/1430 3070/5693/1714 3073/5698/667
f 5656/5696/3301 5657/5697/1430 5658/5699/3301
f 5657/5697/1430 3073/5698/667 3075/5700/667
f 5658/5699/3301 5657/5697/1430 5659/5701/1430
f 5659/5701/1430 5657/5697/1430 3075/5700/667
f 5658/5699/3301 5659/5701/1430 5660/5702/3444
f 5659/5701/1430 3075/5700/667 3078/5703/1716
f 5660/5702/3444 5659/5701/1430 5661/5704/3445
f 5661/5704/3445 5659/5701/1430 3078/5703/1716
f 5660/5702/3444 5661/5704/3445 5662/5705/3042
f 5662/5705/3042 5661/5704/3445 3078/5703/1716
f 5660/5702/3444 5662/5705/3042 5663/5706/3446
f 5662/5705/3042 3078/5703/1716 3081/5707/1719
f 5663/5706/3446 5662/5705/3042 5664/5708/1883
f 5662/5705/3042 3081/5707/1719 3085/5709/1588
f 5664/5708/1883 5662/5705/3042 5665/5710/1884
f 5665/5710/1884 5662/5705/3042 3085/5709/1588
f 5664/5708/1883 5665/5710/1884 3335/3058/1938
f 3335/3058/1938 5665/5710/1884 3085/5709/1588
f 5664/5708/1883 3335/3058/1938 3337/3062/1940
f 3335/3058/1938 3085/5709/1588 3091/3059/1723
f 3493/5711/2021 3209/5712/1822 5555/5515/3368
f 3493/5711/2021 5555/5515/3368 3490/5512/2019
f 5555/5515/3368 3209/5712/1822 5666/5713/3368
f 5666/5713/3368 3209/5712/1822 5667/5714/3447
f 5667/5714/3447 3209/5712/1822 3211/5715/1824
f 5555/5515/3368 5666/5713/3368 5668/5716/137
f 5668/5716/137 5666/5713/3368 5667/5714/3447
f 5555/5515/3368 5668/5716/137 5556/5516/137
f 5667/5714/3447 3211/5715/1824 3212/5717/1825
f 5668/5716/137 5667/5714/3447 5669/5718/328
f 5669/5718/328 5667/5714/3447 5670/5719/3448
f 5670/5719/3448 5667/5714/3447 3212/5717/1825
f 5669/5718/328 5670/5719/3448 5671/5720/328
f 5671/5720/328 5670/5719/3448 5672/5721/3449
f 5670/5719/3448 3212/5717/1825 5673/5722/3450
f 5670/5719/3448 5673/5722/3450 5672/5721/3449
f 5673/5722/3450 3212/5717/1825 3217/5723/1830
f 5672/5721/3449 5673/5722/3450 5674/5724/1414
f 5673/5722/3450 3217/5723/1830 3218/5725/1831
f 5674/5724/1414 5673/5722/3450 5675/5726/3451
f 5675/5726/3451 5673/5722/3450 3218/5725/1831
f 5674/5724/1414 5675/5726/3451 5676/5727/3452
f 5676/5727/3452 5675/5726/3451 3218/5725/1831
f 5674/5724/1414 5676/5727/3452 5677/5728/1956
f 5676/5727/3452 3218/5725/1831 3223/5729/1836
f 5677/5728/1956 5676/5727/3452 5678/5730/149
f 5676/5727/3452 3223/5729/1836 3224/5731/898
f 5678/5730/149 5676/5727/3452 5679/5732/3453
f 5679/5732/3453 5676/5727/3452 3224/5731/898
f 5678/5730/149 5679/5732/3453 5680/5733/3454
f 5680/5733/3454 5679/5732/3453 3224/5731/898
f 5678/5730/149 5680/5733/3454 5681/5734/1409
f 5680/5733/3454 3224/5731/898 3230/5735/1842
f 5681/5734/1409 5680/5733/3454 5682/5736/3455
f 5680/5733/3454 3230/5735/1842 3232/5737/1844
f 5682/5736/3455 5680/5733/3454 5683/5738/3456
f 5683/5738/3456 5680/5733/3454 3232/5737/1844
f 5682/5736/3455 5683/5738/3456 5684/5739/3457
f 5684/5739/3457 5683/5738/3456 3232/5737/1844
f 5684/5739/3457 3232/5737/1844 3242/5740/1854
f 5682/5736/3455 5684/5739/3457 5685/5741/153
f 5684/5739/3457 3242/5740/1854 3243/5742/1855
f 5685/5741/153 5684/5739/3457 5686/5743/3458
f 5686/5743/3458 5684/5739/3457 3243/5742/1855
f 5685/5741/153 5686/5743/3458 5687/5744/326
f 5686/5743/3458 3243/5742/1855 5688/5745/3459
f 5686/5743/3458 5688/5745/3459 5687/5744/326
f 5688/5745/3459 3243/5742/1855 4370/5746/2555
f 5687/5744/326 5688/5745/3459 5689/5747/328
f 5688/5745/3459 4370/5746/2555 3966/5748/2301
f 5689/5747/328 5688/5745/3459 5690/5749/3460
f 5690/5749/3460 5688/5745/3459 3966/5748/2301
f 5689/5747/328 5690/5749/3460 5691/5750/328
f 5691/5750/328 5690/5749/3460 5692/5751/328
f 5690/5749/3460 3966/5748/2301 5693/5752/3461
f 5690/5749/3460 5693/5752/3461 5692/5751/328
f 5693/5752/3461 3966/5748/2301 3967/5753/2302
f 5692/5751/328 5693/5752/3461 5694/5754/3461
f 5694/5754/3461 5693/5752/3461 3967/5753/2302
f 5692/5751/328 5694/5754/3461 5695/5755/328
f 5694/5754/3461 3967/5753/2302 3969/5756/2304
f 5695/5755/328 5694/5754/3461 5696/5757/3344
f 5694/5754/3461 3969/5756/2304 3970/5758/2305
f 5696/5757/3344 5694/5754/3461 5697/5759/3462
f 5697/5759/3462 5694/5754/3461 3970/5758/2305
f 5696/5757/3344 5697/5759/3462 5698/5760/3462
f 5698/5760/3462 5697/5759/3462 3970/5758/2305
f 5698/5760/3462 3970/5758/2305 3974/5761/2308
f 5696/5757/3344 5698/5760/3462 5699/5762/3344
f 5698/5760/3462 3974/5761/2308 3975/5763/2309
f 5699/5762/3344 5698/5760/3462 5700/5764/3463
f 5700/5764/3463 5698/5760/3462 3975/5763/2309
f 5699/5762/3344 5700/5764/3463 5701/5765/3344
f 5701/5765/3344 5700/5764/3463 5702/5766/3344
f 5700/5764/3463 3975/5763/2309 5703/5767/3464
f 5700/5764/3463 5703/5767/3464 5702/5766/3344
f 5703/5767/3464 3975/5763/2309 3980/5768/2313
f 5702/5766/3344 5703/5767/3464 5470/5388/3344
f 5703/5767/3464 3980/5768/2313 3983/5386/2314
f 5470/5388/3344 5703/5767/3464 5704/5769/3464
f 5704/5769/3464 5703/5767/3464 3983/5386/2314
f 5470/5388/3344 5704/5769/3464 5468/5385/3342
f 5468/5385/3342 5704/5769/3464 3983/5386/2314
f 3582/3334/653 1944/3335/731 2253/5770/1274
f 3582/3334/653 2253/5770/1274 5705/5771/2788
f 5705/5771/2788 2253/5770/1274 5706/5772/3465
f 5706/5772/3465 2253/5770/1274 2256/5773/1277
f 5706/5772/3465 2256/5773/1277 2257/5774/1278
f 5706/5772/3465 2257/5774/1278 5707/5775/3466
f 5707/5775/3466 2257/5774/1278 5708/5776/3466
f 5708/5776/3466 2257/5774/1278 2262/5777/1278
f 5708/5776/3466 2262/5777/1278 2266/5778/1285
f 5708/5776/3466 2266/5778/1285 5709/5779/2778
f 5709/5779/2778 2266/5778/1285 5710/5780/3467
f 5710/5780/3467 2266/5778/1285 2267/5781/1286
f 2417/3620/1286 3881/3618/2054 5711/5782/3467
f 2417/3620/1286 5711/5782/3467 2416/5783/1285
f 2416/5783/1285 5711/5782/3467 5712/5784/2778
f 2416/5783/1285 5712/5784/2778 5713/5785/3466
f 2416/5783/1285 5713/5785/3466 2412/5786/1278
f 2412/5786/1278 5713/5785/3466 2407/5787/1278
f 2407/5787/1278 5713/5785/3466 5714/5788/3466
f 2407/5787/1278 5714/5788/3466 5715/5789/3468
f 2407/5787/1278 5715/5789/3468 2406/5790/1355
f 2406/5790/1355 5715/5789/3468 2404/5791/1353
f 2404/5791/1353 5715/5789/3468 5716/5792/3469
f 2404/5791/1353 5716/5792/3469 1402/1129/653
f 2404/5791/1353 1402/1129/653 1401/1128/731
f 5717/5679/3344 5718/5676/3470 5291/5678/3200
f 5291/5678/3200 5718/5676/3470 5290/5677/3199
f 5290/5677/3199 5718/5676/3470 5287/5674/3197
f 5287/5674/3197 5718/5676/3470 5719/5675/3471
f 5287/5674/3197 5719/5675/3471 5720/5672/3472
f 5287/5674/3197 5720/5672/3472 5286/5673/3196
f 5286/5673/3196 5720/5672/3472 5285/5668/3195
f 5285/5668/3195 5720/5672/3472 5721/5670/3473
f 5285/5668/3195 5721/5670/3473 5284/5669/3194
f 5284/5669/3194 5721/5670/3473 5722/5671/2103
f 5284/5669/3194 5722/5671/2103 5723/25/2700
f 5284/5669/3194 5723/25/2700 5283/24/3193
f 5283/24/3193 5723/25/2700 82/26/13
f 82/26/13 5723/25/2700 83/27/4
f 5412/5585/137 1612/1310/137 1936/5586/137
f 1936/5586/137 1612/1310/137 1610/1308/137
f 1626/1316/137 1625/1315/137 3281/5587/137
f 3281/5587/137 1625/1315/137 4938/5588/137
f 3700/563/2124 980/564/496 5724/565/2476
f 5724/565/2476 980/564/496 1075/566/578
f 5724/565/2476 1075/566/578 5157/567/1430
f 5157/567/1430 1075/566/578 1074/568/576
f 5245/592/137 1101/593/137 1735/594/137
f 1735/594/137 1101/593/137 1099/595/137
f 1129/873/137 1128/874/137 1704/875/137
f 1704/875/137 1128/874/137 5267/876/137
f 1160/873/2 1162/874/2 1749/875/2
f 1749/875/2 1162/874/2 5251/876/2
f 5273/592/2 1198/593/2 1720/594/2
f 1720/594/2 1198/593/2 1199/595/2
f 5118/1049/712 5117/1048/3091 5337/1888/153
f 5337/1888/153 5117/1048/3091 5338/1256/122
f 5338/1256/122 5117/1048/3091 5448/135/3474
f 5448/135/3474 5117/1048/3091 5116/1051/3090
f 5338/1256/122 5448/135/3474 297/134/2303
f 5725/3000/3475 5726/2997/1646 5172/2999/3475
f 5172/2999/3475 5726/2997/1646 5171/2998/1646
f 5171/2998/1646 5726/2997/1646 134/36/3476
f 134/36/3476 5726/2997/1646 132/37/3476
f 295/37/3477 5727/2997/3478 294/36/3477
f 294/36/3477 5727/2997/3478 5032/2998/3478
f 5032/2998/3478 5727/2997/3478 5033/2999/3479
f 5033/2999/3479 5727/2997/3478 5728/3000/3479
f 5152/5078/3119 5153/5079/3120 5729/5793/3480
f 5729/5793/3480 5153/5079/3120 5156/5082/3124
f 5729/5793/3480 5156/5082/3124 5730/5794/1956
f 5730/5794/1956 5156/5082/3124 5731/5795/3355
f 5731/5795/3355 5156/5082/3124 5732/5796/3481
f 5731/5795/3355 5732/5796/3481 5733/5797/3482
f 5733/5797/3482 5732/5796/3481 5734/5798/3483
f 5732/5796/3481 5156/5082/3124 5735/5799/3484
f 5735/5799/3484 5156/5082/3124 5155/5081/3123
f 5734/5798/3483 5732/5796/3481 5736/5800/3485
f 5734/5798/3483 5736/5800/3485 5737/5801/3486
f 5154/5080/3121 795/690/3122 5155/5081/3123
f 5155/5081/3123 795/690/3122 793/688/3487
f 5155/5081/3123 793/688/3487 5735/5799/3484
f 5735/5799/3484 793/688/3487 792/687/3488
f 5735/5799/3484 792/687/3488 785/680/3489
f 5738/5802/3490 5732/5796/3481 5735/5799/3484
f 5738/5802/3490 5735/5799/3484 785/680/3489
f 5732/5796/3481 5738/5802/3490 5736/5800/3485
f 5738/5802/3490 785/680/3489 783/678/1236
f 5738/5802/3490 783/678/1236 5739/5803/3491
f 5738/5802/3490 5739/5803/3491 5736/5800/3485
f 5739/5803/3491 783/678/1236 2217/1859/1234
f 5736/5800/3485 5739/5803/3491 5740/5804/3492
f 5740/5804/3492 5739/5803/3491 2217/1859/1234
f 5736/5800/3485 5740/5804/3492 5737/5801/3486
f 5737/5801/3486 5740/5804/3492 5741/5805/3493
f 5740/5804/3492 2217/1859/1234 5742/5806/3494
f 5740/5804/3492 5742/5806/3494 5741/5805/3493
f 5742/5806/3494 2217/1859/1234 2211/1853/1225
f 5741/5805/3493 5742/5806/3494 2212/1854/1226
f 2212/1854/1226 5742/5806/3494 2211/1853/1225
f 5215/5807/1308 467/374/3495 5219/5808/3163
f 5219/5808/3163 467/374/3495 471/378/3496
f 467/374/3495 5215/5807/1308 463/370/1937
f 463/370/1937 5215/5807/1308 460/367/3277
f 460/367/3277 5215/5807/1308 3760/5275/557
f 5219/5808/3163 471/378/3496 475/382/3497
f 5219/5808/3163 475/382/3497 5225/5809/3168
f 5225/5809/3168 475/382/3497 479/386/3498
f 5225/5809/3168 479/386/3498 483/390/2180
f 5225/5809/3168 483/390/2180 3737/5810/2141
f 3737/5810/2141 483/390/2180 487/394/3499
f 3737/5810/2141 487/394/3499 490/397/424
f 5743/3051/3500 5744/3052/3478 2774/3053/3500
f 2774/3053/3500 5744/3052/3478 2775/3054/3478
f 2775/3054/3478 5744/3052/3478 293/3055/3477
f 293/3055/3477 5744/3052/3478 292/3056/3477
f 131/3056/3476 5745/3052/1646 130/3055/3476
f 130/3055/3476 5745/3052/1646 2730/3054/1646
f 2730/3054/1646 5745/3052/1646 2731/3053/3501
f 2731/3053/3501 5745/3052/1646 5746/3051/3501
f 4681/5811/2772 4341/4173/3502 4344/4176/2771
f 4341/4173/3502 4681/5811/2772 5747/5812/3502
f 4341/4173/3502 5747/5812/3502 4343/4175/3503
f 4343/4175/3503 5747/5812/3502 5748/5813/3504
f 4343/4175/3503 5748/5813/3504 4342/4174/3014
f 4342/4174/3014 5748/5813/3504 5002/5814/3014
f 4719/5815/157 4306/4107/157 5749/5816/3505
f 5749/5816/3505 4306/4107/157 4307/4108/3505
f 5749/5816/3505 4307/4108/3505 5750/5817/3506
f 5750/5817/3506 4307/4108/3505 4305/4106/3506
f 5750/5817/3506 4305/4106/3506 5003/5818/3015
f 5003/5818/3015 4305/4106/3506 4303/4104/3015
f 5751/5819/2695 279/189/117 289/200/127
f 5751/5819/2695 289/200/127 5439/5820/3313
f 5439/5820/3313 289/200/127 290/5821/32
f 5751/5819/2695 5439/5820/3313 5752/5822/3507
f 5751/5819/2695 5752/5822/3507 279/189/117
f 5752/5822/3507 5439/5820/3313 5440/5823/3314
f 279/189/117 5752/5822/3507 5753/5824/3508
f 279/189/117 5753/5824/3508 274/184/112
f 5752/5822/3507 5440/5823/3314 5754/5825/3509
f 5752/5822/3507 5754/5825/3509 5753/5824/3508
f 5754/5825/3509 5440/5823/3314 5441/5826/2080
f 274/184/112 5753/5824/3508 5755/5827/3510
f 5755/5827/3510 5753/5824/3508 5754/5825/3509
f 5754/5825/3509 5441/5826/2080 5756/5828/3511
f 5754/5825/3509 5756/5828/3511 5755/5827/3510
f 5756/5828/3511 5441/5826/2080 5442/5829/2910
f 274/184/112 5755/5827/3510 276/186/114
f 5756/5828/3511 5442/5829/2910 5443/5830/3315
f 5755/5827/3510 5756/5828/3511 5757/5831/3512
f 5755/5827/3510 5757/5831/3512 5758/5832/3513
f 5755/5827/3510 5758/5832/3513 276/186/114
f 5758/5832/3513 5757/5831/3512 5759/5833/3514
f 5757/5831/3512 5756/5828/3511 5760/5834/2273
f 5757/5831/3512 5760/5834/2273 5759/5833/3514
f 5756/5828/3511 5443/5830/3315 5761/5835/3515
f 5756/5828/3511 5761/5835/3515 5760/5834/2273
f 5761/5835/3515 5443/5830/3315 4797/4776/2872
f 4797/4776/2872 5443/5830/3315 4798/4777/2873
f 5760/5834/2273 5761/5835/3515 4800/4779/2706
f 4800/4779/2706 5761/5835/3515 4797/4776/2872
f 5759/5833/3514 5760/5834/2273 5762/5836/2110
f 5759/5833/3514 5762/5836/2110 5758/5832/3513
f 5762/5836/2110 5760/5834/2273 4800/4779/2706
f 5758/5832/3513 5762/5836/2110 4805/4784/2324
f 4805/4784/2324 5762/5836/2110 4800/4779/2706
f 5758/5832/3513 4805/4784/2324 276/186/114
f 5411/5585/137 1608/1310/137 1934/5586/137
f 1934/5586/137 1608/1310/137 1606/1308/137
f 1622/1316/137 1621/1315/137 3280/5587/137
f 3280/5587/137 1621/1315/137 4937/5588/137
f 5648/5679/2635 5763/5676/3516 1601/5678/893
f 2488/5677/1387 5763/5676/3516 4871/5674/2931
f 4871/5674/2931 5763/5676/3516 5764/5675/3517
f 4871/5674/2931 5764/5675/3517 5765/5672/3518
f 4871/5674/2931 5765/5672/3518 4870/5673/2930
f 4870/5673/2930 5765/5672/3518 4869/5668/2211
f 4869/5668/2211 5765/5672/3518 5766/5670/3519
f 4869/5668/2211 5766/5670/3519 4868/5669/2929
f 4868/5669/2929 5766/5670/3519 5767/5671/3520
f 4868/5669/2929 5767/5671/3520 77/25/9
f 4868/5669/2929 77/25/9 76/24/8
f 1164/873/2 1166/874/2 1751/875/2
f 1751/875/2 1166/874/2 5252/876/2
f 5274/592/2 1202/593/2 1722/594/2
f 1722/594/2 1202/593/2 1203/595/2
f 5585/5582/3404 5584/5577/3403 4593/5584/929
f 5717/5679/3344 5291/5678/3200 5768/5676/3521
f 5401/5677/3275 5769/5674/3522 5768/5676/3521
f 5768/5676/3521 5769/5674/3522 5770/5675/3523
f 5770/5675/3523 5769/5674/3522 5771/5672/3524
f 5771/5672/3524 5769/5674/3522 5772/5673/3525
f 5771/5672/3524 5772/5673/3525 5773/5668/3526
f 5771/5672/3524 5773/5668/3526 5774/5670/3527
f 5774/5670/3527 5773/5668/3526 5775/5669/3528
f 5774/5670/3527 5775/5669/3528 5776/5671/2189
f 5776/5671/2189 5775/5669/3528 80/25/11
f 80/25/11 5775/5669/3528 81/24/12
f 1029/5837/816 4043/3824/3529 1518/1249/817
f 4043/3824/3529 1029/5837/816 5777/5838/3530
f 4043/3824/3529 5777/5838/3530 4045/3826/3531
f 4045/3826/3531 5777/5838/3530 5778/5839/3275
f 496/405/2595 3729/3492/2595 2574/2247/2595
f 571/5321/274 5434/5322/3304 570/5840/272
f 570/5840/272 5434/5322/3304 5779/5841/3532
f 570/5840/272 5779/5841/3532 569/5842/270
f 569/5842/270 5779/5841/3532 5780/5843/3533
f 569/5842/270 5780/5843/3533 566/5844/265
f 566/5844/265 5780/5843/3533 1007/5845/522
f 5021/4953/3021 5781/4954/3534 5020/4955/3021
f 5020/4955/3021 5781/4954/3534 5782/4956/3534
f 5782/4956/3534 5781/4954/3534 5783/4957/3535
f 5783/4957/3535 5781/4954/3534 5784/4958/3535
f 5783/4957/3535 5784/4958/3535 5785/4959/3082
f 5783/4957/3535 5785/4959/3082 5786/4960/3082
f 5786/4960/3082 5785/4959/3082 5787/4961/2354
f 5787/4961/2354 5785/4959/3082 5788/4962/2354
f 5787/4961/2354 5788/4962/2354 5789/4963/3536
f 5787/4961/2354 5789/4963/3536 5790/4964/3536
f 5790/4964/3536 5789/4963/3536 5791/4965/3537
f 5791/4965/3537 5789/4963/3536 5792/4966/3537
f 5791/4965/3537 5792/4966/3537 5793/4967/3538
f 5791/4965/3537 5793/4967/3538 5794/4968/3538
f 5794/4968/3538 5793/4967/3538 5795/4021/3539
f 5795/4021/3539 5793/4967/3538 5796/4022/3539
f 2059/5846/1132 5641/5847/1659 2061/5848/1134
f 2061/5848/1134 5641/5847/1659 5797/5849/3540
f 5797/5849/3540 5641/5847/1659 5798/5850/3344
f 5798/5850/3344 5641/5847/1659 5640/5851/3436
f 2061/5848/1134 5797/5849/3540 3286/2978/1876
f 3286/2978/1876 5797/5849/3540 5798/5850/3344
f 2061/5848/1134 3286/2978/1876 2069/2977/1139
f 3286/2978/1876 5798/5850/3344 3289/2982/1878
f 1473/5852/137 1472/5853/137 1761/5854/137
f 1761/5854/137 1472/5853/137 1460/5855/137
f 1761/5854/137 1460/5855/137 1459/5856/137
f 1460/5855/137 1472/5853/137 1468/5857/137
f 1460/5855/137 1468/5857/137 1462/5858/137
f 1397/5859/137 1396/5860/137 1400/5861/137
f 1400/5861/137 1396/5860/137 1760/5862/137
f 1760/5862/137 1396/5860/137 1392/5863/137
f 1760/5862/137 1392/5863/137 1394/5864/137
f 5164/882/3128 5165/615/3129 5799/883/344
f 5799/883/344 5165/615/3129 5466/617/3541
f 5799/883/344 5466/617/3541 5800/979/342
f 5800/979/342 5466/617/3541 5467/619/3542
f 5800/979/342 5467/619/3542 698/978/400
f 698/978/400 5467/619/3542 5170/621/3134
f 1083/5865/585 1018/5866/585 5801/5867/3543
f 5801/5867/3543 1018/5866/585 5802/5868/3543
f 5803/3802/3544 5804/3803/3545 5376/3801/3256
f 5376/3801/3256 5804/3803/3545 5382/3804/3262
f 5803/3802/3544 5376/3801/3256 5805/3799/3546
f 5805/3799/3546 5376/3801/3256 5375/3800/3255
f 5805/3799/3546 5375/3800/3255 5373/3798/3254
f 5805/3799/3546 5373/3798/3254 5806/3797/3024
f 5806/3797/3024 5373/3798/3254 5369/3795/3251
f 5806/3797/3024 5369/3795/3251 5807/3796/3547
f 5807/3796/3547 5369/3795/3251 446/353/209
f 446/353/209 5369/3795/3251 447/354/210
f 5244/592/137 1097/593/137 1733/594/137
f 1733/594/137 1097/593/137 1095/595/137
f 1125/873/137 1124/874/137 1702/875/137
f 1702/875/137 1124/874/137 5266/876/137
f 5808/4960/3227 5809/4961/1438 5810/4959/3227
f 5808/4960/3227 5810/4959/3227 5811/4957/3548
f 5810/4959/3227 5809/4961/1438 5812/4962/1438
f 5811/4957/3548 5810/4959/3227 5813/4958/3548
f 5812/4962/1438 5809/4961/1438 5814/4963/3549
f 5811/4957/3548 5813/4958/3548 5815/4954/3550
f 5814/4963/3549 5809/4961/1438 5816/4964/3549
f 5811/4957/3548 5815/4954/3550 5817/4956/3550
f 5817/4956/3550 5815/4954/3550 4943/4955/2976
f 4943/4955/2976 5815/4954/3550 4941/4953/2976
f 5814/4963/3549 5816/4964/3549 5818/4965/3551
f 5814/4963/3549 5818/4965/3551 5819/4966/3551
f 5819/4966/3551 5818/4965/3551 5820/4967/3552
f 5820/4967/3552 5818/4965/3551 5821/4968/3552
f 5820/4967/3552 5821/4968/3552 5822/4021/3553
f 5820/4967/3552 5822/4021/3553 5823/4022/3553
f 5823/4022/3553 5822/4021/3553 5824/4020/3554
f 5824/4020/3554 5822/4021/3553 5825/4019/3554
f 1168/873/2 1170/874/2 1753/875/2
f 1753/875/2 1170/874/2 5253/876/2
f 5275/592/2 1206/593/2 1723/594/2
f 1723/594/2 1206/593/2 1207/595/2
f 4796/5869/153 440/347/153 4780/5870/153
f 4780/5870/153 440/347/153 442/349/153
f 1697/2383/917 2721/2380/1522 1696/5871/947
f 1696/5871/947 2721/2380/1522 1687/5872/921
f 1687/5872/921 2721/2380/1522 2718/2377/1519
f 1687/5872/921 2718/2377/1519 1683/5873/935
f 1683/5873/935 2718/2377/1519 2717/2376/1518
f 1683/5873/935 2717/2376/1518 2715/2374/1516
f 1683/5873/935 2715/2374/1516 1676/5874/929
f 1676/5874/929 2715/2374/1516 2713/2372/815
f 1676/5874/929 2713/2372/815 1675/5875/928
f 1675/5875/928 2713/2372/815 1672/5876/896
f 1672/5876/896 2713/2372/815 2712/2371/1514
f 1672/5876/896 2712/2371/1514 2711/2370/1513
f 1672/5876/896 2711/2370/1513 1671/5877/633
f 1671/5877/633 2711/2370/1513 1670/5878/925
f 1670/5878/925 2711/2370/1513 2710/2369/1512
f 4045/3826/3531 5778/5839/3275 4046/3827/3555
f 4046/3827/3555 5778/5839/3275 5802/5868/3556
f 4046/3827/3555 5802/5868/3556 1019/931/535
f 1019/931/535 5802/5868/3556 1018/5866/534
f 2267/3340/1286 3584/3338/2054 5710/5879/3467
f 599/4738/3557 852/4023/3557 4778/4737/3557
f 4778/4737/3557 852/4023/3557 4241/4025/3557
f 4778/4737/3557 4241/4025/3557 4242/4030/3557
f 4778/4737/3557 4242/4030/3557 4775/4731/3557
f 4775/4731/3557 4242/4030/3557 1068/1394/3557
f 1068/1394/3557 4242/4030/3557 758/1396/3557
f 5401/1300/3275 5400/1299/121 5769/1297/3522
f 5769/1297/3522 5400/1299/121 5397/1298/3273
f 5769/1297/3522 5397/1298/3273 5364/1266/3249
f 5769/1297/3522 5364/1266/3249 5772/1296/3525
f 5772/1296/3525 5364/1266/3249 5773/1294/3526
f 5773/1294/3526 5364/1266/3249 5360/1070/2293
f 5773/1294/3526 5360/1070/2293 5775/1293/3528
f 5775/1293/3528 5360/1070/2293 5361/1071/2820
f 5775/1293/3528 5361/1071/2820 5362/1261/3247
f 5775/1293/3528 5362/1261/3247 81/1264/12
f 1076/1433/412 4334/4162/412 1069/1434/412
f 1069/1434/412 4334/4162/412 4791/4763/412
f 4791/4763/412 4334/4162/412 4333/4160/412
f 4791/4763/412 4333/4160/412 4794/4769/412
f 4794/4769/412 4333/4160/412 974/4161/412
f 4794/4769/412 974/4161/412 627/4770/412
f 5795/4021/3539 5796/4022/3539 5824/4020/3554
f 5795/4021/3539 5824/4020/3554 5825/4019/3554
f 1172/873/2 1174/874/2 1754/875/2
f 1754/875/2 1174/874/2 5254/876/2
f 5276/592/2 1210/593/2 1724/594/2
f 1724/594/2 1210/593/2 1211/595/2
f 4793/5880/153 4777/5881/153 4792/5882/153
f 4792/5882/153 4777/5881/153 4776/5883/153
f 4792/5882/153 4776/5883/153 855/5884/153
f 4792/5882/153 855/5884/153 854/5885/153
f 1110/873/2 1112/874/2 1740/875/2
f 1740/875/2 1112/874/2 5247/876/2
f 5269/592/2 1142/593/2 1710/594/2
f 1710/594/2 1142/593/2 1143/595/2
f 5243/592/137 1093/593/137 1732/594/137
f 1732/594/137 1093/593/137 1091/595/137
f 1121/873/137 1120/874/137 1701/875/137
f 1701/875/137 1120/874/137 5265/876/137
f 1176/873/2 1178/874/2 1755/875/2
f 1755/875/2 1178/874/2 5255/876/2
f 5277/592/2 1214/593/2 1725/594/2
f 1725/594/2 1214/593/2 1215/595/2
f 1299/1081/2 1298/1080/2 781/676/2
f 781/676/2 1298/1080/2 4335/5886/2
f 781/676/2 4335/5886/2 1081/985/2
f 781/676/2 1081/985/2 780/675/2
f 1060/964/2 1059/963/2 1065/969/2
f 1065/969/2 1059/963/2 4243/5887/2
f 1065/969/2 4243/5887/2 1302/1084/2
f 1065/969/2 1302/1084/2 1300/1082/2
f 5826/5888/3558 4217/4006/3558 4278/5889/3558
f 4278/5889/3558 4217/4006/3558 4218/4007/3558
f 5242/592/137 1089/593/137 1731/594/137
f 1731/594/137 1089/593/137 1088/595/137
f 1119/873/137 1118/874/137 1700/875/137
f 1700/875/137 1118/874/137 5264/876/137
f 1330/356/656 1329/355/655 5827/353/3559
f 5827/353/3559 1329/355/655 5071/354/3062
f 5827/353/3559 5071/354/3062 5072/3795/3063
f 5827/353/3559 5072/3795/3063 5828/3796/3560
f 5828/3796/3560 5072/3795/3063 5829/3797/516
f 5829/3797/516 5072/3795/3063 5082/3798/3071
f 5829/3797/516 5082/3798/3071 5830/3799/3561
f 5830/3799/3561 5082/3798/3071 5084/3800/3072
f 5830/3799/3561 5084/3800/3072 5085/3801/3073
f 5830/3799/3561 5085/3801/3073 5831/3802/3562
f 5831/3802/3562 5085/3801/3073 5832/3803/3563
f 5832/3803/3563 5085/3801/3073 5461/3804/3338
f 5832/3803/3563 5461/3804/3338 5079/5281/3069
f 5832/3803/3563 5079/5281/3069 5833/5282/328
f 5833/5282/328 5079/5281/3069 5834/5283/3564
f 5834/5283/3564 5079/5281/3069 5077/5284/3067
f 5801/5867/3543 5802/5868/3543 5835/5890/3565
f 5835/5890/3565 5802/5868/3543 5778/5839/3565
f 5835/5890/3565 5778/5839/3565 5836/5891/3566
f 5836/5891/3566 5778/5839/3565 5777/5838/3566
f 5836/5891/3566 5777/5838/3566 1028/5892/536
f 1028/5892/536 5777/5838/3566 1029/5837/536
f 5241/592/137 1087/593/137 1730/594/137
f 1730/594/137 1087/593/137 1086/595/137
f 1117/873/137 1116/874/137 1699/875/137
f 1699/875/137 1116/874/137 5263/876/137
f 4767/4725/2862 4545/4724/2677 4590/5893/2718
f 4767/4725/2862 4590/5893/2718 4591/5894/2719
f 4767/4725/2862 4591/5894/2719 4771/4729/2866
f 4771/4729/2866 4591/5894/2719 4593/5895/929
f 4771/4729/2866 4593/5895/929 4772/4730/2867
f 4874/4855/3190 4963/4974/3190 4872/4853/155
f 4872/4853/155 4963/4974/3190 4962/4973/155
f 4872/4853/155 4962/4973/155 4875/4856/3315
f 4875/4856/3315 4962/4973/155 4960/4971/3315
f 4875/4856/3315 4960/4971/3315 388/295/2910
f 388/295/2910 4960/4971/3315 387/294/2910
f 1834/557/990 1835/558/991 5837/559/3344
f 5837/559/3344 1835/558/991 5162/560/3126
f 5837/559/3344 5162/560/3126 5838/561/2717
f 5838/561/2717 5162/560/3126 5164/562/3128
f 5838/561/2717 5164/562/3128 5839/563/3567
f 5839/563/3567 5164/562/3128 5799/564/344
f 5839/563/3567 5799/564/344 5840/565/1935
f 5840/565/1935 5799/564/344 5800/566/342
f 5840/565/1935 5800/566/342 697/567/399
f 697/567/399 5800/566/342 698/568/400
f 4780/5870/137 4779/5896/137 4796/5869/137
f 4796/5869/137 4779/5896/137 4795/5897/137
f 4795/5897/137 4779/5896/137 4777/5898/328
f 4795/5897/137 4777/5898/328 4793/5899/328
f 5240/5900/137 1085/989/137 1729/5901/137
f 1729/5901/137 1085/989/137 1084/988/137
f 1115/873/137 1114/874/137 1698/875/137
f 1698/875/137 1114/874/137 5262/876/137
f 3609/3371/2068 3610/3373/2069 3608/3370/2067
f 3610/3373/2069 3609/3371/2068 4514/5902/2643
f 4514/5902/2643 3609/3371/2068 3615/3380/2073
f 4514/5902/2643 3615/3380/2073 4515/5903/2204
f 4515/5903/2204 3615/3380/2073 3618/3383/2075
f 4515/5903/2204 3618/3383/2075 3623/3388/417
f 4998/5029/3568 4788/4758/3568 5841/5904/137
f 5841/5904/137 4788/4758/3568 4789/5905/137
f 5841/5904/137 4789/5905/137 4999/5031/3569
f 4999/5031/3569 4789/5905/137 4790/5030/3569
f 4316/4118/2008 4223/4117/2451 4224/5906/2452
f 4316/4118/2008 4224/5906/2452 5435/5907/3570
f 4316/4118/2008 5435/5907/3570 4317/4119/2506
f 4317/4119/2506 5435/5907/3570 5436/5908/3571
f 4317/4119/2506 5436/5908/3571 4318/4120/2507
f 4318/4120/2507 5436/5908/3571 5304/5909/3213
f 1297/1079/137 1295/1077/137 596/509/137
f 596/509/137 1295/1077/137 597/510/137
f 1301/1083/137 845/745/137 1296/1078/137
f 1296/1078/137 845/745/137 844/744/137
f 5301/5910/74 4278/4077/3572 4276/4075/3205
f 4278/4077/3572 5301/5910/74 5826/5911/3572
f 3164/2852/2635 4255/4048/2635 3163/2851/137
f 3163/2851/137 4255/4048/2635 4253/4046/137
f 3163/2851/137 4253/4046/137 3161/2849/137
f 3161/2849/137 4253/4046/137 4251/4044/137
f 3161/2849/137 4251/4044/137 3159/2847/328
f 3159/2847/328 4251/4044/137 4249/4042/328
f 3159/2847/328 4249/4042/328 3160/2848/328
f 3160/2848/328 4249/4042/328 4247/4040/328
f 3160/2848/328 4247/4040/328 3162/2850/328
f 3162/2850/328 4247/4040/328 4245/4038/328
f 3162/2850/328 4245/4038/328 5027/5040/3344
f 5027/5040/3344 4245/4038/328 5300/5230/3344
f 5027/5040/3344 5300/5230/3344 5028/5041/3344
f 5028/5041/3344 5300/5230/3344 5298/5228/3344
f 5028/5041/3344 5298/5228/3344 5029/5042/2635
f 5029/5042/2635 5298/5228/3344 5296/5226/2635
f 5029/5042/2635 5296/5226/2635 3164/5043/2635
f 3164/5043/2635 5296/5226/2635 4255/5224/2635
f 3778/3539/531 4279/4078/531 3781/3542/531
f 3781/3542/531 4279/4078/531 4280/4079/531
f 3781/3542/531 4280/4079/531 3592/3354/3573
f 3781/3542/531 3592/3354/3573 3591/3353/3573
f 3316/5912/1903 5842/5913/3574 3317/5914/1905
f 3317/5914/1905 5842/5913/3574 5843/5915/3571
f 3317/5914/1905 5843/5915/3571 3319/5916/1908
f 3319/5916/1908 5843/5915/3571 5844/5917/2452
f 3319/5916/1908 5844/5917/2452 3321/5918/1911
f 3321/5918/1911 5844/5917/2452 5845/5919/2449
f 3321/5918/1911 5845/5919/2449 3323/5920/1915
f 3323/5920/1915 5845/5919/2449 5846/5921/258
f 3323/5920/1915 5846/5921/258 3322/5922/1912
f 3322/5922/1912 5846/5921/258 5847/5923/255
f 3322/5922/1912 5847/5923/255 3320/5924/1909
f 3320/5924/1909 5847/5923/255 5848/5925/3217
f 3320/5924/1909 5848/5925/3217 3318/5926/1906
f 3318/5926/1906 5848/5925/3217 5849/5927/288
f 3318/5926/1906 5849/5927/288 3316/5928/1903
f 3316/5928/1903 5849/5927/288 5842/5929/3574
f 5850/5930/3575 5447/5376/3576 2582/2255/3577
f 5850/5930/3575 2582/2255/3577 5851/5931/3377
f 5851/5931/3377 2582/2255/3577 2576/2249/3578
f 5851/5931/3377 2576/2249/3578 3724/3487/2727
f 4968/4983/2819 4837/4984/2819 5852/5932/2
f 5852/5932/2 4837/4984/2819 4836/5933/2
f 5852/5932/2 4836/5933/2 5853/5934/338
f 5853/5934/338 4836/5933/2 5446/5935/338
f 5853/5934/338 5446/5935/338 4512/768/2642
f 4512/768/2642 5446/5935/338 4511/5936/2642
f 5447/5682/3576 5850/5937/3575 5649/5683/3579
f 5649/5683/3579 5850/5937/3575 5854/5938/189
f 5854/5938/189 5850/5937/3575 5851/5939/3377
f 5854/5938/189 5851/5939/3377 5855/5940/3580
f 5855/5940/3580 5851/5939/3377 4415/4306/3581
f 4415/4306/3581 5851/5939/3377 3724/4304/2727
f 3890/3636/2 3889/3635/2 3898/3644/3147
f 3898/3644/3147 3889/3635/2 5191/5941/3147
f 5191/5941/3147 3889/3635/2 5856/5942/2
f 5191/5941/3147 5856/5942/2 5193/5943/3147
f 5856/5942/2 3889/3635/2 5857/5944/2
f 5857/5944/2 3889/3635/2 3887/3633/2
f 5857/5944/2 3887/3633/2 5858/5945/2
f 5858/5945/2 3887/3633/2 5859/5946/2
f 5859/5946/2 3887/3633/2 3775/3536/2168
f 5858/5945/2 5859/5946/2 5860/5947/2
f 5859/5946/2 3775/3536/2168 3770/3531/2165
f 5860/5947/2 5859/5946/2 5861/5948/2
f 5861/5948/2 5859/5946/2 3770/3531/2165
f 5860/5947/2 5861/5948/2 5862/5949/2
f 5861/5948/2 3770/3531/2165 3767/3528/2162
f 5862/5949/2 5861/5948/2 3779/3540/2172
f 3779/3540/2172 5861/5948/2 3767/3528/2162
f 3779/3540/2172 3767/3528/2162 3766/3527/2161
f 5862/5949/2 3779/3540/2172 5863/5950/2
f 5863/5950/2 3779/3540/2172 3780/3541/2173
f 5863/5950/2 3780/3541/2173 5864/5951/2
f 5864/5951/2 3780/3541/2173 4281/4080/2
f 5864/5951/2 4281/4080/2 4282/4081/2
f 5864/5951/2 4282/4081/2 3594/3356/2
f 5863/5950/2 5864/5951/2 5865/5952/2
f 5864/5951/2 3594/3356/2 3593/3355/2179
f 5864/5951/2 3593/3355/2179 5865/5952/2
f 5865/5952/2 3593/3355/2179 5866/5953/2
f 5866/5953/2 3593/3355/2179 3785/3546/448
f 5866/5953/2 3785/3546/448 5867/5954/2
f 5867/5954/2 3785/3546/448 3787/3548/2181
f 5867/5954/2 3787/3548/2181 5868/5955/2
f 5868/5955/2 3787/3548/2181 3801/3562/2191
f 3801/3562/2191 3787/3548/2181 3799/3560/2191
f 3799/3560/2191 3787/3548/2181 3792/3553/2186
f 3799/3560/2191 3792/3553/2186 3793/3554/2187
f 3829/3964/2 4176/3965/2 5869/5956/2
f 5869/5956/2 4176/3965/2 5870/5957/2
f 5869/5956/2 5870/5957/2 5871/5958/2
f 5871/5958/2 5870/5957/2 5872/5959/2
f 5871/5958/2 5872/5959/2 5873/5960/2
f 5871/5958/2 5873/5960/2 5874/5961/2
f 5874/5961/2 5873/5960/2 5260/5221/2
f 5874/5961/2 5260/5221/2 5261/5222/2
f 2031/1533/1120 1531/1057/1119 1888/1534/917
f 1888/1534/917 1531/1057/1119 1533/1258/82
f 4175/3963/2 5875/5962/2 3825/3962/2
f 3825/3962/2 5875/5962/2 5876/5963/2
f 5877/5964/3521 5878/5965/2854 1246/1029/3582
f 5877/5964/3521 1246/1029/3582 1247/1030/2802
f 1246/1029/3582 5878/5965/2854 5879/5966/3583
f 1246/1029/3582 5879/5966/3583 1249/1032/3584
f 1249/1032/3584 5879/5966/3583 1251/1034/3585
f 1251/1034/3585 5879/5966/3583 5880/5967/3586
f 1251/1034/3585 5880/5967/3586 5881/5968/3587
f 1251/1034/3585 5881/5968/3587 1254/1037/3588
f 1254/1037/3588 5881/5968/3587 1256/1039/3589
f 1256/1039/3589 5881/5968/3587 5882/5969/3590
f 1256/1039/3589 5882/5969/3590 5883/5970/3591
f 1256/1039/3589 5883/5970/3591 1261/1044/3592
f 1261/1044/3592 5883/5970/3591 1263/1046/3593
f 1263/1046/3593 5883/5970/3591 5884/5971/3594
f 5114/1046/3595 5885/5971/3596 5886/5970/3119
f 5114/1046/3595 5886/5970/3119 5112/1044/3597
f 5112/1044/3597 5886/5970/3119 5107/1039/3598
f 5107/1039/3598 5886/5970/3119 5887/5969/3599
f 5107/1039/3598 5887/5969/3599 5888/5968/254
f 5107/1039/3598 5888/5968/254 5105/1037/3600
f 5105/1037/3600 5888/5968/254 5102/1034/3601
f 5102/1034/3601 5888/5968/254 5889/5967/3602
f 5102/1034/3601 5889/5967/3602 5890/5966/3603
f 5102/1034/3601 5890/5966/3603 5100/1032/3604
f 5100/1032/3604 5890/5966/3603 5098/1029/147
f 5098/1029/147 5890/5966/3603 5891/5965/3605
f 5098/1029/147 5891/5965/3605 5877/5964/3521
f 5098/1029/147 5877/5964/3521 1247/1030/2802
f 2728/5972/1531 5892/5973/3606 2727/2999/1528
f 2727/2999/1528 5892/5973/3606 3302/3000/3607
f 5834/5283/3564 5077/5284/3067 1337/5974/663
f 5834/5283/3564 1337/5974/663 1338/5975/664
f 3332/3051/3607 5893/5976/3608 3331/3053/3140
f 3331/3053/3140 5893/5976/3608 5173/5977/3144
f 5347/1057/3311 5438/1533/3312 5450/1534/3332
f 5347/1057/3311 5450/1534/3332 5279/1258/7
f 5894/5978/3609 5895/5979/3610 4786/5980/3611
f 4786/5980/3611 5895/5979/3610 4785/5981/3612
f 4785/5981/3612 5895/5979/3610 5896/5982/3613
f 4785/5981/3612 5896/5982/3613 4784/5983/3614
f 4784/5983/3614 5896/5982/3613 5897/5984/3615
f 4784/5983/3614 5897/5984/3615 4783/5985/3616
f 4783/5985/3616 5897/5984/3615 5898/5986/3617
f 4783/5985/3616 5898/5986/3617 4782/5987/3618
f 4782/5987/3618 5898/5986/3617 5899/5988/3606
f 4782/5987/3618 5899/5988/3606 4781/5989/3619
f 4691/4633/137 5900/5990/137 4697/4639/137
f 4697/4639/137 5900/5990/137 5901/5991/137
f 5900/5990/137 4691/4633/137 5902/5992/137
f 4697/4639/137 5901/5991/137 3053/2716/137
f 5902/5992/137 4691/4633/137 4686/4628/137
f 3053/2716/137 5901/5991/137 5903/5993/137
f 5902/5992/137 4686/4628/137 5904/5994/137
f 3053/2716/137 5903/5993/137 3051/2713/137
f 5904/5994/137 4686/4628/137 4684/4626/137
f 3051/2713/137 5903/5993/137 5905/5995/137
f 5904/5994/137 4684/4626/137 5906/5996/137
f 3051/2713/137 5905/5995/137 3048/2710/137
f 5906/5996/137 4684/4626/137 4685/4627/137
f 3048/2710/137 5905/5995/137 5907/5997/137
f 5906/5996/137 4685/4627/137 5908/5998/137
f 3048/2710/137 5907/5997/137 3047/2709/137
f 5908/5998/137 4685/4627/137 4688/4630/137
f 3047/2709/137 5907/5997/137 5909/5999/137
f 5908/5998/137 4688/4630/137 5910/6000/137
f 3047/2709/137 5909/5999/137 3046/2708/137
f 5910/6000/137 4688/4630/137 4689/4631/137
f 3046/2708/137 5909/5999/137 5911/6001/137
f 5910/6000/137 4689/4631/137 5912/6002/137
f 3046/2708/137 5911/6001/137 3045/2707/137
f 5912/6002/137 4689/4631/137 4708/4654/137
f 3045/2707/137 5911/6001/137 5913/6003/137
f 5912/6002/137 4708/4654/137 5914/6004/137
f 3045/2707/137 5913/6003/137 3044/2706/137
f 5914/6004/137 4708/4654/137 5575/5554/137
f 3044/2706/137 5913/6003/137 5915/6005/137
f 3044/2706/137 5915/6005/137 3043/2705/137
f 3043/2705/137 5915/6005/137 5916/6006/137
f 5914/6004/137 5575/5554/137 5917/6007/137
f 5917/6007/137 5575/5554/137 5577/5557/137
f 5917/6007/137 5577/5557/137 5916/6008/137
f 5916/6008/137 5577/5557/137 3043/5559/137
f 2031/6009/1120 5918/6010/3620 2030/5046/1117
f 2030/5046/1117 5918/6010/3620 5120/5047/3621
f 5234/5047/3622 5919/6010/3623 5233/5046/3309
f 5233/5046/3309 5919/6010/3623 5438/6009/3312
f 5728/3000/3624 5920/5973/3609 5033/2999/3037
f 5033/2999/3037 5920/5973/3609 5038/5972/3040
f 3859/5284/2233 5407/5283/3287 3855/5974/2229
f 3855/5974/2229 5407/5283/3287 5026/5975/3026
f 2773/5977/1568 5921/5976/3625 2774/3053/1569
f 2774/3053/1569 5921/5976/3625 5743/3051/3624
f 5922/6011/3364 5923/6012/3626 2246/1888/82
f 2246/1888/82 5923/6012/3626 2631/1049/3627
f 2631/1049/3627 5923/6012/3626 2628/1046/3628
f 5923/6012/3626 5922/6011/3364 4958/4022/3629
f 4958/4022/3629 5922/6011/3364 4229/6013/3630
f 5923/6012/3626 4958/4022/3629 5924/5971/3631
f 5923/6012/3626 5924/5971/3631 2628/1046/3628
f 5924/5971/3631 4958/4022/3629 4955/4967/222
f 5924/5971/3631 4955/4967/222 4954/4966/3632
f 2628/1046/3628 5924/5971/3631 5925/5970/3633
f 5925/5970/3633 5924/5971/3631 4954/4966/3632
f 2628/1046/3628 5925/5970/3633 2627/1044/3634
f 2627/1044/3634 5925/5970/3633 2622/1039/1600
f 5925/5970/3633 4954/4966/3632 5926/5969/3635
f 5925/5970/3633 5926/5969/3635 2622/1039/1600
f 5926/5969/3635 4954/4966/3632 4951/4963/3636
f 5926/5969/3635 4951/4963/3636 4950/4962/3637
f 2622/1039/1600 5926/5969/3635 5927/5968/3638
f 5927/5968/3638 5926/5969/3635 4950/4962/3637
f 2622/1039/1600 5927/5968/3638 2618/1037/3639
f 2618/1037/3639 5927/5968/3638 2615/1034/3640
f 5927/5968/3638 4950/4962/3637 5928/5967/3641
f 5927/5968/3638 5928/5967/3641 2615/1034/3640
f 5928/5967/3641 4950/4962/3637 4947/4959/3637
f 5928/5967/3641 4947/4959/3637 4946/4958/3642
f 2615/1034/3640 5928/5967/3641 5929/5966/3643
f 5929/5966/3643 5928/5967/3641 4946/4958/3642
f 2615/1034/3640 5929/5966/3643 2614/1032/3644
f 2614/1032/3644 5929/5966/3643 1588/1029/3645
f 5929/5966/3643 4946/4958/3642 5930/5965/2678
f 5929/5966/3643 5930/5965/2678 1588/1029/3645
f 5930/5965/2678 4946/4958/3642 4942/4954/3646
f 5930/5965/2678 4942/4954/3646 4941/4953/3646
f 5930/5965/2678 4941/4953/3646 5931/5964/3470
f 5930/5965/2678 5931/5964/3470 1588/1029/3645
f 1588/1029/3645 5931/5964/3470 1589/1030/3647
f 5894/5978/3609 5932/6014/3648 5895/5979/3610
f 4786/5980/3611 4787/6015/3649 5894/5978/3609
f 5894/5978/3609 4787/6015/3649 5932/6014/3648
f 5932/6014/3648 4787/6015/3649 4414/6016/3650
f 5932/6014/3648 4414/6016/3650 5933/6017/3651
f 5933/6017/3651 4414/6016/3650 4413/6018/3652
f 5895/5979/3610 5932/6014/3648 5934/6019/3653
f 5895/5979/3610 5934/6019/3653 5896/5982/3613
f 5932/6014/3648 5933/6017/3651 5935/6020/3654
f 5935/6020/3654 5933/6017/3651 4413/6018/3652
f 5932/6014/3648 5935/6020/3654 5934/6019/3653
f 5935/6020/3654 4413/6018/3652 4412/6021/3655
f 5935/6020/3654 4412/6021/3655 5936/6022/3187
f 5935/6020/3654 5936/6022/3187 5934/6019/3653
f 5936/6022/3187 4412/6021/3655 4411/6023/3656
f 5936/6022/3187 4411/6023/3656 5934/6019/3653
f 5934/6019/3653 4411/6023/3656 4410/6024/3657
f 5897/5984/3615 5896/5982/3613 5934/6019/3653
f 5934/6019/3653 4410/6024/3657 5937/6025/3658
f 5934/6019/3653 5937/6025/3658 5897/5984/3615
f 5937/6025/3658 4410/6024/3657 4409/6026/3659
f 5937/6025/3658 4409/6026/3659 5938/6027/3660
f 5937/6025/3658 5938/6027/3660 5897/5984/3615
f 5938/6027/3660 4409/6026/3659 4408/6028/3661
f 5938/6027/3660 4408/6028/3661 5939/6029/3662
f 5939/6029/3662 4408/6028/3661 4406/6030/3663
f 5938/6027/3660 5939/6029/3662 5940/6031/3664
f 5940/6031/3664 5939/6029/3662 4406/6030/3663
f 5938/6027/3660 5940/6031/3664 5897/5984/3615
f 5940/6031/3664 4406/6030/3663 4407/6032/3665
f 5897/5984/3615 5940/6031/3664 5899/5988/3606
f 5897/5984/3615 5899/5988/3606 5898/5986/3617
f 5940/6031/3664 4407/6032/3665 5941/6033/3666
f 5940/6031/3664 5941/6033/3666 5899/5988/3606
f 5941/6033/3666 4407/6032/3665 4781/5989/3619
f 5941/6033/3666 4781/5989/3619 5899/5988/3606
f 5877/5964/3521 5021/4953/3667 5878/5965/2854
f 5878/5965/2854 5021/4953/3667 5018/4954/3668
f 5878/5965/2854 5018/4954/3668 5017/4958/3669
f 5878/5965/2854 5017/4958/3669 5879/5966/3583
f 5879/5966/3583 5017/4958/3669 5880/5967/3586
f 5880/5967/3586 5017/4958/3669 5014/4959/3670
f 5880/5967/3586 5014/4959/3670 5013/4962/3670
f 5880/5967/3586 5013/4962/3670 5881/5968/3587
f 5881/5968/3587 5013/4962/3670 5882/5969/3590
f 5882/5969/3590 5013/4962/3670 5010/4963/3671
f 5882/5969/3590 5010/4963/3671 5009/4966/3672
f 5882/5969/3590 5009/4966/3672 5883/5970/3591
f 5883/5970/3591 5009/4966/3672 5884/5971/3594
f 5884/5971/3594 5009/4966/3672 5006/4967/3673
f 5884/5971/3594 5006/4967/3673 4231/4022/3674
f 5884/5971/3594 4231/4022/3674 5942/6012/3675
f 5884/5971/3594 5942/6012/3675 1263/1046/3593
f 1263/1046/3593 5942/6012/3675 1266/1049/3676
f 1266/1049/3676 5942/6012/3675 2246/1888/82
f 2246/1888/82 5942/6012/3675 5922/6011/3364
f 5922/6011/3364 5942/6012/3675 4231/4022/3674
f 5922/6011/3364 4231/4022/3674 4229/6013/3630
f 5815/4954/3677 5943/5965/3678 4941/4953/3646
f 4941/4953/3646 5943/5965/3678 5931/5964/3470
f 5943/5965/3678 5815/4954/3677 5813/4958/3679
f 5931/5964/3470 5943/5965/3678 5322/1029/3680
f 5931/5964/3470 5322/1029/3680 1589/1030/3647
f 5322/1029/3680 5943/5965/3678 5944/5966/3681
f 5944/5966/3681 5943/5965/3678 5813/4958/3679
f 5322/1029/3680 5944/5966/3681 5319/1032/3682
f 5319/1032/3682 5944/5966/3681 5320/1034/3683
f 5944/5966/3681 5813/4958/3679 5945/5967/3684
f 5944/5966/3681 5945/5967/3684 5320/1034/3683
f 5945/5967/3684 5813/4958/3679 5810/4959/3685
f 5945/5967/3684 5810/4959/3685 5812/4962/3685
f 5320/1034/3683 5945/5967/3684 5946/5968/99
f 5946/5968/99 5945/5967/3684 5812/4962/3685
f 5320/1034/3683 5946/5968/99 5327/1037/3686
f 5327/1037/3686 5946/5968/99 5328/1039/3687
f 5946/5968/99 5812/4962/3685 5947/5969/3688
f 5946/5968/99 5947/5969/3688 5328/1039/3687
f 5947/5969/3688 5812/4962/3685 5814/4963/3689
f 5947/5969/3688 5814/4963/3689 5819/4966/3690
f 5328/1039/3687 5947/5969/3688 5948/5970/3691
f 5948/5970/3691 5947/5969/3688 5819/4966/3690
f 5328/1039/3687 5948/5970/3691 5332/1044/3692
f 5332/1044/3692 5948/5970/3691 5333/1046/3693
f 5948/5970/3691 5819/4966/3690 5949/5971/3694
f 5948/5970/3691 5949/5971/3694 5333/1046/3693
f 5949/5971/3694 5819/4966/3690 5820/4967/3695
f 5949/5971/3694 5820/4967/3695 5823/4022/3696
f 5333/1046/3693 5949/5971/3694 5950/6012/3482
f 5950/6012/3482 5949/5971/3694 5823/4022/3696
f 5333/1046/3693 5950/6012/3482 5336/1049/3697
f 5336/1049/3697 5950/6012/3482 5337/1888/7
f 5337/1888/7 5950/6012/3482 5951/6011/3355
f 5951/6011/3355 5950/6012/3482 5823/4022/3696
f 5951/6011/3355 5823/4022/3696 5824/6013/3698
f 5031/5047/3699 5952/6010/3700 1886/5046/1020
f 1886/5046/1020 5952/6010/3700 1887/6009/1023
f 1887/6009/1023 5952/6010/3700 1888/6034/917
f 1888/6034/917 5952/6010/3700 5953/6035/137
f 5954/6035/328 5955/6010/3701 5450/6034/3332
f 5450/6034/3332 5955/6010/3701 5449/6009/3331
f 5449/6009/3331 5955/6010/3701 5189/5046/3328
f 5189/5046/3328 5955/6010/3701 5187/5047/3702
f 3301/3000/3703 5956/5973/3662 2771/2999/1561
f 2771/2999/1561 5956/5973/3662 2772/5972/1565
f 2772/5972/1565 5956/5973/3662 5921/5976/3625
f 2772/5972/1565 5921/5976/3625 2773/5977/1568
f 5038/5972/3040 5920/5973/3609 5957/5976/3704
f 5038/5972/3040 5957/5976/3704 5041/5977/3041
f 5041/5977/3041 5957/5976/3704 3326/3053/1203
f 3326/3053/1203 5957/5976/3704 3324/3051/3703
f 5951/6011/3355 5958/6012/3705 5337/1888/7
f 5337/1888/7 5958/6012/3705 5118/1049/3706
f 5118/1049/3706 5958/6012/3705 5114/1046/3595
f 5958/6012/3705 5951/6011/3355 5796/4022/3707
f 5796/4022/3707 5951/6011/3355 5824/6013/3698
f 5114/1046/3595 5958/6012/3705 5885/5971/3596
f 5885/5971/3596 5958/6012/3705 5796/4022/3707
f 5885/5971/3596 5796/4022/3707 5793/4967/3708
f 5885/5971/3596 5793/4967/3708 5792/4966/3709
f 5885/5971/3596 5792/4966/3709 5886/5970/3119
f 5886/5970/3119 5792/4966/3709 5887/5969/3599
f 5887/5969/3599 5792/4966/3709 5789/4963/3710
f 5887/5969/3599 5789/4963/3710 5788/4962/3711
f 5887/5969/3599 5788/4962/3711 5888/5968/254
f 5888/5968/254 5788/4962/3711 5889/5967/3602
f 5889/5967/3602 5788/4962/3711 5785/4959/3711
f 5889/5967/3602 5785/4959/3711 5784/4958/3712
f 5889/5967/3602 5784/4958/3712 5890/5966/3603
f 5890/5966/3603 5784/4958/3712 5891/5965/3605
f 5891/5965/3605 5784/4958/3712 5781/4954/3713
f 5891/5965/3605 5781/4954/3713 5021/4953/3667
f 5891/5965/3605 5021/4953/3667 5877/5964/3521
f 5953/6035/137 5918/6010/3620 1888/6034/917
f 1888/6034/917 5918/6010/3620 2031/6009/1120
f 5438/6009/3312 5919/6010/3623 5450/6034/3332
f 5450/6034/3332 5919/6010/3623 5954/6035/328
f 5382/3804/3262 5804/3803/3545 5383/5281/3263
f 5383/5281/3263 5804/3803/3545 5959/5282/3344
f 5383/5281/3263 5959/5282/3344 5960/5283/3714
f 5383/5281/3263 5960/5283/3714 5390/5284/3266
f 5390/5284/3266 5960/5283/3714 456/5974/219
f 456/5974/219 5960/5283/3714 457/5975/220
f 5173/5977/3144 5893/5976/3608 5174/5972/3145
f 5174/5972/3145 5893/5976/3608 5961/5973/3654
f 5174/5972/3145 5961/5973/3654 5172/2999/3139
f 5172/2999/3139 5961/5973/3654 5725/3000/3715
f 5746/3051/3715 5962/5976/3716 2731/3053/1536
f 2731/3053/1536 5962/5976/3716 2729/5977/1535
f 2729/5977/1535 5962/5976/3716 2728/5972/1531
f 2728/5972/1531 5962/5976/3716 5892/5973/3606
f 1601/5678/893 5763/5676/3516 2488/5677/1387
f 5768/5676/3521 5291/5678/3200 5401/5677/3275
f 4027/3803/2331 4028/3804/2332 1567/5281/863
f 4027/3803/2331 1567/5281/863 5963/5282/2635
f 5963/5282/2635 1567/5281/863 5964/5283/3717
f 5964/5283/3717 1567/5281/863 1565/5284/861
f 5964/5283/3717 1565/5284/861 1005/5974/520
f 5964/5283/3717 1005/5974/520 1006/5975/521
