# Converted from butterfly_geo.json; permitted Survivalcraft port
o knife
v -0.0483640 -0.1596960 -0.0299081
v -0.0148807 -0.1596960 -0.0299081
v -0.0148807 -0.1291858 -0.0604183
v -0.0483640 -0.1291858 -0.0604183
v -0.0483640 -0.0860384 0.0437496
v -0.0148807 -0.0860384 0.0437496
v -0.0148807 -0.0555281 0.0132394
v -0.0483640 -0.0555281 0.0132394
v -0.0483640 -0.1059333 0.0057429
v -0.0148807 -0.1059333 0.0057429
v -0.0148807 -0.0761988 0.0070412
v -0.0483640 -0.0761988 0.0070412
v -0.0483640 -0.1104770 0.1098115
v -0.0148807 -0.1104770 0.1098115
v -0.0148807 -0.0807426 0.1111097
v -0.0483640 -0.0807426 0.1111097
v -0.0481257 -0.1280060 0.0050165
v -0.0151191 -0.1280060 0.0050165
v -0.0151191 -0.1061817 0.0059693
v -0.0481257 -0.1061817 0.0059693
v -0.0481257 -0.1429147 0.3464816
v -0.0151191 -0.1429147 0.3464816
v -0.0151191 -0.1210904 0.3474345
v -0.0481257 -0.1210904 0.3474345
v -0.0481257 -0.1445274 0.2128303
v -0.0151191 -0.1445274 0.2128303
v -0.0151191 -0.1375697 0.2131341
v -0.0481257 -0.1375697 0.2131341
v -0.0481257 -0.1503486 0.3461571
v -0.0151191 -0.1503486 0.3461571
v -0.0151191 -0.1433909 0.3464609
v -0.0481257 -0.1433909 0.3464609
v -0.0483640 -0.1101965 0.1068380
v -0.0148807 -0.1101965 0.1068380
v -0.0148807 -0.0807417 0.1111088
v -0.0483640 -0.0807417 0.1111088
v -0.0483640 -0.1187378 0.1657462
v -0.0148807 -0.1187378 0.1657462
v -0.0148807 -0.0892830 0.1700170
v -0.0483640 -0.0892830 0.1700170
v -0.0483640 -0.1187378 0.1657456
v -0.0148807 -0.1187378 0.1657456
v -0.0148807 -0.0891012 0.1684688
v -0.0483640 -0.0891012 0.1684688
v -0.0483640 -0.1269076 0.2546567
v -0.0148807 -0.1269076 0.2546567
v -0.0148807 -0.0972710 0.2573799
v -0.0483640 -0.0972710 0.2573799
v -0.0483640 -0.1269069 0.2546581
v -0.0148807 -0.1269069 0.2546581
v -0.0148807 -0.0971487 0.2551775
v -0.0483640 -0.0971487 0.2551775
v -0.0483640 -0.1289846 0.3736883
v -0.0148807 -0.1289846 0.3736883
v -0.0148807 -0.0992264 0.3742078
v -0.0483640 -0.0992264 0.3742078
v -0.0483640 -0.1289852 0.3736881
v -0.0148807 -0.1289852 0.3736881
v -0.0148807 -0.0992703 0.3720008
v -0.0483640 -0.0992703 0.3720008
v -0.0483640 -0.1256106 0.4331166
v -0.0148807 -0.1256106 0.4331166
v -0.0148807 -0.0958958 0.4314293
v -0.0483640 -0.0958958 0.4314293
v -0.0483640 -0.1256118 0.4331181
v -0.0148807 -0.1256118 0.4331181
v -0.0148807 -0.0960259 0.4298779
v -0.0483640 -0.0960259 0.4298779
v -0.0483640 -0.1158915 0.5218730
v -0.0148807 -0.1158915 0.5218730
v -0.0148807 -0.0863057 0.5186329
v -0.0483640 -0.0863057 0.5186329
v -0.0483640 -0.1158895 0.5218720
v -0.0148807 -0.1158895 0.5218720
v -0.0148807 -0.0866030 0.5165762
v -0.0483640 -0.0866030 0.5165762
v -0.0483640 -0.1026494 0.5950908
v -0.0148807 -0.1026494 0.5950908
v -0.0148807 -0.0733629 0.5897950
v -0.0483640 -0.0733629 0.5897950
v -0.0483640 -0.1026496 0.5950931
v -0.0148807 -0.1026496 0.5950931
v -0.0148807 -0.0737092 0.5881451
v -0.0483640 -0.0737092 0.5881451
v -0.0483640 -0.0887540 0.6529727
v -0.0148807 -0.0887540 0.6529727
v -0.0148807 -0.0598136 0.6460247
v -0.0483640 -0.0598136 0.6460247
v -0.0481257 -0.1426845 0.6752075
v -0.0151191 -0.1426845 0.6752075
v -0.0151191 -0.0815942 0.6489610
v -0.0481257 -0.0815942 0.6489610
v -0.0481257 -0.0165767 0.9687313
v -0.0151191 -0.0165767 0.9687313
v -0.0151191 0.0445136 0.9424849
v -0.0481257 0.0445136 0.9424849
v -0.0483640 -0.0887550 0.6529725
v -0.0148807 -0.0887550 0.6529725
v -0.0148807 -0.0604881 0.6436515
v -0.0483640 -0.0604881 0.6436515
v -0.0483640 -0.0468133 0.7801649
v -0.0148807 -0.0468133 0.7801649
v -0.0148807 -0.0185464 0.7708439
v -0.0483640 -0.0185464 0.7708439
v -0.0483640 -0.0468132 0.7801626
v -0.0148807 -0.0468132 0.7801626
v -0.0148807 -0.0195722 0.7681762
v -0.0483640 -0.0195722 0.7681762
v -0.0483640 0.0011332 0.8891290
v -0.0148807 0.0011332 0.8891290
v -0.0148807 0.0283742 0.8771426
v -0.0483640 0.0283742 0.8771426
v -0.0483640 0.0009795 0.8892768
v -0.0148807 0.0009795 0.8892768
v -0.0148807 0.0227225 0.8686434
v -0.0483640 0.0227225 0.8686434
v -0.0483640 0.0550180 0.9462215
v -0.0148807 0.0550180 0.9462215
v -0.0148807 0.0767611 0.9255882
v -0.0483640 0.0767611 0.9255882
v -0.0483640 0.0470099 0.9248081
v -0.0148807 0.0470099 0.9248081
v -0.0148807 0.0477889 0.8950569
v -0.0483640 0.0477889 0.8950569
v -0.0483640 0.0767611 0.9255872
v -0.0148807 0.0767611 0.9255872
v -0.0148807 0.0775402 0.8958359
v -0.0483640 0.0775402 0.8958359
v -0.0497613 -0.1291856 -0.0604184
v -0.0148807 -0.1291856 -0.0604184
v -0.0148807 -0.0860377 -0.0604184
v -0.0497613 -0.0860377 -0.0604184
v -0.0497613 -0.1291856 -0.0306569
v -0.0148807 -0.1291856 -0.0306569
v -0.0148807 -0.0860377 -0.0306569
v -0.0497613 -0.0860377 -0.0306569
v -0.0483640 -0.1070838 -0.0393737
v -0.0148807 -0.1070838 -0.0393737
v -0.0148807 -0.0860384 -0.0604192
v -0.0483640 -0.0860384 -0.0604192
v -0.0483640 -0.0765736 -0.0088635
v -0.0148807 -0.0765736 -0.0088635
v -0.0148807 -0.0555281 -0.0299090
v -0.0483640 -0.0555281 -0.0299090
v -0.0469667 -0.1596948 -0.0299091
v -0.0148807 -0.1596948 -0.0299091
v -0.0148807 -0.0555271 -0.0299091
v -0.0469667 -0.0555271 -0.0299091
v -0.0469667 -0.1596948 0.0132388
v -0.0148807 -0.1596948 0.0132388
v -0.0148807 -0.0555271 0.0132388
v -0.0469667 -0.0555271 0.0132388
v -0.0483640 -0.1596948 0.0132388
v -0.0148807 -0.1596948 0.0132388
v -0.0148807 -0.1317282 0.0030598
v -0.0483640 -0.1317282 0.0030598
v -0.0483640 -0.1393363 0.0691733
v -0.0148807 -0.1393363 0.0691733
v -0.0148807 -0.1113697 0.0589943
v -0.0483640 -0.1113697 0.0589943
v -0.0483640 -0.1411019 0.0602923
v -0.0148807 -0.1411019 0.0602923
v -0.0148807 -0.1113688 0.0589941
v -0.0483640 -0.1113688 0.0589941
v -0.0483640 -0.1385055 0.1197612
v -0.0148807 -0.1385055 0.1197612
v -0.0148807 -0.1087723 0.1184630
v -0.0483640 -0.1087723 0.1184630
v -0.0483640 -0.1381683 0.1138063
v -0.0148807 -0.1381683 0.1138063
v -0.0148807 -0.1087732 0.1184620
v -0.0483640 -0.1087732 0.1184620
v -0.0483640 -0.1474799 0.1725977
v -0.0148807 -0.1474799 0.1725977
v -0.0148807 -0.1180849 0.1772534
v -0.0483640 -0.1180849 0.1772534
v -0.0483640 -0.1454824 0.1656236
v -0.0148807 -0.1454824 0.1656236
v -0.0148807 -0.1180856 0.1772529
v -0.0483640 -0.1180856 0.1772529
v -0.0483640 -0.1687404 0.2204160
v -0.0148807 -0.1687404 0.2204160
v -0.0148807 -0.1413436 0.2320452
v -0.0483640 -0.1413436 0.2320452
v -0.0483640 -0.1687388 0.2204165
v -0.0148807 -0.1687388 0.2204165
v -0.0148807 -0.1391009 0.2231399
v -0.0483640 -0.1391009 0.2231399
v -0.0483640 -0.1796319 0.3389655
v -0.0148807 -0.1796319 0.3389655
v -0.0148807 -0.1499940 0.3416889
v -0.0483640 -0.1499940 0.3416889
v -0.0483640 -0.1796318 0.3389660
v -0.0148807 -0.1796318 0.3389660
v -0.0148807 -0.1498872 0.3400047
v -0.0483640 -0.1498872 0.3400047
v -0.0483640 -0.1817092 0.3984540
v -0.0148807 -0.1817092 0.3984540
v -0.0148807 -0.1519646 0.3994927
v -0.0483640 -0.1519646 0.3994927
v -0.0483640 -0.1817088 0.3984536
v -0.0148807 -0.1817088 0.3984536
v -0.0148807 -0.1519485 0.3981938
v -0.0483640 -0.1519485 0.3981938
v -0.0483640 -0.1811894 0.4579768
v -0.0148807 -0.1811894 0.4579768
v -0.0148807 -0.1514290 0.4577171
v -0.0483640 -0.1514290 0.4577171
v -0.0483640 -0.1811902 0.4579765
v -0.0148807 -0.1811902 0.4579765
v -0.0148807 -0.1367913 0.4533099
v -0.0483640 -0.1367913 0.4533099
v -0.0483640 -0.1687463 0.5763727
v -0.0148807 -0.1687463 0.5763727
v -0.0148807 -0.1243474 0.5717062
v -0.0483640 -0.1243474 0.5717062
v -0.0483640 -0.1687453 0.5763727
v -0.0148807 -0.1687453 0.5763727
v -0.0148807 -0.1395294 0.5706937
v -0.0483640 -0.1395294 0.5706937
v -0.0483640 -0.1460298 0.6932339
v -0.0148807 -0.1460298 0.6932339
v -0.0148807 -0.1168139 0.6875549
v -0.0483640 -0.1168139 0.6875549
v -0.0483640 -0.1460320 0.6932328
v -0.0148807 -0.1460320 0.6932328
v -0.0148807 -0.1178073 0.6837890
v -0.0483640 -0.1178073 0.6837890
v -0.0483640 -0.1082570 0.8061305
v -0.0148807 -0.1082570 0.8061305
v -0.0148807 -0.0800322 0.7966867
v -0.0483640 -0.0800322 0.7966867
v -0.0483640 -0.1082559 0.8061328
v -0.0148807 -0.1082559 0.8061328
v -0.0148807 -0.0809629 0.7942654
v -0.0483640 -0.0809629 0.7942654
v -0.0483640 -0.0607855 0.9153074
v -0.0148807 -0.0607855 0.9153074
v -0.0148807 -0.0334925 0.9034400
v -0.0483640 -0.0334925 0.9034400
v -0.0483640 -0.0607851 0.9153083
v -0.0148807 -0.0607851 0.9153083
v -0.0148807 -0.0346291 0.9011068
v -0.0483640 -0.0346291 0.9011068
v -0.0483640 -0.0323826 0.9676192
v -0.0148807 -0.0323826 0.9676192
v -0.0148807 -0.0062266 0.9534177
v -0.0483640 -0.0062266 0.9534177
v -0.0483640 -0.0323817 0.9676168
v -0.0148807 -0.0323817 0.9676168
v -0.0148807 -0.0107935 0.9471303
v -0.0483640 -0.0107935 0.9471303
v -0.0483640 -0.0016511 1.0000000
v -0.0148807 -0.0016511 1.0000000
v -0.0148807 0.0199371 0.9795136
v -0.0483640 0.0199371 0.9795136
v -0.0483640 -0.0005493 0.9579254
v -0.0148807 -0.0005493 0.9579254
v -0.0148807 0.0345317 0.9246347
v -0.0483640 0.0345317 0.9246347
v -0.0483640 0.0199371 0.9795136
v -0.0148807 0.0199371 0.9795136
v -0.0148807 0.0550181 0.9462229
v -0.0483640 0.0550181 0.9462229
v -0.0558050 -0.1596948 0.3339307
v -0.0074410 -0.1596948 0.3339307
v -0.0074410 -0.1113334 0.3339307
v -0.0558050 -0.1113334 0.3339307
v -0.0558050 -0.1596948 0.4380971
v -0.0074410 -0.1596948 0.4380971
v -0.0074410 -0.1113334 0.4380971
v -0.0558050 -0.1113334 0.4380971
v -0.0558050 -0.1596948 0.4380971
v -0.0074410 -0.1596948 0.4380971
v -0.0074410 -0.1115175 0.4338821
v -0.0558050 -0.1115175 0.4338821
v -0.0558050 -0.1519130 0.5270443
v -0.0074410 -0.1519130 0.5270443
v -0.0074410 -0.1037356 0.5228293
v -0.0558050 -0.1037356 0.5228293
v -0.0558050 -0.1519146 0.5270436
v -0.0074410 -0.1519146 0.5270436
v -0.0074410 -0.1042854 0.5186452
v -0.0558050 -0.1042854 0.5186452
v -0.0558050 -0.1364101 0.6149741
v -0.0074410 -0.1364101 0.6149741
v -0.0074410 -0.0887809 0.6065757
v -0.0558050 -0.0887809 0.6065757
v -0.0558050 -0.1364092 0.6149764
v -0.0074410 -0.1364092 0.6149764
v -0.0074410 -0.0900356 0.6012399
v -0.0558050 -0.0900356 0.6012399
v -0.0558050 -0.0920316 0.7647929
v -0.0074410 -0.0920316 0.7647929
v -0.0074410 -0.0456580 0.7510564
v -0.0558050 -0.0456580 0.7510564
v -0.0558050 -0.0777636 0.7605665
v -0.0074410 -0.0777636 0.7605665
v -0.0074410 -0.0599272 0.7552831
v -0.0558050 -0.0599272 0.7552831
v -0.0558050 -0.0735373 0.7748345
v -0.0074410 -0.0735373 0.7748345
v -0.0074410 -0.0557008 0.7695510
v -0.0558050 -0.0557008 0.7695510
v -0.0558050 -0.0849296 0.7517160
v -0.0074410 -0.0849296 0.7517160
v -0.0074410 -0.0664373 0.7617565
v -0.0558050 -0.0664373 0.7617565
v -0.0558050 -0.0920301 0.7647934
v -0.0074410 -0.0920301 0.7647934
v -0.0074410 -0.0735377 0.7748339
v -0.0558050 -0.0735377 0.7748339
v -0.0558050 -0.0687799 0.7624500
v -0.0074410 -0.0687799 0.7624500
v -0.0074410 -0.0587381 0.7439553
v -0.0558050 -0.0587381 0.7439553
v -0.0558050 -0.0557013 0.7695511
v -0.0074410 -0.0557013 0.7695511
v -0.0074410 -0.0456595 0.7510564
v -0.0558050 -0.0456595 0.7510564
v -0.0558050 -0.1448141 0.3190487
v -0.0074410 -0.1448141 0.3190487
v -0.0074410 -0.1262142 0.3190487
v -0.0558050 -0.1262142 0.3190487
v -0.0558050 -0.1448141 0.3339307
v -0.0074410 -0.1448141 0.3339307
v -0.0074410 -0.1262142 0.3339307
v -0.0558050 -0.1262142 0.3339307
v -0.0558050 -0.1262142 0.3190487
v -0.0074410 -0.1262142 0.3190487
v -0.0074410 -0.1113332 0.3339297
v -0.0558050 -0.1113332 0.3339297
v -0.0558050 -0.1367374 0.3295718
v -0.0074410 -0.1367374 0.3295718
v -0.0074410 -0.1218564 0.3444528
v -0.0558050 -0.1218564 0.3444528
v -0.0558050 -0.1596951 0.3339297
v -0.0074410 -0.1596951 0.3339297
v -0.0074410 -0.1448141 0.3190487
v -0.0558050 -0.1448141 0.3190487
v -0.0558050 -0.1491719 0.3444528
v -0.0074410 -0.1491719 0.3444528
v -0.0074410 -0.1342909 0.3295718
v -0.0558050 -0.1342909 0.3295718
v 0.0148820 -0.1596960 -0.0299081
v 0.0483627 -0.1596960 -0.0299081
v 0.0483627 -0.1291858 -0.0604183
v 0.0148820 -0.1291858 -0.0604183
v 0.0148820 -0.0860384 0.0437496
v 0.0483627 -0.0860384 0.0437496
v 0.0483627 -0.0555281 0.0132394
v 0.0148820 -0.0555281 0.0132394
v 0.0148820 -0.1059333 0.0057429
v 0.0483627 -0.1059333 0.0057429
v 0.0483627 -0.0761988 0.0070412
v 0.0148820 -0.0761988 0.0070412
v 0.0148820 -0.1104770 0.1098115
v 0.0483627 -0.1104770 0.1098115
v 0.0483627 -0.0807426 0.1111097
v 0.0148820 -0.0807426 0.1111097
v 0.0151204 -0.1280060 0.0050165
v 0.0481257 -0.1280060 0.0050165
v 0.0481257 -0.1061817 0.0059693
v 0.0151204 -0.1061817 0.0059693
v 0.0151204 -0.1429147 0.3464816
v 0.0481257 -0.1429147 0.3464816
v 0.0481257 -0.1210904 0.3474345
v 0.0151204 -0.1210904 0.3474345
v 0.0151204 -0.1445274 0.2128303
v 0.0481257 -0.1445274 0.2128303
v 0.0481257 -0.1375697 0.2131341
v 0.0151204 -0.1375697 0.2131341
v 0.0151204 -0.1503486 0.3461571
v 0.0481257 -0.1503486 0.3461571
v 0.0481257 -0.1433909 0.3464609
v 0.0151204 -0.1433909 0.3464609
v 0.0148820 -0.1101965 0.1068380
v 0.0483627 -0.1101965 0.1068380
v 0.0483627 -0.0807417 0.1111088
v 0.0148820 -0.0807417 0.1111088
v 0.0148820 -0.1187378 0.1657462
v 0.0483627 -0.1187378 0.1657462
v 0.0483627 -0.0892830 0.1700170
v 0.0148820 -0.0892830 0.1700170
v 0.0148820 -0.1187378 0.1657456
v 0.0483627 -0.1187378 0.1657456
v 0.0483627 -0.0891012 0.1684688
v 0.0148820 -0.0891012 0.1684688
v 0.0148820 -0.1269076 0.2546567
v 0.0483627 -0.1269076 0.2546567
v 0.0483627 -0.0972710 0.2573799
v 0.0148820 -0.0972710 0.2573799
v 0.0148820 -0.1269069 0.2546581
v 0.0483627 -0.1269069 0.2546581
v 0.0483627 -0.0971487 0.2551775
v 0.0148820 -0.0971487 0.2551775
v 0.0148820 -0.1289846 0.3736883
v 0.0483627 -0.1289846 0.3736883
v 0.0483627 -0.0992264 0.3742078
v 0.0148820 -0.0992264 0.3742078
v 0.0148820 -0.1289852 0.3736881
v 0.0483627 -0.1289852 0.3736881
v 0.0483627 -0.0992703 0.3720008
v 0.0148820 -0.0992703 0.3720008
v 0.0148820 -0.1256106 0.4331166
v 0.0483627 -0.1256106 0.4331166
v 0.0483627 -0.0958958 0.4314293
v 0.0148820 -0.0958958 0.4314293
v 0.0148820 -0.1256118 0.4331181
v 0.0483627 -0.1256118 0.4331181
v 0.0483627 -0.0960259 0.4298779
v 0.0148820 -0.0960259 0.4298779
v 0.0148820 -0.1158915 0.5218730
v 0.0483627 -0.1158915 0.5218730
v 0.0483627 -0.0863057 0.5186329
v 0.0148820 -0.0863057 0.5186329
v 0.0148820 -0.1158895 0.5218720
v 0.0483627 -0.1158895 0.5218720
v 0.0483627 -0.0866030 0.5165762
v 0.0148820 -0.0866030 0.5165762
v 0.0148820 -0.1026494 0.5950908
v 0.0483627 -0.1026494 0.5950908
v 0.0483627 -0.0733629 0.5897950
v 0.0148820 -0.0733629 0.5897950
v 0.0148820 -0.1026496 0.5950931
v 0.0483627 -0.1026496 0.5950931
v 0.0483627 -0.0737092 0.5881451
v 0.0148820 -0.0737092 0.5881451
v 0.0148820 -0.0887540 0.6529727
v 0.0483627 -0.0887540 0.6529727
v 0.0483627 -0.0598136 0.6460247
v 0.0148820 -0.0598136 0.6460247
v 0.0151204 -0.1426845 0.6752075
v 0.0481257 -0.1426845 0.6752075
v 0.0481257 -0.0815942 0.6489610
v 0.0151204 -0.0815942 0.6489610
v 0.0151204 -0.0165767 0.9687313
v 0.0481257 -0.0165767 0.9687313
v 0.0481257 0.0445136 0.9424849
v 0.0151204 0.0445136 0.9424849
v 0.0148820 -0.0887550 0.6529725
v 0.0483627 -0.0887550 0.6529725
v 0.0483627 -0.0604881 0.6436515
v 0.0148820 -0.0604881 0.6436515
v 0.0148820 -0.0468133 0.7801649
v 0.0483627 -0.0468133 0.7801649
v 0.0483627 -0.0185464 0.7708439
v 0.0148820 -0.0185464 0.7708439
v 0.0148820 -0.0468132 0.7801626
v 0.0483627 -0.0468132 0.7801626
v 0.0483627 -0.0195722 0.7681762
v 0.0148820 -0.0195722 0.7681762
v 0.0148820 0.0011332 0.8891290
v 0.0483627 0.0011332 0.8891290
v 0.0483627 0.0283742 0.8771426
v 0.0148820 0.0283742 0.8771426
v 0.0148820 0.0009795 0.8892768
v 0.0483627 0.0009795 0.8892768
v 0.0483627 0.0227225 0.8686434
v 0.0148820 0.0227225 0.8686434
v 0.0148820 0.0550180 0.9462215
v 0.0483627 0.0550180 0.9462215
v 0.0483627 0.0767611 0.9255882
v 0.0148820 0.0767611 0.9255882
v 0.0148820 0.0470099 0.9248081
v 0.0483627 0.0470099 0.9248081
v 0.0483627 0.0477889 0.8950569
v 0.0148820 0.0477889 0.8950569
v 0.0148820 0.0767611 0.9255872
v 0.0483627 0.0767611 0.9255872
v 0.0483627 0.0775402 0.8958359
v 0.0148820 0.0775402 0.8958359
v 0.0148820 -0.1291856 -0.0604184
v 0.0497600 -0.1291856 -0.0604184
v 0.0497600 -0.0860377 -0.0604184
v 0.0148820 -0.0860377 -0.0604184
v 0.0148820 -0.1291856 -0.0306569
v 0.0497600 -0.1291856 -0.0306569
v 0.0497600 -0.0860377 -0.0306569
v 0.0148820 -0.0860377 -0.0306569
v 0.0148820 -0.1070838 -0.0393737
v 0.0483627 -0.1070838 -0.0393737
v 0.0483627 -0.0860384 -0.0604192
v 0.0148820 -0.0860384 -0.0604192
v 0.0148820 -0.0765736 -0.0088635
v 0.0483627 -0.0765736 -0.0088635
v 0.0483627 -0.0555281 -0.0299090
v 0.0148820 -0.0555281 -0.0299090
v 0.0148820 -0.1596948 -0.0299091
v 0.0469654 -0.1596948 -0.0299091
v 0.0469654 -0.0555271 -0.0299091
v 0.0148820 -0.0555271 -0.0299091
v 0.0148820 -0.1596948 0.0132388
v 0.0469654 -0.1596948 0.0132388
v 0.0469654 -0.0555271 0.0132388
v 0.0148820 -0.0555271 0.0132388
v 0.0148820 -0.1596948 0.0132388
v 0.0483627 -0.1596948 0.0132388
v 0.0483627 -0.1317282 0.0030598
v 0.0148820 -0.1317282 0.0030598
v 0.0148820 -0.1393363 0.0691733
v 0.0483627 -0.1393363 0.0691733
v 0.0483627 -0.1113697 0.0589943
v 0.0148820 -0.1113697 0.0589943
v 0.0148820 -0.1411019 0.0602923
v 0.0483627 -0.1411019 0.0602923
v 0.0483627 -0.1113688 0.0589941
v 0.0148820 -0.1113688 0.0589941
v 0.0148820 -0.1385055 0.1197612
v 0.0483627 -0.1385055 0.1197612
v 0.0483627 -0.1087723 0.1184630
v 0.0148820 -0.1087723 0.1184630
v 0.0148820 -0.1381683 0.1138063
v 0.0483627 -0.1381683 0.1138063
v 0.0483627 -0.1087732 0.1184620
v 0.0148820 -0.1087732 0.1184620
v 0.0148820 -0.1474799 0.1725977
v 0.0483627 -0.1474799 0.1725977
v 0.0483627 -0.1180849 0.1772534
v 0.0148820 -0.1180849 0.1772534
v 0.0148820 -0.1454824 0.1656236
v 0.0483627 -0.1454824 0.1656236
v 0.0483627 -0.1180856 0.1772529
v 0.0148820 -0.1180856 0.1772529
v 0.0148820 -0.1687404 0.2204160
v 0.0483627 -0.1687404 0.2204160
v 0.0483627 -0.1413436 0.2320452
v 0.0148820 -0.1413436 0.2320452
v 0.0148820 -0.1687388 0.2204165
v 0.0483627 -0.1687388 0.2204165
v 0.0483627 -0.1391009 0.2231399
v 0.0148820 -0.1391009 0.2231399
v 0.0148820 -0.1796319 0.3389655
v 0.0483627 -0.1796319 0.3389655
v 0.0483627 -0.1499940 0.3416889
v 0.0148820 -0.1499940 0.3416889
v 0.0148820 -0.1796318 0.3389660
v 0.0483627 -0.1796318 0.3389660
v 0.0483627 -0.1498872 0.3400047
v 0.0148820 -0.1498872 0.3400047
v 0.0148820 -0.1817092 0.3984540
v 0.0483627 -0.1817092 0.3984540
v 0.0483627 -0.1519646 0.3994927
v 0.0148820 -0.1519646 0.3994927
v 0.0148820 -0.1817088 0.3984536
v 0.0483627 -0.1817088 0.3984536
v 0.0483627 -0.1519485 0.3981938
v 0.0148820 -0.1519485 0.3981938
v 0.0148820 -0.1811894 0.4579768
v 0.0483627 -0.1811894 0.4579768
v 0.0483627 -0.1514290 0.4577171
v 0.0148820 -0.1514290 0.4577171
v 0.0148820 -0.1811902 0.4579765
v 0.0483627 -0.1811902 0.4579765
v 0.0483627 -0.1367913 0.4533099
v 0.0148820 -0.1367913 0.4533099
v 0.0148820 -0.1687463 0.5763727
v 0.0483627 -0.1687463 0.5763727
v 0.0483627 -0.1243474 0.5717062
v 0.0148820 -0.1243474 0.5717062
v 0.0148820 -0.1687453 0.5763727
v 0.0483627 -0.1687453 0.5763727
v 0.0483627 -0.1395294 0.5706937
v 0.0148820 -0.1395294 0.5706937
v 0.0148820 -0.1460298 0.6932339
v 0.0483627 -0.1460298 0.6932339
v 0.0483627 -0.1168139 0.6875549
v 0.0148820 -0.1168139 0.6875549
v 0.0148820 -0.1460320 0.6932328
v 0.0483627 -0.1460320 0.6932328
v 0.0483627 -0.1178073 0.6837890
v 0.0148820 -0.1178073 0.6837890
v 0.0148820 -0.1082570 0.8061305
v 0.0483627 -0.1082570 0.8061305
v 0.0483627 -0.0800322 0.7966867
v 0.0148820 -0.0800322 0.7966867
v 0.0148820 -0.1082559 0.8061328
v 0.0483627 -0.1082559 0.8061328
v 0.0483627 -0.0809629 0.7942654
v 0.0148820 -0.0809629 0.7942654
v 0.0148820 -0.0607855 0.9153074
v 0.0483627 -0.0607855 0.9153074
v 0.0483627 -0.0334925 0.9034400
v 0.0148820 -0.0334925 0.9034400
v 0.0148820 -0.0607851 0.9153083
v 0.0483627 -0.0607851 0.9153083
v 0.0483627 -0.0346291 0.9011068
v 0.0148820 -0.0346291 0.9011068
v 0.0148820 -0.0323826 0.9676192
v 0.0483627 -0.0323826 0.9676192
v 0.0483627 -0.0062266 0.9534177
v 0.0148820 -0.0062266 0.9534177
v 0.0148820 -0.0323817 0.9676168
v 0.0483627 -0.0323817 0.9676168
v 0.0483627 -0.0107935 0.9471303
v 0.0148820 -0.0107935 0.9471303
v 0.0148820 -0.0016511 1.0000000
v 0.0483627 -0.0016511 1.0000000
v 0.0483627 0.0199371 0.9795136
v 0.0148820 0.0199371 0.9795136
v 0.0148820 -0.0005493 0.9579254
v 0.0483627 -0.0005493 0.9579254
v 0.0483627 0.0345317 0.9246347
v 0.0148820 0.0345317 0.9246347
v 0.0148820 0.0199371 0.9795136
v 0.0483627 0.0199371 0.9795136
v 0.0483627 0.0550181 0.9462229
v 0.0148820 0.0550181 0.9462229
v 0.0074423 -0.1596948 0.3339307
v 0.0558037 -0.1596948 0.3339307
v 0.0558037 -0.1113334 0.3339307
v 0.0074423 -0.1113334 0.3339307
v 0.0074423 -0.1596948 0.4380971
v 0.0558037 -0.1596948 0.4380971
v 0.0558037 -0.1113334 0.4380971
v 0.0074423 -0.1113334 0.4380971
v 0.0074423 -0.1596948 0.4380971
v 0.0558037 -0.1596948 0.4380971
v 0.0558037 -0.1115175 0.4338821
v 0.0074423 -0.1115175 0.4338821
v 0.0074423 -0.1519130 0.5270443
v 0.0558037 -0.1519130 0.5270443
v 0.0558037 -0.1037356 0.5228293
v 0.0074423 -0.1037356 0.5228293
v 0.0074423 -0.1519146 0.5270436
v 0.0558037 -0.1519146 0.5270436
v 0.0558037 -0.1042854 0.5186452
v 0.0074423 -0.1042854 0.5186452
v 0.0074423 -0.1364101 0.6149741
v 0.0558037 -0.1364101 0.6149741
v 0.0558037 -0.0887809 0.6065757
v 0.0074423 -0.0887809 0.6065757
v 0.0074423 -0.1364092 0.6149764
v 0.0558037 -0.1364092 0.6149764
v 0.0558037 -0.0900356 0.6012399
v 0.0074423 -0.0900356 0.6012399
v 0.0074423 -0.0920316 0.7647929
v 0.0558037 -0.0920316 0.7647929
v 0.0558037 -0.0456580 0.7510564
v 0.0074423 -0.0456580 0.7510564
v 0.0074423 -0.0777636 0.7605665
v 0.0558037 -0.0777636 0.7605665
v 0.0558037 -0.0599272 0.7552831
v 0.0074423 -0.0599272 0.7552831
v 0.0074423 -0.0735373 0.7748345
v 0.0558037 -0.0735373 0.7748345
v 0.0558037 -0.0557008 0.7695510
v 0.0074423 -0.0557008 0.7695510
v 0.0074423 -0.0849296 0.7517160
v 0.0558037 -0.0849296 0.7517160
v 0.0558037 -0.0664373 0.7617565
v 0.0074423 -0.0664373 0.7617565
v 0.0074423 -0.0920301 0.7647934
v 0.0558037 -0.0920301 0.7647934
v 0.0558037 -0.0735377 0.7748339
v 0.0074423 -0.0735377 0.7748339
v 0.0074423 -0.0687799 0.7624500
v 0.0558037 -0.0687799 0.7624500
v 0.0558037 -0.0587381 0.7439553
v 0.0074423 -0.0587381 0.7439553
v 0.0074423 -0.0557013 0.7695511
v 0.0558037 -0.0557013 0.7695511
v 0.0558037 -0.0456595 0.7510564
v 0.0074423 -0.0456595 0.7510564
v 0.0074423 -0.1448141 0.3190487
v 0.0558037 -0.1448141 0.3190487
v 0.0558037 -0.1262142 0.3190487
v 0.0074423 -0.1262142 0.3190487
v 0.0074423 -0.1448141 0.3339307
v 0.0558037 -0.1448141 0.3339307
v 0.0558037 -0.1262142 0.3339307
v 0.0074423 -0.1262142 0.3339307
v 0.0074423 -0.1262142 0.3190487
v 0.0558037 -0.1262142 0.3190487
v 0.0558037 -0.1113332 0.3339297
v 0.0074423 -0.1113332 0.3339297
v 0.0074423 -0.1367374 0.3295718
v 0.0558037 -0.1367374 0.3295718
v 0.0558037 -0.1218564 0.3444528
v 0.0074423 -0.1218564 0.3444528
v 0.0074423 -0.1596951 0.3339297
v 0.0558037 -0.1596951 0.3339297
v 0.0558037 -0.1448141 0.3190487
v 0.0074423 -0.1448141 0.3190487
v 0.0074423 -0.1491719 0.3444528
v 0.0558037 -0.1491719 0.3444528
v 0.0558037 -0.1342909 0.3295718
v 0.0074423 -0.1342909 0.3295718
v -0.0595242 -0.1286589 -0.0083348
v 0.0595242 -0.1286589 -0.0083348
v 0.0595242 -0.1076135 -0.0293802
v -0.0595242 -0.1076135 -0.0293802
v -0.0595242 -0.1076126 0.0127116
v 0.0595242 -0.1076126 0.0127116
v 0.0595242 -0.0865671 -0.0083339
v -0.0595242 -0.0865671 -0.0083339
v -0.0595242 -0.0071671 0.9440548
v 0.0595242 -0.0071671 0.9440548
v 0.0595242 -0.0071671 0.9142921
v -0.0595242 -0.0071671 0.9142921
v -0.0595242 0.0225957 0.9440548
v 0.0595242 0.0225957 0.9440548
v 0.0595242 0.0225957 0.9142921
v -0.0595242 0.0225957 0.9142921
vt 0.5351562 0.0156250
vt 0.5312500 0.0156250
vt 0.5312500 0.0195312
vt 0.5351562 0.0195312
vt 0.0351562 0.5312500
vt 0.0312500 0.5312500
vt 0.0312500 0.5351562
vt 0.0351562 0.5351562
vt 0.3398438 0.1093750
vt 0.3281250 0.1093750
vt 0.3281250 0.1132812
vt 0.3398438 0.1132812
vt 0.1367188 0.3281250
vt 0.1250000 0.3281250
vt 0.1250000 0.3320312
vt 0.1367188 0.3320312
vt 0.3320312 0.1250000
vt 0.3281250 0.1250000
vt 0.3281250 0.1367188
vt 0.3320312 0.1367188
vt 0.1445312 0.3398438
vt 0.1406250 0.3398438
vt 0.1406250 0.3281250
vt 0.1445312 0.3281250
vt 0.5351562 0.0312500
vt 0.5312500 0.0312500
vt 0.5312500 0.0351562
vt 0.5351562 0.0351562
vt 0.0507812 0.5312500
vt 0.0468750 0.5312500
vt 0.0468750 0.5351562
vt 0.0507812 0.5351562
vt 0.3398438 0.1406250
vt 0.3281250 0.1406250
vt 0.3281250 0.1445312
vt 0.3398438 0.1445312
vt 0.1679688 0.3281250
vt 0.1562500 0.3281250
vt 0.1562500 0.3320312
vt 0.1679688 0.3320312
vt 0.3320312 0.1562500
vt 0.3281250 0.1562500
vt 0.3281250 0.1679688
vt 0.3320312 0.1679688
vt 0.1757812 0.3398438
vt 0.1718750 0.3398438
vt 0.1718750 0.3281250
vt 0.1757812 0.3281250
vt 0.5351562 0.0468750
vt 0.5312500 0.0468750
vt 0.5312500 0.0507812
vt 0.5351562 0.0507812
vt 0.0664062 0.5312500
vt 0.0625000 0.5312500
vt 0.0625000 0.5351562
vt 0.0664062 0.5351562
vt 0.1953125 0.0781250
vt 0.1562500 0.0781250
vt 0.1562500 0.0820312
vt 0.1953125 0.0820312
vt 0.1953125 0.0937500
vt 0.1562500 0.0937500
vt 0.1562500 0.0976562
vt 0.1953125 0.0976562
vt 0.0507812 0.1562500
vt 0.0468750 0.1562500
vt 0.0468750 0.1953125
vt 0.0507812 0.1953125
vt 0.0664062 0.1953125
vt 0.0625000 0.1953125
vt 0.0625000 0.1562500
vt 0.0664062 0.1562500
vt 0.5351562 0.0625000
vt 0.5312500 0.0625000
vt 0.5312500 0.0664062
vt 0.5351562 0.0664062
vt 0.0820312 0.5312500
vt 0.0781250 0.5312500
vt 0.0781250 0.5351562
vt 0.0820312 0.5351562
vt 0.2500000 0.2500000
vt 0.2343750 0.2500000
vt 0.2343750 0.2539062
vt 0.2500000 0.2539062
vt 0.2656250 0.2343750
vt 0.2500000 0.2343750
vt 0.2500000 0.2382812
vt 0.2656250 0.2382812
vt 0.2539062 0.2500000
vt 0.2500000 0.2500000
vt 0.2500000 0.2656250
vt 0.2539062 0.2656250
vt 0.0039062 0.2812500
vt 0.0000000 0.2812500
vt 0.0000000 0.2656250
vt 0.0039062 0.2656250
vt 0.5351562 0.0781250
vt 0.5312500 0.0781250
vt 0.5312500 0.0820312
vt 0.5351562 0.0820312
vt 0.0976562 0.5312500
vt 0.0937500 0.5312500
vt 0.0937500 0.5351562
vt 0.0976562 0.5351562
vt 0.1796875 0.4062500
vt 0.1718750 0.4062500
vt 0.1718750 0.4101562
vt 0.1796875 0.4101562
vt 0.4140625 0.1718750
vt 0.4062500 0.1718750
vt 0.4062500 0.1757812
vt 0.4140625 0.1757812
vt 0.1914062 0.4062500
vt 0.1875000 0.4062500
vt 0.1875000 0.4140625
vt 0.1914062 0.4140625
vt 0.4101562 0.1953125
vt 0.4062500 0.1953125
vt 0.4062500 0.1875000
vt 0.4101562 0.1875000
vt 0.5351562 0.0937500
vt 0.5312500 0.0937500
vt 0.5312500 0.0976562
vt 0.5351562 0.0976562
vt 0.1132812 0.5312500
vt 0.1093750 0.5312500
vt 0.1093750 0.5351562
vt 0.1132812 0.5351562
vt 0.3398438 0.1718750
vt 0.3281250 0.1718750
vt 0.3281250 0.1757812
vt 0.3398438 0.1757812
vt 0.1992188 0.3281250
vt 0.1875000 0.3281250
vt 0.1875000 0.3320312
vt 0.1992188 0.3320312
vt 0.3320312 0.1875000
vt 0.3281250 0.1875000
vt 0.3281250 0.1992188
vt 0.3320312 0.1992188
vt 0.2070312 0.3398438
vt 0.2031250 0.3398438
vt 0.2031250 0.3281250
vt 0.2070312 0.3281250
vt 0.5351562 0.1093750
vt 0.5312500 0.1093750
vt 0.5312500 0.1132812
vt 0.5351562 0.1132812
vt 0.1289062 0.5312500
vt 0.1250000 0.5312500
vt 0.1250000 0.5351562
vt 0.1289062 0.5351562
vt 0.2812500 0.0000000
vt 0.2656250 0.0000000
vt 0.2656250 0.0039062
vt 0.2812500 0.0039062
vt 0.0312500 0.2656250
vt 0.0156250 0.2656250
vt 0.0156250 0.2695312
vt 0.0312500 0.2695312
vt 0.2695312 0.0156250
vt 0.2656250 0.0156250
vt 0.2656250 0.0312500
vt 0.2695312 0.0312500
vt 0.0351562 0.2812500
vt 0.0312500 0.2812500
vt 0.0312500 0.2656250
vt 0.0351562 0.2656250
vt 0.5351562 0.1250000
vt 0.5312500 0.1250000
vt 0.5312500 0.1289062
vt 0.5351562 0.1289062
vt 0.1445312 0.5312500
vt 0.1406250 0.5312500
vt 0.1406250 0.5351562
vt 0.1445312 0.5351562
vt 0.2109375 0.4062500
vt 0.2031250 0.4062500
vt 0.2031250 0.4101562
vt 0.2109375 0.4101562
vt 0.4140625 0.2031250
vt 0.4062500 0.2031250
vt 0.4062500 0.2070312
vt 0.4140625 0.2070312
vt 0.2226562 0.4062500
vt 0.2187500 0.4062500
vt 0.2187500 0.4140625
vt 0.2226562 0.4140625
vt 0.4101562 0.2265625
vt 0.4062500 0.2265625
vt 0.4062500 0.2187500
vt 0.4101562 0.2187500
vt 0.5351562 0.1406250
vt 0.5312500 0.1406250
vt 0.5312500 0.1445312
vt 0.5351562 0.1445312
vt 0.1601562 0.5312500
vt 0.1562500 0.5312500
vt 0.1562500 0.5351562
vt 0.1601562 0.5351562
vt 0.3398438 0.2031250
vt 0.3281250 0.2031250
vt 0.3281250 0.2070312
vt 0.3398438 0.2070312
vt 0.2304688 0.3281250
vt 0.2187500 0.3281250
vt 0.2187500 0.3320312
vt 0.2304688 0.3320312
vt 0.3320312 0.2187500
vt 0.3281250 0.2187500
vt 0.3281250 0.2304688
vt 0.3320312 0.2304688
vt 0.2382812 0.3398438
vt 0.2343750 0.3398438
vt 0.2343750 0.3281250
vt 0.2382812 0.3281250
vt 0.5351562 0.1562500
vt 0.5312500 0.1562500
vt 0.5312500 0.1601562
vt 0.5351562 0.1601562
vt 0.1757812 0.5312500
vt 0.1718750 0.5312500
vt 0.1718750 0.5351562
vt 0.1757812 0.5351562
vt 0.2421875 0.4062500
vt 0.2343750 0.4062500
vt 0.2343750 0.4101562
vt 0.2421875 0.4101562
vt 0.4140625 0.2343750
vt 0.4062500 0.2343750
vt 0.4062500 0.2382812
vt 0.4140625 0.2382812
vt 0.2539062 0.4062500
vt 0.2500000 0.4062500
vt 0.2500000 0.4140625
vt 0.2539062 0.4140625
vt 0.4101562 0.2578125
vt 0.4062500 0.2578125
vt 0.4062500 0.2500000
vt 0.4101562 0.2500000
vt 0.5351562 0.1718750
vt 0.5312500 0.1718750
vt 0.5312500 0.1757812
vt 0.5351562 0.1757812
vt 0.1914062 0.5312500
vt 0.1875000 0.5312500
vt 0.1875000 0.5351562
vt 0.1914062 0.5351562
vt 0.2734375 0.4062500
vt 0.2656250 0.4062500
vt 0.2656250 0.4101562
vt 0.2734375 0.4101562
vt 0.4140625 0.2656250
vt 0.4062500 0.2656250
vt 0.4062500 0.2695312
vt 0.4140625 0.2695312
vt 0.2851562 0.4062500
vt 0.2812500 0.4062500
vt 0.2812500 0.4140625
vt 0.2851562 0.4140625
vt 0.4101562 0.2890625
vt 0.4062500 0.2890625
vt 0.4062500 0.2812500
vt 0.4101562 0.2812500
vt 0.3007812 0.4062500
vt 0.2968750 0.4062500
vt 0.2968750 0.4140625
vt 0.3007812 0.4140625
vt 0.4101562 0.2968750
vt 0.4062500 0.2968750
vt 0.4062500 0.3046875
vt 0.4101562 0.3046875
vt 0.0703125 0.0312500
vt 0.0312500 0.0312500
vt 0.0312500 0.0390625
vt 0.0703125 0.0390625
vt 0.0703125 0.0468750
vt 0.0312500 0.0468750
vt 0.0312500 0.0546875
vt 0.0703125 0.0546875
vt 0.1601562 0.1406250
vt 0.1562500 0.1406250
vt 0.1562500 0.1796875
vt 0.1601562 0.1796875
vt 0.0039062 0.2109375
vt 0.0000000 0.2109375
vt 0.0000000 0.1718750
vt 0.0039062 0.1718750
vt 0.5351562 0.1875000
vt 0.5312500 0.1875000
vt 0.5312500 0.1914062
vt 0.5351562 0.1914062
vt 0.2070312 0.5312500
vt 0.2031250 0.5312500
vt 0.2031250 0.5351562
vt 0.2070312 0.5351562
vt 0.2812500 0.0312500
vt 0.2656250 0.0312500
vt 0.2656250 0.0351562
vt 0.2812500 0.0351562
vt 0.0625000 0.2656250
vt 0.0468750 0.2656250
vt 0.0468750 0.2695312
vt 0.0625000 0.2695312
vt 0.2695312 0.0468750
vt 0.2656250 0.0468750
vt 0.2656250 0.0625000
vt 0.2695312 0.0625000
vt 0.0664062 0.2812500
vt 0.0625000 0.2812500
vt 0.0625000 0.2656250
vt 0.0664062 0.2656250
vt 0.5351562 0.2031250
vt 0.5312500 0.2031250
vt 0.5312500 0.2070312
vt 0.5351562 0.2070312
vt 0.2226562 0.5312500
vt 0.2187500 0.5312500
vt 0.2187500 0.5351562
vt 0.2226562 0.5351562
vt 0.2812500 0.0625000
vt 0.2656250 0.0625000
vt 0.2656250 0.0664062
vt 0.2812500 0.0664062
vt 0.0937500 0.2656250
vt 0.0781250 0.2656250
vt 0.0781250 0.2695312
vt 0.0937500 0.2695312
vt 0.2695312 0.0781250
vt 0.2656250 0.0781250
vt 0.2656250 0.0937500
vt 0.2695312 0.0937500
vt 0.0976562 0.2812500
vt 0.0937500 0.2812500
vt 0.0937500 0.2656250
vt 0.0976562 0.2656250
vt 0.5351562 0.2187500
vt 0.5312500 0.2187500
vt 0.5312500 0.2226562
vt 0.5351562 0.2226562
vt 0.2382812 0.5312500
vt 0.2343750 0.5312500
vt 0.2343750 0.5351562
vt 0.2382812 0.5351562
vt 0.3203125 0.4062500
vt 0.3125000 0.4062500
vt 0.3125000 0.4101562
vt 0.3203125 0.4101562
vt 0.4140625 0.3125000
vt 0.4062500 0.3125000
vt 0.4062500 0.3164062
vt 0.4140625 0.3164062
vt 0.3320312 0.4062500
vt 0.3281250 0.4062500
vt 0.3281250 0.4140625
vt 0.3320312 0.4140625
vt 0.4101562 0.3359375
vt 0.4062500 0.3359375
vt 0.4062500 0.3281250
vt 0.4101562 0.3281250
vt 0.5351562 0.2343750
vt 0.5312500 0.2343750
vt 0.5312500 0.2382812
vt 0.5351562 0.2382812
vt 0.5351562 0.2500000
vt 0.5312500 0.2500000
vt 0.5312500 0.2539062
vt 0.5351562 0.2539062
vt 0.2539062 0.5312500
vt 0.2500000 0.5312500
vt 0.2500000 0.5351562
vt 0.2539062 0.5351562
vt 0.2695312 0.5312500
vt 0.2656250 0.5312500
vt 0.2656250 0.5351562
vt 0.2695312 0.5351562
vt 0.5351562 0.2656250
vt 0.5312500 0.2656250
vt 0.5312500 0.2695312
vt 0.5351562 0.2695312
vt 0.2851562 0.5351562
vt 0.2812500 0.5351562
vt 0.2812500 0.5312500
vt 0.2851562 0.5312500
vt 0.5351562 0.2812500
vt 0.5312500 0.2812500
vt 0.5312500 0.2851562
vt 0.5351562 0.2851562
vt 0.5351562 0.2968750
vt 0.5312500 0.2968750
vt 0.5312500 0.3007812
vt 0.5351562 0.3007812
vt 0.3007812 0.5312500
vt 0.2968750 0.5312500
vt 0.2968750 0.5351562
vt 0.3007812 0.5351562
vt 0.3164062 0.5312500
vt 0.3125000 0.5312500
vt 0.3125000 0.5351562
vt 0.3164062 0.5351562
vt 0.5351562 0.3125000
vt 0.5312500 0.3125000
vt 0.5312500 0.3164062
vt 0.5351562 0.3164062
vt 0.3320312 0.5351562
vt 0.3281250 0.5351562
vt 0.3281250 0.5312500
vt 0.3320312 0.5312500
vt 0.5351562 0.3281250
vt 0.5312500 0.3281250
vt 0.5312500 0.3320312
vt 0.5351562 0.3320312
vt 0.5351562 0.3437500
vt 0.5312500 0.3437500
vt 0.5312500 0.3476562
vt 0.5351562 0.3476562
vt 0.3476562 0.5312500
vt 0.3437500 0.5312500
vt 0.3437500 0.5351562
vt 0.3476562 0.5351562
vt 0.3632812 0.5312500
vt 0.3593750 0.5312500
vt 0.3593750 0.5351562
vt 0.3632812 0.5351562
vt 0.5351562 0.3593750
vt 0.5312500 0.3593750
vt 0.5312500 0.3632812
vt 0.5351562 0.3632812
vt 0.3789062 0.5351562
vt 0.3750000 0.5351562
vt 0.3750000 0.5312500
vt 0.3789062 0.5312500
vt 0.3320312 0.2343750
vt 0.3281250 0.2343750
vt 0.3281250 0.2460938
vt 0.3320312 0.2460938
vt 0.3320312 0.2500000
vt 0.3281250 0.2500000
vt 0.3281250 0.2617188
vt 0.3320312 0.2617188
vt 0.2539062 0.3281250
vt 0.2500000 0.3281250
vt 0.2500000 0.3398438
vt 0.2539062 0.3398438
vt 0.2695312 0.3281250
vt 0.2656250 0.3281250
vt 0.2656250 0.3398438
vt 0.2695312 0.3398438
vt 0.5351562 0.3750000
vt 0.5312500 0.3750000
vt 0.5312500 0.3789062
vt 0.5351562 0.3789062
vt 0.3945312 0.5351562
vt 0.3906250 0.5351562
vt 0.3906250 0.5312500
vt 0.3945312 0.5312500
vt 0.5351562 0.3906250
vt 0.5312500 0.3906250
vt 0.5312500 0.3945312
vt 0.5351562 0.3945312
vt 0.4101562 0.5312500
vt 0.4062500 0.5312500
vt 0.4062500 0.5351562
vt 0.4101562 0.5351562
vt 0.3515625 0.4062500
vt 0.3437500 0.4062500
vt 0.3437500 0.4101562
vt 0.3515625 0.4101562
vt 0.4140625 0.3437500
vt 0.4062500 0.3437500
vt 0.4062500 0.3476562
vt 0.4140625 0.3476562
vt 0.3632812 0.4062500
vt 0.3593750 0.4062500
vt 0.3593750 0.4140625
vt 0.3632812 0.4140625
vt 0.4101562 0.3671875
vt 0.4062500 0.3671875
vt 0.4062500 0.3593750
vt 0.4101562 0.3593750
vt 0.5351562 0.4062500
vt 0.5312500 0.4062500
vt 0.5312500 0.4101562
vt 0.5351562 0.4101562
vt 0.4257812 0.5312500
vt 0.4218750 0.5312500
vt 0.4218750 0.5351562
vt 0.4257812 0.5351562
vt 0.3828125 0.4062500
vt 0.3750000 0.4062500
vt 0.3750000 0.4101562
vt 0.3828125 0.4101562
vt 0.4140625 0.3750000
vt 0.4062500 0.3750000
vt 0.4062500 0.3789062
vt 0.4140625 0.3789062
vt 0.3945312 0.4062500
vt 0.3906250 0.4062500
vt 0.3906250 0.4140625
vt 0.3945312 0.4140625
vt 0.4101562 0.3984375
vt 0.4062500 0.3984375
vt 0.4062500 0.3906250
vt 0.4101562 0.3906250
vt 0.5351562 0.4218750
vt 0.5312500 0.4218750
vt 0.5312500 0.4257812
vt 0.5351562 0.4257812
vt 0.4414062 0.5312500
vt 0.4375000 0.5312500
vt 0.4375000 0.5351562
vt 0.4414062 0.5351562
vt 0.4140625 0.4062500
vt 0.4062500 0.4062500
vt 0.4062500 0.4101562
vt 0.4140625 0.4101562
vt 0.0078125 0.4218750
vt 0.0000000 0.4218750
vt 0.0000000 0.4257812
vt 0.0078125 0.4257812
vt 0.4257812 0.0000000
vt 0.4218750 0.0000000
vt 0.4218750 0.0078125
vt 0.4257812 0.0078125
vt 0.0195312 0.4296875
vt 0.0156250 0.4296875
vt 0.0156250 0.4218750
vt 0.0195312 0.4218750
vt 0.5351562 0.4375000
vt 0.5312500 0.4375000
vt 0.5312500 0.4414062
vt 0.5351562 0.4414062
vt 0.4570312 0.5312500
vt 0.4531250 0.5312500
vt 0.4531250 0.5351562
vt 0.4570312 0.5351562
vt 0.4296875 0.0156250
vt 0.4218750 0.0156250
vt 0.4218750 0.0195312
vt 0.4296875 0.0195312
vt 0.0390625 0.4218750
vt 0.0312500 0.4218750
vt 0.0312500 0.4257812
vt 0.0390625 0.4257812
vt 0.4257812 0.0312500
vt 0.4218750 0.0312500
vt 0.4218750 0.0390625
vt 0.4257812 0.0390625
vt 0.0507812 0.4296875
vt 0.0468750 0.4296875
vt 0.0468750 0.4218750
vt 0.0507812 0.4218750
vt 0.5351562 0.4531250
vt 0.5312500 0.4531250
vt 0.5312500 0.4570312
vt 0.5351562 0.4570312
vt 0.4726562 0.5312500
vt 0.4687500 0.5312500
vt 0.4687500 0.5351562
vt 0.4726562 0.5351562
vt 0.2812500 0.0937500
vt 0.2656250 0.0937500
vt 0.2656250 0.0976562
vt 0.2812500 0.0976562
vt 0.1250000 0.2656250
vt 0.1093750 0.2656250
vt 0.1093750 0.2695312
vt 0.1250000 0.2695312
vt 0.2695312 0.1093750
vt 0.2656250 0.1093750
vt 0.2656250 0.1250000
vt 0.2695312 0.1250000
vt 0.1289062 0.2812500
vt 0.1250000 0.2812500
vt 0.1250000 0.2656250
vt 0.1289062 0.2656250
vt 0.5351562 0.4687500
vt 0.5312500 0.4687500
vt 0.5312500 0.4726562
vt 0.5351562 0.4726562
vt 0.4882812 0.5312500
vt 0.4843750 0.5312500
vt 0.4843750 0.5351562
vt 0.4882812 0.5351562
vt 0.4296875 0.0468750
vt 0.4218750 0.0468750
vt 0.4218750 0.0507812
vt 0.4296875 0.0507812
vt 0.0703125 0.4218750
vt 0.0625000 0.4218750
vt 0.0625000 0.4257812
vt 0.0703125 0.4257812
vt 0.4257812 0.0625000
vt 0.4218750 0.0625000
vt 0.4218750 0.0703125
vt 0.4257812 0.0703125
vt 0.0820312 0.4296875
vt 0.0781250 0.4296875
vt 0.0781250 0.4218750
vt 0.0820312 0.4218750
vt 0.5351562 0.4843750
vt 0.5312500 0.4843750
vt 0.5312500 0.4882812
vt 0.5351562 0.4882812
vt 0.5039062 0.5312500
vt 0.5000000 0.5312500
vt 0.5000000 0.5351562
vt 0.5039062 0.5351562
vt 0.4296875 0.0781250
vt 0.4218750 0.0781250
vt 0.4218750 0.0820312
vt 0.4296875 0.0820312
vt 0.1015625 0.4218750
vt 0.0937500 0.4218750
vt 0.0937500 0.4257812
vt 0.1015625 0.4257812
vt 0.4257812 0.0937500
vt 0.4218750 0.0937500
vt 0.4218750 0.1015625
vt 0.4257812 0.1015625
vt 0.1132812 0.4296875
vt 0.1093750 0.4296875
vt 0.1093750 0.4218750
vt 0.1132812 0.4218750
vt 0.5351562 0.5000000
vt 0.5312500 0.5000000
vt 0.5312500 0.5039062
vt 0.5351562 0.5039062
vt 0.5195312 0.5312500
vt 0.5156250 0.5312500
vt 0.5156250 0.5351562
vt 0.5195312 0.5351562
vt 0.2812500 0.1250000
vt 0.2656250 0.1250000
vt 0.2656250 0.1289062
vt 0.2812500 0.1289062
vt 0.1562500 0.2656250
vt 0.1406250 0.2656250
vt 0.1406250 0.2695312
vt 0.1562500 0.2695312
vt 0.2695312 0.1406250
vt 0.2656250 0.1406250
vt 0.2656250 0.1562500
vt 0.2695312 0.1562500
vt 0.1601562 0.2812500
vt 0.1562500 0.2812500
vt 0.1562500 0.2656250
vt 0.1601562 0.2656250
vt 0.5351562 0.5156250
vt 0.5312500 0.5156250
vt 0.5312500 0.5195312
vt 0.5351562 0.5195312
vt 0.5351562 0.5312500
vt 0.5312500 0.5312500
vt 0.5312500 0.5351562
vt 0.5351562 0.5351562
vt 0.2812500 0.1562500
vt 0.2656250 0.1562500
vt 0.2656250 0.1601562
vt 0.2812500 0.1601562
vt 0.1875000 0.2656250
vt 0.1718750 0.2656250
vt 0.1718750 0.2695312
vt 0.1875000 0.2695312
vt 0.2695312 0.1718750
vt 0.2656250 0.1718750
vt 0.2656250 0.1875000
vt 0.2695312 0.1875000
vt 0.1914062 0.2812500
vt 0.1875000 0.2812500
vt 0.1875000 0.2656250
vt 0.1914062 0.2656250
vt 0.0039062 0.5468750
vt 0.0000000 0.5468750
vt 0.0000000 0.5507812
vt 0.0039062 0.5507812
vt 0.5507812 0.0000000
vt 0.5468750 0.0000000
vt 0.5468750 0.0039062
vt 0.5507812 0.0039062
vt 0.2812500 0.1875000
vt 0.2656250 0.1875000
vt 0.2656250 0.1914062
vt 0.2812500 0.1914062
vt 0.2187500 0.2656250
vt 0.2031250 0.2656250
vt 0.2031250 0.2695312
vt 0.2187500 0.2695312
vt 0.2695312 0.2031250
vt 0.2656250 0.2031250
vt 0.2656250 0.2187500
vt 0.2695312 0.2187500
vt 0.2226562 0.2812500
vt 0.2187500 0.2812500
vt 0.2187500 0.2656250
vt 0.2226562 0.2656250
vt 0.0195312 0.5468750
vt 0.0156250 0.5468750
vt 0.0156250 0.5507812
vt 0.0195312 0.5507812
vt 0.5507812 0.0156250
vt 0.5468750 0.0156250
vt 0.5468750 0.0195312
vt 0.5507812 0.0195312
vt 0.2812500 0.2187500
vt 0.2656250 0.2187500
vt 0.2656250 0.2226562
vt 0.2812500 0.2226562
vt 0.2500000 0.2656250
vt 0.2343750 0.2656250
vt 0.2343750 0.2695312
vt 0.2500000 0.2695312
vt 0.2695312 0.2343750
vt 0.2656250 0.2343750
vt 0.2656250 0.2500000
vt 0.2695312 0.2500000
vt 0.2539062 0.2812500
vt 0.2500000 0.2812500
vt 0.2500000 0.2656250
vt 0.2539062 0.2656250
vt 0.0351562 0.5468750
vt 0.0312500 0.5468750
vt 0.0312500 0.5507812
vt 0.0351562 0.5507812
vt 0.5507812 0.0312500
vt 0.5468750 0.0312500
vt 0.5468750 0.0351562
vt 0.5507812 0.0351562
vt 0.4296875 0.1093750
vt 0.4218750 0.1093750
vt 0.4218750 0.1132812
vt 0.4296875 0.1132812
vt 0.1328125 0.4218750
vt 0.1250000 0.4218750
vt 0.1250000 0.4257812
vt 0.1328125 0.4257812
vt 0.4257812 0.1250000
vt 0.4218750 0.1250000
vt 0.4218750 0.1328125
vt 0.4257812 0.1328125
vt 0.1445312 0.4296875
vt 0.1406250 0.4296875
vt 0.1406250 0.4218750
vt 0.1445312 0.4218750
vt 0.0507812 0.5468750
vt 0.0468750 0.5468750
vt 0.0468750 0.5507812
vt 0.0507812 0.5507812
vt 0.0664062 0.5468750
vt 0.0625000 0.5468750
vt 0.0625000 0.5507812
vt 0.0664062 0.5507812
vt 0.5507812 0.0468750
vt 0.5468750 0.0468750
vt 0.5468750 0.0507812
vt 0.5507812 0.0507812
vt 0.5507812 0.0625000
vt 0.5468750 0.0625000
vt 0.5468750 0.0664062
vt 0.5507812 0.0664062
vt 0.0820312 0.5468750
vt 0.0781250 0.5468750
vt 0.0781250 0.5507812
vt 0.0820312 0.5507812
vt 0.5507812 0.0820312
vt 0.5468750 0.0820312
vt 0.5468750 0.0781250
vt 0.5507812 0.0781250
vt 0.0976562 0.5468750
vt 0.0937500 0.5468750
vt 0.0937500 0.5507812
vt 0.0976562 0.5507812
vt 0.1132812 0.5468750
vt 0.1093750 0.5468750
vt 0.1093750 0.5507812
vt 0.1132812 0.5507812
vt 0.5507812 0.0937500
vt 0.5468750 0.0937500
vt 0.5468750 0.0976562
vt 0.5507812 0.0976562
vt 0.5507812 0.1093750
vt 0.5468750 0.1093750
vt 0.5468750 0.1132812
vt 0.5507812 0.1132812
vt 0.1289062 0.5468750
vt 0.1250000 0.5468750
vt 0.1250000 0.5507812
vt 0.1289062 0.5507812
vt 0.5507812 0.1289062
vt 0.5468750 0.1289062
vt 0.5468750 0.1250000
vt 0.5507812 0.1250000
vt 0.1445312 0.5468750
vt 0.1406250 0.5468750
vt 0.1406250 0.5507812
vt 0.1445312 0.5507812
vt 0.5507812 0.1406250
vt 0.5468750 0.1406250
vt 0.5468750 0.1445312
vt 0.5507812 0.1445312
vt 0.3398438 0.2656250
vt 0.3281250 0.2656250
vt 0.3281250 0.2695312
vt 0.3398438 0.2695312
vt 0.2929688 0.3281250
vt 0.2812500 0.3281250
vt 0.2812500 0.3320312
vt 0.2929688 0.3320312
vt 0.3320312 0.2812500
vt 0.3281250 0.2812500
vt 0.3281250 0.2929688
vt 0.3320312 0.2929688
vt 0.3007812 0.3398438
vt 0.2968750 0.3398438
vt 0.2968750 0.3281250
vt 0.3007812 0.3281250
vt 0.1601562 0.5468750
vt 0.1562500 0.5468750
vt 0.1562500 0.5507812
vt 0.1601562 0.5507812
vt 0.5507812 0.1562500
vt 0.5468750 0.1562500
vt 0.5468750 0.1601562
vt 0.5507812 0.1601562
vt 0.3398438 0.2968750
vt 0.3281250 0.2968750
vt 0.3281250 0.3007812
vt 0.3398438 0.3007812
vt 0.3242188 0.3281250
vt 0.3125000 0.3281250
vt 0.3125000 0.3320312
vt 0.3242188 0.3320312
vt 0.3320312 0.3125000
vt 0.3281250 0.3125000
vt 0.3281250 0.3242188
vt 0.3320312 0.3242188
vt 0.3320312 0.3398438
vt 0.3281250 0.3398438
vt 0.3281250 0.3281250
vt 0.3320312 0.3281250
vt 0.1757812 0.5468750
vt 0.1718750 0.5468750
vt 0.1718750 0.5507812
vt 0.1757812 0.5507812
vt 0.5507812 0.1718750
vt 0.5468750 0.1718750
vt 0.5468750 0.1757812
vt 0.5507812 0.1757812
vt 0.0117188 0.3437500
vt 0.0000000 0.3437500
vt 0.0000000 0.3476562
vt 0.0117188 0.3476562
vt 0.3554688 0.0000000
vt 0.3437500 0.0000000
vt 0.3437500 0.0039062
vt 0.3554688 0.0039062
vt 0.0195312 0.3437500
vt 0.0156250 0.3437500
vt 0.0156250 0.3554688
vt 0.0195312 0.3554688
vt 0.3476562 0.0273438
vt 0.3437500 0.0273438
vt 0.3437500 0.0156250
vt 0.3476562 0.0156250
vt 0.1914062 0.5468750
vt 0.1875000 0.5468750
vt 0.1875000 0.5507812
vt 0.1914062 0.5507812
vt 0.5507812 0.1875000
vt 0.5468750 0.1875000
vt 0.5468750 0.1914062
vt 0.5507812 0.1914062
vt 0.2226562 0.1406250
vt 0.2031250 0.1406250
vt 0.2031250 0.1445312
vt 0.2226562 0.1445312
vt 0.0195312 0.2187500
vt 0.0000000 0.2187500
vt 0.0000000 0.2226562
vt 0.0195312 0.2226562
vt 0.2226562 0.0000000
vt 0.2187500 0.0000000
vt 0.2187500 0.0195312
vt 0.2226562 0.0195312
vt 0.2226562 0.0507812
vt 0.2187500 0.0507812
vt 0.2187500 0.0312500
vt 0.2226562 0.0312500
vt 0.2070312 0.5468750
vt 0.2031250 0.5468750
vt 0.2031250 0.5507812
vt 0.2070312 0.5507812
vt 0.2226562 0.5468750
vt 0.2187500 0.5468750
vt 0.2187500 0.5507812
vt 0.2226562 0.5507812
vt 0.5507812 0.2031250
vt 0.5468750 0.2031250
vt 0.5468750 0.2070312
vt 0.5507812 0.2070312
vt 0.5507812 0.2187500
vt 0.5468750 0.2187500
vt 0.5468750 0.2226562
vt 0.5507812 0.2226562
vt 0.2382812 0.5468750
vt 0.2343750 0.5468750
vt 0.2343750 0.5507812
vt 0.2382812 0.5507812
vt 0.5507812 0.2382812
vt 0.5468750 0.2382812
vt 0.5468750 0.2343750
vt 0.5507812 0.2343750
vt 0.2539062 0.5468750
vt 0.2500000 0.5468750
vt 0.2500000 0.5507812
vt 0.2539062 0.5507812
vt 0.2695312 0.5468750
vt 0.2656250 0.5468750
vt 0.2656250 0.5507812
vt 0.2695312 0.5507812
vt 0.5507812 0.2500000
vt 0.5468750 0.2500000
vt 0.5468750 0.2539062
vt 0.5507812 0.2539062
vt 0.5507812 0.2656250
vt 0.5468750 0.2656250
vt 0.5468750 0.2695312
vt 0.5507812 0.2695312
vt 0.2851562 0.5468750
vt 0.2812500 0.5468750
vt 0.2812500 0.5507812
vt 0.2851562 0.5507812
vt 0.5507812 0.2851562
vt 0.5468750 0.2851562
vt 0.5468750 0.2812500
vt 0.5507812 0.2812500
vt 0.3007812 0.5468750
vt 0.2968750 0.5468750
vt 0.2968750 0.5507812
vt 0.3007812 0.5507812
vt 0.3164062 0.5468750
vt 0.3125000 0.5468750
vt 0.3125000 0.5507812
vt 0.3164062 0.5507812
vt 0.5507812 0.2968750
vt 0.5468750 0.2968750
vt 0.5468750 0.3007812
vt 0.5507812 0.3007812
vt 0.5507812 0.3125000
vt 0.5468750 0.3125000
vt 0.5468750 0.3164062
vt 0.5507812 0.3164062
vt 0.3320312 0.5468750
vt 0.3281250 0.5468750
vt 0.3281250 0.5507812
vt 0.3320312 0.5507812
vt 0.5507812 0.3320312
vt 0.5468750 0.3320312
vt 0.5468750 0.3281250
vt 0.5507812 0.3281250
vt 0.3476562 0.5468750
vt 0.3437500 0.5468750
vt 0.3437500 0.5507812
vt 0.3476562 0.5507812
vt 0.3632812 0.5468750
vt 0.3593750 0.5468750
vt 0.3593750 0.5507812
vt 0.3632812 0.5507812
vt 0.5507812 0.3437500
vt 0.5468750 0.3437500
vt 0.5468750 0.3476562
vt 0.5507812 0.3476562
vt 0.5507812 0.3593750
vt 0.5468750 0.3593750
vt 0.5468750 0.3632812
vt 0.5507812 0.3632812
vt 0.3789062 0.5468750
vt 0.3750000 0.5468750
vt 0.3750000 0.5507812
vt 0.3789062 0.5507812
vt 0.5507812 0.3789062
vt 0.5468750 0.3789062
vt 0.5468750 0.3750000
vt 0.5507812 0.3750000
vt 0.3945312 0.5468750
vt 0.3906250 0.5468750
vt 0.3906250 0.5507812
vt 0.3945312 0.5507812
vt 0.4101562 0.5468750
vt 0.4062500 0.5468750
vt 0.4062500 0.5507812
vt 0.4101562 0.5507812
vt 0.5507812 0.3906250
vt 0.5468750 0.3906250
vt 0.5468750 0.3945312
vt 0.5507812 0.3945312
vt 0.5507812 0.4062500
vt 0.5468750 0.4062500
vt 0.5468750 0.4101562
vt 0.5507812 0.4101562
vt 0.4257812 0.5468750
vt 0.4218750 0.5468750
vt 0.4218750 0.5507812
vt 0.4257812 0.5507812
vt 0.5507812 0.4257812
vt 0.5468750 0.4257812
vt 0.5468750 0.4218750
vt 0.5507812 0.4218750
vt 0.4414062 0.5468750
vt 0.4375000 0.5468750
vt 0.4375000 0.5507812
vt 0.4414062 0.5507812
vt 0.4570312 0.5468750
vt 0.4531250 0.5468750
vt 0.4531250 0.5507812
vt 0.4570312 0.5507812
vt 0.5507812 0.4375000
vt 0.5468750 0.4375000
vt 0.5468750 0.4414062
vt 0.5507812 0.4414062
vt 0.5507812 0.4531250
vt 0.5468750 0.4531250
vt 0.5468750 0.4570312
vt 0.5507812 0.4570312
vt 0.4726562 0.5468750
vt 0.4687500 0.5468750
vt 0.4687500 0.5507812
vt 0.4726562 0.5507812
vt 0.5507812 0.4726562
vt 0.5468750 0.4726562
vt 0.5468750 0.4687500
vt 0.5507812 0.4687500
vt 0.5039062 0.0156250
vt 0.5000000 0.0156250
vt 0.5000000 0.0195312
vt 0.5039062 0.0195312
vt 0.0351562 0.5000000
vt 0.0312500 0.5000000
vt 0.0312500 0.5039062
vt 0.0351562 0.5039062
vt 0.1992188 0.3125000
vt 0.1875000 0.3125000
vt 0.1875000 0.3164062
vt 0.1992188 0.3164062
vt 0.3242188 0.1875000
vt 0.3125000 0.1875000
vt 0.3125000 0.1914062
vt 0.3242188 0.1914062
vt 0.2070312 0.3125000
vt 0.2031250 0.3125000
vt 0.2031250 0.3242188
vt 0.2070312 0.3242188
vt 0.3164062 0.2148438
vt 0.3125000 0.2148438
vt 0.3125000 0.2031250
vt 0.3164062 0.2031250
vt 0.5039062 0.0312500
vt 0.5000000 0.0312500
vt 0.5000000 0.0351562
vt 0.5039062 0.0351562
vt 0.0507812 0.5000000
vt 0.0468750 0.5000000
vt 0.0468750 0.5039062
vt 0.0507812 0.5039062
vt 0.2304688 0.3125000
vt 0.2187500 0.3125000
vt 0.2187500 0.3164062
vt 0.2304688 0.3164062
vt 0.3242188 0.2187500
vt 0.3125000 0.2187500
vt 0.3125000 0.2226562
vt 0.3242188 0.2226562
vt 0.2382812 0.3125000
vt 0.2343750 0.3125000
vt 0.2343750 0.3242188
vt 0.2382812 0.3242188
vt 0.3164062 0.2460938
vt 0.3125000 0.2460938
vt 0.3125000 0.2343750
vt 0.3164062 0.2343750
vt 0.5039062 0.0468750
vt 0.5000000 0.0468750
vt 0.5000000 0.0507812
vt 0.5039062 0.0507812
vt 0.0664062 0.5000000
vt 0.0625000 0.5000000
vt 0.0625000 0.5039062
vt 0.0664062 0.5039062
vt 0.1640625 0.1093750
vt 0.1250000 0.1093750
vt 0.1250000 0.1132812
vt 0.1640625 0.1132812
vt 0.1640625 0.1250000
vt 0.1250000 0.1250000
vt 0.1250000 0.1289062
vt 0.1640625 0.1289062
vt 0.0351562 0.1406250
vt 0.0312500 0.1406250
vt 0.0312500 0.1796875
vt 0.0351562 0.1796875
vt 0.1289062 0.1796875
vt 0.1250000 0.1796875
vt 0.1250000 0.1406250
vt 0.1289062 0.1406250
vt 0.5039062 0.0625000
vt 0.5000000 0.0625000
vt 0.5000000 0.0664062
vt 0.5039062 0.0664062
vt 0.0820312 0.5000000
vt 0.0781250 0.5000000
vt 0.0781250 0.5039062
vt 0.0820312 0.5039062
vt 0.2500000 0.1093750
vt 0.2343750 0.1093750
vt 0.2343750 0.1132812
vt 0.2500000 0.1132812
vt 0.1406250 0.2343750
vt 0.1250000 0.2343750
vt 0.1250000 0.2382812
vt 0.1406250 0.2382812
vt 0.2382812 0.1250000
vt 0.2343750 0.1250000
vt 0.2343750 0.1406250
vt 0.2382812 0.1406250
vt 0.1445312 0.2500000
vt 0.1406250 0.2500000
vt 0.1406250 0.2343750
vt 0.1445312 0.2343750
vt 0.5039062 0.0781250
vt 0.5000000 0.0781250
vt 0.5000000 0.0820312
vt 0.5039062 0.0820312
vt 0.0976562 0.5000000
vt 0.0937500 0.5000000
vt 0.0937500 0.5039062
vt 0.0976562 0.5039062
vt 0.3984375 0.1718750
vt 0.3906250 0.1718750
vt 0.3906250 0.1757812
vt 0.3984375 0.1757812
vt 0.1953125 0.3906250
vt 0.1875000 0.3906250
vt 0.1875000 0.3945312
vt 0.1953125 0.3945312
vt 0.3945312 0.1875000
vt 0.3906250 0.1875000
vt 0.3906250 0.1953125
vt 0.3945312 0.1953125
vt 0.2070312 0.3984375
vt 0.2031250 0.3984375
vt 0.2031250 0.3906250
vt 0.2070312 0.3906250
vt 0.5039062 0.0937500
vt 0.5000000 0.0937500
vt 0.5000000 0.0976562
vt 0.5039062 0.0976562
vt 0.1132812 0.5000000
vt 0.1093750 0.5000000
vt 0.1093750 0.5039062
vt 0.1132812 0.5039062
vt 0.2617188 0.3125000
vt 0.2500000 0.3125000
vt 0.2500000 0.3164062
vt 0.2617188 0.3164062
vt 0.3242188 0.2500000
vt 0.3125000 0.2500000
vt 0.3125000 0.2539062
vt 0.3242188 0.2539062
vt 0.2695312 0.3125000
vt 0.2656250 0.3125000
vt 0.2656250 0.3242188
vt 0.2695312 0.3242188
vt 0.3164062 0.2773438
vt 0.3125000 0.2773438
vt 0.3125000 0.2656250
vt 0.3164062 0.2656250
vt 0.5039062 0.1093750
vt 0.5000000 0.1093750
vt 0.5000000 0.1132812
vt 0.5039062 0.1132812
vt 0.1289062 0.5000000
vt 0.1250000 0.5000000
vt 0.1250000 0.5039062
vt 0.1289062 0.5039062
vt 0.2500000 0.1406250
vt 0.2343750 0.1406250
vt 0.2343750 0.1445312
vt 0.2500000 0.1445312
vt 0.1718750 0.2343750
vt 0.1562500 0.2343750
vt 0.1562500 0.2382812
vt 0.1718750 0.2382812
vt 0.1757812 0.2343750
vt 0.1718750 0.2343750
vt 0.1718750 0.2500000
vt 0.1757812 0.2500000
vt 0.2382812 0.1875000
vt 0.2343750 0.1875000
vt 0.2343750 0.1718750
vt 0.2382812 0.1718750
vt 0.5039062 0.1250000
vt 0.5000000 0.1250000
vt 0.5000000 0.1289062
vt 0.5039062 0.1289062
vt 0.1445312 0.5000000
vt 0.1406250 0.5000000
vt 0.1406250 0.5039062
vt 0.1445312 0.5039062
vt 0.3984375 0.2031250
vt 0.3906250 0.2031250
vt 0.3906250 0.2070312
vt 0.3984375 0.2070312
vt 0.2265625 0.3906250
vt 0.2187500 0.3906250
vt 0.2187500 0.3945312
vt 0.2265625 0.3945312
vt 0.3945312 0.2187500
vt 0.3906250 0.2187500
vt 0.3906250 0.2265625
vt 0.3945312 0.2265625
vt 0.2382812 0.3984375
vt 0.2343750 0.3984375
vt 0.2343750 0.3906250
vt 0.2382812 0.3906250
vt 0.5039062 0.1406250
vt 0.5000000 0.1406250
vt 0.5000000 0.1445312
vt 0.5039062 0.1445312
vt 0.1601562 0.5000000
vt 0.1562500 0.5000000
vt 0.1562500 0.5039062
vt 0.1601562 0.5039062
vt 0.2929688 0.3125000
vt 0.2812500 0.3125000
vt 0.2812500 0.3164062
vt 0.2929688 0.3164062
vt 0.3242188 0.2812500
vt 0.3125000 0.2812500
vt 0.3125000 0.2851562
vt 0.3242188 0.2851562
vt 0.3007812 0.3125000
vt 0.2968750 0.3125000
vt 0.2968750 0.3242188
vt 0.3007812 0.3242188
vt 0.3164062 0.3085938
vt 0.3125000 0.3085938
vt 0.3125000 0.2968750
vt 0.3164062 0.2968750
vt 0.5039062 0.1562500
vt 0.5000000 0.1562500
vt 0.5000000 0.1601562
vt 0.5039062 0.1601562
vt 0.1757812 0.5000000
vt 0.1718750 0.5000000
vt 0.1718750 0.5039062
vt 0.1757812 0.5039062
vt 0.3984375 0.2343750
vt 0.3906250 0.2343750
vt 0.3906250 0.2382812
vt 0.3984375 0.2382812
vt 0.2578125 0.3906250
vt 0.2500000 0.3906250
vt 0.2500000 0.3945312
vt 0.2578125 0.3945312
vt 0.3945312 0.2500000
vt 0.3906250 0.2500000
vt 0.3906250 0.2578125
vt 0.3945312 0.2578125
vt 0.2695312 0.3984375
vt 0.2656250 0.3984375
vt 0.2656250 0.3906250
vt 0.2695312 0.3906250
vt 0.5039062 0.1718750
vt 0.5000000 0.1718750
vt 0.5000000 0.1757812
vt 0.5039062 0.1757812
vt 0.1914062 0.5000000
vt 0.1875000 0.5000000
vt 0.1875000 0.5039062
vt 0.1914062 0.5039062
vt 0.3984375 0.2656250
vt 0.3906250 0.2656250
vt 0.3906250 0.2695312
vt 0.3984375 0.2695312
vt 0.2890625 0.3906250
vt 0.2812500 0.3906250
vt 0.2812500 0.3945312
vt 0.2890625 0.3945312
vt 0.3945312 0.2812500
vt 0.3906250 0.2812500
vt 0.3906250 0.2890625
vt 0.3945312 0.2890625
vt 0.3007812 0.3984375
vt 0.2968750 0.3984375
vt 0.2968750 0.3906250
vt 0.3007812 0.3906250
vt 0.3945312 0.2968750
vt 0.3906250 0.2968750
vt 0.3906250 0.3046875
vt 0.3945312 0.3046875
vt 0.3164062 0.3906250
vt 0.3125000 0.3906250
vt 0.3125000 0.3984375
vt 0.3164062 0.3984375
vt 0.0703125 0.0000000
vt 0.0312500 0.0000000
vt 0.0312500 0.0078125
vt 0.0703125 0.0078125
vt 0.0703125 0.0156250
vt 0.0312500 0.0156250
vt 0.0312500 0.0234375
vt 0.0703125 0.0234375
vt 0.1445312 0.1406250
vt 0.1406250 0.1406250
vt 0.1406250 0.1796875
vt 0.1445312 0.1796875
vt 0.1601562 0.0546875
vt 0.1562500 0.0546875
vt 0.1562500 0.0156250
vt 0.1601562 0.0156250
vt 0.5039062 0.1875000
vt 0.5000000 0.1875000
vt 0.5000000 0.1914062
vt 0.5039062 0.1914062
vt 0.2070312 0.5000000
vt 0.2031250 0.5000000
vt 0.2031250 0.5039062
vt 0.2070312 0.5039062
vt 0.2031250 0.2343750
vt 0.1875000 0.2343750
vt 0.1875000 0.2382812
vt 0.2031250 0.2382812
vt 0.2500000 0.1875000
vt 0.2343750 0.1875000
vt 0.2343750 0.1914062
vt 0.2500000 0.1914062
vt 0.2382812 0.2031250
vt 0.2343750 0.2031250
vt 0.2343750 0.2187500
vt 0.2382812 0.2187500
vt 0.2226562 0.2500000
vt 0.2187500 0.2500000
vt 0.2187500 0.2343750
vt 0.2226562 0.2343750
vt 0.5039062 0.2031250
vt 0.5000000 0.2031250
vt 0.5000000 0.2070312
vt 0.5039062 0.2070312
vt 0.2226562 0.5000000
vt 0.2187500 0.5000000
vt 0.2187500 0.5039062
vt 0.2226562 0.5039062
vt 0.2500000 0.2187500
vt 0.2343750 0.2187500
vt 0.2343750 0.2226562
vt 0.2500000 0.2226562
vt 0.2500000 0.2343750
vt 0.2343750 0.2343750
vt 0.2343750 0.2382812
vt 0.2500000 0.2382812
vt 0.0039062 0.2500000
vt 0.0000000 0.2500000
vt 0.0000000 0.2656250
vt 0.0039062 0.2656250
vt 0.2539062 0.0156250
vt 0.2500000 0.0156250
vt 0.2500000 0.0000000
vt 0.2539062 0.0000000
vt 0.5039062 0.2187500
vt 0.5000000 0.2187500
vt 0.5000000 0.2226562
vt 0.5039062 0.2226562
vt 0.2382812 0.5000000
vt 0.2343750 0.5000000
vt 0.2343750 0.5039062
vt 0.2382812 0.5039062
vt 0.3984375 0.3125000
vt 0.3906250 0.3125000
vt 0.3906250 0.3164062
vt 0.3984375 0.3164062
vt 0.3359375 0.3906250
vt 0.3281250 0.3906250
vt 0.3281250 0.3945312
vt 0.3359375 0.3945312
vt 0.3945312 0.3281250
vt 0.3906250 0.3281250
vt 0.3906250 0.3359375
vt 0.3945312 0.3359375
vt 0.3476562 0.3984375
vt 0.3437500 0.3984375
vt 0.3437500 0.3906250
vt 0.3476562 0.3906250
vt 0.5039062 0.2343750
vt 0.5000000 0.2343750
vt 0.5000000 0.2382812
vt 0.5039062 0.2382812
vt 0.5039062 0.2500000
vt 0.5000000 0.2500000
vt 0.5000000 0.2539062
vt 0.5039062 0.2539062
vt 0.2539062 0.5000000
vt 0.2500000 0.5000000
vt 0.2500000 0.5039062
vt 0.2539062 0.5039062
vt 0.2695312 0.5000000
vt 0.2656250 0.5000000
vt 0.2656250 0.5039062
vt 0.2695312 0.5039062
vt 0.5039062 0.2656250
vt 0.5000000 0.2656250
vt 0.5000000 0.2695312
vt 0.5039062 0.2695312
vt 0.2851562 0.5039062
vt 0.2812500 0.5039062
vt 0.2812500 0.5000000
vt 0.2851562 0.5000000
vt 0.5039062 0.2812500
vt 0.5000000 0.2812500
vt 0.5000000 0.2851562
vt 0.5039062 0.2851562
vt 0.5039062 0.2968750
vt 0.5000000 0.2968750
vt 0.5000000 0.3007812
vt 0.5039062 0.3007812
vt 0.3007812 0.5000000
vt 0.2968750 0.5000000
vt 0.2968750 0.5039062
vt 0.3007812 0.5039062
vt 0.3164062 0.5000000
vt 0.3125000 0.5000000
vt 0.3125000 0.5039062
vt 0.3164062 0.5039062
vt 0.5039062 0.3125000
vt 0.5000000 0.3125000
vt 0.5000000 0.3164062
vt 0.5039062 0.3164062
vt 0.3320312 0.5039062
vt 0.3281250 0.5039062
vt 0.3281250 0.5000000
vt 0.3320312 0.5000000
vt 0.5039062 0.3281250
vt 0.5000000 0.3281250
vt 0.5000000 0.3320312
vt 0.5039062 0.3320312
vt 0.5039062 0.3437500
vt 0.5000000 0.3437500
vt 0.5000000 0.3476562
vt 0.5039062 0.3476562
vt 0.3476562 0.5000000
vt 0.3437500 0.5000000
vt 0.3437500 0.5039062
vt 0.3476562 0.5039062
vt 0.3632812 0.5000000
vt 0.3593750 0.5000000
vt 0.3593750 0.5039062
vt 0.3632812 0.5039062
vt 0.5039062 0.3593750
vt 0.5000000 0.3593750
vt 0.5000000 0.3632812
vt 0.5039062 0.3632812
vt 0.3789062 0.5039062
vt 0.3750000 0.5039062
vt 0.3750000 0.5000000
vt 0.3789062 0.5000000
vt 0.3164062 0.3125000
vt 0.3125000 0.3125000
vt 0.3125000 0.3242188
vt 0.3164062 0.3242188
vt 0.3320312 0.0000000
vt 0.3281250 0.0000000
vt 0.3281250 0.0117188
vt 0.3320312 0.0117188
vt 0.0039062 0.3281250
vt 0.0000000 0.3281250
vt 0.0000000 0.3398438
vt 0.0039062 0.3398438
vt 0.0195312 0.3281250
vt 0.0156250 0.3281250
vt 0.0156250 0.3398438
vt 0.0195312 0.3398438
vt 0.5039062 0.3750000
vt 0.5000000 0.3750000
vt 0.5000000 0.3789062
vt 0.5039062 0.3789062
vt 0.3945312 0.5039062
vt 0.3906250 0.5039062
vt 0.3906250 0.5000000
vt 0.3945312 0.5000000
vt 0.5039062 0.3906250
vt 0.5000000 0.3906250
vt 0.5000000 0.3945312
vt 0.5039062 0.3945312
vt 0.4101562 0.5000000
vt 0.4062500 0.5000000
vt 0.4062500 0.5039062
vt 0.4101562 0.5039062
vt 0.3984375 0.3437500
vt 0.3906250 0.3437500
vt 0.3906250 0.3476562
vt 0.3984375 0.3476562
vt 0.3671875 0.3906250
vt 0.3593750 0.3906250
vt 0.3593750 0.3945312
vt 0.3671875 0.3945312
vt 0.3945312 0.3593750
vt 0.3906250 0.3593750
vt 0.3906250 0.3671875
vt 0.3945312 0.3671875
vt 0.3789062 0.3984375
vt 0.3750000 0.3984375
vt 0.3750000 0.3906250
vt 0.3789062 0.3906250
vt 0.5039062 0.4062500
vt 0.5000000 0.4062500
vt 0.5000000 0.4101562
vt 0.5039062 0.4101562
vt 0.4257812 0.5000000
vt 0.4218750 0.5000000
vt 0.4218750 0.5039062
vt 0.4257812 0.5039062
vt 0.3984375 0.3750000
vt 0.3906250 0.3750000
vt 0.3906250 0.3789062
vt 0.3984375 0.3789062
vt 0.3984375 0.3906250
vt 0.3906250 0.3906250
vt 0.3906250 0.3945312
vt 0.3984375 0.3945312
vt 0.0039062 0.4062500
vt 0.0000000 0.4062500
vt 0.0000000 0.4140625
vt 0.0039062 0.4140625
vt 0.4101562 0.0078125
vt 0.4062500 0.0078125
vt 0.4062500 0.0000000
vt 0.4101562 0.0000000
vt 0.5039062 0.4218750
vt 0.5000000 0.4218750
vt 0.5000000 0.4257812
vt 0.5039062 0.4257812
vt 0.4414062 0.5000000
vt 0.4375000 0.5000000
vt 0.4375000 0.5039062
vt 0.4414062 0.5039062
vt 0.0234375 0.4062500
vt 0.0156250 0.4062500
vt 0.0156250 0.4101562
vt 0.0234375 0.4101562
vt 0.4140625 0.0156250
vt 0.4062500 0.0156250
vt 0.4062500 0.0195312
vt 0.4140625 0.0195312
vt 0.0351562 0.4062500
vt 0.0312500 0.4062500
vt 0.0312500 0.4140625
vt 0.0351562 0.4140625
vt 0.4101562 0.0390625
vt 0.4062500 0.0390625
vt 0.4062500 0.0312500
vt 0.4101562 0.0312500
vt 0.5039062 0.4375000
vt 0.5000000 0.4375000
vt 0.5000000 0.4414062
vt 0.5039062 0.4414062
vt 0.4570312 0.5000000
vt 0.4531250 0.5000000
vt 0.4531250 0.5039062
vt 0.4570312 0.5039062
vt 0.0546875 0.4062500
vt 0.0468750 0.4062500
vt 0.0468750 0.4101562
vt 0.0546875 0.4101562
vt 0.4140625 0.0468750
vt 0.4062500 0.0468750
vt 0.4062500 0.0507812
vt 0.4140625 0.0507812
vt 0.0664062 0.4062500
vt 0.0625000 0.4062500
vt 0.0625000 0.4140625
vt 0.0664062 0.4140625
vt 0.4101562 0.0703125
vt 0.4062500 0.0703125
vt 0.4062500 0.0625000
vt 0.4101562 0.0625000
vt 0.5039062 0.4531250
vt 0.5000000 0.4531250
vt 0.5000000 0.4570312
vt 0.5039062 0.4570312
vt 0.4726562 0.5000000
vt 0.4687500 0.5000000
vt 0.4687500 0.5039062
vt 0.4726562 0.5039062
vt 0.0312500 0.2500000
vt 0.0156250 0.2500000
vt 0.0156250 0.2539062
vt 0.0312500 0.2539062
vt 0.2656250 0.0156250
vt 0.2500000 0.0156250
vt 0.2500000 0.0195312
vt 0.2656250 0.0195312
vt 0.0351562 0.2500000
vt 0.0312500 0.2500000
vt 0.0312500 0.2656250
vt 0.0351562 0.2656250
vt 0.2539062 0.0468750
vt 0.2500000 0.0468750
vt 0.2500000 0.0312500
vt 0.2539062 0.0312500
vt 0.5039062 0.4687500
vt 0.5000000 0.4687500
vt 0.5000000 0.4726562
vt 0.5039062 0.4726562
vt 0.4882812 0.5000000
vt 0.4843750 0.5000000
vt 0.4843750 0.5039062
vt 0.4882812 0.5039062
vt 0.0859375 0.4062500
vt 0.0781250 0.4062500
vt 0.0781250 0.4101562
vt 0.0859375 0.4101562
vt 0.4140625 0.0781250
vt 0.4062500 0.0781250
vt 0.4062500 0.0820312
vt 0.4140625 0.0820312
vt 0.0976562 0.4062500
vt 0.0937500 0.4062500
vt 0.0937500 0.4140625
vt 0.0976562 0.4140625
vt 0.4101562 0.1015625
vt 0.4062500 0.1015625
vt 0.4062500 0.0937500
vt 0.4101562 0.0937500
vt 0.5039062 0.4843750
vt 0.5000000 0.4843750
vt 0.5000000 0.4882812
vt 0.5039062 0.4882812
vt 0.5039062 0.5000000
vt 0.5000000 0.5000000
vt 0.5000000 0.5039062
vt 0.5039062 0.5039062
vt 0.1171875 0.4062500
vt 0.1093750 0.4062500
vt 0.1093750 0.4101562
vt 0.1171875 0.4101562
vt 0.4140625 0.1093750
vt 0.4062500 0.1093750
vt 0.4062500 0.1132812
vt 0.4140625 0.1132812
vt 0.1289062 0.4062500
vt 0.1250000 0.4062500
vt 0.1250000 0.4140625
vt 0.1289062 0.4140625
vt 0.4101562 0.1328125
vt 0.4062500 0.1328125
vt 0.4062500 0.1250000
vt 0.4101562 0.1250000
vt 0.0039062 0.5156250
vt 0.0000000 0.5156250
vt 0.0000000 0.5195312
vt 0.0039062 0.5195312
vt 0.5195312 0.0000000
vt 0.5156250 0.0000000
vt 0.5156250 0.0039062
vt 0.5195312 0.0039062
vt 0.0625000 0.2500000
vt 0.0468750 0.2500000
vt 0.0468750 0.2539062
vt 0.0625000 0.2539062
vt 0.2656250 0.0468750
vt 0.2500000 0.0468750
vt 0.2500000 0.0507812
vt 0.2656250 0.0507812
vt 0.0664062 0.2500000
vt 0.0625000 0.2500000
vt 0.0625000 0.2656250
vt 0.0664062 0.2656250
vt 0.2539062 0.0781250
vt 0.2500000 0.0781250
vt 0.2500000 0.0625000
vt 0.2539062 0.0625000
vt 0.0195312 0.5156250
vt 0.0156250 0.5156250
vt 0.0156250 0.5195312
vt 0.0195312 0.5195312
vt 0.5195312 0.0156250
vt 0.5156250 0.0156250
vt 0.5156250 0.0195312
vt 0.5195312 0.0195312
vt 0.0937500 0.2500000
vt 0.0781250 0.2500000
vt 0.0781250 0.2539062
vt 0.0937500 0.2539062
vt 0.2656250 0.0781250
vt 0.2500000 0.0781250
vt 0.2500000 0.0820312
vt 0.2656250 0.0820312
vt 0.0976562 0.2500000
vt 0.0937500 0.2500000
vt 0.0937500 0.2656250
vt 0.0976562 0.2656250
vt 0.2539062 0.1093750
vt 0.2500000 0.1093750
vt 0.2500000 0.0937500
vt 0.2539062 0.0937500
vt 0.0351562 0.5156250
vt 0.0312500 0.5156250
vt 0.0312500 0.5195312
vt 0.0351562 0.5195312
vt 0.5195312 0.0312500
vt 0.5156250 0.0312500
vt 0.5156250 0.0351562
vt 0.5195312 0.0351562
vt 0.1250000 0.2500000
vt 0.1093750 0.2500000
vt 0.1093750 0.2539062
vt 0.1250000 0.2539062
vt 0.2656250 0.1093750
vt 0.2500000 0.1093750
vt 0.2500000 0.1132812
vt 0.2656250 0.1132812
vt 0.1289062 0.2500000
vt 0.1250000 0.2500000
vt 0.1250000 0.2656250
vt 0.1289062 0.2656250
vt 0.2539062 0.1406250
vt 0.2500000 0.1406250
vt 0.2500000 0.1250000
vt 0.2539062 0.1250000
vt 0.0507812 0.5156250
vt 0.0468750 0.5156250
vt 0.0468750 0.5195312
vt 0.0507812 0.5195312
vt 0.5195312 0.0468750
vt 0.5156250 0.0468750
vt 0.5156250 0.0507812
vt 0.5195312 0.0507812
vt 0.1562500 0.2500000
vt 0.1406250 0.2500000
vt 0.1406250 0.2539062
vt 0.1562500 0.2539062
vt 0.2656250 0.1406250
vt 0.2500000 0.1406250
vt 0.2500000 0.1445312
vt 0.2656250 0.1445312
vt 0.1601562 0.2500000
vt 0.1562500 0.2500000
vt 0.1562500 0.2656250
vt 0.1601562 0.2656250
vt 0.2539062 0.1718750
vt 0.2500000 0.1718750
vt 0.2500000 0.1562500
vt 0.2539062 0.1562500
vt 0.0664062 0.5156250
vt 0.0625000 0.5156250
vt 0.0625000 0.5195312
vt 0.0664062 0.5195312
vt 0.5195312 0.0625000
vt 0.5156250 0.0625000
vt 0.5156250 0.0664062
vt 0.5195312 0.0664062
vt 0.1484375 0.4062500
vt 0.1406250 0.4062500
vt 0.1406250 0.4101562
vt 0.1484375 0.4101562
vt 0.4140625 0.1406250
vt 0.4062500 0.1406250
vt 0.4062500 0.1445312
vt 0.4140625 0.1445312
vt 0.1601562 0.4062500
vt 0.1562500 0.4062500
vt 0.1562500 0.4140625
vt 0.1601562 0.4140625
vt 0.4101562 0.1640625
vt 0.4062500 0.1640625
vt 0.4062500 0.1562500
vt 0.4101562 0.1562500
vt 0.0820312 0.5156250
vt 0.0781250 0.5156250
vt 0.0781250 0.5195312
vt 0.0820312 0.5195312
vt 0.0976562 0.5156250
vt 0.0937500 0.5156250
vt 0.0937500 0.5195312
vt 0.0976562 0.5195312
vt 0.5195312 0.0781250
vt 0.5156250 0.0781250
vt 0.5156250 0.0820312
vt 0.5195312 0.0820312
vt 0.5195312 0.0937500
vt 0.5156250 0.0937500
vt 0.5156250 0.0976562
vt 0.5195312 0.0976562
vt 0.1132812 0.5156250
vt 0.1093750 0.5156250
vt 0.1093750 0.5195312
vt 0.1132812 0.5195312
vt 0.5195312 0.1132812
vt 0.5156250 0.1132812
vt 0.5156250 0.1093750
vt 0.5195312 0.1093750
vt 0.1289062 0.5156250
vt 0.1250000 0.5156250
vt 0.1250000 0.5195312
vt 0.1289062 0.5195312
vt 0.1445312 0.5156250
vt 0.1406250 0.5156250
vt 0.1406250 0.5195312
vt 0.1445312 0.5195312
vt 0.5195312 0.1250000
vt 0.5156250 0.1250000
vt 0.5156250 0.1289062
vt 0.5195312 0.1289062
vt 0.5195312 0.1406250
vt 0.5156250 0.1406250
vt 0.5156250 0.1445312
vt 0.5195312 0.1445312
vt 0.1601562 0.5156250
vt 0.1562500 0.5156250
vt 0.1562500 0.5195312
vt 0.1601562 0.5195312
vt 0.5195312 0.1601562
vt 0.5156250 0.1601562
vt 0.5156250 0.1562500
vt 0.5195312 0.1562500
vt 0.1757812 0.5156250
vt 0.1718750 0.5156250
vt 0.1718750 0.5195312
vt 0.1757812 0.5195312
vt 0.5195312 0.1718750
vt 0.5156250 0.1718750
vt 0.5156250 0.1757812
vt 0.5195312 0.1757812
vt 0.3398438 0.0156250
vt 0.3281250 0.0156250
vt 0.3281250 0.0195312
vt 0.3398438 0.0195312
vt 0.0429688 0.3281250
vt 0.0312500 0.3281250
vt 0.0312500 0.3320312
vt 0.0429688 0.3320312
vt 0.3320312 0.0312500
vt 0.3281250 0.0312500
vt 0.3281250 0.0429688
vt 0.3320312 0.0429688
vt 0.0507812 0.3398438
vt 0.0468750 0.3398438
vt 0.0468750 0.3281250
vt 0.0507812 0.3281250
vt 0.1914062 0.5156250
vt 0.1875000 0.5156250
vt 0.1875000 0.5195312
vt 0.1914062 0.5195312
vt 0.5195312 0.1875000
vt 0.5156250 0.1875000
vt 0.5156250 0.1914062
vt 0.5195312 0.1914062
vt 0.3398438 0.0468750
vt 0.3281250 0.0468750
vt 0.3281250 0.0507812
vt 0.3398438 0.0507812
vt 0.0742188 0.3281250
vt 0.0625000 0.3281250
vt 0.0625000 0.3320312
vt 0.0742188 0.3320312
vt 0.3320312 0.0625000
vt 0.3281250 0.0625000
vt 0.3281250 0.0742188
vt 0.3320312 0.0742188
vt 0.0820312 0.3398438
vt 0.0781250 0.3398438
vt 0.0781250 0.3281250
vt 0.0820312 0.3281250
vt 0.2070312 0.5156250
vt 0.2031250 0.5156250
vt 0.2031250 0.5195312
vt 0.2070312 0.5195312
vt 0.5195312 0.2031250
vt 0.5156250 0.2031250
vt 0.5156250 0.2070312
vt 0.5195312 0.2070312
vt 0.3398438 0.0781250
vt 0.3281250 0.0781250
vt 0.3281250 0.0820312
vt 0.3398438 0.0820312
vt 0.1054688 0.3281250
vt 0.0937500 0.3281250
vt 0.0937500 0.3320312
vt 0.1054688 0.3320312
vt 0.3320312 0.0937500
vt 0.3281250 0.0937500
vt 0.3281250 0.1054688
vt 0.3320312 0.1054688
vt 0.1132812 0.3398438
vt 0.1093750 0.3398438
vt 0.1093750 0.3281250
vt 0.1132812 0.3281250
vt 0.2226562 0.5156250
vt 0.2187500 0.5156250
vt 0.2187500 0.5195312
vt 0.2226562 0.5195312
vt 0.5195312 0.2187500
vt 0.5156250 0.2187500
vt 0.5156250 0.2226562
vt 0.5195312 0.2226562
vt 0.2070312 0.1718750
vt 0.1875000 0.1718750
vt 0.1875000 0.1757812
vt 0.2070312 0.1757812
vt 0.2226562 0.0937500
vt 0.2031250 0.0937500
vt 0.2031250 0.0976562
vt 0.2226562 0.0976562
vt 0.1914062 0.2031250
vt 0.1875000 0.2031250
vt 0.1875000 0.2226562
vt 0.1914062 0.2226562
vt 0.2070312 0.2070312
vt 0.2031250 0.2070312
vt 0.2031250 0.1875000
vt 0.2070312 0.1875000
vt 0.2382812 0.5156250
vt 0.2343750 0.5156250
vt 0.2343750 0.5195312
vt 0.2382812 0.5195312
vt 0.2539062 0.5156250
vt 0.2500000 0.5156250
vt 0.2500000 0.5195312
vt 0.2539062 0.5195312
vt 0.5195312 0.2343750
vt 0.5156250 0.2343750
vt 0.5156250 0.2382812
vt 0.5195312 0.2382812
vt 0.5195312 0.2500000
vt 0.5156250 0.2500000
vt 0.5156250 0.2539062
vt 0.5195312 0.2539062
vt 0.2695312 0.5156250
vt 0.2656250 0.5156250
vt 0.2656250 0.5195312
vt 0.2695312 0.5195312
vt 0.5195312 0.2695312
vt 0.5156250 0.2695312
vt 0.5156250 0.2656250
vt 0.5195312 0.2656250
vt 0.2851562 0.5156250
vt 0.2812500 0.5156250
vt 0.2812500 0.5195312
vt 0.2851562 0.5195312
vt 0.3007812 0.5156250
vt 0.2968750 0.5156250
vt 0.2968750 0.5195312
vt 0.3007812 0.5195312
vt 0.5195312 0.2812500
vt 0.5156250 0.2812500
vt 0.5156250 0.2851562
vt 0.5195312 0.2851562
vt 0.5195312 0.2968750
vt 0.5156250 0.2968750
vt 0.5156250 0.3007812
vt 0.5195312 0.3007812
vt 0.3164062 0.5156250
vt 0.3125000 0.5156250
vt 0.3125000 0.5195312
vt 0.3164062 0.5195312
vt 0.5195312 0.3164062
vt 0.5156250 0.3164062
vt 0.5156250 0.3125000
vt 0.5195312 0.3125000
vt 0.3320312 0.5156250
vt 0.3281250 0.5156250
vt 0.3281250 0.5195312
vt 0.3320312 0.5195312
vt 0.3476562 0.5156250
vt 0.3437500 0.5156250
vt 0.3437500 0.5195312
vt 0.3476562 0.5195312
vt 0.5195312 0.3281250
vt 0.5156250 0.3281250
vt 0.5156250 0.3320312
vt 0.5195312 0.3320312
vt 0.5195312 0.3437500
vt 0.5156250 0.3437500
vt 0.5156250 0.3476562
vt 0.5195312 0.3476562
vt 0.3632812 0.5156250
vt 0.3593750 0.5156250
vt 0.3593750 0.5195312
vt 0.3632812 0.5195312
vt 0.5195312 0.3632812
vt 0.5156250 0.3632812
vt 0.5156250 0.3593750
vt 0.5195312 0.3593750
vt 0.3789062 0.5156250
vt 0.3750000 0.5156250
vt 0.3750000 0.5195312
vt 0.3789062 0.5195312
vt 0.3945312 0.5156250
vt 0.3906250 0.5156250
vt 0.3906250 0.5195312
vt 0.3945312 0.5195312
vt 0.5195312 0.3750000
vt 0.5156250 0.3750000
vt 0.5156250 0.3789062
vt 0.5195312 0.3789062
vt 0.5195312 0.3906250
vt 0.5156250 0.3906250
vt 0.5156250 0.3945312
vt 0.5195312 0.3945312
vt 0.4101562 0.5156250
vt 0.4062500 0.5156250
vt 0.4062500 0.5195312
vt 0.4101562 0.5195312
vt 0.5195312 0.4101562
vt 0.5156250 0.4101562
vt 0.5156250 0.4062500
vt 0.5195312 0.4062500
vt 0.4257812 0.5156250
vt 0.4218750 0.5156250
vt 0.4218750 0.5195312
vt 0.4257812 0.5195312
vt 0.4414062 0.5156250
vt 0.4375000 0.5156250
vt 0.4375000 0.5195312
vt 0.4414062 0.5195312
vt 0.5195312 0.4218750
vt 0.5156250 0.4218750
vt 0.5156250 0.4257812
vt 0.5195312 0.4257812
vt 0.5195312 0.4375000
vt 0.5156250 0.4375000
vt 0.5156250 0.4414062
vt 0.5195312 0.4414062
vt 0.4570312 0.5156250
vt 0.4531250 0.5156250
vt 0.4531250 0.5195312
vt 0.4570312 0.5195312
vt 0.5195312 0.4570312
vt 0.5156250 0.4570312
vt 0.5156250 0.4531250
vt 0.5195312 0.4531250
vt 0.4726562 0.5156250
vt 0.4687500 0.5156250
vt 0.4687500 0.5195312
vt 0.4726562 0.5195312
vt 0.4882812 0.5156250
vt 0.4843750 0.5156250
vt 0.4843750 0.5195312
vt 0.4882812 0.5195312
vt 0.5195312 0.4687500
vt 0.5156250 0.4687500
vt 0.5156250 0.4726562
vt 0.5195312 0.4726562
vt 0.5195312 0.4843750
vt 0.5156250 0.4843750
vt 0.5156250 0.4882812
vt 0.5195312 0.4882812
vt 0.5039062 0.5156250
vt 0.5000000 0.5156250
vt 0.5000000 0.5195312
vt 0.5039062 0.5195312
vt 0.5195312 0.5039062
vt 0.5156250 0.5039062
vt 0.5156250 0.5000000
vt 0.5195312 0.5000000
vt 0.1875000 0.2500000
vt 0.1718750 0.2500000
vt 0.1718750 0.2539062
vt 0.1875000 0.2539062
vt 0.2656250 0.1718750
vt 0.2500000 0.1718750
vt 0.2500000 0.1757812
vt 0.2656250 0.1757812
vt 0.5195312 0.5156250
vt 0.5156250 0.5156250
vt 0.5156250 0.5195312
vt 0.5195312 0.5195312
vt 0.0039062 0.5312500
vt 0.0000000 0.5312500
vt 0.0000000 0.5351562
vt 0.0039062 0.5351562
vt 0.2031250 0.2500000
vt 0.1875000 0.2500000
vt 0.1875000 0.2539062
vt 0.2031250 0.2539062
vt 0.2656250 0.1914062
vt 0.2500000 0.1914062
vt 0.2500000 0.1875000
vt 0.2656250 0.1875000
vt 0.2187500 0.2500000
vt 0.2031250 0.2500000
vt 0.2031250 0.2539062
vt 0.2187500 0.2539062
vt 0.2656250 0.2031250
vt 0.2500000 0.2031250
vt 0.2500000 0.2070312
vt 0.2656250 0.2070312
vt 0.5351562 0.0000000
vt 0.5312500 0.0000000
vt 0.5312500 0.0039062
vt 0.5351562 0.0039062
vt 0.0195312 0.5312500
vt 0.0156250 0.5312500
vt 0.0156250 0.5351562
vt 0.0195312 0.5351562
vt 0.2343750 0.2500000
vt 0.2187500 0.2500000
vt 0.2187500 0.2539062
vt 0.2343750 0.2539062
vt 0.2656250 0.2226562
vt 0.2500000 0.2226562
vt 0.2500000 0.2187500
vt 0.2656250 0.2187500
vn -0.0000000 -0.7071068 -0.7071068
vn -0.0000000 0.7071068 0.7071068
vn 1.0000000 0.0000000 0.0000000
vn -1.0000000 0.0000000 0.0000000
vn 0.0000000 0.7071068 -0.7071068
vn 0.0000000 -0.7071068 0.7071068
vn 0.0000000 0.0436194 -0.9990482
vn 0.0000000 -0.0436194 0.9990482
vn 1.0000000 0.0000000 0.0000000
vn -1.0000000 0.0000000 0.0000000
vn 0.0000000 0.9990482 0.0436194
vn 0.0000000 -0.9990482 -0.0436194
vn 0.0000000 0.0436194 -0.9990482
vn 0.0000000 -0.0436194 0.9990482
vn 1.0000000 0.0000000 0.0000000
vn -1.0000000 0.0000000 0.0000000
vn 0.0000000 0.9990482 0.0436194
vn 0.0000000 -0.9990482 -0.0436194
vn 0.0000000 0.0436194 -0.9990482
vn 0.0000000 -0.0436194 0.9990482
vn 1.0000000 0.0000000 0.0000000
vn -1.0000000 0.0000000 0.0000000
vn 0.0000000 0.9990482 0.0436194
vn 0.0000000 -0.9990482 -0.0436194
vn 0.0000000 0.1434926 -0.9896514
vn 0.0000000 -0.1434926 0.9896514
vn 1.0000000 0.0000000 0.0000000
vn -1.0000000 0.0000000 0.0000000
vn 0.0000000 0.9896514 0.1434926
vn 0.0000000 -0.9896514 -0.1434926
vn 0.0000000 0.0915016 -0.9958049
vn 0.0000000 -0.0915016 0.9958049
vn 1.0000000 0.0000000 0.0000000
vn -1.0000000 0.0000000 0.0000000
vn 0.0000000 0.9958049 0.0915016
vn 0.0000000 -0.9958049 -0.0915016
vn 0.0000000 0.0174524 -0.9998477
vn 0.0000000 -0.0174524 0.9998477
vn 1.0000000 0.0000000 0.0000000
vn -1.0000000 0.0000000 0.0000000
vn 0.0000000 0.9998477 0.0174524
vn 0.0000000 -0.9998477 -0.0174524
vn -0.0000000 -0.0566928 -0.9983917
vn -0.0000000 0.0566928 0.9983917
vn 1.0000000 0.0000000 0.0000000
vn -1.0000000 0.0000000 0.0000000
vn 0.0000000 0.9983917 -0.0566928
vn 0.0000000 -0.9983917 0.0566928
vn -0.0000000 -0.1088669 -0.9940563
vn -0.0000000 0.1088669 0.9940563
vn 1.0000000 0.0000000 0.0000000
vn -1.0000000 0.0000000 0.0000000
vn 0.0000000 0.9940563 -0.1088669
vn 0.0000000 -0.9940563 0.1088669
vn -0.0000000 -0.1779435 -0.9840407
vn -0.0000000 0.1779435 0.9840407
vn 1.0000000 0.0000000 0.0000000
vn -1.0000000 0.0000000 0.0000000
vn 0.0000000 0.9840407 -0.1779435
vn 0.0000000 -0.9840407 0.1779435
vn -0.0000000 -0.2334454 -0.9723699
vn -0.0000000 0.2334454 0.9723699
vn 1.0000000 0.0000000 0.0000000
vn -1.0000000 0.0000000 0.0000000
vn 0.0000000 0.9723699 -0.2334454
vn 0.0000000 -0.9723699 0.2334454
vn -0.0000000 -0.3947439 -0.9187912
vn -0.0000000 0.3947439 0.9187912
vn 1.0000000 0.0000000 0.0000000
vn -1.0000000 0.0000000 0.0000000
vn 0.0000000 0.9187912 -0.3947439
vn 0.0000000 -0.9187912 0.3947439
vn -0.0000000 -0.3131638 -0.9496991
vn -0.0000000 0.3131638 0.9496991
vn 1.0000000 0.0000000 0.0000000
vn -1.0000000 0.0000000 0.0000000
vn 0.0000000 0.9496991 -0.3131638
vn 0.0000000 -0.9496991 0.3131638
vn -0.0000000 -0.4027467 -0.9153115
vn -0.0000000 0.4027467 0.9153115
vn 1.0000000 0.0000000 0.0000000
vn -1.0000000 0.0000000 0.0000000
vn 0.0000000 0.9153115 -0.4027467
vn 0.0000000 -0.9153115 0.4027467
vn -0.0000000 -0.6883546 -0.7253744
vn -0.0000000 0.6883546 0.7253744
vn 1.0000000 0.0000000 0.0000000
vn -1.0000000 0.0000000 0.0000000
vn 0.0000000 0.7253744 -0.6883546
vn 0.0000000 -0.7253744 0.6883546
vn -0.0000000 -0.9996573 -0.0261769
vn -0.0000000 0.9996573 0.0261769
vn 1.0000000 0.0000000 0.0000000
vn -1.0000000 0.0000000 0.0000000
vn 0.0000000 0.0261769 -0.9996573
vn 0.0000000 -0.0261769 0.9996573
vn 0.0000000 0.0000000 -1.0000000
vn 0.0000000 0.0000000 1.0000000
vn 1.0000000 0.0000000 0.0000000
vn -1.0000000 0.0000000 0.0000000
vn 0.0000000 1.0000000 0.0000000
vn 0.0000000 -1.0000000 0.0000000
vn -0.0000000 -0.7071068 -0.7071068
vn -0.0000000 0.7071068 0.7071068
vn 1.0000000 0.0000000 0.0000000
vn -1.0000000 0.0000000 0.0000000
vn 0.0000000 0.7071068 -0.7071068
vn 0.0000000 -0.7071068 0.7071068
vn 0.0000000 0.0000000 -1.0000000
vn 0.0000000 0.0000000 1.0000000
vn 1.0000000 0.0000000 0.0000000
vn -1.0000000 0.0000000 0.0000000
vn 0.0000000 1.0000000 0.0000000
vn 0.0000000 -1.0000000 0.0000000
vn -0.0000000 -0.3420201 -0.9396926
vn -0.0000000 0.3420201 0.9396926
vn 1.0000000 0.0000000 0.0000000
vn -1.0000000 0.0000000 0.0000000
vn 0.0000000 0.9396926 -0.3420201
vn 0.0000000 -0.9396926 0.3420201
vn -0.0000000 -0.0436194 -0.9990482
vn -0.0000000 0.0436194 0.9990482
vn 1.0000000 0.0000000 0.0000000
vn -1.0000000 0.0000000 0.0000000
vn 0.0000000 0.9990482 -0.0436194
vn 0.0000000 -0.9990482 0.0436194
vn 0.0000000 0.1564345 -0.9876883
vn 0.0000000 -0.1564345 0.9876883
vn 1.0000000 0.0000000 0.0000000
vn -1.0000000 0.0000000 0.0000000
vn 0.0000000 0.9876883 0.1564345
vn 0.0000000 -0.9876883 -0.1564345
vn 0.0000000 0.3907311 -0.9205049
vn 0.0000000 -0.3907311 0.9205049
vn 1.0000000 0.0000000 0.0000000
vn -1.0000000 0.0000000 0.0000000
vn 0.0000000 0.9205049 0.3907311
vn 0.0000000 -0.9205049 -0.3907311
vn 0.0000000 0.0915016 -0.9958049
vn 0.0000000 -0.0915016 0.9958049
vn 1.0000000 0.0000000 0.0000000
vn -1.0000000 0.0000000 0.0000000
vn 0.0000000 0.9958049 0.0915016
vn 0.0000000 -0.9958049 -0.0915016
vn 0.0000000 0.0348995 -0.9993908
vn 0.0000000 -0.0348995 0.9993908
vn 1.0000000 0.0000000 0.0000000
vn -1.0000000 0.0000000 0.0000000
vn 0.0000000 0.9993908 0.0348995
vn 0.0000000 -0.9993908 -0.0348995
vn -0.0000000 -0.0087265 -0.9999619
vn -0.0000000 0.0087265 0.9999619
vn 1.0000000 0.0000000 0.0000000
vn -1.0000000 0.0000000 0.0000000
vn 0.0000000 0.9999619 -0.0087265
vn 0.0000000 -0.9999619 0.0087265
vn -0.0000000 -0.1045285 -0.9945219
vn -0.0000000 0.1045285 0.9945219
vn 1.0000000 0.0000000 0.0000000
vn -1.0000000 0.0000000 0.0000000
vn 0.0000000 0.9945219 -0.1045285
vn 0.0000000 -0.9945219 0.1045285
vn -0.0000000 -0.1908090 -0.9816272
vn -0.0000000 0.1908090 0.9816272
vn 1.0000000 0.0000000 0.0000000
vn -1.0000000 0.0000000 0.0000000
vn 0.0000000 0.9816272 -0.1908090
vn 0.0000000 -0.9816272 0.1908090
vn -0.0000000 -0.3173047 -0.9483237
vn -0.0000000 0.3173047 0.9483237
vn 1.0000000 0.0000000 0.0000000
vn -1.0000000 0.0000000 0.0000000
vn 0.0000000 0.9483237 -0.3173047
vn 0.0000000 -0.9483237 0.3173047
vn -0.0000000 -0.3987491 -0.9170601
vn -0.0000000 0.3987491 0.9170601
vn 1.0000000 0.0000000 0.0000000
vn -1.0000000 0.0000000 0.0000000
vn 0.0000000 0.9170601 -0.3987491
vn 0.0000000 -0.9170601 0.3987491
vn -0.0000000 -0.4771588 -0.8788171
vn -0.0000000 0.4771588 0.8788171
vn 1.0000000 0.0000000 0.0000000
vn -1.0000000 0.0000000 0.0000000
vn 0.0000000 0.8788171 -0.4771588
vn 0.0000000 -0.8788171 0.4771588
vn -0.0000000 -0.6883546 -0.7253744
vn -0.0000000 0.6883546 0.7253744
vn 1.0000000 0.0000000 0.0000000
vn -1.0000000 0.0000000 0.0000000
vn 0.0000000 0.7253744 -0.6883546
vn 0.0000000 -0.7253744 0.6883546
vn -0.0000000 -0.6883546 -0.7253744
vn -0.0000000 0.6883546 0.7253744
vn 1.0000000 0.0000000 0.0000000
vn -1.0000000 0.0000000 0.0000000
vn 0.0000000 0.7253744 -0.6883546
vn 0.0000000 -0.7253744 0.6883546
vn 0.0000000 0.0000000 -1.0000000
vn 0.0000000 0.0000000 1.0000000
vn 1.0000000 0.0000000 0.0000000
vn -1.0000000 0.0000000 0.0000000
vn 0.0000000 1.0000000 0.0000000
vn 0.0000000 -1.0000000 0.0000000
vn -0.0000000 -0.0871557 -0.9961947
vn -0.0000000 0.0871557 0.9961947
vn 1.0000000 0.0000000 0.0000000
vn -1.0000000 0.0000000 0.0000000
vn 0.0000000 0.9961947 -0.0871557
vn 0.0000000 -0.9961947 0.0871557
vn -0.0000000 -0.1736482 -0.9848078
vn -0.0000000 0.1736482 0.9848078
vn 1.0000000 0.0000000 0.0000000
vn -1.0000000 0.0000000 0.0000000
vn 0.0000000 0.9848078 -0.1736482
vn 0.0000000 -0.9848078 0.1736482
vn -0.0000000 -0.2840153 -0.9588197
vn -0.0000000 0.2840153 0.9588197
vn 1.0000000 0.0000000 0.0000000
vn -1.0000000 0.0000000 0.0000000
vn 0.0000000 0.9588197 -0.2840153
vn 0.0000000 -0.9588197 0.2840153
vn -0.0000000 -0.2840153 -0.9588197
vn -0.0000000 0.2840153 0.9588197
vn 1.0000000 0.0000000 0.0000000
vn -1.0000000 0.0000000 0.0000000
vn 0.0000000 0.9588197 -0.2840153
vn 0.0000000 -0.9588197 0.2840153
vn 0.0000000 0.4771588 -0.8788171
vn 0.0000000 -0.4771588 0.8788171
vn 1.0000000 0.0000000 0.0000000
vn -1.0000000 0.0000000 0.0000000
vn 0.0000000 0.8788171 0.4771588
vn 0.0000000 -0.8788171 -0.4771588
vn -0.0000000 -0.8788171 -0.4771588
vn -0.0000000 0.8788171 0.4771588
vn 1.0000000 0.0000000 0.0000000
vn -1.0000000 0.0000000 0.0000000
vn 0.0000000 0.4771588 -0.8788171
vn 0.0000000 -0.4771588 0.8788171
vn 0.0000000 0.0000000 -1.0000000
vn 0.0000000 0.0000000 1.0000000
vn 1.0000000 0.0000000 0.0000000
vn -1.0000000 0.0000000 0.0000000
vn 0.0000000 1.0000000 0.0000000
vn 0.0000000 -1.0000000 0.0000000
vn 0.0000000 0.7071068 -0.7071068
vn 0.0000000 -0.7071068 0.7071068
vn 1.0000000 -0.0000000 0.0000000
vn -1.0000000 0.0000000 0.0000000
vn 0.0000000 0.7071068 0.7071068
vn 0.0000000 -0.7071068 -0.7071068
vn -0.0000000 -0.7071068 -0.7071068
vn -0.0000000 0.7071068 0.7071068
vn 1.0000000 0.0000000 0.0000000
vn -1.0000000 0.0000000 0.0000000
vn 0.0000000 0.7071068 -0.7071068
vn 0.0000000 -0.7071068 0.7071068
vn -0.0000000 -0.7071068 -0.7071068
vn -0.0000000 0.7071068 0.7071068
vn 1.0000000 0.0000000 0.0000000
vn -1.0000000 0.0000000 0.0000000
vn 0.0000000 0.7071068 -0.7071068
vn 0.0000000 -0.7071068 0.7071068
vn 0.0000000 0.0436194 -0.9990482
vn 0.0000000 -0.0436194 0.9990482
vn 1.0000000 0.0000000 0.0000000
vn -1.0000000 0.0000000 0.0000000
vn 0.0000000 0.9990482 0.0436194
vn 0.0000000 -0.9990482 -0.0436194
vn 0.0000000 0.0436194 -0.9990482
vn 0.0000000 -0.0436194 0.9990482
vn 1.0000000 0.0000000 0.0000000
vn -1.0000000 0.0000000 0.0000000
vn 0.0000000 0.9990482 0.0436194
vn 0.0000000 -0.9990482 -0.0436194
vn 0.0000000 0.0436194 -0.9990482
vn 0.0000000 -0.0436194 0.9990482
vn 1.0000000 0.0000000 0.0000000
vn -1.0000000 0.0000000 0.0000000
vn 0.0000000 0.9990482 0.0436194
vn 0.0000000 -0.9990482 -0.0436194
vn 0.0000000 0.1434926 -0.9896514
vn 0.0000000 -0.1434926 0.9896514
vn 1.0000000 0.0000000 0.0000000
vn -1.0000000 0.0000000 0.0000000
vn 0.0000000 0.9896514 0.1434926
vn 0.0000000 -0.9896514 -0.1434926
vn 0.0000000 0.0915016 -0.9958049
vn 0.0000000 -0.0915016 0.9958049
vn 1.0000000 0.0000000 0.0000000
vn -1.0000000 0.0000000 0.0000000
vn 0.0000000 0.9958049 0.0915016
vn 0.0000000 -0.9958049 -0.0915016
vn 0.0000000 0.0174524 -0.9998477
vn 0.0000000 -0.0174524 0.9998477
vn 1.0000000 0.0000000 0.0000000
vn -1.0000000 0.0000000 0.0000000
vn 0.0000000 0.9998477 0.0174524
vn 0.0000000 -0.9998477 -0.0174524
vn -0.0000000 -0.0566928 -0.9983917
vn -0.0000000 0.0566928 0.9983917
vn 1.0000000 0.0000000 0.0000000
vn -1.0000000 0.0000000 0.0000000
vn 0.0000000 0.9983917 -0.0566928
vn 0.0000000 -0.9983917 0.0566928
vn -0.0000000 -0.1088669 -0.9940563
vn -0.0000000 0.1088669 0.9940563
vn 1.0000000 0.0000000 0.0000000
vn -1.0000000 0.0000000 0.0000000
vn 0.0000000 0.9940563 -0.1088669
vn 0.0000000 -0.9940563 0.1088669
vn -0.0000000 -0.1779435 -0.9840407
vn -0.0000000 0.1779435 0.9840407
vn 1.0000000 0.0000000 0.0000000
vn -1.0000000 0.0000000 0.0000000
vn 0.0000000 0.9840407 -0.1779435
vn 0.0000000 -0.9840407 0.1779435
vn -0.0000000 -0.2334454 -0.9723699
vn -0.0000000 0.2334454 0.9723699
vn 1.0000000 0.0000000 0.0000000
vn -1.0000000 0.0000000 0.0000000
vn 0.0000000 0.9723699 -0.2334454
vn 0.0000000 -0.9723699 0.2334454
vn -0.0000000 -0.3947439 -0.9187912
vn -0.0000000 0.3947439 0.9187912
vn 1.0000000 0.0000000 0.0000000
vn -1.0000000 0.0000000 0.0000000
vn 0.0000000 0.9187912 -0.3947439
vn 0.0000000 -0.9187912 0.3947439
vn -0.0000000 -0.3131638 -0.9496991
vn -0.0000000 0.3131638 0.9496991
vn 1.0000000 0.0000000 0.0000000
vn -1.0000000 0.0000000 0.0000000
vn 0.0000000 0.9496991 -0.3131638
vn 0.0000000 -0.9496991 0.3131638
vn -0.0000000 -0.4027467 -0.9153115
vn -0.0000000 0.4027467 0.9153115
vn 1.0000000 0.0000000 0.0000000
vn -1.0000000 0.0000000 0.0000000
vn 0.0000000 0.9153115 -0.4027467
vn 0.0000000 -0.9153115 0.4027467
vn -0.0000000 -0.6883546 -0.7253744
vn -0.0000000 0.6883546 0.7253744
vn 1.0000000 0.0000000 0.0000000
vn -1.0000000 0.0000000 0.0000000
vn 0.0000000 0.7253744 -0.6883546
vn 0.0000000 -0.7253744 0.6883546
vn -0.0000000 -0.9996573 -0.0261769
vn -0.0000000 0.9996573 0.0261769
vn 1.0000000 0.0000000 0.0000000
vn -1.0000000 0.0000000 0.0000000
vn 0.0000000 0.0261769 -0.9996573
vn 0.0000000 -0.0261769 0.9996573
vn 0.0000000 0.0000000 -1.0000000
vn 0.0000000 0.0000000 1.0000000
vn 1.0000000 0.0000000 0.0000000
vn -1.0000000 0.0000000 0.0000000
vn 0.0000000 1.0000000 0.0000000
vn 0.0000000 -1.0000000 0.0000000
vn -0.0000000 -0.7071068 -0.7071068
vn -0.0000000 0.7071068 0.7071068
vn 1.0000000 0.0000000 0.0000000
vn -1.0000000 0.0000000 0.0000000
vn 0.0000000 0.7071068 -0.7071068
vn 0.0000000 -0.7071068 0.7071068
vn 0.0000000 0.0000000 -1.0000000
vn 0.0000000 0.0000000 1.0000000
vn 1.0000000 0.0000000 0.0000000
vn -1.0000000 0.0000000 0.0000000
vn 0.0000000 1.0000000 0.0000000
vn 0.0000000 -1.0000000 0.0000000
vn -0.0000000 -0.3420201 -0.9396926
vn -0.0000000 0.3420201 0.9396926
vn 1.0000000 0.0000000 0.0000000
vn -1.0000000 0.0000000 0.0000000
vn 0.0000000 0.9396926 -0.3420201
vn 0.0000000 -0.9396926 0.3420201
vn -0.0000000 -0.0436194 -0.9990482
vn -0.0000000 0.0436194 0.9990482
vn 1.0000000 0.0000000 0.0000000
vn -1.0000000 0.0000000 0.0000000
vn 0.0000000 0.9990482 -0.0436194
vn 0.0000000 -0.9990482 0.0436194
vn 0.0000000 0.1564345 -0.9876883
vn 0.0000000 -0.1564345 0.9876883
vn 1.0000000 0.0000000 0.0000000
vn -1.0000000 0.0000000 0.0000000
vn 0.0000000 0.9876883 0.1564345
vn 0.0000000 -0.9876883 -0.1564345
vn 0.0000000 0.3907311 -0.9205049
vn 0.0000000 -0.3907311 0.9205049
vn 1.0000000 0.0000000 0.0000000
vn -1.0000000 0.0000000 0.0000000
vn 0.0000000 0.9205049 0.3907311
vn 0.0000000 -0.9205049 -0.3907311
vn 0.0000000 0.0915016 -0.9958049
vn 0.0000000 -0.0915016 0.9958049
vn 1.0000000 0.0000000 0.0000000
vn -1.0000000 0.0000000 0.0000000
vn 0.0000000 0.9958049 0.0915016
vn 0.0000000 -0.9958049 -0.0915016
vn 0.0000000 0.0348995 -0.9993908
vn 0.0000000 -0.0348995 0.9993908
vn 1.0000000 0.0000000 0.0000000
vn -1.0000000 0.0000000 0.0000000
vn 0.0000000 0.9993908 0.0348995
vn 0.0000000 -0.9993908 -0.0348995
vn -0.0000000 -0.0087265 -0.9999619
vn -0.0000000 0.0087265 0.9999619
vn 1.0000000 0.0000000 0.0000000
vn -1.0000000 0.0000000 0.0000000
vn 0.0000000 0.9999619 -0.0087265
vn 0.0000000 -0.9999619 0.0087265
vn -0.0000000 -0.1045285 -0.9945219
vn -0.0000000 0.1045285 0.9945219
vn 1.0000000 0.0000000 0.0000000
vn -1.0000000 0.0000000 0.0000000
vn 0.0000000 0.9945219 -0.1045285
vn 0.0000000 -0.9945219 0.1045285
vn -0.0000000 -0.1908090 -0.9816272
vn -0.0000000 0.1908090 0.9816272
vn 1.0000000 0.0000000 0.0000000
vn -1.0000000 0.0000000 0.0000000
vn 0.0000000 0.9816272 -0.1908090
vn 0.0000000 -0.9816272 0.1908090
vn -0.0000000 -0.3173047 -0.9483237
vn -0.0000000 0.3173047 0.9483237
vn 1.0000000 0.0000000 0.0000000
vn -1.0000000 0.0000000 0.0000000
vn 0.0000000 0.9483237 -0.3173047
vn 0.0000000 -0.9483237 0.3173047
vn -0.0000000 -0.3987491 -0.9170601
vn -0.0000000 0.3987491 0.9170601
vn 1.0000000 0.0000000 0.0000000
vn -1.0000000 0.0000000 0.0000000
vn 0.0000000 0.9170601 -0.3987491
vn 0.0000000 -0.9170601 0.3987491
vn -0.0000000 -0.4771588 -0.8788171
vn -0.0000000 0.4771588 0.8788171
vn 1.0000000 0.0000000 0.0000000
vn -1.0000000 0.0000000 0.0000000
vn 0.0000000 0.8788171 -0.4771588
vn 0.0000000 -0.8788171 0.4771588
vn -0.0000000 -0.6883546 -0.7253744
vn -0.0000000 0.6883546 0.7253744
vn 1.0000000 0.0000000 0.0000000
vn -1.0000000 0.0000000 0.0000000
vn 0.0000000 0.7253744 -0.6883546
vn 0.0000000 -0.7253744 0.6883546
vn -0.0000000 -0.6883546 -0.7253744
vn -0.0000000 0.6883546 0.7253744
vn 1.0000000 0.0000000 0.0000000
vn -1.0000000 0.0000000 0.0000000
vn 0.0000000 0.7253744 -0.6883546
vn 0.0000000 -0.7253744 0.6883546
vn 0.0000000 0.0000000 -1.0000000
vn 0.0000000 0.0000000 1.0000000
vn 1.0000000 0.0000000 0.0000000
vn -1.0000000 0.0000000 0.0000000
vn 0.0000000 1.0000000 0.0000000
vn 0.0000000 -1.0000000 0.0000000
vn -0.0000000 -0.0871557 -0.9961947
vn -0.0000000 0.0871557 0.9961947
vn 1.0000000 0.0000000 0.0000000
vn -1.0000000 0.0000000 0.0000000
vn 0.0000000 0.9961947 -0.0871557
vn 0.0000000 -0.9961947 0.0871557
vn -0.0000000 -0.1736482 -0.9848078
vn -0.0000000 0.1736482 0.9848078
vn 1.0000000 0.0000000 0.0000000
vn -1.0000000 0.0000000 0.0000000
vn 0.0000000 0.9848078 -0.1736482
vn 0.0000000 -0.9848078 0.1736482
vn -0.0000000 -0.2840153 -0.9588197
vn -0.0000000 0.2840153 0.9588197
vn 1.0000000 0.0000000 0.0000000
vn -1.0000000 0.0000000 0.0000000
vn 0.0000000 0.9588197 -0.2840153
vn 0.0000000 -0.9588197 0.2840153
vn -0.0000000 -0.2840153 -0.9588197
vn -0.0000000 0.2840153 0.9588197
vn 1.0000000 0.0000000 0.0000000
vn -1.0000000 0.0000000 0.0000000
vn 0.0000000 0.9588197 -0.2840153
vn 0.0000000 -0.9588197 0.2840153
vn 0.0000000 0.4771588 -0.8788171
vn 0.0000000 -0.4771588 0.8788171
vn 1.0000000 0.0000000 0.0000000
vn -1.0000000 0.0000000 0.0000000
vn 0.0000000 0.8788171 0.4771588
vn 0.0000000 -0.8788171 -0.4771588
vn -0.0000000 -0.8788171 -0.4771588
vn -0.0000000 0.8788171 0.4771588
vn 1.0000000 0.0000000 0.0000000
vn -1.0000000 0.0000000 0.0000000
vn 0.0000000 0.4771588 -0.8788171
vn 0.0000000 -0.4771588 0.8788171
vn 0.0000000 0.0000000 -1.0000000
vn 0.0000000 0.0000000 1.0000000
vn 1.0000000 0.0000000 0.0000000
vn -1.0000000 0.0000000 0.0000000
vn 0.0000000 1.0000000 0.0000000
vn 0.0000000 -1.0000000 0.0000000
vn 0.0000000 0.7071068 -0.7071068
vn 0.0000000 -0.7071068 0.7071068
vn 1.0000000 -0.0000000 0.0000000
vn -1.0000000 0.0000000 0.0000000
vn 0.0000000 0.7071068 0.7071068
vn 0.0000000 -0.7071068 -0.7071068
vn -0.0000000 -0.7071068 -0.7071068
vn -0.0000000 0.7071068 0.7071068
vn 1.0000000 0.0000000 0.0000000
vn -1.0000000 0.0000000 0.0000000
vn 0.0000000 0.7071068 -0.7071068
vn 0.0000000 -0.7071068 0.7071068
vn -0.0000000 -0.7071068 -0.7071068
vn -0.0000000 0.7071068 0.7071068
vn 1.0000000 0.0000000 0.0000000
vn -1.0000000 0.0000000 0.0000000
vn 0.0000000 0.7071068 -0.7071068
vn 0.0000000 -0.7071068 0.7071068
vn -0.0000000 -1.0000000 0.0000000
vn -0.0000000 1.0000000 0.0000000
vn 1.0000000 0.0000000 0.0000000
vn -1.0000000 0.0000000 0.0000000
vn 0.0000000 0.0000000 -1.0000000
vn 0.0000000 0.0000000 1.0000000
s off
f 2/1/1 1/2/1 4/3/1
f 2/1/1 4/3/1 3/4/1
f 5/5/2 6/6/2 7/7/2
f 5/5/2 7/7/2 8/8/2
f 6/9/3 2/10/3 3/11/3
f 6/9/3 3/11/3 7/12/3
f 1/13/4 5/14/4 8/15/4
f 1/13/4 8/15/4 4/16/4
f 4/17/5 8/18/5 7/19/5
f 4/17/5 7/19/5 3/20/5
f 1/21/6 2/22/6 6/23/6
f 1/21/6 6/23/6 5/24/6
f 10/25/7 9/26/7 12/27/7
f 10/25/7 12/27/7 11/28/7
f 13/29/8 14/30/8 15/31/8
f 13/29/8 15/31/8 16/32/8
f 14/33/9 10/34/9 11/35/9
f 14/33/9 11/35/9 15/36/9
f 9/37/10 13/38/10 16/39/10
f 9/37/10 16/39/10 12/40/10
f 12/41/11 16/42/11 15/43/11
f 12/41/11 15/43/11 11/44/11
f 9/45/12 10/46/12 14/47/12
f 9/45/12 14/47/12 13/48/12
f 18/49/13 17/50/13 20/51/13
f 18/49/13 20/51/13 19/52/13
f 21/53/14 22/54/14 23/55/14
f 21/53/14 23/55/14 24/56/14
f 22/57/15 18/58/15 19/59/15
f 22/57/15 19/59/15 23/60/15
f 17/61/16 21/62/16 24/63/16
f 17/61/16 24/63/16 20/64/16
f 20/65/17 24/66/17 23/67/17
f 20/65/17 23/67/17 19/68/17
f 17/69/18 18/70/18 22/71/18
f 17/69/18 22/71/18 21/72/18
f 26/73/19 25/74/19 28/75/19
f 26/73/19 28/75/19 27/76/19
f 29/77/20 30/78/20 31/79/20
f 29/77/20 31/79/20 32/80/20
f 30/81/21 26/82/21 27/83/21
f 30/81/21 27/83/21 31/84/21
f 25/85/22 29/86/22 32/87/22
f 25/85/22 32/87/22 28/88/22
f 28/89/23 32/90/23 31/91/23
f 28/89/23 31/91/23 27/92/23
f 25/93/24 26/94/24 30/95/24
f 25/93/24 30/95/24 29/96/24
f 34/97/25 33/98/25 36/99/25
f 34/97/25 36/99/25 35/100/25
f 37/101/26 38/102/26 39/103/26
f 37/101/26 39/103/26 40/104/26
f 38/105/27 34/106/27 35/107/27
f 38/105/27 35/107/27 39/108/27
f 33/109/28 37/110/28 40/111/28
f 33/109/28 40/111/28 36/112/28
f 36/113/29 40/114/29 39/115/29
f 36/113/29 39/115/29 35/116/29
f 33/117/30 34/118/30 38/119/30
f 33/117/30 38/119/30 37/120/30
f 42/121/31 41/122/31 44/123/31
f 42/121/31 44/123/31 43/124/31
f 45/125/32 46/126/32 47/127/32
f 45/125/32 47/127/32 48/128/32
f 46/129/33 42/130/33 43/131/33
f 46/129/33 43/131/33 47/132/33
f 41/133/34 45/134/34 48/135/34
f 41/133/34 48/135/34 44/136/34
f 44/137/35 48/138/35 47/139/35
f 44/137/35 47/139/35 43/140/35
f 41/141/36 42/142/36 46/143/36
f 41/141/36 46/143/36 45/144/36
f 50/145/37 49/146/37 52/147/37
f 50/145/37 52/147/37 51/148/37
f 53/149/38 54/150/38 55/151/38
f 53/149/38 55/151/38 56/152/38
f 54/153/39 50/154/39 51/155/39
f 54/153/39 51/155/39 55/156/39
f 49/157/40 53/158/40 56/159/40
f 49/157/40 56/159/40 52/160/40
f 52/161/41 56/162/41 55/163/41
f 52/161/41 55/163/41 51/164/41
f 49/165/42 50/166/42 54/167/42
f 49/165/42 54/167/42 53/168/42
f 58/169/43 57/170/43 60/171/43
f 58/169/43 60/171/43 59/172/43
f 61/173/44 62/174/44 63/175/44
f 61/173/44 63/175/44 64/176/44
f 62/177/45 58/178/45 59/179/45
f 62/177/45 59/179/45 63/180/45
f 57/181/46 61/182/46 64/183/46
f 57/181/46 64/183/46 60/184/46
f 60/185/47 64/186/47 63/187/47
f 60/185/47 63/187/47 59/188/47
f 57/189/48 58/190/48 62/191/48
f 57/189/48 62/191/48 61/192/48
f 66/193/49 65/194/49 68/195/49
f 66/193/49 68/195/49 67/196/49
f 69/197/50 70/198/50 71/199/50
f 69/197/50 71/199/50 72/200/50
f 70/201/51 66/202/51 67/203/51
f 70/201/51 67/203/51 71/204/51
f 65/205/52 69/206/52 72/207/52
f 65/205/52 72/207/52 68/208/52
f 68/209/53 72/210/53 71/211/53
f 68/209/53 71/211/53 67/212/53
f 65/213/54 66/214/54 70/215/54
f 65/213/54 70/215/54 69/216/54
f 74/217/55 73/218/55 76/219/55
f 74/217/55 76/219/55 75/220/55
f 77/221/56 78/222/56 79/223/56
f 77/221/56 79/223/56 80/224/56
f 78/225/57 74/226/57 75/227/57
f 78/225/57 75/227/57 79/228/57
f 73/229/58 77/230/58 80/231/58
f 73/229/58 80/231/58 76/232/58
f 76/233/59 80/234/59 79/235/59
f 76/233/59 79/235/59 75/236/59
f 73/237/60 74/238/60 78/239/60
f 73/237/60 78/239/60 77/240/60
f 82/241/61 81/242/61 84/243/61
f 82/241/61 84/243/61 83/244/61
f 85/245/62 86/246/62 87/247/62
f 85/245/62 87/247/62 88/248/62
f 86/249/63 82/250/63 83/251/63
f 86/249/63 83/251/63 87/252/63
f 81/253/64 85/254/64 88/255/64
f 81/253/64 88/255/64 84/256/64
f 84/257/65 88/258/65 87/259/65
f 84/257/65 87/259/65 83/260/65
f 81/261/66 82/262/66 86/263/66
f 81/261/66 86/263/66 85/264/66
f 90/265/67 89/266/67 92/267/67
f 90/265/67 92/267/67 91/268/67
f 93/269/68 94/270/68 95/271/68
f 93/269/68 95/271/68 96/272/68
f 94/273/69 90/274/69 91/275/69
f 94/273/69 91/275/69 95/276/69
f 89/277/70 93/278/70 96/279/70
f 89/277/70 96/279/70 92/280/70
f 92/281/71 96/282/71 95/283/71
f 92/281/71 95/283/71 91/284/71
f 89/285/72 90/286/72 94/287/72
f 89/285/72 94/287/72 93/288/72
f 98/289/73 97/290/73 100/291/73
f 98/289/73 100/291/73 99/292/73
f 101/293/74 102/294/74 103/295/74
f 101/293/74 103/295/74 104/296/74
f 102/297/75 98/298/75 99/299/75
f 102/297/75 99/299/75 103/300/75
f 97/301/76 101/302/76 104/303/76
f 97/301/76 104/303/76 100/304/76
f 100/305/77 104/306/77 103/307/77
f 100/305/77 103/307/77 99/308/77
f 97/309/78 98/310/78 102/311/78
f 97/309/78 102/311/78 101/312/78
f 106/313/79 105/314/79 108/315/79
f 106/313/79 108/315/79 107/316/79
f 109/317/80 110/318/80 111/319/80
f 109/317/80 111/319/80 112/320/80
f 110/321/81 106/322/81 107/323/81
f 110/321/81 107/323/81 111/324/81
f 105/325/82 109/326/82 112/327/82
f 105/325/82 112/327/82 108/328/82
f 108/329/83 112/330/83 111/331/83
f 108/329/83 111/331/83 107/332/83
f 105/333/84 106/334/84 110/335/84
f 105/333/84 110/335/84 109/336/84
f 114/337/85 113/338/85 116/339/85
f 114/337/85 116/339/85 115/340/85
f 117/341/86 118/342/86 119/343/86
f 117/341/86 119/343/86 120/344/86
f 118/345/87 114/346/87 115/347/87
f 118/345/87 115/347/87 119/348/87
f 113/349/88 117/350/88 120/351/88
f 113/349/88 120/351/88 116/352/88
f 116/353/89 120/354/89 119/355/89
f 116/353/89 119/355/89 115/356/89
f 113/357/90 114/358/90 118/359/90
f 113/357/90 118/359/90 117/360/90
f 122/361/91 121/362/91 124/363/91
f 122/361/91 124/363/91 123/364/91
f 125/365/92 126/366/92 127/367/92
f 125/365/92 127/367/92 128/368/92
f 126/369/93 122/370/93 123/371/93
f 126/369/93 123/371/93 127/372/93
f 121/373/94 125/374/94 128/375/94
f 121/373/94 128/375/94 124/376/94
f 124/377/95 128/378/95 127/379/95
f 124/377/95 127/379/95 123/380/95
f 121/381/96 122/382/96 126/383/96
f 121/381/96 126/383/96 125/384/96
f 130/385/97 129/386/97 132/387/97
f 130/385/97 132/387/97 131/388/97
f 133/389/98 134/390/98 135/391/98
f 133/389/98 135/391/98 136/392/98
f 134/393/99 130/394/99 131/395/99
f 134/393/99 131/395/99 135/396/99
f 129/397/100 133/398/100 136/399/100
f 129/397/100 136/399/100 132/400/100
f 132/401/101 136/402/101 135/403/101
f 132/401/101 135/403/101 131/404/101
f 129/405/102 130/406/102 134/407/102
f 129/405/102 134/407/102 133/408/102
f 138/409/103 137/410/103 140/411/103
f 138/409/103 140/411/103 139/412/103
f 141/413/104 142/414/104 143/415/104
f 141/413/104 143/415/104 144/416/104
f 142/417/105 138/418/105 139/419/105
f 142/417/105 139/419/105 143/420/105
f 137/421/106 141/422/106 144/423/106
f 137/421/106 144/423/106 140/424/106
f 140/425/107 144/426/107 143/427/107
f 140/425/107 143/427/107 139/428/107
f 137/429/108 138/430/108 142/431/108
f 137/429/108 142/431/108 141/432/108
f 146/433/109 145/434/109 148/435/109
f 146/433/109 148/435/109 147/436/109
f 149/437/110 150/438/110 151/439/110
f 149/437/110 151/439/110 152/440/110
f 150/441/111 146/442/111 147/443/111
f 150/441/111 147/443/111 151/444/111
f 145/445/112 149/446/112 152/447/112
f 145/445/112 152/447/112 148/448/112
f 148/449/113 152/450/113 151/451/113
f 148/449/113 151/451/113 147/452/113
f 145/453/114 146/454/114 150/455/114
f 145/453/114 150/455/114 149/456/114
f 154/457/115 153/458/115 156/459/115
f 154/457/115 156/459/115 155/460/115
f 157/461/116 158/462/116 159/463/116
f 157/461/116 159/463/116 160/464/116
f 158/465/117 154/466/117 155/467/117
f 158/465/117 155/467/117 159/468/117
f 153/469/118 157/470/118 160/471/118
f 153/469/118 160/471/118 156/472/118
f 156/473/119 160/474/119 159/475/119
f 156/473/119 159/475/119 155/476/119
f 153/477/120 154/478/120 158/479/120
f 153/477/120 158/479/120 157/480/120
f 162/481/121 161/482/121 164/483/121
f 162/481/121 164/483/121 163/484/121
f 165/485/122 166/486/122 167/487/122
f 165/485/122 167/487/122 168/488/122
f 166/489/123 162/490/123 163/491/123
f 166/489/123 163/491/123 167/492/123
f 161/493/124 165/494/124 168/495/124
f 161/493/124 168/495/124 164/496/124
f 164/497/125 168/498/125 167/499/125
f 164/497/125 167/499/125 163/500/125
f 161/501/126 162/502/126 166/503/126
f 161/501/126 166/503/126 165/504/126
f 170/505/127 169/506/127 172/507/127
f 170/505/127 172/507/127 171/508/127
f 173/509/128 174/510/128 175/511/128
f 173/509/128 175/511/128 176/512/128
f 174/513/129 170/514/129 171/515/129
f 174/513/129 171/515/129 175/516/129
f 169/517/130 173/518/130 176/519/130
f 169/517/130 176/519/130 172/520/130
f 172/521/131 176/522/131 175/523/131
f 172/521/131 175/523/131 171/524/131
f 169/525/132 170/526/132 174/527/132
f 169/525/132 174/527/132 173/528/132
f 178/529/133 177/530/133 180/531/133
f 178/529/133 180/531/133 179/532/133
f 181/533/134 182/534/134 183/535/134
f 181/533/134 183/535/134 184/536/134
f 182/537/135 178/538/135 179/539/135
f 182/537/135 179/539/135 183/540/135
f 177/541/136 181/542/136 184/543/136
f 177/541/136 184/543/136 180/544/136
f 180/545/137 184/546/137 183/547/137
f 180/545/137 183/547/137 179/548/137
f 177/549/138 178/550/138 182/551/138
f 177/549/138 182/551/138 181/552/138
f 186/553/139 185/554/139 188/555/139
f 186/553/139 188/555/139 187/556/139
f 189/557/140 190/558/140 191/559/140
f 189/557/140 191/559/140 192/560/140
f 190/561/141 186/562/141 187/563/141
f 190/561/141 187/563/141 191/564/141
f 185/565/142 189/566/142 192/567/142
f 185/565/142 192/567/142 188/568/142
f 188/569/143 192/570/143 191/571/143
f 188/569/143 191/571/143 187/572/143
f 185/573/144 186/574/144 190/575/144
f 185/573/144 190/575/144 189/576/144
f 194/577/145 193/578/145 196/579/145
f 194/577/145 196/579/145 195/580/145
f 197/581/146 198/582/146 199/583/146
f 197/581/146 199/583/146 200/584/146
f 198/585/147 194/586/147 195/587/147
f 198/585/147 195/587/147 199/588/147
f 193/589/148 197/590/148 200/591/148
f 193/589/148 200/591/148 196/592/148
f 196/593/149 200/594/149 199/595/149
f 196/593/149 199/595/149 195/596/149
f 193/597/150 194/598/150 198/599/150
f 193/597/150 198/599/150 197/600/150
f 202/601/151 201/602/151 204/603/151
f 202/601/151 204/603/151 203/604/151
f 205/605/152 206/606/152 207/607/152
f 205/605/152 207/607/152 208/608/152
f 206/609/153 202/610/153 203/611/153
f 206/609/153 203/611/153 207/612/153
f 201/613/154 205/614/154 208/615/154
f 201/613/154 208/615/154 204/616/154
f 204/617/155 208/618/155 207/619/155
f 204/617/155 207/619/155 203/620/155
f 201/621/156 202/622/156 206/623/156
f 201/621/156 206/623/156 205/624/156
f 210/625/157 209/626/157 212/627/157
f 210/625/157 212/627/157 211/628/157
f 213/629/158 214/630/158 215/631/158
f 213/629/158 215/631/158 216/632/158
f 214/633/159 210/634/159 211/635/159
f 214/633/159 211/635/159 215/636/159
f 209/637/160 213/638/160 216/639/160
f 209/637/160 216/639/160 212/640/160
f 212/641/161 216/642/161 215/643/161
f 212/641/161 215/643/161 211/644/161
f 209/645/162 210/646/162 214/647/162
f 209/645/162 214/647/162 213/648/162
f 218/649/163 217/650/163 220/651/163
f 218/649/163 220/651/163 219/652/163
f 221/653/164 222/654/164 223/655/164
f 221/653/164 223/655/164 224/656/164
f 222/657/165 218/658/165 219/659/165
f 222/657/165 219/659/165 223/660/165
f 217/661/166 221/662/166 224/663/166
f 217/661/166 224/663/166 220/664/166
f 220/665/167 224/666/167 223/667/167
f 220/665/167 223/667/167 219/668/167
f 217/669/168 218/670/168 222/671/168
f 217/669/168 222/671/168 221/672/168
f 226/673/169 225/674/169 228/675/169
f 226/673/169 228/675/169 227/676/169
f 229/677/170 230/678/170 231/679/170
f 229/677/170 231/679/170 232/680/170
f 230/681/171 226/682/171 227/683/171
f 230/681/171 227/683/171 231/684/171
f 225/685/172 229/686/172 232/687/172
f 225/685/172 232/687/172 228/688/172
f 228/689/173 232/690/173 231/691/173
f 228/689/173 231/691/173 227/692/173
f 225/693/174 226/694/174 230/695/174
f 225/693/174 230/695/174 229/696/174
f 234/697/175 233/698/175 236/699/175
f 234/697/175 236/699/175 235/700/175
f 237/701/176 238/702/176 239/703/176
f 237/701/176 239/703/176 240/704/176
f 238/705/177 234/706/177 235/707/177
f 238/705/177 235/707/177 239/708/177
f 233/709/178 237/710/178 240/711/178
f 233/709/178 240/711/178 236/712/178
f 236/713/179 240/714/179 239/715/179
f 236/713/179 239/715/179 235/716/179
f 233/717/180 234/718/180 238/719/180
f 233/717/180 238/719/180 237/720/180
f 242/721/181 241/722/181 244/723/181
f 242/721/181 244/723/181 243/724/181
f 245/725/182 246/726/182 247/727/182
f 245/725/182 247/727/182 248/728/182
f 246/729/183 242/730/183 243/731/183
f 246/729/183 243/731/183 247/732/183
f 241/733/184 245/734/184 248/735/184
f 241/733/184 248/735/184 244/736/184
f 244/737/185 248/738/185 247/739/185
f 244/737/185 247/739/185 243/740/185
f 241/741/186 242/742/186 246/743/186
f 241/741/186 246/743/186 245/744/186
f 250/745/187 249/746/187 252/747/187
f 250/745/187 252/747/187 251/748/187
f 253/749/188 254/750/188 255/751/188
f 253/749/188 255/751/188 256/752/188
f 254/753/189 250/754/189 251/755/189
f 254/753/189 251/755/189 255/756/189
f 249/757/190 253/758/190 256/759/190
f 249/757/190 256/759/190 252/760/190
f 252/761/191 256/762/191 255/763/191
f 252/761/191 255/763/191 251/764/191
f 249/765/192 250/766/192 254/767/192
f 249/765/192 254/767/192 253/768/192
f 258/769/193 257/770/193 260/771/193
f 258/769/193 260/771/193 259/772/193
f 261/773/194 262/774/194 263/775/194
f 261/773/194 263/775/194 264/776/194
f 262/777/195 258/778/195 259/779/195
f 262/777/195 259/779/195 263/780/195
f 257/781/196 261/782/196 264/783/196
f 257/781/196 264/783/196 260/784/196
f 260/785/197 264/786/197 263/787/197
f 260/785/197 263/787/197 259/788/197
f 257/789/198 258/790/198 262/791/198
f 257/789/198 262/791/198 261/792/198
f 266/793/199 265/794/199 268/795/199
f 266/793/199 268/795/199 267/796/199
f 269/797/200 270/798/200 271/799/200
f 269/797/200 271/799/200 272/800/200
f 270/801/201 266/802/201 267/803/201
f 270/801/201 267/803/201 271/804/201
f 265/805/202 269/806/202 272/807/202
f 265/805/202 272/807/202 268/808/202
f 268/809/203 272/810/203 271/811/203
f 268/809/203 271/811/203 267/812/203
f 265/813/204 266/814/204 270/815/204
f 265/813/204 270/815/204 269/816/204
f 274/817/205 273/818/205 276/819/205
f 274/817/205 276/819/205 275/820/205
f 277/821/206 278/822/206 279/823/206
f 277/821/206 279/823/206 280/824/206
f 278/825/207 274/826/207 275/827/207
f 278/825/207 275/827/207 279/828/207
f 273/829/208 277/830/208 280/831/208
f 273/829/208 280/831/208 276/832/208
f 276/833/209 280/834/209 279/835/209
f 276/833/209 279/835/209 275/836/209
f 273/837/210 274/838/210 278/839/210
f 273/837/210 278/839/210 277/840/210
f 282/841/211 281/842/211 284/843/211
f 282/841/211 284/843/211 283/844/211
f 285/845/212 286/846/212 287/847/212
f 285/845/212 287/847/212 288/848/212
f 286/849/213 282/850/213 283/851/213
f 286/849/213 283/851/213 287/852/213
f 281/853/214 285/854/214 288/855/214
f 281/853/214 288/855/214 284/856/214
f 284/857/215 288/858/215 287/859/215
f 284/857/215 287/859/215 283/860/215
f 281/861/216 282/862/216 286/863/216
f 281/861/216 286/863/216 285/864/216
f 290/865/217 289/866/217 292/867/217
f 290/865/217 292/867/217 291/868/217
f 293/869/218 294/870/218 295/871/218
f 293/869/218 295/871/218 296/872/218
f 294/873/219 290/874/219 291/875/219
f 294/873/219 291/875/219 295/876/219
f 289/877/220 293/878/220 296/879/220
f 289/877/220 296/879/220 292/880/220
f 292/881/221 296/882/221 295/883/221
f 292/881/221 295/883/221 291/884/221
f 289/885/222 290/886/222 294/887/222
f 289/885/222 294/887/222 293/888/222
f 298/889/223 297/890/223 300/891/223
f 298/889/223 300/891/223 299/892/223
f 301/893/224 302/894/224 303/895/224
f 301/893/224 303/895/224 304/896/224
f 302/897/225 298/898/225 299/899/225
f 302/897/225 299/899/225 303/900/225
f 297/901/226 301/902/226 304/903/226
f 297/901/226 304/903/226 300/904/226
f 300/905/227 304/906/227 303/907/227
f 300/905/227 303/907/227 299/908/227
f 297/909/228 298/910/228 302/911/228
f 297/909/228 302/911/228 301/912/228
f 306/913/229 305/914/229 308/915/229
f 306/913/229 308/915/229 307/916/229
f 309/917/230 310/918/230 311/919/230
f 309/917/230 311/919/230 312/920/230
f 310/921/231 306/922/231 307/923/231
f 310/921/231 307/923/231 311/924/231
f 305/925/232 309/926/232 312/927/232
f 305/925/232 312/927/232 308/928/232
f 308/929/233 312/930/233 311/931/233
f 308/929/233 311/931/233 307/932/233
f 305/933/234 306/934/234 310/935/234
f 305/933/234 310/935/234 309/936/234
f 314/937/235 313/938/235 316/939/235
f 314/937/235 316/939/235 315/940/235
f 317/941/236 318/942/236 319/943/236
f 317/941/236 319/943/236 320/944/236
f 318/945/237 314/946/237 315/947/237
f 318/945/237 315/947/237 319/948/237
f 313/949/238 317/950/238 320/951/238
f 313/949/238 320/951/238 316/952/238
f 316/953/239 320/954/239 319/955/239
f 316/953/239 319/955/239 315/956/239
f 313/957/240 314/958/240 318/959/240
f 313/957/240 318/959/240 317/960/240
f 322/961/241 321/962/241 324/963/241
f 322/961/241 324/963/241 323/964/241
f 325/965/242 326/966/242 327/967/242
f 325/965/242 327/967/242 328/968/242
f 326/969/243 322/970/243 323/971/243
f 326/969/243 323/971/243 327/972/243
f 321/973/244 325/974/244 328/975/244
f 321/973/244 328/975/244 324/976/244
f 324/977/245 328/978/245 327/979/245
f 324/977/245 327/979/245 323/980/245
f 321/981/246 322/982/246 326/983/246
f 321/981/246 326/983/246 325/984/246
f 330/985/247 329/986/247 332/987/247
f 330/985/247 332/987/247 331/988/247
f 333/989/248 334/990/248 335/991/248
f 333/989/248 335/991/248 336/992/248
f 334/993/249 330/994/249 331/995/249
f 334/993/249 331/995/249 335/996/249
f 329/997/250 333/998/250 336/999/250
f 329/997/250 336/999/250 332/1000/250
f 332/1001/251 336/1002/251 335/1003/251
f 332/1001/251 335/1003/251 331/1004/251
f 329/1005/252 330/1006/252 334/1007/252
f 329/1005/252 334/1007/252 333/1008/252
f 338/1009/253 337/1010/253 340/1011/253
f 338/1009/253 340/1011/253 339/1012/253
f 341/1013/254 342/1014/254 343/1015/254
f 341/1013/254 343/1015/254 344/1016/254
f 342/1017/255 338/1018/255 339/1019/255
f 342/1017/255 339/1019/255 343/1020/255
f 337/1021/256 341/1022/256 344/1023/256
f 337/1021/256 344/1023/256 340/1024/256
f 340/1025/257 344/1026/257 343/1027/257
f 340/1025/257 343/1027/257 339/1028/257
f 337/1029/258 338/1030/258 342/1031/258
f 337/1029/258 342/1031/258 341/1032/258
f 346/1033/259 345/1034/259 348/1035/259
f 346/1033/259 348/1035/259 347/1036/259
f 349/1037/260 350/1038/260 351/1039/260
f 349/1037/260 351/1039/260 352/1040/260
f 350/1041/261 346/1042/261 347/1043/261
f 350/1041/261 347/1043/261 351/1044/261
f 345/1045/262 349/1046/262 352/1047/262
f 345/1045/262 352/1047/262 348/1048/262
f 348/1049/263 352/1050/263 351/1051/263
f 348/1049/263 351/1051/263 347/1052/263
f 345/1053/264 346/1054/264 350/1055/264
f 345/1053/264 350/1055/264 349/1056/264
f 354/1057/265 353/1058/265 356/1059/265
f 354/1057/265 356/1059/265 355/1060/265
f 357/1061/266 358/1062/266 359/1063/266
f 357/1061/266 359/1063/266 360/1064/266
f 358/1065/267 354/1066/267 355/1067/267
f 358/1065/267 355/1067/267 359/1068/267
f 353/1069/268 357/1070/268 360/1071/268
f 353/1069/268 360/1071/268 356/1072/268
f 356/1073/269 360/1074/269 359/1075/269
f 356/1073/269 359/1075/269 355/1076/269
f 353/1077/270 354/1078/270 358/1079/270
f 353/1077/270 358/1079/270 357/1080/270
f 362/1081/271 361/1082/271 364/1083/271
f 362/1081/271 364/1083/271 363/1084/271
f 365/1085/272 366/1086/272 367/1087/272
f 365/1085/272 367/1087/272 368/1088/272
f 366/1089/273 362/1090/273 363/1091/273
f 366/1089/273 363/1091/273 367/1092/273
f 361/1093/274 365/1094/274 368/1095/274
f 361/1093/274 368/1095/274 364/1096/274
f 364/1097/275 368/1098/275 367/1099/275
f 364/1097/275 367/1099/275 363/1100/275
f 361/1101/276 362/1102/276 366/1103/276
f 361/1101/276 366/1103/276 365/1104/276
f 370/1105/277 369/1106/277 372/1107/277
f 370/1105/277 372/1107/277 371/1108/277
f 373/1109/278 374/1110/278 375/1111/278
f 373/1109/278 375/1111/278 376/1112/278
f 374/1113/279 370/1114/279 371/1115/279
f 374/1113/279 371/1115/279 375/1116/279
f 369/1117/280 373/1118/280 376/1119/280
f 369/1117/280 376/1119/280 372/1120/280
f 372/1121/281 376/1122/281 375/1123/281
f 372/1121/281 375/1123/281 371/1124/281
f 369/1125/282 370/1126/282 374/1127/282
f 369/1125/282 374/1127/282 373/1128/282
f 378/1129/283 377/1130/283 380/1131/283
f 378/1129/283 380/1131/283 379/1132/283
f 381/1133/284 382/1134/284 383/1135/284
f 381/1133/284 383/1135/284 384/1136/284
f 382/1137/285 378/1138/285 379/1139/285
f 382/1137/285 379/1139/285 383/1140/285
f 377/1141/286 381/1142/286 384/1143/286
f 377/1141/286 384/1143/286 380/1144/286
f 380/1145/287 384/1146/287 383/1147/287
f 380/1145/287 383/1147/287 379/1148/287
f 377/1149/288 378/1150/288 382/1151/288
f 377/1149/288 382/1151/288 381/1152/288
f 386/1153/289 385/1154/289 388/1155/289
f 386/1153/289 388/1155/289 387/1156/289
f 389/1157/290 390/1158/290 391/1159/290
f 389/1157/290 391/1159/290 392/1160/290
f 390/1161/291 386/1162/291 387/1163/291
f 390/1161/291 387/1163/291 391/1164/291
f 385/1165/292 389/1166/292 392/1167/292
f 385/1165/292 392/1167/292 388/1168/292
f 388/1169/293 392/1170/293 391/1171/293
f 388/1169/293 391/1171/293 387/1172/293
f 385/1173/294 386/1174/294 390/1175/294
f 385/1173/294 390/1175/294 389/1176/294
f 394/1177/295 393/1178/295 396/1179/295
f 394/1177/295 396/1179/295 395/1180/295
f 397/1181/296 398/1182/296 399/1183/296
f 397/1181/296 399/1183/296 400/1184/296
f 398/1185/297 394/1186/297 395/1187/297
f 398/1185/297 395/1187/297 399/1188/297
f 393/1189/298 397/1190/298 400/1191/298
f 393/1189/298 400/1191/298 396/1192/298
f 396/1193/299 400/1194/299 399/1195/299
f 396/1193/299 399/1195/299 395/1196/299
f 393/1197/300 394/1198/300 398/1199/300
f 393/1197/300 398/1199/300 397/1200/300
f 402/1201/301 401/1202/301 404/1203/301
f 402/1201/301 404/1203/301 403/1204/301
f 405/1205/302 406/1206/302 407/1207/302
f 405/1205/302 407/1207/302 408/1208/302
f 406/1209/303 402/1210/303 403/1211/303
f 406/1209/303 403/1211/303 407/1212/303
f 401/1213/304 405/1214/304 408/1215/304
f 401/1213/304 408/1215/304 404/1216/304
f 404/1217/305 408/1218/305 407/1219/305
f 404/1217/305 407/1219/305 403/1220/305
f 401/1221/306 402/1222/306 406/1223/306
f 401/1221/306 406/1223/306 405/1224/306
f 410/1225/307 409/1226/307 412/1227/307
f 410/1225/307 412/1227/307 411/1228/307
f 413/1229/308 414/1230/308 415/1231/308
f 413/1229/308 415/1231/308 416/1232/308
f 414/1233/309 410/1234/309 411/1235/309
f 414/1233/309 411/1235/309 415/1236/309
f 409/1237/310 413/1238/310 416/1239/310
f 409/1237/310 416/1239/310 412/1240/310
f 412/1241/311 416/1242/311 415/1243/311
f 412/1241/311 415/1243/311 411/1244/311
f 409/1245/312 410/1246/312 414/1247/312
f 409/1245/312 414/1247/312 413/1248/312
f 418/1249/313 417/1250/313 420/1251/313
f 418/1249/313 420/1251/313 419/1252/313
f 421/1253/314 422/1254/314 423/1255/314
f 421/1253/314 423/1255/314 424/1256/314
f 422/1257/315 418/1258/315 419/1259/315
f 422/1257/315 419/1259/315 423/1260/315
f 417/1261/316 421/1262/316 424/1263/316
f 417/1261/316 424/1263/316 420/1264/316
f 420/1265/317 424/1266/317 423/1267/317
f 420/1265/317 423/1267/317 419/1268/317
f 417/1269/318 418/1270/318 422/1271/318
f 417/1269/318 422/1271/318 421/1272/318
f 426/1273/319 425/1274/319 428/1275/319
f 426/1273/319 428/1275/319 427/1276/319
f 429/1277/320 430/1278/320 431/1279/320
f 429/1277/320 431/1279/320 432/1280/320
f 430/1281/321 426/1282/321 427/1283/321
f 430/1281/321 427/1283/321 431/1284/321
f 425/1285/322 429/1286/322 432/1287/322
f 425/1285/322 432/1287/322 428/1288/322
f 428/1289/323 432/1290/323 431/1291/323
f 428/1289/323 431/1291/323 427/1292/323
f 425/1293/324 426/1294/324 430/1295/324
f 425/1293/324 430/1295/324 429/1296/324
f 434/1297/325 433/1298/325 436/1299/325
f 434/1297/325 436/1299/325 435/1300/325
f 437/1301/326 438/1302/326 439/1303/326
f 437/1301/326 439/1303/326 440/1304/326
f 438/1305/327 434/1306/327 435/1307/327
f 438/1305/327 435/1307/327 439/1308/327
f 433/1309/328 437/1310/328 440/1311/328
f 433/1309/328 440/1311/328 436/1312/328
f 436/1313/329 440/1314/329 439/1315/329
f 436/1313/329 439/1315/329 435/1316/329
f 433/1317/330 434/1318/330 438/1319/330
f 433/1317/330 438/1319/330 437/1320/330
f 442/1321/331 441/1322/331 444/1323/331
f 442/1321/331 444/1323/331 443/1324/331
f 445/1325/332 446/1326/332 447/1327/332
f 445/1325/332 447/1327/332 448/1328/332
f 446/1329/333 442/1330/333 443/1331/333
f 446/1329/333 443/1331/333 447/1332/333
f 441/1333/334 445/1334/334 448/1335/334
f 441/1333/334 448/1335/334 444/1336/334
f 444/1337/335 448/1338/335 447/1339/335
f 444/1337/335 447/1339/335 443/1340/335
f 441/1341/336 442/1342/336 446/1343/336
f 441/1341/336 446/1343/336 445/1344/336
f 450/1345/337 449/1346/337 452/1347/337
f 450/1345/337 452/1347/337 451/1348/337
f 453/1349/338 454/1350/338 455/1351/338
f 453/1349/338 455/1351/338 456/1352/338
f 454/1353/339 450/1354/339 451/1355/339
f 454/1353/339 451/1355/339 455/1356/339
f 449/1357/340 453/1358/340 456/1359/340
f 449/1357/340 456/1359/340 452/1360/340
f 452/1361/341 456/1362/341 455/1363/341
f 452/1361/341 455/1363/341 451/1364/341
f 449/1365/342 450/1366/342 454/1367/342
f 449/1365/342 454/1367/342 453/1368/342
f 458/1369/343 457/1370/343 460/1371/343
f 458/1369/343 460/1371/343 459/1372/343
f 461/1373/344 462/1374/344 463/1375/344
f 461/1373/344 463/1375/344 464/1376/344
f 462/1377/345 458/1378/345 459/1379/345
f 462/1377/345 459/1379/345 463/1380/345
f 457/1381/346 461/1382/346 464/1383/346
f 457/1381/346 464/1383/346 460/1384/346
f 460/1385/347 464/1386/347 463/1387/347
f 460/1385/347 463/1387/347 459/1388/347
f 457/1389/348 458/1390/348 462/1391/348
f 457/1389/348 462/1391/348 461/1392/348
f 466/1393/349 465/1394/349 468/1395/349
f 466/1393/349 468/1395/349 467/1396/349
f 469/1397/350 470/1398/350 471/1399/350
f 469/1397/350 471/1399/350 472/1400/350
f 470/1401/351 466/1402/351 467/1403/351
f 470/1401/351 467/1403/351 471/1404/351
f 465/1405/352 469/1406/352 472/1407/352
f 465/1405/352 472/1407/352 468/1408/352
f 468/1409/353 472/1410/353 471/1411/353
f 468/1409/353 471/1411/353 467/1412/353
f 465/1413/354 466/1414/354 470/1415/354
f 465/1413/354 470/1415/354 469/1416/354
f 474/1417/355 473/1418/355 476/1419/355
f 474/1417/355 476/1419/355 475/1420/355
f 477/1421/356 478/1422/356 479/1423/356
f 477/1421/356 479/1423/356 480/1424/356
f 478/1425/357 474/1426/357 475/1427/357
f 478/1425/357 475/1427/357 479/1428/357
f 473/1429/358 477/1430/358 480/1431/358
f 473/1429/358 480/1431/358 476/1432/358
f 476/1433/359 480/1434/359 479/1435/359
f 476/1433/359 479/1435/359 475/1436/359
f 473/1437/360 474/1438/360 478/1439/360
f 473/1437/360 478/1439/360 477/1440/360
f 482/1441/361 481/1442/361 484/1443/361
f 482/1441/361 484/1443/361 483/1444/361
f 485/1445/362 486/1446/362 487/1447/362
f 485/1445/362 487/1447/362 488/1448/362
f 486/1449/363 482/1450/363 483/1451/363
f 486/1449/363 483/1451/363 487/1452/363
f 481/1453/364 485/1454/364 488/1455/364
f 481/1453/364 488/1455/364 484/1456/364
f 484/1457/365 488/1458/365 487/1459/365
f 484/1457/365 487/1459/365 483/1460/365
f 481/1461/366 482/1462/366 486/1463/366
f 481/1461/366 486/1463/366 485/1464/366
f 490/1465/367 489/1466/367 492/1467/367
f 490/1465/367 492/1467/367 491/1468/367
f 493/1469/368 494/1470/368 495/1471/368
f 493/1469/368 495/1471/368 496/1472/368
f 494/1473/369 490/1474/369 491/1475/369
f 494/1473/369 491/1475/369 495/1476/369
f 489/1477/370 493/1478/370 496/1479/370
f 489/1477/370 496/1479/370 492/1480/370
f 492/1481/371 496/1482/371 495/1483/371
f 492/1481/371 495/1483/371 491/1484/371
f 489/1485/372 490/1486/372 494/1487/372
f 489/1485/372 494/1487/372 493/1488/372
f 498/1489/373 497/1490/373 500/1491/373
f 498/1489/373 500/1491/373 499/1492/373
f 501/1493/374 502/1494/374 503/1495/374
f 501/1493/374 503/1495/374 504/1496/374
f 502/1497/375 498/1498/375 499/1499/375
f 502/1497/375 499/1499/375 503/1500/375
f 497/1501/376 501/1502/376 504/1503/376
f 497/1501/376 504/1503/376 500/1504/376
f 500/1505/377 504/1506/377 503/1507/377
f 500/1505/377 503/1507/377 499/1508/377
f 497/1509/378 498/1510/378 502/1511/378
f 497/1509/378 502/1511/378 501/1512/378
f 506/1513/379 505/1514/379 508/1515/379
f 506/1513/379 508/1515/379 507/1516/379
f 509/1517/380 510/1518/380 511/1519/380
f 509/1517/380 511/1519/380 512/1520/380
f 510/1521/381 506/1522/381 507/1523/381
f 510/1521/381 507/1523/381 511/1524/381
f 505/1525/382 509/1526/382 512/1527/382
f 505/1525/382 512/1527/382 508/1528/382
f 508/1529/383 512/1530/383 511/1531/383
f 508/1529/383 511/1531/383 507/1532/383
f 505/1533/384 506/1534/384 510/1535/384
f 505/1533/384 510/1535/384 509/1536/384
f 514/1537/385 513/1538/385 516/1539/385
f 514/1537/385 516/1539/385 515/1540/385
f 517/1541/386 518/1542/386 519/1543/386
f 517/1541/386 519/1543/386 520/1544/386
f 518/1545/387 514/1546/387 515/1547/387
f 518/1545/387 515/1547/387 519/1548/387
f 513/1549/388 517/1550/388 520/1551/388
f 513/1549/388 520/1551/388 516/1552/388
f 516/1553/389 520/1554/389 519/1555/389
f 516/1553/389 519/1555/389 515/1556/389
f 513/1557/390 514/1558/390 518/1559/390
f 513/1557/390 518/1559/390 517/1560/390
f 522/1561/391 521/1562/391 524/1563/391
f 522/1561/391 524/1563/391 523/1564/391
f 525/1565/392 526/1566/392 527/1567/392
f 525/1565/392 527/1567/392 528/1568/392
f 526/1569/393 522/1570/393 523/1571/393
f 526/1569/393 523/1571/393 527/1572/393
f 521/1573/394 525/1574/394 528/1575/394
f 521/1573/394 528/1575/394 524/1576/394
f 524/1577/395 528/1578/395 527/1579/395
f 524/1577/395 527/1579/395 523/1580/395
f 521/1581/396 522/1582/396 526/1583/396
f 521/1581/396 526/1583/396 525/1584/396
f 530/1585/397 529/1586/397 532/1587/397
f 530/1585/397 532/1587/397 531/1588/397
f 533/1589/398 534/1590/398 535/1591/398
f 533/1589/398 535/1591/398 536/1592/398
f 534/1593/399 530/1594/399 531/1595/399
f 534/1593/399 531/1595/399 535/1596/399
f 529/1597/400 533/1598/400 536/1599/400
f 529/1597/400 536/1599/400 532/1600/400
f 532/1601/401 536/1602/401 535/1603/401
f 532/1601/401 535/1603/401 531/1604/401
f 529/1605/402 530/1606/402 534/1607/402
f 529/1605/402 534/1607/402 533/1608/402
f 538/1609/403 537/1610/403 540/1611/403
f 538/1609/403 540/1611/403 539/1612/403
f 541/1613/404 542/1614/404 543/1615/404
f 541/1613/404 543/1615/404 544/1616/404
f 542/1617/405 538/1618/405 539/1619/405
f 542/1617/405 539/1619/405 543/1620/405
f 537/1621/406 541/1622/406 544/1623/406
f 537/1621/406 544/1623/406 540/1624/406
f 540/1625/407 544/1626/407 543/1627/407
f 540/1625/407 543/1627/407 539/1628/407
f 537/1629/408 538/1630/408 542/1631/408
f 537/1629/408 542/1631/408 541/1632/408
f 546/1633/409 545/1634/409 548/1635/409
f 546/1633/409 548/1635/409 547/1636/409
f 549/1637/410 550/1638/410 551/1639/410
f 549/1637/410 551/1639/410 552/1640/410
f 550/1641/411 546/1642/411 547/1643/411
f 550/1641/411 547/1643/411 551/1644/411
f 545/1645/412 549/1646/412 552/1647/412
f 545/1645/412 552/1647/412 548/1648/412
f 548/1649/413 552/1650/413 551/1651/413
f 548/1649/413 551/1651/413 547/1652/413
f 545/1653/414 546/1654/414 550/1655/414
f 545/1653/414 550/1655/414 549/1656/414
f 554/1657/415 553/1658/415 556/1659/415
f 554/1657/415 556/1659/415 555/1660/415
f 557/1661/416 558/1662/416 559/1663/416
f 557/1661/416 559/1663/416 560/1664/416
f 558/1665/417 554/1666/417 555/1667/417
f 558/1665/417 555/1667/417 559/1668/417
f 553/1669/418 557/1670/418 560/1671/418
f 553/1669/418 560/1671/418 556/1672/418
f 556/1673/419 560/1674/419 559/1675/419
f 556/1673/419 559/1675/419 555/1676/419
f 553/1677/420 554/1678/420 558/1679/420
f 553/1677/420 558/1679/420 557/1680/420
f 562/1681/421 561/1682/421 564/1683/421
f 562/1681/421 564/1683/421 563/1684/421
f 565/1685/422 566/1686/422 567/1687/422
f 565/1685/422 567/1687/422 568/1688/422
f 566/1689/423 562/1690/423 563/1691/423
f 566/1689/423 563/1691/423 567/1692/423
f 561/1693/424 565/1694/424 568/1695/424
f 561/1693/424 568/1695/424 564/1696/424
f 564/1697/425 568/1698/425 567/1699/425
f 564/1697/425 567/1699/425 563/1700/425
f 561/1701/426 562/1702/426 566/1703/426
f 561/1701/426 566/1703/426 565/1704/426
f 570/1705/427 569/1706/427 572/1707/427
f 570/1705/427 572/1707/427 571/1708/427
f 573/1709/428 574/1710/428 575/1711/428
f 573/1709/428 575/1711/428 576/1712/428
f 574/1713/429 570/1714/429 571/1715/429
f 574/1713/429 571/1715/429 575/1716/429
f 569/1717/430 573/1718/430 576/1719/430
f 569/1717/430 576/1719/430 572/1720/430
f 572/1721/431 576/1722/431 575/1723/431
f 572/1721/431 575/1723/431 571/1724/431
f 569/1725/432 570/1726/432 574/1727/432
f 569/1725/432 574/1727/432 573/1728/432
f 578/1729/433 577/1730/433 580/1731/433
f 578/1729/433 580/1731/433 579/1732/433
f 581/1733/434 582/1734/434 583/1735/434
f 581/1733/434 583/1735/434 584/1736/434
f 582/1737/435 578/1738/435 579/1739/435
f 582/1737/435 579/1739/435 583/1740/435
f 577/1741/436 581/1742/436 584/1743/436
f 577/1741/436 584/1743/436 580/1744/436
f 580/1745/437 584/1746/437 583/1747/437
f 580/1745/437 583/1747/437 579/1748/437
f 577/1749/438 578/1750/438 582/1751/438
f 577/1749/438 582/1751/438 581/1752/438
f 586/1753/439 585/1754/439 588/1755/439
f 586/1753/439 588/1755/439 587/1756/439
f 589/1757/440 590/1758/440 591/1759/440
f 589/1757/440 591/1759/440 592/1760/440
f 590/1761/441 586/1762/441 587/1763/441
f 590/1761/441 587/1763/441 591/1764/441
f 585/1765/442 589/1766/442 592/1767/442
f 585/1765/442 592/1767/442 588/1768/442
f 588/1769/443 592/1770/443 591/1771/443
f 588/1769/443 591/1771/443 587/1772/443
f 585/1773/444 586/1774/444 590/1775/444
f 585/1773/444 590/1775/444 589/1776/444
f 594/1777/445 593/1778/445 596/1779/445
f 594/1777/445 596/1779/445 595/1780/445
f 597/1781/446 598/1782/446 599/1783/446
f 597/1781/446 599/1783/446 600/1784/446
f 598/1785/447 594/1786/447 595/1787/447
f 598/1785/447 595/1787/447 599/1788/447
f 593/1789/448 597/1790/448 600/1791/448
f 593/1789/448 600/1791/448 596/1792/448
f 596/1793/449 600/1794/449 599/1795/449
f 596/1793/449 599/1795/449 595/1796/449
f 593/1797/450 594/1798/450 598/1799/450
f 593/1797/450 598/1799/450 597/1800/450
f 602/1801/451 601/1802/451 604/1803/451
f 602/1801/451 604/1803/451 603/1804/451
f 605/1805/452 606/1806/452 607/1807/452
f 605/1805/452 607/1807/452 608/1808/452
f 606/1809/453 602/1810/453 603/1811/453
f 606/1809/453 603/1811/453 607/1812/453
f 601/1813/454 605/1814/454 608/1815/454
f 601/1813/454 608/1815/454 604/1816/454
f 604/1817/455 608/1818/455 607/1819/455
f 604/1817/455 607/1819/455 603/1820/455
f 601/1821/456 602/1822/456 606/1823/456
f 601/1821/456 606/1823/456 605/1824/456
f 610/1825/457 609/1826/457 612/1827/457
f 610/1825/457 612/1827/457 611/1828/457
f 613/1829/458 614/1830/458 615/1831/458
f 613/1829/458 615/1831/458 616/1832/458
f 614/1833/459 610/1834/459 611/1835/459
f 614/1833/459 611/1835/459 615/1836/459
f 609/1837/460 613/1838/460 616/1839/460
f 609/1837/460 616/1839/460 612/1840/460
f 612/1841/461 616/1842/461 615/1843/461
f 612/1841/461 615/1843/461 611/1844/461
f 609/1845/462 610/1846/462 614/1847/462
f 609/1845/462 614/1847/462 613/1848/462
f 618/1849/463 617/1850/463 620/1851/463
f 618/1849/463 620/1851/463 619/1852/463
f 621/1853/464 622/1854/464 623/1855/464
f 621/1853/464 623/1855/464 624/1856/464
f 622/1857/465 618/1858/465 619/1859/465
f 622/1857/465 619/1859/465 623/1860/465
f 617/1861/466 621/1862/466 624/1863/466
f 617/1861/466 624/1863/466 620/1864/466
f 620/1865/467 624/1866/467 623/1867/467
f 620/1865/467 623/1867/467 619/1868/467
f 617/1869/468 618/1870/468 622/1871/468
f 617/1869/468 622/1871/468 621/1872/468
f 626/1873/469 625/1874/469 628/1875/469
f 626/1873/469 628/1875/469 627/1876/469
f 629/1877/470 630/1878/470 631/1879/470
f 629/1877/470 631/1879/470 632/1880/470
f 630/1881/471 626/1882/471 627/1883/471
f 630/1881/471 627/1883/471 631/1884/471
f 625/1885/472 629/1886/472 632/1887/472
f 625/1885/472 632/1887/472 628/1888/472
f 628/1889/473 632/1890/473 631/1891/473
f 628/1889/473 631/1891/473 627/1892/473
f 625/1893/474 626/1894/474 630/1895/474
f 625/1893/474 630/1895/474 629/1896/474
f 634/1897/475 633/1898/475 636/1899/475
f 634/1897/475 636/1899/475 635/1900/475
f 637/1901/476 638/1902/476 639/1903/476
f 637/1901/476 639/1903/476 640/1904/476
f 638/1905/477 634/1906/477 635/1907/477
f 638/1905/477 635/1907/477 639/1908/477
f 633/1909/478 637/1910/478 640/1911/478
f 633/1909/478 640/1911/478 636/1912/478
f 636/1913/479 640/1914/479 639/1915/479
f 636/1913/479 639/1915/479 635/1916/479
f 633/1917/480 634/1918/480 638/1919/480
f 633/1917/480 638/1919/480 637/1920/480
f 642/1921/481 641/1922/481 644/1923/481
f 642/1921/481 644/1923/481 643/1924/481
f 645/1925/482 646/1926/482 647/1927/482
f 645/1925/482 647/1927/482 648/1928/482
f 646/1929/483 642/1930/483 643/1931/483
f 646/1929/483 643/1931/483 647/1932/483
f 641/1933/484 645/1934/484 648/1935/484
f 641/1933/484 648/1935/484 644/1936/484
f 644/1937/485 648/1938/485 647/1939/485
f 644/1937/485 647/1939/485 643/1940/485
f 641/1941/486 642/1942/486 646/1943/486
f 641/1941/486 646/1943/486 645/1944/486
f 650/1945/487 649/1946/487 652/1947/487
f 650/1945/487 652/1947/487 651/1948/487
f 653/1949/488 654/1950/488 655/1951/488
f 653/1949/488 655/1951/488 656/1952/488
f 654/1953/489 650/1954/489 651/1955/489
f 654/1953/489 651/1955/489 655/1956/489
f 649/1957/490 653/1958/490 656/1959/490
f 649/1957/490 656/1959/490 652/1960/490
f 652/1961/491 656/1962/491 655/1963/491
f 652/1961/491 655/1963/491 651/1964/491
f 649/1965/492 650/1966/492 654/1967/492
f 649/1965/492 654/1967/492 653/1968/492
f 658/1969/493 657/1970/493 660/1971/493
f 658/1969/493 660/1971/493 659/1972/493
f 661/1973/494 662/1974/494 663/1975/494
f 661/1973/494 663/1975/494 664/1976/494
f 662/1977/495 658/1978/495 659/1979/495
f 662/1977/495 659/1979/495 663/1980/495
f 657/1981/496 661/1982/496 664/1983/496
f 657/1981/496 664/1983/496 660/1984/496
f 660/1985/497 664/1986/497 663/1987/497
f 660/1985/497 663/1987/497 659/1988/497
f 657/1989/498 658/1990/498 662/1991/498
f 657/1989/498 662/1991/498 661/1992/498
f 666/1993/499 665/1994/499 668/1995/499
f 666/1993/499 668/1995/499 667/1996/499
f 669/1997/500 670/1998/500 671/1999/500
f 669/1997/500 671/1999/500 672/2000/500
f 670/2001/501 666/2002/501 667/2003/501
f 670/2001/501 667/2003/501 671/2004/501
f 665/2005/502 669/2006/502 672/2007/502
f 665/2005/502 672/2007/502 668/2008/502
f 668/2009/503 672/2010/503 671/2011/503
f 668/2009/503 671/2011/503 667/2012/503
f 665/2013/504 666/2014/504 670/2015/504
f 665/2013/504 670/2015/504 669/2016/504
f 674/2017/505 673/2018/505 676/2019/505
f 674/2017/505 676/2019/505 675/2020/505
f 677/2021/506 678/2022/506 679/2023/506
f 677/2021/506 679/2023/506 680/2024/506
f 678/2025/507 674/2026/507 675/2027/507
f 678/2025/507 675/2027/507 679/2028/507
f 673/2029/508 677/2030/508 680/2031/508
f 673/2029/508 680/2031/508 676/2032/508
f 676/2033/509 680/2034/509 679/2035/509
f 676/2033/509 679/2035/509 675/2036/509
f 673/2037/510 674/2038/510 678/2039/510
f 673/2037/510 678/2039/510 677/2040/510
f 682/2041/511 681/2042/511 684/2043/511
f 682/2041/511 684/2043/511 683/2044/511
f 685/2045/512 686/2046/512 687/2047/512
f 685/2045/512 687/2047/512 688/2048/512
f 686/2049/513 682/2050/513 683/2051/513
f 686/2049/513 683/2051/513 687/2052/513
f 681/2053/514 685/2054/514 688/2055/514
f 681/2053/514 688/2055/514 684/2056/514
f 684/2057/515 688/2058/515 687/2059/515
f 684/2057/515 687/2059/515 683/2060/515
f 681/2061/516 682/2062/516 686/2063/516
f 681/2061/516 686/2063/516 685/2064/516
f 690/2065/517 689/2066/517 692/2067/517
f 690/2065/517 692/2067/517 691/2068/517
f 693/2069/518 694/2070/518 695/2071/518
f 693/2069/518 695/2071/518 696/2072/518
f 694/2073/519 690/2074/519 691/2075/519
f 694/2073/519 691/2075/519 695/2076/519
f 689/2077/520 693/2078/520 696/2079/520
f 689/2077/520 696/2079/520 692/2080/520
f 692/2081/521 696/2082/521 695/2083/521
f 692/2081/521 695/2083/521 691/2084/521
f 689/2085/522 690/2086/522 694/2087/522
f 689/2085/522 694/2087/522 693/2088/522
f 698/2089/523 697/2090/523 700/2091/523
f 698/2089/523 700/2091/523 699/2092/523
f 701/2093/524 702/2094/524 703/2095/524
f 701/2093/524 703/2095/524 704/2096/524
f 702/2097/525 698/2098/525 699/2099/525
f 702/2097/525 699/2099/525 703/2100/525
f 697/2101/526 701/2102/526 704/2103/526
f 697/2101/526 704/2103/526 700/2104/526
f 700/2105/527 704/2106/527 703/2107/527
f 700/2105/527 703/2107/527 699/2108/527
f 697/2109/528 698/2110/528 702/2111/528
f 697/2109/528 702/2111/528 701/2112/528
