# vertices shared and precision trimmed by tools/optimize_obj.py
v 0.0903 0.02717 -0.55469
v 0.0903 0.01157 -0.55469
v 0.08076 0.02717 -0.56318
v 0.08076 0.01157 -0.56318
v 0.07529 0.01157 -0.56873
v 0.07529 0.02717 -0.56873
v 0.06995 0.01157 -0.57304
v 0.06995 0.02717 -0.57304
v 0.06567 0.01157 -0.57654
v 0.06567 0.02717 -0.57654
v 0.06252 0.02717 -0.57614
v 0.06252 0.01157 -0.57614
v 0.06252 -0.0104 -0.57614
v 0.06567 -0.0104 -0.57654
v 0.06252 -0.02599 -0.57614
v 0.06567 -0.02599 -0.57654
v 0.06995 -0.02599 -0.57304
v 0.06995 -0.0104 -0.57304
v 0.07529 -0.02599 -0.56873
v 0.07529 -0.0104 -0.56873
v 0.08076 -0.02599 -0.56318
v 0.08076 -0.0104 -0.56318
v 0.0903 -0.0104 -0.55469
v 0.0903 -0.02599 -0.55469
v 0.02978 0.01157 0.04309
v 0.02836 0.01157 0.03844
v 0.02978 0.02717 0.04309
v 0.02836 0.02717 0.03844
v 0.03047 0.02717 0.04771
v 0.02607 0.02717 0.03368
v 0.03047 0.01157 0.04771
v 0.02607 0.01157 0.03368
v 0.0303 0.02717 0.05281
v 0.02209 0.02717 0.02951
v 0.0303 0.01157 0.05281
v 0.02209 0.01157 0.02951
v 0.02931 0.01157 0.05865
v 0.01916 0.02717 0.02624
v 0.02931 0.02717 0.05865
v 0.01916 0.01157 0.02624
v 0.02641 0.01157 0.06559
v 0.01554 0.02717 0.02394
v 0.02641 0.02717 0.06559
v 0.01554 0.01157 0.02394
v 0.02296 0.01157 0.07105
v 0.01369 0.01157 0.02068
v 0.02296 0.02717 0.07105
v 0.01369 0.02717 0.02068
v 0.01743 0.01157 0.07636
v 0.0134 0.02717 0.01747
v 0.01743 0.02717 0.07636
v 0.0134 0.01157 0.01747
v 0.01161 0.01157 0.07975
v 0.01404 0.01157 0.01481
v 0.01161 0.02717 0.07975
v 0.01404 0.02717 0.01481
v 0.01572 0.01157 0.01252
v 0.01572 0.02717 0.01252
v 0.0047 0.01157 0.08225
v 0.0047 0.02717 0.08225
v -0.0067 0.01157 0.08259
v -0.0067 0.02717 0.08259
v 0.02978 -0.02599 0.04309
v 0.02978 -0.0104 0.04309
v 0.03047 -0.02599 0.04771
v 0.03047 -0.0104 0.04771
v 0.02836 -0.0104 0.03844
v 0.0303 -0.02599 0.05281
v 0.02836 -0.02599 0.03844
v 0.0303 -0.0104 0.05281
v 0.02607 -0.02599 0.03368
v 0.02931 -0.0104 0.05865
v 0.02607 -0.0104 0.03368
v 0.02931 -0.02599 0.05865
v 0.02209 -0.02599 0.02951
v 0.02641 -0.0104 0.06559
v 0.02209 -0.0104 0.02951
v 0.02641 -0.02599 0.06559
v 0.01916 -0.02599 0.02624
v 0.02296 -0.0104 0.07105
v 0.01916 -0.0104 0.02624
v 0.02296 -0.02599 0.07105
v 0.01554 -0.02599 0.02394
v 0.01743 -0.0104 0.07636
v 0.01554 -0.0104 0.02394
v 0.01743 -0.02599 0.07636
v 0.01369 -0.0104 0.02068
v 0.01161 -0.0104 0.07975
v 0.01369 -0.02599 0.02068
v 0.01161 -0.02599 0.07975
v 0.0134 -0.02599 0.01747
v 0.0047 -0.0104 0.08225
v 0.0134 -0.0104 0.01747
v 0.0047 -0.02599 0.08225
v -0.0067 -0.0104 0.08259
v -0.0067 -0.02599 0.08259
v 0.01404 -0.0104 0.01481
v 0.01404 -0.02599 0.01481
v 0.01572 -0.0104 0.01252
v 0.01572 -0.02599 0.01252
v 0.01077 0.01157 -0.48904
v 0.00283 0.01157 -0.47009
v 0.01077 0.02717 -0.48904
v 0.00283 0.02717 -0.47009
v 0.01825 0.02717 -0.50656
v -0.00487 0.02717 -0.45098
v 0.01825 0.01157 -0.50656
v -0.00487 0.01157 -0.45098
v 0.02523 0.02717 -0.52298
v -0.01153 0.02717 -0.43202
v 0.02523 0.01157 -0.52298
v -0.01153 0.01157 -0.43202
v 0.03205 0.02717 -0.53685
v -0.01763 0.01157 -0.41286
v 0.03205 0.01157 -0.53685
v -0.01763 0.02717 -0.41286
v 0.03926 0.02717 -0.55005
v -0.02304 0.01157 -0.39382
v 0.03926 0.01157 -0.55005
v -0.02304 0.02717 -0.39382
v 0.04744 0.02717 -0.56126
v -0.02789 0.01157 -0.37467
v 0.04744 0.01157 -0.56126
v -0.02789 0.02717 -0.37467
v 0.05277 0.02717 -0.56692
v -0.03232 0.01157 -0.35558
v 0.05277 0.01157 -0.56692
v -0.03232 0.02717 -0.35558
v 0.05721 0.01157 -0.57122
v -0.03635 0.02717 -0.33642
v 0.05721 0.02717 -0.57122
v -0.03635 0.01157 -0.33642
v 0.06016 0.01157 -0.57398
v -0.03936 0.02717 -0.31731
v 0.06016 0.02717 -0.57398
v -0.03936 0.01157 -0.31731
v -0.04204 0.02717 -0.29814
v -0.04204 0.01157 -0.29814
v -0.04428 0.01157 -0.27899
v -0.04428 0.02717 -0.27899
v -0.04608 0.02717 -0.2598
v 0.07451 -0.02856 -0.56839
v 0.07798 -0.02942 -0.56203
v 0.07245 -0.02942 -0.56768
v 0.06909 -0.02856 -0.57308
v 0.06694 -0.02942 -0.57292
v 0.06531 -0.02856 -0.5758
v 0.06576 -0.02942 -0.57373
v 0.06298 -0.02856 -0.57547
v 0.06016 -0.02599 -0.57398
v 0.06108 -0.02885 -0.5735
v 0.06292 -0.02942 -0.57254
v 0.05721 -0.02599 -0.57122
v 0.05798 -0.02856 -0.57083
v 0.05961 -0.02942 -0.57015
v 0.0562 -0.02942 -0.56705
v 0.05363 -0.02856 -0.56695
v 0.05277 -0.02599 -0.56692
v 0.05081 -0.02942 -0.56061
v 0.04828 -0.02856 -0.56144
v 0.04744 -0.02599 -0.56126
v 0.04223 -0.02942 -0.54834
v 0.04 -0.02856 -0.54962
v 0.03926 -0.02599 -0.55005
v 0.03541 -0.02942 -0.53532
v 0.0329 -0.02856 -0.53646
v 0.03205 -0.02599 -0.53685
v 0.02859 -0.02942 -0.52188
v 0.02607 -0.02856 -0.5227
v 0.02523 -0.02599 -0.52298
v 0.02161 -0.02942 -0.50594
v 0.01909 -0.02856 -0.5064
v 0.01825 -0.02599 -0.50656
v 0.01419 -0.02942 -0.4889
v 0.01163 -0.02856 -0.48901
v 0.01077 -0.02599 -0.48904
v 0.00624 -0.02942 -0.46995
v 0.00369 -0.02856 -0.47005
v 0.00283 -0.02599 -0.47009
v -0.00144 -0.02942 -0.45084
v -0.00401 -0.02856 -0.45095
v -0.00487 -0.02599 -0.45098
v -0.00811 -0.02942 -0.43187
v -0.01067 -0.02856 -0.43198
v -0.01153 -0.02599 -0.43202
v -0.01421 -0.02942 -0.41271
v -0.01678 -0.02856 -0.41282
v -0.01763 -0.02599 -0.41286
v -0.01962 -0.02942 -0.3936
v -0.02218 -0.02856 -0.39377
v -0.02304 -0.02599 -0.39382
v -0.02448 -0.02942 -0.37437
v -0.02703 -0.02856 -0.3746
v -0.02789 -0.02599 -0.37467
v -0.0289 -0.02942 -0.35535
v -0.03146 -0.02856 -0.35552
v -0.03232 -0.02599 -0.35558
v -0.03293 -0.02942 -0.33626
v -0.0355 -0.02856 -0.33638
v -0.03635 -0.02599 -0.33642
v -0.03595 -0.02942 -0.31714
v -0.03851 -0.02856 -0.31727
v -0.03936 -0.02599 -0.31731
v -0.03863 -0.02942 -0.29797
v -0.04119 -0.02856 -0.2981
v -0.04204 -0.02599 -0.29814
v -0.04086 -0.02942 -0.27882
v -0.04428 -0.02599 -0.27899
v -0.04342 -0.02856 -0.27895
v -0.04266 -0.02942 -0.25963
v -0.04608 -0.02599 -0.2598
v -0.04523 -0.02856 -0.25976
v -0.04741 -0.02599 -0.24062
v -0.04655 -0.02856 -0.24057
v 0.01401 0.03059 0.07624
v 0.01658 0.02974 0.07633
v 0.01953 0.03059 0.07099
v 0.01076 0.02974 0.07969
v 0.0082 0.03059 0.07948
v 0.00385 0.02974 0.08213
v 0.0013 0.03059 0.08179
v -0.0067 0.02974 0.08259
v -0.0067 0.03059 0.08203
v -0.01399 0.03059 0.07972
v -0.01654 0.02974 0.07938
v -0.01739 0.02717 0.07926
v -0.01687 0.03059 0.07752
v -0.01955 0.02974 0.0776
v -0.02041 0.02717 0.07753
v -0.02043 0.03059 0.07508
v -0.023 0.02974 0.075
v -0.02385 0.02717 0.07497
v -0.0247 0.03059 0.07029
v -0.02727 0.02974 0.07025
v -0.02813 0.02717 0.07023
v -0.02881 0.03059 0.06363
v -0.03138 0.02974 0.06354
v -0.03224 0.02717 0.06351
v -0.03105 0.03059 0.05653
v -0.03362 0.02974 0.05644
v -0.03447 0.02717 0.05641
v -0.03168 0.03059 0.04846
v -0.03425 0.02974 0.04828
v -0.0351 0.02717 0.04822
v -0.03454 0.02717 0.04372
v -0.03368 0.02974 0.04377
v -0.03111 0.03059 0.04393
v -0.0329 0.02717 0.03838
v -0.03205 0.02974 0.03845
v -0.02949 0.03059 0.03864
v -0.03114 0.02717 0.03452
v -0.03029 0.02974 0.03458
v -0.02772 0.03059 0.03475
v -0.02937 0.02717 0.03014
v -0.02851 0.02974 0.03019
v -0.02595 0.03059 0.03036
v -0.02777 0.02717 0.02593
v -0.02691 0.02974 0.02599
v -0.02435 0.03059 0.02617
v -0.02587 0.02717 0.02031
v -0.02502 0.02974 0.02042
v -0.02247 0.03059 0.02076
v -0.0247 0.02717 0.01591
v -0.02386 0.02974 0.01608
v -0.02134 0.03059 0.01658
v -0.02396 0.02717 0.01232
v -0.02313 0.02974 0.0125
v -0.02062 0.03059 0.01306
v -0.01989 0.03059 0.00951
v -0.02239 0.02974 0.00892
v -0.02323 0.02717 0.00872
v -0.01918 0.03059 0.006
v -0.02166 0.02974 0.00534
v -0.02249 0.02717 0.00512
v -0.01847 0.03059 0.00249
v -0.02093 0.02974 0.00176
v -0.02176 0.02717 0.00152
v -0.01806 0.03059 -0.01215
v -0.0205 0.02974 -0.01294
v -0.02132 0.02717 -0.0132
v -0.01818 0.03059 -0.02802
v -0.02064 0.02974 -0.02876
v -0.02146 0.02717 -0.02901
v -0.01955 0.03059 -0.04469
v -0.02209 0.02974 -0.04507
v -0.02294 0.02717 -0.0452
v -0.02297 0.03059 -0.06103
v -0.02554 0.02974 -0.06106
v -0.0264 0.02717 -0.06107
v -0.02821 0.03059 -0.07529
v -0.03075 0.02974 -0.07567
v -0.03159 0.02717 -0.0758
v -0.03597 0.03059 -0.08966
v -0.03853 0.02974 -0.08991
v -0.03938 0.02717 -0.08999
v -0.03771 0.03059 -0.10376
v -0.04027 0.02974 -0.10394
v -0.04113 0.02717 -0.10399
v -0.0389 0.03059 -0.11785
v -0.04147 0.02974 -0.11795
v -0.04233 0.02717 -0.11798
v -0.0416 0.03059 -0.14166
v -0.04417 0.02974 -0.14176
v -0.04503 0.02717 -0.14179
v -0.04338 0.03059 -0.16544
v -0.04595 0.02974 -0.16554
v -0.0468 0.02717 -0.16558
v -0.04442 0.03059 -0.18921
v -0.04698 0.02974 -0.18931
v -0.04784 0.02717 -0.18934
v -0.04493 0.03059 -0.20522
v -0.04749 0.02974 -0.20534
v -0.04834 0.02717 -0.20538
v -0.0448 0.03059 -0.22122
v -0.04736 0.02974 -0.22136
v -0.04822 0.02717 -0.2214
v -0.04399 0.03059 -0.24044
v -0.04655 0.02974 -0.24057
v -0.04741 0.02717 -0.24062
v -0.04266 0.03059 -0.25963
v -0.04523 0.02974 -0.25976
v -0.04342 0.02974 -0.27895
v -0.04086 0.03059 -0.27882
v -0.04119 0.02974 -0.2981
v -0.03863 0.03059 -0.29797
v -0.03851 0.02974 -0.31727
v -0.03595 0.03059 -0.31714
v -0.0355 0.02974 -0.33638
v -0.03293 0.03059 -0.33626
v -0.03146 0.02974 -0.35552
v -0.0289 0.03059 -0.35535
v -0.02703 0.02974 -0.3746
v -0.02448 0.03059 -0.37437
v -0.02218 0.02974 -0.39377
v -0.01962 0.03059 -0.3936
v -0.01678 0.02974 -0.41282
v -0.01421 0.03059 -0.41271
v -0.01067 0.02974 -0.43198
v -0.00811 0.03059 -0.43187
v -0.00401 0.02974 -0.45095
v -0.00144 0.03059 -0.45084
v 0.00369 0.02974 -0.47005
v 0.00624 0.03059 -0.46995
v 0.01162 0.02974 -0.48901
v 0.01419 0.03059 -0.4889
v 0.01909 0.02974 -0.5064
v 0.02161 0.03059 -0.50594
v 0.02607 0.02974 -0.5227
v 0.02859 0.03059 -0.52188
v 0.0329 0.02974 -0.53646
v 0.03541 0.03059 -0.53532
v 0.04 0.02974 -0.54962
v 0.04223 0.03059 -0.54834
v 0.04828 0.02974 -0.56144
v 0.05081 0.03059 -0.56061
v 0.05363 0.02974 -0.56695
v 0.0562 0.03059 -0.56705
v 0.05798 0.02974 -0.57083
v 0.05961 0.03059 -0.57015
v 0.06292 0.03059 -0.57254
v 0.06108 0.03002 -0.5735
v 0.06576 0.03059 -0.57373
v 0.06298 0.02974 -0.57547
v 0.06531 0.02974 -0.5758
v 0.06694 0.03059 -0.57292
v 0.06909 0.02974 -0.57308
v 0.07911 0.03415 -0.5335
v 0.07911 0.00067 -0.5335
v 0.08079 0.03415 -0.53199
v 0.08079 0.00067 -0.53199
v 0.08289 0.03415 -0.53116
v 0.07804 0.00067 -0.53549
v 0.07804 0.03415 -0.53549
v 0.08079 -0.0328 -0.53199
v 0.07911 -0.0328 -0.5335
v 0.08289 -0.0328 -0.53116
v 0.07804 -0.0328 -0.53549
v 0.08289 0.00067 -0.53116
v 0.08514 0.03415 -0.53109
v 0.08514 -0.0328 -0.53109
v 0.07771 0.00067 -0.53772
v 0.07771 -0.0328 -0.53772
v 0.07771 0.03415 -0.53772
v 0.08514 0.00067 -0.53109
v 0.08729 -0.0328 -0.5318
v 0.08729 0.03415 -0.5318
v 0.07817 0.00067 -0.53993
v 0.07817 0.03415 -0.53993
v 0.07817 -0.0328 -0.53993
v 0.08729 0.00067 -0.5318
v 0.08906 0.03415 -0.5332
v 0.08906 -0.0328 -0.5332
v 0.07936 0.00067 -0.54185
v 0.07936 -0.0328 -0.54185
v 0.07936 0.03415 -0.54185
v 0.08906 0.00067 -0.5332
v 0.09025 -0.0328 -0.53511
v 0.09025 0.03415 -0.53511
v 0.08113 0.00067 -0.54325
v 0.08113 0.03415 -0.54325
v 0.08113 -0.0328 -0.54325
v 0.09025 0.00067 -0.53511
v 0.09071 0.03415 -0.53733
v 0.09071 -0.0328 -0.53732
v 0.08327 0.00067 -0.54395
v 0.08327 -0.0328 -0.54395
v 0.08327 0.03415 -0.54395
v 0.09071 0.00067 -0.53732
v 0.09038 -0.0328 -0.53956
v 0.09038 0.03415 -0.53956
v 0.08553 0.00067 -0.54389
v 0.08553 0.03415 -0.54389
v 0.08553 -0.0328 -0.54389
v 0.09038 0.00067 -0.53956
v 0.08931 0.03415 -0.54155
v 0.08931 -0.0328 -0.54155
v 0.08931 0.00067 -0.54155
v 0.08763 0.00067 -0.54305
v 0.08763 -0.0328 -0.54305
v 0.08763 0.03415 -0.54305
v -0.04399 -0.02942 -0.24044
v -0.04822 -0.02599 -0.2214
v -0.04736 -0.02856 -0.22136
v -0.0448 -0.02942 -0.22122
v -0.04834 -0.02599 -0.20538
v -0.04749 -0.02856 -0.20534
v -0.04493 -0.02942 -0.20522
v -0.04784 -0.02599 -0.18934
v -0.04698 -0.02856 -0.18931
v -0.04442 -0.02942 -0.18921
v -0.0468 -0.02599 -0.16558
v -0.04595 -0.02856 -0.16554
v -0.04338 -0.02942 -0.16544
v -0.04503 -0.02599 -0.14179
v -0.04417 -0.02856 -0.14176
v -0.0416 -0.02942 -0.14166
v -0.04233 -0.02599 -0.11798
v -0.04147 -0.02856 -0.11795
v -0.0389 -0.02942 -0.11785
v -0.04113 -0.02599 -0.10399
v -0.04027 -0.02856 -0.10394
v -0.03771 -0.02942 -0.10376
v -0.03938 -0.02599 -0.08999
v -0.03853 -0.02856 -0.08991
v -0.03597 -0.02942 -0.08966
v -0.03159 -0.02599 -0.0758
v -0.03075 -0.02856 -0.07567
v -0.02821 -0.02942 -0.07529
v -0.0264 -0.02599 -0.06107
v -0.02554 -0.02856 -0.06106
v -0.02297 -0.02942 -0.06103
v -0.02294 -0.02599 -0.0452
v -0.02209 -0.02856 -0.04507
v -0.01955 -0.02942 -0.04469
v -0.02146 -0.02599 -0.02901
v -0.02064 -0.02856 -0.02876
v -0.01818 -0.02942 -0.02802
v -0.02132 -0.02599 -0.0132
v -0.0205 -0.02856 -0.01294
v -0.01806 -0.02942 -0.01215
v -0.02176 -0.02599 0.00152
v -0.02093 -0.02856 0.00176
v -0.01847 -0.02942 0.00249
v -0.02249 -0.02599 0.00512
v -0.02166 -0.02856 0.00534
v -0.01918 -0.02942 0.006
v -0.02323 -0.02599 0.00872
v -0.02239 -0.02856 0.00892
v -0.01989 -0.02942 0.00951
v -0.02396 -0.02599 0.01232
v -0.02313 -0.02856 0.0125
v -0.02062 -0.02942 0.01306
v -0.02134 -0.02942 0.01658
v -0.02386 -0.02856 0.01608
v -0.0247 -0.02599 0.01591
v -0.02247 -0.02942 0.02076
v -0.02502 -0.02856 0.02042
v -0.02587 -0.02599 0.02031
v -0.02435 -0.02942 0.02617
v -0.02691 -0.02856 0.02599
v -0.02777 -0.02599 0.02593
v -0.02595 -0.02942 0.03036
v -0.02851 -0.02856 0.03019
v -0.02937 -0.02599 0.03014
v -0.02772 -0.02942 0.03475
v -0.03029 -0.02856 0.03458
v -0.03114 -0.02599 0.03452
v -0.02949 -0.02942 0.03864
v -0.03205 -0.02856 0.03845
v -0.0329 -0.02599 0.03838
v -0.03111 -0.02942 0.04393
v -0.03368 -0.02856 0.04377
v -0.03454 -0.02599 0.04372
v -0.03168 -0.02942 0.04846
v -0.03425 -0.02856 0.04828
v -0.0351 -0.02599 0.04822
v -0.03447 -0.02599 0.05641
v -0.03361 -0.02856 0.05644
v -0.03105 -0.02942 0.05653
v -0.03224 -0.02599 0.06351
v -0.03138 -0.02856 0.06354
v -0.02881 -0.02942 0.06363
v -0.02813 -0.02599 0.07023
v -0.02727 -0.02856 0.07025
v -0.0247 -0.02942 0.07029
v -0.02385 -0.02599 0.07497
v -0.023 -0.02856 0.075
v -0.02043 -0.02942 0.07508
v -0.02041 -0.02599 0.07753
v -0.01955 -0.02856 0.0776
v -0.01687 -0.02942 0.07752
v -0.01739 -0.02599 0.07926
v -0.01654 -0.02856 0.07938
v -0.01334 -0.02942 0.07953
v -0.0067 -0.02856 0.08227
v -0.0067 -0.02942 0.08152
v 0.00149 -0.02942 0.08146
v 0.00385 -0.02856 0.08213
v 0.0082 -0.02942 0.07948
v 0.01076 -0.02856 0.07969
v 0.01401 -0.02942 0.07624
v 0.01658 -0.02856 0.07633
v 0.0055 0.02974 -0.2384
v 0.00636 0.02717 -0.23836
v 0.00843 0.02717 -0.25752
v 0.00293 0.03059 -0.23854
v 0.005 0.03059 -0.2577
v 0.00387 0.02974 -0.21919
v 0.0013 0.03059 -0.21933
v 0.00473 0.02717 -0.21915
v 0.00003 0.03059 -0.20357
v 0.0026 0.02974 -0.20345
v 0.00346 0.02717 -0.20341
v 0.0018 0.02974 -0.18769
v -0.00076 0.03059 -0.1878
v 0.00266 0.02717 -0.18766
v -0.00074 0.03059 -0.16404
v 0.00183 0.02974 -0.16394
v 0.00268 0.02717 -0.16391
v -0.00053 0.03059 -0.1403
v 0.00203 0.02974 -0.1402
v 0.00289 0.02717 -0.14016
v 0.00029 0.03059 -0.11655
v 0.00286 0.02974 -0.11645
v 0.00372 0.02717 -0.11642
v 0.00166 0.03059 -0.10137
v 0.00422 0.02974 -0.1012
v 0.00508 0.02717 -0.10114
v 0.0028 0.03059 -0.08619
v 0.00536 0.02974 -0.08594
v 0.00621 0.02717 -0.08586
v 0.00452 0.03059 -0.07085
v 0.00706 0.02974 -0.07047
v 0.00791 0.02717 -0.07034
v 0.00563 0.03059 -0.06075
v 0.0082 0.02974 -0.06072
v 0.00906 0.02717 -0.06071
v 0.00864 0.03059 -0.04096
v 0.01118 0.02974 -0.04057
v 0.01203 0.02717 -0.04044
v 0.01118 0.03059 -0.02018
v 0.01365 0.02974 -0.01944
v 0.01447 0.02717 -0.01919
v 0.0121 0.03059 -0.00309
v 0.01455 0.02974 -0.0023
v 0.01537 0.02717 -0.00203
v 0.01243 0.03059 0.01156
v 0.01489 0.02974 0.01228
v 0.01321 0.02974 0.01459
v 0.01072 0.03059 0.01393
v 0.01007 0.03059 0.01668
v 0.01257 0.02974 0.01727
v 0.01035 0.03059 0.01994
v 0.01286 0.02974 0.0205
v 0.01218 0.03059 0.02327
v 0.0147 0.02974 0.02377
v 0.01576 0.03059 0.02579
v 0.01831 0.02974 0.02613
v 0.01868 0.03059 0.02927
v 0.02124 0.02974 0.02945
v 0.02265 0.03059 0.03346
v 0.02522 0.02974 0.03363
v 0.02494 0.03059 0.03822
v 0.0275 0.02974 0.03839
v 0.02636 0.03059 0.04284
v 0.02892 0.02974 0.04303
v 0.02705 0.03059 0.0475
v 0.02962 0.02974 0.04765
v 0.02689 0.03059 0.05257
v 0.02945 0.02974 0.05275
v 0.02845 0.02974 0.05862
v 0.02588 0.03059 0.05853
v 0.02556 0.02974 0.06556
v 0.02299 0.03059 0.06547
v 0.0221 0.02974 0.07104
v -0.00483 -0.03577 0.04265
v -0.00219 -0.03577 0.04221
v -0.0044 -0.03717 0.04388
v -0.0022 -0.03717 0.04352
v 0.00045 -0.03577 0.04271
v -0.00635 -0.03717 0.04498
v -0.00368 -0.03717 0.04593
v -0.00497 -0.03717 0.04666
v -0.00223 -0.03717 0.04569
v -0.00593 -0.03717 0.04778
v -0.00717 -0.03577 0.04397
v -0.00001 -0.03717 0.04393
v -0.00078 -0.03717 0.04597
v 0.00276 -0.03577 0.04408
v -0.0078 -0.03717 0.04667
v -0.00892 -0.03577 0.046
v -0.00645 -0.03717 0.04916
v 0.00191 -0.03717 0.04507
v 0.00446 -0.03577 0.04615
v 0.00049 -0.03717 0.04672
v 0.00333 -0.03717 0.04679
v 0.00535 -0.03577 0.04869
v 0.00143 -0.03717 0.04786
v 0.00407 -0.03717 0.0489
v 0.00532 -0.03577 0.05137
v 0.00192 -0.03717 0.04925
v 0.00404 -0.03717 0.05113
v 0.00438 -0.03577 0.05388
v 0.0019 -0.03717 0.05073
v 0.00325 -0.03717 0.05322
v 0.00263 -0.03577 0.05592
v 0.00138 -0.03717 0.05211
v 0.0018 -0.03717 0.05491
v 0.00029 -0.03577 0.05723
v 0.00042 -0.03717 0.05323
v -0.00014 -0.03717 0.056
v -0.00236 -0.03577 0.05767
v -0.00086 -0.03717 0.05395
v -0.00234 -0.03717 0.05637
v -0.005 -0.03577 0.05717
v -0.00232 -0.03717 0.05419
v -0.00454 -0.03717 0.05595
v -0.00731 -0.03577 0.05581
v -0.00377 -0.03717 0.05392
v -0.00646 -0.03717 0.05482
v -0.00901 -0.03577 0.05373
v -0.00504 -0.03717 0.05317
v -0.00787 -0.03717 0.05309
v -0.0099 -0.03577 0.0512
v -0.00598 -0.03717 0.05203
v -0.00861 -0.03717 0.05099
v -0.00987 -0.03577 0.04852
v -0.00647 -0.03717 0.05063
v -0.00859 -0.03717 0.04876
v -0.00014 0.03717 0.056
v -0.00086 0.03717 0.05395
v -0.00234 0.03717 0.05637
v -0.00232 0.03717 0.05419
v 0.00042 0.03717 0.05323
v -0.00236 0.03577 0.05767
v -0.005 0.03577 0.05717
v 0.00029 0.03577 0.05723
v -0.00454 0.03717 0.05595
v -0.00377 0.03717 0.05392
v -0.00731 0.03577 0.05581
v 0.0018 0.03717 0.05491
v 0.00263 0.03577 0.05592
v 0.00138 0.03717 0.05211
v -0.00646 0.03717 0.05482
v -0.00901 0.03577 0.05373
v -0.00504 0.03717 0.05317
v 0.00325 0.03717 0.05322
v 0.0019 0.03717 0.05073
v 0.00438 0.03577 0.05388
v 0.00404 0.03717 0.05113
v 0.00192 0.03717 0.04925
v 0.00532 0.03577 0.05137
v 0.00406 0.03717 0.0489
v 0.00143 0.03717 0.04786
v 0.00535 0.03577 0.04869
v 0.00333 0.03717 0.04679
v 0.00049 0.03717 0.04672
v 0.00446 0.03577 0.04615
v 0.00191 0.03717 0.04507
v -0.00078 0.03717 0.04597
v 0.00276 0.03577 0.04408
v -0.00001 0.03717 0.04393
v -0.00223 0.03717 0.04569
v 0.00045 0.03577 0.04271
v -0.0022 0.03717 0.04352
v -0.00368 0.03717 0.04593
v -0.00219 0.03577 0.04221
v -0.0044 0.03717 0.04388
v -0.00497 0.03717 0.04666
v -0.00484 0.03577 0.04265
v -0.00635 0.03717 0.04498
v -0.00593 0.03717 0.04778
v -0.00717 0.03577 0.04397
v -0.0078 0.03717 0.04667
v -0.00645 0.03717 0.04916
v -0.00892 0.03577 0.046
v -0.00859 0.03717 0.04876
v -0.00647 0.03717 0.05063
v -0.00987 0.03577 0.04852
v -0.00861 0.03717 0.05099
v -0.00598 0.03717 0.05203
v -0.0099 0.03577 0.0512
v -0.00787 0.03717 0.05309
v 0.02556 -0.02856 0.06556
v 0.02299 -0.02942 0.06547
v 0.02588 -0.02942 0.05853
v 0.0221 -0.02856 0.07104
v 0.01953 -0.02942 0.07099
v 0.02845 -0.02856 0.05862
v 0.02689 -0.02942 0.05257
v 0.02945 -0.02856 0.05275
v 0.02962 -0.02856 0.04765
v 0.02705 -0.02942 0.0475
v 0.02892 -0.02856 0.04303
v 0.02636 -0.02942 0.04284
v 0.0275 -0.02856 0.03839
v 0.02494 -0.02942 0.03822
v 0.02522 -0.02856 0.03363
v 0.02265 -0.02942 0.03346
v 0.02124 -0.02856 0.02945
v 0.01868 -0.02942 0.02927
v 0.01831 -0.02856 0.02613
v 0.01576 -0.02942 0.02579
v 0.0147 -0.02856 0.02377
v 0.01218 -0.02942 0.02327
v 0.01286 -0.02856 0.0205
v 0.01035 -0.02942 0.01994
v 0.01257 -0.02856 0.01727
v 0.01007 -0.02942 0.01668
v 0.01321 -0.02856 0.01459
v 0.01072 -0.02942 0.01393
v 0.01243 -0.02942 0.01156
v 0.01489 -0.02856 0.01228
v 0.01537 -0.02599 -0.00203
v 0.01455 -0.02856 -0.0023
v 0.0121 -0.02942 -0.00309
v 0.01447 -0.02599 -0.01919
v 0.01365 -0.02856 -0.01944
v 0.01119 -0.02942 -0.02018
v 0.01203 -0.02599 -0.04044
v 0.01118 -0.02856 -0.04057
v 0.00864 -0.02942 -0.04096
v 0.00906 -0.02599 -0.06071
v 0.0082 -0.02856 -0.06072
v 0.00563 -0.02942 -0.06075
v 0.00791 -0.02599 -0.07034
v 0.00706 -0.02856 -0.07047
v 0.00452 -0.02942 -0.07085
v 0.00621 -0.02599 -0.08586
v 0.00536 -0.02856 -0.08594
v 0.0028 -0.02942 -0.08619
v 0.00508 -0.02599 -0.10114
v 0.00422 -0.02856 -0.1012
v 0.00166 -0.02942 -0.10137
v 0.00372 -0.02599 -0.11642
v 0.00286 -0.02856 -0.11645
v 0.00029 -0.02942 -0.11655
v 0.00289 -0.02599 -0.14016
v 0.00203 -0.02856 -0.1402
v -0.00053 -0.02942 -0.1403
v 0.00268 -0.02599 -0.16391
v 0.00183 -0.02856 -0.16394
v -0.00074 -0.02942 -0.16404
v 0.00266 -0.02599 -0.18766
v 0.0018 -0.02856 -0.18769
v -0.00076 -0.02942 -0.1878
v 0.00346 -0.02599 -0.20341
v 0.00003 -0.02942 -0.20357
v 0.0026 -0.02856 -0.20345
v 0.00473 -0.02599 -0.21915
v 0.00387 -0.02856 -0.21919
v -0.00122 0.03386 0.05293
v -0.00231 0.03386 0.0531
v -0.00027 0.03386 0.05239
v -0.00339 0.03386 0.0529
v 0.00045 0.03386 0.05155
v -0.00433 0.03386 0.05234
v 0.00084 0.03386 0.05053
v -0.00503 0.03386 0.05149
v 0.00085 0.03386 0.04943
v -0.00539 0.03386 0.05046
v 0.00048 0.03386 0.04839
v -0.00538 0.03386 0.04936
v -0.00021 0.03386 0.04754
v -0.00499 0.03386 0.04833
v -0.00116 0.03386 0.04698
v -0.00428 0.03386 0.0475
v -0.00224 0.03386 0.04678
v -0.00332 0.03386 0.04696
v 0.08018 0.03554 -0.54112
v 0.08154 0.03554 -0.5399
v 0.08165 0.03554 -0.54228
v 0.08252 0.03554 -0.54067
v 0.08089 0.03554 -0.53885
v 0.08343 0.03554 -0.54287
v 0.08369 0.03554 -0.54106
v 0.07919 0.03554 -0.53952
v 0.08064 0.03554 -0.53763
v 0.08531 0.03554 -0.54281
v 0.08494 0.03554 -0.54102
v 0.07881 0.03554 -0.53769
v 0.08081 0.03554 -0.5364
v 0.07908 0.03554 -0.53583
v 0.0814 0.03554 -0.53531
v 0.07997 0.03554 -0.53418
v 0.08233 0.03554 -0.53448
v 0.08137 0.03554 -0.53293
v 0.08348 0.03554 -0.53402
v 0.08311 0.03554 -0.53223
v 0.08472 0.03554 -0.53398
v 0.08498 0.03554 -0.53218
v 0.0859 0.03554 -0.53437
v 0.08677 0.03554 -0.53276
v 0.08688 0.03554 -0.53514
v 0.08824 0.03554 -0.53393
v 0.08753 0.03554 -0.5362
v 0.08923 0.03554 -0.53552
v 0.08778 0.03554 -0.53741
v 0.08961 0.03554 -0.53736
v 0.0876 0.03554 -0.53864
v 0.08934 0.03554 -0.53922
v 0.08702 0.03554 -0.53974
v 0.08845 0.03554 -0.54087
v 0.08609 0.03554 -0.54056
v 0.08705 0.03554 -0.54212
v -0.00231 -0.03386 0.0531
v -0.00122 -0.03386 0.05293
v -0.00027 -0.03386 0.05239
v -0.00339 -0.03386 0.0529
v 0.00045 -0.03386 0.05155
v -0.00433 -0.03386 0.05234
v 0.00084 -0.03386 0.05053
v -0.00503 -0.03386 0.05149
v 0.00085 -0.03386 0.04943
v -0.00539 -0.03386 0.05046
v 0.00048 -0.03386 0.04839
v -0.00538 -0.03386 0.04936
v -0.00021 -0.03386 0.04754
v -0.00499 -0.03386 0.04833
v -0.00116 -0.03386 0.04698
v -0.00428 -0.03386 0.0475
v -0.00224 -0.03386 0.04678
v -0.00332 -0.03386 0.04696
v 0.00094 0.03063 -0.42819
v 0.00913 0.03063 -0.43394
v 0.00853 0.02708 -0.436
v -0.00078 0.02708 -0.42945
v -0.00481 0.03063 -0.42033
v -0.00654 0.02708 -0.42159
v -0.00136 0.0324 -0.4178
v -0.00597 0.03063 -0.41665
v 0.00439 0.0324 -0.42566
v -0.00209 0.0324 -0.41551
v -0.00792 0.02708 -0.41723
v 0.01034 0.0324 -0.42984
v -0.0112 0.03063 -0.39759
v -0.01316 0.02708 -0.3981
v -0.00728 0.0324 -0.39656
v -0.016 0.03063 -0.37839
v -0.01797 0.02708 -0.37886
v -0.01206 0.0324 -0.37745
v -0.02036 0.03063 -0.3594
v -0.02234 0.02708 -0.35983
v -0.0164 0.0324 -0.35856
v -0.02413 0.03063 -0.34035
v -0.02612 0.02708 -0.34073
v -0.02015 0.0324 -0.3396
v -0.02758 0.03063 -0.32127
v -0.02958 0.02708 -0.3216
v -0.02358 0.0324 -0.32062
v -0.00393 0.03467 -0.34002
v -0.03037 0.03063 -0.30216
v -0.03238 0.02708 -0.30242
v -0.02635 0.0324 -0.30164
v -0.00783 0.03461 -0.32096
v -0.01113 0.03453 -0.30178
v -0.03297 0.03063 -0.283
v -0.03498 0.02708 -0.28324
v -0.02894 0.0324 -0.28252
v -0.01405 0.03449 -0.2825
v -0.03498 0.03063 -0.26388
v -0.03699 0.02708 -0.26407
v -0.03094 0.0324 -0.26351
v -0.01632 0.03445 -0.26329
v -0.03606 0.03063 -0.24478
v -0.03809 0.02708 -0.24487
v -0.03202 0.0324 -0.24458
v -0.01787 0.03438 -0.24422
v -0.03682 0.03063 -0.22559
v -0.03885 0.02708 -0.22566
v -0.03277 0.0324 -0.22546
v -0.01904 0.03433 -0.22501
v -0.03723 0.03063 -0.20963
v -0.03926 0.02708 -0.20965
v -0.03318 0.0324 -0.20959
v -0.01987 0.03427 -0.20915
v -0.03717 0.03063 -0.19366
v -0.03919 0.02708 -0.19364
v -0.03312 0.0324 -0.19369
v -0.03689 0.03063 -0.16994
v -0.03892 0.02708 -0.16988
v -0.03284 0.0324 -0.17006
v -0.02022 0.03421 -0.19314
v -0.00657 0.0324 -0.20849
v -0.03652 0.03063 -0.1625
v -0.03255 0.0324 -0.16428
v -0.03851 0.02708 -0.16161
v -0.02864 0.0324 -0.15554
v -0.0326 0.03063 -0.15376
v -0.03459 0.02708 -0.15287
v -0.02005 0.0342 -0.16934
v -0.02477 0.0324 -0.15173
v -0.02649 0.03063 -0.14774
v -0.02735 0.02708 -0.14574
v -0.01933 0.02708 -0.14384
v -0.01924 0.0324 -0.14992
v -0.0193 0.03063 -0.14587
v -0.01209 0.03063 -0.14724
v -0.01129 0.02708 -0.14519
v -0.01368 0.0324 -0.15135
v -0.0108 0.0324 -0.15416
v -0.00673 0.03063 -0.15247
v -0.0047 0.02708 -0.15163
v -0.00719 0.0324 -0.16289
v -0.00311 0.03063 -0.16121
v -0.00108 0.02708 -0.16036
v -0.00725 0.0324 -0.16853
v -0.0032 0.03063 -0.16856
v -0.00117 0.02708 -0.16858
v -0.00733 0.0324 -0.19246
v -0.00328 0.03063 -0.19237
v -0.00125 0.02708 -0.19233
v -0.00252 0.03063 -0.20823
v -0.0005 0.02708 -0.20811
v -0.00533 0.0324 -0.22435
v -0.00129 0.03063 -0.22403
v 0.00073 0.02708 -0.22387
v -0.00374 0.0324 -0.24365
v 0.00029 0.03063 -0.24327
v 0.00231 0.02708 -0.24308
v -0.0017 0.0324 -0.26296
v 0.00232 0.03063 -0.26248
v 0.00433 0.02708 -0.26225
v 0.00082 0.0324 -0.28236
v 0.00483 0.03063 -0.28177
v 0.00683 0.02708 -0.28147
v 0.00404 0.0324 -0.30168
v 0.00803 0.03063 -0.30096
v 0.01002 0.02708 -0.30059
v 0.00788 0.0324 -0.32106
v 0.01184 0.03063 -0.32021
v 0.01382 0.02708 -0.31979
v 0.01225 0.0324 -0.34025
v 0.0162 0.03063 -0.33934
v 0.01817 0.02708 -0.33888
v 0.00009 0.03471 -0.35868
v 0.01653 0.0324 -0.35864
v 0.00472 0.03475 -0.37733
v 0.02046 0.03063 -0.35765
v 0.02243 0.02708 -0.35716
v 0.02143 0.0324 -0.37698
v 0.01028 0.03486 -0.39709
v 0.02532 0.03063 -0.37585
v 0.02727 0.02708 -0.37529
v 0.02774 0.0324 -0.3973
v 0.01631 0.03498 -0.41654
v 0.03159 0.03063 -0.39604
v 0.03352 0.02708 -0.39541
v 0.03463 0.0324 -0.41732
v 0.03846 0.03063 -0.416
v 0.04038 0.02708 -0.41534
v 0.03517 0.0324 -0.41888
v 0.03967 0.03063 -0.41949
v 0.04191 0.02708 -0.41979
v 0.03394 0.0324 -0.42799
v 0.03844 0.03063 -0.4286
v 0.04069 0.02708 -0.4289
v 0.0333 0.0324 -0.42894
v 0.03549 0.03063 -0.4329
v 0.03659 0.02708 -0.43489
v 0.03011 0.02708 -0.43798
v 0.02941 0.03063 -0.43593
v 0.028 0.0324 -0.43181
v 0.02184 0.0324 -0.43248
v 0.02233 0.03063 -0.43652
v 0.02258 0.02708 -0.43854
v 0.01533 0.02708 -0.43808
v 0.01552 0.03063 -0.43601
v 0.01591 0.0324 -0.43187
v 0.03549 -0.03135 -0.4329
v 0.0333 -0.03312 -0.42894
v 0.02941 -0.03135 -0.43593
v 0.028 -0.03312 -0.43181
v 0.02184 -0.03312 -0.43248
v 0.03011 -0.0278 -0.43798
v 0.03659 -0.0278 -0.43489
v 0.04069 -0.0278 -0.4289
v 0.02233 -0.03135 -0.43652
v 0.02258 -0.0278 -0.43854
v 0.01533 -0.0278 -0.43808
v 0.03844 -0.03135 -0.4286
v 0.04191 -0.0278 -0.41979
v 0.01552 -0.03135 -0.43601
v 0.00853 -0.0278 -0.436
v 0.03394 -0.03312 -0.42799
v 0.03967 -0.03135 -0.41949
v 0.04038 -0.0278 -0.41534
v 0.03517 -0.03312 -0.41888
v 0.03846 -0.03135 -0.416
v 0.03352 -0.0278 -0.39541
v 0.03159 -0.03135 -0.39604
v 0.02727 -0.0278 -0.37529
v 0.03463 -0.03312 -0.41732
v 0.01631 -0.0357 -0.41654
v 0.02532 -0.03135 -0.37585
v 0.02243 -0.0278 -0.35716
v 0.02774 -0.03312 -0.3973
v 0.02046 -0.03135 -0.35765
v 0.01817 -0.0278 -0.33888
v 0.02143 -0.03312 -0.37698
v 0.01028 -0.03557 -0.39709
v 0.0162 -0.03135 -0.33934
v 0.01382 -0.0278 -0.31979
v 0.01653 -0.03312 -0.35864
v 0.00472 -0.03547 -0.37733
v -0.00209 -0.03312 -0.41551
v 0.01184 -0.03135 -0.32021
v 0.01002 -0.0278 -0.30059
v 0.01225 -0.03312 -0.34025
v 0.00009 -0.03543 -0.35868
v -0.00728 -0.03312 -0.39656
v -0.01206 -0.03312 -0.37745
v -0.00393 -0.03539 -0.34002
v 0.00788 -0.03312 -0.32106
v 0.00803 -0.03135 -0.30096
v 0.00683 -0.0278 -0.28147
v -0.0164 -0.03312 -0.35856
v 0.00483 -0.03135 -0.28177
v 0.00433 -0.0278 -0.26225
v 0.00404 -0.03312 -0.30168
v -0.00783 -0.03532 -0.32096
v -0.02015 -0.03312 -0.3396
v 0.00232 -0.03135 -0.26248
v 0.00231 -0.0278 -0.24308
v 0.00082 -0.03312 -0.28236
v -0.01113 -0.03525 -0.30178
v -0.02358 -0.03312 -0.32062
v 0.00029 -0.03135 -0.24327
v 0.00073 -0.0278 -0.22387
v -0.0017 -0.03312 -0.26296
v -0.01405 -0.03521 -0.2825
v -0.02635 -0.03312 -0.30164
v -0.00129 -0.03135 -0.22403
v -0.0005 -0.0278 -0.20811
v -0.00374 -0.03312 -0.24365
v -0.01632 -0.03517 -0.26329
v -0.02894 -0.03312 -0.28252
v 0.08222 0.03223 -0.53929
v 0.08295 0.03223 -0.53987
v 0.08174 0.03223 -0.53851
v 0.08383 0.03223 -0.54015
v 0.08155 0.03223 -0.5376
v 0.08475 0.03223 -0.54013
v 0.08168 0.03223 -0.53669
v 0.08561 0.03223 -0.53978
v 0.08212 0.03223 -0.53587
v 0.0863 0.03223 -0.53917
v 0.08281 0.03223 -0.53526
v 0.08673 0.03223 -0.53836
v 0.08367 0.03223 -0.53492
v 0.08687 0.03223 -0.53744
v 0.08459 0.03223 -0.53489
v 0.08668 0.03223 -0.53654
v 0.08547 0.03223 -0.53518
v 0.08619 0.03223 -0.53575
v 0.07451 0.02974 -0.56839
v 0.07245 0.03059 -0.56768
v 0.07798 0.03059 -0.56203
v 0.08 0.02974 -0.56278
v 0.09008 0.02974 -0.55386
v 0.0894 0.03059 -0.55138
v 0.10289 0.02717 -0.54337
v 0.10262 0.02974 -0.54256
v 0.1018 0.03059 -0.54012
v 0.10573 0.02717 -0.53766
v 0.10492 0.02974 -0.53737
v 0.10384 0.03059 -0.5368
v 0.10507 0.03059 -0.53365
v 0.10676 0.02974 -0.53172
v 0.10733 0.02717 -0.53107
v 0.1051 0.03059 -0.52892
v 0.10612 0.02974 -0.52656
v 0.10646 0.02717 -0.52577
v 0.10237 0.03059 -0.52616
v 0.10263 0.02974 -0.5236
v 0.10272 0.02717 -0.52275
v 0.09962 0.03059 -0.52525
v 0.09932 0.02974 -0.5227
v 0.09922 0.02717 -0.52184
v 0.0924 0.03059 -0.51958
v 0.09463 0.02974 -0.5183
v 0.09537 0.02717 -0.51787
v 0.09121 0.02717 -0.51215
v 0.09041 0.02974 -0.51252
v 0.08803 0.03059 -0.51361
v 0.08635 0.02717 -0.50459
v 0.08553 0.02974 -0.50486
v 0.08308 0.03059 -0.50565
v 0.08103 0.02717 -0.49588
v 0.08019 0.02974 -0.49603
v 0.0777 0.03059 -0.49648
v 0.07581 0.02717 -0.48656
v 0.07495 0.02974 -0.4866
v 0.07239 0.03059 -0.4867
v 0.06671 0.02717 -0.46783
v 0.06586 0.02974 -0.46786
v 0.06332 0.03059 -0.46795
v 0.05868 0.02717 -0.44861
v 0.05782 0.02974 -0.44864
v 0.05526 0.03059 -0.44875
v 0.05152 0.02717 -0.42968
v 0.05066 0.02974 -0.42971
v 0.04808 0.03059 -0.42982
v 0.04487 0.02717 -0.41056
v 0.04401 0.02974 -0.41059
v 0.04144 0.03059 -0.4107
v 0.03795 0.02717 -0.39056
v 0.03709 0.02974 -0.39062
v 0.03452 0.03059 -0.39078
v 0.03164 0.02717 -0.37039
v 0.03079 0.02974 -0.37046
v 0.02822 0.03059 -0.37068
v 0.02677 0.02717 -0.35234
v 0.02591 0.02974 -0.3524
v 0.02334 0.03059 -0.35257
v 0.02247 0.02717 -0.33414
v 0.02161 0.02974 -0.33418
v 0.01904 0.03059 -0.3343
v 0.01806 0.02717 -0.31505
v 0.01721 0.02974 -0.31509
v 0.01464 0.03059 -0.31522
v 0.01422 0.02717 -0.29586
v 0.01336 0.02974 -0.2959
v 0.01079 0.03059 -0.29603
v 0.01098 0.02717 -0.27674
v 0.01013 0.02974 -0.27678
v 0.00755 0.03059 -0.27692
v 0.00757 0.02974 -0.25756
v -0.00252 -0.03135 -0.20823
v -0.00125 -0.0278 -0.19233
v -0.00533 -0.03312 -0.22435
v -0.01787 -0.0351 -0.24422
v -0.03094 -0.03312 -0.26351
v -0.00328 -0.03135 -0.19237
v -0.00117 -0.0278 -0.16858
v -0.00657 -0.03312 -0.20849
v -0.01904 -0.03504 -0.22501
v -0.03202 -0.03312 -0.24458
v -0.0032 -0.03135 -0.16856
v -0.00108 -0.0278 -0.16036
v -0.00733 -0.03312 -0.19246
v -0.01987 -0.03499 -0.20915
v -0.02022 -0.03493 -0.19314
v -0.00311 -0.03135 -0.16121
v -0.0047 -0.0278 -0.15163
v -0.00725 -0.03312 -0.16853
v -0.02004 -0.03492 -0.16934
v -0.00673 -0.03135 -0.15247
v -0.01129 -0.0278 -0.14519
v -0.00719 -0.03312 -0.16289
v -0.0108 -0.03312 -0.15416
v -0.01209 -0.03135 -0.14724
v -0.01933 -0.0278 -0.14384
v -0.01368 -0.03312 -0.15135
v -0.0193 -0.03135 -0.14587
v -0.02649 -0.03135 -0.14774
v -0.02735 -0.0278 -0.14574
v -0.03459 -0.0278 -0.15287
v -0.01924 -0.03312 -0.14992
v -0.02477 -0.03312 -0.15173
v -0.0326 -0.03135 -0.15376
v -0.03851 -0.0278 -0.16161
v -0.02864 -0.03312 -0.15554
v -0.03652 -0.03135 -0.1625
v -0.03892 -0.0278 -0.16988
v -0.03284 -0.03312 -0.17006
v -0.03255 -0.03312 -0.16428
v -0.03689 -0.03135 -0.16994
v -0.03919 -0.0278 -0.19364
v -0.03717 -0.03135 -0.19366
v -0.03926 -0.0278 -0.20965
v -0.03312 -0.03312 -0.19369
v -0.03723 -0.03135 -0.20963
v -0.03885 -0.0278 -0.22566
v -0.03318 -0.03312 -0.20959
v -0.03682 -0.03135 -0.22559
v -0.03809 -0.0278 -0.24487
v -0.03277 -0.03312 -0.22546
v -0.03606 -0.03135 -0.24478
v -0.03699 -0.0278 -0.26407
v -0.03498 -0.03135 -0.26388
v -0.03498 -0.0278 -0.28324
v -0.03297 -0.03135 -0.283
v -0.03238 -0.0278 -0.30242
v -0.03037 -0.03135 -0.30216
v -0.02958 -0.0278 -0.3216
v -0.02758 -0.03135 -0.32127
v -0.02612 -0.0278 -0.34073
v -0.02413 -0.03135 -0.34035
v -0.02234 -0.0278 -0.35983
v -0.02036 -0.03135 -0.3594
v -0.01797 -0.0278 -0.37886
v -0.016 -0.03135 -0.37839
v -0.01316 -0.0278 -0.3981
v -0.0112 -0.03135 -0.39759
v -0.00792 -0.0278 -0.41723
v -0.00597 -0.03135 -0.41665
v -0.00654 -0.0278 -0.42159
v -0.00481 -0.03135 -0.42033
v -0.00078 -0.0278 -0.42945
v -0.00136 -0.03312 -0.4178
v 0.00094 -0.03135 -0.42819
v 0.00439 -0.03312 -0.42566
v 0.00913 -0.03135 -0.43394
v 0.01034 -0.03312 -0.42984
v 0.01591 -0.03312 -0.43187
v 0.08824 -0.0342 -0.53393
v 0.08677 -0.0342 -0.53276
v 0.08923 -0.0342 -0.53552
v 0.08688 -0.0342 -0.53514
v 0.08753 -0.0342 -0.5362
v 0.0859 -0.0342 -0.53437
v 0.08778 -0.0342 -0.53741
v 0.08499 -0.0342 -0.53218
v 0.08472 -0.0342 -0.53398
v 0.08961 -0.0342 -0.53736
v 0.0876 -0.0342 -0.53864
v 0.08311 -0.0342 -0.53223
v 0.08348 -0.0342 -0.53402
v 0.08137 -0.0342 -0.53293
v 0.08233 -0.0342 -0.53448
v 0.07997 -0.0342 -0.53418
v 0.0814 -0.0342 -0.53531
v 0.07908 -0.0342 -0.53583
v 0.08081 -0.0342 -0.5364
v 0.07881 -0.0342 -0.53769
v 0.08064 -0.0342 -0.53763
v 0.07919 -0.0342 -0.53952
v 0.08089 -0.0342 -0.53885
v 0.08018 -0.0342 -0.54112
v 0.08154 -0.0342 -0.5399
v 0.08165 -0.0342 -0.54228
v 0.08252 -0.0342 -0.54067
v 0.08343 -0.0342 -0.54287
v 0.0837 -0.0342 -0.54106
v 0.08531 -0.0342 -0.54281
v 0.08494 -0.0342 -0.54102
v 0.08705 -0.0342 -0.54212
v 0.08609 -0.0342 -0.54056
v 0.08845 -0.0342 -0.54087
v 0.08702 -0.0342 -0.53974
v 0.08934 -0.0342 -0.53921
v 0.08295 -0.03089 -0.53987
v 0.08222 -0.03089 -0.53929
v 0.08174 -0.03089 -0.53851
v 0.08383 -0.03089 -0.54015
v 0.08155 -0.03089 -0.5376
v 0.08475 -0.03089 -0.54013
v 0.08168 -0.03089 -0.53669
v 0.08561 -0.03089 -0.53978
v 0.08212 -0.03089 -0.53587
v 0.0863 -0.03089 -0.53917
v 0.08281 -0.03089 -0.53526
v 0.08674 -0.03089 -0.53836
v 0.08367 -0.03089 -0.53492
v 0.08687 -0.03089 -0.53744
v 0.08459 -0.03089 -0.53489
v 0.08668 -0.03089 -0.53654
v 0.08547 -0.03089 -0.53518
v 0.08619 -0.03089 -0.53575
v -0.0329 -0.0104 0.03838
v -0.03454 -0.0104 0.04372
v -0.03114 -0.0104 0.03452
v -0.0351 -0.0104 0.04822
v -0.02937 -0.0104 0.03014
v -0.03447 -0.0104 0.05641
v -0.02777 -0.0104 0.02593
v -0.03224 -0.0104 0.06351
v -0.02813 -0.0104 0.07023
v -0.02587 -0.0104 0.02031
v -0.02385 -0.0104 0.07497
v -0.0247 -0.0104 0.01591
v -0.02396 -0.0104 0.01232
v -0.02041 -0.0104 0.07753
v -0.02323 -0.0104 0.00872
v -0.01739 -0.0104 0.07926
v -0.02249 -0.0104 0.00512
v -0.02176 -0.0104 0.00152
v -0.02132 -0.0104 -0.0132
v -0.02146 -0.0104 -0.02901
v 0.05868 0.01157 -0.44861
v 0.05152 0.01157 -0.42968
v 0.06671 0.01157 -0.46783
v 0.04487 0.01157 -0.41056
v 0.03795 0.01157 -0.39056
v 0.07581 0.01157 -0.48656
v 0.03164 0.01157 -0.37039
v 0.08103 0.01157 -0.49588
v 0.08635 0.01157 -0.50459
v 0.02677 0.01157 -0.35234
v 0.09121 0.01157 -0.51215
v 0.02247 0.01157 -0.33414
v 0.09537 0.01157 -0.51787
v 0.01806 0.01157 -0.31505
v 0.09922 0.01157 -0.52184
v 0.01422 0.01157 -0.29586
v 0.10272 0.01157 -0.52275
v 0.01098 0.01157 -0.27674
v 0.10646 0.01157 -0.52577
v 0.00843 0.01157 -0.25752
v 0.10733 0.01157 -0.53107
v 0.00636 0.01157 -0.23836
v 0.10573 0.01157 -0.53766
v 0.00473 0.01157 -0.21915
v 0.10289 0.01157 -0.54337
v 0.00346 0.01157 -0.20341
v 0.00266 0.01157 -0.18766
v 0.00268 0.01157 -0.16391
v 0.00289 0.01157 -0.14016
v 0.00372 0.01157 -0.11642
v 0.00508 0.01157 -0.10114
v 0.00621 0.01157 -0.08586
v 0.00791 0.01157 -0.07034
v 0.00906 0.01157 -0.06071
v 0.01203 0.01157 -0.04044
v 0.01447 0.01157 -0.01919
v 0.01537 0.01157 -0.00203
v -0.01136 0.03094 0.02422
v -0.01145 0.03094 0.0248
v -0.00333 0.03187 0.02259
v -0.01019 0.03094 0.01674
v -0.01318 0.03031 0.02404
v -0.01202 0.03031 0.01658
v -0.01293 0.02904 0.01651
v -0.01205 0.02904 0.00904
v -0.01409 0.02904 0.02395
v -0.01114 0.03031 0.0091
v -0.01161 0.02904 0.00238
v -0.01339 0.03031 0.02534
v -0.01435 0.02904 0.02562
v -0.0107 0.03031 0.0024
v -0.01006 0.03094 0.02788
v -0.01144 0.02904 -0.0043
v -0.01199 0.03031 0.02842
v -0.01295 0.02904 0.02869
v -0.00968 0.03094 0.02816
v -0.01028 0.03031 0.0297
v -0.01058 0.02904 0.03048
v -0.00742 0.02904 0.03107
v -0.0073 0.03031 0.03031
v -0.00706 0.03094 0.02877
v -0.00427 0.03094 0.02855
v -0.00411 0.03031 0.02999
v -0.00403 0.02904 0.03071
v -0.00087 0.02904 0.03001
v -0.00115 0.03031 0.02931
v 0.00195 0.02904 0.02879
v -0.00171 0.03094 0.0279
v 0.00149 0.03031 0.02812
v 0.00457 0.03031 0.02551
v 0.00546 0.02904 0.02582
v 0.00057 0.03094 0.02678
v 0.00281 0.03094 0.02489
v 0.00462 0.03094 0.02173
v 0.00638 0.03031 0.02235
v 0.00727 0.02904 0.02266
v 0.00472 0.03094 0.02087
v 0.00655 0.03031 0.02098
v 0.00747 0.02904 0.02104
v -0.00248 0.03183 0.01538
v 0.00524 0.03094 0.0139
v 0.00708 0.03031 0.01396
v 0.00799 0.02904 0.014
v -0.00931 0.03094 0.0092
v -0.00187 0.03179 0.00809
v -0.00886 0.03094 0.00245
v -0.01053 0.03031 -0.00429
v -0.01131 0.02904 -0.01127
v 0.00556 0.03094 0.00689
v -0.00158 0.03177 0.00126
v -0.00869 0.03094 -0.00426
v -0.0104 0.03031 -0.01127
v -0.01143 0.02904 -0.01823
v 0.0074 0.03031 0.00693
v 0.00831 0.02904 0.00695
v 0.00571 0.03094 -0.00001
v 0.00754 0.03031 -0
v 0.00846 0.02904 -0
v -0.00155 0.03176 -0.00554
v 0.00559 0.03094 -0.00688
v 0.00742 0.03031 -0.00691
v 0.00834 0.02904 -0.00693
v -0.00856 0.03094 -0.01126
v -0.00162 0.03174 -0.01246
v 0.00533 0.03094 -0.01374
v 0.00716 0.03031 -0.01381
v 0.00807 0.02904 -0.01384
v -0.01052 0.03031 -0.01825
v -0.01182 0.02904 -0.02512
v -0.00868 0.03094 -0.01829
v -0.0109 0.03031 -0.02516
v -0.01252 0.02904 -0.03199
v -0.00196 0.03171 -0.01938
v -0.00907 0.03094 -0.02525
v -0.01161 0.03031 -0.03206
v -0.01342 0.02904 -0.03882
v 0.00477 0.03094 -0.02055
v -0.00248 0.03169 -0.0263
v -0.00978 0.03094 -0.03219
v -0.01251 0.03031 -0.0389
v -0.01453 0.02904 -0.04562
v 0.00659 0.03031 -0.02067
v 0.00751 0.02904 -0.02072
v 0.00412 0.03094 -0.0274
v 0.00594 0.03031 -0.02753
v 0.00686 0.02904 -0.02759
v -0.00328 0.03168 -0.03315
v 0.00322 0.03094 -0.03416
v 0.00504 0.03031 -0.03433
v 0.00595 0.02904 -0.03441
v -0.01069 0.03094 -0.03907
v -0.00438 0.03166 -0.03991
v 0.00191 0.03094 -0.04083
v 0.00372 0.03031 -0.04106
v 0.00463 0.02904 -0.04117
v -0.01362 0.03031 -0.04571
v -0.01547 0.02904 -0.05119
v -0.0118 0.03094 -0.0459
v -0.01456 0.03031 -0.0513
v -0.01662 0.02904 -0.05674
v -0.00567 0.03164 -0.04668
v -0.01274 0.03094 -0.05151
v -0.01571 0.03031 -0.05688
v -0.01888 0.02904 -0.065
v 0.00045 0.03094 -0.04754
v -0.00679 0.03161 -0.05226
v -0.01799 0.03031 -0.06516
v -0.0197 0.02904 -0.06785
v -0.01391 0.03094 -0.05714
v -0.00814 0.03159 -0.05786
v -0.01872 0.03031 -0.06771
v -0.01891 0.02904 -0.07116
v -0.0162 0.03094 -0.06547
v -0.01046 0.03159 -0.06613
v -0.01793 0.03031 -0.07102
v -0.0166 0.02904 -0.07389
v -0.01675 0.03094 -0.06742
v -0.01597 0.03094 -0.07073
v -0.01606 0.03031 -0.07323
v -0.01317 0.02904 -0.07495
v -0.01496 0.03094 -0.07192
v -0.01299 0.03031 -0.07425
v -0.00963 0.03031 -0.07413
v -0.00944 0.02904 -0.07488
v -0.00556 0.02904 -0.07294
v -0.01264 0.03094 -0.07283
v -0.01002 0.03094 -0.07261
v -0.00636 0.03031 -0.07248
v -0.00301 0.02904 -0.07018
v -0.00795 0.03094 -0.07157
v -0.0038 0.03031 -0.06973
v -0.00205 0.02904 -0.06734
v -0.00472 0.03094 -0.06682
v -0.00539 0.03094 -0.06882
v -0.00294 0.03031 -0.06717
v 0.00031 0.02904 -0.05909
v -0.00059 0.03031 -0.05893
v 0.00184 0.02904 -0.05352
v -0.00238 0.03094 -0.05862
v 0.00094 0.03031 -0.05338
v 0.00316 0.02904 -0.04792
v -0.00086 0.03094 -0.05309
v 0.00226 0.03031 -0.04779
v 0.03426 0.03059 -0.48872
v 0.03405 0.03059 -0.48814
v 0.03661 0.03059 -0.49148
v 0.03975 0.03059 -0.49327
v 0.04332 0.03059 -0.49387
v 0.04688 0.03059 -0.49322
v 0.033 0.03059 -0.48533
v 0.03298 0.03059 -0.48171
v 0.0342 0.03059 -0.4783
v 0.0365 0.03059 -0.47551
v 0.03963 0.03059 -0.47368
v 0.05001 0.03059 -0.49139
v 0.05232 0.03059 -0.4886
v 0.05276 0.03059 -0.48737
v 0.05353 0.03059 -0.48519
v 0.05351 0.03059 -0.48157
v 0.05225 0.03059 -0.47818
v 0.0499 0.03059 -0.47542
v 0.04676 0.03059 -0.47363
v 0.04319 0.03059 -0.47303
v 0.06783 0.03059 -0.5657
v 0.07691 0.03059 -0.56146
v 0.0889 0.03059 -0.54957
v 0.10114 0.03059 -0.53815
v 0.03806 0.03059 -0.44933
v 0.03807 0.03059 -0.45027
v 0.03685 0.03059 -0.45368
v 0.03455 0.03059 -0.45647
v 0.03142 0.03059 -0.4583
v 0.03805 0.03059 -0.44665
v 0.02786 0.03059 -0.45895
v 0.03679 0.03059 -0.44326
v 0.03444 0.03059 -0.4405
v 0.0313 0.03059 -0.43871
v -0.01778 0.03059 -0.13889
v -0.01465 0.03059 -0.13706
v -0.01234 0.03059 -0.13427
v -0.02134 0.03059 -0.13954
v -0.02491 0.03059 -0.13893
v -0.02805 0.03059 -0.13714
v -0.0304 0.03059 -0.13439
v -0.03166 0.03059 -0.13099
v -0.03168 0.03059 -0.12737
v -0.03047 0.03059 -0.12396
v -0.01113 0.03059 -0.13086
v -0.01115 0.03059 -0.12724
v -0.02816 0.03059 -0.12117
v -0.02503 0.03059 -0.11934
v -0.01241 0.03059 -0.12384
v -0.02147 0.03059 -0.11869
v -0.0179 0.03059 -0.1193
v -0.01476 0.03059 -0.12109
v -0.00822 0.03059 -0.09605
v -0.007 0.03059 -0.09264
v -0.01053 0.03059 -0.09884
v -0.01365 0.03059 -0.10067
v -0.00703 0.03059 -0.08902
v -0.01721 0.03059 -0.10132
v -0.02078 0.03059 -0.10072
v -0.02393 0.03059 -0.09893
v -0.02627 0.03059 -0.09617
v -0.02753 0.03059 -0.09277
v -0.02756 0.03059 -0.08915
v -0.02744 0.03059 -0.08882
v -0.02634 0.03059 -0.08574
v -0.02403 0.03059 -0.08296
v -0.02091 0.03059 -0.08113
v -0.01735 0.03059 -0.08047
v -0.01378 0.03059 -0.08108
v -0.01063 0.03059 -0.08287
v -0.00829 0.03059 -0.08563
v -0.00781 0.03059 -0.0869
v 0.02429 0.03059 -0.45835
v 0.02115 0.03059 -0.45656
v 0.0188 0.03059 -0.4538
v 0.01754 0.03059 -0.4504
v 0.01754 0.03059 -0.45019
v 0.01752 0.03059 -0.44678
v 0.01873 0.03059 -0.44337
v 0.02104 0.03059 -0.44059
v 0.02417 0.03059 -0.43876
v 0.02773 0.03059 -0.4381
v 0.00468 -0.03032 0.02181
v 0.00287 -0.03032 0.02497
v 0.00479 -0.03032 0.02096
v 0.00464 -0.02968 0.02559
v 0.00645 -0.02968 0.02243
v 0.00552 -0.02841 0.02591
v 0.00733 -0.02841 0.02275
v 0.00201 -0.02841 0.02887
v 0.00662 -0.02968 0.02107
v 0.00753 -0.02841 0.02112
v 0.00155 -0.02968 0.0282
v -0.00108 -0.02968 0.02939
v -0.0008 -0.02841 0.0301
v 0.00063 -0.03032 0.02686
v -0.00164 -0.03032 0.02798
v -0.00405 -0.02968 0.03007
v -0.00397 -0.02841 0.03079
v -0.00736 -0.02841 0.03116
v -0.00421 -0.03032 0.02863
v -0.00326 -0.03125 0.02267
v -0.00724 -0.02968 0.03039
v -0.01021 -0.02968 0.02979
v -0.01051 -0.02841 0.03056
v -0.01289 -0.02841 0.02878
v -0.007 -0.03032 0.02885
v -0.00962 -0.03032 0.02824
v -0.01192 -0.02968 0.02851
v -0.01429 -0.02841 0.0257
v -0.01139 -0.03032 0.02488
v -0.00999 -0.03032 0.02796
v -0.01332 -0.02968 0.02543
v -0.01403 -0.02841 0.02404
v -0.01312 -0.02968 0.02412
v -0.01286 -0.02841 0.01659
v -0.0113 -0.03032 0.0243
v -0.01195 -0.02968 0.01667
v -0.01199 -0.02841 0.00913
v -0.01013 -0.03032 0.01682
v -0.01107 -0.02968 0.00918
v -0.01155 -0.02841 0.00246
v -0.00242 -0.0312 0.01546
v -0.00924 -0.03032 0.00928
v -0.01063 -0.02968 0.00249
v -0.01138 -0.02841 -0.00422
v 0.00531 -0.03032 0.01398
v -0.00181 -0.03116 0.00817
v -0.0088 -0.03032 0.00254
v -0.01046 -0.02968 -0.0042
v -0.01125 -0.02841 -0.01118
v 0.00714 -0.02968 0.01405
v 0.00805 -0.02841 0.01408
v 0.00563 -0.03032 0.00697
v 0.00746 -0.02968 0.00701
v 0.00838 -0.02841 0.00703
v -0.00151 -0.03115 0.00134
v 0.00577 -0.03032 0.00008
v 0.00761 -0.02968 0.00008
v 0.00852 -0.02841 0.00008
v -0.00863 -0.03032 -0.00418
v -0.00149 -0.03114 -0.00545
v 0.00565 -0.03032 -0.0068
v 0.00749 -0.02968 -0.00683
v 0.0084 -0.02841 -0.00685
v -0.01033 -0.02968 -0.01118
v -0.01137 -0.02841 -0.01814
v -0.0085 -0.03032 -0.01118
v -0.01045 -0.02968 -0.01817
v -0.01176 -0.02841 -0.02504
v -0.00155 -0.03111 -0.01238
v -0.00862 -0.03032 -0.01821
v -0.01084 -0.02968 -0.02508
v -0.01246 -0.02841 -0.03191
v 0.00539 -0.03032 -0.01366
v -0.00189 -0.03108 -0.01929
v -0.00901 -0.03032 -0.02517
v -0.01154 -0.02968 -0.03198
v -0.01336 -0.02841 -0.03873
v 0.00722 -0.02968 -0.01372
v 0.00814 -0.02841 -0.01376
v 0.00483 -0.03032 -0.02047
v 0.00666 -0.02968 -0.02058
v 0.00757 -0.02841 -0.02064
v -0.00241 -0.03107 -0.02622
v 0.00418 -0.03032 -0.02731
v 0.00601 -0.02968 -0.02744
v 0.00692 -0.02841 -0.02751
v -0.00972 -0.03032 -0.03211
v -0.00322 -0.03106 -0.03307
v 0.00328 -0.03032 -0.03408
v 0.0051 -0.02968 -0.03425
v 0.00601 -0.02841 -0.03433
v -0.01245 -0.02968 -0.03882
v -0.01447 -0.02841 -0.04553
v -0.01063 -0.03032 -0.03898
v -0.01356 -0.02968 -0.04563
v -0.0154 -0.02841 -0.05111
v -0.00432 -0.03103 -0.03983
v -0.01174 -0.03032 -0.04581
v -0.0145 -0.02968 -0.05122
v -0.01655 -0.02841 -0.05666
v 0.00198 -0.03032 -0.04074
v -0.0056 -0.03101 -0.0466
v -0.01268 -0.03032 -0.05143
v -0.01565 -0.02968 -0.05679
v -0.01882 -0.02841 -0.06492
v 0.00379 -0.02968 -0.04098
v 0.00469 -0.02841 -0.04109
v 0.00052 -0.03032 -0.04746
v 0.00232 -0.02968 -0.04771
v 0.00322 -0.02841 -0.04784
v -0.00673 -0.03099 -0.05218
v -0.0008 -0.03032 -0.05301
v 0.001 -0.02968 -0.05329
v 0.0019 -0.02841 -0.05344
v -0.00232 -0.03032 -0.05854
v -0.00808 -0.03097 -0.05778
v -0.00053 -0.02968 -0.05885
v 0.00037 -0.02841 -0.059
v -0.00466 -0.03032 -0.06674
v -0.01385 -0.03032 -0.05706
v -0.00288 -0.02968 -0.06708
v -0.00199 -0.02841 -0.06725
v -0.00533 -0.03032 -0.06873
v -0.00374 -0.02968 -0.06964
v -0.00294 -0.02841 -0.0701
v -0.00789 -0.03032 -0.07149
v -0.01039 -0.03097 -0.06605
v -0.0063 -0.02968 -0.0724
v -0.0055 -0.02841 -0.07285
v -0.00957 -0.02968 -0.07404
v -0.00938 -0.02841 -0.0748
v -0.0131 -0.02841 -0.07487
v -0.00995 -0.03032 -0.07252
v -0.01293 -0.02968 -0.07416
v -0.01258 -0.03032 -0.07275
v -0.01599 -0.02968 -0.07315
v -0.0149 -0.03032 -0.07184
v -0.01654 -0.02841 -0.07381
v -0.01591 -0.03032 -0.07065
v -0.01787 -0.02968 -0.07093
v -0.01885 -0.02841 -0.07108
v -0.01669 -0.03032 -0.06734
v -0.01865 -0.02968 -0.06763
v -0.01963 -0.02841 -0.06777
v -0.01613 -0.03032 -0.06538
v -0.01792 -0.02968 -0.06507
v 0.03426 -0.02942 -0.48872
v 0.03405 -0.02942 -0.48814
v 0.03661 -0.02942 -0.49148
v 0.03975 -0.02942 -0.49327
v 0.04332 -0.02942 -0.49387
v 0.04688 -0.02942 -0.49322
v 0.033 -0.02942 -0.48533
v 0.03298 -0.02942 -0.48171
v 0.0342 -0.02942 -0.4783
v 0.0365 -0.02942 -0.47551
v 0.03963 -0.02942 -0.47368
v 0.07239 -0.02942 -0.4867
v 0.05001 -0.02942 -0.49139
v 0.05232 -0.02942 -0.4886
v 0.05276 -0.02942 -0.48737
v 0.0777 -0.02942 -0.49648
v 0.08308 -0.02942 -0.50565
v 0.08803 -0.02942 -0.51361
v 0.06332 -0.02942 -0.46795
v 0.0924 -0.02942 -0.51958
v 0.05353 -0.02942 -0.48519
v 0.05351 -0.02942 -0.48157
v 0.05225 -0.02942 -0.47818
v 0.0499 -0.02942 -0.47542
v 0.04676 -0.02942 -0.47363
v 0.04319 -0.02942 -0.47303
v 0.05526 -0.02942 -0.44875
v 0.06783 -0.02942 -0.5657
v 0.07691 -0.02942 -0.56146
v 0.0889 -0.02942 -0.54957
v 0.0894 -0.02942 -0.55138
v 0.09962 -0.02942 -0.52525
v 0.1018 -0.02942 -0.54012
v 0.10114 -0.02942 -0.53815
v 0.10237 -0.02942 -0.52616
v 0.10384 -0.02942 -0.5368
v 0.1051 -0.02942 -0.52892
v 0.10507 -0.02942 -0.53365
v 0.03807 -0.02942 -0.44933
v 0.03807 -0.02942 -0.45027
v 0.03686 -0.02942 -0.45368
v 0.03455 -0.02942 -0.45647
v 0.03142 -0.02942 -0.4583
v 0.04808 -0.02942 -0.42982
v 0.03805 -0.02942 -0.44665
v 0.02786 -0.02942 -0.45895
v 0.03679 -0.02942 -0.44326
v 0.03444 -0.02942 -0.4405
v 0.0313 -0.02942 -0.43871
v 0.04144 -0.02942 -0.4107
v 0.03452 -0.02942 -0.39078
v 0.02822 -0.02942 -0.37068
v 0.02334 -0.02942 -0.35257
v 0.01904 -0.02942 -0.3343
v 0.01464 -0.02942 -0.31522
v 0.01079 -0.02942 -0.29603
v 0.00755 -0.02942 -0.27692
v 0.005 -0.02942 -0.2577
v 0.00293 -0.02942 -0.23854
v 0.0013 -0.02942 -0.21933
v -0.01778 -0.02942 -0.13889
v -0.01465 -0.02942 -0.13706
v -0.01234 -0.02942 -0.13427
v -0.02134 -0.02942 -0.13954
v -0.02491 -0.02942 -0.13893
v -0.02805 -0.02942 -0.13714
v -0.01113 -0.02942 -0.13086
v -0.0304 -0.02942 -0.13439
v -0.03166 -0.02942 -0.13099
v -0.03168 -0.02942 -0.12737
v -0.03047 -0.02942 -0.12396
v -0.01115 -0.02942 -0.12724
v -0.01241 -0.02942 -0.12384
v -0.02816 -0.02942 -0.12117
v -0.02503 -0.02942 -0.11934
v -0.02147 -0.02942 -0.11869
v -0.01476 -0.02942 -0.12109
v -0.0179 -0.02942 -0.1193
v -0.00822 -0.02942 -0.09605
v -0.007 -0.02942 -0.09264
v -0.01053 -0.02942 -0.09884
v -0.01365 -0.02942 -0.10067
v -0.00703 -0.02942 -0.08902
v -0.01721 -0.02942 -0.10132
v -0.02078 -0.02942 -0.10072
v -0.02393 -0.02942 -0.09893
v -0.02627 -0.02942 -0.09617
v -0.02753 -0.02942 -0.09277
v -0.02756 -0.02942 -0.08915
v -0.02744 -0.02942 -0.08882
v -0.02634 -0.02942 -0.08574
v -0.02403 -0.02942 -0.08296
v -0.02091 -0.02942 -0.08113
v -0.01735 -0.02942 -0.08047
v -0.01378 -0.02942 -0.08108
v -0.01063 -0.02942 -0.08287
v -0.00829 -0.02942 -0.08563
v -0.00781 -0.02942 -0.0869
v 0.02429 -0.02942 -0.45835
v 0.02115 -0.02942 -0.45656
v 0.0188 -0.02942 -0.4538
v 0.01754 -0.02942 -0.4504
v 0.01754 -0.02942 -0.45019
v 0.01752 -0.02942 -0.44678
v 0.01873 -0.02942 -0.44337
v 0.02104 -0.02942 -0.44059
v 0.02417 -0.02942 -0.43876
v 0.02773 -0.02942 -0.4381
v 0.00636 -0.02599 -0.23836
v 0.0055 -0.02856 -0.2384
v 0.00843 -0.02599 -0.25752
v 0.00757 -0.02856 -0.25756
v 0.01013 -0.02856 -0.27678
v 0.01098 -0.02599 -0.27674
v 0.01336 -0.02856 -0.2959
v 0.01422 -0.02599 -0.29586
v 0.01721 -0.02856 -0.31509
v 0.01806 -0.02599 -0.31505
v 0.02161 -0.02856 -0.33418
v 0.02247 -0.02599 -0.33414
v 0.02591 -0.02856 -0.3524
v 0.02677 -0.02599 -0.35234
v 0.03079 -0.02856 -0.37046
v 0.03164 -0.02599 -0.37039
v 0.03709 -0.02856 -0.39062
v 0.03795 -0.02599 -0.39056
v 0.04401 -0.02856 -0.41059
v 0.04487 -0.02599 -0.41056
v 0.05066 -0.02856 -0.42971
v 0.05152 -0.02599 -0.42968
v 0.05782 -0.02856 -0.44864
v 0.05868 -0.02599 -0.44861
v 0.06586 -0.02856 -0.46786
v 0.06671 -0.02599 -0.46783
v 0.07495 -0.02856 -0.4866
v 0.07581 -0.02599 -0.48656
v 0.08019 -0.02856 -0.49603
v 0.08103 -0.02599 -0.49588
v 0.08553 -0.02856 -0.50486
v 0.08635 -0.02599 -0.50459
v 0.09041 -0.02856 -0.51252
v 0.09121 -0.02599 -0.51215
v 0.09463 -0.02856 -0.5183
v 0.09537 -0.02599 -0.51787
v 0.09922 -0.02599 -0.52184
v 0.09932 -0.02856 -0.5227
v 0.10272 -0.02599 -0.52275
v 0.10263 -0.02856 -0.5236
v 0.10646 -0.02599 -0.52577
v 0.10612 -0.02856 -0.52656
v 0.10733 -0.02599 -0.53107
v 0.10676 -0.02856 -0.53172
v 0.10573 -0.02599 -0.53766
v 0.10492 -0.02856 -0.53737
v 0.10262 -0.02856 -0.54256
v 0.10289 -0.02599 -0.54337
v 0.09008 -0.02856 -0.55386
v 0.08 -0.02856 -0.56278
v -0.02294 -0.0104 -0.0452
v -0.0264 -0.0104 -0.06107
v -0.03159 -0.0104 -0.0758
v -0.03938 -0.0104 -0.08999
v -0.04113 -0.0104 -0.10399
v -0.04233 -0.0104 -0.11798
v -0.04503 -0.0104 -0.14179
v -0.0468 -0.0104 -0.16558
v -0.04784 -0.0104 -0.18934
v -0.04834 -0.0104 -0.20538
v -0.04822 -0.0104 -0.2214
v -0.04741 -0.0104 -0.24062
v -0.04608 -0.0104 -0.2598
v -0.04428 -0.0104 -0.27899
v -0.04204 -0.0104 -0.29814
v -0.03936 -0.0104 -0.31731
v -0.03635 -0.0104 -0.33642
v -0.03232 -0.0104 -0.35558
v -0.02789 -0.0104 -0.37467
v -0.02304 -0.0104 -0.39382
v -0.01763 -0.0104 -0.41286
v -0.01153 -0.0104 -0.43202
v -0.00487 -0.0104 -0.45098
v 0.00283 -0.0104 -0.47009
v 0.01077 -0.0104 -0.48904
v 0.01825 -0.0104 -0.50656
v 0.02523 -0.0104 -0.52298
v 0.03205 -0.0104 -0.53685
v 0.03926 -0.0104 -0.55005
v 0.04744 -0.0104 -0.56126
v 0.05277 -0.0104 -0.56692
v 0.05721 -0.0104 -0.57122
v 0.06016 -0.0104 -0.57398
v -0.04608 0.01157 -0.2598
v -0.04741 0.01157 -0.24062
v -0.04822 0.01157 -0.2214
v -0.04834 0.01157 -0.20538
v -0.04784 0.01157 -0.18934
v -0.0468 0.01157 -0.16558
v -0.04503 0.01157 -0.14179
v -0.04233 0.01157 -0.11798
v -0.04113 0.01157 -0.10399
v -0.03938 0.01157 -0.08999
v -0.03159 0.01157 -0.0758
v -0.0264 0.01157 -0.06107
v -0.02294 0.01157 -0.0452
v -0.02146 0.01157 -0.02901
v -0.02132 0.01157 -0.0132
v -0.02176 0.01157 0.00152
v -0.02249 0.01157 0.00512
v -0.02323 0.01157 0.00872
v -0.02396 0.01157 0.01232
v -0.0247 0.01157 0.01591
v -0.02587 0.01157 0.02031
v -0.02777 0.01157 0.02593
v -0.02937 0.01157 0.03014
v -0.03114 0.01157 0.03452
v -0.0329 0.01157 0.03838
v -0.03454 0.01157 0.04372
v -0.0351 0.01157 0.04822
v -0.03447 0.01157 0.05641
v -0.03224 0.01157 0.06351
v -0.02813 0.01157 0.07023
v -0.02385 0.01157 0.07497
v -0.02041 0.01157 0.07753
v -0.01739 0.01157 0.07926
v 0.01447 -0.0104 -0.01919
v 0.01537 -0.0104 -0.00203
v 0.01203 -0.0104 -0.04044
v 0.00906 -0.0104 -0.06071
v 0.00791 -0.0104 -0.07034
v 0.00621 -0.0104 -0.08586
v 0.00508 -0.0104 -0.10114
v 0.00372 -0.0104 -0.11642
v 0.00289 -0.0104 -0.14016
v 0.00268 -0.0104 -0.16391
v 0.00266 -0.0104 -0.18766
v 0.00346 -0.0104 -0.20341
v 0.00473 -0.0104 -0.21915
v 0.00636 -0.0104 -0.23836
v 0.00843 -0.0104 -0.25752
v 0.01098 -0.0104 -0.27674
v 0.01422 -0.0104 -0.29586
v 0.01806 -0.0104 -0.31505
v -0.007 -0.0104 -0.09264
v -0.00822 -0.0104 -0.09605
v -0.00703 -0.0104 -0.08902
v -0.01053 -0.0104 -0.09884
v -0.00781 -0.0104 -0.0869
v -0.01365 -0.0104 -0.10067
v -0.00829 -0.0104 -0.08563
v -0.01721 -0.0104 -0.10132
v -0.01063 -0.0104 -0.08287
v -0.02078 -0.0104 -0.10072
v -0.01378 -0.0104 -0.08108
v -0.02393 -0.0104 -0.09893
v -0.01735 -0.0104 -0.08047
v -0.02627 -0.0104 -0.09617
v -0.02091 -0.0104 -0.08113
v -0.02753 -0.0104 -0.09277
v -0.02756 -0.0104 -0.08915
v -0.02403 -0.0104 -0.08296
v -0.02634 -0.0104 -0.08574
v -0.02744 -0.0104 -0.08882
v 0.01873 -0.0104 -0.44337
v 0.02104 -0.0104 -0.44059
v 0.02417 -0.0104 -0.43876
v 0.01752 -0.0104 -0.44678
v 0.02773 -0.0104 -0.4381
v 0.01754 -0.0104 -0.45019
v 0.0313 -0.0104 -0.43871
v 0.01754 -0.0104 -0.4504
v 0.03444 -0.0104 -0.4405
v 0.0188 -0.0104 -0.4538
v 0.02115 -0.0104 -0.45656
v 0.03679 -0.0104 -0.44326
v 0.02429 -0.0104 -0.45835
v 0.03805 -0.0104 -0.44665
v 0.02786 -0.0104 -0.45895
v 0.03807 -0.0104 -0.44933
v 0.03142 -0.0104 -0.4583
v 0.03807 -0.0104 -0.45027
v 0.03686 -0.0104 -0.45368
v 0.03455 -0.0104 -0.45647
v 0.00094 -0.01028 -0.42819
v 0.00913 -0.01028 -0.43394
v 0.00853 -0.01383 -0.436
v -0.00078 -0.01383 -0.42945
v -0.00481 -0.01028 -0.42033
v -0.00654 -0.01383 -0.42159
v -0.00136 -0.00851 -0.4178
v -0.00597 -0.01028 -0.41665
v 0.00439 -0.00851 -0.42566
v -0.00209 -0.00851 -0.41551
v -0.00792 -0.01383 -0.41723
v 0.01034 -0.00851 -0.42984
v -0.0112 -0.01028 -0.39759
v -0.01316 -0.01383 -0.3981
v -0.00728 -0.00851 -0.39656
v -0.016 -0.01028 -0.37839
v -0.01797 -0.01383 -0.37886
v -0.01206 -0.00851 -0.37745
v -0.02036 -0.01028 -0.3594
v -0.02234 -0.01383 -0.35983
v -0.0164 -0.00851 -0.35856
v -0.02413 -0.01028 -0.34035
v -0.02612 -0.01383 -0.34073
v -0.02015 -0.00851 -0.3396
v -0.02758 -0.01028 -0.32127
v -0.02958 -0.01383 -0.3216
v -0.02358 -0.00851 -0.32062
v -0.00393 -0.00624 -0.34002
v -0.03037 -0.01028 -0.30216
v -0.03238 -0.01383 -0.30242
v -0.02635 -0.00851 -0.30164
v -0.00783 -0.0063 -0.32096
v -0.01113 -0.00638 -0.30178
v -0.03297 -0.01028 -0.283
v -0.03498 -0.01383 -0.28324
v -0.02894 -0.00851 -0.28252
v -0.01405 -0.00642 -0.2825
v -0.03498 -0.01028 -0.26388
v -0.03699 -0.01383 -0.26407
v -0.03094 -0.00851 -0.26351
v -0.01632 -0.00646 -0.26329
v -0.03606 -0.01028 -0.24478
v -0.03809 -0.01383 -0.24487
v -0.03202 -0.00851 -0.24458
v -0.01787 -0.00653 -0.24422
v -0.03682 -0.01028 -0.22559
v -0.03885 -0.01383 -0.22566
v -0.03277 -0.00851 -0.22546
v -0.01904 -0.00658 -0.22501
v -0.03723 -0.01028 -0.20963
v -0.03926 -0.01383 -0.20965
v -0.03318 -0.00851 -0.20959
v -0.01987 -0.00664 -0.20915
v -0.03717 -0.01028 -0.19366
v -0.03919 -0.01383 -0.19364
v -0.03312 -0.00851 -0.19369
v -0.03689 -0.01028 -0.16994
v -0.03892 -0.01383 -0.16988
v -0.03284 -0.00851 -0.17006
v -0.02022 -0.0067 -0.19314
v -0.00657 -0.00851 -0.20849
v -0.03652 -0.01028 -0.1625
v -0.03255 -0.00851 -0.16428
v -0.03851 -0.01383 -0.16161
v -0.02864 -0.00851 -0.15554
v -0.0326 -0.01028 -0.15376
v -0.03459 -0.01383 -0.15287
v -0.02005 -0.00671 -0.16934
v -0.02477 -0.00851 -0.15173
v -0.02649 -0.01028 -0.14774
v -0.02735 -0.01383 -0.14574
v -0.01933 -0.01383 -0.14384
v -0.01924 -0.00851 -0.14992
v -0.0193 -0.01028 -0.14587
v -0.01209 -0.01028 -0.14724
v -0.01129 -0.01383 -0.14519
v -0.01368 -0.00851 -0.15135
v -0.0108 -0.00851 -0.15416
v -0.00673 -0.01028 -0.15247
v -0.0047 -0.01383 -0.15163
v -0.00719 -0.00851 -0.16289
v -0.00311 -0.01028 -0.16121
v -0.00108 -0.01383 -0.16036
v -0.00725 -0.00851 -0.16853
v -0.0032 -0.01028 -0.16856
v -0.00117 -0.01383 -0.16858
v -0.00733 -0.00851 -0.19246
v -0.00328 -0.01028 -0.19237
v -0.00125 -0.01383 -0.19233
v -0.00252 -0.01028 -0.20823
v -0.0005 -0.01383 -0.20811
v -0.00533 -0.00851 -0.22435
v -0.00129 -0.01028 -0.22403
v 0.00073 -0.01383 -0.22387
v -0.00374 -0.00851 -0.24365
v 0.00029 -0.01028 -0.24327
v 0.00231 -0.01383 -0.24308
v -0.0017 -0.00851 -0.26296
v 0.00232 -0.01028 -0.26248
v 0.00433 -0.01383 -0.26225
v 0.00082 -0.00851 -0.28236
v 0.00483 -0.01028 -0.28177
v 0.00683 -0.01383 -0.28147
v 0.00404 -0.00851 -0.30168
v 0.00803 -0.01028 -0.30096
v 0.01002 -0.01383 -0.30059
v 0.00788 -0.00851 -0.32106
v 0.01184 -0.01028 -0.32021
v 0.01382 -0.01383 -0.31979
v 0.01225 -0.00851 -0.34025
v 0.0162 -0.01028 -0.33934
v 0.01817 -0.01383 -0.33888
v 0.00009 -0.0062 -0.35868
v 0.01653 -0.00851 -0.35864
v 0.00472 -0.00616 -0.37733
v 0.02046 -0.01028 -0.35765
v 0.02243 -0.01383 -0.35716
v 0.02143 -0.00851 -0.37698
v 0.01028 -0.00605 -0.39709
v 0.02532 -0.01028 -0.37585
v 0.02727 -0.01383 -0.37529
v 0.02774 -0.00851 -0.3973
v 0.01631 -0.00593 -0.41654
v 0.03159 -0.01028 -0.39604
v 0.03352 -0.01383 -0.39541
v 0.03463 -0.00851 -0.41732
v 0.03846 -0.01028 -0.416
v 0.04038 -0.01383 -0.41534
v 0.03517 -0.00851 -0.41888
v 0.03967 -0.01028 -0.41949
v 0.04191 -0.01383 -0.41979
v 0.03394 -0.00851 -0.42799
v 0.03844 -0.01028 -0.4286
v 0.04069 -0.01383 -0.4289
v 0.0333 -0.00851 -0.42894
v 0.03549 -0.01028 -0.4329
v 0.03659 -0.01383 -0.43489
v 0.03011 -0.01383 -0.43798
v 0.02941 -0.01028 -0.43593
v 0.028 -0.00851 -0.43181
v 0.02184 -0.00851 -0.43248
v 0.02233 -0.01028 -0.43652
v 0.02258 -0.01383 -0.43854
v 0.01533 -0.01383 -0.43808
v 0.01552 -0.01028 -0.43601
v 0.01591 -0.00851 -0.43187
v 0.02247 -0.0104 -0.33414
v 0.02677 -0.0104 -0.35234
v 0.03164 -0.0104 -0.37039
v 0.03795 -0.0104 -0.39056
v 0.04487 -0.0104 -0.41056
v 0.05152 -0.0104 -0.42968
v 0.05868 -0.0104 -0.44861
v 0.06671 -0.0104 -0.46783
v 0.07581 -0.0104 -0.48656
v 0.08103 -0.0104 -0.49588
v 0.08635 -0.0104 -0.50459
v 0.09121 -0.0104 -0.51215
v 0.09537 -0.0104 -0.51787
v 0.09922 -0.0104 -0.52184
v 0.10272 -0.0104 -0.52275
v 0.10646 -0.0104 -0.52577
v 0.10733 -0.0104 -0.53107
v 0.10573 -0.0104 -0.53766
v 0.10289 -0.0104 -0.54337
v -0.01778 -0.0104 -0.13889
v -0.01465 -0.0104 -0.13706
v -0.01234 -0.0104 -0.13427
v -0.02134 -0.0104 -0.13954
v -0.01113 -0.0104 -0.13086
v -0.02491 -0.0104 -0.13893
v -0.01115 -0.0104 -0.12724
v -0.02805 -0.0104 -0.13714
v -0.0304 -0.0104 -0.13439
v -0.01241 -0.0104 -0.12384
v -0.03166 -0.0104 -0.13099
v -0.01476 -0.0104 -0.12109
v -0.03168 -0.0104 -0.12737
v -0.0179 -0.0104 -0.1193
v -0.03047 -0.0104 -0.12396
v -0.02147 -0.0104 -0.11869
v -0.02503 -0.0104 -0.11934
v -0.02816 -0.0104 -0.12117
v -0.00136 0.0096 -0.4178
v 0.00439 0.0096 -0.42566
v -0.00209 0.0096 -0.41551
v 0.00094 0.01137 -0.42819
v -0.00481 0.01137 -0.42033
v -0.00078 0.01492 -0.42945
v -0.00654 0.01492 -0.42159
v 0.00853 0.01492 -0.436
v -0.00597 0.01137 -0.41665
v -0.00792 0.01492 -0.41723
v 0.00913 0.01137 -0.43394
v 0.01552 0.01137 -0.43601
v 0.01533 0.01492 -0.43808
v 0.01034 0.0096 -0.42984
v 0.01591 0.0096 -0.43187
v 0.02233 0.01137 -0.43652
v 0.02258 0.01492 -0.43854
v 0.03011 0.01492 -0.43798
v 0.02184 0.0096 -0.43248
v 0.01631 0.00702 -0.41654
v 0.02941 0.01137 -0.43593
v 0.03549 0.01137 -0.4329
v 0.03659 0.01492 -0.43489
v 0.04069 0.01492 -0.4289
v 0.028 0.0096 -0.43181
v 0.0333 0.0096 -0.42894
v 0.03844 0.01137 -0.4286
v 0.04191 0.01492 -0.41979
v 0.03517 0.0096 -0.41888
v 0.03394 0.0096 -0.42799
v 0.03967 0.01137 -0.41949
v 0.04038 0.01492 -0.41534
v 0.03846 0.01137 -0.416
v 0.03352 0.01492 -0.39541
v 0.03463 0.0096 -0.41732
v 0.03159 0.01137 -0.39604
v 0.02727 0.01492 -0.37529
v 0.02774 0.0096 -0.3973
v 0.02532 0.01137 -0.37585
v 0.02243 0.01492 -0.35716
v 0.01028 0.00714 -0.39709
v 0.02143 0.0096 -0.37698
v 0.02046 0.01137 -0.35765
v 0.01817 0.01492 -0.33888
v -0.00728 0.0096 -0.39656
v 0.00472 0.00725 -0.37733
v 0.01653 0.0096 -0.35864
v 0.0162 0.01137 -0.33934
v 0.01382 0.01492 -0.31979
v -0.0112 0.01137 -0.39759
v -0.01316 0.01492 -0.3981
v -0.01206 0.0096 -0.37745
v -0.016 0.01137 -0.37839
v -0.01797 0.01492 -0.37886
v 0.00009 0.00729 -0.35868
v -0.0164 0.0096 -0.35856
v -0.02036 0.01137 -0.3594
v -0.02234 0.01492 -0.35983
v 0.01225 0.0096 -0.34025
v -0.00393 0.00733 -0.34002
v -0.02015 0.0096 -0.3396
v -0.02413 0.01137 -0.34035
v -0.02612 0.01492 -0.34073
v 0.01184 0.01137 -0.32021
v 0.01002 0.01492 -0.30059
v 0.00788 0.0096 -0.32106
v 0.00803 0.01137 -0.30096
v 0.00683 0.01492 -0.28147
v -0.00783 0.00739 -0.32096
v 0.00404 0.0096 -0.30168
v 0.00483 0.01137 -0.28177
v 0.00433 0.01492 -0.26225
v -0.02358 0.0096 -0.32062
v -0.01113 0.00747 -0.30178
v 0.00082 0.0096 -0.28236
v 0.00232 0.01137 -0.26248
v 0.00231 0.01492 -0.24308
v -0.02758 0.01137 -0.32127
v -0.02958 0.01492 -0.3216
v -0.02635 0.0096 -0.30164
v -0.03037 0.01137 -0.30216
v -0.03238 0.01492 -0.30242
v -0.01405 0.00751 -0.2825
v -0.02894 0.0096 -0.28252
v -0.03297 0.01137 -0.283
v -0.03498 0.01492 -0.28324
v -0.0017 0.0096 -0.26296
v -0.01632 0.00755 -0.26329
v -0.03094 0.0096 -0.26351
v -0.03498 0.01137 -0.26388
v -0.03699 0.01492 -0.26407
v 0.00029 0.01137 -0.24327
v 0.00073 0.01492 -0.22387
v -0.00374 0.0096 -0.24365
v -0.00129 0.01137 -0.22403
v -0.0005 0.01492 -0.20811
v -0.01787 0.00762 -0.24422
v -0.00533 0.0096 -0.22435
v -0.00252 0.01137 -0.20823
v -0.00125 0.01492 -0.19233
v -0.03202 0.0096 -0.24458
v -0.01904 0.00767 -0.22501
v -0.00657 0.0096 -0.20849
v -0.00328 0.01137 -0.19237
v -0.00117 0.01492 -0.16858
v -0.03606 0.01137 -0.24478
v -0.03809 0.01492 -0.24487
v -0.03277 0.0096 -0.22546
v -0.03682 0.01137 -0.22559
v -0.03885 0.01492 -0.22566
v -0.01987 0.00773 -0.20915
v -0.03318 0.0096 -0.20959
v -0.03723 0.01137 -0.20963
v -0.03926 0.01492 -0.20965
v -0.03312 0.0096 -0.19369
v -0.02022 0.00779 -0.19314
v -0.03717 0.01137 -0.19366
v -0.03919 0.01492 -0.19364
v -0.03284 0.0096 -0.17006
v -0.00733 0.0096 -0.19246
v -0.03689 0.01137 -0.16994
v -0.03892 0.01492 -0.16988
v -0.03255 0.0096 -0.16428
v -0.03652 0.01137 -0.1625
v -0.03851 0.01492 -0.16161
v -0.02864 0.0096 -0.15554
v -0.02005 0.0078 -0.16934
v -0.0326 0.01137 -0.15376
v -0.03459 0.01492 -0.15287
v -0.02649 0.01137 -0.14774
v -0.02735 0.01492 -0.14574
v -0.01933 0.01492 -0.14384
v -0.02477 0.0096 -0.15173
v -0.0193 0.01137 -0.14587
v -0.01924 0.0096 -0.14992
v -0.01209 0.01137 -0.14724
v -0.01368 0.0096 -0.15135
v -0.01129 0.01492 -0.14519
v -0.0108 0.0096 -0.15416
v -0.00673 0.01137 -0.15247
v -0.0047 0.01492 -0.15163
v -0.00719 0.0096 -0.16289
v -0.00311 0.01137 -0.16121
v -0.00108 0.01492 -0.16036
v -0.00725 0.0096 -0.16853
v -0.0032 0.01137 -0.16856
v 0.06783 -0.0104 -0.5657
v 0.07691 -0.0104 -0.56146
v 0.0889 -0.0104 -0.54957
v 0.10114 -0.0104 -0.53815
v 0.05353 -0.0104 -0.48519
v 0.05351 -0.0104 -0.48157
v 0.05225 -0.0104 -0.47818
v 0.0499 -0.0104 -0.47542
v 0.04676 -0.0104 -0.47363
v 0.04319 -0.0104 -0.47303
v 0.05276 -0.0104 -0.48737
v 0.03963 -0.0104 -0.47368
v 0.05232 -0.0104 -0.4886
v 0.05001 -0.0104 -0.49139
v 0.04688 -0.0104 -0.49322
v 0.0365 -0.0104 -0.47551
v 0.0342 -0.0104 -0.4783
v 0.04332 -0.0104 -0.49387
v 0.03975 -0.0104 -0.49327
v 0.03661 -0.0104 -0.49148
v 0.03426 -0.0104 -0.48872
v 0.03405 -0.0104 -0.48814
v 0.033 -0.0104 -0.48533
v 0.03298 -0.0104 -0.48171
v 0.03426 0.01157 -0.48872
v 0.03405 0.01157 -0.48814
v 0.03661 0.01157 -0.49148
v 0.03975 0.01157 -0.49327
v 0.04332 0.01157 -0.49387
v 0.04688 0.01157 -0.49322
v 0.033 0.01157 -0.48533
v 0.03298 0.01157 -0.48171
v 0.0342 0.01157 -0.4783
v 0.0365 0.01157 -0.47551
v 0.03963 0.01157 -0.47368
v 0.05001 0.01157 -0.49139
v 0.05232 0.01157 -0.4886
v 0.05276 0.01157 -0.48737
v 0.05353 0.01157 -0.48519
v 0.05351 0.01157 -0.48157
v 0.05225 0.01157 -0.47818
v 0.0499 0.01157 -0.47542
v 0.04676 0.01157 -0.47363
v 0.04319 0.01157 -0.47303
v 0.06783 0.01157 -0.5657
v 0.07691 0.01157 -0.56146
v 0.0889 0.01157 -0.54957
v 0.10114 0.01157 -0.53815
v 0.03806 0.01157 -0.44933
v 0.03805 0.01157 -0.44665
v 0.03807 0.01157 -0.45027
v 0.03686 0.01157 -0.45368
v 0.03455 0.01157 -0.45647
v 0.03142 0.01157 -0.4583
v 0.03679 0.01157 -0.44326
v 0.02786 0.01157 -0.45895
v 0.03444 0.01157 -0.4405
v 0.0313 0.01157 -0.43871
v 0.02773 0.01157 -0.4381
v 0.02429 0.01157 -0.45835
v 0.02115 0.01157 -0.45656
v 0.0188 0.01157 -0.4538
v 0.01754 0.01157 -0.4504
v 0.01754 0.01157 -0.45019
v 0.01752 0.01157 -0.44678
v 0.01873 0.01157 -0.44337
v 0.02417 0.01157 -0.43876
v 0.02104 0.01157 -0.44059
v -0.01778 0.01157 -0.13889
v -0.01465 0.01157 -0.13706
v -0.01234 0.01157 -0.13427
v -0.02134 0.01157 -0.13954
v -0.02491 0.01157 -0.13893
v -0.02805 0.01157 -0.13714
v -0.01113 0.01157 -0.13086
v -0.0304 0.01157 -0.13439
v -0.03166 0.01157 -0.13099
v -0.03168 0.01157 -0.12737
v -0.03047 0.01157 -0.12396
v -0.01115 0.01157 -0.12724
v -0.01241 0.01157 -0.12384
v -0.02816 0.01157 -0.12117
v -0.02503 0.01157 -0.11934
v -0.02147 0.01157 -0.11869
v -0.01476 0.01157 -0.12109
v -0.0179 0.01157 -0.1193
v -0.00822 0.01157 -0.09605
v -0.007 0.01157 -0.09264
v -0.01053 0.01157 -0.09884
v -0.01365 0.01157 -0.10067
v -0.00703 0.01157 -0.08902
v -0.01721 0.01157 -0.10132
v -0.02078 0.01157 -0.10072
v -0.02393 0.01157 -0.09893
v -0.02627 0.01157 -0.09617
v -0.02753 0.01157 -0.09277
v -0.02756 0.01157 -0.08915
v -0.02744 0.01157 -0.08882
v -0.02634 0.01157 -0.08574
v -0.02403 0.01157 -0.08296
v -0.02091 0.01157 -0.08113
v -0.01735 0.01157 -0.08047
v -0.01378 0.01157 -0.08108
v -0.01063 0.01157 -0.08287
v -0.00829 0.01157 -0.08563
v -0.00781 0.01157 -0.0869
v -0.00892 0 0.046
v -0.00717 0 0.04397
v -0.00484 0 0.04265
v -0.00987 0 0.04852
v -0.00219 0 0.04221
v -0.0099 0 0.0512
v 0.00045 0 0.04271
v -0.00901 0 0.05373
v 0.00276 0 0.04408
v 0.00446 0 0.04615
v -0.00731 0 0.05581
v -0.005 0 0.05717
v -0.00236 0 0.05767
v 0.00029 0 0.05723
v 0.00263 0 0.05592
v 0.00438 0 0.05388
v 0.00532 0 0.05137
v 0.00535 0 0.04869
vt 0.855464 0.830073
vt 0.872555 0.830073
vt 0.855464 0.815912
vt 0.872555 0.815912
vt 0.872555 0.807123
vt 0.855464 0.807123
vt 0.872555 0.79931
vt 0.855464 0.79931
vt 0.872555 0.793451
vt 0.855464 0.793451
vt 0.855464 0.789544
vt 0.872555 0.789544
vt 0.873531 0.789544
vt 0.873531 0.792962
vt 0.89111 0.789544
vt 0.89111 0.792962
vt 0.89111 0.798822
vt 0.873531 0.798822
vt 0.89111 0.806635
vt 0.873531 0.806635
vt 0.89111 0.815424
vt 0.873531 0.815424
vt 0.873531 0.829585
vt 0.89111 0.829585
vt 0.836909 0.124302
vt 0.836909 0.129612
vt 0.854488 0.124302
vt 0.854488 0.129612
vt 0.854488 0.119114
vt 0.854488 0.135472
vt 0.836909 0.119114
vt 0.836909 0.135472
vt 0.854488 0.113498
vt 0.854488 0.141819
vt 0.836909 0.113498
vt 0.836909 0.141819
vt 0.836909 0.106967
vt 0.854488 0.14658
vt 0.854488 0.106967
vt 0.836909 0.14658
vt 0.836909 0.098605
vt 0.854488 0.151341
vt 0.854488 0.098605
vt 0.836909 0.151341
vt 0.836909 0.091464
vt 0.836909 0.15537
vt 0.854488 0.091464
vt 0.854488 0.15537
vt 0.836909 0.08298
vt 0.854488 0.15891
vt 0.854488 0.08298
vt 0.836909 0.15891
vt 0.836909 0.075472
vt 0.836909 0.161962
vt 0.854488 0.075472
vt 0.854488 0.161962
vt 0.836909 0.165014
vt 0.854488 0.165014
vt 0.836909 0.067293
vt 0.854488 0.067293
vt 0.836909 0.054659
vt 0.854488 0.054659
vt 0.891598 0.124119
vt 0.909177 0.124119
vt 0.891598 0.11887
vt 0.909177 0.11887
vt 0.909177 0.12949
vt 0.891598 0.113193
vt 0.891598 0.12949
vt 0.909177 0.113193
vt 0.891598 0.13535
vt 0.909177 0.106601
vt 0.909177 0.13535
vt 0.891598 0.106601
vt 0.891598 0.141819
vt 0.909177 0.098178
vt 0.909177 0.141819
vt 0.891598 0.098178
vt 0.891598 0.146703
vt 0.909177 0.091037
vt 0.909177 0.146703
vt 0.891598 0.091037
vt 0.891598 0.151463
vt 0.909177 0.082492
vt 0.909177 0.151463
vt 0.891598 0.082492
vt 0.909177 0.155736
vt 0.909177 0.074984
vt 0.891598 0.155736
vt 0.891598 0.074984
vt 0.891598 0.159276
vt 0.909177 0.066805
vt 0.909177 0.159276
vt 0.891598 0.066805
vt 0.909177 0.054109
vt 0.891598 0.054109
vt 0.909177 0.162328
vt 0.891598 0.162328
vt 0.909177 0.165502
vt 0.891598 0.165502
vt 0.872555 0.675771
vt 0.872555 0.652821
vt 0.855464 0.675771
vt 0.855464 0.652821
vt 0.855464 0.696768
vt 0.855464 0.629872
vt 0.872555 0.696768
vt 0.872555 0.629872
vt 0.855464 0.716788
vt 0.855464 0.60741
vt 0.872555 0.716788
vt 0.872555 0.60741
vt 0.855464 0.733879
vt 0.872555 0.584948
vt 0.872555 0.733879
vt 0.855464 0.584948
vt 0.855464 0.750481
vt 0.872555 0.562975
vt 0.872555 0.750481
vt 0.855464 0.562975
vt 0.855464 0.766106
vt 0.872555 0.541002
vt 0.872555 0.766106
vt 0.855464 0.541002
vt 0.855464 0.774895
vt 0.872555 0.519028
vt 0.872555 0.774895
vt 0.855464 0.519028
vt 0.872555 0.781732
vt 0.855464 0.497543
vt 0.855464 0.781732
vt 0.872555 0.497543
vt 0.872555 0.786126
vt 0.855464 0.476058
vt 0.855464 0.786126
vt 0.872555 0.476058
vt 0.855464 0.454573
vt 0.872555 0.454573
vt 0.872555 0.433088
vt 0.855464 0.433088
vt 0.855464 0.411603
vt 0.564928 0.824213
vt 0.560534 0.815912
vt 0.567858 0.823237
vt 0.563952 0.824213
vt 0.570788 0.830073
vt 0.571764 0.830073
vt 0.574694 0.829585
vt 0.576159 0.834468
vt 0.576647 0.833491
vt 0.576159 0.830561
vt 0.579577 0.833003
vt 0.580065 0.833979
vt 0.582995 0.831049
vt 0.582018 0.830561
vt 0.579577 0.829096
vt 0.586901 0.827631
vt 0.585925 0.827143
vt 0.583972 0.826167
vt 0.588366 0.82226
vt 0.591296 0.82226
vt 0.592273 0.82226
vt 0.594714 0.813959
vt 0.598132 0.815424
vt 0.599109 0.814936
vt 0.605945 0.798822
vt 0.608387 0.800287
vt 0.609363 0.800775
vt 0.614246 0.78222
vt 0.617664 0.783685
vt 0.618641 0.784173
vt 0.623035 0.765618
vt 0.625965 0.766594
vt 0.626942 0.766594
vt 0.631825 0.745109
vt 0.634754 0.746086
vt 0.635731 0.746086
vt 0.641102 0.724113
vt 0.64452 0.724113
vt 0.645497 0.724113
vt 0.650868 0.700186
vt 0.654286 0.700186
vt 0.655263 0.700186
vt 0.660634 0.675771
vt 0.664052 0.67626
vt 0.665029 0.67626
vt 0.668935 0.651845
vt 0.672353 0.652333
vt 0.67333 0.652333
vt 0.676748 0.627918
vt 0.680166 0.627918
vt 0.681143 0.627918
vt 0.683584 0.603992
vt 0.687002 0.603992
vt 0.687979 0.603992
vt 0.689932 0.579577
vt 0.692862 0.580065
vt 0.694327 0.580065
vt 0.695303 0.555651
vt 0.698721 0.555651
vt 0.699698 0.556139
vt 0.700674 0.531724
vt 0.703604 0.531724
vt 0.704581 0.531724
vt 0.704093 0.507309
vt 0.707511 0.507798
vt 0.708487 0.507798
vt 0.707511 0.483383
vt 0.710929 0.483627
vt 0.711905 0.483627
vt 0.71044 0.459456
vt 0.714835 0.4597
vt 0.713858 0.459456
vt 0.712882 0.435285
vt 0.716788 0.43553
vt 0.715812 0.435285
vt 0.718741 0.411359
vt 0.717765 0.411115
vt 0.641102 0.012268
vt 0.638173 0.012146
vt 0.634266 0.01886
vt 0.64452 0.007843
vt 0.637196 0.012116
vt 0.645497 0.007935
vt 0.648427 0.008179
vt 0.652821 0.0047
vt 0.654286 0.004852
vt 0.657216 0.00528
vt 0.66747 0.004273
vt 0.66747 0.004975
vt 0.676748 0.007874
vt 0.679678 0.008301
vt 0.680654 0.008454
vt 0.680166 0.010651
vt 0.683584 0.010559
vt 0.684561 0.010651
vt 0.684561 0.013733
vt 0.687979 0.013825
vt 0.688955 0.013855
vt 0.689932 0.019745
vt 0.69335 0.019807
vt 0.694327 0.019837
vt 0.695303 0.028138
vt 0.698721 0.02826
vt 0.699698 0.028291
vt 0.698233 0.03708
vt 0.701163 0.037172
vt 0.702139 0.037202
vt 0.698721 0.047212
vt 0.702139 0.047456
vt 0.703116 0.047517
vt 0.702628 0.053194
vt 0.701163 0.053133
vt 0.698233 0.05295
vt 0.700186 0.059938
vt 0.69921 0.059847
vt 0.69628 0.059603
vt 0.698233 0.064791
vt 0.697256 0.06473
vt 0.693838 0.064486
vt 0.695792 0.070284
vt 0.694815 0.070223
vt 0.691397 0.07004
vt 0.693838 0.075594
vt 0.692862 0.075533
vt 0.689444 0.075289
vt 0.691397 0.082675
vt 0.69042 0.082553
vt 0.687491 0.082125
vt 0.689932 0.088229
vt 0.688955 0.087985
vt 0.686026 0.087374
vt 0.688955 0.092746
vt 0.687979 0.092502
vt 0.685049 0.09183
vt 0.684072 0.096286
vt 0.687002 0.097018
vt 0.687979 0.097262
vt 0.683096 0.100681
vt 0.686026 0.101535
vt 0.687491 0.10184
vt 0.682119 0.105136
vt 0.685537 0.106052
vt 0.686514 0.106357
vt 0.681631 0.123569
vt 0.684561 0.124546
vt 0.686026 0.124912
vt 0.681631 0.143529
vt 0.685049 0.144505
vt 0.686026 0.144749
vt 0.683584 0.164525
vt 0.687002 0.165014
vt 0.687979 0.165136
vt 0.687979 0.185156
vt 0.690909 0.185156
vt 0.692373 0.185156
vt 0.694327 0.203101
vt 0.697745 0.203589
vt 0.698721 0.203711
vt 0.704093 0.221168
vt 0.707511 0.221534
vt 0.708487 0.221534
vt 0.706534 0.238868
vt 0.709464 0.239113
vt 0.710929 0.239235
vt 0.707999 0.256569
vt 0.711417 0.256813
vt 0.712394 0.256813
vt 0.711417 0.286599
vt 0.714835 0.286843
vt 0.715812 0.286843
vt 0.71337 0.31663
vt 0.716788 0.31663
vt 0.717765 0.31663
vt 0.714835 0.346416
vt 0.718253 0.34666
vt 0.71923 0.34666
vt 0.715323 0.36668
vt 0.718741 0.366924
vt 0.719718 0.366924
vt 0.715323 0.386944
vt 0.718741 0.386944
vt 0.719718 0.386944
vt 0.714347 0.411115
vt 0.595202 0.813959
vt 0.60741 0.161107
vt 0.60741 0.179785
vt 0.608387 0.161107
vt 0.608387 0.179785
vt 0.609851 0.161107
vt 0.605945 0.179785
vt 0.605945 0.161107
vt 0.608387 0.198584
vt 0.60741 0.198584
vt 0.609851 0.198584
vt 0.605945 0.198584
vt 0.609851 0.179785
vt 0.610828 0.161107
vt 0.611316 0.198584
vt 0.604968 0.179785
vt 0.604968 0.198584
vt 0.60448 0.161107
vt 0.611316 0.179785
vt 0.612293 0.198584
vt 0.612293 0.161107
vt 0.603503 0.179907
vt 0.603503 0.161107
vt 0.603503 0.198584
vt 0.612293 0.179785
vt 0.613758 0.161107
vt 0.613758 0.198584
vt 0.602039 0.179907
vt 0.602527 0.198584
vt 0.602039 0.161107
vt 0.613758 0.179785
vt 0.614734 0.198584
vt 0.614734 0.161107
vt 0.601062 0.179907
vt 0.601062 0.161107
vt 0.601062 0.198584
vt 0.614734 0.179785
vt 0.616199 0.161107
vt 0.616199 0.198584
vt 0.599597 0.179907
vt 0.599597 0.198584
vt 0.599597 0.161107
vt 0.616199 0.179785
vt 0.617664 0.198584
vt 0.617176 0.160985
vt 0.59862 0.179907
vt 0.59862 0.161107
vt 0.59862 0.198584
vt 0.617664 0.179785
vt 0.618641 0.160985
vt 0.618641 0.198584
vt 0.618641 0.179785
vt 0.597156 0.179907
vt 0.597156 0.198584
vt 0.597156 0.161107
vt 0.595691 0.179907
vt 0.596179 0.198584
vt 0.595691 0.161107
vt 0.675771 0.008118
vt 0.66747 0.004669
vt 0.66747 0.005615
vt 0.657216 0.005676
vt 0.651845 0.408429
vt 0.650868 0.408429
vt 0.648427 0.4326
vt 0.655263 0.408673
vt 0.652821 0.432844
vt 0.654286 0.384259
vt 0.657216 0.384503
vt 0.652821 0.384259
vt 0.658681 0.364483
vt 0.655751 0.364483
vt 0.654775 0.364483
vt 0.656728 0.344707
vt 0.660146 0.344707
vt 0.655751 0.344462
vt 0.659658 0.31492
vt 0.656728 0.314676
vt 0.655751 0.314676
vt 0.659658 0.28489
vt 0.656239 0.284646
vt 0.655263 0.284646
vt 0.658681 0.25486
vt 0.655263 0.25486
vt 0.654286 0.25486
vt 0.656728 0.235939
vt 0.653798 0.235695
vt 0.652333 0.235572
vt 0.655263 0.216773
vt 0.652333 0.216529
vt 0.651357 0.216407
vt 0.65331 0.197485
vt 0.649892 0.196997
vt 0.648915 0.196875
vt 0.651845 0.18479
vt 0.648427 0.184668
vt 0.64745 0.184668
vt 0.647938 0.159764
vt 0.645009 0.159276
vt 0.644032 0.159154
vt 0.645009 0.133641
vt 0.641591 0.132664
vt 0.640614 0.13242
vt 0.643544 0.112156
vt 0.640614 0.111179
vt 0.639637 0.110813
vt 0.643544 0.093722
vt 0.640126 0.092807
vt 0.639149 0.092502
vt 0.641102 0.089633
vt 0.642079 0.089877
vt 0.645497 0.090732
vt 0.646474 0.087252
vt 0.643056 0.08652
vt 0.642079 0.086276
vt 0.645985 0.083163
vt 0.642567 0.082431
vt 0.641591 0.082186
vt 0.643544 0.078951
vt 0.640614 0.07828
vt 0.639149 0.078097
vt 0.639149 0.075777
vt 0.635731 0.07535
vt 0.634754 0.075228
vt 0.635243 0.071383
vt 0.632313 0.071139
vt 0.631336 0.071078
vt 0.63036 0.066134
vt 0.62743 0.065889
vt 0.625965 0.065828
vt 0.62743 0.060121
vt 0.6245 0.059908
vt 0.623035 0.059847
vt 0.625965 0.054323
vt 0.622547 0.054079
vt 0.621571 0.053987
vt 0.624989 0.048433
vt 0.621571 0.04825
vt 0.620594 0.048189
vt 0.624989 0.042055
vt 0.622059 0.041841
vt 0.620594 0.041749
vt 0.622059 0.034394
vt 0.623035 0.034425
vt 0.626453 0.034547
vt 0.625477 0.025666
vt 0.626942 0.025697
vt 0.629872 0.025819
vt 0.629872 0.018799
vt 0.631336 0.018799
vt 0.595202 0.153783
vt 0.594714 0.152196
vt 0.594226 0.153661
vt 0.593738 0.15244
vt 0.594226 0.150853
vt 0.593738 0.154759
vt 0.592761 0.153539
vt 0.592761 0.154149
vt 0.592761 0.152806
vt 0.592273 0.154759
vt 0.594714 0.155248
vt 0.593249 0.151463
vt 0.592761 0.152074
vt 0.593249 0.149876
vt 0.593249 0.155614
vt 0.593738 0.156346
vt 0.591784 0.155126
vt 0.592761 0.150731
vt 0.591784 0.149388
vt 0.592273 0.151585
vt 0.591784 0.150243
vt 0.590808 0.149144
vt 0.591296 0.151341
vt 0.590808 0.15012
vt 0.589343 0.14951
vt 0.590808 0.151219
vt 0.589343 0.150365
vt 0.587878 0.150243
vt 0.589831 0.151341
vt 0.588855 0.150975
vt 0.586901 0.151341
vt 0.589343 0.151707
vt 0.587878 0.15183
vt 0.586413 0.152806
vt 0.588855 0.152318
vt 0.58739 0.152928
vt 0.586901 0.154393
vt 0.588855 0.15305
vt 0.587878 0.154027
vt 0.58739 0.155614
vt 0.588855 0.153783
vt 0.588366 0.155126
vt 0.588366 0.15659
vt 0.588855 0.154393
vt 0.588855 0.155858
vt 0.589831 0.157201
vt 0.589831 0.155003
vt 0.589831 0.156224
vt 0.591296 0.157323
vt 0.590319 0.155248
vt 0.590808 0.156346
vt 0.592273 0.157079
vt 0.590808 0.15537
vt 0.592273 0.156102
vt 0.586413 0.102207
vt 0.58739 0.102329
vt 0.586901 0.101108
vt 0.587878 0.101596
vt 0.587878 0.103061
vt 0.585925 0.10062
vt 0.586901 0.09946
vt 0.585437 0.102084
vt 0.58739 0.100253
vt 0.588366 0.101047
vt 0.587878 0.098727
vt 0.586413 0.103366
vt 0.585437 0.10361
vt 0.587878 0.103732
vt 0.588366 0.099643
vt 0.589343 0.098483
vt 0.588855 0.10062
vt 0.586901 0.104343
vt 0.588366 0.104221
vt 0.586413 0.104953
vt 0.587878 0.105075
vt 0.589343 0.104526
vt 0.58739 0.10593
vt 0.588855 0.105564
vt 0.589831 0.104587
vt 0.588855 0.106479
vt 0.589831 0.105686
vt 0.590808 0.104465
vt 0.589831 0.106601
vt 0.590808 0.105441
vt 0.591296 0.104038
vt 0.591296 0.106357
vt 0.591784 0.104831
vt 0.591784 0.103488
vt 0.592761 0.105625
vt 0.592761 0.103977
vt 0.591784 0.102756
vt 0.593738 0.104465
vt 0.592761 0.102878
vt 0.591784 0.102023
vt 0.594226 0.103
vt 0.592761 0.101718
vt 0.591296 0.101352
vt 0.593738 0.101413
vt 0.592273 0.100742
vt 0.590808 0.100864
vt 0.593249 0.100131
vt 0.591784 0.099948
vt 0.590319 0.100558
vt 0.592273 0.099155
vt 0.590808 0.099521
vt 0.589831 0.100498
vt 0.590808 0.098605
vt 0.589343 0.099399
vt 0.588855 0.102451
vt 0.588855 0.102207
vt 0.588855 0.102756
vt 0.589343 0.101962
vt 0.588855 0.103
vt 0.589343 0.101779
vt 0.589343 0.103183
vt 0.589831 0.101718
vt 0.589343 0.103305
vt 0.589831 0.101779
vt 0.589831 0.103366
vt 0.590319 0.101901
vt 0.590319 0.103305
vt 0.590319 0.102084
vt 0.590319 0.103122
vt 0.590319 0.102329
vt 0.590319 0.102878
vt 0.590319 0.102634
vt 0.600574 0.156224
vt 0.600085 0.156713
vt 0.601062 0.156957
vt 0.600085 0.157201
vt 0.599597 0.156346
vt 0.602039 0.15659
vt 0.602039 0.157811
vt 0.601062 0.155614
vt 0.601062 0.157811
vt 0.600085 0.157689
vt 0.60155 0.159032
vt 0.600085 0.155614
vt 0.600085 0.154881
vt 0.599109 0.156102
vt 0.601062 0.158666
vt 0.601062 0.159886
vt 0.600085 0.1583
vt 0.599109 0.15537
vt 0.59862 0.156102
vt 0.599109 0.154515
vt 0.598132 0.15537
vt 0.598132 0.156224
vt 0.598132 0.154515
vt 0.597644 0.155492
vt 0.597644 0.15659
vt 0.597156 0.154759
vt 0.596667 0.15598
vt 0.597156 0.157079
vt 0.596179 0.15537
vt 0.596179 0.156713
vt 0.597156 0.157567
vt 0.595691 0.156346
vt 0.596179 0.157567
vt 0.597156 0.158177
vt 0.595202 0.157445
vt 0.596179 0.158422
vt 0.597156 0.158666
vt 0.595202 0.158666
vt 0.596667 0.159154
vt 0.597644 0.159032
vt 0.596179 0.159642
vt 0.597156 0.159642
vt 0.598132 0.159154
vt 0.597156 0.160375
vt 0.598132 0.160008
vt 0.59862 0.159154
vt 0.598132 0.160741
vt 0.599109 0.160008
vt 0.599109 0.159032
vt 0.599109 0.160863
vt 0.599597 0.159764
vt 0.599597 0.158788
vt 0.600085 0.160497
vt 0.600574 0.159276
vt 0.589831 0.153417
vt 0.589831 0.153172
vt 0.590319 0.152928
vt 0.590319 0.153661
vt 0.590319 0.152684
vt 0.590319 0.153905
vt 0.590319 0.152562
vt 0.590808 0.154027
vt 0.590808 0.15244
vt 0.591296 0.15244
vt 0.591296 0.154027
vt 0.591296 0.152684
vt 0.591296 0.153905
vt 0.591296 0.152806
vt 0.591784 0.153661
vt 0.591784 0.15305
vt 0.591784 0.153417
vt 0.680166 0.956053
vt 0.672353 0.948729
vt 0.668447 0.95117
vt 0.677724 0.95996
vt 0.689444 0.960936
vt 0.687491 0.964843
vt 0.691397 0.956053
vt 0.69335 0.961425
vt 0.682119 0.951659
vt 0.693838 0.956542
vt 0.692862 0.965819
vt 0.676748 0.946287
vt 0.714835 0.962889
vt 0.714347 0.967284
vt 0.714835 0.958006
vt 0.73632 0.963866
vt 0.735832 0.968261
vt 0.73632 0.958983
vt 0.757317 0.964354
vt 0.757317 0.969237
vt 0.757317 0.95996
vt 0.778313 0.964354
vt 0.778313 0.969237
vt 0.778313 0.95996
vt 0.799798 0.964354
vt 0.799798 0.968749
vt 0.79931 0.959471
vt 0.774407 0.942381
vt 0.820795 0.962889
vt 0.820795 0.967284
vt 0.820307 0.958006
vt 0.795892 0.942381
vt 0.816889 0.941893
vt 0.841792 0.961913
vt 0.84228 0.966308
vt 0.841304 0.95703
vt 0.838374 0.940916
vt 0.862789 0.95996
vt 0.863277 0.964354
vt 0.862301 0.955077
vt 0.859371 0.938963
vt 0.883297 0.95703
vt 0.883786 0.961425
vt 0.882321 0.952147
vt 0.879879 0.93701
vt 0.903806 0.953612
vt 0.904294 0.958006
vt 0.902829 0.949217
vt 0.900388 0.93408
vt 0.920408 0.950682
vt 0.921384 0.955077
vt 0.919919 0.946287
vt 0.917478 0.932127
vt 0.937498 0.947264
vt 0.937986 0.951659
vt 0.936522 0.942869
vt 0.961913 0.942381
vt 0.962889 0.946287
vt 0.960448 0.937986
vt 0.934568 0.929197
vt 0.915525 0.917478
vt 0.969237 0.93994
vt 0.966308 0.936033
vt 0.971679 0.943846
vt 0.97412 0.930662
vt 0.97705 0.93408
vt 0.97998 0.937498
vt 0.958983 0.924314
vt 0.97705 0.925779
vt 0.981933 0.926755
vt 0.985839 0.928221
vt 0.986816 0.918943
vt 0.978027 0.920408
vt 0.982421 0.919431
vt 0.97998 0.912595
vt 0.983398 0.910153
vt 0.975585 0.915036
vt 0.972655 0.912595
vt 0.973632 0.9082
vt 0.975585 0.903806
vt 0.963378 0.910153
vt 0.964354 0.905759
vt 0.965331 0.901364
vt 0.957518 0.91113
vt 0.95703 0.906735
vt 0.956053 0.902341
vt 0.932615 0.915525
vt 0.932127 0.910642
vt 0.93115 0.906247
vt 0.915036 0.913083
vt 0.914548 0.908689
vt 0.898434 0.919431
vt 0.897946 0.914548
vt 0.897458 0.910153
vt 0.877438 0.921384
vt 0.877438 0.91699
vt 0.876949 0.912595
vt 0.856441 0.923338
vt 0.856441 0.918454
vt 0.855953 0.91406
vt 0.835444 0.924802
vt 0.834956 0.919919
vt 0.834956 0.915525
vt 0.813959 0.925291
vt 0.813959 0.920408
vt 0.813471 0.916013
vt 0.792474 0.925291
vt 0.792474 0.920408
vt 0.792474 0.916013
vt 0.770989 0.924802
vt 0.770989 0.919919
vt 0.770989 0.915525
vt 0.753899 0.941893
vt 0.749992 0.924314
vt 0.732902 0.941404
vt 0.750481 0.919431
vt 0.750481 0.915036
vt 0.729484 0.923338
vt 0.710929 0.939451
vt 0.729972 0.918454
vt 0.73046 0.91406
vt 0.706534 0.920896
vt 0.689444 0.937498
vt 0.707022 0.916501
vt 0.707511 0.912107
vt 0.684072 0.918454
vt 0.684561 0.91406
vt 0.685049 0.909665
vt 0.682608 0.918454
vt 0.680654 0.913572
vt 0.679678 0.909177
vt 0.673818 0.921873
vt 0.671865 0.917478
vt 0.669912 0.913083
vt 0.672841 0.922849
vt 0.668447 0.920896
vt 0.664052 0.919431
vt 0.661611 0.927244
vt 0.666005 0.927732
vt 0.670888 0.928709
vt 0.671377 0.935057
vt 0.666982 0.935545
vt 0.662099 0.936033
vt 0.66454 0.943846
vt 0.668935 0.942381
vt 0.67333 0.940916
vt 0.672841 0.892575
vt 0.677236 0.890622
vt 0.6704 0.885739
vt 0.675283 0.884762
vt 0.675771 0.878414
vt 0.666005 0.886715
vt 0.668935 0.894528
vt 0.674795 0.900388
vt 0.670888 0.878414
vt 0.666494 0.877926
vt 0.667959 0.869625
vt 0.676748 0.896481
vt 0.684561 0.903806
vt 0.672353 0.87109
vt 0.671865 0.862301
vt 0.678213 0.891598
vt 0.685537 0.899411
vt 0.689932 0.903806
vt 0.687491 0.894528
vt 0.689444 0.898923
vt 0.712394 0.900388
vt 0.711905 0.895993
vt 0.734855 0.897458
vt 0.688955 0.894528
vt 0.69335 0.875484
vt 0.734367 0.893063
vt 0.755364 0.895505
vt 0.711417 0.89111
vt 0.754875 0.89111
vt 0.775384 0.89404
vt 0.733879 0.88818
vt 0.714835 0.872555
vt 0.775384 0.889645
vt 0.796869 0.893063
vt 0.754387 0.886227
vt 0.736808 0.870113
vt 0.697256 0.855953
vt 0.796869 0.888668
vt 0.818354 0.892087
vt 0.774895 0.884762
vt 0.757317 0.868648
vt 0.718253 0.853999
vt 0.73925 0.852046
vt 0.778313 0.867672
vt 0.796381 0.883786
vt 0.818354 0.887692
vt 0.839351 0.892087
vt 0.760247 0.850581
vt 0.839351 0.887692
vt 0.860347 0.892575
vt 0.817866 0.882809
vt 0.79931 0.866695
vt 0.781243 0.850093
vt 0.860836 0.88818
vt 0.881344 0.893551
vt 0.839351 0.882809
vt 0.820795 0.866207
vt 0.80224 0.849605
vt 0.881832 0.889157
vt 0.902341 0.895016
vt 0.860836 0.883297
vt 0.841792 0.866695
vt 0.823237 0.850093
vt 0.902341 0.890622
vt 0.919431 0.895993
vt 0.881832 0.884274
vt 0.862789 0.867672
vt 0.844233 0.850581
vt 0.599109 0.157323
vt 0.599109 0.157445
vt 0.599109 0.157201
vt 0.599109 0.157689
vt 0.59862 0.157201
vt 0.599109 0.157811
vt 0.599109 0.158055
vt 0.598132 0.157201
vt 0.599109 0.158177
vt 0.598132 0.157323
vt 0.59862 0.158177
vt 0.598132 0.157445
vt 0.598132 0.157689
vt 0.598132 0.158055
vt 0.598132 0.157811
vt 0.558092 0.816889
vt 0.557115 0.817377
vt 0.545396 0.806635
vt 0.545396 0.805658
vt 0.546373 0.802728
vt 0.529282 0.792474
vt 0.529771 0.791497
vt 0.530747 0.788568
vt 0.525864 0.78515
vt 0.526841 0.78515
vt 0.528306 0.784173
vt 0.526841 0.780267
vt 0.5244 0.777825
vt 0.523911 0.776849
vt 0.526353 0.774407
vt 0.525376 0.771477
vt 0.524888 0.770501
vt 0.529771 0.770989
vt 0.529771 0.767571
vt 0.529771 0.766594
vt 0.533677 0.769524
vt 0.533677 0.766594
vt 0.534165 0.765618
vt 0.542466 0.762688
vt 0.539537 0.760735
vt 0.539048 0.760247
vt 0.543931 0.752922
vt 0.544908 0.75341
vt 0.547838 0.754875
vt 0.550279 0.743645
vt 0.551256 0.744133
vt 0.554186 0.745109
vt 0.557115 0.732902
vt 0.558092 0.732902
vt 0.561022 0.73339
vt 0.563463 0.720695
vt 0.56444 0.721183
vt 0.567858 0.721183
vt 0.574694 0.697256
vt 0.576159 0.697256
vt 0.579089 0.697256
vt 0.584948 0.67333
vt 0.585925 0.67333
vt 0.589343 0.67333
vt 0.594226 0.649403
vt 0.595202 0.649403
vt 0.59862 0.649403
vt 0.602527 0.624989
vt 0.603503 0.625477
vt 0.606922 0.625477
vt 0.611316 0.600085
vt 0.612293 0.600085
vt 0.615711 0.600085
vt 0.619129 0.574694
vt 0.620106 0.574694
vt 0.623524 0.575182
vt 0.625477 0.551744
vt 0.626453 0.551744
vt 0.629383 0.552232
vt 0.630848 0.528794
vt 0.631825 0.528794
vt 0.634754 0.529282
vt 0.636219 0.504868
vt 0.637196 0.504868
vt 0.640614 0.504868
vt 0.641102 0.480941
vt 0.642079 0.480941
vt 0.645497 0.480941
vt 0.645009 0.456771
vt 0.645985 0.456771
vt 0.649403 0.457015
vt 0.649403 0.4326
vt 0.919431 0.891598
vt 0.936033 0.897946
vt 0.902829 0.885739
vt 0.883786 0.869137
vt 0.86523 0.851558
vt 0.936522 0.893551
vt 0.961425 0.900876
vt 0.919919 0.887204
vt 0.904294 0.87109
vt 0.885739 0.853511
vt 0.961425 0.896481
vt 0.970214 0.901852
vt 0.93701 0.888668
vt 0.921384 0.872555
vt 0.938475 0.874996
vt 0.969237 0.897458
vt 0.980468 0.898434
vt 0.961913 0.892087
vt 0.962889 0.878414
vt 0.978515 0.894528
vt 0.988281 0.892087
vt 0.967772 0.892575
vt 0.97705 0.890133
vt 0.984375 0.889645
vt 0.991211 0.883297
vt 0.980468 0.887692
vt 0.986816 0.882809
vt 0.985839 0.875484
vt 0.990234 0.87402
vt 0.983886 0.864742
vt 0.982421 0.882321
vt 0.981445 0.876461
vt 0.980956 0.86816
vt 0.975097 0.858882
vt 0.978515 0.872066
vt 0.973144 0.862789
vt 0.966308 0.856441
vt 0.964354 0.86523
vt 0.970214 0.866695
vt 0.965331 0.860836
vt 0.941404 0.852046
vt 0.940916 0.856441
vt 0.924314 0.849117
vt 0.93994 0.861324
vt 0.923826 0.853511
vt 0.907224 0.847163
vt 0.923338 0.858394
vt 0.906735 0.851558
vt 0.886715 0.844722
vt 0.906247 0.855953
vt 0.886227 0.849117
vt 0.865718 0.84228
vt 0.865718 0.846675
vt 0.844722 0.841304
vt 0.844722 0.845698
vt 0.823725 0.840815
vt 0.823725 0.84521
vt 0.80224 0.840327
vt 0.80224 0.844722
vt 0.781243 0.840815
vt 0.781243 0.84521
vt 0.759758 0.841304
vt 0.760247 0.845698
vt 0.738761 0.842769
vt 0.73925 0.847163
vt 0.717276 0.844722
vt 0.717765 0.849117
vt 0.695792 0.847163
vt 0.69628 0.851558
vt 0.69042 0.84814
vt 0.692373 0.852046
vt 0.680654 0.853023
vt 0.694815 0.856441
vt 0.683096 0.856929
vt 0.685537 0.861324
vt 0.675771 0.864742
vt 0.680166 0.866695
vt 0.677236 0.872555
vt 0.596667 0.200049
vt 0.596179 0.201025
vt 0.597156 0.200659
vt 0.596667 0.201392
vt 0.595691 0.202124
vt 0.598132 0.200171
vt 0.598132 0.20127
vt 0.59862 0.200903
vt 0.597644 0.201758
vt 0.599109 0.200781
vt 0.597644 0.199438
vt 0.596667 0.202246
vt 0.597644 0.202246
vt 0.596179 0.203345
vt 0.59862 0.199927
vt 0.59862 0.199194
vt 0.599597 0.200781
vt 0.596667 0.203101
vt 0.596667 0.204321
vt 0.597644 0.202856
vt 0.597156 0.203833
vt 0.597644 0.205054
vt 0.597644 0.203223
vt 0.597644 0.204321
vt 0.59862 0.20542
vt 0.598132 0.203589
vt 0.59862 0.204688
vt 0.599597 0.205542
vt 0.59862 0.203833
vt 0.599597 0.204688
vt 0.600574 0.205176
vt 0.599109 0.203833
vt 0.600085 0.204444
vt 0.60155 0.204566
vt 0.600085 0.203711
vt 0.601062 0.203955
vt 0.602039 0.203711
vt 0.600085 0.203345
vt 0.60155 0.203345
vt 0.602527 0.20249
vt 0.600574 0.202979
vt 0.60155 0.20249
vt 0.602527 0.20127
vt 0.600574 0.202368
vt 0.60155 0.201636
vt 0.60155 0.200293
vt 0.600574 0.20188
vt 0.601062 0.200903
vt 0.601062 0.199561
vt 0.600574 0.201392
vt 0.600574 0.200293
vt 0.599597 0.199194
vt 0.600085 0.201025
vt 0.599597 0.200049
vt 0.599597 0.20249
vt 0.599597 0.202735
vt 0.599597 0.202856
vt 0.599597 0.202368
vt 0.599109 0.202856
vt 0.599597 0.202246
vt 0.599597 0.202002
vt 0.59862 0.202735
vt 0.599597 0.20188
vt 0.59862 0.202612
vt 0.599109 0.20188
vt 0.59862 0.20249
vt 0.599109 0.201758
vt 0.59862 0.202246
vt 0.59862 0.202124
vt 0.59862 0.202002
vt 0.89111 0.073458
vt 0.89111 0.067293
vt 0.873531 0.073458
vt 0.873531 0.067293
vt 0.873531 0.078219
vt 0.89111 0.062258
vt 0.89111 0.078219
vt 0.873531 0.062258
vt 0.873531 0.083468
vt 0.89111 0.053133
vt 0.89111 0.083468
vt 0.873531 0.053133
vt 0.89111 0.088473
vt 0.89111 0.044832
vt 0.873531 0.088473
vt 0.873531 0.044832
vt 0.89111 0.095065
vt 0.873531 0.036073
vt 0.873531 0.095065
vt 0.89111 0.036073
vt 0.89111 0.100131
vt 0.873531 0.028993
vt 0.873531 0.100131
vt 0.89111 0.028993
vt 0.89111 0.104221
vt 0.89111 0.024232
vt 0.873531 0.104221
vt 0.873531 0.024232
vt 0.89111 0.10831
vt 0.89111 0.020356
vt 0.873531 0.10831
vt 0.873531 0.020356
vt 0.89111 0.007904
vt 0.873531 0.007904
vt 0.873531 0.112339
vt 0.89111 0.112339
vt 0.873531 0.116428
vt 0.89111 0.116428
vt 0.89111 0.132786
vt 0.873531 0.132786
vt 0.89111 0.150365
vt 0.873531 0.150365
vt 0.89111 0.168432
vt 0.854488 0.687002
vt 0.854488 0.66454
vt 0.836909 0.687002
vt 0.836909 0.66454
vt 0.836909 0.71044
vt 0.836909 0.642079
vt 0.854488 0.71044
vt 0.854488 0.642079
vt 0.854488 0.73339
vt 0.836909 0.618152
vt 0.836909 0.73339
vt 0.854488 0.618152
vt 0.854488 0.745598
vt 0.836909 0.594714
vt 0.836909 0.745598
vt 0.854488 0.594714
vt 0.836909 0.756829
vt 0.836909 0.573717
vt 0.854488 0.756829
vt 0.854488 0.573717
vt 0.836909 0.767083
vt 0.854488 0.552721
vt 0.854488 0.767083
vt 0.836909 0.552721
vt 0.854488 0.774895
vt 0.854488 0.531236
vt 0.836909 0.774895
vt 0.836909 0.531236
vt 0.836909 0.781243
vt 0.836909 0.509262
vt 0.854488 0.781243
vt 0.854488 0.509262
vt 0.836909 0.78515
vt 0.854488 0.487777
vt 0.854488 0.78515
vt 0.836909 0.487777
vt 0.854488 0.790521
vt 0.854488 0.466048
vt 0.836909 0.790521
vt 0.836909 0.466048
vt 0.854488 0.796869
vt 0.854488 0.444563
vt 0.836909 0.796869
vt 0.836909 0.444563
vt 0.854488 0.804193
vt 0.854488 0.423078
vt 0.836909 0.804193
vt 0.836909 0.423078
vt 0.836909 0.811518
vt 0.854488 0.405499
vt 0.854488 0.811518
vt 0.836909 0.830073
vt 0.854488 0.830073
vt 0.836909 0.405499
vt 0.854488 0.387921
vt 0.836909 0.387921
vt 0.836909 0.361553
vt 0.854488 0.361553
vt 0.836909 0.335185
vt 0.854488 0.335185
vt 0.854488 0.308817
vt 0.836909 0.308817
vt 0.854488 0.291726
vt 0.836909 0.291726
vt 0.854488 0.274636
vt 0.836909 0.274636
vt 0.854488 0.257302
vt 0.836909 0.257302
vt 0.854488 0.246681
vt 0.836909 0.246681
vt 0.836909 0.223975
vt 0.854488 0.223975
vt 0.854488 0.200171
vt 0.836909 0.200171
vt 0.854488 0.181127
vt 0.836909 0.181127
vt 0.774895 0.936522
vt 0.774407 0.936522
vt 0.776849 0.945311
vt 0.783196 0.937986
vt 0.774895 0.934568
vt 0.783196 0.935545
vt 0.783685 0.93408
vt 0.791986 0.935057
vt 0.775384 0.932615
vt 0.791497 0.936522
vt 0.79931 0.935545
vt 0.773431 0.934568
vt 0.772942 0.932615
vt 0.798822 0.93701
vt 0.770989 0.937986
vt 0.806635 0.936033
vt 0.770501 0.936033
vt 0.769524 0.934568
vt 0.770501 0.938475
vt 0.769036 0.937986
vt 0.767571 0.93701
vt 0.766594 0.940916
vt 0.768059 0.940916
vt 0.770012 0.941404
vt 0.770012 0.944334
vt 0.768548 0.944823
vt 0.767083 0.944823
vt 0.767571 0.948241
vt 0.769036 0.947752
vt 0.769036 0.951659
vt 0.770989 0.947264
vt 0.770501 0.950682
vt 0.773431 0.9541
vt 0.772454 0.955565
vt 0.771966 0.949705
vt 0.774407 0.952147
vt 0.777825 0.9541
vt 0.776849 0.956053
vt 0.77636 0.958006
vt 0.778313 0.9541
vt 0.778313 0.956542
vt 0.778313 0.958006
vt 0.784661 0.946287
vt 0.786126 0.955077
vt 0.786126 0.95703
vt 0.786126 0.958983
vt 0.791497 0.938963
vt 0.792474 0.947264
vt 0.798822 0.939451
vt 0.806635 0.937498
vt 0.814447 0.936033
vt 0.793939 0.955077
vt 0.800287 0.947264
vt 0.806635 0.939451
vt 0.814447 0.937498
vt 0.821772 0.936033
vt 0.793939 0.957518
vt 0.793939 0.959471
vt 0.801264 0.955565
vt 0.801264 0.957518
vt 0.801264 0.959471
vt 0.807611 0.947752
vt 0.809076 0.955565
vt 0.809076 0.957518
vt 0.809076 0.959471
vt 0.813959 0.93994
vt 0.815424 0.947752
vt 0.816401 0.955077
vt 0.816401 0.957518
vt 0.816401 0.958983
vt 0.821772 0.937498
vt 0.829585 0.936033
vt 0.821772 0.93994
vt 0.829585 0.937498
vt 0.837397 0.935545
vt 0.822748 0.947264
vt 0.829585 0.93994
vt 0.837397 0.93701
vt 0.844722 0.934568
vt 0.824213 0.955077
vt 0.830561 0.947264
vt 0.837397 0.939451
vt 0.84521 0.936522
vt 0.852534 0.93408
vt 0.824213 0.95703
vt 0.824213 0.958495
vt 0.831538 0.954588
vt 0.831538 0.956542
vt 0.831538 0.958495
vt 0.838374 0.946287
vt 0.838862 0.953612
vt 0.838862 0.956053
vt 0.839351 0.957518
vt 0.84521 0.938475
vt 0.845698 0.945799
vt 0.846187 0.952635
vt 0.846675 0.954588
vt 0.846675 0.956542
vt 0.852534 0.935545
vt 0.858882 0.933103
vt 0.852534 0.937986
vt 0.858882 0.935057
vt 0.864742 0.932615
vt 0.853023 0.944823
vt 0.858882 0.93701
vt 0.86523 0.93408
vt 0.87402 0.930662
vt 0.853999 0.951659
vt 0.859371 0.943846
vt 0.874508 0.932127
vt 0.877438 0.930174
vt 0.86523 0.936033
vt 0.865718 0.942869
vt 0.877438 0.931639
vt 0.881344 0.93115
vt 0.874508 0.934568
vt 0.874996 0.940916
vt 0.880856 0.933103
vt 0.884274 0.93408
vt 0.876949 0.93408
vt 0.880367 0.935057
vt 0.883297 0.935057
vt 0.885739 0.938475
vt 0.881344 0.936522
vt 0.883786 0.938475
vt 0.883786 0.942381
vt 0.88525 0.942869
vt 0.882809 0.947264
vt 0.882321 0.938963
vt 0.881832 0.941893
vt 0.881832 0.945799
vt 0.879391 0.949705
vt 0.880856 0.943846
vt 0.878414 0.948241
vt 0.875973 0.950682
vt 0.875484 0.947264
vt 0.877438 0.946287
vt 0.875484 0.949217
vt 0.866695 0.953124
vt 0.866207 0.95117
vt 0.860347 0.9541
vt 0.866207 0.949217
vt 0.860347 0.952635
vt 0.853999 0.955077
vt 0.859859 0.950194
vt 0.853999 0.953612
vt 0.615711 0.723624
vt 0.616199 0.723136
vt 0.612781 0.727042
vt 0.608875 0.729484
vt 0.60448 0.729972
vt 0.600085 0.729484
vt 0.617176 0.71923
vt 0.617176 0.714835
vt 0.615711 0.71044
vt 0.612781 0.707022
vt 0.608875 0.704581
vt 0.596179 0.727042
vt 0.593249 0.723624
vt 0.592273 0.722159
vt 0.591296 0.71923
vt 0.591784 0.714835
vt 0.593249 0.71044
vt 0.596179 0.707022
vt 0.600085 0.704581
vt 0.60448 0.704093
vt 0.573717 0.820795
vt 0.561998 0.815424
vt 0.546861 0.800287
vt 0.531724 0.786126
vt 0.610828 0.673818
vt 0.610828 0.675283
vt 0.612293 0.679678
vt 0.615223 0.683096
vt 0.619617 0.685537
vt 0.610828 0.670888
vt 0.624012 0.686026
vt 0.612781 0.666494
vt 0.615711 0.663076
vt 0.619617 0.660634
vt 0.681143 0.283181
vt 0.677236 0.28074
vt 0.674307 0.277322
vt 0.686026 0.283914
vt 0.69042 0.283181
vt 0.694327 0.280984
vt 0.697256 0.277322
vt 0.698721 0.273171
vt 0.698721 0.268532
vt 0.697256 0.264382
vt 0.672841 0.272927
vt 0.672841 0.268532
vt 0.694327 0.26072
vt 0.69042 0.258522
vt 0.674795 0.264138
vt 0.686026 0.25779
vt 0.681631 0.258522
vt 0.677724 0.26072
vt 0.669423 0.229224
vt 0.667959 0.224952
vt 0.672353 0.232765
vt 0.67626 0.235084
vt 0.667959 0.220313
vt 0.680654 0.235817
vt 0.685049 0.235084
vt 0.688955 0.232887
vt 0.691885 0.229347
vt 0.693838 0.225074
vt 0.693838 0.220557
vt 0.69335 0.220069
vt 0.692373 0.216285
vt 0.689444 0.212745
vt 0.685049 0.210425
vt 0.680654 0.209571
vt 0.67626 0.210303
vt 0.672353 0.212622
vt 0.669423 0.21604
vt 0.668935 0.217628
vt 0.628407 0.685537
vt 0.632313 0.683096
vt 0.635243 0.679678
vt 0.636708 0.675283
vt 0.636708 0.670888
vt 0.635243 0.666494
vt 0.632313 0.663076
vt 0.628407 0.660634
vt 0.624012 0.659658
vt 0.778802 0.859371
vt 0.775384 0.861324
vt 0.779778 0.859371
vt 0.774407 0.859371
vt 0.777825 0.857418
vt 0.773919 0.857906
vt 0.777337 0.855953
vt 0.770501 0.862301
vt 0.77929 0.856929
vt 0.77929 0.855464
vt 0.771966 0.862789
vt 0.770501 0.865718
vt 0.769036 0.86523
vt 0.773431 0.864254
vt 0.772454 0.866695
vt 0.770012 0.869137
vt 0.768548 0.869137
vt 0.768059 0.873043
vt 0.771966 0.869137
vt 0.778313 0.86816
vt 0.770012 0.872555
vt 0.770501 0.875973
vt 0.769036 0.876461
vt 0.771477 0.879391
vt 0.771477 0.872555
vt 0.772454 0.874996
vt 0.771966 0.877926
vt 0.774895 0.880856
vt 0.77636 0.876949
vt 0.772942 0.875484
vt 0.775384 0.879391
vt 0.777337 0.880856
vt 0.776849 0.878903
vt 0.785638 0.879391
vt 0.776849 0.876949
vt 0.78515 0.877438
vt 0.793451 0.877926
vt 0.78515 0.875484
vt 0.793451 0.876461
vt 0.800775 0.877438
vt 0.786126 0.866695
vt 0.793451 0.87402
vt 0.800775 0.875484
vt 0.808588 0.876949
vt 0.787591 0.858394
vt 0.793939 0.865718
vt 0.800775 0.873531
vt 0.8081 0.874996
vt 0.815912 0.876461
vt 0.787103 0.855953
vt 0.787103 0.854488
vt 0.794916 0.857418
vt 0.794916 0.855464
vt 0.794916 0.853999
vt 0.801752 0.86523
vt 0.802728 0.856929
vt 0.802728 0.854976
vt 0.80224 0.853023
vt 0.8081 0.873043
vt 0.809076 0.864742
vt 0.810053 0.856929
vt 0.810053 0.854976
vt 0.810053 0.853023
vt 0.815912 0.874508
vt 0.823725 0.875973
vt 0.815912 0.872555
vt 0.823725 0.87402
vt 0.831538 0.875973
vt 0.816889 0.864742
vt 0.823725 0.872066
vt 0.831538 0.87402
vt 0.839351 0.875973
vt 0.817866 0.856929
vt 0.824213 0.864742
vt 0.831538 0.872066
vt 0.839351 0.87402
vt 0.846675 0.876461
vt 0.817377 0.854976
vt 0.817377 0.853023
vt 0.82519 0.856929
vt 0.82519 0.854976
vt 0.82519 0.853023
vt 0.832026 0.864742
vt 0.832514 0.856929
vt 0.832514 0.854976
vt 0.832514 0.853023
vt 0.839351 0.872066
vt 0.839839 0.864742
vt 0.840327 0.857418
vt 0.840327 0.855464
vt 0.840327 0.853511
vt 0.846675 0.874508
vt 0.854488 0.876949
vt 0.846675 0.872555
vt 0.854488 0.874996
vt 0.860836 0.877438
vt 0.847163 0.86523
vt 0.854488 0.873043
vt 0.860836 0.875484
vt 0.866695 0.877926
vt 0.847652 0.858394
vt 0.854488 0.866207
vt 0.860836 0.873531
vt 0.867183 0.876461
vt 0.876461 0.879391
vt 0.847652 0.856441
vt 0.847652 0.854488
vt 0.854976 0.859371
vt 0.854976 0.857418
vt 0.855464 0.855464
vt 0.860836 0.866695
vt 0.861324 0.860347
vt 0.861324 0.857906
vt 0.861812 0.856441
vt 0.867672 0.861324
vt 0.867183 0.867672
vt 0.867672 0.858882
vt 0.867672 0.857418
vt 0.876461 0.862789
vt 0.867183 0.87402
vt 0.876949 0.860836
vt 0.877438 0.858882
vt 0.878903 0.863277
vt 0.879879 0.861324
vt 0.880367 0.859859
vt 0.882321 0.865718
vt 0.876461 0.869137
vt 0.883297 0.864254
vt 0.884274 0.862789
vt 0.88525 0.867672
vt 0.886715 0.866695
vt 0.887204 0.87109
vt 0.883297 0.86816
vt 0.885739 0.87109
vt 0.883786 0.87109
vt 0.884762 0.874508
vt 0.883297 0.873531
vt 0.886227 0.875484
vt 0.882321 0.874508
vt 0.882809 0.876949
vt 0.883297 0.878414
vt 0.878414 0.875973
vt 0.879391 0.877926
vt 0.879879 0.879879
vt 0.876461 0.875484
vt 0.876461 0.877926
vt 0.873531 0.168432
vt 0.89111 0.186499
vt 0.873531 0.186499
vt 0.873531 0.203833
vt 0.89111 0.203833
vt 0.873531 0.2219
vt 0.89111 0.2219
vt 0.89111 0.237526
vt 0.873531 0.237526
vt 0.873531 0.253151
vt 0.89111 0.253151
vt 0.873531 0.279763
vt 0.89111 0.279763
vt 0.873531 0.306375
vt 0.89111 0.306375
vt 0.873531 0.332743
vt 0.89111 0.332743
vt 0.89111 0.350566
vt 0.873531 0.350566
vt 0.89111 0.368389
vt 0.873531 0.368389
vt 0.873531 0.389874
vt 0.89111 0.389874
vt 0.89111 0.411359
vt 0.873531 0.411359
vt 0.873531 0.4326
vt 0.89111 0.4326
vt 0.89111 0.454085
vt 0.873531 0.454085
vt 0.873531 0.47557
vt 0.89111 0.47557
vt 0.873531 0.497299
vt 0.89111 0.497299
vt 0.873531 0.519028
vt 0.89111 0.519028
vt 0.89111 0.540513
vt 0.873531 0.540513
vt 0.89111 0.562487
vt 0.873531 0.562487
vt 0.89111 0.584948
vt 0.873531 0.584948
vt 0.89111 0.606922
vt 0.873531 0.606922
vt 0.873531 0.629383
vt 0.89111 0.629383
vt 0.873531 0.652333
vt 0.89111 0.652333
vt 0.89111 0.675283
vt 0.873531 0.675283
vt 0.89111 0.69628
vt 0.873531 0.69628
vt 0.89111 0.7163
vt 0.873531 0.7163
vt 0.89111 0.73339
vt 0.873531 0.73339
vt 0.89111 0.750481
vt 0.873531 0.750481
vt 0.89111 0.765618
vt 0.873531 0.765618
vt 0.89111 0.774407
vt 0.873531 0.774407
vt 0.873531 0.781243
vt 0.89111 0.781243
vt 0.873531 0.785638
vt 0.89111 0.785638
vt 0.872555 0.411603
vt 0.872555 0.390118
vt 0.855464 0.390118
vt 0.855464 0.368877
vt 0.872555 0.368877
vt 0.872555 0.351054
vt 0.855464 0.351054
vt 0.872555 0.333232
vt 0.855464 0.333232
vt 0.855464 0.306619
vt 0.872555 0.306619
vt 0.855464 0.280007
vt 0.872555 0.280007
vt 0.855464 0.253395
vt 0.872555 0.253395
vt 0.855464 0.237892
vt 0.872555 0.237892
vt 0.872555 0.222144
vt 0.855464 0.222144
vt 0.855464 0.204199
vt 0.872555 0.204199
vt 0.855464 0.186865
vt 0.872555 0.186865
vt 0.872555 0.168798
vt 0.855464 0.168798
vt 0.872555 0.150731
vt 0.855464 0.150731
vt 0.872555 0.133152
vt 0.855464 0.133152
vt 0.872555 0.116794
vt 0.855464 0.116794
vt 0.855464 0.112705
vt 0.872555 0.112705
vt 0.855464 0.108615
vt 0.872555 0.108615
vt 0.872555 0.104526
vt 0.855464 0.104526
vt 0.872555 0.100436
vt 0.855464 0.100436
vt 0.872555 0.09537
vt 0.855464 0.09537
vt 0.872555 0.088839
vt 0.855464 0.088839
vt 0.872555 0.083773
vt 0.855464 0.083773
vt 0.855464 0.078524
vt 0.872555 0.078524
vt 0.855464 0.073824
vt 0.872555 0.073824
vt 0.855464 0.067599
vt 0.872555 0.067599
vt 0.855464 0.062593
vt 0.872555 0.062593
vt 0.855464 0.053468
vt 0.872555 0.053468
vt 0.855464 0.045167
vt 0.872555 0.045167
vt 0.872555 0.036409
vt 0.855464 0.036409
vt 0.872555 0.029328
vt 0.855464 0.029328
vt 0.855464 0.024567
vt 0.872555 0.024567
vt 0.855464 0.020692
vt 0.872555 0.020692
vt 0.855464 0.00824
vt 0.872555 0.00824
vt 0.891598 0.200903
vt 0.909177 0.200903
vt 0.891598 0.181738
vt 0.909177 0.181738
vt 0.909177 0.224708
vt 0.891598 0.224708
vt 0.891598 0.247536
vt 0.909177 0.247536
vt 0.909177 0.258278
vt 0.891598 0.258278
vt 0.909177 0.275613
vt 0.891598 0.275613
vt 0.909177 0.292703
vt 0.891598 0.292703
vt 0.909177 0.309793
vt 0.891598 0.309793
vt 0.909177 0.336161
vt 0.891598 0.336161
vt 0.891598 0.362529
vt 0.909177 0.362529
vt 0.891598 0.389141
vt 0.909177 0.389141
vt 0.909177 0.406476
vt 0.891598 0.406476
vt 0.909177 0.424055
vt 0.891598 0.424055
vt 0.909177 0.44554
vt 0.891598 0.44554
vt 0.909177 0.467025
vt 0.891598 0.467025
vt 0.909177 0.48851
vt 0.891598 0.48851
vt 0.909177 0.510239
vt 0.891598 0.510239
vt 0.891598 0.531724
vt 0.909177 0.531724
vt 0.765618 0.723136
vt 0.779778 0.723136
vt 0.765618 0.720206
vt 0.779778 0.720206
vt 0.779778 0.725577
vt 0.765618 0.717765
vt 0.765618 0.725577
vt 0.779778 0.717765
vt 0.779778 0.727531
vt 0.765618 0.714835
vt 0.765618 0.727531
vt 0.779778 0.714835
vt 0.779778 0.728507
vt 0.765618 0.712394
vt 0.765618 0.728507
vt 0.779778 0.712394
vt 0.765618 0.730949
vt 0.765618 0.709464
vt 0.779778 0.730949
vt 0.779778 0.709464
vt 0.765618 0.733879
vt 0.765618 0.707022
vt 0.779778 0.733879
vt 0.779778 0.707022
vt 0.765618 0.73632
vt 0.765618 0.704093
vt 0.779778 0.73632
vt 0.779778 0.704093
vt 0.765618 0.73925
vt 0.765618 0.701651
vt 0.779778 0.73925
vt 0.779778 0.701651
vt 0.765618 0.741691
vt 0.779778 0.698721
vt 0.779778 0.741691
vt 0.765618 0.744621
vt 0.779778 0.744621
vt 0.765618 0.698721
vt 0.779778 0.69628
vt 0.765618 0.69628
vt 0.746574 0.80517
vt 0.746574 0.802728
vt 0.732414 0.80517
vt 0.732414 0.802728
vt 0.732414 0.8081
vt 0.746574 0.799798
vt 0.746574 0.8081
vt 0.732414 0.799798
vt 0.732414 0.810541
vt 0.746574 0.797357
vt 0.746574 0.810541
vt 0.732414 0.797357
vt 0.746574 0.794427
vt 0.732414 0.794427
vt 0.732414 0.812983
vt 0.746574 0.791986
vt 0.746086 0.813471
vt 0.732414 0.791986
vt 0.746086 0.815912
vt 0.746574 0.789056
vt 0.732414 0.815912
vt 0.732414 0.789056
vt 0.746086 0.818842
vt 0.732414 0.786615
vt 0.731925 0.818354
vt 0.746574 0.786615
vt 0.746086 0.821284
vt 0.732414 0.784661
vt 0.731925 0.821284
vt 0.746574 0.784661
vt 0.746086 0.823725
vt 0.732414 0.783685
vt 0.731925 0.823725
vt 0.746574 0.784173
vt 0.732414 0.781243
vt 0.746574 0.781243
vt 0.746086 0.826655
vt 0.731925 0.826655
vt 0.746086 0.829096
vt 0.731925 0.829096
vt 0.730949 0.659658
vt 0.780267 0.652333
vt 0.726554 0.660634
vt 0.909177 0.553697
vt 0.891598 0.553697
vt 0.909177 0.574206
vt 0.891598 0.574206
vt 0.891598 0.595202
vt 0.909177 0.595202
vt 0.891598 0.618641
vt 0.909177 0.618641
vt 0.891598 0.642079
vt 0.909177 0.642079
vt 0.891598 0.66454
vt 0.909177 0.66454
vt 0.909177 0.687002
vt 0.891598 0.687002
vt 0.909177 0.71044
vt 0.891598 0.71044
vt 0.891598 0.73339
vt 0.909177 0.73339
vt 0.891598 0.745109
vt 0.909177 0.745109
vt 0.909177 0.756829
vt 0.891598 0.756829
vt 0.909177 0.766594
vt 0.891598 0.766594
vt 0.891598 0.774407
vt 0.909177 0.774407
vt 0.909177 0.780755
vt 0.891598 0.780755
vt 0.909177 0.784661
vt 0.891598 0.784661
vt 0.891598 0.790033
vt 0.909177 0.790033
vt 0.891598 0.795892
vt 0.909177 0.795892
vt 0.891598 0.803705
vt 0.909177 0.803705
vt 0.909177 0.810541
vt 0.891598 0.810541
vt 0.909177 0.829585
vt 0.891598 0.829585
vt 0.780267 0.770012
vt 0.766106 0.770012
vt 0.780267 0.772454
vt 0.766106 0.772942
vt 0.766106 0.767571
vt 0.780267 0.775384
vt 0.780267 0.767083
vt 0.766106 0.775384
vt 0.766106 0.764641
vt 0.780267 0.777825
vt 0.780267 0.764641
vt 0.766106 0.778313
vt 0.766106 0.7622
vt 0.780267 0.780755
vt 0.780267 0.761711
vt 0.766106 0.780755
vt 0.766106 0.75927
vt 0.766106 0.783685
vt 0.779778 0.75927
vt 0.780267 0.783196
vt 0.766106 0.756829
vt 0.766106 0.786126
vt 0.779778 0.75634
vt 0.780267 0.786126
vt 0.779778 0.753899
vt 0.766106 0.789056
vt 0.765618 0.753899
vt 0.780267 0.788568
vt 0.779778 0.750969
vt 0.766106 0.791497
vt 0.765618 0.751457
vt 0.780267 0.791497
vt 0.766106 0.794427
vt 0.780267 0.793939
vt 0.779778 0.748528
vt 0.765618 0.748528
vt 0.779778 0.745598
vt 0.765618 0.746086
vt 0.664052 0.732902
vt 0.743156 0.746086
vt 0.6704 0.720695
vt 0.734367 0.766594
vt 0.657216 0.743645
vt 0.725577 0.784173
vt 0.650868 0.752922
vt 0.7163 0.800775
vt 0.645985 0.760247
vt 0.706046 0.814936
vt 0.680654 0.820795
vt 0.69921 0.82226
vt 0.693838 0.827631
vt 0.689932 0.831049
vt 0.677724 0.830073
vt 0.687002 0.833979
vt 0.683096 0.834468
vt 0.670888 0.824213
vt 0.668935 0.815424
vt 0.664052 0.817377
vt 0.653798 0.800287
vt 0.652333 0.806635
vt 0.641102 0.765618
vt 0.636219 0.792474
vt 0.638661 0.786126
vt 0.636708 0.766594
vt 0.632801 0.78515
vt 0.631825 0.770501
vt 0.630848 0.776849
vt 0.691885 0.67333
vt 0.682119 0.697256
vt 0.7622 0.700186
vt 0.698721 0.71923
vt 0.698721 0.714835
vt 0.700186 0.71044
vt 0.703116 0.707022
vt 0.707022 0.704581
vt 0.711417 0.704093
vt 0.699698 0.722159
vt 0.715812 0.704581
vt 0.700186 0.723624
vt 0.703116 0.727042
vt 0.707022 0.729484
vt 0.719718 0.707022
vt 0.722648 0.71044
vt 0.711417 0.729972
vt 0.715812 0.729484
vt 0.719718 0.727042
vt 0.722648 0.723624
vt 0.723136 0.723136
vt 0.752434 0.724113
vt 0.724113 0.71923
vt 0.724601 0.714835
vt 0.74218 0.679678
vt 0.743645 0.675283
vt 0.73925 0.683096
vt 0.735344 0.685537
vt 0.730949 0.686026
vt 0.726554 0.685537
vt 0.771966 0.67626
vt 0.743645 0.670888
vt 0.74218 0.666494
vt 0.73925 0.663076
vt 0.735344 0.660634
vt 0.722648 0.683096
vt 0.719718 0.679678
vt 0.717765 0.675283
vt 0.717765 0.673818
vt 0.701163 0.649403
vt 0.717765 0.670888
vt 0.719718 0.666494
vt 0.722648 0.663076
vt 0.709464 0.624989
vt 0.788079 0.627918
vt 0.718253 0.600085
vt 0.794916 0.603992
vt 0.726066 0.574694
vt 0.801264 0.580065
vt 0.732414 0.551744
vt 0.806635 0.556139
vt 0.737785 0.528794
vt 0.811518 0.531724
vt 0.743156 0.504868
vt 0.815424 0.507798
vt 0.748039 0.480941
vt 0.818842 0.483627
vt 0.751946 0.456771
vt 0.821772 0.4597
vt 0.755364 0.4326
vt 0.824213 0.43553
vt 0.757805 0.408429
vt 0.825678 0.411359
vt 0.759758 0.384259
vt 0.826655 0.386944
vt 0.761711 0.364483
vt 0.826655 0.366924
vt 0.762688 0.344462
vt 0.826167 0.34666
vt 0.824702 0.31663
vt 0.762688 0.314676
vt 0.822748 0.286843
vt 0.7622 0.284646
vt 0.788079 0.283181
vt 0.784173 0.28074
vt 0.781243 0.277322
vt 0.792962 0.283914
vt 0.797357 0.283181
vt 0.761223 0.25486
vt 0.801264 0.280984
vt 0.804193 0.277322
vt 0.805658 0.273171
vt 0.805658 0.268532
vt 0.804193 0.264382
vt 0.779778 0.272927
vt 0.81933 0.256813
vt 0.779778 0.268532
vt 0.801264 0.26072
vt 0.797357 0.258522
vt 0.781732 0.264138
vt 0.792962 0.25779
vt 0.788568 0.258522
vt 0.784661 0.26072
vt 0.817866 0.239235
vt 0.759758 0.235572
vt 0.77636 0.229224
vt 0.774895 0.224952
vt 0.77929 0.232765
vt 0.783196 0.235084
vt 0.774895 0.220313
vt 0.787591 0.235817
vt 0.758293 0.216407
vt 0.791986 0.235084
vt 0.795892 0.232887
vt 0.798822 0.229347
vt 0.800775 0.225074
vt 0.815424 0.221534
vt 0.800775 0.220557
vt 0.800287 0.220069
vt 0.805658 0.203711
vt 0.79931 0.216285
vt 0.796381 0.212745
vt 0.792474 0.210425
vt 0.787591 0.209571
vt 0.783196 0.210303
vt 0.77929 0.212622
vt 0.77636 0.21604
vt 0.775872 0.217628
vt 0.755852 0.196875
vt 0.79931 0.185156
vt 0.754387 0.184668
vt 0.794916 0.165136
vt 0.750969 0.159154
vt 0.792962 0.144749
vt 0.747551 0.13242
vt 0.792962 0.124912
vt 0.746574 0.110813
vt 0.793451 0.106357
vt 0.746086 0.092502
vt 0.748039 0.089633
vt 0.794427 0.10184
vt 0.795404 0.097262
vt 0.749016 0.086276
vt 0.795892 0.092746
vt 0.748528 0.082186
vt 0.796869 0.088229
vt 0.746574 0.078097
vt 0.798334 0.082675
vt 0.741691 0.075228
vt 0.800775 0.075594
vt 0.738273 0.071078
vt 0.802728 0.070284
vt 0.732902 0.065828
vt 0.729972 0.059847
vt 0.80517 0.064791
vt 0.728507 0.053987
vt 0.807611 0.059938
vt 0.809565 0.053194
vt 0.727531 0.048189
vt 0.727531 0.041749
vt 0.810053 0.047517
vt 0.728996 0.034394
vt 0.809565 0.037202
vt 0.806635 0.028291
vt 0.732414 0.025666
vt 0.736808 0.018799
vt 0.801264 0.019837
vt 0.795892 0.013855
vt 0.744133 0.012116
vt 0.791497 0.010651
vt 0.751457 0.007843
vt 0.787591 0.008454
vt 0.760247 0.0047
vt 0.774407 0.004273
vt 0.783685 0.795404
vt 0.797845 0.795404
vt 0.783685 0.792474
vt 0.797845 0.792962
vt 0.783685 0.790033
vt 0.797845 0.790033
vt 0.783685 0.787103
vt 0.797845 0.787591
vt 0.783685 0.784661
vt 0.797845 0.784661
vt 0.783685 0.781732
vt 0.797845 0.78222
vt 0.783685 0.77929
vt 0.797845 0.77929
vt 0.797845 0.776849
vt 0.783685 0.77636
vt 0.797845 0.773919
vt 0.783685 0.773919
vt 0.797845 0.771477
vt 0.783685 0.770989
vt 0.797845 0.768548
vt 0.783685 0.768548
vt 0.797845 0.766106
vt 0.783685 0.765618
vt 0.797845 0.763176
vt 0.783685 0.763176
vt 0.797845 0.760735
vt 0.783685 0.760247
vt 0.797845 0.757805
vt 0.783685 0.757805
vt 0.797845 0.755364
vt 0.784173 0.754875
vt 0.784173 0.752434
vt 0.797845 0.752434
vt 0.784173 0.749504
vt 0.797845 0.749992
vt 0.784173 0.747063
vt 0.798334 0.747063
vt 0.797845 0.723136
vt 0.797845 0.721671
vt 0.783685 0.723136
vt 0.783685 0.721671
vt 0.783685 0.724113
vt 0.797845 0.718741
vt 0.797845 0.724113
vt 0.783685 0.718741
vt 0.797845 0.727042
vt 0.797845 0.7163
vt 0.783685 0.727042
vt 0.783685 0.7163
vt 0.797845 0.729484
vt 0.797845 0.71337
vt 0.783685 0.729484
vt 0.783685 0.71337
vt 0.797845 0.732414
vt 0.797845 0.710929
vt 0.783685 0.732414
vt 0.783685 0.710929
vt 0.797845 0.734855
vt 0.797845 0.707999
vt 0.783685 0.734855
vt 0.783685 0.707999
vt 0.797845 0.737785
vt 0.797845 0.705557
vt 0.783685 0.737785
vt 0.783685 0.705557
vt 0.797845 0.740226
vt 0.797845 0.702628
vt 0.783685 0.740226
vt 0.783685 0.702628
vt 0.797845 0.742668
vt 0.797845 0.700186
vt 0.783685 0.742668
vt 0.783685 0.700186
vt 0.797845 0.697256
vt 0.783685 0.697256
vt 0.797845 0.743156
vt 0.783685 0.743156
vt 0.797845 0.745598
vt 0.783685 0.745598
vt 0.803705 0.816401
vt 0.800775 0.816401
vt 0.803217 0.830561
vt 0.800775 0.830561
vt 0.806146 0.830561
vt 0.798334 0.816401
vt 0.806146 0.816401
vt 0.798334 0.830561
vt 0.808588 0.830561
vt 0.795404 0.816401
vt 0.809076 0.816401
vt 0.795404 0.830073
vt 0.811029 0.830561
vt 0.792962 0.816401
vt 0.811029 0.816401
vt 0.792962 0.830073
vt 0.811518 0.830561
vt 0.790033 0.816401
vt 0.811518 0.816401
vt 0.790033 0.830073
vt 0.814447 0.816401
vt 0.787591 0.816401
vt 0.813959 0.830561
vt 0.787591 0.830073
vt 0.816889 0.816401
vt 0.784661 0.815912
vt 0.816889 0.830561
vt 0.784661 0.830073
vt 0.819819 0.816401
vt 0.78222 0.830073
vt 0.81933 0.830561
vt 0.78222 0.815912
vt 0.82226 0.816401
vt 0.780267 0.830073
vt 0.82226 0.830561
vt 0.780267 0.815912
vt 0.77929 0.830073
vt 0.77929 0.815912
vt 0.82519 0.816401
vt 0.824702 0.830561
vt 0.827631 0.816401
vt 0.827631 0.830561
vt 0.595202 0.127415
vt 0.594714 0.107395
vt 0.593738 0.127415
vt 0.593249 0.107395
vt 0.596179 0.107395
vt 0.595202 0.147435
vt 0.593738 0.147435
vt 0.596667 0.147435
vt 0.592273 0.127415
vt 0.591784 0.107395
vt 0.592273 0.147435
vt 0.596667 0.127415
vt 0.598132 0.147435
vt 0.598132 0.107334
vt 0.590319 0.127415
vt 0.590808 0.147435
vt 0.590319 0.107456
vt 0.598132 0.127415
vt 0.599597 0.107334
vt 0.599597 0.147435
vt 0.588855 0.127415
vt 0.588855 0.107456
vt 0.589343 0.147557
vt 0.599597 0.127415
vt 0.601062 0.147435
vt 0.601062 0.107334
vt 0.58739 0.127415
vt 0.587878 0.147557
vt 0.58739 0.107456
vt 0.585925 0.127537
vt 0.586413 0.147557
vt 0.585925 0.107456
vt 0.601062 0.127293
vt 0.602527 0.107334
vt 0.603015 0.147435
vt 0.602527 0.127293
vt 0.603992 0.107334
vt 0.60448 0.147313
vt 0.603992 0.127293
vt 0.605457 0.107273
vt 0.605945 0.147313
vt 0.605457 0.127293
vt 0.606922 0.107273
vt 0.60741 0.147313
vt 0.606922 0.127293
vt 0.608387 0.107273
vt 0.608875 0.147313
vt 0.608387 0.127293
vt 0.609851 0.107273
vt 0.61034 0.147313
vt 0.61034 0.127293
vt 0.611316 0.107212
vt 0.611804 0.147313
vt 0.611804 0.127293
vt 0.612781 0.107212
vt 0.613269 0.147313
vt 0.613269 0.127293
vt 0.78515 0.813471
vt 0.78515 0.799798
vt 0.78222 0.813471
vt 0.78222 0.799798
vt 0.779778 0.799798
vt 0.779778 0.813471
vt 0.787591 0.799798
vt 0.787591 0.813471
vt 0.790521 0.799798
vt 0.790521 0.813471
vt 0.792962 0.799798
vt 0.792962 0.813471
vt 0.795892 0.799798
vt 0.795892 0.813471
vt 0.798334 0.799798
vt 0.798334 0.813471
vt 0.801264 0.799798
vt 0.801264 0.813471
vt 0.803705 0.799798
vt 0.803705 0.813471
vt 0.806635 0.799798
vt 0.806635 0.813471
vt 0.808588 0.799798
vt 0.808588 0.813471
vt 0.809076 0.799798
vt 0.809076 0.813471
vt 0.812006 0.813471
vt 0.812006 0.799798
vt 0.814447 0.813471
vt 0.814447 0.799798
vt 0.817377 0.813471
vt 0.817377 0.799798
vt 0.819819 0.813471
vt 0.819819 0.799798
vt 0.822748 0.813471
vt 0.822748 0.799798
vt 0.82519 0.813471
vt 0.82519 0.799798
vt 0.826167 0.813471
vt 0.826167 0.799798
vt 0.827631 0.813471
vt 0.827631 0.799798
vt 0.749992 0.807123
vt 0.764153 0.807123
vt 0.749992 0.804682
vt 0.764153 0.804682
vt 0.749992 0.801752
vt 0.764153 0.801752
vt 0.764153 0.809565
vt 0.749992 0.79931
vt 0.749992 0.810053
vt 0.764153 0.79931
vt 0.749992 0.812494
vt 0.749992 0.796869
vt 0.764153 0.812494
vt 0.764153 0.796381
vt 0.749992 0.815424
vt 0.749992 0.793939
vt 0.764153 0.814936
vt 0.764153 0.793939
vt 0.749992 0.817866
vt 0.749992 0.791497
vt 0.764153 0.817866
vt 0.764153 0.791009
vt 0.749992 0.820795
vt 0.749992 0.788568
vt 0.764153 0.820307
vt 0.764153 0.788568
vt 0.749992 0.823237
vt 0.749992 0.786126
vt 0.764153 0.823237
vt 0.764153 0.785638
vt 0.749992 0.826167
vt 0.764153 0.783196
vt 0.764153 0.825678
vt 0.749992 0.828608
vt 0.764153 0.828608
vt 0.749992 0.783196
vt 0.764153 0.781243
vt 0.749992 0.781243
vt 0.764153 0.780267
vt 0.749992 0.780755
vn 0.6614 0 -0.7402
vn 0.6772 0 -0.7244
vn 0.6693 0 -0.7323
vn 0.622 0 -0.7717
vn 0.378 0 -0.9213
vn -0.1181 0 -0.9921
vn 0.9685 0 -0.2205
vn 0.9291 0 -0.3622
vn 0.9921 0 -0.0472
vn 0.8189 0 -0.5669
vn 0.9921 0 0.1024
vn 0.7244 0 -0.6772
vn 0.9528 0 0.2835
vn 0.6457 0 -0.7559
vn 0.8898 0 0.4488
vn 0.7087 0 -0.7008
vn 0.7638 0 0.6378
vn 0.9449 0 -0.315
vn 0.6063 0 0.7874
vn 0.9921 0 0.0551
vn 0.4173 0 0.9055
vn 0.9055 0 0.4173
vn 0.8031 0 0.5906
vn 0.1496 0 0.9843
vn 0.0236 0 0.9921
vn -0.9213 0 -0.3858
vn -0.9213 0 -0.378
vn -0.9134 0 -0.3858
vn -0.9291 0 -0.3465
vn -0.9055 0 -0.4094
vn -0.9449 0 -0.315
vn -0.8819 0 -0.4567
vn -0.9528 0 -0.2835
vn -0.8425 0 -0.5276
vn -0.9606 0 -0.2598
vn -0.7795 0 -0.622
vn -0.9685 0 -0.2283
vn -0.7087 0 -0.7008
vn -0.9764 0 -0.2126
vn -0.685 0 -0.7165
vn -0.9764 0 -0.1732
vn -0.6772 0 -0.7323
vn -0.9843 0 -0.1417
vn -0.6693 0 -0.7323
vn -0.9843 0 -0.126
vn -0.9921 0 -0.1024
vn -0.9921 0 -0.0787
vn 0.5276 -0.6142 -0.5748
vn 0.2677 -0.9134 -0.2835
vn 0.2756 -0.9055 -0.2992
vn 0.6457 -0.2913 -0.7008
vn 0.6299 -0.2047 -0.7402
vn 0.5354 -0.5433 -0.6299
vn 0.3071 -0.8661 -0.3858
vn 0.3543 -0.2756 -0.8898
vn 0.2677 -0.5276 -0.7953
vn 0.0157 -0.9291 -0.3465
vn -0.3228 -0.6535 -0.6772
vn -0.4094 -0.2913 -0.8583
vn -0.6457 -0.315 -0.685
vn -0.4803 -0.7008 -0.5118
vn -0.1732 -0.9449 -0.2677
vn -0.6378 -0.2835 -0.7008
vn -0.5433 -0.5669 -0.6063
vn -0.2992 -0.874 -0.378
vn -0.3071 -0.8898 -0.3071
vn -0.5591 -0.6063 -0.5512
vn -0.685 -0.2126 -0.685
vn -0.252 -0.937 -0.2047
vn -0.5669 -0.6772 -0.4488
vn -0.7717 -0.2126 -0.5906
vn -0.2677 -0.9449 -0.1575
vn -0.5984 -0.7008 -0.3701
vn -0.8031 -0.315 -0.4961
vn -0.2598 -0.9528 -0.1339
vn -0.6063 -0.7244 -0.315
vn -0.8268 -0.3386 -0.4331
vn -0.2756 -0.9449 -0.126
vn -0.6378 -0.7087 -0.2913
vn -0.8583 -0.3228 -0.3858
vn -0.2913 -0.9449 -0.126
vn -0.6535 -0.6929 -0.2835
vn -0.874 -0.3071 -0.3701
vn -0.3071 -0.937 -0.126
vn -0.6693 -0.6772 -0.2835
vn -0.874 -0.2913 -0.3701
vn -0.6693 -0.6772 -0.2756
vn -0.8819 -0.2913 -0.3543
vn -0.3071 -0.937 -0.1102
vn -0.6772 -0.685 -0.252
vn -0.8898 -0.2992 -0.3307
vn -0.3071 -0.937 -0.1024
vn -0.6772 -0.685 -0.2283
vn -0.8976 -0.2992 -0.2992
vn -0.3071 -0.9449 -0.0866
vn -0.685 -0.6929 -0.2047
vn -0.9055 -0.2992 -0.2756
vn -0.3071 -0.9449 -0.0787
vn -0.685 -0.6929 -0.1811
vn -0.9134 -0.3071 -0.2441
vn -0.3071 -0.9449 -0.0709
vn -0.6929 -0.6929 -0.1654
vn -0.9213 -0.3071 -0.2205
vn -0.3071 -0.9449 -0.063
vn -0.6929 -0.6929 -0.1496
vn -0.9213 -0.3071 -0.2047
vn -0.3071 -0.9449 -0.0551
vn -0.7008 -0.6929 -0.126
vn -0.9291 -0.3071 -0.1654
vn -0.315 -0.9449 -0.0472
vn -0.7008 -0.7008 -0.1024
vn -0.937 -0.315 -0.1339
vn -0.315 -0.9449 -0.0394
vn -0.7008 -0.7008 -0.0866
vn -0.937 -0.3071 -0.1181
vn -0.3071 -0.9449 -0.0315
vn -0.937 -0.315 -0.0945
vn -0.7008 -0.7008 -0.0709
vn -0.315 -0.9449 -0.0236
vn -0.9449 -0.315 -0.0709
vn -0.7008 -0.7008 -0.0551
vn -0.9449 -0.315 -0.0472
vn -0.7087 -0.7008 -0.0315
vn 0.2677 0.8661 0.4094
vn 0.5039 0.5433 0.6614
vn 0.2992 0.9134 0.2677
vn 0.4252 0.1575 0.8819
vn 0.6063 0.2047 0.7638
vn 0.3701 0.4331 0.811
vn 0.2126 0.7874 0.5591
vn 0.1811 0.1024 0.9764
vn 0.1417 0.2835 0.9449
vn 0.063 0.5276 0.8425
vn -0.1339 0.0079 0.9843
vn -0.126 0.1181 0.9764
vn -0.1181 0.5433 0.8268
vn -0.2835 0.5197 0.7953
vn -0.3465 0.2283 0.9055
vn -0.3622 0.0787 0.9213
vn -0.2835 0.8504 0.4252
vn -0.4803 0.4961 0.7165
vn -0.5512 0.1654 0.811
vn -0.2992 0.8819 0.3465
vn -0.5591 0.5748 0.5906
vn -0.6772 0.2205 0.6929
vn -0.3071 0.9134 0.2441
vn -0.622 0.622 0.4567
vn -0.7795 0.252 0.5591
vn -0.315 0.9291 0.1496
vn -0.685 0.6457 0.315
vn -0.874 0.2835 0.3858
vn -0.315 0.9449 0.063
vn -0.7165 0.6772 0.126
vn -0.9291 0.3071 0.1654
vn -0.315 0.9449 0
vn -0.7244 0.685 0
vn -0.9449 0.315 0
vn -0.9213 0.3071 -0.2047
vn -0.7008 0.685 -0.1575
vn -0.3071 0.9449 -0.0709
vn -0.8898 0.2992 -0.3228
vn -0.6772 0.685 -0.2441
vn -0.3071 0.937 -0.1102
vn -0.874 0.2992 -0.3701
vn -0.6614 0.685 -0.2835
vn -0.3071 0.937 -0.126
vn -0.8819 0.2992 -0.3465
vn -0.6693 0.6929 -0.2598
vn -0.3071 0.937 -0.1181
vn -0.8898 0.2992 -0.315
vn -0.6772 0.685 -0.2362
vn -0.2992 0.9449 -0.1102
vn -0.9055 0.3071 -0.2756
vn -0.6693 0.7008 -0.2047
vn -0.2992 0.9449 -0.0866
vn -0.9213 0.315 -0.2126
vn -0.685 0.7008 -0.1654
vn -0.2992 0.9449 -0.0709
vn -0.9291 0.315 -0.189
vn -0.6929 0.7008 -0.1417
vn -0.3071 0.9449 -0.063
vn -0.6929 0.7008 -0.1339
vn -0.9291 0.3071 -0.189
vn -0.3228 0.9449 -0.0157
vn -0.685 0.7165 -0.0394
vn -0.9449 0.3071 -0.0551
vn -0.3228 0.937 0
vn -0.7165 0.6929 0
vn -0.9528 0.2992 0
vn -0.3307 0.937 0.0079
vn -0.7165 0.6929 0.0315
vn -0.9528 0.2913 0.0472
vn -0.3228 0.937 0.0394
vn -0.7008 0.7008 0.1024
vn -0.937 0.2992 0.1417
vn -0.315 0.937 0.0787
vn -0.685 0.6929 0.189
vn -0.9134 0.2992 0.2598
vn -0.3307 0.9291 0.1339
vn -0.685 0.6535 0.3071
vn -0.874 0.2677 0.3937
vn -0.3228 0.9291 0.1181
vn -0.7165 0.6457 0.2362
vn -0.9055 0.2913 0.2835
vn -0.315 0.9449 0.0315
vn -0.7087 0.7008 0.0709
vn -0.9449 0.3071 0.0945
vn -0.6929 0.7087 0.0709
vn -0.937 0.3071 0.0945
vn -0.315 0.9449 0.0236
vn -0.7087 0.7008 0.063
vn -0.9449 0.315 0.0866
vn -0.315 0.9449 0.0157
vn -0.7087 0.7008 0.0394
vn -0.9449 0.315 0.0551
vn -0.315 0.9449 0.0079
vn -0.7087 0.7008 0.0236
vn -0.9449 0.315 0.0315
vn -0.7087 0.7008 0.0079
vn -0.9449 0.315 0.0079
vn -0.315 0.9449 -0.0079
vn -0.7087 0.7008 -0.0157
vn -0.9449 0.315 -0.0236
vn -0.315 0.9449 -0.0157
vn -0.7087 0.7008 -0.0315
vn -0.9449 0.315 -0.0472
vn -0.315 0.9449 -0.0236
vn -0.7008 0.7008 -0.0551
vn -0.9449 0.315 -0.0709
vn -0.7008 0.7008 -0.0709
vn -0.3071 0.9449 -0.0315
vn -0.937 0.315 -0.0945
vn -0.7008 0.7008 -0.0866
vn -0.937 0.3071 -0.1181
vn -0.315 0.9449 -0.0394
vn -0.937 0.315 -0.1339
vn -0.7008 0.7008 -0.1024
vn -0.315 0.9449 -0.0472
vn -0.9291 0.3071 -0.1654
vn -0.7008 0.6929 -0.126
vn -0.3071 0.9449 -0.0551
vn -0.6929 0.6929 -0.1496
vn -0.9213 0.3071 -0.2205
vn -0.6929 0.6929 -0.1654
vn -0.9134 0.3071 -0.2441
vn -0.685 0.6929 -0.1811
vn -0.3071 0.9449 -0.0787
vn -0.9055 0.2992 -0.2756
vn -0.685 0.6929 -0.2047
vn -0.3071 0.9449 -0.0866
vn -0.8976 0.2992 -0.2992
vn -0.6772 0.685 -0.2283
vn -0.3071 0.937 -0.1024
vn -0.8898 0.2992 -0.3307
vn -0.6772 0.685 -0.252
vn -0.8819 0.2913 -0.3543
vn -0.6693 0.6772 -0.2756
vn -0.874 0.2913 -0.3701
vn -0.6693 0.6772 -0.2835
vn -0.874 0.3071 -0.3701
vn -0.6535 0.6929 -0.2835
vn -0.2913 0.9449 -0.126
vn -0.8583 0.3228 -0.3858
vn -0.6378 0.7087 -0.2913
vn -0.2756 0.9449 -0.126
vn -0.8268 0.3386 -0.4331
vn -0.6063 0.7244 -0.315
vn -0.2598 0.9528 -0.1339
vn -0.8031 0.315 -0.4961
vn -0.5984 0.7008 -0.3701
vn -0.2677 0.9449 -0.1575
vn -0.7717 0.2126 -0.5906
vn -0.5669 0.6772 -0.4488
vn -0.252 0.937 -0.2047
vn -0.685 0.2126 -0.685
vn -0.5591 0.6063 -0.5512
vn -0.3071 0.8898 -0.3071
vn -0.6378 0.2835 -0.7008
vn -0.5433 0.5669 -0.6063
vn -0.2992 0.874 -0.378
vn -0.1732 0.9449 -0.2677
vn -0.4803 0.7008 -0.5118
vn -0.6457 0.315 -0.685
vn 0.0157 0.9291 -0.3465
vn -0.3228 0.6535 -0.6772
vn -0.4094 0.2913 -0.8583
vn 0.3543 0.2756 -0.8898
vn 0.2677 0.5276 -0.7953
vn 0.3071 0.8661 -0.3858
vn 0.5354 0.5433 -0.6299
vn -0.7795 0 0.6142
vn -0.5197 0 0.8425
vn -0.1969 0 0.9764
vn -0.9449 0 0.3071
vn -0.2047 0 0.9764
vn 0.1417 0 0.9843
vn -0.9921 0 -0.0236
vn 0.4724 0 0.874
vn -0.9291 0 -0.3622
vn 0.7402 0 0.6614
vn -0.7402 0 -0.6614
vn 0.9213 0 0.3622
vn -0.4724 0 -0.874
vn 0.9921 0 0.0236
vn -0.1417 0 -0.9843
vn 0.9449 0 -0.3071
vn 0.1969 0 -0.9764
vn 0.874 0 -0.4724
vn 0.5197 0 -0.8504
vn -0.315 -0.9449 -0.0157
vn -0.9449 -0.315 -0.0236
vn -0.7087 -0.7008 -0.0157
vn -0.315 -0.9449 -0.0079
vn -0.9449 -0.315 0.0079
vn -0.7087 -0.7008 0.0079
vn -0.315 -0.9449 0
vn -0.9449 -0.315 0.0315
vn -0.7087 -0.7008 0.0236
vn -0.315 -0.9449 0.0079
vn -0.9449 -0.315 0.0551
vn -0.7087 -0.7008 0.0394
vn -0.315 -0.9449 0.0157
vn -0.9449 -0.315 0.0866
vn -0.7087 -0.7008 0.063
vn -0.315 -0.9449 0.0236
vn -0.937 -0.3071 0.0945
vn -0.6929 -0.7087 0.0709
vn -0.315 -0.9449 0.0315
vn -0.9449 -0.3071 0.0945
vn -0.7087 -0.7008 0.0709
vn -0.9055 -0.2913 0.2835
vn -0.7165 -0.6457 0.2362
vn -0.3228 -0.9291 0.1181
vn -0.874 -0.2677 0.3937
vn -0.685 -0.6535 0.3071
vn -0.3307 -0.9291 0.1339
vn -0.9134 -0.2992 0.2598
vn -0.685 -0.6929 0.189
vn -0.315 -0.937 0.0787
vn -0.937 -0.2992 0.1417
vn -0.7008 -0.7008 0.1024
vn -0.3228 -0.937 0.0394
vn -0.9528 -0.2913 0.0472
vn -0.7165 -0.6929 0.0315
vn -0.3307 -0.937 0.0079
vn -0.9528 -0.2992 0
vn -0.7165 -0.6929 0
vn -0.3228 -0.937 0
vn -0.9449 -0.3071 -0.0551
vn -0.685 -0.7165 -0.0394
vn -0.3228 -0.9449 -0.0157
vn -0.9291 -0.3071 -0.189
vn -0.6929 -0.7008 -0.1339
vn -0.9291 -0.315 -0.189
vn -0.6929 -0.7008 -0.1417
vn -0.2992 -0.9449 -0.0709
vn -0.685 -0.7008 -0.1654
vn -0.9213 -0.315 -0.2126
vn -0.2992 -0.9449 -0.0866
vn -0.6693 -0.7008 -0.2047
vn -0.9055 -0.3071 -0.2756
vn -0.2992 -0.9449 -0.1102
vn -0.6772 -0.685 -0.2362
vn -0.8898 -0.2992 -0.315
vn -0.3071 -0.937 -0.1181
vn -0.6693 -0.6929 -0.2598
vn -0.8819 -0.2992 -0.3465
vn -0.6614 -0.685 -0.2835
vn -0.874 -0.2992 -0.3701
vn -0.6772 -0.685 -0.2441
vn -0.8898 -0.2992 -0.3228
vn -0.7008 -0.685 -0.1575
vn -0.7244 -0.685 0
vn -0.9449 -0.315 0
vn -0.9291 -0.3071 0.1654
vn -0.7165 -0.6772 0.126
vn -0.315 -0.9449 0.063
vn -0.874 -0.2835 0.3858
vn -0.685 -0.6457 0.315
vn -0.315 -0.9291 0.1575
vn -0.7795 -0.252 0.5591
vn -0.622 -0.622 0.4567
vn -0.3071 -0.9134 0.2441
vn -0.6772 -0.2205 0.6929
vn -0.5591 -0.5748 0.5906
vn -0.2992 -0.8819 0.3465
vn -0.5512 -0.1654 0.811
vn -0.4803 -0.4961 0.7165
vn -0.252 -0.8583 0.4252
vn -0.3622 -0.0787 0.9213
vn -0.3307 -0.2756 0.8976
vn -0.2126 -0.685 0.6929
vn -0.126 -0.1102 0.9843
vn -0.126 -0.252 0.9528
vn -0.1024 -0.6457 0.748
vn 0.0315 -0.6693 0.7323
vn 0.1339 -0.315 0.937
vn 0.1811 -0.1024 0.9764
vn 0.2126 -0.7953 0.5591
vn 0.3701 -0.4331 0.811
vn 0.4252 -0.1575 0.8819
vn 0.2677 -0.8661 0.4094
vn 0.5039 -0.5433 0.6614
vn 0.7008 0.7087 0.063
vn 0.937 0.315 0.0866
vn 0.937 0.315 0.1102
vn 0.3071 0.9449 0.0236
vn 0.3071 0.9449 0.0315
vn 0.7008 0.7087 0.0551
vn 0.9449 0.315 0.0787
vn 0.315 0.9449 0.0157
vn 0.7008 0.7087 0.0394
vn 0.9449 0.315 0.0551
vn 0.7008 0.7087 0.0079
vn 0.315 0.9449 0
vn 0.9449 0.315 0.0157
vn 0.7008 0.7008 0
vn 0.9449 0.315 0
vn 0.315 0.9449 -0.0079
vn 0.7008 0.7008 -0.0079
vn 0.9449 0.315 -0.0157
vn 0.315 0.9449 -0.0157
vn 0.7008 0.7008 -0.0315
vn 0.9449 0.3071 -0.0551
vn 0.315 0.9449 -0.0236
vn 0.7087 0.7008 -0.0551
vn 0.9449 0.3071 -0.0709
vn 0.7087 0.7008 -0.063
vn 0.9449 0.3071 -0.0866
vn 0.3228 0.9449 -0.0315
vn 0.7165 0.685 -0.0787
vn 0.9449 0.3071 -0.1024
vn 0.315 0.9449 -0.0394
vn 0.6929 0.7087 -0.0945
vn 0.937 0.3071 -0.126
vn 0.3228 0.9449 -0.0394
vn 0.7165 0.685 -0.0866
vn 0.937 0.2992 -0.1181
vn 0.3307 0.937 -0.0315
vn 0.7402 0.6614 -0.063
vn 0.9449 0.2913 -0.0787
vn 0.3307 0.937 -0.0079
vn 0.7323 0.6772 -0.0236
vn 0.9528 0.2992 -0.0315
vn 0.315 0.9449 0.0236
vn 0.7559 0.6457 0.0551
vn 0.9449 0.3071 0.0709
vn 0.8583 0.3071 0.4016
vn 0.6142 0.7244 0.2835
vn 0.2913 0.9449 0.126
vn 0.685 0.7244 0.0394
vn 0.9449 0.3071 0.0472
vn 0.3386 0.937 -0.0787
vn 0.6929 0.6772 -0.2205
vn 0.9055 0.2677 -0.315
vn 0.3543 0.8976 -0.2441
vn 0.6142 0.4961 -0.5984
vn 0.6772 0.1732 -0.7087
vn 0.3386 0.8268 -0.4409
vn 0.5591 0.5039 -0.6457
vn 0.6535 0.1811 -0.7244
vn 0.3228 0.8976 -0.2835
vn 0.5984 0.5748 -0.5433
vn 0.7087 0.2205 -0.6614
vn 0.315 0.9055 -0.252
vn 0.6535 0.5984 -0.4567
vn 0.7953 0.252 -0.5354
vn 0.315 0.937 -0.1339
vn 0.6929 0.6535 -0.2756
vn 0.8898 0.2835 -0.3386
vn 0.315 0.937 -0.0709
vn 0.7087 0.6772 -0.1575
vn 0.9291 0.2992 -0.2047
vn 0.7165 0.685 -0.0315
vn 0.9449 0.315 -0.0472
vn 0.315 0.9449 0.0315
vn 0.7087 0.6929 0.0709
vn 0.937 0.315 0.1024
vn 0.9055 0.3071 0.2677
vn 0.7008 0.6693 0.2126
vn 0.3071 0.9449 0.0945
vn 0.8504 0.2835 0.4252
vn 0.6614 0.6614 0.3307
vn 0.2992 0.937 0.1575
vn 0.748 0.252 0.6063
vn 0.6142 0.5984 0.5039
vn -0.2283 -0.6772 -0.685
vn 0.0079 -0.6772 -0.7244
vn -0.1339 -0.8976 -0.4094
vn 0.0079 -0.8976 -0.4331
vn 0.2598 -0.6772 -0.6772
vn -0.2677 -0.8976 -0.3307
vn 0 -0.9921 0
vn -0.4567 -0.6772 -0.5669
vn 0.1496 -0.8976 -0.4016
vn 0.4724 -0.6772 -0.5433
vn -0.3701 -0.8976 -0.2205
vn -0.622 -0.6772 -0.3701
vn 0.2835 -0.8976 -0.3228
vn 0.6378 -0.6772 -0.3465
vn 0.378 -0.8976 -0.2047
vn 0.7165 -0.6772 -0.1102
vn 0.4252 -0.8976 -0.063
vn 0.7087 -0.6772 0.1417
vn 0.4252 -0.8976 0.0787
vn 0.622 -0.6772 0.3701
vn 0.3701 -0.8976 0.2205
vn 0.4567 -0.6772 0.5591
vn 0.2677 -0.8976 0.3307
vn 0.2362 -0.6772 0.685
vn 0.1339 -0.8976 0.4094
vn -0.0079 -0.6772 0.7244
vn -0.0079 -0.8976 0.4331
vn -0.2598 -0.6772 0.6772
vn -0.1575 -0.8976 0.4016
vn -0.4803 -0.6772 0.5512
vn -0.2835 -0.8976 0.3228
vn -0.6378 -0.6772 0.3465
vn -0.378 -0.8976 0.2047
vn -0.7165 -0.6772 0.1102
vn -0.4252 -0.8976 0.063
vn -0.7087 -0.6772 -0.1339
vn -0.4252 -0.8976 -0.0787
vn 0.1339 0.8976 0.4094
vn 0 0.9921 0
vn -0.0079 0.8976 0.4331
vn -0.0079 0.6772 0.7244
vn -0.2598 0.6772 0.6772
vn 0.2362 0.685 0.685
vn -0.1575 0.8976 0.4016
vn -0.4803 0.6772 0.5512
vn 0.2677 0.8976 0.3307
vn 0.4567 0.6772 0.5591
vn -0.2835 0.8976 0.3228
vn -0.6378 0.6772 0.3465
vn 0.3701 0.8976 0.2205
vn 0.622 0.6772 0.3701
vn 0.4252 0.8976 0.0787
vn 0.7087 0.6772 0.1417
vn 0.4252 0.8976 -0.063
vn 0.7165 0.6772 -0.1102
vn 0.378 0.8976 -0.2047
vn 0.6378 0.6772 -0.3465
vn 0.2835 0.8976 -0.3228
vn 0.4724 0.6772 -0.5433
vn 0.1496 0.8976 -0.4016
vn 0.2598 0.6772 -0.6772
vn 0.0079 0.8976 -0.4252
vn 0.0079 0.6772 -0.7244
vn -0.1339 0.8976 -0.4094
vn -0.2283 0.6772 -0.685
vn -0.2677 0.8976 -0.3307
vn -0.4567 0.6772 -0.5669
vn -0.3701 0.8976 -0.2205
vn -0.622 0.6772 -0.3701
vn -0.4252 0.8976 -0.0787
vn -0.7087 0.6772 -0.1339
vn -0.4252 0.8976 0.063
vn -0.7165 0.6772 0.1102
vn -0.378 0.8976 0.2047
vn 0.6614 -0.6614 0.3307
vn 0.2992 -0.937 0.1575
vn 0.3071 -0.9449 0.0945
vn 0.6142 -0.5984 0.5039
vn 0.2992 -0.9134 0.2677
vn 0.7008 -0.6693 0.2126
vn 0.315 -0.9449 0.0315
vn 0.748 -0.252 0.6063
vn 0.8504 -0.2835 0.4252
vn 0.6063 -0.2047 0.7638
vn 0.9055 -0.3071 0.2677
vn 0.7087 -0.6929 0.0709
vn 0.937 -0.315 0.1024
vn 0.9449 -0.315 -0.0472
vn 0.7165 -0.685 -0.0315
vn 0.315 -0.9449 -0.0157
vn 0.9291 -0.2992 -0.2047
vn 0.7087 -0.6772 -0.1575
vn 0.315 -0.937 -0.0709
vn 0.8898 -0.2835 -0.3386
vn 0.6929 -0.6535 -0.2756
vn 0.315 -0.937 -0.1339
vn 0.7953 -0.252 -0.5354
vn 0.6535 -0.5984 -0.4567
vn 0.315 -0.9055 -0.252
vn 0.7087 -0.2205 -0.6614
vn 0.5984 -0.5748 -0.5433
vn 0.3228 -0.8976 -0.2835
vn 0.6535 -0.1811 -0.7244
vn 0.5591 -0.5039 -0.6457
vn 0.3386 -0.8268 -0.4409
vn 0.6772 -0.1732 -0.7087
vn 0.6142 -0.4961 -0.5984
vn 0.3543 -0.8976 -0.2441
vn 0.9055 -0.2677 -0.315
vn 0.6929 -0.6772 -0.2205
vn 0.3386 -0.937 -0.0787
vn 0.9449 -0.3071 0.0472
vn 0.685 -0.7244 0.0394
vn 0.315 -0.9449 0.0236
vn 0.8583 -0.3071 0.4016
vn 0.6142 -0.7244 0.2835
vn 0.2913 -0.9449 0.126
vn 0.7559 -0.6457 0.0551
vn 0.9449 -0.3071 0.0709
vn 0.9528 -0.2992 -0.0315
vn 0.7323 -0.6772 -0.0236
vn 0.3307 -0.937 -0.0079
vn 0.9449 -0.2913 -0.0787
vn 0.7402 -0.6614 -0.063
vn 0.3307 -0.937 -0.0315
vn 0.937 -0.2992 -0.1181
vn 0.7165 -0.685 -0.0866
vn 0.3228 -0.9449 -0.0394
vn 0.937 -0.3071 -0.126
vn 0.6929 -0.7087 -0.0945
vn 0.315 -0.9449 -0.0394
vn 0.9449 -0.3071 -0.1024
vn 0.7165 -0.685 -0.0787
vn 0.3228 -0.9449 -0.0315
vn 0.9449 -0.3071 -0.0866
vn 0.7087 -0.7008 -0.063
vn 0.315 -0.9449 -0.0236
vn 0.9449 -0.3071 -0.0709
vn 0.7087 -0.7008 -0.0551
vn 0.9449 -0.3071 -0.0551
vn 0.7008 -0.7008 -0.0315
vn 0.9449 -0.315 -0.0157
vn 0.7008 -0.7008 -0.0079
vn 0.315 -0.9449 -0.0079
vn 0.9449 -0.315 0
vn 0.7008 -0.7008 0
vn 0.315 -0.9449 0
vn 0.9449 -0.315 0.0157
vn 0.7008 -0.7087 0.0079
vn 0.9449 -0.315 0.0551
vn 0.315 -0.9449 0.0157
vn 0.7008 -0.7087 0.0394
vn 0.9449 -0.315 0.0787
vn 0.7008 -0.7087 0.0551
vn -0.3071 0.3071 -0.8898
vn -0.3071 0.3071 -0.8976
vn 0.0079 0.3071 -0.9449
vn 0.0157 0.3071 -0.9449
vn -0.5906 0.3071 -0.7323
vn 0.3386 0.3071 -0.8819
vn -0.5984 0.3071 -0.7323
vn -0.811 0.3071 -0.4803
vn 0.622 0.3071 -0.7087
vn -0.9291 0.3071 -0.1811
vn 0.8268 0.3071 -0.4567
vn -0.9291 0.3071 -0.1732
vn -0.937 0.3071 0.1417
vn 0.937 0.3071 -0.1417
vn -0.937 0.3071 0.1496
vn -0.8268 0.3071 0.4567
vn 0.9291 0.3071 0.1811
vn -0.622 0.3071 0.7087
vn 0.811 0.3071 0.4803
vn -0.6142 0.3071 0.7165
vn 0.811 0.3071 0.4882
vn -0.3386 0.3071 0.8819
vn 0.5906 0.3071 0.7323
vn -0.3307 0.3071 0.8819
vn -0.0157 0.3071 0.9449
vn 0.3071 0.3071 0.8976
vn -0.0079 0.3071 0.9449
vn -0.3622 0.8661 -0.3307
vn -0.2283 0.8661 -0.4331
vn -0.3622 0.6142 -0.6929
vn -0.1024 0.6142 -0.7795
vn -0.5748 0.6142 -0.5276
vn -0.063 0.8661 -0.4882
vn 0.1654 0.6142 -0.7638
vn -0.4567 0.8661 -0.1811
vn -0.7244 0.6142 -0.2913
vn 0.1024 0.8661 -0.4803
vn 0.4173 0.6142 -0.6614
vn -0.4882 0.8661 -0.0157
vn -0.7795 0.6142 -0.0236
vn -0.4724 0.8661 0.1496
vn -0.748 0.6142 0.2362
vn -0.3858 0.8661 0.2992
vn -0.6142 0.6142 0.4803
vn -0.2598 0.8661 0.4094
vn -0.4173 0.6142 0.6614
vn -0.1024 0.8661 0.4803
vn -0.1575 0.6142 0.7638
vn 0.063 0.8661 0.4882
vn 0.1024 0.6142 0.7717
vn 0.2283 0.8661 0.4331
vn 0.3622 0.6142 0.6929
vn 0.3622 0.8661 0.3307
vn 0.5827 0.6142 0.5197
vn 0.4567 0.8661 0.1811
vn 0.7244 0.6142 0.2913
vn 0.4961 0.8661 0.0157
vn 0.7795 0.6142 0.0236
vn 0.4646 0.8661 -0.1496
vn 0.7402 0.6142 -0.2362
vn 0.3858 0.8661 -0.2992
vn 0.622 0.6142 -0.4724
vn 0.2598 0.8661 -0.4173
vn 0.0157 -0.3071 -0.9449
vn -0.3071 -0.3071 -0.8976
vn 0.0079 -0.3071 -0.9449
vn -0.3071 -0.3071 -0.8898
vn 0.3386 -0.3071 -0.8819
vn -0.5906 -0.3071 -0.7323
vn -0.5984 -0.3071 -0.7323
vn 0.622 -0.3071 -0.7087
vn -0.811 -0.3071 -0.4803
vn 0.8268 -0.3071 -0.4567
vn -0.9291 -0.3071 -0.1811
vn -0.9291 -0.3071 -0.1732
vn 0.937 -0.3071 -0.1417
vn -0.937 -0.3071 0.1417
vn -0.937 -0.3071 0.1496
vn 0.9291 -0.3071 0.1811
vn -0.8268 -0.3071 0.4567
vn 0.811 -0.3071 0.4803
vn -0.622 -0.3071 0.7087
vn 0.811 -0.3071 0.4882
vn -0.6142 -0.3071 0.7165
vn 0.5906 -0.3071 0.7323
vn -0.3386 -0.3071 0.8819
vn -0.3307 -0.3071 0.8819
vn 0.3071 -0.3071 0.8976
vn -0.0157 -0.3071 0.9449
vn -0.0079 -0.3071 0.9449
vn -0.4646 0.7402 -0.4803
vn -0.3228 0.7244 -0.5984
vn -0.4016 0.5039 -0.7559
vn -0.5984 0.5039 -0.6142
vn -0.5591 0.7559 -0.3307
vn -0.7323 0.5118 -0.4409
vn -0.2598 0.9449 -0.1654
vn -0.6378 0.748 -0.1811
vn -0.1496 0.9685 -0.1575
vn -0.1811 0.9764 -0.0551
vn -0.8346 0.4961 -0.2283
vn -0.1417 0.9528 -0.2598
vn -0.6378 0.748 -0.1654
vn -0.8346 0.4882 -0.2205
vn -0.189 0.9764 -0.0472
vn -0.6378 0.748 -0.1496
vn -0.8425 0.4882 -0.1969
vn -0.189 0.9764 -0.0394
vn -0.6378 0.748 -0.1339
vn -0.8425 0.4882 -0.1811
vn -0.6457 0.748 -0.1181
vn -0.8504 0.4882 -0.1575
vn -0.1969 0.9764 -0.0315
vn -0.6457 0.748 -0.1024
vn -0.8504 0.4882 -0.1339
vn -0.6457 0.748 -0.0866
vn -0.8583 0.4961 -0.1181
vn -0.1969 0.9764 -0.0236
vn -0.6535 0.748 -0.0709
vn -0.8583 0.4961 -0.0945
vn -0.6535 0.748 -0.0472
vn -0.8583 0.4882 -0.0709
vn -0.1969 0.9764 -0.0157
vn -0.6535 0.748 -0.0315
vn -0.8661 0.4961 -0.0394
vn -0.1969 0.9764 -0.0079
vn -0.6535 0.748 -0.0236
vn -0.8661 0.4882 -0.0236
vn -0.1969 0.9764 0
vn -0.6535 0.748 0
vn -0.8661 0.4961 -0.0079
vn -0.2047 0.9764 0
vn -0.8661 0.4882 0.0079
vn -0.6614 0.7402 0.0079
vn -0.8661 0.4882 0.0157
vn -0.189 0.9764 0.0079
vn 0.1969 0.9764 0.0079
vn -0.6378 0.748 0.1575
vn -0.2598 0.9606 0.063
vn -0.8268 0.5118 0.2126
vn -0.1339 0.9843 0.1024
vn -0.5512 0.7402 0.3701
vn -0.7087 0.5118 0.4724
vn 0 0.9921 0.0157
vn -0.1496 0.9528 0.2441
vn -0.3465 0.7244 0.5827
vn -0.4252 0.5118 0.7402
vn -0.0236 0.5039 0.8583
vn -0.0157 0.9843 0.1575
vn -0.0236 0.7165 0.685
vn 0.2992 0.7244 0.6063
vn 0.3701 0.5197 0.7559
vn 0.0787 0.9843 0.126
vn 0.2362 0.9528 0.1575
vn 0.5512 0.748 0.3622
vn 0.7087 0.5197 0.4646
vn 0.1732 0.9764 0.0551
vn 0.6378 0.748 0.1417
vn 0.8268 0.5197 0.1811
vn 0.2047 0.9764 0
vn 0.6535 0.748 0
vn 0.8661 0.4882 0
vn 0.6535 0.748 0.0079
vn 0.8661 0.4961 0.0079
vn 0.6535 0.748 0.0394
vn 0.8583 0.4961 0.0472
vn 0.6535 0.748 0.0472
vn 0.8583 0.4961 0.063
vn 0.1969 0.9764 0.0157
vn 0.6535 0.748 0.0551
vn 0.8583 0.4961 0.0787
vn 0.1969 0.9764 0.0236
vn 0.6457 0.748 0.0709
vn 0.8583 0.4882 0.0945
vn 0.6457 0.748 0.0945
vn 0.8583 0.4961 0.126
vn 0.1969 0.9764 0.0315
vn 0.6378 0.748 0.1102
vn 0.8504 0.4882 0.1496
vn 0.189 0.9764 0.0394
vn 0.6378 0.748 0.1339
vn 0.8425 0.4961 0.1732
vn 0.8425 0.4961 0.189
vn 0.189 0.9764 0.0472
vn 0.6378 0.748 0.1575
vn 0.8425 0.4882 0.2047
vn 0.189 0.9764 0.0551
vn 0.622 0.748 0.1811
vn 0.8268 0.4961 0.2362
vn 0.0157 0.9921 -0.0315
vn 0.622 0.748 0.2047
vn 0.8189 0.4882 0.2677
vn 0.1969 0.9764 0.063
vn 0.622 0.748 0.2126
vn 0.8189 0.4882 0.2756
vn 0.1496 0.9843 -0.063
vn 0.6378 0.7638 0
vn 0.8425 0.5276 0
vn 0.3071 0.9449 -0.0551
vn 0.6142 0.7638 -0.1811
vn 0.8031 0.5276 -0.2441
vn 0.0551 0.9921 -0.0709
vn 0.4252 0.7402 -0.5118
vn 0.5354 0.5276 -0.6457
vn 0.2205 0.5197 -0.8189
vn 0.1732 0.748 -0.6378
vn 0.0787 0.9606 -0.2598
vn 0.063 0.9764 -0.1575
vn 0 0.7323 -0.6693
vn 0.0079 0.4961 -0.8661
vn -0.1496 0.4961 -0.8504
vn -0.126 0.7323 -0.6614
vn -0.063 0.9685 -0.2047
vn 0.4252 -0.7402 -0.5118
vn 0.0551 -0.9921 -0.0709
vn 0.1732 -0.748 -0.6378
vn 0.0787 -0.9606 -0.2598
vn 0.063 -0.9764 -0.1575
vn 0.2205 -0.5197 -0.8189
vn 0.5354 -0.5276 -0.6457
vn 0.8031 -0.5276 -0.2441
vn 0 -0.7323 -0.6693
vn 0.0079 -0.4961 -0.8661
vn -0.1496 -0.4961 -0.8504
vn 0.6142 -0.7638 -0.1811
vn 0.8425 -0.5276 0
vn -0.126 -0.7323 -0.6614
vn -0.4016 -0.5039 -0.7559
vn 0.3071 -0.9449 -0.0551
vn 0.6378 -0.7638 0
vn 0.8189 -0.4882 0.2756
vn 0.1496 -0.9843 -0.063
vn 0.622 -0.748 0.2126
vn 0.8189 -0.4882 0.2677
vn 0.622 -0.748 0.2047
vn 0.8268 -0.4961 0.2362
vn 0.1969 -0.9764 0.063
vn 0.0157 -0.9921 -0.0315
vn 0.622 -0.748 0.1811
vn 0.8425 -0.4882 0.2047
vn 0.189 -0.9764 0.0551
vn 0.6378 -0.748 0.1575
vn 0.8425 -0.4961 0.189
vn 0.6378 -0.748 0.1417
vn 0.8425 -0.4961 0.1732
vn 0.189 -0.9764 0.0472
vn -0.1811 -0.9764 -0.0551
vn 0.6378 -0.748 0.1339
vn 0.8504 -0.4882 0.1496
vn 0.189 -0.9764 0.0394
vn -0.189 -0.9764 -0.0472
vn -0.189 -0.9764 -0.0394
vn 0.6378 -0.748 0.1102
vn 0.8583 -0.4961 0.126
vn 0.6457 -0.748 0.0945
vn 0.8583 -0.4882 0.0945
vn 0.1969 -0.9764 0.0315
vn -0.1969 -0.9764 -0.0315
vn 0.6457 -0.748 0.0709
vn 0.8583 -0.4961 0.0787
vn 0.1969 -0.9764 0.0236
vn 0.6535 -0.748 0.0551
vn 0.8583 -0.4961 0.063
vn -0.1969 -0.9764 -0.0236
vn 0.6535 -0.748 0.0472
vn 0.8583 -0.4961 0.0472
vn 0.1969 -0.9764 0.0157
vn 0.7165 0.2598 0.6378
vn 0.7087 0.2598 0.6457
vn 0.4488 0.2598 0.8504
vn 0.8898 0.2598 0.3543
vn 0.126 0.2598 0.9528
vn 0.9606 0.2598 0.0315
vn -0.1969 0.2598 0.937
vn 0.9134 0.2598 -0.2913
vn -0.5039 0.2598 0.811
vn -0.5118 0.2598 0.811
vn 0.7559 0.2598 -0.5906
vn -0.7559 0.2598 0.5906
vn -0.7559 0.2598 0.5827
vn 0.5039 0.2598 -0.811
vn -0.9134 0.2598 0.2992
vn -0.9134 0.2598 0.2913
vn 0.1969 0.2598 -0.937
vn -0.9606 0.2598 -0.0315
vn -0.126 0.2598 -0.9528
vn -0.8898 0.2598 -0.3543
vn -0.1339 0.2598 -0.9528
vn -0.8898 0.2598 -0.3622
vn -0.4488 0.2598 -0.8504
vn -0.7087 0.2598 -0.6378
vn -0.4488 0.2598 -0.8425
vn 0.5276 0.6142 -0.5748
vn 0.2756 0.9055 -0.2992
vn 0.2677 0.9134 -0.2835
vn 0.6299 0.2047 -0.7402
vn 0.6457 0.2913 -0.7008
vn 0.5118 0.6457 -0.5512
vn 0.6457 0.2992 -0.6929
vn 0.6299 0.2835 -0.7087
vn 0.4961 0.6614 -0.5512
vn 0.2283 0.9291 -0.252
vn 0.7008 0.2756 -0.6535
vn 0.5433 0.6693 -0.4882
vn 0.2835 0.9213 -0.2283
vn 0.8976 0.2756 -0.3307
vn 0.811 0.4803 -0.315
vn 0.5118 0.8189 -0.252
vn 0.5669 0.8031 -0.1496
vn 0.8819 0.4488 -0.0866
vn 0.9764 0.189 -0.0394
vn 0.4252 0.8898 0.1181
vn 0.7402 0.5433 0.3701
vn 0.8268 0.2441 0.4882
vn 0.1969 0.937 0.2756
vn 0.3858 0.622 0.6772
vn 0.4409 0.2913 0.8425
vn 0.1732 0.9213 0.3228
vn 0.3701 0.7165 0.5827
vn 0.5433 0.252 0.7953
vn 0.2441 0.937 0.2126
vn 0.5276 0.7087 0.4488
vn 0.7244 0.3071 0.6063
vn 0.7795 0.315 0.5354
vn 0.5748 0.7087 0.3937
vn 0.2598 0.9449 0.1732
vn 0.8031 0.3071 0.4961
vn 0.6063 0.7008 0.3701
vn 0.2756 0.9449 0.1654
vn 0.8189 0.2913 0.4803
vn 0.622 0.685 0.3622
vn 0.2913 0.937 0.1654
vn 0.8504 0.2913 0.4331
vn 0.6693 0.6535 0.3386
vn 0.3071 0.937 0.1496
vn 0.8661 0.2835 0.3937
vn 0.6693 0.6772 0.2992
vn 0.3071 0.937 0.1339
vn 0.8819 0.2992 0.3465
vn 0.6693 0.685 0.2598
vn 0.3071 0.937 0.1181
vn 0.8898 0.2992 0.3228
vn 0.6772 0.6929 0.2441
vn 0.3071 0.937 0.1102
vn 0.8976 0.2992 0.3071
vn 0.6772 0.685 0.2362
vn 0.3071 0.937 0.1024
vn 0.8976 0.3071 0.2913
vn 0.6772 0.6929 0.2205
vn 0.9055 0.3071 0.2598
vn 0.6772 0.7008 0.1969
vn 0.3071 0.9449 0.0866
vn 0.9213 0.3071 0.2283
vn 0.685 0.7008 0.1654
vn 0.3071 0.9449 0.0787
vn 0.9213 0.3071 0.2126
vn 0.6929 0.7008 0.1575
vn 0.3071 0.9449 0.0709
vn 0.9213 0.3071 0.1969
vn 0.6929 0.7008 0.1496
vn 0.3071 0.9449 0.063
vn 0.9291 0.3071 0.1732
vn 0.6929 0.7008 0.126
vn 0.3071 0.9449 0.0551
vn 0.937 0.3071 0.1339
vn 0.6929 0.7008 0.1024
vn 0.3071 0.9449 0.0472
vn 0.6929 0.7087 0.0787
vn 0.6535 -0.748 0.0394
vn 0.8661 -0.4961 0.0079
vn 0.1969 -0.9764 0.0079
vn -0.1969 -0.9764 -0.0157
vn 0.6535 -0.748 0.0079
vn 0.8661 -0.4882 0
vn -0.1969 -0.9764 -0.0079
vn 0.6535 -0.748 0
vn 0.8268 -0.5197 0.1811
vn 0.2047 -0.9764 0
vn 0.7087 -0.5197 0.4646
vn 0 -0.9921 0.0157
vn 0.5512 -0.748 0.3622
vn 0.3701 -0.5197 0.7559
vn 0.1732 -0.9764 0.0551
vn 0.2362 -0.9528 0.1575
vn 0.2992 -0.7244 0.6063
vn -0.0236 -0.5039 0.8583
vn 0.0787 -0.9843 0.126
vn -0.0236 -0.7165 0.685
vn -0.3465 -0.7244 0.5827
vn -0.4252 -0.5118 0.7402
vn -0.7087 -0.5118 0.4724
vn -0.0157 -0.9843 0.1575
vn -0.1496 -0.9528 0.2441
vn -0.5512 -0.7402 0.3701
vn -0.8268 -0.5118 0.2126
vn -0.1339 -0.9843 0.1024
vn -0.6378 -0.748 0.1575
vn -0.8661 -0.4882 0.0157
vn -0.189 -0.9764 0.0079
vn -0.2598 -0.9606 0.063
vn -0.6614 -0.7402 0.0079
vn -0.8661 -0.4882 0.0079
vn -0.6535 -0.748 0
vn -0.8661 -0.4961 -0.0079
vn -0.2047 -0.9764 0
vn -0.8661 -0.4882 -0.0236
vn -0.6535 -0.748 -0.0236
vn -0.8661 -0.4961 -0.0394
vn -0.1969 -0.9764 0
vn -0.6535 -0.748 -0.0315
vn -0.8583 -0.4882 -0.0709
vn -0.6535 -0.748 -0.0472
vn -0.8583 -0.4961 -0.0945
vn -0.6535 -0.748 -0.0709
vn -0.8583 -0.4961 -0.1181
vn -0.6457 -0.748 -0.0866
vn -0.8504 -0.4882 -0.1339
vn -0.6457 -0.748 -0.1024
vn -0.8504 -0.4882 -0.1575
vn -0.6457 -0.748 -0.1181
vn -0.8425 -0.4882 -0.1811
vn -0.6378 -0.748 -0.1339
vn -0.8425 -0.4882 -0.1969
vn -0.6378 -0.748 -0.1496
vn -0.8346 -0.4882 -0.2205
vn -0.6378 -0.748 -0.1654
vn -0.8346 -0.4961 -0.2283
vn -0.6378 -0.748 -0.1811
vn -0.7323 -0.5118 -0.4409
vn -0.5591 -0.7559 -0.3307
vn -0.5984 -0.5039 -0.6142
vn -0.2598 -0.9449 -0.1654
vn -0.4646 -0.7402 -0.4803
vn -0.1496 -0.9685 -0.1575
vn -0.3228 -0.7244 -0.5984
vn -0.1417 -0.9528 -0.2598
vn -0.063 -0.9685 -0.2047
vn 0.5827 -0.6142 0.5276
vn 0.3622 -0.6142 0.6929
vn 0.3622 -0.8661 0.3307
vn 0.2283 -0.8661 0.4331
vn 0.1024 -0.6142 0.7717
vn 0.4567 -0.8661 0.1811
vn 0.7244 -0.6142 0.2913
vn 0.063 -0.8661 0.4882
vn -0.1575 -0.6142 0.7638
vn 0.4961 -0.8661 0.0157
vn 0.7795 -0.6142 0.0236
vn -0.1024 -0.8661 0.4803
vn -0.4173 -0.6142 0.6614
vn -0.2598 -0.8661 0.4094
vn -0.6142 -0.6142 0.4803
vn -0.3858 -0.8661 0.2992
vn -0.748 -0.6142 0.2362
vn -0.4724 -0.8661 0.1496
vn -0.7795 -0.6142 -0.0236
vn -0.4882 -0.8661 -0.0157
vn -0.7244 -0.6142 -0.2913
vn -0.4567 -0.8661 -0.1811
vn -0.5748 -0.6142 -0.5276
vn -0.3622 -0.8661 -0.3307
vn -0.3622 -0.6142 -0.6929
vn -0.2283 -0.8661 -0.4331
vn -0.1024 -0.6142 -0.7795
vn -0.063 -0.8661 -0.4882
vn 0.1654 -0.6142 -0.7638
vn 0.1024 -0.8661 -0.4803
vn 0.4173 -0.6142 -0.6614
vn 0.2598 -0.8661 -0.4173
vn 0.622 -0.6142 -0.4724
vn 0.3858 -0.8661 -0.2992
vn 0.7402 -0.6142 -0.2362
vn 0.4646 -0.8661 -0.1496
vn 0.4488 -0.2598 0.8504
vn 0.7087 -0.2598 0.6457
vn 0.7165 -0.2598 0.6378
vn 0.126 -0.2598 0.9528
vn 0.8898 -0.2598 0.3543
vn -0.1969 -0.2598 0.937
vn 0.9606 -0.2598 0.0315
vn -0.5039 -0.2598 0.811
vn 0.9134 -0.2598 -0.2913
vn -0.5118 -0.2598 0.811
vn -0.7559 -0.2598 0.5906
vn 0.7559 -0.2598 -0.5906
vn -0.7559 -0.2598 0.5827
vn -0.9134 -0.2598 0.2992
vn 0.5039 -0.2598 -0.811
vn -0.9134 -0.2598 0.2913
vn -0.9606 -0.2598 -0.0315
vn 0.1969 -0.2598 -0.937
vn -0.8898 -0.2598 -0.3543
vn -0.126 -0.2598 -0.9528
vn -0.8898 -0.2598 -0.3622
vn -0.1339 -0.2598 -0.9528
vn -0.7087 -0.2598 -0.6378
vn -0.4488 -0.2598 -0.8504
vn -0.4488 -0.2598 -0.8425
vn -0.937 0 -0.3386
vn -0.9685 0 -0.2126
vn -0.9134 0 -0.3937
vn -0.9921 0 0
vn -0.9764 0 0.1811
vn -0.937 0 -0.3307
vn -0.9055 0 0.4094
vn -0.9528 0 -0.2913
vn -0.8031 0 0.5827
vn -0.685 0 0.7244
vn -0.9764 0 -0.1969
vn -0.5512 0 0.8268
vn -0.3386 0 0.937
vn -0.2913 0 0.9528
vn -0.9921 0 -0.063
vn -0.9921 0 -0.0079
vn -0.9921 0 0.0472
vn -0.9843 0 0.1496
vn 0.937 0 0.3386
vn 0.9055 0 0.4094
vn 0.937 0 0.3228
vn 0.9449 0 0.3071
vn 0.8583 0 0.5039
vn 0.9528 0 0.2756
vn 0.8425 0 0.5276
vn 0.9685 0 0.2362
vn 0.8268 0 0.5591
vn 0.9685 0 0.2205
vn 0.7717 0 0.6299
vn 0.9764 0 0.2047
vn 0.5512 0 0.8268
vn 0.9764 0 0.1811
vn 0.9843 0 0.1417
vn 0.874 0 0.4803
vn 0.9921 0 0.1181
vn 0.9921 0 -0.0551
vn 0.9921 0 0.0945
vn 0.937 0 -0.3386
vn 0.9921 0 0.0787
vn 0.7323 0 -0.6693
vn 0.9921 0 0.063
vn 0.9921 0 0.0157
vn 0.9921 0 0
vn 0.9921 0 -0.0157
vn 0.9921 0 -0.0787
vn 0.9921 0 -0.0866
vn 0.9921 0 -0.1102
vn 0.9843 0 -0.1339
vn 0.9843 0 -0.126
vn 0.9921 0 -0.0394
vn 0.9921 0 -0.0236
vn -0.1654 0.9843 -0.0236
vn -0.1102 0.9843 0.0945
vn -0.0079 0.9921 0.0394
vn -0.1575 0.9843 -0.0157
vn -0.5669 0.811 -0.0866
vn -0.5591 0.8189 -0.0709
vn -0.8031 0.5827 -0.1024
vn -0.8031 0.5827 -0.0709
vn -0.8031 0.5748 -0.1181
vn -0.5591 0.8189 -0.0472
vn -0.8031 0.5827 -0.0315
vn -0.5512 0.8189 0.1339
vn -0.7559 0.6142 0.189
vn -0.5591 0.8189 -0.0157
vn -0.2283 0.9606 0.126
vn -0.8031 0.5827 -0.0079
vn -0.4646 0.811 0.3307
vn -0.6535 0.5984 0.4488
vn -0.0315 0.9921 0.0866
vn -0.2441 0.7559 0.5984
vn -0.3228 0.5433 0.7638
vn -0.0394 0.5197 0.8504
vn -0.0315 0.748 0.6614
vn -0.0157 0.9606 0.2677
vn -0.0236 0.9764 0.1732
vn 0.1024 0.7402 0.6614
vn 0.1339 0.4882 0.8583
vn 0.2677 0.5039 0.811
vn 0.2047 0.748 0.622
vn 0.4646 0.5354 0.7008
vn 0.0787 0.9764 0.189
vn 0.3622 0.7559 0.5354
vn 0.4646 0.7795 0.4016
vn 0.6299 0.5669 0.5197
vn 0.1496 0.9528 0.2283
vn 0.1417 0.9764 0.1181
vn 0.2362 0.9606 0.1102
vn 0.5354 0.8031 0.2362
vn 0.7402 0.5906 0.315
vn 0.1496 0.9843 0.0157
vn 0.5669 0.8189 0.0394
vn 0.8031 0.5827 0.063
vn 0.1575 0.9843 0.0079
vn 0.5669 0.8189 0.0315
vn 0.8031 0.5827 0.0394
vn -0.1575 0.9843 -0.0079
vn -0.5669 0.8189 -0.0079
vn -0.811 0.5827 0
vn 0.1575 0.9843 0
vn -0.1575 0.9843 0
vn -0.5669 0.8189 0
vn -0.811 0.5827 0.0236
vn 0.5669 0.8189 0.0157
vn 0.8031 0.5827 0.0236
vn 0.5669 0.8189 0
vn 0.811 0.5827 0
vn 0.5669 0.8189 -0.0079
vn 0.811 0.5827 -0.0157
vn 0.1575 0.9843 -0.0079
vn 0.5669 0.8189 -0.0315
vn 0.8031 0.5827 -0.0472
vn -0.5669 0.8189 0.0157
vn -0.8031 0.5827 0.0551
vn -0.5591 0.8189 0.0394
vn -0.8031 0.5827 0.0866
vn -0.1575 0.9843 0.0079
vn -0.5591 0.8189 0.063
vn -0.8031 0.5827 0.1102
vn -0.1575 0.9843 0.0157
vn -0.5591 0.8189 0.0787
vn -0.7953 0.5748 0.126
vn 0.5669 0.8189 -0.0472
vn 0.8031 0.5827 -0.0709
vn 0.1575 0.9843 -0.0157
vn 0.5669 0.811 -0.063
vn 0.8031 0.5827 -0.0866
vn 0.1575 0.9843 -0.0236
vn 0.5669 0.811 -0.0866
vn 0.7953 0.5827 -0.126
vn -0.1575 0.9843 0.0236
vn 0.5591 0.811 -0.1181
vn 0.7953 0.5748 -0.1575
vn -0.5591 0.8189 0.0866
vn -0.7953 0.5827 0.1496
vn -0.5591 0.8189 0.1024
vn -0.7874 0.5748 0.1969
vn -0.5433 0.8189 0.1339
vn -0.7795 0.5748 0.2126
vn 0.1575 0.9843 -0.0315
vn -0.5591 0.811 0.1496
vn -0.7874 0.6063 -0.0157
vn -0.1575 0.9843 0.0394
vn -0.5748 0.811 0
vn -0.7244 0.5906 -0.3386
vn -0.1654 0.9843 0.0394
vn 0 0.9921 -0.0157
vn -0.5276 0.8031 -0.2677
vn -0.4488 0.5512 -0.6929
vn -0.1496 0.9843 -0.0157
vn -0.2126 0.9685 -0.1102
vn -0.3465 0.748 -0.5512
vn -0.1181 0.5039 -0.8504
vn -0.0866 0.9843 -0.1102
vn -0.0866 0.7244 -0.6772
vn 0.1654 0.7402 -0.6457
vn 0.2126 0.5197 -0.8189
vn 0.5118 0.5512 -0.6457
vn -0.0079 0.9843 -0.1496
vn 0.0709 0.9528 -0.2756
vn 0.378 0.7717 -0.4961
vn 0.685 0.5748 -0.4252
vn 0.0866 0.9843 -0.126
vn 0.5039 0.7953 -0.315
vn 0.7795 0.5748 -0.2283
vn 0.1496 0.9843 -0.0472
vn 0.189 0.9685 -0.126
vn 0.5512 0.811 -0.1575
vn 0.7795 0.5748 -0.2205
vn 0.5512 0.811 -0.1496
vn 0.7874 0.5748 -0.1969
vn 0.1575 0.9843 -0.0394
vn 0.5512 0.811 -0.1417
vn 0.7874 0.5748 -0.1732
vn 0.5591 0.811 -0.126
vn 0.2362 -0.9606 0.1102
vn 0.1417 -0.9764 0.1181
vn 0.1496 -0.9843 0.0157
vn 0.4646 -0.7795 0.4016
vn 0.5354 -0.8031 0.2362
vn 0.6299 -0.5669 0.5197
vn 0.7402 -0.5906 0.315
vn 0.4646 -0.5354 0.7008
vn 0.5669 -0.8189 0.0394
vn 0.8031 -0.5827 0.063
vn 0.3622 -0.7559 0.5354
vn 0.2047 -0.748 0.622
vn 0.2677 -0.5039 0.811
vn 0.1496 -0.9606 0.2283
vn 0.0787 -0.9764 0.189
vn 0.1024 -0.7402 0.6614
vn 0.1339 -0.4882 0.8583
vn -0.0394 -0.5197 0.8504
vn -0.0236 -0.9764 0.1732
vn -0.0079 -0.9921 0.0394
vn -0.0315 -0.748 0.6614
vn -0.2441 -0.7559 0.5984
vn -0.3228 -0.5433 0.7638
vn -0.6535 -0.5984 0.4488
vn -0.0157 -0.9606 0.2677
vn -0.0315 -0.9921 0.0866
vn -0.4646 -0.811 0.3307
vn -0.7559 -0.6142 0.189
vn -0.1102 -0.9843 0.0945
vn -0.2283 -0.9606 0.126
vn -0.5512 -0.8189 0.1339
vn -0.8031 -0.5748 -0.1181
vn -0.5669 -0.811 -0.0866
vn -0.8031 -0.5827 -0.1024
vn -0.1654 -0.9843 -0.0236
vn -0.5591 -0.8189 -0.0709
vn -0.8031 -0.5827 -0.0709
vn -0.1575 -0.9843 -0.0157
vn -0.5591 -0.8189 -0.0472
vn -0.8031 -0.5827 -0.0315
vn -0.1575 -0.9843 -0.0079
vn -0.5591 -0.8189 -0.0157
vn -0.8031 -0.5827 -0.0079
vn 0.1575 -0.9843 0.0079
vn -0.5669 -0.8189 -0.0079
vn -0.811 -0.5827 0
vn 0.5669 -0.8189 0.0315
vn 0.8031 -0.5827 0.0394
vn 0.1575 -0.9843 0
vn 0.5669 -0.8189 0.0157
vn 0.8031 -0.5827 0.0236
vn 0.5669 -0.8189 0
vn 0.811 -0.5827 0
vn -0.1575 -0.9843 0
vn 0.5669 -0.8189 -0.0079
vn 0.811 -0.5827 -0.0157
vn -0.5669 -0.8189 0
vn -0.811 -0.5827 0.0236
vn -0.5669 -0.8189 0.0157
vn -0.8031 -0.5827 0.063
vn -0.5591 -0.8189 0.0394
vn -0.8031 -0.5827 0.0866
vn 0.1575 -0.9843 -0.0079
vn -0.1575 -0.9843 0.0079
vn -0.5591 -0.8189 0.063
vn -0.8031 -0.5827 0.1102
vn 0.5669 -0.8189 -0.0315
vn 0.8031 -0.5827 -0.0472
vn 0.5669 -0.8189 -0.0472
vn 0.8031 -0.5827 -0.0709
vn 0.1575 -0.9843 -0.0157
vn 0.5669 -0.811 -0.063
vn 0.8031 -0.5827 -0.0866
vn -0.1575 -0.9843 0.0157
vn 0.1575 -0.9843 -0.0236
vn 0.5669 -0.811 -0.0866
vn 0.7953 -0.5827 -0.126
vn -0.5591 -0.8189 0.0787
vn -0.7953 -0.5748 0.126
vn -0.1575 -0.9843 0.0236
vn -0.5591 -0.8189 0.0866
vn -0.7953 -0.5827 0.1496
vn -0.5591 -0.8189 0.1024
vn -0.7874 -0.5748 0.1969
vn -0.5433 -0.8189 0.1339
vn -0.7795 -0.5748 0.2126
vn 0.5591 -0.811 -0.1181
vn 0.7953 -0.5748 -0.1575
vn 0.1575 -0.9843 -0.0315
vn 0.5591 -0.811 -0.126
vn 0.7874 -0.5748 -0.1732
vn 0.1575 -0.9843 -0.0394
vn 0.5512 -0.811 -0.1417
vn 0.7874 -0.5748 -0.1969
vn 0.5512 -0.811 -0.1496
vn 0.7795 -0.5748 -0.2205
vn 0.1496 -0.9843 -0.0472
vn -0.1575 -0.9843 0.0394
vn 0.5512 -0.811 -0.1575
vn 0.7795 -0.5748 -0.2283
vn 0.189 -0.9685 -0.126
vn 0.5039 -0.7953 -0.315
vn 0.685 -0.5748 -0.4252
vn 0.0866 -0.9843 -0.126
vn 0 -0.9921 -0.0157
vn 0.378 -0.7717 -0.4961
vn 0.5118 -0.5512 -0.6457
vn 0.1654 -0.7402 -0.6457
vn 0.2126 -0.5197 -0.8189
vn -0.1181 -0.5039 -0.8504
vn 0.0709 -0.9528 -0.2756
vn -0.0866 -0.7244 -0.6772
vn -0.0079 -0.9843 -0.1496
vn -0.3465 -0.748 -0.5512
vn -0.0866 -0.9843 -0.1102
vn -0.4488 -0.5512 -0.6929
vn -0.2126 -0.9685 -0.1102
vn -0.5276 -0.8031 -0.2677
vn -0.7244 -0.5906 -0.3386
vn -0.1496 -0.9843 -0.0157
vn -0.5748 -0.811 0
vn -0.7874 -0.6063 -0.0157
vn -0.1654 -0.9843 0.0394
vn -0.5591 -0.811 0.1496
vn 0.3071 -0.9449 0.0236
vn 0.937 -0.315 0.0866
vn 0.7008 -0.7087 0.063
vn 0.937 -0.315 0.1102
vn 0.3071 -0.9449 0.0315
vn 0.6929 -0.7087 0.0787
vn 0.3071 -0.9449 0.0472
vn 0.6929 -0.7008 0.1024
vn 0.937 -0.3071 0.1339
vn 0.3071 -0.9449 0.0551
vn 0.6929 -0.7008 0.126
vn 0.9291 -0.3071 0.1732
vn 0.3071 -0.9449 0.063
vn 0.6929 -0.7008 0.1496
vn 0.9213 -0.3071 0.1969
vn 0.3071 -0.9449 0.0709
vn 0.6929 -0.7008 0.1575
vn 0.9213 -0.3071 0.2126
vn 0.3071 -0.9449 0.0787
vn 0.685 -0.7008 0.1654
vn 0.9213 -0.3071 0.2283
vn 0.3071 -0.9449 0.0866
vn 0.6772 -0.7008 0.1969
vn 0.9055 -0.3071 0.2598
vn 0.6772 -0.6929 0.2205
vn 0.8976 -0.3071 0.2913
vn 0.3071 -0.937 0.1024
vn 0.6772 -0.685 0.2362
vn 0.8976 -0.2992 0.3071
vn 0.3071 -0.937 0.1102
vn 0.6772 -0.6929 0.2441
vn 0.8898 -0.2992 0.3228
vn 0.3071 -0.937 0.1181
vn 0.6693 -0.685 0.2598
vn 0.8819 -0.2992 0.3465
vn 0.3071 -0.937 0.1339
vn 0.6693 -0.6772 0.2992
vn 0.8661 -0.2835 0.3937
vn 0.3071 -0.937 0.1496
vn 0.6693 -0.6535 0.3386
vn 0.8504 -0.2913 0.4331
vn 0.2913 -0.937 0.1654
vn 0.622 -0.685 0.3622
vn 0.8189 -0.2913 0.4803
vn 0.2756 -0.9449 0.1654
vn 0.6063 -0.7008 0.3701
vn 0.8031 -0.3071 0.4961
vn 0.2598 -0.9449 0.1732
vn 0.5748 -0.7087 0.3937
vn 0.7795 -0.315 0.5354
vn 0.2441 -0.937 0.2126
vn 0.5276 -0.7087 0.4488
vn 0.7244 -0.3071 0.6063
vn 0.5433 -0.252 0.7953
vn 0.3701 -0.7165 0.5827
vn 0.1732 -0.9213 0.3228
vn 0.4409 -0.2913 0.8425
vn 0.3858 -0.622 0.6772
vn 0.1969 -0.937 0.2756
vn 0.8268 -0.2441 0.4882
vn 0.7402 -0.5433 0.3701
vn 0.4252 -0.8898 0.1181
vn 0.9764 -0.189 -0.0394
vn 0.8819 -0.4488 -0.0866
vn 0.5669 -0.8031 -0.1496
vn 0.8898 -0.2756 -0.3386
vn 0.811 -0.4803 -0.315
vn 0.5118 -0.8189 -0.252
vn 0.2835 -0.9213 -0.2283
vn 0.5433 -0.6693 -0.4882
vn 0.7008 -0.2756 -0.6535
vn 0.2283 -0.9291 -0.252
vn 0.4961 -0.6614 -0.5512
vn 0.6299 -0.2835 -0.7087
vn 0.5118 -0.6457 -0.5512
vn 0.6457 -0.2992 -0.6929
vn -0.9606 0 0.2677
vn -0.9134 0 0.4016
vn -0.9449 0 0.315
vn -0.9921 0 0.1024
vn -0.9921 0 0.0945
vn -0.9921 0 0.0866
vn -0.9921 0 0.0551
vn -0.9921 0 0.0315
vn -0.9921 0 0.0079
vn -0.9921 0 -0.0472
vn -0.9843 0 0.1654
vn -0.8661 0 0.4882
vn -0.9843 0 -0.1339
vn -0.6457 0 0.7559
vn -0.937 0 -0.3465
vn -0.3465 0 0.937
vn -0.8189 0 -0.5669
vn 0 0 0.9921
vn -0.6378 0 -0.7638
vn 0.3307 0 0.937
vn -0.3307 0 -0.937
vn 0.6378 0 0.7638
vn 0 0 -0.9921
vn 0.3465 0 -0.9291
vn 0.9764 0 0.1732
vn 0.7638 0 -0.6299
vn 0.937 0 -0.3307
vn 0.8661 0 -0.4882
vn 0.9843 0 -0.1654
vn -0.8583 0 -0.5039
vn -0.9764 0 -0.2047
vn -0.9606 0 0.2598
vn -0.937 0 0.3307
vn -0.7638 0 0.6378
vn 0.1732 0 -0.9764
vn 0.5039 0 -0.8583
vn 0.8583 0 -0.4961
vn 0.937 0 0.3465
vn 0.9843 0 0.1575
vn 0.7874 0 0.6063
vn -0.9843 0 0.126
vn -0.6299 0 -0.7717
vn -0.9764 0 -0.1811
vn -0.9843 0 0.1575
vn 0.0079 0 -0.9921
vn 0.7717 0 -0.6299
vn -0.3465 0 0.9291
vn -0.0079 0 0.9921
vn 0.6299 0 0.7717
vn 0.9843 0 -0.1575
vn -0.8189 0 0.5591
# Converted from CSMC meshbin by CsmcAssetConverter
# source: knife_butterfly.mesh.meshbin
# source center: 0.5621439 -0.02192745 1.910953
# source scale: 0.09423303
# Coordinates are preserved exactly as stored by CSMC.
# Basis conversion and mesh-normalization conjugation happen at runtime.
o v_weapon_rear
f 1/1/1 2/2/1 3/3/2
f 3/3/2 2/2/1 4/4/2
f 3/3/2 4/4/2 5/5/3
f 3/3/2 5/5/3 6/6/3
f 6/6/3 5/5/3 7/7/4
f 6/6/3 7/7/4 8/8/4
f 8/8/4 7/7/4 9/9/5
f 8/8/4 9/9/5 10/10/5
f 10/10/5 9/9/5 11/11/6
f 11/11/6 9/9/5 12/12/6
f 13/13/6 14/14/5 15/15/6
f 15/15/6 14/14/5 16/16/5
f 16/16/5 14/14/5 17/17/4
f 17/17/4 14/14/5 18/18/4
f 17/17/4 18/18/4 19/19/3
f 19/19/3 18/18/4 20/20/3
f 19/19/3 20/20/3 21/21/2
f 21/21/2 20/20/3 22/22/2
f 21/21/2 22/22/2 23/23/1
f 21/21/2 23/23/1 24/24/1
f 25/25/7 26/26/8 27/27/7
f 27/27/7 26/26/8 28/28/8
f 25/25/7 27/27/7 29/29/9
f 28/28/8 26/26/8 30/30/10
f 25/25/7 29/29/9 31/31/9
f 30/30/10 26/26/8 32/32/10
f 31/31/9 29/29/9 33/33/11
f 30/30/10 32/32/10 34/34/12
f 31/31/9 33/33/11 35/35/11
f 34/34/12 32/32/10 36/36/12
f 35/35/11 33/33/11 37/37/13
f 34/34/12 36/36/12 38/38/14
f 37/37/13 33/33/11 39/39/13
f 38/38/14 36/36/12 40/40/14
f 37/37/13 39/39/13 41/41/15
f 38/38/14 40/40/14 42/42/16
f 41/41/15 39/39/13 43/43/15
f 42/42/16 40/40/14 44/44/16
f 41/41/15 43/43/15 45/45/17
f 42/42/16 44/44/16 46/46/18
f 45/45/17 43/43/15 47/47/17
f 42/42/16 46/46/18 48/48/18
f 45/45/17 47/47/17 49/49/19
f 48/48/18 46/46/18 50/50/20
f 49/49/19 47/47/17 51/51/19
f 50/50/20 46/46/18 52/52/20
f 49/49/19 51/51/19 53/53/21
f 50/50/20 52/52/20 54/54/22
f 53/53/21 51/51/19 55/55/21
f 50/50/20 54/54/22 56/56/22
f 56/56/22 54/54/22 57/57/23
f 56/56/22 57/57/23 58/58/23
f 53/53/21 55/55/21 59/59/24
f 59/59/24 55/55/21 60/60/24
f 59/59/24 60/60/24 61/61/25
f 61/61/25 60/60/24 62/62/25
f 63/63/7 64/64/7 65/65/9
f 65/65/9 64/64/7 66/66/9
f 64/64/7 63/63/7 67/67/8
f 65/65/9 66/66/9 68/68/11
f 67/67/8 63/63/7 69/69/8
f 68/68/11 66/66/9 70/70/11
f 67/67/8 69/69/8 71/71/10
f 68/68/11 70/70/11 72/72/13
f 67/67/8 71/71/10 73/73/10
f 68/68/11 72/72/13 74/74/13
f 73/73/10 71/71/10 75/75/12
f 74/74/13 72/72/13 76/76/15
f 73/73/10 75/75/12 77/77/12
f 74/74/13 76/76/15 78/78/15
f 77/77/12 75/75/12 79/79/14
f 78/78/15 76/76/15 80/80/17
f 77/77/12 79/79/14 81/81/14
f 78/78/15 80/80/17 82/82/17
f 81/81/14 79/79/14 83/83/16
f 82/82/17 80/80/17 84/84/19
f 81/81/14 83/83/16 85/85/16
f 82/82/17 84/84/19 86/86/19
f 85/85/16 83/83/16 87/87/18
f 86/86/19 84/84/19 88/88/21
f 87/87/18 83/83/16 89/89/18
f 86/86/19 88/88/21 90/90/21
f 87/87/18 89/89/18 91/91/20
f 90/90/21 88/88/21 92/92/24
f 87/87/18 91/91/20 93/93/20
f 90/90/21 92/92/24 94/94/24
f 94/94/24 92/92/24 95/95/25
f 94/94/24 95/95/25 96/96/25
f 93/93/20 91/91/20 97/97/22
f 97/97/22 91/91/20 98/98/22
f 97/97/22 98/98/22 99/99/23
f 99/99/23 98/98/22 100/100/23
f 101/101/26 102/102/27 103/103/26
f 103/103/26 102/102/27 104/104/27
f 101/101/26 103/103/26 105/105/28
f 104/104/27 102/102/27 106/106/29
f 101/101/26 105/105/28 107/107/28
f 106/106/29 102/102/27 108/108/29
f 107/107/28 105/105/28 109/109/30
f 106/106/29 108/108/29 110/110/31
f 107/107/28 109/109/30 111/111/30
f 110/110/31 108/108/29 112/112/31
f 111/111/30 109/109/30 113/113/32
f 110/110/31 112/112/31 114/114/33
f 111/111/30 113/113/32 115/115/32
f 110/110/31 114/114/33 116/116/33
f 115/115/32 113/113/32 117/117/34
f 116/116/33 114/114/33 118/118/35
f 115/115/32 117/117/34 119/119/34
f 116/116/33 118/118/35 120/120/35
f 119/119/34 117/117/34 121/121/36
f 120/120/35 118/118/35 122/122/37
f 119/119/34 121/121/36 123/123/36
f 120/120/35 122/122/37 124/124/37
f 123/123/36 121/121/36 125/125/38
f 124/124/37 122/122/37 126/126/39
f 123/123/36 125/125/38 127/127/38
f 124/124/37 126/126/39 128/128/39
f 127/127/38 125/125/38 129/129/40
f 128/128/39 126/126/39 130/130/41
f 129/129/40 125/125/38 131/131/40
f 130/130/41 126/126/39 132/132/41
f 129/129/40 131/131/40 133/133/42
f 130/130/41 132/132/41 134/134/43
f 133/133/42 131/131/40 135/135/42
f 133/133/42 135/135/42 12/12/44
f 12/12/44 135/135/42 11/11/44
f 134/134/43 132/132/41 136/136/43
f 134/134/43 136/136/43 137/137/45
f 137/137/45 136/136/43 138/138/45
f 137/137/45 138/138/45 139/139/46
f 137/137/45 139/139/46 140/140/46
f 140/140/46 139/139/46 141/141/47
f 142/142/48 143/143/49 144/144/50
f 19/145/51 142/142/48 17/146/52
f 142/142/48 144/144/50 145/147/53
f 142/142/48 145/147/53 17/146/52
f 145/147/53 144/144/50 146/148/54
f 17/146/52 145/147/53 16/149/55
f 145/147/53 146/148/54 147/150/56
f 145/147/53 147/150/56 16/149/55
f 147/150/56 146/148/54 148/151/57
f 16/149/55 147/150/56 149/152/58
f 149/152/58 147/150/56 148/151/57
f 16/149/55 149/152/58 15/153/59
f 15/153/59 149/152/58 150/154/60
f 149/152/58 148/151/57 151/155/61
f 149/152/58 151/155/61 150/154/60
f 151/155/61 148/151/57 152/156/62
f 150/154/60 151/155/61 153/157/63
f 151/155/61 152/156/62 154/158/64
f 151/155/61 154/158/64 153/157/63
f 154/158/64 152/156/62 155/159/65
f 154/158/64 155/159/65 156/160/66
f 153/157/63 154/158/64 157/161/67
f 157/161/67 154/158/64 156/160/66
f 153/157/63 157/161/67 158/162/68
f 157/161/67 156/160/66 159/163/69
f 158/162/68 157/161/67 160/164/70
f 160/164/70 157/161/67 159/163/69
f 158/162/68 160/164/70 161/165/71
f 160/164/70 159/163/69 162/166/72
f 161/165/71 160/164/70 163/167/73
f 163/167/73 160/164/70 162/166/72
f 161/165/71 163/167/73 164/168/74
f 163/167/73 162/166/72 165/169/75
f 164/168/74 163/167/73 166/170/76
f 166/170/76 163/167/73 165/169/75
f 164/168/74 166/170/76 167/171/77
f 166/170/76 165/169/75 168/172/78
f 167/171/77 166/170/76 169/173/79
f 169/173/79 166/170/76 168/172/78
f 167/171/77 169/173/79 170/174/80
f 169/173/79 168/172/78 171/175/81
f 170/174/80 169/173/79 172/176/82
f 172/176/82 169/173/79 171/175/81
f 170/174/80 172/176/82 173/177/83
f 172/176/82 171/175/81 174/178/84
f 173/177/83 172/176/82 175/179/85
f 175/179/85 172/176/82 174/178/84
f 173/177/83 175/179/85 176/180/86
f 175/179/85 174/178/84 177/181/84
f 176/180/86 175/179/85 178/182/87
f 178/182/87 175/179/85 177/181/84
f 176/180/86 178/182/87 179/183/88
f 178/182/87 177/181/84 180/184/89
f 179/183/88 178/182/87 181/185/90
f 181/185/90 178/182/87 180/184/89
f 179/183/88 181/185/90 182/186/91
f 181/185/90 180/184/89 183/187/92
f 182/186/91 181/185/90 184/188/93
f 184/188/93 181/185/90 183/187/92
f 182/186/91 184/188/93 185/189/94
f 184/188/93 183/187/92 186/190/95
f 185/189/94 184/188/93 187/191/96
f 187/191/96 184/188/93 186/190/95
f 185/189/94 187/191/96 188/192/97
f 187/191/96 186/190/95 189/193/98
f 188/192/97 187/191/96 190/194/99
f 190/194/99 187/191/96 189/193/98
f 188/192/97 190/194/99 191/195/100
f 190/194/99 189/193/98 192/196/101
f 191/195/100 190/194/99 193/197/102
f 193/197/102 190/194/99 192/196/101
f 191/195/100 193/197/102 194/198/103
f 193/197/102 192/196/101 195/199/104
f 194/198/103 193/197/102 196/200/105
f 196/200/105 193/197/102 195/199/104
f 194/198/103 196/200/105 197/201/106
f 196/200/105 195/199/104 198/202/107
f 197/201/106 196/200/105 199/203/108
f 199/203/108 196/200/105 198/202/107
f 197/201/106 199/203/108 200/204/109
f 199/203/108 198/202/107 201/205/110
f 200/204/109 199/203/108 202/206/111
f 202/206/111 199/203/108 201/205/110
f 200/204/109 202/206/111 203/207/112
f 202/206/111 201/205/110 204/208/113
f 203/207/112 202/206/111 205/209/114
f 205/209/114 202/206/111 204/208/113
f 203/207/112 205/209/114 206/210/115
f 205/209/114 204/208/113 207/211/116
f 206/210/115 205/209/114 208/212/117
f 205/209/114 207/211/116 209/213/118
f 205/209/114 209/213/118 208/212/117
f 209/213/118 207/211/116 210/214/119
f 208/212/117 209/213/118 211/215/120
f 211/215/120 209/213/118 212/216/121
f 212/216/121 209/213/118 210/214/119
f 211/215/120 212/216/121 213/217/122
f 212/216/121 210/214/119 214/218/123
f 212/216/121 214/218/123 213/217/122
f 215/219/124 216/220/125 217/221/126
f 55/222/127 51/223/128 216/220/125
f 216/220/125 215/219/124 218/224/129
f 216/220/125 218/224/129 55/222/127
f 218/224/129 215/219/124 219/225/130
f 55/222/127 218/224/129 60/226/131
f 218/224/129 219/225/130 220/227/132
f 218/224/129 220/227/132 60/226/131
f 220/227/132 219/225/130 221/228/133
f 60/226/131 220/227/132 62/229/134
f 220/227/132 221/228/133 222/229/135
f 220/227/132 222/229/135 62/229/134
f 222/229/135 221/228/133 223/230/136
f 222/229/135 223/230/136 224/231/137
f 62/229/134 222/229/135 225/232/138
f 225/232/138 222/229/135 224/231/137
f 62/229/134 225/232/138 226/233/139
f 225/232/138 224/231/137 227/234/140
f 226/233/139 225/232/138 228/235/141
f 228/235/141 225/232/138 227/234/140
f 226/233/139 228/235/141 229/236/142
f 228/235/141 227/234/140 230/237/143
f 229/236/142 228/235/141 231/238/144
f 231/238/144 228/235/141 230/237/143
f 229/236/142 231/238/144 232/239/145
f 231/238/144 230/237/143 233/240/146
f 232/239/145 231/238/144 234/241/147
f 234/241/147 231/238/144 233/240/146
f 232/239/145 234/241/147 235/242/148
f 234/241/147 233/240/146 236/243/149
f 235/242/148 234/241/147 237/244/150
f 237/244/150 234/241/147 236/243/149
f 235/242/148 237/244/150 238/245/151
f 237/244/150 236/243/149 239/246/152
f 238/245/151 237/244/150 240/247/153
f 240/247/153 237/244/150 239/246/152
f 238/245/151 240/247/153 241/248/154
f 240/247/153 239/246/152 242/249/155
f 241/248/154 240/247/153 243/250/156
f 243/250/156 240/247/153 242/249/155
f 241/248/154 243/250/156 244/251/157
f 244/251/157 243/250/156 245/252/158
f 243/250/156 242/249/155 246/253/159
f 243/250/156 246/253/159 245/252/158
f 246/253/159 242/249/155 247/254/160
f 245/252/158 246/253/159 248/255/161
f 246/253/159 247/254/160 249/256/162
f 246/253/159 249/256/162 248/255/161
f 249/256/162 247/254/160 250/257/163
f 248/255/161 249/256/162 251/258/164
f 249/256/162 250/257/163 252/259/165
f 249/256/162 252/259/165 251/258/164
f 252/259/165 250/257/163 253/260/166
f 251/258/164 252/259/165 254/261/167
f 252/259/165 253/260/166 255/262/168
f 252/259/165 255/262/168 254/261/167
f 255/262/168 253/260/166 256/263/169
f 254/261/167 255/262/168 257/264/170
f 255/262/168 256/263/169 258/265/171
f 255/262/168 258/265/171 257/264/170
f 258/265/171 256/263/169 259/266/172
f 257/264/170 258/265/171 260/267/173
f 258/265/171 259/266/172 261/268/174
f 258/265/171 261/268/174 260/267/173
f 261/268/174 259/266/172 262/269/175
f 260/267/173 261/268/174 263/270/176
f 261/268/174 262/269/175 264/271/177
f 261/268/174 264/271/177 263/270/176
f 264/271/177 262/269/175 265/272/178
f 263/270/176 264/271/177 266/273/179
f 264/271/177 265/272/178 267/274/180
f 264/271/177 267/274/180 266/273/179
f 267/274/180 265/272/178 268/275/181
f 267/274/180 268/275/181 269/276/181
f 266/273/179 267/274/180 270/277/180
f 270/277/180 267/274/180 269/276/181
f 266/273/179 270/277/180 271/278/179
f 270/277/180 269/276/181 272/279/181
f 271/278/179 270/277/180 273/280/182
f 273/280/182 270/277/180 272/279/181
f 271/278/179 273/280/182 274/281/183
f 273/280/182 272/279/181 275/282/184
f 274/281/183 273/280/182 276/283/185
f 276/283/185 273/280/182 275/282/184
f 274/281/183 276/283/185 277/284/186
f 276/283/185 275/282/184 278/285/187
f 277/284/186 276/283/185 279/286/188
f 279/286/188 276/283/185 278/285/187
f 277/284/186 279/286/188 280/287/189
f 279/286/188 278/285/187 281/288/190
f 280/287/189 279/286/188 282/289/191
f 282/289/191 279/286/188 281/288/190
f 280/287/189 282/289/191 283/290/192
f 282/289/191 281/288/190 284/291/193
f 283/290/192 282/289/191 285/292/194
f 285/292/194 282/289/191 284/291/193
f 283/290/192 285/292/194 286/293/195
f 285/292/194 284/291/193 287/294/196
f 286/293/195 285/292/194 288/295/197
f 288/295/197 285/292/194 287/294/196
f 286/293/195 288/295/197 289/296/198
f 288/295/197 287/294/196 290/297/199
f 289/296/198 288/295/197 291/298/200
f 291/298/200 288/295/197 290/297/199
f 289/296/198 291/298/200 292/299/201
f 291/298/200 290/297/199 293/300/202
f 292/299/201 291/298/200 294/301/203
f 294/301/203 291/298/200 293/300/202
f 295/302/204 292/299/201 294/301/203
f 296/303/205 294/301/203 293/300/202
f 295/302/204 294/301/203 297/304/206
f 297/304/206 294/301/203 296/303/205
f 295/302/204 297/304/206 298/305/207
f 297/304/206 296/303/205 299/306/205
f 298/305/207 297/304/206 300/307/208
f 300/307/208 297/304/206 299/306/205
f 298/305/207 300/307/208 301/308/209
f 300/307/208 299/306/205 302/309/210
f 301/308/209 300/307/208 303/310/211
f 303/310/211 300/307/208 302/309/210
f 301/308/209 303/310/211 304/311/212
f 303/310/211 302/309/210 305/312/213
f 304/311/212 303/310/211 306/313/214
f 306/313/214 303/310/211 305/312/213
f 304/311/212 306/313/214 307/314/215
f 306/313/214 305/312/213 308/315/216
f 307/314/215 306/313/214 309/316/217
f 309/316/217 306/313/214 308/315/216
f 307/314/215 309/316/217 310/317/218
f 309/316/217 308/315/216 311/318/155
f 310/317/218 309/316/217 312/319/219
f 312/319/219 309/316/217 311/318/155
f 310/317/218 312/319/219 313/320/220
f 312/319/219 311/318/155 314/321/221
f 313/320/220 312/319/219 315/322/222
f 315/322/222 312/319/219 314/321/221
f 313/320/220 315/322/222 316/323/223
f 315/322/222 314/321/221 317/324/224
f 316/323/223 315/322/222 318/218/225
f 318/218/225 315/322/222 317/324/224
f 316/323/223 318/218/225 319/217/226
f 318/218/225 317/324/224 320/214/227
f 319/217/226 318/218/225 321/216/228
f 321/216/228 318/218/225 320/214/227
f 319/217/226 321/216/228 141/215/229
f 321/216/228 320/214/227 322/213/230
f 321/216/228 322/213/230 141/215/229
f 322/213/230 320/214/227 323/211/231
f 141/215/229 322/213/230 140/212/232
f 322/213/230 323/211/231 324/209/233
f 322/213/230 324/209/233 140/212/232
f 140/212/232 324/209/233 137/210/234
f 324/209/233 323/211/231 325/208/235
f 137/210/234 324/209/233 134/207/236
f 324/209/233 325/208/235 326/206/237
f 324/209/233 326/206/237 134/207/236
f 326/206/237 325/208/235 327/205/238
f 134/207/236 326/206/237 130/204/239
f 326/206/237 327/205/238 328/203/240
f 326/206/237 328/203/240 130/204/239
f 328/203/240 327/205/238 329/202/241
f 130/204/239 328/203/240 128/201/158
f 328/203/240 329/202/241 330/200/242
f 328/203/240 330/200/242 128/201/158
f 330/200/242 329/202/241 331/199/181
f 128/201/158 330/200/242 124/198/243
f 330/200/242 331/199/181 332/197/244
f 330/200/242 332/197/244 124/198/243
f 332/197/244 331/199/181 333/196/160
f 124/198/243 332/197/244 120/195/245
f 332/197/244 333/196/160 334/194/246
f 332/197/244 334/194/246 120/195/245
f 334/194/246 333/196/160 335/193/247
f 120/195/245 334/194/246 116/192/248
f 334/194/246 335/193/247 336/191/249
f 334/194/246 336/191/249 116/192/248
f 336/191/249 335/193/247 337/190/250
f 116/192/248 336/191/249 110/189/251
f 336/191/249 337/190/250 338/188/252
f 336/191/249 338/188/252 110/189/251
f 338/188/252 337/190/250 339/187/253
f 110/189/251 338/188/252 106/186/254
f 338/188/252 339/187/253 340/185/255
f 338/188/252 340/185/255 106/186/254
f 340/185/255 339/187/253 341/184/163
f 106/186/254 340/185/255 104/183/256
f 340/185/255 341/184/163 342/182/257
f 340/185/255 342/182/257 104/183/256
f 342/182/257 341/184/163 343/181/166
f 104/183/256 342/182/257 103/180/258
f 342/182/257 343/181/166 344/179/259
f 342/182/257 344/179/259 103/180/258
f 344/179/259 343/181/166 345/178/166
f 103/180/258 344/179/259 105/177/260
f 344/179/259 345/178/166 346/176/261
f 344/179/259 346/176/261 105/177/260
f 346/176/261 345/178/166 347/175/262
f 105/177/260 346/176/261 109/174/263
f 346/176/261 347/175/262 348/173/264
f 346/176/261 348/173/264 109/174/263
f 348/173/264 347/175/262 349/172/265
f 109/174/263 348/173/264 113/171/266
f 348/173/264 349/172/265 350/170/267
f 348/173/264 350/170/267 113/171/266
f 350/170/267 349/172/265 351/169/268
f 113/171/266 350/170/267 117/168/269
f 350/170/267 351/169/268 352/167/270
f 350/170/267 352/167/270 117/168/269
f 352/167/270 351/169/268 353/166/271
f 117/168/269 352/167/270 121/165/272
f 352/167/270 353/166/271 354/164/273
f 352/167/270 354/164/273 121/165/272
f 354/164/273 353/166/271 355/325/274
f 121/165/272 354/164/273 125/162/275
f 354/164/273 355/325/274 356/161/276
f 354/164/273 356/161/276 125/162/275
f 356/161/276 355/325/274 357/160/277
f 125/162/275 356/161/276 131/157/278
f 356/161/276 357/160/277 358/158/279
f 356/161/276 358/158/279 131/157/278
f 358/158/279 357/160/277 359/159/280
f 358/158/279 359/159/280 360/156/281
f 131/157/278 358/158/279 361/155/282
f 361/155/282 358/158/279 360/156/281
f 131/157/278 361/155/282 135/154/283
f 361/155/282 360/156/281 362/151/284
f 135/154/283 361/155/282 363/152/285
f 363/152/285 361/155/282 362/151/284
f 135/154/283 363/152/285 11/153/286
f 11/153/286 363/152/285 10/149/287
f 363/152/285 362/151/284 364/150/288
f 363/152/285 364/150/288 10/149/287
f 364/150/288 362/151/284 365/148/289
f 10/149/287 364/150/288 366/147/290
f 366/147/290 364/150/288 365/148/289
f 367/326/291 368/327/291 369/328/292
f 369/328/292 368/327/291 370/329/292
f 369/328/292 370/329/292 371/330/293
f 368/327/291 367/326/291 372/331/294
f 372/331/294 367/326/291 373/332/294
f 370/329/292 368/327/291 374/333/292
f 374/333/292 368/327/291 375/334/291
f 375/334/291 368/327/291 372/331/294
f 370/329/292 374/333/292 376/335/295
f 375/334/291 372/331/294 377/336/294
f 378/337/293 371/330/293 370/329/292
f 378/337/293 370/329/292 376/335/295
f 371/330/293 378/337/293 379/338/296
f 378/337/293 376/335/295 380/339/296
f 377/336/294 372/331/294 381/340/297
f 381/340/297 372/331/294 373/332/294
f 377/336/294 381/340/297 382/341/297
f 381/340/297 373/332/294 383/342/297
f 378/337/293 380/339/296 384/343/296
f 378/337/293 384/343/296 379/338/296
f 384/343/296 380/339/296 385/344/298
f 379/338/296 384/343/296 386/345/298
f 381/340/297 383/342/297 387/346/299
f 381/340/297 387/346/299 382/341/297
f 387/346/299 383/342/297 388/347/299
f 382/341/297 387/346/299 389/348/299
f 386/345/298 384/343/296 390/349/298
f 390/349/298 384/343/296 385/344/298
f 386/345/298 390/349/298 391/350/300
f 390/349/298 385/344/298 392/351/300
f 389/348/299 387/346/299 393/352/301
f 393/352/301 387/346/299 388/347/299
f 389/348/299 393/352/301 394/353/301
f 393/352/301 388/347/299 395/354/301
f 390/349/298 392/351/300 396/355/300
f 390/349/298 396/355/300 391/350/300
f 396/355/300 392/351/300 397/356/302
f 391/350/300 396/355/300 398/357/302
f 393/352/301 395/354/301 399/358/303
f 393/352/301 399/358/303 394/353/301
f 399/358/303 395/354/301 400/359/303
f 394/353/301 399/358/303 401/360/303
f 398/357/302 396/355/300 402/361/302
f 402/361/302 396/355/300 397/356/302
f 398/357/302 402/361/302 403/362/304
f 402/361/302 397/356/302 404/363/304
f 401/360/303 399/358/303 405/364/305
f 405/364/305 399/358/303 400/359/303
f 401/360/303 405/364/305 406/365/305
f 405/364/305 400/359/303 407/366/305
f 402/361/302 404/363/304 408/367/304
f 402/361/302 408/367/304 403/362/304
f 408/367/304 404/363/304 409/368/306
f 403/362/304 408/367/304 410/369/306
f 405/364/305 407/366/305 411/370/307
f 405/364/305 411/370/307 406/365/305
f 411/370/307 407/366/305 412/371/307
f 406/365/305 411/370/307 413/372/307
f 410/369/306 408/367/304 414/373/306
f 414/373/306 408/367/304 409/368/306
f 410/369/306 414/373/306 415/374/308
f 414/373/306 409/368/306 416/375/308
f 415/374/308 414/373/306 417/376/308
f 417/376/308 414/373/306 416/375/308
f 413/372/307 411/370/307 418/377/309
f 418/377/309 411/370/307 412/371/307
f 413/372/307 418/377/309 419/378/309
f 418/377/309 412/371/307 420/379/309
f 419/378/309 418/377/309 417/380/1
f 417/380/1 418/377/309 420/379/309
f 419/378/309 417/380/1 416/381/1
f 417/380/1 420/379/309 415/382/1
f 421/324/310 214/218/123 210/214/119
f 422/323/311 213/217/122 214/218/123
f 214/218/123 421/324/310 423/322/312
f 214/218/123 423/322/312 422/323/311
f 423/322/312 421/324/310 424/321/313
f 422/323/311 423/322/312 425/320/314
f 423/322/312 424/321/313 426/319/315
f 423/322/312 426/319/315 425/320/314
f 426/319/315 424/321/313 427/318/316
f 425/320/314 426/319/315 428/317/317
f 426/319/315 427/318/316 429/316/318
f 426/319/315 429/316/318 428/317/317
f 429/316/318 427/318/316 430/315/319
f 428/317/317 429/316/318 431/314/320
f 429/316/318 430/315/319 432/313/321
f 429/316/318 432/313/321 431/314/320
f 432/313/321 430/315/319 433/312/322
f 431/314/320 432/313/321 434/311/323
f 432/313/321 433/312/322 435/310/324
f 432/313/321 435/310/324 434/311/323
f 435/310/324 433/312/322 436/309/325
f 434/311/323 435/310/324 437/308/326
f 435/310/324 436/309/325 438/307/327
f 435/310/324 438/307/327 437/308/326
f 438/307/327 436/309/325 439/306/328
f 437/308/326 438/307/327 440/305/329
f 438/307/327 439/306/328 441/304/330
f 438/307/327 441/304/330 440/305/329
f 441/304/330 439/306/328 442/303/328
f 440/305/329 441/304/330 443/302/331
f 441/304/330 442/303/328 444/301/332
f 441/304/330 444/301/332 443/302/331
f 444/301/332 442/303/328 445/300/333
f 443/302/331 444/301/332 446/299/334
f 444/301/332 445/300/333 447/298/335
f 444/301/332 447/298/335 446/299/334
f 447/298/335 445/300/333 448/297/336
f 446/299/334 447/298/335 449/296/337
f 447/298/335 448/297/336 450/295/338
f 447/298/335 450/295/338 449/296/337
f 450/295/338 448/297/336 451/294/339
f 449/296/337 450/295/338 452/293/340
f 450/295/338 451/294/339 453/292/341
f 450/295/338 453/292/341 452/293/340
f 453/292/341 451/294/339 454/291/342
f 452/293/340 453/292/341 455/290/343
f 453/292/341 454/291/342 456/289/344
f 453/292/341 456/289/344 455/290/343
f 456/289/344 454/291/342 457/288/345
f 455/290/343 456/289/344 458/287/346
f 456/289/344 457/288/345 459/286/347
f 456/289/344 459/286/347 458/287/346
f 459/286/347 457/288/345 460/285/348
f 458/287/346 459/286/347 461/284/349
f 459/286/347 460/285/348 462/283/350
f 459/286/347 462/283/350 461/284/349
f 462/283/350 460/285/348 463/282/351
f 461/284/349 462/283/350 464/281/352
f 462/283/350 463/282/351 465/280/353
f 462/283/350 465/280/353 464/281/352
f 465/280/353 463/282/351 466/279/104
f 464/281/352 465/280/353 467/278/354
f 465/280/353 466/279/104 468/277/355
f 465/280/353 468/277/355 467/278/354
f 468/277/355 466/279/104 469/276/104
f 467/278/354 468/277/355 470/273/354
f 468/277/355 469/276/104 471/274/355
f 468/277/355 471/274/355 470/273/354
f 471/274/355 469/276/104 472/275/104
f 471/274/355 472/275/104 473/272/356
f 470/273/354 471/274/355 474/271/357
f 474/271/357 471/274/355 473/272/356
f 470/273/354 474/271/357 475/270/358
f 474/271/357 473/272/356 476/269/359
f 475/270/358 474/271/357 477/268/360
f 477/268/360 474/271/357 476/269/359
f 475/270/358 477/268/360 478/267/361
f 477/268/360 476/269/359 479/266/362
f 478/267/361 477/268/360 480/265/363
f 480/265/363 477/268/360 479/266/362
f 478/267/361 480/265/363 481/264/364
f 480/265/363 479/266/362 482/263/365
f 481/264/364 480/265/363 483/262/366
f 483/262/366 480/265/363 482/263/365
f 481/264/364 483/262/366 484/261/367
f 483/262/366 482/263/365 485/260/84
f 484/261/367 483/262/366 486/259/368
f 486/259/368 483/262/366 485/260/84
f 484/261/367 486/259/368 487/258/369
f 486/259/368 485/260/84 488/257/89
f 487/258/369 486/259/368 489/256/370
f 489/256/370 486/259/368 488/257/89
f 487/258/369 489/256/370 490/255/371
f 489/256/370 488/257/89 491/254/101
f 490/255/371 489/256/370 492/253/372
f 492/253/372 489/256/370 491/254/101
f 490/255/371 492/253/372 493/252/106
f 492/253/372 491/254/101 494/249/316
f 493/252/106 492/253/372 495/250/373
f 495/250/373 492/253/372 494/249/316
f 493/252/106 495/250/373 496/251/374
f 496/251/374 495/250/373 497/248/375
f 495/250/373 494/249/316 498/247/376
f 495/250/373 498/247/376 497/248/375
f 498/247/376 494/249/316 499/246/377
f 497/248/375 498/247/376 500/245/378
f 498/247/376 499/246/377 501/244/379
f 498/247/376 501/244/379 500/245/378
f 501/244/379 499/246/377 502/243/380
f 500/245/378 501/244/379 503/242/381
f 501/244/379 502/243/380 504/241/382
f 501/244/379 504/241/382 503/242/381
f 504/241/382 502/243/380 505/240/383
f 503/242/381 504/241/382 506/239/384
f 504/241/382 505/240/383 507/238/385
f 504/241/382 507/238/385 506/239/384
f 507/238/385 505/240/383 508/237/386
f 506/239/384 507/238/385 509/236/387
f 507/238/385 508/237/386 510/235/388
f 507/238/385 510/235/388 509/236/387
f 510/235/388 508/237/386 511/234/389
f 509/236/387 510/235/388 512/233/390
f 510/235/388 511/234/389 513/232/391
f 510/235/388 513/232/391 512/233/390
f 513/232/391 511/234/389 514/383/392
f 512/233/390 513/232/391 96/229/393
f 513/232/391 514/383/392 515/384/394
f 513/232/391 515/384/394 96/229/393
f 515/384/394 514/383/392 516/385/395
f 515/384/394 516/385/395 517/386/396
f 96/229/393 515/384/394 518/227/397
f 518/227/397 515/384/394 517/386/396
f 96/229/393 518/227/397 94/226/398
f 518/227/397 517/386/396 519/225/399
f 94/226/398 518/227/397 520/224/400
f 520/224/400 518/227/397 519/225/399
f 94/226/398 520/224/400 90/222/401
f 520/224/400 519/225/399 521/219/402
f 90/222/401 520/224/400 522/220/403
f 522/220/403 520/224/400 521/219/402
f 523/387/404 524/388/405 525/389/406
f 526/390/407 523/387/404 527/391/408
f 524/388/405 523/387/404 528/392/409
f 528/392/409 523/387/404 526/390/407
f 528/392/409 526/390/407 529/393/407
f 524/388/405 528/392/409 530/394/410
f 528/392/409 529/393/407 531/395/411
f 530/394/410 528/392/409 532/396/412
f 532/396/412 528/392/409 531/395/411
f 530/394/410 532/396/412 533/397/413
f 532/396/412 531/395/411 534/398/414
f 532/396/412 534/398/414 533/397/413
f 534/398/414 531/395/411 535/399/415
f 533/397/413 534/398/414 536/400/416
f 534/398/414 535/399/415 537/401/415
f 536/400/416 534/398/414 538/402/417
f 538/402/417 534/398/414 537/401/415
f 536/400/416 538/402/417 539/403/418
f 538/402/417 537/401/415 540/404/419
f 539/403/418 538/402/417 541/405/420
f 541/405/420 538/402/417 540/404/419
f 539/403/418 541/405/420 542/406/421
f 541/405/420 540/404/419 543/407/422
f 542/406/421 541/405/420 544/408/423
f 544/408/423 541/405/420 543/407/422
f 542/406/421 544/408/423 545/409/424
f 544/408/423 543/407/422 546/410/425
f 545/409/424 544/408/423 547/411/426
f 547/411/426 544/408/423 546/410/425
f 545/409/424 547/411/426 548/412/427
f 547/411/426 546/410/425 549/413/425
f 548/412/427 547/411/426 550/414/428
f 550/414/428 547/411/426 549/413/425
f 548/412/427 550/414/428 551/415/429
f 550/414/428 549/413/425 552/416/430
f 551/415/429 550/414/428 553/417/431
f 553/417/431 550/414/428 552/416/430
f 551/415/429 553/417/431 554/418/432
f 553/417/431 552/416/430 555/419/433
f 554/418/432 553/417/431 556/420/434
f 556/420/434 553/417/431 555/419/433
f 554/418/432 556/420/434 557/421/435
f 556/420/434 555/419/433 558/422/436
f 557/421/435 556/420/434 559/423/437
f 559/423/437 556/420/434 558/422/436
f 557/421/435 559/423/437 560/424/438
f 559/423/437 558/422/436 561/425/439
f 560/424/438 559/423/437 562/426/440
f 562/426/440 559/423/437 561/425/439
f 560/424/438 562/426/440 563/427/441
f 562/426/440 561/425/439 564/428/442
f 563/427/441 562/426/440 565/429/443
f 565/429/443 562/426/440 564/428/442
f 563/427/441 565/429/443 566/430/444
f 565/429/443 564/428/442 567/431/445
f 566/430/444 565/429/443 568/432/446
f 568/432/446 565/429/443 567/431/445
f 566/430/444 568/432/446 58/433/447
f 58/433/447 568/432/446 56/434/448
f 568/432/446 567/431/445 569/435/449
f 568/432/446 569/435/449 56/434/448
f 569/435/449 567/431/445 570/436/450
f 569/435/449 570/436/450 571/437/445
f 56/434/448 569/435/449 572/438/451
f 572/438/451 569/435/449 571/437/445
f 56/434/448 572/438/451 50/439/452
f 572/438/451 571/437/445 573/440/453
f 50/439/452 572/438/451 574/441/454
f 574/441/454 572/438/451 573/440/453
f 50/439/452 574/441/454 48/442/455
f 574/441/454 573/440/453 575/443/456
f 48/442/455 574/441/454 576/444/457
f 576/444/457 574/441/454 575/443/456
f 48/442/455 576/444/457 42/445/458
f 576/444/457 575/443/456 577/446/459
f 42/445/458 576/444/457 578/447/460
f 578/447/460 576/444/457 577/446/459
f 42/445/458 578/447/460 38/448/461
f 578/447/460 577/446/459 579/449/462
f 38/448/461 578/447/460 580/450/463
f 580/450/463 578/447/460 579/449/462
f 38/448/461 580/450/463 34/451/464
f 580/450/463 579/449/462 581/452/465
f 34/451/464 580/450/463 582/453/466
f 582/453/466 580/450/463 581/452/465
f 34/451/464 582/453/466 30/454/467
f 582/453/466 581/452/465 583/455/468
f 30/454/467 582/453/466 584/456/469
f 584/456/469 582/453/466 583/455/468
f 30/454/467 584/456/469 28/457/470
f 584/456/469 583/455/468 585/458/471
f 28/457/470 584/456/469 586/459/472
f 586/459/472 584/456/469 585/458/471
f 28/457/470 586/459/472 27/460/473
f 586/459/472 585/458/471 587/461/422
f 27/460/473 586/459/472 588/462/474
f 588/462/474 586/459/472 587/461/422
f 27/460/473 588/462/474 29/463/475
f 588/462/474 587/461/422 589/464/476
f 29/463/475 588/462/474 590/465/477
f 590/465/477 588/462/474 589/464/476
f 29/463/475 590/465/477 33/466/478
f 33/466/478 590/465/477 39/467/479
f 590/465/477 589/464/476 591/468/480
f 590/465/477 591/468/480 39/467/479
f 591/468/480 589/464/476 592/469/481
f 39/467/479 591/468/480 43/470/482
f 591/468/480 592/469/481 593/471/483
f 591/468/480 593/471/483 43/470/482
f 593/471/483 592/469/481 594/472/484
f 43/470/482 593/471/483 47/473/485
f 593/471/483 594/472/484 595/474/486
f 593/471/483 595/474/486 47/473/485
f 595/474/486 594/472/484 217/221/126
f 47/473/485 595/474/486 51/223/128
f 595/474/486 217/221/126 216/220/125
f 595/474/486 216/220/125 51/223/128
f 596/475/487 597/476/488 598/477/489
f 598/477/489 597/476/488 599/478/490
f 599/478/490 597/476/488 600/479/491
f 596/475/487 598/477/489 601/480/492
f 598/477/489 599/478/490 602/481/493
f 598/477/489 602/481/493 603/482/493
f 598/477/489 603/482/493 601/480/492
f 602/481/493 599/478/490 604/483/493
f 601/480/492 603/482/493 605/484/493
f 596/475/487 601/480/492 606/485/494
f 604/483/493 599/478/490 607/486/495
f 607/486/495 599/478/490 600/479/491
f 604/483/493 607/486/495 608/487/493
f 607/486/495 600/479/491 609/488/496
f 606/485/494 601/480/492 610/489/497
f 610/489/497 601/480/492 605/484/493
f 606/485/494 610/489/497 611/490/498
f 610/489/497 605/484/493 612/491/493
f 607/486/495 609/488/496 613/492/499
f 607/486/495 613/492/499 608/487/493
f 613/492/499 609/488/496 614/493/500
f 608/487/493 613/492/499 615/494/493
f 613/492/499 614/493/500 616/495/501
f 613/492/499 616/495/501 615/494/493
f 616/495/501 614/493/500 617/496/502
f 615/494/493 616/495/501 618/497/493
f 616/495/501 617/496/502 619/498/503
f 616/495/501 619/498/503 618/497/493
f 619/498/503 617/496/502 620/499/504
f 618/497/493 619/498/503 621/500/493
f 619/498/503 620/499/504 622/501/505
f 619/498/503 622/501/505 621/500/493
f 622/501/505 620/499/504 623/502/506
f 621/500/493 622/501/505 624/503/493
f 622/501/505 623/502/506 625/504/507
f 622/501/505 625/504/507 624/503/493
f 625/504/507 623/502/506 626/505/508
f 624/503/493 625/504/507 627/506/493
f 625/504/507 626/505/508 628/507/509
f 625/504/507 628/507/509 627/506/493
f 628/507/509 626/505/508 629/508/510
f 627/506/493 628/507/509 630/509/493
f 628/507/509 629/508/510 631/510/511
f 628/507/509 631/510/511 630/509/493
f 631/510/511 629/508/510 632/511/512
f 630/509/493 631/510/511 633/512/493
f 631/510/511 632/511/512 634/513/513
f 631/510/511 634/513/513 633/512/493
f 634/513/513 632/511/512 635/514/514
f 633/512/493 634/513/513 636/515/493
f 634/513/513 635/514/514 637/516/515
f 634/513/513 637/516/515 636/515/493
f 637/516/515 635/514/514 638/517/516
f 636/515/493 637/516/515 639/518/493
f 637/516/515 638/517/516 640/519/517
f 637/516/515 640/519/517 639/518/493
f 640/519/517 638/517/516 641/520/518
f 639/518/493 640/519/517 642/521/493
f 640/519/517 641/520/518 643/522/519
f 640/519/517 643/522/519 642/521/493
f 643/522/519 641/520/518 644/523/520
f 642/521/493 643/522/519 645/524/493
f 643/522/519 644/523/520 646/525/521
f 643/522/519 646/525/521 645/524/493
f 646/525/521 644/523/520 647/526/522
f 645/524/493 646/525/521 648/527/493
f 646/525/521 647/526/522 649/528/523
f 646/525/521 649/528/523 648/527/493
f 649/528/523 647/526/522 611/490/498
f 648/527/493 649/528/523 612/491/493
f 649/528/523 611/490/498 610/489/497
f 649/528/523 610/489/497 612/491/493
f 650/529/524 651/530/525 652/531/526
f 652/531/526 651/530/525 653/532/525
f 651/530/525 650/529/524 654/533/525
f 650/529/524 652/531/526 655/534/527
f 655/534/527 652/531/526 656/535/528
f 650/529/524 655/534/527 657/536/529
f 652/531/526 653/532/525 658/537/530
f 652/531/526 658/537/530 656/535/528
f 658/537/530 653/532/525 659/538/525
f 656/535/528 658/537/530 660/539/531
f 650/529/524 657/536/529 661/540/532
f 650/529/524 661/540/532 654/533/525
f 661/540/532 657/536/529 662/541/533
f 654/533/525 661/540/532 663/542/525
f 660/539/531 658/537/530 664/543/534
f 664/543/534 658/537/530 659/538/525
f 660/539/531 664/543/534 665/544/535
f 664/543/534 659/538/525 666/545/525
f 663/542/525 661/540/532 667/546/536
f 667/546/536 661/540/532 662/541/533
f 663/542/525 667/546/536 668/547/525
f 667/546/536 662/541/533 669/548/537
f 668/547/525 667/546/536 670/549/538
f 670/549/538 667/546/536 669/548/537
f 668/547/525 670/549/538 671/550/525
f 670/549/538 669/548/537 672/551/539
f 671/550/525 670/549/538 673/552/540
f 673/552/540 670/549/538 672/551/539
f 671/550/525 673/552/540 674/553/525
f 673/552/540 672/551/539 675/554/541
f 674/553/525 673/552/540 676/555/542
f 676/555/542 673/552/540 675/554/541
f 674/553/525 676/555/542 677/556/525
f 676/555/542 675/554/541 678/557/543
f 677/556/525 676/555/542 679/558/544
f 679/558/544 676/555/542 678/557/543
f 677/556/525 679/558/544 680/559/525
f 679/558/544 678/557/543 681/560/545
f 680/559/525 679/558/544 682/561/546
f 682/561/546 679/558/544 681/560/545
f 680/559/525 682/561/546 683/562/525
f 682/561/546 681/560/545 684/563/547
f 683/562/525 682/561/546 685/564/548
f 685/564/548 682/561/546 684/563/547
f 683/562/525 685/564/548 686/565/525
f 685/564/548 684/563/547 687/566/549
f 686/565/525 685/564/548 688/567/550
f 688/567/550 685/564/548 687/566/549
f 686/565/525 688/567/550 689/568/525
f 688/567/550 687/566/549 690/569/551
f 689/568/525 688/567/550 691/570/552
f 691/570/552 688/567/550 690/569/551
f 689/568/525 691/570/552 692/571/525
f 691/570/552 690/569/551 693/572/553
f 692/571/525 691/570/552 694/573/554
f 694/573/554 691/570/552 693/572/553
f 692/571/525 694/573/554 695/574/525
f 694/573/554 693/572/553 696/575/555
f 695/574/525 694/573/554 697/576/556
f 697/576/556 694/573/554 696/575/555
f 695/574/525 697/576/556 698/577/525
f 697/576/556 696/575/555 699/578/557
f 698/577/525 697/576/556 700/579/558
f 700/579/558 697/576/556 699/578/557
f 698/577/525 700/579/558 701/580/525
f 700/579/558 699/578/557 702/581/559
f 701/580/525 700/579/558 703/582/560
f 703/582/560 700/579/558 702/581/559
f 701/580/525 703/582/560 666/545/525
f 703/582/560 702/581/559 665/544/535
f 666/545/525 703/582/560 664/543/534
f 664/543/534 703/582/560 665/544/535
f 704/471/561 705/472/562 706/469/563
f 705/472/562 704/471/561 707/474/564
f 705/472/562 707/474/564 708/221/565
f 704/471/561 706/469/563 709/468/566
f 709/468/566 706/469/563 710/464/567
f 707/474/564 704/471/561 82/473/568
f 82/473/568 704/471/561 78/470/569
f 78/470/569 704/471/561 709/468/566
f 707/474/564 82/473/568 86/223/570
f 78/470/569 709/468/566 74/467/571
f 708/221/565 707/474/564 522/220/403
f 522/220/403 707/474/564 86/223/570
f 708/221/565 522/220/403 521/219/402
f 522/220/403 86/223/570 90/222/401
f 74/467/571 709/468/566 711/465/572
f 711/465/572 709/468/566 710/464/567
f 74/467/571 711/465/572 68/466/573
f 68/466/573 711/465/572 65/463/574
f 711/465/572 710/464/567 712/462/575
f 711/465/572 712/462/575 65/463/574
f 712/462/575 710/464/567 713/461/576
f 65/463/574 712/462/575 63/460/577
f 712/462/575 713/461/576 714/459/578
f 712/462/575 714/459/578 63/460/577
f 714/459/578 713/461/576 715/458/579
f 63/460/577 714/459/578 69/457/580
f 714/459/578 715/458/579 716/456/581
f 714/459/578 716/456/581 69/457/580
f 716/456/581 715/458/579 717/455/582
f 69/457/580 716/456/581 71/454/583
f 716/456/581 717/455/582 718/453/584
f 716/456/581 718/453/584 71/454/583
f 718/453/584 717/455/582 719/452/585
f 71/454/583 718/453/584 75/451/586
f 718/453/584 719/452/585 720/450/587
f 718/453/584 720/450/587 75/451/586
f 720/450/587 719/452/585 721/449/588
f 75/451/586 720/450/587 79/448/589
f 720/450/587 721/449/588 722/447/590
f 720/450/587 722/447/590 79/448/589
f 722/447/590 721/449/588 723/446/591
f 79/448/589 722/447/590 83/445/592
f 722/447/590 723/446/591 724/444/593
f 722/447/590 724/444/593 83/445/592
f 724/444/593 723/446/591 725/443/594
f 83/445/592 724/444/593 89/442/595
f 724/444/593 725/443/594 726/441/596
f 724/444/593 726/441/596 89/442/595
f 726/441/596 725/443/594 727/440/597
f 89/442/595 726/441/596 91/439/598
f 726/441/596 727/440/597 728/438/599
f 726/441/596 728/438/599 91/439/598
f 728/438/599 727/440/597 729/437/600
f 91/439/598 728/438/599 98/434/601
f 728/438/599 729/437/600 730/435/602
f 728/438/599 730/435/602 98/434/601
f 730/435/602 729/437/600 731/436/603
f 730/435/602 731/436/603 732/431/600
f 98/434/601 730/435/602 733/432/604
f 733/432/604 730/435/602 732/431/600
f 98/434/601 733/432/604 100/433/605
f 100/433/605 733/432/604 734/430/606
f 733/432/604 732/431/600 735/429/607
f 733/432/604 735/429/607 734/430/606
f 735/429/607 732/431/600 736/428/608
f 734/430/606 735/429/607 737/427/609
f 735/429/607 736/428/608 738/426/610
f 735/429/607 738/426/610 737/427/609
f 738/426/610 736/428/608 739/425/611
f 737/427/609 738/426/610 740/424/612
f 738/426/610 739/425/611 741/423/613
f 738/426/610 741/423/613 740/424/612
f 741/423/613 739/425/611 742/422/614
f 740/424/612 741/423/613 743/421/615
f 741/423/613 742/422/614 744/420/616
f 741/423/613 744/420/616 743/421/615
f 744/420/616 742/422/614 745/419/617
f 743/421/615 744/420/616 746/418/618
f 744/420/616 745/419/617 747/417/619
f 744/420/616 747/417/619 746/418/618
f 747/417/619 745/419/617 748/416/620
f 746/418/618 747/417/619 749/415/621
f 747/417/619 748/416/620 750/414/622
f 747/417/619 750/414/622 749/415/621
f 750/414/622 748/416/620 751/413/623
f 749/415/621 750/414/622 752/412/624
f 750/414/622 751/413/623 753/411/625
f 750/414/622 753/411/625 752/412/624
f 753/411/625 751/413/623 754/410/623
f 752/412/624 753/411/625 755/409/626
f 753/411/625 754/410/623 756/408/627
f 753/411/625 756/408/627 755/409/626
f 756/408/627 754/410/623 757/407/576
f 755/409/626 756/408/627 758/406/628
f 756/408/627 757/407/576 759/405/629
f 756/408/627 759/405/629 758/406/628
f 759/405/629 757/407/576 760/404/630
f 758/406/628 759/405/629 761/403/631
f 759/405/629 760/404/630 762/402/632
f 759/405/629 762/402/632 761/403/631
f 762/402/632 760/404/630 763/401/633
f 761/403/631 762/402/632 764/400/634
f 762/402/632 763/401/633 765/398/635
f 762/402/632 765/398/635 764/400/634
f 765/398/635 763/401/633 766/399/633
f 764/400/634 765/398/635 767/397/636
f 765/398/635 766/399/633 768/395/637
f 767/397/636 765/398/635 769/396/638
f 769/396/638 765/398/635 768/395/637
f 767/397/636 769/396/638 770/394/639
f 769/396/638 768/395/637 771/392/640
f 769/396/638 771/392/640 770/394/639
f 651/530/641 772/583/642 653/532/643
f 653/532/643 772/583/642 773/584/644
f 772/583/642 651/530/641 774/585/645
f 653/532/643 773/584/644 659/538/646
f 774/585/645 651/530/641 654/533/647
f 659/538/646 773/584/644 775/586/646
f 774/585/645 654/533/647 776/587/648
f 659/538/646 775/586/646 666/545/649
f 776/587/648 654/533/647 663/542/648
f 666/545/649 775/586/646 777/588/649
f 776/587/648 663/542/648 778/589/650
f 666/545/649 777/588/649 701/580/651
f 778/589/650 663/542/648 668/547/652
f 701/580/651 777/588/649 779/590/651
f 778/589/650 668/547/652 780/591/653
f 701/580/651 779/590/651 698/577/654
f 780/591/653 668/547/652 671/550/655
f 698/577/654 779/590/651 781/592/654
f 780/591/653 671/550/655 782/593/656
f 698/577/654 781/592/654 695/574/657
f 782/593/656 671/550/655 674/553/656
f 695/574/657 781/592/654 783/594/657
f 782/593/656 674/553/656 784/595/658
f 695/574/657 783/594/657 692/571/659
f 784/595/658 674/553/656 677/556/660
f 692/571/659 783/594/657 785/596/661
f 784/595/658 677/556/660 786/597/662
f 692/571/659 785/596/661 689/568/663
f 786/597/662 677/556/660 680/559/664
f 689/568/663 785/596/661 787/598/663
f 786/597/662 680/559/664 788/599/665
f 689/568/663 787/598/663 686/565/666
f 788/599/665 680/559/664 683/562/667
f 686/565/666 787/598/663 789/600/666
f 788/599/665 683/562/667 789/600/666
f 789/600/666 683/562/667 686/565/666
f 790/601/668 791/602/525 792/603/669
f 792/603/669 791/602/525 793/604/525
f 791/602/525 790/601/668 794/605/525
f 790/601/668 792/603/669 400/606/670
f 400/606/670 792/603/669 407/607/671
f 790/601/668 400/606/670 395/608/672
f 792/603/669 793/604/525 795/609/673
f 792/603/669 795/609/673 407/607/671
f 795/609/673 793/604/525 796/610/525
f 407/607/671 795/609/673 412/611/674
f 790/601/668 395/608/672 797/612/675
f 790/601/668 797/612/675 794/605/525
f 797/612/675 395/608/672 388/613/676
f 794/605/525 797/612/675 798/614/525
f 412/611/674 795/609/673 799/615/677
f 799/615/677 795/609/673 796/610/525
f 412/611/674 799/615/677 420/616/678
f 799/615/677 796/610/525 800/617/525
f 798/614/525 797/612/675 801/618/679
f 801/618/679 797/612/675 388/613/676
f 798/614/525 801/618/679 802/619/525
f 801/618/679 388/613/676 383/620/680
f 802/619/525 801/618/679 803/621/681
f 803/621/681 801/618/679 383/620/680
f 802/619/525 803/621/681 804/622/525
f 803/621/681 383/620/680 373/623/682
f 804/622/525 803/621/681 805/624/683
f 805/624/683 803/621/681 373/623/682
f 804/622/525 805/624/683 806/625/525
f 805/624/683 373/623/682 367/626/684
f 806/625/525 805/624/683 807/627/685
f 807/627/685 805/624/683 367/626/684
f 806/625/525 807/627/685 808/628/525
f 807/627/685 367/626/684 369/629/686
f 808/628/525 807/627/685 809/630/687
f 809/630/687 807/627/685 369/629/686
f 808/628/525 809/630/687 810/631/525
f 809/630/687 369/629/686 371/632/688
f 810/631/525 809/630/687 811/633/689
f 811/633/689 809/630/687 371/632/688
f 810/631/525 811/633/689 812/634/525
f 811/633/689 371/632/688 379/635/690
f 812/634/525 811/633/689 813/636/691
f 813/636/691 811/633/689 379/635/690
f 812/634/525 813/636/691 814/637/525
f 813/636/691 379/635/690 386/638/692
f 814/637/525 813/636/691 815/639/693
f 815/639/693 813/636/691 386/638/692
f 814/637/525 815/639/693 816/640/525
f 815/639/693 386/638/692 391/641/694
f 816/640/525 815/639/693 817/642/695
f 817/642/695 815/639/693 391/641/694
f 816/640/525 817/642/695 818/643/525
f 817/642/695 391/641/694 398/644/696
f 818/643/525 817/642/695 819/645/697
f 819/645/697 817/642/695 398/644/696
f 818/643/525 819/645/697 820/646/525
f 819/645/697 398/644/696 403/647/698
f 820/646/525 819/645/697 821/648/699
f 821/648/699 819/645/697 403/647/698
f 820/646/525 821/648/699 822/649/525
f 821/648/699 403/647/698 410/650/700
f 822/649/525 821/648/699 823/651/701
f 823/651/701 821/648/699 410/650/700
f 822/649/525 823/651/701 824/652/525
f 823/651/701 410/650/700 415/653/702
f 824/652/525 823/651/701 825/654/703
f 825/654/703 823/651/701 415/653/702
f 824/652/525 825/654/703 800/617/525
f 825/654/703 415/653/702 420/616/678
f 800/617/525 825/654/703 799/615/677
f 799/615/677 825/654/703 420/616/678
f 826/655/704 827/656/705 636/515/706
f 636/515/706 827/656/705 633/512/707
f 826/655/704 636/515/706 639/518/708
f 633/512/707 827/656/705 828/657/709
f 826/655/704 639/518/708 829/658/708
f 633/512/707 828/657/709 630/509/710
f 829/658/708 639/518/708 642/521/711
f 630/509/710 828/657/709 830/659/712
f 829/658/708 642/521/711 831/660/711
f 630/509/710 830/659/712 627/506/712
f 831/660/711 642/521/711 645/524/713
f 627/506/712 830/659/712 832/661/714
f 831/660/711 645/524/713 833/662/713
f 627/506/712 832/661/714 624/503/715
f 833/662/713 645/524/713 648/527/716
f 624/503/715 832/661/714 834/663/717
f 833/662/713 648/527/716 835/662/716
f 624/503/715 834/663/717 621/500/718
f 835/662/716 648/527/716 612/491/719
f 621/500/718 834/663/717 836/664/720
f 835/662/716 612/491/719 837/665/719
f 621/500/718 836/664/720 618/497/720
f 837/665/719 612/491/719 605/484/721
f 618/497/720 836/664/720 838/666/722
f 837/665/719 605/484/721 839/667/723
f 618/497/720 838/666/722 615/494/724
f 839/667/723 605/484/721 603/482/725
f 615/494/724 838/666/722 840/668/726
f 839/667/723 603/482/725 841/669/725
f 615/494/724 840/668/726 608/487/727
f 841/669/725 603/482/725 602/481/728
f 608/487/727 840/668/726 842/670/729
f 841/669/725 602/481/728 843/671/728
f 608/487/727 842/670/729 604/483/730
f 843/671/728 602/481/728 604/483/730
f 843/671/728 604/483/730 842/670/729
f 844/672/731 845/673/732 846/674/733
f 844/672/731 846/674/733 847/675/734
f 844/672/731 847/675/734 848/676/735
f 848/676/735 847/675/734 849/677/736
f 844/672/731 848/676/735 850/678/737
f 848/676/735 849/677/736 851/679/738
f 844/672/731 850/678/737 852/680/739
f 844/672/731 852/680/739 845/673/732
f 850/678/737 848/676/735 853/681/740
f 853/681/740 848/676/735 851/679/738
f 850/678/737 853/681/740 852/680/739
f 851/679/738 849/677/736 854/682/741
f 845/673/732 852/680/739 855/683/742
f 851/679/738 854/682/741 856/684/743
f 856/684/743 854/682/741 857/685/744
f 853/681/740 851/679/738 858/686/745
f 858/686/745 851/679/738 856/684/743
f 856/684/743 857/685/744 859/687/746
f 859/687/746 857/685/744 860/688/747
f 858/686/745 856/684/743 861/689/748
f 861/689/748 856/684/743 859/687/746
f 859/687/746 860/688/747 862/690/749
f 862/690/749 860/688/747 863/691/750
f 861/689/748 859/687/746 864/692/748
f 864/692/748 859/687/746 862/690/749
f 862/690/749 863/691/750 865/693/751
f 865/693/751 863/691/750 866/694/752
f 864/692/748 862/690/749 867/695/753
f 867/695/753 862/690/749 865/693/751
f 865/693/751 866/694/752 868/696/754
f 868/696/754 866/694/752 869/697/755
f 867/695/753 865/693/751 870/698/753
f 870/698/753 865/693/751 868/696/754
f 864/692/748 867/695/753 871/699/525
f 868/696/754 869/697/755 872/700/756
f 872/700/756 869/697/755 873/701/757
f 870/698/753 868/696/754 874/702/758
f 874/702/758 868/696/754 872/700/756
f 867/695/753 870/698/753 875/703/525
f 867/695/753 875/703/525 871/699/525
f 870/698/753 874/702/758 876/704/525
f 870/698/753 876/704/525 875/703/525
f 872/700/756 873/701/757 877/705/759
f 877/705/759 873/701/757 878/706/760
f 874/702/758 872/700/756 879/707/758
f 879/707/758 872/700/756 877/705/759
f 876/704/525 874/702/758 880/708/525
f 880/708/525 874/702/758 879/707/758
f 877/705/759 878/706/760 881/709/761
f 881/709/761 878/706/760 882/710/762
f 879/707/758 877/705/759 883/711/763
f 883/711/763 877/705/759 881/709/761
f 880/708/525 879/707/758 884/712/525
f 884/712/525 879/707/758 883/711/763
f 881/709/761 882/710/762 885/713/764
f 885/713/764 882/710/762 886/714/765
f 883/711/763 881/709/761 887/715/766
f 887/715/766 881/709/761 885/713/764
f 884/712/525 883/711/763 888/716/525
f 888/716/525 883/711/763 887/715/766
f 885/713/764 886/714/765 889/717/767
f 889/717/767 886/714/765 890/718/768
f 887/715/766 885/713/764 891/719/769
f 891/719/769 885/713/764 889/717/767
f 888/716/525 887/715/766 892/720/525
f 892/720/525 887/715/766 891/719/769
f 889/717/767 890/718/768 893/721/770
f 893/721/770 890/718/768 894/722/771
f 891/719/769 889/717/767 895/723/772
f 895/723/772 889/717/767 893/721/770
f 892/720/525 891/719/769 896/724/525
f 896/724/525 891/719/769 895/723/772
f 893/721/770 894/722/771 897/725/770
f 897/725/770 894/722/771 898/726/773
f 895/723/772 893/721/770 899/727/772
f 899/727/772 893/721/770 897/725/770
f 895/723/772 899/727/772 896/724/525
f 897/725/770 898/726/773 900/728/774
f 900/728/774 898/726/773 901/729/775
f 899/727/772 897/725/770 902/730/776
f 902/730/776 897/725/770 900/728/774
f 896/724/525 899/727/772 903/731/525
f 903/731/525 899/727/772 902/730/776
f 896/724/525 903/731/525 904/732/777
f 896/724/525 904/732/777 892/720/525
f 900/728/774 901/729/775 905/733/778
f 902/730/776 900/728/774 906/734/779
f 906/734/779 900/728/774 905/733/778
f 905/733/778 901/729/775 907/735/780
f 902/730/776 906/734/779 908/736/781
f 908/736/781 906/734/779 905/733/778
f 905/733/778 907/735/780 909/737/782
f 905/733/778 909/737/782 908/736/781
f 909/737/782 907/735/780 910/738/783
f 902/730/776 908/736/781 911/739/784
f 902/730/776 911/739/784 903/731/525
f 908/736/781 909/737/782 912/740/785
f 909/737/782 910/738/783 913/741/786
f 909/737/782 913/741/786 912/740/785
f 913/741/786 910/738/783 914/742/787
f 913/741/786 914/742/787 915/743/788
f 908/736/781 912/740/785 916/744/789
f 908/736/781 916/744/789 911/739/784
f 912/740/785 913/741/786 917/745/790
f 917/745/790 913/741/786 915/743/788
f 912/740/785 917/745/790 916/744/789
f 917/745/790 915/743/788 918/746/791
f 918/746/791 915/743/788 919/747/792
f 916/744/789 917/745/790 920/748/793
f 920/748/793 917/745/790 918/746/791
f 916/744/789 920/748/793 911/739/784
f 920/748/793 918/746/791 921/749/794
f 918/746/791 919/747/792 922/750/795
f 918/746/791 922/750/795 921/749/794
f 922/750/795 919/747/792 923/751/796
f 920/748/793 921/749/794 924/752/797
f 924/752/797 921/749/794 922/750/795
f 920/748/793 924/752/797 911/739/784
f 922/750/795 923/751/796 925/753/798
f 922/750/795 925/753/798 924/752/797
f 925/753/798 923/751/796 926/754/799
f 911/739/784 924/752/797 927/755/800
f 927/755/800 924/752/797 925/753/798
f 925/753/798 926/754/799 928/756/801
f 925/753/798 928/756/801 927/755/800
f 928/756/801 926/754/799 929/757/802
f 911/739/784 927/755/800 930/758/800
f 930/758/800 927/755/800 928/756/801
f 911/739/784 930/758/800 903/731/525
f 928/756/801 929/757/802 931/759/803
f 928/756/801 931/759/803 930/758/800
f 931/759/803 929/757/802 932/760/804
f 903/731/525 930/758/800 904/732/777
f 904/732/777 930/758/800 931/759/803
f 931/759/803 932/760/804 933/761/805
f 931/759/803 933/761/805 904/732/777
f 933/761/805 932/760/804 934/762/806
f 904/732/777 933/761/805 935/763/777
f 904/732/777 935/763/777 892/720/525
f 892/720/525 935/763/777 888/716/525
f 933/761/805 934/762/806 936/764/807
f 933/761/805 936/764/807 935/763/777
f 936/764/807 934/762/806 937/765/808
f 888/716/525 935/763/777 938/766/809
f 938/766/809 935/763/777 936/764/807
f 888/716/525 938/766/809 884/712/525
f 936/764/807 937/765/808 939/767/810
f 936/764/807 939/767/810 938/766/809
f 939/767/810 937/765/808 940/768/811
f 884/712/525 938/766/809 941/769/812
f 941/769/812 938/766/809 939/767/810
f 884/712/525 941/769/812 880/708/525
f 939/767/810 940/768/811 942/770/813
f 939/767/810 942/770/813 941/769/812
f 942/770/813 940/768/811 943/771/814
f 880/708/525 941/769/812 944/772/812
f 944/772/812 941/769/812 942/770/813
f 880/708/525 944/772/812 876/704/525
f 942/770/813 943/771/814 945/773/815
f 942/770/813 945/773/815 944/772/812
f 945/773/815 943/771/814 946/774/816
f 876/704/525 944/772/812 947/775/817
f 947/775/817 944/772/812 945/773/815
f 876/704/525 947/775/817 875/703/525
f 945/773/815 946/774/816 948/776/818
f 945/773/815 948/776/818 947/775/817
f 948/776/818 946/774/816 949/777/819
f 875/703/525 947/775/817 950/778/820
f 950/778/820 947/775/817 948/776/818
f 875/703/525 950/778/820 871/699/525
f 948/776/818 949/777/819 951/779/821
f 948/776/818 951/779/821 950/778/820
f 951/779/821 949/777/819 952/780/822
f 871/699/525 950/778/820 953/781/820
f 953/781/820 950/778/820 951/779/821
f 951/779/821 952/780/822 954/782/798
f 951/779/821 954/782/798 953/781/820
f 954/782/798 952/780/822 955/783/823
f 871/699/525 953/781/820 956/784/525
f 871/699/525 956/784/525 864/692/748
f 864/692/748 956/784/525 861/689/748
f 956/784/525 953/781/820 957/785/824
f 957/785/824 953/781/820 954/782/798
f 861/689/748 956/784/525 958/786/525
f 958/786/525 956/784/525 957/785/824
f 861/689/748 958/786/525 858/686/745
f 959/787/825 954/782/798 955/783/823
f 954/782/798 959/787/825 957/785/824
f 959/787/825 955/783/823 960/788/826
f 958/786/525 957/785/824 961/789/827
f 961/789/827 957/785/824 959/787/825
f 858/686/745 958/786/525 962/790/525
f 962/790/525 958/786/525 961/789/827
f 858/686/745 962/790/525 853/681/740
f 959/787/825 960/788/826 963/791/828
f 959/787/825 963/791/828 961/789/827
f 963/791/828 960/788/826 964/792/829
f 962/790/525 961/789/827 965/793/827
f 965/793/827 961/789/827 963/791/828
f 853/681/740 962/790/525 966/794/830
f 966/794/830 962/790/525 965/793/827
f 853/681/740 966/794/830 852/680/739
f 963/791/828 964/792/829 967/795/831
f 963/791/828 967/795/831 965/793/827
f 967/795/831 964/792/829 968/796/832
f 965/793/827 967/795/831 969/797/833
f 965/793/827 969/797/833 966/794/830
f 967/795/831 968/796/832 970/798/834
f 967/795/831 970/798/834 969/797/833
f 970/798/834 968/796/832 971/799/835
f 966/794/830 969/797/833 972/800/836
f 972/800/836 969/797/833 970/798/834
f 970/798/834 971/799/835 973/801/837
f 970/798/834 973/801/837 972/800/836
f 973/801/837 971/799/835 974/802/838
f 972/800/836 973/801/837 975/803/839
f 973/801/837 974/802/838 976/804/840
f 973/801/837 976/804/840 975/803/839
f 976/804/840 974/802/838 977/805/841
f 972/800/836 975/803/839 978/806/842
f 978/806/842 975/803/839 976/804/840
f 976/804/840 977/805/841 979/807/843
f 976/804/840 979/807/843 978/806/842
f 979/807/843 977/805/841 980/808/844
f 979/807/843 980/808/844 981/809/845
f 978/806/842 979/807/843 982/810/846
f 982/810/846 979/807/843 981/809/845
f 978/806/842 982/810/846 983/811/847
f 984/812/848 972/800/836 978/806/842
f 984/812/848 978/806/842 983/811/847
f 984/812/848 983/811/847 982/810/846
f 972/800/836 984/812/848 966/794/830
f 982/810/846 981/809/845 985/813/849
f 982/810/846 985/813/849 984/812/848
f 985/813/849 981/809/845 986/814/850
f 985/813/849 986/814/850 987/815/851
f 985/813/849 987/815/851 988/816/852
f 985/813/849 988/816/852 984/812/848
f 988/816/852 987/815/851 846/674/733
f 988/816/852 846/674/733 845/673/732
f 984/812/848 988/816/852 989/817/853
f 989/817/853 988/816/852 845/673/732
f 984/812/848 989/817/853 966/794/830
f 989/817/853 845/673/732 855/683/742
f 966/794/830 989/817/853 852/680/739
f 852/680/739 989/817/853 855/683/742
f 990/818/854 991/819/855 992/820/856
f 992/820/856 991/819/855 993/821/857
f 992/820/856 993/821/857 994/822/858
f 994/822/858 993/821/857 991/819/855
f 990/818/854 992/820/856 995/823/859
f 990/818/854 995/823/859 996/824/860
f 990/818/854 996/824/860 997/825/861
f 995/823/859 992/820/856 998/826/862
f 998/826/862 992/820/856 994/822/858
f 995/823/859 998/826/862 999/827/863
f 999/827/863 998/826/862 1000/828/864
f 990/818/854 997/825/861 1001/829/865
f 990/818/854 1001/829/865 991/819/855
f 1001/829/865 997/825/861 1002/830/866
f 1000/828/864 998/826/862 1003/831/867
f 1003/831/867 998/826/862 994/822/858
f 1000/828/864 1003/831/867 1004/832/868
f 991/819/855 1001/829/865 1005/833/869
f 1001/829/865 1002/830/866 1006/834/870
f 1001/829/865 1006/834/870 1005/833/869
f 1006/834/870 1002/830/866 1007/835/871
f 991/819/855 1005/833/869 1008/836/872
f 1008/836/872 1005/833/869 1006/834/870
f 991/819/855 1008/836/872 994/822/858
f 1006/834/870 1007/835/871 1009/837/873
f 1006/834/870 1009/837/873 1008/836/872
f 1009/837/873 1007/835/871 1010/838/874
f 1009/837/873 1010/838/874 1011/839/875
f 1011/839/875 1010/838/874 1012/840/876
f 1008/836/872 1009/837/873 1013/841/877
f 1013/841/877 1009/837/873 1011/839/875
f 1014/842/878 994/822/858 1008/836/872
f 1014/842/878 1008/836/872 1013/841/877
f 1011/839/875 1012/840/876 1015/843/879
f 1015/843/879 1012/840/876 1016/844/880
f 1013/841/877 1011/839/875 1017/845/881
f 1017/845/881 1011/839/875 1015/843/879
f 1013/841/877 1017/845/881 1014/842/878
f 1015/843/879 1016/844/880 1018/846/882
f 1018/846/882 1016/844/880 1019/847/883
f 1017/845/881 1015/843/879 1020/848/881
f 1020/848/881 1015/843/879 1018/846/882
f 1017/845/881 1020/848/881 1021/849/493
f 1017/845/881 1021/849/493 1014/842/878
f 1018/846/882 1019/847/883 1022/850/884
f 1022/850/884 1019/847/883 1023/851/885
f 1020/848/881 1018/846/882 1024/852/886
f 1024/852/886 1018/846/882 1022/850/884
f 1021/849/493 1020/848/881 1025/853/493
f 1025/853/493 1020/848/881 1024/852/886
f 1014/842/878 1021/849/493 1026/854/887
f 1022/850/884 1023/851/885 1027/855/888
f 1027/855/888 1023/851/885 1028/856/889
f 1024/852/886 1022/850/884 1029/857/890
f 1029/857/890 1022/850/884 1027/855/888
f 1025/853/493 1024/852/886 1030/858/493
f 1030/858/493 1024/852/886 1029/857/890
f 1031/859/891 1021/849/493 1025/853/493
f 1021/849/493 1031/859/891 1026/854/887
f 1025/853/493 1030/858/493 1032/860/892
f 1025/853/493 1032/860/892 1031/859/891
f 1030/858/493 1029/857/890 1033/861/493
f 1034/862/890 1029/857/890 1027/855/888
f 1029/857/890 1034/862/890 1033/861/493
f 1035/863/893 1027/855/888 1028/856/889
f 1027/855/888 1035/863/893 1034/862/890
f 1035/863/893 1028/856/889 1036/864/894
f 1037/865/892 1032/860/892 1030/858/493
f 1037/865/892 1030/858/493 1033/861/493
f 1035/863/893 1036/864/894 1038/866/895
f 1038/866/895 1036/864/894 1039/867/896
f 1034/862/890 1035/863/893 1040/868/897
f 1040/868/897 1035/863/893 1038/866/895
f 1041/869/493 1033/861/493 1034/862/890
f 1041/869/493 1034/862/890 1040/868/897
f 1037/865/892 1033/861/493 1042/870/898
f 1042/870/898 1033/861/493 1041/869/493
f 1038/866/895 1039/867/896 1043/871/899
f 1043/871/899 1039/867/896 1044/872/900
f 1040/868/897 1038/866/895 1045/873/901
f 1045/873/901 1038/866/895 1043/871/899
f 1041/869/493 1040/868/897 1046/874/493
f 1046/874/493 1040/868/897 1045/873/901
f 1042/870/898 1041/869/493 1047/875/898
f 1047/875/898 1041/869/493 1046/874/493
f 1043/871/899 1044/872/900 1048/876/902
f 1048/876/902 1044/872/900 1049/877/903
f 1045/873/901 1043/871/899 1050/878/901
f 1050/878/901 1043/871/899 1048/876/902
f 1046/874/493 1045/873/901 1051/879/493
f 1051/879/493 1045/873/901 1050/878/901
f 1047/875/898 1046/874/493 1052/880/904
f 1052/880/904 1046/874/493 1051/879/493
f 1048/876/902 1049/877/903 1053/881/905
f 1053/881/905 1049/877/903 1054/882/906
f 1050/878/901 1048/876/902 1055/883/907
f 1055/883/907 1048/876/902 1053/881/905
f 1051/879/493 1050/878/901 1056/884/493
f 1056/884/493 1050/878/901 1055/883/907
f 1052/880/904 1051/879/493 1057/885/904
f 1057/885/904 1051/879/493 1056/884/493
f 791/602/908 1058/886/909 793/604/910
f 793/604/910 1058/886/909 1059/887/910
f 1058/886/909 791/602/908 1060/888/911
f 793/604/910 1059/887/910 796/610/912
f 1060/888/911 791/602/908 794/605/911
f 796/610/912 1059/887/910 1061/889/912
f 1060/888/911 794/605/911 1062/890/913
f 796/610/912 1061/889/912 800/617/914
f 1062/890/913 794/605/911 798/614/913
f 800/617/914 1061/889/912 1063/891/914
f 1062/890/913 798/614/913 1064/890/915
f 800/617/914 1063/891/914 824/652/916
f 1064/890/915 798/614/913 802/619/915
f 824/652/916 1063/891/914 1065/892/917
f 1064/890/915 802/619/915 1066/893/918
f 824/652/916 1065/892/917 822/649/919
f 1066/893/918 802/619/915 804/622/918
f 822/649/919 1065/892/917 1067/894/920
f 1066/893/918 804/622/918 1068/895/921
f 822/649/919 1067/894/920 820/646/922
f 1068/895/921 804/622/918 806/625/921
f 820/646/922 1067/894/920 1069/896/923
f 1068/895/921 806/625/921 1070/897/924
f 820/646/922 1069/896/923 818/643/925
f 1070/897/924 806/625/921 808/628/924
f 818/643/925 1069/896/923 1071/896/925
f 1070/897/924 808/628/924 1072/898/926
f 818/643/925 1071/896/925 816/640/927
f 1072/898/926 808/628/924 810/631/928
f 816/640/927 1071/896/925 1073/899/929
f 1072/898/926 810/631/928 1074/900/930
f 816/640/927 1073/899/929 814/637/931
f 1074/900/930 810/631/928 812/634/932
f 814/637/931 1073/899/929 1075/899/931
f 1074/900/930 812/634/932 1075/899/931
f 1075/899/931 812/634/932 814/637/931
f 833/662/493 835/662/493 831/660/493
f 831/660/493 835/662/493 839/667/493
f 839/667/493 835/662/493 837/665/493
f 841/669/493 843/671/493 839/667/493
f 839/667/493 843/671/493 840/668/493
f 840/668/493 843/671/493 842/670/493
f 839/667/493 840/668/493 836/664/493
f 839/667/493 836/664/493 831/660/493
f 836/664/493 840/668/493 838/666/493
f 831/660/493 836/664/493 828/657/493
f 831/660/493 828/657/493 826/655/493
f 826/655/493 828/657/493 827/656/493
f 828/657/493 836/664/493 832/661/493
f 832/661/493 836/664/493 834/663/493
f 828/657/493 832/661/493 830/659/493
f 829/658/493 831/660/493 826/655/493
f 783/594/525 781/592/525 785/596/525
f 779/590/525 777/588/525 781/592/525
f 781/592/525 777/588/525 785/596/525
f 787/598/525 785/596/525 789/600/525
f 789/600/525 785/596/525 786/597/525
f 789/600/525 786/597/525 788/599/525
f 786/597/525 785/596/525 782/593/525
f 782/593/525 785/596/525 777/588/525
f 786/597/525 782/593/525 784/595/525
f 782/593/525 777/588/525 774/585/525
f 774/585/525 777/588/525 773/584/525
f 774/585/525 773/584/525 772/583/525
f 782/593/525 774/585/525 778/589/525
f 778/589/525 774/585/525 776/587/525
f 782/593/525 778/589/525 780/591/525
f 775/586/525 773/584/525 777/588/525
f 1076/142/933 1077/144/934 1078/143/935
f 1077/144/934 1076/142/933 366/147/290
f 1077/144/934 366/147/290 365/148/289
f 366/147/290 1076/142/933 8/146/936
f 8/146/936 1076/142/933 6/145/937
f 366/147/290 8/146/936 10/149/287
f 6/145/937 1076/142/933 1079/901/938
f 1079/901/938 1076/142/933 1078/143/935
f 6/145/937 1079/901/938 3/902/939
f 3/902/939 1079/901/938 1/903/940
f 1079/901/938 1078/143/935 1080/904/941
f 1079/901/938 1080/904/941 1/903/940
f 1080/904/941 1078/143/935 1081/905/942
f 1/903/940 1080/904/941 1082/906/943
f 1080/904/941 1081/905/942 1083/907/944
f 1080/904/941 1083/907/944 1082/906/943
f 1083/907/944 1081/905/942 1084/908/945
f 1082/906/943 1083/907/944 1085/909/946
f 1083/907/944 1084/908/945 1086/910/947
f 1083/907/944 1086/910/947 1085/909/946
f 1086/910/947 1084/908/945 1087/911/948
f 1086/910/947 1087/911/948 1088/912/949
f 1085/909/946 1086/910/947 1089/913/950
f 1089/913/950 1086/910/947 1088/912/949
f 1085/909/946 1089/913/950 1090/914/951
f 1089/913/950 1088/912/949 1091/915/952
f 1090/914/951 1089/913/950 1092/916/953
f 1092/916/953 1089/913/950 1091/915/952
f 1090/914/951 1092/916/953 1093/917/954
f 1092/916/953 1091/915/952 1094/918/955
f 1093/917/954 1092/916/953 1095/919/956
f 1095/919/956 1092/916/953 1094/918/955
f 1093/917/954 1095/919/956 1096/920/957
f 1095/919/956 1094/918/955 1097/921/958
f 1096/920/957 1095/919/956 1098/922/959
f 1098/922/959 1095/919/956 1097/921/958
f 1096/920/957 1098/922/959 1099/923/960
f 1098/922/959 1097/921/958 1100/924/961
f 1099/923/960 1098/922/959 1101/925/962
f 1101/925/962 1098/922/959 1100/924/961
f 1099/923/960 1101/925/962 1102/926/963
f 1102/926/963 1101/925/962 1103/927/964
f 1101/925/962 1100/924/961 1104/928/965
f 1101/925/962 1104/928/965 1103/927/964
f 1104/928/965 1100/924/961 1105/929/966
f 1103/927/964 1104/928/965 1106/930/967
f 1104/928/965 1105/929/966 1107/931/968
f 1104/928/965 1107/931/968 1106/930/967
f 1107/931/968 1105/929/966 1108/932/969
f 1106/930/967 1107/931/968 1109/933/970
f 1107/931/968 1108/932/969 1110/934/971
f 1107/931/968 1110/934/971 1109/933/970
f 1110/934/971 1108/932/969 1111/935/972
f 1109/933/970 1110/934/971 1112/936/973
f 1110/934/971 1111/935/972 1113/937/974
f 1110/934/971 1113/937/974 1112/936/973
f 1113/937/974 1111/935/972 1114/938/975
f 1112/936/973 1113/937/974 1115/939/976
f 1113/937/974 1114/938/975 1116/940/977
f 1113/937/974 1116/940/977 1115/939/976
f 1116/940/977 1114/938/975 1117/941/978
f 1115/939/976 1116/940/977 1118/942/979
f 1116/940/977 1117/941/978 1119/943/980
f 1116/940/977 1119/943/980 1118/942/979
f 1119/943/980 1117/941/978 1120/944/981
f 1118/942/979 1119/943/980 1121/945/982
f 1119/943/980 1120/944/981 1122/946/983
f 1119/943/980 1122/946/983 1121/945/982
f 1122/946/983 1120/944/981 1123/947/984
f 1121/945/982 1122/946/983 1124/948/985
f 1122/946/983 1123/947/984 1125/949/986
f 1122/946/983 1125/949/986 1124/948/985
f 1125/949/986 1123/947/984 1126/950/987
f 1124/948/985 1125/949/986 1127/951/988
f 1125/949/986 1126/950/987 1128/952/989
f 1125/949/986 1128/952/989 1127/951/988
f 1128/952/989 1126/950/987 1129/953/481
f 1127/951/988 1128/952/989 1130/954/990
f 1128/952/989 1129/953/481 1131/955/991
f 1128/952/989 1131/955/991 1130/954/990
f 1131/955/991 1129/953/481 1132/956/992
f 1130/954/990 1131/955/991 1133/957/993
f 1131/955/991 1132/956/992 1134/958/994
f 1131/955/991 1134/958/994 1133/957/993
f 1134/958/994 1132/956/992 1135/959/995
f 1133/957/993 1134/958/994 1136/960/996
f 1134/958/994 1135/959/995 1137/961/997
f 1134/958/994 1137/961/997 1136/960/996
f 1137/961/997 1135/959/995 1138/962/998
f 1136/960/996 1137/961/997 1139/963/999
f 1137/961/997 1138/962/998 1140/964/1000
f 1137/961/997 1140/964/1000 1139/963/999
f 1140/964/1000 1138/962/998 1141/965/1001
f 1139/963/999 1140/964/1000 1142/966/1002
f 1140/964/1000 1141/965/1001 1143/967/1003
f 1140/964/1000 1143/967/1003 1142/966/1002
f 1143/967/1003 1141/965/1001 1144/968/1004
f 1142/966/1002 1143/967/1003 1145/969/1005
f 1143/967/1003 1144/968/1004 1146/970/1006
f 1143/967/1003 1146/970/1006 1145/969/1005
f 1146/970/1006 1144/968/1004 1147/971/1007
f 1145/969/1005 1146/970/1006 525/389/406
f 1146/970/1006 1147/971/1007 1148/972/1008
f 1146/970/1006 1148/972/1008 525/389/406
f 1148/972/1008 1147/971/1007 527/391/408
f 525/389/406 1148/972/1008 523/387/404
f 523/387/404 1148/972/1008 527/391/408
f 1149/973/1009 1053/881/905 1054/882/906
f 1149/973/1009 1054/882/906 1150/974/1010
f 1151/975/1011 1055/883/907 1053/881/905
f 1151/975/1011 1053/881/905 1149/973/1009
f 1152/976/493 1056/884/493 1055/883/907
f 1152/976/493 1055/883/907 1151/975/1011
f 1153/977/1012 1057/885/904 1056/884/493
f 1153/977/1012 1056/884/493 1152/976/493
f 1154/978/1013 1149/973/1009 1150/974/1010
f 1154/978/1013 1150/974/1010 1155/979/1014
f 1156/980/1011 1151/975/1011 1149/973/1009
f 1156/980/1011 1149/973/1009 1154/978/1013
f 1157/981/493 1152/976/493 1151/975/1011
f 1157/981/493 1151/975/1011 1156/980/1011
f 1158/982/1015 1153/977/1012 1152/976/493
f 1158/982/1015 1152/976/493 1157/981/493
f 1159/983/1016 1154/978/1013 1155/979/1014
f 1159/983/1016 1155/979/1014 1160/984/1017
f 1161/985/1018 1156/980/1011 1154/978/1013
f 1161/985/1018 1154/978/1013 1159/983/1016
f 1162/986/493 1157/981/493 1156/980/1011
f 1156/980/1011 1161/985/1018 1163/987/493
f 1156/980/1011 1163/987/493 1162/986/493
f 1159/983/1016 1160/984/1017 1164/988/884
f 1164/988/884 1160/984/1017 1165/989/1019
f 1161/985/1018 1159/983/1016 1166/990/1018
f 1166/990/1018 1159/983/1016 1164/988/884
f 1163/987/493 1161/985/1018 1167/991/1020
f 1167/991/1020 1161/985/1018 1166/990/1018
f 1164/988/884 1165/989/1019 1168/992/1021
f 1168/992/1021 1165/989/1019 1169/993/1022
f 1166/990/1018 1164/988/884 1170/994/1023
f 1170/994/1023 1164/988/884 1168/992/1021
f 1166/990/1018 1170/994/1023 1167/991/1020
f 1170/994/1023 1168/992/1021 1171/995/1024
f 1168/992/1021 1169/993/1022 1172/996/1025
f 1168/992/1021 1172/996/1025 1171/995/1024
f 1172/996/1025 1169/993/1022 1173/997/1026
f 1170/994/1023 1171/995/1024 1174/998/1027
f 1174/998/1027 1171/995/1024 1172/996/1025
f 1170/994/1023 1174/998/1027 1167/991/1020
f 1172/996/1025 1173/997/1026 1175/999/1028
f 1172/996/1025 1175/999/1028 1174/998/1027
f 1175/999/1028 1173/997/1026 1176/1000/1029
f 1176/1000/1029 1173/997/1026 1177/1001/1030
f 1176/1000/1029 1177/1001/1030 1178/1002/1031
f 1174/998/1027 1175/999/1028 1179/1003/1032
f 1174/998/1027 1179/1003/1032 1167/991/1020
f 1175/999/1028 1176/1000/1029 1180/1004/1033
f 1175/999/1028 1180/1004/1033 1179/1003/1032
f 1176/1000/1029 1178/1002/1031 1181/1005/1034
f 1176/1000/1029 1181/1005/1034 1180/1004/1033
f 1181/1005/1034 1178/1002/1031 1182/1006/1035
f 1179/1003/1032 1180/1004/1033 1183/1007/1036
f 1183/1007/1036 1180/1004/1033 1181/1005/1034
f 1179/1003/1032 1183/1007/1036 1167/991/1020
f 1181/1005/1034 1182/1006/1035 1184/1008/1037
f 1181/1005/1034 1184/1008/1037 1183/1007/1036
f 1184/1008/1037 1182/1006/1035 1185/1009/1038
f 1167/991/1020 1183/1007/1036 1186/1010/1039
f 1183/1007/1036 1184/1008/1037 1187/1011/1040
f 1183/1007/1036 1187/1011/1040 1186/1010/1039
f 1167/991/1020 1186/1010/1039 1163/987/493
f 1187/1011/1040 1184/1008/1037 1188/1012/1041
f 1188/1012/1041 1184/1008/1037 1185/1009/1038
f 1187/1011/1040 1188/1012/1041 1186/1010/1039
f 1188/1012/1041 1185/1009/1038 1189/1013/1042
f 1188/1012/1041 1189/1013/1042 1190/1014/1043
f 1188/1012/1041 1190/1014/1043 1186/1010/1039
f 1190/1014/1043 1189/1013/1042 1191/1015/1044
f 1192/1016/1045 1163/987/493 1186/1010/1039
f 1192/1016/1045 1186/1010/1039 1190/1014/1043
f 1163/987/493 1192/1016/1045 1162/986/493
f 1190/1014/1043 1191/1015/1044 1193/1017/1043
f 1190/1014/1043 1193/1017/1043 1192/1016/1045
f 1193/1017/1043 1191/1015/1044 1194/1018/1046
f 1162/986/493 1192/1016/1045 1195/1019/1045
f 1195/1019/1045 1192/1016/1045 1193/1017/1043
f 1193/1017/1043 1194/1018/1046 1196/1020/1047
f 1193/1017/1043 1196/1020/1047 1195/1019/1045
f 1196/1020/1047 1194/1018/1046 1197/1021/1048
f 1162/986/493 1195/1019/1045 1198/1022/1049
f 1198/1022/1049 1195/1019/1045 1196/1020/1047
f 1162/986/493 1198/1022/1049 1157/981/493
f 1157/981/493 1198/1022/1049 1158/982/1015
f 1198/1022/1049 1196/1020/1047 1199/1023/1050
f 1199/1023/1050 1196/1020/1047 1197/1021/1048
f 1198/1022/1049 1199/1023/1050 1158/982/1015
f 1199/1023/1050 1197/1021/1048 1200/1024/1051
f 1158/982/1015 1199/1023/1050 1201/1025/1052
f 1201/1025/1052 1199/1023/1050 1200/1024/1051
f 1158/982/1015 1201/1025/1052 1153/977/1012
f 1201/1025/1052 1200/1024/1051 1202/1026/1053
f 1153/977/1012 1201/1025/1052 1203/1027/1054
f 1203/1027/1054 1201/1025/1052 1202/1026/1053
f 1153/977/1012 1203/1027/1054 1057/885/904
f 1203/1027/1054 1202/1026/1053 1204/1028/1055
f 1057/885/904 1203/1027/1054 1205/1029/1056
f 1205/1029/1056 1203/1027/1054 1204/1028/1055
f 1057/885/904 1205/1029/1056 1052/880/904
f 1205/1029/1056 1204/1028/1055 1206/1030/1057
f 1052/880/904 1205/1029/1056 1207/1031/1058
f 1207/1031/1058 1205/1029/1056 1206/1030/1057
f 1052/880/904 1207/1031/1058 1047/875/898
f 1207/1031/1058 1206/1030/1057 1208/1032/1059
f 1047/875/898 1207/1031/1058 1209/1033/1060
f 1209/1033/1060 1207/1031/1058 1208/1032/1059
f 1047/875/898 1209/1033/1060 1042/870/898
f 1209/1033/1060 1208/1032/1059 1210/1034/1061
f 1042/870/898 1209/1033/1060 1211/1035/1062
f 1211/1035/1062 1209/1033/1060 1210/1034/1061
f 1042/870/898 1211/1035/1062 1037/865/892
f 1211/1035/1062 1210/1034/1061 1212/1036/1063
f 1037/865/892 1211/1035/1062 1213/1037/1064
f 1213/1037/1064 1211/1035/1062 1212/1036/1063
f 1037/865/892 1213/1037/1064 1032/860/892
f 1213/1037/1064 1212/1036/1063 1214/1038/1065
f 1032/860/892 1213/1037/1064 1215/1039/1066
f 1215/1039/1066 1213/1037/1064 1214/1038/1065
f 1032/860/892 1215/1039/1066 1031/859/891
f 1215/1039/1066 1214/1038/1065 1216/1040/1067
f 1031/859/891 1215/1039/1066 1217/1041/1068
f 1217/1041/1068 1215/1039/1066 1216/1040/1067
f 1217/1041/1068 1216/1040/1067 1218/1042/1069
f 1031/859/891 1217/1041/1068 1026/854/887
f 1217/1041/1068 1218/1042/1069 1219/1043/1070
f 1217/1041/1068 1219/1043/1070 1026/854/887
f 1219/1043/1070 1218/1042/1069 1220/1044/1071
f 1026/854/887 1219/1043/1070 1221/1045/1072
f 1219/1043/1070 1220/1044/1071 1222/1046/1073
f 1219/1043/1070 1222/1046/1073 1221/1045/1072
f 1222/1046/1073 1220/1044/1071 1004/832/868
f 1026/854/887 1221/1045/1072 1223/1047/1074
f 1223/1047/1074 1221/1045/1072 1222/1046/1073
f 1026/854/887 1223/1047/1074 1014/842/878
f 1222/1046/1073 1004/832/868 1224/1048/1075
f 1222/1046/1073 1224/1048/1075 1223/1047/1074
f 1224/1048/1075 1004/832/868 1003/831/867
f 1223/1047/1074 1224/1048/1075 1225/1049/1076
f 1014/842/878 1223/1047/1074 1226/1050/1077
f 1226/1050/1077 1223/1047/1074 1225/1049/1076
f 1226/1050/1077 1225/1049/1076 1224/1048/1075
f 1226/1050/1077 1224/1048/1075 1003/831/867
f 1014/842/878 1226/1050/1077 994/822/858
f 994/822/858 1226/1050/1077 1003/831/867
f 392/1051/1078 385/1052/1079 1227/1053/1080
f 1227/1053/1080 385/1052/1079 1228/1054/1081
f 1228/1054/1081 385/1052/1079 380/1055/1082
f 392/1051/1078 1227/1053/1080 1229/1056/1083
f 1227/1053/1080 1228/1054/1081 1230/1057/493
f 1227/1053/1080 1230/1057/493 1231/1058/493
f 1227/1053/1080 1231/1058/493 1229/1056/1083
f 1230/1057/493 1228/1054/1081 1232/1059/493
f 1229/1056/1083 1231/1058/493 1233/1060/493
f 392/1051/1078 1229/1056/1083 397/1061/1084
f 1232/1059/493 1228/1054/1081 1234/1062/1085
f 1234/1062/1085 1228/1054/1081 380/1055/1082
f 1232/1059/493 1234/1062/1085 1235/1063/493
f 1234/1062/1085 380/1055/1082 376/1064/1086
f 397/1061/1084 1229/1056/1083 1236/1065/1087
f 1236/1065/1087 1229/1056/1083 1233/1060/493
f 397/1061/1084 1236/1065/1087 404/1066/1088
f 1236/1065/1087 1233/1060/493 1237/1067/493
f 1234/1062/1085 376/1064/1086 1238/1068/1089
f 1234/1062/1085 1238/1068/1089 1235/1063/493
f 1238/1068/1089 376/1064/1086 374/1069/1090
f 1235/1063/493 1238/1068/1089 1239/1070/493
f 1238/1068/1089 374/1069/1090 1240/1071/1091
f 1238/1068/1089 1240/1071/1091 1239/1070/493
f 1240/1071/1091 374/1069/1090 375/1072/1092
f 1239/1070/493 1240/1071/1091 1241/1073/493
f 1240/1071/1091 375/1072/1092 1242/1074/1093
f 1240/1071/1091 1242/1074/1093 1241/1073/493
f 1242/1074/1093 375/1072/1092 377/1075/1094
f 1241/1073/493 1242/1074/1093 1243/1076/493
f 1242/1074/1093 377/1075/1094 1244/1077/1095
f 1242/1074/1093 1244/1077/1095 1243/1076/493
f 1244/1077/1095 377/1075/1094 382/1078/1096
f 1243/1076/493 1244/1077/1095 1245/1079/493
f 1244/1077/1095 382/1078/1096 1246/1080/1097
f 1244/1077/1095 1246/1080/1097 1245/1079/493
f 1246/1080/1097 382/1078/1096 389/1081/1098
f 1245/1079/493 1246/1080/1097 1247/1082/493
f 1246/1080/1097 389/1081/1098 1248/1083/1099
f 1246/1080/1097 1248/1083/1099 1247/1082/493
f 1248/1083/1099 389/1081/1098 394/1084/1100
f 1247/1082/493 1248/1083/1099 1249/1085/493
f 1248/1083/1099 394/1084/1100 1250/1086/1101
f 1248/1083/1099 1250/1086/1101 1249/1085/493
f 1250/1086/1101 394/1084/1100 401/1087/1102
f 1249/1085/493 1250/1086/1101 1251/1088/493
f 1250/1086/1101 401/1087/1102 1252/1089/1103
f 1250/1086/1101 1252/1089/1103 1251/1088/493
f 1252/1089/1103 401/1087/1102 406/1090/1104
f 1251/1088/493 1252/1089/1103 1253/1091/493
f 1252/1089/1103 406/1090/1104 1254/1092/1105
f 1252/1089/1103 1254/1092/1105 1253/1091/493
f 1254/1092/1105 406/1090/1104 413/1093/1106
f 1253/1091/493 1254/1092/1105 1255/1094/493
f 1254/1092/1105 413/1093/1106 1256/1095/1107
f 1254/1092/1105 1256/1095/1107 1255/1094/493
f 1256/1095/1107 413/1093/1106 419/1096/1108
f 1255/1094/493 1256/1095/1107 1257/1097/493
f 1256/1095/1107 419/1096/1108 1258/1098/1109
f 1256/1095/1107 1258/1098/1109 1257/1097/493
f 1258/1098/1109 419/1096/1108 416/1099/1110
f 1257/1097/493 1258/1098/1109 1259/1100/493
f 1258/1098/1109 416/1099/1110 1260/1101/1111
f 1258/1098/1109 1260/1101/1111 1259/1100/493
f 1260/1101/1111 416/1099/1110 409/1102/1112
f 1259/1100/493 1260/1101/1111 1261/1103/493
f 1260/1101/1111 409/1102/1112 1262/1104/1113
f 1260/1101/1111 1262/1104/1113 1261/1103/493
f 1262/1104/1113 409/1102/1112 404/1066/1088
f 1261/1103/493 1262/1104/1113 1237/1067/493
f 1262/1104/1113 404/1066/1088 1236/1065/1087
f 1262/1104/1113 1236/1065/1087 1237/1067/493
f 1263/1105/1114 1264/1106/1115 1253/1091/1114
f 1253/1091/1114 1264/1106/1115 1251/1088/1116
f 1263/1105/1114 1253/1091/1114 1255/1094/1117
f 1251/1088/1116 1264/1106/1115 1265/1107/1118
f 1263/1105/1114 1255/1094/1117 1266/1108/1117
f 1251/1088/1116 1265/1107/1118 1249/1085/1118
f 1266/1108/1117 1255/1094/1117 1257/1097/1119
f 1249/1085/1118 1265/1107/1118 1267/1109/1120
f 1266/1108/1117 1257/1097/1119 1268/1110/1119
f 1249/1085/1118 1267/1109/1120 1247/1082/1120
f 1268/1110/1119 1257/1097/1119 1259/1100/1121
f 1247/1082/1120 1267/1109/1120 1269/1109/1122
f 1268/1110/1119 1259/1100/1121 1270/1111/1123
f 1247/1082/1120 1269/1109/1122 1245/1079/1122
f 1270/1111/1123 1259/1100/1121 1261/1103/1124
f 1245/1079/1122 1269/1109/1122 1271/1112/1125
f 1270/1111/1123 1261/1103/1124 1272/1113/1126
f 1245/1079/1122 1271/1112/1125 1243/1076/1125
f 1272/1113/1126 1261/1103/1124 1237/1067/1127
f 1243/1076/1125 1271/1112/1125 1273/1114/1128
f 1272/1113/1126 1237/1067/1127 1274/1115/1129
f 1243/1076/1125 1273/1114/1128 1241/1073/1128
f 1274/1115/1129 1237/1067/1127 1233/1060/1130
f 1241/1073/1128 1273/1114/1128 1275/1116/1131
f 1274/1115/1129 1233/1060/1130 1276/1117/1130
f 1241/1073/1128 1275/1116/1131 1239/1070/1131
f 1276/1117/1130 1233/1060/1130 1231/1058/1132
f 1239/1070/1131 1275/1116/1131 1277/1118/1133
f 1276/1117/1130 1231/1058/1132 1278/1115/1134
f 1239/1070/1131 1277/1118/1133 1235/1063/1135
f 1278/1115/1134 1231/1058/1132 1230/1057/1136
f 1235/1063/1135 1277/1118/1133 1279/1119/1137
f 1278/1115/1134 1230/1057/1136 1280/1120/1136
f 1235/1063/1135 1279/1119/1137 1232/1059/1138
f 1280/1120/1136 1230/1057/1136 1232/1059/1138
f 1280/1120/1136 1232/1059/1138 1279/1119/1137
f 1069/896/525 1067/894/525 1071/896/525
f 1065/892/525 1063/891/525 1067/894/525
f 1067/894/525 1063/891/525 1071/896/525
f 1061/889/525 1059/887/525 1063/891/525
f 1063/891/525 1059/887/525 1060/888/525
f 1060/888/525 1059/887/525 1058/886/525
f 1071/896/525 1063/891/525 1068/895/525
f 1068/895/525 1063/891/525 1060/888/525
f 1068/895/525 1060/888/525 1064/890/525
f 1064/890/525 1060/888/525 1062/890/525
f 1068/895/525 1064/890/525 1066/893/525
f 1071/896/525 1068/895/525 1072/898/525
f 1072/898/525 1068/895/525 1070/897/525
f 1071/896/525 1072/898/525 1075/899/525
f 1075/899/525 1072/898/525 1074/900/525
f 1071/896/525 1075/899/525 1073/899/525
f 490/1121/1139 493/1122/1140 1281/1123/1139
f 1281/1123/1139 493/1122/1140 1282/1124/1140
f 490/1121/1139 1281/1123/1139 1283/1125/1141
f 1282/1124/1140 493/1122/1140 496/1126/1142
f 490/1121/1139 1283/1125/1141 487/1127/1141
f 1282/1124/1140 496/1126/1142 1284/1128/1142
f 487/1127/1141 1283/1125/1141 1285/1129/299
f 1284/1128/1142 496/1126/1142 497/1130/1143
f 487/1127/1141 1285/1129/299 484/1131/299
f 1284/1128/1142 497/1130/1143 1286/1132/1143
f 484/1131/299 1285/1129/299 481/1133/1144
f 1286/1132/1143 497/1130/1143 500/1134/1145
f 481/1133/1144 1285/1129/299 1287/1135/1144
f 1286/1132/1143 500/1134/1145 1288/1136/1145
f 481/1133/1144 1287/1135/1144 478/1137/1146
f 1288/1136/1145 500/1134/1145 1289/1138/1147
f 478/1137/1146 1287/1135/1144 1290/1139/1146
f 1289/1138/1147 500/1134/1145 503/1140/1147
f 478/1137/1146 1290/1139/1146 475/1141/37
f 1289/1138/1147 503/1140/1147 1291/1142/1148
f 475/1141/37 1290/1139/1146 1292/1143/37
f 1291/1142/1148 503/1140/1147 506/1144/1148
f 475/1141/37 1292/1143/37 470/1145/1149
f 1291/1142/1148 506/1144/1148 509/1146/1150
f 470/1145/1149 1292/1143/37 1293/1147/1149
f 1291/1142/1148 509/1146/1150 1294/1148/1150
f 470/1145/1149 1293/1147/1149 467/1149/1149
f 1294/1148/1150 509/1146/1150 512/1150/1151
f 467/1149/1149 1293/1147/1149 1295/1151/1149
f 1294/1148/1150 512/1150/1151 1296/1152/1151
f 1296/1152/1151 512/1150/1151 96/1153/1152
f 1296/1152/1151 96/1153/1152 95/1154/1152
f 467/1149/1149 1295/1151/1149 1297/1155/1149
f 467/1149/1149 1297/1155/1149 464/1156/1149
f 464/1156/1149 1297/1155/1149 1298/1157/1153
f 464/1156/1149 1298/1157/1153 461/1158/1153
f 461/1158/1153 1298/1157/1153 458/1159/1154
f 458/1159/1154 1298/1157/1153 1299/1160/1154
f 458/1159/1154 1299/1160/1154 455/1161/1155
f 455/1161/1155 1299/1160/1154 1300/1162/1155
f 455/1161/1155 1300/1162/1155 452/1163/1156
f 1118/1164/302 1121/1165/1157 1301/1166/302
f 1301/1166/302 1121/1165/1157 1302/1167/1157
f 1118/1164/302 1301/1166/302 1303/1168/1158
f 1302/1167/1157 1121/1165/1157 1304/1169/1159
f 1118/1164/302 1303/1168/1158 1115/1170/1158
f 1304/1169/1159 1121/1165/1157 1124/1171/1159
f 1115/1170/1158 1303/1168/1158 1112/1172/15
f 1304/1169/1159 1124/1171/1159 1305/1173/1160
f 1112/1172/15 1303/1168/1158 1306/1174/15
f 1305/1173/1160 1124/1171/1159 1127/1175/1160
f 1112/1172/15 1306/1174/15 1109/1176/1161
f 1305/1173/1160 1127/1175/1160 1307/1177/1162
f 1109/1176/1161 1306/1174/15 1308/1178/1161
f 1307/1177/1162 1127/1175/1160 1130/1179/1162
f 1109/1176/1161 1308/1178/1161 1309/1180/1163
f 1307/1177/1162 1130/1179/1162 1310/1181/1164
f 1109/1176/1161 1309/1180/1163 1106/1182/1163
f 1310/1181/1164 1130/1179/1162 1133/1183/1164
f 1106/1182/1163 1309/1180/1163 1311/1184/1165
f 1310/1181/1164 1133/1183/1164 1136/1185/1166
f 1106/1182/1163 1311/1184/1165 1103/1186/1165
f 1310/1181/1164 1136/1185/1166 1312/1187/1166
f 1103/1186/1165 1311/1184/1165 1102/1188/1167
f 1312/1187/1166 1136/1185/1166 1139/1189/1168
f 1102/1188/1167 1311/1184/1165 1313/1190/1167
f 1312/1187/1166 1139/1189/1168 1314/1191/1168
f 1102/1188/1167 1313/1190/1167 1315/1192/1169
f 1314/1191/1168 1139/1189/1168 1316/1193/1170
f 1102/1188/1167 1315/1192/1169 1099/1194/1169
f 1316/1193/1170 1139/1189/1168 1142/1195/1170
f 1099/1194/1169 1315/1192/1169 1317/1196/298
f 1316/1193/1170 1142/1195/1170 1145/1197/1171
f 1099/1194/1169 1317/1196/298 1096/1198/298
f 1316/1193/1170 1145/1197/1171 1318/1199/1171
f 1096/1198/298 1317/1196/298 1093/1200/1172
f 1318/1199/1171 1145/1197/1171 525/1201/1173
f 1093/1200/1172 1317/1196/298 1319/1202/1172
f 1318/1199/1171 525/1201/1173 1320/1203/1173
f 1093/1200/1172 1319/1202/1172 1090/1204/1174
f 1320/1203/1173 525/1201/1173 524/1205/1175
f 1090/1204/1174 1319/1202/1172 1321/1206/1174
f 1320/1203/1173 524/1205/1175 1322/1207/1175
f 1090/1204/1174 1321/1206/1174 1085/1208/1176
f 1322/1207/1175 524/1205/1175 530/1209/1177
f 1085/1208/1176 1321/1206/1174 1323/1210/1176
f 1322/1207/1175 530/1209/1177 1324/1211/1177
f 1085/1208/1176 1323/1210/1176 1325/1212/1178
f 1324/1211/1177 530/1209/1177 533/1213/1179
f 1085/1208/1176 1325/1212/1178 1082/1214/1178
f 1082/1214/1178 1325/1212/1178 2/1215/1
f 1082/1214/1178 2/1215/1 1/1216/1
f 1324/1211/1177 533/1213/1179 1326/1217/1179
f 1326/1217/1179 533/1213/1179 536/1218/1180
f 1326/1217/1179 536/1218/1180 1327/1219/1180
f 1327/1219/1180 536/1218/1180 1328/1220/1181
f 1328/1220/1181 536/1218/1180 539/1221/1181
f 1328/1220/1181 539/1221/1181 1329/1222/1182
f 1329/1222/1182 539/1221/1181 542/1223/1182
f 1329/1222/1182 542/1223/1182 545/1224/1174
f 1329/1222/1182 545/1224/1174 1330/1225/1174
f 1330/1225/1174 545/1224/1174 548/1226/1183
f 1330/1225/1174 548/1226/1183 1331/1227/1183
f 1331/1227/1183 548/1226/1183 551/1228/1184
f 1331/1227/1183 551/1228/1184 1332/1229/1184
f 1332/1229/1184 551/1228/1184 554/1230/1185
f 1332/1229/1184 554/1230/1185 1333/1231/1185
f 1333/1231/1185 554/1230/1185 557/1232/1186
f 1333/1231/1185 557/1232/1186 1334/1233/1186
f 1334/1233/1186 557/1232/1186 1335/1234/1187
f 1335/1234/1187 557/1232/1186 560/1235/1187
f 1335/1234/1187 560/1235/1187 563/1236/1183
f 1335/1234/1187 563/1236/1183 1336/1237/1183
f 1336/1237/1183 563/1236/1183 566/1238/1188
f 1336/1237/1183 566/1238/1188 1337/1239/1188
f 1337/1239/1188 566/1238/1188 57/57/1189
f 57/57/1189 566/1238/1188 58/58/1189
f 1338/1240/1190 1339/1241/1191 1340/1242/1192
f 1338/1240/1190 1340/1242/1192 1341/1243/1193
f 1339/1241/1191 1338/1240/1190 1342/1244/1194
f 1338/1240/1190 1341/1243/1193 1343/1245/1195
f 1338/1240/1190 1343/1245/1195 1342/1244/1194
f 1342/1244/1194 1343/1245/1195 1344/1246/1196
f 1344/1246/1196 1343/1245/1195 1345/1247/1197
f 1342/1244/1194 1344/1246/1196 1346/1248/1198
f 1345/1247/1197 1343/1245/1195 1347/1249/1199
f 1347/1249/1199 1343/1245/1195 1341/1243/1193
f 1345/1247/1197 1347/1249/1199 1348/1250/1200
f 1342/1244/1194 1346/1248/1198 1349/1251/1201
f 1342/1244/1194 1349/1251/1201 1339/1241/1191
f 1349/1251/1201 1346/1248/1198 1350/1252/1202
f 1348/1250/1200 1347/1249/1199 1351/1253/1203
f 1339/1241/1191 1349/1251/1201 1352/1254/1204
f 1348/1250/1200 1351/1253/1203 1353/1255/1205
f 1349/1251/1201 1350/1252/1202 1354/1256/1206
f 1349/1251/1201 1354/1256/1206 1352/1254/1204
f 1354/1256/1206 1350/1252/1202 1355/1257/1207
f 1339/1241/1191 1352/1254/1204 1356/1258/1208
f 1356/1258/1208 1352/1254/1204 1354/1256/1206
f 1354/1256/1206 1355/1257/1207 1357/1259/1209
f 1354/1256/1206 1357/1259/1209 1356/1258/1208
f 1357/1259/1209 1355/1257/1207 1358/1260/1210
f 1357/1259/1209 1358/1260/1210 1359/1261/1211
f 1356/1258/1208 1357/1259/1209 1360/1262/1212
f 1360/1262/1212 1357/1259/1209 1359/1261/1211
f 1356/1258/1208 1360/1262/1212 1361/1263/1213
f 1362/1264/1214 1339/1241/1191 1356/1258/1208
f 1362/1264/1214 1356/1258/1208 1361/1263/1213
f 1362/1264/1214 1361/1263/1213 1360/1262/1212
f 1360/1262/1212 1359/1261/1211 1363/1265/1215
f 1360/1262/1212 1363/1265/1215 1362/1264/1214
f 1363/1265/1215 1359/1261/1211 1364/1266/1216
f 1363/1265/1215 1364/1266/1216 1365/1267/1217
f 1339/1241/1191 1362/1264/1214 1340/1242/1192
f 1363/1265/1215 1365/1267/1217 1366/1268/1218
f 1363/1265/1215 1366/1268/1218 1362/1264/1214
f 1366/1268/1218 1365/1267/1217 1367/1269/1219
f 1362/1264/1214 1366/1268/1218 1368/1270/1220
f 1362/1264/1214 1368/1270/1220 1340/1242/1192
f 1366/1268/1218 1367/1269/1219 1369/1271/1221
f 1366/1268/1218 1369/1271/1221 1368/1270/1220
f 1369/1271/1221 1367/1269/1219 1370/1272/1222
f 1370/1272/1222 1367/1269/1219 1371/1273/1223
f 1368/1270/1220 1369/1271/1221 1372/1274/1224
f 1372/1274/1224 1369/1271/1221 1373/1275/1225
f 1372/1274/1224 1373/1275/1225 1368/1270/1220
f 1373/1275/1225 1369/1271/1221 1370/1272/1222
f 1368/1270/1220 1373/1275/1225 1340/1242/1192
f 1373/1275/1225 1370/1272/1222 1374/1276/1226
f 1370/1272/1222 1371/1273/1223 1375/1277/1227
f 1370/1272/1222 1375/1277/1227 1374/1276/1226
f 1375/1277/1227 1371/1273/1223 1376/1278/1228
f 1373/1275/1225 1374/1276/1226 1377/1279/1229
f 1377/1279/1229 1374/1276/1226 1375/1277/1227
f 1373/1275/1225 1377/1279/1229 1340/1242/1192
f 1375/1277/1227 1376/1278/1228 1378/1280/1230
f 1375/1277/1227 1378/1280/1230 1377/1279/1229
f 1378/1280/1230 1376/1278/1228 1379/1281/1231
f 1340/1242/1192 1377/1279/1229 1380/1282/525
f 1340/1242/1192 1380/1282/525 1341/1243/1193
f 1377/1279/1229 1378/1280/1230 1381/1283/1232
f 1377/1279/1229 1381/1283/1232 1380/1282/525
f 1378/1280/1230 1379/1281/1231 1382/1284/1233
f 1378/1280/1230 1382/1284/1233 1381/1283/1232
f 1382/1284/1233 1379/1281/1231 1383/1285/1234
f 1341/1243/1193 1380/1282/525 1384/1286/1235
f 1341/1243/1193 1384/1286/1235 1347/1249/1199
f 1347/1249/1199 1384/1286/1235 1351/1253/1203
f 1384/1286/1235 1380/1282/525 1385/1287/525
f 1385/1287/525 1380/1282/525 1381/1283/1232
f 1351/1253/1203 1384/1286/1235 1386/1288/1235
f 1386/1288/1235 1384/1286/1235 1385/1287/525
f 1351/1253/1203 1386/1288/1235 1387/1289/1236
f 1351/1253/1203 1387/1289/1236 1353/1255/1205
f 1353/1255/1205 1387/1289/1236 1388/1290/1237
f 1385/1287/525 1381/1283/1232 1389/1291/1238
f 1389/1291/1238 1381/1283/1232 1382/1284/1233
f 1386/1288/1235 1385/1287/525 1390/1292/525
f 1390/1292/525 1385/1287/525 1389/1291/1238
f 1387/1289/1236 1386/1288/1235 1391/1293/1239
f 1391/1293/1239 1386/1288/1235 1390/1292/525
f 1388/1290/1237 1387/1289/1236 1392/1294/1240
f 1392/1294/1240 1387/1289/1236 1391/1293/1239
f 1388/1290/1237 1392/1294/1240 1393/1295/1241
f 1389/1291/1238 1382/1284/1233 1394/1296/1242
f 1394/1296/1242 1382/1284/1233 1383/1285/1234
f 1394/1296/1242 1383/1285/1234 1395/1297/1243
f 1389/1291/1238 1394/1296/1242 1396/1298/1238
f 1389/1291/1238 1396/1298/1238 1390/1292/525
f 1394/1296/1242 1395/1297/1243 1397/1299/1244
f 1394/1296/1242 1397/1299/1244 1396/1298/1238
f 1397/1299/1244 1395/1297/1243 1398/1300/1245
f 1390/1292/525 1396/1298/1238 1399/1301/525
f 1390/1292/525 1399/1301/525 1391/1293/1239
f 1396/1298/1238 1397/1299/1244 1400/1302/1238
f 1396/1298/1238 1400/1302/1238 1399/1301/525
f 1397/1299/1244 1398/1300/1245 1401/1303/1246
f 1397/1299/1244 1401/1303/1246 1400/1302/1238
f 1401/1303/1246 1398/1300/1245 1402/1304/1247
f 1391/1293/1239 1399/1301/525 1403/1305/1239
f 1391/1293/1239 1403/1305/1239 1392/1294/1240
f 1399/1301/525 1400/1302/1238 1404/1306/525
f 1399/1301/525 1404/1306/525 1403/1305/1239
f 1400/1302/1238 1401/1303/1246 1405/1307/1248
f 1400/1302/1238 1405/1307/1248 1404/1306/525
f 1401/1303/1246 1402/1304/1247 1406/1308/1249
f 1401/1303/1246 1406/1308/1249 1405/1307/1248
f 1406/1308/1249 1402/1304/1247 1407/1309/1250
f 1408/1310/1251 1392/1294/1240 1403/1305/1239
f 1392/1294/1240 1408/1310/1251 1393/1295/1241
f 1393/1295/1241 1408/1310/1251 1409/1311/1252
f 1408/1310/1251 1403/1305/1239 1410/1312/1239
f 1410/1312/1239 1403/1305/1239 1404/1306/525
f 1409/1311/1252 1408/1310/1251 1411/1313/1253
f 1411/1313/1253 1408/1310/1251 1410/1312/1239
f 1409/1311/1252 1411/1313/1253 1412/1314/1254
f 1410/1312/1239 1404/1306/525 1413/1315/525
f 1413/1315/525 1404/1306/525 1405/1307/1248
f 1411/1313/1253 1410/1312/1239 1414/1316/1255
f 1414/1316/1255 1410/1312/1239 1413/1315/525
f 1412/1314/1254 1411/1313/1253 1415/1317/1256
f 1415/1317/1256 1411/1313/1253 1414/1316/1255
f 1412/1314/1254 1415/1317/1256 1416/1318/1257
f 1413/1315/525 1405/1307/1248 1417/1319/1248
f 1417/1319/1248 1405/1307/1248 1406/1308/1249
f 1414/1316/1255 1413/1315/525 1418/1320/525
f 1418/1320/525 1413/1315/525 1417/1319/1248
f 1415/1317/1256 1414/1316/1255 1419/1321/1258
f 1419/1321/1258 1414/1316/1255 1418/1320/525
f 1416/1318/1257 1415/1317/1256 1420/1322/1259
f 1420/1322/1259 1415/1317/1256 1419/1321/1258
f 1416/1318/1257 1420/1322/1259 1421/1323/1260
f 1417/1319/1248 1406/1308/1249 1422/1324/1261
f 1422/1324/1261 1406/1308/1249 1407/1309/1250
f 1422/1324/1261 1407/1309/1250 1423/1325/1262
f 1417/1319/1248 1422/1324/1261 1424/1326/1263
f 1417/1319/1248 1424/1326/1263 1418/1320/525
f 1422/1324/1261 1423/1325/1262 1425/1327/1264
f 1422/1324/1261 1425/1327/1264 1424/1326/1263
f 1425/1327/1264 1423/1325/1262 1426/1328/1265
f 1418/1320/525 1424/1326/1263 1427/1329/525
f 1418/1320/525 1427/1329/525 1419/1321/1258
f 1424/1326/1263 1425/1327/1264 1428/1330/1266
f 1424/1326/1263 1428/1330/1266 1427/1329/525
f 1425/1327/1264 1426/1328/1265 1429/1331/1267
f 1425/1327/1264 1429/1331/1267 1428/1330/1266
f 1429/1331/1267 1426/1328/1265 1430/1332/1268
f 1419/1321/1258 1427/1329/525 1431/1333/1269
f 1419/1321/1258 1431/1333/1269 1420/1322/1259
f 1427/1329/525 1428/1330/1266 1432/1334/525
f 1427/1329/525 1432/1334/525 1431/1333/1269
f 1428/1330/1266 1429/1331/1267 1433/1335/1266
f 1428/1330/1266 1433/1335/1266 1432/1334/525
f 1429/1331/1267 1430/1332/1268 1434/1336/1270
f 1429/1331/1267 1434/1336/1270 1433/1335/1266
f 1434/1336/1270 1430/1332/1268 1435/1337/1271
f 1436/1338/1272 1420/1322/1259 1431/1333/1269
f 1420/1322/1259 1436/1338/1272 1421/1323/1260
f 1421/1323/1260 1436/1338/1272 1437/1339/1273
f 1436/1338/1272 1431/1333/1269 1438/1340/1269
f 1438/1340/1269 1431/1333/1269 1432/1334/525
f 1437/1339/1273 1436/1338/1272 1439/1341/1274
f 1439/1341/1274 1436/1338/1272 1438/1340/1269
f 1437/1339/1273 1439/1341/1274 1440/1342/1275
f 1438/1340/1269 1432/1334/525 1441/1343/525
f 1441/1343/525 1432/1334/525 1433/1335/1266
f 1439/1341/1274 1438/1340/1269 1442/1344/1269
f 1442/1344/1269 1438/1340/1269 1441/1343/525
f 1440/1342/1275 1439/1341/1274 1443/1345/1276
f 1443/1345/1276 1439/1341/1274 1442/1344/1269
f 1440/1342/1275 1443/1345/1276 1444/1346/1277
f 1441/1343/525 1433/1335/1266 1445/1347/1278
f 1445/1347/1278 1433/1335/1266 1434/1336/1270
f 1442/1344/1269 1441/1343/525 1446/1348/525
f 1446/1348/525 1441/1343/525 1445/1347/1278
f 1444/1346/1277 1443/1345/1276 1447/1349/1279
f 1444/1346/1277 1447/1349/1279 1448/1350/1280
f 1443/1345/1276 1442/1344/1269 1449/1351/1281
f 1443/1345/1276 1449/1351/1281 1447/1349/1279
f 1442/1344/1269 1446/1348/525 1450/1352/525
f 1442/1344/1269 1450/1352/525 1449/1351/1281
f 1448/1350/1280 1447/1349/1279 1451/1353/1282
f 1448/1350/1280 1451/1353/1282 1452/1354/1283
f 1447/1349/1279 1449/1351/1281 1453/1355/1284
f 1447/1349/1279 1453/1355/1284 1451/1353/1282
f 1449/1351/1281 1450/1352/525 1454/1356/1285
f 1449/1351/1281 1454/1356/1285 1453/1355/1284
f 1452/1354/1283 1451/1353/1282 1455/1357/1286
f 1452/1354/1283 1455/1357/1286 1456/1358/1287
f 1451/1353/1282 1453/1355/1284 1457/1359/1288
f 1451/1353/1282 1457/1359/1288 1455/1357/1286
f 1457/1359/1288 1453/1355/1284 1454/1356/1285
f 1455/1357/1286 1457/1359/1288 1458/1360/1289
f 1456/1358/1287 1455/1357/1286 1459/1361/1290
f 1459/1361/1290 1455/1357/1286 1458/1360/1289
f 1456/1358/1287 1459/1361/1290 1460/1362/1291
f 1458/1360/1289 1457/1359/1288 1461/1363/1292
f 1458/1360/1289 1461/1363/1292 1459/1361/1290
f 1461/1363/1292 1457/1359/1288 1454/1356/1285
f 1460/1362/1291 1459/1361/1290 1462/1364/1293
f 1462/1364/1293 1459/1361/1290 1461/1363/1292
f 1460/1362/1291 1462/1364/1293 1463/1365/1294
f 1460/1362/1291 1463/1365/1294 1464/1366/1295
f 1464/1366/1295 1463/1365/1294 1465/1367/1296
f 1462/1364/1293 1461/1363/1292 1466/1368/1297
f 1466/1368/1297 1461/1363/1292 1454/1356/1285
f 1463/1365/1294 1462/1364/1293 1467/1369/1298
f 1467/1369/1298 1462/1364/1293 1466/1368/1297
f 1465/1367/1296 1463/1365/1294 1468/1370/1299
f 1468/1370/1299 1463/1365/1294 1467/1369/1298
f 1465/1367/1296 1468/1370/1299 1469/1371/1300
f 1467/1369/1298 1466/1368/1297 1470/1372/1301
f 1470/1372/1301 1466/1368/1297 1454/1356/1285
f 1467/1369/1298 1470/1372/1301 1468/1370/1299
f 1469/1371/1300 1468/1370/1299 1471/1373/1302
f 1471/1373/1302 1468/1370/1299 1470/1372/1301
f 1469/1371/1300 1471/1373/1302 1472/1374/1303
f 1470/1372/1301 1454/1356/1285 1473/1375/1304
f 1471/1373/1302 1470/1372/1301 1474/1376/1305
f 1474/1376/1305 1470/1372/1301 1473/1375/1304
f 1473/1375/1304 1454/1356/1285 1450/1352/525
f 1471/1373/1302 1474/1376/1305 1475/1377/1306
f 1471/1373/1302 1475/1377/1306 1472/1374/1303
f 1475/1377/1306 1474/1376/1305 1473/1375/1304
f 1472/1374/1303 1475/1377/1306 1476/1378/1307
f 1476/1378/1307 1475/1377/1306 1477/1379/1308
f 1477/1379/1308 1475/1377/1306 1473/1375/1304
f 1476/1378/1307 1477/1379/1308 1478/1380/1309
f 1473/1375/1304 1450/1352/525 1479/1381/1310
f 1473/1375/1304 1479/1381/1310 1477/1379/1308
f 1479/1381/1310 1450/1352/525 1446/1348/525
f 1478/1380/1309 1477/1379/1308 1480/1382/1311
f 1480/1382/1311 1477/1379/1308 1479/1381/1310
f 1478/1380/1309 1480/1382/1311 1481/1383/1312
f 1479/1381/1310 1446/1348/525 1482/1384/1310
f 1479/1381/1310 1482/1384/1310 1480/1382/1311
f 1482/1384/1310 1446/1348/525 1445/1347/1278
f 1481/1383/1312 1480/1382/1311 1483/1385/1313
f 1483/1385/1313 1480/1382/1311 1482/1384/1310
f 1483/1385/1313 1482/1384/1310 1445/1347/1278
f 1481/1383/1312 1483/1385/1313 1435/1337/1271
f 1483/1385/1313 1445/1347/1278 1434/1336/1270
f 1483/1385/1313 1434/1336/1270 1435/1337/1271
f 1270/1111/493 1272/1113/493 1268/1110/493
f 1268/1110/493 1272/1113/493 1276/1117/493
f 1266/1108/493 1268/1110/493 1263/1105/493
f 1263/1105/493 1268/1110/493 1265/1107/493
f 1263/1105/493 1265/1107/493 1264/1106/493
f 1268/1110/493 1276/1117/493 1273/1114/493
f 1268/1110/493 1273/1114/493 1265/1107/493
f 1273/1114/493 1276/1117/493 1277/1118/493
f 1277/1118/493 1276/1117/493 1280/1120/493
f 1277/1118/493 1280/1120/493 1279/1119/493
f 1273/1114/493 1277/1118/493 1275/1116/493
f 1265/1107/493 1273/1114/493 1269/1109/493
f 1269/1109/493 1273/1114/493 1271/1112/493
f 1265/1107/493 1269/1109/493 1267/1109/493
f 1274/1115/493 1276/1117/493 1272/1113/493
f 1278/1115/493 1280/1120/493 1276/1117/493
f 1484/1386/525 347/175/525 1485/1387/525
f 347/175/525 1484/1386/525 1486/1388/525
f 347/175/525 1486/1388/525 1487/1389/525
f 347/175/525 1487/1389/525 1488/1390/525
f 347/175/525 1488/1390/525 1489/1391/525
f 1485/1387/525 347/175/525 345/178/525
f 1485/1387/525 345/178/525 1490/1392/525
f 1490/1392/525 345/178/525 343/181/525
f 1490/1392/525 343/181/525 1491/1393/525
f 1491/1393/525 343/181/525 1492/1394/525
f 1492/1394/525 343/181/525 1493/1395/525
f 1493/1395/525 343/181/525 1494/1396/525
f 347/175/525 1489/1391/525 1114/938/525
f 1114/938/525 1489/1391/525 1495/1397/525
f 1114/938/525 1495/1397/525 1496/1398/525
f 1114/938/525 1496/1398/525 1497/1399/525
f 347/175/525 1114/938/525 1111/935/525
f 347/175/525 1111/935/525 349/172/525
f 349/172/525 1111/935/525 1108/932/525
f 349/172/525 1108/932/525 351/169/525
f 351/169/525 1108/932/525 1105/929/525
f 351/169/525 1105/929/525 353/166/525
f 1114/938/525 1497/1399/525 1117/941/525
f 353/166/525 1105/929/525 1100/924/525
f 1117/941/525 1497/1399/525 1498/1400/525
f 1117/941/525 1498/1400/525 1499/1401/525
f 1117/941/525 1499/1401/525 1500/1402/525
f 1117/941/525 1500/1402/525 1501/1403/525
f 1117/941/525 1501/1403/525 1502/1404/525
f 1117/941/525 1502/1404/525 1503/1405/525
f 1117/941/525 1503/1405/525 1494/1396/525
f 1117/941/525 1494/1396/525 343/181/525
f 355/325/525 353/166/525 1100/924/525
f 1117/941/525 343/181/525 1120/944/525
f 355/325/525 1100/924/525 1504/1406/525
f 355/325/525 1504/1406/525 357/160/525
f 357/160/525 1504/1406/525 359/159/525
f 359/159/525 1504/1406/525 360/156/525
f 360/156/525 1504/1406/525 365/148/525
f 360/156/525 365/148/525 362/151/525
f 365/148/525 1504/1406/525 1077/144/525
f 1077/144/525 1504/1406/525 1505/1407/525
f 1505/1407/525 1504/1406/525 1100/924/525
f 1077/144/525 1505/1407/525 1078/143/525
f 1505/1407/525 1100/924/525 1506/1408/525
f 1505/1407/525 1506/1408/525 1078/143/525
f 1078/143/525 1506/1408/525 1081/905/525
f 1506/1408/525 1100/924/525 1097/921/525
f 1081/905/525 1506/1408/525 1084/908/525
f 1506/1408/525 1097/921/525 1507/1409/525
f 1506/1408/525 1507/1409/525 1084/908/525
f 1507/1409/525 1097/921/525 1094/918/525
f 1084/908/525 1507/1409/525 1087/911/525
f 1507/1409/525 1094/918/525 1091/915/525
f 1087/911/525 1507/1409/525 1088/912/525
f 1088/912/525 1507/1409/525 1091/915/525
f 1508/1410/525 1120/944/525 1509/1411/525
f 1509/1411/525 1120/944/525 1510/1412/525
f 1510/1412/525 1120/944/525 1511/1413/525
f 1511/1413/525 1120/944/525 1512/1414/525
f 1120/944/525 1508/1410/525 1123/947/525
f 1512/1414/525 1120/944/525 343/181/525
f 1123/947/525 1508/1410/525 1513/1415/525
f 1512/1414/525 343/181/525 1514/1416/525
f 1123/947/525 1513/1415/525 1515/1417/525
f 1123/947/525 1515/1417/525 1516/1418/525
f 1123/947/525 1516/1418/525 1517/1419/525
f 1123/947/525 1517/1419/525 339/187/525
f 1123/947/525 339/187/525 1126/950/525
f 1126/950/525 339/187/525 337/190/525
f 1126/950/525 337/190/525 1129/953/525
f 1129/953/525 337/190/525 335/193/525
f 1129/953/525 335/193/525 1132/956/525
f 1132/956/525 335/193/525 333/196/525
f 1132/956/525 333/196/525 1135/959/525
f 1135/959/525 333/196/525 331/199/525
f 1135/959/525 331/199/525 1138/962/525
f 1138/962/525 331/199/525 329/202/525
f 1138/962/525 329/202/525 1141/965/525
f 1141/965/525 329/202/525 327/205/525
f 1141/965/525 327/205/525 1144/968/525
f 1144/968/525 327/205/525 325/208/525
f 1144/968/525 325/208/525 1147/971/525
f 1147/971/525 325/208/525 323/211/525
f 1147/971/525 323/211/525 527/391/525
f 527/391/525 323/211/525 320/214/525
f 527/391/525 320/214/525 526/390/525
f 526/390/525 320/214/525 317/324/525
f 526/390/525 317/324/525 529/393/525
f 529/393/525 317/324/525 314/321/525
f 529/393/525 314/321/525 311/318/525
f 529/393/525 311/318/525 531/395/525
f 531/395/525 311/318/525 535/399/525
f 535/399/525 311/318/525 308/315/525
f 535/399/525 308/315/525 305/312/525
f 535/399/525 305/312/525 537/401/525
f 537/401/525 305/312/525 302/309/525
f 537/401/525 302/309/525 540/404/525
f 1518/1420/525 1519/1421/525 540/404/525
f 540/404/525 1519/1421/525 1520/1422/525
f 1518/1420/525 540/404/525 1521/1423/525
f 1521/1423/525 540/404/525 302/309/525
f 1521/1423/525 302/309/525 1522/1424/525
f 540/404/525 1520/1422/525 543/407/525
f 1522/1424/525 302/309/525 1523/1425/525
f 1523/1425/525 302/309/525 1524/1426/525
f 1524/1426/525 302/309/525 1525/1427/525
f 1525/1427/525 302/309/525 1526/1428/525
f 1526/1428/525 302/309/525 1527/1429/525
f 543/407/525 1520/1422/525 1528/1430/525
f 1527/1429/525 302/309/525 299/306/525
f 543/407/525 1528/1430/525 1529/1431/525
f 1527/1429/525 299/306/525 1530/1432/525
f 1530/1432/525 299/306/525 1531/1433/525
f 543/407/525 1529/1431/525 1532/1434/525
f 1531/1433/525 299/306/525 1533/1435/525
f 1533/1435/525 299/306/525 543/407/525
f 1533/1435/525 543/407/525 1534/1436/525
f 543/407/525 1532/1434/525 1535/1437/525
f 543/407/525 1535/1437/525 1534/1436/525
f 543/407/525 299/306/525 296/303/525
f 543/407/525 296/303/525 546/410/525
f 1536/1438/525 1537/1439/525 546/410/525
f 1536/1438/525 546/410/525 1538/1440/525
f 1538/1440/525 546/410/525 1539/1441/525
f 546/410/525 1537/1439/525 1540/1442/525
f 1539/1441/525 546/410/525 1541/1443/525
f 1541/1443/525 546/410/525 296/303/525
f 546/410/525 1540/1442/525 549/413/525
f 1541/1443/525 296/303/525 1542/1444/525
f 1542/1444/525 296/303/525 1543/1445/525
f 1543/1445/525 296/303/525 1544/1446/525
f 1544/1446/525 296/303/525 1545/1447/525
f 1545/1447/525 296/303/525 293/300/525
f 1545/1447/525 293/300/525 1546/1448/525
f 1546/1448/525 293/300/525 1547/1449/525
f 1547/1449/525 293/300/525 290/297/525
f 1547/1449/525 290/297/525 1548/1450/525
f 1548/1450/525 290/297/525 1549/1451/525
f 1549/1451/525 290/297/525 1550/1452/525
f 1550/1452/525 290/297/525 1551/1453/525
f 1551/1453/525 290/297/525 1552/1454/525
f 1552/1454/525 290/297/525 549/413/525
f 1552/1454/525 549/413/525 1553/1455/525
f 1553/1455/525 549/413/525 1554/1456/525
f 1554/1456/525 549/413/525 1555/1457/525
f 1555/1457/525 549/413/525 1540/1442/525
f 549/413/525 290/297/525 552/416/525
f 552/416/525 290/297/525 287/294/525
f 552/416/525 287/294/525 555/419/525
f 555/419/525 287/294/525 284/291/525
f 555/419/525 284/291/525 558/422/525
f 558/422/525 284/291/525 281/288/525
f 558/422/525 281/288/525 561/425/525
f 561/425/525 281/288/525 278/285/525
f 561/425/525 278/285/525 564/428/525
f 564/428/525 278/285/525 275/282/525
f 564/428/525 275/282/525 567/431/525
f 567/431/525 275/282/525 570/436/525
f 570/436/525 275/282/525 272/279/525
f 570/436/525 272/279/525 269/276/525
f 570/436/525 269/276/525 571/437/525
f 571/437/525 269/276/525 268/275/525
f 571/437/525 268/275/525 573/440/525
f 573/440/525 268/275/525 265/272/525
f 573/440/525 265/272/525 575/443/525
f 575/443/525 265/272/525 262/269/525
f 575/443/525 262/269/525 577/446/525
f 577/446/525 262/269/525 259/266/525
f 577/446/525 259/266/525 579/449/525
f 579/449/525 259/266/525 256/263/525
f 579/449/525 256/263/525 581/452/525
f 581/452/525 256/263/525 583/455/525
f 583/455/525 256/263/525 253/260/525
f 583/455/525 253/260/525 585/458/525
f 585/458/525 253/260/525 250/257/525
f 585/458/525 250/257/525 247/254/525
f 585/458/525 247/254/525 587/461/525
f 587/461/525 247/254/525 589/464/525
f 589/464/525 247/254/525 242/249/525
f 589/464/525 242/249/525 592/469/525
f 592/469/525 242/249/525 239/246/525
f 592/469/525 239/246/525 236/243/525
f 592/469/525 236/243/525 594/472/525
f 594/472/525 236/243/525 217/221/525
f 217/221/525 236/243/525 233/240/525
f 217/221/525 233/240/525 230/237/525
f 217/221/525 230/237/525 215/219/525
f 215/219/525 230/237/525 227/234/525
f 215/219/525 227/234/525 219/225/525
f 219/225/525 227/234/525 224/231/525
f 219/225/525 224/231/525 221/228/525
f 221/228/525 224/231/525 223/230/525
f 1556/1458/525 1514/1416/525 343/181/525
f 1556/1458/525 343/181/525 1557/1459/525
f 1557/1459/525 343/181/525 1558/1460/525
f 1558/1460/525 343/181/525 1559/1461/525
f 1559/1461/525 343/181/525 1560/1461/525
f 1560/1461/525 343/181/525 341/184/525
f 1560/1461/525 341/184/525 1561/1462/525
f 1561/1462/525 341/184/525 339/187/525
f 1561/1462/525 339/187/525 1562/1463/525
f 1562/1463/525 339/187/525 1563/1464/525
f 1563/1464/525 339/187/525 1564/1465/525
f 1564/1465/525 339/187/525 1565/1466/525
f 339/187/525 1517/1419/525 1565/1466/525
f 1566/1467/1314 1567/1468/1315 1568/1469/1316
f 1567/1468/1315 1566/1467/1314 1569/1470/1317
f 1566/1467/1314 1568/1469/1316 1570/1471/1318
f 1566/1467/1314 1570/1471/1318 1569/1470/1317
f 1569/1470/1317 1570/1471/1318 1571/1472/1319
f 1571/1472/1319 1570/1471/1318 1572/1473/1320
f 1569/1470/1317 1571/1472/1319 1573/1474/1321
f 1572/1473/1320 1570/1471/1318 1574/1475/1322
f 1574/1475/1322 1570/1471/1318 1568/1469/1316
f 1572/1473/1320 1574/1475/1322 1575/1476/1323
f 1569/1470/1317 1573/1474/1321 1576/1477/1324
f 1569/1470/1317 1576/1477/1324 1567/1468/1315
f 1576/1477/1324 1573/1474/1321 1577/1478/1325
f 1577/1478/1325 1573/1474/1321 1578/1479/1326
f 1567/1468/1315 1576/1477/1324 1579/1480/1327
f 1579/1480/1327 1576/1477/1324 1580/1481/1328
f 1579/1480/1327 1580/1481/1328 1567/1468/1315
f 1580/1481/1328 1576/1477/1324 1577/1478/1325
f 1577/1478/1325 1578/1479/1326 1581/1482/1329
f 1581/1482/1329 1578/1479/1326 1582/1483/1330
f 1581/1482/1329 1582/1483/1330 1583/1484/1331
f 1577/1478/1325 1581/1482/1329 1584/1485/1332
f 1577/1478/1325 1584/1485/1332 1580/1481/1328
f 1567/1468/1315 1580/1481/1328 1585/1486/1333
f 1585/1486/1333 1580/1481/1328 1584/1485/1332
f 1567/1468/1315 1585/1486/1333 1568/1469/1316
f 1581/1482/1329 1583/1484/1331 1586/1487/1334
f 1581/1482/1329 1586/1487/1334 1584/1485/1332
f 1586/1487/1334 1583/1484/1331 1587/1488/1335
f 1587/1488/1335 1583/1484/1331 1588/1489/1336
f 1587/1488/1335 1588/1489/1336 1589/1490/1337
f 1584/1485/1332 1586/1487/1334 1590/1491/1338
f 1590/1491/1338 1586/1487/1334 1591/1492/1339
f 1591/1492/1339 1586/1487/1334 1587/1488/1335
f 1590/1491/1338 1591/1492/1339 1584/1485/1332
f 1587/1488/1335 1589/1490/1337 1592/1493/1340
f 1587/1488/1335 1592/1493/1340 1591/1492/1339
f 1592/1493/1340 1589/1490/1337 1593/1494/1341
f 1584/1485/1332 1591/1492/1339 1594/1495/1342
f 1591/1492/1339 1592/1493/1340 1595/1496/1343
f 1591/1492/1339 1595/1496/1343 1594/1495/1342
f 1592/1493/1340 1593/1494/1341 1596/1497/1344
f 1592/1493/1340 1596/1497/1344 1595/1496/1343
f 1595/1496/1343 1596/1497/1344 1594/1495/1342
f 1596/1497/1344 1593/1494/1341 1597/1498/1345
f 1584/1485/1332 1594/1495/1342 1585/1486/1333
f 1596/1497/1344 1597/1498/1345 1598/1499/1346
f 1596/1497/1344 1598/1499/1346 1594/1495/1342
f 1598/1499/1346 1597/1498/1345 1599/1500/1347
f 1585/1486/1333 1594/1495/1342 1600/1501/1348
f 1600/1501/1348 1594/1495/1342 1598/1499/1346
f 1598/1499/1346 1599/1500/1347 1601/1502/1349
f 1598/1499/1346 1601/1502/1349 1600/1501/1348
f 1601/1502/1349 1599/1500/1347 1602/1503/1350
f 1585/1486/1333 1600/1501/1348 1603/1504/1351
f 1603/1504/1351 1600/1501/1348 1601/1502/1349
f 1601/1502/1349 1602/1503/1350 1604/1505/1352
f 1601/1502/1349 1604/1505/1352 1603/1504/1351
f 1604/1505/1352 1602/1503/1350 1605/1506/1353
f 1585/1486/1333 1603/1504/1351 1606/1507/493
f 1585/1486/1333 1606/1507/493 1568/1469/1316
f 1603/1504/1351 1604/1505/1352 1607/1508/1354
f 1603/1504/1351 1607/1508/1354 1606/1507/493
f 1604/1505/1352 1605/1506/1353 1608/1509/1355
f 1604/1505/1352 1608/1509/1355 1607/1508/1354
f 1608/1509/1355 1605/1506/1353 1609/1510/1356
f 1568/1469/1316 1606/1507/493 1610/1511/1357
f 1568/1469/1316 1610/1511/1357 1574/1475/1322
f 1606/1507/493 1607/1508/1354 1611/1512/493
f 1606/1507/493 1611/1512/493 1610/1511/1357
f 1607/1508/1354 1608/1509/1355 1612/1513/1354
f 1607/1508/1354 1612/1513/1354 1611/1512/493
f 1608/1509/1355 1609/1510/1356 1613/1514/1358
f 1608/1509/1355 1613/1514/1358 1612/1513/1354
f 1613/1514/1358 1609/1510/1356 1614/1515/1359
f 1615/1516/1360 1574/1475/1322 1610/1511/1357
f 1574/1475/1322 1615/1516/1360 1575/1476/1323
f 1575/1476/1323 1615/1516/1360 1616/1517/1361
f 1615/1516/1360 1610/1511/1357 1617/1518/1362
f 1617/1518/1362 1610/1511/1357 1611/1512/493
f 1616/1517/1361 1615/1516/1360 1618/1519/1363
f 1618/1519/1363 1615/1516/1360 1617/1518/1362
f 1616/1517/1361 1618/1519/1363 1619/1520/1364
f 1617/1518/1362 1611/1512/493 1620/1521/493
f 1620/1521/493 1611/1512/493 1612/1513/1354
f 1618/1519/1363 1617/1518/1362 1621/1522/1362
f 1621/1522/1362 1617/1518/1362 1620/1521/493
f 1619/1520/1364 1618/1519/1363 1622/1523/1365
f 1622/1523/1365 1618/1519/1363 1621/1522/1362
f 1619/1520/1364 1622/1523/1365 1623/1524/1366
f 1620/1521/493 1612/1513/1354 1624/1525/1367
f 1624/1525/1367 1612/1513/1354 1613/1514/1358
f 1621/1522/1362 1620/1521/493 1625/1526/493
f 1625/1526/493 1620/1521/493 1624/1525/1367
f 1622/1523/1365 1621/1522/1362 1626/1527/1362
f 1626/1527/1362 1621/1522/1362 1625/1526/493
f 1623/1524/1366 1622/1523/1365 1627/1528/1368
f 1627/1528/1368 1622/1523/1365 1626/1527/1362
f 1623/1524/1366 1627/1528/1368 1628/1529/1369
f 1624/1525/1367 1613/1514/1358 1629/1530/1370
f 1629/1530/1370 1613/1514/1358 1614/1515/1359
f 1629/1530/1370 1614/1515/1359 1630/1531/1371
f 1624/1525/1367 1629/1530/1370 1631/1532/1367
f 1624/1525/1367 1631/1532/1367 1625/1526/493
f 1629/1530/1370 1630/1531/1371 1632/1533/1372
f 1629/1530/1370 1632/1533/1372 1631/1532/1367
f 1632/1533/1372 1630/1531/1371 1633/1534/1373
f 1625/1526/493 1631/1532/1367 1634/1535/493
f 1625/1526/493 1634/1535/493 1626/1527/1362
f 1631/1532/1367 1632/1533/1372 1635/1536/1367
f 1631/1532/1367 1635/1536/1367 1634/1535/493
f 1632/1533/1372 1633/1534/1373 1636/1537/1374
f 1632/1533/1372 1636/1537/1374 1635/1536/1367
f 1636/1537/1374 1633/1534/1373 1637/1538/1375
f 1626/1527/1362 1634/1535/493 1638/1539/1376
f 1626/1527/1362 1638/1539/1376 1627/1528/1368
f 1634/1535/493 1635/1536/1367 1639/1540/493
f 1634/1535/493 1639/1540/493 1638/1539/1376
f 1635/1536/1367 1636/1537/1374 1640/1541/1377
f 1635/1536/1367 1640/1541/1377 1639/1540/493
f 1636/1537/1374 1637/1538/1375 1641/1542/1378
f 1636/1537/1374 1641/1542/1378 1640/1541/1377
f 1641/1542/1378 1637/1538/1375 1642/1543/1379
f 1643/1544/1380 1627/1528/1368 1638/1539/1376
f 1627/1528/1368 1643/1544/1380 1628/1529/1369
f 1628/1529/1369 1643/1544/1380 1644/1545/1381
f 1643/1544/1380 1638/1539/1376 1645/1546/1376
f 1645/1546/1376 1638/1539/1376 1639/1540/493
f 1644/1545/1381 1643/1544/1380 1646/1547/1382
f 1646/1547/1382 1643/1544/1380 1645/1546/1376
f 1644/1545/1381 1646/1547/1382 1647/1548/1383
f 1645/1546/1376 1639/1540/493 1648/1549/493
f 1648/1549/493 1639/1540/493 1640/1541/1377
f 1646/1547/1382 1645/1546/1376 1649/1550/1384
f 1649/1550/1384 1645/1546/1376 1648/1549/493
f 1647/1548/1383 1646/1547/1382 1650/1551/1385
f 1650/1551/1385 1646/1547/1382 1649/1550/1384
f 1647/1548/1383 1650/1551/1385 1651/1552/1386
f 1648/1549/493 1640/1541/1377 1652/1553/1387
f 1652/1553/1387 1640/1541/1377 1641/1542/1378
f 1649/1550/1384 1648/1549/493 1653/1554/493
f 1653/1554/493 1648/1549/493 1652/1553/1387
f 1650/1551/1385 1649/1550/1384 1654/1555/1388
f 1654/1555/1388 1649/1550/1384 1653/1554/493
f 1651/1552/1386 1650/1551/1385 1655/1556/1389
f 1655/1556/1389 1650/1551/1385 1654/1555/1388
f 1651/1552/1386 1655/1556/1389 1656/1557/1390
f 1652/1553/1387 1641/1542/1378 1657/1558/1391
f 1657/1558/1391 1641/1542/1378 1642/1543/1379
f 1657/1558/1391 1642/1543/1379 1658/1559/1392
f 1652/1553/1387 1657/1558/1391 1659/1560/1393
f 1652/1553/1387 1659/1560/1393 1653/1554/493
f 1657/1558/1391 1658/1559/1392 1660/1561/1394
f 1657/1558/1391 1660/1561/1394 1659/1560/1393
f 1660/1561/1394 1658/1559/1392 1661/1562/1395
f 1653/1554/493 1659/1560/1393 1662/1563/493
f 1653/1554/493 1662/1563/493 1654/1555/1388
f 1659/1560/1393 1660/1561/1394 1663/1564/1393
f 1659/1560/1393 1663/1564/1393 1662/1563/493
f 1660/1561/1394 1661/1562/1395 1664/1565/1396
f 1660/1561/1394 1664/1565/1396 1663/1564/1393
f 1664/1565/1396 1661/1562/1395 1665/1566/1397
f 1654/1555/1388 1662/1563/493 1666/1567/1388
f 1654/1555/1388 1666/1567/1388 1655/1556/1389
f 1662/1563/493 1663/1564/1393 1667/1568/493
f 1662/1563/493 1667/1568/493 1666/1567/1388
f 1663/1564/1393 1664/1565/1396 1668/1569/1393
f 1663/1564/1393 1668/1569/1393 1667/1568/493
f 1664/1565/1396 1665/1566/1397 1669/1570/1398
f 1664/1565/1396 1669/1570/1398 1668/1569/1393
f 1669/1570/1398 1665/1566/1397 1670/1571/1399
f 1671/1572/1400 1655/1556/1389 1666/1567/1388
f 1655/1556/1389 1671/1572/1400 1656/1557/1390
f 1656/1557/1390 1671/1572/1400 1672/1573/1401
f 1671/1572/1400 1666/1567/1388 1673/1574/1402
f 1673/1574/1402 1666/1567/1388 1667/1568/493
f 1672/1573/1401 1671/1572/1400 1674/1575/1403
f 1674/1575/1403 1671/1572/1400 1673/1574/1402
f 1672/1573/1401 1674/1575/1403 1675/1576/1404
f 1673/1574/1402 1667/1568/493 1676/1577/493
f 1676/1577/493 1667/1568/493 1668/1569/1393
f 1674/1575/1403 1673/1574/1402 1677/1578/1405
f 1677/1578/1405 1673/1574/1402 1676/1577/493
f 1675/1576/1404 1674/1575/1403 1678/1579/1406
f 1678/1579/1406 1674/1575/1403 1677/1578/1405
f 1675/1576/1404 1678/1579/1406 1679/1580/1407
f 1677/1578/1405 1676/1577/493 1680/1581/1405
f 1677/1578/1405 1680/1581/1405 1678/1579/1406
f 1676/1577/493 1668/1569/1393 1681/1582/493
f 1676/1577/493 1681/1582/493 1680/1581/1405
f 1679/1580/1407 1678/1579/1406 1682/1583/1408
f 1682/1583/1408 1678/1579/1406 1680/1581/1405
f 1679/1580/1407 1682/1583/1408 1683/1584/1409
f 1680/1581/1405 1681/1582/493 1684/1585/1410
f 1680/1581/1405 1684/1585/1410 1682/1583/1408
f 1681/1582/493 1668/1569/1393 1685/1586/1411
f 1685/1586/1411 1668/1569/1393 1669/1570/1398
f 1683/1584/1409 1682/1583/1408 1686/1587/1412
f 1686/1587/1412 1682/1583/1408 1684/1585/1410
f 1683/1584/1409 1686/1587/1412 1687/1588/1413
f 1686/1587/1412 1684/1585/1410 1688/1589/1414
f 1687/1588/1413 1686/1587/1412 1689/1590/1415
f 1689/1590/1415 1686/1587/1412 1688/1589/1414
f 1687/1588/1413 1689/1590/1415 1690/1591/1416
f 1688/1589/1414 1684/1585/1410 1691/1592/1417
f 1688/1589/1414 1691/1592/1417 1689/1590/1415
f 1692/1593/1418 1684/1585/1410 1681/1582/493
f 1692/1593/1418 1681/1582/493 1685/1586/1411
f 1684/1585/1410 1692/1593/1418 1691/1592/1417
f 1690/1591/1416 1689/1590/1415 1693/1594/1419
f 1693/1594/1419 1689/1590/1415 1691/1592/1417
f 1690/1591/1416 1693/1594/1419 1694/1595/1420
f 1694/1595/1420 1693/1594/1419 1695/1596/1421
f 1694/1595/1420 1695/1596/1421 1696/1597/1422
f 1696/1597/1422 1695/1596/1421 1697/1598/1423
f 1695/1596/1421 1693/1594/1419 1698/1599/1424
f 1698/1599/1424 1693/1594/1419 1691/1592/1417
f 1697/1598/1423 1695/1596/1421 1699/1600/1425
f 1699/1600/1425 1695/1596/1421 1698/1599/1424
f 1698/1599/1424 1691/1592/1417 1700/1601/1426
f 1698/1599/1424 1700/1601/1426 1699/1600/1425
f 1700/1601/1426 1691/1592/1417 1692/1593/1418
f 1697/1598/1423 1699/1600/1425 1701/1602/1427
f 1699/1600/1425 1700/1601/1426 1702/1603/1428
f 1702/1603/1428 1700/1601/1426 1692/1593/1418
f 1699/1600/1425 1702/1603/1428 1701/1602/1427
f 1697/1598/1423 1701/1602/1427 1703/1604/1429
f 1701/1602/1427 1702/1603/1428 1704/1605/1430
f 1703/1604/1429 1701/1602/1427 1705/1606/1431
f 1705/1606/1431 1701/1602/1427 1704/1605/1430
f 1703/1604/1429 1705/1606/1431 1706/1607/1432
f 1704/1605/1430 1702/1603/1428 1707/1608/1433
f 1704/1605/1430 1707/1608/1433 1705/1606/1431
f 1707/1608/1433 1702/1603/1428 1692/1593/1418
f 1706/1607/1432 1705/1606/1431 1708/1609/1434
f 1708/1609/1434 1705/1606/1431 1707/1608/1433
f 1706/1607/1432 1708/1609/1434 1709/1610/1435
f 1707/1608/1433 1692/1593/1418 1710/1611/1436
f 1707/1608/1433 1710/1611/1436 1708/1609/1434
f 1710/1611/1436 1692/1593/1418 1685/1586/1411
f 1709/1610/1435 1708/1609/1434 1711/1612/1437
f 1711/1612/1437 1708/1609/1434 1710/1611/1436
f 1711/1612/1437 1710/1611/1436 1685/1586/1411
f 1709/1610/1435 1711/1612/1437 1670/1571/1399
f 1711/1612/1437 1685/1586/1411 1669/1570/1398
f 1711/1612/1437 1669/1570/1398 1670/1571/1399
f 1712/1386/493 1713/1387/493 171/175/493
f 1712/1386/493 171/175/493 1714/1388/493
f 1714/1388/493 171/175/493 1715/1389/493
f 1715/1389/493 171/175/493 1716/1390/493
f 1716/1390/493 171/175/493 1717/1391/493
f 171/175/493 1713/1387/493 174/178/493
f 174/178/493 1713/1387/493 1718/1392/493
f 174/178/493 1718/1392/493 177/181/493
f 177/181/493 1718/1392/493 1719/1393/493
f 177/181/493 1719/1393/493 1720/1394/493
f 177/181/493 1720/1394/493 1721/1395/493
f 177/181/493 1721/1395/493 1722/1396/493
f 1723/938/493 1717/1391/493 171/175/493
f 1717/1391/493 1723/938/493 1724/1397/493
f 1724/1397/493 1723/938/493 1725/1398/493
f 1725/1398/493 1723/938/493 1726/1399/493
f 1723/938/493 171/175/493 1727/935/493
f 1727/935/493 171/175/493 168/172/493
f 1727/935/493 168/172/493 1728/932/493
f 1728/932/493 168/172/493 165/169/493
f 1728/932/493 165/169/493 1729/929/493
f 1729/929/493 165/169/493 162/166/493
f 1726/1399/493 1723/938/493 1730/941/493
f 1729/929/493 162/166/493 1731/924/493
f 1726/1399/493 1730/941/493 1732/1400/493
f 1732/1400/493 1730/941/493 1733/1401/493
f 1733/1401/493 1730/941/493 1734/1402/493
f 1734/1402/493 1730/941/493 1735/1403/493
f 1735/1403/493 1730/941/493 1736/1404/493
f 1736/1404/493 1730/941/493 1737/1405/493
f 1737/1405/493 1730/941/493 1722/1396/493
f 1722/1396/493 1730/941/493 177/181/493
f 159/163/493 1731/924/493 162/166/493
f 177/181/493 1730/941/493 1738/944/493
f 1731/924/493 159/163/493 1739/1406/493
f 1739/1406/493 159/163/493 156/160/493
f 1739/1406/493 156/160/493 155/159/493
f 1739/1406/493 155/159/493 152/156/493
f 1739/1406/493 152/156/493 146/148/493
f 146/148/493 152/156/493 148/151/493
f 1739/1406/493 146/148/493 144/144/493
f 1739/1406/493 144/144/493 1740/1407/493
f 1739/1406/493 1740/1407/493 1731/924/493
f 1740/1407/493 144/144/493 143/143/493
f 1731/924/493 1740/1407/493 1741/1408/493
f 1741/1408/493 1740/1407/493 143/143/493
f 1741/1408/493 143/143/493 1742/905/493
f 1731/924/493 1741/1408/493 1743/921/493
f 1741/1408/493 1742/905/493 1744/908/493
f 1743/921/493 1741/1408/493 1745/1409/493
f 1745/1409/493 1741/1408/493 1744/908/493
f 1743/921/493 1745/1409/493 1746/918/493
f 1745/1409/493 1744/908/493 1747/911/493
f 1746/918/493 1745/1409/493 1748/915/493
f 1745/1409/493 1747/911/493 1749/912/493
f 1745/1409/493 1749/912/493 1748/915/493
f 1750/1410/493 1751/1411/493 1738/944/493
f 1738/944/493 1751/1411/493 1752/1412/493
f 1738/944/493 1752/1412/493 1753/1413/493
f 1738/944/493 1753/1413/493 1754/1414/493
f 1750/1410/493 1738/944/493 1755/947/493
f 1738/944/493 1754/1414/493 177/181/493
f 1750/1410/493 1755/947/493 1756/1415/493
f 177/181/493 1754/1414/493 1757/1416/493
f 1756/1415/493 1755/947/493 1758/1417/493
f 1758/1417/493 1755/947/493 1759/1418/493
f 1759/1418/493 1755/947/493 1760/1419/493
f 1760/1419/493 1755/947/493 183/187/493
f 183/187/493 1755/947/493 1761/950/493
f 183/187/493 1761/950/493 186/190/493
f 186/190/493 1761/950/493 1762/953/493
f 186/190/493 1762/953/493 189/193/493
f 189/193/493 1762/953/493 1763/956/493
f 189/193/493 1763/956/493 192/196/493
f 192/196/493 1763/956/493 1764/959/493
f 192/196/493 1764/959/493 195/199/493
f 195/199/493 1764/959/493 1765/962/493
f 195/199/493 1765/962/493 198/202/493
f 198/202/493 1765/962/493 1766/965/493
f 198/202/493 1766/965/493 201/205/493
f 201/205/493 1766/965/493 1767/968/493
f 201/205/493 1767/968/493 204/208/493
f 204/208/493 1767/968/493 1768/971/493
f 204/208/493 1768/971/493 207/211/493
f 207/211/493 1768/971/493 1769/391/493
f 207/211/493 1769/391/493 210/214/493
f 210/214/493 1769/391/493 1770/390/493
f 210/214/493 1770/390/493 421/324/493
f 421/324/493 1770/390/493 1771/393/493
f 421/324/493 1771/393/493 424/321/493
f 424/321/493 1771/393/493 427/318/493
f 427/318/493 1771/393/493 768/395/493
f 427/318/493 768/395/493 766/399/493
f 427/318/493 766/399/493 430/315/493
f 430/315/493 766/399/493 433/312/493
f 433/312/493 766/399/493 763/401/493
f 433/312/493 763/401/493 436/309/493
f 436/309/493 763/401/493 760/404/493
f 1772/1420/493 760/404/493 1773/1421/493
f 1773/1421/493 760/404/493 1774/1422/493
f 760/404/493 1772/1420/493 1775/1423/493
f 760/404/493 1775/1423/493 436/309/493
f 436/309/493 1775/1423/493 1776/1424/493
f 1774/1422/493 760/404/493 757/407/493
f 436/309/493 1776/1424/493 1777/1425/493
f 1774/1422/493 757/407/493 1778/1430/493
f 436/309/493 1777/1425/493 1779/1426/493
f 436/309/493 1779/1426/493 1780/1427/493
f 436/309/493 1780/1427/493 1781/1428/493
f 436/309/493 1781/1428/493 1782/1429/493
f 1778/1430/493 757/407/493 1783/1431/493
f 436/309/493 1782/1429/493 439/306/493
f 1783/1431/493 757/407/493 1784/1434/493
f 439/306/493 1782/1429/493 1785/1432/493
f 439/306/493 1785/1432/493 1786/1433/493
f 439/306/493 1786/1433/493 1787/1435/493
f 439/306/493 1787/1435/493 757/407/493
f 1784/1434/493 757/407/493 1788/1437/493
f 757/407/493 1787/1435/493 1789/1436/493
f 757/407/493 1789/1436/493 1788/1437/493
f 439/306/493 757/407/493 442/303/493
f 442/303/493 757/407/493 754/410/493
f 1790/1438/493 754/410/493 1791/1439/493
f 754/410/493 1790/1438/493 1792/1440/493
f 754/410/493 1792/1440/493 1793/1441/493
f 1791/1439/493 754/410/493 1794/1442/493
f 754/410/493 1793/1441/493 1795/1443/493
f 754/410/493 1795/1443/493 442/303/493
f 1794/1442/493 754/410/493 751/413/493
f 442/303/493 1795/1443/493 1796/1444/493
f 442/303/493 1796/1444/493 1797/1445/493
f 442/303/493 1797/1445/493 1798/1446/493
f 442/303/493 1798/1446/493 1799/1447/493
f 442/303/493 1799/1447/493 445/300/493
f 445/300/493 1799/1447/493 1800/1448/493
f 445/300/493 1800/1448/493 1801/1449/493
f 445/300/493 1801/1449/493 448/297/493
f 448/297/493 1801/1449/493 1802/1450/493
f 448/297/493 1802/1450/493 1803/1451/493
f 448/297/493 1803/1451/493 1804/1452/493
f 448/297/493 1804/1452/493 1805/1453/493
f 448/297/493 1805/1453/493 1806/1454/493
f 448/297/493 1806/1454/493 751/413/493
f 751/413/493 1806/1454/493 1807/1455/493
f 751/413/493 1807/1455/493 1808/1456/493
f 751/413/493 1808/1456/493 1809/1457/493
f 751/413/493 1809/1457/493 1794/1442/493
f 448/297/493 751/413/493 748/416/493
f 448/297/493 748/416/493 451/294/493
f 451/294/493 748/416/493 745/419/493
f 451/294/493 745/419/493 454/291/493
f 454/291/493 745/419/493 742/422/493
f 454/291/493 742/422/493 457/288/493
f 457/288/493 742/422/493 739/425/493
f 457/288/493 739/425/493 460/285/493
f 460/285/493 739/425/493 736/428/493
f 460/285/493 736/428/493 463/282/493
f 463/282/493 736/428/493 732/431/493
f 463/282/493 732/431/493 731/436/493
f 463/282/493 731/436/493 466/279/493
f 466/279/493 731/436/493 469/276/493
f 469/276/493 731/436/493 729/437/493
f 469/276/493 729/437/493 472/275/493
f 472/275/493 729/437/493 727/440/493
f 472/275/493 727/440/493 473/272/493
f 473/272/493 727/440/493 725/443/493
f 473/272/493 725/443/493 476/269/493
f 476/269/493 725/443/493 723/446/493
f 476/269/493 723/446/493 479/266/493
f 479/266/493 723/446/493 721/449/493
f 479/266/493 721/449/493 482/263/493
f 482/263/493 721/449/493 719/452/493
f 482/263/493 719/452/493 717/455/493
f 482/263/493 717/455/493 485/260/493
f 485/260/493 717/455/493 715/458/493
f 485/260/493 715/458/493 488/257/493
f 488/257/493 715/458/493 491/254/493
f 491/254/493 715/458/493 713/461/493
f 491/254/493 713/461/493 710/464/493
f 491/254/493 710/464/493 494/249/493
f 494/249/493 710/464/493 706/469/493
f 494/249/493 706/469/493 499/246/493
f 499/246/493 706/469/493 502/243/493
f 502/243/493 706/469/493 705/472/493
f 502/243/493 705/472/493 708/221/493
f 502/243/493 708/221/493 505/240/493
f 505/240/493 708/221/493 508/237/493
f 508/237/493 708/221/493 521/219/493
f 508/237/493 521/219/493 511/234/493
f 511/234/493 521/219/493 519/225/493
f 511/234/493 519/225/493 514/383/493
f 514/383/493 519/225/493 517/386/493
f 514/383/493 517/386/493 516/385/493
f 1810/1458/493 177/181/493 1757/1416/493
f 177/181/493 1810/1458/493 1811/1459/493
f 177/181/493 1811/1459/493 1812/1460/493
f 177/181/493 1812/1460/493 1813/1461/493
f 177/181/493 1813/1461/493 1814/1461/493
f 177/181/493 1814/1461/493 180/184/493
f 180/184/493 1814/1461/493 1815/1462/493
f 180/184/493 1815/1462/493 183/187/493
f 183/187/493 1815/1462/493 1816/1463/493
f 183/187/493 1816/1463/493 1817/1464/493
f 183/187/493 1817/1464/493 1818/1465/493
f 183/187/493 1818/1465/493 1819/1466/493
f 1760/1419/493 183/187/493 1819/1466/493
f 1771/393/1438 771/392/640 768/395/637
f 1820/388/1439 770/394/639 771/392/640
f 771/392/640 1771/393/1438 1770/390/1438
f 1820/388/1439 771/392/640 1821/387/1440
f 1821/387/1440 771/392/640 1770/390/1438
f 1820/388/1439 1821/387/1440 1822/389/1441
f 1821/387/1440 1770/390/1438 1769/391/1442
f 1821/387/1440 1769/391/1442 1823/972/1443
f 1821/387/1440 1823/972/1443 1822/389/1441
f 1823/972/1443 1769/391/1442 1768/971/1444
f 1822/389/1441 1823/972/1443 1824/970/1445
f 1824/970/1445 1823/972/1443 1768/971/1444
f 1822/389/1441 1824/970/1445 1825/969/1446
f 1824/970/1445 1768/971/1444 1767/968/1447
f 1825/969/1446 1824/970/1445 1826/967/1448
f 1826/967/1448 1824/970/1445 1767/968/1447
f 1825/969/1446 1826/967/1448 1827/966/1449
f 1826/967/1448 1767/968/1447 1766/965/1450
f 1827/966/1449 1826/967/1448 1828/964/1451
f 1828/964/1451 1826/967/1448 1766/965/1450
f 1827/966/1449 1828/964/1451 1829/963/1452
f 1828/964/1451 1766/965/1450 1765/962/1453
f 1829/963/1452 1828/964/1451 1830/961/1454
f 1830/961/1454 1828/964/1451 1765/962/1453
f 1829/963/1452 1830/961/1454 1831/960/1455
f 1830/961/1454 1765/962/1453 1764/959/1456
f 1831/960/1455 1830/961/1454 1832/958/1457
f 1832/958/1457 1830/961/1454 1764/959/1456
f 1831/960/1455 1832/958/1457 1833/957/1458
f 1832/958/1457 1764/959/1456 1763/956/1459
f 1833/957/1458 1832/958/1457 1834/955/1460
f 1834/955/1460 1832/958/1457 1763/956/1459
f 1833/957/1458 1834/955/1460 1835/954/1461
f 1834/955/1460 1763/956/1459 1762/953/563
f 1835/954/1461 1834/955/1460 1836/952/1462
f 1836/952/1462 1834/955/1460 1762/953/563
f 1835/954/1461 1836/952/1462 1837/951/1463
f 1836/952/1462 1762/953/563 1761/950/1464
f 1837/951/1463 1836/952/1462 1838/949/1465
f 1838/949/1465 1836/952/1462 1761/950/1464
f 1837/951/1463 1838/949/1465 1839/948/1466
f 1838/949/1465 1761/950/1464 1755/947/1467
f 1839/948/1466 1838/949/1465 1840/946/1468
f 1840/946/1468 1838/949/1465 1755/947/1467
f 1839/948/1466 1840/946/1468 1841/945/1469
f 1840/946/1468 1755/947/1467 1738/944/1470
f 1841/945/1469 1840/946/1468 1842/943/1471
f 1842/943/1471 1840/946/1468 1738/944/1470
f 1841/945/1469 1842/943/1471 1843/942/1472
f 1842/943/1471 1738/944/1470 1730/941/1473
f 1843/942/1472 1842/943/1471 1844/940/1474
f 1844/940/1474 1842/943/1471 1730/941/1473
f 1843/942/1472 1844/940/1474 1845/939/1475
f 1844/940/1474 1730/941/1473 1723/938/1476
f 1845/939/1475 1844/940/1474 1846/937/1477
f 1846/937/1477 1844/940/1474 1723/938/1476
f 1845/939/1475 1846/937/1477 1847/936/1478
f 1846/937/1477 1723/938/1476 1727/935/1479
f 1847/936/1478 1846/937/1477 1848/934/1480
f 1848/934/1480 1846/937/1477 1727/935/1479
f 1847/936/1478 1848/934/1480 1849/933/1481
f 1848/934/1480 1727/935/1479 1728/932/1482
f 1849/933/1481 1848/934/1480 1850/931/1483
f 1850/931/1483 1848/934/1480 1728/932/1482
f 1849/933/1481 1850/931/1483 1851/930/1484
f 1850/931/1483 1728/932/1482 1729/929/1485
f 1851/930/1484 1850/931/1483 1852/928/1486
f 1852/928/1486 1850/931/1483 1729/929/1485
f 1851/930/1484 1852/928/1486 1853/927/1487
f 1852/928/1486 1729/929/1485 1731/924/1488
f 1853/927/1487 1852/928/1486 1854/925/1489
f 1854/925/1489 1852/928/1486 1731/924/1488
f 1853/927/1487 1854/925/1489 1855/926/1490
f 1855/926/1490 1854/925/1489 1856/923/1491
f 1854/925/1489 1731/924/1488 1857/922/1492
f 1854/925/1489 1857/922/1492 1856/923/1491
f 1857/922/1492 1731/924/1488 1743/921/1493
f 1856/923/1491 1857/922/1492 1858/920/1494
f 1857/922/1492 1743/921/1493 1859/919/1495
f 1857/922/1492 1859/919/1495 1858/920/1494
f 1859/919/1495 1743/921/1493 1746/918/1496
f 1858/920/1494 1859/919/1495 1860/917/1497
f 1859/919/1495 1746/918/1496 1861/916/1498
f 1859/919/1495 1861/916/1498 1860/917/1497
f 1861/916/1498 1746/918/1496 1748/915/1499
f 1860/917/1497 1861/916/1498 1862/914/1500
f 1861/916/1498 1748/915/1499 1863/913/1501
f 1861/916/1498 1863/913/1501 1862/914/1500
f 1863/913/1501 1748/915/1499 1749/912/1502
f 1862/914/1500 1863/913/1501 1864/909/1503
f 1863/913/1501 1749/912/1502 1865/910/1504
f 1863/913/1501 1865/910/1504 1864/909/1503
f 1865/910/1504 1749/912/1502 1747/911/1505
f 1865/910/1504 1747/911/1505 1744/908/1506
f 1864/909/1503 1865/910/1504 1866/907/1507
f 1866/907/1507 1865/910/1504 1744/908/1506
f 1864/909/1503 1866/907/1507 1867/906/1508
f 1866/907/1507 1744/908/1506 1742/905/1509
f 1867/906/1508 1866/907/1507 1868/904/1510
f 1868/904/1510 1866/907/1507 1742/905/1509
f 1867/906/1508 1868/904/1510 24/903/1511
f 1868/904/1510 1742/905/1509 143/143/49
f 24/903/1511 1868/904/1510 1869/901/1512
f 1869/901/1512 1868/904/1510 143/143/49
f 24/903/1511 1869/901/1512 21/902/1513
f 21/902/1513 1869/901/1512 19/145/51
f 1869/901/1512 143/143/49 142/142/48
f 1869/901/1512 142/142/48 19/145/51
f 1870/1613/1156 452/1163/1156 1300/1162/1155
f 452/1163/1156 1870/1613/1156 449/1614/1514
f 449/1614/1514 1870/1613/1156 1871/1615/1514
f 449/1614/1514 1871/1615/1514 1872/1616/1515
f 449/1614/1514 1872/1616/1515 446/1617/1515
f 446/1617/1515 1872/1616/1515 1873/1618/1516
f 446/1617/1515 1873/1618/1516 443/1619/1516
f 443/1619/1516 1873/1618/1516 440/1620/1517
f 440/1620/1517 1873/1618/1516 1874/1621/1517
f 440/1620/1517 1874/1621/1517 1875/1622/1518
f 440/1620/1517 1875/1622/1518 437/1623/1518
f 437/1623/1518 1875/1622/1518 1876/1624/1519
f 437/1623/1518 1876/1624/1519 434/1625/1519
f 434/1625/1519 1876/1624/1519 1877/1626/1520
f 434/1625/1519 1877/1626/1520 431/1627/1520
f 431/1627/1520 1877/1626/1520 1878/1628/1521
f 431/1627/1520 1878/1628/1521 428/1629/1521
f 428/1629/1521 1878/1628/1521 425/1630/1522
f 425/1630/1522 1878/1628/1521 1879/1631/1522
f 425/1630/1522 1879/1631/1522 422/1632/297
f 422/1632/297 1879/1631/1522 1880/1633/297
f 422/1632/297 1880/1633/297 1881/1634/1523
f 422/1632/297 1881/1634/1523 213/1635/1523
f 213/1635/1523 1881/1634/1523 211/1636/47
f 211/1636/47 1881/1634/1523 1882/1637/47
f 211/1636/47 1882/1637/47 1883/1638/46
f 211/1636/47 1883/1638/46 208/1639/46
f 208/1639/46 1883/1638/46 206/1640/45
f 206/1640/45 1883/1638/46 1884/1641/45
f 206/1640/45 1884/1641/45 1885/1642/43
f 206/1640/45 1885/1642/43 203/1643/43
f 203/1643/43 1885/1642/43 1886/1644/41
f 203/1643/43 1886/1644/41 200/1645/41
f 200/1645/41 1886/1644/41 1887/1646/39
f 200/1645/41 1887/1646/39 197/1647/39
f 197/1647/39 1887/1646/39 194/1648/37
f 194/1648/37 1887/1646/39 1888/1649/37
f 194/1648/37 1888/1649/37 191/1650/35
f 191/1650/35 1888/1649/37 1889/1651/35
f 191/1650/35 1889/1651/35 188/1652/33
f 188/1652/33 1889/1651/35 1890/1653/33
f 188/1652/33 1890/1653/33 185/1654/31
f 185/1654/31 1890/1653/33 1891/1655/31
f 185/1654/31 1891/1655/31 1892/1656/29
f 185/1654/31 1892/1656/29 182/1657/29
f 182/1657/29 1892/1656/29 1893/1658/27
f 182/1657/29 1893/1658/27 179/1659/27
f 179/1659/27 1893/1658/27 176/1660/26
f 176/1660/26 1893/1658/27 1894/1661/26
f 176/1660/26 1894/1661/26 173/1662/28
f 173/1662/28 1894/1661/26 1895/1663/28
f 173/1662/28 1895/1663/28 170/1664/30
f 170/1664/30 1895/1663/28 1896/1665/30
f 170/1664/30 1896/1665/30 167/1666/32
f 167/1666/32 1896/1665/30 1897/1667/32
f 167/1666/32 1897/1667/32 164/1668/34
f 164/1668/34 1897/1667/32 1898/1669/34
f 164/1668/34 1898/1669/34 161/1670/36
f 161/1670/36 1898/1669/34 1899/1671/36
f 161/1670/36 1899/1671/36 158/1672/38
f 158/1672/38 1899/1671/36 1900/1673/38
f 158/1672/38 1900/1673/38 1901/1674/40
f 158/1672/38 1901/1674/40 153/1675/40
f 153/1675/40 1901/1674/40 1902/1676/42
f 153/1675/40 1902/1676/42 150/1677/42
f 150/1677/42 1902/1676/42 13/13/44
f 150/1677/42 13/13/44 15/15/44
f 1903/1678/47 141/141/47 139/139/46
f 141/141/47 1903/1678/47 1904/1679/1523
f 141/141/47 1904/1679/1523 319/1680/1523
f 319/1680/1523 1904/1679/1523 316/1681/297
f 316/1681/297 1904/1679/1523 1905/1682/297
f 316/1681/297 1905/1682/297 1906/1683/1522
f 316/1681/297 1906/1683/1522 313/1684/1522
f 313/1684/1522 1906/1683/1522 1907/1685/1521
f 313/1684/1522 1907/1685/1521 310/1686/1521
f 310/1686/1521 1907/1685/1521 307/1687/1520
f 307/1687/1520 1907/1685/1521 1908/1688/1520
f 307/1687/1520 1908/1688/1520 304/1689/1519
f 304/1689/1519 1908/1688/1520 1909/1690/1519
f 304/1689/1519 1909/1690/1519 301/1691/1518
f 301/1691/1518 1909/1690/1519 1910/1692/1518
f 301/1691/1518 1910/1692/1518 298/1693/1517
f 298/1693/1517 1910/1692/1518 1911/1694/1517
f 298/1693/1517 1911/1694/1517 1912/1695/1516
f 298/1693/1517 1912/1695/1516 295/1696/1516
f 295/1696/1516 1912/1695/1516 292/1697/1515
f 292/1697/1515 1912/1695/1516 1913/1698/1515
f 292/1697/1515 1913/1698/1515 289/1699/1514
f 289/1699/1514 1913/1698/1515 1914/1700/1514
f 289/1699/1514 1914/1700/1514 1915/1701/1156
f 289/1699/1514 1915/1701/1156 286/1702/1156
f 286/1702/1156 1915/1701/1156 1916/1703/1155
f 286/1702/1156 1916/1703/1155 283/1704/1155
f 283/1704/1155 1916/1703/1155 1917/1705/1154
f 283/1704/1155 1917/1705/1154 280/1706/1154
f 280/1706/1154 1917/1705/1154 1918/1707/1153
f 280/1706/1154 1918/1707/1153 277/1708/1153
f 277/1708/1153 1918/1707/1153 274/1709/1149
f 274/1709/1149 1918/1707/1153 1919/1710/1149
f 274/1709/1149 1919/1710/1149 271/1711/1149
f 271/1711/1149 1919/1710/1149 1920/1712/1149
f 271/1711/1149 1920/1712/1149 1921/1713/1149
f 271/1711/1149 1921/1713/1149 266/1714/1149
f 266/1714/1149 1921/1713/1149 1922/1715/37
f 266/1714/1149 1922/1715/37 263/1716/37
f 263/1716/37 1922/1715/37 1923/1717/1146
f 263/1716/37 1923/1717/1146 260/1718/1146
f 260/1718/1146 1923/1717/1146 1924/1719/1144
f 260/1718/1146 1924/1719/1144 257/1720/1144
f 257/1720/1144 1924/1719/1144 1925/1721/299
f 257/1720/1144 1925/1721/299 254/1722/299
f 254/1722/299 1925/1721/299 251/1723/1141
f 251/1723/1141 1925/1721/299 1926/1724/1141
f 251/1723/1141 1926/1724/1141 248/1725/1139
f 248/1725/1139 1926/1724/1141 1927/1726/1139
f 248/1725/1139 1927/1726/1139 245/1727/1140
f 245/1727/1140 1927/1726/1139 1928/1728/1140
f 245/1727/1140 1928/1728/1140 244/1729/1142
f 244/1729/1142 1928/1728/1140 1929/1730/1142
f 244/1729/1142 1929/1730/1142 241/1731/1143
f 241/1731/1143 1929/1730/1142 1930/1732/1143
f 241/1731/1143 1930/1732/1143 238/1733/1145
f 238/1733/1145 1930/1732/1143 1931/1734/1145
f 238/1733/1145 1931/1734/1145 1932/1735/1147
f 238/1733/1145 1932/1735/1147 235/1736/1147
f 235/1736/1147 1932/1735/1147 1933/1737/1148
f 235/1736/1147 1933/1737/1148 232/1738/1148
f 232/1738/1148 1933/1737/1148 229/1739/1150
f 229/1739/1150 1933/1737/1148 1934/1740/1150
f 229/1739/1150 1934/1740/1150 226/1741/1151
f 226/1741/1151 1934/1740/1150 1935/1742/1151
f 226/1741/1151 1935/1742/1151 62/1743/1152
f 62/1743/1152 1935/1742/1151 61/1744/1152
f 737/1745/1183 1936/1746/1183 734/1747/1188
f 734/1747/1188 1936/1746/1183 1937/1748/1188
f 734/1747/1188 1937/1748/1188 99/99/1189
f 734/1747/1188 99/99/1189 100/100/1189
f 1936/1746/1183 737/1745/1183 1938/1749/1187
f 1938/1749/1187 737/1745/1183 740/1750/1187
f 1938/1749/1187 740/1750/1187 743/1751/1186
f 1938/1749/1187 743/1751/1186 1939/1752/1186
f 1939/1752/1186 743/1751/1186 1940/1753/1185
f 1940/1753/1185 743/1751/1186 746/1754/1185
f 1940/1753/1185 746/1754/1185 1941/1755/1184
f 1941/1755/1184 746/1754/1185 749/1756/1184
f 1941/1755/1184 749/1756/1184 1942/1757/1183
f 1942/1757/1183 749/1756/1184 752/1758/1183
f 1942/1757/1183 752/1758/1183 1943/1759/1174
f 1943/1759/1174 752/1758/1183 755/1760/1174
f 1943/1759/1174 755/1760/1174 1944/1761/1182
f 1944/1761/1182 755/1760/1174 758/1762/1182
f 1944/1761/1182 758/1762/1182 761/1763/1181
f 1944/1761/1182 761/1763/1181 1945/1764/1181
f 1945/1764/1181 761/1763/1181 764/1765/1180
f 1945/1764/1181 764/1765/1180 1946/1766/1180
f 1946/1766/1180 764/1765/1180 1947/1767/1179
f 1947/1767/1179 764/1765/1180 767/1768/1179
f 1947/1767/1179 767/1768/1179 1948/1769/1177
f 1948/1769/1177 767/1768/1179 770/1770/1177
f 1948/1769/1177 770/1770/1177 1949/1771/1175
f 1949/1771/1175 770/1770/1177 1820/1772/1175
f 1949/1771/1175 1820/1772/1175 1950/1773/1173
f 1950/1773/1173 1820/1772/1175 1822/1774/1173
f 1950/1773/1173 1822/1774/1173 1951/1775/1171
f 1951/1775/1171 1822/1774/1173 1825/1776/1171
f 1951/1775/1171 1825/1776/1171 1952/1777/1170
f 1952/1777/1170 1825/1776/1171 1827/1778/1170
f 1952/1777/1170 1827/1778/1170 1829/1779/1168
f 1952/1777/1170 1829/1779/1168 1953/1780/1168
f 1791/1781/1524 1954/1782/1524 1790/1783/1525
f 1790/1783/1525 1954/1782/1524 1955/1784/1525
f 1954/1782/1524 1791/1781/1524 1956/1785/1526
f 1790/1783/1525 1955/1784/1525 1792/1786/1527
f 1956/1785/1526 1791/1781/1524 1794/1787/1526
f 1792/1786/1527 1955/1784/1525 1957/1788/1527
f 1956/1785/1526 1794/1787/1526 1958/1789/1528
f 1792/1786/1527 1957/1788/1527 1793/1790/1529
f 1958/1789/1528 1794/1787/1526 1809/1791/1528
f 1793/1790/1529 1957/1788/1527 1959/1792/1529
f 1958/1789/1528 1809/1791/1528 1960/1793/1530
f 1793/1790/1529 1959/1792/1529 1795/1794/1531
f 1960/1793/1530 1809/1791/1528 1808/1795/1530
f 1795/1794/1531 1959/1792/1529 1961/1796/1531
f 1960/1793/1530 1808/1795/1530 1807/1797/1532
f 1795/1794/1531 1961/1796/1531 1796/1798/1533
f 1960/1793/1530 1807/1797/1532 1962/1799/1532
f 1796/1798/1533 1961/1796/1531 1963/1800/1533
f 1962/1799/1532 1807/1797/1532 1806/1801/1534
f 1796/1798/1533 1963/1800/1533 1797/1802/1535
f 1962/1799/1532 1806/1801/1534 1964/1803/1534
f 1797/1802/1535 1963/1800/1533 1965/1804/1535
f 1964/1803/1534 1806/1801/1534 1805/1805/1536
f 1797/1802/1535 1965/1804/1535 1798/1806/1161
f 1964/1803/1534 1805/1805/1536 1966/1807/1536
f 1798/1806/1161 1965/1804/1535 1967/1808/1161
f 1966/1807/1536 1805/1805/1536 1804/1809/1537
f 1798/1806/1161 1967/1808/1161 1799/1810/1538
f 1966/1807/1536 1804/1809/1537 1968/1811/1537
f 1799/1810/1538 1967/1808/1161 1969/1812/1538
f 1968/1811/1537 1804/1809/1537 1803/1813/14
f 1799/1810/1538 1969/1812/1538 1970/1814/1189
f 1968/1811/1537 1803/1813/14 1971/1815/14
f 1971/1815/14 1803/1813/14 1802/1816/1539
f 1971/1815/14 1802/1816/1539 1972/1817/1539
f 1799/1810/1538 1970/1814/1189 1800/1818/1189
f 1800/1818/1189 1970/1814/1189 1973/1814/1540
f 1800/1818/1189 1973/1814/1540 1801/1818/1540
f 1801/1818/1540 1973/1814/1540 1972/1819/1540
f 1801/1818/1540 1972/1819/1540 1802/1820/1540
f 1974/1821/1541 1975/1822/14 1816/1823/1541
f 1816/1823/1541 1975/1822/14 1817/1824/14
f 1974/1821/1541 1816/1823/1541 1815/1825/1542
f 1817/1824/14 1975/1822/14 1976/1826/1537
f 1974/1821/1541 1815/1825/1542 1977/1827/1542
f 1817/1824/14 1976/1826/1537 1818/1828/1537
f 1977/1827/1542 1815/1825/1542 1814/1829/1181
f 1818/1828/1537 1976/1826/1537 1978/1830/1536
f 1977/1827/1542 1814/1829/1181 1979/1831/1181
f 1818/1828/1537 1978/1830/1536 1819/1832/1536
f 1979/1831/1181 1814/1829/1181 1813/1829/1159
f 1819/1832/1536 1978/1830/1536 1980/1833/1534
f 1979/1831/1181 1813/1829/1159 1981/1831/1159
f 1819/1832/1536 1980/1833/1534 1760/1834/1534
f 1981/1831/1159 1813/1829/1159 1812/1835/1161
f 1760/1834/1534 1980/1833/1534 1982/1836/1532
f 1981/1831/1159 1812/1835/1161 1983/1837/1161
f 1760/1834/1534 1982/1836/1532 1759/1838/1532
f 1983/1837/1161 1812/1835/1161 1984/1839/1535
f 1759/1838/1532 1982/1836/1532 1985/1840/1543
f 1984/1839/1535 1812/1835/1161 1811/1841/1535
f 1759/1838/1532 1985/1840/1543 1758/1842/1543
f 1984/1839/1535 1811/1841/1535 1986/1843/1533
f 1758/1842/1543 1985/1840/1543 1756/1844/1544
f 1986/1843/1533 1811/1841/1535 1810/1845/1533
f 1756/1844/1544 1985/1840/1543 1987/1846/1544
f 1986/1843/1533 1810/1845/1533 1988/1847/1531
f 1756/1844/1544 1987/1846/1544 1750/1848/1142
f 1988/1847/1531 1810/1845/1533 1757/1849/1531
f 1750/1848/1142 1987/1846/1544 1989/1850/1142
f 1988/1847/1531 1757/1849/1531 1990/1851/1529
f 1750/1848/1142 1989/1850/1142 1751/1852/1545
f 1990/1851/1529 1757/1849/1531 1754/1853/1529
f 1751/1852/1545 1989/1850/1142 1991/1854/1545
f 1751/1852/1545 1991/1854/1545 1752/1855/1546
f 1752/1855/1546 1991/1854/1545 1992/1856/1546
f 1990/1851/1529 1754/1853/1529 1993/1857/1527
f 1993/1857/1527 1754/1853/1529 1753/1858/1527
f 1993/1857/1527 1753/1858/1527 1992/1859/1547
f 1992/1859/1547 1753/1858/1527 1752/1860/1547
f 1978/1861/493 1891/1862/493 1980/1863/493
f 1994/672/731 1995/673/732 1996/674/733
f 1994/672/731 1996/674/733 1997/675/734
f 1994/672/731 1997/675/734 1998/676/735
f 1998/676/735 1997/675/734 1999/677/736
f 1994/672/731 1998/676/735 2000/678/737
f 1998/676/735 1999/677/736 2001/679/738
f 1994/672/731 2000/678/737 2002/680/739
f 1994/672/731 2002/680/739 1995/673/732
f 2000/678/737 1998/676/735 2003/681/740
f 2003/681/740 1998/676/735 2001/679/738
f 2000/678/737 2003/681/740 2002/680/739
f 2001/679/738 1999/677/736 2004/682/741
f 1995/673/732 2002/680/739 2005/683/742
f 2001/679/738 2004/682/741 2006/684/743
f 2006/684/743 2004/682/741 2007/685/744
f 2003/681/740 2001/679/738 2008/686/745
f 2008/686/745 2001/679/738 2006/684/743
f 2006/684/743 2007/685/744 2009/687/746
f 2009/687/746 2007/685/744 2010/688/747
f 2008/686/745 2006/684/743 2011/689/748
f 2011/689/748 2006/684/743 2009/687/746
f 2009/687/746 2010/688/747 2012/690/749
f 2012/690/749 2010/688/747 2013/691/750
f 2011/689/748 2009/687/746 2014/692/748
f 2014/692/748 2009/687/746 2012/690/749
f 2012/690/749 2013/691/750 2015/693/751
f 2015/693/751 2013/691/750 2016/694/752
f 2014/692/748 2012/690/749 2017/695/753
f 2017/695/753 2012/690/749 2015/693/751
f 2015/693/751 2016/694/752 2018/696/754
f 2018/696/754 2016/694/752 2019/697/755
f 2017/695/753 2015/693/751 2020/698/753
f 2020/698/753 2015/693/751 2018/696/754
f 2014/692/748 2017/695/753 2021/699/525
f 2018/696/754 2019/697/755 2022/700/756
f 2022/700/756 2019/697/755 2023/701/757
f 2020/698/753 2018/696/754 2024/702/758
f 2024/702/758 2018/696/754 2022/700/756
f 2017/695/753 2020/698/753 2025/703/525
f 2017/695/753 2025/703/525 2021/699/525
f 2020/698/753 2024/702/758 2026/704/525
f 2020/698/753 2026/704/525 2025/703/525
f 2022/700/756 2023/701/757 2027/705/759
f 2027/705/759 2023/701/757 2028/706/760
f 2024/702/758 2022/700/756 2029/707/758
f 2029/707/758 2022/700/756 2027/705/759
f 2026/704/525 2024/702/758 2030/708/525
f 2030/708/525 2024/702/758 2029/707/758
f 2027/705/759 2028/706/760 2031/709/761
f 2031/709/761 2028/706/760 2032/710/762
f 2029/707/758 2027/705/759 2033/711/763
f 2033/711/763 2027/705/759 2031/709/761
f 2030/708/525 2029/707/758 2034/712/525
f 2034/712/525 2029/707/758 2033/711/763
f 2031/709/761 2032/710/762 2035/713/764
f 2035/713/764 2032/710/762 2036/714/765
f 2033/711/763 2031/709/761 2037/715/766
f 2037/715/766 2031/709/761 2035/713/764
f 2034/712/525 2033/711/763 2038/716/525
f 2038/716/525 2033/711/763 2037/715/766
f 2035/713/764 2036/714/765 2039/717/767
f 2039/717/767 2036/714/765 2040/718/768
f 2037/715/766 2035/713/764 2041/719/769
f 2041/719/769 2035/713/764 2039/717/767
f 2038/716/525 2037/715/766 2042/720/525
f 2042/720/525 2037/715/766 2041/719/769
f 2039/717/767 2040/718/768 2043/721/770
f 2043/721/770 2040/718/768 2044/722/771
f 2041/719/769 2039/717/767 2045/723/772
f 2045/723/772 2039/717/767 2043/721/770
f 2042/720/525 2041/719/769 2046/724/525
f 2046/724/525 2041/719/769 2045/723/772
f 2043/721/770 2044/722/771 2047/725/770
f 2047/725/770 2044/722/771 2048/726/773
f 2045/723/772 2043/721/770 2049/727/772
f 2049/727/772 2043/721/770 2047/725/770
f 2045/723/772 2049/727/772 2046/724/525
f 2047/725/770 2048/726/773 2050/728/774
f 2050/728/774 2048/726/773 2051/729/775
f 2049/727/772 2047/725/770 2052/730/776
f 2052/730/776 2047/725/770 2050/728/774
f 2046/724/525 2049/727/772 2053/731/525
f 2053/731/525 2049/727/772 2052/730/776
f 2046/724/525 2053/731/525 2054/732/777
f 2046/724/525 2054/732/777 2042/720/525
f 2050/728/774 2051/729/775 2055/733/778
f 2052/730/776 2050/728/774 2056/734/779
f 2056/734/779 2050/728/774 2055/733/778
f 2055/733/778 2051/729/775 2057/735/780
f 2052/730/776 2056/734/779 2058/736/781
f 2058/736/781 2056/734/779 2055/733/778
f 2055/733/778 2057/735/780 2059/737/782
f 2055/733/778 2059/737/782 2058/736/781
f 2059/737/782 2057/735/780 2060/738/783
f 2052/730/776 2058/736/781 2061/739/784
f 2052/730/776 2061/739/784 2053/731/525
f 2058/736/781 2059/737/782 2062/740/785
f 2059/737/782 2060/738/783 2063/741/786
f 2059/737/782 2063/741/786 2062/740/785
f 2063/741/786 2060/738/783 2064/742/787
f 2063/741/786 2064/742/787 2065/743/788
f 2058/736/781 2062/740/785 2066/744/789
f 2058/736/781 2066/744/789 2061/739/784
f 2062/740/785 2063/741/786 2067/745/790
f 2067/745/790 2063/741/786 2065/743/788
f 2062/740/785 2067/745/790 2066/744/789
f 2067/745/790 2065/743/788 2068/746/791
f 2068/746/791 2065/743/788 2069/747/792
f 2066/744/789 2067/745/790 2070/748/793
f 2070/748/793 2067/745/790 2068/746/791
f 2066/744/789 2070/748/793 2061/739/784
f 2070/748/793 2068/746/791 2071/749/794
f 2068/746/791 2069/747/792 2072/750/795
f 2068/746/791 2072/750/795 2071/749/794
f 2072/750/795 2069/747/792 2073/751/796
f 2070/748/793 2071/749/794 2074/752/797
f 2074/752/797 2071/749/794 2072/750/795
f 2070/748/793 2074/752/797 2061/739/784
f 2072/750/795 2073/751/796 2075/753/798
f 2072/750/795 2075/753/798 2074/752/797
f 2075/753/798 2073/751/796 2076/754/799
f 2061/739/784 2074/752/797 2077/755/800
f 2077/755/800 2074/752/797 2075/753/798
f 2075/753/798 2076/754/799 2078/756/801
f 2075/753/798 2078/756/801 2077/755/800
f 2078/756/801 2076/754/799 2079/757/802
f 2061/739/784 2077/755/800 2080/758/800
f 2080/758/800 2077/755/800 2078/756/801
f 2061/739/784 2080/758/800 2053/731/525
f 2078/756/801 2079/757/802 2081/759/803
f 2078/756/801 2081/759/803 2080/758/800
f 2081/759/803 2079/757/802 2082/760/804
f 2053/731/525 2080/758/800 2054/732/777
f 2054/732/777 2080/758/800 2081/759/803
f 2081/759/803 2082/760/804 2083/761/805
f 2081/759/803 2083/761/805 2054/732/777
f 2083/761/805 2082/760/804 2084/762/806
f 2054/732/777 2083/761/805 2085/763/777
f 2054/732/777 2085/763/777 2042/720/525
f 2042/720/525 2085/763/777 2038/716/525
f 2083/761/805 2084/762/806 2086/764/807
f 2083/761/805 2086/764/807 2085/763/777
f 2086/764/807 2084/762/806 2087/765/808
f 2038/716/525 2085/763/777 2088/766/809
f 2088/766/809 2085/763/777 2086/764/807
f 2038/716/525 2088/766/809 2034/712/525
f 2086/764/807 2087/765/808 2089/767/810
f 2086/764/807 2089/767/810 2088/766/809
f 2089/767/810 2087/765/808 2090/768/811
f 2034/712/525 2088/766/809 2091/769/812
f 2091/769/812 2088/766/809 2089/767/810
f 2034/712/525 2091/769/812 2030/708/525
f 2089/767/810 2090/768/811 2092/770/813
f 2089/767/810 2092/770/813 2091/769/812
f 2092/770/813 2090/768/811 2093/771/814
f 2030/708/525 2091/769/812 2094/772/812
f 2094/772/812 2091/769/812 2092/770/813
f 2030/708/525 2094/772/812 2026/704/525
f 2092/770/813 2093/771/814 2095/773/815
f 2092/770/813 2095/773/815 2094/772/812
f 2095/773/815 2093/771/814 2096/774/816
f 2026/704/525 2094/772/812 2097/775/817
f 2097/775/817 2094/772/812 2095/773/815
f 2026/704/525 2097/775/817 2025/703/525
f 2095/773/815 2096/774/816 2098/776/818
f 2095/773/815 2098/776/818 2097/775/817
f 2098/776/818 2096/774/816 2099/777/819
f 2025/703/525 2097/775/817 2100/778/820
f 2100/778/820 2097/775/817 2098/776/818
f 2025/703/525 2100/778/820 2021/699/525
f 2098/776/818 2099/777/819 2101/779/821
f 2098/776/818 2101/779/821 2100/778/820
f 2101/779/821 2099/777/819 2102/780/822
f 2021/699/525 2100/778/820 2103/781/820
f 2103/781/820 2100/778/820 2101/779/821
f 2101/779/821 2102/780/822 2104/782/798
f 2101/779/821 2104/782/798 2103/781/820
f 2104/782/798 2102/780/822 2105/783/823
f 2021/699/525 2103/781/820 2106/784/525
f 2021/699/525 2106/784/525 2014/692/748
f 2014/692/748 2106/784/525 2011/689/748
f 2106/784/525 2103/781/820 2107/785/824
f 2107/785/824 2103/781/820 2104/782/798
f 2011/689/748 2106/784/525 2108/786/525
f 2108/786/525 2106/784/525 2107/785/824
f 2011/689/748 2108/786/525 2008/686/745
f 2109/787/825 2104/782/798 2105/783/823
f 2104/782/798 2109/787/825 2107/785/824
f 2109/787/825 2105/783/823 2110/788/826
f 2108/786/525 2107/785/824 2111/789/827
f 2111/789/827 2107/785/824 2109/787/825
f 2008/686/745 2108/786/525 2112/790/525
f 2112/790/525 2108/786/525 2111/789/827
f 2008/686/745 2112/790/525 2003/681/740
f 2109/787/825 2110/788/826 2113/791/828
f 2109/787/825 2113/791/828 2111/789/827
f 2113/791/828 2110/788/826 2114/792/829
f 2112/790/525 2111/789/827 2115/793/827
f 2115/793/827 2111/789/827 2113/791/828
f 2003/681/740 2112/790/525 2116/794/830
f 2116/794/830 2112/790/525 2115/793/827
f 2003/681/740 2116/794/830 2002/680/739
f 2113/791/828 2114/792/829 2117/795/831
f 2113/791/828 2117/795/831 2115/793/827
f 2117/795/831 2114/792/829 2118/796/832
f 2115/793/827 2117/795/831 2119/797/833
f 2115/793/827 2119/797/833 2116/794/830
f 2117/795/831 2118/796/832 2120/798/834
f 2117/795/831 2120/798/834 2119/797/833
f 2120/798/834 2118/796/832 2121/799/835
f 2116/794/830 2119/797/833 2122/800/836
f 2122/800/836 2119/797/833 2120/798/834
f 2120/798/834 2121/799/835 2123/801/837
f 2120/798/834 2123/801/837 2122/800/836
f 2123/801/837 2121/799/835 2124/802/838
f 2122/800/836 2123/801/837 2125/803/839
f 2123/801/837 2124/802/838 2126/804/840
f 2123/801/837 2126/804/840 2125/803/839
f 2126/804/840 2124/802/838 2127/805/841
f 2122/800/836 2125/803/839 2128/806/842
f 2128/806/842 2125/803/839 2126/804/840
f 2126/804/840 2127/805/841 2129/807/843
f 2126/804/840 2129/807/843 2128/806/842
f 2129/807/843 2127/805/841 2130/808/844
f 2129/807/843 2130/808/844 2131/809/845
f 2128/806/842 2129/807/843 2132/810/846
f 2132/810/846 2129/807/843 2131/809/845
f 2128/806/842 2132/810/846 2133/811/847
f 2134/812/848 2122/800/836 2128/806/842
f 2134/812/848 2128/806/842 2133/811/847
f 2134/812/848 2133/811/847 2132/810/846
f 2122/800/836 2134/812/848 2116/794/830
f 2132/810/846 2131/809/845 2135/813/849
f 2132/810/846 2135/813/849 2134/812/848
f 2135/813/849 2131/809/845 2136/814/850
f 2135/813/849 2136/814/850 2137/815/851
f 2135/813/849 2137/815/851 2138/816/852
f 2135/813/849 2138/816/852 2134/812/848
f 2138/816/852 2137/815/851 1996/674/733
f 2138/816/852 1996/674/733 1995/673/732
f 2134/812/848 2138/816/852 2139/817/853
f 2139/817/853 2138/816/852 1995/673/732
f 2134/812/848 2139/817/853 2116/794/830
f 2139/817/853 1995/673/732 2005/683/742
f 2116/794/830 2139/817/853 2002/680/739
f 2002/680/739 2139/817/853 2005/683/742
f 2140/1864/1166 1953/1780/1168 1829/1779/1168
f 2140/1864/1166 1829/1779/1168 1831/1865/1166
f 2140/1864/1166 1831/1865/1166 2141/1866/1164
f 2141/1866/1164 1831/1865/1166 1833/1867/1164
f 2141/1866/1164 1833/1867/1164 1835/1868/1162
f 2141/1866/1164 1835/1868/1162 2142/1869/1162
f 2142/1869/1162 1835/1868/1162 1837/1870/1160
f 2142/1869/1162 1837/1870/1160 2143/1871/1160
f 2143/1871/1160 1837/1870/1160 1839/1872/1159
f 2143/1871/1160 1839/1872/1159 2144/1873/1159
f 2144/1873/1159 1839/1872/1159 1841/1874/1157
f 2144/1873/1159 1841/1874/1157 2145/1875/1157
f 2145/1875/1157 1841/1874/1157 2146/1876/302
f 2146/1876/302 1841/1874/1157 1843/1877/302
f 2146/1876/302 1843/1877/302 2147/1878/1158
f 2147/1878/1158 1843/1877/302 1845/1879/1158
f 2147/1878/1158 1845/1879/1158 1847/1880/15
f 2147/1878/1158 1847/1880/15 2148/1881/15
f 2148/1881/15 1847/1880/15 1849/1882/1161
f 2148/1881/15 1849/1882/1161 2149/1883/1161
f 2149/1883/1161 1849/1882/1161 2150/1884/1163
f 2150/1884/1163 1849/1882/1161 1851/1885/1163
f 2150/1884/1163 1851/1885/1163 2151/1886/1165
f 2151/1886/1165 1851/1885/1163 1853/1887/1165
f 2151/1886/1165 1853/1887/1165 1855/1888/1167
f 2151/1886/1165 1855/1888/1167 2152/1889/1167
f 2152/1889/1167 1855/1888/1167 2153/1890/1169
f 2153/1890/1169 1855/1888/1167 1856/1891/1169
f 2153/1890/1169 1856/1891/1169 2154/1892/298
f 2154/1892/298 1856/1891/1169 1858/1893/298
f 2154/1892/298 1858/1893/298 1860/1894/1172
f 2154/1892/298 1860/1894/1172 2155/1895/1172
f 2155/1895/1172 1860/1894/1172 1862/1896/1174
f 2155/1895/1172 1862/1896/1174 2156/1897/1174
f 2156/1897/1174 1862/1896/1174 1864/1898/1176
f 2156/1897/1174 1864/1898/1176 2157/1899/1176
f 2157/1899/1176 1864/1898/1176 2158/1900/1178
f 2158/1900/1178 1864/1898/1176 1867/1901/1178
f 2158/1900/1178 1867/1901/1178 23/1902/1
f 23/1902/1 1867/1901/1178 24/1903/1
f 2159/1904/1529 1772/1905/1529 2160/1906/1527
f 2160/1906/1527 1772/1905/1529 1773/1907/1527
f 1772/1905/1529 2159/1904/1529 1775/1908/1531
f 2160/1906/1527 1773/1907/1527 2161/1909/1525
f 1775/1908/1531 2159/1904/1529 2162/1910/1531
f 2161/1909/1525 1773/1907/1527 1774/1911/1525
f 1775/1908/1531 2162/1910/1531 1776/1912/1533
f 2161/1909/1525 1774/1911/1525 2163/1913/1524
f 1776/1912/1533 2162/1910/1531 2164/1914/1533
f 2163/1913/1524 1774/1911/1525 1778/1915/1524
f 1776/1912/1533 2164/1914/1533 1777/1916/1535
f 2163/1913/1524 1778/1915/1524 2165/1917/41
f 1777/1916/1535 2164/1914/1533 2166/1918/1535
f 2165/1917/41 1778/1915/1524 1783/1919/41
f 1777/1916/1535 2166/1918/1535 1779/1920/1161
f 2165/1917/41 1783/1919/41 1784/1921/1543
f 1779/1920/1161 2166/1918/1535 2167/1922/1161
f 2165/1917/41 1784/1921/1543 2168/1923/1543
f 1779/1920/1161 2167/1922/1161 1780/1924/1538
f 2168/1923/1543 1784/1921/1543 1788/1925/1532
f 1780/1924/1538 2167/1922/1161 2169/1926/1538
f 2168/1923/1543 1788/1925/1532 2170/1927/1532
f 1780/1924/1538 2169/1926/1538 2171/1928/1542
f 2170/1927/1532 1788/1925/1532 1789/1929/1534
f 1780/1924/1538 2171/1928/1542 1781/1930/1542
f 2170/1927/1532 1789/1929/1534 2172/1931/1534
f 1781/1930/1542 2171/1928/1542 2173/1932/1541
f 2172/1931/1534 1789/1929/1534 1787/1933/1536
f 1781/1930/1542 2173/1932/1541 1782/1934/1541
f 2172/1931/1534 1787/1933/1536 2174/1935/1536
f 2174/1935/1536 1787/1933/1536 1786/1936/1548
f 2174/1935/1536 1786/1936/1548 2175/1937/1548
f 1782/1934/1541 2173/1932/1541 2176/1938/14
f 1782/1934/1541 2176/1938/14 1785/1939/14
f 1785/1939/14 2176/1938/14 2175/1940/1549
f 1785/1939/14 2175/1940/1549 1786/1941/1549
f 2177/1045/1072 2178/1047/1074 2179/854/887
f 2178/1047/1074 2177/1045/1072 2180/1046/1073
f 2177/1045/1072 2179/854/887 2181/1043/1070
f 2177/1045/1072 2181/1043/1070 2180/1046/1073
f 2180/1046/1073 2181/1043/1070 2182/1044/1071
f 2182/1044/1071 2181/1043/1070 2183/1042/1069
f 2180/1046/1073 2182/1044/1071 2184/832/868
f 2183/1042/1069 2181/1043/1070 2185/1041/1068
f 2185/1041/1068 2181/1043/1070 2179/854/887
f 2183/1042/1069 2185/1041/1068 2186/1040/1067
f 2180/1046/1073 2184/832/868 2187/1048/1075
f 2180/1046/1073 2187/1048/1075 2178/1047/1074
f 2187/1048/1075 2184/832/868 2188/831/867
f 2188/831/867 2184/832/868 2189/828/864
f 2178/1047/1074 2187/1048/1075 2190/1049/1076
f 2190/1049/1076 2187/1048/1075 2191/1050/1077
f 2190/1049/1076 2191/1050/1077 2178/1047/1074
f 2191/1050/1077 2187/1048/1075 2188/831/867
f 2188/831/867 2189/828/864 2192/826/862
f 2192/826/862 2189/828/864 2193/827/863
f 2192/826/862 2193/827/863 2194/823/859
f 2188/831/867 2192/826/862 2195/822/858
f 2188/831/867 2195/822/858 2191/1050/1077
f 2178/1047/1074 2191/1050/1077 2196/842/878
f 2196/842/878 2191/1050/1077 2195/822/858
f 2178/1047/1074 2196/842/878 2179/854/887
f 2192/826/862 2194/823/859 2197/820/856
f 2192/826/862 2197/820/856 2195/822/858
f 2197/820/856 2194/823/859 2198/818/854
f 2198/818/854 2194/823/859 2199/824/860
f 2198/818/854 2199/824/860 2200/825/861
f 2195/822/858 2197/820/856 2201/821/857
f 2201/821/857 2197/820/856 2202/819/855
f 2202/819/855 2197/820/856 2198/818/854
f 2201/821/857 2202/819/855 2195/822/858
f 2198/818/854 2200/825/861 2203/829/865
f 2198/818/854 2203/829/865 2202/819/855
f 2203/829/865 2200/825/861 2204/830/866
f 2195/822/858 2202/819/855 2205/836/872
f 2202/819/855 2203/829/865 2206/833/869
f 2202/819/855 2206/833/869 2205/836/872
f 2203/829/865 2204/830/866 2207/834/870
f 2203/829/865 2207/834/870 2206/833/869
f 2206/833/869 2207/834/870 2205/836/872
f 2207/834/870 2204/830/866 2208/835/871
f 2195/822/858 2205/836/872 2196/842/878
f 2207/834/870 2208/835/871 2209/837/873
f 2207/834/870 2209/837/873 2205/836/872
f 2209/837/873 2208/835/871 2210/838/874
f 2196/842/878 2205/836/872 2211/841/877
f 2211/841/877 2205/836/872 2209/837/873
f 2209/837/873 2210/838/874 2212/839/875
f 2209/837/873 2212/839/875 2211/841/877
f 2212/839/875 2210/838/874 2213/840/876
f 2196/842/878 2211/841/877 2214/845/881
f 2214/845/881 2211/841/877 2212/839/875
f 2212/839/875 2213/840/876 2215/843/879
f 2212/839/875 2215/843/879 2214/845/881
f 2215/843/879 2213/840/876 2216/844/880
f 2196/842/878 2214/845/881 2217/849/493
f 2196/842/878 2217/849/493 2179/854/887
f 2214/845/881 2215/843/879 2218/848/881
f 2214/845/881 2218/848/881 2217/849/493
f 2215/843/879 2216/844/880 2219/846/882
f 2215/843/879 2219/846/882 2218/848/881
f 2219/846/882 2216/844/880 2220/847/883
f 2179/854/887 2217/849/493 2221/859/891
f 2179/854/887 2221/859/891 2185/1041/1068
f 2217/849/493 2218/848/881 2222/853/493
f 2217/849/493 2222/853/493 2221/859/891
f 2218/848/881 2219/846/882 2223/852/886
f 2218/848/881 2223/852/886 2222/853/493
f 2219/846/882 2220/847/883 2224/850/884
f 2219/846/882 2224/850/884 2223/852/886
f 2224/850/884 2220/847/883 2225/851/885
f 2226/1039/1066 2185/1041/1068 2221/859/891
f 2185/1041/1068 2226/1039/1066 2186/1040/1067
f 2186/1040/1067 2226/1039/1066 2227/1038/1065
f 2226/1039/1066 2221/859/891 2228/860/892
f 2228/860/892 2221/859/891 2222/853/493
f 2227/1038/1065 2226/1039/1066 2229/1037/1064
f 2229/1037/1064 2226/1039/1066 2228/860/892
f 2227/1038/1065 2229/1037/1064 2230/1036/1063
f 2228/860/892 2222/853/493 2231/858/493
f 2231/858/493 2222/853/493 2223/852/886
f 2229/1037/1064 2228/860/892 2232/865/892
f 2232/865/892 2228/860/892 2231/858/493
f 2230/1036/1063 2229/1037/1064 2233/1035/1062
f 2233/1035/1062 2229/1037/1064 2232/865/892
f 2230/1036/1063 2233/1035/1062 2234/1034/1061
f 2231/858/493 2223/852/886 2235/857/890
f 2235/857/890 2223/852/886 2224/850/884
f 2232/865/892 2231/858/493 2236/861/493
f 2236/861/493 2231/858/493 2235/857/890
f 2233/1035/1062 2232/865/892 2237/870/898
f 2237/870/898 2232/865/892 2236/861/493
f 2234/1034/1061 2233/1035/1062 2238/1033/1060
f 2238/1033/1060 2233/1035/1062 2237/870/898
f 2234/1034/1061 2238/1033/1060 2239/1032/1059
f 2235/857/890 2224/850/884 2240/855/888
f 2240/855/888 2224/850/884 2225/851/885
f 2240/855/888 2225/851/885 2241/856/889
f 2235/857/890 2240/855/888 2242/862/890
f 2235/857/890 2242/862/890 2236/861/493
f 2240/855/888 2241/856/889 2243/863/893
f 2240/855/888 2243/863/893 2242/862/890
f 2243/863/893 2241/856/889 2244/864/894
f 2236/861/493 2242/862/890 2245/869/493
f 2236/861/493 2245/869/493 2237/870/898
f 2242/862/890 2243/863/893 2246/868/897
f 2242/862/890 2246/868/897 2245/869/493
f 2243/863/893 2244/864/894 2247/866/895
f 2243/863/893 2247/866/895 2246/868/897
f 2247/866/895 2244/864/894 2248/867/896
f 2237/870/898 2245/869/493 2249/875/898
f 2237/870/898 2249/875/898 2238/1033/1060
f 2245/869/493 2246/868/897 2250/874/493
f 2245/869/493 2250/874/493 2249/875/898
f 2246/868/897 2247/866/895 2251/873/901
f 2246/868/897 2251/873/901 2250/874/493
f 2247/866/895 2248/867/896 2252/871/899
f 2247/866/895 2252/871/899 2251/873/901
f 2252/871/899 2248/867/896 2253/872/900
f 2254/1031/1058 2238/1033/1060 2249/875/898
f 2238/1033/1060 2254/1031/1058 2239/1032/1059
f 2239/1032/1059 2254/1031/1058 2255/1030/1057
f 2254/1031/1058 2249/875/898 2256/880/904
f 2256/880/904 2249/875/898 2250/874/493
f 2255/1030/1057 2254/1031/1058 2257/1029/1056
f 2257/1029/1056 2254/1031/1058 2256/880/904
f 2255/1030/1057 2257/1029/1056 2258/1028/1055
f 2256/880/904 2250/874/493 2259/879/493
f 2259/879/493 2250/874/493 2251/873/901
f 2257/1029/1056 2256/880/904 2260/885/904
f 2260/885/904 2256/880/904 2259/879/493
f 2258/1028/1055 2257/1029/1056 2261/1027/1054
f 2261/1027/1054 2257/1029/1056 2260/885/904
f 2258/1028/1055 2261/1027/1054 2262/1026/1053
f 2259/879/493 2251/873/901 2263/878/901
f 2263/878/901 2251/873/901 2252/871/899
f 2260/885/904 2259/879/493 2264/884/493
f 2264/884/493 2259/879/493 2263/878/901
f 2261/1027/1054 2260/885/904 2265/977/1012
f 2265/977/1012 2260/885/904 2264/884/493
f 2262/1026/1053 2261/1027/1054 2266/1025/1052
f 2266/1025/1052 2261/1027/1054 2265/977/1012
f 2262/1026/1053 2266/1025/1052 2267/1024/1051
f 2263/878/901 2252/871/899 2268/876/902
f 2268/876/902 2252/871/899 2253/872/900
f 2268/876/902 2253/872/900 2269/877/903
f 2263/878/901 2268/876/902 2270/883/907
f 2263/878/901 2270/883/907 2264/884/493
f 2268/876/902 2269/877/903 2271/881/905
f 2268/876/902 2271/881/905 2270/883/907
f 2271/881/905 2269/877/903 2272/882/906
f 2264/884/493 2270/883/907 2273/976/493
f 2264/884/493 2273/976/493 2265/977/1012
f 2270/883/907 2271/881/905 2274/975/1011
f 2270/883/907 2274/975/1011 2273/976/493
f 2271/881/905 2272/882/906 2275/973/1009
f 2271/881/905 2275/973/1009 2274/975/1011
f 2275/973/1009 2272/882/906 2276/974/1010
f 2265/977/1012 2273/976/493 2277/982/1015
f 2265/977/1012 2277/982/1015 2266/1025/1052
f 2273/976/493 2274/975/1011 2278/981/493
f 2273/976/493 2278/981/493 2277/982/1015
f 2274/975/1011 2275/973/1009 2279/980/1011
f 2274/975/1011 2279/980/1011 2278/981/493
f 2275/973/1009 2276/974/1010 2280/978/1013
f 2275/973/1009 2280/978/1013 2279/980/1011
f 2280/978/1013 2276/974/1010 2281/979/1014
f 2282/1023/1050 2266/1025/1052 2277/982/1015
f 2266/1025/1052 2282/1023/1050 2267/1024/1051
f 2267/1024/1051 2282/1023/1050 2283/1021/1048
f 2282/1023/1050 2277/982/1015 2284/1022/1049
f 2284/1022/1049 2277/982/1015 2278/981/493
f 2283/1021/1048 2282/1023/1050 2285/1020/1047
f 2285/1020/1047 2282/1023/1050 2284/1022/1049
f 2283/1021/1048 2285/1020/1047 2286/1018/1046
f 2284/1022/1049 2278/981/493 2287/986/493
f 2287/986/493 2278/981/493 2279/980/1011
f 2285/1020/1047 2284/1022/1049 2288/1019/1045
f 2288/1019/1045 2284/1022/1049 2287/986/493
f 2286/1018/1046 2285/1020/1047 2289/1017/1043
f 2289/1017/1043 2285/1020/1047 2288/1019/1045
f 2286/1018/1046 2289/1017/1043 2290/1015/1044
f 2288/1019/1045 2287/986/493 2291/1016/1045
f 2288/1019/1045 2291/1016/1045 2289/1017/1043
f 2287/986/493 2279/980/1011 2292/987/493
f 2287/986/493 2292/987/493 2291/1016/1045
f 2290/1015/1044 2289/1017/1043 2293/1014/1043
f 2293/1014/1043 2289/1017/1043 2291/1016/1045
f 2290/1015/1044 2293/1014/1043 2294/1013/1042
f 2291/1016/1045 2292/987/493 2295/1010/1039
f 2291/1016/1045 2295/1010/1039 2293/1014/1043
f 2292/987/493 2279/980/1011 2296/985/1018
f 2296/985/1018 2279/980/1011 2280/978/1013
f 2294/1013/1042 2293/1014/1043 2297/1012/1041
f 2297/1012/1041 2293/1014/1043 2295/1010/1039
f 2294/1013/1042 2297/1012/1041 2298/1009/1038
f 2297/1012/1041 2295/1010/1039 2299/1011/1040
f 2298/1009/1038 2297/1012/1041 2300/1008/1037
f 2300/1008/1037 2297/1012/1041 2299/1011/1040
f 2298/1009/1038 2300/1008/1037 2301/1006/1035
f 2299/1011/1040 2295/1010/1039 2302/1007/1036
f 2299/1011/1040 2302/1007/1036 2300/1008/1037
f 2303/991/1020 2295/1010/1039 2292/987/493
f 2303/991/1020 2292/987/493 2296/985/1018
f 2295/1010/1039 2303/991/1020 2302/1007/1036
f 2301/1006/1035 2300/1008/1037 2304/1005/1034
f 2304/1005/1034 2300/1008/1037 2302/1007/1036
f 2301/1006/1035 2304/1005/1034 2305/1002/1031
f 2305/1002/1031 2304/1005/1034 2306/1000/1029
f 2305/1002/1031 2306/1000/1029 2307/1001/1030
f 2307/1001/1030 2306/1000/1029 2308/997/1026
f 2306/1000/1029 2304/1005/1034 2309/1004/1033
f 2309/1004/1033 2304/1005/1034 2302/1007/1036
f 2308/997/1026 2306/1000/1029 2310/999/1028
f 2310/999/1028 2306/1000/1029 2309/1004/1033
f 2309/1004/1033 2302/1007/1036 2311/1003/1032
f 2309/1004/1033 2311/1003/1032 2310/999/1028
f 2311/1003/1032 2302/1007/1036 2303/991/1020
f 2308/997/1026 2310/999/1028 2312/996/1025
f 2310/999/1028 2311/1003/1032 2313/998/1027
f 2313/998/1027 2311/1003/1032 2303/991/1020
f 2310/999/1028 2313/998/1027 2312/996/1025
f 2308/997/1026 2312/996/1025 2314/993/1022
f 2312/996/1025 2313/998/1027 2315/995/1024
f 2314/993/1022 2312/996/1025 2316/992/1021
f 2316/992/1021 2312/996/1025 2315/995/1024
f 2314/993/1022 2316/992/1021 2317/989/1019
f 2315/995/1024 2313/998/1027 2318/994/1023
f 2315/995/1024 2318/994/1023 2316/992/1021
f 2318/994/1023 2313/998/1027 2303/991/1020
f 2317/989/1019 2316/992/1021 2319/988/884
f 2319/988/884 2316/992/1021 2318/994/1023
f 2317/989/1019 2319/988/884 2320/984/1017
f 2318/994/1023 2303/991/1020 2321/990/1018
f 2318/994/1023 2321/990/1018 2319/988/884
f 2321/990/1018 2303/991/1020 2296/985/1018
f 2320/984/1017 2319/988/884 2322/983/1016
f 2322/983/1016 2319/988/884 2321/990/1018
f 2322/983/1016 2321/990/1018 2296/985/1018
f 2320/984/1017 2322/983/1016 2281/979/1014
f 2322/983/1016 2296/985/1018 2280/978/1013
f 2322/983/1016 2280/978/1013 2281/979/1014
f 2149/1942/525 1895/1943/525 2148/1944/525
f 1895/1943/525 2149/1942/525 1896/1945/525
f 1896/1945/525 2149/1942/525 2150/1946/525
f 1896/1945/525 2150/1946/525 1897/1947/525
f 1897/1947/525 2150/1946/525 2151/1948/525
f 1897/1947/525 2151/1948/525 1898/1949/525
f 1898/1949/525 2151/1948/525 2152/1950/525
f 1898/1949/525 2152/1950/525 1899/1951/525
f 1899/1951/525 2152/1950/525 2323/1952/525
f 1899/1951/525 2323/1952/525 1900/1953/525
f 1900/1953/525 2323/1952/525 1901/1954/525
f 1901/1954/525 2323/1952/525 1902/1955/525
f 1902/1955/525 2323/1952/525 18/1956/525
f 1902/1955/525 18/1956/525 13/1957/525
f 13/1957/525 18/1956/525 14/1958/525
f 18/1956/525 2323/1952/525 20/1959/525
f 20/1959/525 2323/1952/525 2324/1960/525
f 2324/1960/525 2323/1952/525 2152/1950/525
f 20/1959/525 2324/1960/525 22/1961/525
f 2324/1960/525 2152/1950/525 2325/1962/525
f 2324/1960/525 2325/1962/525 22/1961/525
f 22/1961/525 2325/1962/525 23/1963/525
f 2325/1962/525 2152/1950/525 2153/1964/525
f 23/1963/525 2325/1962/525 2158/1965/525
f 2325/1962/525 2153/1964/525 2326/1966/525
f 2325/1962/525 2326/1966/525 2158/1965/525
f 2326/1966/525 2153/1964/525 2154/1967/525
f 2158/1965/525 2326/1966/525 2157/1968/525
f 2326/1966/525 2154/1967/525 2155/1969/525
f 2157/1968/525 2326/1966/525 2156/1970/525
f 2156/1970/525 2326/1966/525 2155/1969/525
f 2146/1971/525 2147/1972/525 1893/1973/525
f 2327/1974/525 2328/1975/525 2147/1972/525
f 2147/1972/525 2328/1975/525 2329/1976/525
f 2147/1972/525 2329/1976/525 2330/1977/525
f 2147/1972/525 2330/1977/525 2331/1978/525
f 2147/1972/525 2331/1978/525 2332/1979/525
f 2327/1974/525 2147/1972/525 2333/1980/525
f 2147/1972/525 2332/1979/525 2334/1981/525
f 2147/1972/525 2334/1981/525 1893/1973/525
f 2333/1980/525 2147/1972/525 2148/1944/525
f 2333/1980/525 2148/1944/525 2335/1982/525
f 2335/1982/525 2148/1944/525 2336/1983/525
f 2336/1983/525 2148/1944/525 2337/1984/525
f 1893/1973/525 2334/1981/525 2338/1985/525
f 2337/1984/525 2148/1944/525 1895/1943/525
f 1893/1973/525 2338/1985/525 2339/1986/525
f 2337/1984/525 1895/1943/525 2340/1987/525
f 2340/1987/525 1895/1943/525 2341/1988/525
f 2341/1988/525 1895/1943/525 2342/1989/525
f 2342/1989/525 1895/1943/525 2343/1990/525
f 2343/1990/525 1895/1943/525 2344/1991/525
f 2344/1991/525 1895/1943/525 1894/1992/525
f 2344/1991/525 1894/1992/525 2345/1993/525
f 2345/1993/525 1894/1992/525 2346/1994/525
f 2346/1994/525 1894/1992/525 1893/1973/525
f 2346/1994/525 1893/1973/525 2339/1986/525
f 1983/1995/525 1893/1973/525 1981/1996/525
f 1893/1973/525 1983/1995/525 1984/1997/525
f 1893/1973/525 1984/1997/525 1986/1998/525
f 1893/1973/525 1986/1998/525 1988/1999/525
f 1981/1996/525 1893/1973/525 1979/1996/525
f 1893/1973/525 1988/1999/525 1990/2000/525
f 1979/1996/525 1893/1973/525 1892/2001/525
f 1979/1996/525 1892/2001/525 1977/2002/525
f 1893/1973/525 1990/2000/525 2146/1971/525
f 1977/2002/525 1892/2001/525 1891/1862/525
f 1977/2002/525 1891/1862/525 1974/2003/525
f 1974/2003/525 1891/1862/525 1975/2004/525
f 1975/2004/525 1891/1862/525 1976/2005/525
f 1976/2005/525 1891/1862/525 1978/1861/525
f 2146/1971/525 1990/2000/525 1993/2006/525
f 2146/1971/525 1993/2006/525 1992/2007/525
f 2146/1971/525 1992/2007/525 1991/2008/525
f 2146/1971/525 1991/2008/525 1989/2009/525
f 2146/1971/525 1989/2009/525 2145/2010/525
f 2145/2010/525 1989/2009/525 1987/2011/525
f 2145/2010/525 1987/2011/525 1985/2012/525
f 2145/2010/525 1985/2012/525 1982/2013/525
f 2145/2010/525 1982/2013/525 1980/1863/525
f 2145/2010/525 1980/1863/525 1891/1862/525
f 2145/2010/525 1891/1862/525 2144/2014/525
f 2144/2014/525 1891/1862/525 1890/2015/525
f 2144/2014/525 1890/2015/525 2143/2016/525
f 2143/2016/525 1890/2015/525 1889/2017/525
f 2143/2016/525 1889/2017/525 2142/2018/525
f 2142/2018/525 1889/2017/525 1888/2019/525
f 2142/2018/525 1888/2019/525 2141/2020/525
f 2141/2020/525 1888/2019/525 1887/2021/525
f 2141/2020/525 1887/2021/525 2140/2022/525
f 2140/2022/525 1887/2021/525 1886/2023/525
f 2140/2022/525 1886/2023/525 1953/2024/525
f 1953/2024/525 1886/2023/525 1885/2025/525
f 1953/2024/525 1885/2025/525 1952/2026/525
f 1952/2026/525 1885/2025/525 1884/2027/525
f 1952/2026/525 1884/2027/525 1951/2028/525
f 1951/2028/525 1884/2027/525 1883/2029/525
f 1951/2028/525 1883/2029/525 1950/2030/525
f 1950/2030/525 1883/2029/525 1882/2031/525
f 1950/2030/525 1882/2031/525 1949/2032/525
f 1949/2032/525 1882/2031/525 1881/2033/525
f 1949/2032/525 1881/2033/525 1948/2034/525
f 1948/2034/525 1881/2033/525 1880/2035/525
f 1948/2034/525 1880/2035/525 1947/2036/525
f 1947/2036/525 1880/2035/525 1879/2037/525
f 1947/2036/525 1879/2037/525 1946/2038/525
f 1946/2038/525 1879/2037/525 1878/2039/525
f 1946/2038/525 1878/2039/525 1877/2040/525
f 1946/2038/525 1877/2040/525 1945/2041/525
f 1945/2041/525 1877/2040/525 1876/2042/525
f 1945/2041/525 1876/2042/525 1944/2043/525
f 2159/2044/525 2160/2045/525 1944/2043/525
f 1944/2043/525 2160/2045/525 2161/2046/525
f 2159/2044/525 1944/2043/525 2162/2047/525
f 2162/2047/525 1944/2043/525 1876/2042/525
f 2162/2047/525 1876/2042/525 2164/2048/525
f 1944/2043/525 2161/2046/525 1943/2049/525
f 2164/2048/525 1876/2042/525 2166/2050/525
f 2166/2050/525 1876/2042/525 2167/2051/525
f 2167/2051/525 1876/2042/525 2169/2052/525
f 2169/2052/525 1876/2042/525 2171/2053/525
f 2171/2053/525 1876/2042/525 2173/2054/525
f 1943/2049/525 2161/2046/525 2163/2055/525
f 2173/2054/525 1876/2042/525 1875/2056/525
f 1943/2049/525 2163/2055/525 2165/2057/525
f 2173/2054/525 1875/2056/525 2176/2058/525
f 2176/2058/525 1875/2056/525 2175/2059/525
f 1943/2049/525 2165/2057/525 2168/2060/525
f 2175/2059/525 1875/2056/525 2174/2061/525
f 2174/2061/525 1875/2056/525 1943/2049/525
f 2174/2061/525 1943/2049/525 2172/2062/525
f 1943/2049/525 2168/2060/525 2170/2063/525
f 1943/2049/525 2170/2063/525 2172/2062/525
f 1943/2049/525 1875/2056/525 1874/2064/525
f 1943/2049/525 1874/2064/525 1942/2065/525
f 1955/2066/525 1954/2067/525 1942/2065/525
f 1955/2066/525 1942/2065/525 1957/2068/525
f 1957/2068/525 1942/2065/525 1959/2069/525
f 1942/2065/525 1954/2067/525 1956/2070/525
f 1959/2069/525 1942/2065/525 1961/2071/525
f 1961/2071/525 1942/2065/525 1874/2064/525
f 1942/2065/525 1956/2070/525 1941/2072/525
f 1961/2071/525 1874/2064/525 1963/2073/525
f 1963/2073/525 1874/2064/525 1965/2074/525
f 1965/2074/525 1874/2064/525 1967/2075/525
f 1967/2075/525 1874/2064/525 1969/2076/525
f 1969/2076/525 1874/2064/525 1873/2077/525
f 1969/2076/525 1873/2077/525 1970/2078/525
f 1970/2078/525 1873/2077/525 1973/2079/525
f 1973/2079/525 1873/2077/525 1872/2080/525
f 1973/2079/525 1872/2080/525 1972/2081/525
f 1972/2081/525 1872/2080/525 1971/2082/525
f 1971/2082/525 1872/2080/525 1968/2083/525
f 1968/2083/525 1872/2080/525 1966/2084/525
f 1966/2084/525 1872/2080/525 1964/2085/525
f 1964/2085/525 1872/2080/525 1941/2072/525
f 1964/2085/525 1941/2072/525 1962/2086/525
f 1962/2086/525 1941/2072/525 1960/2087/525
f 1960/2087/525 1941/2072/525 1958/2088/525
f 1958/2088/525 1941/2072/525 1956/2070/525
f 1941/2072/525 1872/2080/525 1940/2089/525
f 1940/2089/525 1872/2080/525 1871/2090/525
f 1940/2089/525 1871/2090/525 1939/2091/525
f 1939/2091/525 1871/2090/525 1870/2092/525
f 1939/2091/525 1870/2092/525 1938/2093/525
f 1938/2093/525 1870/2092/525 1300/2094/525
f 1938/2093/525 1300/2094/525 1936/2095/525
f 1936/2095/525 1300/2094/525 1299/2096/525
f 1936/2095/525 1299/2096/525 1937/2097/525
f 1937/2097/525 1299/2096/525 1298/2098/525
f 1937/2097/525 1298/2098/525 99/2099/525
f 99/2099/525 1298/2098/525 97/2100/525
f 97/2100/525 1298/2098/525 1297/2101/525
f 97/2100/525 1297/2101/525 1295/2102/525
f 97/2100/525 1295/2102/525 93/2103/525
f 93/2103/525 1295/2102/525 1293/2104/525
f 93/2103/525 1293/2104/525 87/2105/525
f 87/2105/525 1293/2104/525 1292/2106/525
f 87/2105/525 1292/2106/525 85/2107/525
f 85/2107/525 1292/2106/525 1290/2108/525
f 85/2107/525 1290/2108/525 81/2109/525
f 81/2109/525 1290/2108/525 1287/2110/525
f 81/2109/525 1287/2110/525 77/2111/525
f 77/2111/525 1287/2110/525 1285/2112/525
f 77/2111/525 1285/2112/525 73/2113/525
f 73/2113/525 1285/2112/525 67/2114/525
f 67/2114/525 1285/2112/525 1283/2115/525
f 67/2114/525 1283/2115/525 64/2116/525
f 64/2116/525 1283/2115/525 1281/2117/525
f 64/2116/525 1281/2117/525 1282/2118/525
f 64/2116/525 1282/2118/525 66/2119/525
f 66/2119/525 1282/2118/525 70/2120/525
f 70/2120/525 1282/2118/525 1284/2121/525
f 70/2120/525 1284/2121/525 72/2122/525
f 72/2122/525 1284/2121/525 1286/2123/525
f 72/2122/525 1286/2123/525 1288/2124/525
f 72/2122/525 1288/2124/525 76/2125/525
f 76/2125/525 1288/2124/525 80/2126/525
f 80/2126/525 1288/2124/525 1289/2127/525
f 80/2126/525 1289/2127/525 1291/2128/525
f 80/2126/525 1291/2128/525 84/2129/525
f 84/2129/525 1291/2128/525 1294/2130/525
f 84/2129/525 1294/2130/525 88/2131/525
f 88/2131/525 1294/2130/525 1296/2132/525
f 88/2131/525 1296/2132/525 92/2133/525
f 92/2133/525 1296/2132/525 95/2134/525
f 2347/1990/493 2348/1991/493 107/1943/493
f 2347/1990/493 107/1943/493 2349/1989/493
f 2349/1989/493 107/1943/493 2350/1988/493
f 2350/1988/493 107/1943/493 2351/1987/493
f 2351/1987/493 107/1943/493 2352/1984/493
f 107/1943/493 2348/1991/493 101/1992/493
f 101/1992/493 2348/1991/493 2353/1993/493
f 101/1992/493 2353/1993/493 2354/1994/493
f 101/1992/493 2354/1994/493 102/1973/493
f 102/1973/493 2354/1994/493 2355/1986/493
f 102/1973/493 2355/1986/493 2356/1985/493
f 102/1973/493 2356/1985/493 2357/1981/493
f 1306/1944/493 2352/1984/493 107/1943/493
f 2352/1984/493 1306/1944/493 2358/1983/493
f 2358/1983/493 1306/1944/493 2359/1982/493
f 2359/1982/493 1306/1944/493 2360/1980/493
f 1306/1944/493 107/1943/493 1308/1942/493
f 1308/1942/493 107/1943/493 111/1945/493
f 1308/1942/493 111/1945/493 1309/1946/493
f 1309/1946/493 111/1945/493 115/1947/493
f 1309/1946/493 115/1947/493 1311/1948/493
f 1311/1948/493 115/1947/493 119/1949/493
f 2360/1980/493 1306/1944/493 1303/1972/493
f 1311/1948/493 119/1949/493 1313/1950/493
f 2360/1980/493 1303/1972/493 2361/1974/493
f 2361/1974/493 1303/1972/493 2362/1975/493
f 2362/1975/493 1303/1972/493 2363/1976/493
f 2363/1976/493 1303/1972/493 2364/1977/493
f 2364/1977/493 1303/1972/493 2365/1978/493
f 2365/1978/493 1303/1972/493 2366/1979/493
f 2366/1979/493 1303/1972/493 2357/1981/493
f 2357/1981/493 1303/1972/493 102/1973/493
f 123/1951/493 1313/1950/493 119/1949/493
f 102/1973/493 1303/1972/493 1301/1971/493
f 1313/1950/493 123/1951/493 2367/1952/493
f 2367/1952/493 123/1951/493 127/1953/493
f 2367/1952/493 127/1953/493 129/1954/493
f 2367/1952/493 129/1954/493 133/1955/493
f 2367/1952/493 133/1955/493 7/1956/493
f 7/1956/493 133/1955/493 12/1957/493
f 7/1956/493 12/1957/493 9/1958/493
f 2367/1952/493 7/1956/493 5/1959/493
f 2367/1952/493 5/1959/493 2368/1960/493
f 2367/1952/493 2368/1960/493 1313/1950/493
f 2368/1960/493 5/1959/493 4/1961/493
f 1313/1950/493 2368/1960/493 2369/1962/493
f 2369/1962/493 2368/1960/493 4/1961/493
f 2369/1962/493 4/1961/493 2/1963/493
f 1313/1950/493 2369/1962/493 1315/1964/493
f 2369/1962/493 2/1963/493 1325/1965/493
f 1315/1964/493 2369/1962/493 2370/1966/493
f 2370/1966/493 2369/1962/493 1325/1965/493
f 1315/1964/493 2370/1966/493 1317/1967/493
f 2370/1966/493 1325/1965/493 1323/1968/493
f 1317/1967/493 2370/1966/493 1319/1969/493
f 2370/1966/493 1323/1968/493 1321/1970/493
f 2370/1966/493 1321/1970/493 1319/1969/493
f 2371/2009/493 1301/1971/493 1302/2010/493
f 2371/2009/493 1302/2010/493 2372/2011/493
f 1301/1971/493 2371/2009/493 2373/2008/493
f 1301/1971/493 2373/2008/493 2374/2007/493
f 1301/1971/493 2374/2007/493 2375/2006/493
f 1301/1971/493 2375/2006/493 2376/2000/493
f 2372/2011/493 1302/2010/493 2377/2012/493
f 1301/1971/493 2376/2000/493 102/1973/493
f 102/1973/493 2376/2000/493 2378/1999/493
f 2377/2012/493 1302/2010/493 2379/2013/493
f 2379/2013/493 1302/2010/493 2380/1863/493
f 2380/1863/493 1302/2010/493 2381/1861/493
f 102/1973/493 2378/1999/493 2382/1998/493
f 102/1973/493 2382/1998/493 2383/1997/493
f 102/1973/493 2383/1997/493 2384/1995/493
f 102/1973/493 2384/1995/493 2385/1996/493
f 102/1973/493 2385/1996/493 2386/1996/493
f 102/1973/493 2386/1996/493 108/2001/493
f 108/2001/493 2386/1996/493 2387/2002/493
f 108/2001/493 2387/2002/493 112/1862/493
f 112/1862/493 2381/1861/493 1302/2010/493
f 112/1862/493 2387/2002/493 2388/2003/493
f 2381/1861/493 112/1862/493 2389/2005/493
f 112/1862/493 2388/2003/493 2390/2004/493
f 112/1862/493 2390/2004/493 2389/2005/493
f 112/1862/493 1302/2010/493 1304/2014/493
f 112/1862/493 1304/2014/493 114/2015/493
f 114/2015/493 1304/2014/493 1305/2016/493
f 114/2015/493 1305/2016/493 118/2017/493
f 118/2017/493 1305/2016/493 1307/2018/493
f 118/2017/493 1307/2018/493 122/2019/493
f 122/2019/493 1307/2018/493 1310/2020/493
f 122/2019/493 1310/2020/493 126/2021/493
f 126/2021/493 1310/2020/493 1312/2022/493
f 126/2021/493 1312/2022/493 132/2023/493
f 132/2023/493 1312/2022/493 1314/2024/493
f 132/2023/493 1314/2024/493 136/2025/493
f 136/2025/493 1314/2024/493 1316/2026/493
f 136/2025/493 1316/2026/493 138/2027/493
f 138/2027/493 1316/2026/493 1318/2028/493
f 138/2027/493 1318/2028/493 139/2029/493
f 139/2029/493 1318/2028/493 1320/2030/493
f 139/2029/493 1320/2030/493 1903/2031/493
f 1903/2031/493 1320/2030/493 1322/2032/493
f 1903/2031/493 1322/2032/493 1904/2033/493
f 1904/2033/493 1322/2032/493 1324/2034/493
f 1904/2033/493 1324/2034/493 1905/2035/493
f 1905/2035/493 1324/2034/493 1326/2036/493
f 1905/2035/493 1326/2036/493 1906/2037/493
f 1906/2037/493 1326/2036/493 1327/2038/493
f 1906/2037/493 1327/2038/493 1907/2039/493
f 1907/2039/493 1327/2038/493 1908/2040/493
f 1908/2040/493 1327/2038/493 1328/2041/493
f 1908/2040/493 1328/2041/493 1909/2042/493
f 1909/2042/493 1328/2041/493 1329/2043/493
f 2391/2044/493 1329/2043/493 2392/2045/493
f 2392/2045/493 1329/2043/493 2393/2046/493
f 1329/2043/493 2391/2044/493 2394/2047/493
f 1329/2043/493 2394/2047/493 1909/2042/493
f 1909/2042/493 2394/2047/493 2395/2048/493
f 2393/2046/493 1329/2043/493 1330/2049/493
f 1909/2042/493 2395/2048/493 2396/2050/493
f 2393/2046/493 1330/2049/493 2397/2055/493
f 1909/2042/493 2396/2050/493 2398/2051/493
f 1909/2042/493 2398/2051/493 2399/2052/493
f 1909/2042/493 2399/2052/493 2400/2053/493
f 1909/2042/493 2400/2053/493 2401/2054/493
f 2397/2055/493 1330/2049/493 2402/2057/493
f 1909/2042/493 2401/2054/493 1910/2056/493
f 2402/2057/493 1330/2049/493 2403/2060/493
f 1910/2056/493 2401/2054/493 2404/2058/493
f 1910/2056/493 2404/2058/493 2405/2059/493
f 1910/2056/493 2405/2059/493 2406/2061/493
f 1910/2056/493 2406/2061/493 1330/2049/493
f 2403/2060/493 1330/2049/493 2407/2063/493
f 1330/2049/493 2406/2061/493 2408/2062/493
f 1330/2049/493 2408/2062/493 2407/2063/493
f 1910/2056/493 1330/2049/493 1911/2064/493
f 1911/2064/493 1330/2049/493 1331/2065/493
f 2409/2066/493 1331/2065/493 2410/2067/493
f 1331/2065/493 2409/2066/493 2411/2068/493
f 1331/2065/493 2411/2068/493 2412/2069/493
f 2410/2067/493 1331/2065/493 2413/2070/493
f 1331/2065/493 2412/2069/493 2414/2071/493
f 1331/2065/493 2414/2071/493 1911/2064/493
f 2413/2070/493 1331/2065/493 1332/2072/493
f 1911/2064/493 2414/2071/493 2415/2073/493
f 1911/2064/493 2415/2073/493 2416/2074/493
f 1911/2064/493 2416/2074/493 2417/2075/493
f 1911/2064/493 2417/2075/493 2418/2076/493
f 1911/2064/493 2418/2076/493 1912/2077/493
f 1912/2077/493 2418/2076/493 2419/2078/493
f 1912/2077/493 2419/2078/493 2420/2079/493
f 1912/2077/493 2420/2079/493 1913/2080/493
f 1913/2080/493 2420/2079/493 2421/2081/493
f 1913/2080/493 2421/2081/493 2422/2082/493
f 1913/2080/493 2422/2082/493 2423/2083/493
f 1913/2080/493 2423/2083/493 2424/2084/493
f 1913/2080/493 2424/2084/493 2425/2085/493
f 1913/2080/493 2425/2085/493 1332/2072/493
f 1332/2072/493 2425/2085/493 2426/2086/493
f 1332/2072/493 2426/2086/493 2427/2087/493
f 1332/2072/493 2427/2087/493 2428/2088/493
f 1332/2072/493 2428/2088/493 2413/2070/493
f 1913/2080/493 1332/2072/493 1333/2089/493
f 1913/2080/493 1333/2089/493 1914/2090/493
f 1914/2090/493 1333/2089/493 1334/2091/493
f 1914/2090/493 1334/2091/493 1915/2092/493
f 1915/2092/493 1334/2091/493 1335/2093/493
f 1915/2092/493 1335/2093/493 1916/2094/493
f 1916/2094/493 1335/2093/493 1336/2095/493
f 1916/2094/493 1336/2095/493 1917/2096/493
f 1917/2096/493 1336/2095/493 1337/2097/493
f 1917/2096/493 1337/2097/493 1918/2098/493
f 1918/2098/493 1337/2097/493 57/2099/493
f 1918/2098/493 57/2099/493 54/2100/493
f 1918/2098/493 54/2100/493 1919/2101/493
f 1919/2101/493 54/2100/493 1920/2102/493
f 1920/2102/493 54/2100/493 52/2103/493
f 1920/2102/493 52/2103/493 1921/2104/493
f 1921/2104/493 52/2103/493 46/2105/493
f 1921/2104/493 46/2105/493 1922/2106/493
f 1922/2106/493 46/2105/493 44/2107/493
f 1922/2106/493 44/2107/493 1923/2108/493
f 1923/2108/493 44/2107/493 40/2109/493
f 1923/2108/493 40/2109/493 1924/2110/493
f 1924/2110/493 40/2109/493 36/2111/493
f 1924/2110/493 36/2111/493 1925/2112/493
f 1925/2112/493 36/2111/493 32/2113/493
f 1925/2112/493 32/2113/493 26/2114/493
f 1925/2112/493 26/2114/493 1926/2115/493
f 1926/2115/493 26/2114/493 25/2116/493
f 1926/2115/493 25/2116/493 1927/2117/493
f 1927/2117/493 25/2116/493 1928/2118/493
f 1928/2118/493 25/2116/493 31/2119/493
f 1928/2118/493 31/2119/493 35/2120/493
f 1928/2118/493 35/2120/493 1929/2121/493
f 1929/2121/493 35/2120/493 37/2122/493
f 1929/2121/493 37/2122/493 1930/2123/493
f 1930/2123/493 37/2122/493 1931/2124/493
f 1931/2124/493 37/2122/493 41/2125/493
f 1931/2124/493 41/2125/493 45/2126/493
f 1931/2124/493 45/2126/493 1932/2127/493
f 1932/2127/493 45/2126/493 1933/2128/493
f 1933/2128/493 45/2126/493 49/2129/493
f 1933/2128/493 49/2129/493 1934/2130/493
f 1934/2130/493 49/2129/493 53/2131/493
f 1934/2130/493 53/2131/493 1935/2132/493
f 1935/2132/493 53/2131/493 59/2133/493
f 1935/2132/493 59/2133/493 61/2134/493
f 2404/2135/1549 1530/2136/1549 2405/2137/1537
f 2405/2137/1537 1530/2136/1549 1531/2138/1537
f 2405/2137/1537 1531/2138/1537 2406/2139/1536
f 2406/2139/1536 1531/2138/1537 1533/2140/1536
f 2406/2139/1536 1533/2140/1536 2408/2141/1534
f 2408/2141/1534 1533/2140/1536 1534/2142/1534
f 2408/2141/1534 1534/2142/1534 2407/2143/1532
f 2407/2143/1532 1534/2142/1534 1535/2144/1532
f 2407/2143/1532 1535/2144/1532 2403/2145/1543
f 2403/2145/1543 1535/2144/1532 1532/2146/1543
f 2403/2145/1543 1532/2146/1543 2402/2147/41
f 2402/2147/41 1532/2146/1543 1529/2148/41
f 2402/2147/41 1529/2148/41 1528/2149/1524
f 2402/2147/41 1528/2149/1524 2397/2150/1524
f 2397/2150/1524 1528/2149/1524 1520/2151/1525
f 2397/2150/1524 1520/2151/1525 2393/2152/1525
f 2393/2152/1525 1520/2151/1525 1519/2153/1527
f 2393/2152/1525 1519/2153/1527 2392/2154/1527
f 2392/2154/1527 1519/2153/1527 1518/2155/1529
f 2392/2154/1527 1518/2155/1529 2391/2156/1529
f 2391/2156/1529 1518/2155/1529 1521/2157/1531
f 2391/2156/1529 1521/2157/1531 2394/2158/1531
f 2394/2158/1531 1521/2157/1531 1522/2159/1533
f 2394/2158/1531 1522/2159/1533 2395/2160/1533
f 2395/2160/1533 1522/2159/1533 1523/2161/1535
f 2395/2160/1533 1523/2161/1535 2396/2162/1535
f 2396/2162/1535 1523/2161/1535 1524/2163/1161
f 2396/2162/1535 1524/2163/1161 2398/2164/1161
f 2398/2164/1161 1524/2163/1161 1525/2165/1538
f 2398/2164/1161 1525/2165/1538 2399/2166/1538
f 2399/2166/1538 1525/2165/1538 2400/2167/1542
f 2400/2167/1542 1525/2165/1538 1526/2168/1542
f 2400/2167/1542 1526/2168/1542 2401/2169/1541
f 2401/2169/1541 1526/2168/1542 1527/2170/1541
f 2401/2169/1541 1527/2170/1541 2404/2171/1539
f 2404/2171/1539 1527/2170/1541 1530/2172/1539
f 1555/2173/1528 1540/2174/1526 2428/2175/1528
f 2428/2175/1528 1540/2174/1526 2413/2176/1526
f 1555/2173/1528 2428/2175/1528 2427/2177/1530
f 2413/2176/1526 1540/2174/1526 1537/2178/1524
f 1555/2173/1528 2427/2177/1530 1554/2179/1530
f 2413/2176/1526 1537/2178/1524 2410/2180/1524
f 1554/2179/1530 2427/2177/1530 1553/2181/1532
f 2410/2180/1524 1537/2178/1524 1536/2182/1525
f 1553/2181/1532 2427/2177/1530 2426/2183/1532
f 2410/2180/1524 1536/2182/1525 2409/2184/1525
f 1553/2181/1532 2426/2183/1532 1552/2185/1534
f 2409/2184/1525 1536/2182/1525 1538/2186/1527
f 1552/2185/1534 2426/2183/1532 2425/2187/1534
f 2409/2184/1525 1538/2186/1527 2411/2188/1527
f 1552/2185/1534 2425/2187/1534 1551/2189/1536
f 2411/2188/1527 1538/2186/1527 1539/2190/1529
f 1551/2189/1536 2425/2187/1534 2424/2191/1536
f 2411/2188/1527 1539/2190/1529 2412/2192/1529
f 1551/2189/1536 2424/2191/1536 1550/2193/1537
f 2412/2192/1529 1539/2190/1529 1541/2194/1531
f 1550/2193/1537 2424/2191/1536 2423/2195/1537
f 2412/2192/1529 1541/2194/1531 2414/2196/1531
f 1550/2193/1537 2423/2195/1537 1549/2197/14
f 2414/2196/1531 1541/2194/1531 1542/2198/1533
f 1549/2197/14 2423/2195/1537 2422/2199/14
f 2414/2196/1531 1542/2198/1533 2415/2200/1533
f 1549/2197/14 2422/2199/14 1548/2201/1550
f 2415/2200/1533 1542/2198/1533 1543/2202/1535
f 1548/2201/1550 2422/2199/14 2421/2203/1550
f 2415/2200/1533 1543/2202/1535 2416/2204/1535
f 1548/2201/1550 2421/2203/1550 1547/2205/1540
f 2416/2204/1535 1543/2202/1535 1544/2206/1161
f 1547/2205/1540 2421/2203/1550 2420/2207/1540
f 2416/2204/1535 1544/2206/1161 2417/2208/1161
f 2417/2208/1161 1544/2206/1161 1545/2209/1551
f 2417/2208/1161 1545/2209/1551 2418/2210/1551
f 1547/2205/1540 2420/2207/1540 1546/2211/1189
f 1546/2211/1189 2420/2207/1540 2419/2212/1189
f 1546/2211/1189 2419/2212/1189 1545/2213/1181
f 1545/2213/1181 2419/2212/1189 2418/2214/1181
f 2339/2215/1541 2338/2216/14 1720/2217/1541
f 1720/2217/1541 2338/2216/14 1721/2218/14
f 2339/2215/1541 1720/2217/1541 1719/2219/1542
f 1721/2218/14 2338/2216/14 2334/2220/1537
f 2339/2215/1541 1719/2219/1542 2346/2221/1542
f 1721/2218/14 2334/2220/1537 1722/2222/1537
f 2346/2221/1542 1719/2219/1542 1718/2223/1552
f 1722/2222/1537 2334/2220/1537 2332/2224/1536
f 2346/2221/1542 1718/2223/1552 2345/2225/1552
f 1722/2222/1537 2332/2224/1536 1737/2226/1536
f 2345/2225/1552 1718/2223/1552 1713/2227/1551
f 1737/2226/1536 2332/2224/1536 2331/2228/1534
f 2345/2225/1552 1713/2227/1551 2344/2229/1551
f 1737/2226/1536 2331/2228/1534 1736/2230/1534
f 2344/2229/1551 1713/2227/1551 1712/2231/1553
f 1736/2230/1534 2331/2228/1534 2330/2232/1532
f 2344/2229/1551 1712/2231/1553 2343/2233/1553
f 1736/2230/1534 2330/2232/1532 1735/2234/1532
f 2343/2233/1553 1712/2231/1553 2342/2235/1535
f 1735/2234/1532 2330/2232/1532 2329/2236/1543
f 2342/2235/1535 1712/2231/1553 1714/2237/1535
f 1735/2234/1532 2329/2236/1543 1734/2238/1543
f 2342/2235/1535 1714/2237/1535 2341/2239/1533
f 1734/2238/1543 2329/2236/1543 2328/2240/41
f 2341/2239/1533 1714/2237/1535 1715/2241/1533
f 1734/2238/1543 2328/2240/41 1733/2242/41
f 2341/2239/1533 1715/2241/1533 2340/2243/1531
f 1733/2242/41 2328/2240/41 1732/2244/1554
f 2340/2243/1531 1715/2241/1533 1716/2245/1531
f 1732/2244/1554 2328/2240/41 2327/2246/1554
f 2340/2243/1531 1716/2245/1531 2337/2247/1529
f 1732/2244/1554 2327/2246/1554 1726/2248/1546
f 2337/2247/1529 1716/2245/1531 1717/2249/1529
f 1726/2248/1546 2327/2246/1554 2333/2250/1546
f 1726/2248/1546 2333/2250/1546 1725/2251/1546
f 1725/2251/1546 2333/2250/1546 2335/2252/1546
f 2337/2247/1529 1717/2249/1529 2336/2253/1527
f 2336/2253/1527 1717/2249/1529 1724/2254/1527
f 2336/2253/1527 1724/2254/1527 2335/2255/1547
f 2335/2255/1547 1724/2254/1527 1725/2256/1547
f 2429/2257/1543 696/2258/1543 2430/2259/1555
f 2430/2259/1555 696/2258/1543 693/2260/1555
f 696/2258/1543 2429/2257/1543 699/2261/1556
f 2429/2257/1543 2430/2259/1555 611/2262/1543
f 611/2262/1543 2430/2259/1555 606/2263/1555
f 2429/2257/1543 611/2262/1543 647/2264/1556
f 2430/2259/1555 693/2260/1555 2431/2265/1534
f 2430/2259/1555 2431/2265/1534 606/2263/1555
f 2431/2265/1534 693/2260/1555 690/2266/1534
f 606/2263/1555 2431/2265/1534 596/2267/1534
f 2429/2257/1543 647/2264/1556 2432/2268/1556
f 2429/2257/1543 2432/2268/1556 699/2261/1556
f 2432/2268/1556 647/2264/1556 644/2269/1557
f 699/2261/1556 2432/2268/1556 702/2270/1557
f 596/2267/1534 2431/2265/1534 2433/2271/1558
f 2433/2271/1558 2431/2265/1534 690/2266/1534
f 596/2267/1534 2433/2271/1558 597/2272/1558
f 2433/2271/1558 690/2266/1534 687/2273/1558
f 702/2270/1557 2432/2268/1556 2434/2274/1557
f 2434/2274/1557 2432/2268/1556 644/2269/1557
f 702/2270/1557 2434/2274/1557 665/2275/1525
f 2434/2274/1557 644/2269/1557 641/2276/1525
f 2433/2271/1558 687/2273/1558 2435/2277/1537
f 2433/2271/1558 2435/2277/1537 597/2272/1558
f 2435/2277/1537 687/2273/1558 684/2278/1537
f 597/2272/1558 2435/2277/1537 600/2279/1537
f 2434/2274/1557 641/2276/1525 2436/2280/1525
f 2434/2274/1557 2436/2280/1525 665/2275/1525
f 2436/2280/1525 641/2276/1525 638/2281/1527
f 665/2275/1525 2436/2280/1525 660/2282/1527
f 600/2279/1537 2435/2277/1537 2437/2283/14
f 2437/2283/14 2435/2277/1537 684/2278/1537
f 600/2279/1537 2437/2283/14 609/2284/14
f 2437/2283/14 684/2278/1537 681/2285/14
f 609/2284/14 2437/2283/14 2438/2286/1559
f 2438/2286/1559 2437/2283/14 681/2285/14
f 609/2284/14 2438/2286/1559 614/2287/1559
f 2438/2286/1559 681/2285/14 678/2288/1559
f 2439/2289/1527 660/2282/1527 2436/2280/1525
f 2439/2289/1527 2436/2280/1525 638/2281/1527
f 660/2282/1527 2439/2289/1527 656/2290/1560
f 2439/2289/1527 638/2281/1527 635/2291/1560
f 656/2290/1560 2439/2289/1527 2440/2292/1560
f 2440/2292/1560 2439/2289/1527 635/2291/1560
f 656/2290/1560 2440/2292/1560 655/2293/1561
f 2440/2292/1560 635/2291/1560 632/2294/1561
f 655/2293/1561 2440/2292/1560 2441/2295/1561
f 2441/2295/1561 2440/2292/1560 632/2294/1561
f 655/2293/1561 2441/2295/1561 657/2296/1533
f 2441/2295/1561 632/2294/1561 629/2297/1533
f 657/2296/1533 2441/2295/1561 2442/2298/1533
f 2442/2298/1533 2441/2295/1561 629/2297/1533
f 657/2296/1533 2442/2298/1533 662/2299/1562
f 2442/2298/1533 629/2297/1533 626/2300/1562
f 662/2299/1562 2442/2298/1533 2443/2301/1562
f 2443/2301/1562 2442/2298/1533 626/2300/1562
f 662/2299/1562 2443/2301/1562 669/2302/1161
f 2443/2301/1562 626/2300/1562 623/2303/1161
f 669/2302/1161 2443/2301/1562 2444/2304/1161
f 2444/2304/1161 2443/2301/1562 623/2303/1161
f 669/2302/1161 2444/2304/1161 672/2305/1170
f 2444/2304/1161 623/2303/1161 620/2306/1170
f 672/2305/1170 2444/2304/1161 2445/2307/1170
f 2445/2307/1170 2444/2304/1161 620/2306/1170
f 672/2305/1170 2445/2307/1170 675/2308/1563
f 2445/2307/1170 620/2306/1170 617/2309/1563
f 675/2308/1563 2445/2307/1170 2446/2310/1563
f 2446/2310/1563 2445/2307/1170 617/2309/1563
f 675/2308/1563 2446/2310/1563 678/2311/1540
f 2446/2310/1563 617/2309/1563 614/2312/1540
f 678/2311/1540 2446/2310/1563 2438/2313/1540
f 2438/2313/1540 2446/2310/1563 614/2312/1540
f 2363/2314/1543 1500/2315/1543 2362/2316/41
f 2362/2316/41 1500/2315/1543 1499/2317/41
f 2362/2316/41 1499/2317/41 1498/2318/1142
f 2362/2316/41 1498/2318/1142 2361/2319/1142
f 1500/2315/1543 2363/2314/1543 1501/2320/1532
f 1501/2320/1532 2363/2314/1543 2364/2321/1532
f 1501/2320/1532 2364/2321/1532 1502/2322/1534
f 1502/2322/1534 2364/2321/1532 2365/2323/1534
f 1502/2322/1534 2365/2323/1534 1503/2324/1536
f 1503/2324/1536 2365/2323/1534 2366/2325/1536
f 1503/2324/1536 2366/2325/1536 1494/2326/1537
f 1494/2326/1537 2366/2325/1536 2357/2327/1537
f 1494/2326/1537 2357/2327/1537 1493/2328/14
f 1493/2328/14 2357/2327/1537 2356/2329/14
f 1493/2328/14 2356/2329/14 1492/2330/1541
f 1492/2330/1541 2356/2329/14 2355/2331/1541
f 1492/2330/1541 2355/2331/1541 1491/2332/1542
f 1491/2332/1542 2355/2331/1541 2354/2333/1542
f 1491/2332/1542 2354/2333/1542 1490/2334/1552
f 1490/2334/1552 2354/2333/1542 2353/2335/1552
f 1490/2334/1552 2353/2335/1552 1485/2336/1551
f 1485/2336/1551 2353/2335/1552 2348/2337/1551
f 1485/2336/1551 2348/2337/1551 1484/2338/1553
f 1484/2338/1553 2348/2337/1551 2347/2339/1553
f 1484/2338/1553 2347/2339/1553 2349/2340/1535
f 1484/2338/1553 2349/2340/1535 1486/2341/1535
f 1486/2341/1535 2349/2340/1535 2350/2342/1533
f 1486/2341/1535 2350/2342/1533 1487/2343/1533
f 1487/2343/1533 2350/2342/1533 2351/2344/1531
f 1487/2343/1533 2351/2344/1531 1488/2345/1531
f 1488/2345/1531 2351/2344/1531 2352/2346/1529
f 1488/2345/1531 2352/2346/1529 1489/2347/1529
f 1489/2347/1529 2352/2346/1529 2358/2348/1527
f 1489/2347/1529 2358/2348/1527 1495/2349/1527
f 1495/2349/1527 2358/2348/1527 2359/2350/1564
f 1495/2349/1527 2359/2350/1564 1496/2351/1564
f 1496/2351/1564 2359/2350/1564 2360/2352/1546
f 1496/2351/1564 2360/2352/1546 1497/2353/1546
f 1497/2353/1546 2360/2352/1546 2361/2354/1546
f 1497/2353/1546 2361/2354/1546 1498/2355/1546
f 2386/2356/1181 1560/2357/1181 2387/2358/1542
f 2387/2358/1542 1560/2357/1181 1561/2359/1542
f 1560/2357/1181 2386/2356/1181 1559/2357/1159
f 2387/2358/1542 1561/2359/1542 2388/2360/1541
f 1559/2357/1159 2386/2356/1181 2385/2356/1159
f 2388/2360/1541 1561/2359/1542 1562/2361/1541
f 1559/2357/1159 2385/2356/1159 1558/2362/1161
f 2388/2360/1541 1562/2361/1541 2390/2363/14
f 1558/2362/1161 2385/2356/1159 2384/2364/1161
f 2390/2363/14 1562/2361/1541 1563/2365/14
f 1558/2362/1161 2384/2364/1161 2383/2366/1535
f 2390/2363/14 1563/2365/14 2389/2367/1537
f 1558/2362/1161 2383/2366/1535 1557/2368/1535
f 2389/2367/1537 1563/2365/14 1564/2369/1537
f 1557/2368/1535 2383/2366/1535 2382/2370/1533
f 2389/2367/1537 1564/2369/1537 2381/2371/1536
f 1557/2368/1535 2382/2370/1533 1556/2372/1533
f 2381/2371/1536 1564/2369/1537 1565/2373/1536
f 1556/2372/1533 2382/2370/1533 2378/2374/1531
f 2381/2371/1536 1565/2373/1536 2380/2375/1534
f 1556/2372/1533 2378/2374/1531 1514/2376/1531
f 2380/2375/1534 1565/2373/1536 1517/2377/1534
f 1514/2376/1531 2378/2374/1531 2376/2378/1529
f 2380/2375/1534 1517/2377/1534 2379/2379/1532
f 1514/2376/1531 2376/2378/1529 1512/2380/1529
f 2379/2379/1532 1517/2377/1534 1516/2381/1532
f 1512/2380/1529 2376/2378/1529 2375/2382/1527
f 2379/2379/1532 1516/2381/1532 2377/2383/1543
f 1512/2380/1529 2375/2382/1527 1511/2384/1527
f 2377/2383/1543 1516/2381/1532 1515/2385/1543
f 1511/2384/1527 2375/2382/1527 2374/2386/1525
f 2377/2383/1543 1515/2385/1543 1513/2387/1544
f 1511/2384/1527 2374/2386/1525 1510/2388/1525
f 1510/2388/1525 2374/2386/1525 2373/2389/1546
f 1510/2388/1525 2373/2389/1546 1509/2390/1546
f 2377/2383/1543 1513/2387/1544 2372/2391/1544
f 2372/2391/1544 1513/2387/1544 1508/2392/1142
f 2372/2391/1544 1508/2392/1142 2371/2393/1142
f 2371/2393/1142 1508/2392/1142 1509/2394/1142
f 2371/2393/1142 1509/2394/1142 2373/2395/1142
