# CS2 body mesh, tools/cs2_glb_to_obj.py
v -0.02212 0.04192 -0.49713
v 0.02212 0.04192 -0.49713
v -0.02212 0.02506 -0.49502
v 0.02212 0.02506 -0.49502
v 0.02212 0.07346 -0.5
v -0.02212 0.01113 -0.49327
v -0.02212 0.07346 -0.5
v 0.02212 0.01113 -0.49327
v -0.01894 0.10724 -0.49627
v -0.02221 -0.00183 -0.49159
v 0.01894 0.10735 -0.49627
v 0.02221 -0.00183 -0.49159
v 0.01693 0.11865 -0.49532
v 0.01553 -0.02527 -0.4887
v -0.01693 0.11854 -0.49532
v -0.01553 -0.02527 -0.4887
v 0.01449 0.12542 -0.49447
v -0.01388 -0.02765 -0.48843
v -0.01449 0.12542 -0.49447
v 0.01388 -0.02765 -0.48843
v 0.01222 0.12985 -0.49391
v -0.01194 -0.02969 -0.48824
v -0.01222 0.12985 -0.49391
v 0.01194 -0.02969 -0.48824
v 0.0102 0.13257 -0.49357
v -0.0094 -0.03148 -0.48807
v -0.0102 0.13257 -0.49357
v 0.0094 -0.03148 -0.48807
v 0.00779 0.13453 -0.49334
v -0.00657 -0.03294 -0.4879
v -0.00779 0.13453 -0.49334
v 0.00657 -0.03294 -0.4879
v -0.00548 0.13578 -0.49319
v -0.00351 -0.03389 -0.4878
v 0.00351 -0.03389 -0.4878
v 0 -0.03441 -0.48783
v 0.00548 0.13578 -0.49319
v 0.00268 0.13666 -0.49308
v -0.00268 0.13666 -0.49308
v 0 0.13687 -0.49292
v -0.01 0.07534 0.5
v -0.00839 0.07417 0.5
v -0.00727 0.07808 0.5
v -0.0061 0.07647 0.5
v -0.00986 0.07128 0.5
v -0.00382 0.07983 0.5
v -0.01176 0.0719 0.5
v -0.00321 0.07794 0.5
v -0.01037 0.06808 0.5
v 0 0.08044 0.5
v -0.01236 0.06808 0.5
v 0 0.07845 0.5
v -0.00986 0.06487 0.5
v 0.00382 0.07983 0.5
v -0.01176 0.06426 0.5
v 0.0032 0.07794 0.5
v -0.00839 0.06198 0.5
v 0.00727 0.07808 0.5
v -0.01 0.06081 0.5
v 0.0061 0.07647 0.5
v -0.0061 0.05969 0.5
v 0.01 0.07534 0.5
v -0.00727 0.05807 0.5
v 0.00839 0.07417 0.5
v -0.00321 0.05821 0.5
v 0.01176 0.0719 0.5
v -0.00382 0.05632 0.5
v 0.00986 0.07128 0.5
v 0 0.0577 0.5
v 0.01236 0.06808 0.5
v 0 0.05571 0.5
v 0.01037 0.06808 0.5
v 0.0032 0.05821 0.5
v 0.01176 0.06426 0.5
v 0.00382 0.05632 0.5
v 0.00986 0.06487 0.5
v 0.0061 0.05969 0.5
v 0.01 0.06081 0.5
v 0.00727 0.05807 0.5
v 0.00839 0.06198 0.5
v 0 0.06808 0.44806
v -0.00839 0.07417 0.44806
v -0.00986 0.07128 0.44806
v -0.0061 0.07647 0.44806
v -0.01037 0.06808 0.44806
v -0.00321 0.07794 0.44806
v -0.00986 0.06487 0.44806
v 0 0.07845 0.44806
v -0.00839 0.06198 0.44806
v 0.0032 0.07794 0.44806
v -0.0061 0.05969 0.44806
v 0.0061 0.07647 0.44806
v -0.00321 0.05821 0.44806
v 0.00839 0.07417 0.44806
v 0 0.0577 0.44806
v 0.00986 0.07128 0.44806
v 0.0032 0.05821 0.44806
v 0.01037 0.06808 0.44806
v 0.0061 0.05969 0.44806
v 0.00986 0.06487 0.44806
v 0.00839 0.06198 0.44806
v -0.00287 -0.02197 -0.37852
v -0.00287 -0.0084 -0.38465
v 0 -0.02197 -0.37852
v 0 -0.0084 -0.38465
v 0.00287 -0.0084 -0.38465
v 0.00287 -0.02197 -0.37852
v 0.01218 0.0728 0.35239
v 0 0.06836 0.35239
v 0.01296 0.06836 0.35239
v 0.01218 0.06393 0.35239
v 0.00993 0.07669 0.35239
v 0.00993 0.06004 0.35239
v 0.00648 0.07958 0.35239
v 0.00648 0.05714 0.35239
v 0.00225 0.08112 0.35239
v 0.00225 0.0556 0.35239
v -0.00225 0.08112 0.35239
v -0.00225 0.0556 0.35239
v -0.00648 0.07958 0.35239
v -0.00648 0.05714 0.35239
v -0.00993 0.07669 0.35239
v -0.00993 0.06004 0.35239
v -0.01218 0.0728 0.35239
v -0.01218 0.06393 0.35239
v -0.01296 0.06836 0.35239
v 0.01724 0.07464 0.33999
v 0 0.06836 0.33999
v 0.01835 0.06836 0.33999
v 0.01724 0.06209 0.33999
v 0.01405 0.08016 0.33999
v 0.01405 0.05657 0.33999
v 0.00917 0.08425 0.33999
v 0.00917 0.05247 0.33999
v 0.00319 0.08643 0.33999
v 0.00319 0.0503 0.33999
v -0.00319 0.08643 0.33999
v -0.00319 0.0503 0.33999
v -0.00917 0.08425 0.33999
v -0.00917 0.05247 0.33999
v -0.01405 0.08016 0.33999
v -0.01405 0.05657 0.33999
v -0.01724 0.07464 0.33999
v -0.01724 0.06209 0.33999
v -0.01835 0.06836 0.33999
v 0.0088 0.15216 0.32513
v 0 0.15921 0.32513
v 0.00922 0.1461 0.32513
v 0.00712 0.15921 0.32513
v 0.00712 0.16558 0.32513
v 0.00626 0.16794 0.32513
v 0.00465 0.16986 0.32513
v 0.00247 0.17112 0.32513
v 0 0.17155 0.32513
v -0.00247 0.17112 0.32513
v -0.00465 0.16986 0.32513
v -0.00626 0.16794 0.32513
v -0.00712 0.16558 0.32513
v -0.00712 0.15921 0.32513
v -0.0088 0.15216 0.32513
v -0.00922 0.1461 0.32513
v -0.0085 0.14054 0.32513
v 0.0085 0.14054 0.32513
v 0.00659 0.13421 0.32513
v -0.00659 0.13421 0.32513
v -0.00659 0.12489 0.32513
v 0.00659 0.12489 0.32513
v -0.00836 0.12039 0.32513
v 0.00836 0.12039 0.32513
v 0.02373 0.0735 -0.31021
v 0.02141 0.0735 -0.31021
v 0.01665 0.10603 -0.31018
v 0.01447 0.10473 -0.31018
v 0.01511 0.10835 -0.31018
v 0.01371 0.10611 -0.31018
v 0.01179 0.10909 -0.31018
v 0.01242 0.10724 -0.31018
v 0 0.10909 -0.31018
v 0 0.10722 -0.31018
v -0.01322 0.10909 -0.31018
v -0.01465 0.10722 -0.31018
v -0.01678 0.11033 -0.31018
v -0.01523 0.11179 -0.31018
v -0.01909 0.11198 -0.30854
v -0.01753 0.11348 -0.30852
v 0 0.11265 0.31421
v -0.0079 0.11265 0.31421
v 0 0.1005 0.31421
v -0.0079 0.1005 0.31421
v 0.0079 0.1005 0.31421
v 0.0079 0.11265 0.31421
v 0 0.09544 0.31421
v 0.01559 0.09544 0.31421
v 0.01559 0.06836 0.31421
v 0.01465 0.06303 0.31421
v 0.01194 0.05834 0.31421
v 0.00779 0.05486 0.31421
v 0.00271 0.05301 0.31421
v 0 0.05301 0.31421
v -0.01559 0.09544 0.31421
v -0.01559 0.06836 0.31421
v -0.01465 0.06303 0.31421
v -0.01194 0.05834 0.31421
v -0.00779 0.05486 0.31421
v -0.00271 0.05301 0.31421
v 0 0.01972 0.3085
v 0 0.01862 0.30827
v 0.02854 0.01972 0.3085
v 0.02744 0.01862 0.30827
v -0.02744 0.01862 0.30827
v -0.02854 0.01972 0.3085
v 0.02853 0.06356 0.31884
v 0.02771 0.06433 0.31884
v 0.01513 0.06276 0.31848
v 0.01562 0.06433 0.31884
v 0.01244 0.05796 0.31737
v 0.00822 0.05431 0.31652
v 0.00309 0.05227 0.31605
v 0 0.05211 0.31601
v -0.02853 0.06356 0.31884
v -0.01513 0.06276 0.31848
v -0.02771 0.06433 0.31884
v -0.01562 0.06433 0.31884
v -0.01244 0.05796 0.31737
v -0.00822 0.05431 0.31652
v -0.00309 0.05227 0.31605
v 0 -0.02269 -0.37758
v 0.00287 -0.02269 -0.37758
v 0.0125 0.16769 0.30422
v -0.0125 0.16769 0.30422
v 0.0125 0.10931 0.30428
v -0.0125 0.10931 0.30428
v -0.02383 0.08235 0.30428
v 0.02383 0.08235 0.30428
v -0.02407 0.08105 0.30428
v 0.02407 0.08105 0.30428
v -0.02411 0.06457 0.30416
v 0.02415 0.06457 0.30416
v -0.00077 0.16719 0.30273
v 0.00077 0.16719 0.30273
v -0.00055 0.17916 0.30273
v 0.00055 0.17916 0.30273
v -0.00247 0.17787 0.30163
v -0.00465 0.16693 0.30163
v 0 0.17787 0.30163
v 0 0.16693 0.30163
v 0.00465 0.16693 0.30163
v 0.00247 0.17787 0.30163
v 0.02959 0.05555 -0.46478
v 0.02874 0.0553 -0.46497
v 0.02947 0.05638 -0.46536
v 0.02863 0.05611 -0.46553
v 0.02986 0.05692 -0.46475
v 0.02998 0.05602 -0.46413
v 0.02956 0.0574 -0.46405
v 0.0294 0.0571 -0.46597
v 0.02857 0.05681 -0.46612
v 0.02978 0.0577 -0.4654
v 0.02947 0.05825 -0.46477
v 0.02865 0.05844 -0.46443
v 0.02854 0.0592 -0.46524
v 0.02936 0.05894 -0.4655
v 0.02842 0.05968 -0.46605
v 0.02969 0.05827 -0.46602
v 0.02925 0.05941 -0.46629
v 0.02815 0.06002 -0.46697
v 0.02933 0.0576 -0.4665
v 0.02849 0.0573 -0.46665
v 0.02958 0.05867 -0.46668
v 0.02923 0.0579 -0.467
v 0.0284 0.05755 -0.46707
v 0.02894 0.05982 -0.46737
v 0.02761 0.06034 -0.46782
v 0.02928 0.05909 -0.46779
v 0.02896 0.05827 -0.46797
v 0.02818 0.05783 -0.46781
v 0.02828 0.06021 -0.4684
v 0.02676 0.06068 -0.46868
v 0.02857 0.05952 -0.4689
v 0.0283 0.05866 -0.46901
v 0.02763 0.05816 -0.46868
v 0.02734 0.06058 -0.46936
v 0.02566 0.06103 -0.46957
v 0.02758 0.05991 -0.4699
v 0.02735 0.05904 -0.46998
v 0.02677 0.0585 -0.46955
v 0.02618 0.06095 -0.47029
v 0.02437 0.06139 -0.47046
v 0.0264 0.06028 -0.47085
v 0.02618 0.05941 -0.47091
v 0.02566 0.05885 -0.47044
v 0.02486 0.06132 -0.47122
v 0.02296 0.06175 -0.47136
v 0.02506 0.06065 -0.47178
v 0.02486 0.05978 -0.47184
v 0.02437 0.05921 -0.47134
v 0.02342 0.06169 -0.47213
v 0.02149 0.06212 -0.47227
v 0.02194 0.06206 -0.47304
v 0.02362 0.06102 -0.47271
v 0.02213 0.06139 -0.47362
v 0.02343 0.06015 -0.47275
v 0.02296 0.05957 -0.47224
v 0.02194 0.06051 -0.47366
v 0.02149 0.05994 -0.47315
v 0.02244 0.09428 0.28853
v 0.02556 0.09582 0.28792
v 0.02154 0.09609 0.28813
v 0.02477 0.09742 0.28756
v 0.02078 0.09763 0.28698
v 0.0241 0.09878 0.28655
v 0.02028 0.09866 0.28527
v 0.02366 0.09969 0.28503
v -0.01594 0.10929 0.33318
v -0.01662 0.10929 0.33251
v -0.02848 0.08236 0.32606
v -0.02354 0.02517 -0.24292
v -0.02087 0.02448 -0.24079
v -0.02354 0.02448 -0.24079
v -0.02087 0.02517 -0.24292
v -0.02354 0.02659 -0.24427
v -0.02087 0.02659 -0.24427
v -0.02087 0.03192 -0.24425
v -0.02354 0.02999 -0.24425
v -0.02087 0.03263 -0.24358
v -0.02354 0.0307 -0.24358
v -0.02779 0.08238 0.32678
v -0.02878 0.08108 0.32553
v 0.02846 0.02919 -0.23582
v 0.02809 0.02645 -0.23582
v 0.02809 0.03193 -0.23582
v 0.02665 0.0341 -0.23582
v 0.02665 0.02429 -0.23582
v 0.02471 0.03542 -0.23582
v 0.02471 0.02297 -0.23582
v 0.02141 0.02179 -0.23586
v 0.02141 0.04201 -0.23583
v -0.01776 0.14909 0.3206
v -0.01552 0.14909 0.3206
v -0.01776 0.1489 0.31916
v -0.01552 0.1489 0.31916
v -0.01552 0.1489 0.32203
v -0.01776 0.14835 0.31783
v -0.01776 0.1489 0.32203
v -0.01552 0.14835 0.31783
v -0.01552 0.14835 0.32336
v -0.01776 0.14747 0.31668
v -0.01776 0.14835 0.32336
v -0.01552 0.14747 0.31668
v -0.01552 0.14747 0.32451
v -0.01776 0.14632 0.3158
v -0.01776 0.14747 0.32451
v -0.01552 0.14632 0.3158
v -0.01552 0.14632 0.32539
v -0.01776 0.14499 0.31525
v -0.01776 0.14632 0.32539
v -0.01552 0.14499 0.31525
v -0.01552 0.14499 0.32594
v -0.01776 0.14356 0.31506
v -0.01776 0.14499 0.32594
v -0.01552 0.14356 0.31506
v -0.01552 0.14356 0.32613
v -0.01776 0.14212 0.31525
v -0.01776 0.14356 0.32613
v -0.01552 0.14212 0.31525
v -0.01552 0.14212 0.32594
v -0.01776 0.14079 0.3158
v -0.01776 0.14212 0.32594
v -0.01552 0.14079 0.3158
v -0.01552 0.14079 0.32539
v -0.01776 0.13964 0.31668
v -0.01776 0.14079 0.32539
v -0.01552 0.13964 0.31668
v -0.01552 0.13964 0.32451
v -0.01776 0.13876 0.31783
v -0.01776 0.13964 0.32451
v -0.01552 0.13876 0.31783
v -0.01552 0.13876 0.32336
v -0.01776 0.13821 0.31916
v -0.01776 0.13876 0.32336
v -0.01552 0.13821 0.31916
v -0.01552 0.13821 0.32203
v -0.01776 0.13802 0.3206
v -0.01776 0.13821 0.32203
v -0.01552 0.13802 0.3206
v 0.02087 0.02448 -0.24079
v 0.02354 0.02517 -0.24292
v 0.02354 0.02448 -0.24079
v 0.02087 0.02517 -0.24292
v 0.02354 0.02659 -0.24427
v 0.02087 0.02659 -0.24427
v 0.02087 0.03192 -0.24425
v 0.02354 0.02999 -0.24425
v -0.01317 0.10929 0.33318
v -0.0125 0.16222 0.33067
v -0.01317 0.16272 0.33127
v -0.0125 0.16795 0.32902
v 0.00914 0.11255 0.31964
v -0.00914 0.11255 0.31964
v -0.0281 0.08109 0.32628
v -0.02878 0.0766 0.32294
v 0.00301 0.11667 0.2117
v 0 0.11717 0.2117
v -0.00301 0.11667 0.2117
v -0.00569 0.11534 0.2117
v 0.00569 0.11534 0.2117
v -0.00721 0.11404 0.2117
v 0.00721 0.11404 0.2117
v 0.00129 0.11404 0.22029
v 0.00129 0.11067 0.22029
v 0.00372 0.11404 0.21941
v 0.00372 0.11067 0.21941
v 0.00569 0.11404 0.21775
v 0.00569 0.11067 0.21775
v 0.00301 0.13474 0.18969
v 0 0.13523 0.18969
v -0.00301 0.13474 0.18969
v -0.00569 0.1334 0.18969
v 0.00569 0.1334 0.18969
v -0.00721 0.1321 0.18969
v 0.00721 0.1321 0.18969
v 0.02198 0.02678 -0.17506
v 0.0222 -0.02791 -0.1711
v 0 0.02678 -0.17506
v 0 -0.02791 -0.1711
v 0.02088 -0.02973 -0.17015
v 0 -0.02973 -0.17015
v -0.02088 -0.02973 -0.17015
v -0.0222 -0.02791 -0.1711
v -0.02198 0.02678 -0.17506
v -0.0241 0.09878 0.28655
v -0.02078 0.09763 0.28698
v -0.02028 0.09866 0.28527
v -0.02366 0.09969 0.28504
v -0.02474 0.0811 0.32628
v -0.02474 0.07662 0.32384
v -0.02407 0.0811 0.32554
v -0.02407 0.07662 0.32296
v -0.02382 0.08236 0.32606
v -0.02474 0.06547 0.31043
v -0.02407 0.06547 0.3094
v -0.02415 0.06457 0.30833
v -0.0245 0.08237 0.32678
v -0.0125 0.10929 0.33251
v 0.02424 0.05025 -0.18557
v 0.02424 0.03658 -0.18942
v 0.02087 0.05025 -0.18557
v 0.02087 0.0384 -0.18942
v -0.02087 0.0384 -0.18942
v -0.02424 0.03658 -0.18942
v -0.02087 0.05025 -0.18557
v -0.02424 0.05025 -0.18557
v 0.01077 -0.02511 -0.43361
v 0.00732 -0.02547 -0.43412
v 0.01291 -0.02398 -0.432
v -0.01291 -0.02398 -0.432
v 0 -0.02547 -0.43412
v -0.00732 -0.02547 -0.43412
v -0.01077 -0.02511 -0.43361
v -0.01966 -0.00159 -0.40006
v 0.01966 -0.00159 -0.40006
v 0.02271 0.00871 -0.38517
v -0.02271 0.00871 -0.38517
v 0.02314 0.01094 -0.38188
v -0.02314 0.01094 -0.38188
v -0.02245 0.01249 -0.37958
v 0.02245 0.01249 -0.37958
v -0.02039 0.01417 -0.37711
v 0.02039 0.01417 -0.37711
v 0.01509 -0.02567 -0.17366
v -0.01509 -0.02567 -0.17366
v 0.01509 0.02268 -0.17366
v -0.01509 0.02268 -0.17366
v -0.00736 0.12107 0.20034
v -0.00914 0.11925 0.19887
v -0.00597 0.11098 0.20166
v -0.00597 0.1211 0.20151
v -0.00914 0.12283 0.19879
v -0.00207 0.12113 0.20292
v -0.01122 0.12097 0.19524
v -0.01122 0.11085 0.19541
v -0.00914 0.11092 0.199
v -0.00207 0.11101 0.20308
v 0.00207 0.12113 0.20292
v 0.00207 0.11101 0.20308
v -0.01127 -0.10915 -0.03367
v -0.01127 -0.10549 -0.04483
v 0 -0.10915 -0.03367
v 0 -0.10549 -0.04483
v -0.01125 -0.09672 -0.0673
v 0 -0.09672 -0.0673
v -0.0094 -0.09285 -0.07431
v 0 -0.09285 -0.07431
v -0.00414 -0.08831 -0.07922
v 0 -0.08831 -0.07922
v 0 -0.08599 -0.08116
v 0.00414 -0.08831 -0.07922
v 0.0094 -0.09285 -0.07431
v 0.01125 -0.09672 -0.0673
v 0.01127 -0.10549 -0.04483
v 0.01127 -0.10915 -0.03367
v 0 0.05243 0.31555
v -0.00298 0.05256 0.31558
v 0.00298 0.05256 0.31558
v 0.00806 0.05457 0.31605
v 0.01223 0.05819 0.31689
v 0.01487 0.0629 0.31798
v 0.01538 0.06458 0.3183
v 0.00129 0.1321 0.19828
v 0.00129 0.12874 0.19828
v 0.00372 0.1321 0.1974
v 0.00372 0.12874 0.1974
v 0.00569 0.1321 0.19574
v 0.00569 0.12874 0.19574
v -0.01487 0.0629 0.31798
v -0.01538 0.06458 0.3183
v -0.01223 0.05819 0.31689
v -0.00806 0.05457 0.31605
v -0.02878 0.06381 0.3183
v -0.02771 0.06458 0.3183
v 0.02771 0.06458 0.3183
v 0.02878 0.06381 0.3183
v -0.02151 0.02005 -0.46875
v -0.02303 0.02081 -0.46771
v -0.02203 0.01997 -0.46947
v -0.02357 0.02073 -0.46843
v -0.0245 0.02158 -0.46668
v -0.02224 0.0205 -0.47016
v -0.02506 0.02152 -0.46738
v -0.02586 0.02237 -0.46564
v -0.02378 0.02126 -0.46913
v -0.02201 0.02132 -0.47043
v -0.02645 0.02232 -0.46632
v -0.02705 0.02318 -0.4646
v -0.02527 0.02205 -0.46808
v -0.02354 0.02209 -0.46939
v -0.02146 0.02196 -0.4701
v -0.02299 0.02273 -0.46907
v -0.02502 0.02287 -0.46835
v -0.02445 0.02349 -0.46804
v -0.02667 0.02286 -0.46701
v -0.02768 0.02316 -0.46524
v -0.02801 0.02401 -0.46356
v -0.0264 0.02367 -0.4673
v -0.02579 0.02427 -0.46702
v -0.02792 0.02371 -0.46591
v -0.0287 0.02405 -0.46413
v -0.02868 0.02488 -0.46251
v -0.02762 0.0245 -0.46623
v -0.02696 0.02506 -0.466
v -0.02896 0.02461 -0.46478
v -0.02944 0.02501 -0.46297
v -0.029 0.02582 -0.46142
v -0.02862 0.02537 -0.46514
v -0.02789 0.02587 -0.46498
v -0.02971 0.0256 -0.46359
v -0.0298 0.02604 -0.46178
v -0.02905 0.02655 -0.46072
v -0.02934 0.0263 -0.46401
v -0.02853 0.0267 -0.46398
v -0.03007 0.02664 -0.4624
v -0.02985 0.0268 -0.46105
v -0.02904 0.02738 -0.46013
v -0.02966 0.02726 -0.46291
v -0.02881 0.02754 -0.46302
v -0.03012 0.02735 -0.46172
v -0.02984 0.02762 -0.46047
v -0.029 0.02829 -0.45967
v -0.0297 0.02786 -0.46233
v -0.02884 0.02805 -0.46252
v -0.03011 0.02807 -0.46121
v -0.0298 0.02848 -0.46004
v -0.02895 0.02924 -0.45935
v -0.02969 0.02847 -0.4619
v -0.02883 0.02859 -0.46214
v -0.03007 0.02882 -0.46082
v -0.02975 0.02937 -0.45973
v -0.02892 0.03022 -0.45916
v -0.02966 0.02912 -0.46157
v -0.02881 0.02919 -0.46184
v -0.03003 0.0296 -0.46056
v -0.02972 0.03028 -0.45956
v -0.02893 0.03122 -0.4591
v -0.02963 0.02979 -0.46134
v -0.02877 0.02983 -0.46162
v -0.03001 0.03039 -0.46041
v -0.02974 0.03118 -0.4595
v -0.02901 0.03218 -0.45916
v -0.0296 0.03049 -0.46121
v -0.02875 0.03051 -0.46149
v -0.03002 0.03117 -0.46036
v -0.02981 0.03211 -0.45956
v -0.02901 0.0537 -0.46174
v -0.02961 0.03118 -0.46116
v -0.02876 0.03122 -0.46144
v -0.03008 0.03202 -0.46041
v -0.02981 0.05361 -0.46214
v -0.02903 0.05458 -0.46197
v -0.02967 0.03197 -0.46121
v -0.02882 0.03197 -0.46149
v -0.03008 0.05345 -0.46298
v -0.02983 0.05446 -0.46237
v -0.02895 0.05557 -0.46242
v -0.02967 0.0533 -0.46377
v -0.02882 0.05326 -0.46404
v -0.0301 0.05418 -0.46318
v -0.02975 0.05546 -0.46282
v -0.02889 0.05658 -0.463
v -0.02969 0.0539 -0.46393
v -0.02883 0.05379 -0.46418
v -0.03003 0.05509 -0.46359
v -0.02969 0.05645 -0.46339
v -0.02876 0.05755 -0.46368
v -0.02963 0.05469 -0.46429
v -0.02878 0.05449 -0.4645
v -0.02998 0.05602 -0.46413
v -0.02956 0.0574 -0.46405
v -0.02866 0.05844 -0.46443
v -0.02959 0.05555 -0.46478
v -0.02874 0.0553 -0.46497
v -0.02986 0.05692 -0.46475
v -0.02947 0.05825 -0.46477
v -0.02854 0.0592 -0.46524
v -0.02948 0.05638 -0.46536
v -0.02864 0.05611 -0.46553
v -0.02978 0.0577 -0.4654
v -0.02936 0.05894 -0.4655
v -0.02842 0.05968 -0.46605
v -0.0294 0.0571 -0.46597
v -0.02857 0.05681 -0.46612
v -0.02969 0.05827 -0.46602
v -0.02925 0.05941 -0.46629
v -0.02815 0.06002 -0.46697
v -0.02933 0.0576 -0.4665
v -0.02849 0.0573 -0.46665
v -0.02958 0.05867 -0.46668
v -0.02894 0.05982 -0.46737
v -0.02761 0.06034 -0.46782
v -0.02923 0.0579 -0.467
v -0.0284 0.05755 -0.46707
v -0.02928 0.05909 -0.46778
v -0.02828 0.06021 -0.4684
v -0.02676 0.06068 -0.46868
v -0.02896 0.05827 -0.46797
v -0.02818 0.05783 -0.46781
v -0.02857 0.05952 -0.4689
v -0.02734 0.06058 -0.46936
v -0.02566 0.06103 -0.46957
v -0.0283 0.05866 -0.46901
v -0.02763 0.05816 -0.46868
v -0.02758 0.05991 -0.4699
v -0.02618 0.06095 -0.47029
v -0.02437 0.06139 -0.47046
v -0.02735 0.05904 -0.46998
v -0.02677 0.0585 -0.46955
v -0.0264 0.06028 -0.47085
v -0.02486 0.06132 -0.47122
v -0.02296 0.06175 -0.47136
v -0.02618 0.05941 -0.47091
v -0.02566 0.05885 -0.47044
v -0.02506 0.06065 -0.47178
v -0.02343 0.06169 -0.47213
v -0.02149 0.06212 -0.47227
v -0.02194 0.06206 -0.47304
v -0.02486 0.05978 -0.47184
v -0.02437 0.05921 -0.47134
v -0.02362 0.06102 -0.47271
v -0.02213 0.06139 -0.47362
v -0.02343 0.06015 -0.47275
v -0.02296 0.05957 -0.47224
v -0.02194 0.06051 -0.47366
v -0.02149 0.05994 -0.47315
v -0.02811 0.07662 0.32384
v -0.02878 0.06624 0.31033
v -0.02811 0.06547 0.31043
v -0.02771 0.06458 0.30833
v -0.02878 0.06554 0.30839
v -0.02141 0.0735 -0.14962
v -0.02063 0.07739 -0.14962
v -0.01753 0.0735 -0.14962
v -0.01675 0.07739 -0.14962
v -0.01695 0.09575 -0.14962
v -0.01307 0.09575 -0.14962
v 0.02087 0.03263 -0.24358
v 0.02354 0.0307 -0.24358
v 0 -0.10915 -0.01629
v -0.01154 -0.10915 -0.01629
v 0 -0.10915 -0.0113
v -0.01154 -0.10915 -0.0113
v -0.00937 -0.10915 0.0262
v 0 -0.10915 0.0262
v 0 -0.10881 0.02822
v -0.00937 -0.10881 0.02822
v 0 -0.08808 0.0881
v -0.00937 -0.08808 0.0881
v 0 -0.08629 0.09028
v -0.00937 -0.08629 0.09028
v 0 -0.08391 0.09221
v -0.00937 -0.08391 0.09221
v 0 0.0074 0.14579
v -0.00937 0.0074 0.14579
v 0.00937 0.0074 0.14579
v 0.00937 -0.08391 0.09221
v 0.00937 -0.08629 0.09028
v 0.00937 -0.08808 0.0881
v 0.00937 -0.10881 0.02822
v 0.00937 -0.10915 0.0262
v 0.01154 -0.10915 -0.0113
v 0.01154 -0.10915 -0.01629
v 0 -0.08404 -0.08239
v 0.00604 -0.08687 -0.07966
v -0.00054 0.13474 0.19491
v 0 0.13523 0.19223
v -0.00156 0.13474 0.19454
v 0.00293 0.13474 0.19291
v 0.00301 0.13474 0.19223
v 0.00239 0.13474 0.19384
v 0.00156 0.13474 0.19454
v -0.00294 0.1334 0.19659
v 0.00102 0.1334 0.19729
v 0.00294 0.1334 0.19659
v 0.00054 0.13474 0.19491
v -0.00102 0.1334 0.19729
v -0.00129 0.1321 0.19828
v -0.00372 0.1321 0.1974
v -0.00569 0.1321 0.19574
v -0.00451 0.1334 0.19528
v -0.00698 0.1321 0.19351
v -0.00239 0.13474 0.19384
v -0.00553 0.1334 0.19351
v -0.00721 0.1321 0.19223
v -0.00569 0.1334 0.19223
v -0.00293 0.13474 0.19291
v -0.00301 0.13474 0.19223
v 0.00207 0.12277 0.28142
v 0.00207 0.1246 0.28321
v -0.00207 0.1246 0.28321
v -0.00207 0.12277 0.28142
v -0.00597 0.12457 0.28179
v -0.00597 0.12274 0.27974
v -0.00914 0.12451 0.27913
v -0.00736 0.12271 0.27834
v -0.03423 0.09215 0.20853
v -0.03271 0.0914 0.2115
v -0.02753 0.10566 0.20855
v -0.02601 0.10491 0.21151
v 0.02601 0.10491 0.21151
v 0.03271 0.0914 0.2115
v 0.02753 0.10566 0.20855
v 0.03423 0.09215 0.20853
v -0.0241 0.07325 -0.13162
v -0.01762 0.10854 -0.13162
v 0 0.07325 -0.13162
v 0 0.10854 -0.13162
v 0.01762 0.10854 -0.13162
v 0.0241 0.07325 -0.13162
v -0.00937 0.03301 0.17099
v -0.00937 0.02859 0.16262
v 0 0.03301 0.17099
v 0 0.02859 0.16262
v -0.00937 0.02454 0.15702
v 0 0.02454 0.15702
v -0.00937 0.01936 0.15236
v 0 0.01936 0.15236
v -0.00937 0.0138 0.14918
v 0 0.0138 0.14918
v 0.00937 0.0138 0.14918
v 0.00937 0.01936 0.15236
v 0.00937 0.02454 0.15702
v 0.00937 0.02859 0.16262
v 0.00937 0.03301 0.17099
v 0.00451 0.1334 0.19528
v 0.00553 0.1334 0.19351
v 0.00698 0.1321 0.19351
v 0.00569 0.1334 0.19223
v 0.00721 0.1321 0.19223
v -0.03423 0.09218 0.19422
v -0.03271 0.09142 0.19719
v -0.02753 0.10569 0.19424
v -0.02601 0.10493 0.19721
v -0.00054 0.11667 0.21692
v 0 0.11717 0.21424
v -0.00156 0.11667 0.21655
v 0.00293 0.11667 0.21491
v 0.00301 0.11667 0.21424
v 0.00239 0.11667 0.21585
v 0.00156 0.11667 0.21655
v -0.00294 0.11534 0.2186
v 0.00102 0.11534 0.2193
v 0.00294 0.11534 0.2186
v 0.00054 0.11667 0.21692
v -0.00102 0.11534 0.2193
v -0.00129 0.11404 0.22029
v -0.00372 0.11404 0.21941
v -0.00569 0.11404 0.21775
v -0.00451 0.11534 0.21728
v -0.00698 0.11404 0.21551
v -0.00239 0.11667 0.21585
v -0.00553 0.11534 0.21551
v -0.00721 0.11404 0.21424
v -0.00569 0.11534 0.21424
v -0.00293 0.11667 0.21491
v -0.00301 0.11667 0.21424
v 0.02601 0.10493 0.19721
v 0.03271 0.09142 0.19719
v 0.02753 0.10569 0.19424
v 0.03423 0.09218 0.19422
v -0.01125 0.11305 -0.12712
v 0 0.11305 -0.12712
v 0.01125 0.11305 -0.12712
v 0.00914 0.12451 0.27913
v 0.00597 0.12457 0.28179
v 0.00736 0.12271 0.27834
v 0.00597 0.12274 0.27974
v 0.01912 0.00748 -0.29694
v 0.01912 0.00748 -0.24151
v 0.0152 0.00748 -0.26923
v 0.0152 0.00748 -0.24151
v 0.01912 -0.02567 -0.19027
v 0.0152 -0.02567 -0.19027
v 0.01895 -0.02567 -0.17013
v -0.01895 -0.02567 -0.17013
v -0.01912 -0.02567 -0.19027
v -0.0152 -0.02567 -0.19027
v -0.0152 0.00748 -0.24151
v -0.01912 0.00748 -0.24151
v -0.0152 0.00748 -0.26923
v -0.01912 0.00748 -0.29694
v -0.02141 0.0672 -0.1548
v -0.01753 0.0672 -0.1548
v 0.00451 0.11534 0.21728
v 0.00553 0.11534 0.21551
v 0.00698 0.11404 0.21551
v 0.00569 0.11534 0.21424
v 0.00721 0.11404 0.21424
v 0.00696 0.18747 -0.08055
v 0.00696 0.18747 -0.08804
v 0 0.18745 -0.08804
v 0 0.18745 -0.08055
v -0.00696 0.18747 -0.08055
v -0.00696 0.18747 -0.08804
v -0.00813 0.18708 -0.08804
v -0.00813 0.18708 -0.08055
v -0.00919 0.18612 -0.08055
v -0.00919 0.18612 -0.08804
v -0.00965 0.18488 -0.08804
v -0.00965 0.18488 -0.08055
v -0.0125 0.18488 -0.08848
v -0.0125 0.18488 -0.07599
v -0.00965 0.18488 -0.08848
v -0.00965 0.18488 -0.07599
v 0.00965 0.18488 -0.07599
v 0.0125 0.18488 -0.07599
v 0.00965 0.18488 -0.08848
v 0.0125 0.18488 -0.08848
v 0.02087 0.01382 -0.16472
v 0.02423 0.01538 -0.17118
v 0.02423 0.01382 -0.16472
v 0.02087 0.01538 -0.17118
v 0.02423 0.01765 -0.17601
v 0.02087 0.01765 -0.17601
v 0.02423 0.02044 -0.17926
v 0.02087 0.02044 -0.17926
v 0.02423 0.02322 -0.18147
v 0.02087 0.02322 -0.18147
v -0.02423 0.01538 -0.17118
v -0.02087 0.01382 -0.16472
v -0.02423 0.01382 -0.16472
v -0.02087 0.01538 -0.17118
v -0.02423 0.01765 -0.17601
v -0.02087 0.01765 -0.17601
v -0.02423 0.02044 -0.17926
v -0.02087 0.02044 -0.17926
v -0.02423 0.02322 -0.18147
v -0.02087 0.02322 -0.18147
v 0.02471 0.04223 -0.23582
v 0.02471 0.0458 -0.23843
v 0.02141 0.04575 -0.23845
v 0.02471 0.04868 -0.24247
v 0.02141 0.04865 -0.24247
v -0.01594 0.16272 0.33127
v -0.01594 0.16842 0.32955
v -0.01317 0.16842 0.32955
v -0.01317 0.17313 0.3259
v -0.01594 0.17313 0.3259
v -0.01317 0.177 0.32138
v -0.01594 0.177 0.32138
v -0.01317 0.18003 0.31467
v -0.01594 0.18003 0.31467
v -0.01594 0.18154 0.30735
v -0.01317 0.18154 0.30735
v -0.01594 0.19098 -0.08385
v -0.01317 0.19098 -0.08385
v -0.01317 0.18905 -0.09222
v -0.01594 0.18905 -0.09222
v -0.01317 0.18548 -0.09896
v -0.01594 0.18548 -0.09896
v -0.01317 0.18067 -0.10275
v -0.01594 0.18067 -0.10275
v -0.01317 0.17452 -0.10586
v -0.01594 0.17452 -0.10586
v -0.01594 0.16796 -0.10734
v -0.01317 0.16796 -0.10734
v -0.01317 0.13891 -0.10933
v -0.01594 0.13891 -0.10933
v -0.01593 0.11278 -0.11154
v -0.01317 0.11278 -0.11154
v -0.01317 0.1099 -0.10934
v -0.01593 0.1099 -0.10934
v -0.01592 0.1047 -0.10935
v -0.01317 0.1047 -0.10935
v 0.01317 0.177 0.32138
v 0.01594 0.177 0.32138
v 0.01317 0.18003 0.31467
v 0.01594 0.18003 0.31467
v 0.01594 0.17313 0.3259
v 0.01594 0.18154 0.30735
v 0.01317 0.17313 0.3259
v 0.01317 0.18154 0.30735
v 0.01594 0.16842 0.32955
v 0.01594 0.19098 -0.08385
v 0.01317 0.16842 0.32955
v 0.01317 0.19098 -0.08385
v 0.01317 0.16272 0.33127
v 0.01317 0.18905 -0.09222
v 0.01594 0.16272 0.33127
v 0.01594 0.18905 -0.09222
v 0.01317 0.10929 0.33318
v 0.01317 0.18548 -0.09896
v 0.01594 0.10929 0.33318
v 0.01594 0.18548 -0.09896
v 0.02779 0.08238 0.32678
v 0.01317 0.18067 -0.10275
v 0.0245 0.08237 0.32678
v 0.01594 0.18067 -0.10275
v 0.02474 0.0811 0.32628
v 0.01317 0.17452 -0.10586
v 0.0281 0.08109 0.32628
v 0.01594 0.17452 -0.10586
v 0.02474 0.07662 0.32384
v 0.01594 0.16796 -0.10734
v 0.02811 0.07662 0.32384
v 0.01317 0.16796 -0.10734
v 0.02811 0.06547 0.31043
v 0.01317 0.13891 -0.10933
v 0.02474 0.06547 0.31043
v 0.02415 0.06457 0.30833
v 0.02771 0.06458 0.30833
v 0.01594 0.13891 -0.10933
v 0.01593 0.11278 -0.11154
v 0.01317 0.11278 -0.11154
v 0.01317 0.1099 -0.10934
v 0.01593 0.1099 -0.10934
v 0.01592 0.1047 -0.10935
v 0.01317 0.1047 -0.10935
v 0.00055 0.17916 0.2924
v -0.00055 0.17916 0.2924
v -0.00247 0.17787 0.29377
v 0 0.17787 0.29377
v 0.00247 0.17787 0.29377
v -0.02492 0.07288 -0.13095
v -0.01831 0.10856 -0.13095
v 0.01831 0.10856 -0.13095
v 0.02492 0.07288 -0.13095
v -0.0125 0.1054 -0.10866
v 0.0125 0.1054 -0.10866
v 0 0.13721 -0.48911
v 0.00277 0.13688 -0.4891
v 0.02789 0.02587 -0.46498
v 0.02862 0.02537 -0.46514
v 0.02696 0.02506 -0.466
v 0.02762 0.0245 -0.46623
v 0.02579 0.02427 -0.46702
v 0.02934 0.0263 -0.46401
v 0.02853 0.0267 -0.46398
v 0.0264 0.02367 -0.4673
v 0.02445 0.02349 -0.46804
v 0.02966 0.02726 -0.46291
v 0.02881 0.02754 -0.46302
v 0.02971 0.0256 -0.46359
v 0.0297 0.02786 -0.46233
v 0.02884 0.02805 -0.46252
v 0.03007 0.02664 -0.4624
v 0.03012 0.02735 -0.46172
v 0.02969 0.02847 -0.4619
v 0.02883 0.02859 -0.46214
v 0.03011 0.02807 -0.46121
v 0.02966 0.02912 -0.46157
v 0.02881 0.02919 -0.46184
v 0.03007 0.02882 -0.46082
v 0.02963 0.02979 -0.46134
v 0.02877 0.02983 -0.46162
v 0.03003 0.0296 -0.46056
v 0.0296 0.03049 -0.46121
v 0.02875 0.03051 -0.46149
v 0.03001 0.03039 -0.46041
v 0.02961 0.03118 -0.46116
v 0.02876 0.03122 -0.46144
v 0.03002 0.03117 -0.46036
v 0.02967 0.03197 -0.46121
v 0.02882 0.03197 -0.46149
v 0.03008 0.03202 -0.46041
v 0.02967 0.0533 -0.46377
v 0.02882 0.05326 -0.46404
v 0.03008 0.05345 -0.46298
v 0.02969 0.0539 -0.46393
v 0.02883 0.05379 -0.46418
v 0.0301 0.05418 -0.46318
v 0.02963 0.05469 -0.46429
v 0.02878 0.05449 -0.4645
v 0.03003 0.05509 -0.46359
v 0.02983 0.05446 -0.46237
v 0.02975 0.05546 -0.46282
v 0.02969 0.05645 -0.46339
v 0.02889 0.05658 -0.463
v 0.02895 0.05557 -0.46242
v 0.02876 0.05755 -0.46368
v 0.02903 0.05458 -0.46197
v 0.02981 0.05361 -0.46214
v 0.02901 0.0537 -0.46174
v 0.02981 0.03211 -0.45956
v 0.02901 0.03218 -0.45916
v 0.02973 0.03118 -0.4595
v 0.02893 0.03122 -0.4591
v 0.02972 0.03028 -0.45956
v 0.02892 0.03022 -0.45916
v 0.02975 0.02937 -0.45973
v 0.02895 0.02924 -0.45935
v 0.0298 0.02848 -0.46004
v 0.029 0.02829 -0.45967
v 0.02984 0.02762 -0.46047
v 0.02904 0.02738 -0.46013
v 0.02985 0.0268 -0.46105
v 0.02905 0.02655 -0.46072
v 0.0298 0.02604 -0.46178
v 0.029 0.02582 -0.46142
v 0.02944 0.02501 -0.46297
v 0.02868 0.02488 -0.46251
v 0.02896 0.02461 -0.46478
v 0.0287 0.02405 -0.46413
v 0.02801 0.02401 -0.46356
v 0.02792 0.02371 -0.46591
v 0.02768 0.02316 -0.46524
v 0.02705 0.02318 -0.4646
v 0.02667 0.02286 -0.46701
v 0.02645 0.02232 -0.46632
v 0.02586 0.02237 -0.46564
v 0.02502 0.02287 -0.46835
v 0.02299 0.02273 -0.46907
v 0.02527 0.02205 -0.46808
v 0.02354 0.02209 -0.46939
v 0.02146 0.02196 -0.4701
v 0.02201 0.02132 -0.47043
v 0.02378 0.02126 -0.46913
v 0.02224 0.0205 -0.47016
v 0.02506 0.02152 -0.46738
v 0.0245 0.02158 -0.46668
v 0.02357 0.02073 -0.46843
v 0.02203 0.01997 -0.46947
v 0.02303 0.02081 -0.46771
v 0.02151 0.02005 -0.46875
v 0.00772 0.18652 -0.08871
v 0.00646 0.18686 -0.08871
v 0 0.18678 -0.08871
v -0.00646 0.18686 -0.08871
v -0.00772 0.18652 -0.08871
v -0.00869 0.18563 -0.08871
v -0.00914 0.18434 -0.08871
v -0.00905 0.16882 -0.08871
v -0.00958 0.16826 -0.08804
v -0.00865 0.16744 -0.08871
v -0.00916 0.16695 -0.08804
v -0.00786 0.16651 -0.08871
v -0.00829 0.16595 -0.08804
v -0.00647 0.16615 -0.08871
v -0.00696 0.16554 -0.08804
v -0.00433 0.16551 -0.08804
v -0.00358 0.16615 -0.08871
v -0.00354 -0.00823 -0.384
v -0.00354 -0.02198 -0.37778
v -0.00287 -0.02269 -0.37758
v -0.00354 -0.0226 -0.37459
v -0.00287 -0.02329 -0.3741
v -0.00354 -0.02214 -0.37001
v -0.00287 -0.02272 -0.36989
v -0.00354 -0.02044 -0.36564
v -0.00287 -0.02095 -0.36513
v -0.00354 -0.01675 -0.36434
v -0.00287 -0.01748 -0.36381
v -0.00334 -0.01285 -0.36122
v -0.00265 -0.01368 -0.36095
v 0.00247 0.17112 0.30422
v 0 0.17155 0.30422
v -0.00958 0.16963 -0.07599
v -0.0125 0.16963 -0.07599
v 0.00958 0.16963 -0.07599
v 0.0125 0.16963 -0.07599
v -0.01255 -0.10667 -0.03281
v -0.01255 -0.10318 -0.04401
v -0.01255 -0.09415 -0.06778
v -0.01003 -0.09015 -0.07497
v -0.00604 -0.08687 -0.07966
v -0.01038 0.00775 0.14483
v -0.01038 -0.08327 0.09142
v -0.01038 -0.08558 0.08956
v -0.01038 -0.08729 0.08742
v -0.01038 -0.10788 0.02779
v -0.01038 -0.10818 0.02575
v -0.01255 -0.10815 -0.0113
v -0.01255 -0.10815 -0.01629
v 0.01255 -0.10667 -0.03281
v 0.01255 -0.10815 -0.01629
v 0.01255 -0.10815 -0.0113
v 0.01038 -0.10818 0.02575
v 0.01038 -0.10788 0.02779
v 0.01038 -0.08729 0.08742
v 0.01038 -0.08558 0.08956
v 0.01038 -0.08327 0.09142
v 0.01038 0.00775 0.14483
v -0.01038 0.03301 0.16888
v -0.01038 0.02907 0.16164
v -0.01038 0.02473 0.15567
v -0.01038 0.01945 0.15115
v -0.01038 0.01398 0.14814
v 0.01038 0.01398 0.14814
v 0.01038 0.01945 0.15115
v 0.01038 0.02473 0.15567
v 0.01038 0.02907 0.16164
v 0.01038 0.03301 0.16888
v 0 -0.02978 -0.16946
v 0.02104 -0.02978 -0.16946
v -0.02104 -0.02978 -0.16946
v -0.01209 0.11312 -0.12624
v 0.01209 0.11312 -0.12624
v 0.01003 -0.09015 -0.07497
v 0.01255 -0.09415 -0.06778
v 0.01255 -0.10318 -0.04401
v -0.00288 0.11068 -0.09428
v -0.00086 0.1182 -0.09428
v -0.00086 0.11041 -0.09428
v 0.00115 0.11068 -0.09428
v -0.00476 0.11145 -0.09428
v 0.00303 0.11145 -0.09428
v -0.00637 0.11269 -0.09428
v 0.00464 0.11269 -0.09428
v -0.0076 0.1143 -0.09428
v 0.00588 0.1143 -0.09428
v -0.00838 0.11618 -0.09428
v 0.00665 0.11618 -0.09428
v -0.00865 0.1182 -0.09428
v 0.00692 0.1182 -0.09428
v -0.00838 0.12021 -0.09428
v 0.00665 0.12021 -0.09428
v -0.0076 0.12209 -0.09428
v 0.00588 0.12209 -0.09428
v -0.00637 0.1237 -0.09428
v 0.00464 0.1237 -0.09428
v -0.00476 0.12494 -0.09428
v 0.00303 0.12494 -0.09428
v -0.00288 0.12571 -0.09428
v 0.00115 0.12571 -0.09428
v -0.00086 0.12598 -0.09428
v -0.01662 0.13859 -0.10868
v -0.01662 0.11319 -0.11087
v -0.00086 0.12758 -0.09361
v 0.00157 0.12726 -0.09361
v 0.00383 0.12632 -0.09361
v -0.00329 0.12726 -0.09361
v -0.00556 0.12632 -0.09361
v -0.0075 0.12483 -0.09361
v -0.00899 0.12289 -0.09361
v -0.00993 0.12062 -0.09361
v -0.01025 0.1182 -0.09361
v -0.00993 0.11577 -0.09361
v -0.00899 0.1135 -0.09361
v -0.0075 0.11156 -0.09361
v -0.00556 0.11007 -0.09361
v -0.00329 0.10913 -0.09361
v -0.00086 0.10881 -0.09361
v 0.00157 0.10913 -0.09361
v 0.00383 0.11007 -0.09361
v 0.00358 -0.03412 -0.48736
v 0.0036 -0.03411 -0.47163
v 0 -0.03445 -0.47162
v 0 -0.07421 -0.01596
v 0.00465 -0.06991 -0.01084
v 0 -0.06995 -0.00975
v 0.00965 0.18488 -0.08055
v 0.00965 0.18488 -0.08804
v 0.00919 0.18612 -0.08055
v 0.00919 0.18612 -0.08804
v 0.00813 0.18708 -0.08804
v 0.00813 0.18708 -0.08055
v 0.01085 0.11349 -0.12594
v 0 0.11349 -0.12594
v 0.00577 0.12483 -0.09361
v 0.00727 0.12289 -0.09361
v 0.0082 0.12062 -0.09361
v 0.00852 0.1182 -0.09361
v 0.0082 0.11577 -0.09361
v 0.00727 0.1135 -0.09361
v 0.00577 0.11156 -0.09361
v -0.00958 0.1551 -0.07599
v 0.00958 0.1551 -0.07599
v -0.00958 0.1551 -0.08848
v 0.00958 0.1551 -0.08848
v -0.01662 0.11031 -0.10866
v -0.01662 0.10511 -0.10867
v -0.01597 0.10218 -0.10935
v -0.01662 0.10218 -0.10867
v -0.01618 0.08702 -0.10935
v -0.0169 0.08702 -0.10867
v -0.01994 0.07268 -0.10935
v -0.02065 0.07275 -0.10867
v -0.0203 0.07133 -0.10935
v -0.02101 0.0713 -0.10867
v -0.02133 0.06933 -0.10867
v -0.02064 0.06933 -0.10935
v -0.02066 0.06634 -0.10935
v -0.02133 0.06728 -0.10867
v -0.00358 0.15766 -0.08871
v 0.00358 0.15766 -0.08871
v 0.00358 0.16615 -0.08871
v 0 0.17146 -0.08871
v -0.00171 0.17178 -0.08871
v 0.00171 0.17178 -0.08871
v 0.00646 0.16615 -0.08871
v -0.00324 0.17266 -0.08871
v 0.00324 0.17266 -0.08871
v 0.00786 0.16651 -0.08871
v 0.00865 0.16744 -0.08871
v -0.00437 0.174 -0.08871
v 0.00437 0.174 -0.08871
v 0.00905 0.16882 -0.08871
v -0.00497 0.17565 -0.08871
v 0.00497 0.17565 -0.08871
v -0.00497 0.17741 -0.08871
v 0.00497 0.17741 -0.08871
v 0.00914 0.18434 -0.08871
v -0.00437 0.17907 -0.08871
v 0.00437 0.17907 -0.08871
v -0.00324 0.18041 -0.08871
v 0.00324 0.18041 -0.08871
v 0.00869 0.18563 -0.08871
v -0.00171 0.18129 -0.08871
v 0.00171 0.18129 -0.08871
v 0 0.1816 -0.08871
v 0.0125 0.1054 -0.08855
v -0.0125 0.1054 -0.08855
v -0.0125 0.15577 -0.08848
v 0.0125 0.15577 -0.08848
v 0 -0.03345 -0.47162
v 0.00335 -0.03312 -0.47162
v 0 -0.03345 -0.43776
v 0.00335 -0.03313 -0.43776
v -0.01912 0.01164 -0.3439
v -0.02046 0.01299 -0.3439
v -0.02046 0.00883 -0.29694
v -0.02046 0.00894 -0.24151
v -0.02046 -0.02403 -0.19027
v -0.02046 -0.02403 -0.17029
v -0.01662 0.17661 0.32072
v -0.01662 0.17278 0.3253
v -0.01662 0.16808 0.32895
v -0.01662 0.17956 0.31391
v -0.01662 0.16238 0.33065
v -0.01662 0.18097 0.30641
v -0.01662 0.19037 -0.08324
v -0.01662 0.18854 -0.09166
v -0.01662 0.18503 -0.09843
v -0.01662 0.18025 -0.10222
v -0.01662 0.17411 -0.10529
v -0.01662 0.16754 -0.10672
v 0.02046 -0.02403 -0.17029
v 0.02046 -0.02403 -0.19027
v 0.02046 0.00894 -0.24151
v 0.02046 0.00883 -0.29694
v 0.02046 0.01299 -0.3439
v 0.01912 0.01164 -0.3439
v -0.00958 0.16362 -0.08299
v 0.00958 0.16362 -0.08299
v -0.00958 0.16449 -0.08386
v 0.00958 0.16449 -0.08386
v -0.00958 0.16481 -0.08505
v 0.00958 0.16481 -0.08505
v -0.00958 0.16449 -0.08625
v 0.00958 0.16449 -0.08625
v -0.00958 0.16362 -0.08712
v 0.00958 0.16362 -0.08712
v -0.00958 0.16243 -0.08744
v 0.00958 0.16243 -0.08744
v -0.00958 0.16123 -0.08712
v 0.00958 0.16123 -0.08712
v -0.00958 0.16036 -0.08625
v 0.00958 0.16036 -0.08625
v -0.00958 0.16004 -0.08505
v 0.00958 0.16004 -0.08505
v -0.00958 0.16036 -0.08386
v 0.00958 0.16036 -0.08386
v -0.00958 0.16123 -0.08299
v 0.00958 0.16123 -0.08299
v 0.01078 -0.02398 -0.43809
v 0.01094 -0.02408 -0.42907
v -0.01078 -0.02398 -0.43809
v -0.01094 -0.02408 -0.42907
v -0.0012 0.17321 -0.08771
v 0 0.173 -0.08771
v 0.0012 0.17321 -0.08771
v 0.00226 0.17382 -0.08771
v 0.00305 0.17476 -0.08771
v 0.00347 0.17592 -0.08771
v 0.00347 0.17715 -0.08771
v 0.00305 0.1783 -0.08771
v 0.00226 0.17924 -0.08771
v 0.0012 0.17985 -0.08771
v 0 0.18006 -0.08771
v -0.0012 0.17985 -0.08771
v 0.02566 0.09557 0.31016
v 0.03208 0.09872 0.31016
v 0.02281 0.10133 0.30888
v 0.03427 0.0943 0.30913
v 0.02822 0.09042 0.3089
v 0.0296 0.10373 0.3091
v 0.02105 0.10489 0.30691
v 0.02741 0.10816 0.30675
v 0.01891 0.1092 0.30222
v 0.0254 0.11222 0.30239
v 0.01782 0.11141 0.29726
v 0.02424 0.11456 0.29726
v 0.01699 0.11312 0.28888
v 0.02341 0.11626 0.28889
v 0.01711 0.11288 0.28106
v 0.02353 0.11602 0.28103
v 0.01803 0.11102 0.27262
v 0.02445 0.11418 0.27266
v 0.01931 0.10846 0.26631
v 0.02576 0.11155 0.26621
v 0.02318 0.10068 0.25333
v 0.0296 0.10383 0.25333
v -0.02878 0.03437 0.1794
v -0.02853 0.03624 0.18322
v -0.02878 0.03625 0.18245
v -0.02851 0.03849 0.1847
v 0 -0.03886 0.00258
v 0.00504 -0.03586 0.00638
v 0 -0.03629 0.00731
v 0.00354 -0.02198 -0.37778
v 0.00287 -0.02329 -0.3741
v 0.00354 -0.00823 -0.384
v 0.00354 -0.0226 -0.37459
v 0.00287 -0.02272 -0.36989
v 0.00354 -0.02214 -0.37001
v 0.00287 -0.02095 -0.36513
v 0.00354 -0.02044 -0.36564
v 0.00287 -0.01748 -0.36381
v 0.00354 -0.01675 -0.36434
v 0.00265 -0.01368 -0.36095
v 0.00334 -0.01285 -0.36122
v -0.0249 0.03593 -0.18862
v -0.02492 0.05015 -0.18494
v -0.02492 0.06719 -0.14331
v -0.02426 0.06723 -0.14494
v 0.02426 0.06723 -0.14494
v 0.02492 0.06719 -0.14331
v 0.02492 0.05015 -0.18494
v 0.0249 0.03593 -0.18862
v -0.00226 0.17382 -0.08771
v -0.00305 0.17476 -0.08771
v -0.00347 0.17592 -0.08771
v -0.00347 0.17715 -0.08771
v -0.00305 0.1783 -0.08771
v -0.00226 0.17924 -0.08771
v 0.00813 0.02205 0.07812
v 0.00699 0.02268 0.07812
v 0.00093 0.02208 0.07812
v -0.00306 0.02339 0.07812
v 0.00341 0.02062 0.07812
v 0.00662 0.02365 0.07812
v 0.01672 0.02205 0.07812
v -0.00516 0.02416 0.07812
v 0.00538 0.01889 0.07812
v 0.00662 0.02664 0.07812
v -0.00618 0.02537 0.07812
v -0.00643 0.02664 0.07812
v 0.01888 0.0219 0.07812
v 0.02046 0.0211 0.07812
v 0.00676 0.01705 0.07812
v 0.02118 0.01978 0.07812
v 0.0079 0.0149 0.07812
v 0.02118 0.00763 0.07812
v 0.00857 0.01219 0.07812
v 0.00874 0.00962 0.07812
v 0.00874 0.00763 0.07812
v 0.02118 0.00673 0.07791
v 0.00874 0.00673 0.07791
v 0.00874 0.00585 0.07706
v 0.02118 0.00585 0.07706
v 0.00874 0.00565 0.07589
v 0.02118 0.00565 0.07589
v 0.00251 0.1359 -0.3725
v 0.00251 0.1359 -0.4891
v 0 0.13611 -0.3725
v 0 0.13621 -0.4891
v 0.00916 0.16695 -0.08804
v 0.00958 0.16826 -0.08804
v 0.00743 0.1321 0.19096
v -0.00743 0.1321 0.19096
v 0.01662 0.13859 -0.10868
v 0.01662 0.11319 -0.11087
v 0.01662 0.16754 -0.10672
v 0.01662 0.11031 -0.10866
v 0.01662 0.17411 -0.10529
v 0.01662 0.10511 -0.10867
v 0.01662 0.18025 -0.10222
v 0.01597 0.10218 -0.10935
v 0.01662 0.10218 -0.10867
v 0.01662 0.18503 -0.09843
v 0.01618 0.08702 -0.10935
v 0.0169 0.08702 -0.10867
v 0.01662 0.18854 -0.09166
v 0.01994 0.07268 -0.10935
v 0.02065 0.07275 -0.10867
v 0.01662 0.19037 -0.08324
v 0.0203 0.07133 -0.10935
v 0.02101 0.0713 -0.10867
v 0.01662 0.18097 0.30641
v 0.02133 0.06933 -0.10867
v 0.02064 0.06933 -0.10935
v 0.02066 0.06634 -0.10935
v 0.02133 0.06728 -0.10867
v 0.01662 0.17956 0.31391
v 0.01662 0.17661 0.32072
v 0.01662 0.17278 0.3253
v 0.01662 0.16808 0.32895
v 0.01662 0.16238 0.33065
v 0.01662 0.10929 0.33251
v 0.02848 0.08236 0.32606
v 0.02878 0.08108 0.32553
v 0.02878 0.0766 0.32294
v 0.02878 0.06624 0.31033
v 0.02878 0.06554 0.30839
v -0.00433 0.15685 -0.08804
v 0.00433 0.15685 -0.08804
v 0.00433 0.16551 -0.08804
v -0.03208 0.09872 0.31016
v -0.03427 0.0943 0.30913
v -0.02566 0.09557 0.31016
v -0.02822 0.09042 0.3089
v -0.02281 0.10133 0.30888
v -0.03661 0.08959 0.30663
v -0.0296 0.10373 0.3091
v -0.02105 0.10489 0.30691
v -0.02741 0.10816 0.30675
v -0.03012 0.08658 0.3068
v -0.03858 0.08562 0.30235
v -0.03223 0.08234 0.30218
v -0.03974 0.0833 0.29721
v -0.03332 0.08015 0.29721
v -0.04058 0.08164 0.28884
v -0.03415 0.07849 0.28883
v -0.04045 0.08189 0.28098
v -0.03403 0.07874 0.28101
v -0.03951 0.0838 0.2725
v -0.03309 0.08066 0.27246
v -0.0382 0.08647 0.26606
v -0.03181 0.08326 0.26616
v -0.0344 0.09416 0.25332
v -0.02797 0.09102 0.25331
v 0 0.06723 -0.14494
v 0.00465 -0.06825 -0.00957
v 0.00736 0.13132 0.27811
v 0.00775 0.12963 0.19744
v 0.00597 0.13135 0.27951
v 0 0.1295 0.19093
v 0.00951 0.12957 0.19439
v 0.00207 0.13139 0.28118
v 0.01012 0.1295 0.19093
v -0.00207 0.13139 0.28118
v 0.00951 0.12942 0.18747
v -0.00597 0.13135 0.27951
v 0.00775 0.12936 0.18443
v -0.00736 0.13132 0.27811
v 0.00506 0.12931 0.18217
v -0.00775 0.12963 0.19744
v 0.00176 0.12929 0.18097
v -0.00951 0.12957 0.19439
v -0.00176 0.12929 0.18097
v -0.01012 0.1295 0.19093
v -0.00506 0.12931 0.18217
v -0.00951 0.12942 0.18747
v -0.00775 0.12936 0.18443
v -0.0125 0.17266 0.32541
v -0.0125 0.17652 0.32087
v -0.0125 0.17949 0.31414
v -0.0125 0.18093 0.30676
v -0.0125 0.19037 -0.08323
v -0.0125 0.18855 -0.09165
v -0.0125 0.18504 -0.09842
v -0.0125 0.18025 -0.10222
v -0.0125 0.1741 -0.1053
v -0.0125 0.16753 -0.10673
v -0.0125 0.13872 -0.10867
v -0.0125 0.11319 -0.11087
v -0.0125 0.11031 -0.10866
v -0.02998 0.08594 -0.04743
v -0.03089 0.08424 -0.04594
v -0.03016 0.08632 -0.04711
v -0.02865 0.08845 -0.04826
v -0.03107 0.08461 -0.04554
v -0.02891 0.08867 -0.04792
v -0.03152 0.08308 -0.04349
v -0.02636 0.09349 -0.04854
v -0.0317 0.08344 -0.04321
v -0.03211 0.08267 -0.04004
v -0.03201 0.08226 -0.03956
v -0.02613 0.0932 -0.04886
v -0.02375 0.0977 -0.04902
v -0.02404 0.09786 -0.0487
v -0.02173 0.10223 -0.04852
v -0.02136 0.1022 -0.04884
v -0.01917 0.10705 -0.04787
v -0.01884 0.10695 -0.04821
v -0.01792 0.1094 -0.04706
v -0.01751 0.10947 -0.04737
v -0.01702 0.11111 -0.04548
v -0.01661 0.11117 -0.04587
v -0.01641 0.11228 -0.04314
v -0.01607 0.11236 -0.04342
v -0.01601 0.11304 -0.03997
v -0.01583 0.11328 -0.03949
v 0.01792 0.1094 -0.04706
v 0.01751 0.10947 -0.04737
v 0.01702 0.11111 -0.04548
v 0.01661 0.11117 -0.04587
v 0.01884 0.10695 -0.04821
v 0.01641 0.11228 -0.04314
v 0.01917 0.10705 -0.04787
v 0.01607 0.11236 -0.04342
v 0.01601 0.11304 -0.03997
v 0.01583 0.11328 -0.03949
v 0.02136 0.1022 -0.04884
v 0.02173 0.10223 -0.04852
v 0.02374 0.0977 -0.04902
v 0.02404 0.09786 -0.0487
v 0.02636 0.09349 -0.04854
v 0.02613 0.0932 -0.04886
v 0.02865 0.08845 -0.04826
v 0.02891 0.08867 -0.04792
v 0.03016 0.08632 -0.04711
v 0.02998 0.08594 -0.04743
v 0.03089 0.08424 -0.04594
v 0.03107 0.08461 -0.04554
v 0.03152 0.08308 -0.04349
v 0.0317 0.08344 -0.04321
v 0.03211 0.08267 -0.04004
v 0.03201 0.08226 -0.03956
v -0.02246 -0.00183 -0.47671
v -0.01579 -0.02534 -0.48431
v -0.02246 -0.00181 -0.46218
v -0.0158 -0.02534 -0.4694
v -0.01412 -0.02778 -0.46987
v -0.01412 -0.02778 -0.48509
v -0.01215 -0.02986 -0.47035
v -0.01214 -0.02986 -0.4859
v -0.00958 -0.03167 -0.47088
v -0.00958 -0.03168 -0.48662
v -0.0067 -0.03314 -0.47135
v -0.00669 -0.03315 -0.48712
v -0.0036 -0.03411 -0.47163
v -0.00358 -0.03412 -0.48736
v -0.01627 0.11328 -0.03949
v -0.01552 0.11326 -0.03612
v -0.01723 0.11147 -0.04093
v -0.01696 0.11126 -0.0414
v -0.01906 0.10801 -0.04163
v -0.01876 0.10787 -0.04209
v -0.02131 0.10305 -0.04267
v -0.02157 0.10327 -0.0422
v -0.02436 0.09801 -0.0424
v -0.02406 0.09786 -0.04287
v -0.02682 0.09266 -0.0427
v -0.02715 0.09276 -0.04222
v -0.02937 0.08785 -0.04214
v -0.02966 0.08801 -0.04168
v -0.03117 0.08445 -0.04146
v -0.03149 0.08456 -0.04099
v -0.03255 0.08262 -0.03956
v 0.03255 0.08262 -0.03956
v 0.03149 0.08456 -0.04099
v 0.03117 0.08445 -0.04146
v 0.02966 0.08801 -0.04168
v 0.02937 0.08785 -0.04214
v 0.02714 0.09276 -0.04222
v 0.02682 0.09266 -0.0427
v 0.02436 0.09801 -0.0424
v 0.02406 0.09786 -0.04287
v 0.02131 0.10305 -0.04267
v 0.02157 0.10327 -0.0422
v 0.01906 0.10801 -0.04163
v 0.01876 0.10787 -0.04209
v 0.01696 0.11126 -0.0414
v 0.01723 0.11147 -0.04093
v 0.01627 0.11328 -0.03949
v -0.00378 0.10733 -0.08849
v -0.00086 0.10694 -0.08849
v 0.00205 0.10733 -0.08849
v -0.00649 0.10845 -0.08849
v -0.00882 0.11024 -0.08849
v -0.01061 0.11257 -0.08849
v -0.01173 0.11528 -0.08849
v -0.01212 0.1182 -0.08849
v -0.01173 0.12111 -0.08849
v -0.01061 0.12382 -0.08849
v -0.00882 0.12615 -0.08849
v -0.00649 0.12794 -0.08849
v -0.00378 0.12906 -0.08849
v -0.00086 0.12945 -0.08849
v 0.00205 0.12906 -0.08849
v 0.0125 0.18093 0.30676
v 0.0125 0.17949 0.31414
v 0.0125 0.19037 -0.08323
v 0.0125 0.17652 0.32087
v 0.0125 0.18855 -0.09165
v 0.0125 0.17266 0.32541
v 0.0125 0.18504 -0.09842
v 0.0125 0.16795 0.32902
v 0.0125 0.18025 -0.10222
v 0.0125 0.16222 0.33067
v 0.0125 0.1741 -0.1053
v 0.0125 0.10929 0.33251
v 0.0125 0.16753 -0.10673
v 0.02382 0.08236 0.32606
v 0.0125 0.13872 -0.10867
v 0.02407 0.0811 0.32554
v 0.0125 0.11319 -0.11087
v 0.02407 0.07662 0.32296
v 0.0125 0.11031 -0.10866
v 0.02407 0.06547 0.3094
v 0.00958 -0.03168 -0.48662
v 0.01214 -0.02986 -0.4859
v 0.00669 -0.03315 -0.48712
v 0.00958 -0.03167 -0.47088
v 0.0067 -0.03314 -0.47135
v 0.01215 -0.02986 -0.47035
v 0.01411 -0.02778 -0.48509
v 0.01412 -0.02778 -0.46987
v 0.01579 -0.02534 -0.48431
v 0.0158 -0.02534 -0.4694
v 0.02246 -0.00181 -0.46218
v 0.02246 -0.00183 -0.47671
v 0.02508 0.08651 -0.04805
v 0.02642 0.08399 -0.04722
v 0.02255 0.09128 -0.04866
v 0.02016 0.0958 -0.04882
v 0.01776 0.10032 -0.04864
v 0.01523 0.10509 -0.04801
v 0.0139 0.10761 -0.04716
v 0.01303 0.10925 -0.04574
v 0.01251 0.11041 -0.04346
v 0.01229 0.11133 -0.03972
v 0.01198 0.11129 -0.0366
v 0.01552 0.11326 -0.03612
v 0.01265 0.11145 -0.03283
v 0.02334 0.10038 0.24171
v 0.02976 0.10353 0.24171
v 0.02227 0.10255 0.23849
v 0.02869 0.1057 0.2385
v 0.02246 0.1022 0.2251
v 0.02888 0.10535 0.2251
v -0.02869 0.1057 0.2385
v -0.02246 0.1022 0.2251
v -0.02888 0.10535 0.2251
v -0.02227 0.10255 0.23849
v -0.02976 0.10353 0.24171
v -0.02334 0.10038 0.24171
v 0 -0.00847 0.01364
v 0.00504 -0.00377 0.0176
v 0 -0.00381 0.01855
v -0.01085 0.11349 -0.12594
v -0.01209 0.11312 -0.11506
v -0.01085 0.11349 -0.11538
v -0.01124 0.11307 -0.11418
v 0 0.11307 -0.11418
v 0 0.11349 -0.11538
v 0.01085 0.11349 -0.11538
v 0.01124 0.11307 -0.11418
v 0.01209 0.11312 -0.11506
v 0.00743 0.11404 0.21297
v -0.00743 0.11404 0.21297
v 0.00207 0.12746 0.17923
v -0.00207 0.12746 0.17923
v -0.00597 0.12749 0.18065
v -0.00914 0.12755 0.18331
v -0.01122 0.12762 0.1869
v -0.01194 0.12771 0.19098
v -0.01122 0.12779 0.19506
v -0.00914 0.12787 0.19865
v -0.00914 0.12955 0.27899
v -0.00597 0.12961 0.28165
v -0.00207 0.12964 0.28307
v 0.00207 0.12964 0.28307
v -0.02148 -0.00159 -0.40406
v -0.02148 -0.00159 -0.46218
v -0.01492 -0.02485 -0.43674
v -0.01492 -0.02485 -0.4694
v -0.0133 -0.0272 -0.43698
v -0.0133 -0.0272 -0.46987
v -0.01144 -0.02914 -0.43713
v -0.01144 -0.02914 -0.47035
v -0.00901 -0.03084 -0.43737
v -0.00901 -0.03084 -0.47088
v -0.00627 -0.03223 -0.43761
v -0.00627 -0.03223 -0.47135
v -0.00336 -0.03313 -0.43776
v -0.00336 -0.03312 -0.47162
v -0.03573 0.10329 0.28325
v -0.03573 0.10329 0.28792
v -0.03494 0.10489 0.28756
v -0.03652 0.10169 0.28756
v -0.03427 0.10625 0.28655
v -0.03719 0.10033 0.28655
v -0.03382 0.10716 0.28503
v -0.03764 0.09942 0.28504
v -0.03366 0.10748 0.28325
v -0.03779 0.0991 0.28325
v -0.03382 0.10716 0.28146
v -0.03764 0.09942 0.28146
v -0.03427 0.10625 0.27994
v -0.03719 0.10033 0.27994
v -0.03494 0.10489 0.27893
v -0.03652 0.10169 0.27893
v -0.03573 0.10329 0.27857
v -0.02878 0.03557 0.21271
v -0.02806 0.03555 0.21984
v -0.02878 0.03589 0.21979
v -0.02806 0.03523 0.21261
v -0.02853 0.03573 0.22087
v -0.02699 0.03575 0.224
v -0.02854 0.0371 0.22455
v -0.02794 0.03599 0.2241
v -0.02878 0.03731 0.22379
v -0.0234 0.03608 0.23021
v -0.02854 0.03867 0.22644
v -0.02443 0.03638 0.23028
v -0.02878 0.03884 0.22581
v -0.02208 0.03647 0.23759
v -0.0285 0.04065 0.22781
v -0.02292 0.0368 0.23758
v -0.02878 0.04071 0.22724
v -0.02346 0.03683 0.24461
v -0.02848 0.04287 0.22892
v -0.0242 0.03717 0.24447
v -0.02878 0.04294 0.22841
v -0.02848 0.04531 0.22997
v -0.02878 0.04541 0.22948
v -0.0285 0.04808 0.2313
v -0.02878 0.04825 0.2308
v -0.02852 0.05036 0.23298
v -0.02878 0.05058 0.23236
v -0.02854 0.05176 0.23544
v -0.02878 0.05219 0.23492
v -0.02854 0.05205 0.23737
v -0.02878 0.05259 0.23744
v -0.02852 0.0516 0.23933
v -0.02878 0.05202 0.23977
v -0.0285 0.05 0.24153
v -0.02878 0.05036 0.24191
v -0.02849 0.04807 0.24341
v -0.02878 0.04841 0.24379
v -0.02848 0.04553 0.24474
v -0.02878 0.04585 0.24512
v -0.02847 0.04272 0.24595
v -0.02878 0.04303 0.24633
v -0.02847 0.04013 0.24688
v -0.02878 0.04044 0.24724
v -0.0285 0.03841 0.248
v -0.02878 0.03868 0.24844
v -0.02848 0.03745 0.24888
v -0.02878 0.03763 0.24971
v -0.02846 0.03707 0.24928
v -0.02847 0.03657 0.25126
v -0.02878 0.03699 0.25158
v -0.02848 0.03603 0.25527
v -0.02878 0.03648 0.25572
v -0.02848 0.03455 0.29637
v -0.02878 0.03506 0.29658
v -0.02854 0.01981 0.30407
v -0.02878 0.02037 0.30442
v -0.02878 0.0203 0.30805
v 0.00914 0.12755 0.18331
v 0.00597 0.12749 0.18065
v 0.01122 0.12762 0.1869
v 0.01194 0.12771 0.19098
v 0.01122 0.12779 0.19506
v 0.00914 0.12787 0.19865
v 0.00914 0.12955 0.27899
v 0.00597 0.12961 0.28165
v 0.03573 0.10329 0.28792
v 0.03573 0.10329 0.28325
v 0.03494 0.10489 0.28756
v 0.03427 0.10625 0.28655
v 0.03652 0.10169 0.28756
v 0.03382 0.10716 0.28503
v 0.03719 0.10033 0.28655
v 0.03366 0.10748 0.28325
v 0.03764 0.09942 0.28503
v 0.03382 0.10716 0.28146
v 0.03779 0.0991 0.28325
v 0.03427 0.10625 0.27994
v 0.03764 0.09942 0.28146
v 0.03494 0.10489 0.27893
v 0.03719 0.10033 0.27994
v 0.03573 0.10329 0.27857
v 0.03652 0.10169 0.27893
v 0.0235 0.11748 -0.03285
v 0.02376 0.11762 -0.03612
v 0.02392 0.11734 -0.03949
v 0.02489 0.11553 -0.04093
v 0.02672 0.11206 -0.04163
v 0.02923 0.10733 -0.04219
v 0.03202 0.10207 -0.04239
v 0.03481 0.09681 -0.04222
v 0.03731 0.09208 -0.04167
v 0.03915 0.08862 -0.04099
v -0.0139 0.10761 -0.04716
v -0.01303 0.10925 -0.04574
v -0.01251 0.11041 -0.04346
v -0.01229 0.11133 -0.03972
v -0.01198 0.11129 -0.0366
v -0.01265 0.11145 -0.03283
v -0.03223 0.09942 0.22855
v -0.02967 0.1022 0.22855
v -0.02995 0.09983 -0.03463
v -0.02738 0.10261 -0.03463
v -0.0269 0.10245 0.22855
v -0.02462 0.10286 -0.03463
v 0.01831 0.10856 -0.11002
v -0.01831 0.10856 -0.11002
v 0.02141 0.01122 -0.34529
v 0.02141 0.01094 -0.27527
v 0.02046 0.01122 -0.34529
v 0.02046 0.01094 -0.27527
v -0.02046 0.01094 -0.27527
v -0.02141 0.01094 -0.27527
v -0.02046 0.01122 -0.34529
v -0.02141 0.01122 -0.34529
v -0.01323 0.10909 -0.13162
v 0 0.10909 -0.13162
v 0.01181 0.10909 -0.13162
v 0.02738 0.10261 -0.03463
v 0.02967 0.1022 0.22855
v 0.02995 0.09983 -0.03463
v 0.03223 0.09942 0.22855
v 0.00627 -0.03223 -0.47135
v 0.00627 -0.03223 -0.43761
v 0.00901 -0.03084 -0.47088
v 0.00901 -0.03084 -0.43737
v 0.01144 -0.02914 -0.47035
v 0.01144 -0.02914 -0.43713
v 0.0133 -0.0272 -0.46987
v 0.0133 -0.0272 -0.43698
v 0.01492 -0.02485 -0.4694
v 0.01492 -0.02485 -0.43674
v 0.02148 -0.00159 -0.46218
v 0.02148 -0.00159 -0.40406
v 0.02806 0.03555 0.21984
v 0.02853 0.03573 0.22087
v 0.02699 0.03575 0.224
v -0.02392 0.11734 -0.03949
v -0.02376 0.11762 -0.03612
v -0.02489 0.11553 -0.04093
v -0.0235 0.11748 -0.03285
v -0.0249 0.03528 -0.18918
v -0.02423 0.03589 -0.19025
v -0.02422 0.02957 -0.24291
v -0.02421 0.02865 -0.24357
v -0.02421 0.02706 -0.24357
v -0.02421 0.02575 -0.24239
v -0.02421 0.02516 -0.24061
v -0.02423 0.02368 -0.18261
v -0.0249 0.02427 -0.1823
v -0.0249 0.0237 -0.181
v 0.00147 0.11303 0.25479
v 0.00423 0.113 0.25323
v -0.00147 0.11303 0.25479
v -0.00423 0.113 0.25323
v 0.00649 0.11293 0.25031
v -0.00649 0.11293 0.25031
v 0.00796 0.11285 0.24638
v -0.00796 0.11285 0.24638
v 0.01308 0.11167 0.19006
v -0.01308 0.11167 0.19006
v -0.01229 0.11158 0.18559
v 0.01229 0.11158 0.18559
v 0.01002 0.1115 0.18166
v -0.01002 0.1115 0.18166
v 0.00654 0.11143 0.17874
v -0.00654 0.11143 0.17874
v 0.00227 0.1114 0.17718
v -0.00227 0.1114 0.17718
v 0.0249 0.0237 -0.181
v 0.0249 0.02427 -0.1823
v 0.02423 0.02368 -0.18261
v 0.02421 0.02516 -0.24061
v 0.02421 0.02575 -0.24239
v 0.02421 0.02706 -0.24357
v 0.02421 0.02865 -0.24357
v 0.02422 0.02957 -0.24291
v 0.0249 0.03528 -0.18918
v 0.02423 0.03589 -0.19025
v 0.00476 0.10845 -0.08849
v 0.00709 0.11024 -0.08849
v 0.00888 0.11257 -0.08849
v 0.01001 0.11528 -0.08849
v 0.01039 0.1182 -0.08849
v 0.01001 0.12111 -0.08849
v 0.00888 0.12382 -0.08849
v 0.00709 0.12615 -0.08849
v 0.00476 0.12794 -0.08849
v 0.01242 0.10722 -0.34529
v 0 0.10722 -0.34529
v -0.01625 0.10722 -0.34529
v -0.01625 0.10722 -0.31018
v 0.01398 0.10399 -0.0522
v 0.01079 0.10536 -0.02232
v 0.01398 0.10463 -0.02203
v 0.0103 0.10859 0.14142
v -0.02638 0.11174 0.30241
v -0.02516 0.11421 0.29726
v -0.0388 0.08669 0.30237
v -0.0285 0.10747 0.30673
v -0.04002 0.08424 0.29721
v -0.03672 0.09089 0.30662
v -0.04088 0.08254 0.28884
v -0.0347 0.09495 0.30884
v -0.03055 0.10333 0.30888
v -0.03268 0.09902 0.30947
v -0.02431 0.11595 0.28889
v -0.02444 0.1157 0.28102
v -0.04075 0.0828 0.28098
v -0.0398 0.08473 0.27251
v -0.02537 0.11384 0.27266
v -0.02671 0.11115 0.2662
v -0.03845 0.08746 0.26605
v -0.03053 0.10347 0.25333
v -0.03467 0.09512 0.25332
v -0.03451 0.09546 0.2417
v -0.0307 0.10316 0.24171
v -0.02963 0.10533 0.2385
v -0.03558 0.0933 0.23848
v -0.03531 0.09389 0.22558
v -0.02985 0.1049 0.22514
v -0.03251 0.09954 0.22102
v 0.0307 0.10316 0.24171
v 0.03053 0.10347 0.25333
v 0.03451 0.09546 0.2417
v 0.02963 0.10533 0.2385
v 0.03467 0.09512 0.25332
v 0.03558 0.0933 0.23848
v 0.03845 0.08746 0.26605
v 0.03531 0.09389 0.22558
v 0.02985 0.1049 0.22514
v 0.03251 0.09954 0.22102
v 0.02671 0.11115 0.2662
v 0.0398 0.08473 0.27251
v 0.02537 0.11384 0.27266
v 0.02444 0.1157 0.28102
v 0.04075 0.0828 0.28098
v 0.04088 0.08254 0.28884
v 0.02431 0.11595 0.28889
v 0.02516 0.11421 0.29726
v 0.04002 0.08424 0.29721
v 0.0388 0.08669 0.30237
v 0.02638 0.11174 0.30241
v 0.0285 0.10747 0.30673
v 0.03672 0.09089 0.30662
v 0.0347 0.09495 0.30884
v 0.03055 0.10333 0.30888
v 0.03268 0.09902 0.30947
v -0.03192 0.09923 0.22018
v -0.0296 0.10383 0.25333
v -0.02576 0.11155 0.26621
v -0.02445 0.11418 0.27266
v -0.02353 0.11602 0.28103
v -0.02341 0.11626 0.28889
v -0.02424 0.11456 0.29726
v -0.0254 0.11222 0.30239
v -0.03424 0.0945 0.2417
v -0.03531 0.09234 0.23848
v -0.03508 0.09283 0.22561
v 0.00503 -0.0348 0.00695
v 0 -0.03537 0.00779
v 0.03192 0.09923 0.22018
v 0.03661 0.08959 0.30663
v 0.03858 0.08562 0.30235
v 0.03974 0.0833 0.29721
v 0.04058 0.08164 0.28884
v 0.04045 0.08189 0.28098
v 0.03951 0.0838 0.2725
v 0.0382 0.08647 0.26606
v 0.0344 0.09416 0.25332
v 0.03424 0.0945 0.2417
v 0.03531 0.09234 0.23848
v 0.03508 0.09283 0.22561
v 0.02357 0.03232 0.16011
v 0.02445 0.0326 0.15993
v 0.02714 0.03273 0.16484
v 0.02764 0.03289 0.16448
v 0.02851 0.03305 0.16653
v 0.02797 0.0329 0.16698
v 0.02878 0.03345 0.16723
v 0.02808 0.03299 0.173
v 0.02878 0.03347 0.173
v 0.02805 0.03384 0.17968
v 0.02878 0.03437 0.1794
v 0.0285 0.03412 0.18038
v 0.02705 0.03376 0.18223
v 0.02853 0.03624 0.18322
v 0.02768 0.03405 0.18268
v 0.02878 0.03625 0.18245
v 0.02301 0.03386 0.18837
v 0.02851 0.03849 0.1847
v 0.0238 0.03421 0.18843
v 0.02878 0.03847 0.18408
v 0.02176 0.03426 0.19578
v 0.0285 0.04242 0.18643
v 0.02253 0.03458 0.19579
v 0.02878 0.0425 0.18589
v 0.02365 0.03506 0.20316
v 0.02851 0.04576 0.1878
v 0.02278 0.03464 0.20323
v 0.02878 0.04592 0.18729
v 0.02738 0.03531 0.20923
v 0.02852 0.04841 0.18914
v 0.0267 0.03502 0.20964
v 0.02878 0.04862 0.18863
v 0.02854 0.05017 0.19023
v 0.02878 0.0503 0.18963
v 0.02856 0.0516 0.19138
v 0.02878 0.0519 0.19078
v 0.02858 0.05264 0.19356
v 0.02878 0.05309 0.19328
v 0.02858 0.05284 0.19615
v 0.02878 0.05343 0.19634
v 0.02857 0.05235 0.19855
v 0.02878 0.05295 0.19872
v 0.02856 0.05117 0.20011
v 0.02878 0.05162 0.20045
v 0.02854 0.04962 0.20162
v 0.02878 0.04988 0.20215
v 0.02854 0.04757 0.20319
v 0.02878 0.04782 0.20371
v 0.02854 0.04462 0.20487
v 0.02878 0.04481 0.20542
v 0.03362 0.09901 -0.0379
v 0.032 0.10206 -0.03799
v 0.03329 0.09888 -0.0376
v 0.03617 0.0942 -0.03725
v 0.03169 0.10189 -0.0377
v 0.03579 0.09416 -0.03695
v 0.0301 0.1049 -0.03759
v 0.03743 0.09107 -0.03564
v 0.03039 0.1051 -0.03788
v 0.03785 0.09102 -0.03593
v 0.0276 0.10961 -0.03692
v 0.03875 0.0894 -0.03484
v 0.02784 0.10991 -0.03721
v 0.03841 0.08929 -0.0345
v 0.02596 0.11271 -0.03559
v 0.03926 0.08843 -0.03378
v 0.0389 0.08837 -0.03347
v 0.03958 0.08775 -0.03249
v 0.02615 0.11309 -0.03588
v 0.02532 0.11474 -0.03478
v 0.02503 0.11453 -0.03444
v 0.02454 0.11545 -0.03341
v 0.0248 0.11571 -0.03372
v 0.02442 0.11636 -0.03243
v 0.02411 0.11619 -0.03204
v 0.02395 0.11735 -0.03304
v 0.02418 0.11751 -0.03592
v 0.02435 0.11721 -0.03928
v 0.02515 0.1157 -0.04056
v 0.02698 0.11225 -0.04126
v 0.02954 0.10741 -0.04184
v 0.0323 0.10222 -0.04203
v 0.03505 0.09703 -0.04186
v 0.03761 0.09219 -0.04131
v 0.03944 0.08874 -0.04063
v 0.04011 0.0868 -0.03956
v 0.04023 0.08725 -0.03937
v 0.0404 0.08693 -0.03599
v 0.04025 0.08651 -0.03619
v 0.04014 0.08681 -0.03311
v 0.04 0.08636 -0.03292
v 0.03927 0.08759 -0.03211
v -0.03039 0.1051 -0.03788
v -0.032 0.10206 -0.03799
v -0.0301 0.1049 -0.03759
v -0.03169 0.10189 -0.0377
v -0.0276 0.10961 -0.03692
v -0.03329 0.09888 -0.0376
v -0.02784 0.10991 -0.03721
v -0.03362 0.09901 -0.0379
v -0.02596 0.11271 -0.03559
v -0.03617 0.0942 -0.03725
v -0.02615 0.11309 -0.03588
v -0.03579 0.09416 -0.03695
v -0.02532 0.11474 -0.03478
v -0.03743 0.09107 -0.03564
v -0.02503 0.11453 -0.03444
v -0.03785 0.09102 -0.03593
v -0.02454 0.11545 -0.03341
v -0.03875 0.0894 -0.03484
v -0.0248 0.11571 -0.03372
v -0.03841 0.08929 -0.0345
v -0.02442 0.11636 -0.03243
v -0.03926 0.08843 -0.03378
v -0.02411 0.11619 -0.03204
v -0.0389 0.08837 -0.03347
v -0.02395 0.11735 -0.03304
v -0.03958 0.08775 -0.03249
v -0.03927 0.08759 -0.03211
v -0.02418 0.11751 -0.03592
v -0.04 0.08636 -0.03292
v -0.04014 0.08681 -0.03311
v -0.02435 0.11721 -0.03928
v -0.04025 0.08651 -0.03619
v -0.0404 0.08693 -0.03599
v -0.02515 0.1157 -0.04056
v -0.04011 0.0868 -0.03956
v -0.04023 0.08725 -0.03937
v -0.02698 0.11225 -0.04126
v -0.03944 0.08874 -0.04063
v -0.02672 0.11206 -0.04163
v -0.03915 0.08862 -0.04099
v -0.02923 0.10733 -0.04219
v -0.03761 0.09219 -0.04131
v -0.02954 0.10741 -0.04184
v -0.03731 0.09208 -0.04167
v -0.0323 0.10222 -0.04203
v -0.03505 0.09703 -0.04186
v -0.03202 0.10207 -0.04239
v -0.03481 0.09681 -0.04222
v -0.02878 0.05343 0.15222
v -0.02854 0.05184 0.15403
v -0.02878 0.0521 0.15462
v -0.02851 0.04975 0.15576
v -0.02856 0.05298 0.15201
v -0.02878 0.05002 0.15623
v -0.02878 0.0539 0.14927
v -0.0285 0.04724 0.15733
v -0.02856 0.05331 0.14951
v -0.02878 0.0475 0.15778
v -0.02878 0.05341 0.14668
v -0.02849 0.0444 0.15859
v -0.02856 0.05284 0.14687
v -0.02878 0.04466 0.15902
v -0.02878 0.05227 0.14479
v -0.0285 0.04071 0.16029
v -0.02855 0.05163 0.14495
v -0.02878 0.04092 0.16077
v -0.02878 0.05004 0.14298
v -0.02852 0.03797 0.16188
v -0.02853 0.04973 0.14345
v -0.02878 0.03819 0.16239
v -0.02878 0.04748 0.1419
v -0.0285 0.03582 0.16348
v -0.0285 0.04727 0.14237
v -0.02878 0.03599 0.16402
v -0.02878 0.04377 0.14113
v -0.02848 0.04372 0.14163
v -0.02878 0.03901 0.13949
v -0.02848 0.03909 0.14005
v -0.02878 0.03544 0.13749
v -0.02848 0.0353 0.13797
v -0.02878 0.03253 0.13452
v -0.02852 0.03252 0.13526
v -0.02878 0.03108 0.13188
v -0.02852 0.03109 0.1328
v -0.02859 0.03068 0.13072
v -0.02815 0.0306 0.13118
v -0.02859 0.03036 0.12324
v -0.0275 0.03072 0.134
v -0.02795 0.03021 0.12315
v -0.02788 0.03117 0.13499
v -0.02374 0.03111 0.1405
v 0.02878 0.03599 0.16402
v 0.0285 0.03582 0.16348
v 0.02878 0.03819 0.16239
v 0.02852 0.03797 0.16188
v 0.02878 0.04092 0.16077
v 0.0285 0.04071 0.16029
v 0.02878 0.04466 0.15902
v 0.02849 0.0444 0.15859
v 0.02878 0.0475 0.15778
v 0.0285 0.04724 0.15733
v 0.02878 0.05002 0.15623
v 0.02851 0.04975 0.15576
v 0.02878 0.0521 0.15462
v 0.02854 0.05184 0.15403
v 0.02878 0.05343 0.15222
v 0.02856 0.05298 0.15201
v 0.02878 0.0539 0.14927
v 0.02856 0.05331 0.14951
v 0.02878 0.05341 0.14668
v 0.02856 0.05284 0.14687
v 0.02878 0.05227 0.14479
v 0.02855 0.05163 0.14495
v 0.02878 0.05004 0.14298
v 0.02853 0.04973 0.14345
v 0.02878 0.04748 0.1419
v 0.0285 0.04727 0.14237
v 0.02878 0.04377 0.14113
v 0.02848 0.04372 0.14163
v 0.02878 0.03901 0.13949
v 0.02848 0.03909 0.14005
v 0.02878 0.03544 0.13749
v 0.02848 0.0353 0.13797
v 0.02878 0.03253 0.13452
v 0.02852 0.03252 0.13526
v 0.02878 0.03108 0.13188
v 0.02852 0.03109 0.1328
v 0.02859 0.03068 0.13072
v 0.02815 0.0306 0.13118
v 0.02859 0.03036 0.12324
v 0.0275 0.03072 0.134
v 0.02788 0.03117 0.13499
v 0.02795 0.03021 0.12315
v 0.02374 0.03111 0.1405
v 0.02437 0.03156 0.14075
v 0.02305 0.03206 0.1503
v 0.02229 0.03174 0.15032
v 0.02855 0.0418 0.20609
v 0.02878 0.04196 0.20666
v 0.02856 0.03894 0.20757
v 0.02878 0.0391 0.20823
v 0.02856 0.03718 0.20899
v 0.02878 0.03733 0.20971
v 0.02878 0.03622 0.21122
v 0.02856 0.03607 0.21049
v 0.02856 0.03544 0.21193
v 0.02878 0.03557 0.21271
v 0.02806 0.03523 0.21261
v 0.02878 0.03589 0.21979
v 0.02854 0.0371 0.22455
v 0.02878 0.03731 0.22379
v 0.02854 0.03867 0.22644
v 0.02878 0.03884 0.22581
v 0.0285 0.04065 0.22781
v 0.02878 0.04071 0.22724
v 0.02848 0.04287 0.22892
v 0.02878 0.04294 0.22841
v 0.02848 0.04531 0.22997
v 0.02878 0.04541 0.22948
v 0.0285 0.04808 0.2313
v 0.02878 0.04825 0.2308
v 0.02852 0.05036 0.23298
v 0.02878 0.05058 0.23236
v 0.02854 0.05176 0.23544
v 0.02878 0.05219 0.23492
v 0.02854 0.05205 0.23737
v 0.02878 0.05259 0.23744
v 0.02852 0.0516 0.23933
v 0.02878 0.05202 0.23977
v 0.0285 0.05 0.24153
v 0.02878 0.05036 0.24191
v 0.02849 0.04807 0.24341
v 0.02878 0.04841 0.24379
v 0.02848 0.04553 0.24474
v 0.02878 0.04585 0.24512
v 0.02847 0.04272 0.24595
v 0.02878 0.04303 0.24633
v 0.02847 0.04013 0.24688
v 0.02878 0.04044 0.24724
v 0.0285 0.03841 0.248
v 0.02878 0.03868 0.24844
v 0.02848 0.03745 0.24888
v 0.02878 0.03763 0.24971
v 0.02846 0.03707 0.24928
v 0.02847 0.03657 0.25126
v 0.02346 0.03683 0.24461
v 0.02878 0.03699 0.25158
v 0.0242 0.03717 0.24447
v 0.02848 0.03603 0.25527
v 0.02292 0.0368 0.23758
v 0.02878 0.03648 0.25572
v 0.02208 0.03647 0.23759
v 0.02848 0.03455 0.29637
v 0.02443 0.03638 0.23028
v 0.02878 0.03506 0.29658
v 0.0234 0.03608 0.23021
v 0.02854 0.01981 0.30407
v 0.02794 0.03599 0.2241
v 0.02878 0.02037 0.30442
v 0.02878 0.0203 0.30805
v 0.02744 0.01872 0.30339
v -0.00697 0.10362 0.12667
v -0.00602 0.10364 0.12896
v -0.00718 0.10248 -0.01729
v -0.00623 0.10246 -0.01958
v -0.00422 0.10366 0.13075
v -0.00445 0.10244 -0.02137
v -0.00193 0.10366 0.1317
v -0.00215 0.10244 -0.02232
v 0 0.10367 0.13212
v 0 0.10243 -0.02266
v 0.00215 0.10244 -0.02232
v 0.00193 0.10366 0.1317
v 0.00445 0.10244 -0.02137
v 0.00422 0.10366 0.13075
v 0.00623 0.10246 -0.01958
v 0.00602 0.10364 0.12896
v 0.00718 0.10248 -0.01729
v 0.00697 0.10362 0.12667
v 0.02087 0.02368 -0.18261
v -0.02087 0.02368 -0.18261
v -0.02437 0.03156 0.14075
v -0.02305 0.03206 0.1503
v -0.02229 0.03174 0.15032
v -0.02357 0.03232 0.16011
v -0.02445 0.0326 0.15993
v -0.02714 0.03273 0.16484
v -0.02764 0.03289 0.16448
v -0.02851 0.03305 0.16653
v -0.02797 0.0329 0.16698
v -0.02878 0.03345 0.16723
v -0.02808 0.03299 0.173
v -0.02878 0.03347 0.173
v -0.02805 0.03384 0.17968
v -0.0285 0.03412 0.18038
v -0.02705 0.03376 0.18223
v -0.02768 0.03405 0.18268
v -0.02301 0.03386 0.18837
v -0.0238 0.03421 0.18843
v -0.02176 0.03426 0.19578
v -0.02253 0.03458 0.19579
v -0.02365 0.03506 0.20316
v -0.02278 0.03464 0.20323
v -0.02738 0.03531 0.20923
v -0.0267 0.03502 0.20964
v -0.02856 0.03544 0.21193
v -0.02878 0.03622 0.21122
v -0.02856 0.03607 0.21049
v -0.02856 0.03718 0.20899
v -0.02878 0.03733 0.20971
v -0.02878 0.0391 0.20823
v -0.02856 0.03894 0.20757
v -0.02878 0.04196 0.20666
v -0.02855 0.0418 0.20609
v -0.02878 0.04481 0.20542
v -0.02854 0.04462 0.20487
v -0.02878 0.04782 0.20371
v -0.02854 0.04757 0.20319
v -0.02878 0.04988 0.20215
v -0.02854 0.04962 0.20162
v -0.02878 0.05162 0.20045
v -0.02856 0.05117 0.20011
v -0.02878 0.05295 0.19872
v -0.02857 0.05235 0.19855
v -0.02878 0.05343 0.19634
v -0.02858 0.05284 0.19615
v -0.02878 0.05309 0.19328
v -0.02858 0.05264 0.19356
v -0.02878 0.0519 0.19078
v -0.02856 0.0516 0.19138
v -0.02878 0.0503 0.18963
v -0.02854 0.05017 0.19023
v -0.02878 0.04862 0.18863
v -0.02852 0.04841 0.18914
v -0.02878 0.04592 0.18729
v -0.02851 0.04576 0.1878
v -0.02878 0.0425 0.18589
v -0.0285 0.04242 0.18643
v -0.02878 0.03847 0.18408
v -0.01523 0.10509 -0.04801
v -0.01776 0.10032 -0.04864
v -0.02016 0.0958 -0.04882
v -0.02255 0.09128 -0.04866
v -0.02508 0.08651 -0.04805
v -0.02642 0.08399 -0.04722
v -0.02732 0.08238 -0.04581
v -0.02806 0.08135 -0.04347
v -0.02871 0.08067 -0.03956
v -0.03217 0.08223 -0.0362
v -0.02881 0.0805 -0.03624
v -0.02891 0.08077 -0.03291
v -0.02852 0.03609 0.09962
v -0.02878 0.0343 0.09763
v -0.02853 0.03374 0.09787
v -0.02851 0.03166 0.09517
v -0.02878 0.03216 0.09495
v -0.02878 0.03126 0.09348
v -0.0285 0.03077 0.09365
v -0.02878 0.03136 0.08981
v -0.02778 0.03044 0.09593
v -0.02778 0.03112 0.0969
v -0.02848 0.03088 0.08981
v -0.02878 0.03134 0.038
v -0.02847 0.03086 0.038
v -0.02381 0.03158 -0.00329
v -0.02354 0.03106 -0.00303
v -0.02133 0.03398 -0.02232
v -0.02105 0.03341 -0.02232
v -0.02155 0.04089 -0.06558
v -0.02121 0.04035 -0.06558
v -0.02155 0.04275 -0.07755
v -0.02121 0.04221 -0.07757
v -0.02155 0.0436 -0.08952
v -0.0212 0.04306 -0.08955
v -0.02157 0.04153 -0.10149
v -0.02122 0.04097 -0.10154
v -0.02158 0.03803 -0.11294
v -0.02122 0.03746 -0.11301
v -0.02206 0.03264 -0.12366
v -0.0217 0.0322 -0.12335
v -0.02219 0.02568 -0.13219
v -0.02254 0.02598 -0.13287
v -0.02225 0.01936 -0.13831
v -0.02254 0.01964 -0.13891
v -0.02231 0.01268 -0.14351
v -0.02254 0.01292 -0.14403
v -0.02231 0.00479 -0.1482
v -0.02254 0.00519 -0.14882
v -0.02254 -0.004 -0.15333
v -0.02231 -0.00456 -0.15261
v -0.02254 -0.0219 -0.15794
v -0.02231 -0.02261 -0.15738
v -0.02254 -0.02762 -0.17045
v -0.02231 -0.0284 -0.17018
v -0.02231 0.02718 -0.17443
v -0.01559 0.09544 0.30309
v -0.0079 0.1005 0.30309
v 0.03063 0.10312 0.27818
v 0.03156 0.10123 0.27776
v 0.02984 0.10472 0.27937
v 0.02931 0.10578 0.28115
v 0.02913 0.10616 0.28325
v 0.02931 0.10578 0.28535
v 0.02984 0.10472 0.28713
v 0.03063 0.10312 0.28832
v 0.03156 0.10123 0.28873
v 0.0079 0.1005 0.30309
v 0.01559 0.09544 0.30309
v 0.02778 0.03112 0.0969
v 0.02391 0.02994 0.10176
v 0.02778 0.03044 0.09593
v 0.02851 0.03166 0.09517
v 0.0285 0.03077 0.09365
v 0.02878 0.0343 0.09763
v 0.02853 0.03374 0.09787
v 0.02878 0.03216 0.09495
v 0.02878 0.03126 0.09348
v 0.02878 0.03136 0.08981
v 0.02848 0.03088 0.0898
v 0.02878 0.03134 0.038
v 0.02847 0.03086 0.038
v 0.02381 0.03158 -0.00329
v 0.02354 0.03106 -0.00303
v 0.02133 0.03398 -0.02232
v 0.02105 0.03341 -0.02232
v 0.02155 0.04089 -0.06558
v 0.02121 0.04035 -0.06558
v 0.02155 0.04275 -0.07755
v 0.02121 0.04221 -0.07757
v 0.02155 0.0436 -0.08952
v 0.0212 0.04306 -0.08955
v 0.02157 0.04153 -0.10149
v 0.02122 0.04097 -0.10154
v 0.02158 0.03803 -0.11294
v 0.02122 0.03746 -0.11301
v 0.02206 0.03264 -0.12366
v 0.0217 0.0322 -0.12335
v 0.02219 0.02568 -0.13219
v 0.02254 0.02598 -0.13287
v 0.02225 0.01936 -0.13831
v 0.02254 0.01964 -0.13891
v 0.02231 0.01268 -0.14351
v 0.02254 0.01292 -0.14403
v 0.02231 0.00479 -0.1482
v 0.02254 0.00519 -0.14882
v 0.02254 -0.004 -0.15333
v 0.02231 -0.00456 -0.15261
v 0.02254 -0.0219 -0.15794
v 0.02231 -0.02261 -0.15738
v 0.02254 -0.02762 -0.17045
v 0.02231 -0.0284 -0.17018
v 0.02231 0.02718 -0.17443
v 0.02046 0.02179 -0.26742
v 0.02046 0.02179 -0.18541
v 0.02141 0.02179 -0.2043
v 0.02141 0.02179 -0.18541
v -0.02046 0.02179 -0.18541
v -0.02141 0.02179 -0.18541
v -0.02046 0.02179 -0.26742
v -0.02141 0.02179 -0.26742
v 0.02141 0.02179 -0.26742
v -0.02391 0.02994 0.10176
v -0.02577 0.02986 0.09499
v -0.02577 0.02966 0.08979
v -0.02576 0.02966 0.038
v -0.02203 0.02987 -0.00251
v -0.01983 0.03229 -0.02232
v -0.01983 0.03924 -0.06556
v -0.01981 0.04108 -0.07765
v -0.0198 0.0419 -0.08974
v -0.0198 0.03979 -0.10182
v -0.0198 0.03625 -0.11339
v -0.02048 0.03159 -0.12278
v -0.02117 0.02566 -0.13067
v -0.02119 0.01912 -0.13704
v -0.0212 0.01221 -0.14248
v -0.0212 0.00401 -0.1473
v -0.0212 -0.00565 -0.15183
v -0.0212 -0.02396 -0.15691
v 0.0306 0.10201 -0.02306
v 0.03111 0.10229 -0.04037
v 0.02873 0.10403 -0.02305
v 0.02879 0.1048 -0.04036
v 0.02592 0.10542 -0.02305
v 0.02598 0.10618 -0.04036
v 0.03263 0.09942 -0.04037
v 0.03212 0.09914 -0.02306
v 0.0334 0.0961 -0.04038
v 0.03275 0.09645 -0.02306
v 0.03298 0.093 -0.04038
v 0.03232 0.09335 -0.02307
v 0.0322 0.09159 -0.04038
v 0.03177 0.09236 -0.02307
v 0.02971 0.09027 -0.04039
v 0.02929 0.09105 -0.02307
v -0.0334 0.0961 -0.04038
v -0.03298 0.09299 -0.04038
v -0.03275 0.09645 -0.02306
v -0.03232 0.09335 -0.02307
v -0.03212 0.09914 -0.02306
v -0.0322 0.09159 -0.04038
v -0.03263 0.09942 -0.04037
v -0.03177 0.09236 -0.02307
v -0.0306 0.10201 -0.02306
v -0.02971 0.09027 -0.04039
v -0.03111 0.10229 -0.04037
v -0.02929 0.09105 -0.02307
v -0.0282 0.09041 -0.04039
v -0.02826 0.09115 -0.02307
v -0.02873 0.10403 -0.02305
v -0.02879 0.1048 -0.04036
v -0.02592 0.10542 -0.02305
v -0.02598 0.10618 -0.04036
v -0.0248 0.10552 -0.02305
v -0.02438 0.10633 -0.04036
v 0.02203 0.02987 -0.00251
v 0.02576 0.02966 0.038
v 0.01983 0.03229 -0.02232
v 0.02577 0.02966 0.08979
v 0.02577 0.02986 0.09499
v 0.01983 0.03924 -0.06556
v 0.01981 0.04108 -0.07765
v 0.0198 0.0419 -0.08974
v 0.0198 0.03979 -0.10182
v 0.0198 0.03625 -0.11339
v 0.02048 0.03159 -0.12278
v 0.02117 0.02566 -0.13067
v 0.02119 0.01912 -0.13704
v 0.0212 0.01221 -0.14248
v 0.0212 0.00401 -0.1473
v 0.0212 -0.00565 -0.15183
v 0.0212 -0.02396 -0.15691
v -0.02984 0.10472 0.27937
v -0.02931 0.10578 0.28115
v -0.02913 0.10616 0.28325
v -0.02931 0.10578 0.28535
v -0.02984 0.10472 0.28713
v 0 0.01872 0.30339
v -0.02744 0.01872 0.30339
v -0.0242 0.04114 0.24311
v -0.0242 0.04497 0.24049
v -0.0242 0.04609 0.23735
v -0.0242 0.04473 0.23426
v -0.0242 0.04069 0.23183
v 0.0242 0.04069 0.23183
v 0.0242 0.04473 0.23426
v 0.0242 0.04609 0.23735
v 0.0242 0.04497 0.24049
v 0.0242 0.04114 0.24311
v -0.01255 -0.03654 -0.00814
v -0.01255 -0.04101 -0.01405
v -0.00991 -0.03911 -0.00652
v -0.00991 -0.03628 -0.00013
v -0.01222 -0.03517 -0.00299
v -0.01156 -0.03476 0.00029
v -0.00928 -0.03522 0.00348
v -0.00504 -0.03586 0.00638
v -0.00503 -0.03799 0.0016
v 0 -0.04296 -0.00296
v -0.00503 -0.04183 -0.00423
v 0 -0.04737 -0.00673
v -0.00991 -0.04357 -0.01151
v -0.00503 -0.04609 -0.00836
v 0 -0.05192 -0.00899
v -0.00991 -0.04992 -0.01401
v -0.01255 -0.04748 -0.01789
v -0.01255 -0.05583 -0.01817
v -0.00504 -0.05155 -0.01091
v 0 -0.05817 -0.0103
v -0.00991 -0.05717 -0.0141
v -0.01193 -0.06092 -0.01595
v -0.00504 -0.05793 -0.01192
v 0 -0.06434 -0.00991
v -0.00991 -0.06292 -0.01338
v -0.01122 -0.06397 -0.01382
v -0.00891 -0.06602 -0.01178
v -0.00504 -0.06399 -0.01111
v 0 -0.06896 -0.00886
v -0.00465 -0.06825 -0.00957
v -0.02174 0.1146 -0.30192
v -0.02176 0.1146 -0.13988
v -0.02101 0.11441 -0.30409
v -0.02103 0.11441 -0.13771
v -0.01756 0.11348 -0.13328
v -0.01525 0.11179 -0.13162
v -0.02878 0.03077 0.12181
v -0.02854 0.03073 0.12098
v -0.02878 0.03244 0.11959
v -0.02742 0.0302 0.12101
v -0.02851 0.03243 0.11886
v -0.02785 0.03062 0.11943
v -0.02878 0.03494 0.11787
v -0.02396 0.03004 0.11516
v -0.02849 0.03491 0.1173
v -0.02475 0.03038 0.11489
v -0.02878 0.03815 0.11629
v -0.0236 0.03026 0.10846
v -0.02848 0.03802 0.11581
v -0.02294 0.02994 0.10847
v -0.02878 0.04047 0.11518
v -0.02461 0.03032 0.10198
v -0.02849 0.04028 0.11471
v -0.02878 0.04249 0.11369
v -0.02849 0.04232 0.11316
v -0.02878 0.04406 0.1121
v -0.02851 0.04369 0.11178
v -0.02878 0.04516 0.10971
v -0.02852 0.04461 0.10964
v -0.02878 0.04517 0.10687
v -0.02852 0.04461 0.10692
v -0.02878 0.04415 0.10432
v -0.02852 0.04365 0.1046
v -0.02878 0.0423 0.10245
v -0.02851 0.0418 0.10276
v -0.02878 0.03966 0.10097
v -0.0285 0.03918 0.10129
v -0.02878 0.03663 0.09932
v -0.02241 0.0735 -0.48583
v -0.01922 0.10724 -0.47704
v -0.02241 0.07349 -0.46709
v -0.01725 0.11856 -0.48144
v -0.0148 0.12543 -0.48408
v -0.01251 0.1299 -0.4861
v -0.01046 0.13267 -0.48731
v -0.008 0.13469 -0.48817
v -0.00564 0.13598 -0.48872
v -0.00277 0.13688 -0.4891
v 0.00503 -0.04183 -0.00423
v 0.00503 -0.04609 -0.00836
v 0.00503 -0.03799 0.0016
v 0.00991 -0.03628 -0.00013
v 0.00928 -0.03522 0.00348
v 0.01156 -0.03476 0.00029
v 0.01222 -0.03517 -0.00299
v 0.01255 -0.03654 -0.00814
v 0.00991 -0.03911 -0.00652
v 0.01255 -0.04101 -0.01405
v 0.00991 -0.04357 -0.01151
v 0.00991 -0.04992 -0.01401
v 0.01255 -0.04748 -0.01789
v 0.01255 -0.05583 -0.01817
v 0.00504 -0.05155 -0.01091
v 0.00991 -0.05717 -0.0141
v 0.01193 -0.06092 -0.01595
v 0.00504 -0.05793 -0.01192
v 0.00991 -0.06292 -0.01338
v 0.01122 -0.06397 -0.01382
v 0.00891 -0.06602 -0.01178
v 0.00504 -0.06399 -0.01111
v 0.00914 0.02664 0.07589
v 0 0.02664 0.07589
v 0.00859 0.02664 0.07277
v 0.00701 0.02664 0.07002
v 0.00859 0.02664 0.07902
v 0.00457 0.02664 0.06798
v 0.00701 0.02664 0.08177
v 0.00159 0.02664 0.06689
v 0.00457 0.02664 0.08381
v -0.00159 0.02664 0.06689
v 0.00159 0.02664 0.0849
v -0.00457 0.02664 0.06798
v -0.00159 0.02664 0.0849
v -0.00701 0.02664 0.07002
v -0.00457 0.02664 0.08381
v -0.00859 0.02664 0.07277
v -0.00701 0.02664 0.08177
v -0.00914 0.02664 0.07589
v -0.00859 0.02664 0.07902
v -0.01398 0.10789 0.14126
v -0.01398 0.10463 -0.02203
v -0.01662 0.10635 0.14115
v -0.01398 0.11076 0.28479
v -0.01662 0.10307 -0.02139
v -0.01398 0.10399 -0.0522
v -0.02852 0.07549 0.0369
v -0.01662 0.10218 -0.0531
v -0.01662 0.10335 -0.0565
v -0.01398 0.10454 -0.05562
v -0.01662 0.10651 -0.0606
v -0.01398 0.10711 -0.05871
v -0.01398 0.11133 -0.06095
v -0.01662 0.11133 -0.06318
v -0.01398 0.11622 -0.0621
v -0.01662 0.11672 -0.06407
v -0.01398 0.13638 -0.06081
v -0.01662 0.13758 -0.06258
v -0.01398 0.14041 -0.05923
v -0.01662 0.14161 -0.06087
v -0.01398 0.14401 -0.05709
v -0.01662 0.14527 -0.05867
v -0.01398 0.14754 -0.05405
v -0.01662 0.14887 -0.05563
v -0.01398 0.15025 -0.04994
v -0.01662 0.15176 -0.05161
v -0.01398 0.15143 -0.04525
v -0.01662 0.15323 -0.04705
v -0.01398 0.15816 0.26884
v -0.01662 0.15985 0.27162
v -0.01398 0.15626 0.2753
v -0.01662 0.15753 0.27741
v -0.01398 0.1527 0.28068
v -0.01662 0.15379 0.2825
v -0.01398 0.14816 0.28437
v -0.01662 0.1492 0.2861
v -0.01398 0.14392 0.2867
v -0.01662 0.14494 0.28848
v -0.01398 0.13922 0.28764
v -0.01662 0.14027 0.28959
v -0.01398 0.11373 0.28649
v -0.01662 0.11362 0.28876
v -0.01662 0.10929 0.2869
v -0.02851 0.07797 0.14115
v -0.02849 0.08122 0.27798
v 0.00564 0.13598 -0.48872
v 0.008 0.13469 -0.48817
v 0.01046 0.13267 -0.48731
v 0.01251 0.1299 -0.4861
v 0.0148 0.12543 -0.48408
v 0.01725 0.11867 -0.48144
v 0.01922 0.10735 -0.47704
v 0.02241 0.0735 -0.48583
v 0.02241 0.07349 -0.46709
v 0.02471 0.03542 -0.20429
v 0.02665 0.0341 -0.20429
v 0.02809 0.03193 -0.20429
v 0.02846 0.02919 -0.20429
v 0.02809 0.02645 -0.20429
v 0.02665 0.02429 -0.20429
v 0.02471 0.02297 -0.20429
v -0.02371 0.03791 0.18917
v -0.02369 0.04346 0.19121
v -0.02369 0.04547 0.19486
v -0.02369 0.0441 0.19876
v -0.02369 0.03855 0.2021
v 0.02851 0.07797 0.14115
v 0.02852 0.07549 0.0369
v 0.01662 0.10635 0.14115
v 0.01662 0.10307 -0.02139
v 0.01662 0.10929 0.2869
v 0.02849 0.08122 0.27798
v 0.01398 0.11076 0.28479
v 0.01662 0.11362 0.28876
v 0.01398 0.10789 0.14126
v 0.01398 0.11373 0.28649
v 0.01662 0.14027 0.28959
v 0.01398 0.13922 0.28764
v 0.01662 0.10218 -0.0531
v 0.01662 0.14494 0.28848
v 0.01662 0.10335 -0.0565
v 0.01398 0.14392 0.2867
v 0.01398 0.10454 -0.05562
v 0.01662 0.1492 0.2861
v 0.01662 0.10651 -0.0606
v 0.01398 0.14816 0.28437
v 0.01398 0.10711 -0.05871
v 0.01662 0.15379 0.2825
v 0.01398 0.11133 -0.06095
v 0.01398 0.1527 0.28068
v 0.01662 0.11133 -0.06318
v 0.01662 0.15753 0.27741
v 0.01398 0.11622 -0.0621
v 0.01398 0.15626 0.2753
v 0.01662 0.11672 -0.06407
v 0.01662 0.15985 0.27162
v 0.01398 0.13638 -0.06081
v 0.01398 0.15816 0.26884
v 0.01662 0.13758 -0.06258
v 0.01662 0.15323 -0.04705
v 0.01398 0.14041 -0.05923
v 0.01398 0.15143 -0.04525
v 0.01662 0.14161 -0.06087
v 0.01662 0.15176 -0.05161
v 0.01398 0.14401 -0.05709
v 0.01398 0.15025 -0.04994
v 0.01662 0.14527 -0.05867
v 0.01662 0.14887 -0.05563
v 0.01398 0.14754 -0.05405
v -0.02443 0.04331 0.14599
v -0.02443 0.03617 0.14277
v -0.02443 0.04583 0.14963
v -0.02443 0.04402 0.15351
v -0.02443 0.03795 0.15739
v -0.02443 0.0325 0.14139
v 0.02371 0.03791 0.18917
v 0.02369 0.04346 0.19121
v 0.02369 0.04547 0.19486
v 0.02369 0.0441 0.19876
v 0.02369 0.03855 0.2021
v -0.02729 0.03705 0.24922
v 0.02729 0.03705 0.24922
v 0.02443 0.0325 0.14139
v 0.02443 0.03617 0.14277
v 0.02443 0.04331 0.14599
v 0.02443 0.04583 0.14963
v 0.02443 0.04402 0.15351
v 0.02443 0.03795 0.15739
v -0.02461 0.03279 0.10284
v -0.02461 0.03746 0.10492
v -0.02461 0.0398 0.10833
v -0.02461 0.0375 0.11214
v -0.02461 0.03265 0.11416
v 0.02851 0.04369 0.11178
v 0.02461 0.0398 0.10833
v 0.02852 0.04461 0.10964
v 0.02852 0.04461 0.10692
v 0.02852 0.04365 0.10459
v 0.02461 0.0375 0.11214
v 0.02849 0.04232 0.11316
v 0.02849 0.04028 0.11471
v 0.02848 0.03802 0.11581
v 0.02849 0.03491 0.1173
v 0.02461 0.03746 0.10492
v 0.02851 0.0418 0.10276
v 0.0285 0.03918 0.10129
v 0.02852 0.03609 0.09962
v 0.02461 0.03265 0.11416
v 0.02851 0.03243 0.11886
v 0.0236 0.03026 0.10846
v 0.02475 0.03038 0.11489
v 0.02785 0.03062 0.11943
v 0.02854 0.03073 0.12098
v 0.02461 0.03279 0.10284
v 0.02461 0.03032 0.10198
v 0.02878 0.03663 0.09932
v 0.02878 0.03966 0.10097
v 0.02878 0.0423 0.10245
v 0.02878 0.04415 0.10432
v 0.02878 0.04517 0.10687
v 0.02878 0.04516 0.10971
v 0.02878 0.04406 0.1121
v 0.02878 0.04249 0.11369
v 0.02878 0.04047 0.11518
v 0.02878 0.03815 0.11629
v 0.02878 0.03494 0.11787
v 0.02878 0.03244 0.11959
v 0.02878 0.03077 0.12181
v 0.02742 0.0302 0.12101
v 0.02396 0.03004 0.11516
v 0.02294 0.02994 0.10847
v -0.00251 0.1359 -0.4891
v -0.00251 0.1359 -0.3725
v -0.00515 0.13507 -0.48872
v -0.00515 0.13507 -0.37173
v -0.00732 0.13389 -0.48817
v -0.00732 0.13389 -0.37064
v -0.0096 0.13203 -0.48731
v -0.0096 0.13203 -0.36893
v -0.01153 0.12942 -0.4861
v -0.01153 0.12942 -0.36652
v -0.01375 0.12507 -0.48408
v -0.01375 0.12507 -0.36252
v -0.01619 0.11838 -0.48144
v -0.01619 0.11838 -0.35634
v -0.01824 0.10722 -0.47704
v -0.01824 0.10722 -0.34529
v -0.02141 0.0735 -0.46709
v -0.02141 0.0735 -0.34529
v 0 0.03111 0.1405
v 0 0.03174 0.15032
v 0 0.03072 0.134
v 0 0.03232 0.16011
v 0 0.0306 0.13118
v 0 0.03273 0.16484
v 0 0.0329 0.16698
v 0 0.03021 0.12315
v 0 0.0302 0.12101
v 0 0.03299 0.173
v 0 0.03384 0.17968
v 0 0.03004 0.11516
v 0 0.02994 0.10847
v 0 0.03376 0.18223
v 0 0.02994 0.10176
v 0 0.03386 0.18837
v 0 0.02986 0.09499
v 0 0.03426 0.19578
v 0 0.03464 0.20323
v 0 0.02966 0.08979
v 0 0.02966 0.038
v 0 0.03502 0.20964
v 0 0.03523 0.21261
v 0 0.02987 -0.00251
v 0 0.03229 -0.02232
v 0 0.03555 0.21984
v 0 0.03575 0.224
v 0 0.03608 0.23021
v 0 0.03647 0.23759
v 0 0.03683 0.24461
v 0 0.03705 0.24922
v 0.02601 0.10491 0.20558
v 0.02449 0.10416 0.20854
v -0.02601 0.10491 0.20558
v -0.02449 0.10416 0.20854
v -0.02601 0.10494 0.19127
v -0.02449 0.10418 0.19424
v 0.02601 0.10494 0.19127
v 0.02449 0.10418 0.19424
v -0.02878 0.06522 0.20176
v -0.02878 0.06602 0.14115
v -0.02878 0.06643 0.10945
v -0.02878 0.06439 0.26486
v -0.02878 0.06382 0.30833
v -0.02878 0.06669 0.09025
v 0.01504 0.10835 -0.13162
v 0.01662 0.10603 -0.13162
v 0.02373 0.0735 -0.13162
v 0.02141 0.0735 -0.34529
v 0.02141 0.0735 -0.46709
v 0.01824 0.10722 -0.34529
v 0.01824 0.10722 -0.47704
v 0.01619 0.11838 -0.35634
v 0.01619 0.11838 -0.48144
v 0.01375 0.12507 -0.36252
v 0.01375 0.12507 -0.48408
v 0.01153 0.12942 -0.36652
v 0.01153 0.12942 -0.4861
v 0.0096 0.13203 -0.36893
v 0.0096 0.13203 -0.48731
v 0.00732 0.13389 -0.37064
v 0.00732 0.13389 -0.48817
v 0.00515 0.13507 -0.37173
v 0.00515 0.13507 -0.48872
v 0.02878 0.06522 0.20176
v 0.02878 0.06602 0.14115
v 0.02878 0.06643 0.10945
v 0.02878 0.06439 0.26486
v 0.02878 0.06382 0.30833
v -0.01733 0.01201 -0.37544
v -0.01733 0.01201 -0.38753
v -0.01789 -0.00159 -0.39566
v -0.01789 -0.00159 -0.40615
v -0.01199 -0.02328 -0.42788
v -0.01184 -0.02318 -0.43695
v 0.01184 -0.02318 -0.43695
v 0.01199 -0.02328 -0.42788
v 0.01789 -0.00159 -0.40615
v 0.01789 -0.00159 -0.39566
v 0.01733 0.01201 -0.38753
v 0.01733 0.01201 -0.37544
v 0.01255 -0.00615 0.00436
v 0.01255 -0.0041 0.00961
v 0.00991 -0.00826 0.00643
v 0.01255 -0.01119 -0.00062
v 0.00992 -0.00583 0.01072
v 0.00991 -0.00366 0.01461
v 0.00503 -0.00783 0.01244
v 0 -0.01175 0.01087
v 0.00503 -0.01082 0.00939
v 0 -0.01613 0.00799
v 0.00991 -0.01313 0.00247
v 0.00504 -0.01531 0.00647
v 0 -0.0205 0.00619
v 0.00991 -0.01858 0.00038
v 0.01255 -0.01714 -0.00338
v 0.01255 -0.02385 -0.00294
v 0.00504 -0.02011 0.00454
v 0 -0.02543 0.00544
v 0.00991 -0.02509 0.00088
v 0.01226 -0.02896 0.00002
v 0.00503 -0.02535 0.00377
v 0 -0.03085 0.00529
v 0.00991 -0.02997 0.00246
v 0.01156 -0.03139 0.00191
v 0.00503 -0.03065 0.00427
v 0.00928 -0.03301 0.0043
v -0.0275 0.02475 -0.1543
v -0.0275 0.03697 -0.15757
v -0.0275 0.02432 -0.15757
v -0.0275 0.02475 -0.16085
v -0.0275 0.02601 -0.15125
v -0.0275 0.02601 -0.1639
v -0.0275 0.02803 -0.14863
v -0.0275 0.02803 -0.16652
v -0.0275 0.03065 -0.14662
v -0.0275 0.03065 -0.16853
v -0.0275 0.0337 -0.14535
v -0.0275 0.0337 -0.16979
v -0.0275 0.03697 -0.14492
v -0.0275 0.03697 -0.17022
v -0.0275 0.04025 -0.14535
v -0.0275 0.04025 -0.16979
v -0.0275 0.0433 -0.14662
v -0.0275 0.0433 -0.16853
v -0.0275 0.04592 -0.14863
v -0.0275 0.04592 -0.16652
v -0.0275 0.04793 -0.15125
v -0.0275 0.04793 -0.1639
v -0.0275 0.04919 -0.1543
v -0.0275 0.04919 -0.16085
v -0.0275 0.04962 -0.15757
v -0.02684 0.05041 -0.15757
v -0.02684 0.04996 -0.16105
v -0.02684 0.04861 -0.16429
v -0.02684 0.04996 -0.15409
v -0.02684 0.04648 -0.16708
v -0.02684 0.04861 -0.15085
v -0.02684 0.04369 -0.16921
v -0.02684 0.04648 -0.14807
v -0.02684 0.04045 -0.17056
v -0.02684 0.04369 -0.14593
v -0.02684 0.03697 -0.17102
v -0.02684 0.04045 -0.14459
v -0.02684 0.03349 -0.17056
v -0.02684 0.03697 -0.14413
v -0.02684 0.03025 -0.16921
v -0.02684 0.03349 -0.14459
v -0.02684 0.02747 -0.16708
v -0.02684 0.03025 -0.14593
v -0.02684 0.02533 -0.16429
v -0.02684 0.02747 -0.14807
v -0.02684 0.02399 -0.16105
v -0.02684 0.02533 -0.15085
v -0.02684 0.02353 -0.15757
v -0.02684 0.02399 -0.15409
v 0.03081 0.09614 -0.03463
v 0.0331 0.09573 0.22854
v 0.02947 0.09372 -0.03463
v 0.03175 0.09331 0.22853
v 0.0275 0.03697 -0.15757
v 0.0275 0.02475 -0.1543
v 0.0275 0.02432 -0.15757
v 0.0275 0.02601 -0.15125
v 0.0275 0.02475 -0.16085
v 0.0275 0.02803 -0.14863
v 0.0275 0.02601 -0.1639
v 0.0275 0.03065 -0.14662
v 0.0275 0.02803 -0.16652
v 0.0275 0.0337 -0.14535
v 0.0275 0.03065 -0.16853
v 0.0275 0.03697 -0.14492
v 0.0275 0.0337 -0.16979
v 0.0275 0.04025 -0.14535
v 0.0275 0.03697 -0.17022
v 0.0275 0.0433 -0.14662
v 0.0275 0.04025 -0.16979
v 0.0275 0.04592 -0.14863
v 0.0275 0.0433 -0.16853
v 0.0275 0.04793 -0.15125
v 0.0275 0.04592 -0.16652
v 0.0275 0.04919 -0.1543
v 0.0275 0.04793 -0.1639
v 0.0275 0.04962 -0.15757
v 0.0275 0.04919 -0.16085
v 0.02684 0.02399 -0.15409
v 0.02684 0.02353 -0.15757
v 0.02684 0.02533 -0.15085
v 0.02684 0.02399 -0.16105
v 0.02684 0.02747 -0.14807
v 0.02684 0.02533 -0.16429
v 0.02684 0.03025 -0.14593
v 0.02684 0.02747 -0.16708
v 0.02684 0.03349 -0.14459
v 0.02684 0.03025 -0.16921
v 0.02684 0.03697 -0.14413
v 0.02684 0.03349 -0.17056
v 0.02684 0.04045 -0.14459
v 0.02684 0.03697 -0.17102
v 0.02684 0.04369 -0.14593
v 0.02684 0.04045 -0.17056
v 0.02684 0.04648 -0.14807
v 0.02684 0.04369 -0.16921
v 0.02684 0.04861 -0.15085
v 0.02684 0.04648 -0.16708
v 0.02684 0.04996 -0.15409
v 0.02684 0.04861 -0.16429
v 0.02684 0.05041 -0.15757
v 0.02684 0.04996 -0.16105
v -0.02242 0.01122 -0.46316
v -0.02242 0.01122 -0.47847
v -0.02242 0.02515 -0.46422
v -0.02242 0.02515 -0.48039
v -0.02242 0.04201 -0.4655
v -0.02242 0.04201 -0.4827
v 0.02737 0.03323 0.29585
v 0.02737 0.03498 0.25484
v 0.02737 0.03583 0.25087
v 0.00319 0.08643 0.32343
v -0.00319 0.08643 0.32343
v 0.02242 0.04201 -0.4827
v 0.02242 0.04201 -0.4655
v 0.02242 0.02515 -0.48039
v 0.02242 0.02515 -0.46422
v 0.02242 0.01122 -0.47847
v 0.02242 0.01122 -0.46316
v -0.02466 0.07288 -0.11002
v -0.01255 -0.00615 0.00436
v -0.01255 -0.01119 -0.00062
v -0.00991 -0.00826 0.00643
v -0.01255 -0.0041 0.00961
v -0.00992 -0.00583 0.01072
v -0.00991 -0.00366 0.01461
v -0.00504 -0.00377 0.0176
v -0.00503 -0.00783 0.01244
v -0.00503 -0.01082 0.00939
v -0.00991 -0.01313 0.00247
v -0.00504 -0.01531 0.00647
v -0.00991 -0.01858 0.00038
v -0.01255 -0.01714 -0.00338
v -0.01255 -0.02385 -0.00294
v -0.00504 -0.02011 0.00454
v -0.00991 -0.02509 0.00088
v -0.01226 -0.02896 0.00002
v -0.00503 -0.02535 0.00377
v -0.00991 -0.02997 0.00246
v -0.01156 -0.03139 0.00191
v -0.00928 -0.03301 0.0043
v -0.00503 -0.03065 0.00427
v -0.00503 -0.0348 0.00695
v -0.02878 0.06738 0.038
v -0.02387 0.06748 -0.00251
v -0.02308 0.06719 -0.02229
v -0.02133 0.06656 -0.06591
v -0.02133 0.06559 -0.1103
v -0.02145 0.06145 -0.11758
v -0.02189 0.04604 -0.14453
v 0.02141 0.0735 -0.3159
v 0.01447 0.10473 -0.34312
v 0.01371 0.10611 -0.34432
v 0.02466 0.07288 -0.11002
v -0.00465 0.16693 0.29377
v -0.02442 0.02367 -0.15401
v -0.02442 0.0232 -0.15757
v -0.02442 0.02367 -0.16114
v -0.02442 0.02504 -0.15069
v -0.02442 0.02504 -0.16446
v -0.02442 0.02723 -0.14783
v -0.02442 0.02723 -0.16731
v -0.02442 0.03009 -0.14565
v -0.02442 0.03009 -0.1695
v -0.02442 0.03341 -0.14427
v -0.02442 0.03341 -0.17088
v -0.02442 0.03697 -0.1438
v -0.02442 0.03697 -0.17135
v -0.02442 0.04054 -0.14427
v -0.02442 0.04054 -0.17088
v -0.02442 0.04386 -0.14565
v -0.02442 0.04386 -0.1695
v -0.02442 0.04671 -0.14783
v -0.02442 0.04671 -0.16731
v -0.02442 0.0489 -0.15069
v -0.02442 0.0489 -0.16446
v -0.02442 0.05028 -0.15401
v -0.02442 0.05028 -0.16114
v -0.02442 0.05074 -0.15757
v 0.02767 0.03127 -0.46018
v 0.02808 0.03125 -0.45937
v 0.02774 0.03213 -0.46024
v 0.02815 0.03219 -0.45944
v 0.02807 0.03025 -0.45944
v 0.02774 0.05351 -0.4628
v 0.02815 0.05366 -0.46201
v 0.02766 0.03034 -0.46024
v 0.0281 0.02928 -0.45963
v 0.02776 0.05419 -0.46298
v 0.02817 0.05447 -0.46223
v 0.02802 0.05335 -0.46364
v 0.02803 0.05391 -0.46379
v 0.0277 0.05497 -0.46333
v 0.0281 0.05537 -0.46264
v 0.02798 0.05461 -0.46411
v 0.02802 0.03204 -0.46109
v 0.02794 0.05543 -0.46458
v 0.02796 0.03126 -0.46103
v 0.02795 0.03045 -0.46108
v 0.02783 0.05626 -0.46516
v 0.02765 0.05586 -0.46384
v 0.02805 0.05633 -0.46319
v 0.02753 0.05675 -0.46446
v 0.02792 0.05728 -0.46385
v 0.02775 0.057 -0.46578
v 0.02744 0.05756 -0.46515
v 0.02782 0.05816 -0.46458
v 0.02767 0.05756 -0.46638
v 0.02734 0.05822 -0.46586
v 0.0277 0.0589 -0.46539
v 0.02758 0.05782 -0.46683
v 0.02724 0.05856 -0.46644
v 0.02759 0.05933 -0.46612
v 0.02739 0.05803 -0.46741
v 0.02705 0.05876 -0.467
v 0.02736 0.05958 -0.46682
v 0.02696 0.05829 -0.46809
v 0.02667 0.05898 -0.46759
v 0.02694 0.05983 -0.46748
v 0.02619 0.05859 -0.46887
v 0.02594 0.05927 -0.46834
v 0.02618 0.06014 -0.46826
v 0.02514 0.05893 -0.46971
v 0.02492 0.0596 -0.46915
v 0.02514 0.06047 -0.46909
v 0.02389 0.05927 -0.47058
v 0.02369 0.05994 -0.47002
v 0.02389 0.06081 -0.46996
v 0.02249 0.05963 -0.47148
v 0.02103 0.06 -0.47238
v 0.0223 0.0603 -0.4709
v 0.02084 0.06066 -0.4718
v 0.02249 0.06117 -0.47086
v 0.02103 0.06154 -0.47176
v 0.02878 0.06669 0.09025
v 0.02878 0.06738 0.038
v 0.02387 0.06748 -0.00251
v 0.02308 0.06719 -0.02229
v 0.02133 0.06656 -0.06591
v 0.02133 0.06559 -0.1103
v 0.02145 0.06145 -0.11758
v 0.02189 0.04604 -0.14454
v 0.00465 0.16693 0.29377
v 0.02442 0.05074 -0.15757
v 0.02442 0.05028 -0.16114
v 0.02442 0.05028 -0.15401
v 0.02442 0.0489 -0.16446
v 0.02442 0.0489 -0.15069
v 0.02442 0.04671 -0.16731
v 0.02442 0.04671 -0.14783
v 0.02442 0.04386 -0.1695
v 0.02442 0.04386 -0.14565
v 0.02442 0.04054 -0.17088
v 0.02442 0.04054 -0.14427
v 0.02442 0.03697 -0.17135
v 0.02442 0.03697 -0.1438
v 0.02442 0.03341 -0.17088
v 0.02442 0.03341 -0.14427
v 0.02442 0.03009 -0.1695
v 0.02442 0.03009 -0.14565
v 0.02442 0.02723 -0.16731
v 0.02442 0.02723 -0.14783
v 0.02442 0.02504 -0.16446
v 0.02442 0.02504 -0.15069
v 0.02442 0.02367 -0.16114
v 0.02442 0.02367 -0.15401
v 0.02442 0.0232 -0.15757
v -0.02737 0.03583 0.25087
v -0.02737 0.03498 0.25484
v -0.02737 0.03323 0.29585
v -0.02466 0.06636 -0.11008
v -0.02464 0.05069 -0.12176
v -0.02463 0.03593 -0.13086
v -0.02463 0.0237 -0.13872
v -0.02463 0.02068 -0.14137
v -0.0249 0.02068 -0.17834
v -0.02489 0.01796 -0.17529
v -0.02463 0.01796 -0.14439
v -0.0249 0.01571 -0.17038
v -0.02463 0.01571 -0.149
v -0.02462 0.01449 -0.15449
v -0.02476 0.01414 -0.15954
v -0.0249 0.01449 -0.16459
v 0.02471 0.04869 -0.19781
v 0.02471 0.04578 -0.20179
v 0.02471 0.04223 -0.20429
v -0.02063 0.07739 -0.29628
v -0.02141 0.0735 -0.31018
v -0.02141 0.0735 -0.29628
v -0.01695 0.09575 -0.285
v -0.01466 0.10722 -0.13162
v -0.01465 0.10722 -0.12699
v -0.02141 0.0735 -0.12699
v 0.02476 0.01414 -0.15954
v 0.0249 0.01449 -0.16459
v 0.0249 0.01571 -0.17038
v 0.02462 0.01449 -0.15449
v 0.02463 0.01571 -0.149
v 0.02463 0.01796 -0.14439
v 0.02489 0.01796 -0.17529
v 0.02463 0.02068 -0.14137
v 0.0249 0.02068 -0.17834
v 0.02463 0.0237 -0.13872
v 0.02463 0.03593 -0.13086
v 0.02464 0.05069 -0.12176
v 0.02466 0.06636 -0.11008
v 0.00841 0.00968 0.07401
v 0.00822 0.01233 0.07401
v 0.00874 0.00962 0.07367
v 0.00857 0.01219 0.07367
v 0.00874 0.00763 0.07367
v 0.00752 0.01484 0.07401
v 0.00841 0.00763 0.07401
v 0.0079 0.0149 0.07367
v 0.00874 0.00673 0.07388
v 0.00646 0.01688 0.07401
v 0.00841 0.00673 0.07427
v 0.00675 0.01705 0.07367
v 0.00874 0.00585 0.07473
v 0.00507 0.01875 0.07401
v 0.00841 0.0062 0.07501
v 0.00538 0.01889 0.07367
v 0.00308 0.02052 0.07401
v 0.00841 0.00599 0.07589
v 0.00341 0.02062 0.07367
v 0.00055 0.02198 0.07401
v 0.00841 0.0062 0.07678
v 0.00093 0.02208 0.07367
v -0.00358 0.02331 0.07401
v 0.00841 0.00673 0.07752
v -0.00306 0.02339 0.07367
v -0.00575 0.02416 0.07401
v 0.00841 0.00763 0.07778
v -0.00516 0.02416 0.07367
v -0.00656 0.02534 0.07401
v 0.00841 0.00968 0.07778
v -0.00618 0.02537 0.07367
v -0.00677 0.02664 0.07401
v -0.00643 0.02664 0.07367
v 0.00822 0.01233 0.07778
v 0.00752 0.01484 0.07778
v 0.00646 0.01688 0.07778
v 0.00507 0.01875 0.07778
v 0.00308 0.02052 0.07778
v 0.00055 0.02198 0.07778
v -0.00358 0.02331 0.07778
v -0.00575 0.02416 0.07778
v -0.00656 0.02534 0.07778
v -0.00677 0.02664 0.07778
v -0.02133 0.07042 -0.06589
v -0.02133 0.06824 -0.06591
v -0.02133 0.06878 -0.02232
v -0.02133 0.07146 -0.02232
v -0.02098 0.0724 -0.06458
v -0.02097 0.0734 -0.02296
v -0.02058 0.07385 -0.06313
v -0.02055 0.07486 -0.02371
v -0.01662 0.08741 -0.03647
v -0.02141 0.0735 -0.3159
v -0.02087 0.11232 -0.30638
v -0.02159 0.11246 -0.30427
v -0.02161 0.11246 -0.13753
v 0.02133 0.06824 -0.06591
v 0.02133 0.07042 -0.06589
v 0.02133 0.06878 -0.02232
v 0.02133 0.07146 -0.02232
v 0.02098 0.0724 -0.06458
v 0.02097 0.0734 -0.02296
v 0.02058 0.07385 -0.06313
v 0.02055 0.07486 -0.02371
v 0.01662 0.08741 -0.03647
v 0 0.03331 -0.04286
v 0 0.02733 -0.0413
v -0.00593 0.0329 -0.04073
v 0 0.04559 -0.05335
v -0.00593 0.04534 -0.05122
v -0.01002 0.04472 -0.04604
v -0.00593 0.02684 -0.03917
v -0.01003 0.0319 -0.03555
v -0.01255 0.04386 -0.03885
v 0 0.02135 -0.04204
v -0.01255 0.03053 -0.0284
v -0.01255 0.03907 0.0131
v -0.01003 0.02565 -0.03399
v -0.00593 0.02079 -0.03991
v -0.00593 0.01366 -0.04384
v 0 0.01435 -0.04596
v -0.01004 0.01941 -0.03473
v -0.01255 0.02402 -0.02686
v -0.00593 0.00007 -0.05598
v 0 0.00075 -0.05812
v -0.01003 0.01196 -0.03866
v -0.01255 0.01751 -0.02762
v -0.01255 0.01127 0.00281
v -0.00593 -0.01368 -0.06532
v 0 -0.01309 -0.06744
v -0.01255 0.00966 -0.0315
v -0.01001 -0.0016 -0.05081
v 0.02771 0.06516 0.26486
v 0.02771 0.06599 0.20176
v 0.02771 0.06678 0.14115
v 0.02771 0.0672 0.10945
v 0.02771 0.06745 0.09025
v 0.02771 0.06814 0.038
v 0.02141 0.0735 -0.3306
v -0.02878 0.06779 0.14115
v -0.02878 0.06616 0.26572
v -0.02878 0.07667 0.14115
v -0.02878 0.07421 0.03807
v -0.02878 0.06914 0.03801
v -0.02878 0.07993 0.27759
v -0.02381 0.07163 -0.0022
v -0.02381 0.06909 -0.00221
v -0.02358 0.07386 -0.00261
v -0.02321 0.07526 -0.00351
v 0.00503 0.02442 0.01956
v 0.00504 0.03759 0.02553
v 0 0.02435 0.02042
v 0 0.03749 0.02638
v 0 0.01085 0.01546
v 0.00503 0.01088 0.0146
v 0 0.00353 0.01592
v 0.00503 0.00349 0.01505
v 0.00988 0.1114 0.28386
v -0.00988 0.1114 0.28386
v -0.00719 0.1086 0.14182
v -0.0103 0.10859 0.14142
v -0.01079 0.10536 -0.02232
v -0.00697 0.1083 0.12667
v -0.00718 0.10546 -0.01729
v -0.00602 0.10834 0.12896
v -0.00623 0.10541 -0.01958
v -0.00445 0.10538 -0.02137
v -0.00215 0.10536 -0.02232
v -0.00422 0.10838 0.13075
v -0.00193 0.1084 0.1317
v 0 0.10841 0.13212
v 0 0.10535 -0.02266
v 0.00719 0.1086 0.14182
v 0.00193 0.1084 0.1317
v 0.00422 0.10838 0.13075
v 0.00602 0.10834 0.12896
v 0.00697 0.1083 0.12667
v 0.00718 0.10546 -0.01729
v 0.00623 0.10541 -0.01958
v 0.00445 0.10538 -0.02137
v 0.00215 0.10536 -0.02232
v -0.02141 0.04201 -0.18134
v -0.02141 0.01122 -0.38437
v -0.02141 0.02515 -0.34529
v -0.02141 0.02515 -0.46422
v -0.02141 0.04201 -0.34529
v -0.02141 0.01122 -0.46316
v -0.02141 0.04201 -0.4655
v 0.02878 0.07993 0.27759
v 0.02878 0.06616 0.26572
v 0.02878 0.07667 0.14115
v 0.02878 0.06779 0.14115
v 0.02878 0.07421 0.03807
v 0.02878 0.06914 0.03801
v 0.02381 0.07163 -0.0022
v 0.02381 0.06909 -0.00221
v 0.02358 0.07386 -0.00261
v 0.02321 0.07526 -0.00351
v 0.00225 0.08112 0.29455
v -0.00225 0.08112 0.29455
v 0.02141 0.04201 -0.4655
v 0.02141 0.04201 -0.34529
v 0.02141 0.02515 -0.46422
v 0.02141 0.02515 -0.34529
v 0.02141 0.01122 -0.38437
v 0.02141 0.01122 -0.46316
v 0.02141 0.04201 -0.2043
v 0.02141 0.04201 -0.18134
v 0.02141 0.04575 -0.20177
v 0.02141 0.04865 -0.19781
v 0.02141 0.04759 -0.1717
v 0.02141 0.0735 -0.13162
v 0.02141 0.0735 -0.12699
v 0.02141 0.04201 -0.29056
v -0.01385 0.09575 -0.14348
v -0.01385 0.09575 -0.29026
v -0.01753 0.07739 -0.14348
v -0.01753 0.07739 -0.30249
v -0.01832 0.0735 -0.30249
v -0.01832 0.0735 -0.14348
v -0.02046 0.03093 -0.3439
v -0.02046 0.02678 -0.29694
v -0.02046 0.02678 -0.24151
v -0.02046 0.02678 -0.19027
v -0.02046 0.02678 -0.17498
v -0.02141 0.0672 -0.29628
v -0.01753 0.0672 -0.29628
v 0.00382 0.07982 0.4449
v 0 0.08043 0.4449
v -0.00659 0.13421 0.30422
v -0.00659 0.12489 0.30422
v -0.0085 0.14054 0.30422
v -0.00836 0.12039 0.30422
v -0.00914 0.11255 0.30422
v -0.00922 0.1461 0.30422
v -0.0088 0.15216 0.30422
v -0.00712 0.15921 0.30422
v -0.00712 0.16558 0.30422
v -0.00626 0.16794 0.30422
v -0.00465 0.16986 0.30422
v -0.00247 0.17112 0.30422
v 0.02046 0.02678 -0.17498
v 0.02046 0.02678 -0.19027
v 0.02046 0.02678 -0.24151
v 0.02046 0.02678 -0.29694
v 0.02046 0.03093 -0.3439
v 0.02073 0.00776 -0.32221
v 0.01777 -0.00159 -0.35366
v 0.01966 -0.00159 -0.35703
v 0.02271 0.00871 -0.32184
v 0.01307 -0.02342 -0.42591
v 0.01097 -0.02438 -0.4257
v 0.02314 0.01094 -0.32096
v 0.02245 0.01249 -0.32034
v 0.02039 0.01417 -0.31968
v -0.01906 0.09241 -0.081
v -0.01906 0.10463 -0.08427
v -0.01906 0.09198 -0.08427
v -0.01906 0.09241 -0.08755
v -0.01906 0.09367 -0.07795
v -0.01906 0.09367 -0.0906
v -0.01906 0.09569 -0.07533
v -0.01906 0.09569 -0.09322
v -0.01906 0.09831 -0.07332
v -0.01906 0.09831 -0.09523
v -0.01906 0.10136 -0.07205
v -0.01906 0.10136 -0.09649
v -0.01906 0.10463 -0.07162
v -0.01906 0.10463 -0.09693
v -0.01906 0.10791 -0.07205
v -0.01906 0.10791 -0.09649
v -0.01906 0.11096 -0.07332
v -0.01906 0.11096 -0.09523
v -0.01906 0.11358 -0.07533
v -0.01906 0.11358 -0.09322
v -0.01906 0.11559 -0.07795
v -0.01906 0.11559 -0.0906
v -0.01906 0.11685 -0.081
v -0.01906 0.11685 -0.08755
v -0.01906 0.11728 -0.08427
v -0.02318 0.10068 0.25333
v 0.02018 0.06732 -0.06591
v 0.02018 0.06636 -0.10935
v -0.0184 0.11807 -0.08427
v -0.0184 0.11762 -0.08775
v -0.0184 0.11627 -0.091
v -0.0184 0.11762 -0.08079
v -0.0184 0.11414 -0.09378
v -0.0184 0.11627 -0.07755
v -0.0184 0.11135 -0.09592
v -0.0184 0.11414 -0.07477
v -0.0184 0.10811 -0.09726
v -0.0184 0.11135 -0.07263
v -0.0184 0.10463 -0.09772
v -0.0184 0.10811 -0.07129
v -0.0184 0.10115 -0.09726
v -0.0184 0.10463 -0.07083
v -0.0184 0.09791 -0.09592
v -0.0184 0.10115 -0.07129
v -0.0184 0.09513 -0.09378
v -0.0184 0.09791 -0.07263
v -0.0184 0.09299 -0.091
v -0.0184 0.09513 -0.07477
v -0.0184 0.09165 -0.08775
v -0.0184 0.09299 -0.07755
v -0.0184 0.09119 -0.08427
v -0.0184 0.09165 -0.08079
v 0.01906 0.10463 -0.08427
v 0.01906 0.09241 -0.081
v 0.01906 0.09198 -0.08427
v 0.01906 0.09367 -0.07795
v 0.01906 0.09241 -0.08755
v 0.01906 0.09569 -0.07533
v 0.01906 0.09367 -0.0906
v 0.01906 0.09831 -0.07332
v 0.01906 0.09569 -0.09322
v 0.01906 0.10136 -0.07205
v 0.01906 0.09831 -0.09523
v 0.01906 0.10463 -0.07162
v 0.01906 0.10136 -0.09649
v 0.01906 0.10791 -0.07205
v 0.01906 0.10463 -0.09693
v 0.01906 0.11096 -0.07332
v 0.01906 0.10791 -0.09649
v 0.01906 0.11358 -0.07533
v 0.01906 0.11096 -0.09523
v 0.01906 0.11559 -0.07795
v 0.01906 0.11358 -0.09322
v 0.01906 0.11685 -0.081
v 0.01906 0.11559 -0.0906
v 0.01906 0.11728 -0.08427
v 0.01906 0.11685 -0.08755
v -0.01844 0.13886 0.32185
v -0.01844 0.14356 0.3206
v -0.01844 0.1387 0.3206
v -0.01844 0.13886 0.31934
v -0.01844 0.13935 0.32303
v -0.01844 0.13935 0.31817
v -0.01844 0.14012 0.32403
v -0.01844 0.14012 0.31716
v -0.01844 0.14113 0.3248
v -0.01844 0.14113 0.31639
v -0.01844 0.1423 0.32529
v -0.01844 0.1423 0.31591
v -0.01844 0.14356 0.32545
v -0.01844 0.14356 0.31574
v -0.01844 0.14481 0.32529
v -0.01844 0.14481 0.31591
v -0.01844 0.14598 0.3248
v -0.01844 0.14598 0.31639
v -0.01844 0.14699 0.32403
v -0.01844 0.14699 0.31716
v -0.01844 0.14776 0.32303
v -0.01844 0.14776 0.31817
v -0.01844 0.14825 0.32185
v -0.01844 0.14825 0.31934
v -0.01844 0.14841 0.3206
v 0.0184 0.09165 -0.08079
v 0.0184 0.09119 -0.08427
v 0.0184 0.09299 -0.07755
v 0.0184 0.09165 -0.08775
v 0.0184 0.09513 -0.07477
v 0.0184 0.09299 -0.091
v 0.0184 0.09791 -0.07263
v 0.0184 0.09513 -0.09378
v 0.0184 0.10115 -0.07129
v 0.0184 0.09791 -0.09592
v 0.0184 0.10463 -0.07083
v 0.0184 0.10115 -0.09726
v 0.0184 0.10811 -0.07129
v 0.0184 0.10463 -0.09772
v 0.0184 0.11135 -0.07263
v 0.0184 0.10811 -0.09726
v 0.0184 0.11414 -0.07477
v 0.0184 0.11135 -0.09592
v 0.0184 0.11627 -0.07755
v 0.0184 0.11414 -0.09378
v 0.0184 0.11762 -0.08079
v 0.0184 0.11627 -0.091
v 0.0184 0.11807 -0.08427
v 0.0184 0.11762 -0.08775
v 0.01844 0.14356 0.3206
v 0.01844 0.13886 0.32185
v 0.01844 0.1387 0.3206
v 0.01844 0.13935 0.32303
v 0.01844 0.13886 0.31934
v 0.01844 0.14012 0.32403
v 0.01844 0.13935 0.31817
v 0.01844 0.14113 0.3248
v 0.01844 0.14012 0.31716
v 0.01844 0.1423 0.32529
v 0.01844 0.14113 0.31639
v 0.01844 0.14356 0.32545
v 0.01844 0.1423 0.31591
v 0.01844 0.14481 0.32529
v 0.01844 0.14356 0.31574
v 0.01844 0.14598 0.3248
v 0.01844 0.14481 0.31591
v 0.01844 0.14699 0.32403
v 0.01844 0.14598 0.31639
v 0.01844 0.14776 0.32303
v 0.01844 0.14699 0.31716
v 0.01844 0.14825 0.32185
v 0.01844 0.14776 0.31817
v 0.01844 0.14841 0.3206
v 0.01844 0.14825 0.31934
v -0.01832 0.06331 -0.1491
v -0.01832 0.06331 -0.30249
v 0.01776 0.13821 0.32203
v 0.01776 0.13802 0.3206
v 0.01776 0.13876 0.32336
v 0.01776 0.13821 0.31916
v 0.01776 0.13964 0.32451
v 0.01776 0.13876 0.31783
v 0.01776 0.14079 0.32539
v 0.01776 0.13964 0.31668
v 0.01776 0.14212 0.32594
v 0.01776 0.14079 0.3158
v 0.01776 0.14356 0.32613
v 0.01776 0.14212 0.31525
v 0.01776 0.14499 0.32594
v 0.01776 0.14356 0.31506
v 0.01776 0.14632 0.32539
v 0.01776 0.14499 0.31525
v 0.01776 0.14747 0.32451
v 0.01776 0.14632 0.3158
v 0.01776 0.14835 0.32336
v 0.01776 0.14747 0.31668
v 0.01776 0.1489 0.32203
v 0.01776 0.14835 0.31783
v 0.01776 0.14909 0.3206
v 0.01776 0.1489 0.31916
v -0.00594 -0.03024 -0.07375
v 0 -0.02959 -0.07587
v -0.01002 -0.01512 -0.06014
v -0.01255 -0.00395 -0.04354
v -0.00594 -0.04678 -0.07957
v 0 -0.04616 -0.08169
v -0.01005 -0.03184 -0.06856
v -0.01255 -0.01711 -0.05295
v -0.00594 -0.06277 -0.08198
v 0 -0.06204 -0.0841
v 0 -0.07676 -0.08419
v -0.01005 -0.04832 -0.07438
v -0.01255 -0.03399 -0.06158
v -0.01255 -0.02207 -0.03821
v -0.00603 -0.07738 -0.082
v 0 -0.08216 -0.08294
v -0.01004 -0.06455 -0.07681
v -0.01255 -0.05039 -0.06739
v -0.01255 -0.03931 -0.04436
v -0.00604 -0.08382 -0.08055
v -0.01003 -0.07899 -0.07694
v -0.01003 -0.08585 -0.076
v -0.01255 -0.06698 -0.06974
v -0.01255 -0.08123 -0.06974
v -0.01255 -0.08806 -0.06891
v -0.01255 -0.05663 -0.04636
v -0.01255 -0.07408 -0.04414
v -0.01255 -0.09001 -0.03977
v -0.01255 -0.09729 -0.04192
v -0.01255 -0.10075 -0.03075
v -0.01255 -0.09806 -0.0305
v -0.01122 -0.10154 -0.02559
v -0.01255 -0.09557 -0.03071
v -0.01255 -0.08978 -0.0336
v -0.01255 -0.08203 -0.03424
v -0.01255 -0.07658 -0.03207
v -0.01255 -0.06159 -0.03148
v -0.01255 -0.07281 -0.02779
v -0.01255 -0.04431 -0.02815
v -0.01255 -0.06444 -0.02305
v -0.01193 -0.07006 -0.02128
v -0.01122 -0.06968 -0.01775
v -0.00891 -0.0698 -0.01423
v -0.00465 -0.06991 -0.01084
v -0.01255 -0.02757 -0.02029
v -0.0012 0.17321 -0.08055
v -0.00226 0.17382 -0.08055
v -0.00305 0.17476 -0.08055
v -0.00347 0.17592 -0.08055
v -0.00347 0.17715 -0.08055
v -0.00305 0.1783 -0.08055
v -0.00226 0.17924 -0.08055
v -0.01598 0.09133 -0.08071
v -0.01598 0.09086 -0.08427
v -0.01598 0.09133 -0.08784
v -0.01598 0.0927 -0.07739
v -0.01598 0.0927 -0.09116
v -0.01598 0.09489 -0.07453
v -0.01598 0.09489 -0.09401
v -0.01598 0.09775 -0.07235
v -0.01598 0.09775 -0.0962
v -0.01598 0.10107 -0.07097
v -0.01598 0.10107 -0.09758
v -0.01598 0.10463 -0.0705
v -0.01598 0.10463 -0.09805
v -0.01598 0.1082 -0.07097
v -0.01598 0.1082 -0.09758
v -0.01598 0.11152 -0.07235
v -0.01598 0.11152 -0.0962
v -0.01598 0.11437 -0.07453
v -0.01598 0.11437 -0.09401
v -0.01598 0.11656 -0.07739
v -0.01598 0.11656 -0.09116
v -0.01598 0.11793 -0.08071
v -0.01598 0.11793 -0.08784
v -0.01598 0.1184 -0.08427
v 0.00626 0.16794 0.30422
v 0.00465 0.16986 0.30422
v 0.00712 0.16558 0.30422
v 0.00712 0.15921 0.30422
v 0.0088 0.15216 0.30422
v 0.00922 0.1461 0.30422
v 0.0085 0.14054 0.30422
v 0.00659 0.13421 0.30422
v 0.00659 0.12489 0.30422
v 0.00836 0.12039 0.30422
v 0.00914 0.11255 0.30422
v 0.01598 0.1184 -0.08427
v 0.01598 0.11793 -0.08784
v 0.01598 0.11793 -0.08071
v 0.01598 0.11656 -0.09116
v 0.01598 0.11656 -0.07739
v 0.01598 0.11437 -0.09401
v 0.01598 0.11437 -0.07453
v 0.01598 0.11152 -0.0962
v 0.01598 0.11152 -0.07235
v 0.01598 0.1082 -0.09758
v 0.01598 0.1082 -0.07097
v 0.01598 0.10463 -0.09805
v 0.01598 0.10463 -0.0705
v 0.01598 0.10107 -0.09758
v 0.01598 0.10107 -0.07097
v 0.01598 0.09775 -0.0962
v 0.01598 0.09775 -0.07235
v 0.01598 0.09489 -0.09401
v 0.01598 0.09489 -0.07453
v 0.01598 0.0927 -0.09116
v 0.01598 0.0927 -0.07739
v 0.01598 0.09133 -0.08784
v 0.01598 0.09133 -0.08071
v 0.01598 0.09086 -0.08427
v -0.02771 0.06516 0.26486
v -0.02771 0.06599 0.20176
v -0.02771 0.06678 0.14115
v -0.02771 0.0672 0.10945
v -0.02771 0.06745 0.09025
v -0.02771 0.06814 0.038
v -0.01761 0.06825 -0.00251
v -0.01841 0.06796 -0.02229
v -0.02018 0.06732 -0.06591
v -0.02018 0.06636 -0.10935
v 0.02409 0.01347 -0.15954
v 0.02073 0.01347 -0.15954
v 0.02395 0.01382 -0.15436
v 0.02059 0.01382 -0.15436
v 0.02059 0.01538 -0.14822
v 0.02395 0.01538 -0.14822
v 0.02059 0.01765 -0.1437
v 0.02395 0.01765 -0.1437
v -0.02395 0.01765 -0.1437
v -0.02395 0.01538 -0.14822
v -0.02059 0.01765 -0.1437
v -0.02059 0.01538 -0.14822
v -0.02395 0.01382 -0.15436
v -0.02059 0.01382 -0.15436
v -0.02073 0.01347 -0.15954
v -0.02409 0.01347 -0.15954
v -0.01465 0.06303 0.30309
v -0.01559 0.06836 0.30309
v 0.00696 0.16554 -0.08804
v 0.00829 0.16595 -0.08804
v 0 -0.09141 -0.02402
v -0.00504 -0.09114 -0.02555
v 0 -0.09731 -0.0234
v -0.00504 -0.0971 -0.02492
v 0 -0.10305 -0.0206
v -0.00465 -0.10282 -0.02143
v -0.00891 -0.10219 -0.02343
v -0.00991 -0.09643 -0.02737
v -0.00991 -0.09032 -0.02881
v -0.00504 -0.08557 -0.02473
v 0 -0.08583 -0.02304
v -0.00991 -0.08418 -0.02902
v -0.00504 -0.08043 -0.02308
v 0 -0.08122 -0.02142
v -0.00991 -0.07868 -0.02741
v -0.00504 -0.07671 -0.02065
v 0 -0.07745 -0.01891
v -0.00991 -0.07488 -0.02398
v -0.00503 -0.07339 -0.01677
v -0.00991 -0.0719 -0.01861
v 0.01559 0.06836 0.30309
v 0.01465 0.06303 0.30309
v 0.00991 -0.07868 -0.02741
v 0.00991 -0.08418 -0.02902
v 0.01255 -0.07658 -0.03207
v 0.01255 -0.08203 -0.03424
v 0.01255 -0.07281 -0.02779
v 0.01255 -0.08978 -0.0336
v 0.00991 -0.07488 -0.02398
v 0.01193 -0.07006 -0.02128
v 0.00991 -0.09032 -0.02881
v 0.01255 -0.09557 -0.03071
v 0.00991 -0.0719 -0.01861
v 0.01122 -0.06968 -0.01775
v 0.00891 -0.0698 -0.01423
v 0.00503 -0.07339 -0.01677
v 0.00504 -0.07671 -0.02065
v 0.00504 -0.08043 -0.02308
v 0.00504 -0.08557 -0.02473
v 0.00504 -0.09114 -0.02555
v 0.00504 -0.0971 -0.02492
v 0.00991 -0.09643 -0.02737
v 0.01122 -0.10154 -0.02559
v 0.00891 -0.10219 -0.02343
v 0.00465 -0.10282 -0.02143
v 0.01888 0.0219 0.07367
v 0.02046 0.0211 0.07367
v 0.02118 0.01978 0.07367
v 0.02118 0.00763 0.07367
v 0.02118 0.00673 0.07388
v 0.02118 0.00585 0.07473
v 0.01255 -0.09001 -0.03977
v 0.01255 -0.07408 -0.04414
v 0.01255 -0.09806 -0.0305
v 0.01255 -0.10075 -0.03075
v 0.01255 -0.09729 -0.04192
v 0.01255 -0.08806 -0.06891
v 0.01255 -0.08123 -0.06974
v 0.01003 -0.08585 -0.076
v 0.00604 -0.08382 -0.08055
v 0.01003 -0.07899 -0.07694
v 0.00603 -0.07738 -0.082
v 0.00594 -0.06277 -0.08198
v 0.01255 -0.06698 -0.06974
v 0.01004 -0.06455 -0.07681
v 0.00594 -0.04678 -0.07957
v 0.01005 -0.04832 -0.07438
v 0.01255 -0.05039 -0.06739
v 0.01255 -0.05663 -0.04636
v 0.00594 -0.03024 -0.07375
v 0.01005 -0.03184 -0.06856
v 0.01255 -0.06159 -0.03148
v 0.01255 -0.03399 -0.06158
v 0.01255 -0.03931 -0.04436
v 0.01255 -0.04431 -0.02815
v 0.01255 -0.06444 -0.02305
v 0.01255 -0.02757 -0.02029
v 0.01255 -0.02207 -0.03821
v 0.01255 -0.02818 -0.00831
v 0.01255 -0.01711 -0.05295
v 0.01255 -0.00895 -0.02804
v 0.01002 -0.01512 -0.06014
v 0.01255 -0.00395 -0.04354
v 0.01255 -0.01347 -0.01444
v 0.01255 0.00966 -0.0315
v 0.01001 -0.0016 -0.05081
v 0.00593 -0.01368 -0.06532
v 0.00593 0.00007 -0.05598
v 0.01003 0.01196 -0.03866
v 0.00593 0.01366 -0.04384
v 0.01255 0.00345 -0.01195
v 0.01255 0.01751 -0.02762
v 0.01004 0.01941 -0.03473
v 0.00593 0.02079 -0.03991
v 0.00593 0.02684 -0.03917
v 0.01003 0.02565 -0.03399
v 0.01255 0.02402 -0.02686
v 0.01255 0.01127 0.00281
v 0.01255 0.03053 -0.0284
v 0.01003 0.0319 -0.03555
v 0.00593 0.0329 -0.04073
v 0.00593 0.04534 -0.05122
v 0.01002 0.04472 -0.04604
v 0.01255 0.04386 -0.03885
v 0.01255 0.03907 0.0131
v 0.01255 0.02535 0.00746
v 0.00991 0.02462 0.01684
v 0.00991 0.03791 0.02282
v 0.00991 0.01097 0.01186
v 0.00991 0.00335 0.01229
v 0.01255 0.00236 0.00582
v 0.01255 -0.00164 -0.00253
v 0.01255 -0.02879 -0.00497
v 0.01175 0.06426 0.4449
v 0.01235 0.06808 0.4449
v 0.01175 0.07189 0.4449
v 0.01089 0.0736 0.4821
v 0.01089 0.0736 0.46627
v 0.01064 0.0741 0.48549
v 0.01064 0.0741 0.46288
v 0.00999 0.07534 0.4449
v 0.01 0.07534 0.48875
v 0.01 0.07534 0.45961
v 0.00726 0.07807 0.4449
v 0.00863 0.07671 0.48988
v 0.00863 0.07671 0.45848
v 0.00727 0.07808 0.48875
v 0.00727 0.07808 0.45961
v 0.00602 0.07871 0.46288
v 0.00552 0.07897 0.46627
v 0.00602 0.07871 0.48549
v 0.00552 0.07897 0.4821
v 0.00319 0.0503 0.32343
v 0.00917 0.05247 0.32343
v 0.01405 0.05657 0.32343
v 0.01724 0.06209 0.32343
v 0.01835 0.06836 0.32343
v 0.01724 0.07464 0.32343
v 0.01405 0.08016 0.32343
v 0.00917 0.08425 0.32343
v -0.02866 0.08968 0.22561
v -0.02889 0.08919 0.23847
v -0.02782 0.09135 0.24169
v 0.02866 0.08968 0.22561
v 0.02889 0.08919 0.23847
v 0.02782 0.09135 0.24169
v -0.01891 0.1092 0.30222
v -0.01782 0.11141 0.29726
v -0.01699 0.11312 0.28888
v -0.01711 0.11288 0.28106
v -0.01803 0.11102 0.27262
v -0.01931 0.10846 0.26631
v -0.02087 0.03771 -0.19025
v -0.00207 0.12064 0.17942
v -0.00597 0.12066 0.18083
v -0.00914 0.12072 0.1835
v -0.01122 0.1208 0.18709
v -0.01194 0.12088 0.19117
v 0.00147 0.11047 0.25484
v 0.00423 0.11044 0.25329
v 0.00649 0.11038 0.25037
v 0.00796 0.1103 0.24643
v 0.01308 0.10912 0.19012
v 0.01229 0.10902 0.18564
v 0.01002 0.10894 0.18171
v 0.00654 0.10888 0.17879
v 0.00227 0.10885 0.17724
v -0.01194 0.05834 0.30309
v 0.01761 0.06825 -0.00251
v 0.01841 0.06796 -0.02229
v -0.01255 -0.02818 -0.00831
v -0.01255 -0.00895 -0.02804
v -0.01255 -0.01347 -0.01444
v -0.01255 0.00345 -0.01195
v -0.01255 -0.02879 -0.00497
v -0.01255 -0.00164 -0.00253
v -0.01255 0.00236 0.00582
v -0.00991 0.00335 0.01229
v -0.00991 0.01097 0.01186
v -0.01255 0.02535 0.00746
v -0.00991 0.02462 0.01684
v -0.00991 0.03791 0.02282
v -0.00503 0.01088 0.0146
v -0.00503 0.00349 0.01505
v -0.00503 0.02442 0.01956
v -0.00504 0.03759 0.02553
v 0.02087 0.03771 -0.19025
v -0.01255 -0.10505 -0.01629
v -0.01255 -0.10553 -0.0113
v -0.01038 -0.10551 0.02452
v -0.01038 -0.10513 0.02653
v -0.01038 -0.08403 0.08466
v -0.01038 -0.08271 0.08662
v -0.01038 -0.0808 0.08835
v -0.01038 0.00984 0.13909
v 0.00597 0.11098 0.20166
v 0.00914 0.11092 0.199
v 0.00736 0.12107 0.20034
v 0.00597 0.1211 0.20151
v 0.00914 0.11925 0.19887
v 0.00914 0.12283 0.19879
v 0.01122 0.12097 0.19524
v 0.01122 0.11085 0.19541
v 0.01194 0.12088 0.19117
v 0.01194 0.11076 0.19132
v 0.01122 0.1208 0.18709
v 0.01122 0.11068 0.18724
v 0.00914 0.12072 0.1835
v 0.00914 0.1106 0.18365
v 0.00597 0.12066 0.18083
v 0.00597 0.11055 0.18099
v 0.00207 0.12064 0.17942
v 0.00207 0.11052 0.17957
v -0.0087 0.15296 0.31108
v -0.01278 0.15292 0.31109
v -0.0087 0.1533 0.3136
v -0.01278 0.15325 0.3136
v -0.01278 0.15195 0.30875
v -0.0087 0.15296 0.31612
v -0.0087 0.15199 0.30873
v -0.01278 0.15292 0.31611
v -0.01278 0.15041 0.30675
v -0.0087 0.15199 0.31847
v -0.0087 0.15044 0.30671
v -0.01278 0.15195 0.31845
v -0.01278 0.1484 0.30521
v -0.0087 0.15044 0.32049
v -0.0087 0.14843 0.30516
v -0.01278 0.15041 0.32045
v -0.01278 0.14606 0.30424
v -0.0087 0.14843 0.32204
v -0.0087 0.14608 0.30419
v -0.01278 0.1484 0.32199
v -0.01278 0.14355 0.30391
v -0.0087 0.14608 0.32301
v -0.0087 0.14355 0.30386
v -0.01278 0.14606 0.32296
v -0.01278 0.14105 0.30424
v -0.0087 0.14356 0.32334
v -0.0087 0.14103 0.30419
v -0.01278 0.14356 0.32329
v -0.01278 0.13871 0.30521
v -0.0087 0.14103 0.32301
v -0.0087 0.13868 0.30516
v -0.01278 0.14105 0.32296
v -0.01278 0.1367 0.30675
v -0.0087 0.13868 0.32204
v -0.0087 0.13667 0.30671
v -0.01278 0.13871 0.32199
v -0.01278 0.13516 0.30875
v -0.0087 0.13667 0.32049
v -0.0087 0.13512 0.30873
v -0.01278 0.1367 0.32045
v -0.01278 0.13419 0.31109
v -0.0087 0.13512 0.31847
v -0.0087 0.13415 0.31108
v -0.01278 0.13386 0.3136
v -0.0087 0.13381 0.3136
v -0.01278 0.13516 0.31845
v -0.0087 0.13415 0.31612
v -0.01278 0.13419 0.31611
v 0.01194 0.05834 0.30309
v 0.02415 0.06458 0.30416
v 0.01538 0.06458 0.30421
v 0.02415 0.06458 0.30833
v -0.02415 0.06458 0.30833
v -0.01538 0.06458 0.30421
v -0.02415 0.06458 0.30416
v 0.0087 0.14356 0.32334
v 0.0087 0.14103 0.32301
v 0.01278 0.14356 0.32329
v 0.01278 0.14105 0.32296
v 0.01278 0.14606 0.32296
v 0.0087 0.13868 0.32204
v 0.0087 0.14608 0.32301
v 0.01278 0.13871 0.32199
v 0.01278 0.1484 0.32199
v 0.0087 0.13667 0.32049
v 0.0087 0.14843 0.32204
v 0.01278 0.1367 0.32045
v 0.01278 0.15041 0.32045
v 0.0087 0.13512 0.31847
v 0.0087 0.15044 0.32049
v 0.01278 0.13516 0.31845
v 0.01278 0.15195 0.31845
v 0.0087 0.13415 0.31612
v 0.0087 0.15199 0.31847
v 0.01278 0.13419 0.31611
v 0.0087 0.13381 0.3136
v 0.01278 0.13386 0.3136
v 0.01278 0.15292 0.31611
v 0.0087 0.15296 0.31612
v 0.01278 0.15325 0.3136
v 0.0087 0.1533 0.3136
v 0.01278 0.15292 0.31109
v 0.0087 0.15296 0.31108
v 0.01278 0.15195 0.30875
v 0.0087 0.15199 0.30873
v 0.01278 0.15041 0.30675
v 0.0087 0.15044 0.30671
v 0.01278 0.1484 0.30521
v 0.0087 0.14843 0.30516
v 0.01278 0.14606 0.30424
v 0.0087 0.14608 0.30419
v 0.01278 0.14356 0.30391
v 0.0087 0.14356 0.30386
v 0.01278 0.14105 0.30424
v 0.0087 0.14103 0.30419
v 0.01278 0.13871 0.30521
v 0.0087 0.13868 0.30516
v 0.01278 0.1367 0.30675
v 0.0087 0.13667 0.30671
v 0.01278 0.13516 0.30875
v 0.0087 0.13512 0.30873
v 0.01278 0.13419 0.31109
v 0.0087 0.13415 0.31108
v 0.01038 0.00984 0.13909
v 0.01038 -0.0808 0.08835
v 0.01038 -0.08271 0.08662
v 0.01038 -0.08403 0.08466
v 0.01038 -0.10513 0.02653
v 0.01038 -0.10551 0.02452
v 0.01255 -0.10553 -0.0113
v 0.01255 -0.10505 -0.01629
v -0.01038 0.03301 0.10784
v -0.01038 0.02836 0.1218
v -0.01038 0.02539 0.12811
v -0.01038 0.02216 0.13332
v -0.01038 0.01916 0.13687
v -0.01038 0.01615 0.13888
v -0.01038 0.01261 0.13966
v -0.00917 0.08425 0.32343
v -0.01405 0.08016 0.32343
v -0.01724 0.07464 0.32343
v -0.01835 0.06836 0.32343
v -0.01724 0.06209 0.32343
v -0.01405 0.05657 0.32343
v -0.00917 0.05247 0.32343
v -0.00319 0.0503 0.32343
v 0.01038 0.01261 0.13966
v 0.01038 0.01615 0.13888
v 0.01038 0.01916 0.13687
v 0.01038 0.02216 0.13332
v 0.01038 0.02539 0.12811
v 0.01038 0.02836 0.1218
v 0.01038 0.03301 0.10784
v 0.00225 0.0556 0.29455
v 0.00648 0.05714 0.29455
v 0.00993 0.06004 0.29455
v 0.01218 0.06393 0.29455
v 0.01296 0.06836 0.29455
v 0.01218 0.0728 0.29455
v 0.00993 0.07669 0.29455
v 0.00648 0.07958 0.29455
v -0.0267 0.09397 -0.03463
v -0.02899 0.09356 0.22853
v -0.03175 0.09331 0.22853
v -0.02947 0.09372 -0.03463
v -0.0331 0.09573 0.22854
v -0.03081 0.09614 -0.03463
v -0.00779 0.05486 0.30309
v -0.01966 -0.00159 -0.35703
v -0.02271 0.00871 -0.32184
v -0.02314 0.01094 -0.32096
v -0.02245 0.01249 -0.32034
v -0.02039 0.01417 -0.31968
v -0.02073 0.00776 -0.32221
v -0.01307 -0.02342 -0.42591
v -0.01777 -0.00159 -0.35366
v -0.01745 0.00747 -0.32233
v -0.01452 -0.00159 -0.35264
v -0.01097 -0.02438 -0.4257
v -0.00755 -0.02468 -0.42564
v 0.00779 0.05486 0.30309
v -0.0079 0.11265 0.30309
v 0.02732 0.08238 -0.04581
v 0.02806 0.08135 -0.04347
v 0.02871 0.08067 -0.03956
v 0.03217 0.08223 -0.0362
v 0.02881 0.0805 -0.03624
v 0.02891 0.08077 -0.03291
v 0.00912 0.07269 0.4821
v 0.00912 0.07269 0.46627
v 0.00886 0.07319 0.48549
v 0.00886 0.07319 0.46288
v 0.00831 0.07429 0.48875
v 0.00723 0.0753 0.48988
v 0.00831 0.07429 0.45961
v 0.00723 0.0753 0.45848
v -0.00863 0.07671 0.48988
v -0.00723 0.0753 0.48988
v -0.01 0.07534 0.48875
v -0.00831 0.07429 0.48875
v -0.01064 0.0741 0.48549
v -0.00886 0.07319 0.48549
v -0.01089 0.0736 0.4821
v -0.00912 0.07269 0.4821
v -0.00912 0.07269 0.46627
v -0.01089 0.0736 0.46627
v -0.00886 0.07319 0.46288
v -0.01064 0.0741 0.46288
v -0.00831 0.07429 0.45961
v -0.01 0.07534 0.45961
v -0.00723 0.0753 0.45848
v -0.00863 0.07671 0.45848
v -0.01175 0.07189 0.4449
v -0.00999 0.07534 0.4449
v -0.00726 0.07807 0.4449
v -0.00727 0.07808 0.45961
v -0.00602 0.07871 0.46288
v -0.00382 0.07982 0.4449
v -0.00552 0.07897 0.46627
v -0.01235 0.06808 0.4449
v -0.00727 0.07808 0.48875
v -0.00602 0.07871 0.48549
v -0.00552 0.07897 0.4821
v -0.01175 0.06426 0.4449
v -0.01089 0.06255 0.46627
v -0.01064 0.06206 0.46288
v -0.01089 0.06255 0.4821
v -0.00999 0.06082 0.4449
v -0.01064 0.06206 0.48549
v -0.01 0.06081 0.45961
v -0.00863 0.05944 0.45848
v -0.01 0.06081 0.48875
v -0.00726 0.05808 0.4449
v -0.00863 0.05944 0.48988
v -0.00727 0.05807 0.45961
v -0.00727 0.05807 0.48875
v -0.00382 0.05633 0.4449
v -0.00602 0.05744 0.46288
v -0.00552 0.05718 0.46627
v -0.00552 0.05718 0.4821
v -0.00602 0.05744 0.48549
v 0 0.05573 0.4449
v 0.0079 0.11265 0.30309
v 0.00231 0.07853 0.42355
v 0.00231 0.07853 0.44518
v 0.00568 0.0773 0.42355
v 0.00568 0.0773 0.44518
v 0.00842 0.075 0.42355
v 0.00842 0.075 0.44518
v 0.01022 0.07189 0.42355
v 0.01022 0.07189 0.44518
v 0.01084 0.06836 0.42355
v 0.01084 0.06836 0.44518
v 0.01022 0.06483 0.42355
v 0.01022 0.06483 0.44518
v 0.00842 0.06173 0.42355
v 0.00842 0.06173 0.44518
v 0.00568 0.05942 0.42355
v 0.00568 0.05942 0.44518
v 0.00231 0.0582 0.42355
v 0.00231 0.0582 0.44518
v -0.00271 0.05301 0.30309
v -0.00796 0.1103 0.24643
v -0.01308 0.10912 0.19012
v -0.01229 0.10902 0.18564
v -0.00649 0.11038 0.25037
v -0.01002 0.10894 0.18171
v -0.00423 0.11044 0.25329
v -0.00654 0.10888 0.17879
v -0.00147 0.11047 0.25484
v -0.00227 0.10885 0.17724
v -0.00225 0.0556 0.29455
v -0.00648 0.05714 0.29455
v -0.00993 0.06004 0.29455
v -0.01218 0.06393 0.29455
v -0.01296 0.06836 0.29455
v -0.01218 0.0728 0.29455
v -0.00993 0.07669 0.29455
v -0.00648 0.07958 0.29455
v 0.00271 0.05301 0.30309
v 0 0.05301 0.30309
v 0.00159 0.03075 0.0849
v 0.00457 0.03075 0.08381
v 0.00701 0.03075 0.08177
v 0.00859 0.03075 0.07902
v 0.00914 0.03075 0.07589
v 0.00859 0.03075 0.07277
v 0.00701 0.03075 0.07002
v 0.00457 0.03075 0.06798
v 0.00159 0.03075 0.06689
v -0.00574 0.00738 -0.31044
v -0.00574 0.00967 -0.30884
v -0.00574 0.01417 -0.31968
v -0.00574 0.0062 -0.31277
v -0.00574 0.00616 -0.31483
v -0.00574 0.00747 -0.32233
v -0.01762 0.10854 -0.10935
v 0.00574 0.00616 -0.31483
v 0.00574 0.00747 -0.32233
v 0.00574 0.01417 -0.31968
v 0.00574 0.0062 -0.31277
v 0.00574 0.00738 -0.31044
v 0.00574 0.00967 -0.30884
v 0.00143 0.07649 0.34964
v 0.00143 0.07649 0.42376
v 0.00412 0.07551 0.34964
v 0.00412 0.07551 0.42376
v 0.00632 0.07367 0.34964
v 0.00632 0.07367 0.42376
v 0.00775 0.07118 0.34964
v 0.00775 0.07118 0.42376
v 0.00825 0.06836 0.34964
v 0.00825 0.06836 0.42376
v 0.00775 0.06554 0.34964
v 0.00775 0.06554 0.42376
v 0.00632 0.06306 0.34964
v 0.00632 0.06306 0.42376
v 0.00412 0.06122 0.34964
v 0.00412 0.06122 0.42376
v 0.00143 0.06024 0.34964
v 0.00143 0.06024 0.42376
v -0.00128 0.07853 0.42355
v -0.00128 0.07853 0.44518
v -0.00465 0.0773 0.44518
v -0.00465 0.0773 0.42355
v -0.00739 0.075 0.44518
v -0.00739 0.075 0.42355
v -0.00919 0.07189 0.44518
v -0.00919 0.07189 0.42355
v -0.00981 0.06836 0.44518
v -0.00981 0.06836 0.42355
v -0.00919 0.06483 0.44518
v -0.00919 0.06483 0.42355
v -0.00739 0.06173 0.44518
v -0.00739 0.06173 0.42355
v -0.00465 0.05942 0.44518
v -0.00465 0.05942 0.42355
v -0.00128 0.0582 0.44518
v -0.00128 0.0582 0.42355
v -0.03327 0.09775 0.27937
v -0.03248 0.09935 0.27818
v -0.03156 0.10123 0.27776
v -0.0338 0.09669 0.28115
v -0.03063 0.10312 0.27818
v -0.03398 0.09631 0.28325
v -0.0338 0.09669 0.28535
v -0.03327 0.09775 0.28713
v -0.03248 0.09935 0.28832
v -0.03156 0.10123 0.28873
v -0.03063 0.10312 0.28832
v 0.00382 0.05633 0.4449
v 0.00552 0.05718 0.4821
v 0.00552 0.05718 0.46627
v 0.00602 0.05744 0.48549
v 0.00602 0.05744 0.46288
v 0.00726 0.05808 0.4449
v 0.00727 0.05807 0.48875
v 0.00727 0.05807 0.45961
v 0.00863 0.05944 0.48988
v 0.00863 0.05944 0.45848
v 0.00999 0.06082 0.4449
v 0.01 0.06081 0.48875
v 0.01 0.06081 0.45961
v 0.01064 0.06206 0.46288
v 0.01089 0.06255 0.46627
v 0.01064 0.06206 0.48549
v 0.01089 0.06255 0.4821
v 0.01762 0.10854 -0.10935
v -0.00859 0.03075 0.07902
v -0.00914 0.03075 0.07589
v -0.00701 0.03075 0.08177
v -0.00859 0.03075 0.07277
v -0.00457 0.03075 0.08381
v -0.00701 0.03075 0.07002
v -0.00159 0.03075 0.0849
v -0.00457 0.03075 0.06798
v -0.00159 0.03075 0.06689
v -0.00723 0.06085 0.48988
v -0.00621 0.05976 0.48875
v -0.00512 0.05921 0.48549
v -0.00462 0.05896 0.4821
v -0.00462 0.05896 0.46627
v -0.00512 0.05921 0.46288
v -0.00621 0.05976 0.45961
v -0.00723 0.06085 0.45848
v -0.00143 0.07649 0.34964
v -0.00143 0.07649 0.42376
v -0.00412 0.07551 0.42376
v -0.00412 0.07551 0.34964
v -0.00632 0.07367 0.42376
v -0.00632 0.07367 0.34964
v -0.00775 0.07118 0.42376
v -0.00775 0.07118 0.34964
v -0.00825 0.06836 0.42376
v -0.00825 0.06836 0.34964
v -0.00775 0.06554 0.42376
v -0.00775 0.06554 0.34964
v -0.00632 0.06306 0.42376
v -0.00632 0.06306 0.34964
v -0.00412 0.06122 0.42376
v -0.00412 0.06122 0.34964
v -0.00143 0.06024 0.42376
v -0.00143 0.06024 0.34964
v -0.00433 0.15685 -0.08055
v -0.00433 0.16551 -0.08055
v 0.00462 0.05896 0.4821
v 0.00462 0.05896 0.46627
v 0.00511 0.05921 0.48549
v 0.00511 0.05921 0.46288
v 0.00621 0.05976 0.48875
v 0.00723 0.06085 0.48988
v 0.00621 0.05976 0.45961
v 0.00723 0.06085 0.45848
v -0.00129 0.11067 0.22029
v -0.00372 0.11067 0.21941
v -0.00569 0.11067 0.21775
v -0.00698 0.11067 0.21551
v -0.00743 0.11067 0.21297
v -0.00698 0.11067 0.21043
v -0.00698 0.11404 0.21043
v -0.00569 0.11067 0.20819
v -0.00569 0.11404 0.20819
v -0.00372 0.11067 0.20653
v -0.00372 0.11404 0.20653
v -0.00129 0.11067 0.20565
v -0.00129 0.11404 0.20565
v 0.00129 0.11067 0.20565
v 0.00129 0.11404 0.20565
v -0.00129 0.12874 0.19828
v -0.00372 0.12874 0.1974
v -0.00569 0.12874 0.19574
v -0.00698 0.12874 0.19351
v -0.00743 0.12874 0.19096
v -0.00698 0.12874 0.18842
v -0.00698 0.1321 0.18842
v -0.00569 0.12874 0.18619
v -0.00569 0.1321 0.18619
v -0.00372 0.12874 0.18453
v -0.00372 0.1321 0.18453
v -0.00129 0.12874 0.18364
v -0.00129 0.1321 0.18364
v 0.00129 0.12874 0.18364
v 0.00129 0.1321 0.18364
v 0.00433 0.15685 -0.08055
v 0.00433 0.16551 -0.08055
v 0 0.03583 0.25087
v 0 0.03498 0.25484
v 0 0.03323 0.29585
v -0.00077 0.16719 0.2924
v -0.00354 -0.00968 -0.3622
v -0.00354 -0.00316 -0.36432
v 0.00077 0.16719 0.2924
v 0.00354 -0.00316 -0.36432
v 0.00354 -0.00968 -0.3622
v -0.02702 0.09286 0.27994
v -0.02635 0.09422 0.27893
v -0.02409 0.09093 0.27951
v -0.02333 0.09246 0.27836
v -0.02459 0.0899 0.28122
v -0.02556 0.09582 0.27857
v -0.02747 0.09195 0.28146
v -0.02244 0.09428 0.27796
v -0.02477 0.08954 0.28325
v -0.02477 0.09742 0.27893
v -0.02763 0.09163 0.28325
v -0.02154 0.09609 0.27836
v -0.0241 0.09878 0.27994
v -0.02078 0.09763 0.27951
v -0.02459 0.0899 0.28527
v -0.02747 0.09195 0.28504
v -0.02409 0.09093 0.28698
v -0.02702 0.09286 0.28655
v -0.02333 0.09246 0.28813
v -0.02635 0.09422 0.28756
v -0.02244 0.09428 0.28853
v -0.02556 0.09582 0.28792
v -0.02154 0.09609 0.28813
v -0.02477 0.09742 0.28756
v 0 0.00747 -0.32233
v -0.0012 0.17985 -0.08055
v 0 0.18006 -0.08055
v 0.0012 0.17985 -0.08055
v 0.00226 0.17924 -0.08055
v 0.00305 0.1783 -0.08055
v 0.00347 0.17715 -0.08055
v 0.00347 0.17592 -0.08055
v 0.00305 0.17476 -0.08055
v 0.00226 0.17382 -0.08055
v 0.0012 0.17321 -0.08055
v 0 0.173 -0.08055
v 0.0248 0.10552 -0.02305
v 0.02438 0.10633 -0.04036
v 0.02232 0.1042 -0.02305
v 0.0219 0.10501 -0.04036
v 0.02177 0.10322 -0.02305
v 0.02112 0.10361 -0.04037
v 0.02134 0.10011 -0.02306
v 0.02069 0.1005 -0.04037
v 0.02197 0.09743 -0.02306
v 0.02147 0.09718 -0.04038
v -0.00462 0.07719 0.4821
v -0.00462 0.07719 0.46627
v -0.00512 0.07694 0.48549
v -0.00512 0.07694 0.46288
v -0.00621 0.07639 0.48875
v -0.00621 0.07639 0.45961
v 0.00621 0.07639 0.48875
v 0.00511 0.07694 0.48549
v 0.00462 0.07719 0.4821
v 0.00462 0.07719 0.46627
v 0.00511 0.07694 0.46288
v 0.00621 0.07639 0.45961
v 0.00054 0.13474 0.18702
v 0.00156 0.13474 0.18739
v 0.00294 0.1334 0.18534
v 0.00239 0.13474 0.18808
v 0.00102 0.1334 0.18464
v 0.00293 0.13474 0.18902
v -0.00054 0.13474 0.18702
v -0.00102 0.1334 0.18464
v -0.00156 0.13474 0.18739
v -0.00294 0.1334 0.18534
v -0.00239 0.13474 0.18808
v -0.00293 0.13474 0.18902
v -0.00451 0.1334 0.18665
v -0.00553 0.1334 0.18842
v 0.00662 0.02664 0.07367
v 0.00662 0.02365 0.07367
v 0.00699 0.02268 0.07367
v 0.00813 0.02205 0.07367
v -0.00912 0.06346 0.4821
v -0.00886 0.06296 0.48549
v -0.00912 0.06346 0.46627
v -0.00886 0.06296 0.46288
v -0.00831 0.06186 0.48875
v -0.00831 0.06186 0.45961
v 0.03248 0.09935 0.27818
v 0.03327 0.09775 0.27937
v 0.0338 0.09669 0.28115
v 0.03398 0.09631 0.28325
v 0.0338 0.09669 0.28535
v 0.03327 0.09775 0.28713
v 0.03248 0.09935 0.28832
v 0.0084 0.062 0.48875
v 0.00886 0.06296 0.48549
v 0.00912 0.06346 0.4821
v 0.00912 0.06346 0.46627
v 0.00886 0.06296 0.46288
v 0.0084 0.062 0.45961
v -0.00298 0.05256 0.30235
v 0 0.05243 0.30211
v 0.02477 0.08954 0.28325
v 0.02763 0.09163 0.28325
v 0.02459 0.0899 0.28527
v 0.02747 0.09195 0.28503
v 0.02747 0.09195 0.28146
v 0.02409 0.09093 0.28698
v 0.02459 0.0899 0.28122
v 0.02702 0.09286 0.28655
v 0.02702 0.09286 0.27994
v 0.02333 0.09246 0.28813
v 0.02409 0.09093 0.27951
v 0.02635 0.09422 0.28756
v 0.02635 0.09422 0.27893
v 0.02333 0.09246 0.27836
v 0.02556 0.09582 0.27857
v 0.02244 0.09428 0.27796
v 0.03012 0.08658 0.3068
v 0.03223 0.08234 0.30218
v 0.03332 0.08015 0.29721
v 0.03415 0.07849 0.28883
v 0.03403 0.07874 0.28101
v 0.03309 0.08066 0.27246
v 0.03181 0.08326 0.26616
v 0.02797 0.09102 0.25331
v 0.00298 0.05256 0.30235
v 0.00806 0.05457 0.30259
v 0.01223 0.05819 0.30307
v 0.01487 0.0629 0.30416
v 0.01552 0.13821 0.32203
v 0.01552 0.13802 0.3206
v 0.01552 0.13821 0.31916
v 0.01552 0.13876 0.32336
v 0.01552 0.13876 0.31783
v 0.01552 0.13964 0.32451
v 0.01552 0.13964 0.31668
v 0.01552 0.14079 0.32539
v 0.01552 0.14079 0.3158
v 0.01552 0.14212 0.32594
v 0.01552 0.14212 0.31525
v 0.01552 0.14356 0.32613
v 0.01552 0.14356 0.31506
v 0.01552 0.14499 0.32594
v 0.01552 0.14499 0.31525
v 0.01552 0.14632 0.32539
v 0.01552 0.14632 0.3158
v 0.01552 0.14747 0.32451
v 0.01552 0.14747 0.31668
v 0.01552 0.14835 0.32336
v 0.01552 0.14835 0.31783
v 0.01552 0.1489 0.32203
v 0.01552 0.1489 0.31916
v 0.01552 0.14909 0.3206
v 0.0087 0.14356 0.3136
v -0.01487 0.0629 0.30416
v -0.01223 0.05819 0.30307
v -0.00806 0.05457 0.30259
v 0 0.01221 -0.14248
v 0 0.00401 -0.1473
v 0 0.01912 -0.13704
v 0 0.02566 -0.13067
v 0 -0.00565 -0.15183
v 0 -0.02396 -0.15691
v 0 0.03159 -0.12278
v 0 0.03625 -0.11339
v 0 0.03979 -0.10182
v 0 0.0419 -0.08974
v 0 0.04108 -0.07765
v 0 0.03924 -0.06556
v -0.0087 0.14356 0.3136
v 0.00372 0.1321 0.18453
v 0.00569 0.1321 0.18619
v 0.00451 0.1334 0.18665
v 0.00698 0.1321 0.18842
v 0.00553 0.1334 0.18842
v -0.02232 0.1042 -0.02305
v -0.0219 0.10501 -0.04036
v -0.02177 0.10322 -0.02305
v -0.02112 0.10361 -0.04037
v -0.02134 0.10011 -0.02306
v -0.02069 0.1005 -0.04037
v -0.02197 0.09743 -0.02306
v -0.02147 0.09718 -0.04038
v -0.02094 0.02204 -0.46938
v -0.02245 0.0228 -0.46835
v -0.02073 0.02151 -0.46868
v -0.0239 0.02356 -0.46734
v -0.02224 0.02227 -0.46766
v -0.02097 0.02069 -0.46842
v -0.02248 0.02145 -0.46739
v -0.02368 0.02303 -0.46665
v -0.02393 0.02221 -0.46637
v -0.02521 0.02432 -0.46634
v -0.02498 0.02378 -0.46565
v -0.02526 0.02297 -0.46536
v -0.02633 0.02508 -0.46536
v -0.02609 0.02453 -0.46469
v -0.02639 0.02374 -0.46437
v -0.02719 0.02583 -0.46441
v -0.02694 0.02527 -0.46376
v -0.02728 0.02452 -0.46341
v -0.02776 0.02657 -0.46352
v -0.02749 0.02599 -0.4629
v -0.02787 0.02529 -0.46248
v -0.02802 0.02732 -0.46266
v -0.02774 0.02672 -0.46204
v -0.02815 0.0261 -0.46153
v -0.02804 0.02779 -0.46219
v -0.02778 0.02725 -0.46153
v -0.02819 0.02673 -0.46092
v -0.02804 0.02836 -0.46179
v -0.02777 0.02791 -0.46106
v -0.02818 0.0275 -0.46037
v -0.02801 0.02899 -0.46147
v -0.02773 0.02865 -0.46069
v -0.02814 0.02836 -0.45994
v -0.02797 0.0297 -0.46123
v -0.02769 0.02947 -0.46041
v -0.0281 0.02928 -0.45963
v -0.02795 0.03045 -0.46108
v -0.02766 0.03034 -0.46024
v -0.02807 0.03025 -0.45944
v -0.02796 0.03126 -0.46103
v -0.02767 0.03127 -0.46018
v -0.02808 0.03125 -0.45937
v -0.02802 0.03204 -0.46109
v -0.02774 0.03213 -0.46024
v -0.02815 0.03219 -0.45944
v -0.02802 0.05335 -0.46364
v -0.02774 0.05351 -0.4628
v -0.02815 0.05366 -0.46201
v -0.02803 0.05391 -0.46379
v -0.02776 0.05419 -0.46298
v -0.02817 0.05447 -0.46223
v -0.02798 0.05461 -0.46411
v -0.0277 0.05497 -0.46333
v -0.0281 0.05537 -0.46264
v -0.02794 0.05543 -0.46458
v -0.02765 0.05586 -0.46384
v -0.02805 0.05633 -0.46319
v -0.02783 0.05626 -0.46516
v -0.02753 0.05675 -0.46446
v -0.02792 0.05728 -0.46385
v -0.02775 0.057 -0.46578
v -0.02744 0.05756 -0.46515
v -0.02782 0.05816 -0.46458
v -0.02767 0.05756 -0.46638
v -0.02734 0.05822 -0.46586
v -0.0277 0.0589 -0.46539
v -0.02758 0.05782 -0.46683
v -0.02724 0.05856 -0.46644
v -0.02759 0.05933 -0.46612
v -0.02739 0.05803 -0.46741
v -0.02705 0.05876 -0.467
v -0.02736 0.05958 -0.46682
v -0.02696 0.05829 -0.46809
v -0.02667 0.05898 -0.46759
v -0.02694 0.05983 -0.46748
v -0.02619 0.05859 -0.46887
v -0.02594 0.05927 -0.46834
v -0.02618 0.06014 -0.46826
v -0.02514 0.05893 -0.46971
v -0.02492 0.0596 -0.46915
v -0.02514 0.06047 -0.46909
v -0.02389 0.05927 -0.47058
v -0.02369 0.05994 -0.47002
v -0.02389 0.06081 -0.46996
v -0.02249 0.05963 -0.47148
v -0.02103 0.06 -0.47238
v -0.0223 0.0603 -0.4709
v -0.02249 0.06117 -0.47086
v -0.02084 0.06066 -0.4718
v -0.02103 0.06154 -0.47176
v 0.01325 0.11043 -0.03205
v -0.01325 0.11043 -0.03205
v 0.03271 0.0914 0.20556
v 0.03119 0.09065 0.20852
v -0.03271 0.0914 0.20556
v -0.03119 0.09065 0.20852
v -0.03271 0.09143 0.19125
v -0.03119 0.09067 0.19422
v 0.03271 0.09143 0.19125
v 0.03119 0.09067 0.19422
v 0.0152 0.02268 -0.26923
v -0.0152 0.02268 -0.26923
v 0.00907 -0.00674 -0.35162
v 0.00658 -0.01066 -0.3504
v 0.00811 -0.00846 -0.35639
v 0.00613 -0.01209 -0.35535
v 0.00855 -0.00154 -0.35801
v 0.00569 -0.00276 -0.36274
v 0.00952 -0.00032 -0.35328
v 0.00556 -0.00937 -0.36075
v 0.00454 -0.01237 -0.35986
v 0.00258 -0.01328 -0.35964
v 0.00238 -0.01322 -0.35529
v 0.00296 -0.01179 -0.35032
v 0.00542 -0.00803 -0.34592
v 0.0029 -0.00919 -0.34598
v 0.00805 -0.00422 -0.34708
v 0.00256 -0.00454 -0.34348
v 0.00855 0.00076 -0.34907
v 0.0055 -0.00244 -0.34492
v 0.00546 0.00174 -0.34528
v 0.00137 0.00207 -0.34399
v -0.02395 0.02068 -0.14026
v -0.02395 0.0237 -0.13786
v -0.02395 0.03593 -0.13007
v -0.02397 0.0507 -0.12094
v -0.02392 0.0663 -0.10935
v -0.02397 0.07288 -0.10935
v 0.02395 0.02068 -0.14026
v 0.02395 0.0237 -0.13786
v 0.02395 0.03593 -0.13007
v 0.02397 0.0507 -0.12094
v 0.02392 0.0663 -0.10935
v 0.02397 0.07288 -0.10935
v -0.02366 0.09969 0.28146
v -0.02028 0.09866 0.28122
v -0.0235 0.10001 0.28325
v -0.0201 0.09902 0.28325
v -0.02656 0.08531 -0.03565
v -0.02752 0.08358 -0.03452
v -0.02803 0.08262 -0.03351
v -0.0284 0.08184 -0.03212
v 0.02703 0.09831 -0.02306
v 0.02826 0.09115 -0.02307
v 0.02543 0.09252 -0.02307
v 0.0235 0.09457 -0.02307
v -0.02703 0.09831 -0.02306
v -0.0235 0.09457 -0.02307
v -0.02543 0.09252 -0.02307
v 0.00054 0.11667 0.20902
v 0.00156 0.11667 0.20939
v 0.00294 0.11534 0.20734
v 0.00239 0.11667 0.21009
v 0.00102 0.11534 0.20664
v 0.00293 0.11667 0.21103
v -0.00054 0.11667 0.20902
v -0.00102 0.11534 0.20664
v -0.00156 0.11667 0.20939
v -0.00294 0.11534 0.20734
v -0.00239 0.11667 0.21009
v -0.00293 0.11667 0.21103
v -0.00451 0.11534 0.20866
v -0.00553 0.11534 0.21043
v -0.0168 0.11033 -0.13162
v -0.01911 0.11198 -0.13326
v -0.02089 0.11232 -0.13542
v 0.00372 0.11404 0.20653
v 0.00569 0.11404 0.20819
v 0.00451 0.11534 0.20866
v 0.00698 0.11404 0.21043
v 0.00553 0.11534 0.21043
v -0.00905 0.01009 0.13841
v -0.00905 0.01279 0.1389
v -0.00905 0.01608 0.13807
v -0.00905 0.01901 0.13606
v -0.00905 0.02185 0.13262
v -0.00905 0.02502 0.12761
v -0.00905 0.0279 0.12148
v -0.00905 0.03301 0.10566
v 0.00905 0.03301 0.10566
v 0.00905 0.0279 0.12148
v 0.00905 0.02502 0.12761
v 0.00905 0.02185 0.13262
v 0.00905 0.01901 0.13606
v 0.00905 0.01608 0.13807
v 0.00905 0.01279 0.1389
v 0.00905 0.01009 0.13841
v -0.02556 0.10002 0.22855
v -0.02328 0.10043 -0.03463
v -0.02642 0.09634 0.22854
v -0.02414 0.09675 -0.03463
v 0.0267 0.09397 -0.03463
v 0.02899 0.09356 0.22853
v 0.02414 0.09675 -0.03463
v 0.02642 0.09634 0.22854
v 0.02328 0.10043 -0.03463
v 0.02556 0.10002 0.22855
v 0.02462 0.10286 -0.03463
v 0.0269 0.10245 0.22855
v 0.0284 0.08184 -0.03212
v -0.01307 0.09575 -0.285
v 0.01745 0.00747 -0.32233
v 0.01452 -0.00159 -0.35264
v 0.00755 -0.02468 -0.42564
v 0.01672 0.02205 0.07367
v 0.02493 0.0884 -0.03696
v 0.02656 0.08531 -0.03565
v 0.0224 0.09316 -0.03761
v 0.02752 0.08358 -0.03452
v 0.02083 0.09613 -0.03771
v 0.02803 0.08262 -0.03351
v 0.01925 0.0991 -0.0376
v 0.01673 0.10387 -0.03692
v 0.01509 0.10695 -0.03559
v 0.01419 0.10873 -0.03445
v 0.01368 0.10968 -0.03344
v -0.01673 0.10387 -0.03692
v -0.01925 0.0991 -0.0376
v -0.02083 0.09613 -0.03771
v -0.0224 0.09316 -0.03761
v -0.02493 0.0884 -0.03696
v -0.01509 0.10695 -0.03559
v -0.01419 0.10873 -0.03445
v -0.01368 0.10968 -0.03344
v 0.02556 0.09582 0.28281
v 0.02549 0.09609 0.22018
v -0.02556 0.09582 0.28281
v -0.02549 0.09609 0.22018
v 0 0.03301 0.10566
v 0 0.0279 0.12148
v 0 0.02502 0.12761
v 0 0.02185 0.13262
v 0 0.01901 0.13606
v 0 0.01608 0.13807
v 0 0.01279 0.1389
v 0 0.01009 0.13841
v 0 0.10854 -0.10935
v -0.02538 0.09179 -0.04038
v -0.023 0.09432 -0.04038
v 0.0282 0.09041 -0.04039
v 0.02538 0.09179 -0.04038
v 0.023 0.09432 -0.04038
v 0 -0.02468 -0.42564
v 0 -0.00159 -0.35264
v 0.00372 0.12874 0.18453
v 0.00569 0.12874 0.18619
v 0.00698 0.12874 0.18842
v 0.00743 0.12874 0.19096
v 0.00698 0.12874 0.19351
v 0.00372 0.11067 0.20653
v 0.00569 0.11067 0.20819
v 0.00698 0.11067 0.21043
v 0.00743 0.11067 0.21297
v 0.00698 0.11067 0.21551
v -0.0029 -0.00919 -0.34598
v -0.00542 -0.00803 -0.34592
v -0.00296 -0.01179 -0.35032
v 0 -0.00951 -0.34604
v -0.00256 -0.00454 -0.34348
v 0 -0.01208 -0.35025
v 0 -0.00454 -0.34348
v -0.00274 0.00207 -0.34399
v -0.0055 -0.00244 -0.34492
v -0.00546 0.00174 -0.34528
v -0.00238 -0.01322 -0.35529
v 0 -0.0135 -0.35522
v -0.00805 -0.00422 -0.34708
v -0.00855 0.00076 -0.34907
v -0.00952 -0.00032 -0.35328
v -0.00907 -0.00674 -0.35162
v -0.00855 -0.00154 -0.35801
v -0.00658 -0.01066 -0.3504
v -0.00811 -0.00846 -0.35639
v -0.00556 -0.00937 -0.36075
v -0.00569 -0.00276 -0.36274
v -0.00454 -0.01237 -0.35986
v -0.00613 -0.01209 -0.35535
v -0.00258 -0.01328 -0.35964
v 0 -0.01368 -0.36095
v 0 -0.01328 -0.35964
v 0.00958 0.16826 -0.08055
v 0.00916 0.16695 -0.08055
v 0.00829 0.16595 -0.08055
v 0.00696 0.16554 -0.08055
v -0.00958 0.16826 -0.08055
v -0.00916 0.16695 -0.08055
v -0.00829 0.16595 -0.08055
v -0.00696 0.16554 -0.08055
v 0 0.16551 -0.08055
v 0.02059 0.02068 -0.14026
v 0.02059 0.0237 -0.13786
v 0.02059 0.03593 -0.13007
v 0.02059 0.0507 -0.12094
v -0.02059 0.02068 -0.14026
v -0.02059 0.0237 -0.13786
v -0.02059 0.03593 -0.13007
v -0.02059 0.0507 -0.12094
v 0.02769 0.02947 -0.46041
v 0.02814 0.02836 -0.45994
v 0.02797 0.0297 -0.46123
v 0.02773 0.02865 -0.46069
v 0.02818 0.0275 -0.46037
v 0.02801 0.02899 -0.46147
v 0.02777 0.02791 -0.46106
v 0.02819 0.02673 -0.46092
v 0.02804 0.02836 -0.46179
v 0.02778 0.02725 -0.46153
v 0.02815 0.0261 -0.46153
v 0.02804 0.02779 -0.46219
v 0.02774 0.02672 -0.46204
v 0.02787 0.02529 -0.46248
v 0.02802 0.02732 -0.46266
v 0.02749 0.02599 -0.4629
v 0.02728 0.02452 -0.46341
v 0.02776 0.02657 -0.46352
v 0.02694 0.02527 -0.46376
v 0.02639 0.02374 -0.46437
v 0.02719 0.02583 -0.46441
v 0.02609 0.02453 -0.46469
v 0.02526 0.02297 -0.46536
v 0.02632 0.02508 -0.46536
v 0.02498 0.02378 -0.46565
v 0.02393 0.02221 -0.46637
v 0.02521 0.02432 -0.46634
v 0.02368 0.02303 -0.46665
v 0.02248 0.02145 -0.46739
v 0.0239 0.02356 -0.46734
v 0.02224 0.02227 -0.46766
v 0.02097 0.02069 -0.46842
v 0.02073 0.02151 -0.46868
v 0.02245 0.0228 -0.46835
v 0.02094 0.02204 -0.46938
v 0 -0.01748 -0.36381
v 0 -0.02095 -0.36513
v 0 -0.02272 -0.36989
v 0 -0.02329 -0.3741
v 0 0.07288 -0.10935
v 0 0.0663 -0.10935
v 0 0.0507 -0.12094
v -0.00207 0.11052 0.17957
v -0.00597 0.11055 0.18099
v -0.00914 0.1106 0.18365
v -0.01122 0.11068 0.18724
v -0.01194 0.11076 0.19132
v -0.01122 -0.10438 -0.01629
v -0.01122 -0.10486 -0.0113
v -0.00905 -0.10486 0.02423
v -0.00905 -0.10451 0.02625
v -0.00905 -0.0835 0.08421
v -0.00905 -0.08224 0.08614
v -0.00905 -0.08038 0.08782
v 0.00905 -0.08038 0.08782
v 0.00905 -0.08224 0.08614
v 0.00905 -0.0835 0.08421
v 0.00905 -0.10451 0.02625
v 0.00905 -0.10486 0.02423
v 0.01122 -0.10486 -0.0113
v 0.01122 -0.10438 -0.01629
v 0.02477 0.09742 0.27893
v 0.02154 0.09609 0.27836
v 0.0241 0.09878 0.27994
v 0.02078 0.09763 0.27951
v 0.02366 0.09969 0.28146
v 0.02028 0.09866 0.28122
v 0.0235 0.10001 0.28325
v 0.0201 0.09902 0.28325
v 0.01364 0.10473 -0.13162
v 0 -0.10438 -0.01629
v 0 -0.10486 -0.0113
v 0 -0.10486 0.02423
v 0 -0.10451 0.02625
v 0 -0.0835 0.08421
v 0 -0.08224 0.08614
v 0 -0.08038 0.08782
v 0 0.00207 -0.34399
v 0 0.11838 -0.35634
v 0 0.12507 -0.36252
v 0 0.12942 -0.36652
v 0 0.13203 -0.36893
v 0 0.13389 -0.37064
v 0 0.13507 -0.37173
v -0.01675 0.07739 -0.29628
v 0 0.16693 0.29377
v 0 0.16558 0.30422
v -0.01753 0.0735 -0.29628
v 0 0.06836 0.32343
v 0.00052 0.06836 0.42355
v 0 0.06808 0.44414
v -0.02141 0.07339 -0.46709
v -0.01824 0.107 -0.47704
v -0.00336 -0.03313 -0.47163
v -0.01619 0.11827 -0.48144
v 0.00335 -0.03313 -0.47163
v 0.02141 0.07339 -0.46709
v 0.01824 0.10711 -0.47704
vt 0.273438 0.658203
vt 0.217407 0.658203
vt 0.273438 0.636719
vt 0.217407 0.636719
vt 0.217407 0.698242
vt 0.273438 0.619141
vt 0.273438 0.698242
vt 0.217407 0.619141
vt 0.269287 0.741211
vt 0.273438 0.603027
vt 0.221436 0.741211
vt 0.217285 0.603027
vt 0.223999 0.755371
vt 0.225708 0.573242
vt 0.266846 0.755371
vt 0.265137 0.573242
vt 0.227051 0.76416
vt 0.262939 0.570312
vt 0.263672 0.76416
vt 0.227783 0.570312
vt 0.22998 0.769531
vt 0.260498 0.567383
vt 0.260742 0.769531
vt 0.230225 0.567383
vt 0.232544 0.772949
vt 0.257324 0.56543
vt 0.258301 0.772949
vt 0.233521 0.56543
vt 0.235596 0.775391
vt 0.253662 0.563477
vt 0.255127 0.775391
vt 0.237061 0.563477
vt 0.252197 0.777344
vt 0.249878 0.5625
vt 0.240967 0.5625
vt 0.245361 0.561523
vt 0.238403 0.777344
vt 0.242065 0.77832
vt 0.248779 0.77832
vt 0.245361 0.77832
vt 0.106201 0.220581
vt 0.108582 0.222412
vt 0.110291 0.216553
vt 0.112 0.218994
vt 0.106384 0.226685
vt 0.115356 0.213989
vt 0.103577 0.225708
vt 0.116272 0.216797
vt 0.105652 0.231445
vt 0.121033 0.213013
vt 0.102722 0.231445
vt 0.121033 0.216064
vt 0.106384 0.236206
vt 0.126709 0.213989
vt 0.103577 0.237061
vt 0.125732 0.216797
vt 0.108582 0.240479
vt 0.131836 0.216553
vt 0.106201 0.242188
vt 0.130005 0.218994
vt 0.112 0.243896
vt 0.135864 0.220581
vt 0.110291 0.246216
vt 0.133423 0.222412
vt 0.116272 0.245972
vt 0.138428 0.225708
vt 0.115356 0.248779
vt 0.13562 0.226685
vt 0.121033 0.246826
vt 0.139404 0.231445
vt 0.121033 0.249756
vt 0.136353 0.231445
vt 0.125732 0.245972
vt 0.138428 0.237061
vt 0.126709 0.248779
vt 0.13562 0.236206
vt 0.130005 0.243896
vt 0.135864 0.242188
vt 0.131836 0.246216
vt 0.133423 0.240479
vt 0.121033 0.231445
vt 0.782227 0.590332
vt 0.799805 0.594727
vt 0.781738 0.59375
vt 0.799316 0.598145
vt -1.200195 0.598145
vt -1.199219 0.594727
vt -1.217773 0.59375
vt -1.216797 0.590332
vt 0.470703 0.800293
vt 0.492188 0.808105
vt 0.469482 0.808105
vt 0.470703 0.815918
vt 0.474854 0.792969
vt 0.474854 0.823242
vt 0.480713 0.788086
vt 0.480713 0.828125
vt 0.488281 0.785156
vt 0.488281 0.831055
vt 0.496338 0.785156
vt 0.496338 0.831055
vt 0.503418 0.788086
vt 0.503418 0.828125
vt 0.509766 0.792969
vt 0.509766 0.823242
vt 0.513672 0.800293
vt 0.513672 0.815918
vt 0.515137 0.808105
vt 0.018021 0.918457
vt 0.029465 0.907715
vt 0.018143 0.926758
vt 0.019547 0.908203
vt 0.018799 0.899414
vt 0.019714 0.895996
vt 0.021744 0.893066
vt 0.024628 0.891113
vt 0.028015 0.890137
vt 0.031525 0.890625
vt 0.034698 0.89209
vt 0.03717 0.894531
vt 0.038635 0.897949
vt 0.039368 0.906738
vt 0.042542 0.916504
vt 0.043854 0.924805
vt 0.043488 0.932617
vt 0.019806 0.93457
vt 0.023193 0.942871
vt 0.041565 0.941406
vt 0.042664 0.95459
vt 0.024277 0.956055
vt 0.045654 0.960449
vt 0.022339 0.962402
vt 0.522949 0.836914
vt 0.519531 0.835938
vt 0.523438 0.788086
vt 0.52002 0.788086
vt 0.523926 0.784668
vt 0.52002 0.784668
vt 0.523438 0.779785
vt 0.520996 0.78125
vt 0.523438 0.762695
vt 0.520996 0.762695
vt 0.523438 0.742676
vt 0.52002 0.741699
vt 0.521484 0.736816
vt 0.524414 0.737793
vt 0.523438 0.731934
vt 0.526367 0.733887
vt 2.251953 0.78125
vt 2.251953 0.791504
vt 2.267578 0.78125
vt 2.267578 0.791504
vt 0.267822 0.791504
vt 0.252441 0.791504
vt 0.267822 0.78125
vt 0.252441 0.78125
vt 0.510254 0.690918
vt 0.516113 0.690918
vt 0.510254 0.700195
vt 0.516113 0.708984
vt 0.546875 0.708984
vt 0.553223 0.70752
vt 0.558594 0.70459
vt 0.5625 0.699707
vt 0.564453 0.693848
vt 0.564453 0.690918
vt 0.943848 0.322021
vt 0.942383 0.322754
vt 0.943359 0.282227
vt 0.941895 0.283447
vt 2.941406 0.283447
vt 2.941406 0.322754
vt 2.943359 0.282227
vt 2.943359 0.322021
vt 0.398682 0.320557
vt 0.398682 0.31958
vt 0.398926 0.305176
vt 0.396729 0.305908
vt 0.404297 0.30127
vt 0.450195 0.287354
vt 0.450195 0.321045
vt 0.408691 0.296143
vt 0.411865 0.290527
vt 0.412842 0.287109
vt 2.398438 0.320557
vt 2.398438 0.305176
vt 2.398438 0.31958
vt 2.396484 0.305908
vt 2.404297 0.30127
vt 2.449219 0.287354
vt 2.449219 0.321045
vt 2.408203 0.296143
vt 2.410156 0.290527
vt 2.412109 0.287109
vt -1.21875 0.59375
vt -1.217773 0.589844
vt 0.286133 0.595703
vt 0.276855 0.595703
vt 0.286133 0.574219
vt 0.276855 0.574219
vt 0.272705 0.564453
vt 0.290283 0.564453
vt 0.272705 0.563965
vt 0.290283 0.563965
vt 0.272705 0.558105
vt 0.290283 0.558105
vt 0.753418 0.645996
vt 0.753906 0.647949
vt 0.737305 0.646484
vt 0.737305 0.647949
vt 0.37085 0.830078
vt 0.351807 0.819824
vt 0.369385 0.834473
vt 0.349121 0.828613
vt -1.211914 0.557617
vt -1.212891 0.559082
vt -1.210938 0.558594
vt -1.210938 0.55957
vt -1.209961 0.557129
vt -1.211914 0.556641
vt -1.208984 0.556152
vt -1.208984 0.559082
vt -1.209961 0.560547
vt -1.208984 0.557617
vt -1.208008 0.556641
vt -1.207031 0.555664
vt -1.206055 0.556152
vt -1.207031 0.557129
vt -1.205078 0.557129
vt -1.208008 0.558594
vt -1.206055 0.558105
vt -1.203125 0.558594
vt -1.208008 0.55957
vt -1.208984 0.561035
vt -1.207031 0.559082
vt -1.207031 0.560059
vt -1.208008 0.561523
vt -1.204102 0.55957
vt -1.202148 0.55957
vt -1.205078 0.560059
vt -1.206055 0.561035
vt -1.207031 0.562012
vt -1.203125 0.560547
vt -1.201172 0.561035
vt -1.204102 0.561523
vt -1.205078 0.5625
vt -1.206055 0.563477
vt -1.202148 0.562012
vt -1.199219 0.562988
vt -1.203125 0.562988
vt -1.204102 0.563965
vt -1.205078 0.564941
vt -1.200195 0.563965
vt -1.198242 0.564941
vt -1.201172 0.564941
vt -1.202148 0.56543
vt -1.203125 0.566406
vt -1.199219 0.565918
vt -1.196289 0.566895
vt -1.200195 0.566895
vt -1.201172 0.567383
vt -1.202148 0.568359
vt -1.197266 0.567871
vt -1.194336 0.568848
vt -1.195312 0.569824
vt -1.198242 0.568848
vt -1.196289 0.570801
vt -1.199219 0.569824
vt -1.200195 0.570312
vt -1.197266 0.571777
vt -1.199219 0.572754
vt -1.182617 0.171753
vt -1.182617 0.165649
vt -1.186523 0.171753
vt -1.186523 0.165649
vt -1.19043 0.171753
vt -1.19043 0.165649
vt -1.193359 0.171753
vt -1.193359 0.165649
vt 2.982422 0.121521
vt 2.982422 0.121765
vt 2.972656 0.167969
vt 2.808594 0.589844
vt 2.808594 0.595215
vt 2.810547 0.591309
vt 2.804688 0.593262
vt 2.806641 0.587891
vt 2.802734 0.590332
vt 2.798828 0.581055
vt 2.804688 0.58252
vt 2.798828 0.579102
vt 2.804688 0.580566
vt 2.974609 0.167725
vt 2.972656 0.169556
vt 0.493408 0.428955
vt 0.499268 0.429688
vt 0.487549 0.429688
vt 0.48291 0.432617
vt 0.503418 0.432617
vt 0.47998 0.436768
vt 0.506348 0.436768
vt 0.508301 0.443604
vt 0.46582 0.443604
vt 0.427979 0.661621
vt 0.426025 0.655273
vt 0.423828 0.663574
vt 0.420166 0.657715
vt 0.432129 0.654297
vt 0.420166 0.666504
vt 0.432617 0.661133
vt 0.415039 0.662109
vt 0.438721 0.654785
vt 0.41748 0.67041
vt 0.437012 0.661621
vt 0.411377 0.666992
vt 0.44458 0.656738
vt 0.415771 0.674805
vt 0.441406 0.663086
vt 0.40918 0.67334
vt 0.449951 0.660645
vt 0.415283 0.679199
vt 0.445312 0.665527
vt 0.408447 0.679688
vt 0.454102 0.665527
vt 0.41626 0.684082
vt 0.448242 0.669434
vt 0.409668 0.686035
vt 0.456787 0.671387
vt 0.417969 0.687988
vt 0.450195 0.67334
vt 0.412109 0.691895
vt 0.457764 0.677734
vt 0.420898 0.691406
vt 0.450928 0.678223
vt 0.41626 0.696777
vt 0.457031 0.684082
vt 0.424805 0.694336
vt 0.450439 0.682617
vt 0.421631 0.700195
vt 0.454834 0.69043
vt 0.429199 0.695801
vt 0.44873 0.687012
vt 0.42749 0.702637
vt 0.451172 0.695312
vt 0.433838 0.696289
vt 0.446045 0.690918
vt 0.434082 0.703125
vt 0.446045 0.699707
vt 0.438232 0.695801
vt 0.442627 0.693848
vt 0.44043 0.702148
vt 0.80957 0.595215
vt 0.808594 0.589844
vt 0.812012 0.591309
vt 0.805664 0.593262
vt 0.806641 0.587891
vt 0.802734 0.590332
vt 0.799316 0.581055
vt 0.804688 0.58252
vt 2.986328 0.120911
vt 2.982422 0.036621
vt 2.982422 0.036469
vt 2.978516 0.026794
vt 0.022171 0.973633
vt 0.047638 0.971191
vt 2.972656 0.169312
vt 2.96875 0.17627
vt 0.22998 0.96582
vt 0.23938 0.964355
vt 0.248779 0.966309
vt 0.25708 0.970215
vt 0.221558 0.970215
vt 0.261719 0.974609
vt 0.216797 0.974121
vt 0.013062 0.88916
vt 0.00367 0.88916
vt 0.013062 0.882324
vt 0.00367 0.882324
vt 0.013062 0.876465
vt 0.00367 0.876465
vt 0.352539 0.556641
vt 0.352783 0.619629
vt 0.327148 0.556641
vt 0.327148 0.619629
vt 0.351074 0.621582
vt 0.327148 0.621582
vt 2.326172 0.621582
vt 2.349609 0.621582
vt 2.326172 0.619629
vt 2.351562 0.619629
vt 2.326172 0.556641
vt 2.351562 0.556641
vt 2.978516 0.170654
vt 2.974609 0.178589
vt 2.978516 0.171509
vt 2.974609 0.17981
vt 2.980469 0.168213
vt 2.953125 0.197266
vt 2.953125 0.198975
vt 2.951172 0.200562
vt 2.978516 0.167847
vt 2.988281 0.120911
vt 0.896973 0.524902
vt 0.90332 0.547363
vt 0.891602 0.526367
vt 0.896973 0.546387
vt 2.896484 0.546387
vt 2.902344 0.547363
vt 2.890625 0.526367
vt 2.896484 0.524902
vt 0.958984 1.321289
vt 0.95459 1.321289
vt 0.961426 1.318359
vt 0.930176 1.318359
vt 0.945801 1.321289
vt 0.937012 1.321289
vt 0.932617 1.321289
vt 0.921875 1.271484
vt 0.969727 1.271484
vt 0.973145 1.249023
vt 0.917969 1.249023
vt 0.973633 1.244141
vt 0.91748 1.244141
vt 0.918457 1.241211
vt 0.973145 1.241211
vt 0.920898 1.237305
vt 0.970703 1.237305
vt 0.480957 1.287109
vt 0.51123 1.287109
vt 0.480957 1.335938
vt 0.51123 1.335938
vt 0.596191 0.580078
vt 0.601562 0.583984
vt 0.591797 0.603516
vt 0.592285 0.580078
vt 0.602051 0.575684
vt 0.58252 0.580078
vt 0.611328 0.580078
vt 0.611328 0.603516
vt 0.601562 0.603516
vt 0.58252 0.603516
vt 0.572754 0.580078
vt 0.572754 0.603516
vt 2.109375 0.404053
vt 2.113281 0.384277
vt 2.089844 0.399414
vt 2.09375 0.37915
vt 2.123047 0.34375
vt 2.105469 0.33667
vt 2.126953 0.330566
vt 2.113281 0.322021
vt 2.126953 0.316162
vt 2.121094 0.311523
vt 2.126953 0.307373
vt 0.122925 0.311523
vt 0.127563 0.307373
vt 0.12854 0.316162
vt 0.114319 0.322021
vt 0.127808 0.330566
vt 0.106628 0.33667
vt 0.12439 0.34375
vt 0.095337 0.37915
vt 0.114441 0.384277
vt 0.090637 0.399414
vt 0.110046 0.404053
vt 2.412109 0.287354
vt 2.410156 0.290283
vt 0.412109 0.286865
vt 0.411377 0.290283
vt 0.407715 0.29541
vt 0.40332 0.300537
vt 0.398682 0.304688
vt 0.396973 0.305908
vt 2.398438 0.304688
vt 2.402344 0.300537
vt 2.40625 0.29541
vt 2.396484 0.320557
vt 2.398438 0.319336
vt 0.398682 0.319336
vt 0.397949 0.320557
vt 0.723145 0.554688
vt 0.726074 0.553711
vt 0.723633 0.555664
vt 0.726562 0.555176
vt 0.729004 0.552734
vt 0.724121 0.557129
vt 0.729492 0.554199
vt 0.731934 0.551758
vt 0.727051 0.556152
vt 0.724609 0.558594
vt 0.732422 0.553223
vt 0.734375 0.55127
vt 0.72998 0.555176
vt 0.727539 0.557617
vt 0.725098 0.560059
vt 0.728027 0.559082
vt 0.730469 0.556641
vt 0.730957 0.558105
vt 0.732422 0.554688
vt 0.734863 0.552246
vt 0.736816 0.550293
vt 0.73291 0.555664
vt 0.733398 0.557129
vt 0.735352 0.553711
vt 0.737305 0.551758
vt 0.739258 0.550293
vt 0.735352 0.555176
vt 0.73584 0.556152
vt 0.737793 0.553223
vt 0.739746 0.55127
vt 0.741699 0.549805
vt 0.737793 0.554199
vt 0.738281 0.555664
vt 0.739746 0.552734
vt 0.741699 0.550781
vt 0.743164 0.549316
vt 0.740234 0.553711
vt 0.740234 0.555176
vt 0.742188 0.552246
vt 0.743164 0.550781
vt 0.744629 0.549316
vt 0.742188 0.553711
vt 0.742676 0.554688
vt 0.743652 0.551758
vt 0.744629 0.550293
vt 0.746094 0.549316
vt 0.743652 0.553223
vt 0.743652 0.554688
vt 0.744629 0.551758
vt 0.746094 0.550293
vt 0.747559 0.549316
vt 0.744629 0.553223
vt 0.744629 0.554688
vt 0.746094 0.551758
vt 0.747559 0.550293
vt 0.749023 0.549316
vt 0.746094 0.553223
vt 0.746094 0.554688
vt 0.747559 0.551758
vt 0.748535 0.550781
vt 0.75 0.549316
vt 0.74707 0.553223
vt 0.74707 0.554688
vt 0.748535 0.551758
vt 0.75 0.550781
vt 0.751465 0.549805
vt 0.748535 0.553223
vt 0.748047 0.554688
vt 0.75 0.552246
vt 0.751465 0.550781
vt 0.78418 0.552734
vt 0.749512 0.553223
vt 0.749512 0.554688
vt 0.750977 0.552246
vt 0.783691 0.554199
vt 0.785645 0.553223
vt 0.750977 0.553711
vt 0.750977 0.554688
vt 0.783691 0.555176
vt 0.785156 0.554199
vt 0.787109 0.553223
vt 0.783203 0.556641
vt 0.783203 0.558105
vt 0.784668 0.555664
vt 0.786621 0.554688
vt 0.788574 0.554199
vt 0.78418 0.556641
vt 0.78418 0.558105
vt 0.786133 0.556152
vt 0.788086 0.555176
vt 0.790527 0.554688
vt 0.785645 0.557129
vt 0.785156 0.558594
vt 0.787598 0.556641
vt 0.790039 0.556152
vt 0.791992 0.555664
vt 0.787109 0.557617
vt 0.786621 0.559082
vt 0.789062 0.557129
vt 0.791504 0.556641
vt 0.793457 0.556152
vt 0.788574 0.558594
vt 0.788086 0.55957
vt 0.790527 0.557617
vt 0.79248 0.557129
vt 0.794434 0.557129
vt 0.790039 0.559082
vt 0.789551 0.560547
vt 0.791504 0.558594
vt 0.793457 0.558105
vt 0.795898 0.558594
vt 0.791016 0.55957
vt 0.790527 0.561035
vt 0.79248 0.559082
vt 0.794922 0.55957
vt 0.796875 0.55957
vt 0.791992 0.560059
vt 0.791016 0.561523
vt 0.793945 0.560059
vt 0.795898 0.560547
vt 0.79834 0.561035
vt 0.792969 0.561035
vt 0.791992 0.562012
vt 0.79541 0.561523
vt 0.797363 0.562012
vt 0.799805 0.562988
vt 0.794434 0.5625
vt 0.793457 0.563477
vt 0.796387 0.562988
vt 0.798828 0.563965
vt 0.80127 0.564941
vt 0.79541 0.563965
vt 0.794434 0.564941
vt 0.797852 0.564941
vt 0.800293 0.565918
vt 0.803223 0.566895
vt 0.796875 0.56543
vt 0.795898 0.566406
vt 0.799316 0.566895
vt 0.802246 0.567871
vt 0.804688 0.568848
vt 0.803711 0.569824
vt 0.79834 0.567383
vt 0.797363 0.568359
vt 0.80127 0.568848
vt 0.802734 0.570801
vt 0.799805 0.569824
vt 0.798828 0.570312
vt 0.801758 0.571777
vt 0.800293 0.572754
vt 2.970703 0.176025
vt 2.949219 0.192871
vt 2.949219 0.19397
vt 2.947266 0.196777
vt 2.945312 0.194458
vt 0.407471 0.602539
vt 0.406738 0.596191
vt 0.412842 0.599609
vt 0.412598 0.594238
vt 0.406738 0.566895
vt 0.412598 0.56543
vt 0.798828 0.579102
vt 0.805176 0.580566
vt 2.898438 0.425293
vt 2.869141 0.425293
vt 2.898438 0.438477
vt 2.871094 0.438477
vt 2.861328 0.425293
vt 2.861328 0.438477
vt 2.800781 0.438477
vt 2.798828 0.425293
vt 2.796875 0.425293
vt 2.796875 0.438477
vt 2.693359 0.425293
vt 2.693359 0.438477
vt 2.689453 0.425293
vt 2.689453 0.438477
vt 2.685547 0.425293
vt 2.685547 0.438477
vt 2.513672 0.425293
vt 2.513672 0.438477
vt 0.514648 0.438477
vt 0.514648 0.425293
vt 0.685547 0.438477
vt 0.685547 0.425293
vt 0.69043 0.438477
vt 0.69043 0.425293
vt 0.694824 0.438477
vt 0.694824 0.425293
vt 0.797852 0.438477
vt 0.797363 0.425293
vt 0.800781 0.438477
vt 0.799316 0.425293
vt 0.861816 0.425293
vt 0.862793 0.438477
vt 0.871094 0.438477
vt 0.869629 0.425293
vt 0.899902 0.438477
vt 0.898438 0.425293
vt 0.131714 0.304443
vt 0.133057 0.31665
vt 0.14917 0.986328
vt 0.150757 0.995117
vt 0.145996 0.987305
vt 0.159912 0.992188
vt 0.1604 0.994141
vt 0.158081 0.989258
vt 0.155396 0.987305
vt 0.141724 0.97998
vt 0.153809 0.978027
vt 0.15979 0.97998
vt 0.152344 0.986328
vt 0.147583 0.978027
vt 0.146484 0.973145
vt 0.154907 0.973145
vt 0.13855 0.975586
vt 0.131836 0.980469
vt 0.136597 0.983398
vt 0.126953 0.987305
vt 0.143433 0.989258
vt 0.132935 0.98877
vt 0.125488 0.990723
vt 0.131714 0.992676
vt 0.141602 0.992188
vt 0.140991 0.994141
vt 0.474854 0.525879
vt 0.469482 0.525879
vt 0.469482 0.51709
vt 0.474854 0.51709
vt 0.472656 0.508301
vt 0.478271 0.508789
vt 0.478027 0.501465
vt 0.481201 0.505859
vt 0.607422 0.886719
vt 0.599121 0.886719
vt 0.606934 0.922363
vt 0.599121 0.922363
vt 2.917969 0.885742
vt 2.919922 0.833496
vt 2.882812 0.877441
vt 2.896484 0.827637
vt 0.896484 0.827637
vt 0.921387 0.833496
vt 0.884277 0.877441
vt 0.917969 0.885742
vt 2.378906 0.493652
vt 2.394531 0.483887
vt 2.369141 0.480225
vt 2.382812 0.470215
vt 2.404297 0.475342
vt 2.392578 0.462891
vt 2.414062 0.465332
vt 2.400391 0.454346
vt 2.419922 0.455078
vt 2.40625 0.445312
vt 2.425781 0.443604
vt 2.412109 0.434082
vt 0.413086 0.434082
vt 0.427246 0.443604
vt 0.40625 0.445312
vt 0.42041 0.455078
vt 0.400391 0.454346
vt 0.414062 0.465332
vt 0.392822 0.462891
vt 0.405273 0.475342
vt 0.384033 0.470215
vt 0.395264 0.483887
vt 0.370361 0.480225
vt 0.380615 0.493652
vt 0.162842 0.975586
vt 0.164917 0.983398
vt 0.169556 0.980469
vt 0.168579 0.98877
vt 0.174561 0.987305
vt 0.1698 0.992676
vt 0.176025 0.990723
vt 2.720703 0.700684
vt 2.730469 0.688477
vt 2.720703 0.667969
vt 2.730469 0.667969
vt 0.731445 0.667969
vt 0.731445 0.688477
vt 0.720703 0.667969
vt 0.720703 0.700684
vt 0.477783 0.541504
vt 0.472412 0.534668
vt 0.481201 0.537109
vt 0.478271 0.533691
vt 0.267822 0.469482
vt 0.165405 0.470947
vt 0.216919 0.463135
vt 0.16687 0.464111
vt 0.066711 0.416992
vt 0.068176 0.4104
vt 0.039337 0.410889
vt 0.034149 0.418457
vt 2.033203 0.418457
vt 2.066406 0.416992
vt 2.039062 0.410889
vt 2.066406 0.4104
vt 2.166016 0.464111
vt 2.164062 0.470947
vt 2.216797 0.463135
vt 2.267578 0.469482
vt 0.415283 0.612793
vt 0.420166 0.609863
vt 0.038239 0.325439
vt 0.03833 0.338379
vt 0.026245 0.338623
vt 0.026108 0.325684
vt 0.013969 0.325684
vt 0.014168 0.338623
vt 0.012093 0.338867
vt 0.011925 0.325684
vt 0.010071 0.325928
vt 0.010239 0.338867
vt 0.008087 0.338867
vt 0.007919 0.325928
vt 0.428223 0.921387
vt 0.428467 0.90332
vt 0.424072 0.921387
vt 0.424316 0.90332
vt 0.958984 0.563965
vt 0.947266 0.561035
vt 0.95752 0.558105
vt 0.947754 0.566406
vt 0.938477 0.562012
vt 0.938477 0.567383
vt 0.931641 0.561523
vt 0.931152 0.566895
vt 0.92627 0.560059
vt 0.925293 0.565918
vt 2.947266 0.561035
vt 2.958984 0.563965
vt 2.957031 0.558105
vt 2.947266 0.566406
vt 2.9375 0.562012
vt 2.9375 0.567383
vt 2.931641 0.561523
vt 2.929688 0.566895
vt 2.925781 0.560059
vt 2.923828 0.565918
vt 0.632812 0.895996
vt 0.627441 0.887207
vt 0.632324 0.885742
vt 0.628418 0.879395
vt 0.625 0.882812
vt 0.622559 0.874512
vt 0.620117 0.878906
vt 0.521484 0.839844
vt 2.978516 0.037689
vt 2.974609 0.029388
vt 2.976562 0.027252
vt 2.970703 0.019547
vt 2.96875 0.022552
vt 2.962891 0.013634
vt 2.960938 0.017181
vt 2.951172 0.009094
vt 2.951172 0.013062
vt 2.939453 0.011299
vt 2.939453 0.007092
vt 2.322266 0.011024
vt 2.322266 0.007076
vt 2.308594 0.011299
vt 2.310547 0.014931
vt 2.296875 0.018158
vt 2.300781 0.021088
vt 2.291016 0.026215
vt 2.294922 0.028503
vt 2.285156 0.03656
vt 2.289062 0.038086
vt 2.287109 0.048279
vt 2.283203 0.047394
vt 2.28125 0.093628
vt 2.285156 0.094055
vt 2.283203 0.135132
vt 2.279297 0.135132
vt 2.279297 0.140991
vt 2.285156 0.140503
vt 2.285156 0.148804
vt 2.28125 0.14917
vt 0.963867 0.013634
vt 0.961914 0.017181
vt 0.952148 0.009094
vt 0.951172 0.013062
vt 0.969238 0.022552
vt 0.939941 0.011299
vt 0.97168 0.019547
vt 0.939941 0.007092
vt 0.975098 0.029388
vt 0.323486 0.011024
vt 0.978027 0.027252
vt 0.322754 0.007076
vt 0.982422 0.036469
vt 0.309082 0.011299
vt 0.978516 0.037689
vt 0.310791 0.014931
vt 0.987793 0.120911
vt 0.29834 0.018158
vt 0.983887 0.121521
vt 0.300781 0.021088
vt 0.974609 0.167725
vt 0.291748 0.026215
vt 0.979492 0.167847
vt 0.295166 0.028503
vt 0.979004 0.170654
vt 0.286621 0.03656
vt 0.974121 0.169312
vt 0.290527 0.038086
vt 0.975098 0.178589
vt 0.288086 0.048279
vt 0.970703 0.176025
vt 0.283936 0.047394
vt 0.950195 0.19397
vt 0.28125 0.093628
vt 0.954102 0.197266
vt 0.952637 0.200562
vt 0.947754 0.196777
vt 0.285645 0.094055
vt 0.283691 0.135132
vt 0.279785 0.135132
vt 0.280762 0.140991
vt 0.2854 0.140503
vt 0.286133 0.148804
vt 0.281982 0.14917
vt 0.737305 0.662109
vt 0.73584 0.647949
vt 0.73584 0.662109
vt 0.385254 0.833984
vt 0.384033 0.838867
vt 2.917969 0.886719
vt 2.921875 0.833984
vt 0.922852 0.833984
vt 0.919434 0.886719
vt 0.911133 0.970215
vt 0.912109 0.938477
vt 0.912598 0.970703
vt 0.913086 0.937988
vt 0.322754 0.817871
vt 0.317627 0.817871
vt 0.322754 0.813965
vt 0.317383 0.814453
vt -1.260742 0.555664
vt -1.261719 0.554199
vt -1.263672 0.556152
vt -1.263672 0.555176
vt -1.265625 0.557129
vt -1.258789 0.553711
vt -1.258789 0.555176
vt -1.266602 0.555664
vt -1.268555 0.558105
vt -1.256836 0.553711
vt -1.256836 0.554688
vt -1.259766 0.552734
vt -1.255859 0.553223
vt -1.255859 0.554688
vt -1.256836 0.552246
vt -1.255859 0.551758
vt -1.254883 0.553223
vt -1.254883 0.554688
vt -1.254883 0.551758
vt -1.25293 0.553223
vt -1.25293 0.554688
vt -1.25293 0.551758
vt -1.251953 0.553223
vt -1.251953 0.554688
vt -1.251953 0.551758
vt -1.250977 0.553223
vt -1.250977 0.554688
vt -1.250977 0.551758
vt -1.25 0.553223
vt -1.25 0.554688
vt -1.249023 0.552246
vt -1.248047 0.553711
vt -1.248047 0.554688
vt -1.248047 0.552246
vt -1.21582 0.556641
vt -1.21582 0.558105
vt -1.21582 0.555176
vt -1.214844 0.556641
vt -1.214844 0.558105
vt -1.214844 0.555664
vt -1.213867 0.557129
vt -1.213867 0.558594
vt -1.212891 0.556152
vt -1.213867 0.554199
vt -1.212891 0.554688
vt -1.210938 0.555176
vt -1.210938 0.554199
vt -1.211914 0.553223
vt -1.208984 0.554688
vt -1.213867 0.553223
vt -1.21582 0.554199
vt -1.214844 0.552734
vt -1.248047 0.550781
vt -1.248047 0.549805
vt -1.249023 0.550781
vt -1.249023 0.549316
vt -1.250977 0.550781
vt -1.25 0.549316
vt -1.251953 0.550293
vt -1.251953 0.549316
vt -1.25293 0.550293
vt -1.25293 0.549316
vt -1.254883 0.550293
vt -1.254883 0.549316
vt -1.255859 0.550781
vt -1.255859 0.549316
vt -1.257812 0.550781
vt -1.257812 0.549805
vt -1.259766 0.55127
vt -1.259766 0.550293
vt -1.261719 0.553223
vt -1.261719 0.551758
vt -1.262695 0.550293
vt -1.263672 0.553711
vt -1.264648 0.552246
vt -1.264648 0.55127
vt -1.266602 0.554688
vt -1.266602 0.553223
vt -1.267578 0.551758
vt -1.268555 0.556641
vt -1.271484 0.559082
vt -1.269531 0.555176
vt -1.271484 0.557617
vt -1.274414 0.560059
vt -1.274414 0.558594
vt -1.272461 0.556152
vt -1.275391 0.557129
vt -1.269531 0.554199
vt -1.270508 0.552734
vt -1.272461 0.555176
vt -1.275391 0.555664
vt -1.273438 0.553711
vt -1.276367 0.554688
vt 0.038269 0.338623
vt 0.039581 0.340088
vt 0.037415 0.3396
vt 0.026245 0.339844
vt 0.01506 0.339844
vt 0.012886 0.340088
vt 0.012177 0.339355
vt 0.011208 0.341797
vt 0.010101 0.34082
vt 0.010437 0.343994
vt 0.009178 0.343018
vt 0.010597 0.37085
vt 0.009315 0.371826
vt 0.011246 0.373047
vt 0.010124 0.374023
vt 0.012634 0.374756
vt 0.011902 0.375732
vt 0.015053 0.375488
vt 0.014206 0.376465
vt 0.018753 0.376465
vt 0.020035 0.375488
vt 0.800293 0.59375
vt 0.782227 0.588379
vt 0.78125 0.589844
vt 0.77832 0.588379
vt 0.780273 0.59375
vt 0.777344 0.589355
vt 0.772949 0.588379
vt 0.76709 0.586914
vt 0.76709 0.587402
vt 0.76416 0.583984
vt 0.763184 0.585449
vt 0.758301 0.581543
vt 0.757812 0.583984
vt 2.044922 0.537598
vt 2.044922 0.516602
vt 2.042969 0.516602
vt 2.042969 0.537598
vt 0.312256 0.958984
vt 0.789551 0.963867
vt 0.789551 0.967773
vt 0.790039 0.939941
vt 0.790527 0.936523
vt 0.312744 0.927246
vt 2.115234 0.405518
vt 2.119141 0.385498
vt 2.126953 0.342529
vt 2.130859 0.328613
vt 2.132812 0.31665
vt 2.130859 0.304443
vt 2.513672 0.443848
vt 2.685547 0.443848
vt 2.689453 0.443848
vt 2.695312 0.443848
vt 2.796875 0.443848
vt 2.800781 0.443848
vt 2.861328 0.443848
vt 2.871094 0.443848
vt 2.898438 0.443848
vt 0.898438 0.443848
vt 0.871094 0.443848
vt 0.862793 0.443848
vt 0.801758 0.443848
vt 0.79834 0.443848
vt 0.695312 0.443848
vt 0.69043 0.443848
vt 0.685547 0.443848
vt 0.514648 0.443848
vt 2.384766 0.493164
vt 2.396484 0.485107
vt 2.408203 0.476318
vt 2.416016 0.466309
vt 2.421875 0.456055
vt 2.427734 0.444336
vt 0.428467 0.444336
vt 0.422607 0.456055
vt 0.417236 0.466309
vt 0.408691 0.476318
vt 0.397949 0.485107
vt 0.384766 0.493164
vt 0.327148 0.622559
vt 0.351318 0.622559
vt 2.349609 0.622559
vt 2.326172 0.622559
vt 2.722656 0.702637
vt 2.732422 0.689453
vt 0.73291 0.689453
vt 0.724121 0.702637
vt 0.131958 0.328613
vt 0.128418 0.342529
vt 0.119263 0.385498
vt 0.115662 0.405518
vt 0.422607 0.813965
vt 0.427734 0.794434
vt 0.427734 0.814453
vt 0.432861 0.813965
vt 0.417725 0.812012
vt 0.437744 0.812012
vt 0.413574 0.808594
vt 0.441895 0.808594
vt 0.4104 0.804199
vt 0.445068 0.804199
vt 0.408447 0.799805
vt 0.447266 0.799805
vt 0.407715 0.794434
vt 0.447754 0.794434
vt 0.408447 0.789062
vt 0.447266 0.789062
vt 0.4104 0.78418
vt 0.445068 0.78418
vt 0.413574 0.780273
vt 0.441895 0.780273
vt 0.417725 0.776855
vt 0.437744 0.776855
vt 0.422607 0.774902
vt 0.432861 0.774902
vt 0.427734 0.774414
vt 2.287109 0.094788
vt 2.283203 0.134888
vt 0.427734 0.77002
vt 0.434082 0.770996
vt 0.439941 0.773438
vt 0.421387 0.770996
vt 0.415527 0.773438
vt 0.410645 0.777344
vt 0.406738 0.782227
vt 0.404297 0.788086
vt 0.403564 0.794434
vt 0.404297 0.800781
vt 0.406738 0.806641
vt 0.410645 0.811523
vt 0.415527 0.81543
vt 0.421387 0.817871
vt 0.427734 0.818848
vt 0.434082 0.817871
vt 0.439941 0.81543
vt 0.322021 0.5625
vt 0.300537 0.5625
vt 0.300537 0.557617
vt 0.322754 0.557617
vt 0.322754 0.5625
vt 0.17749 0.43457
vt 0.190918 0.433594
vt 0.189209 0.441406
vt 0.044312 0.325439
vt 0.044464 0.338379
vt 0.042145 0.325439
vt 0.042297 0.338379
vt 0.040466 0.338379
vt 0.040283 0.325439
vt 0.733887 0.6875
vt 0.733887 0.667969
vt 0.445068 0.777344
vt 0.44873 0.782227
vt 0.451172 0.788086
vt 0.452148 0.794434
vt 0.451172 0.800781
vt 0.44873 0.806641
vt 0.445068 0.811523
vt 0.808105 0.964355
vt 0.808594 0.94043
vt 0.82373 0.964844
vt 0.824219 0.94043
vt 2.287109 0.139771
vt 2.287109 0.148193
vt 2.285156 0.153076
vt 2.287109 0.153076
vt 2.285156 0.177124
vt 2.287109 0.177246
vt 2.287109 0.200439
vt 2.287109 0.200562
vt 2.287109 0.202759
vt 2.289062 0.203003
vt 2.289062 0.206177
vt 2.287109 0.206055
vt 2.287109 0.210815
vt 2.289062 0.209351
vt 0.020035 0.390137
vt 0.03244 0.390137
vt 0.03244 0.375488
vt 0.026245 0.366211
vt 0.02327 0.365723
vt 0.029205 0.365723
vt 0.037415 0.375488
vt 0.02063 0.364258
vt 0.03183 0.364258
vt 0.039825 0.374756
vt 0.041199 0.373047
vt 0.018677 0.361816
vt 0.033783 0.361816
vt 0.04187 0.37085
vt 0.017639 0.358887
vt 0.034821 0.358887
vt 0.017639 0.355957
vt 0.034821 0.355957
vt 0.042053 0.343994
vt 0.018677 0.353027
vt 0.033783 0.353027
vt 0.02063 0.35083
vt 0.03183 0.35083
vt 0.04126 0.341797
vt 0.02327 0.349365
vt 0.029205 0.349365
vt 0.026245 0.348633
vt 0.886719 0.937988
vt 0.88623 0.969727
vt 0.381592 0.924805
vt 0.380859 0.92041
vt 0.308594 0.92334
vt 0.423828 0.925293
vt 0.724609 0.588867
vt 0.729492 0.588867
vt 0.724609 0.635254
vt 0.729492 0.635254
vt 2.353516 0.475098
vt 2.353516 0.47876
vt 2.267578 0.4729
vt 2.164062 0.474854
vt 2.064453 0.420654
vt 2.033203 0.422852
vt 2.958984 0.018036
vt 2.966797 0.023376
vt 2.972656 0.030136
vt 2.949219 0.014084
vt 2.976562 0.038544
vt 2.9375 0.012566
vt 2.324219 0.0121
vt 2.310547 0.015762
vt 2.300781 0.021744
vt 2.294922 0.029312
vt 2.291016 0.03891
vt 2.289062 0.049164
vt 0.034149 0.422852
vt 0.065857 0.420654
vt 0.165283 0.474854
vt 0.267578 0.4729
vt 0.354248 0.47876
vt 0.354248 0.475098
vt 0.982422 0.913086
vt 0.952637 0.913086
vt 0.982422 0.911133
vt 0.952637 0.911133
vt 0.982422 0.90918
vt 0.952637 0.90918
vt 0.982422 0.907227
vt 0.952637 0.907227
vt 0.982422 0.905273
vt 0.952637 0.905273
vt 0.982422 0.90332
vt 0.952637 0.90332
vt 0.982422 0.901367
vt 0.952637 0.901367
vt 0.982422 0.899414
vt 0.952637 0.899414
vt 0.982422 0.897461
vt 0.952637 0.897461
vt 0.982422 0.895508
vt 0.952637 0.895508
vt 0.982422 0.893555
vt 0.952637 0.893555
vt -0.584961 0.109558
vt -0.586426 0.118225
vt -0.601562 0.099365
vt -0.608887 0.10437
vt 0.02417 0.363281
vt 0.026245 0.363525
vt 0.028305 0.363281
vt 0.030151 0.362061
vt 0.031494 0.360596
vt 0.032227 0.358643
vt 0.032227 0.356445
vt 0.031494 0.354492
vt 0.030151 0.352783
vt 0.028305 0.351807
vt 0.026245 0.351318
vt 0.02417 0.351807
vt 0.428467 0.870605
vt 0.439941 0.873047
vt 0.427246 0.884277
vt 0.442627 0.865234
vt 0.432617 0.858887
vt 0.438721 0.881836
vt 0.429443 0.894531
vt 0.44043 0.890625
vt 0.436768 0.906738
vt 0.445557 0.899414
vt 0.445801 0.915039
vt 0.452393 0.905273
vt 0.461182 0.921875
vt 0.464844 0.910645
vt 0.476318 0.924316
vt 0.477295 0.912598
vt 0.492676 0.92334
vt 0.491211 0.911621
vt 0.504395 0.92041
vt 0.502441 0.90918
vt 0.52832 0.913086
vt 0.527344 0.900879
vt 2.720703 0.266113
vt 2.726562 0.262695
vt 2.726562 0.262939
vt 2.730469 0.259277
vt 0.477051 1.283203
vt 0.515137 1.283203
vt 0.247681 0.450439
vt 0.258789 0.447266
vt 0.256348 0.455811
vt -1.216797 0.588379
vt -1.22168 0.589355
vt -1.199219 0.59375
vt -1.220703 0.588379
vt -1.226562 0.588379
vt -1.232422 0.587402
vt -1.236328 0.585449
vt -1.235352 0.583984
vt -1.241211 0.583984
vt -1.241211 0.581543
vt 2.904297 0.547852
vt 2.898438 0.524902
vt 2.941406 0.46582
vt 2.9375 0.466797
vt 2.953125 0.44751
vt 2.951172 0.447266
vt 0.952637 0.447266
vt 0.95459 0.44751
vt 0.938965 0.466797
vt 0.941895 0.46582
vt 0.898438 0.524902
vt 0.905273 0.547852
vt 0.022324 0.362061
vt 0.020966 0.360596
vt 0.020233 0.358643
vt 0.020233 0.356445
vt 0.020966 0.354492
vt 0.022324 0.352783
vt -1.012695 0.290527
vt -1.011719 0.287842
vt -1.014648 0.273926
vt -1.011719 0.264648
vt -1.017578 0.280029
vt -1.009766 0.286865
vt -1.011719 0.310059
vt -1.010742 0.259766
vt -1.020508 0.284668
vt -1.00293 0.286377
vt -1.007812 0.257324
vt -1.004883 0.256592
vt -1.011719 0.314941
vt -1.013672 0.318848
vt -1.024414 0.288086
vt -1.016602 0.320557
vt -1.029297 0.291016
vt -1.043945 0.322021
vt -1.035156 0.292725
vt -1.041016 0.293457
vt -1.044922 0.293457
vt -1.046875 0.322021
vt -1.046875 0.293701
vt -1.049805 0.293701
vt -1.049805 0.322021
vt -1.051758 0.293701
vt -1.051758 0.322021
vt 0.98584 0.732422
vt 0.98584 0.572266
vt 0.990234 0.732422
vt 0.990234 0.572266
vt 0.042603 0.374023
vt 0.043274 0.371826
vt 0.043304 0.343018
vt 0.042603 0.34082
vt 0.040314 0.339355
vt 0.215942 0.978027
vt 0.216675 0.981934
vt 0.262451 0.978516
vt 0.261719 0.982422
vt 0.287109 0.094788
vt 0.284668 0.134888
vt 0.289307 0.049164
vt 0.287598 0.139771
vt 0.291504 0.03891
vt 0.287842 0.148193
vt 0.296143 0.029312
vt 0.286377 0.153076
vt 0.287842 0.153076
vt 0.301758 0.021744
vt 0.286865 0.177124
vt 0.28833 0.177246
vt 0.311768 0.015762
vt 0.287354 0.200439
vt 0.288818 0.200562
vt 0.324707 0.0121
vt 0.287354 0.202759
vt 0.289062 0.203003
vt 0.938477 0.012566
vt 0.289062 0.206177
vt 0.287598 0.206055
vt 0.287598 0.210815
vt 0.289062 0.209351
vt 0.950195 0.014084
vt 0.960449 0.018036
vt 0.968262 0.023376
vt 0.974121 0.030136
vt 0.977051 0.038544
vt 0.982422 0.121765
vt 0.973145 0.167969
vt 0.972656 0.169556
vt 0.969238 0.17627
vt 0.949707 0.192871
vt 0.946777 0.194458
vt 0.018753 0.391602
vt 0.033722 0.391602
vt 0.033722 0.376465
vt 2.439453 0.873047
vt 2.441406 0.865234
vt 2.427734 0.870605
vt 2.431641 0.858887
vt 2.425781 0.884277
vt 2.447266 0.857422
vt 2.4375 0.881836
vt 2.427734 0.894531
vt 2.439453 0.890625
vt 2.4375 0.849609
vt 2.453125 0.851074
vt 2.449219 0.84082
vt 2.462891 0.847656
vt 2.458984 0.836426
vt 2.476562 0.847168
vt 2.476562 0.835449
vt 2.488281 0.849609
vt 2.492188 0.838379
vt 2.501953 0.855957
vt 2.505859 0.845215
vt 2.511719 0.862305
vt 2.517578 0.852539
vt 2.53125 0.878906
vt 2.537109 0.867676
vt 0.007271 0.238647
vt 0.039124 0.238647
vt 0.003162 0.267822
vt 0.043243 0.267822
vt 0.003162 0.317139
vt 0.043243 0.317139
vt 0.892578 0.521973
vt 0.906738 0.443848
vt 0.920898 0.424316
vt 2.892578 0.521973
vt 2.90625 0.443848
vt 2.919922 0.424316
vt 0.193848 0.43457
vt 0.65625 0.504883
vt 0.841797 0.504883
vt 0.65332 0.507812
vt 0.856934 0.522949
vt 0.849121 0.500977
vt 0.649414 0.51709
vt 0.856934 0.499512
vt 0.649414 0.526367
vt 0.864746 0.500977
vt 0.65332 0.535645
vt 0.87207 0.504395
vt 0.65625 0.538574
vt 0.876953 0.511719
vt 0.841797 0.540527
vt 0.879395 0.518555
vt 0.848633 0.544434
vt 0.879883 0.526855
vt 0.856934 0.545898
vt 0.876465 0.534668
vt 0.865723 0.543945
vt 0.87207 0.540527
vt 2.972656 0.01857
vt 2.962891 0.012337
vt 2.951172 0.007637
vt 2.939453 0.005608
vt 2.322266 0.00565
vt 2.308594 0.009888
vt 2.296875 0.017059
vt 2.289062 0.025513
vt 2.285156 0.036316
vt 2.28125 0.047607
vt 2.279297 0.09375
vt 2.277344 0.134766
vt 2.277344 0.140747
vt 2.279297 0.148315
vt 2.972656 0.955078
vt 2.976562 0.953613
vt 2.972656 0.95459
vt 2.96875 0.956055
vt 2.976562 0.953125
vt 2.96875 0.955078
vt 2.978516 0.951172
vt 2.960938 0.955566
vt 2.978516 0.950684
vt 2.982422 0.947266
vt 2.960938 0.956543
vt 2.955078 0.956543
vt 2.955078 0.955566
vt 2.947266 0.955078
vt 2.947266 0.956055
vt 2.939453 0.95459
vt 2.939453 0.955078
vt 2.935547 0.954102
vt 2.935547 0.95459
vt 2.933594 0.952148
vt 2.933594 0.953125
vt 2.929688 0.949707
vt 2.929688 0.950684
vt 2.927734 0.946289
vt 2.925781 0.946289
vt 0.937012 0.954102
vt 0.936523 0.95459
vt 0.934082 0.952148
vt 0.933594 0.953125
vt 0.94043 0.955078
vt 0.931152 0.949707
vt 0.94043 0.95459
vt 0.931152 0.950684
vt 0.928223 0.946289
vt 0.927246 0.946289
vt 0.948242 0.956055
vt 0.948242 0.955078
vt 0.955078 0.956543
vt 0.955078 0.955566
vt 0.962402 0.955566
vt 0.962402 0.956543
vt 0.970215 0.956055
vt 0.969727 0.955078
vt 0.973633 0.95459
vt 0.974121 0.955078
vt 0.976562 0.953613
vt 0.976562 0.953125
vt 0.979492 0.951172
vt 0.979492 0.950684
vt 0.982422 0.947266
vt 0.983398 0.947266
vt 2.300781 0.614258
vt 2.316406 0.58252
vt 2.28125 0.611816
vt 2.294922 0.580566
vt 2.322266 0.616211
vt 2.296875 0.577148
vt 2.322266 0.583008
vt 2.316406 0.578613
vt 2.296875 0.574219
vt 2.322266 0.579102
vt 2.318359 0.575195
vt 2.298828 0.570312
vt 2.322266 0.575195
vt 2.320312 0.570801
vt 2.298828 0.566406
vt 2.322266 0.571289
vt 2.320312 0.566406
vt 2.298828 0.5625
vt 2.322266 0.566895
vt 2.320312 0.5625
vt 2.298828 0.557617
vt 2.322266 0.5625
vt 2.322266 0.557617
vt 2.921875 0.991211
vt 2.921875 0.990234
vt 2.916016 0.991211
vt 2.925781 0.990723
vt 2.925781 0.991699
vt 2.931641 0.991211
vt 2.931641 0.991699
vt 2.941406 0.992188
vt 2.941406 0.991211
vt 2.951172 0.991699
vt 2.951172 0.992188
vt 2.958984 0.992188
vt 2.958984 0.991699
vt 2.96875 0.992188
vt 2.96875 0.991211
vt 2.974609 0.991699
vt 2.974609 0.991211
vt 2.978516 0.991699
vt 2.978516 0.990723
vt 0.979492 0.990723
vt 0.97998 0.991699
vt 0.979004 0.991699
vt 0.975586 0.991211
vt 0.975098 0.991699
vt 0.969238 0.991211
vt 0.969238 0.992188
vt 0.960449 0.991699
vt 0.960449 0.992188
vt 0.951172 0.991699
vt 0.951172 0.992188
vt 0.941895 0.992188
vt 0.941406 0.991211
vt 0.933105 0.991211
vt 0.933105 0.991699
vt 0.926758 0.991699
vt 0.926758 0.990723
vt 0.92334 0.991211
vt 0.922363 0.990234
vt 0.417969 0.831543
vt 0.427734 0.833008
vt 0.437744 0.831543
vt 0.408691 0.827637
vt 0.400635 0.821777
vt 0.394531 0.813477
vt 0.390625 0.804199
vt 0.389404 0.794434
vt 0.390625 0.784668
vt 0.394531 0.775391
vt 0.400635 0.76709
vt 0.408691 0.76123
vt 0.417969 0.757324
vt 0.427734 0.755859
vt 0.437744 0.757324
vt 0.939453 0.005608
vt 0.952148 0.007637
vt 0.323486 0.00565
vt 0.963867 0.012337
vt 0.309082 0.009888
vt 0.972656 0.01857
vt 0.297607 0.017059
vt 0.979492 0.026794
vt 0.290527 0.025513
vt 0.983398 0.036621
vt 0.2854 0.036316
vt 0.989258 0.120911
vt 0.282471 0.047607
vt 0.980957 0.168213
vt 0.279785 0.09375
vt 0.97998 0.171509
vt 0.27832 0.134766
vt 0.975586 0.17981
vt 0.279053 0.140747
vt 0.95459 0.198975
vt 0.280273 0.148315
vt 0.322754 0.571289
vt 0.322754 0.575195
vt 0.320801 0.570801
vt 0.31958 0.575195
vt 0.322754 0.579102
vt 0.321533 0.566406
vt 0.299316 0.570312
vt 0.300049 0.566406
vt 0.29834 0.574219
vt 0.322754 0.566895
vt 0.318115 0.578613
vt 0.297363 0.577148
vt 0.322754 0.583008
vt 0.31665 0.58252
vt 0.296387 0.580566
vt 0.322754 0.616211
vt 0.282471 0.611816
vt 0.302246 0.614258
vt 0.971191 0.961426
vt 0.976074 0.960449
vt 0.962891 0.962402
vt 0.955078 0.962402
vt 0.947266 0.961914
vt 0.939453 0.960938
vt 0.93457 0.959473
vt 0.930664 0.958008
vt 0.927734 0.955078
vt 0.92334 0.951172
vt 0.919922 0.948242
vt 0.92334 0.943359
vt 0.916504 0.943848
vt 0.54541 0.915039
vt 0.547363 0.902832
vt 0.55127 0.916992
vt 0.553223 0.905762
vt 0.572754 0.922363
vt 0.575195 0.910645
vt 2.552734 0.905762
vt 2.572266 0.922363
vt 2.574219 0.910645
vt 2.550781 0.916992
vt 2.546875 0.902832
vt 2.544922 0.915039
vt 0.922363 0.991211
vt 0.916992 0.991211
vt 0.30835 0.455322
vt 0.320312 0.450195
vt 0.320801 0.458496
vt 2.732422 0.667969
vt 2.732422 0.6875
vt 2.751953 0.689453
vt 2.751953 0.6875
vt 2.753906 0.688477
vt 2.753906 0.667969
vt 2.751953 0.667969
vt 0.75293 0.6875
vt 0.754883 0.688477
vt 0.753418 0.689453
vt 0.75293 0.667969
vt 0.884766 0.516602
vt 0.884766 0.527344
vt 0.880859 0.537109
vt 0.875977 0.544434
vt 0.868164 0.549316
vt 0.856934 0.550781
vt 0.847168 0.54834
vt 0.838867 0.543945
vt 0.654785 0.542969
vt 0.648438 0.535645
vt 0.64502 0.526367
vt 0.64502 0.51709
vt 2.78125 0.683594
vt 2.783203 0.603516
vt 2.748047 0.637207
vt 2.75 0.592285
vt 2.744141 0.636719
vt 2.746094 0.591309
vt 2.742188 0.63623
vt 2.742188 0.59082
vt 2.738281 0.63623
vt 2.738281 0.589844
vt 2.732422 0.635742
vt 2.732422 0.589355
vt 2.728516 0.635254
vt 2.728516 0.588867
vt 2.724609 0.635254
vt 2.724609 0.588867
vt 0.415771 0.731445
vt 0.429688 0.732422
vt 0.428955 0.727051
vt 0.428223 0.737793
vt 0.42627 0.722168
vt 0.424805 0.742188
vt 0.422119 0.71875
vt 0.419922 0.744629
vt 0.416748 0.717285
vt 0.414551 0.745605
vt 0.411377 0.718262
vt 0.409424 0.744141
vt 0.406494 0.720703
vt 0.405029 0.740723
vt 0.403076 0.725098
vt 0.402344 0.73584
vt 0.401611 0.730469
vt 2.787109 0.262451
vt 2.798828 0.262451
vt 2.798828 0.26123
vt 2.787109 0.263672
vt 2.800781 0.261475
vt 2.806641 0.262451
vt 2.808594 0.259033
vt 2.806641 0.260986
vt 2.806641 0.258545
vt 2.820312 0.263916
vt 2.810547 0.256592
vt 2.820312 0.262207
vt 2.810547 0.256104
vt 2.833984 0.263916
vt 2.814453 0.253418
vt 2.833984 0.262451
vt 2.8125 0.253418
vt 2.845703 0.262207
vt 2.816406 0.250244
vt 2.845703 0.260742
vt 2.814453 0.249878
vt 2.818359 0.246582
vt 2.816406 0.246216
vt 2.820312 0.242432
vt 2.820312 0.241943
vt 2.824219 0.238892
vt 2.822266 0.238403
vt 2.828125 0.236694
vt 2.828125 0.23584
vt 2.832031 0.236206
vt 2.832031 0.235229
vt 2.835938 0.236816
vt 2.837891 0.236084
vt 2.841797 0.239136
vt 2.841797 0.238403
vt 2.845703 0.242065
vt 2.845703 0.241333
vt 2.847656 0.24585
vt 2.847656 0.245117
vt 2.851562 0.25
vt 2.851562 0.24939
vt 2.853516 0.253662
vt 2.853516 0.253174
vt 2.855469 0.256348
vt 2.855469 0.255859
vt 2.857422 0.257568
vt 2.857422 0.257324
vt 2.857422 0.258301
vt 2.861328 0.259033
vt 2.861328 0.258301
vt 2.869141 0.259277
vt 2.869141 0.258545
vt 2.945312 0.257812
vt 2.945312 0.256836
vt 2.962891 0.279785
vt 2.962891 0.278809
vt 2.970703 0.279541
vt 2.96875 0.278564
vt 2.984375 0.210205
vt 2.984375 0.209839
vt 0.875 0.500488
vt 0.881348 0.508789
vt 0.866699 0.495361
vt 0.856934 0.494629
vt 0.847656 0.49707
vt 0.839355 0.500977
vt 0.654297 0.5
vt 0.648926 0.506836
vt 0.911621 0.996094
vt 0.912598 0.976562
vt 0.917969 0.976562
vt 0.92334 0.976562
vt 0.927246 0.977051
vt 0.933594 0.977051
vt 0.941895 0.977539
vt 0.951172 0.977539
vt 0.960449 0.978027
vt 0.96875 0.977539
vt 0.975098 0.977539
vt 2.933594 0.959473
vt 2.929688 0.958008
vt 2.927734 0.955078
vt 2.921875 0.951172
vt 2.919922 0.948242
vt 2.921875 0.943359
vt 2.916016 0.943848
vt 2.992188 0.418945
vt 2.992188 0.413818
vt 2.550781 0.418945
vt 2.550781 0.411377
vt 2.992188 0.409424
vt 2.550781 0.406494
vt 0.762695 0.702637
vt 2.761719 0.702637
vt 0.796875 0.770508
vt 0.799316 0.87793
vt 0.795898 0.770508
vt 0.79834 0.878418
vt 0.604492 0.702637
vt 0.60498 0.701172
vt 0.715332 0.702148
vt 0.715332 0.700684
vt 0.787598 0.744141
vt 0.787109 0.763672
vt 0.787109 0.78125
vt 0.55127 0.411377
vt 0.992676 0.413818
vt 0.55127 0.418945
vt 0.992676 0.418945
vt 0.733887 0.589355
vt 0.733887 0.635742
vt 0.738281 0.589844
vt 0.738281 0.63623
vt 0.742676 0.59082
vt 0.742188 0.63623
vt 0.746582 0.591309
vt 0.745605 0.636719
vt 0.750977 0.592285
vt 0.749512 0.637207
vt 0.78418 0.603516
vt 0.78125 0.683594
vt 0.800293 0.262451
vt 0.801758 0.261475
vt 0.808105 0.262451
vt 2.921875 0.976562
vt 2.917969 0.976562
vt 2.925781 0.977051
vt 2.912109 0.976562
vt 2.910156 0.996094
vt 2.898438 0.556641
vt 2.898438 0.555176
vt 2.898438 0.557617
vt 2.896484 0.556152
vt 2.806641 0.58252
vt 2.806641 0.583984
vt 2.806641 0.586426
vt 2.808594 0.588379
vt 2.8125 0.589355
vt 2.914062 0.577148
vt 2.914062 0.575684
vt 2.916016 0.577148
vt 2.916016 0.576172
vt 0.537109 0.404297
vt 0.534668 0.408936
vt 0.537109 0.399658
vt 0.534668 0.394775
vt 0.530273 0.412354
vt 0.530273 0.391357
vt 0.523438 0.415039
vt 0.523438 0.388916
vt 0.430908 0.423584
vt 0.430664 0.380615
vt 0.423096 0.38208
vt 0.42334 0.422363
vt 0.416992 0.418701
vt 0.416992 0.385498
vt 0.412109 0.412842
vt 0.412109 0.391357
vt 0.409668 0.405518
vt 0.409668 0.398682
vt 0.916504 0.576172
vt 0.916016 0.577148
vt 0.914062 0.575684
vt 0.914062 0.577148
vt 0.8125 0.589355
vt 0.810059 0.588379
vt 0.807617 0.586426
vt 0.806641 0.583984
vt 0.807129 0.58252
vt 0.898926 0.557617
vt 0.896973 0.556152
vt 0.898438 0.555176
vt 0.899902 0.556641
vt 0.447021 0.827637
vt 0.455078 0.821777
vt 0.461182 0.813477
vt 0.464844 0.804199
vt 0.466309 0.794434
vt 0.464844 0.784668
vt 0.461182 0.775391
vt 0.455078 0.76709
vt 0.447021 0.76123
vt 0.944336 0.826172
vt 0.945312 0.773926
vt 0.962891 0.82666
vt 0.963867 0.774414
vt 0.984375 0.827148
vt 0.988281 0.774902
vt 0.986816 0.827148
vt 0.982422 0.327148
vt 0.937012 0.332031
vt 0.936523 0.327148
vt 0.688477 0.332764
vt 2.445312 0.897949
vt 2.451172 0.903809
vt 2.453125 0.852539
vt 2.439453 0.88916
vt 2.462891 0.849121
vt 2.447266 0.858887
vt 2.476562 0.848633
vt 2.443359 0.866211
vt 2.439453 0.880859
vt 2.464844 0.909668
vt 2.476562 0.911133
vt 2.488281 0.851074
vt 2.501953 0.857422
vt 2.490234 0.910156
vt 2.501953 0.907227
vt 2.511719 0.864258
vt 2.527344 0.897949
vt 2.529297 0.881836
vt 2.548828 0.88623
vt 2.546875 0.900879
vt 2.552734 0.905273
vt 2.556641 0.884277
vt 2.578125 0.888672
vt 2.574219 0.90918
vt 2.583984 0.900391
vt 0.547363 0.900879
vt 0.527832 0.897949
vt 0.550293 0.88623
vt 0.553223 0.905273
vt 0.530762 0.881836
vt 0.557129 0.884277
vt 0.511719 0.864258
vt 0.578125 0.888672
vt 0.575195 0.90918
vt 0.583984 0.900391
vt 0.503418 0.907227
vt 0.501953 0.857422
vt 0.491699 0.910156
vt 0.477783 0.911133
vt 0.489258 0.851074
vt 0.477051 0.848633
vt 0.465332 0.909668
vt 0.452881 0.903809
vt 0.463379 0.849121
vt 0.454834 0.852539
vt 0.446045 0.897949
vt 0.441162 0.88916
vt 0.447754 0.858887
vt 0.443604 0.866211
vt 0.439697 0.880859
vt 0.441162 0.873047
vt 2.583984 0.900879
vt 2.527344 0.900879
vt 2.501953 0.90918
vt 2.490234 0.911621
vt 2.476562 0.912598
vt 2.464844 0.910645
vt 2.451172 0.905273
vt 2.445312 0.899414
vt 2.550781 0.883789
vt 2.556641 0.883789
vt 2.578125 0.887207
vt 2.585938 0.900391
vt 0.26001 0.44751
vt 0.259521 0.456299
vt 0.585449 0.900879
vt 0.575684 0.910645
vt 0.44751 0.857422
vt 0.454834 0.851074
vt 0.463379 0.847656
vt 0.477051 0.847168
vt 0.489258 0.849609
vt 0.501953 0.855957
vt 0.511719 0.862305
vt 0.531738 0.878906
vt 0.550781 0.883789
vt 0.557617 0.883789
vt 0.579102 0.887207
vt 0.585938 0.900391
vt 0.68457 0.27417
vt 0.68457 0.272705
vt 0.694824 0.27124
vt 0.694336 0.270264
vt 0.698242 0.269531
vt 0.699219 0.270264
vt 0.699219 0.268799
vt 0.709961 0.269531
vt 0.709961 0.268066
vt 0.722168 0.267334
vt 0.72168 0.266113
vt 0.723145 0.266357
vt 0.727051 0.267822
vt 0.728027 0.262695
vt 0.727539 0.266357
vt 0.727051 0.262939
vt 0.740723 0.269043
vt 0.730957 0.259277
vt 0.740234 0.267822
vt 0.72998 0.259277
vt 0.753906 0.269287
vt 0.734375 0.253174
vt 0.753906 0.268066
vt 0.733398 0.25293
vt 0.767578 0.266357
vt 0.737305 0.248047
vt 0.767578 0.267822
vt 0.736328 0.247803
vt 0.780762 0.263916
vt 0.739746 0.244019
vt 0.78125 0.265137
vt 0.73877 0.24353
vt 0.742188 0.241211
vt 0.740723 0.240845
vt 0.744629 0.239014
vt 0.743164 0.238403
vt 0.749023 0.237427
vt 0.748047 0.236694
vt 0.753906 0.237183
vt 0.754395 0.236206
vt 0.758789 0.237793
vt 0.759277 0.236816
vt 0.762207 0.239624
vt 0.762695 0.238892
vt 0.765137 0.241943
vt 0.766602 0.241455
vt 0.768555 0.244995
vt 0.769531 0.244629
vt 0.771973 0.249512
vt 0.772949 0.249268
vt 0.956543 0.970703
vt 0.951172 0.970703
vt 0.956543 0.969727
vt 0.965332 0.970215
vt 0.951172 0.969727
vt 0.965332 0.969238
vt 0.945801 0.969727
vt 0.971191 0.967773
vt 0.945801 0.970703
vt 0.971191 0.96875
vt 0.937012 0.969238
vt 0.974609 0.967285
vt 0.937012 0.969727
vt 0.974121 0.966309
vt 0.931641 0.967773
vt 0.976562 0.96582
vt 0.976074 0.964844
vt 0.978027 0.963867
vt 0.931152 0.968262
vt 0.927734 0.966797
vt 0.928223 0.96582
vt 0.92627 0.964355
vt 0.92627 0.965332
vt 0.924805 0.963379
vt 0.924805 0.962402
vt 0.922852 0.964355
vt 0.922363 0.963867
vt 0.92334 0.969238
vt 0.922852 0.969238
vt 0.924316 0.974121
vt 0.923828 0.974609
vt 0.927246 0.976074
vt 0.933105 0.976562
vt 0.941895 0.977051
vt 0.951172 0.977051
vt 0.960449 0.977051
vt 0.96875 0.977051
vt 0.975098 0.976562
vt 0.978516 0.975098
vt 0.978027 0.974609
vt 0.979004 0.969238
vt 0.979492 0.969727
vt 0.979492 0.964844
vt 0.97998 0.964355
vt 0.978027 0.962891
vt 2.945312 0.970703
vt 2.951172 0.970703
vt 2.945312 0.969727
vt 2.951172 0.969727
vt 2.935547 0.969238
vt 2.955078 0.969727
vt 2.935547 0.969727
vt 2.955078 0.970703
vt 2.931641 0.967773
vt 2.964844 0.970215
vt 2.929688 0.968262
vt 2.964844 0.969238
vt 2.927734 0.966797
vt 2.970703 0.967773
vt 2.927734 0.96582
vt 2.970703 0.96875
vt 2.925781 0.964355
vt 2.974609 0.967285
vt 2.925781 0.965332
vt 2.972656 0.966309
vt 2.923828 0.963379
vt 2.976562 0.96582
vt 2.923828 0.962402
vt 2.974609 0.964844
vt 2.921875 0.964355
vt 2.976562 0.963867
vt 2.921875 0.963867
vt 2.976562 0.962891
vt 2.921875 0.969238
vt 2.978516 0.964355
vt 2.978516 0.964844
vt 2.923828 0.974121
vt 2.978516 0.969727
vt 2.923828 0.974609
vt 2.978516 0.969238
vt 2.925781 0.976074
vt 2.978516 0.975098
vt 2.976562 0.974609
vt 2.931641 0.976562
vt 2.974609 0.976562
vt 2.933594 0.977051
vt 2.974609 0.977539
vt 2.941406 0.977539
vt 2.96875 0.977051
vt 2.941406 0.977051
vt 2.96875 0.977539
vt 2.951172 0.977051
vt 2.958984 0.977051
vt 2.951172 0.977539
vt 2.958984 0.978027
vt 2.669922 0.239746
vt 2.673828 0.242188
vt 2.673828 0.241821
vt 2.675781 0.245361
vt 2.669922 0.240479
vt 2.677734 0.244873
vt 2.664062 0.239136
vt 2.679688 0.249023
vt 2.664062 0.240112
vt 2.679688 0.248535
vt 2.658203 0.240112
vt 2.681641 0.253174
vt 2.658203 0.240967
vt 2.683594 0.252686
vt 2.654297 0.241943
vt 2.685547 0.258545
vt 2.654297 0.24292
vt 2.685547 0.258057
vt 2.650391 0.245361
vt 2.689453 0.262451
vt 2.652344 0.24585
vt 2.689453 0.261963
vt 2.648438 0.249146
vt 2.691406 0.265625
vt 2.648438 0.249634
vt 2.693359 0.265137
vt 2.646484 0.254883
vt 2.642578 0.262207
vt 2.644531 0.261963
vt 2.638672 0.267578
vt 2.640625 0.267822
vt 2.634766 0.271973
vt 2.634766 0.272217
vt 2.628906 0.274414
vt 2.630859 0.274414
vt 2.626953 0.275146
vt 2.628906 0.275635
vt 2.613281 0.275635
vt 2.632812 0.275635
vt 2.613281 0.276611
vt 2.634766 0.274414
vt 2.646484 0.276367
vt 0.693359 0.265137
vt 0.692383 0.265625
vt 0.689941 0.261963
vt 0.689453 0.262451
vt 0.687012 0.258057
vt 0.686035 0.258545
vt 0.683594 0.252686
vt 0.682617 0.253174
vt 0.681152 0.248535
vt 0.680176 0.249023
vt 0.678223 0.244873
vt 0.677246 0.245361
vt 0.675293 0.241821
vt 0.673828 0.242188
vt 0.67041 0.239746
vt 0.669922 0.240479
vt 0.664551 0.239136
vt 0.665039 0.240112
vt 0.65918 0.240112
vt 0.659668 0.240967
vt 0.655273 0.241943
vt 0.655762 0.24292
vt 0.651367 0.245361
vt 0.652344 0.24585
vt 0.648926 0.249146
vt 0.649902 0.249634
vt 0.646973 0.254883
vt 0.647949 0.254883
vt 0.644043 0.262207
vt 0.64502 0.261963
vt 0.640137 0.267578
vt 0.641113 0.267822
vt 0.634766 0.271973
vt 0.63623 0.272217
vt 0.629883 0.274414
vt 0.631348 0.274414
vt 0.62793 0.275146
vt 0.628906 0.275635
vt 0.61377 0.275635
vt 0.634277 0.275635
vt 0.635742 0.274414
vt 0.61377 0.276611
vt 0.647949 0.276367
vt 0.648438 0.275146
vt 0.666504 0.274902
vt 0.666504 0.276123
vt 0.774414 0.253662
vt 0.775391 0.253418
vt 0.777832 0.258057
vt 0.77832 0.257568
vt 0.780273 0.260498
vt 0.78125 0.260254
vt 0.78418 0.261719
vt 0.783203 0.261963
vt 0.785645 0.262695
vt 0.787109 0.262451
vt 0.787109 0.263672
vt 0.799805 0.26123
vt 0.808594 0.259033
vt 0.807617 0.258545
vt 0.812012 0.256592
vt 0.811035 0.256104
vt 0.814453 0.253418
vt 0.813477 0.253418
vt 0.816895 0.250244
vt 0.815918 0.249878
vt 0.818848 0.246582
vt 0.817871 0.246216
vt 0.821289 0.242432
vt 0.820312 0.241943
vt 0.824707 0.238892
vt 0.823242 0.238403
vt 0.829102 0.236694
vt 0.828125 0.23584
vt 0.833008 0.236206
vt 0.833496 0.235229
vt 0.837402 0.236816
vt 0.837891 0.236084
vt 0.841797 0.239136
vt 0.842285 0.238403
vt 0.845703 0.242065
vt 0.846191 0.241333
vt 0.848633 0.24585
vt 0.849121 0.245117
vt 0.851562 0.25
vt 0.852051 0.24939
vt 0.854004 0.253662
vt 0.854004 0.253174
vt 0.855957 0.256348
vt 0.856445 0.255859
vt 0.85791 0.257568
vt 0.858887 0.257324
vt 0.858398 0.258301
vt 0.861816 0.259033
vt 0.847168 0.262207
vt 0.862305 0.258301
vt 0.847168 0.260742
vt 0.869629 0.259277
vt 0.834473 0.262451
vt 0.870117 0.258545
vt 0.834473 0.263916
vt 0.946777 0.257812
vt 0.820801 0.262207
vt 0.946777 0.256836
vt 0.821289 0.263916
vt 0.962891 0.279785
vt 0.807617 0.260986
vt 0.963379 0.278809
vt 0.971191 0.279541
vt 0.970215 0.278564
vt 0.98584 0.210205
vt 0.984863 0.209839
vt 0.941895 0.28125
vt 0.934082 0.28125
vt 0.93457 0.283447
vt 0.345703 0.524902
vt 0.350342 0.526855
vt 0.12915 0.522949
vt 0.124084 0.524414
vt 0.353027 0.529297
vt 0.121094 0.527832
vt 0.354492 0.532715
vt 0.119507 0.53125
vt 0.35498 0.535156
vt 0.118958 0.535156
vt 0.119568 0.539062
vt 0.354492 0.537598
vt 0.121216 0.542969
vt 0.353271 0.541016
vt 0.124207 0.545898
vt 0.350586 0.543945
vt 0.129272 0.547363
vt 0.345703 0.545898
vt 0.812988 0.595703
vt 0.914551 0.583496
vt 0.916504 0.583008
vt 2.916016 0.583008
vt 2.914062 0.583496
vt 2.8125 0.595703
vt 2.648438 0.275146
vt 2.666016 0.274902
vt 2.666016 0.276123
vt 2.683594 0.27417
vt 2.683594 0.272705
vt 2.693359 0.27124
vt 2.693359 0.270264
vt 2.697266 0.269531
vt 2.699219 0.270264
vt 2.699219 0.268799
vt 2.708984 0.269531
vt 2.708984 0.268066
vt 2.720703 0.267334
vt 2.722656 0.266357
vt 2.726562 0.267822
vt 2.726562 0.266357
vt 2.740234 0.269043
vt 2.740234 0.267822
vt 2.753906 0.269287
vt 2.753906 0.268066
vt 2.767578 0.266357
vt 2.767578 0.267822
vt 2.779297 0.263916
vt 2.78125 0.265137
vt 2.785156 0.262695
vt 2.783203 0.261719
vt 2.783203 0.261963
vt 2.779297 0.260498
vt 2.78125 0.260254
vt 2.777344 0.257568
vt 2.777344 0.258057
vt 2.775391 0.253418
vt 2.773438 0.253662
vt 2.771484 0.249268
vt 2.771484 0.249512
vt 2.769531 0.244629
vt 2.767578 0.244995
vt 2.765625 0.241455
vt 2.763672 0.241943
vt 2.761719 0.238892
vt 2.761719 0.239624
vt 2.757812 0.236816
vt 2.757812 0.237793
vt 2.753906 0.236206
vt 2.753906 0.237183
vt 2.748047 0.236694
vt 2.748047 0.237427
vt 2.742188 0.238403
vt 2.744141 0.239014
vt 2.740234 0.240845
vt 2.742188 0.241211
vt 2.738281 0.24353
vt 2.738281 0.244019
vt 2.736328 0.247803
vt 2.736328 0.248047
vt 2.732422 0.25293
vt 2.734375 0.253174
vt 2.728516 0.259277
vt 2.939453 0.960938
vt 2.947266 0.961914
vt 2.955078 0.962402
vt 2.962891 0.962402
vt 2.970703 0.961426
vt 2.974609 0.960449
vt 2.978516 0.958496
vt 2.982422 0.955566
vt 2.986328 0.95166
vt 2.986328 0.943848
vt 2.990234 0.948242
vt 2.994141 0.944824
vt 2.978516 0.947754
vt 2.972656 0.947266
vt 2.962891 0.947266
vt 2.955078 0.947266
vt 2.945312 0.946777
vt 2.9375 0.946777
vt 2.931641 0.946777
vt 2.978516 0.977051
vt 2.984375 0.991211
vt 2.984375 0.977051
vt 2.988281 0.977051
vt 2.990234 0.99707
vt 0.932129 0.946777
vt 0.938477 0.946777
vt 0.946777 0.946777
vt 0.955566 0.947266
vt 0.964355 0.947266
vt 0.972656 0.947266
vt 0.978516 0.947754
vt 2.566406 0.26709
vt 2.5625 0.27002
vt 2.5625 0.270752
vt 2.556641 0.273926
vt 2.556641 0.273193
vt 2.554688 0.274658
vt 2.554688 0.275391
vt 2.548828 0.274658
vt 2.558594 0.275879
vt 2.560547 0.274902
vt 2.546875 0.275635
vt 2.451172 0.276123
vt 2.451172 0.2771
vt 2.373047 0.27832
vt 2.373047 0.279297
vt 2.335938 0.276123
vt 2.335938 0.2771
vt 2.253906 0.268311
vt 2.253906 0.269287
vt 2.232422 0.266113
vt 2.230469 0.26709
vt 2.208984 0.265869
vt 2.208984 0.266846
vt 2.185547 0.269775
vt 2.185547 0.270752
vt 2.164062 0.275391
vt 2.164062 0.276611
vt 2.142578 0.28418
vt 2.144531 0.284912
vt 2.126953 0.295166
vt 2.125 0.294434
vt 2.115234 0.304932
vt 2.113281 0.304443
vt 2.105469 0.315186
vt 2.103516 0.314941
vt 2.095703 0.327637
vt 2.09375 0.326904
vt 2.085938 0.341064
vt 2.085938 0.342041
vt 2.076172 0.368896
vt 2.076172 0.369873
vt 2.050781 0.377441
vt 2.052734 0.378662
vt 2.050781 0.378174
vt 2.046875 0.291748
vt 2.046875 0.29248
vt 2.052734 0.381836
vt 2.054688 0.381592
vt 2.277344 0.791504
vt 2.277344 0.805664
vt 2.267578 0.805664
vt 0.39502 0.720703
vt 0.392578 0.729004
vt 0.400635 0.713379
vt 0.408447 0.708984
vt 0.41748 0.708008
vt 0.42627 0.710449
vt 0.43335 0.71582
vt 0.437744 0.723633
vt 0.438965 0.73291
vt 0.267822 0.805664
vt 0.278809 0.805664
vt 0.278809 0.791504
vt 0.561523 0.274902
vt 0.572266 0.279297
vt 0.55957 0.275879
vt 0.558105 0.273926
vt 0.555664 0.275391
vt 0.5625 0.27002
vt 0.562988 0.270752
vt 0.557617 0.273193
vt 0.555176 0.274658
vt 0.548828 0.274658
vt 0.54834 0.275635
vt 0.45166 0.276123
vt 0.451416 0.2771
vt 0.373779 0.27832
vt 0.374023 0.279297
vt 0.337402 0.276123
vt 0.337158 0.2771
vt 0.255371 0.268311
vt 0.255127 0.269287
vt 0.232422 0.266113
vt 0.2323 0.26709
vt 0.209473 0.265869
vt 0.209351 0.266846
vt 0.186646 0.269775
vt 0.186523 0.270752
vt 0.164795 0.275391
vt 0.164673 0.276611
vt 0.144165 0.28418
vt 0.144897 0.284912
vt 0.127808 0.295166
vt 0.126465 0.294434
vt 0.115845 0.304932
vt 0.114624 0.304443
vt 0.105591 0.315186
vt 0.104553 0.314941
vt 0.096252 0.327637
vt 0.095093 0.326904
vt 0.08606 0.341064
vt 0.087463 0.342041
vt 0.076355 0.368896
vt 0.077332 0.369873
vt 0.052643 0.377441
vt 0.053131 0.378662
vt 0.05127 0.378174
vt 0.048248 0.291748
vt 0.046875 0.29248
vt 0.053528 0.381836
vt 0.054871 0.381592
vt 0.791016 0.878418
vt 0.79541 0.874023
vt 0.785645 0.883789
vt 0.794922 0.873535
vt 0.78125 0.88623
vt 0.463379 0.685547
vt 0.463623 0.684082
vt 0.592285 0.685547
vt 0.592773 0.684082
vt 0.814453 0.889648
vt 0.815918 0.88916
vt 0.816895 0.936035
vt 2.572266 0.279297
vt 2.558594 0.279541
vt 2.548828 0.280273
vt 2.451172 0.281738
vt 2.373047 0.282227
vt 2.335938 0.279541
vt 2.253906 0.271973
vt 2.230469 0.27002
vt 2.208984 0.269775
vt 2.185547 0.273682
vt 2.164062 0.279541
vt 2.146484 0.286621
vt 2.130859 0.295654
vt 2.117188 0.305664
vt 2.107422 0.316406
vt 2.097656 0.329102
vt 2.087891 0.343994
vt 2.078125 0.372559
vt 0.410156 0.508301
vt 0.409424 0.541992
vt 0.404541 0.508301
vt 0.403076 0.541992
vt 0.397705 0.508301
vt 0.397461 0.541992
vt 0.415771 0.541992
vt 0.416504 0.508301
vt 0.422607 0.541992
vt 0.421875 0.508301
vt 0.428467 0.541992
vt 0.428223 0.508301
vt 0.431152 0.541992
vt 0.430908 0.508301
vt 0.436279 0.541992
vt 0.436768 0.508301
vt 2.421875 0.541992
vt 2.427734 0.541992
vt 2.421875 0.508301
vt 2.427734 0.508301
vt 2.416016 0.508301
vt 2.429688 0.541992
vt 2.414062 0.541992
vt 2.429688 0.508301
vt 2.410156 0.508301
vt 2.435547 0.541992
vt 2.408203 0.541992
vt 2.435547 0.508301
vt 2.4375 0.541992
vt 2.4375 0.508301
vt 2.404297 0.508301
vt 2.402344 0.541992
vt 2.396484 0.508301
vt 2.396484 0.541992
vt 2.394531 0.508301
vt 2.394531 0.541992
vt 0.374512 0.282227
vt 0.451172 0.281738
vt 0.336914 0.279541
vt 0.548828 0.280273
vt 0.558594 0.279541
vt 0.255127 0.271973
vt 0.232178 0.27002
vt 0.209229 0.269775
vt 0.186401 0.273682
vt 0.164673 0.279541
vt 0.146606 0.286621
vt 0.131226 0.295654
vt 0.118896 0.305664
vt 0.108154 0.316406
vt 0.098633 0.329102
vt 0.0896 0.343994
vt 0.078735 0.372559
vt 2.933594 0.322754
vt 2.933594 0.283447
vt 2.933594 0.28125
vt 2.941406 0.28125
vt 2.84375 0.254883
vt 2.837891 0.24939
vt 2.832031 0.247803
vt 2.828125 0.249878
vt 2.824219 0.255859
vt 0.935059 0.322754
vt 0.824707 0.255859
vt 0.828613 0.249878
vt 0.833496 0.247803
vt 0.838867 0.24939
vt 0.84375 0.254883
vt 2.25 0.420166
vt 2.240234 0.412842
vt 2.246094 0.425781
vt 2.253906 0.433838
vt 2.255859 0.42749
vt 2.257812 0.432373
vt 2.257812 0.438721
vt 2.257812 0.447266
vt 2.25 0.442383
vt 2.246094 0.450439
vt 2.255859 0.455811
vt 2.236328 0.443848
vt 2.240234 0.435303
vt 2.228516 0.439941
vt 2.236328 0.420166
vt 2.232422 0.430908
vt 2.220703 0.438477
vt 2.222656 0.418457
vt 2.226562 0.409424
vt 2.210938 0.411621
vt 2.220703 0.429199
vt 2.210938 0.439209
vt 2.210938 0.42041
vt 2.203125 0.416992
vt 2.210938 0.429932
vt 2.201172 0.441406
vt 2.201172 0.422852
vt 2.199219 0.421143
vt 2.197266 0.426514
vt 2.201172 0.432373
vt 2.191406 0.442383
vt 2.193359 0.43457
vt 0.536621 0.728516
vt 0.775879 0.72998
vt 0.533203 0.729004
vt 0.778809 0.730469
vt 0.785156 0.73584
vt 0.787109 0.739746
vt 2.611328 0.274902
vt 2.609375 0.274902
vt 2.605469 0.272461
vt 2.609375 0.276855
vt 2.605469 0.275391
vt 2.603516 0.268555
vt 2.595703 0.278809
vt 2.601562 0.268799
vt 2.595703 0.277344
vt 2.599609 0.263672
vt 2.583984 0.278564
vt 2.599609 0.263916
vt 2.583984 0.279541
vt 2.597656 0.260254
vt 2.572266 0.277832
vt 2.597656 0.260498
vt 2.59375 0.25708
vt 2.59375 0.257568
vt 2.591797 0.254639
vt 2.589844 0.255371
vt 2.585938 0.253174
vt 2.585938 0.25415
vt 2.580078 0.253174
vt 2.582031 0.25415
vt 2.576172 0.254639
vt 2.576172 0.255615
vt 2.572266 0.257568
vt 2.572266 0.258301
vt 2.568359 0.261475
vt 2.568359 0.262451
vt 2.564453 0.266357
vt 2.322266 0.71875
vt 2.304688 0.71875
vt 2.322266 0.765137
vt 2.294922 0.766113
vt 2.279297 0.718262
vt 2.302734 0.782227
vt 2.322266 0.780762
vt 2.308594 0.791992
vt 2.322266 0.791016
vt 2.310547 0.79834
vt 2.322266 0.797852
vt 2.3125 0.802734
vt 2.322266 0.802246
vt 2.314453 0.806641
vt 2.322266 0.806641
vt 2.316406 0.810547
vt 2.322266 0.810059
vt 2.316406 0.814453
vt 2.322266 0.813965
vt 2.316406 0.817871
vt 2.322266 0.817871
vt 0.237793 0.443848
vt 0.229614 0.439941
vt 0.241821 0.435303
vt 0.232666 0.430908
vt 0.222168 0.438477
vt 0.251465 0.442383
vt 0.255615 0.433838
vt 0.259277 0.438721
vt 0.258545 0.432373
vt 0.256104 0.42749
vt 0.250977 0.420166
vt 0.246704 0.425781
vt 0.240479 0.412842
vt 0.236572 0.420166
vt 0.224487 0.418457
vt 0.227295 0.409424
vt 0.212646 0.411621
vt 0.222534 0.429199
vt 0.211914 0.439209
vt 0.211792 0.42041
vt 0.204834 0.416992
vt 0.211426 0.429932
vt 0.201416 0.441406
vt 0.202271 0.422852
vt 0.200439 0.421143
vt 0.19751 0.426514
vt 0.201172 0.432373
vt 0.192383 0.442383
vt 0.786621 0.901855
vt 0.795898 0.898926
vt 0.788086 0.904785
vt 0.790527 0.907227
vt 0.786133 0.898438
vt 0.793945 0.908691
vt 0.786621 0.89502
vt 0.797363 0.908691
vt 0.788574 0.89209
vt 0.800781 0.907715
vt 0.791504 0.890137
vt 0.803223 0.905273
vt 0.794434 0.88916
vt 0.805176 0.902344
vt 0.797852 0.88916
vt 0.805664 0.898926
vt 0.80127 0.890625
vt 0.805176 0.895508
vt 0.803711 0.892578
vt 2.679688 0.132812
vt 2.423828 0.144287
vt 2.679688 0.137573
vt 2.90625 0.120178
vt 2.423828 0.149048
vt 2.376953 0.146484
vt 2.517578 0.193726
vt 2.375 0.151367
vt 2.369141 0.149414
vt 2.371094 0.145386
vt 2.363281 0.144287
vt 2.367188 0.141968
vt 2.363281 0.135742
vt 2.359375 0.136353
vt 2.363281 0.128418
vt 2.357422 0.127808
vt 2.363281 0.097168
vt 2.359375 0.094849
vt 2.365234 0.091248
vt 2.361328 0.088501
vt 2.369141 0.085815
vt 2.365234 0.082764
vt 2.373047 0.080383
vt 2.369141 0.077026
vt 2.378906 0.075928
vt 2.375 0.072083
vt 2.384766 0.073669
vt 2.382812 0.069092
vt 2.878906 0.051514
vt 2.882812 0.046875
vt 2.888672 0.053864
vt 2.892578 0.049927
vt 2.896484 0.058594
vt 2.900391 0.055206
vt 2.902344 0.064819
vt 2.90625 0.061829
vt 2.90625 0.070557
vt 2.910156 0.067932
vt 2.908203 0.076965
vt 2.912109 0.07489
vt 2.908203 0.116272
vt 2.912109 0.116638
vt 2.910156 0.123474
vt 2.681641 0.186035
vt 2.896484 0.171509
vt 0.322754 0.810059
vt 0.31665 0.810547
vt 0.322754 0.806641
vt 0.315674 0.806641
vt 0.322754 0.802246
vt 0.314209 0.802734
vt 0.322754 0.797852
vt 0.312012 0.79834
vt 0.322754 0.791016
vt 0.308594 0.791992
vt 0.322754 0.780762
vt 0.303711 0.782227
vt 0.322754 0.765137
vt 0.295898 0.766113
vt 0.304688 0.71875
vt 0.279541 0.718262
vt 0.322754 0.71875
vt 0.678711 0.896484
vt 0.632324 0.899414
vt 0.678711 0.899902
vt 0.632324 0.90332
vt 0.678711 0.90332
vt 0.632324 0.907227
vt 0.678711 0.907715
vt 0.632324 0.911133
vt 0.678711 0.911621
vt 0.632324 0.915039
vt 0.678711 0.915527
vt 0.632324 0.918457
vt 0.678711 0.918945
vt 0.678711 0.924316
vt 0.632324 0.923828
vt 2.742188 0.261963
vt 2.746094 0.253662
vt 2.751953 0.250732
vt 2.757812 0.252686
vt 2.763672 0.260986
vt 0.682617 0.186035
vt 0.518555 0.193726
vt 0.681152 0.137573
vt 0.425537 0.149048
vt 0.910156 0.123474
vt 0.897949 0.171509
vt 0.90625 0.120178
vt 0.913574 0.116638
vt 0.681152 0.132812
vt 0.908203 0.116272
vt 0.424316 0.144287
vt 0.913574 0.07489
vt 0.377197 0.146484
vt 0.908691 0.076965
vt 0.375488 0.151367
vt 0.911133 0.067932
vt 0.369873 0.149414
vt 0.906738 0.070557
vt 0.372559 0.145386
vt 0.907227 0.061829
vt 0.363525 0.144287
vt 0.902832 0.064819
vt 0.368164 0.141968
vt 0.901367 0.055206
vt 0.364746 0.135742
vt 0.897461 0.058594
vt 0.359375 0.136353
vt 0.893555 0.049927
vt 0.363281 0.128418
vt 0.88916 0.053864
vt 0.358154 0.127808
vt 0.884277 0.046875
vt 0.364746 0.097168
vt 0.879883 0.051514
vt 0.359863 0.094849
vt 0.382812 0.069092
vt 0.366943 0.091248
vt 0.38623 0.073669
vt 0.362549 0.088501
vt 0.375977 0.072083
vt 0.370117 0.085815
vt 0.379883 0.075928
vt 0.365723 0.082764
vt 0.370117 0.077026
vt 0.374268 0.080383
vt 2.658203 0.25708
vt 2.652344 0.268066
vt 2.664062 0.253174
vt 2.671875 0.255859
vt 2.677734 0.264893
vt 2.648438 0.273682
vt 0.742676 0.261963
vt 0.746582 0.253662
vt 0.752441 0.250732
vt 0.758789 0.252686
vt 0.765137 0.260986
vt 2.857422 0.259766
vt 0.85791 0.259766
vt 0.649414 0.273682
vt 0.652344 0.268066
vt 0.658691 0.25708
vt 0.665039 0.253174
vt 0.671875 0.255859
vt 0.678711 0.264893
vt 2.574219 0.273926
vt 2.578125 0.26709
vt 2.583984 0.263672
vt 2.589844 0.266846
vt 2.59375 0.27417
vt 0.591309 0.255371
vt 0.584473 0.263672
vt 0.587402 0.25415
vt 0.582031 0.25415
vt 0.577148 0.255615
vt 0.59082 0.266846
vt 0.594238 0.257568
vt 0.597656 0.260498
vt 0.599609 0.263916
vt 0.602539 0.268799
vt 0.578613 0.26709
vt 0.573242 0.258301
vt 0.569824 0.262451
vt 0.566406 0.26709
vt 0.594727 0.27417
vt 0.605957 0.272461
vt 0.584473 0.278564
vt 0.59668 0.277344
vt 0.606934 0.275391
vt 0.609863 0.274902
vt 0.574219 0.273926
vt 0.572266 0.277832
vt 0.565918 0.266357
vt 0.569336 0.261475
vt 0.572754 0.257568
vt 0.57666 0.254639
vt 0.581543 0.253174
vt 0.587402 0.253174
vt 0.592285 0.254639
vt 0.595215 0.25708
vt 0.598145 0.260254
vt 0.600586 0.263672
vt 0.603516 0.268555
vt 0.606934 0.272461
vt 0.611328 0.274902
vt 0.609375 0.276855
vt 0.59668 0.278809
vt 0.584473 0.279541
vt 2.990234 0.572266
vt 2.984375 0.572266
vt 2.990234 0.732422
vt 2.984375 0.732422
vt 2.980469 0.572754
vt 2.980469 0.733398
vt 2.976562 0.573242
vt 2.976562 0.734863
vt 2.972656 0.574707
vt 2.972656 0.737305
vt 2.966797 0.576172
vt 2.966797 0.740723
vt 2.960938 0.578613
vt 2.958984 0.746094
vt 2.951172 0.582031
vt 2.947266 0.754395
vt 2.935547 0.587891
vt 2.931641 0.76709
vt 2.886719 0.600586
vt 2.882812 0.76709
vt 2.691406 0.288818
vt 2.691406 0.322754
vt 2.705078 0.291016
vt 2.705078 0.322754
vt 2.681641 0.322754
vt 2.71875 0.322754
vt 2.681641 0.283447
vt 2.71875 0.289062
vt 2.677734 0.322754
vt 2.726562 0.322754
vt 2.677734 0.282471
vt 2.726562 0.283936
vt 2.666016 0.282715
vt 2.728516 0.322754
vt 2.666016 0.322754
vt 2.728516 0.282715
vt 2.664062 0.283691
vt 2.738281 0.282715
vt 2.664062 0.322754
vt 2.738281 0.322754
vt 2.654297 0.288574
vt 2.748047 0.322754
vt 2.654297 0.322754
vt 2.748047 0.282715
vt 2.644531 0.290039
vt 2.751953 0.28418
vt 2.644531 0.322754
vt 2.751953 0.322754
vt 2.636719 0.322754
vt 2.759766 0.289795
vt 2.636719 0.288574
vt 2.759766 0.322754
vt 2.626953 0.322754
vt 2.769531 0.291748
vt 2.626953 0.285889
vt 2.769531 0.322754
vt 2.619141 0.285889
vt 2.78125 0.322754
vt 2.619141 0.322754
vt 2.78125 0.290283
vt 2.544922 0.322754
vt 2.791016 0.322754
vt 2.544922 0.285889
vt 2.791016 0.284668
vt 2.486328 0.29126
vt 2.794922 0.322754
vt 2.486328 0.322754
vt 2.458984 0.294434
vt 2.458984 0.322754
vt 2.794922 0.282715
vt 2.804688 0.322754
vt 2.804688 0.282715
vt 2.810547 0.28418
vt 2.810547 0.322754
vt 2.820312 0.289307
vt 2.820312 0.322754
vt 2.830078 0.29126
vt 2.830078 0.322754
vt 2.839844 0.322754
vt 2.839844 0.289307
vt 2.847656 0.322754
vt 2.847656 0.283691
vt 0.666992 0.322754
vt 0.666992 0.282715
vt 0.678711 0.322754
vt 0.678711 0.282471
vt 0.664062 0.283691
vt 0.682617 0.283447
vt 0.664062 0.322754
vt 0.682617 0.322754
vt 0.655762 0.288574
vt 0.691895 0.288818
vt 0.655762 0.322754
vt 0.691895 0.322754
vt 0.645996 0.290039
vt 0.706055 0.291016
vt 0.645996 0.322754
vt 0.706055 0.322754
vt 0.636719 0.322754
vt 0.720215 0.322754
vt 0.636719 0.288574
vt 0.720215 0.289062
vt 0.626953 0.322754
vt 0.727051 0.322754
vt 0.626953 0.285889
vt 0.727051 0.283936
vt 0.619629 0.285889
vt 0.72998 0.322754
vt 0.619629 0.322754
vt 0.72998 0.282715
vt 0.54541 0.322754
vt 0.738281 0.282715
vt 0.54541 0.285889
vt 0.738281 0.322754
vt 0.487305 0.29126
vt 0.748047 0.322754
vt 0.487305 0.322754
vt 0.458984 0.294434
vt 0.458984 0.322754
vt 0.748047 0.282715
vt 0.751953 0.28418
vt 0.751953 0.322754
vt 0.760742 0.289795
vt 0.760742 0.322754
vt 0.770996 0.291748
vt 0.770996 0.322754
vt 0.781738 0.322754
vt 0.781738 0.290283
vt 0.791016 0.322754
vt 0.791016 0.284668
vt 0.79541 0.322754
vt 0.79541 0.282715
vt 0.805664 0.322754
vt 0.805664 0.282715
vt 0.811523 0.28418
vt 0.811523 0.322754
vt 0.820312 0.289307
vt 0.820312 0.322754
vt 0.831055 0.29126
vt 0.831055 0.322754
vt 0.84082 0.322754
vt 0.84082 0.289307
vt 0.847656 0.322754
vt 0.847656 0.283691
vt 0.615234 0.922363
vt 0.611328 0.929199
vt 0.603027 0.929199
vt 2.763672 0.217651
vt 2.648438 0.220581
vt 2.587891 0.219849
vt 2.882812 0.214233
vt 2.964844 0.210693
vt 2.548828 0.219482
vt 0.787109 0.786133
vt 0.787109 0.790039
vt 0.786621 0.839355
vt 0.884277 0.76709
vt 0.888184 0.600586
vt 0.931641 0.76709
vt 0.935547 0.587891
vt 0.94873 0.754395
vt 0.951172 0.582031
vt 0.959473 0.746094
vt 0.961426 0.578613
vt 0.967285 0.740723
vt 0.968262 0.576172
vt 0.972656 0.737305
vt 0.973145 0.574707
vt 0.977539 0.734863
vt 0.977539 0.573242
vt 0.981445 0.733398
vt 0.981445 0.572754
vt 0.76416 0.217651
vt 0.648926 0.220581
vt 0.587891 0.219849
vt 0.883789 0.214233
vt 0.96582 0.210693
vt -0.357178 0.097107
vt -0.391113 0.084717
vt -0.432373 0.105286
vt -0.460205 0.091614
vt -0.549805 0.112854
vt -0.572754 0.098389
vt -0.555176 0.114258
vt -0.578125 0.099915
vt 0.309814 0.426514
vt 0.316162 0.433105
vt 0.306641 0.433105
vt 0.29834 0.421387
vt 0.313232 0.437744
vt 0.319336 0.441406
vt 0.310059 0.446533
vt 0.30127 0.452881
vt 0.303467 0.443604
vt 0.293213 0.450684
vt 0.296387 0.429443
vt 0.294434 0.441406
vt 0.285889 0.449951
vt 0.286133 0.428711
vt 0.286621 0.419922
vt 0.275391 0.42334
vt 0.285645 0.440674
vt 0.278076 0.451172
vt 0.275146 0.432129
vt 0.267822 0.429932
vt 0.276611 0.442139
vt 0.269043 0.453613
vt 0.267334 0.435791
vt 0.264648 0.433594
vt 0.267822 0.444824
vt 0.262695 0.439209
vt 0.487305 0.759277
vt 0.479736 0.730957
vt 0.479736 0.760254
vt 0.472168 0.759277
vt 0.494385 0.756348
vt 0.465088 0.756348
vt 0.500488 0.751465
vt 0.458984 0.751465
vt 0.504883 0.745605
vt 0.454346 0.745605
vt 0.507812 0.738281
vt 0.451416 0.738281
vt 0.508789 0.730957
vt 0.450439 0.730957
vt 0.507812 0.723145
vt 0.451416 0.723145
vt 0.504883 0.716309
vt 0.454346 0.716309
vt 0.500488 0.709961
vt 0.458984 0.709961
vt 0.494385 0.705566
vt 0.465088 0.705566
vt 0.487305 0.702637
vt 0.472168 0.702637
vt 0.479736 0.70166
vt 0.479736 0.699219
vt 0.471436 0.700195
vt 0.463867 0.703613
vt 0.487793 0.700195
vt 0.457275 0.708496
vt 0.495361 0.703613
vt 0.452393 0.714844
vt 0.501953 0.708496
vt 0.449219 0.722656
vt 0.506836 0.714844
vt 0.447998 0.730957
vt 0.510254 0.722656
vt 0.449219 0.739258
vt 0.51123 0.730957
vt 0.452393 0.746582
vt 0.510254 0.739258
vt 0.457275 0.753418
vt 0.506836 0.746582
vt 0.463867 0.758301
vt 0.501953 0.753418
vt 0.471436 0.76123
vt 0.495361 0.758301
vt 0.479736 0.762695
vt 0.487793 0.76123
vt 0.55127 0.375
vt 0.992676 0.375
vt 0.55127 0.38208
vt 0.992676 0.380371
vt 0.55127 0.387451
vt 0.992676 0.384277
vt 2.28125 0.629883
vt 2.300781 0.632324
vt 2.279297 0.649414
vt 2.322266 0.633789
vt 2.302734 0.651367
vt 2.279297 0.67334
vt 2.322266 0.652832
vt 2.302734 0.674805
vt 2.322266 0.675781
vt 0.945801 0.260986
vt 0.868652 0.261719
vt 0.861328 0.260986
vt 0.165894 0.181885
vt 0.165894 0.209961
vt 0.176025 0.209961
vt 0.176025 0.181885
vt 0.322754 0.675781
vt 0.303223 0.674805
vt 0.322754 0.652832
vt 0.279785 0.67334
vt 0.302734 0.651367
vt 0.322754 0.633789
vt 0.280518 0.649414
vt 0.30249 0.632324
vt 0.281494 0.629883
vt 2.949219 0.888184
vt 2.953125 0.835938
vt 2.308594 0.426514
vt 2.296875 0.421387
vt 2.306641 0.433105
vt 2.314453 0.433105
vt 2.3125 0.437744
vt 2.318359 0.441406
vt 2.320312 0.450195
vt 2.308594 0.446533
vt 2.306641 0.455322
vt 2.320312 0.458496
vt 2.300781 0.452881
vt 2.302734 0.443604
vt 2.292969 0.450684
vt 2.294922 0.429443
vt 2.292969 0.441406
vt 2.285156 0.449951
vt 2.285156 0.428711
vt 2.285156 0.419922
vt 2.275391 0.42334
vt 2.285156 0.440674
vt 2.277344 0.451172
vt 2.273438 0.432129
vt 2.267578 0.429932
vt 2.275391 0.442139
vt 2.267578 0.453613
vt 2.265625 0.435791
vt 2.263672 0.433594
vt 2.261719 0.439209
vt 2.267578 0.444824
vt 2.257812 0.456299
vt 2.259766 0.44751
vt 2.451172 0.220093
vt 2.373047 0.222412
vt 2.333984 0.224243
vt 2.251953 0.228394
vt 2.169922 0.2323
vt 2.15625 0.239014
vt 2.103516 0.263184
vt 0.891113 0.82373
vt 0.891113 0.814941
vt 0.938477 0.825684
vt 0.94043 0.776367
vt 0.942871 0.774902
vt 0.941406 0.825684
vt 0.953125 0.835938
vt 0.950195 0.888184
vt 0.376709 0.80957
vt 0.391357 0.813965
vt 0.489258 0.766602
vt 0.479736 0.768066
vt 0.469971 0.766602
vt 0.498291 0.763184
vt 0.461182 0.763184
vt 0.505859 0.757324
vt 0.453369 0.757324
vt 0.511719 0.749512
vt 0.44751 0.749512
vt 0.515625 0.740723
vt 0.443848 0.740723
vt 0.516602 0.730957
vt 0.442383 0.730957
vt 0.515625 0.721191
vt 0.443848 0.721191
vt 0.511719 0.712402
vt 0.44751 0.712402
vt 0.505859 0.70459
vt 0.453369 0.70459
vt 0.498291 0.69873
vt 0.461182 0.69873
vt 0.489258 0.694824
vt 0.469971 0.694824
vt 0.479736 0.693848
vt -1.25 0.557617
vt -1.25 0.559082
vt -1.249023 0.557617
vt -1.249023 0.559082
vt -1.250977 0.558594
vt -1.216797 0.560547
vt -1.216797 0.562012
vt -1.250977 0.557617
vt -1.251953 0.558594
vt -1.21582 0.561035
vt -1.21582 0.562012
vt -1.216797 0.55957
vt -1.21582 0.55957
vt -1.214844 0.561035
vt -1.214844 0.5625
vt -1.214844 0.560059
vt -1.249023 0.556152
vt -1.212891 0.560059
vt -1.25 0.556152
vt -1.250977 0.556152
vt -1.211914 0.561035
vt -1.213867 0.561523
vt -1.213867 0.562988
vt -1.211914 0.562012
vt -1.212891 0.563477
vt -1.209961 0.561523
vt -1.210938 0.562988
vt -1.211914 0.563965
vt -1.208984 0.562012
vt -1.209961 0.563477
vt -1.210938 0.564453
vt -1.208984 0.5625
vt -1.208984 0.563965
vt -1.209961 0.564941
vt -1.208008 0.563477
vt -1.208984 0.564453
vt -1.208984 0.56543
vt -1.207031 0.564453
vt -1.208008 0.56543
vt -1.208984 0.565918
vt -1.206055 0.56543
vt -1.207031 0.566406
vt -1.208008 0.567383
vt -1.204102 0.567383
vt -1.205078 0.567871
vt -1.207031 0.568848
vt -1.203125 0.569336
vt -1.204102 0.569824
vt -1.205078 0.570801
vt -1.201172 0.571289
vt -1.200195 0.573242
vt -1.203125 0.572266
vt -1.201172 0.574219
vt -1.204102 0.572754
vt -1.202148 0.575195
vt 0.550293 0.219482
vt 0.451172 0.220093
vt 0.373535 0.222412
vt 0.335693 0.224243
vt 0.253418 0.228394
vt 0.170044 0.2323
vt 0.15625 0.239014
vt 0.105347 0.263184
vt 2.861328 0.260986
vt 2.867188 0.261719
vt 2.945312 0.260986
vt 2.982422 0.429688
vt 2.988281 0.438721
vt 2.984375 0.470459
vt 2.984375 0.498779
vt 2.984375 0.522461
vt 2.925781 0.558105
vt 2.982422 0.528809
vt 2.931641 0.560059
vt 2.9375 0.561035
vt 2.982422 0.534668
vt 2.947266 0.55957
vt 2.976562 0.541504
vt 2.970703 0.547852
vt 2.962891 0.552734
vt 2.957031 0.556641
vt 0.688477 0.875488
vt 0.682617 0.879883
vt 0.679199 0.88623
vt 0.637207 0.59668
vt 0.659668 0.602539
vt 0.638184 0.603027
vt 0.619629 0.566895
vt 0.65918 0.54834
vt 0.378174 0.54834
vt 0.371094 0.54834
vt 0.371338 0.602539
vt 0.964355 0.552734
vt 0.957031 0.556641
vt 0.947754 0.55957
vt 0.970703 0.547852
vt 0.977539 0.541504
vt 0.982422 0.534668
vt 0.938965 0.561035
vt 0.983887 0.528809
vt 0.932617 0.560059
vt 0.92627 0.558105
vt 0.985352 0.522461
vt 0.98584 0.498779
vt 0.98584 0.470459
vt 0.98877 0.438721
vt 0.983398 0.429688
vt 0.724121 0.354004
vt 0.731934 0.354004
vt 0.723633 0.355469
vt 0.731445 0.355469
vt 0.717773 0.355469
vt 0.739746 0.354004
vt 0.717773 0.354004
vt 0.739746 0.355469
vt 0.714844 0.354736
vt 0.746582 0.354004
vt 0.715332 0.353271
vt 0.746582 0.355469
vt 0.712402 0.352051
vt 0.753906 0.354004
vt 0.713379 0.351074
vt 0.753418 0.355469
vt 0.711426 0.348389
vt 0.761719 0.354248
vt 0.712891 0.348389
vt 0.76123 0.355469
vt 0.712402 0.344727
vt 0.770508 0.354248
vt 0.713379 0.345703
vt 0.77002 0.355469
vt 0.714844 0.342041
vt 0.783691 0.354248
vt 0.715332 0.343506
vt 0.782227 0.355713
vt 0.717773 0.341309
vt 0.790527 0.354492
vt 0.717773 0.342773
vt 0.789551 0.355713
vt 0.723633 0.341309
vt 0.794922 0.354492
vt 0.724121 0.342529
vt 0.794434 0.355713
vt 0.798828 0.354492
vt 0.79834 0.355957
vt 0.731445 0.341309
vt 0.731934 0.342773
vt 0.739746 0.341064
vt 0.739746 0.342773
vt 0.746582 0.341309
vt 0.746582 0.342773
vt 0.753418 0.341309
vt 0.753906 0.342773
vt 0.76123 0.341309
vt 0.762207 0.342773
vt 0.77002 0.341553
vt 0.770996 0.342773
vt 0.782715 0.341797
vt 0.783691 0.343018
vt 0.789551 0.341553
vt 0.791016 0.343018
vt 0.794434 0.341553
vt 0.794922 0.343018
vt 0.79834 0.341553
vt 0.798828 0.343018
vt 2.355469 0.203003
vt 2.355469 0.206421
vt 2.423828 0.204102
vt 2.423828 0.199829
vt 2.357422 0.199707
vt 2.423828 0.196655
vt 2.359375 0.197266
vt 2.421875 0.194214
vt 2.400391 0.174072
vt 0.660645 0.548828
vt 0.669434 0.603027
vt 0.714844 0.54834
vt 0.525391 0.730469
vt 0.529297 0.727539
vt 0.532715 0.726074
vt 0.779297 0.727051
vt 0.356445 0.206421
vt 0.356445 0.203003
vt 0.425049 0.204102
vt 0.425049 0.199829
vt 0.358398 0.199707
vt 0.423828 0.196655
vt 0.360596 0.197266
vt 0.422607 0.194214
vt 0.4021 0.174072
vt 0.716309 0.550293
vt 0.71582 0.603027
vt 2.347656 0.318359
vt 2.339844 0.323242
vt 2.351562 0.328125
vt 2.363281 0.296875
vt 2.369141 0.305664
vt 2.373047 0.31665
vt 2.34375 0.33374
vt 2.353516 0.339844
vt 2.373047 0.32959
vt 2.332031 0.324707
vt 2.355469 0.353271
vt 2.390625 0.418701
vt 2.34375 0.345459
vt 2.332031 0.335693
vt 2.318359 0.333008
vt 2.320312 0.322266
vt 2.332031 0.347412
vt 2.345703 0.359131
vt 2.289062 0.319824
vt 2.292969 0.309082
vt 2.318359 0.344727
vt 2.333984 0.361084
vt 2.337891 0.415283
vt 2.261719 0.310547
vt 2.263672 0.299805
vt 2.318359 0.358643
vt 2.289062 0.331543
vt 0.965332 0.208862
vt 0.883301 0.212158
vt 0.76416 0.215576
vt 0.648926 0.218506
vt 0.587891 0.217896
vt 0.550293 0.217407
vt 0.451172 0.21814
vt 0.88916 0.770508
vt 0.939453 0.770508
vt 0.890137 0.792969
vt 2.683594 0.202271
vt 2.878906 0.195068
vt 2.681641 0.188232
vt 2.519531 0.195801
vt 2.519531 0.203735
vt 2.896484 0.173096
vt 2.457031 0.199585
vt 2.457031 0.203613
vt 2.455078 0.196045
vt 2.453125 0.193726
vt 0.369873 0.442383
vt 0.39502 0.445068
vt 0.370117 0.451416
vt 0.394775 0.453857
vt 0.345947 0.451172
vt 0.344727 0.442139
vt 0.334473 0.454346
vt 0.33252 0.445557
vt 0.391357 0.369629
vt 0.391357 0.327148
vt 0.401123 0.369629
vt 0.401123 0.327148
vt 0.409424 0.369629
vt 0.409424 0.327148
vt 0.416016 0.369629
vt 0.416016 0.327148
vt 0.422363 0.327148
vt 0.422363 0.369629
vt 0.429199 0.327148
vt 0.429199 0.369629
vt 0.468018 0.369629
vt 0.468018 0.327148
vt 0.472168 0.333496
vt 0.472168 0.363525
vt 0.6875 0.359375
vt 0.688477 0.364014
vt 0.470703 0.369629
vt 0.688477 0.369629
vt 0.936523 0.369629
vt 0.937012 0.364746
vt 0.710449 0.359131
vt 0.929199 0.359375
vt 0.707031 0.357666
vt 0.932617 0.35791
vt 0.935547 0.355225
vt 0.937012 0.351807
vt 0.70459 0.354736
vt 0.703125 0.351318
vt 0.702148 0.348389
vt 0.982422 0.369629
vt 0.9375 0.348389
vt 0.6875 0.337646
vt 0.703125 0.345459
vt 0.70459 0.342041
vt 0.707031 0.339355
vt 0.710449 0.337891
vt 0.470703 0.327148
vt 0.688477 0.327148
vt 0.929199 0.337646
vt 0.932617 0.338867
vt 0.935547 0.341797
vt 0.937012 0.345215
vt 0.987305 0.369629
vt 0.987305 0.327148
vt 0.992188 0.327148
vt 0.992188 0.369629
vt 0.457275 0.652344
vt 2.796875 0.711426
vt 2.794922 0.76709
vt 2.814453 0.76709
vt 2.820312 0.602051
vt 2.839844 0.76709
vt 2.800781 0.603027
vt 2.84375 0.601074
vt 0.897461 0.173096
vt 0.879395 0.195068
vt 0.683105 0.188232
vt 0.683594 0.202271
vt 0.520508 0.195801
vt 0.520996 0.203735
vt 0.457031 0.199585
vt 0.457031 0.203613
vt 0.456299 0.196045
vt 0.45459 0.193726
vt 0.062744 0.122925
vt 0.156738 0.122925
vt 0.156738 0.129639
vt 0.062744 0.129639
vt 0.844727 0.601074
vt 0.839844 0.76709
vt 0.821777 0.602051
vt 0.815918 0.76709
vt 0.79834 0.711426
vt 0.796875 0.76709
vt 0.802246 0.603027
vt 0.78125 0.852051
vt 0.760742 0.871582
vt 0.775879 0.851074
vt 0.77002 0.851562
vt 0.747559 0.874512
vt 0.689941 0.884766
vt 0.686035 0.888672
vt 0.847168 0.935547
vt 0.817871 0.770508
vt 0.842773 0.770508
vt 0.844727 0.853027
vt 0.852539 0.931152
vt 0.856934 0.925293
vt 0.005707 0.230225
vt 0.005707 0.021164
vt 0.032379 0.230225
vt 0.032379 0.003754
vt 0.038025 0.003756
vt 0.038025 0.230225
vt 2.353516 0.510742
vt 2.267578 0.510742
vt 2.166016 0.510742
vt 2.064453 0.510742
vt 2.033203 0.510742
vt 0.638184 0.612793
vt 0.638184 0.606445
vt 0.415283 0.606934
vt 0.715332 0.652344
vt 0.715332 0.678711
vt 0.163818 0.015778
vt 0.274902 0.015671
vt 0.163818 0.008026
vt 0.274902 0.007935
vt 2.964844 0.208862
vt 2.984375 0.20813
vt 0.083496 0.537598
vt 0.083496 0.516602
vt 0.092773 0.537598
vt 0.092773 0.516602
vt 0.077148 0.516602
vt 0.09729 0.537598
vt 0.077148 0.537598
vt 0.09729 0.516602
vt 0.105164 0.531738
vt 0.105164 0.516602
vt 0.071594 0.516602
vt 0.071594 0.537598
vt 0.065491 0.516602
vt 0.065491 0.537598
vt 0.058472 0.516602
vt 0.058472 0.537598
vt 0.052094 0.516602
vt 0.052094 0.537598
vt 0.049744 0.516602
vt 0.049744 0.537598
vt 0.047821 0.516602
vt 0.047821 0.537598
vt 0.045654 0.516602
vt 0.045654 0.537598
vt 0.043182 0.516602
vt 0.043182 0.537598
vt 0.034149 0.510742
vt 0.065857 0.510742
vt 0.166748 0.510742
vt 0.268311 0.510742
vt 0.35498 0.510742
vt -1.743164 0.861328
vt -1.696289 0.859863
vt -1.692383 0.856445
vt -1.744141 0.858398
vt -1.588867 0.85498
vt -1.588867 0.85791
vt -1.581055 0.853027
vt -1.578125 0.855957
vt -1.634766 0.836426
vt -1.65918 0.829102
vt -1.665039 0.827148
vt -1.74707 0.855957
vt -1.668945 0.826172
vt -1.748047 0.853516
vt -1.673828 0.82373
vt -1.75 0.850586
vt 0.984863 0.20813
vt 2.527344 0.913086
vt 0.253418 0.226318
vt 0.171875 0.230103
vt 0.441162 0.691406
vt 0.433105 0.678711
vt 0.4375 0.692871
vt 0.433594 0.693848
vt 0.444092 0.688965
vt 0.429688 0.693359
vt 0.446289 0.685547
vt 0.426025 0.691895
vt 0.447754 0.682129
vt 0.422852 0.689453
vt 0.447998 0.678223
vt 0.42041 0.686523
vt 0.44751 0.674316
vt 0.418701 0.683105
vt 0.445801 0.670898
vt 0.418213 0.679199
vt 0.443359 0.66748
vt 0.418457 0.675293
vt 0.440186 0.665527
vt 0.419922 0.671875
vt 0.436523 0.664062
vt 0.422119 0.668457
vt 0.432617 0.663574
vt 0.425293 0.666016
vt 0.428711 0.664551
vt 0.052551 0.222168
vt 0.052551 0.003756
vt 2.230469 0.303955
vt 2.232422 0.292969
vt 2.261719 0.32251
vt 2.289062 0.345703
vt 2.201172 0.30127
vt 2.201172 0.290283
vt 2.230469 0.315674
vt 2.261719 0.336182
vt 2.171875 0.303467
vt 2.171875 0.29248
vt 2.144531 0.298096
vt 2.199219 0.312988
vt 2.230469 0.329346
vt 2.259766 0.363281
vt 2.148438 0.309082
vt 2.134766 0.302246
vt 2.171875 0.31543
vt 2.199219 0.326416
vt 2.228516 0.360596
vt 2.136719 0.313965
vt 2.148438 0.320801
vt 2.136719 0.324951
vt 2.171875 0.329346
vt 2.146484 0.334717
vt 2.136719 0.338623
vt 2.197266 0.364746
vt 2.167969 0.375977
vt 2.142578 0.38916
vt 2.128906 0.387695
vt 2.126953 0.407471
vt 2.130859 0.406982
vt 2.126953 0.416504
vt 2.134766 0.406006
vt 2.144531 0.399902
vt 2.158203 0.395996
vt 2.169922 0.397461
vt 2.195312 0.391846
vt 2.177734 0.402832
vt 2.226562 0.390381
vt 2.195312 0.406738
vt 2.185547 0.411865
vt 2.1875 0.417236
vt 2.189453 0.424316
vt 2.189453 0.433594
vt 2.1875 0.441406
vt 2.259766 0.395996
vt 0.174927 0.103149
vt 0.163452 0.103149
vt 0.174927 0.10144
vt 0.163452 0.10144
vt 0.174927 0.099915
vt 0.163452 0.099915
vt 0.174927 0.098083
vt 0.163452 0.098083
vt 0.174927 0.09613
vt 0.163452 0.09613
vt 0.174927 0.094299
vt 0.163452 0.094299
vt 0.174927 0.092773
vt 0.163452 0.092773
vt 2.048828 0.516602
vt 2.046875 0.516602
vt 2.048828 0.537598
vt 2.046875 0.537598
vt 2.050781 0.537598
vt 2.050781 0.516602
vt 2.056641 0.537598
vt 2.056641 0.516602
vt 2.064453 0.537598
vt 2.064453 0.516602
vt 2.070312 0.537598
vt 2.070312 0.516602
vt 2.076172 0.537598
vt 2.076172 0.516602
vt 2.082031 0.537598
vt 2.082031 0.516602
vt 2.091797 0.537598
vt 2.091797 0.516602
vt 2.095703 0.537598
vt 2.095703 0.516602
vt 2.103516 0.531738
vt 2.103516 0.516602
vt 2.882812 0.212158
vt 2.763672 0.215576
vt 2.648438 0.218506
vt 2.587891 0.217896
vt 2.548828 0.217407
vt 2.451172 0.21814
vt 2.371094 0.218384
vt 2.333984 0.21936
vt 2.251953 0.226318
vt 2.171875 0.230103
vt 0.964844 0.553711
vt 0.960938 0.562988
vt 0.968262 0.558105
vt 0.97168 0.548828
vt 0.975586 0.553223
vt 0.98291 0.54541
vt 0.979004 0.541504
vt 0.988281 0.538574
vt 0.983887 0.535156
vt 2.982422 0.535156
vt 2.978516 0.541504
vt 2.988281 0.538574
vt 2.982422 0.54541
vt 2.970703 0.548828
vt 2.974609 0.553223
vt 2.966797 0.558105
vt 2.964844 0.553711
vt 2.960938 0.562988
vt 2.236328 0.811035
vt 2.238281 0.815918
vt 2.246094 0.806641
vt 2.248047 0.811523
vt 2.248047 0.84082
vt 2.257812 0.836426
vt 0.038269 0.376709
vt 0.040558 0.375732
vt 0.042084 0.374023
vt 2.148438 0.428955
vt 2.146484 0.419922
vt 2.138672 0.431885
vt 2.136719 0.423096
vt 2.128906 0.437012
vt 2.126953 0.429443
vt 2.125 0.421631
vt 2.134766 0.413574
vt 2.146484 0.409424
vt 2.15625 0.418701
vt 2.15625 0.427979
vt 2.15625 0.406982
vt 2.166016 0.419434
vt 2.164062 0.428711
vt 2.167969 0.407715
vt 2.173828 0.422119
vt 2.169922 0.431152
vt 2.175781 0.411621
vt 2.179688 0.426514
vt 2.175781 0.43457
vt 2.183594 0.418213
vt 0.259277 0.836426
vt 0.248901 0.84082
vt 0.249023 0.811523
vt 0.23877 0.815918
vt 0.24707 0.806641
vt 0.236816 0.811035
vt 0.168335 0.407715
vt 0.157959 0.406982
vt 0.170532 0.397461
vt 0.159668 0.395996
vt 0.179077 0.402832
vt 0.145996 0.399902
vt 0.176758 0.411621
vt 0.18689 0.411865
vt 0.146973 0.409424
vt 0.136353 0.406006
vt 0.185059 0.418213
vt 0.189331 0.417236
vt 0.190552 0.424316
vt 0.181396 0.426514
vt 0.171143 0.431152
vt 0.173828 0.422119
vt 0.164795 0.428711
vt 0.166626 0.419434
vt 0.157593 0.427979
vt 0.157227 0.418701
vt 0.148926 0.428955
vt 0.147583 0.419922
vt 0.140015 0.431885
vt 0.137695 0.423096
vt 0.130371 0.437012
vt 0.136353 0.413574
vt 0.126953 0.416504
vt 0.126831 0.421631
vt 0.127808 0.429443
vt 0.867188 0.343018
vt 0.867188 0.354736
vt 0.862305 0.343018
vt 0.862305 0.354736
vt 0.858398 0.343018
vt 0.858398 0.354736
vt 0.82666 0.354736
vt 0.826172 0.343018
vt 0.82373 0.34375
vt 0.824219 0.354248
vt 0.821777 0.345947
vt 0.821777 0.352051
vt 0.821289 0.348877
vt 0.143799 0.38916
vt 0.1698 0.375977
vt 0.131958 0.406982
vt 0.126953 0.407471
vt 0.130249 0.387695
vt 0.137573 0.338623
vt 0.148193 0.334717
vt 0.138184 0.324951
vt 0.138062 0.313965
vt 0.136108 0.302246
vt 0.148804 0.320801
vt 0.14856 0.309082
vt 0.146362 0.298096
vt 0.17334 0.303467
vt 0.172607 0.29248
vt 0.201538 0.290283
vt 0.171875 0.329346
vt 0.172974 0.31543
vt 0.201416 0.30127
vt 0.23291 0.292969
vt 0.20105 0.312988
vt 0.200562 0.326416
vt 0.198853 0.364746
vt 0.231812 0.303955
vt 0.265137 0.299805
vt 0.231079 0.315674
vt 0.196899 0.391846
vt 0.230591 0.329346
vt 0.229248 0.360596
vt 0.228149 0.390381
vt 0.195679 0.406738
vt 0.260498 0.395996
vt 0.26123 0.363281
vt 0.265137 0.41626
vt 0.262695 0.336182
vt 0.288574 0.374023
vt 0.262695 0.32251
vt 0.289307 0.345703
vt 0.287354 0.39917
vt 0.318604 0.358643
vt 0.289795 0.331543
vt 0.263184 0.310547
vt 0.292969 0.309082
vt 0.290527 0.319824
vt 0.321045 0.322266
vt 0.318848 0.344727
vt 0.319336 0.333008
vt 0.333008 0.324707
vt 0.317627 0.394531
vt 0.334229 0.361084
vt 0.33374 0.347412
vt 0.333252 0.335693
vt 0.34375 0.33374
vt 0.341064 0.323242
vt 0.344971 0.345459
vt 0.345947 0.359131
vt 0.338623 0.415283
vt 0.356689 0.353271
vt 0.355225 0.339844
vt 0.353271 0.328125
vt 0.348145 0.318359
vt 0.37085 0.305664
vt 0.364746 0.296875
vt 0.373291 0.31665
vt 0.374756 0.32959
vt 0.390869 0.418701
vt 0.36499 0.416016
vt 0.368652 0.432861
vt 0.394043 0.435547
vt 0.343018 0.431885
vt 0.330322 0.435791
vt 0.324951 0.424316
vt 0.313721 0.412842
vt 0.265869 0.421875
vt 0.274902 0.053192
vt 0.274902 0.046295
vt 0.163818 0.053192
vt 0.163818 0.046295
vt 0.274902 0.039398
vt 0.163818 0.039398
vt 0.199951 0.035736
vt 0.231812 0.035736
vt 0.192993 0.034729
vt 0.23877 0.034698
vt 0.163818 0.031769
vt 0.274902 0.031738
vt 0.186157 0.031982
vt 0.245728 0.031952
vt 0.163818 0.023743
vt 0.274902 0.023712
vt 0.183838 0.027573
vt 0.247925 0.027512
vt 0.186157 0.023102
vt 0.245728 0.023041
vt 0.23877 0.020203
vt 0.231812 0.019241
vt 0.192993 0.020264
vt 0.199951 0.019257
vt 0.084045 0.209961
vt 0.094299 0.209961
vt 0.084045 0.181885
vt 0.094299 0.181885
vt 0.104492 0.209961
vt 0.104492 0.181885
vt 0.114746 0.209961
vt 0.114746 0.181885
vt 0.124939 0.209961
vt 0.124939 0.181885
vt 0.135132 0.209961
vt 0.135132 0.181885
vt 0.145386 0.209961
vt 0.145386 0.181885
vt 0.15564 0.209961
vt 0.15564 0.181885
vt 2.580078 0.875488
vt 2.558594 0.87207
vt 2.552734 0.87207
vt 0.580566 0.875488
vt 0.55957 0.87207
vt 0.553711 0.87207
vt 2.435547 0.906738
vt 2.445312 0.915039
vt 2.460938 0.921875
vt 2.474609 0.924316
vt 2.492188 0.92334
vt 2.503906 0.92041
vt 2.802734 0.575195
vt 2.894531 0.549805
vt 2.896484 0.548828
vt 2.818359 0.491699
vt 2.818359 0.474365
vt 2.806641 0.491699
vt 2.806641 0.474365
vt 2.796875 0.491699
vt 2.796875 0.474365
vt 2.787109 0.491699
vt 2.787109 0.474365
vt 2.775391 0.491699
vt 2.775391 0.474365
vt 2.765625 0.491699
vt 2.765625 0.474365
vt 2.753906 0.491699
vt 2.753906 0.477539
vt 2.541016 0.477539
vt 2.541016 0.491699
vt 2.529297 0.491699
vt 2.529297 0.477539
vt 2.519531 0.491699
vt 2.519531 0.477539
vt 2.511719 0.491699
vt 2.511719 0.477539
vt 0.541016 0.405273
vt 0.537598 0.411865
vt 0.532227 0.416016
vt 0.524414 0.419189
vt 0.430664 0.427734
vt 0.421875 0.42627
vt 0.414551 0.421875
vt 0.408447 0.414795
vt 0.405518 0.40625
vt 2.234375 0.806641
vt 2.244141 0.802246
vt 0.755371 0.667969
vt 0.371582 0.218384
vt 0.335449 0.21936
vt 2.263672 0.41626
vt 2.287109 0.374023
vt 2.287109 0.39917
vt 2.316406 0.394531
vt 2.265625 0.421875
vt 2.3125 0.412842
vt 2.324219 0.424316
vt 2.330078 0.435791
vt 2.341797 0.431885
vt 2.363281 0.416016
vt 2.367188 0.432861
vt 2.392578 0.435547
vt 2.34375 0.442139
vt 2.332031 0.445557
vt 2.333984 0.454346
vt 2.345703 0.451172
vt 2.369141 0.442383
vt 2.369141 0.451416
vt 2.394531 0.445068
vt 2.394531 0.453857
vt 0.804199 0.575195
vt 0.89502 0.549805
vt 0.896484 0.548828
vt 2.894531 0.458984
vt 2.871094 0.452148
vt 2.861328 0.451416
vt 2.802734 0.450439
vt 2.798828 0.450439
vt 2.695312 0.450439
vt 2.691406 0.450439
vt 2.685547 0.450439
vt 2.513672 0.450439
vt 0.563477 0.603516
vt 0.553711 0.603516
vt 0.559082 0.580078
vt 0.563477 0.580078
vt 0.553711 0.583984
vt 0.553711 0.575684
vt 0.543945 0.580078
vt 0.544434 0.603516
vt 0.53418 0.580078
vt 0.534668 0.603516
vt 0.524902 0.580078
vt 0.524902 0.603516
vt 0.515137 0.580078
vt 0.515625 0.603516
vt 0.505859 0.580078
vt 0.505859 0.603516
vt 0.496338 0.580078
vt 0.496338 0.603516
vt 0.010132 0.842285
vt 0.005505 0.842285
vt 0.010132 0.839355
vt 0.005505 0.839355
vt 0.005505 0.845215
vt 0.010132 0.836914
vt 0.010132 0.845215
vt 0.005505 0.836914
vt 0.005505 0.847168
vt 0.010132 0.833984
vt 0.010132 0.847168
vt 0.005505 0.833984
vt 0.005505 0.849609
vt 0.010132 0.832031
vt 0.010132 0.849609
vt 0.005505 0.832031
vt 0.005505 0.852539
vt 0.010132 0.82959
vt 0.010132 0.852539
vt 0.005505 0.82959
vt 0.005505 0.85498
vt 0.010132 0.82666
vt 0.010132 0.85498
vt 0.005505 0.82666
vt 0.005505 0.85791
vt 0.010132 0.824219
vt 0.010132 0.85791
vt 0.005505 0.824219
vt 0.005505 0.86084
vt 0.010132 0.821289
vt 0.010132 0.86084
vt 0.005505 0.821289
vt 0.005505 0.862793
vt 0.010132 0.818359
vt 0.010132 0.862793
vt 0.005505 0.818359
vt 0.005505 0.865234
vt 0.010132 0.816406
vt 0.010132 0.865234
vt 0.005505 0.816406
vt 0.005505 0.868164
vt 0.010132 0.813965
vt 0.010132 0.868164
vt 0.005505 0.870605
vt 0.010132 0.870605
vt 0.005505 0.813965
vt 0.010132 0.811035
vt 0.005505 0.811035
vt 0.010132 0.808594
vt 0.005505 0.808594
vt 0.245361 0.802246
vt 0.234985 0.806641
vt 0.371094 0.301025
vt 0.370117 0.287109
vt 0.377686 0.300293
vt 0.39209 0.285645
vt 0.37793 0.30542
vt 0.392578 0.304199
vt 0.394287 0.286377
vt 0.392578 0.304443
vt 2.392578 0.304443
vt 2.392578 0.286377
vt 2.392578 0.304199
vt 2.390625 0.285645
vt 2.376953 0.30542
vt 2.376953 0.300293
vt 2.369141 0.287109
vt 2.371094 0.301025
vt 2.009766 0.85498
vt 2.009766 0.85791
vt 2.003906 0.85498
vt 2.003906 0.85791
vt 2.003906 0.852539
vt 2.009766 0.86084
vt 2.009766 0.852539
vt 2.003906 0.86084
vt 2.003906 0.849609
vt 2.009766 0.862793
vt 2.009766 0.849609
vt 2.003906 0.862793
vt 2.003906 0.847168
vt 2.009766 0.865234
vt 2.009766 0.847168
vt 2.003906 0.865234
vt 2.003906 0.845215
vt 2.009766 0.868164
vt 2.009766 0.845215
vt 2.003906 0.868164
vt 2.009766 0.870605
vt 2.003906 0.870605
vt 2.003906 0.842285
vt 2.009766 0.842285
vt 2.003906 0.839355
vt 2.009766 0.839355
vt 2.003906 0.836914
vt 2.009766 0.836914
vt 2.003906 0.833984
vt 2.009766 0.833984
vt 2.003906 0.832031
vt 2.009766 0.832031
vt 2.003906 0.82959
vt 2.009766 0.82959
vt 2.003906 0.82666
vt 2.009766 0.82666
vt 2.003906 0.824219
vt 2.009766 0.824219
vt 2.003906 0.821289
vt 2.009766 0.821289
vt 2.003906 0.818359
vt 2.009766 0.818359
vt 2.003906 0.816406
vt 2.009766 0.816406
vt 2.003906 0.813965
vt 2.009766 0.813965
vt 2.003906 0.811035
vt 2.009766 0.811035
vt 2.003906 0.808594
vt 2.009766 0.808594
vt 0.514648 0.450439
vt 0.686035 0.450439
vt 0.691406 0.450439
vt 0.696777 0.450439
vt 0.798828 0.450439
vt 0.803223 0.450439
vt 0.862793 0.451416
vt 0.871094 0.452148
vt 0.895996 0.458984
vt 2.496094 0.493896
vt 2.470703 0.484375
vt 2.458984 0.477783
vt 2.449219 0.470947
vt 2.443359 0.464844
vt 2.439453 0.458984
vt 2.4375 0.452881
vt 2.4375 0.447754
vt 2.175781 0.210449
vt 2.164062 0.210449
vt 2.175781 0.182373
vt 2.164062 0.182373
vt 2.154297 0.210449
vt 2.154297 0.182373
vt 2.144531 0.210449
vt 2.144531 0.182373
vt 2.134766 0.210449
vt 2.134766 0.182373
vt 2.123047 0.210449
vt 2.123047 0.182373
vt 2.113281 0.210449
vt 2.113281 0.182373
vt 2.103516 0.210449
vt 2.103516 0.182373
vt 2.09375 0.210449
vt 2.09375 0.182373
vt 2.083984 0.210449
vt 2.083984 0.182373
vt 0.437744 0.447754
vt 0.437988 0.452881
vt 0.440186 0.458984
vt 0.444092 0.464844
vt 0.450684 0.470947
vt 0.460205 0.477783
vt 0.471924 0.484375
vt 0.497559 0.493896
vt 0.156738 0.06897
vt 0.156738 0.075745
vt 0.062744 0.06897
vt 0.062744 0.075745
vt 0.156738 0.082458
vt 0.062744 0.082458
vt 0.156738 0.089233
vt 0.062744 0.089233
vt 0.156738 0.095947
vt 0.062744 0.095947
vt 0.156738 0.102722
vt 0.062744 0.102722
vt 0.156738 0.109436
vt 0.062744 0.109436
vt 0.156738 0.116211
vt 0.062744 0.116211
vt 2.550781 0.39209
vt 2.992188 0.38916
vt 2.992188 0.384277
vt 2.550781 0.387451
vt 2.992188 0.380371
vt 2.550781 0.38208
vt 2.992188 0.375
vt 2.550781 0.375
vt 2.232422 0.802734
vt 2.242188 0.79834
vt 0.288086 0.211792
vt 0.356445 0.208618
vt 0.425049 0.208862
vt 0.455566 0.209473
vt 0.520508 0.205933
vt 0.683594 0.20459
vt 0.878418 0.19751
vt 0.36499 0.836426
vt 0.307129 0.856445
vt 0.339844 0.829102
vt 0.254883 0.858398
vt 0.334473 0.827148
vt 0.252686 0.855957
vt 0.330566 0.826172
vt 0.250977 0.853516
vt 0.325928 0.82373
vt 0.249023 0.850586
vt 0.256104 0.861328
vt 0.410156 0.85498
vt 0.418701 0.853027
vt 0.302979 0.859863
vt 0.25708 0.865723
vt 0.302002 0.864746
vt 0.410645 0.85791
vt 0.421631 0.855957
vt 0.411377 0.862793
vt 0.423584 0.860352
vt 0.243774 0.79834
vt 0.233398 0.802734
vt 2.251953 0.805664
vt 0.979492 0.958496
vt 0.98291 0.955566
vt 0.987305 0.95166
vt 0.987305 0.943848
vt 0.990723 0.948242
vt 0.994141 0.944824
vt 0.200317 0.03183
vt 0.231567 0.03183
vt 0.194092 0.031006
vt 0.237793 0.030975
vt 0.188354 0.029251
vt 0.1875 0.027573
vt 0.243408 0.029205
vt 0.244263 0.027512
vt 2.183594 0.027573
vt 2.1875 0.027573
vt 2.185547 0.031982
vt 2.1875 0.029251
vt 2.191406 0.034729
vt 2.193359 0.031006
vt 2.199219 0.035736
vt 2.199219 0.03183
vt 2.230469 0.03183
vt 2.230469 0.035736
vt 2.236328 0.031021
vt 2.238281 0.034698
vt 2.242188 0.029205
vt 2.244141 0.031952
vt 2.244141 0.027512
vt 2.246094 0.027496
vt 2.273438 0.039398
vt 2.273438 0.031738
vt 2.273438 0.023697
vt 2.244141 0.023041
vt 2.238281 0.020172
vt 2.273438 0.015671
vt 2.230469 0.019241
vt 2.162109 0.039398
vt 2.273438 0.046295
vt 2.162109 0.046295
vt 2.162109 0.031769
vt 2.162109 0.023743
vt 2.185547 0.023102
vt 2.191406 0.020264
vt 2.162109 0.053192
vt 2.162109 0.015778
vt 2.199219 0.019257
vt 2.273438 0.007935
vt 2.162109 0.008026
vt 2.273438 0.053192
vt 2.230469 0.056824
vt 2.238281 0.057861
vt 2.199219 0.056824
vt 2.273438 0.060852
vt 2.191406 0.057861
vt 2.244141 0.060638
vt 2.162109 0.060913
vt 2.246094 0.065063
vt 2.185547 0.060577
vt 2.273438 0.068848
vt 2.183594 0.065002
vt 2.244141 0.069519
vt 2.162109 0.069031
vt 2.185547 0.069458
vt 2.273438 0.076904
vt 2.162109 0.076904
vt 2.238281 0.072388
vt 2.230469 0.073364
vt 2.199219 0.073303
vt 2.191406 0.072327
vt 2.273438 0.084656
vt 2.162109 0.084656
vt 0.252441 0.805664
vt 0.125366 0.177612
vt 0.125366 0.134766
vt 0.131714 0.177612
vt 0.131714 0.134766
vt 0.138184 0.177612
vt 0.138184 0.134766
vt 0.144531 0.177612
vt 0.144531 0.134766
vt 0.150879 0.177612
vt 0.150879 0.134766
vt 0.157227 0.177612
vt 0.157227 0.134766
vt 0.163696 0.177612
vt 0.163696 0.134766
vt 0.170044 0.177612
vt 0.170044 0.134766
vt 0.176392 0.177612
vt 0.176392 0.134766
vt 2.230469 0.797852
vt 2.240234 0.793945
vt 0.524414 0.384766
vt 0.43042 0.376465
vt 0.421631 0.378174
vt 0.531738 0.387695
vt 0.414307 0.382568
vt 0.537598 0.39209
vt 0.408447 0.389404
vt 0.541016 0.398682
vt 0.405518 0.398438
vt 0.062744 0.062225
vt 0.156738 0.062225
vt 0.062744 0.055481
vt 0.156738 0.055481
vt 0.062744 0.048737
vt 0.156738 0.048737
vt 0.062744 0.041992
vt 0.156738 0.041992
vt 0.062744 0.035248
vt 0.156738 0.035248
vt 0.062744 0.028503
vt 0.156738 0.028503
vt 0.062744 0.021759
vt 0.156738 0.021759
vt 0.062744 0.015015
vt 0.156738 0.015015
vt 0.062744 0.00827
vt 0.156738 0.00827
vt 0.241821 0.793945
vt 0.231567 0.797852
vt 2.230469 0.79541
vt 2.240234 0.791504
vt 0.240845 0.791504
vt 0.230469 0.79541
vt 0.789062 0.88623
vt 0.785156 0.88916
vt 0.782715 0.893555
vt 0.781738 0.898438
vt 0.782227 0.90332
vt 0.784668 0.907715
vt 0.788574 0.911133
vt 0.792969 0.912598
vt 0.797852 0.913086
vt 0.397217 0.662598
vt 0.393066 0.661621
vt 0.392334 0.679688
vt 0.400146 0.665527
vt 0.401123 0.668457
vt 0.40332 0.679688
vt 2.765625 0.700684
vt 0.231934 0.21936
vt 0.231934 0.088501
vt 0.236816 0.21936
vt 0.236816 0.088501
vt 0.241821 0.21936
vt 0.241821 0.088501
vt 0.246704 0.21936
vt 0.246704 0.088501
vt 0.251709 0.21936
vt 0.251709 0.088501
vt 0.256592 0.21936
vt 0.256592 0.088501
vt 0.261475 0.21936
vt 0.261475 0.088501
vt 0.266602 0.21936
vt 0.266602 0.088501
vt 0.271484 0.21936
vt 0.271484 0.088501
vt 0.119019 0.177612
vt 0.119019 0.134766
vt 0.112671 0.134766
vt 0.112671 0.177612
vt 0.106262 0.134766
vt 0.106262 0.177612
vt 0.099915 0.134766
vt 0.099915 0.177612
vt 0.093506 0.134766
vt 0.093506 0.177612
vt 0.087158 0.134766
vt 0.087158 0.177612
vt 0.08075 0.134766
vt 0.08075 0.177612
vt 0.074402 0.134766
vt 0.074402 0.177612
vt 0.067993 0.134766
vt 0.067993 0.177612
vt 0.061646 0.134766
vt 0.061646 0.177612
vt 0.398193 0.746094
vt 0.393555 0.738281
vt 0.405273 0.751953
vt 0.414062 0.754395
vt 0.423096 0.75293
vt 0.430908 0.748535
vt 0.436523 0.741699
vt 0.163818 0.076904
vt 0.274902 0.076904
vt 0.199951 0.073303
vt 0.231812 0.073364
vt 0.192993 0.072327
vt 0.23877 0.072388
vt 0.163818 0.069031
vt 0.274902 0.068848
vt 0.186157 0.069458
vt 0.245728 0.069519
vt 0.183838 0.065002
vt 0.247925 0.065063
vt 0.163818 0.060913
vt 0.274902 0.060852
vt 0.186157 0.060577
vt 0.245728 0.060638
vt 0.23877 0.057861
vt 0.231812 0.056824
vt 0.192993 0.057861
vt 0.199951 0.056824
vt 2.876953 0.19751
vt 2.683594 0.20459
vt 2.519531 0.205933
vt 2.455078 0.209473
vt 2.423828 0.208862
vt 2.355469 0.208618
vt 2.287109 0.211792
vt 0.766113 0.700684
vt 0.807129 0.890137
vt 0.80957 0.894531
vt 0.803711 0.886719
vt 0.810059 0.899414
vt 0.798828 0.884766
vt 0.809082 0.904297
vt 0.793945 0.884766
vt 0.806641 0.908203
vt 0.802734 0.911621
vt 0.979004 0.977051
vt 0.985352 0.991211
vt 0.984375 0.977051
vt 0.989746 0.977051
vt 0.990723 0.99707
vt 2.185547 0.065002
vt 2.1875 0.06665
vt 2.193359 0.068542
vt 2.199219 0.069397
vt 2.230469 0.069397
vt 2.236328 0.068604
vt 2.242188 0.066772
vt 2.244141 0.065063
vt 0.226929 0.21936
vt 0.226929 0.088501
vt 0.221924 0.088501
vt 0.221924 0.21936
vt 0.217041 0.088501
vt 0.217041 0.21936
vt 0.212036 0.088501
vt 0.212036 0.21936
vt 0.207153 0.088501
vt 0.207153 0.21936
vt 0.202148 0.088501
vt 0.202148 0.21936
vt 0.197266 0.088501
vt 0.197266 0.21936
vt 0.192261 0.088501
vt 0.192261 0.21936
vt 0.187378 0.088501
vt 0.187378 0.21936
vt 0.182373 0.088501
vt 0.182373 0.21936
vt 0.018753 0.404541
vt 0.003763 0.404541
vt 0.003763 0.391602
vt 0.200317 0.069397
vt 0.231567 0.069397
vt 0.194092 0.068542
vt 0.237793 0.068604
vt 0.188477 0.06665
vt 0.187378 0.065002
vt 0.243408 0.066772
vt 0.244385 0.065063
vt 0.00367 0.895996
vt 0.013062 0.895996
vt 0.00367 0.902832
vt 0.013062 0.902832
vt 0.00367 0.908691
vt 0.013062 0.908691
vt 0.00367 0.914551
vt 0.013062 0.914551
vt 0.013062 0.918457
vt 0.013062 0.921875
vt 0.00367 0.921875
vt 0.013062 0.925293
vt 0.00367 0.928711
vt 0.013062 0.928711
vt 0.00367 0.935059
vt 0.013062 0.935059
vt 0.00367 0.940918
vt 0.013062 0.940918
vt 0.00367 0.947266
vt 0.013062 0.947266
vt 0.00367 0.95459
vt 0.013062 0.95459
vt 0.048706 0.391602
vt 0.033722 0.404541
vt 0.048706 0.404541
vt 0.274902 0.084656
vt 0.163818 0.084656
vt 0.850098 0.283691
vt 0.850098 0.322754
vt 0.855957 0.283691
vt 0.855957 0.322754
vt 0.914551 0.322754
vt 0.915039 0.283691
vt 2.914062 0.322754
vt 2.914062 0.283691
vt 2.855469 0.283691
vt 2.855469 0.322754
vt 2.849609 0.322754
vt 2.849609 0.283691
vt 0.719238 0.647949
vt 0.719238 0.662109
vt 0.759277 0.57666
vt 0.760742 0.567871
vt 0.785645 0.568848
vt 0.753906 0.662109
vt 0.52002 0.491699
vt 0.52002 0.477539
vt 0.530762 0.491699
vt 0.530762 0.477539
vt 0.541504 0.491699
vt 0.541504 0.477539
vt 0.755371 0.477539
vt 0.755371 0.491699
vt 0.765625 0.491699
vt 0.765625 0.474365
vt 0.776367 0.474365
vt 0.776367 0.491699
vt 0.787109 0.491699
vt 0.787109 0.474365
vt 0.797363 0.491699
vt 0.797363 0.474365
vt 0.808105 0.491699
vt 0.808105 0.474365
vt 0.818359 0.491699
vt 0.818359 0.474365
vt -1.213867 0.568848
vt -1.238281 0.567871
vt -1.240234 0.57666
vt -1.161133 0.165649
vt -1.157227 0.165649
vt -1.161133 0.171753
vt -1.157227 0.171753
vt -1.165039 0.171753
vt -1.15332 0.165649
vt -1.165039 0.165649
vt -1.15332 0.171753
vt -1.167969 0.171753
vt -1.150391 0.165649
vt -1.167969 0.165649
vt -1.150391 0.171753
vt -1.146484 0.165649
vt -1.146484 0.171753
vt -1.171875 0.171753
vt -1.171875 0.165649
vt -1.175781 0.171753
vt -1.175781 0.165649
vt -1.179688 0.171753
vt -1.179688 0.165649
vt 0.931641 0.905762
vt 0.940918 0.916992
vt 0.932129 0.916992
vt 0.949707 0.916504
vt 0.94873 0.905273
vt 0.94873 0.901855
vt 0.931641 0.902832
vt 0.931641 0.898926
vt 0.94873 0.897949
vt 0.948242 0.894043
vt 0.931152 0.894531
vt 0.099487 0.22229
vt 0.056763 0.222778
vt 0.056732 0.220093
vt 0.099487 0.219727
vt 0.056702 0.217529
vt 0.099487 0.217041
vt 0.071411 0.216187
vt 0.068604 0.21582
vt 0.056671 0.215088
vt 0.065918 0.214966
vt 0.084473 0.216064
vt 0.087219 0.215576
vt 0.099426 0.214722
vt 0.089905 0.214722
vt 0.174927 0.122803
vt 0.163452 0.122803
vt 0.163452 0.120911
vt 0.174927 0.120911
vt 0.174927 0.119019
vt 0.163452 0.119019
vt 0.163452 0.11731
vt 0.174927 0.11731
vt 0.163452 0.115784
vt 0.174927 0.115784
vt 0.163452 0.113953
vt 0.174927 0.113953
vt 0.163452 0.112
vt 0.174927 0.112
vt 0.163452 0.110168
vt 0.174927 0.110168
vt 0.163452 0.108643
vt 0.174927 0.108643
vt 0.163452 0.106934
vt 0.174927 0.106934
vt 0.163452 0.105042
vt 0.174927 0.105042
vt 0.39502 0.508301
vt 0.39502 0.541992
vt 0.388916 0.508301
vt 0.390137 0.541992
vt 0.386475 0.508301
vt 0.387207 0.541992
vt 0.380371 0.508301
vt 0.381104 0.541992
vt 0.375 0.508301
vt 0.374512 0.541992
vt 2.199219 0.023209
vt 2.230469 0.023193
vt 2.193359 0.024033
vt 2.236328 0.023972
vt 2.1875 0.025879
vt 2.242188 0.025818
vt 0.188477 0.025879
vt 0.194092 0.024033
vt 0.200317 0.023209
vt 0.231567 0.023193
vt 0.237793 0.023972
vt 0.243408 0.025818
vt 2.152344 0.986328
vt 2.150391 0.995117
vt 2.154297 0.987305
vt 2.158203 0.97998
vt 2.15625 0.989258
vt 2.152344 0.978027
vt 2.158203 0.992188
vt 2.160156 0.994141
vt 2.148438 0.986328
vt 2.146484 0.978027
vt 2.154297 0.973145
vt 2.146484 0.973145
vt 2.144531 0.987305
vt 2.140625 0.97998
vt 2.136719 0.975586
vt 2.142578 0.989258
vt 2.140625 0.992188
vt 2.140625 0.994141
vt 2.134766 0.983398
vt 2.130859 0.980469
vt 2.132812 0.98877
vt 2.130859 0.992676
vt 2.126953 0.987305
vt 2.125 0.990723
vt 0.90918 0.354736
vt 0.901367 0.354736
vt 0.90918 0.343018
vt 0.901367 0.343018
vt 0.898438 0.354736
vt 0.898438 0.343018
vt 0.89502 0.354736
vt 0.89502 0.343018
vt 0.056854 0.234741
vt 0.056824 0.232056
vt 0.099609 0.234375
vt 0.099609 0.231812
vt 0.056793 0.22937
vt 0.099548 0.229126
vt 0.071533 0.228149
vt 0.068726 0.227783
vt 0.084595 0.228027
vt 0.056793 0.227051
vt 0.087341 0.227661
vt 0.06604 0.226929
vt 0.099548 0.226685
vt 0.056763 0.225098
vt 0.090027 0.226685
vt 0.065125 0.225952
vt 0.090942 0.225708
vt 0.06604 0.225098
vt 0.099548 0.224731
vt 0.090027 0.224854
vt 0.068726 0.224243
vt 0.071472 0.223755
vt 0.087341 0.223999
vt 0.084534 0.223633
vt 0.188477 0.063171
vt 0.194092 0.061584
vt 0.200317 0.06076
vt 0.231567 0.06076
vt 0.237671 0.061584
vt 0.243286 0.063232
vt 0.345703 0.552734
vt 0.129395 0.552734
vt 2.199219 0.06076
vt 2.230469 0.06076
vt 2.193359 0.061584
vt 2.236328 0.061584
vt 2.1875 0.063171
vt 2.242188 0.063232
vt 2.341797 0.294189
vt 2.333984 0.312988
vt 2.345703 0.295166
vt 2.339844 0.313721
vt 0.345703 0.517578
vt 0.129395 0.517578
vt 0.438477 0.849609
vt 0.449219 0.84082
vt 0.460693 0.836426
vt 0.477539 0.835449
vt 0.492676 0.838379
vt 0.507324 0.845215
vt 0.517578 0.852539
vt 0.537109 0.867676
vt 0.339844 0.313721
vt 0.335449 0.312988
vt 0.347168 0.295166
vt 0.342773 0.294189
vt 0.335449 0.292236
vt 0.327148 0.311279
vt 0.328125 0.289551
vt 0.318604 0.308838
vt 0.310791 0.30542
vt 0.320801 0.286865
vt 0.308594 0.303711
vt 0.318604 0.2854
vt -4.019531 1.097656
vt -4.023438 1.094727
vt -4.023438 1.095703
vt -4.019531 1.094727
vt -4.023438 1.09668
vt -4.019531 1.095703
vt -4.023438 1.097656
vt -4.019531 1.09668
vt -4.023438 1.098633
vt -4.023438 1.099609
vt -4.019531 1.098633
vt -4.023438 1.100586
vt -4.019531 1.099609
vt -4.019531 1.100586
vt 2.318359 0.2854
vt 2.308594 0.303711
vt 2.320312 0.286865
vt 2.310547 0.30542
vt 2.328125 0.289551
vt 2.318359 0.308838
vt 2.326172 0.311279
vt 2.333984 0.292236
vt 0.327148 0.678711
vt 0.327148 0.669434
vt 0.351562 0.678711
vt 0.327148 0.686523
vt 0.351562 0.669434
vt 0.351562 0.686523
vt 0.351562 0.658203
vt 0.327148 0.694336
vt 0.327148 0.658203
vt 0.351562 0.694336
vt 0.327148 0.637207
vt 0.35083 0.703613
vt 0.351562 0.637207
vt 0.327148 0.703613
vt 0.349854 0.714355
vt 0.327148 0.714355
vt 0.349854 0.727539
vt 0.327148 0.727539
vt 0.349854 0.741699
vt 0.327148 0.741699
vt 0.327148 0.755371
vt 0.349854 0.755371
vt 0.349854 0.769531
vt 0.327148 0.769531
vt 0.349854 0.819336
vt 0.327148 0.819336
vt 2.326172 0.637207
vt 2.351562 0.637207
vt 2.351562 0.658203
vt 2.326172 0.658203
vt 2.326172 0.669434
vt 2.351562 0.669434
vt 2.351562 0.678711
vt 2.326172 0.678711
vt 2.326172 0.686523
vt 2.351562 0.686523
vt 2.326172 0.694336
vt 2.351562 0.694336
vt 2.349609 0.703613
vt 2.326172 0.703613
vt 2.349609 0.714355
vt 2.326172 0.714355
vt 2.349609 0.727539
vt 2.326172 0.727539
vt 2.349609 0.741699
vt 2.326172 0.741699
vt 2.326172 0.755371
vt 2.349609 0.755371
vt 2.349609 0.769531
vt 2.326172 0.769531
vt 2.349609 0.819336
vt 2.326172 0.819336
vt 0.381104 0.902344
vt 0.402344 0.902832
vt 2.162109 0.975586
vt 2.167969 0.980469
vt 2.164062 0.983398
vt 2.173828 0.987305
vt 2.167969 0.98877
vt 2.175781 0.990723
vt 2.167969 0.992676
vt 2.388672 0.508301
vt 2.388672 0.541992
vt 2.384766 0.508301
vt 2.386719 0.541992
vt 2.378906 0.508301
vt 2.380859 0.541992
vt 2.375 0.508301
vt 2.373047 0.541992
vt 0.725586 0.561035
vt 0.728516 0.560059
vt 0.726074 0.5625
vt 0.730957 0.559082
vt 0.729004 0.561523
vt 0.726562 0.563965
vt 0.729492 0.5625
vt 0.731445 0.560547
vt 0.731934 0.561523
vt 0.733887 0.558105
vt 0.734375 0.55957
vt 0.734863 0.561035
vt 0.736328 0.557617
vt 0.736816 0.558594
vt 0.736816 0.560059
vt 0.73877 0.557129
vt 0.73877 0.558105
vt 0.739258 0.55957
vt 0.740723 0.556641
vt 0.740723 0.557617
vt 0.740723 0.559082
vt 0.742676 0.556152
vt 0.742676 0.557617
vt 0.742676 0.559082
vt 0.743652 0.556152
vt 0.743652 0.557617
vt 0.743652 0.558594
vt 0.744629 0.556152
vt 0.744629 0.557617
vt 0.744629 0.558594
vt 0.745605 0.556152
vt 0.745605 0.557617
vt 0.745605 0.558594
vt 0.74707 0.556152
vt 0.74707 0.557617
vt 0.74707 0.558594
vt 0.748047 0.556152
vt 0.748047 0.557617
vt 0.748047 0.558594
vt 0.749512 0.556152
vt 0.749512 0.557617
vt 0.749023 0.559082
vt 0.750488 0.556152
vt 0.750488 0.557617
vt 0.750488 0.559082
vt 0.782715 0.55957
vt 0.782715 0.560547
vt 0.782227 0.562012
vt 0.783691 0.55957
vt 0.783203 0.561035
vt 0.783203 0.562012
vt 0.784668 0.560059
vt 0.784668 0.561035
vt 0.78418 0.5625
vt 0.786133 0.560059
vt 0.785645 0.561523
vt 0.785156 0.562988
vt 0.787598 0.561035
vt 0.787109 0.562012
vt 0.786621 0.563477
vt 0.789062 0.561523
vt 0.788086 0.562988
vt 0.787598 0.563965
vt 0.790039 0.562012
vt 0.789551 0.563477
vt 0.788574 0.564453
vt 0.790527 0.5625
vt 0.790039 0.563965
vt 0.789062 0.564941
vt 0.791504 0.563477
vt 0.790527 0.564453
vt 0.790039 0.56543
vt 0.79248 0.564453
vt 0.791504 0.56543
vt 0.790527 0.565918
vt 0.793457 0.56543
vt 0.79248 0.566406
vt 0.791504 0.567383
vt 0.794922 0.567383
vt 0.793945 0.567871
vt 0.79248 0.568848
vt 0.796387 0.569336
vt 0.794922 0.569824
vt 0.793945 0.570801
vt 0.797852 0.571289
vt 0.799316 0.573242
vt 0.796387 0.572266
vt 0.79541 0.572754
vt 0.797852 0.574219
vt 0.796875 0.575195
vt 0.084656 0.259766
vt 0.071655 0.259766
vt 0.09967 0.258545
vt 0.087463 0.26001
vt 0.090149 0.260986
vt 0.09967 0.260986
vt 0.091064 0.261719
vt 0.090149 0.262695
vt 0.09967 0.262695
vt 0.056915 0.258545
vt 0.068848 0.26001
vt 0.066162 0.260986
vt 0.056915 0.255859
vt 0.056915 0.260986
vt 0.09967 0.255859
vt 0.065247 0.261719
vt 0.056915 0.262695
vt 0.066162 0.262695
vt 0.056915 0.253174
vt 0.09967 0.253174
vt 0.071655 0.251953
vt 0.068848 0.251709
vt 0.084656 0.251953
vt 0.056915 0.250732
vt 0.087463 0.251709
vt 0.066162 0.250732
vt 0.09967 0.250732
vt 0.056915 0.249023
vt 0.090149 0.250732
vt 0.065247 0.25
vt 0.091064 0.249878
vt 0.066162 0.249023
vt 0.09967 0.248901
vt 0.090149 0.249023
vt 0.09967 0.24646
vt 0.056885 0.246582
vt 0.068848 0.248169
vt 0.071655 0.247803
vt 0.087463 0.248047
vt 0.084656 0.247681
vt 0.056885 0.244019
vt 0.09967 0.243896
vt 0.056885 0.241333
vt 0.09967 0.241211
vt 0.90918 0.996094
vt 0.910156 0.976562
vt 2.910156 0.976562
vt 2.908203 0.996094
vt 0.316895 0.963379
vt 0.868164 0.975586
vt 0.316406 0.985352
vt 0.871094 0.995117
vt 0.305664 0.993164
vt 0.298096 0.984863
vt 0.293457 0.990234
vt 0.283691 0.984863
vt 0.278564 0.977539
vt 0.299316 0.942871
vt 0.272461 0.958984
vt 0.27417 0.96875
vt 0.270752 0.916992
vt 0.268555 0.879883
vt 0.30127 0.869629
vt 0.271973 0.875977
vt 0.272217 0.868652
vt 2.273438 0.96875
vt 2.277344 0.977539
vt 2.271484 0.958984
vt 2.298828 0.942871
vt 2.269531 0.916992
vt 2.267578 0.879883
vt 2.300781 0.869629
vt 2.271484 0.875977
vt 2.271484 0.868652
vt 2.296875 0.984863
vt 2.283203 0.984863
vt 2.292969 0.990234
vt 2.304688 0.993164
vt 2.316406 0.985352
vt 2.871094 0.995117
vt 2.867188 0.975586
vt 2.316406 0.963379
vt 0.615234 0.886719
vt 0.603027 0.879883
vt 0.611328 0.879883
vt 0.664062 1.181641
vt 0.686523 1.177734
vt 0.696289 1.225586
vt 0.674316 1.344727
vt 0.754395 1.313477
vt 0.760254 1.34082
vt 0.550293 1.332031
vt 0.626953 1.34668
vt 0.553711 1.357422
vt 0.588867 1.24707
vt 0.605469 1.202148
vt 0.58252 1.206055
vt 0.071594 0.240112
vt 0.068787 0.239746
vt 0.084656 0.240112
vt 0.056885 0.239014
vt 0.087463 0.239624
vt 0.066101 0.238892
vt 0.099609 0.23877
vt 0.065186 0.237915
vt 0.090149 0.23877
vt 0.056854 0.237061
vt 0.091064 0.237793
vt 0.066101 0.237061
vt 0.099609 0.236816
vt 0.090088 0.236938
vt 0.068787 0.236206
vt 0.071594 0.235718
vt 0.087402 0.236084
vt 0.084595 0.235718
vt -1.253906 0.572754
vt -1.254883 0.577637
vt -1.248047 0.574219
vt -1.249023 0.579102
vt -1.248047 0.565918
vt -1.241211 0.567383
vt -1.254883 0.564941
vt -1.243164 0.576172
vt -1.243164 0.580566
vt -1.243164 0.583984
vt -1.249023 0.583496
vt -1.254883 0.581543
vt -1.260742 0.577148
vt -1.260742 0.580078
vt -1.260742 0.571777
vt -1.266602 0.577637
vt -1.260742 0.565918
vt -1.265625 0.572754
vt -1.266602 0.567383
vt -1.272461 0.57373
vt -1.270508 0.570312
vt 2.984375 0.527832
vt 2.986328 0.521484
vt 2.986328 0.498047
vt 2.986328 0.469727
vt 2.990234 0.438232
vt 2.984375 0.428955
vt 0.98584 0.527832
vt 0.986816 0.521484
vt 0.987305 0.498047
vt 0.987793 0.469727
vt 0.990234 0.438232
vt 0.984863 0.428955
vt 0.681641 0.904785
vt 0.682129 0.904297
vt 0.681641 0.908203
vt 0.690918 0.894043
vt 0.693848 0.908203
vt 0.694336 0.89209
vt 0.695312 0.891602
vt 0.694824 0.908203
vt 0.715332 0.908203
vt 0.71582 0.886719
vt 0.759766 0.908203
vt 0.755859 0.888184
vt 0.760254 0.889648
vt 0.763672 0.892578
vt 0.766602 0.895996
vt 0.768555 0.900879
vt 0.769531 0.906738
vt 0.127075 0.518066
vt 0.12262 0.520508
vt 0.118713 0.524414
vt 0.116272 0.530273
vt 2.767578 0.900879
vt 2.759766 0.908203
vt 2.769531 0.906738
vt 2.765625 0.895996
vt 2.763672 0.892578
vt 2.759766 0.889648
vt 2.755859 0.888184
vt 2.714844 0.886719
vt 2.714844 0.908203
vt 2.695312 0.891602
vt 2.693359 0.908203
vt 2.693359 0.89209
vt 2.689453 0.894043
vt 2.681641 0.908203
vt 2.681641 0.904297
vt -1.143555 0.165649
vt -1.143555 0.171753
vt -1.140625 0.165649
vt -1.140625 0.171753
vt -1.137695 0.165649
vt -1.137695 0.171753
vt 2.876953 0.911621
vt 2.880859 0.892578
vt 2.873047 0.910645
vt 2.876953 0.89209
vt 2.875 0.891113
vt 2.871094 0.910156
vt 2.869141 0.90918
vt 2.873047 0.890625
vt 0.115601 0.535156
vt 0.116455 0.540527
vt 0.118835 0.545898
vt 0.122803 0.549805
vt 0.127319 0.552246
vt 0.157593 0.45166
vt 0.16748 0.447266
vt 0.161621 0.45459
vt 0.167236 0.456787
vt 0.154419 0.447021
vt 0.172241 0.457275
vt 0.153931 0.445068
vt 0.177734 0.455811
vt 0.155762 0.440186
vt 0.179321 0.45459
vt 0.157349 0.438965
vt 0.181152 0.449707
vt 0.162964 0.4375
vt 0.180786 0.447754
vt 0.167969 0.437988
vt 0.177612 0.443115
vt 0.173462 0.439941
vt 2.166016 0.447266
vt 2.15625 0.45166
vt 2.160156 0.45459
vt 2.154297 0.447021
vt 2.166016 0.456787
vt 2.152344 0.445068
vt 2.171875 0.457275
vt 2.154297 0.440186
vt 2.177734 0.455811
vt 2.15625 0.438965
vt 2.177734 0.45459
vt 2.162109 0.4375
vt 2.179688 0.449707
vt 2.167969 0.437988
vt 2.179688 0.447754
vt 2.171875 0.439941
vt 2.175781 0.443115
vt -1.84668 0.986328
vt -1.848633 0.995117
vt -1.84375 0.987305
vt -1.839844 0.97998
vt -1.841797 0.989258
vt -1.845703 0.978027
vt -1.839844 0.992188
vt -1.838867 0.994141
vt -1.850586 0.986328
vt -1.851562 0.978027
vt -1.844727 0.973145
vt -1.852539 0.973145
vt -1.853516 0.987305
vt -1.857422 0.97998
vt -1.861328 0.975586
vt -1.856445 0.989258
vt -1.857422 0.992188
vt -1.858398 0.994141
vt -1.863281 0.983398
vt -1.867188 0.980469
vt -1.866211 0.98877
vt -1.868164 0.992676
vt -1.87207 0.987305
vt -1.874023 0.990723
vt 0.555664 0.719238
vt 0.555664 0.714355
vt 0.784668 0.721191
vt 0.784668 0.716309
vt 0.557617 0.710938
vt 0.782227 0.712402
vt 0.779785 0.710449
vt 0.560547 0.708496
vt 0.776855 0.709473
vt 0.563477 0.70752
vt -1.836914 0.975586
vt -1.830078 0.980469
vt -1.834961 0.983398
vt -1.825195 0.987305
vt -1.831055 0.98877
vt -1.823242 0.990723
vt -1.830078 0.992676
vt 2.439453 0.452393
vt 2.443359 0.458008
vt 2.445312 0.463379
vt 2.453125 0.469238
vt 2.460938 0.47583
vt 2.472656 0.482178
vt 2.501953 0.493652
vt 0.501953 0.493652
vt 0.473389 0.482178
vt 0.462158 0.47583
vt 0.453125 0.469238
vt 0.447021 0.463379
vt 0.443359 0.458008
vt 0.440674 0.452393
vt 0.438965 0.447754
vt 2.992188 0.403809
vt 2.550781 0.402832
vt 2.992188 0.396484
vt 2.550781 0.397461
vt 0.55127 0.39209
vt 0.992676 0.38916
vt 0.55127 0.397461
vt 0.992676 0.396484
vt 0.55127 0.402832
vt 0.992676 0.403809
vt 0.55127 0.406494
vt 0.992676 0.409424
vt 0.992188 0.977051
vt 0.992676 0.996582
vt 2.992188 0.996582
vt 2.992188 0.977051
vt 0.646484 0.506348
vt 0.649414 0.500977
vt 0.479492 0.500488
vt 0.646484 0.537598
vt 0.479248 0.54248
vt 0.649414 0.542969
vt 0.406738 0.572754
vt 0.619629 0.572754
vt -1.742188 0.865723
vt -1.697266 0.864746
vt -1.587891 0.862793
vt -1.576172 0.860352
vt 0.872559 0.354736
vt 0.872559 0.343018
vt 0.875488 0.928223
vt 0.873535 0.924805
vt 0.878418 0.930176
vt 0.883789 0.913086
vt 0.881836 0.930664
vt 0.871582 0.919922
vt 0.889648 0.931641
vt 0.87793 0.911621
vt 0.893066 0.914062
vt 0.874023 0.910645
vt 0.898438 0.915039
vt 0.870117 0.915039
vt 0.896973 0.932129
vt 0.868164 0.910645
vt 0.871582 0.910156
vt 0.869141 0.90918
vt 0.903809 0.933105
vt 0.904297 0.915527
vt 0.911621 0.933594
vt 0.913086 0.916016
vt 0.915527 0.933594
vt 0.921387 0.930176
vt 0.918457 0.932617
vt 0.924316 0.925293
vt 0.925781 0.921875
vt 0.919434 0.916016
vt 0.92334 0.916016
vt 0.925781 0.915527
vt 0.928223 0.915039
vt 0.929199 0.916992
vt 2.910156 0.933594
vt 2.914062 0.933594
vt 2.912109 0.916016
vt 2.917969 0.932617
vt 2.919922 0.930176
vt 2.923828 0.925293
vt 2.904297 0.915527
vt 2.902344 0.933105
vt 2.898438 0.915039
vt 2.896484 0.932129
vt 2.888672 0.931641
vt 2.892578 0.914062
vt 2.925781 0.921875
vt 2.882812 0.913086
vt 2.917969 0.916016
vt 2.921875 0.916016
vt 2.925781 0.915527
vt 2.927734 0.915039
vt 2.927734 0.916992
vt 2.880859 0.930664
vt 2.876953 0.930176
vt 2.873047 0.924805
vt 2.875 0.928223
vt 2.871094 0.919922
vt 2.869141 0.915039
vt 2.867188 0.910645
vt 0.919434 0.896973
vt 0.914062 0.896484
vt 0.905762 0.895996
vt 0.900391 0.895508
vt 0.895508 0.89502
vt 0.887207 0.894043
vt 0.881348 0.892578
vt 0.87793 0.89209
vt 0.875977 0.891113
vt 0.873535 0.890625
vt -1.216797 0.351562
vt -1.197266 0.355957
vt -1.214844 0.348389
vt -1.211914 0.344971
vt -1.217773 0.355713
vt -1.208008 0.343262
vt -1.216797 0.360352
vt -1.202148 0.341797
vt -1.214844 0.363037
vt -1.196289 0.342041
vt -1.211914 0.366699
vt -1.19043 0.34375
vt -1.208008 0.368408
vt -1.185547 0.345703
vt -1.202148 0.369873
vt -1.196289 0.369629
vt -1.19043 0.368164
vt -1.185547 0.365967
vt -1.176758 0.352051
vt -1.176758 0.359863
vt -1.167969 0.359619
vt -1.167969 0.352295
vt -1.166016 0.361328
vt -1.166016 0.350586
vt -1.15625 0.35083
vt -1.15625 0.361084
vt -1.152344 0.355957
vt 2.507812 0.47876
vt 2.480469 0.467041
vt 2.470703 0.461914
vt 2.462891 0.456543
vt 2.458984 0.451904
vt 2.455078 0.44751
vt 2.453125 0.442627
vt 2.451172 0.438477
vt 0.451904 0.438477
vt 0.454102 0.442627
vt 0.456787 0.44751
vt 0.459473 0.451904
vt 0.464111 0.456543
vt 0.471436 0.461914
vt 0.481201 0.467041
vt 0.508789 0.47876
vt 2.765625 0.667969
vt 0.766113 0.667969
vt 2.443359 0.541992
vt 2.445312 0.508301
vt 2.449219 0.541992
vt 2.451172 0.508301
vt 2.457031 0.541992
vt 2.457031 0.508301
vt 0.438721 0.541992
vt 0.439209 0.508301
vt 0.444336 0.541992
vt 0.445801 0.508301
vt 0.450928 0.541992
vt 0.45166 0.508301
vt 0.457275 0.541992
vt 0.458008 0.508301
vt -1.306641 0.916016
vt -1.306641 0.922852
vt -1.298828 0.916016
vt -1.298828 0.92334
vt -1.224609 0.916504
vt -1.224609 0.930176
vt -1.194336 0.922363
vt -1.194336 0.933594
vt -1.194336 0.916504
vt 0.805176 0.916504
vt 0.804688 0.922363
vt 0.774414 0.916504
vt 0.774414 0.930176
vt 0.804688 0.933594
vt 0.700684 0.92334
vt 0.700684 0.916016
vt 0.692383 0.916016
vt 0.692383 0.922852
vt 2.917969 0.896973
vt 2.921875 0.896484
vt 2.914062 0.896484
vt 2.923828 0.896484
vt 2.927734 0.895996
vt 2.904297 0.895996
vt 2.900391 0.895508
vt 2.894531 0.89502
vt 2.886719 0.894043
vt 0.049438 0.992676
vt 0.023972 0.995117
vt 0.927734 0.895996
vt 0.925293 0.896484
vt 0.92334 0.896484
vt 0.644043 0.509277
vt 0.641113 0.517578
vt 0.641113 0.526367
vt 0.644043 0.534668
vt 0.00367 0.961426
vt 0.013062 0.961426
vt 0.00367 0.966797
vt 0.013062 0.966797
vt 0.00367 0.973145
vt 0.013062 0.973145
vt 0.013062 0.976562
vt 0.013062 0.980469
vt 0.00367 0.980469
vt 0.013062 0.983887
vt 0.00367 0.987305
vt 0.013062 0.987305
vt 0.00367 0.993652
vt 0.013062 0.993652
vt 2.951172 0.888184
vt 2.953125 0.835449
vt 0.95459 0.835449
vt 0.951172 0.888184
vt 0.954102 0.293457
vt 0.958496 0.293457
vt 0.955078 0.322021
vt 0.964355 0.292725
vt 0.952148 0.293701
vt 0.970215 0.291016
vt 0.952637 0.322021
vt 0.98291 0.320557
vt 0.949707 0.293701
vt 0.949707 0.322021
vt 0.947266 0.322021
vt 0.947266 0.293701
vt 0.974609 0.288086
vt 0.98584 0.318848
vt 0.987305 0.314941
vt 0.987305 0.310059
vt 0.978516 0.284668
vt 0.981934 0.280029
vt 0.986328 0.290527
vt 0.984863 0.273926
vt 0.987305 0.287842
vt 0.987305 0.264648
vt 0.989258 0.286865
vt 0.98877 0.259766
vt 0.996094 0.286377
vt 0.991211 0.257324
vt 0.994141 0.256592
vt 0.73877 0.580078
vt 0.73877 0.577148
vt 0.744629 0.581543
vt 0.738281 0.583008
vt 0.73291 0.577637
vt 0.744141 0.584473
vt 0.731445 0.581055
vt 0.726562 0.57373
vt 0.724609 0.57666
vt 0.733887 0.572754
vt 0.729004 0.570312
vt 0.750488 0.583496
vt 0.75 0.585938
vt 0.73877 0.571777
vt 0.738281 0.565918
vt 0.732422 0.567383
vt 0.744629 0.564941
vt 0.745117 0.572754
vt 0.751465 0.565918
vt 0.744629 0.577637
vt 0.750977 0.574219
vt 0.756348 0.576172
vt 0.758301 0.567383
vt 0.756348 0.580566
vt 0.750488 0.579102
vt 0.755859 0.583984
vt 0.756836 0.587402
vt 0.755371 0.587402
vt 0.044556 0.376709
vt 0.044556 0.389648
vt 0.042297 0.376709
vt 0.042297 0.389648
vt 0.040558 0.389648
vt 0.040558 0.376709
vt 0.038269 0.389648
vt 0.788086 0.842285
vt 0.690918 0.879395
vt 0.686523 0.883301
vt 0.683594 0.887695
vt 0.376709 0.133179
vt 0.374756 0.092834
vt 0.827148 0.111511
vt 0.825195 0.071106
vt 0.833984 0.111206
vt 0.832031 0.07074
vt 0.837891 0.070496
vt 0.839844 0.110901
vt 0.844238 0.070129
vt 0.846191 0.110596
vt 0.850586 0.069885
vt 0.852051 0.110291
vt 0.856445 0.06958
vt 0.85791 0.110046
vt 0.880859 0.068359
vt 0.882812 0.108826
vt 0.889648 0.108521
vt 0.887695 0.068054
vt 0.894531 0.067749
vt 0.896484 0.108154
vt 0.402344 0.898438
vt 0.424561 0.898926
vt 0.927734 0.925293
vt 0.949219 0.920898
vt 0.928223 0.941406
vt 0.950195 0.943848
vt 0.962891 0.943359
vt 0.961426 0.92041
vt 0.983887 0.942383
vt 0.98291 0.919434
vt 0.02623 0.36377
vt 0.026398 0.376709
vt 0.024139 0.363525
vt 0.028305 0.363525
vt 0.014252 0.376953
vt 0.038544 0.376465
vt 0.022263 0.362549
vt 0.012199 0.376221
vt 0.01033 0.374512
vt 0.030151 0.362305
vt 0.040558 0.375977
vt 0.042389 0.374268
vt 0.009499 0.372559
vt 0.020874 0.36084
vt 0.020111 0.358887
vt 0.020081 0.356689
vt 0.009254 0.343506
vt 0.020798 0.354736
vt 0.009964 0.341309
vt 0.022141 0.353027
vt 0.011459 0.3396
vt 0.013763 0.338867
vt 0.023987 0.352051
vt 0.018356 0.338623
vt 0.025909 0.338623
vt 0.026077 0.351562
vt 0.028168 0.352051
vt 0.033447 0.338623
vt 0.038055 0.338623
vt 0.030029 0.353027
vt 0.040375 0.339111
vt 0.041901 0.34082
vt 0.031433 0.354492
vt 0.042664 0.343262
vt 0.032166 0.356689
vt 0.043182 0.37207
vt 0.032196 0.358643
vt 0.031494 0.36084
vt 0.78125 0.728027
vt 0.783691 0.730469
vt 0.787109 0.733398
vt 0.790039 0.73877
vt 0.791016 0.744629
vt 0.018753 0.389648
vt 0.014206 0.389648
vt 0.014206 0.376709
vt 0.011902 0.389648
vt 0.011902 0.376709
vt 0.010193 0.376709
vt 0.010193 0.389648
vt 0.007912 0.389648
vt 0.007912 0.376709
vt 0.989746 0.536133
vt 0.991211 0.528809
vt 0.992188 0.521973
vt 0.992676 0.498291
vt 0.993164 0.469971
vt 2.988281 0.536133
vt 2.990234 0.528809
vt 2.992188 0.521973
vt 2.992188 0.498291
vt 2.992188 0.469971
vt 0.348633 0.552246
vt 0.353027 0.549805
vt 0.35791 0.544922
vt 0.360107 0.540039
vt 0.36084 0.535156
vt 0.360107 0.530273
vt 0.357666 0.524902
vt 0.353027 0.520508
vt 0.348633 0.518066
vt -1.251953 0.557617
vt -1.253906 0.558594
vt -1.251953 0.556152
vt -1.253906 0.557617
vt -1.254883 0.558594
vt -1.253906 0.556152
vt -1.254883 0.557617
vt -1.255859 0.558594
vt -1.254883 0.556152
vt -1.255859 0.557617
vt -1.256836 0.559082
vt -1.255859 0.556152
vt -1.256836 0.557617
vt -1.258789 0.559082
vt -1.256836 0.556152
vt -1.258789 0.557617
vt -1.259766 0.55957
vt -1.258789 0.556641
vt -1.260742 0.558105
vt -1.262695 0.560059
vt -1.260742 0.557129
vt -1.262695 0.558594
vt -1.264648 0.561035
vt -1.262695 0.557617
vt -1.264648 0.55957
vt -1.267578 0.561523
vt -1.265625 0.558105
vt -1.267578 0.560547
vt -1.269531 0.5625
vt -1.268555 0.559082
vt -1.270508 0.561523
vt -1.272461 0.563965
vt -1.273438 0.5625
vt -1.270508 0.560059
vt -1.273438 0.561035
vt 0.174927 0.124512
vt 0.163452 0.124512
vt 0.762695 0.588867
vt 0.766602 0.589844
vt 0.771973 0.591309
vt 0.776855 0.592773
vt -1.222656 0.592773
vt -1.227539 0.591309
vt -1.232422 0.589844
vt -1.236328 0.588867
vt -1.242188 0.587402
vt 0.033722 0.389648
vt 0.878418 0.993164
vt 0.880859 0.972656
vt 0.883789 0.993652
vt 0.886719 0.973633
vt 0.900879 0.992676
vt 0.902832 0.975586
vt 2.902344 0.975586
vt 2.886719 0.973633
vt 2.900391 0.992676
vt 2.882812 0.993652
vt 2.880859 0.972656
vt 2.876953 0.993164
vt 0.486816 0.580078
vt 0.486572 0.603516
vt 0.477295 0.580078
vt 0.477051 0.603516
vt 0.467773 0.580078
vt 0.467285 0.603516
vt 0.458008 0.580078
vt 0.457764 0.603516
vt 0.448486 0.580078
vt 0.448242 0.603516
vt 0.438965 0.580078
vt 0.438477 0.603516
vt 2.984375 0.884277
vt 2.978516 0.83252
vt 0.97998 0.83252
vt 0.98584 0.884277
vt 2.871094 0.454834
vt 2.861328 0.454102
vt 2.802734 0.452881
vt 2.798828 0.452881
vt 2.695312 0.452881
vt 2.691406 0.452881
vt 2.685547 0.452881
vt 2.513672 0.452881
vt 0.514648 0.452881
vt 0.686035 0.452881
vt 0.691406 0.452881
vt 0.696777 0.452881
vt 0.798828 0.452881
vt 0.803223 0.452881
vt 0.862305 0.454102
vt 0.871094 0.454834
vt 0.623047 0.922363
vt 0.623047 0.887207
vt 0.791992 0.791016
vt 0.790039 0.838867
vt 2.886719 0.459961
vt 0.887207 0.459961
vt 2.875 0.474121
vt 2.878906 0.466553
vt 2.869141 0.473389
vt 2.882812 0.459961
vt 2.859375 0.472656
vt 2.800781 0.467041
vt 2.796875 0.467041
vt 2.695312 0.467041
vt 2.691406 0.467041
vt 2.685547 0.467041
vt 2.513672 0.467041
vt 0.882812 0.459961
vt 0.878906 0.466553
vt 0.869141 0.473389
vt 0.876465 0.474121
vt 0.86084 0.472656
vt 0.801758 0.467041
vt 0.79834 0.467041
vt 0.696777 0.467041
vt 0.691406 0.467041
vt 0.686035 0.467041
vt 0.514648 0.467041
vt 0.914062 0.281494
vt 0.583984 0.919434
vt 0.59375 0.909668
vt 2.583984 0.919434
vt 2.59375 0.909668
vt 0.828125 0.491699
vt 0.828125 0.474365
vt 2.587891 0.881836
vt 2.595703 0.89502
vt 0.596191 0.89502
vt 0.589355 0.881836
vt -1.267578 0.581055
vt -1.274414 0.57666
vt -1.260742 0.583008
vt -1.254883 0.584473
vt -1.249023 0.585938
vt -1.244141 0.587402
vt 0.248535 0.990723
vt 0.239136 0.992188
vt 0.229736 0.990234
vt 0.221436 0.986328
vt 0.256836 0.986328
vt 0.493652 0.462158
vt 0.487793 0.461426
vt 0.499512 0.461426
vt 0.503906 0.458252
vt 0.483154 0.458252
vt 0.480225 0.454102
vt 0.506348 0.454102
vt 0.508789 0.44751
vt 0.466064 0.44751
vt 0.995605 0.766602
vt 0.995605 0.772461
vt 0.980957 0.770996
vt 0.97998 0.755859
vt 0.995117 0.754883
vt 0.972168 0.769043
vt 0.994141 0.739746
vt 0.979492 0.740723
vt 0.994141 0.737793
vt 0.971191 0.743164
vt 0.97168 0.756348
vt 0.966797 0.76709
vt 0.96582 0.745605
vt 0.966309 0.756348
vt 0.963379 0.765625
vt 0.962402 0.747559
vt 0.962891 0.756348
vt 0.960938 0.763672
vt 0.959961 0.75
vt 0.960449 0.756836
vt 0.958984 0.761719
vt 0.958496 0.751953
vt 0.958984 0.756836
vt 0.958008 0.759277
vt 0.95752 0.754395
vt 0.95752 0.756836
vt 2.914062 0.281494
vt 0.61377 0.568848
vt 0.631348 0.597656
vt 0.075439 0.183594
vt 0.075439 0.209473
vt 0.062469 0.183594
vt 0.062469 0.209473
vt 0.39209 0.70166
vt 0.394775 0.705078
vt 0.397217 0.706055
vt 0.400879 0.705566
vt 0.402588 0.702637
vt 0.403076 0.697754
vt 0.737305 0.663574
vt 0.753418 0.664551
vt 0.406738 0.835938
vt 0.404297 0.844727
vt -1.297852 1.426758
vt -1.263672 1.426758
vt -1.268555 1.416016
vt -1.275391 1.407227
vt -1.286133 1.401367
vt -1.297852 1.398438
vt -1.30957 1.401367
vt -1.319336 1.407227
vt -1.327148 1.416016
vt -1.331055 1.426758
vt 0.632324 0.603027
vt 0.631836 0.612793
vt 0.102844 0.231323
vt 0.121033 0.231323
vt 0.103943 0.225098
vt 0.107056 0.219604
vt 0.103943 0.237549
vt 0.111938 0.215576
vt 0.107056 0.243042
vt 0.117859 0.213379
vt 0.111938 0.247192
vt 0.124207 0.213379
vt 0.117859 0.24939
vt 0.130127 0.215576
vt 0.124207 0.24939
vt 0.13501 0.219604
vt 0.130127 0.247192
vt 0.138184 0.225098
vt 0.13501 0.243042
vt 0.139282 0.231323
vt 0.138184 0.237549
vt 0.92627 0.92627
vt 0.926758 0.940918
vt 0.925293 0.927246
vt 0.925781 0.939941
vt 0.924316 0.928711
vt 0.924805 0.938477
vt 0.923828 0.930176
vt 0.923828 0.937012
vt 0.92334 0.932129
vt 0.92334 0.935547
vt 0.92334 0.933594
vt 0.103638 0.225708
vt 0.103638 0.237061
vt 0.121033 0.213135
vt 0.139282 0.231445
vt 0.728516 0.55127
vt 0.726074 0.552246
vt 0.723145 0.553223
vt 0.731445 0.550781
vt 0.734375 0.549805
vt 0.736816 0.549316
vt 0.73877 0.548828
vt 0.741211 0.54834
vt 0.742676 0.547852
vt 0.744141 0.547852
vt 0.746094 0.547852
vt 0.747559 0.547852
vt 0.749023 0.547852
vt 0.750488 0.547852
vt 0.751953 0.54834
vt 0.78418 0.55127
vt 0.785645 0.551758
vt 0.787598 0.552246
vt 0.789062 0.552734
vt 0.791016 0.553223
vt 0.79248 0.554199
vt 0.794434 0.555176
vt 0.79541 0.556641
vt 0.796875 0.557617
vt 0.797852 0.558594
vt 0.799316 0.560059
vt 0.800781 0.562012
vt 0.802734 0.563965
vt 0.804199 0.565918
vt 0.805664 0.568359
vt -1.273438 0.552246
vt -1.276367 0.553223
vt -1.270508 0.55127
vt -1.267578 0.550781
vt -1.264648 0.549805
vt -1.262695 0.549316
vt -1.260742 0.548828
vt -1.257812 0.54834
vt -1.256836 0.547852
vt -1.254883 0.547852
vt -1.25293 0.547852
vt -1.251953 0.547852
vt -1.25 0.547852
vt -1.249023 0.547852
vt -1.24707 0.54834
vt -1.214844 0.55127
vt -1.213867 0.551758
vt -1.211914 0.552246
vt -1.209961 0.552734
vt -1.208008 0.553223
vt -1.207031 0.554199
vt -1.205078 0.555176
vt -1.204102 0.556641
vt -1.202148 0.557617
vt -1.201172 0.558594
vt -1.200195 0.560059
vt -1.198242 0.562012
vt -1.196289 0.563965
vt -1.195312 0.565918
vt -1.193359 0.568359
vt -2.242188 0.255859
vt -2.25 0.253662
vt -2.244141 0.257568
vt -2.238281 0.260986
vt -2.240234 0.262451
vt -2.523438 0.23291
vt -2.523438 0.230835
vt -2.572266 0.246582
vt -2.572266 0.244751
vt -2.496094 0.230957
vt -2.576172 0.25
vt -2.496094 0.233032
vt -2.578125 0.248291
vt -2.466797 0.230957
vt -2.582031 0.253906
vt -2.466797 0.233032
vt -2.582031 0.252441
vt -2.431641 0.230957
vt -2.583984 0.258789
vt -2.431641 0.233032
vt -2.585938 0.257568
vt -2.367188 0.230957
vt -2.587891 0.264648
vt -2.367188 0.233032
vt -2.589844 0.263672
vt -2.296875 0.239624
vt -2.589844 0.270752
vt -2.296875 0.237549
vt -2.591797 0.270264
vt -2.273438 0.241699
vt -2.589844 0.277832
vt -2.273438 0.243896
vt -2.591797 0.277832
vt -2.257812 0.246826
vt -2.591797 0.285156
vt -2.259766 0.249023
vt -2.589844 0.284668
vt -2.248047 0.251465
vt -2.589844 0.291748
vt -2.587891 0.290771
vt -2.585938 0.297852
vt -2.583984 0.296631
vt -2.582031 0.302979
vt -2.582031 0.301514
vt -2.578125 0.307129
vt -2.576172 0.30542
vt -2.572266 0.310791
vt -2.572266 0.308838
vt -2.523438 0.324707
vt -2.523438 0.32251
vt -2.496094 0.324463
vt -2.496094 0.32251
vt -2.466797 0.324463
vt -2.466797 0.32251
vt -2.431641 0.324463
vt -2.431641 0.32251
vt -2.367188 0.324463
vt -2.367188 0.32251
vt -2.296875 0.315918
vt -2.296875 0.317871
vt -2.271484 0.313721
vt -2.273438 0.311523
vt -2.257812 0.308594
vt -2.259766 0.306396
vt -2.248047 0.303955
vt -2.25 0.301758
vt -2.242188 0.299561
vt -2.244141 0.297852
vt -2.238281 0.294434
vt -2.240234 0.292969
vt -2.236328 0.289551
vt -2.238281 0.288574
vt -2.234375 0.283447
vt -2.236328 0.282959
vt -2.234375 0.277832
vt -2.236328 0.277832
vt -2.236328 0.272461
vt -2.234375 0.271973
vt -2.238281 0.266846
vt -2.236328 0.265869
vn 0 -0.1042 -0.9946
vn 0 -0.1428 -0.9897
vn -0.0161 -0.0151 -0.9998
vn -0.018 0.0689 -0.9975
vn 0 -0.1232 -0.9924
vn -0.0186 0.1061 -0.9942
vn 0.0011 0.1234 -0.9924
vn 0.0011 0.1043 -0.9945
vn 0 -0.0857 -0.9963
vn 0.001 0.0481 -0.9988
vn 0.0011 0.1631 -0.9866
vn 0.0014 0.5737 -0.819
vn 0 -0.001 1
vn 0.001 0.0149 0.9999
vn -0.0151 0.0171 0.9997
vn -0.0159 -0.001 0.9999
vn 0 -0.4221 -0.9065
vn 0 -0.001 -1
vn 0 -0.0169 -0.9999
vn -0.1872 0.1439 -0.9717
vn -0.4861 0.4828 -0.7284
vn 0 -0.2075 0.9782
vn -0.0189 -0.2113 0.9772
vn -0.0178 -0.1254 0.9919
vn -0.0186 -0.1896 0.9817
vn 0 -0.2292 0.9734
vn 0 -0.1428 0.9897
vn 0 -0.8005 -0.5993
vn 0.5966 -0.4316 -0.6766
vn 0.3579 -0.8398 -0.4081
vn 0.6688 -0.374 -0.6425
vn -0.0681 -0.555 -0.829
vn 0.6732 -0.4029 -0.6201
vn -0.0689 -0.6068 -0.7919
vn 0.9944 0.0546 -0.0902
vn 0.9954 0.0361 -0.0887
vn 0.7284 0.4828 0.4861
vn 0.6793 -0.4635 -0.5689
vn -0.0694 -0.6811 -0.7289
vn 0.7028 0.5665 0.4303
vn 0.0239 0.7069 0.7069
vn 0.0236 0.8092 0.5871
vn 0.691 0.6354 0.3447
vn 0.0223 0.914 0.4052
vn 0.9913 0.0933 -0.0933
vn 0.6623 0.7348 0.1463
vn 0.0215 0.9446 0.3275
vn 0.7045 -0.5158 -0.4875
vn -0.0451 -0.8024 -0.5951
vn 0.9754 0.1215 -0.1841
vn 0.6984 -0.5909 -0.4038
vn 0.0209 -0.9149 -0.4031
vn 0.6366 0.7709 -0.0238
vn 0.0012 0.9469 0.3214
vn 0.9164 0.1624 -0.3657
vn 0.6558 -0.5734 -0.491
vn 0.0417 -0.9321 -0.3598
vn 0.5621 0.8093 -0.1703
vn 0.0013 0.9373 0.3485
vn 0.782 0.2285 -0.5799
vn 0.5772 -0.5181 -0.6312
vn 0.0205 -0.9353 -0.3532
vn 0.4666 0.8562 -0.222
vn 0.678 0.2837 -0.678
vn 0.4847 -0.4863 -0.727
vn 0 -0.9287 -0.371
vn 0.4223 0.8644 -0.2729
vn 0.6226 0.2865 -0.7282
vn 0.4249 -0.4789 -0.7682
vn 0.3899 0.8806 -0.2694
vn 0.0013 0.9279 0.3729
vn 0.5736 0.3133 -0.7568
vn 0.3946 -0.4706 -0.7892
vn 0.3955 0.8689 -0.2978
vn 0.3666 0.8826 -0.2942
vn 0.545 0.3117 -0.7784
vn 0.3911 -0.4408 -0.8079
vn 0.1533 0.0772 0.9852
vn -0.0225 0.4274 0.9038
vn -0.173 0.6964 0.6964
vn -0.2662 0.8936 0.3613
vn -0.7053 0.071 0.7053
vn -0.7254 0.1206 0.6777
vn 0 -0.8664 -0.4993
vn 0 -0.9999 -0.0159
vn -0.0189 -0.2113 -0.9772
vn -0.0948 0.1135 -0.989
vn -0.5444 0.8305 -0.1182
vn -0.7435 -0.2579 0.617
vn 0.001 1 0.001
vn 0.0012 0.9616 -0.2746
vn 0.0012 0.9678 0.2518
vn 0.0013 0.852 -0.5236
vn 0.0013 0.867 0.4983
vn 0.0014 0.696 -0.7181
vn 0.0014 0.7181 0.696
vn 0.0013 0.4983 -0.867
vn 0.0013 0.5236 0.852
vn 0.0012 0.2518 -0.9678
vn 0.0012 0.2746 0.9616
vn 0 -0.2742 -0.9617
vn 0 -0.2515 0.9679
vn 0 -0.523 -0.8523
vn 0 -0.4977 0.8673
vn 0 -0.7174 -0.6967
vn 0 -0.6953 0.7188
vn 0 -0.8514 0.5245
vn 0 -0.9675 -0.2529
vn 0 -0.9612 0.2757
vn 0 -0.9999 0.0159
vn 0 -0.2292 -0.9734
vn 0.076 0.1322 -0.9883
vn 0.6869 -0.1498 0.7111
vn 0.6948 0.0471 0.7176
vn 0.7156 0.3439 0.608
vn 0 -0.5481 0.8364
vn -0.7045 -0.4892 0.5142
vn 0.1683 0.0172 0.9856
vn 0.5075 0.0231 0.8613
vn 0.772 0.0209 0.6352
vn 0 -0.4724 -0.8814
vn 0.1465 0.7115 0.6873
vn 0.2387 0.9035 0.3559
vn 0.6942 -0.3734 0.6153
vn 0.6812 -0.5185 0.5168
vn 0.6471 -0.4032 0.6471
vn 0.6558 -0.5734 0.491
vn 0.6792 -0.5705 0.4617
vn 0.0013 0.8942 -0.4477
vn 0.0858 0.3206 -0.9433
vn -0.1074 0.3008 -0.9476
vn -0.0227 0.8896 -0.4562
vn -0.0236 0.8092 -0.5871
vn 0.0014 0.8169 -0.5768
vn -0.6606 0.0238 0.7504
vn -0.7916 0.0209 0.6107
vn -0.5075 0.0231 0.8613
vn -0.4042 0.0196 0.9144
vn -0.9995 -0.001 0.0323
vn -0.1894 0.0174 0.9817
vn -0.9446 0.0215 0.3275
vn -0.9469 0.0012 0.3214
vn 0.1713 0.0361 0.9846
vn 0 -0.9922 -0.1244
vn 0 -0.938 -0.3466
vn 0 -0.8354 -0.5497
vn 0 -0.7388 -0.6739
vn 0 -0.6491 -0.7607
vn 0.0014 0.836 0.5487
vn 0.2257 0.8215 0.5236
vn -0.2539 0.8084 0.5311
vn -0.4914 0.6793 0.5451
vn -0.7278 0.4559 0.5123
vn -0.8177 0.3072 0.4868
vn -0.862 0.1665 0.4789
vn 0.8024 0.3366 0.4929
vn 0.852 0.1932 0.4866
vn 0.7059 0.4856 0.5157
vn 0.4619 0.7021 0.542
vn -0.5871 0.8092 0.0236
vn -0.5665 0.7028 0.4303
vn -0.0511 0.9985 0.0177
vn -0.0667 0.9049 0.4205
vn 0.0441 0.9098 0.4128
vn 0.5376 0.7262 0.4284
vn 0.0339 0.9993 0.0175
vn 0.5587 0.8291 0.0235
vn -0.0222 -0.8108 0.5849
vn -0.4829 -0.8754 -0.0216
vn -0.0451 -0.8024 0.5951
vn -0.6509 -0.4322 -0.6242
vn -0.4993 -0.8664 0
vn -0.6732 -0.4029 -0.6201
vn -0.444 0.244 -0.8622
vn -0.5596 -0.8284 0.0221
vn -0.0688 -0.7931 0.6052
vn -0.6982 -0.4021 -0.5923
vn -0.4728 0.2463 -0.8461
vn -0.7222 -0.4007 -0.5639
vn -0.5951 -0.8024 0.0451
vn -0.5024 0.252 -0.8271
vn 0.0237 0.7905 -0.612
vn -0.787 -0.3661 -0.4967
vn -0.6518 -0.7485 0.122
vn -0.0936 -0.7621 0.6407
vn -0.5383 0.2826 -0.794
vn -0.8653 -0.2727 -0.4205
vn -0.7359 -0.6373 0.2286
vn -0.1222 -0.726 0.6768
vn -0.5799 0.3427 -0.7391
vn 0.0238 0.7709 -0.6366
vn -0.9456 -0.1531 -0.2872
vn -0.7639 -0.5283 0.3706
vn -0.1212 -0.5984 0.792
vn -0.6414 0.3776 -0.6678
vn -0.9867 -0.0573 -0.152
vn -0.7667 -0.3997 0.5024
vn -0.0912 -0.5113 0.8546
vn -0.6754 0.4352 -0.5953
vn 0.047 0.7397 -0.6713
vn -0.9978 -0.001 -0.0667
vn -0.7554 -0.3134 0.5754
vn -0.0866 -0.3749 0.923
vn 0.0706 0.6328 -0.7711
vn -0.998 0.035 -0.052
vn -0.7533 -0.1991 0.6268
vn -0.0797 -0.223 0.9716
vn -0.6678 0.3776 -0.6414
vn 0.0686 0.4996 -0.8635
vn -0.998 0.052 -0.035
vn -0.7493 -0.1204 0.6512
vn -0.0737 -0.114 0.9907
vn -0.678 0.2837 -0.678
vn 0.0659 0.3911 -0.918
vn -0.7411 -0.047 0.6698
vn -0.0847 0.0161 0.9963
vn -0.6716 0.1729 -0.7205
vn 0.0823 0.2468 -0.9656
vn -0.9988 -0.001 -0.0492
vn -0.7395 0.0014 0.6732
vn -0.0948 0.1135 0.989
vn -0.6576 0.0708 -0.7501
vn -0.9981 -0.0519 -0.0339
vn -0.7711 0.0706 0.6328
vn -0.6698 -0.047 -0.7411
vn 0.0667 -0.001 -0.9978
vn -0.9975 -0.018 -0.0678
vn -0.1088 0.3264 0.9389
vn -0.6662 -0.0954 -0.7396
vn 0.0749 -0.1346 -0.9881
vn -0.7673 0.2568 0.5877
vn -0.091 0.4549 0.8859
vn -0.7614 0.3411 0.5513
vn -0.0696 0.5524 0.8307
vn -0.688 -0.2309 -0.688
vn 0.0638 -0.3681 -0.9276
vn -0.9963 0.0011 -0.0858
vn -0.7484 0.426 0.5083
vn -0.0703 0.6042 0.7937
vn -0.6837 -0.3159 -0.6578
vn 0.0439 -0.4902 -0.8705
vn -0.996 0.0183 -0.0872
vn -0.7495 0.453 0.4827
vn -0.0471 0.6948 0.7176
vn -0.6894 -0.3447 -0.6371
vn 0.0449 -0.5712 -0.8196
vn -0.9954 0.0361 -0.0887
vn -0.7262 0.5376 0.4284
vn -0.0466 0.8007 0.5973
vn -0.6942 -0.3734 -0.6153
vn 0.0453 -0.6218 -0.7819
vn -0.7156 0.608 0.3439
vn -0.0441 0.9098 0.4128
vn -0.7013 -0.4304 -0.5683
vn 0.0456 -0.6942 -0.7184
vn -0.9931 0.0736 -0.0917
vn -0.6873 0.7115 0.1465
vn -0.0425 0.9417 0.3337
vn -0.727 -0.4863 -0.4847
vn 0.0222 -0.8108 -0.5849
vn -0.9784 0.0997 -0.1809
vn -0.6606 0.7504 -0.0238
vn -0.0215 0.9446 0.3275
vn -0.7224 -0.5624 -0.4024
vn -0.0427 -0.9108 -0.4107
vn -0.923 0.1374 -0.3595
vn -0.5894 0.7895 -0.1712
vn -0.0218 0.9346 0.3551
vn -0.6807 -0.5449 -0.4896
vn -0.0637 -0.9282 -0.3665
vn -0.7955 0.2008 -0.5717
vn -0.4951 0.8395 -0.224
vn -0.6028 -0.49 -0.6297
vn -0.0417 -0.9321 -0.3598
vn -0.6962 0.2553 -0.6709
vn -0.4513 0.8487 -0.2757
vn -0.5109 -0.4595 -0.7265
vn -0.0207 -0.9256 -0.378
vn -0.6423 0.2585 -0.7216
vn -0.4223 0.8644 -0.2729
vn -0.022 0.9247 0.38
vn -0.4514 -0.4531 -0.7687
vn -0.595 0.2855 -0.7513
vn -0.4283 0.8519 -0.3015
vn -0.3955 0.8689 -0.2978
vn -0.421 -0.4453 -0.7902
vn -0.5668 0.2842 -0.7733
vn -0.417 -0.4154 -0.8084
vn -0.7034 -0.5418 0.4601
vn -0.7041 -0.6809 0.2016
vn 0.5173 0.8477 -0.1174
vn 0 -0.9466 0.3225
vn 0 -0.938 0.3466
vn -0.0216 -0.4813 0.8763
vn 0.3054 -0.4864 -0.8186
vn -0.0891 0.9115 0.4016
vn 0.0011 0.9945 0.1043
vn -0.2091 0.9231 0.3229
vn 0.3322 0.9338 0.1326
vn 0.3618 0.9313 0.0431
vn 0.2739 0.9341 0.229
vn 0.1801 0.9312 0.3169
vn -0.339 0.7825 0.5222
vn 0.0949 0.7809 0.6174
vn 0.3096 0.7987 0.516
vn 0.066 0.9166 0.3944
vn -0.1201 0.7695 0.6272
vn -0.146 0.6367 0.7571
vn 0.1204 0.6528 0.7479
vn -0.4032 0.6487 0.6454
vn -0.5707 0.6778 0.4636
vn -0.4689 0.805 0.3633
vn -0.6423 0.7216 0.2585
vn -0.3007 0.925 0.2323
vn -0.5429 0.8166 0.1962
vn -0.6074 0.7912 0.0704
vn -0.5524 0.8307 0.0696
vn -0.3587 0.9237 0.1343
vn -0.3872 0.921 0.0436
vn 0.1223 -0.7025 0.7011
vn -0.1482 -0.6879 0.7105
vn -0.3758 -0.6675 0.6428
vn -0.7184 -0.6942 0.0456
vn -0.7879 0.3931 0.474
vn 0.7694 0.4231 0.4786
vn 0.0012 0.3214 -0.9469
vn 0 -0.8805 0.474
vn 0 -0.7388 0.6739
vn 0 -0.5762 0.8173
vn 0 -0.4724 0.8814
vn 0.3739 0.6705 0.6408
vn 0.4393 0.8231 0.36
vn 0.542 0.7021 0.4619
vn 0.5148 0.8349 0.1948
vn 0.6153 0.745 0.2578
vn 0.5261 0.8476 0.0691
vn 0.5785 0.8127 0.07
vn 0.6956 -0.717 0.0456
vn 0.3465 -0.6881 0.6375
vn 0 -0.9988 -0.0492
vn 0 -0.9466 -0.3225
vn 0 -0.9073 -0.4205
vn 0.0014 0.6228 -0.7823
vn 0.0333 0.9994 0.001
vn -0.0503 0.9987 0.001
vn -0.5236 0.852 0.0013
vn -0.836 0.5487 0.0014
vn -0.9384 0.3455 0.0013
vn 0 -0.9896 -0.1441
vn 0 -0.9543 -0.2989
vn 0 -0.8514 -0.5245
vn -0.02 -0.9523 -0.3045
vn -0.0219 -0.8451 -0.5342
vn -0.0225 -0.7062 -0.7076
vn -0.0225 -0.7283 -0.6848
vn 0 -0.3725 -0.928
vn -0.0212 -0.4301 0.9025
vn -0.0225 -0.6834 0.7297
vn -0.0224 -0.7727 0.6344
vn 0.2131 -0.9004 0.3794
vn -0.0209 -0.9149 0.4031
vn -0.0164 -0.0339 0.9993
vn -0.0177 0.0489 0.9986
vn -0.0227 0.4562 0.8896
vn -0.0239 0.6841 0.729
vn -0.0231 0.8613 0.5075
vn -0.0212 0.9526 0.3034
vn -0.0172 0.9997 0.0172
vn -0.0218 0.9346 -0.3551
vn 0.0013 0.9373 -0.3485
vn 0.0014 0.7799 -0.6259
vn 0.0013 0.5236 -0.852
vn 0.0011 0.0858 -0.9963
vn 0.001 0.0656 -0.9978
vn 0.0012 0.9546 0.2978
vn 0.0014 0.696 0.7181
vn 0.001 0.9999 0.0169
vn 0.0013 0.473 0.8811
vn 0.001 0.0656 0.9978
vn 0 -0.0502 0.9987
vn 0 -0.4472 0.8944
vn 0 -0.7817 0.6237
vn -0.0177 0.0489 -0.9986
vn -0.2402 -0.8909 0.3854
vn 0 -0.9184 0.3956
vn -0.7216 0.2585 -0.6423
vn -0.6495 0.2871 -0.7041
vn 0.6293 0.3155 -0.7102
vn 0.7041 0.2871 -0.6495
vn 0.1201 0.6272 -0.7695
vn -0.1455 0.6105 -0.7785
vn 0.0011 0.9963 -0.0858
vn 0.2002 0.9765 -0.0798
vn -0.0469 0.7609 -0.6471
vn 0.557 0.3708 -0.7432
vn -0.0468 0.7813 -0.6225
vn 0.516 0.3096 -0.7987
vn 0.6189 0.4065 -0.672
vn 0.4804 0.2783 -0.8317
vn 0.6524 0.4646 -0.5988
vn -0.0709 0.7281 -0.6818
vn 0.9397 -0.1777 -0.2921
vn -0.0949 0.6174 -0.7809
vn 0.9849 -0.0773 -0.1546
vn 0.9975 0.018 -0.0689
vn 0.6459 0.4068 -0.6459
vn -0.0918 0.4817 -0.8715
vn 0.9972 0.0528 -0.0528
vn 0.6562 0.3159 -0.6853
vn -0.0881 0.3753 -0.9227
vn 0.9969 0.0701 -0.0356
vn 0.6547 0.1997 -0.729
vn -0.1028 0.2272 -0.9684
vn 0.6429 0.0952 -0.76
vn 0.9986 0.0156 -0.051
vn 0.656 -0.0708 -0.7514
vn -0.0837 -0.0183 -0.9963
vn 0.997 -0.07 -0.0345
vn 0.6512 -0.1204 -0.7493
vn -0.0961 -0.1136 -0.9889
vn 0.997 -0.0355 -0.0689
vn 0.6702 -0.2589 -0.6956
vn -0.0856 -0.349 -0.9332
vn 0.6637 -0.3449 -0.6637
vn -0.0665 -0.4726 -0.8787
vn 0.996 0.0183 -0.0872
vn 0.7513 0.2855 0.595
vn 0.7432 0.3708 0.557
vn 0.7278 0.4559 0.5123
vn 0.0463 0.5686 0.8213
vn 0.068 0.4732 0.8783
vn 0.0468 0.6193 0.7837
vn 0.0869 0.3461 0.9342
vn 0.76 0.0952 0.6429
vn 0.076 0.1322 0.9883
vn 0.729 -0.021 0.6842
vn 0.0667 -0.001 0.9978
vn 0.7295 -0.0709 0.6803
vn 0.0552 -0.1323 0.9897
vn 0.7362 -0.1463 0.6608
vn 0.0596 -0.2421 0.9684
vn 0.7364 -0.2303 0.6361
vn 0.0645 -0.3939 0.9169
vn 0.7376 -0.3428 0.5817
vn 0.0677 -0.5288 0.8461
vn 0.7473 -0.4296 0.507
vn 0.0933 -0.6168 0.7816
vn 0.742 -0.5573 0.3726
vn 0.0938 -0.7404 0.6656
vn 0.7122 -0.6636 0.229
vn 0.0691 -0.7731 0.6305
vn 0.8529 -0.3013 -0.4264
vn 0.6262 -0.7701 0.1217
vn 0.0451 -0.8024 0.5951
vn 0.7667 -0.3997 -0.5024
vn 0.5696 -0.8207 0.0449
vn 0.7016 -0.4339 -0.5653
vn 0.5342 -0.8451 0.0219
vn 0.0222 -0.8108 0.5849
vn 0.4505 0.2722 -0.8503
vn 0.6766 -0.4316 -0.5966
vn 0.4215 0.2694 -0.8659
vn 0.6509 -0.4322 -0.6242
vn 0.6274 -0.4613 -0.6274
vn 0.474 -0.8805 0
vn 0.454 -0.8907 -0.0214
vn 0 -0.8184 0.5746
vn 0.0239 0.7069 -0.7069
vn 0.3427 0.5799 -0.7391
vn 0.0014 0.7181 -0.696
vn -0.0471 0.6948 -0.7176
vn -0.3708 0.557 -0.7432
vn -0.5856 0.3723 -0.7201
vn -0.7811 -0.0014 -0.6244
vn -0.7917 -0.0237 -0.6105
vn -0.631 -0.3155 -0.7087
vn -0.3742 -0.5859 -0.7188
vn -0.0694 -0.7303 -0.6796
vn -0.7087 -0.3155 -0.631
vn -0.6201 -0.4029 -0.6732
vn -0.3875 -0.8242 -0.4129
vn -0.6967 -0.7174 0
vn -0.7483 -0.4829 0.4549
vn -0.7499 -0.2856 0.5967
vn -0.7601 -0.3412 0.5531
vn 0.3214 0.9469 0.0012
vn -0.8787 -0.4726 -0.0665
vn -0.8867 -0.4405 -0.1406
vn -0.8723 -0.4376 -0.2181
vn -0.3352 -0.4601 -0.8222
vn -0.7087 -0.3155 0.631
vn -0.7141 -0.344 0.6097
vn -0.7265 -0.4595 0.5109
vn -0.7196 -0.6451 0.2568
vn -0.7122 -0.6636 0.229
vn -0.8274 -0.5612 -0.0221
vn 0.864 -0.4991 -0.0671
vn 0.8097 -0.5865 -0.0222
vn 0.6875 -0.6891 0.2292
vn 0.6951 -0.6713 0.2571
vn 0.7045 -0.4892 0.5142
vn 0.6894 -0.3447 0.6371
vn -0.6897 -0.6358 0.3465
vn -0.6984 -0.5909 0.4038
vn -0.727 -0.4863 0.4847
vn -0.7418 -0.3709 0.5588
vn -0.7267 -0.2865 0.6243
vn 0.7087 -0.3155 0.631
vn 0.7225 -0.4042 0.5609
vn 0.7045 -0.5158 0.4875
vn 0.6734 -0.6187 0.4047
vn 0.6641 -0.6624 0.3467
vn 0 -0.9978 -0.0666
vn 0.0534 -0.9944 -0.0913
vn -0.0725 -0.993 -0.0928
vn -0.3558 0.8418 -0.406
vn 0.3266 0.8559 -0.4009
vn 0.8569 -0.4661 -0.2202
vn 0.8704 -0.4714 -0.1422
vn -0.7069 0.0239 -0.7069
vn -0.7181 0.0014 -0.696
vn 0.0013 0.3699 -0.9291
vn 0.0879 0.3721 -0.924
vn 0.1804 0.3203 -0.93
vn -0.1104 0.3557 -0.9281
vn -0.2062 0.2959 -0.9327
vn -0.2782 0.2554 -0.9259
vn -0.3388 0.1603 -0.9271
vn -0.3753 0.0881 -0.9227
vn -0.3961 -0.0013 -0.9182
vn -0.3804 -0.1117 -0.918
vn -0.3455 -0.1827 -0.9205
vn -0.2807 -0.2822 -0.9174
vn -0.2074 -0.3225 -0.9235
vn -0.1131 -0.3792 -0.9184
vn 0 -0.3972 -0.9177
vn 0.0876 -0.4011 -0.9118
vn 0.1841 -0.3442 -0.9207
vn 0.1849 -0.9828 0
vn 0 -1 0
vn 0.2131 -0.9004 -0.3794
vn 0.2806 -0.7962 0.536
vn 0 -0.8354 0.5497
vn 0.9291 0.3699 0.0013
vn 0.819 0.5737 0.0014
vn 0.4983 0.867 0.0013
vn 0.1439 0.9717 -0.1872
vn 0.2554 0.2782 -0.9259
vn 0.3176 0.1833 -0.9304
vn 0.3524 0.1102 -0.9293
vn 0.3784 -0.022 -0.9254
vn 0.3604 -0.1344 -0.9231
vn 0.3239 -0.206 -0.9234
vn 0.2574 -0.3051 -0.9169
vn -0.7451 -0.1725 -0.6443
vn -0.707 -0.021 -0.707
vn -0.6948 0.0471 -0.7176
vn -0.6873 0.1465 -0.7115
vn -0.692 0.0955 -0.7155
vn -0.0159 -0.001 -0.9999
vn -0.7184 -0.6942 -0.0456
vn -0.7297 -0.6834 -0.0225
vn -0.7281 -0.6553 -0.2014
vn -0.7196 -0.6451 -0.2568
vn -0.7715 -0.6359 0.0224
vn -0.7284 0.4828 0.4861
vn -0.729 0.6547 0.1997
vn -0.7341 0.3146 0.6018
vn -0.6732 0.7395 0.0014
vn -0.7176 0.0471 0.6948
vn -0.7216 0.6423 -0.2585
vn -0.7262 0.5376 -0.4284
vn -0.7156 0.3439 -0.608
vn -0.7132 0.2273 -0.6631
vn 0.751 -0.6599 0.0224
vn 0.6951 -0.6713 -0.2571
vn 0.7041 -0.6809 -0.2016
vn 0.7076 -0.7062 -0.0225
vn 0.6956 -0.717 -0.0456
vn 0.0323 -0.9995 0
vn -0.0492 -0.9988 0
vn 0.1679 0.5068 -0.8456
vn -0.0231 0.5075 -0.8613
vn -0.1932 0.4866 -0.852
vn -0.3563 0.4097 -0.8398
vn -0.5524 0.0696 -0.8307
vn -0.5635 -0.0939 -0.8207
vn -0.4786 -0.2781 -0.8328
vn -0.3614 -0.4359 -0.8242
vn -0.1965 -0.5153 -0.8342
vn 0 -0.5481 -0.8364
vn 0.1709 -0.5351 -0.8273
vn -0.129 0.2807 0.9511
vn 0.1305 -0.281 0.9508
vn -0.2826 0.5383 0.794
vn -0.3723 0.7201 0.5856
vn -0.4283 0.8519 0.3015
vn -0.4549 0.8859 0.091
vn -0.451 0.8772 -0.1649
vn -0.4339 0.8381 -0.3305
vn -0.3986 0.7463 -0.5331
vn -0.3723 0.7201 -0.5856
vn -0.7105 -0.6879 0.1482
vn -0.9174 -0.2822 0.2807
vn -0.8969 -0.1872 0.4006
vn 0.2709 -0.8661 0.4201
vn 0 -0.8952 0.4456
vn 0.6739 -0.7388 0
vn 0.6894 -0.3447 -0.6371
vn 0.6793 -0.7056 0.2016
vn 0.7265 -0.5125 0.4578
vn 0.7326 -0.3147 0.6035
vn 0.7422 -0.3744 0.5558
vn -0.7796 0.1487 -0.6084
vn -0.675 0.5983 -0.4317
vn -0.6293 0.7102 -0.3155
vn 0.6018 0.7341 -0.3146
vn 0.6492 0.6258 -0.4323
vn 0.7668 0.1753 -0.6174
vn 0.3305 0.4339 -0.8381
vn 0.5353 0.0933 -0.8395
vn 0.5461 -0.1183 -0.8293
vn 0.4557 -0.3043 -0.8365
vn 0.3352 -0.4601 -0.8222
vn 0 -0.0169 0.9999
vn 0 -0.1042 0.9946
vn 0.1864 0.9825 0.0011
vn 0.6097 -0.344 -0.7141
vn 0.7825 -0.0468 -0.6209
vn 0.772 0.0209 -0.6352
vn 0.5621 0.4005 -0.7236
vn -0.0169 0.9999 0.001
vn 0.5882 0.8032 -0.0944
vn -0.6174 0.7809 -0.0949
vn 0.6948 0.0471 -0.7176
vn 0.707 -0.021 -0.707
vn 0.6818 0.0709 -0.7281
vn 0.7286 -0.2031 -0.6542
vn 0.6962 0.2553 -0.6709
vn 0.696 0.0014 -0.7181
vn 0.6958 0.3734 -0.6136
vn 0.7028 0.5665 -0.4303
vn 0.6971 0.6686 -0.2589
vn 0.6716 0.1729 -0.7205
vn 0.6498 0.7601 0.0014
vn 0.6777 0.1206 -0.7254
vn 0.7051 0.6803 0.1999
vn 0.706 0.5124 0.489
vn 0.7053 0.071 0.7053
vn 0.692 0.0955 0.7155
vn 0.7115 0.1465 0.6873
vn 0.7267 -0.2865 0.6243
vn -0.6732 0.0014 -0.7395
vn 0.6591 -0.0238 -0.7517
vn -0.1522 -0.2604 0.9534
vn 0.1074 0.3008 0.9476
vn -0.2788 -0.509 0.8144
vn 0.2555 0.5596 0.7884
vn -0.3753 -0.693 0.6156
vn -0.4324 -0.8382 0.3322
vn -0.4617 -0.8793 0.1169
vn -0.4422 -0.8858 -0.1407
vn -0.4261 -0.8537 -0.2995
vn -0.3978 -0.7679 -0.5021
vn -0.3727 -0.7406 -0.5591
vn 0 -0.9962 -0.0868
vn 0.0013 0.9175 -0.3976
vn 0.4578 -0.5125 0.7265
vn 0 -0.6252 0.7805
vn 0.001 0.9994 -0.0333
vn -0.0175 0.9993 -0.0339
vn 0.7533 -0.1991 -0.6268
vn -0.8127 0.07 -0.5785
vn -0.9173 -0.0659 -0.3927
vn -0.7051 0.1999 -0.6803
vn -0.9265 -0.2779 -0.2537
vn -0.6226 0.2865 -0.7282
vn -0.608 0.3439 -0.7156
vn -0.5906 0.402 -0.6997
vn -0.5499 0.604 -0.5769
vn -0.5083 0.7484 -0.426
vn -0.4736 0.8445 -0.2498
vn -0.4786 0.7694 -0.4231
vn -0.2807 0.9511 -0.129
vn 0.5216 0.6297 -0.5757
vn 0.4786 0.7694 -0.4231
vn 0.5665 0.4303 -0.7028
vn 0.4448 0.8608 -0.2475
vn 0.4488 0.789 -0.4196
vn 0.2557 0.9584 -0.1272
vn 0.5856 0.3723 -0.7201
vn 0.6018 0.3146 -0.7341
vn 0.6886 0.2274 -0.6886
vn 0.8032 0.0944 -0.5882
vn 0.9122 -0.089 -0.3999
vn 0.9169 -0.3051 -0.2574
vn -0.9617 -0.2742 0
vn -0.9547 -0.2974 0
vn -0.9679 -0.2515 0
vn -0.9664 -0.2562 -0.0194
vn -0.791 -0.6114 0.0223
vn -0.96 -0.2794 -0.0197
vn -0.7805 -0.6252 0
vn -0.6848 -0.7283 0.0225
vn -0.7919 -0.6068 -0.0689
vn -0.6476 -0.762 0
vn -0.5342 -0.8451 0.0219
vn -0.6656 -0.7404 -0.0938
vn -0.5245 -0.8514 0
vn -0.4031 -0.9149 0.0209
vn -0.5556 -0.8186 -0.1456
vn -0.3956 -0.9184 0
vn -0.2061 -0.9785 0
vn -0.4201 -0.8661 -0.2709
vn -0.2402 -0.8909 -0.3854
vn -0.2978 0.8689 -0.3955
vn -0.6031 0.522 -0.6031
vn -0.6997 0.402 -0.5906
vn -0.7201 0.3723 -0.5856
vn -0.7341 0.3146 -0.6018
vn -0.7513 0.2855 -0.595
vn -0.7671 -0.172 -0.618
vn 0.7341 0.3146 -0.6018
vn 0.7156 0.3439 -0.608
vn 0.6997 0.402 -0.5906
vn 0.6754 0.4352 -0.5953
vn 0.5769 0.5499 -0.604
vn 0.2694 0.8806 -0.3899
vn -0.2612 -0.9054 -0.3346
vn 0.2341 -0.9147 -0.3295
vn -0.4914 -0.8026 -0.3383
vn -0.6833 -0.6591 -0.3141
vn -0.8222 -0.4601 -0.3352
vn -0.9152 -0.2324 -0.3291
vn -0.9469 0.0012 -0.3214
vn -0.9124 0.2119 -0.3502
vn -0.8231 0.4393 -0.36
vn -0.691 0.6354 -0.3447
vn -0.4985 0.7857 -0.3662
vn -0.2662 0.8936 -0.3613
vn 0.2387 0.9035 -0.3559
vn -0.7069 0.0239 0.7069
vn -0.7017 -0.1239 0.7017
vn -0.6688 -0.374 0.6425
vn -0.6807 -0.5449 0.4896
vn 0.5283 -0.8367 -0.1446
vn 0.6407 -0.7621 -0.0936
vn 0.4993 -0.8664 0
vn 0.6237 -0.7817 0
vn 0.7718 -0.6321 -0.0691
vn 0.371 -0.9287 0
vn 0.5086 -0.8607 0.0218
vn 0.6584 -0.7523 0.0224
vn 0.3913 -0.8804 -0.2679
vn 0.7607 -0.6491 0
vn 0.9528 -0.303 -0.02
vn 0.9471 -0.3211 0
vn 0.96 -0.2794 -0.0197
vn 0.9617 -0.2742 0
vn 0.9547 -0.2974 0
vn 0.0379 -0.193 -0.9805
vn -0.0172 -0.0871 -0.996
vn 0.1646 -0.4202 -0.8924
vn -0.05 -0.0177 -0.9986
vn -0.0872 0.0183 -0.996
vn -0.137 0.12 -0.9833
vn -0.2627 0.3332 -0.9055
vn -0.4032 0.6487 -0.6454
vn -0.4689 0.805 -0.3633
vn -0.5068 0.8456 -0.1679
vn -0.5075 0.8613 -0.0231
vn -0.4818 0.876 -0.0229
vn -0.4818 0.876 0.0229
vn -0.4358 0.8928 0.1142
vn -0.4448 0.8608 -0.2475
vn -0.4108 0.8263 -0.3854
vn 0.4088 0.9056 0.113
vn 0.4161 0.8757 -0.2448
vn 0.3811 0.8423 -0.3811
vn 0.3427 0.7391 0.5799
vn 0 -0.7174 0.6967
vn 0.2838 -0.7509 0.5963
vn -0.1671 0.9674 -0.1904
vn -0.3034 0.9526 -0.0212
vn -0.2978 0.9546 0.0012
vn -0.164 0.9727 0.164
vn 0.1413 0.9767 0.1613
vn 0.2746 0.9616 0.0012
vn 0.2797 0.9599 -0.0209
vn 0.1206 0.6777 -0.7254
vn -0.1463 0.6623 -0.7348
vn -0.3739 0.6705 -0.6408
vn -0.5451 0.6793 -0.4914
vn -0.6718 0.694 -0.2589
vn -0.7069 0.7069 -0.0239
vn -0.6547 0.729 0.1997
vn -0.7627 0.6468 0.0014
vn -0.7395 0.6732 0.0014
vn -0.1463 0.7348 0.6623
vn 0.1204 0.7479 0.6528
vn -0.9722 -0.2335 0.0192
vn -0.6584 -0.7523 0.0224
vn -0.9078 0.4195 0.0013
vn -0.5086 -0.8607 0.0218
vn -0.3665 -0.9282 0.0637
vn -0.5892 -0.8026 0.0929
vn -0.5556 -0.8186 0.1456
vn -0.2379 -0.9556 0.1737
vn -0.9129 -0.3499 0.2102
vn -0.2875 -0.9452 0.1546
vn -0.9254 -0.2292 0.3018
vn -0.4219 -0.8915 -0.1647
vn -0.8676 -0.1946 0.4576
vn -0.8868 -0.2173 0.4079
vn -0.9169 -0.3653 0.1608
vn -0.9065 -0.4221 0
vn -0.9095 -0.3715 -0.1865
vn -0.8944 -0.3413 -0.2892
vn -0.8797 -0.2696 -0.3917
vn -0.8572 -0.2218 -0.4648
vn -0.8405 -0.2238 -0.4934
vn -0.8818 -0.2944 -0.3684
vn -0.5877 -0.7173 -0.3743
vn -0.8972 -0.3992 -0.1887
vn -0.6101 -0.7129 -0.3458
vn -0.8546 -0.5113 -0.0912
vn -0.8617 -0.507 -0.0217
vn -0.8802 -0.46 -0.1168
vn -0.906 -0.2595 -0.3343
vn -0.9336 -0.0869 0.3477
vn -0.9173 -0.0659 0.3927
vn 0.516 0.7031 -0.4893
vn 0.3447 0.691 -0.6354
vn 0.6423 0.7216 -0.2585
vn 0.6841 0.729 -0.0239
vn 0.6251 0.7547 0.1991
vn 0.7395 0.6732 0.0014
vn 0.7181 0.696 0.0014
vn 0.8957 0.4446 0.0013
vn -0.4907 0.8701 -0.0454
vn -0.4533 0.7675 -0.4533
vn -0.175 0.2646 -0.9484
vn -0.0736 0.0917 -0.9931
vn -0.035 0.052 -0.998
vn 0.0169 -0.0688 -0.9975
vn 0.0552 -0.1323 -0.9897
vn 0.1566 -0.3119 -0.9371
vn 0.2387 0.3559 -0.9035
vn 0.3739 0.6705 -0.6408
vn 0.4393 0.8231 -0.36
vn 0.4789 0.862 -0.1665
vn 0.4818 0.876 -0.0229
vn 0.4562 0.8896 -0.0227
vn 0.4562 0.8896 0.0227
vn -0.8896 0.4562 -0.0227
vn 0.4477 0.8942 0.0013
vn 0.5871 0.8092 -0.0236
vn -0.612 0.7905 -0.0237
vn 0.876 0.4818 -0.0229
vn 0.3411 -0.9379 0.063
vn 0.5283 -0.8367 0.1446
vn 0.2132 -0.9619 0.1711
vn 0.4196 0.789 -0.4488
vn 0.4647 0.8843 -0.045
vn 0.1529 0.2856 -0.9461
vn -0.8395 0.5353 -0.0933
vn -0.8032 0.0944 -0.5882
vn -0.7751 -0.1984 -0.5998
vn -0.7603 -0.5516 -0.343
vn -0.7076 -0.7062 -0.0225
vn -0.7472 -0.5085 -0.4279
vn 0.7249 -0.5379 -0.4303
vn 0.6848 -0.7283 -0.0225
vn 0.7379 -0.5803 -0.3446
vn 0.761 -0.2261 -0.6081
vn 0.7913 0.1228 -0.599
vn 0.8219 0.5619 -0.0939
vn 0.4619 -0.8211 -0.3354
vn 0.6574 -0.6849 -0.3141
vn 0.8037 -0.4896 -0.3381
vn 0.906 -0.2595 -0.3343
vn 0.9379 -0.0013 -0.347
vn 0.9035 0.2387 -0.3559
vn 0.805 0.4689 -0.3633
vn 0.6621 0.6653 -0.3449
vn 0.4689 0.805 -0.3633
vn 0.0689 0.9975 -0.018
vn -0.0172 0.9997 -0.0172
vn 0.0887 0.9954 -0.0361
vn 0.3551 0.9346 -0.0218
vn 0.1079 0.9935 -0.0367
vn -0.3944 0.9166 0.066
vn -0.3753 0.9227 0.0881
vn -0.384 0.8911 -0.2417
vn -0.3518 0.857 -0.3766
vn -0.3559 0.9035 -0.2387
vn -0.3524 0.9293 -0.1102
vn -0.3399 0.9383 0.0643
vn -0.3502 0.9124 0.2119
vn -0.4152 0.8095 0.4152
vn -0.4316 0.6782 0.5949
vn -0.4564 0.4794 0.7496
vn -0.5668 0.2842 0.7733
vn -0.7724 -0.0706 0.6312
vn -0.892 -0.1631 0.4215
vn -0.9427 -0.2474 0.2239
vn -0.9583 -0.2736 0.0822
vn -0.9508 -0.2983 -0.0834
vn -0.9331 -0.2956 -0.2046
vn -0.904 -0.2355 -0.3569
vn -0.9427 -0.2474 -0.2239
vn -0.9621 -0.2515 0.1058
vn -0.9716 -0.223 0.0797
vn -0.9494 -0.1999 -0.2421
vn 0.4374 -0.3598 0.8241
vn 0.3685 0.9273 0.0652
vn 0.3461 0.9342 0.0869
vn 0.3559 0.9035 -0.2387
vn 0.3228 0.8704 -0.3717
vn 0.3281 0.9148 -0.2356
vn 0.3264 0.9389 -0.1088
vn 0.3148 0.947 0.0635
vn 0.3229 0.9231 0.2091
vn 0.3854 0.8263 0.4108
vn 0.402 0.6997 0.5906
vn 0.426 0.5083 0.7484
vn 0.545 0.3117 0.7784
vn 0.6471 0.0469 0.7609
vn 0.7614 -0.0952 0.6413
vn 0.8823 -0.1926 0.4294
vn 0.9346 -0.2736 0.2273
vn 0.9508 -0.2983 0.0834
vn 0.9425 -0.3234 -0.0845
vn 0.9235 -0.3225 -0.2074
vn 0.8929 -0.2664 -0.3631
vn 0.9346 -0.2736 -0.2273
vn 0.9551 -0.2761 0.1073
vn 0.9658 -0.2465 0.0809
vn 0.9427 -0.2253 -0.246
vn 0.3045 -0.9523 -0.02
vn 0.245 -0.9661 -0.0808
vn 0.7368 -0.6598 -0.148
vn 0.4829 -0.8754 0.0216
vn 0.7061 -0.7047 -0.0695
vn 0.5534 -0.8301 0.0681
vn 0.5196 -0.8461 0.119
vn 0.6863 -0.712 0.1482
vn 0.6955 -0.697 0.1746
vn 0.3242 -0.9229 0.2076
vn 0.9072 -0.3097 0.2848
vn 0.3459 -0.92 0.1843
vn 0.8868 -0.2173 0.4079
vn 0.3923 -0.9176 0.0645
vn 0.3665 -0.9282 -0.0637
vn 0.3342 -0.9329 -0.1342
vn 0.9009 -0.2114 0.379
vn 0.9234 -0.206 0.3239
vn 0.929 -0.3528 0.1117
vn 0.9375 -0.3481 0
vn 0.9386 -0.3268 -0.1103
vn 0.9255 -0.3004 -0.2307
vn 0.9174 -0.2822 -0.2807
vn 0.9152 -0.2324 -0.3291
vn 0.9205 -0.1827 -0.3455
vn 0.5331 0.3986 0.7463
vn 0.5513 0.3411 0.7614
vn 0.5157 0.4856 0.7059
vn 0.595 0.2855 0.7513
vn 0.4649 0.626 0.626
vn 0.6803 0.1999 0.7051
vn 0.4005 0.7236 0.5621
vn 0.222 0.8562 0.4666
vn 0.5491 0.5491 0.6301
vn 0.7925 -0.0703 0.6058
vn 0.8147 -0.2804 0.5076
vn 0.7529 0.2025 0.6262
vn 0.3332 0.9055 0.2627
vn 0.5205 0.5475 -0.6553
vn 0.5953 0.4352 -0.6754
vn 0.6414 0.3776 -0.6678
vn 0.6628 0.3486 -0.6628
vn 0.6853 0.3159 -0.6562
vn 0.7436 0.1726 -0.6459
vn 0.9418 -0.203 -0.2679
vn 0.9346 -0.2287 0.2723
vn -0.6153 0.2578 0.745
vn -0.5736 0.3133 0.7568
vn -0.6964 0.173 0.6964
vn -0.557 0.3708 0.7432
vn -0.5415 0.4582 0.7048
vn -0.8018 -0.0466 0.5957
vn -0.4936 0.6014 0.6283
vn -0.8282 -0.2519 0.5006
vn -0.4303 0.7028 0.5665
vn -0.7668 0.1753 0.6174
vn -0.2498 0.8445 0.4736
vn -0.3613 0.8936 0.2662
vn -0.5757 0.5216 0.6297
vn -0.9418 -0.203 0.2679
vn -0.5475 0.5205 -0.6553
vn -0.9481 -0.1779 -0.2635
vn -0.6189 0.4065 -0.672
vn -0.7571 0.146 -0.6367
vn -0.6628 0.3486 -0.6628
vn -0.6853 0.3159 -0.6562
vn -0.7041 0.2871 -0.6495
vn -0.9184 -0.3792 -0.1131
vn -0.9169 -0.3051 -0.2574
vn -0.9437 -0.3302 0.0202
vn -0.8868 -0.2173 -0.4079
vn -0.9508 -0.281 0.1305
vn -0.8823 -0.1926 -0.4294
vn -0.9351 -0.2513 0.2499
vn -0.9092 -0.185 0.3729
vn -0.8798 -0.1153 0.4612
vn -0.9072 -0.3097 -0.2848
vn -0.8629 -0.1165 0.4918
vn -0.8517 -0.1964 0.4858
vn -0.8653 -0.2727 0.4205
vn -0.8696 -0.372 0.3246
vn -0.7431 -0.6182 0.2561
vn -0.6356 -0.7374 0.2286
vn -0.2721 -0.9588 0.0821
vn -0.3544 -0.9284 0.1118
vn -0.2576 -0.9661 0.0194
vn -0.4491 -0.8505 0.2738
vn -0.3045 -0.9523 -0.02
vn -0.4644 -0.8579 0.2201
vn -0.9154 0.402 0.0223
vn -0.8976 0.4387 0.0445
vn -0.9112 0.4096 0.044
vn -0.8921 0.4467 0.0674
vn -0.9049 0.4205 0.0667
vn -0.8896 0.4562 0.0227
vn -0.8783 0.4732 0.068
vn -0.8701 0.4907 0.0454
vn -0.8613 0.5075 0.0231
vn -0.8549 0.5168 0.0457
vn -0.8635 0.4996 0.0686
vn -0.876 0.4818 0.0229
vn 0.8944 -0.3413 -0.2892
vn 0.8766 -0.2447 -0.4143
vn 0.8726 -0.2196 -0.4363
vn 0.8944 -0.2907 -0.3399
vn 0.9061 -0.3328 -0.261
vn 0.9067 -0.4059 -0.1144
vn 0.9348 -0.3547 0.0205
vn 0.9426 -0.3066 0.1323
vn 0.9265 -0.2779 0.2537
vn 0.8708 -0.1437 0.4702
vn 0.8551 -0.145 0.4978
vn 0.8405 -0.2238 0.4934
vn 0.8529 -0.3013 0.4264
vn 0.8551 -0.4012 0.3284
vn 0.7196 -0.6451 0.2568
vn 0.6086 -0.76 0.2279
vn 0.245 -0.9661 0.0808
vn 0.3284 -0.9381 0.1104
vn 0.2321 -0.9725 0.0191
vn 0.4201 -0.8661 0.2709
vn 0.2808 -0.9596 -0.0197
vn 0.4359 -0.8732 0.2179
vn 0.9038 0.4274 0.0225
vn 0.8976 0.4387 0.0445
vn 0.8843 0.4647 0.045
vn 0.8783 0.4732 0.068
vn 0.8921 0.4467 0.0674
vn 0.876 0.4818 0.0229
vn 0.8635 0.4996 0.0686
vn 0.8549 0.5168 0.0457
vn 0.8457 0.5332 0.0233
vn 0.8386 0.5428 0.046
vn 0.8476 0.5261 0.0691
vn 0.8613 0.5075 0.0231
vn 0.9306 -0.1803 -0.3186
vn 0.9095 -0.3715 -0.1865
vn 0.4527 -0.8872 -0.0894
vn 0.378 -0.9256 0.0207
vn 0.5629 -0.8213 0.0924
vn 0.9011 -0.3777 0.2129
vn 0.9168 -0.2559 0.3066
vn 0.8572 -0.2218 0.4648
vn 0.8766 -0.2447 0.4143
vn 0.9052 -0.3926 0.1628
vn 0.8944 -0.4472 0
vn 0.8972 -0.3992 -0.1887
vn 0.8817 -0.3699 -0.2929
vn 0.868 -0.298 -0.3973
vn 0.8456 -0.2497 -0.4718
vn 0.8282 -0.2519 -0.5006
vn 0.8696 -0.323 -0.3735
vn 0.5591 -0.7406 -0.3727
vn 0.882 -0.4307 -0.1911
vn 0.582 -0.7365 -0.3447
vn 0.8379 -0.538 -0.0918
vn 0.3943 -0.9044 -0.1629
vn 0.8461 -0.5326 -0.0219
vn 0.8633 -0.4907 -0.118
vn 0.2588 -0.9539 0.1521
vn 0.9287 -0.1103 0.354
vn 0.9122 -0.089 0.3999
vn 0.6967 -0.7174 0
vn 0.0328 -0.9993 -0.0164
vn 0.001 0.9999 -0.0169
vn -0.4183 -0.9059 0.0652
vn -0.3286 -0.9442 -0.0202
vn -0.2721 -0.9588 -0.0821
vn -0.7591 -0.6341 -0.1476
vn -0.7289 -0.6811 -0.0694
vn -0.5795 -0.8121 0.0685
vn -0.5466 -0.8287 0.1199
vn -0.7196 -0.6721 0.1745
vn -0.3516 -0.9122 0.2104
vn -0.3733 -0.9088 0.1866
vn -0.3923 -0.9176 -0.0645
vn -0.3608 -0.9227 -0.136
vn -0.4828 -0.871 -0.0904
vn -0.9207 -0.3442 -0.1841
vn -0.9369 -0.1552 -0.3132
vn -0.9273 -0.1573 -0.3397
vn -0.9234 -0.206 -0.3239
vn -0.9265 -0.2551 -0.2765
vn -0.9346 -0.2736 -0.2273
vn -0.9473 -0.3012 -0.1088
vn -0.9471 -0.3211 0
vn -0.9386 -0.3268 0.1103
vn -0.9306 -0.1803 0.3186
vn 0.1176 0.1394 -0.9832
vn 0.0701 0.0356 -0.9969
vn 0.0334 -0.0344 -0.9989
vn -0.057 -0.1745 -0.983
vn -0.1887 -0.3992 -0.8972
vn -0.3465 -0.6881 -0.6375
vn -0.4324 -0.8382 -0.3322
vn -0.474 -0.8805 0
vn -0.4456 -0.8952 0
vn -0.4625 -0.8856 0.0435
vn -0.9038 0.4274 -0.0225
vn 0.0554 0.1098 -0.9924
vn 0.018 0.0689 -0.9975
vn -0.0339 -0.0519 -0.9981
vn -0.0737 -0.114 -0.9907
vn -0.1792 -0.2908 -0.9399
vn -0.4472 -0.789 -0.4213
vn 0.8896 0.4562 -0.0227
vn -0.9009 -0.2114 0.379
vn -0.9168 -0.256 0.3066
vn -0.9061 -0.3328 0.261
vn -0.8787 -0.4726 0.0665
vn -0.8924 -0.4202 0.1646
vn -0.8523 -0.523 0
vn -0.7323 -0.6049 0.3129
vn -0.8553 -0.5162 -0.0443
vn -0.8633 -0.4907 -0.118
vn -0.872 -0.4811 -0.0903
vn -0.864 -0.4991 -0.0671
vn -0.8553 -0.5162 0.0443
vn -0.8378 -0.5266 0.1445
vn -0.8279 -0.502 0.2502
vn -0.8551 -0.4012 0.3284
vn -0.8829 -0.319 0.3447
vn -0.9152 -0.2324 0.3291
vn -0.9549 -0.106 0.2773
vn -0.9586 -0.0835 0.2724
vn -0.9708 -0.1233 0.2058
vn -0.9428 -0.0858 -0.3222
vn -0.9542 -0.2929 0.0614
vn -0.8983 -0.0445 -0.437
vn -0.5768 0.8169 0.0014
vn -0.0223 0.402 -0.9154
vn 0.1507 0.0572 -0.9869
vn -0.1729 0.6716 -0.7205
vn -0.2694 0.8806 -0.3899
vn 0.5487 0.836 0.0014
vn 0.7083 -0.6323 0.3137
vn 0.5136 -0.8353 0.1964
vn 0.8927 -0.3645 0.2648
vn 0.8766 -0.4515 0.1666
vn 0.9071 -0.2833 0.3112
vn 0.864 -0.4991 0.0671
vn 0.8364 -0.5481 0
vn 0.837 -0.5454 -0.0446
vn 0.8472 -0.5179 -0.1189
vn 0.8546 -0.5113 -0.0912
vn 0.8461 -0.5288 -0.0677
vn 0.837 -0.5454 0.0446
vn 0.8197 -0.5539 0.1455
vn 0.8092 -0.5307 0.2521
vn 0.8393 -0.4306 0.332
vn 0.8701 -0.3477 0.3493
vn 0.906 -0.2595 0.3343
vn 0.9506 -0.1291 0.2823
vn 0.9549 -0.106 0.2773
vn 0.9663 -0.149 0.2098
vn 0.9384 -0.1089 -0.328
vn 0.9462 -0.3176 0.0622
vn 0.8929 -0.0673 -0.4451
vn -0.0161 -0.9997 0.0161
vn -0.2672 -0.9617 0.0605
vn -0.0333 -0.9989 0.0333
vn -0.3348 -0.9414 0.0412
vn -0.4285 -0.9033 0.0212
vn -0.05 -0.9986 0.0167
vn -0.454 -0.8907 -0.0214
vn -0.5271 -0.8471 -0.0677
vn -0.0508 -0.9981 -0.0339
vn -0.6518 -0.7485 -0.122
vn -0.0552 -0.9898 -0.1311
vn -0.6407 -0.7621 -0.0936
vn -0.0561 -0.9868 -0.1518
vn -0.0534 -0.9944 -0.0913
vn -0.6305 -0.7731 -0.0691
vn -0.645 -0.7629 0.0455
vn -0.0711 -0.9949 0.0711
vn -0.6273 -0.7524 0.2009
vn -0.0595 -0.9688 0.2406
vn -0.575 -0.7565 0.3116
vn -0.0645 -0.9176 0.3923
vn -0.6003 -0.6523 0.4628
vn -0.0446 -0.838 0.5438
vn -0.0456 -0.7417 0.6691
vn -0.6812 -0.5185 0.5168
vn -0.0691 -0.6321 0.7718
vn -0.725 -0.432 0.5363
vn -0.0677 -0.5288 0.8461
vn -0.7186 -0.3724 0.5873
vn -0.0659 -0.4462 0.8925
vn -0.6798 -0.2033 0.7046
vn -0.0614 -0.2929 0.9542
vn -0.7641 -0.3723 0.5268
vn -0.0685 -0.5811 0.811
vn -0.7949 -0.5378 0.2807
vn -0.0885 -0.9004 0.426
vn 0.8114 0.584 0.0236
vn 0.5871 0.8092 0.0236
vn 0.3337 0.9417 0.0425
vn 0.926 0.3769 0.022
vn 0.998 0.052 0.035
vn 0.9684 -0.2421 0.0596
vn 0.6052 -0.7931 0.0688
vn 0.2914 -0.9546 0.0613
vn -0.9989 0.0323 0.0344
vn -0.974 -0.219 0.0587
vn -0.9357 0.352 0.0218
vn -0.6305 -0.7731 0.0691
vn -0.8291 0.5587 0.0235
vn -0.316 -0.9467 0.0622
vn 0.3348 -0.9414 0.0412
vn -0.612 0.7905 0.0237
vn -0.3618 0.9313 0.0431
vn 0.2849 0.9577 0.0414
vn 0.0333 -0.9989 -0.0333
vn 0.5007 -0.863 -0.0671
vn 0.4285 -0.9033 -0.0212
vn 0.6262 -0.7701 -0.1217
vn 0.4031 -0.9149 0.0209
vn 0.0362 -0.991 -0.1288
vn 0.0328 -0.9993 0.0164
vn 0.6152 -0.7828 -0.0933
vn 0.0164 -0.9993 0.0328
vn 0.0367 -0.9881 -0.1492
vn 0.3102 -0.9498 0.0407
vn 0.2406 -0.9688 0.0595
vn 0.035 -0.9953 -0.0898
vn 0.6052 -0.7931 -0.0688
vn 0.6202 -0.7831 0.0453
vn 0.0525 -0.9962 0.07
vn 0.6003 -0.7743 0.2001
vn 0.039 -0.9709 0.2363
vn 0.5428 -0.7807 0.3097
vn 0.0422 -0.9219 0.3851
vn 0.5687 -0.6808 0.4617
vn 0.0219 -0.8451 0.5342
vn 0.0224 -0.7523 0.6584
vn 0.6568 -0.5473 0.5187
vn 0.0455 -0.6465 0.7616
vn 0.7035 -0.4618 0.5402
vn 0.0446 -0.5454 0.837
vn 0.6982 -0.4021 0.5923
vn 0.0436 -0.4641 0.8847
vn 0.6624 -0.2308 0.7127
vn 0.0407 -0.3118 0.9493
vn 0.7452 -0.4022 0.5319
vn 0.0451 -0.5967 0.8012
vn 0.7742 -0.5664 0.2824
vn 0.0652 -0.9059 0.4183
vn 0.1465 0.6873 -0.7115
vn 0.2417 0.8911 -0.384
vn -0.05 -0.9986 -0.0167
vn -0.7188 -0.6953 0
vn -0.9975 -0.0688 0.0169
vn -0.8282 -0.2519 -0.5006
vn -0.8147 -0.2804 -0.5076
vn -0.6317 -0.549 -0.5473
vn -0.6371 -0.3447 -0.6894
vn -0.6243 -0.2865 -0.7267
vn -0.6688 -0.374 -0.6425
vn -0.8696 -0.372 -0.3246
vn -0.784 -0.5189 -0.3406
vn -0.8032 -0.5514 -0.2255
vn -0.7993 -0.6009 0
vn -0.8223 -0.5231 0.224
vn -0.8063 -0.4656 0.3648
vn -0.8818 -0.2944 0.3684
vn -0.6837 -0.3159 0.6578
vn -0.8338 -0.1948 0.5166
vn -0.6512 -0.2871 0.7025
vn -0.6956 -0.2589 0.6702
vn -0.8405 -0.2238 0.4934
vn -0.7472 -0.5085 0.4279
vn -0.8342 -0.5153 0.1965
vn 0.996 -0.0871 0.0172
vn 0.8282 -0.2519 0.5006
vn 0.8227 -0.2256 0.5218
vn 0.7249 -0.5379 0.4303
vn 0.8158 -0.5434 0.1979
vn 0.6773 -0.2873 0.6773
vn 0.631 -0.3155 0.7087
vn 0.6637 -0.3449 0.6637
vn 0.8696 -0.323 0.3735
vn 0.7871 -0.4952 0.3678
vn 0.8032 -0.5514 0.2255
vn 0.7805 -0.6252 0
vn 0.7829 -0.5794 -0.2268
vn 0.7603 -0.5516 -0.343
vn 0.8551 -0.4012 -0.3284
vn 0.6471 -0.4032 -0.6471
vn 0.7999 -0.3095 -0.5142
vn 0.6035 -0.3147 -0.7326
vn 0.8147 -0.2804 -0.5076
vn 0.6153 -0.3734 -0.6942
vn 0.6056 -0.5769 -0.5481
vn -0.7603 -0.5516 0.343
vn -0.822 -0.3335 0.4616
vn -0.6511 -0.6227 0.434
vn -0.5555 -0.7434 0.3725
vn -0.7021 -0.6524 0.2853
vn -0.6239 -0.7278 0.2847
vn -0.4674 -0.8052 0.365
vn -0.2995 -0.8537 0.4261
vn -0.365 -0.8052 0.4674
vn -0.4618 -0.6777 0.5723
vn -0.5109 -0.4595 0.7265
vn 0 -0.2974 0.9547
vn -0.7111 -0.1498 0.6869
vn -0.8384 -0.0933 0.5369
vn -0.8291 0.0235 0.5587
vn -0.4648 -0.2218 0.8572
vn 0 -0.0333 0.9994
vn -0.6471 0.0469 0.7609
vn -0.7436 0.1726 0.6459
vn -0.3885 0.0195 0.9212
vn 0.0011 0.1838 0.983
vn -0.5148 0.1948 0.8349
vn -0.545 0.3117 0.7784
vn -0.4009 0.3266 0.8559
vn -0.3176 0.1833 0.9304
vn -0.2323 0.3007 0.925
vn 0.2518 0.9678 0.0012
vn 0.3976 0.9175 0.0013
vn 0.696 0.7181 0.0014
vn 0.8011 0.5985 0.0014
vn -0.7359 -0.6373 -0.2286
vn -0.5917 -0.7874 -0.173
vn -0.895 -0.3147 -0.3162
vn -0.3809 -0.9177 -0.1132
vn -0.8726 -0.2196 -0.4363
vn -0.454 -0.8907 0.0214
vn -0.8766 -0.2447 -0.4143
vn -0.5451 -0.8146 0.198
vn -0.8696 -0.323 -0.3735
vn -0.8764 -0.4157 -0.2431
vn -0.8925 -0.4462 -0.0659
vn -0.9118 -0.4011 0.0876
vn -0.9154 -0.3277 0.2339
vn -0.904 -0.2355 0.3569
vn -0.8823 -0.1926 0.4294
vn -0.996 0.0872 -0.0183
vn -0.9942 0.1061 -0.0186
vn -0.9963 0.0858 0.0011
vn -0.9809 0.1905 -0.039
vn -0.9325 0.3586 -0.043
vn -0.8701 0.4907 -0.0454
vn -0.7609 0.6471 -0.0469
vn -0.6074 0.7912 -0.0704
vn -0.4205 0.9049 -0.0667
vn -0.2232 0.9714 -0.0811
vn 0.4321 -0.7029 0.565
vn 0.4847 -0.4863 0.727
vn 0.3354 -0.8211 0.4619
vn 0.5264 -0.7653 0.3704
vn 0.4378 -0.8232 0.3616
vn 0.5963 -0.7509 0.2838
vn 0.6769 -0.6785 0.2855
vn 0.7379 -0.5803 0.3446
vn 0.6244 -0.6494 0.4341
vn 0.8062 -0.3631 0.4671
vn 0.696 -0.1763 0.696
vn 0.8293 -0.1183 0.5461
vn 0.8213 0.0463 0.5686
vn 0.443 -0.2473 0.8617
vn 0.6328 0.0706 0.7711
vn 0.729 0.1997 0.6547
vn 0.3714 -0.0013 0.9285
vn 0.4942 0.2205 0.8409
vn 0.5222 0.339 0.7825
vn 0.3766 0.3518 0.857
vn 0.2959 0.2062 0.9327
vn 0.2091 0.3229 0.9231
vn -0.38 0.9247 -0.022
vn -0.3337 0.9417 -0.0425
vn -0.0872 0.996 -0.0183
vn -0.9357 0.352 -0.0218
vn -0.5487 0.836 0.0014
vn -0.5279 0.7651 0.3687
vn -0.0706 0.6328 0.7711
vn -0.0869 0.3461 0.9342
vn -0.0667 -0.001 0.9978
vn -0.6 -0.0014 0.8
vn -0.0725 -0.0941 0.9929
vn -0.6058 -0.0703 0.7925
vn -0.0876 -0.4011 0.9118
vn -0.6097 -0.344 0.7141
vn -0.6242 -0.4322 0.6509
vn -0.0694 -0.7303 0.6796
vn -0.6317 -0.549 0.5473
vn -0.6375 -0.6881 0.3465
vn -0.0688 -0.997 0.0344
vn -0.0677 -0.9976 0.0169
vn -0.0885 -0.9004 -0.426
vn -0.6375 -0.6881 -0.3465
vn -0.0693 -0.7521 -0.6554
vn -0.6313 -0.5756 -0.5199
vn -0.0685 -0.5811 -0.811
vn -0.6242 -0.4322 -0.6509
vn -0.6244 -0.0014 -0.7811
vn -0.6212 0.0439 -0.7825
vn -0.9154 0.402 -0.0223
vn -0.926 0.3769 -0.022
vn -0.9189 0.3945 0.0013
vn 0.3944 0.9166 -0.066
vn 0.5785 0.8127 -0.07
vn 0.7397 0.6713 -0.047
vn 0.8549 0.5168 -0.0457
vn 0.9223 0.384 -0.0435
vn 0.9757 0.2154 -0.0397
vn 0.9919 0.1255 -0.0189
vn 0.9942 0.1061 -0.0186
vn 0.9945 0.1043 0.0011
vn 1 -0.001 0
vn 0.928 -0.3725 0
vn 0.4205 -0.9073 0
vn 0.3225 -0.9466 0
vn -0.8542 -0.1419 0.5002
vn -0.6702 -0.2589 0.6956
vn -0.7891 -0.3929 0.4722
vn -0.8678 -0.3988 0.2964
vn -0.9986 -0.0511 0.0167
vn -0.8497 -0.2755 0.4495
vn -0.6894 -0.3447 0.6371
vn -0.6982 -0.4021 0.5923
vn -0.8079 -0.4408 0.3911
vn -0.8402 -0.4947 0.2222
vn -0.9315 -0.3614 0.0417
vn -0.8449 -0.5073 -0.1696
vn -0.7892 -0.4706 -0.3946
vn -0.7682 -0.4266 -0.4773
vn -0.7601 -0.3412 -0.5531
vn -0.7554 -0.3134 -0.5754
vn -0.8617 -0.2473 -0.443
vn -0.7267 -0.2865 -0.6243
vn -0.7499 -0.2856 -0.5967
vn -0.7641 -0.3723 -0.5268
vn -0.7451 -0.5334 -0.4004
vn -0.7551 -0.5768 -0.3117
vn 0.926 0.3769 -0.022
vn 0.9038 0.4274 -0.0225
vn 0.9154 0.402 -0.0223
vn 0.9078 0.4195 0.0013
vn 0.3091 0.9501 -0.042
vn 0.6062 0.0674 -0.7925
vn 0.6105 -0.0237 -0.7917
vn 0.5236 0.852 0.0013
vn 0.4985 0.7857 0.3662
vn 0.6001 -0.461 -0.6537
vn 0.0451 -0.5967 -0.8012
vn 0.0469 0.6471 0.7609
vn 0.6047 -0.603 -0.5203
vn 0.0651 0.3653 0.9286
vn 0.0455 -0.7629 -0.645
vn 0.6101 -0.7129 -0.3458
vn 0.05 -0.0177 0.9986
vn 0.0652 -0.9059 -0.4183
vn 0.5855 -0.0236 0.8103
vn 0.0544 -0.1121 0.9922
vn 0.05 -0.9986 0.0167
vn 0.5899 -0.0944 0.802
vn 0.0652 -0.42 0.9052
vn 0.0508 -0.9981 0.0339
vn 0.5873 -0.3724 0.7186
vn 0.6101 -0.7129 0.3458
vn 0.6001 -0.461 0.6537
vn 0.6056 -0.5769 0.5481
vn 0.0456 -0.7417 0.6691
vn -0.7451 -0.1725 0.6443
vn -0.7046 -0.2033 0.6798
vn -0.8147 -0.2804 0.5076
vn -0.8701 -0.3477 0.3493
vn -0.8901 -0.3872 0.2403
vn -0.7326 -0.3147 0.6035
vn -0.9645 -0.2609 0.0396
vn -0.8979 -0.4381 0.0431
vn -0.8766 -0.4515 -0.1666
vn -0.8393 -0.4306 -0.332
vn -0.8035 -0.3364 -0.4911
vn -0.7376 -0.3428 -0.5817
vn -0.7326 -0.3147 -0.6035
vn -0.8903 -0.2419 -0.3858
vn -0.8078 -0.3895 -0.4424
vn -0.8766 -0.2447 0.4143
vn -0.855 -0.3268 0.4027
vn -0.8651 -0.4219 0.2711
vn 0.6512 -0.2871 0.7025
vn 0.8454 -0.1712 0.506
vn 0.7682 -0.4266 0.4773
vn 0.8527 -0.4279 0.2997
vn 0.9975 -0.0688 0.0169
vn 0.8365 -0.3043 0.4557
vn 0.6688 -0.374 0.6425
vn 0.6766 -0.4316 0.5966
vn 0.7892 -0.4706 0.3946
vn 0.8223 -0.5231 0.224
vn 0.9212 -0.3867 0.0422
vn 0.8273 -0.5351 -0.1709
vn 0.7666 -0.504 -0.398
vn 0.7483 -0.4566 -0.4813
vn 0.7422 -0.3744 -0.5558
vn 0.7376 -0.3428 -0.5817
vn 0.8497 -0.2755 -0.4495
vn 0.7087 -0.3155 -0.631
vn 0.7326 -0.3147 -0.6035
vn 0.7452 -0.4022 -0.5319
vn 0.7224 -0.5624 -0.4024
vn 0.7323 -0.6049 -0.3129
vn -0.0167 -0.9986 0.05
vn 0 -0.9988 0.0492
vn 0.8408 -0.3561 0.4078
vn 0.8653 -0.2727 0.4205
vn 0.8495 -0.4509 0.2739
vn 0.7141 -0.344 0.6097
vn 0.688 -0.2309 0.688
vn 0.8929 -0.2664 0.3631
vn 0.7286 -0.2031 0.6542
vn 0.7999 -0.3095 0.5142
vn 0.8561 -0.3769 0.3536
vn 0.8764 -0.4157 0.2431
vn 0.9578 -0.2846 0.0401
vn 0.8847 -0.4641 0.0436
vn 0.8614 -0.4794 -0.1681
vn 0.8222 -0.4601 -0.3352
vn 0.787 -0.3661 -0.4967
vn 0.7186 -0.3724 -0.5873
vn 0.7141 -0.344 -0.6097
vn 0.8797 -0.2696 -0.3917
vn 0.7902 -0.4194 -0.4469
vn -0.9977 -0.0677 0
vn -0.7999 -0.3095 0.5142
vn -0.8328 -0.2781 0.4786
vn -0.8797 -0.2696 0.3917
vn -0.9249 -0.3796 -0.0207
vn -0.8032 -0.5514 0.2255
vn -0.7816 -0.6168 -0.0933
vn -0.7996 -0.5156 -0.3078
vn -0.7666 -0.504 -0.398
vn -0.7025 -0.2871 -0.6512
vn -0.7946 -0.2791 -0.5392
vn -0.8551 -0.4012 -0.3284
vn 0.7794 -0.5446 -0.3098
vn 0.9142 -0.4047 -0.021
vn 0.7608 -0.6423 -0.0936
vn 0.7829 -0.5794 0.2268
vn 0.7451 -0.5334 -0.4004
vn 0.6837 -0.3159 -0.6578
vn 0.868 -0.298 0.3973
vn 0.9963 -0.0857 0
vn 0.7797 -0.3115 -0.5432
vn 0.8393 -0.4306 -0.332
vn 0.7838 -0.3389 0.5204
vn 0.8188 -0.3071 0.485
vn 0.8726 -0.2196 0.4363
vn 0.8903 -0.2419 0.3858
vn 0.9041 -0.3555 0.237
vn 0.8996 -0.4277 0.0886
vn 0.8787 -0.4726 -0.0665
vn 0.8615 -0.4444 -0.2457
vn 0.8561 -0.352 -0.3784
vn 0.8653 -0.2727 -0.4205
vn 0.8617 -0.2473 -0.443
vn 0.8829 -0.3432 -0.3205
vn 0.5644 -0.8074 -0.172
vn 0.7122 -0.6636 -0.229
vn 0.3544 -0.9284 -0.1118
vn 0.4285 -0.9033 0.0212
vn -0.2077 0.9782 0.0012
vn -0.3976 0.9175 0.0013
vn -0.867 0.4983 0.0013
vn -0.9291 0.3699 0.0013
vn -0.974 0.2267 0.0012
vn -0.9945 0.1043 0.0011
vn 0 -0.9978 0.0666
vn 0 -0.9962 0.0868
vn 0 -0.9995 0.0323
vn 0 -0.9995 -0.0323
vn -0.4477 0.8942 0.0013
vn 0.4226 0.9063 0.0013
vn -1 -0.001 0
vn -0.9142 -0.4047 0.021
vn 0.9678 0.2518 0.0012
vn 0.974 0.2267 0.0012
vn 0.9924 0.1234 0.0011
vn 0.9189 0.3945 0.0013
vn 0.852 0.5236 0.0013
vn 0.3729 0.9279 0.0013
vn 0.9999 0.0149 0.001
vn 0.9025 -0.4301 0.0212
vn -0.9995 0.0313 0.001
vn -0.9924 -0.1232 0
vn 0.9897 -0.1428 0
vn 0.9988 0.0481 0.001
vn 0.6375 -0.6881 0.3465
vn 0.5107 -0.7279 0.4576
vn 0.4277 -0.7485 0.5067
vn 0.3458 -0.7129 0.6101
vn 0 -0.6009 0.7993
vn 0.4617 -0.5705 0.6792
vn 0.507 -0.4296 0.7473
vn 0.7268 -0.1206 0.6762
vn 0.8207 -0.0939 0.5635
vn 0.7796 0.1487 0.6084
vn 0.4858 -0.1964 0.8517
vn 0.6367 0.146 0.7571
vn 0.6562 0.3159 0.6853
vn 0.4118 0.0413 0.9103
vn 0.4634 0.3337 0.8209
vn 0.5621 0.4005 0.7236
vn 0.2627 0.3332 0.9055
vn 0.3366 0.4929 0.8024
vn 0.1692 0.5345 0.828
vn -0.7823 0.6228 0.0014
vn -0.7869 0.5928 -0.1713
vn -0.7785 0.6105 0.1455
vn -0.7825 0.5222 -0.339
vn -0.7784 0.545 0.3117
vn -0.7694 0.4231 -0.4786
vn -0.77 0.4496 0.4528
vn -0.7733 0.2842 -0.5668
vn -0.7784 0.3117 0.545
vn -0.7695 0.1201 -0.6272
vn -0.7796 0.1487 0.6084
vn -0.7811 -0.0014 0.6244
vn -0.7798 -0.1455 -0.6089
vn -0.7709 -0.1201 0.6256
vn -0.7791 -0.3081 -0.546
vn -0.7739 -0.2807 0.5677
vn -0.7687 -0.4531 -0.4514
vn -0.7682 -0.4266 0.4773
vn -0.7794 -0.5446 -0.3098
vn -0.784 -0.5189 0.3406
vn -0.7804 -0.6078 -0.1471
vn -0.7887 -0.59 0.1729
vn -0.9997 0.0171 0.0151
vn -0.9999 -0.0169 0
vn 0.9946 -0.1042 0
vn 0.4488 -0.8936 0
vn 0.7677 -0.6169 0.1736
vn 0.7603 -0.5516 0.343
vn 0.7591 -0.6341 -0.1476
vn 0.7483 -0.4566 0.4813
vn 0.7551 -0.5768 -0.3117
vn 0.7554 -0.3134 0.5754
vn 0.7483 -0.4829 -0.4549
vn 0.7585 -0.146 0.6351
vn 0.7606 -0.3447 -0.5502
vn 0.7671 -0.172 -0.618
vn 0.7668 0.1753 0.6174
vn 0.7721 -0.0238 -0.635
vn 0.7614 0.3411 0.5513
vn 0.7571 0.146 -0.6367
vn 0.7496 0.4794 0.4564
vn 0.7568 0.3133 -0.5736
vn 0.7568 0.5736 0.3133
vn 0.7495 0.453 -0.4827
vn 0.7571 0.6367 0.146
vn 0.7614 0.5513 -0.3411
vn 0.7627 0.6468 0.0014
vn 0.7658 0.6196 -0.172
vn -0.9998 -0.0151 -0.0161
vn -0.9993 -0.0154 -0.0328
vn -0.9999 -0.001 -0.0159
vn 0.9999 -0.0169 0
vn 0.9994 -0.0333 0
vn 0.9999 -0.001 0.0159
vn 0.7297 -0.6834 -0.0225
vn 0.0688 -0.997 -0.0344
vn 0.0339 -0.9981 -0.0508
vn 0.5729 -0.795 -0.1991
vn 0.3539 -0.8552 -0.3787
vn 0.1657 0.9862 0.0011
vn -0.1864 0.9825 0.0011
vn 0.9997 -0.0172 -0.0162
vn 0.9999 -0.001 -0.0159
vn 0.9995 -0.001 -0.0323
vn -0.9866 0.1631 0.0011
vn -0.6641 -0.6624 0.3467
vn -0.5399 -0.7049 0.4599
vn -0.4576 -0.7279 0.5107
vn -0.3128 -0.7337 0.6031
vn -0.4896 -0.5449 0.6807
vn -0.5319 -0.4022 0.7452
vn -0.7396 -0.0954 0.6662
vn -0.8296 -0.0696 0.554
vn -0.7913 0.1228 0.599
vn -0.506 -0.1712 0.8454
vn -0.6528 0.1204 0.7479
vn -0.678 0.2837 0.678
vn -0.4296 0.0198 0.9028
vn -0.4868 0.3072 0.8177
vn -0.5856 0.3723 0.7201
vn -0.3633 0.4689 0.805
vn -0.2865 0.31 0.9065
vn -0.1948 0.5148 0.8349
vn -0.9977 -0.018 -0.0655
vn -0.9924 -0.0166 -0.1216
vn -0.9945 0.0011 -0.1043
vn -0.9989 -0.0344 -0.0334
vn -0.9999 0.0149 0.001
vn 0.9721 0.2337 -0.0204
vn 0.7734 0.6335 -0.0238
vn 0.983 0.1838 0.0011
vn -0.983 0.1838 0.0011
vn -0.1521 -0.9539 0.2588
vn -0.1466 -0.989 0.018
vn -0.1433 -0.8557 0.4973
vn -0.1498 -0.9606 -0.2339
vn -0.1421 -0.8713 -0.4697
vn -0.1422 -0.4714 0.8704
vn -0.1482 -0.712 -0.6863
vn -0.15 -0.2355 0.9602
vn -0.1434 -0.499 -0.8546
vn -0.143 0.0011 0.9897
vn -0.1522 -0.2604 -0.9534
vn -0.1507 0.2601 0.9537
vn -0.143 0.0011 -0.9897
vn -0.1418 0.4985 0.8552
vn -0.1485 0.2352 -0.9605
vn -0.1465 0.7115 0.6873
vn -0.1406 0.4709 -0.8709
vn -0.1406 0.8709 0.4709
vn -0.1465 0.6873 -0.7115
vn -0.1485 0.9605 0.2352
vn -0.1418 0.8552 -0.4985
vn -0.143 0.9897 0.0011
vn -0.1507 0.9537 -0.2601
vn -0.9954 0.0361 0.0887
vn -0.9975 0.018 0.0689
vn -0.6678 0.0954 0.7382
vn -0.656 -0.0708 0.7514
vn -0.9945 0.0011 0.1043
vn -0.6542 -0.2031 0.7286
vn -0.9942 0.0186 0.1061
vn -0.6423 0.2585 0.7216
vn -0.7724 -0.0706 -0.6312
vn -0.7824 -0.2251 -0.5806
vn -0.9923 0.0166 0.1228
vn -0.6562 0.3159 0.6853
vn -0.7667 -0.3997 -0.5024
vn -0.772 0.0209 -0.6352
vn -0.7825 0.0439 -0.6212
vn -0.7483 -0.4829 -0.4549
vn -0.9924 0.0011 0.1234
vn -0.6628 0.3486 0.6628
vn -0.9918 -0.0166 0.1265
vn -0.672 0.4065 0.6189
vn -0.6778 0.4636 0.5707
vn -0.9897 0.0011 0.143
vn -0.6793 0.5451 0.4914
vn -0.7011 -0.7025 -0.1223
vn -0.9708 -0.0402 0.2366
vn -0.675 0.5983 0.4317
vn -0.6344 -0.7727 0.0224
vn -0.9119 -0.1361 0.3872
vn -0.6283 0.6014 0.4936
vn -0.7959 -0.1974 0.5724
vn -0.4929 -0.8413 0.2221
vn -0.5123 0.4559 0.7278
vn -0.4426 -0.8624 0.2455
vn -0.6243 -0.2865 0.7267
vn -0.4528 0.4496 0.77
vn -0.4201 -0.8661 0.2709
vn -0.5967 -0.2856 0.7499
vn -0.4196 0.4488 0.789
vn -0.4261 -0.8537 0.2995
vn -0.397 -0.8687 0.2962
vn -0.5677 -0.2807 0.7739
vn -0.4157 0.4189 0.8073
vn 0.9978 -0.001 -0.0667
vn 0.9924 0.0011 -0.1234
vn 0.9941 -0.0164 -0.1071
vn 0.9981 -0.0519 -0.0339
vn 0.9995 0.0313 0.001
vn 0.9997 0.0151 -0.0171
vn 0.9788 0.205 0.0012
vn 0.1234 0.9924 0.0011
vn 0.1272 0.9584 -0.2557
vn 0.1253 0.9648 0.2312
vn 0.1164 0.8638 -0.4901
vn 0.1154 0.8789 0.4629
vn 0.1207 0.7019 -0.7019
vn 0.1206 0.7254 0.6777
vn 0.1164 0.4901 -0.8638
vn 0.1174 0.5173 0.8477
vn 0.1272 0.2557 -0.9584
vn 0.129 0.2807 0.9511
vn 0.1265 -0.0166 -0.9918
vn 0.1255 0.0189 0.9919
vn 0.1305 -0.281 -0.9508
vn 0.1286 -0.2559 0.9581
vn 0.1189 -0.5179 -0.8472
vn 0.118 -0.4907 0.8633
vn 0.1222 -0.726 -0.6768
vn 0.1169 -0.8793 -0.4617
vn 0.1179 -0.8643 0.489
vn 0.1266 -0.9649 -0.2299
vn 0.1285 -0.9585 0.2544
vn 0.1244 -0.9922 0
vn -0.0222 -0.8108 -0.5849
vn -0.0202 -0.9442 -0.3286
vn -0.3833 -0.8404 -0.3833
vn -0.6003 -0.7743 -0.2001
vn -0.0516 -0.9973 -0.0516
vn -0.751 -0.6599 -0.0224
vn -0.0898 -0.9953 -0.035
vn -0.9999 -0.001 0.0159
vn -0.9997 -0.0172 0.0162
vn -0.9942 0.1061 0.0186
vn -0.9809 0.1905 0.039
vn 0.9993 0.0318 -0.0174
vn -0.9859 0.166 -0.0195
vn 0.9919 0.1255 0.0189
vn 0.9757 0.2154 0.0397
vn 0.9993 -0.0339 0.0164
vn 0.9997 -0.0172 0.0162
vn -0.7177 -0.0441 -0.6949
vn -0.7017 -0.1239 -0.7017
vn -0.7295 -0.0709 -0.6803
vn -0.6624 -0.2308 -0.7127
vn -0.6153 -0.3734 -0.6942
vn -0.7495 -0.598 -0.2839
vn -0.5433 -0.4913 -0.6808
vn -0.4631 -0.6259 -0.6275
vn -0.7551 -0.5768 0.3117
vn -0.3447 -0.7365 -0.582
vn -0.2809 -0.7937 -0.5396
vn -0.7177 -0.0441 0.6949
vn -0.434 -0.6227 -0.6511
vn -0.707 -0.021 0.707
vn -0.617 -0.2579 -0.7435
vn -0.6762 -0.1206 -0.7268
vn -0.6905 -0.0955 0.717
vn -0.5402 -0.4618 0.7035
vn -0.4628 -0.5986 0.6539
vn -0.3458 -0.7129 0.6101
vn -0.2825 -0.7729 0.5682
vn -0.4334 -0.5951 0.6768
vn -0.6081 -0.2261 0.761
vn -0.6662 -0.0954 0.7396
vn -0.9986 0.0489 -0.0177
vn -0.9821 0.1871 -0.0198
vn -0.9721 0.2337 -0.0204
vn -0.9663 0.2565 -0.0207
vn -0.9897 0.143 0.0011
vn -0.9924 0.1234 0.0011
vn -0.7059 0.4856 -0.5157
vn -0.706 0.5124 0.489
vn -0.9919 -0.1254 0.0178
vn -0.928 -0.3725 0
vn -0.5849 -0.8108 0.0222
vn -0.3532 -0.9353 0.0205
vn -0.6098 -0.7922 0.0223
vn -0.751 -0.6599 0.0224
vn -0.8617 -0.507 0.0217
vn -0.9888 -0.1479 0.0181
vn -0.9994 -0.0333 0
vn 0.9975 0.0689 -0.018
vn 0.9778 0.2088 -0.0201
vn 0.9663 0.2565 -0.0207
vn 0.9599 0.2797 -0.0209
vn -0.4847 -0.4863 -0.727
vn -0.4617 -0.5705 -0.6792
vn -0.7891 -0.3929 -0.4722
vn -0.5957 -0.0466 -0.8018
vn -0.8365 -0.3043 -0.4557
vn -0.9948 -0.0723 -0.0712
vn -0.9986 -0.0177 0.05
vn -0.8894 -0.02 -0.4567
vn -0.6074 0.2295 -0.7605
vn -0.5988 0.4646 -0.6524
vn 0.0014 0.5985 -0.8011
vn -0.8928 0.1142 -0.4358
vn -0.8806 0.2694 -0.3899
vn -0.9977 0.0158 0.0665
vn -0.6136 0.3734 -0.6958
vn 0.5768 0.8169 0.0014
vn 0.1717 0.9844 -0.0385
vn -0.9993 0.0154 -0.0338
vn -0.9778 0.2088 -0.0201
vn -0.9832 0.1394 -0.1176
vn -0.9919 0.0189 -0.1255
vn -0.9911 0.0373 -0.1277
vn -0.9862 0.0964 -0.1344
vn -0.9833 0.12 -0.137
vn -0.98 0.1418 -0.1393
vn -0.9797 0.122 -0.159
vn 0.3205 -0.3432 0.8829
vn 0.2964 -0.3988 0.8678
vn 0 -0.3725 0.928
vn 0 -0.3972 0.9177
vn 0.3239 -0.206 0.9234
vn 0.0012 0.205 0.9788
vn 0.3281 0.2356 0.9148
vn 0.0013 0.3455 0.9384
vn 0.3187 0.3429 0.8837
vn 0.001 0.9987 -0.0503
vn -0.0177 0.9985 -0.0511
vn -0.1277 0.9911 -0.0373
vn -0.1079 0.9935 -0.0367
vn 0.9989 0.0323 -0.0344
vn 0.9796 0.1614 -0.1195
vn 0.9911 0.0373 -0.1277
vn 0.9899 0.0563 -0.1299
vn 0.9833 0.12 -0.137
vn 0.98 0.1418 -0.1393
vn 0.9762 0.1642 -0.1416
vn 0.9763 0.1441 -0.1617
vn 0.9986 0.0489 0.0177
vn -0.9978 0.0656 0.001
vn -0.9616 0.2746 0.0012
vn 0.2565 0.9663 -0.0207
vn -0.6015 0.7988 0.0014
vn -0.0678 0.9977 0.001
vn -0.996 -0.0871 0.0172
vn -0.9782 -0.2075 0
vn -0.9788 0.205 0.0012
vn -0.6498 0.7601 0.0014
vn -0.3485 0.9373 0.0013
vn 0.2014 -0.9422 0.2676
vn 0.9052 -0.42 0.0652
vn 0.9408 -0.3364 0.0412
vn 0.8787 -0.4726 0.0665
vn 0.2271 -0.9351 0.272
vn 0.9528 -0.303 0.02
vn 0.2025 -0.9739 0.1025
vn 0.96 -0.2794 0.0197
vn 0.9978 0.0656 0.001
vn 0.6259 0.7799 0.0014
vn 0.0503 0.9987 0.001
vn -0.4647 0.8843 -0.045
vn 0.4387 0.8976 -0.0445
vn 0.3275 0.9446 -0.0215
vn 0.1898 0.9816 -0.0198
vn 0.5332 0.8457 -0.0233
vn -0.7181 0.696 0.0014
vn -0.729 0.6547 -0.1997
vn -0.7205 0.6716 0.1729
vn -0.7201 0.5856 -0.3723
vn -0.7278 0.4559 -0.5123
vn -0.7201 0.3723 0.5856
vn -0.7115 0.1465 -0.6873
vn -0.7205 0.1729 0.6716
vn -0.7181 0.0014 0.696
vn -0.7201 -0.1762 -0.6711
vn -0.7186 -0.3724 -0.5873
vn -0.7144 -0.6084 -0.3458
vn -0.7188 -0.5859 0.3742
vn -0.7196 -0.6721 -0.1745
vn -0.7281 -0.6553 0.2014
vn 0.7041 -0.6809 0.2016
vn 0.6945 -0.6139 0.3752
vn 0.6955 -0.697 -0.1746
vn 0.6897 -0.6358 -0.3465
vn 0.6982 -0.4021 -0.5923
vn 0.7069 0.0239 0.7069
vn 0.7046 -0.2033 -0.6798
vn 0.7051 0.1999 0.6803
vn 0.6997 0.402 0.5906
vn 0.6964 0.173 -0.6964
vn 0.7059 0.4856 -0.5157
vn 0.6964 0.6964 0.173
vn 0.6958 0.6136 -0.3734
vn 0.7051 0.6803 -0.1999
vn -0.6018 0.3146 -0.7341
vn -0.8871 0.214 -0.4089
vn -0.9944 0.0546 -0.0902
vn -0.6174 0.1753 -0.7668
vn 0.0012 0.2267 -0.974
vn -0.8912 0.1632 -0.4232
vn -0.9935 0.0367 -0.1079
vn -0.596 0.0437 -0.8018
vn 0 -0.0677 -0.9977
vn -0.8859 0.091 -0.4549
vn -0.9942 0.0186 -0.1061
vn 0 -0.2515 -0.9679
vn -0.8811 0.0013 -0.473
vn -0.5639 -0.1704 -0.8081
vn 0 -0.2974 -0.9547
vn -0.5527 -0.2238 -0.8028
vn -0.8715 -0.0888 -0.4823
vn -0.8638 -0.1195 -0.4895
vn -0.9963 -0.0183 -0.0837
vn -0.9986 -0.0177 -0.05
vn -0.9987 0.0156 0.0488
vn -0.9626 0.0183 0.2703
vn -0.9993 0.0154 0.0338
vn -0.9978 -0.001 0.0667
vn -0.9849 -0.0773 0.1546
vn -0.9205 -0.1827 0.3455
vn -0.6942 -0.3734 0.6153
vn -0.4847 -0.4863 0.727
vn 0.9825 -0.1862 0
vn 0.8523 -0.523 0
vn 0.9866 0.1631 0.0011
vn 0.9734 -0.2292 0
vn 0.9924 -0.1232 0
vn 0.9897 0.143 0.0011
vn -0.1932 0.9804 -0.0391
vn -0.2115 0.9772 -0.0201
vn -0.3551 0.9346 -0.0218
vn -0.5587 0.8291 -0.0235
vn 0 -0.9828 0.1849
vn -0.9862 -0.1655 0
vn 0.0456 -0.7417 -0.6691
vn 0.3458 -0.6084 -0.7144
vn -0.4562 0.0227 0.8896
vn 0.0012 0.3214 0.9469
vn -0.3429 0.3187 0.8837
vn 0.0013 0.4983 0.867
vn -0.2783 0.4804 0.8317
vn -0.6414 0.3776 0.6678
vn -0.7513 0.2855 0.595
vn -0.7281 0.0709 0.6818
vn -0.8638 0.1164 0.4901
vn -0.5277 -0.143 0.8373
vn -0.7925 -0.0703 0.6058
vn -0.8894 -0.02 0.4567
vn -0.5502 -0.3447 0.7606
vn 0 -0.4221 0.9065
vn -0.7946 -0.2791 0.5392
vn -0.491 -0.5734 0.6558
vn -0.7265 -0.5125 0.4578
vn -0.8186 -0.4864 0.3054
vn -0.3725 -0.7434 0.5555
vn -0.3099 -0.7781 0.5464
vn -0.6244 -0.6494 0.4341
vn -0.5107 -0.7279 0.4576
vn 0.7797 -0.3115 0.5432
vn 0.7822 -0.0949 0.6158
vn 0.8852 -0.0449 0.463
vn 0.8552 0.1418 0.4985
vn 0.7034 -0.5418 0.4601
vn 0.7996 -0.5156 0.3078
vn 0.7155 0.0955 0.692
vn 0.7341 0.3146 0.6018
vn 0.5968 -0.6752 0.4335
vn 0.481 -0.7496 0.4547
vn 0.3428 -0.7617 0.5498
vn 0.4628 -0.5986 0.6539
vn 0.5268 -0.3723 0.7641
vn 0.506 -0.1712 0.8454
vn 0.4387 0.0445 0.8976
vn 0.6189 0.4065 0.672
vn 0.252 0.5024 0.8271
vn 0.2295 0.9733 0.0012
vn 0.6732 0.7395 0.0014
vn 0.9988 -0.001 0.0492
vn 0.9989 0.0323 0.0344
vn 0.9616 0.0012 0.2746
vn 0.9981 -0.035 -0.0509
vn 0.8551 -0.145 -0.4978
vn 0.9975 -0.018 -0.0678
vn 0.8638 -0.1195 -0.4895
vn 0.532 -0.2504 -0.8089
vn 0.5446 -0.1962 -0.8154
vn 0.8852 -0.0449 -0.463
vn 0.5801 -0.07 -0.8115
vn 0.5785 0.07 -0.8127
vn 0.9963 0.0011 -0.0858
vn 0.876 0.0229 -0.4818
vn 0.5992 0.2018 -0.7748
vn 0.8789 0.1154 -0.4629
vn 0.5799 0.3427 -0.7391
vn 0.8826 0.1894 -0.4303
vn 0.9993 -0.0174 0.0328
vn 0.9935 0.0367 -0.1079
vn 0.9975 -0.018 0.0678
vn 0.9827 -0.098 0.1573
vn 0.9127 -0.2087 0.3513
vn 0.6732 -0.4029 0.6201
vn 0.9924 0.0554 -0.1098
vn 0.8771 0.2414 -0.4153
vn 0.9931 0.0736 -0.0917
vn 0.8689 0.2978 -0.3955
vn 0.5906 0.402 -0.6997
vn 0.5736 0.4928 -0.6543
vn 0.8854 0.1392 -0.4434
vn 0.5877 0.2568 -0.7673
vn 0.9986 -0.0177 -0.05
vn 0.9978 -0.001 0.0667
vn 0.822 -0.3335 -0.4616
vn 0.4578 -0.5125 -0.7265
vn 0.4334 -0.5951 -0.6768
vn 0.7682 -0.4266 -0.4773
vn 0.9929 -0.0941 -0.0725
vn 0.9981 -0.035 0.0509
vn 0.9954 -0.0339 0.0897
vn 0.8346 -0.1981 0.5141
vn 0.7879 0.1746 0.5905
vn 0.7282 0.2865 0.6226
vn 0.9537 0.1507 0.2601
vn 0.9809 0.0786 0.1778
vn 0.9995 -0.001 0.0323
vn 0.9923 -0.0555 0.111
vn 0.9898 -0.0564 0.1312
vn 0.9092 -0.185 0.3729
vn 0.6956 -0.2589 0.6702
vn 0.8811 0.473 0.0013
vn 0.8114 0.584 -0.0236
vn 0.7069 0.7069 -0.0239
vn 0.5075 0.8613 -0.0231
vn 0.1642 -0.9864 0
vn 0.9384 0.3455 0.0013
vn -0.4129 -0.8242 -0.3875
vn -0.4697 -0.8713 0.1421
vn 0.3833 -0.8404 -0.3833
vn 0.4422 -0.8858 0.1407
vn 0.3955 0.8689 0.2978
vn 0.4281 0.8992 0.0901
vn 0.4232 0.8912 -0.1632
vn 0.4009 0.8559 -0.3266
vn 0.3687 0.7651 -0.5279
vn 0.3427 0.7391 -0.5799
vn -0.1885 -0.0198 -0.9819
vn -0.508 -0.0204 -0.8611
vn -0.7721 -0.0238 -0.635
vn -0.9441 -0.0215 -0.329
vn 0.2612 0.0409 0.9644
vn 0.6713 0.047 0.7397
vn 0.876 0.0229 0.4818
vn 0.9942 0.0186 0.1061
vn 0.9975 0.018 0.0689
vn 0.9412 -0.0425 -0.3352
vn 0.7622 -0.0469 -0.6456
vn 0.4913 -0.0425 -0.87
vn 0.1703 -0.0385 -0.9846
vn -0.8763 -0.4813 0.0216
vn -0.8673 -0.4977 0
vn -0.9993 0.0174 0.0318
vn -0.9935 -0.0344 0.1089
vn -0.9909 -0.0373 0.129
vn -0.9166 -0.1593 0.3666
vn -0.7127 -0.2308 0.6624
vn -0.4616 -0.3335 0.822
vn -0.9831 0.0557 0.1743
vn -0.9584 0.1272 0.2557
vn -0.7999 0.148 0.5816
vn -0.745 0.2578 0.6153
vn -0.996 -0.0161 0.0882
vn -0.8445 -0.168 0.5085
vn -0.3455 -0.1827 0.9205
vn -0.3502 0.2119 0.9124
vn -0.3447 -0.319 0.8829
vn -0.3246 -0.372 0.8696
vn -0.9988 -0.001 0.0492
vn -0.9986 0.0156 0.051
vn 0.4907 0.0454 0.8701
vn 0.7825 0.0439 0.6212
vn 0.3863 0.0409 0.9215
vn 0.9993 0.0154 0.0338
vn 0.9417 0.0425 0.3337
vn 0.9446 0.0215 0.3275
vn -0.0209 0.9599 -0.2797
vn -0.0231 0.8613 -0.5075
vn -0.0207 0.9663 0.2565
vn -0.0239 0.6841 -0.729
vn -0.0229 0.876 0.4818
vn -0.0229 0.4818 -0.876
vn -0.0239 0.7069 0.7069
vn -0.0204 0.2337 -0.9721
vn -0.0231 0.5075 0.8613
vn -0.0207 0.2565 0.9663
vn -0.0194 -0.2562 -0.9664
vn -0.0217 -0.507 -0.8617
vn -0.0192 -0.2335 0.9722
vn -0.0216 -0.8754 -0.4829
vn -0.0194 -0.9661 -0.2576
vn -0.0218 -0.8607 0.5086
vn -0.0197 -0.9596 0.2808
vn 0.0013 0.9063 0.4226
vn 0 -0.8664 0.4993
vn 0.0013 0.8811 0.473
vn 0.0013 0.867 -0.4983
vn 0 -0.8805 -0.474
vn 0.998 0.035 0.052
vn 0.9986 0.0156 0.051
vn -0.9469 0.3214 0.0012
vn -0.9528 -0.303 0.02
vn -0.1849 -0.9828 0
vn -0.9963 -0.0857 0
vn 0.6098 -0.7922 0.0223
vn 0.2808 -0.9596 0.0197
vn 0.3598 -0.9321 0.0417
vn 0.2099 -0.9775 -0.0189
vn -0.9664 -0.2562 0.0194
vn -0.9169 -0.3939 0.0645
vn -0.9493 -0.3118 0.0407
vn -0.9988 0.0481 0.001
vn -0.2271 -0.9351 0.272
vn -0.8925 -0.4462 0.0659
vn -0.96 -0.2794 0.0197
vn -0.0407 -0.9498 0.3102
vn -0.02 -0.9523 0.3045
vn -0.2535 -0.9271 0.2763
vn -0.226 -0.9686 0.1041
vn -0.0175 -0.9941 0.1072
vn 0.3137 -0.7099 -0.6306
vn 0.403 -0.8541 -0.3286
vn 0.4148 -0.8992 -0.1392
vn 0.4365 -0.8987 0.0431
vn -0.4562 0.8896 0.0227
vn -0.4804 0.8317 -0.2783
vn -0.4736 0.8445 0.2498
vn -0.4636 0.6778 -0.5707
vn 0.0528 0.0528 -0.9972
vn -0.4619 0.7021 0.542
vn 0.0537 0.0712 0.996
vn -0.0701 0.0356 -0.9969
vn 0.4303 0.7028 -0.5665
vn 0.4513 0.8487 -0.2757
vn 0.4306 0.9023 0.0225
vn 0.4448 0.8608 0.2475
vn 0.4284 0.7262 0.5376
vn -0.0712 0.0537 0.996
vn -0.8291 0.5587 -0.0235
vn -0.729 0.6841 -0.0239
vn -0.5332 0.8457 -0.0233
vn -0.2797 0.9599 -0.0209
vn -0.8957 0.4446 0.0013
vn -0.819 0.5737 0.0014
vn -0.473 0.8811 0.0013
vn -0.8944 -0.4472 0
vn -0.9025 -0.4301 0.0212
vn -0.8274 -0.5612 0.0221
vn -0.5993 -0.8005 0
vn -0.7297 -0.6834 0.0225
vn -0.2757 -0.9612 0
vn -0.3466 -0.938 0
vn -0.8811 0.0013 0.473
vn -0.6841 0.0239 0.729
vn -0.2797 0.0209 0.9599
vn 0.508 -0.0204 -0.8611
vn 0.1673 -0.0195 -0.9857
vn -0.3475 0.8709 0.3475
vn -0.4896 -0.5449 -0.6807
vn -0.3343 -0.2595 -0.906
vn -0.5555 -0.7434 -0.3725
vn -0.1713 0.0361 -0.9846
vn 0.0013 0.4195 -0.9078
vn -0.5606 -0.7238 0.4023
vn -0.4875 -0.5158 0.7045
vn -0.3291 -0.2324 0.9152
vn -0.1743 0.0557 0.9831
vn 0.0013 0.4446 0.8957
vn 0.2529 -0.9675 0
vn 0.5746 -0.8184 0
vn 0.7993 -0.6009 0
vn 0.8814 -0.4724 0
vn -0.2321 -0.9725 -0.0191
vn -0.3045 -0.9523 0.02
vn -0.3851 -0.9219 0.0422
vn 0.3187 0.8837 0.3429
vn -0.9403 0.0216 0.3397
vn -0.5236 0.0013 0.852
vn -0.1851 -0.0011 0.9827
vn -0.5236 0.0013 -0.852
vn -0.1851 -0.0011 -0.9827
vn 0.4173 -0.8073 -0.4173
vn -0.0701 -0.0536 -0.9961
vn -0.7028 0.4303 -0.5665
vn -0.8507 0.4477 -0.2754
vn -0.8976 0.4387 -0.0445
vn -0.8466 0.47 0.2496
vn -0.7048 0.4582 0.5415
vn -0.0689 -0.0355 0.997
vn 0.8843 0.4647 -0.045
vn 0.8317 0.4804 -0.2783
vn 0.8271 0.5024 0.252
vn 0.6778 0.4636 -0.5707
vn 0.0339 -0.0519 -0.9981
vn 0.6793 0.4914 0.5451
vn 0.0334 -0.0344 0.9989
vn -0.907 -0.0013 0.421
vn -0.9831 0.0197 0.1818
vn -0.9864 -0.0011 -0.1644
vn -0.907 -0.0013 -0.421
vn 0 -0.8184 -0.5746
vn -0.9941 -0.0164 0.1071
vn 0.9997 0.0151 0.0171
vn 0.9935 -0.0344 0.1089
vn 0 -0.9675 0.2529
vn -0.2746 0.9616 0.0012
vn -0.3091 0.9501 0.042
vn -0.6225 0.7813 0.0468
vn -0.9704 0.238 0.0403
vn -0.9408 -0.3364 0.0412
vn -0.8899 -0.4556 -0.0214
vn -0.8453 -0.4732 -0.2481
vn -0.8495 -0.4509 0.2739
vn -0.7035 -0.4618 -0.5402
vn -0.7013 -0.4304 0.5683
vn 0.6808 -0.4913 -0.5433
vn 0.8279 -0.502 -0.2502
vn 0.8763 -0.4813 -0.0216
vn 0.8326 -0.48 0.2765
vn 0.6793 -0.4635 0.5689
vn 0.0667 0.9049 -0.4205
vn 0.0011 0.9924 -0.1234
vn 0.1825 0.9211 -0.3438
vn 0.3117 0.7784 -0.545
vn 0.2782 0.9259 -0.2554
vn 0.0952 0.76 -0.6429
vn 0.3381 0.9279 -0.1572
vn 0.3685 0.9273 -0.0652
vn -0.0901 0.8992 -0.4281
vn -0.1204 0.7479 -0.6528
vn -0.2119 0.9124 -0.3502
vn -0.3411 0.7614 -0.5513
vn -0.4029 0.6218 -0.6716
vn -0.3054 0.9163 -0.2591
vn -0.365 0.9173 -0.1592
vn -0.3944 0.9166 -0.066
vn -0.474 0.7879 -0.3931
vn -0.5736 0.6543 -0.4928
vn -0.5519 0.8023 -0.2273
vn -0.5619 0.8219 -0.0939
vn -0.6495 0.7041 -0.2871
vn 0.473 0.8811 0.0013
vn 0.9616 0.2746 0.0012
vn 0.8613 0.5075 -0.0231
vn 0.3112 -0.2833 -0.9071
vn 0.4617 -0.5705 -0.6792
vn 0.5264 -0.7653 -0.3704
vn 0.5315 -0.7465 0.4003
vn 0.4601 -0.5418 0.7034
vn 0.3066 -0.2559 0.9168
vn -0.4895 -0.6822 -0.5431
vn -0.4714 -0.8464 -0.2479
vn -0.4782 -0.8337 0.2763
vn -0.4911 -0.6542 0.5752
vn 0.4426 -0.8624 -0.2455
vn 0.4491 -0.8505 0.2738
vn 0.4302 -0.7263 -0.5361
vn 0.2521 -0.5307 0.8092
vn 0.403 -0.8541 0.3286
vn 0.4346 -0.8932 0.1157
vn 0.397 -0.8687 -0.2962
vn 0.3679 -0.7859 -0.497
vn 0.3428 -0.7617 -0.5498
vn 0.9546 0.2978 0.0012
vn 0 -0.6491 0.7607
vn 0 -0.3211 0.9471
vn 0 -0.9073 0.4205
vn 0 -0.9287 0.371
vn 0 -0.9944 -0.1054
vn 0.374 0.6442 -0.6672
vn 0.5451 0.6793 -0.4914
vn 0.4442 0.8067 -0.3897
vn 0.6226 0.7282 -0.2865
vn 0.5236 0.8215 -0.2257
vn 0.5353 0.8395 -0.0933
vn 0.5973 0.8007 0.0466
vn 0.9644 0.2612 0.0409
vn 0.9315 -0.3614 0.0417
vn 0.626 0.4649 0.626
vn 0.6496 0.4359 0.6229
vn 0.4205 -0.2727 0.8653
vn 0.6754 0.4352 0.5953
vn 0.4495 -0.2755 0.8497
vn 0.7028 0.4303 0.5665
vn 0.4557 -0.3043 0.8365
vn 0.5524 0.8307 -0.0696
vn 0.7651 0.3687 0.5279
vn 0.4911 -0.3364 0.8035
vn 0.6367 0.7571 -0.146
vn 0.8535 0.2979 0.4275
vn 0.5319 -0.4022 0.7452
vn 0.9403 0.1776 0.2905
vn 0.5966 -0.4316 0.6766
vn 0.7432 0.557 -0.3708
vn 0.9831 0.0557 0.1743
vn 0.6046 -0.5185 0.6046
vn 0.7677 0.3961 -0.5037
vn 0.9908 -0.0749 0.1129
vn 0.6028 -0.49 0.6297
vn 0.7733 0.2842 -0.5668
vn 0.9911 -0.0934 0.0945
vn 0.6201 -0.4029 0.6732
vn 0.7748 0.2018 -0.5992
vn 0.7695 0.1201 -0.6272
vn 0.9929 -0.0737 0.0929
vn 0.6361 -0.2303 0.7364
vn 0.7711 0.0706 -0.6328
vn 0.9941 -0.0164 0.1071
vn 0.6413 -0.0952 0.7614
vn 0.7609 0.0469 -0.6471
vn 0.9944 0.0546 0.0902
vn 0.7614 -0.0952 -0.6413
vn 0.9969 0.0356 0.0701
vn 0.6528 0.1204 0.7479
vn 0.7678 -0.2533 -0.5885
vn 0.9935 0.0367 0.1079
vn 0.6226 0.2865 0.7282
vn 0.9924 0.0011 0.1234
vn 0.6354 0.3447 0.691
vn 0.7473 -0.4296 -0.507
vn 0.9918 -0.0166 0.1265
vn 0.6414 0.3776 0.6678
vn 0.7265 -0.5125 -0.4578
vn 0.9909 -0.0373 0.129
vn 0.6543 0.4928 0.5736
vn 0.989 -0.0192 0.1468
vn 0.6543 0.5736 0.4928
vn 0.6768 -0.726 -0.1222
vn 0.9686 -0.0609 0.2409
vn 0.6492 0.6258 0.4323
vn 0.9049 -0.1613 0.3939
vn 0.6014 0.6283 0.4936
vn 0.7824 -0.2251 0.5806
vn 0.4644 -0.8579 0.2201
vn 0.4861 0.4828 0.7284
vn 0.4139 -0.8773 0.2429
vn 0.6035 -0.3147 0.7326
vn 0.4231 0.4786 0.7694
vn 0.3913 -0.8804 0.2679
vn 0.5754 -0.3134 0.7554
vn 0.3931 0.474 0.7879
vn 0.397 -0.8687 0.2962
vn 0.3681 -0.8825 0.2927
vn 0.5432 -0.3115 0.7797
vn 0.3897 0.4442 0.8067
vn -0.876 0.4818 -0.0229
vn -0.9678 0.2518 0.0012
vn -0.8173 -0.5762 0
vn -0.2808 -0.9596 0.0197
vn -0.4829 -0.8754 0.0216
vn -0.2754 0.4477 0.8507
vn 0.2496 0.47 0.8466
vn 0.454 -0.8907 0.0214
vn 0.5849 -0.8108 0.0222
vn 0.8097 -0.5865 0.0222
vn 0.7076 -0.7062 0.0225
vn 0.8899 -0.4556 0.0214
vn 0.9581 -0.2559 0.1286
vn 0.6476 -0.762 0
vn 0.7824 -0.2251 -0.5806
vn 0.5967 -0.2856 -0.7499
vn 0.6697 -0.6967 -0.2571
vn 0.6812 -0.5185 -0.5168
vn 0.2137 -0.9761 0.0384
vn 0.2202 -0.9503 0.2202
vn 0.2379 -0.9556 0.1737
vn 0.1889 -0.8964 0.401
vn 0.5718 -0.4928 0.6559
vn 0.1482 -0.6879 0.7105
vn 0.2547 -0.13 0.9583
vn 0.9115 0.0891 0.4016
vn 0.5524 0.0696 0.8307
vn 0.5534 0.1439 0.8204
vn 0.2073 0.1234 0.9705
vn -0.6899 -0.7178 -0.0939
vn -0.6875 -0.6891 -0.2292
vn -0.6951 -0.6713 0.2571
vn -0.7224 -0.5624 0.4024
vn -0.7473 -0.4296 0.507
vn -0.7376 -0.3428 0.5817
vn -0.7025 -0.2871 0.6512
vn -0.7019 0.1207 0.7019
vn 0.7265 -0.4595 0.5109
vn 0.7186 -0.3724 0.5873
vn 0.6984 -0.5909 0.4038
vn 0.6697 -0.6967 0.2571
vn 0.6837 -0.3159 0.6578
vn 0.6873 0.1465 0.7115
vn 0.6656 -0.7404 -0.0938
vn 0.6619 -0.7137 -0.229
vn -0.9995 -0.001 -0.0323
vn -0.9942 -0.106 0.0175
vn 0.8291 0.0235 0.5587
vn 0.5587 0.0235 0.8291
vn 0.2797 0.0209 0.9599
vn 0.9177 -0.3972 0
vn 0.1851 0.3746 0.9085
vn 0.2539 0.5311 0.8084
vn 0.3439 0.7156 0.608
vn 0.3662 0.7857 0.4985
vn -0.2978 0.0012 0.9546
vn -0.5753 -0.0014 0.8179
vn -0.836 0.0014 0.5487
vn -0.8364 -0.5481 0
vn -0.7401 -0.6725 0
vn -0.837 -0.5454 0.0446
vn -0.474 0.3931 -0.7879
vn -0.5173 -0.0429 -0.8547
vn -0.4967 -0.3661 -0.787
vn -0.4918 -0.6012 -0.6299
vn -0.4576 -0.7279 -0.5107
vn -0.4173 -0.8073 -0.4173
vn 0.3875 -0.8242 -0.4129
vn 0.4277 -0.7485 -0.5067
vn 0.4631 -0.6259 -0.6275
vn 0.4722 -0.3929 -0.7891
vn 0.5002 -0.0657 -0.8634
vn 0.4488 0.4196 -0.789
vn 0.8763 -0.4813 0.0216
vn -0.8899 -0.4556 0.0214
vn 0.2202 -0.4661 0.8569
vn -0.2457 -0.4444 0.8615
vn 0.02 -0.9523 0.3045
vn 0 -0.9543 0.2989
vn 0.0175 -0.9941 0.1072
vn -0.9184 -0.3792 0.1131
vn -0.8996 -0.4277 0.0886
vn -0.9052 -0.42 0.0652
vn -0.91 -0.4123 0.0427
vn -0.9212 -0.3867 0.0422
vn -0.864 -0.4991 0.0671
vn -0.8461 -0.5288 0.0677
vn -0.792 -0.5984 0.1212
vn -0.8546 -0.499 0.1434
vn -0.9095 -0.3715 0.1865
vn 0.8461 -0.5288 0.0677
vn 0.829 -0.555 0.0681
vn 0.7714 -0.6246 0.1216
vn 0.8378 -0.5266 0.1445
vn 0.8972 -0.3992 0.1887
vn 0.8863 -0.4543 0.0895
vn 0.9067 -0.4059 0.1144
vn 0.8925 -0.4462 0.0659
vn 0.8979 -0.4381 0.0431
vn 0.91 -0.4123 0.0427
vn 0.1841 -0.3442 0.9207
vn 0.1008 -0.1783 0.9788
vn 0.0345 -0.07 0.997
vn -0.0537 0.0712 0.996
vn -0.1215 0.1841 0.9754
vn -0.2119 0.3502 0.9124
vn -0.2806 0.5094 0.8135
vn -0.3734 0.6958 0.6136
vn -0.3961 0.7677 0.5037
vn 0 -0.6953 -0.7188
vn 0.0013 0.473 -0.8811
vn 0.0014 0.7395 0.6732
vn 0.5951 -0.8024 0.0451
vn 0.8012 -0.5967 0.0451
vn -0.3598 -0.9321 0.0417
vn -0.6202 -0.7831 0.0453
vn -0.8196 -0.5712 0.0449
vn 0 -0.9944 0.1054
vn -0.2074 -0.3225 0.9235
vn -0.2765 -0.48 0.8326
vn -0.1206 -0.1588 0.9799
vn -0.4003 -0.7465 0.5315
vn -0.0517 -0.0528 0.9973
vn 0.0361 0.0887 0.9954
vn 0.1013 0.2038 0.9738
vn 0.3704 -0.7653 0.5264
vn 0.2502 -0.502 0.8279
vn -0.7857 0.3662 -0.4985
vn -0.0164 -0.9993 0.0328
vn 0.903 -0.0225 -0.429
vn 0.9827 -0.0011 -0.1851
vn 0.9856 0.0172 0.1683
vn 0.9028 0.0198 0.4296
vn 0 -0.0333 -0.9994
vn 0 -0.8952 -0.4456
vn -0.1745 -0.6721 0.7196
vn -0.6001 -0.461 0.6537
vn -0.2156 -0.8874 0.4075
vn 0 -0.6725 0.7401
vn -0.2547 -0.13 0.9583
vn 0 -0.1655 0.9862
vn -0.2002 0.0798 0.9765
vn 0.0011 0.0858 0.9963
vn -0.6107 0.0209 0.7916
vn -0.6272 0.1201 0.7695
vn -0.2632 -0.9485 0.1764
vn 0 -0.9864 0.1642
vn -0.9172 0.0631 0.3935
vn -0.9646 -0.2314 0.1267
vn -0.7959 -0.1974 -0.5724
vn -0.6951 -0.6713 -0.2571
vn -0.7045 -0.4892 -0.5142
vn -0.6739 -0.7388 0
vn -0.2363 -0.9709 0.039
vn -0.2458 -0.9432 0.2237
vn -0.0172 -0.9959 0.0883
vn 0.8673 -0.4977 0
vn 0.5245 -0.8514 0
vn 0.1054 -0.9944 0
vn 0 -0.3481 0.9375
vn 0 -0.8005 0.5993
vn 0 -0.9737 0.2279
vn -0.6553 0.5475 0.5205
vn -0.489 0.5124 0.706
vn -0.1904 0.1671 0.9674
vn -0.1266 -0.9918 0.0178
vn 0 -0.523 0.8523
vn -0.836 0.0014 -0.5487
vn -0.5753 -0.0014 -0.8179
vn -0.3214 0.0012 -0.9469
vn 0.3042 -0.0187 -0.9524
vn 0.5603 -0.0235 -0.828
vn 0.828 -0.0235 -0.5603
vn -0.9945 -0.0523 0.0912
vn -0.7809 0.0949 -0.6174
vn -0.9929 -0.0737 0.0929
vn -0.6425 -0.374 0.6688
vn -0.7879 0.1746 -0.5905
vn -0.6274 -0.4613 0.6274
vn -0.7884 0.2555 -0.5596
vn -0.9923 -0.0555 0.111
vn -0.6297 -0.49 0.6028
vn -0.9846 0.0361 0.1713
vn -0.6201 -0.4029 0.6732
vn -0.7651 0.5279 -0.3687
vn -0.9461 0.1529 0.2856
vn -0.5558 -0.3744 0.7422
vn -0.8659 0.2694 0.4215
vn -0.5142 -0.3095 0.7999
vn -0.6623 0.7348 -0.1463
vn -0.7825 0.339 0.5222
vn -0.4786 -0.2781 0.8328
vn -0.5785 0.8127 -0.07
vn -0.7236 0.4005 0.5621
vn -0.4718 -0.2497 0.8456
vn -0.6997 0.402 0.5906
vn -0.443 -0.2473 0.8617
vn -0.4983 0.867 0.0013
vn -0.6496 0.4359 0.6229
vn 0 -0.9864 -0.1642
vn -0.4467 0.8921 0.0674
vn -0.4575 0.8354 -0.3045
vn -0.4634 0.8209 -0.3337
vn -0.4646 0.6524 -0.5988
vn 0.4316 0.6782 -0.5949
vn 0.4339 0.8381 -0.3305
vn 0.4283 0.8519 -0.3015
vn 0.4205 0.9049 0.0667
vn 0.0012 0.9616 0.2746
vn -0.0209 0.9599 0.2797
vn 0.0011 0.9825 0.1864
vn 0.0013 0.9279 -0.3729
vn 0.0014 0.7395 -0.6732
vn -0.0198 0.9816 0.1898
vn 0.0216 -0.4813 -0.8763
vn 0 -0.0502 -0.9987
vn 0.1073 -0.2761 -0.9551
vn -0.0164 -0.0339 -0.9993
vn -0.1286 -0.2559 -0.9581
vn -0.2754 0.4477 -0.8507
vn 0.2496 0.47 -0.8466
vn 0.0014 0.6732 0.7395
vn -0.0238 0.6606 0.7504
vn -0.0436 -0.4641 -0.8847
vn 0 -0.0857 0.9963
vn 0 -0.1232 0.9924
vn -0.0667 -0.001 -0.9978
vn -0.051 0.0156 -0.9986
vn -0.0678 -0.018 -0.9975
vn -0.0509 -0.035 -0.9981
vn -0.0344 0.0323 -0.9989
vn 0.0177 0.0489 -0.9986
vn 0.0344 0.0323 -0.9989
vn 0.051 0.0156 -0.9986
vn 0.05 -0.0177 -0.9986
vn 0.0509 -0.035 -0.9981
vn 0.175 0.2646 0.9484
vn 0.1345 0.362 0.9224
vn 0.1671 0.1904 0.9674
vn 0.0561 -0.1531 0.9866
vn 0.0809 -0.2465 0.9658
vn -0.018 0.0689 0.9975
vn 0.0961 -0.1136 0.9889
vn 0.1167 -0.1156 0.9864
vn 0.1148 -0.0949 0.9888
vn 0.0198 0.1871 0.9821
vn 0.0912 -0.0523 0.9945
vn 0.0425 0.3337 0.9417
vn 0.0328 -0.0174 0.9993
vn 0.1102 0.3524 0.9293
vn -0.0492 -0.001 0.9988
vn -0.1089 -0.0344 0.9935
vn -0.1335 -0.0761 0.9881
vn -0.1358 -0.0965 0.986
vn -0.1148 -0.0949 0.9888
vn -0.104 -0.2245 0.9689
vn -0.0749 -0.1346 0.9881
vn -0.0385 0.169 0.9849
vn -0.0635 0.3148 0.947
vn -0.1102 0.3524 0.9293
vn -0.1326 0.3322 0.9338
vn -0.1575 0.3414 0.9266
vn -0.1998 0.2405 0.9499
vn -0.1533 0.0772 0.9852
vn -0.0701 0.0356 0.9969
vn 0.0528 0.0528 0.9972
vn 0.1344 0.0964 0.9862
o weapon_offset__p0_c0
f 1/1/1 2/2/1 3/3/2
f 3/3/2 2/2/1 4/4/2
f 2/2/1 1/1/1 5/5/3
f 3/3/2 4/4/2 6/6/2
f 5/5/3 1/1/1 7/7/3
f 6/6/2 4/4/2 8/8/2
f 5/5/3 7/7/3 9/9/4
f 6/6/2 8/8/2 10/10/2
f 5/5/3 9/9/4 11/11/4
f 10/10/2 8/8/2 12/12/2
f 11/11/4 9/9/4 13/13/4
f 10/10/2 12/12/2 14/14/5
f 13/13/4 9/9/4 15/15/4
f 10/10/2 14/14/5 16/16/5
f 13/13/4 15/15/4 17/17/6
f 16/16/5 14/14/5 18/18/5
f 17/17/6 15/15/4 19/19/6
f 18/18/5 14/14/5 20/20/5
f 17/17/6 19/19/6 21/21/7
f 18/18/5 20/20/5 22/22/1
f 21/21/7 19/19/6 23/23/7
f 22/22/1 20/20/5 24/24/1
f 21/21/7 23/23/7 25/25/8
f 22/22/1 24/24/1 26/26/1
f 25/25/8 23/23/7 27/27/8
f 26/26/1 24/24/1 28/28/1
f 25/25/8 27/27/8 29/29/8
f 26/26/1 28/28/1 30/30/5
f 29/29/8 27/27/8 31/31/8
f 30/30/5 28/28/1 32/32/5
f 29/29/8 31/31/8 33/33/8
f 30/30/5 32/32/5 34/34/9
f 34/34/9 32/32/5 35/35/9
f 34/34/9 35/35/9 36/36/10
f 29/29/8 33/33/8 37/37/8
f 37/37/8 33/33/8 38/38/11
f 38/38/11 33/33/8 39/39/11
f 38/38/11 39/39/11 40/40/12
f 41/41/13 42/42/13 43/43/13
f 43/43/13 42/42/13 44/44/13
f 42/42/13 41/41/13 45/45/13
f 43/43/13 44/44/13 46/46/13
f 45/45/13 41/41/13 47/47/13
f 46/46/13 44/44/13 48/48/13
f 45/45/13 47/47/13 49/49/13
f 46/46/13 48/48/13 50/50/13
f 49/49/13 47/47/13 51/51/13
f 50/50/13 48/48/13 52/52/13
f 49/49/13 51/51/13 53/53/13
f 50/50/13 52/52/13 54/54/13
f 53/53/13 51/51/13 55/55/13
f 54/54/13 52/52/13 56/56/13
f 53/53/13 55/55/13 57/57/13
f 54/54/13 56/56/13 58/58/13
f 57/57/13 55/55/13 59/59/13
f 58/58/13 56/56/13 60/60/13
f 57/57/13 59/59/13 61/61/13
f 58/58/13 60/60/13 62/62/13
f 61/61/13 59/59/13 63/63/13
f 62/62/13 60/60/13 64/64/13
f 61/61/13 63/63/13 65/65/13
f 62/62/13 64/64/13 66/66/13
f 65/65/13 63/63/13 67/67/13
f 66/66/13 64/64/13 68/68/13
f 65/65/13 67/67/13 69/69/13
f 66/66/13 68/68/13 70/70/14
f 69/69/13 67/67/13 71/71/13
f 70/70/14 68/68/13 72/72/14
f 69/69/13 71/71/13 73/73/13
f 70/70/14 72/72/14 74/74/14
f 73/73/13 71/71/13 75/75/13
f 74/74/14 72/72/14 76/76/14
f 73/73/13 75/75/13 77/77/13
f 74/74/14 76/76/14 78/78/13
f 77/77/13 75/75/13 79/79/13
f 78/78/13 76/76/14 80/80/13
f 77/77/13 79/79/13 80/80/13
f 80/80/13 79/79/13 78/78/13
f 81/81/13 82/42/13 83/45/13
f 82/42/13 81/81/13 84/44/13
f 81/81/13 83/45/13 85/49/14
f 84/44/13 81/81/13 86/48/13
f 81/81/13 85/49/14 87/53/14
f 86/48/13 81/81/13 88/52/13
f 81/81/13 87/53/14 89/57/14
f 88/52/13 81/81/13 90/56/15
f 81/81/13 89/57/14 91/61/14
f 90/56/15 81/81/13 92/60/15
f 81/81/13 91/61/14 93/65/14
f 92/60/15 81/81/13 94/64/15
f 81/81/13 93/65/14 95/69/14
f 94/64/15 81/81/13 96/68/15
f 81/81/13 95/69/14 97/73/16
f 96/68/15 81/81/13 98/72/16
f 81/81/13 97/73/16 99/77/16
f 98/72/16 81/81/13 100/76/16
f 81/81/13 99/77/16 101/80/16
f 81/81/13 101/80/16 100/76/16
f 102/82/17 103/83/17 104/84/17
f 104/84/17 103/83/17 105/85/17
f 105/86/17 106/87/17 104/88/17
f 104/88/17 106/87/17 107/89/17
f 108/90/13 109/91/13 110/92/13
f 110/92/13 109/91/13 111/93/13
f 109/91/13 108/90/13 112/94/13
f 111/93/13 109/91/13 113/95/13
f 109/91/13 112/94/13 114/96/13
f 113/95/13 109/91/13 115/97/13
f 109/91/13 114/96/13 116/98/13
f 115/97/13 109/91/13 117/99/13
f 109/91/13 116/98/13 118/100/13
f 117/99/13 109/91/13 119/101/13
f 109/91/13 118/100/13 120/102/13
f 119/101/13 109/91/13 121/103/13
f 109/91/13 120/102/13 122/104/13
f 121/103/13 109/91/13 123/105/13
f 109/91/13 122/104/13 124/106/13
f 123/105/13 109/91/13 125/107/13
f 109/91/13 124/106/13 126/108/13
f 109/91/13 126/108/13 125/107/13
f 127/90/13 128/91/13 129/92/13
f 129/92/13 128/91/13 130/93/13
f 128/91/13 127/90/13 131/94/13
f 130/93/13 128/91/13 132/95/13
f 128/91/13 131/94/13 133/96/13
f 132/95/13 128/91/13 134/97/13
f 128/91/13 133/96/13 135/98/13
f 134/97/13 128/91/13 136/99/13
f 128/91/13 135/98/13 137/100/13
f 136/99/13 128/91/13 138/101/13
f 128/91/13 137/100/13 139/102/13
f 138/101/13 128/91/13 140/103/13
f 128/91/13 139/102/13 141/104/13
f 140/103/13 128/91/13 142/105/13
f 128/91/13 141/104/13 143/106/13
f 142/105/13 128/91/13 144/107/13
f 128/91/13 143/106/13 145/108/13
f 128/91/13 145/108/13 144/107/13
f 146/109/13 147/110/13 148/111/13
f 147/110/13 146/109/13 149/112/13
f 147/110/13 149/112/13 150/113/13
f 147/110/13 150/113/13 151/114/13
f 147/110/13 151/114/13 152/115/13
f 147/110/13 152/115/13 153/116/13
f 147/110/13 153/116/13 154/117/13
f 147/110/13 154/117/13 155/118/13
f 147/110/13 155/118/13 156/119/13
f 147/110/13 156/119/13 157/120/13
f 147/110/13 157/120/13 158/121/13
f 147/110/13 158/121/13 159/122/13
f 147/110/13 159/122/13 160/123/13
f 147/110/13 160/123/13 161/124/13
f 147/110/13 161/124/13 148/111/13
f 148/111/13 161/124/13 162/125/13
f 148/111/13 162/125/13 163/126/13
f 163/126/13 162/125/13 164/127/13
f 164/127/13 162/125/13 165/128/13
f 164/127/13 165/128/13 166/129/13
f 164/127/13 166/129/13 167/130/13
f 167/130/13 166/129/13 168/131/13
f 167/130/13 168/131/13 169/132/13
f 170/133/18 171/134/18 172/135/18
f 172/135/18 171/134/18 173/136/18
f 172/135/18 173/136/18 174/137/18
f 174/137/18 173/136/18 175/138/18
f 174/137/18 175/138/18 176/139/3
f 176/139/3 175/138/18 177/140/3
f 176/139/3 177/140/3 178/141/3
f 178/141/3 177/140/3 179/142/3
f 178/141/3 179/142/3 180/143/19
f 180/143/19 179/142/3 181/144/19
f 180/143/19 181/144/19 182/145/20
f 180/143/19 182/145/20 183/146/20
f 183/146/20 182/145/20 184/147/21
f 183/146/20 184/147/21 185/148/21
f 186/149/13 187/150/13 188/151/13
f 188/151/13 187/150/13 189/152/13
f 190/153/13 191/154/13 188/155/13
f 188/155/13 191/154/13 186/156/13
f 188/157/13 192/158/13 190/159/13
f 190/159/13 192/158/13 193/160/13
f 193/160/13 192/158/13 194/161/13
f 194/161/13 192/158/13 195/162/13
f 195/162/13 192/158/13 196/163/13
f 196/163/13 192/158/13 197/164/13
f 197/164/13 192/158/13 198/165/13
f 198/165/13 192/158/13 199/166/13
f 188/157/13 189/159/13 192/158/13
f 192/158/13 189/159/13 200/160/13
f 192/158/13 200/160/13 201/161/13
f 192/158/13 201/161/13 202/162/13
f 192/158/13 202/162/13 203/163/13
f 192/158/13 203/163/13 204/164/13
f 192/158/13 204/164/13 205/165/13
f 192/158/13 205/165/13 199/166/13
f 206/167/22 207/168/22 208/169/22
f 208/169/22 207/168/22 209/170/22
f 210/171/22 207/172/22 211/173/22
f 211/173/22 207/172/22 206/174/22
f 212/175/23 213/176/24 214/177/25
f 214/177/25 213/176/24 215/178/24
f 212/175/23 214/177/25 216/179/23
f 212/175/23 216/179/23 206/180/22
f 212/175/23 206/180/22 208/181/22
f 206/180/22 216/179/23 217/182/22
f 206/180/22 217/182/22 218/183/22
f 206/180/22 218/183/22 219/184/22
f 220/185/26 221/186/22 222/187/27
f 222/187/27 221/186/22 223/188/27
f 221/186/22 220/185/26 224/189/26
f 224/189/26 220/185/26 206/190/22
f 206/190/22 220/185/26 211/191/22
f 224/189/26 206/190/22 225/192/25
f 225/192/25 206/190/22 226/193/25
f 226/193/25 206/190/22 219/194/22
f 104/88/28 107/89/29 227/195/28
f 227/195/28 107/89/29 228/196/30
f 229/197/14 230/198/14 231/199/14
f 231/199/14 230/198/14 232/200/14
f 231/199/14 232/200/14 233/201/13
f 231/199/14 233/201/13 234/202/13
f 234/202/13 233/201/13 235/203/13
f 234/202/13 235/203/13 236/204/13
f 236/204/13 235/203/13 237/205/13
f 236/204/13 237/205/13 238/206/13
f 239/207/13 240/208/13 241/209/13
f 241/209/13 240/208/13 242/210/13
f 243/211/13 244/212/13 245/213/13
f 245/213/13 244/212/13 246/214/13
f 246/214/13 247/212/13 245/213/13
f 245/213/13 247/212/13 248/211/13
f 249/215/31 250/216/32 251/217/33
f 251/217/33 250/216/32 252/218/34
f 249/215/31 251/217/33 253/219/35
f 249/215/31 253/219/35 254/220/36
f 254/220/36 253/219/35 255/221/37
f 251/217/33 252/218/34 256/222/38
f 256/222/38 252/218/34 257/223/39
f 253/219/35 251/217/33 258/224/35
f 258/224/35 251/217/33 256/222/38
f 255/221/37 253/219/35 259/225/40
f 259/225/40 253/219/35 258/224/35
f 255/221/37 259/225/40 260/226/41
f 260/226/41 259/225/40 261/227/42
f 261/227/42 259/225/40 262/228/43
f 262/228/43 259/225/40 258/224/35
f 261/227/42 262/228/43 263/229/44
f 258/224/35 256/222/38 264/230/45
f 258/224/35 264/230/45 262/228/43
f 263/229/44 262/228/43 265/231/46
f 265/231/46 262/228/43 264/230/45
f 263/229/44 265/231/46 266/232/47
f 264/230/45 256/222/38 267/233/48
f 267/233/48 256/222/38 257/223/39
f 267/233/48 257/223/39 268/234/49
f 264/230/45 267/233/48 269/235/50
f 264/230/45 269/235/50 265/231/46
f 267/233/48 268/234/49 270/236/51
f 267/233/48 270/236/51 269/235/50
f 270/236/51 268/234/49 271/237/52
f 272/238/53 266/232/47 265/231/46
f 272/238/53 265/231/46 269/235/50
f 266/232/47 272/238/53 273/239/54
f 269/235/50 270/236/51 274/240/55
f 269/235/50 274/240/55 272/238/53
f 270/236/51 271/237/52 275/241/56
f 270/236/51 275/241/56 274/240/55
f 275/241/56 271/237/52 276/242/57
f 273/239/54 272/238/53 277/243/58
f 277/243/58 272/238/53 274/240/55
f 273/239/54 277/243/58 278/244/59
f 274/240/55 275/241/56 279/245/60
f 274/240/55 279/245/60 277/243/58
f 275/241/56 276/242/57 280/246/61
f 275/241/56 280/246/61 279/245/60
f 280/246/61 276/242/57 281/247/62
f 278/244/59 277/243/58 282/248/63
f 282/248/63 277/243/58 279/245/60
f 278/244/59 282/248/63 283/249/59
f 279/245/60 280/246/61 284/250/64
f 279/245/60 284/250/64 282/248/63
f 280/246/61 281/247/62 285/251/65
f 280/246/61 285/251/65 284/250/64
f 285/251/65 281/247/62 286/252/66
f 283/249/59 282/248/63 287/253/67
f 287/253/67 282/248/63 284/250/64
f 283/249/59 287/253/67 288/254/59
f 284/250/64 285/251/65 289/255/68
f 284/250/64 289/255/68 287/253/67
f 285/251/65 286/252/66 290/256/69
f 285/251/65 290/256/69 289/255/68
f 290/256/69 286/252/66 291/257/66
f 288/254/59 287/253/67 292/258/70
f 292/258/70 287/253/67 289/255/68
f 288/254/59 292/258/70 293/259/71
f 289/255/68 290/256/69 294/260/72
f 289/255/68 294/260/72 292/258/70
f 290/256/69 291/257/66 295/261/73
f 290/256/69 295/261/73 294/260/72
f 295/261/73 291/257/66 296/262/66
f 293/259/71 292/258/70 297/263/74
f 297/263/74 292/258/70 294/260/72
f 293/259/71 297/263/74 298/264/71
f 298/264/71 297/263/74 299/265/75
f 297/263/74 294/260/72 300/266/76
f 297/263/74 300/266/76 299/265/75
f 300/266/76 294/260/72 295/261/73
f 299/265/75 300/266/76 301/267/76
f 302/268/77 295/261/73 296/262/66
f 295/261/73 302/268/77 300/266/76
f 300/266/76 302/268/77 301/267/76
f 302/268/77 296/262/66 303/269/66
f 301/267/76 302/268/77 304/270/77
f 304/270/77 302/268/77 303/269/66
f 304/270/77 303/269/66 305/271/66
f 306/272/78 307/273/78 308/274/79
f 308/274/79 307/273/78 309/275/79
f 308/274/79 309/275/79 310/276/80
f 310/276/80 309/275/79 311/277/80
f 310/276/80 311/277/80 312/278/81
f 312/278/81 311/277/80 313/279/81
f 314/280/82 315/281/82 316/282/83
f 317/283/84 318/284/85 319/285/85
f 318/284/85 317/283/84 320/286/84
f 320/286/84 317/283/84 321/287/86
f 320/286/84 321/287/86 322/288/86
f 322/288/86 321/287/86 323/289/87
f 323/289/87 321/287/86 324/290/87
f 323/289/87 324/290/87 325/291/88
f 325/291/88 324/290/87 326/292/88
f 314/280/82 316/282/83 327/293/83
f 327/293/83 316/282/83 328/294/89
f 329/295/19 330/296/19 331/297/19
f 331/297/19 330/296/19 332/298/19
f 332/298/19 330/296/19 333/299/19
f 332/298/19 333/299/19 334/300/18
f 334/300/18 333/299/19 335/301/18
f 334/300/18 335/301/18 336/302/18
f 334/300/18 336/302/18 337/303/5
f 338/304/90 339/305/90 340/306/91
f 340/306/91 339/305/90 341/307/91
f 339/305/90 338/304/90 342/308/92
f 340/306/91 341/307/91 343/309/93
f 342/308/92 338/304/90 344/310/92
f 343/309/93 341/307/91 345/311/93
f 342/308/92 344/310/92 346/312/94
f 343/309/93 345/311/93 347/313/95
f 346/312/94 344/310/92 348/314/94
f 347/313/95 345/311/93 349/315/95
f 346/312/94 348/314/94 350/316/96
f 347/313/95 349/315/95 351/317/97
f 350/316/96 348/314/94 352/318/96
f 351/317/97 349/315/95 353/319/97
f 350/316/96 352/318/96 354/320/98
f 351/317/97 353/319/97 355/321/99
f 354/320/98 352/318/96 356/322/98
f 355/321/99 353/319/97 357/323/99
f 354/320/98 356/322/98 358/324/100
f 355/321/99 357/323/99 359/325/19
f 358/324/100 356/322/98 360/326/100
f 359/325/19 357/323/99 361/327/19
f 358/324/100 360/326/100 362/328/13
f 359/325/19 361/327/19 363/329/101
f 362/328/13 360/326/100 364/330/13
f 363/329/101 361/327/19 365/331/101
f 362/328/13 364/330/13 366/332/102
f 363/329/101 365/331/101 367/333/103
f 366/332/102 364/330/13 368/334/102
f 367/333/103 365/331/101 369/335/103
f 366/332/102 368/334/102 370/336/104
f 367/333/103 369/335/103 371/337/105
f 370/336/104 368/334/102 372/338/104
f 371/337/105 369/335/103 373/339/105
f 370/336/104 372/338/104 374/340/106
f 371/337/105 373/339/105 375/341/84
f 374/340/106 372/338/104 376/342/106
f 375/341/84 373/339/105 377/343/84
f 374/340/106 376/342/106 378/344/107
f 375/341/84 377/343/84 379/345/108
f 378/344/107 376/342/106 380/346/107
f 379/345/108 377/343/84 381/347/108
f 378/344/107 380/346/107 382/348/109
f 379/345/108 381/347/108 383/349/110
f 382/348/109 380/346/107 384/350/109
f 383/349/110 381/347/108 385/351/110
f 382/348/109 384/350/109 385/351/110
f 385/351/110 384/350/109 383/349/110
f 386/352/85 387/353/84 388/354/85
f 387/353/84 386/352/85 389/355/84
f 387/353/84 389/355/84 390/356/111
f 390/356/111 389/355/84 391/357/111
f 390/356/111 391/357/111 392/358/112
f 390/356/111 392/358/112 393/359/112
f 394/360/113 395/361/114 396/362/114
f 396/362/114 395/361/114 397/363/115
f 398/364/116 169/132/116 399/365/116
f 399/365/116 169/132/116 168/131/116
f 327/293/83 328/294/89 400/366/89
f 400/366/89 328/294/89 401/367/117
f 402/368/13 403/369/13 404/370/13
f 402/368/13 404/370/13 405/371/13
f 402/368/13 405/371/13 406/372/13
f 406/372/13 405/371/13 407/373/13
f 406/372/13 407/373/13 408/374/13
f 409/375/118 410/376/118 411/377/119
f 411/377/119 410/376/118 412/378/119
f 411/377/119 412/378/119 413/379/120
f 413/379/120 412/378/119 414/380/120
f 415/368/13 416/369/13 417/370/13
f 415/368/13 417/370/13 418/371/13
f 415/368/13 418/371/13 419/372/13
f 419/372/13 418/371/13 420/373/13
f 419/372/13 420/373/13 421/374/13
f 422/381/9 423/382/1 424/383/9
f 424/383/9 423/382/1 425/384/1
f 425/384/1 423/382/1 426/385/121
f 425/384/1 426/385/121 427/386/121
f 427/387/121 428/388/121 425/389/1
f 425/389/1 428/388/121 429/390/1
f 425/389/1 429/390/1 424/391/9
f 424/391/9 429/390/1 430/392/9
f 431/277/122 432/276/122 433/278/123
f 431/277/122 433/278/123 434/279/123
f 435/393/124 436/394/125 437/395/124
f 437/395/124 436/394/125 438/396/125
f 435/393/124 437/395/124 439/397/126
f 438/396/125 436/394/125 440/398/127
f 438/396/125 440/398/127 441/399/127
f 441/399/127 440/398/127 442/400/128
f 435/393/124 439/397/126 443/401/126
f 443/401/126 439/397/126 394/360/113
f 394/360/113 439/397/126 444/402/113
f 394/360/113 444/402/113 395/361/114
f 445/403/129 446/404/130 447/405/129
f 447/405/129 446/404/130 448/406/130
f 449/407/131 450/408/131 451/409/132
f 451/409/132 450/408/131 452/410/132
f 453/411/133 454/412/134 455/413/134
f 455/413/134 454/412/134 456/414/134
f 456/414/134 454/412/134 457/415/134
f 456/414/134 457/415/134 458/416/134
f 456/414/134 458/416/134 459/417/134
f 455/413/134 456/414/134 460/418/134
f 455/413/134 460/418/134 461/419/134
f 461/419/134 460/418/134 462/420/134
f 462/420/134 460/418/134 463/421/134
f 462/420/134 463/421/134 464/422/134
f 464/422/134 463/421/134 465/423/134
f 464/422/134 465/423/134 466/424/134
f 464/422/134 466/424/134 467/425/134
f 467/425/134 466/424/134 468/426/134
f 467/425/134 468/426/134 469/427/134
f 470/428/19 471/429/19 472/430/19
f 472/430/19 471/429/19 473/431/19
f 474/432/135 475/433/136 476/434/137
f 474/432/135 476/434/137 477/435/138
f 475/433/136 474/432/135 478/436/139
f 477/435/138 476/434/137 479/437/140
f 475/433/136 478/436/139 480/438/141
f 475/433/136 480/438/141 481/439/142
f 475/433/136 481/439/142 482/440/136
f 475/433/136 482/440/136 476/434/137
f 479/437/140 476/434/137 483/441/140
f 479/437/140 483/441/140 484/442/143
f 484/442/143 483/441/140 485/443/143
f 486/444/144 487/445/145 488/446/144
f 488/446/144 487/445/145 489/447/145
f 489/447/145 487/445/145 490/448/66
f 489/447/145 490/448/66 491/449/66
f 491/449/66 490/448/66 492/450/146
f 491/449/66 492/450/146 493/451/146
f 493/451/146 492/450/146 494/452/147
f 493/451/146 494/452/147 495/453/147
f 495/453/147 494/452/147 496/454/148
f 495/455/147 496/456/148 497/457/147
f 495/455/147 497/457/147 493/458/146
f 493/458/146 497/457/147 498/459/146
f 493/458/146 498/459/146 491/460/66
f 491/460/66 498/459/146 499/461/66
f 491/460/66 499/461/66 489/462/145
f 489/462/145 499/461/66 500/463/145
f 489/462/145 500/463/145 488/464/144
f 488/464/144 500/463/145 501/465/144
f 502/466/149 503/467/150 219/194/149
f 502/468/149 219/184/149 504/469/151
f 504/469/151 219/184/149 218/183/151
f 504/469/151 218/183/151 217/182/152
f 504/469/151 217/182/152 505/470/152
f 505/470/152 217/182/152 506/471/153
f 506/471/153 217/182/152 216/179/153
f 506/471/153 216/179/153 507/472/154
f 507/472/154 216/179/153 214/177/154
f 507/472/154 214/177/154 508/473/155
f 509/375/118 510/376/118 511/377/119
f 511/377/119 510/376/118 512/378/119
f 511/377/119 512/378/119 513/379/120
f 513/379/120 512/378/119 514/380/120
f 515/474/156 516/188/157 221/186/156
f 221/186/156 516/188/157 223/188/157
f 515/474/156 221/186/156 224/189/158
f 515/474/156 224/189/158 517/475/158
f 517/475/158 224/189/158 225/192/159
f 517/475/158 225/192/159 518/476/159
f 518/476/159 225/192/159 503/467/150
f 503/467/150 225/192/159 226/193/150
f 519/477/160 220/185/161 520/478/162
f 520/478/162 220/185/161 222/187/163
f 213/176/164 212/175/165 521/479/166
f 521/479/166 212/175/165 522/480/167
f 503/467/150 226/193/150 219/194/149
f 523/481/168 524/482/168 525/483/169
f 525/483/169 524/482/168 526/484/169
f 526/484/169 524/482/168 527/485/170
f 525/483/169 526/484/169 528/486/171
f 526/484/169 527/485/170 529/487/172
f 529/487/172 527/485/170 530/488/170
f 528/486/171 526/484/169 531/489/173
f 531/489/173 526/484/169 529/487/172
f 528/486/171 531/489/173 532/490/174
f 529/487/172 530/488/170 533/491/175
f 533/491/175 530/488/170 534/492/176
f 531/489/173 529/487/172 535/493/177
f 535/493/177 529/487/172 533/491/175
f 532/490/174 531/489/173 536/494/174
f 536/494/174 531/489/173 535/493/177
f 532/490/174 536/494/174 537/495/134
f 537/495/134 536/494/174 538/496/134
f 538/496/134 536/494/174 539/497/178
f 539/497/178 536/494/174 535/493/177
f 538/496/134 539/497/178 540/498/134
f 535/493/177 533/491/175 541/499/179
f 535/493/177 541/499/179 539/497/178
f 542/500/180 533/491/175 534/492/176
f 533/491/175 542/500/180 541/499/179
f 542/500/180 534/492/176 543/501/176
f 540/498/134 539/497/178 544/502/181
f 544/502/181 539/497/178 541/499/179
f 540/498/134 544/502/181 545/503/182
f 541/499/179 542/500/180 546/504/183
f 541/499/179 546/504/183 544/502/181
f 542/500/180 543/501/176 547/505/184
f 542/500/180 547/505/184 546/504/183
f 547/505/184 543/501/176 548/506/185
f 545/503/182 544/502/181 549/507/186
f 549/507/186 544/502/181 546/504/183
f 545/503/182 549/507/186 550/508/182
f 546/504/183 547/505/184 551/509/187
f 546/504/183 551/509/187 549/507/186
f 547/505/184 548/506/185 552/510/188
f 547/505/184 552/510/188 551/509/187
f 552/510/188 548/506/185 553/511/189
f 550/508/182 549/507/186 554/512/190
f 554/512/190 549/507/186 551/509/187
f 550/508/182 554/512/190 555/513/191
f 551/509/187 552/510/188 556/514/192
f 551/509/187 556/514/192 554/512/190
f 552/510/188 553/511/189 557/515/193
f 552/510/188 557/515/193 556/514/192
f 557/515/193 553/511/189 558/516/194
f 555/513/191 554/512/190 559/517/195
f 559/517/195 554/512/190 556/514/192
f 555/513/191 559/517/195 560/518/191
f 556/514/192 557/515/193 561/519/196
f 556/514/192 561/519/196 559/517/195
f 557/515/193 558/516/194 562/520/197
f 557/515/193 562/520/197 561/519/196
f 562/520/197 558/516/194 563/521/198
f 560/518/191 559/517/195 564/522/199
f 564/522/199 559/517/195 561/519/196
f 560/518/191 564/522/199 565/523/200
f 561/519/196 562/520/197 566/524/201
f 561/519/196 566/524/201 564/522/199
f 562/520/197 563/521/198 567/525/202
f 562/520/197 567/525/202 566/524/201
f 567/525/202 563/521/198 568/526/203
f 565/523/200 564/522/199 569/527/199
f 569/527/199 564/522/199 566/524/201
f 565/523/200 569/527/199 570/528/204
f 566/524/201 567/525/202 571/529/205
f 566/524/201 571/529/205 569/527/199
f 567/525/202 568/526/203 572/530/206
f 567/525/202 572/530/206 571/529/205
f 572/530/206 568/526/203 573/531/207
f 570/528/204 569/527/199 574/532/208
f 574/532/208 569/527/199 571/529/205
f 570/528/204 574/532/208 575/533/209
f 571/529/205 572/530/206 576/534/210
f 571/529/205 576/534/210 574/532/208
f 572/530/206 573/531/207 577/535/211
f 572/530/206 577/535/211 576/534/210
f 577/535/211 573/531/207 578/536/212
f 575/533/209 574/532/208 579/537/213
f 579/537/213 574/532/208 576/534/210
f 575/533/209 579/537/213 580/538/214
f 576/534/210 577/535/211 581/539/205
f 576/534/210 581/539/205 579/537/213
f 577/535/211 578/536/212 582/540/215
f 577/535/211 582/540/215 581/539/205
f 582/540/215 578/536/212 583/541/216
f 580/538/214 579/537/213 584/542/217
f 584/542/217 579/537/213 581/539/205
f 580/538/214 584/542/217 585/543/218
f 581/539/205 582/540/215 586/544/219
f 581/539/205 586/544/219 584/542/217
f 582/540/215 583/541/216 587/545/220
f 582/540/215 587/545/220 586/544/219
f 587/545/220 583/541/216 588/546/221
f 585/543/218 584/542/217 589/547/222
f 589/547/222 584/542/217 586/544/219
f 585/543/218 589/547/222 590/548/112
f 586/544/219 587/545/220 591/549/223
f 586/544/219 591/549/223 589/547/222
f 587/545/220 588/546/221 592/550/224
f 587/545/220 592/550/224 591/549/223
f 592/550/224 588/546/221 593/551/221
f 590/548/112 589/547/222 594/552/225
f 594/552/225 589/547/222 591/549/223
f 590/548/112 594/552/225 595/553/226
f 591/549/223 592/550/224 596/554/227
f 591/549/223 596/554/227 594/552/225
f 592/550/224 593/551/221 597/555/224
f 592/550/224 597/555/224 596/554/227
f 597/555/224 593/551/221 598/556/228
f 595/553/226 594/552/225 599/557/229
f 599/557/229 594/552/225 596/554/227
f 595/553/226 599/557/229 600/558/230
f 596/554/227 597/555/224 601/559/227
f 596/554/227 601/559/227 599/557/229
f 597/555/224 598/556/228 602/560/231
f 597/555/224 602/560/231 601/559/227
f 602/560/231 598/556/228 603/561/232
f 600/558/230 599/557/229 604/562/229
f 604/562/229 599/557/229 601/559/227
f 600/558/230 604/562/229 605/563/230
f 601/559/227 602/560/231 606/564/201
f 601/559/227 606/564/201 604/562/229
f 602/560/231 603/561/232 607/565/233
f 602/560/231 607/565/233 606/564/201
f 607/565/233 603/561/232 608/566/234
f 605/563/230 604/562/229 609/567/235
f 609/567/235 604/562/229 606/564/201
f 605/563/230 609/567/235 610/568/236
f 606/564/201 607/565/233 611/569/237
f 606/564/201 611/569/237 609/567/235
f 607/565/233 608/566/234 612/570/238
f 607/565/233 612/570/238 611/569/237
f 612/570/238 608/566/234 613/571/239
f 610/568/236 609/567/235 614/572/240
f 614/572/240 609/567/235 611/569/237
f 610/568/236 614/572/240 615/573/241
f 611/569/237 612/570/238 616/574/242
f 611/569/237 616/574/242 614/572/240
f 612/570/238 613/571/239 617/575/243
f 612/570/238 617/575/243 616/574/242
f 617/575/243 613/571/239 618/576/244
f 615/573/241 614/572/240 619/577/245
f 619/577/245 614/572/240 616/574/242
f 615/573/241 619/577/245 620/578/246
f 616/574/242 617/575/243 621/579/247
f 616/574/242 621/579/247 619/577/245
f 617/575/243 618/576/244 622/580/248
f 617/575/243 622/580/248 621/579/247
f 622/580/248 618/576/244 623/581/249
f 620/578/246 619/577/245 624/582/250
f 624/582/250 619/577/245 621/579/247
f 620/578/246 624/582/250 625/583/251
f 621/579/247 622/580/248 626/584/247
f 621/579/247 626/584/247 624/582/250
f 622/580/248 623/581/249 627/585/252
f 622/580/248 627/585/252 626/584/247
f 627/585/252 623/581/249 628/586/253
f 625/583/251 624/582/250 629/587/254
f 629/587/254 624/582/250 626/584/247
f 625/583/251 629/587/254 630/588/255
f 626/584/247 627/585/252 631/589/256
f 626/584/247 631/589/256 629/587/254
f 627/585/252 628/586/253 632/590/257
f 627/585/252 632/590/257 631/589/256
f 632/590/257 628/586/253 633/591/258
f 630/588/255 629/587/254 634/592/259
f 634/592/259 629/587/254 631/589/256
f 630/588/255 634/592/259 635/593/260
f 631/589/256 632/590/257 636/594/261
f 631/589/256 636/594/261 634/592/259
f 632/590/257 633/591/258 637/595/262
f 632/590/257 637/595/262 636/594/261
f 637/595/262 633/591/258 638/596/263
f 635/593/260 634/592/259 639/597/264
f 639/597/264 634/592/259 636/594/261
f 635/593/260 639/597/264 640/598/265
f 636/594/261 637/595/262 641/599/266
f 636/594/261 641/599/266 639/597/264
f 637/595/262 638/596/263 642/600/267
f 637/595/262 642/600/267 641/599/266
f 642/600/267 638/596/263 643/601/268
f 640/598/265 639/597/264 644/602/269
f 644/602/269 639/597/264 641/599/266
f 640/598/265 644/602/269 645/603/270
f 641/599/266 642/600/267 646/604/271
f 641/599/266 646/604/271 644/602/269
f 642/600/267 643/601/268 647/605/272
f 642/600/267 647/605/272 646/604/271
f 647/605/272 643/601/268 648/606/268
f 645/603/270 644/602/269 649/607/273
f 649/607/273 644/602/269 646/604/271
f 645/603/270 649/607/273 650/608/274
f 646/604/271 647/605/272 651/609/275
f 646/604/271 651/609/275 649/607/273
f 647/605/272 648/606/268 652/610/276
f 647/605/272 652/610/276 651/609/275
f 652/610/276 648/606/268 653/611/268
f 650/608/274 649/607/273 654/612/277
f 654/612/277 649/607/273 651/609/275
f 650/608/274 654/612/277 655/613/278
f 651/609/275 652/610/276 656/614/279
f 651/609/275 656/614/279 654/612/277
f 652/610/276 653/611/268 657/615/280
f 652/610/276 657/615/280 656/614/279
f 657/615/280 653/611/268 658/616/281
f 655/613/278 654/612/277 659/617/282
f 659/617/282 654/612/277 656/614/279
f 655/613/278 659/617/282 660/618/278
f 656/614/279 657/615/280 661/619/283
f 656/614/279 661/619/283 659/617/282
f 657/615/280 658/616/281 662/620/284
f 657/615/280 662/620/284 661/619/283
f 662/620/284 658/616/281 663/621/281
f 662/620/284 663/621/281 664/622/285
f 660/618/278 659/617/282 665/623/286
f 665/623/286 659/617/282 661/619/283
f 660/618/278 665/623/286 666/624/278
f 661/619/283 662/620/284 667/625/287
f 667/625/287 662/620/284 664/622/285
f 661/619/283 667/625/287 665/623/286
f 667/625/287 664/622/285 668/626/287
f 666/624/278 665/623/286 669/627/288
f 669/627/288 665/623/286 667/625/287
f 669/627/288 667/625/287 668/626/287
f 666/624/278 669/627/288 670/628/278
f 669/627/288 668/626/287 671/629/288
f 669/627/288 671/629/288 670/628/278
f 670/628/278 671/629/288 672/630/278
f 400/366/89 401/367/117 673/631/117
f 673/631/117 401/367/117 674/632/289
f 673/631/117 674/632/289 675/633/289
f 675/633/289 674/632/289 676/634/290
f 676/634/290 674/632/289 677/635/290
f 678/636/19 679/637/19 680/638/19
f 680/638/19 679/637/19 681/639/19
f 681/639/19 679/637/19 682/640/19
f 681/639/19 682/640/19 683/641/19
f 393/359/112 392/358/112 684/642/291
f 393/359/112 684/642/291 685/643/291
f 488/644/144 686/645/110 486/646/144
f 486/646/144 686/645/110 687/647/110
f 687/647/110 686/645/110 688/648/110
f 687/647/110 688/648/110 689/649/110
f 689/649/110 688/648/110 690/650/110
f 690/650/110 688/648/110 691/651/110
f 690/650/110 691/651/110 692/652/292
f 690/650/110 692/652/292 693/653/292
f 693/653/292 692/652/292 694/654/293
f 693/653/292 694/654/293 695/655/293
f 695/655/293 694/654/293 696/656/106
f 695/655/293 696/656/106 697/657/106
f 697/657/106 696/656/106 698/658/104
f 697/657/106 698/658/104 699/659/104
f 699/659/104 698/658/104 700/660/104
f 699/659/104 700/660/104 701/661/104
f 702/662/294 700/663/104 703/664/294
f 703/664/294 700/663/104 698/665/104
f 703/664/294 698/665/104 704/666/106
f 704/666/106 698/665/104 696/667/106
f 704/666/106 696/667/106 705/668/293
f 705/668/293 696/667/106 694/669/293
f 705/668/293 694/669/293 706/670/292
f 706/670/292 694/669/293 692/671/292
f 706/670/292 692/671/292 707/672/110
f 707/672/110 692/671/292 691/673/110
f 707/672/110 691/673/110 688/674/110
f 707/672/110 688/674/110 708/675/110
f 708/675/110 688/674/110 709/676/110
f 709/676/110 688/674/110 686/677/110
f 709/676/110 686/677/110 501/678/144
f 501/678/144 686/677/110 488/679/144
f 710/680/103 711/681/295 496/456/103
f 496/456/103 711/681/295 497/457/295
f 712/682/296 713/683/297 714/684/298
f 715/685/299 716/686/300 713/683/297
f 715/685/299 713/683/297 717/687/301
f 717/687/301 713/683/297 718/688/302
f 712/682/296 714/684/298 719/689/303
f 720/690/304 721/691/305 718/688/302
f 720/690/304 718/688/302 722/692/306
f 722/692/306 718/688/302 713/683/297
f 722/692/306 713/683/297 712/682/296
f 722/692/306 712/682/296 723/693/307
f 722/692/306 723/693/307 720/690/304
f 723/693/307 712/682/296 719/689/303
f 720/690/304 723/693/307 724/694/308
f 720/690/304 724/694/308 509/695/309
f 724/694/308 723/693/307 725/696/310
f 725/696/310 723/693/307 719/689/303
f 725/696/310 719/689/303 726/697/311
f 726/697/311 719/689/303 727/698/312
f 727/698/312 719/689/303 714/684/298
f 726/697/311 727/698/312 728/699/313
f 727/698/312 714/684/298 729/700/314
f 729/700/314 714/684/298 713/683/297
f 728/699/313 727/698/312 730/701/315
f 730/701/315 727/698/312 729/700/314
f 728/699/313 730/701/315 731/702/316
f 731/702/316 730/701/315 732/703/317
f 730/701/315 729/700/314 733/704/318
f 733/704/318 729/700/314 713/683/297
f 730/701/315 733/704/318 732/703/317
f 733/704/318 713/683/297 734/705/319
f 733/704/318 734/705/319 732/703/317
f 735/706/320 736/707/320 737/708/321
f 735/706/320 737/708/321 738/709/321
f 738/709/321 737/708/321 739/710/322
f 738/709/321 739/710/322 740/711/322
f 740/711/322 739/710/322 741/712/323
f 740/711/322 741/712/323 742/713/323
f 743/714/324 744/715/324 745/716/324
f 745/716/324 744/715/324 746/717/324
f 747/717/325 748/715/325 749/716/325
f 749/716/325 748/715/325 750/714/325
f 751/718/326 752/719/19 753/720/326
f 753/720/326 752/719/19 754/721/19
f 754/722/19 755/723/19 753/724/326
f 753/724/326 755/723/19 756/725/326
f 757/726/327 758/727/107 759/728/327
f 759/728/327 758/727/107 760/729/107
f 760/729/107 758/727/107 761/730/328
f 760/729/107 761/730/328 762/731/328
f 762/731/328 761/730/328 763/732/329
f 762/731/328 763/732/329 764/733/329
f 764/733/329 763/732/329 765/734/330
f 764/733/329 765/734/330 766/735/330
f 766/735/330 765/734/330 701/736/104
f 766/735/330 701/736/104 700/737/104
f 700/738/104 702/739/294 766/740/330
f 766/740/330 702/739/294 767/741/330
f 766/740/330 767/741/330 764/742/329
f 764/742/329 767/741/330 768/743/329
f 764/742/329 768/743/329 762/744/328
f 762/744/328 768/743/329 769/745/328
f 762/744/328 769/745/328 760/746/107
f 760/746/107 769/745/328 770/747/107
f 760/746/107 770/747/107 759/748/327
f 759/748/327 770/747/107 771/749/327
f 215/178/155 508/473/155 214/177/154
f 720/690/304 509/695/309 721/691/305
f 721/691/305 509/695/309 511/750/331
f 721/691/305 511/750/331 772/751/332
f 772/751/332 511/750/331 513/752/333
f 721/691/305 772/751/332 717/687/301
f 721/691/305 717/687/301 718/688/302
f 717/687/301 772/751/332 715/685/299
f 772/751/332 513/752/333 773/753/334
f 772/751/332 773/753/334 715/685/299
f 715/685/299 773/753/334 716/686/300
f 773/753/334 513/752/333 774/754/335
f 716/686/300 773/753/334 775/755/336
f 775/755/336 773/753/334 774/754/335
f 775/755/336 774/754/335 776/756/337
f 777/714/324 778/715/324 779/716/324
f 779/716/324 778/715/324 780/717/324
f 781/682/296 782/683/297 783/684/298
f 784/685/299 785/686/300 782/683/297
f 784/685/299 782/683/297 786/687/301
f 786/687/301 782/683/297 787/688/302
f 781/682/296 783/684/298 788/689/303
f 789/690/304 790/691/305 787/688/302
f 789/690/304 787/688/302 791/692/306
f 791/692/306 787/688/302 782/683/297
f 791/692/306 782/683/297 781/682/296
f 791/692/306 781/682/296 792/693/307
f 791/692/306 792/693/307 789/690/304
f 792/693/307 781/682/296 788/689/303
f 789/690/304 792/693/307 793/694/308
f 789/690/304 793/694/308 409/695/309
f 793/694/308 792/693/307 794/696/310
f 794/696/310 792/693/307 788/689/303
f 794/696/310 788/689/303 795/697/311
f 795/697/311 788/689/303 796/698/312
f 796/698/312 788/689/303 783/684/298
f 795/697/311 796/698/312 797/699/313
f 796/698/312 783/684/298 798/700/314
f 798/700/314 783/684/298 782/683/297
f 797/699/313 796/698/312 799/701/315
f 799/701/315 796/698/312 798/700/314
f 797/699/313 799/701/315 800/702/316
f 800/702/316 799/701/315 801/703/317
f 799/701/315 798/700/314 802/704/318
f 802/704/318 798/700/314 782/683/297
f 799/701/315 802/704/318 801/703/317
f 802/704/318 782/683/297 803/705/319
f 802/704/318 803/705/319 801/703/317
f 804/717/325 805/715/325 806/716/325
f 806/716/325 805/715/325 807/714/325
f 752/757/95 808/758/95 754/759/95
f 754/759/95 808/758/95 809/760/95
f 809/761/95 810/762/95 754/763/95
f 754/763/95 810/762/95 755/764/95
f 811/765/338 812/766/339 813/767/338
f 813/767/338 812/766/339 814/768/339
f 814/768/339 812/766/339 736/707/320
f 814/768/339 736/707/320 735/706/320
f 815/769/340 816/770/341 817/771/110
f 817/771/110 816/770/341 818/772/341
f 818/772/341 816/770/341 819/773/342
f 818/772/341 819/773/342 820/774/342
f 820/774/342 819/773/342 470/775/110
f 470/775/110 819/773/342 821/776/110
f 822/777/110 823/778/342 471/779/110
f 471/779/110 823/778/342 824/780/342
f 824/780/342 823/778/342 825/781/341
f 825/781/341 823/778/342 826/782/341
f 825/781/341 826/782/341 827/783/110
f 827/783/110 826/782/341 828/784/340
f 829/785/343 678/636/343 830/786/343
f 830/786/343 678/636/343 680/638/343
f 789/690/304 409/695/309 790/691/305
f 790/691/305 409/695/309 411/750/331
f 790/691/305 411/750/331 831/751/332
f 831/751/332 411/750/331 413/752/333
f 790/691/305 831/751/332 786/687/301
f 790/691/305 786/687/301 787/688/302
f 786/687/301 831/751/332 784/685/299
f 831/751/332 413/752/333 832/753/334
f 831/751/332 832/753/334 784/685/299
f 784/685/299 832/753/334 785/686/300
f 832/753/334 413/752/333 833/754/335
f 785/686/300 832/753/334 834/755/336
f 834/755/336 832/753/334 833/754/335
f 834/755/336 833/754/335 835/756/337
f 836/787/344 837/788/344 838/789/90
f 836/787/344 838/789/90 839/790/90
f 839/790/90 838/789/90 840/791/345
f 840/791/345 838/789/90 841/792/345
f 840/791/345 841/792/345 842/793/346
f 840/791/345 842/793/346 843/794/346
f 843/794/346 842/793/346 844/795/347
f 844/795/347 842/793/346 845/796/347
f 844/795/347 845/796/347 846/797/348
f 844/795/347 846/797/348 847/798/348
f 848/799/90 849/800/90 850/801/90
f 850/801/90 849/800/90 851/802/90
f 852/802/90 853/800/90 854/801/90
f 854/801/90 853/800/90 855/799/90
f 856/803/349 857/804/350 858/805/349
f 857/804/350 856/803/349 859/806/350
f 857/804/350 859/806/350 860/807/351
f 860/807/351 859/806/350 861/808/351
f 860/807/351 861/808/351 862/809/105
f 862/809/105 861/808/351 863/810/105
f 862/809/105 863/810/105 864/811/147
f 864/811/147 863/810/105 865/812/147
f 866/813/352 867/814/349 868/815/349
f 867/814/349 866/813/352 869/816/352
f 869/816/352 866/813/352 870/817/353
f 869/816/352 870/817/353 871/818/353
f 871/818/353 870/817/353 872/819/354
f 871/818/353 872/819/354 873/820/354
f 873/820/354 872/819/354 874/821/355
f 873/820/354 874/821/355 875/822/355
f 334/823/18 337/824/5 876/825/356
f 876/825/356 337/824/5 877/826/147
f 877/826/147 337/824/5 878/827/147
f 877/826/147 878/827/147 879/828/145
f 879/828/145 878/827/147 880/829/145
f 879/828/145 880/829/145 170/133/341
f 170/133/341 880/829/145 171/830/341
f 435/393/357 400/366/357 436/394/358
f 436/394/358 400/366/357 673/631/358
f 400/366/357 435/393/357 327/293/23
f 436/394/358 673/631/358 675/633/359
f 327/293/23 435/393/357 443/401/23
f 436/394/358 675/633/359 440/398/359
f 440/398/359 675/633/359 442/400/360
f 442/400/360 675/633/359 676/634/361
f 327/293/23 443/401/23 394/360/362
f 327/293/23 394/360/362 314/280/362
f 314/280/362 394/360/362 881/831/363
f 881/831/363 394/360/362 396/362/363
f 881/831/363 396/362/363 882/832/364
f 882/832/364 396/362/363 883/833/364
f 882/832/364 883/833/364 884/834/365
f 882/832/364 884/834/365 885/835/365
f 885/835/365 884/834/365 886/836/366
f 885/835/365 886/836/366 887/837/366
f 887/837/366 886/836/366 888/838/367
f 887/837/366 888/838/367 889/839/367
f 889/839/367 888/838/367 890/840/368
f 890/840/368 888/838/367 891/841/368
f 890/840/368 891/841/368 892/842/368
f 892/842/368 891/841/368 893/843/368
f 892/842/368 893/843/368 894/844/369
f 892/842/368 894/844/369 895/845/370
f 895/845/370 894/844/369 896/846/371
f 895/845/370 896/846/371 897/847/371
f 897/847/371 896/846/371 898/848/372
f 897/847/371 898/848/372 899/849/372
f 899/849/372 898/848/372 900/850/326
f 899/849/372 900/850/326 901/851/326
f 901/851/326 900/850/326 902/852/373
f 902/852/373 900/850/326 903/853/373
f 902/852/373 903/853/373 904/854/374
f 902/852/373 904/854/374 905/855/374
f 905/855/374 904/854/374 906/856/18
f 906/856/18 904/854/374 907/857/18
f 906/856/18 907/857/18 908/858/101
f 906/856/18 908/858/101 909/859/101
f 909/859/101 908/858/101 910/860/18
f 910/860/18 908/858/101 911/861/18
f 912/862/94 913/863/94 914/864/375
f 914/864/375 913/863/94 915/865/375
f 913/863/94 912/862/94 916/866/376
f 914/864/375 915/865/375 917/867/377
f 916/866/376 912/862/94 918/868/376
f 914/864/375 917/867/377 919/869/377
f 916/866/376 918/868/376 920/870/378
f 919/869/377 917/867/377 921/871/377
f 920/870/378 918/868/376 922/872/378
f 919/869/377 921/871/377 923/873/377
f 920/870/378 922/872/378 924/874/379
f 923/873/377 921/871/377 925/875/370
f 920/870/378 924/874/379 926/876/379
f 925/875/370 921/871/377 927/877/370
f 926/876/379 924/874/379 928/878/380
f 925/875/370 927/877/370 929/879/371
f 926/876/379 928/878/380 930/880/380
f 929/879/371 927/877/370 931/881/371
f 930/880/380 928/878/380 932/882/26
f 929/879/371 931/881/371 933/883/372
f 932/882/26 928/878/380 934/884/26
f 933/883/372 931/881/371 935/885/372
f 932/882/26 934/884/26 936/886/381
f 933/883/372 935/885/372 937/887/326
f 932/882/26 936/886/381 938/888/381
f 937/887/326 935/885/372 939/889/326
f 938/888/381 936/886/381 940/890/106
f 937/887/326 939/889/326 941/891/4
f 938/888/381 940/890/106 942/892/106
f 937/887/326 941/891/4 943/893/4
f 942/892/106 940/890/106 944/894/382
f 943/893/4 941/891/4 945/895/383
f 944/894/382 940/890/106 946/896/382
f 944/894/382 946/896/382 947/897/384
f 944/894/382 947/897/384 948/898/385
f 945/895/383 941/891/4 949/899/383
f 945/895/383 949/899/383 950/900/3
f 945/895/383 950/900/3 951/901/3
f 951/901/3 950/900/3 952/902/101
f 952/902/101 950/900/3 953/903/101
f 952/902/101 953/903/101 954/904/18
f 952/902/101 954/904/18 955/905/18
f 242/210/90 956/906/90 241/907/90
f 241/907/90 956/906/90 957/908/90
f 958/909/90 243/211/90 959/910/90
f 959/910/90 243/211/90 245/213/90
f 245/213/90 248/211/90 959/910/90
f 959/910/90 248/211/90 960/909/90
f 961/911/386 962/912/387 751/718/386
f 751/718/386 962/912/387 752/719/387
f 755/723/388 963/913/388 756/725/389
f 756/725/389 963/913/388 964/914/389
f 965/915/390 966/916/391 911/917/390
f 911/917/390 966/916/391 955/918/391
f 40/919/392 967/920/392 38/921/393
f 38/921/393 967/920/392 968/922/393
f 969/923/394 970/924/395 971/925/396
f 971/925/396 970/924/395 972/926/397
f 971/925/396 972/926/397 973/927/396
f 970/924/395 969/923/394 974/928/398
f 974/928/398 969/923/394 975/929/394
f 973/927/396 972/926/397 976/930/399
f 973/927/396 976/930/399 977/931/133
f 974/928/398 975/929/394 978/932/400
f 978/932/400 975/929/394 979/933/401
f 970/924/395 974/928/398 980/934/402
f 978/932/400 979/933/401 981/935/400
f 981/935/400 979/933/401 982/936/403
f 974/928/398 978/932/400 983/937/404
f 974/928/398 983/937/404 980/934/402
f 978/932/400 981/935/400 984/938/405
f 978/932/400 984/938/405 983/937/404
f 981/935/400 982/936/403 985/939/406
f 985/939/406 982/936/403 986/940/407
f 984/938/405 981/935/400 987/941/408
f 987/941/408 981/935/400 985/939/406
f 985/939/406 986/940/407 988/942/409
f 988/942/409 986/940/407 989/943/410
f 987/941/408 985/939/406 990/944/411
f 990/944/411 985/939/406 988/942/409
f 988/942/409 989/943/410 991/945/412
f 991/945/412 989/943/410 992/946/413
f 990/944/411 988/942/409 993/947/408
f 993/947/408 988/942/409 991/945/412
f 991/945/412 992/946/413 994/948/414
f 994/948/414 992/946/413 995/949/87
f 993/947/408 991/945/412 996/950/415
f 996/950/415 991/945/412 994/948/414
f 994/948/414 995/949/87 997/951/416
f 997/951/416 995/949/87 998/952/417
f 996/950/415 994/948/414 999/953/418
f 999/953/418 994/948/414 997/951/416
f 997/951/416 998/952/417 1000/954/419
f 1000/954/419 998/952/417 1001/955/420
f 999/953/418 997/951/416 1002/956/421
f 1002/956/421 997/951/416 1000/954/419
f 1000/954/419 1001/955/420 1003/957/419
f 1003/957/419 1001/955/420 1004/958/420
f 1002/956/421 1000/954/419 1005/959/421
f 1005/959/421 1000/954/419 1003/957/419
f 1003/957/419 1004/958/420 1006/960/422
f 1006/960/422 1004/958/420 1007/961/423
f 1005/959/421 1003/957/419 1008/962/405
f 1008/962/405 1003/957/419 1006/960/422
f 1006/960/422 1007/961/423 1009/963/424
f 1009/963/424 1007/961/423 1010/964/425
f 1008/962/405 1006/960/422 1011/965/426
f 1011/965/426 1006/960/422 1009/963/424
f 1005/959/421 1008/962/405 1012/966/427
f 1009/963/424 1010/964/425 249/215/31
f 249/215/31 1010/964/425 250/216/32
f 1011/965/426 1009/963/424 254/220/36
f 254/220/36 1009/963/424 249/215/31
f 1008/962/405 1011/965/426 1013/967/428
f 1008/962/405 1013/967/428 1012/966/427
f 1011/965/426 254/220/36 1014/968/429
f 1011/965/426 1014/968/429 1013/967/428
f 1013/967/428 1014/968/429 1015/969/430
f 1013/967/428 1015/969/430 1016/970/431
f 1013/967/428 1016/970/431 1012/966/427
f 1015/969/430 1014/968/429 1017/971/432
f 1012/966/427 1016/970/431 1018/972/433
f 1017/971/432 1014/968/429 255/221/37
f 255/221/37 1014/968/429 254/220/36
f 1017/971/432 255/221/37 260/226/41
f 1012/966/427 1018/972/433 1019/973/434
f 1012/966/427 1019/973/434 1005/959/421
f 1019/973/434 1018/972/433 1020/974/435
f 1005/959/421 1019/973/434 1002/956/421
f 1019/973/434 1020/974/435 1021/975/434
f 1019/973/434 1021/975/434 1002/956/421
f 1021/975/434 1020/974/435 1022/976/435
f 1002/956/421 1021/975/434 999/953/418
f 1021/975/434 1022/976/435 1023/977/436
f 1021/975/434 1023/977/436 999/953/418
f 1023/977/436 1022/976/435 1024/978/437
f 999/953/418 1023/977/436 996/950/415
f 1023/977/436 1024/978/437 1025/979/438
f 1023/977/436 1025/979/438 996/950/415
f 1025/979/438 1024/978/437 1026/980/439
f 996/950/415 1025/979/438 993/947/408
f 1025/979/438 1026/980/439 1027/981/440
f 1025/979/438 1027/981/440 993/947/408
f 1027/981/440 1026/980/439 1028/982/441
f 993/947/408 1027/981/440 990/944/411
f 1027/981/440 1028/982/441 1029/983/442
f 1027/981/440 1029/983/442 990/944/411
f 1029/983/442 1028/982/441 1030/984/443
f 990/944/411 1029/983/442 987/941/408
f 1029/983/442 1030/984/443 1031/985/444
f 1029/983/442 1031/985/444 987/941/408
f 1031/985/444 1030/984/443 1032/986/445
f 987/941/408 1031/985/444 984/938/405
f 1031/985/444 1032/986/445 1033/987/446
f 1031/985/444 1033/987/446 984/938/405
f 1033/987/446 1032/986/445 1034/988/447
f 984/938/405 1033/987/446 983/937/404
f 1033/987/446 1034/988/447 1035/989/448
f 1033/987/446 1035/989/448 983/937/404
f 1035/989/448 1034/988/447 1036/990/449
f 983/937/404 1035/989/448 980/934/402
f 1035/989/448 1036/990/449 1037/991/450
f 1035/989/448 1037/991/450 980/934/402
f 1037/991/450 1036/990/449 1038/992/451
f 980/934/402 1037/991/450 1039/993/452
f 980/934/402 1039/993/452 970/924/395
f 970/924/395 1039/993/452 972/926/397
f 1037/991/450 1038/992/451 1040/994/453
f 1037/991/450 1040/994/453 1039/993/452
f 1040/994/453 1038/992/451 1041/995/454
f 972/926/397 1039/993/452 1042/996/455
f 1042/996/455 1039/993/452 1040/994/453
f 972/926/397 1042/996/455 976/930/399
f 1040/994/453 1041/995/454 1043/997/456
f 1040/994/453 1043/997/456 1042/996/455
f 1043/997/456 1041/995/454 1044/998/454
f 976/930/399 1042/996/455 1045/999/457
f 1045/999/457 1042/996/455 1043/997/456
f 1043/997/456 1044/998/454 1046/1000/458
f 1043/997/456 1046/1000/458 1045/999/457
f 1046/1000/458 1044/998/454 1047/1001/459
f 976/930/399 1045/999/457 1048/1002/460
f 976/930/399 1048/1002/460 977/931/133
f 977/931/133 1048/1002/460 1049/1003/133
f 1048/1002/460 1045/999/457 1050/1004/461
f 1050/1004/461 1045/999/457 1046/1000/458
f 1049/1003/133 1048/1002/460 1051/1005/462
f 1051/1005/462 1048/1002/460 1050/1004/461
f 1049/1003/133 1051/1005/462 1052/1006/133
f 1052/1006/133 1051/1005/462 1053/1007/462
f 1053/1007/462 1051/1005/462 1054/1008/463
f 1054/1008/463 1051/1005/462 1050/1004/461
f 1053/1007/462 1054/1008/463 1055/1009/464
f 1050/1004/461 1046/1000/458 1056/1010/465
f 1050/1004/461 1056/1010/465 1054/1008/463
f 1056/1010/465 1046/1000/458 1047/1001/459
f 1056/1010/465 1047/1001/459 1057/1011/459
f 1054/1008/463 1056/1010/465 1058/1012/466
f 1054/1008/463 1058/1012/466 1055/1009/464
f 1058/1012/466 1056/1010/465 1057/1011/459
f 1055/1009/464 1058/1012/466 1059/1013/466
f 1058/1012/466 1057/1011/459 1060/1014/467
f 1058/1012/466 1060/1014/467 1059/1013/466
f 1059/1013/466 1060/1014/467 1061/1015/467
f 837/1016/468 1062/1017/469 1063/1018/468
f 837/1016/468 1063/1018/468 838/789/470
f 838/789/470 1063/1018/468 1064/1019/470
f 838/789/470 1064/1019/470 1065/1020/471
f 838/789/470 1065/1020/471 841/792/471
f 841/792/471 1065/1020/471 1066/1021/472
f 841/792/471 1066/1021/472 842/1022/472
f 842/1022/472 1066/1021/472 1067/1023/473
f 842/1022/472 1067/1023/473 845/1024/473
f 845/1024/473 1067/1023/473 1068/1025/474
f 845/1024/473 1068/1025/474 846/1026/474
f 846/1026/474 1068/1025/474 1069/1027/475
f 846/1026/474 1069/1027/475 1070/1028/475
f 1070/1028/475 1069/1027/475 1071/1029/476
f 1070/1028/475 1071/1029/476 1072/1030/476
f 1072/1030/476 1071/1029/476 1073/1031/477
f 1072/1030/476 1073/1031/477 1074/1032/477
f 1074/1032/477 1073/1031/477 1075/1033/478
f 1074/1032/477 1075/1033/478 1076/1034/478
f 1076/1034/478 1075/1033/478 1077/1035/355
f 1077/1035/355 1075/1033/478 1078/1036/355
f 1079/1037/479 103/83/479 1080/1038/179
f 1080/1038/179 103/83/479 102/82/480
f 1080/1038/179 102/82/480 1081/1039/481
f 1080/1038/179 1081/1039/481 1082/1040/482
f 1081/1039/481 102/82/480 227/1041/28
f 227/1041/28 102/82/480 104/84/28
f 1082/1040/482 1081/1039/481 1083/1042/482
f 1082/1040/482 1083/1042/482 1084/1043/290
f 1084/1043/290 1083/1042/482 1085/1043/290
f 1084/1043/290 1085/1043/290 1086/1044/483
f 1086/1044/483 1085/1043/290 1087/1045/483
f 1086/1044/483 1087/1045/483 1088/1046/484
f 1088/1046/484 1087/1045/483 1089/1047/484
f 1088/1046/484 1089/1047/484 1090/1048/485
f 1090/1048/485 1089/1047/484 1091/1049/485
f 153/1050/486 1092/1051/486 1093/1052/90
f 153/1050/486 1093/1052/90 154/1053/90
f 230/1054/90 1094/1055/90 1095/1056/90
f 1094/1055/90 230/1054/90 1096/1057/90
f 1096/1057/90 230/1054/90 1097/1058/90
f 1097/1058/90 230/1054/90 229/1059/90
f 1098/1060/487 1099/1061/488 486/444/487
f 486/444/487 1099/1061/488 487/445/488
f 487/445/488 1099/1061/488 1100/1062/489
f 487/445/488 1100/1062/489 490/448/489
f 490/448/489 1100/1062/489 1101/1063/171
f 490/448/489 1101/1063/171 492/450/171
f 492/450/171 1101/1063/171 1102/1064/490
f 492/450/171 1102/1064/490 494/452/490
f 494/452/490 1102/1064/490 496/454/103
f 496/454/103 1102/1064/490 710/1065/103
f 1103/1066/491 1104/1067/492 701/661/491
f 701/661/491 1104/1067/492 699/659/492
f 699/659/492 1104/1067/492 1105/1068/493
f 699/659/492 1105/1068/493 697/657/493
f 697/657/493 1105/1068/493 1106/1069/494
f 697/657/493 1106/1069/494 695/655/494
f 695/655/494 1106/1069/494 1107/1070/495
f 695/655/494 1107/1070/495 693/653/495
f 693/653/495 1107/1070/495 1108/1071/323
f 693/653/495 1108/1071/323 690/650/323
f 690/650/323 1108/1071/323 1109/1072/323
f 690/650/323 1109/1072/323 689/649/323
f 689/649/323 1109/1072/323 1110/1073/496
f 689/649/323 1110/1073/496 687/647/496
f 687/647/496 1110/1073/496 1098/1074/487
f 687/647/496 1098/1074/487 486/646/487
f 501/678/497 1111/1075/497 709/676/498
f 709/676/498 1111/1075/497 1112/1076/498
f 709/676/498 1112/1076/498 708/675/338
f 708/675/338 1112/1076/498 1113/1077/338
f 708/675/338 1113/1077/338 707/672/338
f 707/672/338 1113/1077/338 1114/1078/338
f 707/672/338 1114/1078/338 706/670/499
f 706/670/499 1114/1078/338 1115/1079/499
f 706/670/499 1115/1079/499 705/668/500
f 705/668/500 1115/1079/499 1116/1080/500
f 705/668/500 1116/1080/500 704/666/501
f 704/666/501 1116/1080/500 1117/1081/501
f 704/666/501 1117/1081/501 703/664/124
f 703/664/124 1117/1081/501 1118/1082/124
f 703/664/124 1118/1082/124 702/662/502
f 702/662/502 1118/1082/124 1119/1083/502
f 1120/1084/503 1121/1085/504 757/726/503
f 757/726/503 1121/1085/504 758/727/504
f 758/727/504 1121/1085/504 761/730/505
f 761/730/505 1121/1085/504 1122/1086/505
f 761/730/505 1122/1086/505 1123/1087/506
f 761/730/505 1123/1087/506 763/732/506
f 763/732/506 1123/1087/506 1124/1088/507
f 763/732/506 1124/1088/507 765/734/507
f 765/734/507 1124/1088/507 1103/1089/491
f 765/734/507 1103/1089/491 701/736/491
f 702/739/502 1119/1090/502 767/741/508
f 767/741/508 1119/1090/502 1125/1091/508
f 767/741/508 1125/1091/508 768/743/509
f 768/743/509 1125/1091/508 1126/1092/509
f 768/743/509 1126/1092/509 769/745/510
f 769/745/510 1126/1092/509 1127/1093/510
f 769/745/510 1127/1093/510 1128/1094/511
f 769/745/510 1128/1094/511 770/747/511
f 770/747/511 1128/1094/511 771/749/512
f 771/749/512 1128/1094/511 1129/1095/512
f 427/386/513 426/385/514 1130/1096/513
f 1130/1096/513 426/385/514 1131/1097/514
f 1132/1098/515 428/388/515 1130/1099/513
f 1130/1099/513 428/388/515 427/387/513
f 962/1100/387 1133/1101/516 752/757/387
f 752/757/387 1133/1101/516 808/758/516
f 810/762/517 1134/1102/517 755/764/388
f 755/764/388 1134/1102/517 963/1103/388
f 497/457/295 711/681/295 498/459/464
f 498/459/464 711/681/295 1135/1104/464
f 498/459/464 1135/1104/464 499/461/518
f 499/461/518 1135/1104/464 1136/1105/518
f 499/461/518 1136/1105/518 500/463/519
f 500/463/519 1136/1105/518 1137/1106/519
f 500/463/519 1137/1106/519 501/465/497
f 501/465/497 1137/1106/519 1111/1107/497
f 1138/1108/19 1139/1109/19 1140/1110/19
f 1140/1110/19 1139/1109/19 1141/1111/19
f 1139/1109/19 1138/1108/19 1142/1112/19
f 1141/1111/19 1139/1109/19 1143/1113/19
f 1139/1109/19 1142/1112/19 1144/1114/19
f 1143/1113/19 1139/1109/19 1145/1115/19
f 1139/1109/19 1144/1114/19 1146/1116/19
f 1145/1115/19 1139/1109/19 1147/1117/19
f 1139/1109/19 1146/1116/19 1148/1118/19
f 1147/1117/19 1139/1109/19 1149/1119/19
f 1139/1109/19 1148/1118/19 1150/1120/19
f 1149/1119/19 1139/1109/19 1151/1121/19
f 1139/1109/19 1150/1120/19 1152/1122/19
f 1151/1121/19 1139/1109/19 1153/1123/19
f 1139/1109/19 1152/1122/19 1154/1124/19
f 1153/1123/19 1139/1109/19 1155/1125/19
f 1139/1109/19 1154/1124/19 1156/1126/19
f 1155/1125/19 1139/1109/19 1157/1127/19
f 1139/1109/19 1156/1126/19 1158/1128/19
f 1157/1127/19 1139/1109/19 1159/1129/19
f 1139/1109/19 1158/1128/19 1160/1130/19
f 1159/1129/19 1139/1109/19 1161/1131/19
f 1139/1109/19 1160/1130/19 1162/1132/19
f 1139/1109/19 1162/1132/19 1161/1131/19
f 1163/1133/520 906/856/521 1164/1134/521
f 1165/1135/522 1166/1136/523 1162/1132/522
f 1162/1132/522 1166/1136/523 1161/1131/523
f 1161/1131/523 1166/1136/523 1167/1137/524
f 1161/1131/523 1167/1137/524 1159/1129/524
f 1165/1135/522 1162/1132/522 1160/1130/525
f 1165/1135/522 1160/1130/525 1168/1138/525
f 1168/1138/525 1160/1130/525 1158/1128/526
f 1168/1138/525 1158/1128/526 1169/1139/526
f 1169/1139/526 1158/1128/526 1156/1126/527
f 1169/1139/526 1156/1126/527 1170/1140/527
f 1170/1140/527 1156/1126/527 1154/1124/528
f 1170/1140/527 1154/1124/528 1171/1141/528
f 1171/1141/528 1154/1124/528 1152/1122/529
f 1171/1141/528 1152/1122/529 1172/1142/529
f 1172/1142/529 1152/1122/529 1150/1120/530
f 1172/1142/529 1150/1120/530 1173/1143/530
f 1173/1143/530 1150/1120/530 1148/1118/531
f 1173/1143/530 1148/1118/531 1174/1144/531
f 1174/1144/531 1148/1118/531 1146/1116/532
f 1174/1144/531 1146/1116/532 1175/1145/532
f 1175/1145/532 1146/1116/532 1144/1114/533
f 1175/1145/532 1144/1114/533 1176/1146/533
f 1176/1146/533 1144/1114/533 1142/1112/534
f 1176/1146/533 1142/1112/534 1177/1147/534
f 1177/1147/534 1142/1112/534 1138/1108/535
f 1177/1147/534 1138/1108/535 1178/1148/535
f 1178/1148/535 1138/1108/535 1140/1110/536
f 1178/1148/535 1140/1110/536 1179/1149/536
f 1179/1149/536 1140/1110/536 1141/1111/537
f 1179/1149/536 1141/1111/537 1180/1150/537
f 1180/1150/537 1141/1111/537 1143/1113/538
f 1180/1150/537 1143/1113/538 1181/1151/538
f 1182/1152/539 1183/1153/539 1184/1154/540
f 1182/1152/539 1184/1154/540 36/1155/540
f 1182/1152/539 36/1155/540 35/1156/541
f 1185/1157/382 1186/1158/542 1187/1159/543
f 1188/1160/544 1189/1161/544 1190/1162/545
f 1190/1162/545 1189/1161/544 1191/1163/545
f 1190/1162/545 1191/1163/545 1192/1164/546
f 1190/1162/545 1192/1164/546 1193/1165/546
f 1193/1165/546 1192/1164/546 836/787/344
f 836/787/344 1192/1164/546 837/788/344
f 1194/1166/547 810/762/370 809/761/370
f 1194/1166/547 809/761/370 1195/1167/370
f 1159/1129/524 1167/1137/524 1196/1168/548
f 1159/1129/524 1196/1168/548 1157/1127/548
f 1157/1127/548 1196/1168/548 1197/1169/549
f 1157/1127/548 1197/1169/549 1155/1125/549
f 1155/1125/549 1197/1169/549 1198/1170/550
f 1155/1125/549 1198/1170/550 1153/1123/550
f 1153/1123/550 1198/1170/550 1199/1171/551
f 1153/1123/550 1199/1171/551 1151/1121/551
f 1151/1121/551 1199/1171/551 1200/1172/552
f 1151/1121/551 1200/1172/552 1149/1119/552
f 1149/1119/552 1200/1172/552 1201/1173/553
f 1149/1119/552 1201/1173/553 1147/1117/553
f 1147/1117/553 1201/1173/553 1202/1174/554
f 1147/1117/553 1202/1174/554 1145/1115/554
f 1145/1115/554 1202/1174/554 1181/1151/538
f 1145/1115/554 1181/1151/538 1143/1113/538
f 1203/1175/90 1204/1176/90 1205/1177/90
f 1205/1177/90 1204/1176/90 1206/1178/90
f 1164/1134/521 906/856/521 1207/1179/555
f 1207/1179/555 906/856/521 909/859/555
f 1207/1179/555 909/859/555 1208/1180/556
f 1208/1180/556 909/859/555 910/860/556
f 1208/1180/556 910/860/556 1209/1181/556
f 1208/1180/556 1209/1181/556 1210/1182/556
f 1210/1182/556 1209/1181/556 1211/1183/557
f 1210/1182/556 1211/1183/557 1212/1184/557
f 1212/1184/557 1211/1183/557 1213/1185/558
f 1212/1184/557 1213/1185/558 1214/1186/558
f 1214/1186/558 1213/1185/558 1215/1187/559
f 1214/1186/558 1215/1187/559 1216/1188/559
f 1216/1188/559 1215/1187/559 1217/1189/520
f 1217/1189/520 1215/1187/559 1218/1190/520
f 1217/1189/520 1218/1190/520 1219/1191/556
f 1217/1189/520 1219/1191/556 1220/1192/556
f 1221/1193/560 1078/1036/560 1222/1194/560
f 1222/1194/560 1078/1036/560 1223/1195/19
f 1223/1195/19 1078/1036/560 1224/1196/560
f 1224/1196/560 1078/1036/560 1225/1197/560
f 1223/1195/19 1224/1196/560 1226/1198/19
f 1225/1197/560 1078/1036/560 1075/1033/19
f 1223/1195/19 1226/1198/19 1227/1199/19
f 1225/1197/560 1075/1033/19 1228/1200/19
f 1227/1199/19 1226/1198/19 1229/1201/19
f 1228/1200/19 1075/1033/19 1073/1031/19
f 1227/1199/19 1229/1201/19 1230/1202/19
f 1228/1200/19 1073/1031/19 1071/1029/19
f 1230/1202/19 1229/1201/19 1231/1203/19
f 1228/1200/19 1071/1029/19 1232/1204/19
f 1231/1203/19 1229/1201/19 1233/1205/19
f 1232/1204/19 1071/1029/19 1069/1027/19
f 1231/1203/19 1233/1205/19 1234/1206/19
f 1232/1204/19 1069/1027/19 1235/1207/19
f 1234/1206/19 1233/1205/19 1236/1208/19
f 1235/1207/19 1069/1027/19 1237/1209/19
f 1234/1206/19 1236/1208/19 1238/1210/19
f 1237/1209/19 1069/1027/19 1068/1025/19
f 1234/1206/19 1238/1210/19 1239/1211/19
f 1237/1209/19 1068/1025/19 1240/1212/19
f 1239/1211/19 1238/1210/19 1241/1213/19
f 1240/1212/19 1068/1025/19 1242/1214/19
f 1239/1211/19 1241/1213/19 1243/1215/19
f 1242/1214/19 1068/1025/19 1067/1023/19
f 1239/1211/19 1243/1215/19 1244/1216/19
f 1242/1214/19 1067/1023/19 1066/1021/19
f 1244/1216/19 1243/1215/19 1062/1017/19
f 1242/1214/19 1066/1021/19 1245/1217/19
f 1062/1017/19 1243/1215/19 1246/1218/19
f 1245/1217/19 1066/1021/19 1065/1020/19
f 1062/1017/19 1246/1218/19 1063/1018/19
f 1245/1217/19 1065/1020/19 1247/1219/19
f 1063/1018/19 1246/1218/19 1247/1219/19
f 1247/1219/19 1065/1020/19 1064/1019/19
f 1247/1219/19 1064/1019/19 1063/1018/19
f 1248/1220/3 1249/1221/18 1206/1178/3
f 1206/1178/3 1249/1221/18 1205/1177/18
f 1250/1222/18 1205/1223/18 1249/1224/18
f 1205/1223/18 1250/1222/18 848/1225/19
f 1205/1223/18 848/1225/19 850/801/19
f 1206/1223/3 1251/1222/3 1248/1224/3
f 1251/1222/3 1206/1223/3 855/1225/19
f 855/1225/19 1206/1223/3 854/801/19
f 1252/1226/540 1253/1227/539 1254/1228/540
f 1254/1228/540 1253/1227/539 1255/1229/539
f 1256/1230/561 828/784/562 1257/1231/561
f 1257/1231/561 828/784/562 1258/1232/562
f 1258/1232/562 828/784/562 826/782/563
f 1258/1232/562 826/782/563 1259/1233/563
f 1259/1233/563 826/782/563 823/778/564
f 1259/1233/563 823/778/564 1260/1234/564
f 1260/1234/564 823/778/564 822/777/565
f 1260/1234/564 822/777/565 1261/1235/565
f 1262/1236/252 1263/1237/566 887/837/252
f 887/837/252 1263/1237/566 885/835/566
f 1262/1236/252 887/837/252 889/839/567
f 885/835/566 1263/1237/566 1264/1238/568
f 1262/1236/252 889/839/567 1265/1239/567
f 885/835/566 1264/1238/568 882/832/568
f 1265/1239/567 889/839/567 890/840/569
f 882/832/568 1264/1238/568 1266/1240/570
f 1265/1239/567 890/840/569 1267/1241/569
f 882/832/568 1266/1240/570 881/831/570
f 881/831/570 1266/1240/570 315/281/82
f 881/831/570 315/281/82 314/280/82
f 1267/1241/569 890/840/569 892/842/569
f 1267/1241/569 892/842/569 1268/1242/569
f 1268/1242/569 892/842/569 895/845/571
f 1268/1242/569 895/845/571 1269/1243/571
f 1269/1243/571 895/845/571 897/847/572
f 1269/1243/571 897/847/572 1270/1244/572
f 1270/1244/572 897/847/572 899/849/573
f 1270/1244/572 899/849/573 1271/1245/573
f 1271/1245/573 899/849/573 901/851/574
f 1271/1245/573 901/851/574 1272/1246/574
f 1272/1246/574 901/851/574 902/852/557
f 1272/1246/574 902/852/557 1273/1247/557
f 1273/1247/557 902/852/557 905/855/520
f 1273/1247/557 905/855/520 1163/1133/520
f 1163/1133/520 905/855/520 906/856/521
f 1274/1248/575 821/776/575 1275/1249/576
f 1275/1249/576 821/776/575 819/773/576
f 1275/1249/576 819/773/576 1276/1250/577
f 1276/1250/577 819/773/576 816/770/577
f 1276/1250/577 816/770/577 1277/1251/578
f 1277/1251/578 816/770/577 815/769/578
f 1277/1251/578 815/769/578 1278/1252/579
f 1278/1252/579 815/769/578 1279/1253/579
f 1280/1254/96 1281/1255/96 1282/1256/94
f 1282/1256/94 1281/1255/96 1283/1257/94
f 1282/1256/94 1283/1257/94 1284/1258/90
f 1284/1258/90 1283/1257/94 1285/1259/90
f 1284/1258/90 1285/1259/90 1286/1260/93
f 1286/1260/93 1285/1259/90 1287/1261/93
f 1286/1260/93 1287/1261/93 1288/1262/97
f 1288/1262/97 1287/1261/93 1289/1263/97
f 1288/1262/97 1289/1263/97 1290/1264/19
f 1290/1264/19 1289/1263/97 1291/1265/19
f 1290/1264/19 1291/1265/19 1292/1266/103
f 1292/1266/103 1291/1265/19 1293/1267/103
f 1292/1266/103 1293/1267/103 1294/1268/84
f 1294/1268/84 1293/1267/103 1295/1269/84
f 1294/1268/84 1295/1269/84 1296/1270/110
f 1296/1270/110 1295/1269/84 1297/1271/110
f 1296/1270/110 1297/1271/110 1298/1272/107
f 1298/1272/107 1297/1271/110 1299/1273/107
f 1298/1272/107 1299/1273/107 1300/1274/106
f 1300/1274/106 1299/1273/107 1301/1275/106
f 1302/1276/580 1303/1277/580 1304/1278/581
f 1304/1278/581 1303/1277/580 1305/1279/581
f 1306/1280/582 1307/1281/583 1225/1197/582
f 1225/1197/582 1307/1281/583 1224/1196/583
f 1224/1196/583 1307/1281/583 1226/1198/584
f 1226/1198/584 1307/1281/583 1308/1282/584
f 1226/1198/584 1308/1282/584 1229/1201/585
f 1229/1201/585 1308/1282/584 1309/1283/585
f 1229/1201/585 1309/1283/585 1233/1205/178
f 1233/1205/178 1309/1283/585 1310/1284/178
f 1233/1205/178 1310/1284/178 1236/1208/586
f 1236/1208/586 1310/1284/178 1311/1285/586
f 1236/1208/586 1311/1285/586 1238/1210/587
f 1238/1210/587 1311/1285/586 1312/1286/587
f 1238/1210/587 1312/1286/587 1241/1213/588
f 1241/1213/588 1312/1286/587 1313/1287/588
f 1241/1213/588 1313/1287/588 1243/1215/589
f 1243/1215/589 1313/1287/588 1314/1288/589
f 1243/1215/589 1314/1288/589 1246/1218/590
f 1246/1218/590 1314/1288/589 1315/1289/590
f 1246/1218/590 1315/1289/590 1247/1219/591
f 1247/1219/591 1315/1289/590 1316/1290/591
f 1247/1219/591 1316/1290/591 1317/1291/592
f 1247/1219/591 1317/1291/592 1245/1217/592
f 1318/1292/16 1319/1293/16 1320/1294/593
f 1319/1293/16 1318/1292/16 1321/1295/594
f 1321/1295/594 1318/1292/16 1322/1296/594
f 1320/1294/593 1319/1293/16 1323/1297/593
f 1320/1294/593 1323/1297/593 1324/1298/595
f 1324/1298/595 1323/1297/593 1325/1299/595
f 1324/1298/595 1325/1299/595 1326/1300/596
f 1326/1300/596 1325/1299/595 1327/1301/596
f 1326/1300/596 1327/1301/596 1328/1302/597
f 1328/1302/597 1327/1301/596 1329/1303/597
f 1328/1302/597 1329/1303/597 1330/1304/598
f 1330/1304/598 1329/1303/597 1331/1305/598
f 1330/1304/598 1331/1305/598 1332/1306/599
f 1332/1306/599 1331/1305/598 1333/1307/599
f 1332/1306/599 1333/1307/599 1334/1308/600
f 1334/1308/600 1333/1307/599 1335/1309/600
f 1334/1308/600 1335/1309/600 1336/1310/601
f 1336/1310/601 1335/1309/600 1337/1311/601
f 1336/1310/601 1337/1311/601 1338/1312/602
f 1338/1312/602 1337/1311/601 1339/1313/602
f 1340/1314/603 1341/1315/604 1342/1316/604
f 1342/1316/604 1341/1315/604 1343/1317/605
f 470/428/110 821/1318/110 471/429/110
f 471/429/110 821/1318/110 822/1319/110
f 1344/1320/107 1345/1321/606 1346/1322/607
f 228/196/30 107/89/29 1347/1323/457
f 228/196/30 1347/1323/457 1348/1324/608
f 1347/1323/457 107/89/29 1349/1325/609
f 1349/1325/609 107/89/29 106/87/609
f 1348/1324/608 1347/1323/457 1350/1326/608
f 1348/1324/608 1350/1326/608 1351/1327/610
f 1351/1327/610 1350/1326/608 1352/1327/610
f 1351/1327/610 1352/1327/610 1353/1328/611
f 1353/1328/611 1352/1327/610 1354/1328/611
f 1353/1328/611 1354/1328/611 1355/1329/612
f 1355/1329/612 1354/1328/611 1356/1330/612
f 1355/1329/612 1356/1330/612 1357/1331/613
f 1357/1331/613 1356/1330/612 1358/1332/613
f 1359/1333/614 1360/1334/615 450/408/614
f 450/408/614 1360/1334/615 452/410/615
f 452/410/615 1360/1334/615 1361/1335/616
f 452/410/615 1361/1335/616 1362/1336/616
f 1362/1336/616 1361/1335/616 961/1337/386
f 1362/1336/616 961/1337/386 751/1338/386
f 756/1339/389 964/1340/389 1363/1341/617
f 1363/1341/617 964/1340/389 1364/1342/617
f 1363/1341/617 1364/1342/617 445/403/618
f 445/403/618 1364/1342/617 1365/1343/618
f 445/403/618 1365/1343/618 446/404/619
f 446/404/619 1365/1343/618 1366/1344/619
f 1306/1280/582 1225/1197/582 1228/1200/620
f 1306/1280/582 1228/1200/620 1367/1345/620
f 1367/1345/620 1228/1200/620 1232/1204/460
f 1367/1345/620 1232/1204/460 1368/1346/460
f 1368/1346/460 1232/1204/460 1235/1207/621
f 1368/1346/460 1235/1207/621 1369/1347/621
f 1369/1347/621 1235/1207/621 1237/1209/622
f 1369/1347/621 1237/1209/622 1370/1348/622
f 1370/1348/622 1237/1209/622 1240/1212/623
f 1370/1348/622 1240/1212/623 1371/1349/623
f 1371/1349/623 1240/1212/623 1242/1214/624
f 1371/1349/623 1242/1214/624 1372/1350/624
f 1372/1350/624 1242/1214/624 1245/1217/592
f 1372/1350/624 1245/1217/592 1317/1291/592
f 1096/1057/19 1204/1176/19 1094/1055/19
f 1094/1055/19 1204/1176/19 1203/1175/19
f 1373/1351/13 1374/1352/13 1375/1353/13
f 1375/1353/13 1374/1352/13 1376/1354/13
f 1373/1351/13 1375/1353/13 1377/1355/13
f 1376/1354/13 1374/1352/13 1378/1356/13
f 1373/1351/13 1377/1355/13 1379/1357/14
f 1376/1354/13 1378/1356/13 1380/1358/13
f 1379/1357/14 1377/1355/13 1381/1359/16
f 1380/1358/13 1378/1356/13 1382/1360/13
f 1380/1358/13 1382/1360/13 1383/1361/13
f 1383/1361/13 1382/1360/13 1384/1362/13
f 1379/1357/14 1381/1359/16 1385/1363/14
f 1385/1363/14 1381/1359/16 1386/1364/13
f 1386/1364/13 1381/1359/16 1387/1365/13
f 1386/1364/13 1387/1365/13 1388/1366/13
f 1388/1366/13 1387/1365/13 1389/1367/13
f 1388/1366/13 1389/1367/13 1390/1368/625
f 1390/1368/625 1389/1367/13 1391/1369/14
f 1390/1368/625 1391/1369/14 1392/1370/14
f 1390/1368/625 1392/1370/14 1393/1371/626
f 1390/1368/625 1393/1371/626 1394/1372/104
f 1394/1372/104 1393/1371/626 1395/1373/104
f 1394/1372/104 1395/1373/104 1396/1374/327
f 1394/1372/104 1396/1374/327 1397/1375/327
f 1397/1375/327 1396/1374/327 1398/1376/110
f 1397/1375/327 1398/1376/110 1399/1377/110
f 1400/1378/627 1401/1379/627 1402/1380/90
f 1402/1380/90 1401/1379/627 1403/1381/90
f 1404/1382/628 1231/1203/628 1405/1383/629
f 1405/1383/629 1231/1203/628 1234/1206/629
f 1405/1383/629 1234/1206/629 1189/1384/630
f 1189/1384/630 1234/1206/629 1239/1211/630
f 1189/1384/630 1239/1211/630 1191/1385/631
f 1191/1385/631 1239/1211/630 1244/1216/631
f 1191/1385/631 1244/1216/631 1192/1386/469
f 1192/1386/469 1244/1216/631 1062/1017/469
f 1192/1386/469 1062/1017/469 837/1016/468
f 1406/1387/632 421/374/633 776/1388/337
f 1407/1389/90 731/1390/316 420/373/634
f 421/374/90 420/373/90 776/1388/90
f 776/1388/90 420/373/90 731/1390/90
f 949/899/635 1408/1391/635 950/900/636
f 950/900/636 1408/1391/635 1409/1392/636
f 1408/1391/635 949/899/635 1410/1393/637
f 950/900/636 1409/1392/636 1411/1394/638
f 1410/1393/637 949/899/635 941/891/637
f 950/900/636 1411/1394/638 953/903/638
f 1410/1393/637 941/891/637 1412/1395/639
f 953/903/638 1411/1394/638 1413/1396/640
f 1412/1395/639 941/891/637 939/889/639
f 953/903/638 1413/1396/640 954/904/640
f 1412/1395/639 939/889/639 1414/1397/641
f 954/904/640 1413/1396/640 1415/1398/640
f 1414/1397/641 939/889/639 935/885/641
f 1415/1398/640 1413/1396/640 1416/1399/640
f 1414/1397/641 935/885/641 1417/1400/642
f 1415/1398/640 1416/1399/640 1418/1401/637
f 1417/1400/642 935/885/641 931/881/642
f 1418/1401/637 1416/1399/640 1419/1402/637
f 1417/1400/642 931/881/642 1420/1403/643
f 1418/1401/637 1419/1402/637 1421/1404/644
f 1420/1403/643 931/881/642 927/877/643
f 1421/1404/644 1419/1402/637 1422/1405/644
f 1420/1403/643 927/877/643 1423/1406/645
f 1421/1404/644 1422/1405/644 1424/1407/646
f 1423/1406/645 927/877/643 921/871/645
f 1424/1407/646 1422/1405/644 1425/1408/646
f 1423/1406/645 921/871/645 1426/1409/645
f 1424/1407/646 1425/1408/646 1427/1410/635
f 1426/1409/645 921/871/645 917/867/645
f 1424/1407/646 1427/1410/635 1428/1411/635
f 1428/1411/635 1427/1410/635 1429/1412/640
f 1429/1412/640 1427/1410/635 1430/1413/640
f 1426/1409/645 917/867/645 1431/1414/647
f 1431/1414/647 917/867/645 915/865/647
f 1431/1414/647 915/865/647 1432/1415/43
f 1432/1415/43 915/865/647 913/863/43
f 1432/1415/43 913/863/43 1433/1416/648
f 1433/1416/648 913/863/43 916/866/648
f 1433/1416/648 916/866/648 1434/1417/115
f 1434/1417/115 916/866/648 920/870/115
f 1434/1417/115 920/870/115 1435/1418/649
f 1435/1418/649 920/870/115 926/876/649
f 1435/1418/649 926/876/649 1436/1419/650
f 1436/1419/650 926/876/649 930/880/650
f 1436/1419/650 930/880/650 1437/1420/651
f 1437/1420/651 930/880/650 932/882/651
f 1437/1420/651 932/882/651 1438/1421/652
f 1438/1421/652 932/882/651 938/888/652
f 1438/1421/652 938/888/652 1439/1422/125
f 1439/1422/125 938/888/652 942/892/125
f 1439/1422/125 942/892/125 1440/1423/128
f 1440/1423/128 942/892/125 944/894/128
f 1440/1423/128 944/894/128 948/898/610
f 1440/1423/128 948/898/610 1441/1424/610
f 1442/1425/653 1077/1035/653 1221/1193/653
f 1221/1193/653 1077/1035/653 1078/1036/653
f 1222/1194/654 1223/1195/654 1443/1426/654
f 1443/1426/654 1223/1195/654 1444/1427/654
f 1445/1428/14 1446/1429/655 1447/1430/14
f 1447/1430/14 1446/1429/655 1448/1431/655
f 1445/1428/14 1447/1430/14 1449/1432/656
f 1448/1431/655 1446/1429/655 1450/1433/657
f 1445/1428/14 1449/1432/656 1451/1434/656
f 1451/1434/656 1449/1432/656 1452/1435/658
f 1451/1434/656 1452/1435/658 1453/1436/658
f 1448/1431/655 1450/1433/657 1454/1437/657
f 1454/1437/657 1450/1433/657 1455/1438/659
f 1454/1437/657 1455/1438/659 1456/1439/659
f 1456/1439/659 1455/1438/659 1457/1440/660
f 1456/1439/659 1457/1440/660 1458/1441/660
f 1458/1441/660 1457/1440/660 1459/1442/661
f 1458/1441/660 1459/1442/661 1460/1443/661
f 1460/1443/661 1459/1442/661 1461/1444/662
f 1460/1443/661 1461/1444/662 1462/1445/662
f 1462/1445/662 1461/1444/662 1463/1446/663
f 1462/1445/662 1463/1446/663 1464/1447/663
f 1464/1447/663 1463/1446/663 1465/1448/664
f 1464/1447/663 1465/1448/664 1466/1449/664
f 1466/1449/664 1465/1448/664 1467/1450/665
f 1466/1449/664 1467/1450/665 1468/1451/665
f 817/1452/110 827/1453/110 815/1454/340
f 815/1454/340 827/1453/110 828/1455/340
f 815/1454/340 828/1455/340 1279/1456/666
f 1279/1456/666 828/1455/340 1256/1457/666
f 447/1458/129 1469/1459/667 445/403/129
f 445/403/129 1469/1459/667 1363/1341/667
f 1363/1341/667 1469/1459/667 756/1339/326
f 756/1339/326 1469/1459/667 753/1460/326
f 451/1461/132 452/410/132 1469/1462/667
f 1469/1462/667 452/410/132 1362/1336/667
f 1469/1462/667 1362/1336/667 751/1338/326
f 1469/1462/667 751/1338/326 753/1463/326
f 1186/1158/668 1470/1464/668 1187/1159/669
f 1471/1465/670 1472/1466/670 1473/1467/670
f 1473/1467/670 1472/1466/670 1474/1468/670
f 1474/1468/670 1472/1466/670 1475/1469/670
f 1473/1467/670 1474/1468/670 1476/1470/670
f 1474/1468/670 1475/1469/670 1477/1471/670
f 1476/1470/670 1474/1468/670 1478/1472/671
f 1474/1468/670 1477/1471/670 1479/1473/670
f 1478/1472/671 1474/1468/670 1480/1474/671
f 1474/1468/670 1479/1473/670 1481/1475/670
f 1480/1474/671 1474/1468/670 1482/1476/670
f 1474/1468/670 1481/1475/670 1483/1477/670
f 1482/1476/670 1474/1468/670 1484/1478/670
f 1474/1468/670 1483/1477/670 1485/1479/670
f 1484/1478/670 1474/1468/670 1486/1480/670
f 1474/1468/670 1485/1479/670 1487/1481/670
f 1486/1480/670 1474/1468/670 1488/1482/670
f 1474/1468/670 1487/1481/670 1489/1483/671
f 1488/1482/670 1474/1468/670 1490/1484/670
f 1474/1468/670 1489/1483/671 1491/1485/671
f 1474/1468/670 1491/1485/671 1490/1484/670
f 396/362/114 397/363/115 883/833/115
f 883/833/115 397/363/115 1492/1486/648
f 883/833/115 1492/1486/648 884/834/648
f 884/834/648 1492/1486/648 1493/1487/43
f 884/834/648 1493/1487/43 886/836/43
f 886/836/43 1493/1487/43 1494/1488/647
f 886/836/43 1494/1488/647 888/838/647
f 888/838/647 1494/1488/647 1495/1489/645
f 888/838/647 1495/1489/645 891/841/645
f 891/841/645 1495/1489/645 1496/1490/645
f 891/841/645 1496/1490/645 893/843/645
f 893/843/645 1496/1490/645 1497/1491/643
f 893/843/645 1497/1491/643 894/844/643
f 894/844/643 1497/1491/643 1498/1492/642
f 894/844/643 1498/1492/642 896/846/642
f 896/846/642 1498/1492/642 1499/1493/641
f 896/846/642 1499/1493/641 898/848/641
f 898/848/641 1499/1493/641 1500/1494/639
f 898/848/641 1500/1494/639 900/850/639
f 900/850/639 1500/1494/639 1501/1495/637
f 900/850/639 1501/1495/637 903/853/637
f 903/853/637 1501/1495/637 1502/1496/635
f 903/853/637 1502/1496/635 904/854/635
f 904/854/635 1502/1496/635 1503/1497/636
f 904/854/635 1503/1497/636 907/857/636
f 907/857/636 1503/1497/636 1504/1498/672
f 907/857/636 1504/1498/672 908/858/672
f 908/858/672 1504/1498/672 965/1499/390
f 908/858/672 965/1499/390 911/861/390
f 1505/1500/673 1506/1501/674 1507/1502/673
f 1505/1500/673 1507/1502/673 1508/1503/675
f 1507/1502/673 1506/1501/674 1509/1504/674
f 1508/1503/675 1507/1502/673 1510/1505/675
f 1509/1504/674 1506/1501/674 1511/1506/676
f 1508/1503/675 1510/1505/675 1512/1507/279
f 1509/1504/674 1511/1506/676 1513/1508/676
f 1513/1508/676 1511/1506/676 1514/1509/187
f 1514/1509/187 1511/1506/676 1515/1509/489
f 1508/1503/675 1512/1507/279 1516/1510/279
f 1516/1510/279 1512/1507/279 1517/1511/677
f 1517/1511/677 1512/1507/279 1518/1512/677
f 1517/1511/677 1518/1512/677 1519/1513/678
f 1517/1511/677 1519/1513/678 1520/1514/678
f 1520/1514/678 1519/1513/678 1521/1515/679
f 1520/1514/678 1521/1515/679 1522/1516/679
f 1522/1516/679 1521/1515/679 1523/1517/680
f 1522/1516/679 1523/1517/680 1524/1518/680
f 1524/1518/680 1523/1517/680 1525/1519/681
f 1524/1518/680 1525/1519/681 1526/1520/681
f 1526/1520/681 1525/1519/681 1527/1521/682
f 1526/1520/681 1527/1521/682 1528/1522/682
f 1528/1522/682 1527/1521/682 1529/1523/683
f 1528/1522/682 1529/1523/683 1530/1524/684
f 1531/1525/685 1532/1526/685 1533/1527/686
f 1533/1527/686 1532/1526/685 1534/1528/686
f 1532/1526/685 1531/1525/685 1535/1529/687
f 1533/1527/686 1534/1528/686 1536/1530/688
f 1535/1529/687 1531/1525/685 1537/1531/687
f 1536/1530/688 1534/1528/686 1538/1532/688
f 1536/1530/688 1538/1532/688 1539/1533/689
f 1539/1533/689 1538/1532/688 1540/1534/690
f 1535/1529/687 1537/1531/687 1541/1535/691
f 1541/1535/691 1537/1531/687 1542/1536/691
f 1541/1535/691 1542/1536/691 1543/1537/692
f 1543/1537/692 1542/1536/691 1544/1538/692
f 1543/1537/692 1544/1538/692 1545/1539/68
f 1543/1537/692 1545/1539/68 1546/1540/68
f 1546/1540/68 1545/1539/68 1547/1541/693
f 1547/1541/693 1545/1539/68 1548/1542/693
f 1547/1541/693 1548/1542/693 1549/1543/694
f 1547/1541/693 1549/1543/694 1550/1544/694
f 1550/1544/694 1549/1543/694 1551/1545/695
f 1551/1545/695 1549/1543/694 1552/1546/695
f 1551/1545/695 1552/1546/695 1553/1547/696
f 1553/1547/696 1552/1546/695 1554/1548/696
f 1553/1547/696 1554/1548/696 1555/1549/452
f 1553/1547/696 1555/1549/452 1556/1550/518
f 1557/1551/697 1558/1552/698 1559/1553/699
f 1559/1553/699 1558/1552/698 1560/1554/698
f 1558/1552/698 1557/1551/697 10/1555/700
f 1560/1554/698 1558/1552/698 1561/1556/701
f 1558/1552/698 10/1555/700 16/1557/702
f 1561/1556/701 1558/1552/698 1562/1558/703
f 1562/1558/703 1558/1552/698 16/1557/702
f 1561/1556/701 1562/1558/703 1563/1559/704
f 1562/1558/703 16/1557/702 18/1560/705
f 1563/1559/704 1562/1558/703 1564/1561/706
f 1564/1561/706 1562/1558/703 18/1560/705
f 1563/1559/704 1564/1561/706 1565/1562/707
f 1564/1561/706 18/1560/705 22/1563/708
f 1565/1562/707 1564/1561/706 1566/1564/709
f 1566/1564/709 1564/1561/706 22/1563/708
f 1565/1562/707 1566/1564/709 1567/1565/710
f 1566/1564/709 22/1563/708 26/1566/711
f 1567/1565/710 1566/1564/709 1568/1567/712
f 1568/1567/712 1566/1564/709 26/1566/711
f 1567/1565/710 1568/1567/712 1569/1568/713
f 1568/1567/712 26/1566/711 30/1569/714
f 1569/1568/713 1568/1567/712 1570/1570/713
f 1570/1570/713 1568/1567/712 30/1569/714
f 1569/1568/713 1570/1570/713 1184/1571/540
f 1570/1570/713 30/1569/714 34/1572/715
f 1184/1571/540 1570/1570/713 36/1573/540
f 36/1573/540 1570/1570/713 34/1572/715
f 1530/1574/684 1571/1575/716 1572/1576/90
f 1571/1575/716 1530/1574/684 1529/1574/683
f 1571/1575/716 1529/1574/683 1573/1577/717
f 1573/1577/717 1529/1574/683 1574/1578/717
f 1573/1577/717 1574/1578/717 1575/1579/199
f 1575/1579/199 1574/1578/717 1576/1580/199
f 1575/1579/199 1576/1580/199 1577/1581/718
f 1575/1579/199 1577/1581/718 1578/1582/718
f 1578/1582/718 1577/1581/718 1579/1583/719
f 1579/1583/719 1577/1581/718 1580/1584/719
f 1579/1583/719 1580/1584/719 1581/1585/720
f 1579/1583/719 1581/1585/720 1582/1586/720
f 1582/1586/720 1581/1585/720 1583/1587/721
f 1582/1586/720 1583/1587/721 1584/1588/721
f 1584/1588/721 1583/1587/721 1585/1589/614
f 1584/1588/721 1585/1589/614 1586/1590/614
f 1586/1590/614 1585/1589/614 1514/1591/187
f 1586/1590/614 1514/1591/187 1587/1592/722
f 1587/1592/722 1514/1591/187 1515/1591/489
f 1588/1593/672 1556/1594/518 1555/1595/452
f 1588/1593/672 1555/1595/452 1589/1596/619
f 1589/1596/619 1555/1595/452 1590/1597/619
f 1589/1596/619 1590/1597/619 1591/1598/723
f 1591/1598/723 1590/1597/619 1592/1599/723
f 1591/1598/723 1592/1599/723 1593/1600/724
f 1593/1600/724 1592/1599/723 1594/1601/724
f 1593/1600/724 1594/1601/724 1595/1602/725
f 1595/1602/725 1594/1601/724 1596/1603/725
f 1595/1602/725 1596/1603/725 1597/1604/726
f 1595/1602/725 1597/1604/726 1598/1605/726
f 1598/1605/726 1597/1604/726 1599/1606/400
f 1599/1606/400 1597/1604/726 1600/1607/400
f 1599/1606/400 1600/1607/400 1601/1608/727
f 1599/1606/400 1601/1608/727 1602/1609/727
f 1602/1609/727 1601/1608/727 1539/1610/689
f 1602/1609/727 1539/1610/689 1603/1611/728
f 1604/1612/729 1178/1148/729 1605/1613/341
f 1605/1613/341 1178/1148/729 1179/1149/341
f 1605/1613/341 1179/1149/341 1606/1614/730
f 1606/1614/730 1179/1149/341 1180/1150/730
f 1178/1148/729 1604/1612/729 1177/1147/731
f 1177/1147/731 1604/1612/729 1607/1615/731
f 1177/1147/731 1607/1615/731 1176/1146/732
f 1176/1146/732 1607/1615/731 1608/1616/732
f 1176/1146/732 1608/1616/732 1175/1145/733
f 1175/1145/733 1608/1616/732 1609/1617/733
f 1175/1145/733 1609/1617/733 1174/1144/734
f 1174/1144/734 1609/1617/733 1610/1618/734
f 1174/1144/734 1610/1618/734 1173/1143/735
f 1173/1143/735 1610/1618/734 1611/1619/735
f 1173/1143/735 1611/1619/735 1172/1142/736
f 1172/1142/736 1611/1619/735 1612/1620/736
f 1172/1142/736 1612/1620/736 1171/1141/737
f 1171/1141/737 1612/1620/736 1613/1621/737
f 1171/1141/737 1613/1621/737 1170/1140/738
f 1170/1140/738 1613/1621/737 1614/1622/738
f 1170/1140/738 1614/1622/738 1169/1139/739
f 1169/1139/739 1614/1622/738 1615/1623/739
f 1169/1139/739 1615/1623/739 1168/1138/740
f 1168/1138/740 1615/1623/739 1616/1624/740
f 1168/1138/740 1616/1624/740 1165/1135/370
f 1165/1135/370 1616/1624/740 1617/1625/370
f 1165/1135/370 1617/1625/370 1166/1136/741
f 1166/1136/741 1617/1625/370 1618/1626/741
f 919/869/569 1619/1627/569 914/864/567
f 914/864/567 1619/1627/569 1620/1628/567
f 1619/1627/569 919/869/569 1621/1629/569
f 914/864/567 1620/1628/567 912/862/252
f 1621/1629/569 919/869/569 923/873/569
f 912/862/252 1620/1628/567 1622/1630/252
f 1621/1629/569 923/873/569 1623/1631/571
f 912/862/252 1622/1630/252 918/868/566
f 1623/1631/571 923/873/569 925/875/571
f 918/868/566 1622/1630/252 1624/1632/566
f 1623/1631/571 925/875/571 1625/1633/572
f 918/868/566 1624/1632/566 922/872/568
f 1625/1633/572 925/875/571 929/879/572
f 922/872/568 1624/1632/566 1626/1634/568
f 1625/1633/572 929/879/572 1627/1635/573
f 922/872/568 1626/1634/568 924/874/742
f 1627/1635/573 929/879/572 933/883/573
f 924/874/742 1626/1634/568 1628/1636/742
f 1627/1635/573 933/883/573 1629/1637/574
f 924/874/742 1628/1636/742 928/878/743
f 1629/1637/574 933/883/573 937/887/574
f 928/878/743 1628/1636/742 1630/1638/743
f 1629/1637/574 937/887/574 1631/1639/557
f 928/878/743 1630/1638/743 1632/1640/744
f 1631/1639/557 937/887/574 943/893/557
f 928/878/743 1632/1640/744 934/884/744
f 1631/1639/557 943/893/557 1633/1641/520
f 934/884/744 1632/1640/744 936/886/492
f 1633/1641/520 943/893/557 945/895/520
f 936/886/492 1632/1640/744 1634/1642/492
f 1633/1641/520 945/895/520 1635/1643/521
f 936/886/492 1634/1642/492 940/890/117
f 1635/1643/521 945/895/520 951/901/521
f 940/890/117 1634/1642/492 1636/1644/117
f 1635/1643/521 951/901/521 1637/1645/722
f 940/890/117 1636/1644/117 946/896/745
f 946/896/745 1636/1644/117 1638/1646/745
f 946/896/745 1638/1646/745 947/897/289
f 1637/1645/722 951/901/521 952/902/722
f 1637/1645/722 952/902/722 966/1647/391
f 966/1647/391 952/902/722 955/905/391
f 28/1648/746 24/1649/747 1639/1650/748
f 1639/1650/748 24/1649/747 1640/1651/749
f 1640/1651/749 24/1649/747 20/1652/750
f 28/1648/746 1639/1650/748 1641/1653/751
f 1639/1650/748 1640/1651/749 1642/1654/752
f 1639/1650/748 1642/1654/752 1643/1655/751
f 1639/1650/748 1643/1655/751 1641/1653/751
f 1642/1654/752 1640/1651/749 1644/1656/753
f 1641/1653/751 1643/1655/751 1183/1153/539
f 28/1648/746 1641/1653/751 32/1657/754
f 1641/1653/751 1183/1153/539 1182/1152/539
f 1641/1653/751 1182/1152/539 32/1657/754
f 32/1657/754 1182/1152/539 35/1156/541
f 1644/1656/753 1640/1651/749 1645/1658/755
f 1645/1658/755 1640/1651/749 20/1652/750
f 1644/1656/753 1645/1658/755 1646/1659/755
f 1645/1658/755 20/1652/750 14/1660/756
f 1646/1659/755 1645/1658/755 1647/1661/757
f 1647/1661/757 1645/1658/755 14/1660/756
f 1646/1659/755 1647/1661/757 1648/1662/757
f 1647/1661/757 14/1660/756 12/1663/758
f 1648/1662/757 1647/1661/757 1649/1664/759
f 1647/1661/757 12/1663/758 1650/1665/760
f 1647/1661/757 1650/1665/760 1649/1664/759
f 1547/1541/761 1651/1666/761 1546/1540/762
f 1651/1666/761 1547/1541/761 1550/1544/763
f 1651/1666/761 1550/1544/763 1652/1667/763
f 1546/1540/762 1651/1666/761 1653/1668/762
f 1546/1540/762 1653/1668/762 1654/1669/764
f 1546/1540/762 1654/1669/764 1543/1537/764
f 1543/1537/764 1654/1669/764 1655/1670/765
f 1543/1537/764 1655/1670/765 1541/1535/765
f 1541/1535/765 1655/1670/765 1535/1529/766
f 1535/1529/766 1655/1670/765 1656/1671/766
f 1535/1529/766 1656/1671/766 1532/1526/767
f 1532/1526/767 1656/1671/766 1657/1672/767
f 1532/1526/767 1657/1672/767 1534/1528/768
f 1534/1528/768 1657/1672/767 1658/1673/768
f 1534/1528/768 1658/1673/768 1538/1532/769
f 1538/1532/769 1658/1673/768 1659/1674/769
f 1538/1532/769 1659/1674/769 1660/1675/770
f 1538/1532/769 1660/1675/770 1540/1534/770
f 1540/1534/770 1660/1675/770 1661/1676/771
f 1540/1534/770 1661/1676/771 1662/1677/772
f 1662/1677/772 1661/1676/771 1663/1678/773
f 1664/1679/596 1665/1680/596 1666/1681/774
f 1666/1681/774 1665/1680/596 1667/1682/774
f 1666/1681/774 1667/1682/774 1668/1683/775
f 1668/1683/775 1667/1682/774 1669/1684/776
f 1670/1685/777 1671/1686/778 1672/1687/779
f 1671/1686/778 1670/1685/777 1673/1688/777
f 1673/1688/777 1670/1685/777 1674/1689/780
f 1673/1688/777 1674/1689/780 1675/1690/780
f 1603/1611/728 1539/1610/689 1540/1691/690
f 1603/1611/728 1540/1691/690 1662/1692/90
f 1676/1693/781 1677/1694/782 1678/1695/328
f 1195/1696/370 809/760/370 1679/1697/783
f 1679/1697/783 809/760/370 808/758/369
f 1679/1697/783 808/758/369 1133/1101/784
f 1679/1697/783 1133/1101/784 1680/1698/785
f 1679/1697/783 1680/1698/785 1681/1699/786
f 1681/1699/786 1680/1698/785 1682/1700/263
f 1681/1699/786 1682/1700/263 1683/1701/54
f 1681/1699/786 1683/1701/54 1684/1702/54
f 1685/1703/787 1686/1704/54 1687/1705/788
f 1685/1703/787 1687/1705/788 1194/1166/547
f 1194/1166/547 1687/1705/788 1134/1102/789
f 1194/1166/547 1134/1102/789 810/762/370
f 408/374/90 407/373/90 835/1388/90
f 835/1388/90 407/373/90 800/1390/90
f 1688/1387/90 408/374/633 835/1388/337
f 1689/1389/90 800/1390/316 407/373/634
f 1679/1697/90 1681/1699/90 1195/1696/90
f 1195/1696/90 1681/1699/90 1684/1702/90
f 1684/1706/90 1685/1703/90 1195/1167/90
f 1195/1167/90 1685/1703/90 1194/1166/90
f 1485/1479/790 1690/1707/790 1691/1708/791
f 1485/1479/790 1691/1708/791 1487/1481/791
f 1487/1481/791 1691/1708/791 1692/1709/792
f 1487/1481/791 1692/1709/792 1489/1483/792
f 1489/1483/792 1692/1709/792 1693/1710/793
f 1489/1483/792 1693/1710/793 1491/1485/793
f 1491/1485/793 1693/1710/793 1694/1711/794
f 1491/1485/793 1694/1711/794 1490/1484/794
f 1490/1484/794 1694/1711/794 1695/1712/795
f 1490/1484/794 1695/1712/795 1488/1482/795
f 1488/1482/795 1695/1712/795 1696/1713/796
f 1488/1482/795 1696/1713/796 1486/1480/796
f 1486/1480/796 1696/1713/796 1697/1714/797
f 1486/1480/796 1697/1714/797 1484/1478/797
f 1484/1478/797 1697/1714/797 1698/1715/798
f 1484/1478/797 1698/1715/798 1482/1476/798
f 1482/1476/798 1698/1715/798 1699/1716/596
f 1482/1476/798 1699/1716/596 1480/1474/596
f 1480/1474/596 1699/1716/596 1700/1717/799
f 1480/1474/596 1700/1717/799 1478/1472/799
f 1478/1472/799 1700/1717/799 1701/1718/800
f 1478/1472/799 1701/1718/800 1476/1470/800
f 1702/1719/801 1703/1720/801 1704/1721/697
f 1704/1721/697 1703/1720/801 1705/1722/697
f 1704/1721/697 1705/1722/697 1706/1723/701
f 1706/1723/701 1705/1722/697 1707/1724/703
f 1706/1723/701 1707/1724/703 1708/1725/802
f 1708/1725/802 1707/1724/703 1709/1726/802
f 1708/1725/802 1709/1726/802 1710/1727/707
f 1710/1727/707 1709/1726/802 1711/1728/707
f 1710/1727/707 1711/1728/707 1712/1729/712
f 1712/1729/712 1711/1728/707 1713/1730/712
f 1712/1729/712 1713/1730/712 1714/1731/713
f 1714/1731/713 1713/1730/712 1715/1732/713
f 1714/1731/713 1715/1732/713 1254/1733/540
f 1254/1733/540 1715/1732/713 1252/1734/540
f 1716/1735/803 1717/1736/803 1718/1737/803
f 1717/1736/803 1716/1735/803 1719/1738/803
f 1716/1735/803 1718/1737/803 1720/1739/803
f 1719/1738/803 1716/1735/803 1721/1740/803
f 1716/1735/803 1720/1739/803 1722/1741/803
f 1721/1740/803 1716/1735/803 1723/1742/803
f 1716/1735/803 1722/1741/803 1724/1743/803
f 1723/1742/803 1716/1735/803 1725/1744/803
f 1716/1735/803 1724/1743/803 1726/1745/803
f 1725/1744/803 1716/1735/803 1727/1746/803
f 1716/1735/803 1726/1745/803 1728/1747/803
f 1727/1746/803 1716/1735/803 1729/1748/803
f 1716/1735/803 1728/1747/803 1730/1749/803
f 1729/1748/803 1716/1735/803 1731/1750/803
f 1716/1735/803 1730/1749/803 1732/1751/803
f 1716/1735/803 1732/1751/803 1731/1750/803
f 1733/1752/804 1734/1753/805 1735/1754/806
f 1734/1753/805 1733/1752/804 1736/1755/710
f 1735/1754/806 1734/1753/805 1737/1756/807
f 1737/1756/807 1734/1753/805 1738/1757/808
f 1735/1754/806 1737/1756/807 1739/1758/809
f 1737/1756/807 1738/1757/808 1740/1759/808
f 1735/1754/806 1739/1758/809 1741/1760/809
f 1740/1759/808 1738/1757/808 1742/1761/810
f 1741/1760/809 1739/1758/809 1743/1762/811
f 1740/1759/808 1742/1761/810 1744/1763/810
f 1741/1760/809 1743/1762/811 1745/1764/811
f 1744/1763/810 1742/1761/810 1746/1765/805
f 1745/1764/811 1743/1762/811 1747/1766/605
f 1744/1763/810 1746/1765/805 1748/1767/805
f 1745/1764/811 1747/1766/605 1749/1768/605
f 1748/1767/805 1746/1765/805 1750/1769/812
f 1749/1768/605 1747/1766/605 1751/1770/813
f 1748/1767/805 1750/1769/812 1752/1771/812
f 1749/1768/605 1751/1770/813 1753/1772/813
f 1753/1772/813 1751/1770/813 1754/1773/813
f 1753/1772/813 1754/1773/813 1755/1774/813
f 1755/1774/813 1754/1773/813 1756/1775/814
f 1755/1774/813 1756/1775/814 1757/1776/814
f 1757/1776/814 1756/1775/814 1758/1777/604
f 1757/1776/814 1758/1777/604 1759/1778/604
f 1759/1778/604 1758/1777/604 1760/1779/815
f 1759/1778/604 1760/1779/815 1761/1780/815
f 1761/1780/815 1760/1779/815 1762/1781/816
f 1761/1780/815 1762/1781/816 1763/1782/816
f 1763/1782/816 1762/1781/816 1764/1783/817
f 1763/1782/816 1764/1783/817 1765/1784/817
f 1765/1784/817 1764/1783/817 1766/1785/818
f 1765/1784/817 1766/1785/818 1767/1786/818
f 1767/1786/818 1766/1785/818 1768/1787/819
f 1767/1786/818 1768/1787/819 1769/1788/819
f 1769/1788/819 1768/1787/819 1770/1789/820
f 1769/1788/819 1770/1789/820 1771/1790/820
f 1771/1790/820 1770/1789/820 1772/1791/821
f 1771/1790/820 1772/1791/821 1773/1792/821
f 1773/1792/821 1772/1791/821 1774/1793/820
f 1773/1792/821 1774/1793/820 1775/1794/820
f 1775/1794/820 1774/1793/820 1776/1795/822
f 1775/1794/820 1776/1795/822 1777/1796/822
f 1777/1796/822 1776/1795/822 1778/1797/823
f 1777/1796/822 1778/1797/823 1779/1798/824
f 1752/1771/812 1750/1769/812 1778/1797/823
f 1778/1797/823 1750/1769/812 1780/1799/825
f 1778/1797/823 1780/1799/825 1779/1798/824
f 1779/1798/824 1780/1799/825 1781/1800/826
f 1779/1798/824 1781/1800/826 1782/1801/826
f 1782/1801/826 1781/1800/826 1783/1802/827
f 1782/1801/826 1783/1802/827 1784/1803/827
f 1784/1803/827 1783/1802/827 1785/1804/828
f 1784/1803/827 1785/1804/828 1786/1805/828
f 1786/1805/828 1785/1804/828 1787/1806/829
f 1786/1805/828 1787/1806/829 1788/1807/829
f 1788/1807/829 1787/1806/829 211/1808/830
f 1788/1807/829 211/1808/830 1789/1809/830
f 1789/1809/830 211/1808/830 220/1810/831
f 1789/1809/830 220/1810/831 519/1811/831
f 1790/1812/832 1791/1813/833 1481/1475/832
f 1481/1475/832 1791/1813/833 1483/1477/833
f 1483/1477/833 1791/1813/833 1690/1707/790
f 1483/1477/833 1690/1707/790 1485/1479/790
f 1790/1812/832 1481/1475/832 1479/1473/834
f 1790/1812/832 1479/1473/834 1792/1814/834
f 1792/1814/834 1479/1473/834 1477/1471/835
f 1792/1814/834 1477/1471/835 1793/1815/835
f 1793/1815/835 1477/1471/835 1475/1469/836
f 1793/1815/835 1475/1469/836 1794/1816/836
f 1794/1816/836 1475/1469/836 1472/1466/837
f 1794/1816/836 1472/1466/837 1795/1817/837
f 1795/1817/837 1472/1466/837 1471/1465/838
f 1795/1817/837 1471/1465/838 1796/1818/838
f 1796/1818/838 1471/1465/838 1473/1467/780
f 1796/1818/838 1473/1467/780 1797/1819/780
f 1797/1819/780 1473/1467/780 1476/1470/800
f 1797/1819/780 1476/1470/800 1701/1718/800
f 1798/1736/839 1799/1735/839 1800/1737/839
f 1800/1737/839 1799/1735/839 1801/1739/839
f 1799/1735/839 1798/1736/839 1802/1738/839
f 1801/1739/839 1799/1735/839 1803/1741/839
f 1799/1735/839 1802/1738/839 1804/1740/839
f 1803/1741/839 1799/1735/839 1805/1743/839
f 1799/1735/839 1804/1740/839 1806/1742/839
f 1805/1743/839 1799/1735/839 1807/1745/839
f 1799/1735/839 1806/1742/839 1808/1744/839
f 1807/1745/839 1799/1735/839 1809/1747/839
f 1799/1735/839 1808/1744/839 1810/1746/839
f 1809/1747/839 1799/1735/839 1811/1749/839
f 1799/1735/839 1810/1746/839 1812/1748/839
f 1811/1749/839 1799/1735/839 1813/1751/839
f 1799/1735/839 1812/1748/839 1814/1750/839
f 1799/1735/839 1814/1750/839 1813/1751/839
f 1663/1820/773 1815/1821/773 1662/1692/772
f 1662/1692/772 1815/1821/773 1816/1822/840
f 1662/1692/772 1816/1822/840 1603/1611/841
f 1603/1611/841 1816/1822/840 1817/1823/841
f 1603/1611/841 1817/1823/841 1818/1824/842
f 1603/1611/841 1818/1824/842 1602/1609/842
f 1602/1609/842 1818/1824/842 1819/1825/843
f 1602/1609/842 1819/1825/843 1599/1606/843
f 1599/1606/843 1819/1825/843 1598/1605/844
f 1598/1605/844 1819/1825/843 1820/1826/844
f 1598/1605/844 1820/1826/844 1821/1827/3
f 1598/1605/844 1821/1827/3 1595/1602/3
f 1595/1602/3 1821/1827/3 1822/1828/845
f 1595/1602/3 1822/1828/845 1593/1600/845
f 1593/1600/845 1822/1828/845 1591/1598/846
f 1591/1598/846 1822/1828/845 1823/1829/846
f 1591/1598/846 1823/1829/846 1824/1830/847
f 1591/1598/846 1824/1830/847 1589/1596/847
f 1825/1831/848 1524/1518/848 1526/1520/849
f 1825/1831/848 1526/1520/849 1826/1832/849
f 1826/1832/849 1526/1520/849 1528/1522/850
f 1826/1832/849 1528/1522/850 1827/1833/850
f 1827/1833/850 1528/1522/850 1828/1834/851
f 1828/1834/851 1528/1522/850 1530/1524/851
f 1828/1834/851 1530/1524/851 1829/1835/852
f 1829/1835/852 1530/1524/851 1572/1836/853
f 1829/1835/852 1572/1836/853 1830/1837/854
f 1831/1838/855 1832/1839/771 1833/1840/855
f 1833/1840/855 1832/1839/771 1834/1841/771
f 1834/1841/771 1832/1839/771 1835/1842/856
f 1834/1841/771 1835/1842/856 1836/1843/856
f 1837/1844/857 963/1103/857 1687/1705/857
f 1687/1705/857 963/1103/857 1134/1102/857
f 1133/1101/858 962/1100/858 1680/1698/858
f 1680/1698/858 962/1100/858 1838/1845/858
f 1839/1846/540 1840/1847/540 1841/1848/540
f 1841/1848/540 1840/1847/540 1842/1849/540
f 1843/1850/540 1844/1851/540 1845/1852/540
f 1845/1852/540 1844/1851/540 1846/1853/540
f 1847/1854/90 1848/1855/90 180/143/90
f 180/143/90 1848/1855/90 178/141/90
f 178/141/90 1848/1855/90 176/139/344
f 176/139/344 1848/1855/90 1849/1856/344
f 1850/1857/852 1851/1858/852 1852/1859/859
f 1852/1859/859 1851/1858/852 1853/1860/859
f 1255/1229/539 1253/1227/539 1854/1861/751
f 1255/1229/539 1854/1861/751 1855/1862/751
f 1855/1862/751 1854/1861/751 1856/1863/748
f 1855/1862/751 1856/1863/748 1857/1864/748
f 1857/1864/748 1856/1863/748 1858/1865/749
f 1857/1864/748 1858/1865/749 1859/1866/749
f 1859/1866/749 1858/1865/749 1860/1867/755
f 1859/1866/749 1860/1867/755 1861/1868/755
f 1861/1868/755 1860/1867/755 1862/1869/760
f 1861/1868/755 1862/1869/760 1863/1870/760
f 1863/1870/760 1862/1869/760 1864/1871/759
f 1863/1870/760 1864/1871/759 1865/1872/759
f 1866/1873/860 1867/1874/861 1868/1875/862
f 1869/1876/863 1870/1877/864 1571/1575/863
f 1869/1876/863 1571/1575/863 1871/1878/865
f 1871/1878/865 1571/1575/863 1573/1577/865
f 1571/1575/863 1870/1877/864 1572/1576/853
f 1572/1576/853 1870/1877/864 1872/1879/854
f 1572/1576/853 1872/1879/854 1830/1880/854
f 1359/1881/614 450/1882/614 1873/1883/866
f 1873/1883/866 450/1882/614 1874/1884/866
f 1873/1883/866 1874/1884/866 326/292/866
f 1873/1883/866 326/292/866 1875/1885/866
f 1875/1885/866 326/292/866 324/290/867
f 1875/1885/866 324/290/867 1876/1886/867
f 1876/1886/867 324/290/867 321/287/868
f 1876/1886/867 321/287/868 1877/1887/868
f 1877/1887/868 321/287/868 317/283/869
f 1877/1887/868 317/283/869 1878/1888/869
f 1878/1888/869 317/283/869 1879/1889/870
f 1879/1889/870 317/283/869 319/285/870
f 1879/1889/870 319/285/870 1880/1890/870
f 1879/1889/870 1880/1890/870 1881/1891/870
f 1881/1891/870 1880/1890/870 874/1892/871
f 1881/1891/870 874/1892/871 1882/1893/871
f 1883/1894/671 1884/1895/670 1885/1896/671
f 1885/1896/671 1884/1895/670 1886/1897/670
f 1886/1897/670 1884/1895/670 1887/1898/670
f 1886/1897/670 1887/1898/670 1888/1899/670
f 1888/1899/670 1887/1898/670 1889/1900/670
f 1888/1899/670 1889/1900/670 1890/1901/670
f 1890/1901/670 1889/1900/670 1891/1902/670
f 1890/1901/670 1891/1902/670 1892/1903/670
f 1892/1903/670 1891/1902/670 1893/1904/670
f 1893/1904/670 1891/1902/670 1894/1905/670
f 1893/1904/670 1894/1905/670 1895/1906/670
f 1893/1904/670 1895/1906/670 1896/1907/670
f 1896/1907/670 1895/1906/670 1897/1908/670
f 1896/1907/670 1897/1908/670 1898/1909/670
f 1898/1909/670 1897/1908/670 1899/1910/670
f 1898/1909/670 1899/1910/670 1900/1911/670
f 1901/1912/872 864/1913/872 1902/1914/873
f 1902/1914/873 864/1913/872 1903/1915/873
f 1902/1914/873 1903/1915/873 1904/1916/873
f 1904/1916/873 1903/1915/873 388/354/873
f 1904/1916/873 388/354/873 387/353/874
f 1904/1916/873 387/353/874 1905/1917/874
f 1905/1917/874 387/353/874 1906/1918/875
f 1906/1918/875 387/353/874 390/356/875
f 1906/1918/875 390/356/875 1907/1919/876
f 1907/1919/876 390/356/875 393/359/876
f 1907/1919/876 393/359/876 1908/1920/877
f 1908/1920/877 393/359/876 685/643/877
f 1908/1920/877 685/643/877 1909/1921/877
f 1909/1921/877 685/643/877 1910/1922/877
f 1909/1921/877 1910/1922/877 446/1923/619
f 1909/1921/877 446/1923/619 1366/1924/619
f 1606/1614/730 1180/1150/730 1911/1925/878
f 1911/1925/878 1180/1150/730 1181/1151/878
f 1911/1925/878 1181/1151/878 1912/1926/879
f 1912/1926/879 1181/1151/878 1202/1174/879
f 1912/1926/879 1202/1174/879 1913/1927/880
f 1913/1927/880 1202/1174/879 1201/1173/880
f 1913/1927/880 1201/1173/880 1914/1928/881
f 1914/1928/881 1201/1173/880 1200/1172/881
f 1914/1928/881 1200/1172/881 1915/1929/882
f 1915/1929/882 1200/1172/881 1199/1171/882
f 1915/1929/882 1199/1171/882 1916/1930/883
f 1916/1930/883 1199/1171/882 1198/1170/883
f 1916/1930/883 1198/1170/883 1917/1931/884
f 1917/1931/884 1198/1170/883 1197/1169/884
f 1917/1931/884 1197/1169/884 1918/1932/885
f 1918/1932/885 1197/1169/884 1196/1168/885
f 1918/1932/885 1196/1168/885 1919/1933/886
f 1919/1933/886 1196/1168/885 1167/1137/886
f 1919/1933/886 1167/1137/886 1618/1626/741
f 1618/1626/741 1167/1137/886 1166/1136/741
f 177/1934/887 1920/1935/887 179/1936/888
f 179/1936/888 1920/1935/887 1921/1937/888
f 179/1936/888 1921/1937/888 181/1938/90
f 181/1938/90 1921/1937/888 1922/1939/90
f 181/1938/90 1922/1939/90 1923/1940/90
f 1924/1941/887 1925/1942/889 1926/1943/890
f 1926/1943/890 1925/1942/889 1927/1944/891
f 1928/1945/803 1929/1946/803 1930/1947/803
f 1928/1945/803 1930/1947/803 1931/1948/803
f 1930/1947/803 1929/1946/803 1932/1949/803
f 1931/1948/803 1930/1947/803 1933/1950/803
f 1932/1949/803 1929/1946/803 1934/1951/803
f 1931/1948/803 1933/1950/803 1935/1952/803
f 1931/1948/803 1935/1952/803 1936/1953/803
f 1936/1953/803 1935/1952/803 1937/1428/803
f 1934/1951/803 1929/1946/803 1938/1954/803
f 1934/1951/803 1938/1954/803 1939/1955/803
f 1934/1951/803 1939/1955/803 1940/1956/803
f 1940/1956/803 1939/1955/803 1941/1957/803
f 1941/1957/803 1939/1955/803 1942/1958/803
f 1941/1957/803 1942/1958/803 1943/1959/803
f 1941/1957/803 1943/1959/803 1944/1960/803
f 1944/1960/803 1943/1959/803 1945/1961/803
f 1944/1960/803 1945/1961/803 1946/1962/803
f 1946/1962/803 1945/1961/803 1947/1963/803
f 1947/1963/803 1945/1961/803 1948/1964/803
f 1947/1963/803 1948/1964/803 1949/1965/803
f 1947/1963/803 1949/1965/803 1950/1966/803
f 1950/1966/803 1949/1965/803 1951/1967/803
f 1951/1967/803 1949/1965/803 1952/1968/803
f 1951/1967/803 1952/1968/803 1953/1969/803
f 1954/1970/839 1955/1971/839 1956/1972/839
f 1954/1970/839 1956/1972/839 1957/1973/839
f 1956/1972/839 1955/1971/839 1958/1974/839
f 1957/1973/839 1956/1972/839 1959/1975/839
f 1958/1974/839 1955/1971/839 1960/1976/839
f 1957/1973/839 1959/1975/839 1961/1977/839
f 1957/1973/839 1961/1977/839 1962/1978/839
f 1962/1978/839 1961/1977/839 1963/1979/839
f 1960/1976/839 1955/1971/839 1964/1980/839
f 1960/1976/839 1964/1980/839 1965/1981/839
f 1965/1981/839 1964/1980/839 1966/1982/839
f 1965/1981/839 1966/1982/839 1967/1983/839
f 1965/1981/839 1967/1983/839 1968/1984/839
f 1968/1984/839 1967/1983/839 1969/1985/839
f 1969/1985/839 1967/1983/839 1970/1986/839
f 1969/1985/839 1970/1986/839 1971/1987/839
f 1969/1985/839 1971/1987/839 1972/1988/839
f 1972/1988/839 1971/1987/839 1973/1989/839
f 1973/1989/839 1971/1987/839 1974/1990/839
f 1973/1989/839 1974/1990/839 1975/1991/839
f 1973/1989/839 1975/1991/839 1976/1992/839
f 1976/1992/839 1975/1991/839 1977/1993/839
f 1977/1993/839 1975/1991/839 1978/1994/839
f 1977/1993/839 1978/1994/839 1979/1995/839
f 1952/1968/775 1672/1687/775 1953/1969/213
f 1953/1969/213 1672/1687/775 1980/1996/213
f 1672/1687/775 1952/1968/775 1670/1685/892
f 1670/1685/892 1952/1968/775 1949/1965/892
f 1670/1685/892 1949/1965/892 1674/1689/893
f 1674/1689/893 1949/1965/892 1948/1964/893
f 1674/1689/893 1948/1964/893 1981/1997/894
f 1981/1997/894 1948/1964/893 1945/1961/894
f 1981/1997/894 1945/1961/894 1982/1998/895
f 1982/1998/895 1945/1961/894 1943/1959/895
f 1982/1998/895 1943/1959/895 1983/1999/896
f 1983/1999/896 1943/1959/895 1942/1958/896
f 1983/1999/896 1942/1958/896 1984/2000/897
f 1984/2000/897 1942/1958/896 1939/1955/897
f 1984/2000/897 1939/1955/897 1985/2001/898
f 1985/2001/898 1939/1955/897 1938/1954/898
f 1985/2001/898 1938/1954/898 1986/2002/899
f 1986/2002/899 1938/1954/898 1929/1946/899
f 1986/2002/899 1929/1946/899 1987/2003/900
f 1987/2003/900 1929/1946/899 1928/1945/900
f 1987/2003/900 1928/1945/900 1453/1436/901
f 1453/1436/901 1928/1945/900 1931/1948/901
f 1453/1436/901 1931/1948/901 1451/1434/902
f 1451/1434/902 1931/1948/901 1936/1953/902
f 1451/1434/902 1936/1953/902 1445/1428/903
f 1445/1428/903 1936/1953/902 1937/1428/903
f 1445/1428/903 1937/1428/903 1446/1429/135
f 1446/1429/135 1937/1428/903 1935/1952/135
f 1446/1429/135 1935/1952/135 1450/1433/904
f 1450/1433/904 1935/1952/135 1933/1950/904
f 1450/1433/904 1933/1950/904 1455/1438/905
f 1455/1438/905 1933/1950/904 1930/1947/905
f 1455/1438/905 1930/1947/905 1457/1440/906
f 1457/1440/906 1930/1947/905 1932/1949/906
f 1457/1440/906 1932/1949/906 1459/1442/907
f 1459/1442/907 1932/1949/906 1934/1951/907
f 1459/1442/907 1934/1951/907 1461/1444/908
f 1461/1444/908 1934/1951/907 1940/1956/908
f 1461/1444/908 1940/1956/908 1463/1446/909
f 1463/1446/909 1940/1956/908 1941/1957/909
f 1463/1446/909 1941/1957/909 1465/1448/910
f 1465/1448/910 1941/1957/909 1944/1960/910
f 1465/1448/910 1944/1960/910 1467/1450/911
f 1467/1450/911 1944/1960/910 1946/1962/911
f 1467/1450/911 1946/1962/911 1988/2004/912
f 1988/2004/912 1946/1962/911 1947/1963/912
f 1988/2004/912 1947/1963/912 1989/2005/913
f 1989/2005/913 1947/1963/912 1950/1966/913
f 1989/2005/913 1950/1966/913 1990/2006/914
f 1990/2006/914 1950/1966/913 1951/1967/914
f 1990/2006/914 1951/1967/914 1980/2007/213
f 1980/2007/213 1951/1967/914 1953/1969/213
f 1345/1321/915 1991/2008/915 1346/1322/381
f 1346/1322/381 1991/2008/915 1992/2009/381
f 1993/2010/409 1669/2011/778 1963/1979/409
f 1963/1979/409 1669/2011/778 1962/1978/778
f 1962/1978/778 1669/2011/778 1667/1682/916
f 1962/1978/778 1667/1682/916 1957/1973/916
f 1957/1973/916 1667/1682/916 1665/1680/917
f 1957/1973/916 1665/1680/917 1954/1970/917
f 1954/1970/917 1665/1680/917 1339/1313/918
f 1954/1970/917 1339/1313/918 1955/1971/918
f 1955/1971/918 1339/1313/918 1337/1311/919
f 1955/1971/918 1337/1311/919 1964/1980/919
f 1964/1980/919 1337/1311/919 1335/1309/920
f 1964/1980/919 1335/1309/920 1966/1982/920
f 1966/1982/920 1335/1309/920 1333/1307/921
f 1966/1982/920 1333/1307/921 1967/1983/921
f 1967/1983/921 1333/1307/921 1331/1305/922
f 1967/1983/921 1331/1305/922 1970/1986/922
f 1970/1986/922 1331/1305/922 1329/1303/923
f 1970/1986/922 1329/1303/923 1971/1987/923
f 1971/1987/923 1329/1303/923 1327/1301/924
f 1971/1987/923 1327/1301/924 1974/1990/924
f 1974/1990/924 1327/1301/924 1325/1299/925
f 1974/1990/924 1325/1299/925 1975/1991/925
f 1975/1991/925 1325/1299/925 1323/1297/926
f 1975/1991/925 1323/1297/926 1978/1994/926
f 1978/1994/926 1323/1297/926 1319/1293/927
f 1978/1994/926 1319/1293/927 1979/1995/927
f 1979/1995/927 1319/1293/927 1321/1295/928
f 1979/1995/927 1321/1295/928 1977/1993/928
f 1977/1993/928 1321/1295/928 1994/2012/929
f 1977/1993/928 1994/2012/929 1976/1992/929
f 1976/1992/929 1994/2012/929 1995/2013/930
f 1976/1992/929 1995/2013/930 1973/1989/930
f 1973/1989/930 1995/2013/930 1996/2014/931
f 1973/1989/930 1996/2014/931 1972/1988/931
f 1972/1988/931 1996/2014/931 1997/2015/932
f 1972/1988/931 1997/2015/932 1969/1985/932
f 1969/1985/932 1997/2015/932 1998/2016/933
f 1969/1985/932 1998/2016/933 1968/1984/933
f 1968/1984/933 1998/2016/933 1999/2017/934
f 1968/1984/933 1999/2017/934 1965/1981/934
f 1965/1981/934 1999/2017/934 2000/2018/935
f 1965/1981/934 2000/2018/935 1960/1976/935
f 1960/1976/935 2000/2018/935 2001/2019/936
f 1960/1976/935 2001/2019/936 1958/1974/936
f 1958/1974/936 2001/2019/936 2002/2020/937
f 1958/1974/936 2002/2020/937 1956/1972/937
f 1956/1972/937 2002/2020/937 2003/2021/938
f 1956/1972/937 2003/2021/938 1959/1975/938
f 1959/1975/938 2003/2021/938 2004/2022/939
f 1959/1975/938 2004/2022/939 1961/1977/939
f 1961/1977/939 2004/2022/939 1993/2023/409
f 1961/1977/939 1993/2023/409 1963/1979/409
f 2005/2024/940 2006/2025/940 2007/2026/941
f 2007/2026/941 2006/2025/940 2008/2027/941
f 2007/2026/941 2008/2027/941 2009/2028/942
f 2007/2026/941 2009/2028/942 2010/2029/943
f 2010/2029/943 2009/2028/942 2011/2030/944
f 2010/2029/943 2011/2030/944 2012/2031/945
f 2012/2031/945 2011/2030/944 2013/2032/945
f 2012/2031/945 2013/2032/945 2014/2033/946
f 2014/2033/946 2013/2032/945 2015/2034/947
f 2014/2033/946 2015/2034/947 2016/2035/948
f 2014/2033/946 2016/2035/948 2017/2036/949
f 2016/2035/948 2015/2034/947 2018/2037/950
f 2017/2036/949 2016/2035/948 2019/2038/949
f 2018/2037/950 2015/2034/947 2020/2039/950
f 2017/2036/949 2019/2038/949 2021/2040/951
f 2018/2037/950 2020/2039/950 2022/2041/952
f 2021/2040/951 2019/2038/949 2023/2042/951
f 2022/2041/952 2020/2039/950 2024/2043/952
f 2021/2040/951 2023/2042/951 2025/2044/953
f 2022/2041/952 2024/2043/952 2026/2045/930
f 2025/2044/953 2023/2042/951 2027/2046/953
f 2026/2045/930 2024/2043/952 2028/2047/930
f 2025/2044/953 2027/2046/953 2029/2048/954
f 2026/2045/930 2028/2047/930 2030/2049/930
f 2025/2044/953 2029/2048/954 2031/2050/954
f 2030/2049/930 2028/2047/930 2032/2051/930
f 2031/2050/954 2029/2048/954 2033/2052/955
f 2030/2049/930 2032/2051/930 2034/2053/956
f 2031/2050/954 2033/2052/955 2035/2054/955
f 2034/2053/956 2032/2051/930 2036/2055/956
f 2034/2053/956 2036/2055/956 2037/2056/957
f 2037/2056/957 2036/2055/956 2038/2057/957
f 2037/2056/957 2038/2057/957 2039/2058/931
f 2039/2058/931 2038/2057/957 2040/2059/931
f 2039/2058/931 2040/2059/931 2041/2060/958
f 2041/2060/958 2040/2059/931 2042/2061/958
f 2041/2060/958 2042/2061/958 2043/2062/959
f 2043/2062/959 2042/2061/958 2044/2063/959
f 2043/2062/959 2044/2063/959 2045/2064/960
f 2045/2064/960 2044/2063/959 2046/2065/960
f 2045/2064/960 2046/2065/960 2047/2066/961
f 2047/2066/961 2046/2065/960 2048/2067/961
f 2047/2066/961 2048/2067/961 2049/2068/962
f 2049/2068/962 2048/2067/961 2050/2069/962
f 2049/2068/962 2050/2069/962 2051/2070/963
f 2051/2070/963 2050/2069/962 2052/2071/963
f 2051/2070/963 2052/2071/963 2053/2072/964
f 2053/2072/964 2052/2071/963 2054/2073/964
f 1249/1221/90 1248/1220/90 965/915/90
f 965/915/90 1248/1220/90 966/916/90
f 2055/2074/965 2056/2075/966 2057/2076/965
f 2055/2074/965 2057/2076/965 2058/2077/967
f 2057/2076/965 2056/2075/966 2059/2078/966
f 2058/2077/967 2057/2076/965 2060/2079/967
f 2059/2078/966 2056/2075/966 2061/2080/968
f 2058/2077/967 2060/2079/967 2062/2081/969
f 2061/2080/968 2056/2075/966 2063/2082/968
f 2058/2077/967 2062/2081/969 2064/2083/969
f 2061/2080/968 2063/2082/968 2065/2084/970
f 2064/2083/969 2062/2081/969 2066/2085/971
f 2065/2084/970 2063/2082/968 2067/2086/970
f 2066/2085/971 2062/2081/969 2068/2087/971
f 2065/2084/970 2067/2086/970 2069/2088/434
f 2066/2085/971 2068/2087/971 2070/2089/972
f 2070/2089/972 2068/2087/971 2071/2090/972
f 2070/2089/972 2071/2090/972 2072/2091/973
f 2069/2088/434 2067/2086/970 2073/2092/434
f 2069/2088/434 2073/2092/434 2074/2093/974
f 2069/2088/434 2074/2093/974 2075/2094/974
f 2075/2094/974 2074/2093/974 2076/2095/975
f 2076/2095/975 2074/2093/974 2077/2096/975
f 2076/2095/975 2077/2096/975 2078/2097/976
f 2076/2095/975 2078/2097/976 2079/2098/976
f 2079/2098/976 2078/2097/976 2080/2099/977
f 2079/2098/976 2080/2099/977 1815/2100/977
f 1815/2100/977 2080/2099/977 2081/2101/789
f 1815/2100/977 2081/2101/789 1816/2102/789
f 1816/2102/789 2081/2101/789 2082/2103/75
f 1816/2102/789 2082/2103/75 1817/2104/75
f 1817/2104/75 2082/2103/75 2083/2105/978
f 1817/2104/75 2083/2105/978 1818/1824/978
f 1818/1824/978 2083/2105/978 2084/2106/979
f 1818/1824/978 2084/2106/979 1819/1825/979
f 1819/1825/979 2084/2106/979 1820/1826/980
f 1820/1826/980 2084/2106/979 2085/2107/980
f 1820/1826/980 2085/2107/980 2086/2108/981
f 1820/1826/980 2086/2108/981 1821/1827/981
f 1821/1827/981 2086/2108/981 2087/2109/982
f 1821/1827/981 2087/2109/982 1822/1828/982
f 1822/1828/982 2087/2109/982 1823/1829/639
f 1823/1829/639 2087/2109/982 2088/2110/639
f 1823/1829/639 2088/2110/639 1824/1830/983
f 1824/1830/983 2088/2110/639 2089/2111/983
f 1824/1830/983 2089/2111/983 2090/2112/984
f 2090/2112/984 2089/2111/983 2091/2113/984
f 2090/2112/984 2091/2113/984 2092/2114/760
f 2090/2112/984 2092/2114/760 2093/2115/760
f 2093/2115/760 2092/2114/760 2094/2116/985
f 2093/2115/760 2094/2116/985 2095/2117/985
f 2095/2117/985 2094/2116/985 2072/2091/973
f 2095/2117/985 2072/2091/973 2096/2118/973
f 2097/2119/986 2098/2120/987 2099/2121/986
f 2099/2121/986 2098/2120/987 2100/2122/987
f 2097/2119/986 2099/2121/986 2101/2123/988
f 2100/2122/987 2098/2120/987 2102/2124/989
f 2097/2119/986 2101/2123/988 2103/2125/988
f 2102/2124/989 2098/2120/987 2104/2126/989
f 2103/2125/988 2101/2123/988 2105/2127/224
f 2102/2124/989 2104/2126/989 2106/2128/990
f 2103/2125/988 2105/2127/224 2107/2129/224
f 2102/2124/989 2106/2128/990 2108/2130/990
f 2107/2129/224 2105/2127/224 2109/2131/991
f 2108/2130/990 2106/2128/990 2110/2132/992
f 2109/2131/991 2105/2127/224 2111/2133/991
f 2110/2132/992 2106/2128/990 2112/2134/992
f 2109/2131/991 2111/2133/991 2113/2135/993
f 2110/2132/992 2112/2134/992 2114/2136/994
f 2109/2131/991 2113/2135/993 2115/2137/993
f 2110/2132/992 2114/2136/994 2116/2138/994
f 2115/2137/993 2113/2135/993 2117/2139/995
f 2116/2138/994 2114/2136/994 2118/2140/996
f 2117/2139/995 2113/2135/993 2119/2141/995
f 2116/2138/994 2118/2140/996 2120/2142/996
f 2117/2139/995 2119/2141/995 2121/2143/997
f 2120/2142/996 2118/2140/996 2122/2144/998
f 2121/2143/997 2119/2141/995 1872/2145/997
f 2120/2142/996 2122/2144/998 2123/2146/998
f 2121/2143/997 1872/2145/997 2124/2147/784
f 2123/2146/998 2122/2144/998 2125/2148/999
f 2124/2147/784 1872/2145/997 1870/2147/784
f 2125/2148/999 2122/2144/998 2126/2149/999
f 2124/2147/784 1870/2147/784 2127/2150/285
f 2125/2148/999 2126/2149/999 2128/2151/697
f 2127/2150/285 1870/2147/784 1869/2152/285
f 2128/2151/697 2126/2149/999 2129/2153/697
f 2127/2150/285 1869/2152/285 2130/2154/1000
f 2128/2151/697 2129/2153/697 2131/2155/1001
f 2130/2154/1000 1869/2152/285 1871/1878/1000
f 2131/2155/1001 2129/2153/697 2132/2156/1001
f 2130/2154/1000 1871/1878/1000 2133/2157/1002
f 2131/2155/1001 2132/2156/1001 2134/2158/1003
f 2133/2157/1002 1871/1878/1000 2135/2159/1002
f 2131/2155/1001 2134/2158/1003 2136/2160/1003
f 2133/2157/1002 2135/2159/1002 2137/2161/1004
f 2136/2160/1003 2134/2158/1003 2138/2162/574
f 2133/2157/1002 2137/2161/1004 2139/2163/1004
f 2136/2160/1003 2138/2162/574 2140/2164/574
f 2139/2163/1004 2137/2161/1004 2141/2165/1005
f 2140/2164/574 2138/2162/574 2142/2166/1006
f 2141/2165/1005 2137/2161/1004 2143/2167/1005
f 2141/2165/1005 2143/2167/1005 2142/2166/1006
f 2140/2164/574 2142/2166/1006 2144/2168/1006
f 2144/2168/1006 2142/2166/1006 2143/2167/1005
f 2145/2169/1007 2146/2170/1008 2147/2171/1008
f 2147/2171/1008 2146/2170/1008 2148/2172/829
f 2146/2170/1008 2145/2169/1007 2149/2173/1007
f 2147/2171/1008 2148/2172/829 2150/2174/829
f 2149/2173/1007 2145/2169/1007 2151/2175/1009
f 2150/2174/829 2148/2172/829 2152/2176/1010
f 2149/2173/1007 2151/2175/1009 2153/2177/1009
f 2150/2174/829 2152/2176/1010 2154/2178/1010
f 2153/2177/1009 2151/2175/1009 2155/2179/1011
f 2154/2178/1010 2152/2176/1010 2156/2180/1012
f 2153/2177/1009 2155/2179/1011 2157/2181/1011
f 2154/2178/1010 2156/2180/1012 2158/2182/1012
f 2157/2181/1011 2155/2179/1011 2159/2183/1013
f 2158/2182/1012 2156/2180/1012 2160/2184/1010
f 2157/2181/1011 2159/2183/1013 2161/2185/1013
f 2158/2182/1012 2160/2184/1010 2162/2186/1010
f 2161/2185/1013 2159/2183/1013 2163/2187/1014
f 2162/2186/1010 2160/2184/1010 2164/2188/910
f 2161/2185/1013 2163/2187/1014 2165/2189/1014
f 2162/2186/1010 2164/2188/910 2166/2190/910
f 2165/2189/1014 2163/2187/1014 2167/2191/1015
f 2166/2190/910 2164/2188/910 2168/2192/1016
f 2165/2189/1014 2167/2191/1015 2169/2193/1015
f 2166/2190/910 2168/2192/1016 2170/2194/1016
f 2169/2193/1015 2167/2191/1015 2171/2195/1017
f 2169/2193/1015 2171/2195/1017 2172/2195/1017
f 2172/2195/1017 2171/2195/1017 2173/2196/1018
f 2172/2195/1017 2173/2196/1018 2174/2197/1018
f 2174/2197/1018 2173/2196/1018 2175/2198/1019
f 2174/2197/1018 2175/2198/1019 2176/2199/1019
f 2176/2199/1019 2175/2198/1019 2177/2200/1020
f 2176/2199/1019 2177/2200/1020 2178/2201/1020
f 2178/2201/1020 2177/2200/1020 2179/2202/1021
f 2178/2201/1020 2179/2202/1021 2180/2203/1022
f 2180/2203/1022 2179/2202/1021 2181/2204/1023
f 2180/2203/1022 2181/2204/1023 2182/2205/1024
f 2182/2205/1024 2181/2204/1023 2183/2206/1025
f 2180/2203/1022 2182/2205/1024 2184/2207/1026
f 2182/2205/1024 2183/2206/1025 2185/2208/1027
f 2180/2203/1022 2184/2207/1026 2186/2209/1026
f 2186/2209/1026 2184/2207/1026 2187/2210/1028
f 2127/2150/1029 2130/2154/1030 2124/2147/1031
f 2124/2147/1031 2130/2154/1030 2107/2129/1030
f 2107/2129/1030 2130/2154/1030 2133/2157/1032
f 2124/2147/1031 2107/2129/1030 2109/2131/1033
f 2107/2129/1030 2133/2157/1032 2103/2125/1032
f 2124/2147/1031 2109/2131/1033 2115/2137/1033
f 2124/2147/1031 2115/2137/1033 2121/2143/1033
f 2121/2143/1033 2115/2137/1033 2117/2139/1034
f 2103/2125/1032 2133/2157/1032 2139/2163/1032
f 2103/2125/1032 2139/2163/1032 2097/2119/1032
f 2097/2119/1032 2139/2163/1032 2141/2165/1035
f 2097/2119/1032 2141/2165/1035 2098/2120/1035
f 2098/2120/1035 2141/2165/1035 2104/2126/1035
f 2104/2126/1035 2141/2165/1035 2142/2166/1035
f 2104/2126/1035 2142/2166/1035 2138/2162/1035
f 2104/2126/1035 2138/2162/1035 2106/2128/1035
f 2106/2128/1035 2138/2162/1035 2112/2134/1036
f 2112/2134/1036 2138/2162/1035 2134/2158/1036
f 2112/2134/1036 2134/2158/1036 2132/2156/1037
f 2112/2134/1036 2132/2156/1037 2114/2136/1038
f 2114/2136/1038 2132/2156/1037 2129/2153/1038
f 2114/2136/1038 2129/2153/1038 2126/2149/1039
f 2114/2136/1038 2126/2149/1039 2118/2140/1039
f 2118/2140/1039 2126/2149/1039 2122/2144/1040
f 2188/2211/1041 2011/2030/944 2009/2028/942
f 2188/2211/1041 2009/2028/942 2189/2212/1041
f 2188/2211/1041 2189/2212/1041 2190/2213/935
f 2190/2213/935 2189/2212/1041 2191/2214/935
f 2190/2213/935 2191/2214/935 2192/2215/1042
f 2192/2215/1042 2191/2214/935 2193/2216/1042
f 2192/2215/1042 2193/2216/1042 2194/2217/1043
f 2194/2217/1043 2193/2216/1042 2195/2218/1043
f 2194/2217/1043 2195/2218/1043 2196/2219/1042
f 2196/2219/1042 2195/2218/1043 2197/2220/1042
f 2196/2219/1042 2197/2220/1042 2198/2221/1044
f 2198/2221/1044 2197/2220/1042 2199/2222/1044
f 2198/2221/1044 2199/2222/1044 2200/2223/1045
f 2200/2223/1045 2199/2222/1044 2201/2224/1045
f 2200/2223/1045 2201/2224/1045 2202/2225/1046
f 2202/2225/1046 2201/2224/1045 2203/2226/1046
f 2202/2225/1046 2203/2226/1046 2204/2227/1047
f 2204/2227/1047 2203/2226/1046 2205/2228/1047
f 2204/2227/1047 2205/2228/1047 2206/2229/1048
f 2206/2229/1048 2205/2228/1047 2207/2230/1048
f 2206/2229/1048 2207/2230/1048 2208/2231/1049
f 2208/2231/1049 2207/2230/1048 2209/2232/1049
f 2208/2231/1049 2209/2232/1049 2210/2233/956
f 2210/2233/956 2209/2232/1049 2211/2234/956
f 2210/2233/956 2211/2234/956 2212/2235/1050
f 2212/2235/1050 2211/2234/956 2213/2236/1050
f 2212/2235/1050 2213/2236/1050 2214/2237/1051
f 2214/2237/1051 2213/2236/1050 2215/2238/1051
f 2214/2237/1051 2215/2238/1051 2216/2239/1052
f 2216/2239/1052 2215/2238/1051 2217/2240/1052
f 2216/2239/1052 2217/2240/1052 2218/2241/1053
f 2218/2241/1053 2217/2240/1052 2219/2242/1053
f 2218/2241/1053 2219/2242/1053 2220/2243/1054
f 2220/2243/1054 2219/2242/1053 2221/2244/1054
f 2220/2243/1054 2221/2244/1054 2222/2245/1055
f 2222/2245/1055 2221/2244/1054 2223/2246/1056
f 2222/2245/1055 2223/2246/1056 2224/2247/1057
f 2224/2247/1057 2223/2246/1056 2225/2248/1058
f 2224/2247/1057 2225/2248/1058 2226/2249/1059
f 2225/2248/1058 2223/2246/1056 2227/2250/1060
f 2227/2250/1060 2223/2246/1056 2228/2251/1060
f 2226/2249/1059 2225/2248/1058 2229/2252/1061
f 2227/2250/1060 2228/2251/1060 2230/2253/1062
f 2230/2253/1062 2228/2251/1060 2231/2254/1062
f 2230/2253/1062 2231/2254/1062 2232/2255/953
f 2230/2253/1062 2232/2255/953 2233/2256/953
f 2233/2256/953 2232/2255/953 2005/2024/940
f 2005/2024/940 2232/2255/953 2006/2025/940
f 2082/2103/1063 2081/2101/1064 2083/2105/1065
f 2083/2105/1065 2081/2101/1064 2073/2092/1065
f 2083/2105/1065 2073/2092/1065 2084/2106/1066
f 2073/2092/1065 2081/2101/1064 2074/2093/1067
f 2084/2106/1066 2073/2092/1065 2067/2086/1066
f 2074/2093/1067 2081/2101/1064 2077/2096/1067
f 2077/2096/1067 2081/2101/1064 2080/2099/1067
f 2077/2096/1067 2080/2099/1067 2078/2097/1068
f 2084/2106/1066 2067/2086/1066 2085/2107/1066
f 2085/2107/1066 2067/2086/1066 2063/2082/1066
f 2085/2107/1066 2063/2082/1066 2086/2108/1069
f 2086/2108/1069 2063/2082/1066 2056/2075/1069
f 2086/2108/1069 2056/2075/1069 2055/2074/1069
f 2086/2108/1069 2055/2074/1069 2087/2109/1069
f 2087/2109/1069 2055/2074/1069 2088/2110/1069
f 2088/2110/1069 2055/2074/1069 2058/2077/1069
f 2088/2110/1069 2058/2077/1069 2064/2083/1070
f 2088/2110/1069 2064/2083/1070 2089/2111/1070
f 2089/2111/1070 2064/2083/1070 2091/2113/1071
f 2091/2113/1071 2064/2083/1070 2066/2085/1072
f 2091/2113/1071 2066/2085/1072 2092/2114/1072
f 2092/2114/1072 2066/2085/1072 2094/2116/1073
f 2094/2116/1073 2066/2085/1072 2070/2089/1073
f 2094/2116/1073 2070/2089/1073 2072/2091/1074
f 2234/2257/1075 2053/2072/964 2054/2073/964
f 2234/2257/1075 2054/2073/964 2235/2258/1075
f 2234/2257/1075 2235/2258/1075 2236/2259/984
f 2236/2259/984 2235/2258/1075 2237/2260/984
f 2236/2259/984 2237/2260/984 2238/2261/936
f 2238/2261/936 2237/2260/984 2239/2262/936
f 2238/2261/936 2239/2262/936 2240/2263/1076
f 2238/2261/936 2240/2263/1076 2241/2264/1076
f 2241/2264/1076 2240/2263/1076 2242/2265/1077
f 2242/2265/1077 2240/2263/1076 2243/2266/943
f 2033/2052/955 2242/2265/1077 2035/2054/955
f 2035/2054/955 2242/2265/1077 2244/2267/1078
f 2244/2267/1078 2242/2265/1077 2243/2266/943
f 2244/2267/1078 2243/2266/943 1866/1873/860
f 1866/1873/860 2243/2266/943 2245/2268/1079
f 1866/1873/860 2245/2268/1079 1867/1874/861
f 1867/1874/861 2245/2268/1079 2246/2269/1080
f 2246/2269/1080 2245/2268/1079 2247/2270/1080
f 2246/2269/1080 2247/2270/1080 2248/2271/1081
f 2248/2271/1081 2247/2270/1080 2249/2272/1081
f 2248/2271/1081 2249/2272/1081 2250/2273/952
f 2250/2273/952 2249/2272/1081 2251/2274/952
f 2250/2273/952 2251/2274/952 2252/2275/1082
f 2252/2275/1082 2251/2274/952 2253/2276/1082
f 2252/2275/1082 2253/2276/1082 2254/2277/1082
f 2254/2277/1082 2253/2276/1082 2255/2278/1082
f 2254/2277/1082 2255/2278/1082 2256/2279/1083
f 2256/2279/1083 2255/2278/1082 2257/2280/1083
f 2256/2279/1083 2257/2280/1083 2258/2281/950
f 2258/2281/950 2257/2280/1083 2259/2282/950
f 2258/2281/950 2259/2282/950 2260/2283/1084
f 2260/2283/1084 2259/2282/950 2261/2284/1084
f 2260/2283/1084 2261/2284/1084 2262/2285/1085
f 2262/2285/1085 2261/2284/1084 2263/2286/1085
f 2262/2285/1085 2263/2286/1085 2264/2287/1086
f 2264/2287/1086 2263/2286/1085 2265/2288/1086
f 2264/2287/1086 2265/2288/1086 2266/2289/1087
f 2266/2289/1087 2265/2288/1086 2267/2290/1087
f 2266/2289/1087 2267/2290/1087 2268/2291/1088
f 2268/2291/1088 2267/2290/1087 2269/2292/1088
f 2268/2291/1088 2269/2292/1088 2270/2293/1089
f 2270/2293/1089 2269/2292/1088 2271/2294/1089
f 2270/2293/1089 2271/2294/1089 2272/2295/1090
f 2272/2295/1090 2271/2294/1089 2273/2296/1090
f 2272/2295/1090 2273/2296/1090 2274/2297/1089
f 2274/2297/1089 2273/2296/1090 2275/2298/1089
f 2274/2297/1089 2275/2298/1089 2276/2299/1091
f 2276/2299/1091 2275/2298/1089 2277/2300/1091
f 2276/2299/1091 2277/2300/1091 2278/2301/1092
f 2278/2301/1092 2277/2300/1091 2279/2302/1093
f 2278/2301/1092 2279/2302/1093 2280/2303/1094
f 2280/2303/1094 2279/2302/1093 2281/2304/1095
f 2278/2301/1092 2280/2303/1094 2282/2305/1096
f 2281/2304/1095 2279/2302/1093 2283/2306/1095
f 2278/2301/1092 2282/2305/1096 2284/2307/1096
f 2281/2304/1095 2283/2306/1095 2285/2308/1097
f 2284/2307/1096 2282/2305/1096 2286/2309/860
f 2285/2308/1097 2283/2306/1095 2287/2310/1097
f 2286/2309/860 2282/2305/1096 2288/2311/860
f 2285/2308/1097 2287/2310/1097 2289/2312/1098
f 2286/2309/860 2288/2311/860 2290/2313/1099
f 2289/2312/1098 2287/2310/1097 2291/2314/1098
f 2290/2313/1099 2288/2311/860 2292/2315/1099
f 2289/2312/1098 2291/2314/1098 2293/2316/1044
f 2290/2313/1099 2292/2315/1099 2294/2317/862
f 2294/2317/862 2292/2315/1099 1868/1875/862
f 2294/2317/862 1868/1875/862 1867/1874/861
f 2293/2316/1044 2291/2314/1098 2295/2318/1044
f 2293/2316/1044 2295/2318/1044 208/2319/1100
f 208/2319/1100 2295/2318/1044 2296/2320/1100
f 208/2319/1100 2296/2320/1100 212/2321/1101
f 212/2321/1101 2296/2320/1100 522/2322/1101
f 208/2323/1102 209/170/1103 2293/2324/1102
f 2293/2324/1102 209/170/1103 2297/2325/1103
f 2298/2326/1104 2299/2327/1104 2300/2328/1104
f 2300/2328/1104 2299/2327/1104 2301/2329/1104
f 2301/2329/1104 2299/2327/1104 2302/2330/1104
f 2301/2329/1104 2302/2330/1104 2303/2331/1104
f 2303/2331/1104 2302/2330/1104 2304/2332/888
f 2303/2331/1104 2304/2332/888 2305/2333/888
f 2305/2333/888 2304/2332/888 2306/2334/1104
f 2305/2333/888 2306/2334/1104 2307/2335/1104
f 2307/2335/1104 2306/2334/1104 2308/2336/1104
f 2308/2336/1104 2306/2334/1104 2309/2337/1104
f 2308/2336/1104 2309/2337/1104 2310/2338/1104
f 2310/2338/1104 2309/2337/1104 2311/2339/1104
f 2310/2338/1104 2311/2339/1104 2312/2340/1104
f 2312/2340/1104 2311/2339/1104 2313/2341/1104
f 2312/2340/1104 2313/2341/1104 2314/2342/1104
f 2314/2342/1104 2313/2341/1104 2315/2343/888
f 388/354/85 1903/1915/85 386/2344/85
f 386/2344/85 1903/1915/85 2316/2345/85
f 2316/2345/85 1903/1915/85 864/1913/147
f 2316/2345/85 864/1913/147 865/2346/147
f 875/2347/355 874/1892/355 2317/2348/85
f 2317/2348/85 874/1892/355 1880/1890/85
f 2317/2348/85 1880/1890/85 318/2349/85
f 318/2349/85 1880/1890/85 319/285/85
f 2318/2350/1028 2186/2209/1026 2187/2210/1028
f 2318/2350/1028 2187/2210/1028 2319/2351/1105
f 2319/2351/1105 2187/2210/1028 2320/2352/1105
f 2319/2351/1105 2320/2352/1105 2321/2353/1106
f 2319/2351/1105 2321/2353/1106 2322/2354/1106
f 2322/2354/1106 2321/2353/1106 2323/2355/1107
f 2322/2354/1106 2323/2355/1107 2324/2356/1107
f 2324/2356/1107 2323/2355/1107 2325/2357/1108
f 2325/2357/1108 2323/2355/1107 2326/2358/804
f 2325/2357/1108 2326/2358/804 2327/2359/1109
f 2327/2359/1109 2326/2358/804 2328/2360/1110
f 2325/2357/1108 2327/2359/1109 2170/2194/1016
f 2325/2357/1108 2170/2194/1016 2168/2192/1016
f 2327/2359/1109 2328/2360/1110 2329/2361/1110
f 2329/2361/1110 2328/2360/1110 2330/2362/1111
f 2329/2361/1110 2330/2362/1111 1340/1314/603
f 1340/1314/603 2330/2362/1111 2331/2363/1112
f 1340/1314/603 2331/2363/1112 1341/1315/604
f 2331/2363/1112 2330/2362/1111 2332/2364/1113
f 2331/2363/1112 2332/2364/1113 2333/2365/1113
f 2333/2365/1113 2332/2364/1113 2334/2366/1114
f 2333/2365/1113 2334/2366/1114 2335/2367/1114
f 2335/2367/1114 2334/2366/1114 2336/2368/1105
f 2335/2367/1114 2336/2368/1105 2337/2369/1105
f 2337/2369/1105 2336/2368/1105 2338/2370/1115
f 2338/2370/1115 2336/2368/1105 2339/2371/1115
f 2338/2370/1115 2339/2371/1115 2340/2372/1116
f 2340/2372/1116 2339/2371/1115 2341/2373/1116
f 2340/2372/1116 2341/2373/1116 2342/2374/1117
f 2342/2374/1117 2341/2373/1116 1736/1755/710
f 2342/2374/1117 1736/1755/710 1733/1752/804
f 2342/2374/1117 1733/1752/804 2343/2375/1118
f 2342/2374/1117 2343/2375/1118 2344/2376/1118
f 2344/2376/1118 2343/2375/1118 2345/2377/911
f 2345/2377/911 2343/2375/1118 2346/2378/911
f 2345/2377/911 2346/2378/911 2347/2379/1001
f 2345/2377/911 2347/2379/1001 2348/2380/1001
f 2348/2380/1001 2347/2379/1001 2349/2381/1119
f 2348/2380/1001 2349/2381/1119 2350/2382/1119
f 2350/2382/1119 2349/2381/1119 2351/2383/1120
f 2350/2382/1119 2351/2383/1120 2352/2384/1120
f 2352/2384/1120 2351/2383/1120 2353/2385/1121
f 2352/2384/1120 2353/2385/1121 2354/2386/1121
f 2354/2386/1121 2353/2385/1121 2355/2387/1122
f 2354/2386/1121 2355/2387/1122 2356/2388/1122
f 2356/2388/1122 2355/2387/1122 2357/2389/1123
f 2356/2388/1122 2357/2389/1123 2358/2390/1123
f 2358/2390/1123 2357/2389/1123 2359/2391/1124
f 2358/2390/1123 2359/2391/1124 2360/2392/1124
f 2360/2392/1124 2359/2391/1124 2361/2393/1125
f 2360/2392/1124 2361/2393/1125 2362/2394/1125
f 2362/2394/1125 2361/2393/1125 2363/2395/1126
f 2362/2394/1125 2363/2395/1126 2364/2396/1126
f 2364/2396/1126 2363/2395/1126 2365/2397/906
f 2364/2396/1126 2365/2397/906 2366/2398/906
f 2366/2398/906 2365/2397/906 2367/2399/1127
f 2366/2398/906 2367/2399/1127 2368/2400/1127
f 2368/2400/1127 2367/2399/1127 2369/2401/1014
f 2368/2400/1127 2369/2401/1014 2370/2402/1014
f 2370/2402/1014 2369/2401/1014 2371/2403/905
f 2370/2402/1014 2371/2403/905 2372/2404/905
f 2372/2404/905 2371/2403/905 2373/2405/905
f 2372/2404/905 2373/2405/905 2374/2406/905
f 2374/2406/905 2373/2405/905 2375/2407/605
f 2374/2406/905 2375/2407/605 1343/1317/605
f 1343/1317/605 2375/2407/605 1342/1316/604
f 2376/2408/1128 2377/2409/1129 1522/1516/1128
f 2376/2408/1128 1522/1516/1128 1524/1518/848
f 2376/2408/1128 1524/1518/848 1825/1831/848
f 1522/1516/1128 2377/2409/1129 1520/1514/1129
f 1520/1514/1129 2377/2409/1129 1517/1511/1130
f 1517/1511/1130 2377/2409/1129 2378/2410/1130
f 1517/1511/1130 2378/2410/1130 1516/1510/1
f 1516/1510/1 2378/2410/1130 2379/2411/1
f 1516/1510/1 2379/2411/1 2380/2412/1131
f 1516/1510/1 2380/2412/1131 1508/1503/1131
f 1508/1503/1131 2380/2412/1131 1505/1500/1132
f 1505/1500/1132 2380/2412/1131 2381/2413/1132
f 1505/1500/1132 2381/2413/1132 2382/2414/1133
f 1505/1500/1132 2382/2414/1133 1506/1501/1133
f 1506/1501/1133 2382/2414/1133 2383/2415/1134
f 1506/1501/1133 2383/2415/1134 1511/1506/1134
f 1511/1506/1134 2383/2415/1134 2384/2416/662
f 1511/1506/1134 2384/2416/662 1515/1509/662
f 1515/1509/662 2384/2416/662 2385/2417/1135
f 2385/2417/1135 2384/2416/662 2386/2418/1136
f 2385/2417/1135 2386/2418/1136 2387/2419/1137
f 1513/1508/1138 1514/1509/1138 1585/2420/1138
f 1513/1508/1138 1585/2420/1138 1509/1504/1138
f 1509/1504/1138 1585/2420/1138 1583/2421/1138
f 1509/1504/1138 1583/2421/1138 1507/1502/1138
f 1507/1502/1138 1583/2421/1138 1510/1505/1138
f 1510/1505/1138 1583/2421/1138 1581/2422/1138
f 1510/1505/1138 1581/2422/1138 1512/1507/1138
f 1512/1507/1138 1581/2422/1138 1580/2423/1138
f 1512/1507/1138 1580/2423/1138 1518/1512/1138
f 1518/1512/1138 1580/2423/1138 1519/1513/1138
f 1519/1513/1138 1580/2423/1138 1577/2424/1138
f 1519/1513/1138 1577/2424/1138 1576/2425/1138
f 1519/1513/1138 1576/2425/1138 1521/1515/1138
f 1521/1515/1138 1576/2425/1138 1523/1517/1138
f 1523/1517/1138 1576/2425/1138 1574/2426/1138
f 1523/1517/1138 1574/2426/1138 1525/1519/1138
f 1525/1519/1138 1574/2426/1138 1527/1521/1138
f 1527/1521/1138 1574/2426/1138 1529/1523/1138
f 1871/1878/865 1573/1577/865 2135/2159/1139
f 2135/2159/1139 1573/1577/865 1575/1579/1139
f 2135/2159/1139 1575/1579/1139 1578/1582/1140
f 2135/2159/1139 1578/1582/1140 2137/2161/1140
f 2137/2161/1140 1578/1582/1140 2143/2167/18
f 2143/2167/18 1578/1582/1140 1579/1583/18
f 2143/2167/18 1579/1583/18 2144/2168/1141
f 2144/2168/1141 1579/1583/18 1582/1586/1141
f 2144/2168/1141 1582/1586/1141 1584/1588/1142
f 2144/2168/1141 1584/1588/1142 2140/2164/1142
f 2140/2164/1142 1584/1588/1142 2136/2160/1143
f 2136/2160/1143 1584/1588/1142 1586/1590/1143
f 2136/2160/1143 1586/1590/1143 2131/2427/1144
f 2131/2427/1144 1586/1590/1143 1587/1592/1144
f 2131/2427/1144 1587/1592/1144 2385/2428/1135
f 2385/2428/1135 1587/1592/1144 1515/1591/662
f 2131/2427/1144 2385/2428/1135 2128/2429/1135
f 2128/2429/1135 2385/2428/1135 2125/2430/1137
f 2125/2430/1137 2385/2428/1135 2387/2431/1137
f 1539/1533/1145 1601/2432/1145 1536/1530/1145
f 1536/1530/1145 1601/2432/1145 1533/1527/1145
f 1533/1527/1145 1601/2432/1145 1531/1525/1145
f 1531/1525/1145 1601/2432/1145 1600/2433/1145
f 1531/1525/1145 1600/2433/1145 1537/1531/1145
f 1537/1531/1145 1600/2433/1145 1542/1536/1145
f 1542/1536/1145 1600/2433/1145 1597/2434/1145
f 1542/1536/1145 1597/2434/1145 1596/2435/1145
f 1542/1536/1145 1596/2435/1145 1544/1538/1145
f 1544/1538/1145 1596/2435/1145 1545/1539/1145
f 1545/1539/1145 1596/2435/1145 1594/2436/1145
f 1545/1539/1145 1594/2436/1145 1548/1542/1145
f 1548/1542/1145 1594/2436/1145 1592/2437/1145
f 1548/1542/1145 1592/2437/1145 1549/1543/1145
f 1549/1543/1145 1592/2437/1145 1552/1546/1145
f 1552/1546/1145 1592/2437/1145 1590/2438/1145
f 1552/1546/1145 1590/2438/1145 1554/1548/1145
f 1554/1548/1145 1590/2438/1145 1555/1549/1145
f 2388/2439/1146 2389/2440/1147 2390/2441/1147
f 2390/2441/1147 2389/2440/1147 2391/2442/1148
f 2391/2442/1148 2389/2440/1147 2392/2443/1148
f 2391/2442/1148 2392/2443/1148 2393/2444/1149
f 2391/2442/1148 2393/2444/1149 2394/2445/1150
f 2394/2445/1150 2393/2444/1149 2395/2446/1151
f 2391/2442/1148 2394/2445/1150 2396/2447/1152
f 2391/2442/1148 2396/2447/1152 2397/2448/1152
f 2394/2445/1150 2395/2446/1151 2398/2449/1151
f 2398/2449/1151 2395/2446/1151 2399/2450/1153
f 2398/2449/1151 2399/2450/1153 2400/2451/1153
f 2400/2451/1153 2399/2450/1153 2401/2452/1154
f 2400/2451/1153 2401/2452/1154 2402/2453/1154
f 2402/2453/1154 2401/2452/1154 2403/2454/1155
f 2402/2453/1154 2403/2454/1155 2404/2455/1155
f 2404/2455/1155 2403/2454/1155 2405/2456/1156
f 2404/2455/1155 2405/2456/1156 2406/2457/1156
f 2406/2457/1156 2405/2456/1156 2407/2458/1153
f 2406/2457/1156 2407/2458/1153 2408/2459/1153
f 2408/2459/1153 2407/2458/1153 2409/2460/1157
f 2408/2459/1153 2409/2460/1157 2410/2461/1157
f 2410/2461/1157 2409/2460/1157 2411/2462/1158
f 2410/2461/1157 2411/2462/1158 2412/2463/1158
f 2412/2463/1158 2411/2462/1158 2413/2464/1159
f 2412/2463/1158 2413/2464/1159 2414/2465/1159
f 2414/2465/1159 2413/2464/1159 2415/2466/1160
f 2414/2465/1159 2415/2466/1160 2416/2467/1160
f 2416/2467/1160 2415/2466/1160 2417/2468/1161
f 2417/2468/1161 2415/2466/1160 2418/2469/1161
f 2417/2468/1161 2418/2469/1161 2419/2470/1162
f 2419/2470/1162 2418/2469/1161 2420/2471/1162
f 2419/2470/1162 2420/2471/1162 2421/2472/1127
f 2421/2472/1127 2420/2471/1162 2422/2473/1127
f 2421/2472/1127 2422/2473/1127 2423/2474/1163
f 2423/2474/1163 2422/2473/1127 2424/2475/1163
f 2423/2474/1163 2424/2475/1163 2425/2476/1164
f 2423/2474/1163 2425/2476/1164 2426/2477/1164
f 2426/2477/1164 2425/2476/1164 2427/2478/1165
f 2426/2477/1164 2427/2478/1165 2428/2479/1165
f 2428/2479/1165 2427/2478/1165 2429/2480/1166
f 2428/2479/1165 2429/2480/1166 2430/2481/1167
f 2430/2481/1167 2429/2480/1166 429/2482/1168
f 429/2482/1168 2429/2480/1166 2431/2483/1168
f 429/2482/1168 2431/2483/1168 430/2484/1168
f 2430/2481/1167 429/2482/1168 428/2485/515
f 2430/2481/1167 428/2485/515 1132/2486/515
f 200/2487/1169 189/152/1169 2432/2488/1169
f 2432/2488/1169 189/152/1169 2433/2489/1169
f 1811/1749/1170 1813/1751/1171 2434/2490/1170
f 2434/2490/1170 1813/1751/1171 2435/2491/1171
f 1811/1749/1170 2434/2490/1170 2436/2492/1172
f 1811/1749/1170 2436/2492/1172 1809/1747/1172
f 1809/1747/1172 2436/2492/1172 2437/2493/1173
f 1809/1747/1172 2437/2493/1173 1807/1745/1173
f 1807/1745/1173 2437/2493/1173 2438/2494/785
f 1807/1745/1173 2438/2494/785 1805/1743/785
f 1805/1743/785 2438/2494/785 2439/2495/81
f 1805/1743/785 2439/2495/81 1803/1741/81
f 1803/1741/81 2439/2495/81 2440/2496/80
f 1803/1741/81 2440/2496/80 1801/1739/80
f 1801/1739/80 2440/2496/80 2441/2497/79
f 1801/1739/80 2441/2497/79 1800/1737/79
f 1800/1737/79 2441/2497/79 2442/2498/78
f 1800/1737/79 2442/2498/78 1798/1736/78
f 2443/2499/1174 190/153/1174 2444/2500/1174
f 2444/2500/1174 190/153/1174 193/2501/1174
f 2445/2502/1175 2446/2503/1176 2447/2504/1175
f 2445/2502/1175 2447/2504/1175 2448/2505/1177
f 2448/2505/1177 2447/2504/1175 2449/2506/1178
f 2450/2507/1179 2451/2508/1179 2448/2505/1177
f 2450/2507/1179 2448/2505/1177 2452/2509/1177
f 2452/2509/1177 2448/2505/1177 2453/2510/1180
f 2453/2510/1180 2448/2505/1177 2449/2506/1178
f 2453/2510/1180 2449/2506/1178 2454/2511/1181
f 2454/2511/1181 2449/2506/1178 2455/2512/1181
f 2454/2511/1181 2455/2512/1181 2456/2513/1182
f 2456/2513/1182 2455/2512/1181 2457/2514/1182
f 2456/2513/1182 2457/2514/1182 2458/2515/1183
f 2458/2515/1183 2457/2514/1182 2459/2516/1183
f 2458/2515/1183 2459/2516/1183 2460/2517/1184
f 2460/2517/1184 2459/2516/1183 2461/2518/1184
f 2460/2517/1184 2461/2518/1184 2462/2519/1185
f 2462/2519/1185 2461/2518/1184 2463/2520/1185
f 2462/2519/1185 2463/2520/1185 2464/2521/1182
f 2464/2521/1182 2463/2520/1185 2465/2522/1182
f 2464/2521/1182 2465/2522/1182 2466/2523/1186
f 2466/2523/1186 2465/2522/1182 2467/2524/1186
f 2466/2523/1186 2467/2524/1186 2468/2525/1187
f 2468/2525/1187 2467/2524/1186 2469/2526/1187
f 2468/2525/1187 2469/2526/1187 2470/2527/1188
f 2470/2527/1188 2469/2526/1187 2471/2528/1188
f 2470/2527/1188 2471/2528/1188 2472/2529/1189
f 2472/2529/1189 2471/2528/1188 2473/2530/1189
f 2472/2529/1189 2473/2530/1189 2474/2531/1190
f 2472/2529/1189 2474/2531/1190 2475/2532/1190
f 2475/2532/1190 2474/2531/1190 2476/2533/1191
f 2475/2532/1190 2476/2533/1191 2477/2534/1191
f 2477/2534/1191 2476/2533/1191 2478/2535/957
f 2477/2534/1191 2478/2535/957 2479/2536/957
f 2479/2536/957 2478/2535/957 2480/2537/1192
f 2479/2536/957 2480/2537/1192 2481/2538/1192
f 2481/2538/1192 2480/2537/1192 2482/2539/1193
f 2482/2539/1193 2480/2537/1192 2483/2540/1193
f 2482/2539/1193 2483/2540/1193 2484/2541/1194
f 2484/2541/1194 2483/2540/1193 2485/2542/1194
f 2484/2541/1194 2485/2542/1194 2486/2543/1195
f 2486/2543/1195 2485/2542/1194 2487/2544/1196
f 2486/2543/1195 2487/2544/1196 423/2545/1197
f 2486/2543/1195 423/2545/1197 2488/2546/1197
f 2488/2546/1197 423/2545/1197 422/2547/1197
f 423/2545/1197 2487/2544/1196 426/2548/514
f 426/2548/514 2487/2544/1196 1131/2549/514
f 2489/2550/110 336/2551/110 2490/2552/110
f 2490/2552/110 336/2551/110 2491/2553/110
f 2490/2552/110 2491/2553/110 2492/2554/110
f 2493/2555/110 2494/2556/110 2495/2557/110
f 2495/2557/110 2494/2556/110 2496/2558/110
f 2489/2559/110 2497/2560/110 336/2561/110
f 2498/2562/1198 2396/2447/1199 2499/2563/1200
f 2499/2563/1200 2396/2447/1199 2394/2445/1201
f 2499/2563/1200 2394/2445/1201 2398/2449/1202
f 2499/2563/1200 2398/2449/1202 2500/2564/1203
f 2500/2564/1203 2398/2449/1202 2501/2565/581
f 2501/2565/581 2398/2449/1202 2400/2451/1204
f 2501/2565/581 2400/2451/1204 2402/2453/1205
f 2501/2565/581 2402/2453/1205 2502/2566/1206
f 2502/2566/1206 2402/2453/1205 2404/2455/1207
f 2502/2566/1206 2404/2455/1207 2503/2567/1208
f 2503/2567/1208 2404/2455/1207 2406/2457/1209
f 2503/2567/1208 2406/2457/1209 2504/2568/1210
f 2504/2568/1210 2406/2457/1209 2505/2569/1211
f 2505/2569/1211 2406/2457/1209 2408/2459/1212
f 2505/2569/1211 2408/2459/1212 2410/2461/1213
f 2505/2569/1211 2410/2461/1213 2506/2570/1214
f 2506/2570/1214 2410/2461/1213 2412/2463/1215
f 2506/2570/1214 2412/2463/1215 2507/2571/1216
f 2507/2571/1216 2412/2463/1215 2414/2465/1217
f 2507/2571/1216 2414/2465/1217 2508/2572/1218
f 2508/2572/1218 2414/2465/1217 2416/2467/1219
f 2508/2572/1218 2416/2467/1219 2509/2573/1220
f 2509/2573/1220 2416/2467/1219 2510/2574/1221
f 2510/2574/1221 2416/2467/1219 2417/2468/1222
f 2510/2574/1221 2417/2468/1222 2511/2575/1223
f 2511/2575/1223 2417/2468/1222 2419/2470/1224
f 2511/2575/1223 2419/2470/1224 2512/2576/1225
f 2512/2576/1225 2419/2470/1224 2421/2472/1226
f 2512/2576/1225 2421/2472/1226 2423/2474/507
f 2512/2576/1225 2423/2474/507 2513/2577/1227
f 2513/2577/1227 2423/2474/507 2426/2477/1228
f 2513/2577/1227 2426/2477/1228 2514/2578/1229
f 2514/2578/1229 2426/2477/1228 2428/2479/1230
f 2514/2578/1229 2428/2479/1230 2515/2579/1231
f 2515/2579/1231 2428/2479/1230 2430/2481/1232
f 2515/2579/1231 2430/2481/1232 1132/2486/1233
f 2516/2580/1234 2517/2581/1234 2518/2582/1235
f 2518/2582/1235 2517/2581/1234 2519/2583/1235
f 2518/2582/1235 2519/2583/1235 2520/2584/1236
f 2520/2584/1236 2519/2583/1235 2521/2585/1236
f 2517/2581/1234 2516/2580/1234 2522/2586/1237
f 2522/2586/1237 2516/2580/1234 2523/2587/1237
f 2522/2586/1237 2523/2587/1237 2524/2588/1238
f 2524/2588/1238 2523/2587/1237 2525/2589/1238
f 2524/2588/1238 2525/2589/1238 2526/2590/1239
f 2526/2590/1239 2525/2589/1238 2527/2591/1239
f 2526/2590/1239 2527/2591/1239 2528/2592/1240
f 2528/2592/1240 2527/2591/1239 2529/2593/1240
f 2528/2592/1240 2529/2593/1240 2530/2594/1241
f 2530/2594/1241 2529/2593/1240 2531/2595/1241
f 2532/2596/1242 2533/2597/1243 2534/2598/1242
f 2534/2598/1242 2533/2597/1243 2535/2599/1243
f 2532/2596/1242 2534/2598/1242 2536/2600/1244
f 2535/2599/1243 2533/2597/1243 2537/2601/1245
f 2532/2596/1242 2536/2600/1244 2538/2602/1244
f 2535/2599/1243 2537/2601/1245 2539/2603/1245
f 2538/2602/1244 2536/2600/1244 2540/2604/1246
f 2539/2603/1245 2537/2601/1245 2541/2605/1247
f 2538/2602/1244 2540/2604/1246 2542/2606/1246
f 2539/2603/1245 2541/2605/1247 2543/2607/1247
f 2543/2607/1247 2541/2605/1247 2544/2608/1248
f 2543/2607/1247 2544/2608/1248 2545/2609/1248
f 2542/2606/1246 2540/2604/1246 2546/2610/1249
f 2542/2606/1246 2546/2610/1249 2547/2611/1249
f 2547/2611/1249 2546/2610/1249 2548/2612/1250
f 2547/2611/1249 2548/2612/1250 2549/2613/1250
f 2549/2613/1250 2548/2612/1250 2550/2614/1251
f 2549/2613/1250 2550/2614/1251 2551/2615/1251
f 2552/2616/1252 2459/2516/1253 2553/2617/580
f 2553/2617/580 2459/2516/1253 2457/2514/1254
f 2459/2516/1253 2552/2616/1252 2461/2518/1255
f 2553/2617/580 2457/2514/1254 2455/2512/1256
f 2461/2518/1255 2552/2616/1252 2554/2618/1257
f 2553/2617/580 2455/2512/1256 2555/2619/1258
f 2461/2518/1255 2554/2618/1257 2463/2520/1259
f 2555/2619/1258 2455/2512/1256 2556/2620/1260
f 2463/2520/1259 2554/2618/1257 2557/2621/1261
f 2556/2620/1260 2455/2512/1256 2449/2506/1262
f 2556/2620/1260 2449/2506/1262 2447/2504/1263
f 2556/2620/1260 2447/2504/1263 2446/2503/110
f 2463/2520/1259 2557/2621/1261 2558/2622/1264
f 2463/2520/1259 2558/2622/1264 2465/2522/1265
f 2465/2522/1265 2558/2622/1264 2467/2524/1266
f 2467/2524/1266 2558/2622/1264 2559/2623/1267
f 2467/2524/1266 2559/2623/1267 2469/2526/1268
f 2469/2526/1268 2559/2623/1267 2560/2624/1269
f 2469/2526/1268 2560/2624/1269 2471/2528/1270
f 2471/2528/1270 2560/2624/1269 2561/2625/1271
f 2471/2528/1270 2561/2625/1271 2473/2530/1272
f 2473/2530/1272 2561/2625/1271 2562/2626/1273
f 2473/2530/1272 2562/2626/1273 2563/2627/1274
f 2473/2530/1272 2563/2627/1274 2474/2531/1275
f 2474/2531/1275 2563/2627/1274 2564/2628/1276
f 2474/2531/1275 2564/2628/1276 2476/2533/1277
f 2476/2533/1277 2564/2628/1276 2565/2629/1278
f 2476/2533/1277 2565/2629/1278 2478/2535/1279
f 2478/2535/1279 2565/2629/1278 2480/2537/508
f 2480/2537/508 2565/2629/1278 2566/2630/1280
f 2480/2537/508 2566/2630/1280 2483/2540/1281
f 2483/2540/1281 2566/2630/1280 2567/2631/1282
f 2483/2540/1281 2567/2631/1282 2485/2542/1283
f 2485/2542/1283 2567/2631/1282 2568/2632/1284
f 2485/2542/1283 2568/2632/1284 2487/2544/1285
f 2487/2544/1285 2568/2632/1284 1131/2549/1286
f 2569/2492/1287 1728/1747/1287 2570/2493/1288
f 2570/2493/1288 1728/1747/1287 1726/1745/1288
f 2570/2493/1288 1726/1745/1288 2571/2494/788
f 2571/2494/788 1726/1745/1288 1724/1743/788
f 2571/2494/788 1724/1743/788 2572/2495/123
f 2572/2495/123 1724/1743/788 1722/1741/123
f 2572/2495/123 1722/1741/123 2573/2496/122
f 2573/2496/122 1722/1741/123 1720/1739/122
f 207/172/85 210/171/1289 2574/2633/85
f 2574/2633/85 210/171/1289 2575/2634/1289
f 2575/2634/1289 210/171/1289 1787/2635/1290
f 1787/2635/1290 210/171/1289 211/2636/1290
f 1748/1767/1291 1752/1771/1292 2576/2637/1293
f 1778/1797/1294 1776/1795/1295 1752/1771/1292
f 1752/1771/1292 1776/1795/1295 2576/2637/1293
f 2576/2637/1293 1776/1795/1295 1774/1793/476
f 2576/2637/1293 1774/1793/476 1772/1791/1296
f 2576/2637/1293 1772/1791/1296 1770/1789/1297
f 2576/2637/1293 1770/1789/1297 2577/2638/1298
f 2576/2637/1293 2577/2638/1298 1748/1767/1291
f 2577/2638/1298 1770/1789/1297 1768/1787/177
f 2577/2638/1298 1768/1787/177 1766/1785/1299
f 2577/2638/1298 1766/1785/1299 2578/2639/816
f 2577/2638/1298 2578/2639/816 1748/1767/1291
f 2578/2639/816 1766/1785/1299 1764/1783/1300
f 2578/2639/816 1764/1783/1300 1762/1781/1301
f 2578/2639/816 1762/1781/1301 1760/1779/1302
f 2578/2639/816 1760/1779/1302 1758/1777/1303
f 2578/2639/816 1758/1777/1303 2579/2640/1304
f 2578/2639/816 2579/2640/1304 1748/1767/1291
f 2579/2640/1304 1758/1777/1303 1756/1775/491
f 2579/2640/1304 1756/1775/491 1754/1773/1305
f 1748/1767/1291 2579/2640/1304 2580/2641/1306
f 2580/2641/1306 2579/2640/1304 1754/1773/1305
f 2580/2641/1306 1754/1773/1305 1751/1770/1307
f 2580/2641/1306 1751/1770/1307 1747/1766/1308
f 1748/1767/1291 2580/2641/1306 1744/1763/1309
f 2580/2641/1306 1747/1766/1308 1743/1762/491
f 2580/2641/1306 1743/1762/491 1744/1763/1309
f 1744/1763/1309 1743/1762/491 1739/1758/1310
f 1744/1763/1309 1739/1758/1310 1740/1759/193
f 1740/1759/193 1739/1758/1310 1737/1756/1311
f 2297/2325/1103 209/170/1103 2574/2642/85
f 2574/2642/85 209/170/1103 207/168/85
f 2286/2309/1312 2290/2313/1313 2581/2643/1314
f 2581/2643/1314 2290/2313/1313 2248/2271/502
f 2248/2271/502 2290/2313/1313 2246/2269/1315
f 2246/2269/1315 2290/2313/1313 2294/2317/448
f 2246/2269/1315 2294/2317/448 1867/1874/1316
f 2581/2643/1314 2248/2271/502 2250/2273/1317
f 2581/2643/1314 2250/2273/1317 2252/2275/1318
f 2581/2643/1314 2252/2275/1318 2254/2277/1319
f 2581/2643/1314 2254/2277/1319 2582/2644/1320
f 2581/2643/1314 2582/2644/1320 2286/2309/1312
f 2582/2644/1320 2254/2277/1319 2256/2279/502
f 2582/2644/1320 2256/2279/502 2258/2281/1321
f 2582/2644/1320 2258/2281/1321 2583/2645/1085
f 2582/2644/1320 2583/2645/1085 2286/2309/1312
f 2583/2645/1085 2258/2281/1321 2260/2283/1322
f 2583/2645/1085 2260/2283/1322 2262/2285/1323
f 2583/2645/1085 2262/2285/1323 2264/2287/1324
f 2583/2645/1085 2264/2287/1324 2266/2289/1325
f 2583/2645/1085 2266/2289/1325 2584/2646/1326
f 2583/2645/1085 2584/2646/1326 2286/2309/1312
f 2584/2646/1326 2266/2289/1325 2268/2291/461
f 2584/2646/1326 2268/2291/461 2270/2293/1327
f 2286/2309/1312 2584/2646/1326 2585/2647/1328
f 2585/2647/1328 2584/2646/1326 2270/2293/1327
f 2585/2647/1328 2270/2293/1327 2272/2295/1329
f 2585/2647/1328 2272/2295/1329 2274/2297/628
f 2286/2309/1312 2585/2647/1328 2284/2307/1330
f 2585/2647/1328 2274/2297/628 2276/2299/1331
f 2585/2647/1328 2276/2299/1331 2284/2307/1330
f 2284/2307/1330 2276/2299/1331 2278/2301/1332
f 2586/2648/1333 2587/2649/1334 2588/2650/1335
f 2586/2648/1333 2588/2650/1335 2589/2651/1336
f 2586/2648/1333 2589/2651/1336 2590/2652/1337
f 2590/2652/1337 2589/2651/1336 2591/2653/1338
f 2591/2653/1338 2589/2651/1336 2592/2654/1339
f 2592/2654/1339 2589/2651/1336 2593/2655/1340
f 2589/2651/1336 2588/2650/1335 2594/2656/1341
f 2589/2651/1336 2594/2656/1341 2593/2655/1340
f 2593/2655/1340 2594/2656/1341 1344/2657/107
f 2593/2655/1340 1344/2657/107 1346/2658/607
f 1344/2657/107 2594/2656/1341 2595/2659/328
f 2595/2659/328 2594/2656/1341 2596/2660/1342
f 2596/2660/1342 2594/2656/1341 2588/2650/1335
f 2595/2659/328 2596/2660/1342 2597/2661/116
f 2596/2660/1342 2588/2650/1335 2598/2662/1226
f 2598/2662/1226 2588/2650/1335 2587/2649/1334
f 2597/2661/116 2596/2660/1342 2599/2663/1343
f 2599/2663/1343 2596/2660/1342 2598/2662/1226
f 2597/2661/116 2599/2663/1343 2600/2664/1344
f 2598/2662/1226 2587/2649/1334 2601/2665/1345
f 2598/2662/1226 2601/2665/1345 2599/2663/1343
f 2601/2665/1345 2587/2649/1334 2602/2666/1346
f 2601/2665/1345 2602/2666/1346 2603/2667/1347
f 2600/2664/1344 2599/2663/1343 2604/2668/1348
f 2604/2668/1348 2599/2663/1343 2601/2665/1345
f 2600/2664/1344 2604/2668/1348 2605/2669/1349
f 2601/2665/1345 2603/2667/1347 2606/2670/1350
f 2601/2665/1345 2606/2670/1350 2604/2668/1348
f 2606/2670/1350 2603/2667/1347 2607/2671/1351
f 2605/2669/1349 2604/2668/1348 2608/2672/1352
f 2608/2672/1352 2604/2668/1348 2606/2670/1350
f 2605/2669/1349 2608/2672/1352 2609/2673/1353
f 2606/2670/1350 2607/2671/1351 2610/2674/1354
f 2606/2670/1350 2610/2674/1354 2608/2672/1352
f 2610/2674/1354 2607/2671/1351 2611/2675/1355
f 2610/2674/1354 2611/2675/1355 2612/2676/1356
f 2608/2672/1352 2610/2674/1354 2613/2677/1357
f 2608/2672/1352 2613/2677/1357 2609/2673/1353
f 2613/2677/1357 2610/2674/1354 2612/2676/1356
f 2609/2673/1353 2613/2677/1357 2614/2678/100
f 2613/2677/1357 2612/2676/1356 2615/2679/1358
f 2613/2677/1357 2615/2679/1358 2614/2678/100
f 2616/2680/1359 2617/2681/1359 2618/2682/1359
f 2618/2682/1359 2617/2681/1359 2619/2683/1359
f 2618/2682/1359 2619/2683/1359 185/148/1360
f 185/148/1360 2619/2683/1359 2620/2684/1360
f 185/148/1360 2620/2684/1360 2621/2685/1361
f 185/148/1360 2621/2685/1361 183/146/1361
f 183/146/1361 2621/2685/1361 180/143/1362
f 180/143/1362 2621/2685/1361 1847/1854/1362
f 2622/2686/1363 2185/2208/1027 2183/2206/1025
f 2185/2208/1027 2622/2686/1363 2623/2687/1364
f 2623/2687/1364 2622/2686/1363 2624/2688/1365
f 2185/2208/1027 2623/2687/1364 2625/2689/1116
f 2623/2687/1364 2624/2688/1365 2626/2688/1365
f 2625/2689/1116 2623/2687/1364 2627/2690/1116
f 2626/2688/1365 2624/2688/1365 2628/2691/1010
f 2625/2689/1116 2627/2690/1116 2629/2692/1366
f 2626/2688/1365 2628/2691/1010 2630/2693/1010
f 2629/2692/1366 2627/2690/1116 2631/2694/1366
f 2630/2693/1010 2628/2691/1010 2632/2695/1367
f 2629/2692/1366 2631/2694/1366 2633/2696/1368
f 2630/2693/1010 2632/2695/1367 2634/2697/1367
f 2629/2692/1366 2633/2696/1368 2635/2698/1368
f 2634/2697/1367 2632/2695/1367 2636/2699/1369
f 2635/2698/1368 2633/2696/1368 2637/2700/1370
f 2634/2697/1367 2636/2699/1369 2638/2701/1369
f 2635/2698/1368 2637/2700/1370 2498/2562/1370
f 2638/2701/1369 2636/2699/1369 2639/2702/1371
f 2498/2562/1370 2637/2700/1370 2397/2448/1152
f 2638/2701/1369 2639/2702/1371 2640/2703/1371
f 2498/2562/1370 2397/2448/1152 2396/2447/1152
f 2640/2703/1371 2639/2702/1371 2641/2704/1372
f 2640/2703/1371 2641/2704/1372 2642/2705/1372
f 2642/2705/1372 2641/2704/1372 2643/2706/1373
f 2642/2705/1372 2643/2706/1373 2644/2707/1373
f 2644/2707/1373 2643/2706/1373 2645/2708/1374
f 2644/2707/1373 2645/2708/1374 2646/2709/1374
f 2646/2709/1374 2645/2708/1374 2647/2710/1375
f 2646/2709/1374 2647/2710/1375 2648/2711/1375
f 2648/2711/1375 2647/2710/1375 2649/2712/1376
f 2648/2711/1375 2649/2712/1376 2650/2713/1376
f 2650/2713/1376 2649/2712/1376 2651/2714/1377
f 2650/2713/1376 2651/2714/1377 2652/2715/1377
f 2652/2715/1377 2651/2714/1377 2653/2716/1146
f 2652/2715/1377 2653/2716/1146 2388/2439/1146
f 2388/2439/1146 2653/2716/1146 2389/2440/1147
f 7/2717/1378 2654/2718/1378 9/2719/1379
f 9/2719/1379 2654/2718/1378 2655/2720/1378
f 2655/2720/1378 2654/2718/1378 2656/2721/1380
f 9/2719/1379 2655/2720/1378 2657/2722/1381
f 9/2719/1379 2657/2722/1381 15/2723/1381
f 15/2723/1381 2657/2722/1381 2658/2724/1382
f 15/2723/1381 2658/2724/1382 19/2725/1382
f 19/2725/1382 2658/2724/1382 2659/2726/1383
f 19/2725/1382 2659/2726/1383 23/2727/1383
f 23/2727/1383 2659/2726/1383 2660/2728/1384
f 23/2727/1383 2660/2728/1384 27/2729/1384
f 27/2729/1384 2660/2728/1384 2661/2730/1385
f 27/2729/1384 2661/2730/1385 31/2731/1385
f 31/2731/1385 2661/2730/1385 2662/2732/1386
f 31/2731/1385 2662/2732/1386 33/2733/1386
f 33/2733/1386 2662/2732/1386 2663/2734/1387
f 33/2733/1386 2663/2734/1387 39/2735/1387
f 39/2735/1387 2663/2734/1387 967/2736/392
f 39/2735/1387 967/2736/392 40/2737/392
f 2595/2738/328 2597/2739/116 2664/2740/1388
f 2664/2740/1388 2597/2739/116 2665/2741/1389
f 2665/2741/1389 2597/2739/116 2600/2742/1344
f 2595/2738/328 2664/2740/1388 2666/2743/1390
f 2595/2738/328 2666/2743/1390 1344/1320/107
f 1344/1320/107 2666/2743/1390 1345/1321/606
f 1345/1321/606 2666/2743/1390 2667/2744/1391
f 1345/1321/606 2667/2744/1391 2668/2745/1392
f 2668/2745/1392 2667/2744/1391 2669/2746/1393
f 2669/2746/1393 2667/2744/1391 2670/2747/1394
f 2670/2747/1394 2667/2744/1391 2671/2748/1395
f 2667/2744/1391 2666/2743/1390 2672/2749/1396
f 2667/2744/1391 2672/2749/1396 2671/2748/1395
f 2672/2749/1396 2666/2743/1390 2664/2740/1388
f 2671/2748/1395 2672/2749/1396 2673/2750/1397
f 2672/2749/1396 2664/2740/1388 2674/2751/1279
f 2672/2749/1396 2674/2751/1279 2673/2750/1397
f 2674/2751/1279 2664/2740/1388 2665/2741/1389
f 2673/2750/1397 2674/2751/1279 2675/2752/1398
f 2675/2752/1398 2674/2751/1279 2665/2741/1389
f 2673/2750/1397 2675/2752/1398 2676/2753/1399
f 2676/2753/1399 2675/2752/1398 2677/2754/1400
f 2675/2752/1398 2665/2741/1389 2678/2755/1401
f 2678/2755/1401 2665/2741/1389 2600/2742/1344
f 2678/2755/1401 2600/2742/1344 2605/2756/1349
f 2677/2754/1400 2675/2752/1398 2679/2757/1402
f 2679/2757/1402 2675/2752/1398 2678/2755/1401
f 2677/2754/1400 2679/2757/1402 2680/2758/1403
f 2678/2755/1401 2605/2756/1349 2681/2759/1404
f 2678/2755/1401 2681/2759/1404 2679/2757/1402
f 2681/2759/1404 2605/2756/1349 2609/2760/1353
f 2680/2758/1403 2679/2757/1402 2682/2761/1405
f 2682/2761/1405 2679/2757/1402 2681/2759/1404
f 2680/2758/1403 2682/2761/1405 2683/2762/1406
f 2683/2762/1406 2682/2761/1405 2684/2763/1407
f 2682/2761/1405 2681/2759/1404 2685/2764/1408
f 2685/2764/1408 2681/2759/1404 2609/2760/1353
f 2682/2761/1405 2685/2764/1408 2684/2763/1407
f 2685/2764/1408 2609/2760/1353 2614/2765/100
f 2684/2763/1407 2685/2764/1408 1470/1464/1409
f 2686/2766/110 2687/2767/110 2688/2768/110
f 2688/2768/110 2687/2767/110 2689/2769/1198
f 2687/2767/110 2686/2766/110 2690/2770/110
f 2689/2769/1198 2687/2767/110 2691/2771/110
f 2687/2767/110 2690/2770/110 2692/2772/1198
f 2691/2771/110 2687/2767/110 2693/2773/110
f 2687/2767/110 2692/2772/1198 2694/2774/110
f 2693/2773/110 2687/2767/110 2695/2775/110
f 2687/2767/110 2694/2774/110 2696/2776/110
f 2695/2775/110 2687/2767/110 2697/2777/110
f 2687/2767/110 2696/2776/110 2698/2778/110
f 2697/2777/110 2687/2767/110 2699/2779/110
f 2687/2767/110 2698/2778/110 2700/2780/110
f 2699/2779/110 2687/2767/110 2701/2781/110
f 2687/2767/110 2700/2780/110 2702/2782/110
f 2701/2781/110 2687/2767/110 2703/2783/110
f 2687/2767/110 2702/2782/110 2704/2784/110
f 2687/2767/110 2704/2784/110 2703/2783/110
f 2705/2785/1410 2706/2786/1410 2707/2787/1138
f 2705/2785/1410 2707/2787/1138 2708/2788/1411
f 2707/2787/1138 2706/2786/1410 2709/2789/1138
f 2709/2789/1138 2706/2786/1410 2710/2790/1412
f 2707/2787/1138 2709/2789/1138 2711/2791/1413
f 2709/2789/1138 2710/2790/1412 2712/2792/1414
f 2712/2792/1414 2710/2790/1412 2713/2793/1415
f 2713/2793/1415 2710/2790/1412 2714/2794/163
f 2713/2793/1415 2714/2794/163 2715/2795/998
f 2715/2795/998 2714/2794/163 2716/2796/1416
f 2715/2795/998 2716/2796/1416 2717/2797/1417
f 2715/2795/998 2717/2797/1417 2718/2798/986
f 2718/2798/986 2717/2797/1417 2719/2799/1418
f 2718/2798/986 2719/2799/1418 2720/2800/1419
f 2720/2800/1419 2719/2799/1418 2721/2801/1420
f 2720/2800/1419 2721/2801/1420 2722/2802/1421
f 2722/2802/1421 2721/2801/1420 2723/2803/1422
f 2722/2802/1421 2723/2803/1422 2724/2804/1423
f 2724/2804/1423 2723/2803/1422 2725/2805/1231
f 2724/2804/1423 2725/2805/1231 2726/2806/1424
f 2726/2806/1424 2725/2805/1231 2727/2807/1425
f 2726/2806/1424 2727/2807/1425 2728/2808/1426
f 2728/2808/1426 2727/2807/1425 2729/2809/1233
f 2728/2808/1426 2729/2809/1233 2730/2810/1427
f 2730/2810/1427 2729/2809/1233 2731/2811/1428
f 2730/2810/1427 2731/2811/1428 2732/2812/175
f 2732/2812/175 2731/2811/1428 2733/2813/1429
f 2732/2812/175 2733/2813/1429 2734/2814/175
f 2734/2814/175 2733/2813/1429 2735/2815/1430
f 2734/2814/175 2735/2815/1430 2736/2816/1431
f 2736/2816/1431 2735/2815/1430 2737/2817/1432
f 2736/2816/1431 2737/2817/1432 2738/2818/1433
f 2738/2818/1433 2737/2817/1432 2739/2819/1434
f 2738/2818/1433 2739/2819/1434 2740/2820/1435
f 2740/2820/1435 2739/2819/1434 2741/2821/423
f 2740/2820/1435 2741/2821/423 2742/2822/1296
f 2742/2822/1296 2741/2821/423 2743/2823/417
f 2742/2822/1296 2743/2823/417 2744/2824/1436
f 2744/2824/1436 2743/2823/417 2745/2825/843
f 2744/2824/1436 2745/2825/843 2746/2826/1437
f 2746/2826/1437 2745/2825/843 2708/2788/1411
f 2746/2826/1437 2708/2788/1411 2747/2827/1438
f 2747/2827/1438 2708/2788/1411 2707/2787/1138
f 2747/2827/1438 2707/2787/1138 2748/2828/1413
f 2748/2828/1413 2707/2787/1138 2711/2791/1413
f 2747/2827/1438 2748/2828/1413 2749/2829/1439
f 2747/2827/1438 2749/2829/1439 316/282/1439
f 2747/2827/1438 316/282/1439 315/281/1440
f 38/921/393 968/922/393 37/2830/1441
f 37/2830/1441 968/922/393 2750/2831/1441
f 37/2830/1441 2750/2831/1441 29/2832/1442
f 29/2832/1442 2750/2831/1441 2751/2833/1442
f 29/2832/1442 2751/2833/1442 25/2834/1443
f 25/2834/1443 2751/2833/1442 2752/2835/1443
f 25/2834/1443 2752/2835/1443 21/2836/1444
f 21/2836/1444 2752/2835/1443 2753/2837/1444
f 21/2836/1444 2753/2837/1444 17/2838/1445
f 17/2838/1445 2753/2837/1444 2754/2839/1445
f 17/2838/1445 2754/2839/1445 13/2840/1446
f 13/2840/1446 2754/2839/1445 2755/2841/1446
f 13/2840/1446 2755/2841/1446 11/2842/1447
f 11/2842/1447 2755/2841/1446 2756/2843/1448
f 11/2842/1447 2756/2843/1448 2757/2844/1448
f 2757/2844/1448 2756/2843/1448 2758/2845/1449
f 11/2842/1447 2757/2844/1448 5/2846/1448
f 334/823/1174 2759/2847/1174 332/2848/1361
f 332/2848/1361 2759/2847/1174 2760/2849/1361
f 332/2848/1361 2760/2849/1361 331/2850/544
f 331/2850/544 2760/2849/1361 2761/2851/544
f 331/2850/544 2761/2851/544 329/2852/1450
f 329/2852/1450 2761/2851/544 2762/2853/1450
f 329/2852/1450 2762/2853/1450 330/2854/1451
f 330/2854/1451 2762/2853/1450 2763/2855/1451
f 330/2854/1451 2763/2855/1451 333/2856/1102
f 333/2856/1102 2763/2855/1451 2764/2857/1102
f 333/2856/1102 2764/2857/1102 335/2858/1452
f 335/2858/1452 2764/2857/1102 2765/2859/1452
f 335/2858/1452 2765/2859/1452 2491/2860/1453
f 335/2858/1452 2491/2860/1453 336/2861/1453
f 2766/2862/1454 1343/1317/1455 1341/1315/484
f 1343/1317/1455 2766/2862/1454 2374/2406/1455
f 2333/2365/1456 1341/1315/484 2331/2363/1457
f 1341/1315/484 2333/2365/1456 2335/2367/1015
f 1341/1315/484 2335/2367/1015 2766/2862/1454
f 2766/2862/1454 2335/2367/1015 2337/2369/1458
f 2374/2406/1455 2766/2862/1454 2767/2863/1459
f 2767/2863/1459 2766/2862/1454 2337/2369/1458
f 2374/2406/1455 2767/2863/1459 2372/2404/1307
f 2372/2404/1307 2767/2863/1459 2370/2402/1460
f 2370/2402/1460 2767/2863/1459 2368/2400/1461
f 2368/2400/1461 2767/2863/1459 2366/2398/1462
f 2366/2398/1462 2767/2863/1459 2364/2396/1463
f 2364/2396/1463 2767/2863/1459 2768/2864/1464
f 2768/2864/1464 2767/2863/1459 2337/2369/1458
f 2364/2396/1463 2768/2864/1464 2362/2394/826
f 2362/2394/826 2768/2864/1464 2769/2865/818
f 2769/2865/818 2768/2864/1464 2337/2369/1458
f 2362/2394/826 2769/2865/818 2360/2392/1465
f 2360/2392/1465 2769/2865/818 2358/2390/1466
f 2358/2390/1466 2769/2865/818 2356/2388/1467
f 2356/2388/1467 2769/2865/818 2354/2386/1468
f 2354/2386/1468 2769/2865/818 2352/2384/1469
f 2769/2865/818 2337/2369/1458 2770/2866/1470
f 2769/2865/818 2770/2866/1470 2352/2384/1469
f 2352/2384/1469 2770/2866/1470 2350/2382/1471
f 2770/2866/1470 2337/2369/1458 2338/2370/187
f 2350/2382/1471 2770/2866/1470 2348/2380/1472
f 2348/2380/1472 2770/2866/1470 2338/2370/187
f 2348/2380/1472 2338/2370/187 2345/2377/1473
f 2345/2377/1473 2338/2370/187 2340/2372/1474
f 2345/2377/1473 2340/2372/1474 2344/2376/1475
f 2344/2376/1475 2340/2372/1474 2342/2374/564
f 2771/2867/1476 2772/2868/1476 2773/2869/1145
f 2773/2869/1145 2772/2868/1476 2774/2870/1145
f 2771/2867/1476 2773/2869/1145 2775/2871/1477
f 2771/2867/1476 2775/2871/1477 2776/2872/1478
f 2776/2872/1478 2775/2871/1477 1437/1420/1478
f 1437/1420/1478 2775/2871/1477 1436/1419/1479
f 2775/2871/1477 2773/2869/1145 2777/2873/1480
f 2775/2871/1477 2777/2873/1480 2778/2874/1481
f 2777/2873/1480 2773/2869/1145 2779/2875/890
f 2778/2874/1481 2777/2873/1480 2780/2876/1139
f 2779/2875/890 2773/2869/1145 1926/2877/890
f 1926/2877/890 2773/2869/1145 2774/2870/1145
f 2778/2874/1481 2780/2876/1139 2781/2878/1482
f 1926/2877/890 2774/2870/1145 1924/2879/887
f 2781/2878/1482 2780/2876/1139 2782/2880/226
f 1924/2879/887 2774/2870/1145 2783/2881/1483
f 2781/2878/1482 2782/2880/226 2784/2882/1329
f 1924/2879/887 2783/2881/1483 2785/2883/1484
f 2784/2882/1329 2782/2880/226 2786/2884/236
f 1924/2879/887 2785/2883/1484 2787/2885/164
f 2784/2882/1329 2786/2884/236 2788/2886/1485
f 2787/2885/164 2785/2883/1484 2789/2887/973
f 2788/2886/1485 2786/2884/236 2790/2888/1486
f 2787/2885/164 2789/2887/973 2791/2889/1487
f 2788/2886/1485 2790/2888/1486 2792/2890/1488
f 2791/2889/1487 2789/2887/973 2793/2891/1489
f 2792/2890/1488 2790/2888/1486 2794/2892/1490
f 2793/2891/1489 2789/2887/973 2795/2893/968
f 2792/2890/1488 2794/2892/1490 2796/2894/1491
f 2793/2891/1489 2795/2893/968 2797/2895/1492
f 2796/2894/1491 2794/2892/1490 2798/2896/1493
f 2797/2895/1492 2795/2893/968 2799/2897/1494
f 2796/2894/1491 2798/2896/1493 2800/2898/458
f 2797/2895/1492 2799/2897/1494 2801/2899/1495
f 2800/2898/458 2798/2896/1493 2802/2900/1496
f 2801/2899/1495 2799/2897/1494 2803/2901/1497
f 2800/2898/458 2802/2900/1496 2804/2902/458
f 2801/2899/1495 2803/2901/1497 2805/2903/1498
f 2804/2902/458 2802/2900/1496 2806/2904/1499
f 2805/2903/1498 2803/2901/1497 2807/2905/1500
f 2804/2902/458 2806/2904/1499 2808/2906/1501
f 2805/2903/1498 2807/2905/1500 2809/2907/1284
f 2808/2906/1501 2806/2904/1499 2810/2908/1286
f 2809/2907/1284 2807/2905/1500 2811/2909/1502
f 2808/2906/1501 2810/2908/1286 2812/2910/1503
f 2809/2907/1284 2811/2909/1502 2813/2911/1504
f 2812/2910/1503 2810/2908/1286 2813/2911/1504
f 2812/2910/1503 2813/2911/1504 2811/2909/1502
f 2814/2912/1376 2169/2193/1505 2172/2195/1506
f 2169/2193/1505 2814/2912/1376 2165/2189/1507
f 2165/2189/1507 2814/2912/1376 2161/2185/1508
f 2161/2185/1508 2814/2912/1376 2157/2181/1509
f 2814/2912/1376 2172/2195/1506 2815/2913/813
f 2815/2913/813 2172/2195/1506 2174/2197/1308
f 2815/2913/813 2174/2197/1308 2176/2199/1510
f 2157/2181/1509 2814/2912/1376 2816/2914/1511
f 2157/2181/1509 2816/2914/1511 2153/2177/1512
f 2153/2177/1512 2816/2914/1511 2149/2173/1513
f 2816/2914/1511 2814/2912/1376 2319/2351/1458
f 2319/2351/1458 2814/2912/1376 2815/2913/813
f 2149/2173/1513 2816/2914/1511 2817/2915/676
f 2817/2915/676 2816/2914/1511 2319/2351/1458
f 2149/2173/1513 2817/2915/676 2146/2170/1514
f 2146/2170/1514 2817/2915/676 2148/2172/1515
f 2148/2172/1515 2817/2915/676 2152/2176/1468
f 2152/2176/1468 2817/2915/676 2156/2180/1516
f 2156/2180/1516 2817/2915/676 2818/2916/1010
f 2818/2916/1010 2817/2915/676 2319/2351/1458
f 2156/2180/1516 2818/2916/1010 2160/2184/245
f 2160/2184/245 2818/2916/1010 2164/2188/1517
f 2164/2188/1517 2818/2916/1010 2168/2192/1468
f 2818/2916/1010 2319/2351/1458 2322/2354/1518
f 2818/2916/1010 2322/2354/1518 2168/2192/1468
f 2168/2192/1468 2322/2354/1518 2324/2356/1519
f 2168/2192/1468 2324/2356/1519 2325/2357/1298
f 2819/2917/1520 2319/2351/1458 2815/2913/813
f 2819/2917/1520 2815/2913/813 2176/2199/1510
f 2319/2351/1458 2819/2917/1520 2318/2350/1521
f 2819/2917/1520 2176/2199/1510 2178/2201/485
f 2819/2917/1520 2178/2201/485 2318/2350/1521
f 2318/2350/1521 2178/2201/485 2186/2209/1456
f 2186/2209/1456 2178/2201/485 2180/2203/1522
f 2022/2041/1523 2820/2918/1524 2018/2037/612
f 2820/2918/1524 2022/2041/1523 2026/2045/1523
f 2019/2038/1525 2016/2035/1526 2018/2037/612
f 2019/2038/1525 2018/2037/612 2023/2042/1050
f 2023/2042/1050 2018/2037/612 2820/2918/1524
f 2023/2042/1050 2820/2918/1524 2027/2046/1527
f 2820/2918/1524 2026/2045/1523 2821/2919/1528
f 2820/2918/1524 2821/2919/1528 2027/2046/1527
f 2821/2919/1528 2026/2045/1523 2030/2049/1318
f 2821/2919/1528 2030/2049/1318 2034/2053/1529
f 2821/2919/1528 2034/2053/1529 2037/2056/1530
f 2821/2919/1528 2037/2056/1530 2039/2058/1531
f 2821/2919/1528 2039/2058/1531 2041/2060/1532
f 2821/2919/1528 2041/2060/1532 2822/2920/1533
f 2821/2919/1528 2822/2920/1533 2027/2046/1527
f 2822/2920/1533 2041/2060/1532 2043/2062/1095
f 2822/2920/1533 2043/2062/1095 2823/2921/1087
f 2822/2920/1533 2823/2921/1087 2027/2046/1527
f 2823/2921/1087 2043/2062/1095 2045/2064/1534
f 2823/2921/1087 2045/2064/1534 2047/2066/1535
f 2823/2921/1087 2047/2066/1535 2049/2068/1536
f 2823/2921/1087 2049/2068/1536 2051/2070/1537
f 2823/2921/1087 2051/2070/1537 2053/2072/1538
f 2027/2046/1527 2823/2921/1087 2824/2922/1539
f 2824/2922/1539 2823/2921/1087 2053/2072/1538
f 2824/2922/1539 2053/2072/1538 2234/2257/1540
f 2027/2046/1527 2824/2922/1539 2029/2048/452
f 2824/2922/1539 2234/2257/1540 2236/2259/1541
f 2824/2922/1539 2236/2259/1541 2029/2048/452
f 2029/2048/452 2236/2259/1541 2238/2261/1542
f 2029/2048/452 2238/2261/1542 2033/2052/1543
f 2033/2052/1543 2238/2261/1542 2241/2264/1544
f 2033/2052/1543 2241/2264/1544 2242/2265/576
f 2825/2923/1545 1780/1799/1545 1750/1769/1545
f 2280/2303/1546 2826/2924/1546 2282/2305/1546
f 2232/2255/1527 2231/2254/1547 2827/2925/1548
f 2827/2925/1548 2231/2254/1547 2221/2244/613
f 2221/2244/613 2231/2254/1547 2228/2251/1525
f 2221/2244/613 2228/2251/1525 2223/2246/1549
f 2827/2925/1548 2221/2244/613 2219/2242/1550
f 2827/2925/1548 2219/2242/1550 2828/2926/1082
f 2827/2925/1548 2828/2926/1082 2232/2255/1527
f 2828/2926/1082 2219/2242/1550 2217/2240/1317
f 2828/2926/1082 2217/2240/1317 2215/2238/1551
f 2828/2926/1082 2215/2238/1551 2829/2927/1552
f 2828/2926/1082 2829/2927/1552 2232/2255/1527
f 2829/2927/1552 2215/2238/1551 2213/2236/1553
f 2829/2927/1552 2213/2236/1553 2211/2234/1554
f 2829/2927/1552 2211/2234/1554 2209/2232/1555
f 2829/2927/1552 2209/2232/1555 2207/2230/1556
f 2829/2927/1552 2207/2230/1556 2830/2928/1557
f 2829/2927/1552 2830/2928/1557 2232/2255/1527
f 2830/2928/1557 2207/2230/1556 2205/2228/1558
f 2830/2928/1557 2205/2228/1558 2203/2226/1559
f 2830/2928/1557 2203/2226/1559 2831/2929/696
f 2830/2928/1557 2831/2929/696 2232/2255/1527
f 2831/2929/696 2203/2226/1559 2201/2224/1560
f 2831/2929/696 2201/2224/1560 2199/2222/1561
f 2831/2929/696 2199/2222/1561 2197/2220/1537
f 2831/2929/696 2197/2220/1537 2195/2218/1562
f 2232/2255/1527 2831/2929/696 2832/2930/1042
f 2832/2930/1042 2831/2929/696 2195/2218/1562
f 2832/2930/1042 2195/2218/1562 2193/2216/31
f 2832/2930/1042 2193/2216/31 2191/2214/1563
f 2232/2255/1527 2832/2930/1042 2006/2025/1564
f 2832/2930/1042 2191/2214/1563 2189/2212/1537
f 2832/2930/1042 2189/2212/1537 2006/2025/1564
f 2006/2025/1564 2189/2212/1537 2008/2027/1565
f 2008/2027/1565 2189/2212/1537 2009/2028/1326
f 2637/2700/814 2633/2696/1566 2833/2931/813
f 2637/2700/814 2833/2931/813 2390/2441/1567
f 2637/2700/814 2390/2441/1567 2397/2448/1568
f 2397/2448/1568 2390/2441/1567 2391/2442/1148
f 2390/2441/1567 2833/2931/813 2388/2439/484
f 2388/2439/484 2833/2931/813 2834/2932/1569
f 2834/2932/1569 2833/2931/813 2633/2696/1566
f 2388/2439/484 2834/2932/1569 2652/2715/507
f 2652/2715/507 2834/2932/1569 2650/2713/506
f 2650/2713/506 2834/2932/1569 2648/2711/1303
f 2648/2711/1303 2834/2932/1569 2835/2933/1570
f 2835/2933/1570 2834/2932/1569 2633/2696/1566
f 2648/2711/1303 2835/2933/1570 2646/2709/1571
f 2646/2709/1571 2835/2933/1570 2644/2707/1572
f 2644/2707/1572 2835/2933/1570 2642/2705/1573
f 2642/2705/1573 2835/2933/1570 2836/2934/819
f 2836/2934/819 2835/2933/1570 2633/2696/1566
f 2642/2705/1573 2836/2934/819 2640/2703/1574
f 2640/2703/1574 2836/2934/819 2638/2701/250
f 2638/2701/250 2836/2934/819 2634/2697/1575
f 2634/2697/1575 2836/2934/819 2630/2693/479
f 2836/2934/819 2633/2696/1566 2837/2935/820
f 2836/2934/819 2837/2935/820 2630/2693/479
f 2837/2935/820 2633/2696/1566 2631/2694/1012
f 2630/2693/479 2837/2935/820 2626/2688/1468
f 2626/2688/1468 2837/2935/820 2631/2694/1012
f 2626/2688/1468 2631/2694/1012 2627/2690/1576
f 2626/2688/1468 2627/2690/1576 2623/2687/1577
f 2838/2936/1578 2839/2937/1579 2840/2938/1580
f 2840/2938/1580 2839/2937/1579 2841/2939/1581
f 2841/2939/1581 2839/2937/1579 2842/2940/1321
f 2839/2937/1579 2838/2936/1578 2843/2941/1088
f 2843/2941/1088 2838/2936/1578 2844/2942/1582
f 2843/2941/1088 2844/2942/1582 2845/2943/33
f 2843/2941/1088 2845/2943/33 2846/2944/1583
f 2843/2941/1088 2846/2944/1583 2847/2945/609
f 2842/2940/1321 2839/2937/1579 2848/2946/1584
f 2842/2940/1321 2848/2946/1584 2849/2947/509
f 2849/2947/509 2848/2946/1584 2850/2948/508
f 2850/2948/508 2848/2946/1584 2851/2949/612
f 2843/2941/1088 2847/2945/609 2852/2950/1089
f 2852/2950/1089 2847/2945/609 2853/2951/1537
f 2854/2952/1585 2839/2937/1579 2843/2941/1088
f 2854/2952/1585 2843/2941/1088 2852/2950/1089
f 2839/2937/1579 2854/2952/1585 2848/2946/1584
f 2852/2950/1089 2853/2951/1537 2855/2953/1043
f 2852/2950/1089 2855/2953/1043 2854/2952/1585
f 2855/2953/1043 2853/2951/1537 2856/2954/1586
f 2856/2954/1586 2853/2951/1537 2857/2955/1587
f 2848/2946/1584 2854/2952/1585 2858/2956/1082
f 2848/2946/1584 2858/2956/1082 2851/2949/612
f 2858/2956/1082 2854/2952/1585 2859/2957/1083
f 2851/2949/612 2858/2956/1082 2451/2508/1588
f 2451/2508/1588 2858/2956/1082 2859/2957/1083
f 2451/2508/1588 2859/2957/1083 2445/2502/1589
f 2451/2508/1588 2445/2502/1589 2448/2505/1177
f 2850/2948/1590 2860/2958/1591 2861/2959/1590
f 2860/2958/1591 2850/2948/1590 2851/2949/1591
f 2850/2948/1590 2861/2959/1590 2849/2947/1552
f 2860/2958/1591 2851/2949/1591 2450/2507/1179
f 2849/2947/1552 2861/2959/1590 2862/2960/1552
f 2450/2507/1179 2851/2949/1591 2451/2508/1179
f 2849/2947/1552 2862/2960/1552 2842/2940/1592
f 2842/2940/1592 2862/2960/1552 2863/2961/1592
f 2842/2940/1592 2863/2961/1592 2841/2939/1593
f 2841/2939/1593 2863/2961/1592 2864/2962/1593
f 2841/2939/1593 2864/2962/1593 2840/2938/1594
f 2840/2938/1594 2864/2962/1593 2865/2963/1594
f 2840/2938/1594 2865/2963/1594 2838/2936/1595
f 2838/2936/1595 2865/2963/1594 2866/2964/1595
f 2838/2936/1595 2866/2964/1595 2844/2942/1596
f 2844/2942/1596 2866/2964/1595 2867/2965/1596
f 2844/2942/1596 2867/2965/1596 2845/2943/1597
f 2845/2943/1597 2867/2965/1596 2868/2966/1597
f 2845/2943/1597 2868/2966/1597 2846/2944/1598
f 2846/2944/1598 2868/2966/1597 2869/2967/1598
f 2846/2944/1598 2869/2967/1598 2847/2945/1042
f 2847/2945/1042 2869/2967/1598 2870/2968/1042
f 2847/2945/1042 2870/2968/1042 2853/2951/1599
f 2853/2951/1599 2870/2968/1042 2871/2969/1599
f 2853/2951/1599 2871/2969/1599 2857/2955/1600
f 2857/2955/1600 2871/2969/1599 2872/2970/1601
f 2857/2955/1600 2872/2970/1601 2229/2252/1061
f 2229/2252/1061 2872/2970/1601 2226/2249/1059
f 2857/2955/1600 2229/2252/1061 2873/2971/955
f 2857/2955/1600 2873/2971/955 2856/2954/955
f 2856/2954/955 2873/2971/955 2874/2972/1602
f 2856/2954/955 2874/2972/1602 2855/2953/1602
f 2855/2953/1602 2874/2972/1602 2854/2952/1603
f 2854/2952/1603 2874/2972/1602 2875/2973/1603
f 2854/2952/1603 2875/2973/1603 2859/2957/1176
f 2859/2957/1176 2875/2973/1603 2446/2503/1176
f 2859/2957/1176 2446/2503/1176 2445/2502/1175
f 1403/2974/90 2876/2975/1604 1402/2976/90
f 1402/2976/90 2876/2975/1604 2877/2977/1604
f 2877/2977/1604 2876/2975/1604 2878/2978/1605
f 2877/2977/1604 2878/2978/1605 2879/2979/1605
f 2879/2979/1605 2878/2978/1605 2880/2980/1169
f 2879/2979/1605 2880/2980/1169 2881/2981/1169
f 2881/2981/1169 2880/2980/1169 2882/2982/798
f 2881/2981/1169 2882/2982/798 2883/2983/798
f 2883/2983/798 2882/2982/798 2884/2984/1606
f 2883/2983/798 2884/2984/1606 2885/2985/1606
f 2885/2985/1606 2884/2984/1606 2886/2986/1607
f 2885/2985/1606 2886/2986/1607 2887/2987/1607
f 2887/2987/1607 2886/2986/1607 2888/2988/1608
f 2887/2987/1607 2888/2988/1608 2889/2989/1608
f 2889/2989/1608 2888/2988/1608 2890/2990/1609
f 2889/2989/1608 2890/2990/1609 2891/2991/1609
f 2891/2991/1609 2890/2990/1609 2892/2992/1380
f 2891/2991/1609 2892/2992/1380 2893/2993/1380
f 2187/2994/1610 2894/2995/1610 2320/2996/1610
f 2320/2996/1610 2894/2995/1610 2895/2997/1610
f 2894/2995/1610 2187/2994/1610 2896/2998/1610
f 2320/2996/1610 2895/2997/1610 2897/2999/1611
f 2896/2998/1610 2187/2994/1610 2184/3000/1610
f 2320/2996/1610 2897/2999/1611 2321/3001/1611
f 2896/2998/1610 2184/3000/1610 2898/3002/1546
f 2321/3001/1611 2897/2999/1611 2899/3003/1611
f 2898/3002/1546 2184/3000/1610 2182/3004/1546
f 2321/3001/1611 2899/3003/1611 2323/3005/1611
f 2898/3002/1546 2182/3004/1546 2185/3006/1546
f 2323/3005/1611 2899/3003/1611 2900/3007/1612
f 2898/3002/1546 2185/3006/1546 2901/3008/1546
f 2323/3005/1611 2900/3007/1612 2326/3009/1612
f 2901/3008/1546 2185/3006/1546 2625/3010/1612
f 2326/3009/1612 2900/3007/1612 2328/3011/1611
f 2901/3008/1546 2625/3010/1612 2902/3012/1612
f 2328/3011/1611 2900/3007/1612 2903/3013/1611
f 2902/3012/1612 2625/3010/1612 2629/3014/1612
f 2328/3011/1611 2903/3013/1611 2904/3015/1611
f 2902/3012/1612 2629/3014/1612 2905/3016/1612
f 2328/3011/1611 2904/3015/1611 2330/3017/1611
f 2905/3016/1612 2629/3014/1612 2635/3018/110
f 2330/3017/1611 2904/3015/1611 2332/3019/110
f 2905/3016/1612 2635/3018/110 2906/3020/110
f 2332/3019/110 2904/3015/1611 2907/3021/110
f 2906/3020/110 2635/3018/110 2908/3022/110
f 2332/3019/110 2907/3021/110 2334/3023/1546
f 2908/3022/110 2635/3018/110 2498/3024/1198
f 2334/3023/1546 2907/3021/110 2909/3025/1546
f 2908/3022/110 2498/3024/1198 2910/3026/1612
f 2334/3023/1546 2909/3025/1546 2336/3027/1610
f 2910/3026/1612 2498/3024/1198 2499/3028/1200
f 2336/3027/1610 2909/3025/1546 2911/3029/1610
f 2910/3026/1612 2499/3028/1200 2500/3030/1203
f 2336/3027/1610 2911/3029/1610 2912/3031/1610
f 2910/3026/1612 2500/3030/1203 2913/3032/110
f 2336/3027/1610 2912/3031/1610 2339/3033/1610
f 2913/3032/110 2500/3030/1203 2914/3034/540
f 2339/3033/1610 2912/3031/1610 2915/3035/1610
f 2914/3034/540 2500/3030/1203 2501/3036/581
f 2339/3033/1610 2915/3035/1610 2341/3037/1610
f 2914/3034/540 2501/3036/581 2502/3038/1206
f 2341/3037/1610 2915/3035/1610 2916/3039/1610
f 2914/3034/540 2502/3038/1206 2917/3040/1613
f 2917/3040/1613 2502/3038/1206 2503/3041/1208
f 2917/3040/1613 2503/3041/1208 2918/3042/349
f 2341/3037/1610 2916/3039/1610 1736/3043/1610
f 1736/3043/1610 2916/3039/1610 2919/3044/1546
f 1736/3043/1610 2919/3044/1546 1734/3045/1546
f 1734/3045/1546 2919/3044/1546 1738/3046/1610
f 1738/3046/1610 2919/3044/1546 2920/3047/1610
f 1738/3046/1610 2920/3047/1610 1742/3048/1610
f 1742/3048/1610 2920/3047/1610 2921/3049/1610
f 1742/3048/1610 2921/3049/1610 1746/3050/1610
f 1746/3050/1610 2921/3049/1610 2922/3051/1610
f 1746/3050/1610 2922/3051/1610 2923/3052/1546
f 1746/3050/1610 2923/3052/1546 1750/3053/1545
f 1750/3053/1545 2923/3052/1546 2924/3054/1546
f 1750/3053/1545 2924/3054/1546 2825/3055/1545
f 2901/3056/1546 2229/3057/1546 2898/3058/1546
f 2898/3058/1546 2229/3057/1546 2225/3059/1546
f 2229/3057/1546 2901/3056/1546 2873/3060/1612
f 2898/3058/1546 2225/3059/1546 2227/3061/1610
f 2873/3060/1612 2901/3056/1546 2902/3062/1612
f 2898/3058/1546 2227/3061/1610 2896/3063/1610
f 2873/3060/1612 2902/3062/1612 2874/3064/1612
f 2896/3063/1610 2227/3061/1610 2230/3065/1610
f 2874/3064/1612 2902/3062/1612 2905/3066/1612
f 2896/3063/1610 2230/3065/1610 2894/3067/1610
f 2874/3064/1612 2905/3066/1612 2875/3068/110
f 2894/3067/1610 2230/3065/1610 2233/3069/1610
f 2875/3068/110 2905/3066/1612 2906/3070/110
f 2894/3067/1610 2233/3069/1610 2895/3071/1610
f 2875/3068/110 2906/3070/110 2908/3072/110
f 2895/3071/1610 2233/3069/1610 2897/3073/1611
f 2875/3068/110 2908/3072/110 2446/3074/110
f 2897/3073/1611 2233/3069/1610 2005/3075/1611
f 2446/3074/110 2908/3072/110 2910/3076/1612
f 2897/3073/1611 2005/3075/1611 2899/3077/1611
f 2446/3074/110 2910/3076/1612 2556/3078/1260
f 2899/3077/1611 2005/3075/1611 2007/3079/1611
f 2556/3078/1260 2910/3076/1612 2555/3080/1258
f 2899/3077/1611 2007/3079/1611 2900/3081/1612
f 2555/3080/1258 2910/3076/1612 2913/3082/110
f 2900/3081/1612 2007/3079/1611 2010/3083/1612
f 2555/3080/1258 2913/3082/110 2914/3084/540
f 2900/3081/1612 2010/3083/1612 2012/3085/1611
f 2555/3080/1258 2914/3084/540 2553/3086/580
f 2900/3081/1612 2012/3085/1611 2903/3087/1611
f 2553/3086/580 2914/3084/540 2552/3088/1252
f 2903/3087/1611 2012/3085/1611 2904/3089/1611
f 2552/3088/1252 2914/3084/540 2917/3090/1613
f 2552/3088/1252 2917/3090/1613 2554/3091/1257
f 2554/3091/1257 2917/3090/1613 2918/3092/349
f 2904/3089/1611 2012/3085/1611 2014/3093/1611
f 2904/3089/1611 2014/3093/1611 2017/3094/110
f 2904/3089/1611 2017/3094/110 2907/3095/110
f 2907/3095/110 2017/3094/110 2021/3096/1546
f 2907/3095/110 2021/3096/1546 2909/3097/1546
f 2909/3097/1546 2021/3096/1546 2025/3098/1610
f 2909/3097/1546 2025/3098/1610 2911/3099/1610
f 2911/3099/1610 2025/3098/1610 2912/3100/1610
f 2912/3100/1610 2025/3098/1610 2031/3101/1610
f 2912/3100/1610 2031/3101/1610 2915/3102/1610
f 2915/3102/1610 2031/3101/1610 2035/3103/1610
f 2915/3102/1610 2035/3103/1610 2916/3104/1610
f 2916/3104/1610 2035/3103/1610 2244/3105/1610
f 2916/3104/1610 2244/3105/1610 2919/3106/1546
f 2919/3106/1546 2244/3105/1610 1866/3107/1546
f 2919/3106/1546 1866/3107/1546 1868/3108/1610
f 2919/3106/1546 1868/3108/1610 2920/3109/1610
f 2920/3109/1610 1868/3108/1610 2292/3110/1610
f 2920/3109/1610 2292/3110/1610 2921/3111/1610
f 2921/3111/1610 2292/3110/1610 2288/3112/1610
f 2921/3111/1610 2288/3112/1610 2922/3113/1610
f 2922/3113/1610 2288/3112/1610 2923/3114/1546
f 2923/3114/1546 2288/3112/1610 2282/3115/1546
f 2923/3114/1546 2282/3115/1546 2924/3116/1546
f 2924/3116/1546 2282/3115/1546 2826/3117/1546
f 2925/3118/1614 2926/3119/1614 747/3120/1614
f 2925/3118/1614 747/3120/1614 749/716/1614
f 2927/3118/1615 745/716/1615 746/3120/1615
f 2927/3118/1615 746/3120/1615 2928/3119/1615
f 2929/3118/1615 779/716/1615 780/3120/1615
f 2929/3118/1615 780/3120/1615 2930/3119/1615
f 2931/3118/1614 2932/3119/1614 804/3120/1614
f 2931/3118/1614 804/3120/1614 806/716/1614
f 2329/2361/1616 1340/1314/1616 2327/2359/1616
f 2327/2359/1616 1340/1314/1616 1342/1316/1616
f 2327/2359/1616 1342/1316/1616 2170/2194/1616
f 2170/2194/1616 1342/1316/1616 2375/2407/1616
f 2170/2194/1616 2375/2407/1616 2166/2190/1616
f 2166/2190/1616 2375/2407/1616 2373/2405/1616
f 2166/2190/1616 2373/2405/1616 2162/2186/1616
f 2162/2186/1616 2373/2405/1616 2158/2182/1616
f 2158/2182/1616 2373/2405/1616 2371/2403/1616
f 2158/2182/1616 2371/2403/1616 2369/2401/1616
f 2158/2182/1616 2369/2401/1616 2154/2178/1616
f 2154/2178/1616 2369/2401/1616 2367/2399/1616
f 2154/2178/1616 2367/2399/1616 2150/2174/1616
f 2150/2174/1616 2367/2399/1616 2365/2397/1616
f 2150/2174/1616 2365/2397/1616 2147/2171/1616
f 2147/2171/1616 2365/2397/1616 2363/2395/1616
f 2147/2171/1616 2363/2395/1616 2145/2169/1616
f 2145/2169/1616 2363/2395/1616 2933/3121/1616
f 2933/3121/1616 2363/2395/1616 2361/2393/1616
f 2933/3121/1616 2361/2393/1616 2359/2391/1616
f 2933/3121/1616 2359/2391/1616 2357/2389/1616
f 2933/3121/1616 2357/2389/1616 1761/1780/1616
f 1761/1780/1616 2357/2389/1616 1759/1778/1616
f 1759/1778/1616 2357/2389/1616 2355/2387/1616
f 1759/1778/1616 2355/2387/1616 1757/1776/1616
f 1757/1776/1616 2355/2387/1616 2353/2385/1616
f 1757/1776/1616 2353/2385/1616 2351/2383/1616
f 1757/1776/1616 2351/2383/1616 1755/1774/1616
f 1755/1774/1616 2351/2383/1616 2349/2381/1616
f 1755/1774/1616 2349/2381/1616 1753/1772/1616
f 1753/1772/1616 2349/2381/1616 2347/2379/1616
f 1753/1772/1616 2347/2379/1616 1749/1768/1616
f 1749/1768/1616 2347/2379/1616 1745/1764/1616
f 1745/1764/1616 2347/2379/1616 2346/2378/1616
f 1745/1764/1616 2346/2378/1616 1741/1760/1616
f 1741/1760/1616 2346/2378/1616 2343/2375/1616
f 1741/1760/1616 2343/2375/1616 1733/1752/1616
f 1741/1760/1616 1733/1752/1616 1735/1754/1616
f 2934/3122/1616 2145/2169/1616 2933/3121/1616
f 2145/2169/1616 2934/3122/1616 2151/2175/1616
f 2151/2175/1616 2934/3122/1616 2155/2179/1616
f 2155/2179/1616 2934/3122/1616 2159/2183/1616
f 2159/2183/1616 2934/3122/1616 2163/2187/1616
f 2163/2187/1616 2934/3122/1616 2935/3123/1616
f 2163/2187/1616 2935/3123/1616 2167/2191/1616
f 2936/3124/1616 2933/3121/1616 1761/1780/1616
f 2936/3124/1616 1761/1780/1616 1763/1782/1616
f 2936/3124/1616 1763/1782/1616 1765/1784/1616
f 2936/3124/1616 1765/1784/1616 1767/1786/1616
f 2936/3124/1616 1767/1786/1616 1769/1788/1616
f 2936/3124/1616 1769/1788/1616 1771/1790/1616
f 2936/3124/1616 1771/1790/1616 1773/1792/1616
f 2936/3124/1616 1773/1792/1616 1775/1794/1616
f 2936/3124/1616 1775/1794/1616 1777/1796/1616
f 2936/3124/1616 1777/1796/1616 1779/1798/1616
f 2936/3124/1616 1779/1798/1616 1782/1801/1616
f 2936/3124/1616 1782/1801/1616 2937/3125/1616
f 2937/3125/1616 1782/1801/1616 1784/1803/1616
f 2937/3125/1616 1784/1803/1616 1786/1805/1616
f 2937/3125/1616 1786/1805/1616 1789/1809/1616
f 1789/1809/1616 1786/1805/1616 1788/1807/1616
f 2937/3125/1616 1789/1809/1616 519/1811/1616
f 2938/3126/1616 2647/2710/1616 2935/3123/1616
f 2935/3123/1616 2647/2710/1616 2645/2708/1616
f 2935/3123/1616 2645/2708/1616 2643/2706/1616
f 2935/3123/1616 2643/2706/1616 2641/2704/1616
f 2935/3123/1616 2641/2704/1616 2167/2191/1616
f 2167/2191/1616 2641/2704/1616 2639/2702/1616
f 2167/2191/1616 2639/2702/1616 2171/2195/1616
f 2171/2195/1616 2639/2702/1616 2636/2699/1616
f 2171/2195/1616 2636/2699/1616 2173/2196/1616
f 2173/2196/1616 2636/2699/1616 2632/2695/1616
f 2173/2196/1616 2632/2695/1616 2175/2198/1616
f 2175/2198/1616 2632/2695/1616 2628/2691/1616
f 2175/2198/1616 2628/2691/1616 2177/2200/1616
f 2177/2200/1616 2628/2691/1616 2624/2688/1616
f 2177/2200/1616 2624/2688/1616 2179/2202/1458
f 2179/2202/1458 2624/2688/1616 2622/2686/1458
f 2179/2202/1458 2622/2686/1458 2183/2206/1617
f 2179/2202/1458 2183/2206/1617 2181/2204/1617
f 176/139/344 1849/1856/344 2939/3127/1483
f 176/139/344 2939/3127/1483 174/137/1483
f 174/137/1483 2939/3127/1483 2940/3128/1618
f 174/137/1483 2940/3128/1618 172/135/1618
f 172/135/1618 2940/3128/1618 170/133/1619
f 170/133/1619 2940/3128/1618 2941/3129/1619
f 2942/3130/1449 2943/3131/1449 2944/3132/1620
f 2944/3132/1620 2943/3131/1449 2945/3133/1620
f 2944/3132/1620 2945/3133/1620 2946/3134/1618
f 2946/3134/1618 2945/3133/1620 2947/3135/1618
f 2946/3134/1618 2947/3135/1618 2948/3136/1621
f 2948/3136/1621 2947/3135/1618 2949/3137/1621
f 2948/3136/1621 2949/3137/1621 2950/3138/1622
f 2950/3138/1622 2949/3137/1621 2951/3139/1622
f 2950/3138/1622 2951/3139/1622 2952/3140/838
f 2952/3140/838 2951/3139/1622 2953/3141/838
f 2952/3140/838 2953/3141/838 2954/3142/1174
f 2954/3142/1174 2953/3141/838 2955/3143/1174
f 2954/3142/1174 2955/3143/1174 2956/3144/1623
f 2956/3144/1623 2955/3143/1174 2957/3145/1623
f 2956/3144/1623 2957/3145/1623 1400/1378/627
f 1400/1378/627 2957/3145/1623 1401/1379/627
f 2054/2073/1624 2255/2278/1624 2235/2258/1450
f 2235/2258/1450 2255/2278/1624 2253/2276/1450
f 2255/2278/1624 2054/2073/1624 2257/2280/1624
f 2235/2258/1450 2253/2276/1450 2237/2260/1450
f 2257/2280/1624 2054/2073/1624 2052/2071/1450
f 2237/2260/1450 2253/2276/1450 2251/2274/1450
f 2257/2280/1624 2052/2071/1450 2050/2069/1624
f 2237/2260/1450 2251/2274/1450 2249/2272/1450
f 2257/2280/1624 2050/2069/1624 2259/2282/1624
f 2237/2260/1450 2249/2272/1450 2239/2262/1450
f 2259/2282/1624 2050/2069/1624 2048/2067/1624
f 2239/2262/1450 2249/2272/1450 2247/2270/1450
f 2239/2262/1450 2247/2270/1450 2240/2263/1450
f 2240/2263/1450 2247/2270/1450 2243/2266/1450
f 2243/2266/1450 2247/2270/1450 2245/2268/1450
f 2259/2282/1624 2048/2067/1624 2261/2284/1624
f 2261/2284/1624 2048/2067/1624 2958/3146/1450
f 2958/3146/1450 2048/2067/1624 2046/2065/1624
f 2958/3146/1450 2046/2065/1624 2044/2063/1624
f 2958/3146/1450 2044/2063/1624 2042/2061/1450
f 2958/3146/1450 2042/2061/1450 2202/2225/1624
f 2202/2225/1624 2042/2061/1450 2200/2223/1624
f 2200/2223/1624 2042/2061/1450 2040/2059/1624
f 2200/2223/1624 2040/2059/1624 2198/2221/1624
f 2198/2221/1624 2040/2059/1624 2038/2057/1624
f 2198/2221/1624 2038/2057/1624 2196/2219/1450
f 2196/2219/1450 2038/2057/1624 2036/2055/1624
f 2196/2219/1450 2036/2055/1624 2194/2217/1450
f 2194/2217/1450 2036/2055/1624 2032/2051/1450
f 2194/2217/1450 2032/2051/1450 2028/2047/1450
f 2194/2217/1450 2028/2047/1450 2192/2215/1450
f 2192/2215/1450 2028/2047/1450 2190/2213/1450
f 2190/2213/1450 2028/2047/1450 2024/2043/1450
f 2190/2213/1450 2024/2043/1450 2188/2211/1450
f 2188/2211/1450 2024/2043/1450 2020/2039/1450
f 2188/2211/1450 2020/2039/1450 2011/2030/1450
f 2011/2030/1450 2020/2039/1450 2015/2034/1450
f 2011/2030/1450 2015/2034/1450 2013/2032/1450
f 2959/3147/1450 2210/2233/1450 2960/3148/1450
f 2210/2233/1450 2959/3147/1450 2208/2231/1450
f 2208/2231/1450 2959/3147/1450 2206/2229/1450
f 2206/2229/1450 2959/3147/1450 2204/2227/1450
f 2204/2227/1450 2959/3147/1450 2202/2225/1624
f 2202/2225/1624 2959/3147/1450 2958/3146/1450
f 2960/3148/1450 2210/2233/1450 2212/2235/1450
f 2960/3148/1450 2212/2235/1450 2866/2964/1450
f 2866/2964/1450 2212/2235/1450 2867/2965/1450
f 2960/3148/1450 2866/2964/1450 2865/2963/1450
f 2867/2965/1450 2212/2235/1450 2214/2237/1450
f 2960/3148/1450 2865/2963/1450 2864/2962/1450
f 2867/2965/1450 2214/2237/1450 2868/2966/1450
f 2960/3148/1450 2864/2962/1450 2863/2961/1450
f 2868/2966/1450 2214/2237/1450 2216/2239/1450
f 2868/2966/1450 2216/2239/1450 2869/2967/1450
f 2869/2967/1450 2216/2239/1450 2218/2241/1450
f 2869/2967/1450 2218/2241/1450 2870/2968/1450
f 2870/2968/1450 2218/2241/1450 2220/2243/1450
f 2870/2968/1450 2220/2243/1450 2871/2969/1450
f 2871/2969/1450 2220/2243/1450 2222/2245/1527
f 2871/2969/1450 2222/2245/1527 2872/2970/1527
f 2872/2970/1527 2222/2245/1527 2226/2249/1625
f 2226/2249/1625 2222/2245/1527 2224/2247/1625
f 2961/3149/1450 2261/2284/1624 2958/3146/1450
f 2261/2284/1624 2961/3149/1450 2263/2286/1624
f 2263/2286/1624 2961/3149/1450 2265/2288/1450
f 2265/2288/1450 2961/3149/1450 2267/2290/1624
f 2267/2290/1624 2961/3149/1450 2269/2292/1624
f 2269/2292/1624 2961/3149/1450 2271/2294/1624
f 2271/2294/1624 2961/3149/1450 2273/2296/1450
f 2273/2296/1450 2961/3149/1450 2275/2298/1450
f 2275/2298/1450 2961/3149/1450 2277/2300/1450
f 2277/2300/1450 2961/3149/1450 2279/2302/1450
f 2279/2302/1450 2961/3149/1450 2283/2306/1450
f 2283/2306/1450 2961/3149/1450 2962/3150/1450
f 2283/2306/1450 2962/3150/1450 2287/2310/1450
f 2287/2310/1450 2962/3150/1450 2291/2314/1450
f 2291/2314/1450 2962/3150/1450 2296/2320/1450
f 2296/2320/1450 2962/3150/1450 522/2322/1450
f 2291/2314/1450 2296/2320/1450 2295/2318/1450
f 2963/3151/1626 2964/3152/1626 2965/3153/1627
f 2965/3153/1627 2964/3152/1626 2966/3154/1627
f 2965/3153/1627 2966/3154/1627 2967/3155/697
f 2967/3155/697 2966/3154/1627 2968/3156/697
f 2967/3155/697 2968/3156/697 1305/3157/581
f 1305/3157/581 2968/3156/697 1304/3158/581
f 1302/3158/580 2969/3156/760 1303/3157/580
f 1303/3157/580 2969/3156/760 2970/3155/760
f 2970/3155/760 2969/3156/760 2971/3154/1628
f 2970/3155/760 2971/3154/1628 2972/3153/1628
f 2972/3153/1628 2971/3154/1628 2973/3152/1629
f 2972/3153/1628 2973/3152/1629 2974/3151/1629
f 2975/3159/1315 2976/3160/1630 2977/3161/1275
f 2975/3159/1315 2977/3161/1275 2978/3162/1554
f 2977/3161/1275 2976/3160/1630 2979/3163/1631
f 2979/3163/1631 2976/3160/1630 2980/3164/1632
f 2979/3163/1631 2980/3164/1632 1677/1694/782
f 2979/3163/1631 1677/1694/782 2981/3165/1633
f 2979/3163/1631 2981/3165/1633 2977/3161/1275
f 2981/3165/1633 1677/1694/782 1676/1693/781
f 2981/3165/1633 1676/1693/781 2982/3166/1634
f 2981/3165/1633 2982/3166/1634 2983/3167/1635
f 2981/3165/1633 2983/3167/1635 2977/3161/1275
f 2983/3167/1635 2982/3166/1634 2984/3168/381
f 2977/3161/1275 2983/3167/1635 2985/3169/1550
f 2977/3161/1275 2985/3169/1550 2978/3162/1554
f 2983/3167/1635 2984/3168/381 2986/3170/1636
f 2983/3167/1635 2986/3170/1636 2985/3169/1550
f 2986/3170/1636 2984/3168/381 2987/3171/102
f 2978/3162/1554 2985/3169/1550 2988/3172/1637
f 2988/3172/1637 2985/3169/1550 2986/3170/1636
f 2978/3162/1554 2988/3172/1637 2989/3173/1638
f 2989/3173/1638 2988/3172/1637 2990/3174/1639
f 2986/3170/1636 2987/3171/102 2991/3175/1640
f 2986/3170/1636 2991/3175/1640 2988/3172/1637
f 2991/3175/1640 2987/3171/102 2992/3176/380
f 2990/3174/1639 2988/3172/1637 2993/3177/1641
f 2993/3177/1641 2988/3172/1637 2991/3175/1640
f 2990/3174/1639 2993/3177/1641 2994/3178/1642
f 2991/3175/1640 2992/3176/380 2995/3179/1643
f 2991/3175/1640 2995/3179/1643 2993/3177/1641
f 2995/3179/1643 2992/3176/380 2996/3180/100
f 2994/3178/1642 2993/3177/1641 2997/3181/1644
f 2997/3181/1644 2993/3177/1641 2995/3179/1643
f 2994/3178/1642 2997/3181/1644 2998/3182/1645
f 2997/3181/1644 2995/3179/1643 2999/3183/1646
f 2998/3182/1645 2997/3181/1644 3000/3184/1647
f 3000/3184/1647 2997/3181/1644 2999/3183/1646
f 3000/3184/1647 2999/3183/1646 1991/2008/1648
f 3001/3185/1616 3002/3186/1616 3003/3187/1616
f 3003/3187/1616 3002/3186/1616 3004/3188/1616
f 3002/3186/1616 3001/3185/1616 3005/3189/1616
f 3004/3188/1616 3002/3186/1616 3006/3190/1616
f 3002/3186/1616 3005/3189/1616 3007/3191/1616
f 3006/3190/1616 3002/3186/1616 3008/3192/1616
f 3002/3186/1616 3007/3191/1616 3009/3193/1616
f 3008/3192/1616 3002/3186/1616 3010/3194/1616
f 3002/3186/1616 3009/3193/1616 3011/3195/1616
f 3010/3194/1616 3002/3186/1616 3012/3196/1616
f 3002/3186/1616 3011/3195/1616 3013/3197/1616
f 3012/3196/1616 3002/3186/1616 3014/3198/1616
f 3002/3186/1616 3013/3197/1616 3015/3199/1616
f 3014/3198/1616 3002/3186/1616 3016/3200/1616
f 3002/3186/1616 3015/3199/1616 3017/3201/1616
f 3016/3200/1616 3002/3186/1616 3018/3202/1616
f 3002/3186/1616 3017/3201/1616 3019/3203/1616
f 3018/3202/1616 3002/3186/1616 3020/3204/1616
f 3002/3186/1616 3019/3203/1616 3021/3205/1616
f 3020/3204/1616 3002/3186/1616 3022/3206/1616
f 3002/3186/1616 3021/3205/1616 3023/3207/1616
f 3022/3206/1616 3002/3186/1616 3024/3208/1616
f 3002/3186/1616 3023/3207/1616 3025/3209/1616
f 3002/3186/1616 3025/3209/1616 3024/3208/1616
f 3026/3210/1649 3027/3211/1650 3025/3209/1649
f 3025/3209/1649 3027/3211/1650 3024/3208/1650
f 3026/3210/1649 3025/3209/1649 3023/3207/1651
f 3024/3208/1650 3027/3211/1650 3028/3212/1652
f 3026/3210/1649 3023/3207/1651 3029/3213/1651
f 3024/3208/1650 3028/3212/1652 3022/3206/1652
f 3029/3213/1651 3023/3207/1651 3021/3205/1653
f 3022/3206/1652 3028/3212/1652 3030/3214/1654
f 3029/3213/1651 3021/3205/1653 3031/3215/1653
f 3022/3206/1652 3030/3214/1654 3020/3204/1654
f 3031/3215/1653 3021/3205/1653 3019/3203/1655
f 3020/3204/1654 3030/3214/1654 3032/3216/1656
f 3031/3215/1653 3019/3203/1655 3033/3217/1655
f 3020/3204/1654 3032/3216/1656 3018/3202/1656
f 3033/3217/1655 3019/3203/1655 3017/3201/1657
f 3018/3202/1656 3032/3216/1656 3034/3218/1658
f 3033/3217/1655 3017/3201/1657 3035/3219/1657
f 3018/3202/1656 3034/3218/1658 3016/3200/1658
f 3035/3219/1657 3017/3201/1657 3015/3199/1659
f 3016/3200/1658 3034/3218/1658 3036/3220/474
f 3035/3219/1657 3015/3199/1659 3037/3221/1659
f 3016/3200/1658 3036/3220/474 3014/3198/474
f 3037/3221/1659 3015/3199/1659 3013/3197/1660
f 3014/3198/474 3036/3220/474 3038/3222/1661
f 3037/3221/1659 3013/3197/1660 3039/3223/1660
f 3014/3198/474 3038/3222/1661 3012/3196/1661
f 3039/3223/1660 3013/3197/1660 3011/3195/1662
f 3012/3196/1661 3038/3222/1661 3040/3224/1663
f 3039/3223/1660 3011/3195/1662 3041/3225/1662
f 3012/3196/1661 3040/3224/1663 3010/3194/1663
f 3041/3225/1662 3011/3195/1662 3009/3193/1664
f 3010/3194/1663 3040/3224/1663 3042/3226/1665
f 3041/3225/1662 3009/3193/1664 3043/3227/1664
f 3010/3194/1663 3042/3226/1665 3008/3192/1665
f 3043/3227/1664 3009/3193/1664 3007/3191/1666
f 3008/3192/1665 3042/3226/1665 3044/3228/1667
f 3043/3227/1664 3007/3191/1666 3045/3229/1666
f 3008/3192/1665 3044/3228/1667 3006/3190/1667
f 3045/3229/1666 3007/3191/1666 3005/3189/1668
f 3006/3190/1667 3044/3228/1667 3046/3230/1669
f 3045/3229/1666 3005/3189/1668 3047/3231/1668
f 3006/3190/1667 3046/3230/1669 3004/3188/1669
f 3047/3231/1668 3005/3189/1668 3001/3185/1670
f 3004/3188/1669 3046/3230/1669 3048/3232/703
f 3047/3231/1668 3001/3185/1670 3049/3233/1670
f 3004/3188/1669 3048/3232/703 3003/3187/703
f 3049/3233/1670 3001/3185/1670 3003/3187/703
f 3049/3233/1670 3003/3187/703 3048/3232/703
f 1882/1893/1671 1359/1881/1671 1881/1891/1672
f 1881/1891/1672 1359/1881/1671 1873/1883/1672
f 1881/1891/1672 1873/1883/1672 1879/1889/1672
f 1879/1889/1672 1873/1883/1672 1875/1885/1672
f 1879/1889/1672 1875/1885/1672 1878/1888/1616
f 1878/1888/1616 1875/1885/1672 1877/1887/1616
f 1877/1887/1616 1875/1885/1672 1876/1886/1616
f 1852/3234/859 1853/3235/859 3050/3236/1673
f 3050/3236/1673 1853/3235/859 3051/3237/1673
f 3050/3236/1673 3051/3237/1673 3052/3238/1674
f 3052/3238/1674 3051/3237/1673 3053/3239/1674
f 3054/3186/1450 3055/3185/1450 3056/3187/1450
f 3055/3185/1450 3054/3186/1450 3057/3189/1450
f 3054/3186/1450 3056/3187/1450 3058/3188/1450
f 3057/3189/1450 3054/3186/1450 3059/3191/1450
f 3054/3186/1450 3058/3188/1450 3060/3190/1450
f 3059/3191/1450 3054/3186/1450 3061/3193/1450
f 3054/3186/1450 3060/3190/1450 3062/3192/1450
f 3061/3193/1450 3054/3186/1450 3063/3195/1450
f 3054/3186/1450 3062/3192/1450 3064/3194/1450
f 3063/3195/1450 3054/3186/1450 3065/3197/1450
f 3054/3186/1450 3064/3194/1450 3066/3196/1450
f 3065/3197/1450 3054/3186/1450 3067/3199/1450
f 3054/3186/1450 3066/3196/1450 3068/3198/1450
f 3067/3199/1450 3054/3186/1450 3069/3201/1450
f 3054/3186/1450 3068/3198/1450 3070/3200/1450
f 3069/3201/1450 3054/3186/1450 3071/3203/1450
f 3054/3186/1450 3070/3200/1450 3072/3202/1450
f 3071/3203/1450 3054/3186/1450 3073/3205/1624
f 3054/3186/1450 3072/3202/1450 3074/3204/1450
f 3073/3205/1624 3054/3186/1450 3075/3207/1450
f 3054/3186/1450 3074/3204/1450 3076/3206/1450
f 3075/3207/1450 3054/3186/1450 3077/3209/1450
f 3054/3186/1450 3076/3206/1450 3078/3208/1450
f 3054/3186/1450 3078/3208/1450 3077/3209/1450
f 3055/3185/1675 3079/3233/1675 3056/3187/755
f 3056/3187/755 3079/3233/1675 3080/3232/755
f 3079/3233/1675 3055/3185/1675 3081/3231/1676
f 3056/3187/755 3080/3232/755 3058/3188/1677
f 3081/3231/1676 3055/3185/1675 3057/3189/1676
f 3058/3188/1677 3080/3232/755 3082/3230/1677
f 3081/3231/1676 3057/3189/1676 3083/3229/1678
f 3058/3188/1677 3082/3230/1677 3060/3190/1679
f 3083/3229/1678 3057/3189/1676 3059/3191/1678
f 3060/3190/1679 3082/3230/1677 3084/3228/1679
f 3083/3229/1678 3059/3191/1678 3085/3227/1680
f 3060/3190/1679 3084/3228/1679 3062/3192/1681
f 3085/3227/1680 3059/3191/1678 3061/3193/1680
f 3062/3192/1681 3084/3228/1679 3086/3226/1681
f 3085/3227/1680 3061/3193/1680 3087/3225/1682
f 3062/3192/1681 3086/3226/1681 3064/3194/1683
f 3087/3225/1682 3061/3193/1680 3063/3195/1682
f 3064/3194/1683 3086/3226/1681 3088/3224/1683
f 3087/3225/1682 3063/3195/1682 3089/3223/120
f 3064/3194/1683 3088/3224/1683 3066/3196/1684
f 3089/3223/120 3063/3195/1682 3065/3197/120
f 3066/3196/1684 3088/3224/1683 3090/3222/1684
f 3089/3223/120 3065/3197/120 3091/3221/1685
f 3066/3196/1684 3090/3222/1684 3068/3198/1686
f 3091/3221/1685 3065/3197/120 3067/3199/1685
f 3068/3198/1686 3090/3222/1684 3092/3220/1686
f 3091/3221/1685 3067/3199/1685 3093/3219/1687
f 3068/3198/1686 3092/3220/1686 3070/3200/1688
f 3093/3219/1687 3067/3199/1685 3069/3201/1687
f 3070/3200/1688 3092/3220/1686 3094/3218/1688
f 3093/3219/1687 3069/3201/1687 3095/3217/1689
f 3070/3200/1688 3094/3218/1688 3072/3202/1690
f 3095/3217/1689 3069/3201/1687 3071/3203/1689
f 3072/3202/1690 3094/3218/1688 3096/3216/1690
f 3095/3217/1689 3071/3203/1689 3097/3215/1691
f 3072/3202/1690 3096/3216/1690 3074/3204/1692
f 3097/3215/1691 3071/3203/1689 3073/3205/1691
f 3074/3204/1692 3096/3216/1690 3098/3214/1692
f 3097/3215/1691 3073/3205/1691 3099/3213/1693
f 3074/3204/1692 3098/3214/1692 3076/3206/1694
f 3099/3213/1693 3073/3205/1691 3075/3207/1693
f 3076/3206/1694 3098/3214/1692 3100/3212/1694
f 3099/3213/1693 3075/3207/1693 3101/3210/1695
f 3076/3206/1694 3100/3212/1694 3078/3208/1696
f 3101/3210/1695 3075/3207/1693 3077/3209/1695
f 3078/3208/1696 3100/3212/1694 3102/3211/1696
f 3101/3210/1695 3077/3209/1695 3102/3211/1696
f 3102/3211/1696 3077/3209/1695 3078/3208/1696
f 1559/1553/1697 3103/3240/1697 1557/1551/1697
f 1557/1551/1697 3103/3240/1697 3104/3241/1697
f 1557/1551/1697 3104/3241/1697 10/1555/1698
f 3104/3241/1697 3103/3240/1697 3105/3242/1616
f 10/1555/1698 3104/3241/1697 6/3243/1699
f 3104/3241/1697 3105/3242/1616 3106/3244/1616
f 3104/3241/1697 3106/3244/1616 6/3243/1699
f 3106/3244/1616 3105/3242/1616 3107/3245/1616
f 6/3243/1699 3106/3244/1616 3/3246/1699
f 3106/3244/1616 3107/3245/1616 3108/3247/1616
f 3106/3244/1616 3108/3247/1616 3/3246/1699
f 3108/3247/1616 3107/3245/1616 2656/2721/1616
f 3/3246/1699 3108/3247/1616 1/3248/1699
f 3108/3247/1616 2656/2721/1616 2654/2718/1616
f 3108/3247/1616 2654/2718/1616 1/3248/1699
f 1/3248/1699 2654/2718/1616 7/2717/1699
f 1907/1919/1700 1908/1920/1701 1906/1918/1700
f 1906/1918/1700 1908/1920/1701 1905/1917/1700
f 1905/1917/1700 1908/1920/1701 1904/1916/1701
f 1904/1916/1701 1908/1920/1701 1909/1921/1701
f 1904/1916/1701 1909/1921/1701 1902/1914/1701
f 1902/1914/1701 1909/1921/1701 1366/1924/1702
f 1902/1914/1701 1366/1924/1702 1901/1912/1702
f 2289/2312/1703 3109/3249/1704 2285/2308/1703
f 2285/2308/1703 3109/3249/1704 3110/3250/1705
f 2285/2308/1703 3110/3250/1705 2281/2304/1706
f 2281/2304/1706 3110/3250/1705 3111/3251/341
f 2281/2304/1706 3111/3251/341 2280/2303/1707
f 135/3252/1708 3112/3253/1708 3113/3254/1709
f 135/3252/1708 3113/3254/1709 137/3255/1709
f 2/3256/1710 3114/3257/1700 4/3258/1710
f 5/2846/1710 2757/2844/1700 2/3256/1710
f 2/3256/1710 2757/2844/1700 3114/3257/1700
f 3114/3257/1700 2757/2844/1700 2758/2845/1624
f 3114/3257/1700 2758/2845/1624 3115/3259/1624
f 4/3258/1710 3114/3257/1700 3116/3260/1700
f 3116/3260/1700 3114/3257/1700 3115/3259/1624
f 4/3258/1710 3116/3260/1700 8/3261/1710
f 3116/3260/1700 3115/3259/1624 3117/3262/1450
f 8/3261/1710 3116/3260/1700 3118/3263/1711
f 3118/3263/1711 3116/3260/1700 3117/3262/1450
f 8/3261/1710 3118/3263/1711 12/1663/1712
f 3118/3263/1711 3117/3262/1450 3119/3264/1711
f 12/1663/1712 3118/3263/1711 1650/1665/1711
f 1650/1665/1711 3118/3263/1711 3119/3264/1711
f 1650/1665/1711 3119/3264/1711 1649/1664/1711
f 3120/3265/1713 1838/3266/1713 961/911/1713
f 961/911/1713 1838/3266/1713 962/912/1713
f 3121/3267/1310 3122/3268/1507 3123/3269/1222
f 3121/3267/1310 3123/3269/1222 3124/3270/1714
f 3124/3270/1714 3123/3269/1222 3125/3271/1715
f 3124/3270/1714 3125/3271/1715 3126/3272/1716
f 3126/3272/1716 3125/3271/1715 3127/3273/1717
f 3125/3271/1715 3123/3269/1222 3128/3274/659
f 3125/3271/1715 3128/3274/659 3127/3273/1717
f 3127/3273/1717 3128/3274/659 1676/3275/781
f 3127/3273/1717 1676/3275/781 1678/3276/328
f 1676/3275/781 3128/3274/659 2982/3277/1634
f 2982/3277/1634 3128/3274/659 3129/3278/1718
f 3129/3278/1718 3128/3274/659 3123/3269/1222
f 2982/3277/1634 3129/3278/1718 2984/3279/381
f 3129/3278/1718 3123/3269/1222 3130/3280/1510
f 3130/3280/1510 3123/3269/1222 3122/3268/1507
f 2984/3279/381 3129/3278/1718 3131/3281/1719
f 3131/3281/1719 3129/3278/1718 3130/3280/1510
f 2984/3279/381 3131/3281/1719 2987/3282/102
f 3130/3280/1510 3122/3268/1507 3132/3283/1720
f 3130/3280/1510 3132/3283/1720 3131/3281/1719
f 3132/3283/1720 3122/3268/1507 3133/3284/1721
f 3132/3283/1720 3133/3284/1721 3134/3285/1722
f 2987/3282/102 3131/3281/1719 3135/3286/1723
f 3135/3286/1723 3131/3281/1719 3132/3283/1720
f 2987/3282/102 3135/3286/1723 2992/3287/380
f 3132/3283/1720 3134/3285/1722 3136/3288/1724
f 3132/3283/1720 3136/3288/1724 3135/3286/1723
f 3136/3288/1724 3134/3285/1722 3137/3289/1725
f 2992/3287/380 3135/3286/1723 3138/3290/1726
f 3138/3290/1726 3135/3286/1723 3136/3288/1724
f 2992/3287/380 3138/3290/1726 2996/3291/100
f 3136/3288/1724 3137/3289/1725 3139/3292/1727
f 3136/3288/1724 3139/3292/1727 3138/3290/1726
f 3139/3292/1727 3137/3289/1725 3140/3293/1728
f 3139/3292/1727 3140/3293/1728 3141/3294/1729
f 3138/3290/1726 3139/3292/1727 3142/3295/1730
f 3138/3290/1726 3142/3295/1730 2996/3291/100
f 3142/3295/1730 3139/3292/1727 3141/3294/1729
f 2996/3291/100 3142/3295/1730 1992/3296/98
f 3142/3295/1730 3141/3294/1729 3143/3297/1731
f 3142/3295/1730 3143/3297/1731 1992/3296/98
f 2395/2446/1616 2393/2444/1616 2938/3126/1616
f 2938/3126/1616 2393/2444/1616 2392/2443/1616
f 2938/3126/1616 2392/2443/1616 2389/2440/1616
f 2938/3126/1616 2389/2440/1616 2653/2716/1616
f 2938/3126/1616 2653/2716/1616 2651/2714/1616
f 2938/3126/1616 2651/2714/1616 2649/2712/1616
f 2938/3126/1616 2649/2712/1616 2647/2710/1616
f 2395/2446/1616 2938/3126/1616 3144/3298/1732
f 2395/2446/1616 3144/3298/1732 2399/2450/1732
f 2399/2450/1732 3144/3298/1732 2401/2452/1733
f 2401/2452/1733 3144/3298/1732 3145/3299/1734
f 2401/2452/1733 3145/3299/1734 2403/2454/1735
f 2403/2454/1735 3145/3299/1734 3146/3300/223
f 2403/2454/1735 3146/3300/223 3147/3301/1672
f 2403/2454/1735 3147/3301/1672 2405/2456/1616
f 2405/2456/1616 3147/3301/1672 2407/2458/1616
f 2407/2458/1616 3147/3301/1672 3148/3302/1616
f 2407/2458/1616 3148/3302/1616 2409/2460/1697
f 2409/2460/1697 3148/3302/1616 2411/2462/1616
f 2411/2462/1616 3148/3302/1616 3149/3303/1736
f 2411/2462/1616 3149/3303/1736 2413/2464/1736
f 2413/2464/1736 3149/3303/1736 2415/2466/1626
f 2415/2466/1626 3149/3303/1736 3150/3304/1736
f 2415/2466/1626 3150/3304/1736 2418/2469/1736
f 2418/2469/1736 3150/3304/1736 2420/2471/1699
f 2420/2471/1699 3150/3304/1736 2431/2483/1697
f 2420/2471/1699 2431/2483/1697 2422/2473/1697
f 2422/2473/1697 2431/2483/1697 2424/2475/1697
f 2424/2475/1697 2431/2483/1697 2425/2476/1697
f 2425/2476/1697 2431/2483/1697 2427/2478/1697
f 2427/2478/1697 2431/2483/1697 2429/2480/1697
f 171/3305/1619 3151/3306/1619 173/3307/1737
f 173/3307/1737 3151/3306/1619 3152/3308/1618
f 173/3307/1737 3152/3308/1618 3153/3309/1738
f 173/3307/1737 3153/3309/1738 175/3310/1738
f 175/3310/1738 3153/3309/1738 1920/1935/887
f 175/3310/1738 1920/1935/887 177/1934/887
f 963/913/1739 1837/3311/1739 964/914/1739
f 964/914/1739 1837/3311/1739 3154/3312/1739
f 243/211/1740 958/909/1740 244/3313/1740
f 244/3313/1740 958/909/1740 3155/3314/1740
f 3156/3315/1741 3049/3233/1741 3157/3316/1742
f 3157/3316/1742 3049/3233/1741 3048/3232/1742
f 3049/3233/1741 3156/3315/1741 3047/3231/1743
f 3157/3316/1742 3048/3232/1742 3158/3317/1744
f 3047/3231/1743 3156/3315/1741 3159/3318/1743
f 3158/3317/1744 3048/3232/1742 3046/3230/1744
f 3047/3231/1743 3159/3318/1743 3045/3229/321
f 3158/3317/1744 3046/3230/1744 3160/3319/1745
f 3045/3229/321 3159/3318/1743 3161/3320/321
f 3160/3319/1745 3046/3230/1744 3044/3228/1745
f 3045/3229/321 3161/3320/321 3043/3227/1746
f 3160/3319/1745 3044/3228/1745 3162/3321/1747
f 3043/3227/1746 3161/3320/321 3163/3322/1746
f 3162/3321/1747 3044/3228/1745 3042/3226/1747
f 3043/3227/1746 3163/3322/1746 3041/3225/1748
f 3162/3321/1747 3042/3226/1747 3164/3323/1749
f 3041/3225/1748 3163/3322/1746 3165/3324/1748
f 3164/3323/1749 3042/3226/1747 3040/3224/1749
f 3041/3225/1748 3165/3324/1748 3039/3223/1750
f 3164/3323/1749 3040/3224/1749 3166/3325/1751
f 3039/3223/1750 3165/3324/1748 3167/3326/1750
f 3166/3325/1751 3040/3224/1749 3038/3222/1751
f 3039/3223/1750 3167/3326/1750 3037/3221/1752
f 3166/3325/1751 3038/3222/1751 3168/3327/1753
f 3037/3221/1752 3167/3326/1750 3169/3328/1752
f 3168/3327/1753 3038/3222/1751 3036/3220/1753
f 3037/3221/1752 3169/3328/1752 3035/3219/1754
f 3168/3327/1753 3036/3220/1753 3170/3329/1755
f 3035/3219/1754 3169/3328/1752 3171/3330/1754
f 3170/3329/1755 3036/3220/1753 3034/3218/1755
f 3035/3219/1754 3171/3330/1754 3033/3217/1756
f 3170/3329/1755 3034/3218/1755 3172/3331/1757
f 3033/3217/1756 3171/3330/1754 3173/3332/1756
f 3172/3331/1757 3034/3218/1755 3032/3216/1757
f 3033/3217/1756 3173/3332/1756 3031/3215/1758
f 3172/3331/1757 3032/3216/1757 3174/3333/1759
f 3031/3215/1758 3173/3332/1756 3175/3334/1758
f 3174/3333/1759 3032/3216/1757 3030/3214/1759
f 3031/3215/1758 3175/3334/1758 3029/3213/1760
f 3174/3333/1759 3030/3214/1759 3176/3335/1761
f 3029/3213/1760 3175/3334/1758 3177/3336/1760
f 3176/3335/1761 3030/3214/1759 3028/3212/1761
f 3029/3213/1760 3177/3336/1760 3026/3210/1762
f 3176/3335/1761 3028/3212/1761 3178/3337/1763
f 3026/3210/1762 3177/3336/1760 3179/3338/1762
f 3178/3337/1763 3028/3212/1761 3027/3211/1763
f 3026/3210/1762 3179/3338/1762 3027/3211/1763
f 3027/3211/1763 3179/3338/1762 3178/3337/1763
f 3180/3339/1764 3181/3340/135 3182/3341/1765
f 3182/3341/1765 3181/3340/135 3183/3342/1766
f 3181/3340/135 3180/3339/1764 3184/3343/1767
f 3182/3341/1765 3183/3342/1766 3185/3344/1765
f 3185/3344/1765 3183/3342/1766 3186/3345/1766
f 3184/3343/1767 3180/3339/1764 3187/3346/1768
f 3184/3343/1767 3187/3346/1768 3188/3347/1769
f 3185/3344/1765 3186/3345/1766 3189/3348/1770
f 3189/3348/1770 3186/3345/1766 3190/3349/1771
f 3182/3341/1765 3185/3344/1765 3191/3350/1772
f 3185/3344/1765 3189/3348/1770 3192/3351/1773
f 3185/3344/1765 3192/3351/1773 3191/3350/1772
f 3189/3348/1770 3190/3349/1771 3193/3352/1774
f 3193/3352/1774 3190/3349/1771 3194/3353/1775
f 3192/3351/1773 3189/3348/1770 3195/3354/1663
f 3195/3354/1663 3189/3348/1770 3193/3352/1774
f 3191/3350/1772 3192/3351/1773 1007/961/423
f 1007/961/423 3192/3351/1773 1010/964/425
f 1010/964/425 3192/3351/1773 3195/3354/1663
f 3191/3350/1772 1007/961/423 1004/958/420
f 1010/964/425 3195/3354/1663 250/216/32
f 3191/3350/1772 1004/958/420 3196/3355/1772
f 3191/3350/1772 3196/3355/1772 3182/3341/1765
f 3196/3355/1772 1004/958/420 1001/955/420
f 3182/3341/1765 3196/3355/1772 3180/3339/1764
f 250/216/32 3195/3354/1663 3197/3356/1776
f 3197/3356/1776 3195/3354/1663 3193/3352/1774
f 250/216/32 3197/3356/1776 252/218/34
f 3180/3339/1764 3196/3355/1772 3198/3357/1777
f 3198/3357/1777 3196/3355/1772 1001/955/420
f 3180/3339/1764 3198/3357/1777 3187/3346/1768
f 3198/3357/1777 1001/955/420 998/952/417
f 3198/3357/1777 998/952/417 3199/3358/1778
f 3198/3357/1777 3199/3358/1778 3187/3346/1768
f 3199/3358/1778 998/952/417 995/949/87
f 3200/3359/1779 252/218/34 3197/3356/1776
f 252/218/34 3200/3359/1779 257/223/39
f 3201/3360/1780 3197/3356/1776 3193/3352/1774
f 3197/3356/1776 3201/3360/1780 3200/3359/1779
f 3201/3360/1780 3193/3352/1774 3194/3353/1775
f 3201/3360/1780 3194/3353/1775 3202/3361/1781
f 3201/3360/1780 3202/3361/1781 3203/3362/1782
f 3201/3360/1780 3203/3362/1782 3200/3359/1779
f 3203/3362/1782 3202/3361/1781 3204/3363/1783
f 3205/3364/871 257/223/39 3200/3359/1779
f 3205/3364/871 3200/3359/1779 3203/3362/1782
f 257/223/39 3205/3364/871 268/234/49
f 3203/3362/1782 3204/3363/1783 3206/3365/1780
f 3203/3362/1782 3206/3365/1780 3205/3364/871
f 3206/3365/1780 3204/3363/1783 3207/3366/1784
f 268/234/49 3205/3364/871 3208/3367/1475
f 3208/3367/1475 3205/3364/871 3206/3365/1780
f 268/234/49 3208/3367/1475 271/237/52
f 3206/3365/1780 3207/3366/1784 3209/3368/1785
f 3206/3365/1780 3209/3368/1785 3208/3367/1475
f 3209/3368/1785 3207/3366/1784 3210/3369/1786
f 271/237/52 3208/3367/1475 3211/3370/1787
f 3211/3370/1787 3208/3367/1475 3209/3368/1785
f 271/237/52 3211/3370/1787 276/242/57
f 3209/3368/1785 3210/3369/1786 3212/3371/1788
f 3209/3368/1785 3212/3371/1788 3211/3370/1787
f 3212/3371/1788 3210/3369/1786 3213/3372/1789
f 276/242/57 3211/3370/1787 3214/3373/1790
f 3214/3373/1790 3211/3370/1787 3212/3371/1788
f 276/242/57 3214/3373/1790 281/247/62
f 3212/3371/1788 3213/3372/1789 3215/3374/1791
f 3212/3371/1788 3215/3374/1791 3214/3373/1790
f 3215/3374/1791 3213/3372/1789 3216/3375/1792
f 281/247/62 3214/3373/1790 3217/3376/807
f 3217/3376/807 3214/3373/1790 3215/3374/1791
f 281/247/62 3217/3376/807 286/252/66
f 3215/3374/1791 3216/3375/1792 3218/3377/1793
f 3215/3374/1791 3218/3377/1793 3217/3376/807
f 3218/3377/1793 3216/3375/1792 3219/3378/998
f 286/252/66 3217/3376/807 3220/3379/1794
f 3220/3379/1794 3217/3376/807 3218/3377/1793
f 286/252/66 3220/3379/1794 291/257/66
f 3218/3377/1793 3219/3378/998 3221/3380/1308
f 3218/3377/1793 3221/3380/1308 3220/3379/1794
f 3221/3380/1308 3219/3378/998 3222/3381/1795
f 291/257/66 3220/3379/1794 3223/3382/1796
f 3223/3382/1796 3220/3379/1794 3221/3380/1308
f 291/257/66 3223/3382/1796 296/262/66
f 3221/3380/1308 3222/3381/1795 3224/3383/1797
f 3221/3380/1308 3224/3383/1797 3223/3382/1796
f 3224/3383/1797 3222/3381/1795 3225/3384/1798
f 296/262/66 3223/3382/1796 3226/3385/1799
f 3226/3385/1799 3223/3382/1796 3224/3383/1797
f 296/262/66 3226/3385/1799 303/269/66
f 3224/3383/1797 3225/3384/1798 3227/3386/1800
f 3224/3383/1797 3227/3386/1800 3226/3385/1799
f 3227/3386/1800 3225/3384/1798 3228/3387/1801
f 303/269/66 3226/3385/1799 3229/3388/1802
f 3229/3388/1802 3226/3385/1799 3227/3386/1800
f 303/269/66 3229/3388/1802 305/271/66
f 305/271/66 3229/3388/1802 3230/3389/1803
f 3229/3388/1802 3227/3386/1800 3231/3390/1804
f 3229/3388/1802 3231/3390/1804 3230/3389/1803
f 3231/3390/1804 3227/3386/1800 3228/3387/1801
f 3230/3389/1803 3231/3390/1804 3232/3391/1804
f 3231/3390/1804 3228/3387/1801 3233/3392/1801
f 3231/3390/1804 3233/3392/1801 3232/3391/1804
f 3232/3391/1804 3233/3392/1801 3234/3393/1805
f 3235/3394/1450 2960/3148/1450 2863/2961/1450
f 3235/3394/1450 2863/2961/1450 2862/2960/1450
f 3235/3394/1450 2862/2960/1450 2861/2959/1450
f 3235/3394/1450 2861/2959/1450 2860/2958/1450
f 3235/3394/1450 2860/2958/1450 2450/2507/1450
f 3235/3394/1450 2450/2507/1450 2452/2509/1450
f 3235/3394/1450 2452/2509/1450 2453/2510/1450
f 3235/3394/1450 2453/2510/1450 2454/2511/1450
f 3235/3394/1450 2454/2511/1450 3236/3395/1806
f 3236/3395/1806 2454/2511/1450 2456/2513/1806
f 3236/3395/1806 2456/2513/1806 2458/2515/1807
f 3236/3395/1806 2458/2515/1807 3237/3396/1808
f 3237/3396/1808 2458/2515/1807 2460/2517/1809
f 3237/3396/1808 2460/2517/1809 3238/3397/418
f 3238/3397/418 2460/2517/1809 3239/3398/1701
f 3239/3398/1701 2460/2517/1809 2462/2519/1624
f 3239/3398/1701 2462/2519/1624 2464/2521/1624
f 3239/3398/1701 2464/2521/1624 3240/3399/1624
f 3240/3399/1624 2464/2521/1624 2466/2523/1711
f 3240/3399/1624 2466/2523/1711 2468/2525/1624
f 3240/3399/1624 2468/2525/1624 3241/3400/1810
f 3241/3400/1810 2468/2525/1624 2470/2527/1810
f 3241/3400/1810 2470/2527/1810 2472/2529/1629
f 3241/3400/1810 2472/2529/1629 3242/3401/1810
f 3242/3401/1810 2472/2529/1629 2475/2532/1810
f 3242/3401/1810 2475/2532/1810 2477/2534/1811
f 3242/3401/1810 2477/2534/1811 2488/2546/1711
f 2488/2546/1711 2477/2534/1811 2479/2536/1711
f 2488/2546/1711 2479/2536/1711 2481/2538/1711
f 2488/2546/1711 2481/2538/1711 2482/2539/1711
f 2488/2546/1711 2482/2539/1711 2484/2541/1711
f 2488/2546/1711 2484/2541/1711 2486/2543/1711
f 3243/3314/1812 960/909/1812 247/3313/1812
f 247/3313/1812 960/909/1812 248/211/1812
f 3101/3210/1813 3102/3211/1814 3244/3338/1813
f 3244/3338/1813 3102/3211/1814 3245/3337/1814
f 3101/3210/1813 3244/3338/1813 3246/3336/1815
f 3245/3337/1814 3102/3211/1814 3100/3212/1816
f 3101/3210/1813 3246/3336/1815 3099/3213/1815
f 3245/3337/1814 3100/3212/1816 3247/3335/1816
f 3099/3213/1815 3246/3336/1815 3248/3334/1817
f 3247/3335/1816 3100/3212/1816 3098/3214/1818
f 3099/3213/1815 3248/3334/1817 3097/3215/1817
f 3247/3335/1816 3098/3214/1818 3249/3333/1818
f 3097/3215/1817 3248/3334/1817 3250/3332/1819
f 3249/3333/1818 3098/3214/1818 3096/3216/1820
f 3097/3215/1817 3250/3332/1819 3095/3217/1819
f 3249/3333/1818 3096/3216/1820 3251/3331/1820
f 3095/3217/1819 3250/3332/1819 3252/3330/1821
f 3251/3331/1820 3096/3216/1820 3094/3218/1822
f 3095/3217/1819 3252/3330/1821 3093/3219/1821
f 3251/3331/1820 3094/3218/1822 3253/3329/1822
f 3093/3219/1821 3252/3330/1821 3254/3328/1823
f 3253/3329/1822 3094/3218/1822 3092/3220/1824
f 3093/3219/1821 3254/3328/1823 3091/3221/1823
f 3253/3329/1822 3092/3220/1824 3255/3327/1824
f 3091/3221/1823 3254/3328/1823 3256/3326/1825
f 3255/3327/1824 3092/3220/1824 3090/3222/1826
f 3091/3221/1823 3256/3326/1825 3089/3223/1825
f 3255/3327/1824 3090/3222/1826 3257/3325/1826
f 3089/3223/1825 3256/3326/1825 3258/3324/1827
f 3257/3325/1826 3090/3222/1826 3088/3224/1828
f 3089/3223/1825 3258/3324/1827 3087/3225/1827
f 3257/3325/1826 3088/3224/1828 3259/3323/1828
f 3087/3225/1827 3258/3324/1827 3260/3322/1829
f 3259/3323/1828 3088/3224/1828 3086/3226/1830
f 3087/3225/1827 3260/3322/1829 3085/3227/1829
f 3259/3323/1828 3086/3226/1830 3261/3321/1830
f 3085/3227/1829 3260/3322/1829 3262/3320/320
f 3261/3321/1830 3086/3226/1830 3084/3228/1831
f 3085/3227/1829 3262/3320/320 3083/3229/320
f 3261/3321/1830 3084/3228/1831 3263/3319/1831
f 3083/3229/320 3262/3320/320 3264/3318/1832
f 3263/3319/1831 3084/3228/1831 3082/3230/1833
f 3083/3229/320 3264/3318/1832 3081/3231/1832
f 3263/3319/1831 3082/3230/1833 3265/3317/1833
f 3081/3231/1832 3264/3318/1832 3266/3315/1834
f 3265/3317/1833 3082/3230/1833 3080/3232/1835
f 3081/3231/1832 3266/3315/1834 3079/3233/1834
f 3265/3317/1833 3080/3232/1835 3267/3316/1835
f 3079/3233/1834 3266/3315/1834 3267/3316/1835
f 3079/3233/1834 3267/3316/1835 3080/3232/1835
f 2825/2923/1836 3268/3402/1837 1780/1799/1838
f 1780/1799/1838 3268/3402/1837 1781/1800/1839
f 1781/1800/1839 3268/3402/1837 3269/3403/1840
f 1781/1800/1839 3269/3403/1840 1783/1802/1841
f 1783/1802/1841 3269/3403/1840 3270/3404/1842
f 1783/1802/1841 3270/3404/1842 1785/1804/1841
f 3120/3405/1843 961/1337/1843 3271/3406/1671
f 3271/3406/1671 961/1337/1843 1361/1335/1671
f 3271/3406/1671 1361/1335/1671 3272/3407/1671
f 3272/3407/1671 1361/1335/1671 1360/1334/1671
f 3272/3407/1671 1360/1334/1671 1359/1333/1671
f 3272/3407/1671 1359/1333/1671 3273/3408/1671
f 3273/3408/1671 1359/1333/1671 3274/3409/1671
f 3274/3409/1671 1359/1333/1671 1882/3410/1671
f 3274/3409/1671 1882/3410/1671 3275/3411/1616
f 3275/3411/1616 1882/3410/1671 3276/3412/1616
f 3275/3411/1616 3276/3412/1616 3277/3413/1616
f 3275/3411/1616 3277/3413/1616 3278/3414/1616
f 3278/3414/1616 3277/3413/1616 3279/3415/1616
f 3278/3414/1616 3279/3415/1616 3280/3416/1843
f 3280/3416/1843 3279/3415/1616 3281/3417/1844
f 3281/3417/1844 3279/3415/1616 3282/3418/1845
f 3282/3418/1845 3279/3415/1616 3283/3419/1846
f 2941/3129/1629 3284/3420/1629 170/133/1847
f 170/133/1847 3284/3420/1629 879/828/1629
f 879/828/1629 3284/3420/1629 877/826/1450
f 877/826/1450 3284/3420/1629 3285/3421/1450
f 877/826/1450 3285/3421/1450 3286/3422/1450
f 877/826/1450 3286/3422/1450 876/825/1450
f 876/825/1450 3286/3422/1450 334/823/1450
f 334/823/1450 3286/3422/1450 2759/2847/1450
f 3287/3423/1740 3288/3424/1713 3289/3425/1740
f 3288/3424/1713 3287/3423/1740 3290/3426/1848
f 3288/3424/1713 3290/3426/1848 181/3427/1848
f 181/3427/1848 3290/3426/1848 682/640/1740
f 181/3427/1848 682/640/1740 3291/3428/1740
f 3291/3428/1740 682/640/1740 3292/3429/1740
f 3292/3429/1740 682/640/1740 3293/3430/1740
f 3293/3430/1740 682/640/1740 679/637/1740
f 3293/3430/1740 679/637/1740 678/636/1740
f 3294/3431/1849 3295/3432/1850 3296/3433/1624
f 3294/3431/1849 3296/3433/1624 3297/3434/1851
f 3297/3434/1851 3296/3433/1624 3298/3435/1852
f 3298/3435/1852 3296/3433/1624 3299/3436/1624
f 3299/3436/1624 3296/3433/1624 3300/3437/1624
f 3299/3436/1624 3300/3437/1624 3301/3438/1624
f 3301/3438/1624 3300/3437/1624 3302/3439/1624
f 3301/3438/1624 3302/3439/1624 1901/3440/1702
f 3301/3438/1624 1901/3440/1702 3303/3441/1702
f 3303/3441/1702 1901/3440/1702 1366/1344/1702
f 3303/3441/1702 1366/1344/1702 3304/3442/1702
f 3304/3442/1702 1366/1344/1702 3305/3443/1702
f 3305/3443/1702 1366/1344/1702 1365/1343/1702
f 3305/3443/1702 1365/1343/1702 1364/1342/1702
f 3305/3443/1702 1364/1342/1702 3306/3444/1702
f 3306/3444/1702 1364/1342/1702 964/1340/1852
f 3306/3444/1702 964/1340/1852 3154/3445/1852
f 3307/3446/1853 3308/3447/1854 3309/3448/1853
f 3309/3448/1853 3308/3447/1854 3310/3449/1854
f 3307/3446/1853 3309/3448/1853 3311/3450/1855
f 3310/3449/1854 3308/3447/1854 3312/3451/1856
f 3307/3446/1853 3311/3450/1855 3313/3452/1855
f 3310/3449/1854 3312/3451/1856 3314/3453/1856
f 3313/3452/1855 3311/3450/1855 3315/3454/1468
f 3314/3453/1856 3312/3451/1856 3316/3455/1857
f 3313/3452/1855 3315/3454/1468 3317/3456/1468
f 3314/3453/1856 3316/3455/1857 3318/3457/1857
f 3317/3456/1468 3315/3454/1468 3319/3458/1858
f 3318/3457/1857 3316/3455/1857 3320/3459/1859
f 3317/3456/1468 3319/3458/1858 3321/3460/1858
f 3318/3457/1857 3320/3459/1859 3322/3461/1859
f 3321/3460/1858 3319/3458/1858 1398/3462/565
f 3322/3461/1859 3320/3459/1859 3323/3463/1860
f 3321/3460/1858 1398/3462/565 3324/3464/565
f 3322/3461/1859 3323/3463/1860 3325/3465/1860
f 3324/3464/565 1398/3462/565 1396/3466/1861
f 3325/3465/1860 3323/3463/1860 3326/3467/1862
f 3324/3464/565 1396/3466/1861 3327/3468/1861
f 3325/3465/1860 3326/3467/1862 3328/3469/1862
f 3327/3468/1861 1396/3466/1861 1395/3470/202
f 3328/3469/1862 3326/3467/1862 3329/3471/1863
f 3327/3468/1861 1395/3470/202 3330/3472/202
f 3328/3469/1862 3329/3471/1863 3331/3473/1863
f 3330/3472/202 1395/3470/202 1393/3474/1864
f 3331/3473/1863 3329/3471/1863 3332/3475/1865
f 3330/3472/202 1393/3474/1864 3333/3476/1864
f 3331/3473/1863 3332/3475/1865 3334/3477/1865
f 3333/3476/1864 1393/3474/1864 1392/3478/1866
f 3334/3477/1865 3332/3475/1865 3335/3479/1867
f 3333/3476/1864 1392/3478/1866 3336/3480/1866
f 3334/3477/1865 3335/3479/1867 3337/3481/1867
f 3337/3481/1867 3335/3479/1867 3338/3482/1868
f 3337/3481/1867 3338/3482/1868 3339/3483/1868
f 3336/3480/1866 1392/3478/1866 1391/3484/1869
f 3336/3480/1866 1391/3484/1869 3340/3485/1869
f 3340/3485/1869 1391/3484/1869 1389/3486/1769
f 3340/3485/1869 1389/3486/1769 3341/3487/1769
f 3341/3487/1769 1389/3486/1769 1387/3488/1423
f 3341/3487/1769 1387/3488/1423 3342/3489/1423
f 3342/3489/1423 1387/3488/1423 1381/3490/1870
f 3342/3489/1423 1381/3490/1870 3343/3491/1870
f 3343/3491/1870 1381/3490/1870 1377/3492/1871
f 3343/3491/1870 1377/3492/1871 3344/3493/1871
f 3344/3493/1871 1377/3492/1871 1375/3494/1872
f 3344/3493/1871 1375/3494/1872 3345/3495/1872
f 3345/3495/1872 1375/3494/1872 1376/3496/1873
f 3345/3495/1872 1376/3496/1873 3346/3497/1873
f 3346/3497/1873 1376/3496/1873 1380/3498/1874
f 3346/3497/1873 1380/3498/1874 3347/3499/1874
f 3347/3499/1874 1380/3498/1874 1383/3500/1875
f 3347/3499/1874 1383/3500/1875 3348/3501/1875
f 3348/3501/1875 1383/3500/1875 1384/3502/1876
f 3348/3501/1875 1384/3502/1876 3349/3503/1876
f 1217/1189/1877 3350/3504/1877 1216/1188/1878
f 1220/1192/1616 3351/3505/1616 1217/1189/1877
f 1217/1189/1877 3351/3505/1616 3350/3504/1877
f 3350/3504/1877 3351/3505/1616 3352/3506/1616
f 3350/3504/1877 3352/3506/1616 3353/3507/1877
f 1216/1188/1878 3350/3504/1877 3354/3508/1878
f 3354/3508/1878 3350/3504/1877 3353/3507/1877
f 1216/1188/1878 3354/3508/1878 1214/1186/1879
f 3354/3508/1878 3353/3507/1877 3355/3509/1878
f 1214/1186/1879 3354/3508/1878 3356/3510/1880
f 3356/3510/1880 3354/3508/1878 3355/3509/1878
f 1214/1186/1879 3356/3510/1880 1212/1184/1879
f 3356/3510/1880 3355/3509/1878 3357/3511/1880
f 1212/1184/1879 3356/3510/1880 3358/3512/1880
f 3358/3512/1880 3356/3510/1880 3357/3511/1880
f 3288/3424/1713 1923/3513/1881 3359/3514/1882
f 3359/3514/1882 1923/3513/1881 1922/3515/1881
f 184/3516/21 3360/3517/1883 185/148/21
f 185/148/21 3360/3517/1883 2618/2682/1883
f 2618/2682/1883 3360/3517/1883 3361/3518/1566
f 2618/2682/1883 3361/3518/1566 2616/2680/1566
f 2616/2680/1566 3361/3518/1566 2617/2681/1458
f 2617/2681/1458 3361/3518/1566 3362/3519/1458
f 2617/2681/1458 3362/3519/1458 2619/2683/1884
f 3349/3503/1885 3338/3482/1885 3348/3501/1886
f 3348/3501/1886 3338/3482/1885 3335/3479/1886
f 3348/3501/1886 3335/3479/1886 3332/3475/1887
f 3348/3501/1886 3332/3475/1887 3347/3499/1887
f 3347/3499/1887 3332/3475/1887 3329/3471/1888
f 3347/3499/1887 3329/3471/1888 3346/3497/1888
f 3346/3497/1888 3329/3471/1888 3345/3495/712
f 3345/3495/712 3329/3471/1888 3326/3467/712
f 3345/3495/712 3326/3467/712 3323/3463/1889
f 3345/3495/712 3323/3463/1889 3344/3493/1889
f 3344/3493/1889 3323/3463/1889 3320/3459/1890
f 3344/3493/1889 3320/3459/1890 3343/3491/1890
f 3343/3491/1890 3320/3459/1890 3342/3489/1891
f 3342/3489/1891 3320/3459/1890 3316/3455/1891
f 3342/3489/1891 3316/3455/1891 3312/3451/1009
f 3342/3489/1891 3312/3451/1009 3341/3487/1009
f 3341/3487/1009 3312/3451/1009 3340/3485/1892
f 3340/3485/1892 3312/3451/1009 3308/3447/1892
f 3340/3485/1892 3308/3447/1892 3307/3446/1893
f 3340/3485/1892 3307/3446/1893 3336/3480/1893
f 3336/3480/1893 3307/3446/1893 3333/3476/1616
f 3333/3476/1616 3307/3446/1893 3313/3452/1616
f 3333/3476/1616 3313/3452/1616 3330/3472/1616
f 3330/3472/1616 3313/3452/1616 3317/3456/1616
f 3330/3472/1616 3317/3456/1616 3327/3468/1616
f 3327/3468/1616 3317/3456/1616 3321/3460/1616
f 3327/3468/1616 3321/3460/1616 3324/3464/1616
f 1430/1413/1450 1427/1410/1894 3363/3520/1450
f 3363/3520/1450 1427/1410/1894 3364/3521/1894
f 3363/3520/1450 3364/3521/1894 3365/3522/1450
f 3364/3521/1894 1427/1410/1894 1425/1408/1895
f 3365/3522/1450 3364/3521/1894 3366/3523/1894
f 3364/3521/1894 1425/1408/1895 3367/3524/1895
f 3364/3521/1894 3367/3524/1895 3366/3523/1894
f 3367/3524/1895 1425/1408/1895 1422/1405/1896
f 3366/3523/1894 3367/3524/1895 3368/3525/1895
f 3367/3524/1895 1422/1405/1896 3369/3526/1897
f 3367/3524/1895 3369/3526/1897 3368/3525/1895
f 3369/3526/1897 1422/1405/1896 1419/1402/1896
f 3368/3525/1895 3369/3526/1897 3370/3527/1897
f 3369/3526/1897 1419/1402/1896 3371/3528/1897
f 3369/3526/1897 3371/3528/1897 3370/3527/1897
f 2891/3529/1609 2893/3530/1380 3359/3514/1882
f 3372/3531/591 3373/3532/9 3374/3533/1898
f 3375/3534/148 3372/3531/591 3376/3535/1899
f 3376/3535/1899 3372/3531/591 3374/3533/1898
f 3376/3535/1899 3374/3533/1898 3377/3536/1900
f 3374/3533/1898 3373/3532/9 3378/3537/1901
f 3377/3536/1900 3374/3533/1898 3379/3538/1902
f 3379/3538/1902 3374/3533/1898 3378/3537/1901
f 3377/3536/1900 3379/3538/1902 3380/3539/1903
f 3378/3537/1901 3373/3532/9 3381/3540/326
f 3380/3539/1903 3379/3538/1902 3382/3541/1735
f 3380/3539/1903 3382/3541/1735 3383/3542/1904
f 3379/3538/1902 3378/3537/1901 3384/3543/1905
f 3379/3538/1902 3384/3543/1905 3382/3541/1735
f 3378/3537/1901 3381/3540/326 3385/3544/1906
f 3378/3537/1901 3385/3544/1906 3384/3543/1905
f 3385/3544/1906 3381/3540/326 3386/3545/1907
f 3386/3545/1907 3381/3540/326 3387/3546/1908
f 3384/3543/1905 3385/3544/1906 3388/3547/1909
f 3388/3547/1909 3385/3544/1906 3386/3545/1907
f 3382/3541/1735 3384/3543/1905 3389/3548/219
f 3389/3548/219 3384/3543/1905 3388/3547/1909
f 3386/3545/1907 3387/3546/1908 3390/3549/1907
f 3390/3549/1907 3387/3546/1908 3391/3550/1908
f 3388/3547/1909 3386/3545/1907 3392/3551/1910
f 3392/3551/1910 3386/3545/1907 3390/3549/1907
f 3389/3548/219 3388/3547/1909 3393/3552/237
f 3393/3552/237 3388/3547/1909 3392/3551/1910
f 3382/3541/1735 3389/3548/219 3394/3553/1911
f 3394/3553/1911 3389/3548/219 3393/3552/237
f 3390/3549/1907 3391/3550/1908 3395/3554/1912
f 3395/3554/1912 3391/3550/1908 3396/3555/97
f 3393/3552/237 3392/3551/1910 3397/3556/247
f 3393/3552/237 3397/3556/247 3394/3553/1911
f 3398/3557/1910 3392/3551/1910 3390/3549/1907
f 3398/3557/1910 3390/3549/1907 3395/3554/1912
f 3392/3551/1910 3398/3557/1910 3397/3556/247
f 2961/3149/1913 948/3558/1913 2962/3150/1913
f 948/3558/1913 2961/3149/1913 3399/3559/1913
f 3399/3559/1913 2961/3149/1913 2958/3146/1913
f 3399/3559/1913 2958/3146/1913 3400/3560/1913
f 3400/3560/1913 2958/3146/1913 2959/3147/1913
f 3400/3560/1913 2959/3147/1913 3401/3561/1913
f 3401/3561/1913 2959/3147/1913 2960/3148/1913
f 3401/3561/1913 2960/3148/1913 3402/3562/1913
f 3402/3562/1913 2960/3148/1913 3235/3394/1913
f 3402/3562/1913 3235/3394/1913 3403/3563/1913
f 3403/3563/1913 3235/3394/1913 3236/3395/1480
f 3403/3563/1913 3236/3395/1480 3404/3564/1480
f 3404/3564/1480 3236/3395/1480 3237/3396/1914
f 2942/3565/1449 2944/3566/1620 3405/3567/1449
f 3405/3567/1449 2944/3566/1620 3151/3306/1449
f 3406/3568/1616 3407/3569/1616 3408/3570/1699
f 3406/3568/1616 3408/3570/1699 3409/3571/1915
f 3406/3568/1616 3409/3571/1915 3410/3572/1698
f 3408/3570/1699 3407/3569/1616 3411/3573/1699
f 3409/3571/1915 3408/3570/1699 2748/2828/1878
f 2748/2828/1878 3408/3570/1699 3411/3573/1699
f 3411/3573/1699 3407/3569/1616 401/367/1616
f 401/367/1616 3407/3569/1616 677/635/1616
f 401/367/1616 677/635/1616 674/632/1616
f 3411/3573/1699 401/367/1616 328/294/1699
f 2748/2828/1878 3411/3573/1699 2749/2829/1878
f 2749/2829/1878 3411/3573/1699 328/294/1699
f 2749/2829/1878 328/294/1699 316/282/1916
f 2711/2791/1917 3409/3571/1915 2748/2828/1878
f 3412/3574/1918 3410/3572/1698 3409/3571/1915
f 3410/3572/1698 3412/3574/1918 3413/3575/1733
f 3413/3575/1733 3412/3574/1918 3352/3506/1733
f 3352/3506/1733 3412/3574/1918 3353/3507/1919
f 3412/3574/1918 3409/3571/1915 3414/3576/1920
f 3412/3574/1918 3414/3576/1920 3353/3507/1919
f 3414/3576/1920 3409/3571/1915 2711/2791/1917
f 3353/3507/1919 3414/3576/1920 3355/3509/1921
f 3414/3576/1920 2711/2791/1917 3415/3577/1922
f 3414/3576/1920 3415/3577/1922 3355/3509/1921
f 3415/3577/1922 2711/2791/1917 2709/2789/1922
f 3355/3509/1921 3415/3577/1922 3357/3511/1922
f 3357/3511/1922 3415/3577/1922 2709/2789/1922
f 3357/3511/1922 2709/2789/1922 3358/3512/1923
f 3416/3578/1924 3417/3579/1925 3418/3580/1926
f 3418/3580/1926 3417/3579/1925 3419/3581/1927
f 3416/3578/1924 3418/3580/1926 3420/3582/22
f 3416/3578/1924 3420/3582/22 3421/3583/1928
f 3421/3583/1928 3420/3582/22 3422/3584/1929
f 3421/3583/1928 3422/3584/1929 3423/3585/1930
f 3423/3585/1930 3422/3584/1929 1678/1695/1931
f 3423/3585/1930 1678/1695/1931 1677/1694/1932
f 2733/3586/1429 2802/3587/1496 2735/3588/1430
f 2735/3588/1430 2802/3587/1496 2798/3589/1493
f 2735/3588/1430 2798/3589/1493 2737/3590/1432
f 2737/3590/1432 2798/3589/1493 2794/3591/1490
f 2737/3590/1432 2794/3591/1490 2739/3592/1434
f 2739/3592/1434 2794/3591/1490 2790/3593/1486
f 2739/3592/1434 2790/3593/1486 2786/3594/236
f 2739/3592/1434 2786/3594/236 2741/3595/423
f 2741/3595/423 2786/3594/236 2782/3596/226
f 2741/3595/423 2782/3596/226 2743/3597/417
f 2743/3597/417 2782/3596/226 2745/3598/843
f 2745/3598/843 2782/3596/226 2780/3599/1139
f 2745/3598/843 2780/3599/1139 3424/3600/1933
f 2745/3598/843 3424/3600/1933 3425/3601/1934
f 3425/3601/1934 3424/3600/1933 3426/3602/670
f 3425/3601/1934 3426/3602/670 3427/3603/1935
f 3425/3601/1934 3427/3603/1935 2708/3604/1411
f 2708/3604/1411 3427/3603/1935 2705/3605/1410
f 2705/3605/1410 3427/3603/1935 2706/3606/1410
f 2706/3606/1410 3427/3603/1935 3428/3607/1936
f 3427/3603/1935 3426/3602/670 3429/3608/670
f 3427/3603/1935 3429/3608/670 3430/3609/670
f 3427/3603/1935 3430/3609/670 3428/3607/1936
f 3429/3608/670 3426/3602/670 3431/3610/670
f 3428/3607/1936 3430/3609/670 3432/3611/670
f 3428/3607/1936 3432/3611/670 3433/3612/670
f 3428/3607/1936 3433/3612/670 3434/3613/1934
f 3431/3610/670 3426/3602/670 3435/3614/670
f 3435/3614/670 3426/3602/670 3436/3615/671
f 3436/3615/671 3426/3602/670 3437/3616/670
f 2710/3617/1412 2706/3606/1410 3428/3607/1936
f 2710/3617/1412 3428/3607/1936 3434/3613/1934
f 2710/3617/1412 3434/3613/1934 3438/3618/1933
f 3437/3616/670 3426/3602/670 3439/3619/670
f 3437/3616/670 3439/3619/670 3440/3620/670
f 3440/3620/670 3439/3619/670 3441/3621/671
f 3441/3621/671 3439/3619/670 3442/3622/671
f 3439/3619/670 3426/3602/670 3424/3600/1933
f 3442/3622/671 3439/3619/670 3443/3623/670
f 3439/3619/670 3424/3600/1933 1927/1944/891
f 3439/3619/670 1927/1944/891 3443/3623/670
f 1927/1944/891 3424/3600/1933 2777/3624/1480
f 1927/1944/891 2777/3624/1480 2779/3625/890
f 1927/1944/891 2779/3625/890 1926/1943/890
f 3443/3623/670 1927/1944/891 3444/3626/670
f 3444/3626/670 1927/1944/891 1925/1942/889
f 3444/3626/670 1925/1942/889 3445/3627/670
f 3445/3627/670 1925/1942/889 3446/3628/670
f 3446/3628/670 1925/1942/889 3447/3629/1933
f 3447/3629/1933 1925/1942/889 1924/1941/887
f 3447/3629/1933 1924/1941/887 3438/3618/1933
f 3438/3618/1933 1924/1941/887 2710/3617/1412
f 2710/3617/1412 1924/1941/887 2714/3630/163
f 2714/3630/163 1924/1941/887 2787/3631/164
f 2714/3630/163 2787/3631/164 2791/3632/1487
f 2714/3630/163 2791/3632/1487 2716/3633/1416
f 3448/3634/1616 3293/3430/1616 829/785/1616
f 3449/3635/1616 1846/3636/1616 3450/3637/1616
f 3449/3635/1616 3450/3637/1616 3451/3638/1616
f 3451/3638/1616 3450/3637/1616 3452/3639/1616
f 3449/3635/1616 3451/3638/1616 3453/3640/1616
f 3449/3635/1616 3453/3640/1616 1702/1719/1616
f 1702/1719/1616 3453/3640/1616 1703/1720/1616
f 3451/3638/1616 3452/3639/1616 3454/3641/1616
f 3454/3641/1616 3452/3639/1616 2893/2993/1616
f 3454/3641/1616 2893/2993/1616 2892/2992/1616
f 1437/1420/1737 1438/1421/1811 2776/2872/1895
f 2776/2872/1895 1438/1421/1811 3455/3642/1811
f 3455/3642/1811 1438/1421/1811 1439/1422/1450
f 2776/2872/1895 3455/3642/1811 2771/2867/1895
f 1440/1423/1450 1441/1424/1450 1439/1422/1450
f 1439/1422/1450 1441/1424/1450 3456/3643/1450
f 1439/1422/1450 3456/3643/1450 3455/3642/1811
f 3455/3642/1811 3456/3643/1450 3457/3644/1811
f 3455/3642/1811 3457/3644/1811 2771/2867/1895
f 3457/3644/1811 3456/3643/1450 3458/3645/1450
f 2771/2867/1895 3457/3644/1811 3459/3646/1937
f 3459/3646/1937 3457/3644/1811 3458/3645/1450
f 2771/2867/1895 3459/3646/1937 2772/2868/1938
f 3459/3646/1937 3458/3645/1450 3460/3647/1712
f 3459/3646/1937 3460/3647/1712 3461/3648/1939
f 3461/3648/1939 3460/3647/1712 3462/3649/1807
f 3461/3648/1939 3462/3649/1807 3365/3522/1807
f 3461/3648/1939 3365/3522/1807 3366/3523/1940
f 3459/3646/1937 3461/3648/1939 3463/3650/1941
f 3463/3650/1941 3461/3648/1939 3366/3523/1940
f 3459/3646/1937 3463/3650/1941 2772/2868/1938
f 3463/3650/1941 3366/3523/1940 3368/3525/1942
f 2772/2868/1938 3463/3650/1941 3464/3651/1943
f 3464/3651/1943 3463/3650/1941 3368/3525/1942
f 2772/2868/1938 3464/3651/1943 2774/2870/1943
f 3464/3651/1943 3368/3525/1942 3370/3527/1943
f 3464/3651/1943 3370/3527/1943 2774/2870/1943
f 2774/2870/1943 3370/3527/1943 3371/3528/1944
f 116/3652/1708 3465/3653/1708 3466/3654/1709
f 116/3652/1708 3466/3654/1709 118/3655/1709
f 2943/3131/1450 2942/3130/1450 3467/3656/1450
f 3467/3656/1450 2942/3130/1450 3468/3657/1450
f 3467/3656/1450 3468/3657/1450 3469/3658/1450
f 3469/3658/1450 3468/3657/1450 3470/3659/1450
f 3469/3658/1450 3470/3659/1450 3471/3660/1624
f 3471/3660/1624 3470/3659/1450 1839/3661/1450
f 3469/3658/1450 3471/3660/1624 3472/3662/1624
f 3472/3662/1624 3471/3660/1624 1865/1872/1624
f 3472/3662/1624 1865/1872/1624 1864/1871/1624
f 2491/2553/1450 3473/3663/1450 2492/2554/1450
f 2492/2554/1450 3473/3663/1450 3474/3664/1450
f 3474/3664/1450 3473/3663/1450 3475/3665/1450
f 3474/3664/1450 3475/3665/1450 3476/3666/1700
f 3474/3664/1450 3476/3666/1700 3477/3667/1450
f 3477/3667/1450 3476/3666/1700 3478/3668/1450
f 3477/3667/1450 3478/3668/1450 3479/3669/1450
f 336/2561/1450 2497/2560/1450 337/3670/1450
f 1840/1847/1450 1839/1846/1450 2497/2560/1450
f 2497/2560/1450 1839/1846/1450 3470/3671/1450
f 2497/2560/1450 3470/3671/1450 3468/3672/1450
f 337/3670/1450 2497/2560/1450 3480/3673/1450
f 3480/3673/1450 2497/2560/1450 3468/3672/1450
f 337/3670/1450 3480/3673/1450 878/3674/1624
f 3480/3673/1450 3468/3672/1450 3405/3567/1450
f 3405/3567/1450 3468/3672/1450 2942/3565/1450
f 3480/3673/1450 3405/3567/1450 3151/3306/1945
f 3480/3673/1450 3151/3306/1945 878/3674/1624
f 878/3674/1624 3151/3306/1945 880/3675/1624
f 880/3675/1624 3151/3306/1945 171/3305/1624
f 3481/3676/1740 3482/3677/1740 3483/3678/1740
f 3483/3678/1740 3482/3677/1740 3484/3679/1740
f 3483/3678/1740 3484/3679/1740 3485/3680/1740
f 3483/3678/1740 3485/3680/1740 3486/3681/1740
f 1257/1231/1616 1258/1232/1616 3487/3682/1616
f 3487/3682/1616 1258/1232/1616 3488/3683/1616
f 3488/3683/1616 1258/1232/1616 1259/1233/1616
f 3488/3683/1616 1259/1233/1616 3489/3684/1616
f 3489/3684/1616 1259/1233/1616 1260/1234/1616
f 3489/3684/1616 1260/1234/1616 3490/3685/1616
f 3490/3685/1616 1260/1234/1616 3491/3686/1616
f 3491/3686/1616 1260/1234/1616 1261/1235/1616
f 3492/3687/1882 3448/3634/1946 829/785/1947
f 3293/3430/1616 678/636/1616 829/785/1947
f 3492/3687/1882 829/785/1947 3493/3688/1947
f 3493/3688/1947 829/785/1947 830/3689/1947
f 3288/3424/1911 3492/3687/1882 3289/3425/1616
f 3492/3687/1882 3288/3424/1911 3359/3514/1242
f 3492/3687/1882 3359/3514/1242 3452/3690/1616
f 3492/3687/1882 3452/3690/1616 3448/3634/1946
f 3452/3690/1616 3359/3514/1242 2893/3530/1616
f 3448/3634/1946 3452/3690/1616 3450/3691/1616
f 3448/3634/1946 3450/3691/1616 2496/2558/1616
f 3448/3634/1946 2496/2558/1616 2494/2556/1616
f 2496/2558/1616 3450/3691/1616 1846/1853/1616
f 2496/2558/1616 1846/1853/1616 1844/1851/1616
f 54/3692/1948 3494/3693/1948 50/3694/1104
f 50/3694/1104 3494/3693/1948 3495/3695/90
f 2937/3125/1949 519/1811/160 676/3696/1950
f 676/3696/1950 519/1811/160 520/3697/162
f 165/3698/1951 3496/3699/1951 166/3700/1882
f 166/3700/1882 3496/3699/1951 3497/3701/1882
f 3496/3699/1951 165/3698/1951 3498/3702/1952
f 166/3700/1882 3497/3701/1882 168/3703/1953
f 3498/3702/1952 165/3698/1951 162/3704/1952
f 168/3703/1953 3497/3701/1882 3499/3705/1953
f 168/3703/1953 3499/3705/1953 399/3706/1380
f 399/3706/1380 3499/3705/1953 3500/3707/1380
f 3498/3702/1952 162/3704/1952 3501/3708/1672
f 3501/3708/1672 162/3704/1952 161/3709/1672
f 3501/3708/1672 161/3709/1672 3502/3710/1881
f 3502/3710/1881 161/3709/1672 160/3711/1881
f 3502/3710/1881 160/3711/1881 3503/3712/1609
f 3503/3712/1609 160/3711/1881 159/3713/1609
f 3503/3712/1609 159/3713/1609 3504/3714/1380
f 3504/3714/1380 159/3713/1609 158/3715/1380
f 3504/3714/1380 158/3715/1380 3505/3716/1606
f 3505/3716/1606 158/3715/1380 157/3717/1606
f 3505/3716/1606 157/3717/1606 3506/3718/1954
f 3506/3718/1954 157/3717/1606 156/3719/1954
f 3506/3718/1954 156/3719/1954 3507/3720/1955
f 3507/3720/1955 156/3719/1954 155/3721/1955
f 3507/3720/1955 155/3721/1955 1093/3722/90
f 1093/3722/90 155/3721/1955 154/3723/90
f 1274/1248/1450 1275/1249/1450 3508/3724/1450
f 3508/3724/1450 1275/1249/1450 3509/3725/1450
f 3509/3725/1450 1275/1249/1450 3510/3726/1450
f 3510/3726/1450 1275/1249/1450 1276/1250/1450
f 3510/3726/1450 1276/1250/1450 3511/3727/1450
f 3511/3727/1450 1276/1250/1450 1277/1251/1450
f 3511/3727/1450 1277/1251/1450 3512/3728/1450
f 3512/3728/1450 1277/1251/1450 1278/1252/1450
f 3513/3729/1956 3514/3730/1956 3515/3731/1957
f 3513/3729/1956 3515/3731/1957 3516/3732/1958
f 3515/3731/1957 3514/3730/1956 3517/3733/1959
f 3517/3733/1959 3514/3730/1956 3518/3734/1960
f 3517/3733/1959 3518/3734/1960 455/3735/1961
f 455/3735/1961 3518/3734/1960 453/3736/1962
f 3517/3733/1959 455/3735/1961 461/3737/1963
f 3517/3733/1959 461/3737/1963 3515/3731/1957
f 3515/3731/1957 461/3737/1963 462/3738/759
f 3515/3731/1957 462/3738/759 3516/3732/1958
f 3516/3732/1958 462/3738/759 464/3739/1964
f 3516/3732/1958 464/3739/1964 3519/3740/1964
f 3519/3740/1964 464/3739/1964 467/3741/1695
f 3519/3740/1964 467/3741/1695 3520/3742/1695
f 3520/3742/1695 467/3741/1695 469/3743/1965
f 3520/3742/1695 469/3743/1965 3521/3744/1965
f 521/3745/166 522/2322/167 948/3558/1966
f 948/3558/1966 522/2322/167 2962/3150/1913
f 1338/1312/1967 1339/1313/1967 1664/1679/1967
f 1664/1679/1967 1339/1313/1967 1665/1680/1967
f 3522/3185/1616 3523/3186/1616 3524/3187/1616
f 3524/3187/1616 3523/3186/1616 3525/3188/1616
f 3523/3186/1616 3522/3185/1616 3526/3189/1616
f 3525/3188/1616 3523/3186/1616 3527/3190/1616
f 3523/3186/1616 3526/3189/1616 3528/3191/1616
f 3527/3190/1616 3523/3186/1616 3529/3192/1616
f 3523/3186/1616 3528/3191/1616 3530/3193/1616
f 3529/3192/1616 3523/3186/1616 3531/3194/1616
f 3523/3186/1616 3530/3193/1616 3532/3195/1616
f 3531/3194/1616 3523/3186/1616 3533/3196/1616
f 3523/3186/1616 3532/3195/1616 3534/3197/1616
f 3533/3196/1616 3523/3186/1616 3535/3198/1616
f 3523/3186/1616 3534/3197/1616 3536/3199/1616
f 3535/3198/1616 3523/3186/1616 3537/3200/1616
f 3523/3186/1616 3536/3199/1616 3538/3201/1616
f 3537/3200/1616 3523/3186/1616 3539/3202/1616
f 3523/3186/1616 3538/3201/1616 3540/3203/1616
f 3539/3202/1616 3523/3186/1616 3541/3204/1616
f 3523/3186/1616 3540/3203/1616 3542/3205/1616
f 3541/3204/1616 3523/3186/1616 3543/3206/1616
f 3523/3186/1616 3542/3205/1616 3544/3207/1616
f 3543/3206/1616 3523/3186/1616 3545/3208/1616
f 3523/3186/1616 3544/3207/1616 3546/3209/1616
f 3523/3186/1616 3546/3209/1616 3545/3208/1616
f 1674/1689/1968 1981/1997/1968 1675/1690/1968
f 1675/1690/1968 1981/1997/1968 3547/3746/1968
f 3548/3747/1969 3238/3397/1970 3239/3398/1969
f 3548/3747/1969 3239/3398/1969 3240/3399/1971
f 3548/3747/1969 3240/3399/1971 3549/3748/1971
f 3550/3210/1649 3551/3211/1650 3546/3209/1649
f 3546/3209/1649 3551/3211/1650 3545/3208/1650
f 3550/3210/1649 3546/3209/1649 3544/3207/1651
f 3545/3208/1650 3551/3211/1650 3552/3212/1652
f 3550/3210/1649 3544/3207/1651 3553/3213/1651
f 3545/3208/1650 3552/3212/1652 3543/3206/1652
f 3553/3213/1651 3544/3207/1651 3542/3205/1653
f 3543/3206/1652 3552/3212/1652 3554/3214/1654
f 3553/3213/1651 3542/3205/1653 3555/3215/1653
f 3543/3206/1652 3554/3214/1654 3541/3204/1654
f 3555/3215/1653 3542/3205/1653 3540/3203/1655
f 3541/3204/1654 3554/3214/1654 3556/3216/1656
f 3555/3215/1653 3540/3203/1655 3557/3217/1655
f 3541/3204/1654 3556/3216/1656 3539/3202/1656
f 3557/3217/1655 3540/3203/1655 3538/3201/1657
f 3539/3202/1656 3556/3216/1656 3558/3218/1658
f 3557/3217/1655 3538/3201/1657 3559/3219/1657
f 3539/3202/1656 3558/3218/1658 3537/3200/1658
f 3559/3219/1657 3538/3201/1657 3536/3199/1659
f 3537/3200/1658 3558/3218/1658 3560/3220/474
f 3559/3219/1657 3536/3199/1659 3561/3221/1659
f 3537/3200/1658 3560/3220/474 3535/3198/474
f 3561/3221/1659 3536/3199/1659 3534/3197/1660
f 3535/3198/474 3560/3220/474 3562/3222/1661
f 3561/3221/1659 3534/3197/1660 3563/3223/1660
f 3535/3198/474 3562/3222/1661 3533/3196/1661
f 3563/3223/1660 3534/3197/1660 3532/3195/1662
f 3533/3196/1661 3562/3222/1661 3564/3224/1663
f 3563/3223/1660 3532/3195/1662 3565/3225/1662
f 3533/3196/1661 3564/3224/1663 3531/3194/1663
f 3565/3225/1662 3532/3195/1662 3530/3193/1664
f 3531/3194/1663 3564/3224/1663 3566/3226/1665
f 3565/3225/1662 3530/3193/1664 3567/3227/1664
f 3531/3194/1663 3566/3226/1665 3529/3192/1665
f 3567/3227/1664 3530/3193/1664 3528/3191/1666
f 3529/3192/1665 3566/3226/1665 3568/3228/1667
f 3567/3227/1664 3528/3191/1666 3569/3229/1666
f 3529/3192/1665 3568/3228/1667 3527/3190/1667
f 3569/3229/1666 3528/3191/1666 3526/3189/1668
f 3527/3190/1667 3568/3228/1667 3570/3230/1669
f 3569/3229/1666 3526/3189/1668 3571/3231/1668
f 3527/3190/1667 3570/3230/1669 3525/3188/1669
f 3571/3231/1668 3526/3189/1668 3522/3185/1670
f 3525/3188/1669 3570/3230/1669 3572/3232/701
f 3571/3231/1668 3522/3185/1670 3573/3233/1670
f 3525/3188/1669 3572/3232/701 3524/3187/701
f 3573/3233/1670 3522/3185/1670 3524/3187/701
f 3573/3233/1670 3524/3187/701 3572/3232/701
f 3574/3186/1450 3575/3185/1450 3576/3187/1450
f 3575/3185/1450 3574/3186/1450 3577/3189/1450
f 3574/3186/1450 3576/3187/1450 3578/3188/1450
f 3577/3189/1450 3574/3186/1450 3579/3191/1450
f 3574/3186/1450 3578/3188/1450 3580/3190/1450
f 3579/3191/1450 3574/3186/1450 3581/3193/1450
f 3574/3186/1450 3580/3190/1450 3582/3192/1450
f 3581/3193/1450 3574/3186/1450 3583/3195/1450
f 3574/3186/1450 3582/3192/1450 3584/3194/1450
f 3583/3195/1450 3574/3186/1450 3585/3197/1450
f 3574/3186/1450 3584/3194/1450 3586/3196/1450
f 3585/3197/1450 3574/3186/1450 3587/3199/1450
f 3574/3186/1450 3586/3196/1450 3588/3198/1450
f 3587/3199/1450 3574/3186/1450 3589/3201/1450
f 3574/3186/1450 3588/3198/1450 3590/3200/1450
f 3589/3201/1450 3574/3186/1450 3591/3203/1450
f 3574/3186/1450 3590/3200/1450 3592/3202/1450
f 3591/3203/1450 3574/3186/1450 3593/3205/1450
f 3574/3186/1450 3592/3202/1450 3594/3204/1450
f 3593/3205/1450 3574/3186/1450 3595/3207/1450
f 3574/3186/1450 3594/3204/1450 3596/3206/1450
f 3595/3207/1450 3574/3186/1450 3597/3209/1450
f 3574/3186/1450 3596/3206/1450 3598/3208/1450
f 3574/3186/1450 3598/3208/1450 3597/3209/1450
f 3599/3749/1616 3600/3750/1616 3601/3751/1616
f 3601/3751/1616 3600/3750/1616 3602/3752/1616
f 3600/3750/1616 3599/3749/1616 3603/3753/1616
f 3602/3752/1616 3600/3750/1616 3604/3754/1616
f 3600/3750/1616 3603/3753/1616 3605/3755/1616
f 3604/3754/1616 3600/3750/1616 3606/3756/1616
f 3600/3750/1616 3605/3755/1616 3607/3757/1616
f 3606/3756/1616 3600/3750/1616 3608/3758/1616
f 3600/3750/1616 3607/3757/1616 3609/3759/1616
f 3608/3758/1616 3600/3750/1616 3610/3760/1616
f 3600/3750/1616 3609/3759/1616 3611/3761/1616
f 3610/3760/1616 3600/3750/1616 3612/3762/1616
f 3600/3750/1616 3611/3761/1616 3613/3763/1616
f 3612/3762/1616 3600/3750/1616 3614/3764/1616
f 3600/3750/1616 3613/3763/1616 3615/3765/1616
f 3614/3764/1616 3600/3750/1616 3616/3766/1616
f 3600/3750/1616 3615/3765/1616 3617/3767/1616
f 3616/3766/1616 3600/3750/1616 3618/3768/1616
f 3600/3750/1616 3617/3767/1616 3619/3769/1616
f 3618/3768/1616 3600/3750/1616 3620/3770/1616
f 3600/3750/1616 3619/3769/1616 3621/3771/1616
f 3620/3770/1616 3600/3750/1616 3622/3772/1616
f 3600/3750/1616 3621/3771/1616 3623/3773/1616
f 3600/3750/1616 3623/3773/1616 3622/3772/1616
f 3575/3185/1675 3624/3233/1675 3576/3187/755
f 3576/3187/755 3624/3233/1675 3625/3232/755
f 3624/3233/1675 3575/3185/1675 3626/3231/1676
f 3576/3187/755 3625/3232/755 3578/3188/1677
f 3626/3231/1676 3575/3185/1675 3577/3189/1676
f 3578/3188/1677 3625/3232/755 3627/3230/1677
f 3626/3231/1676 3577/3189/1676 3628/3229/1678
f 3578/3188/1677 3627/3230/1677 3580/3190/1679
f 3628/3229/1678 3577/3189/1676 3579/3191/1678
f 3580/3190/1679 3627/3230/1677 3629/3228/1679
f 3628/3229/1678 3579/3191/1678 3630/3227/1680
f 3580/3190/1679 3629/3228/1679 3582/3192/1681
f 3630/3227/1680 3579/3191/1678 3581/3193/1680
f 3582/3192/1681 3629/3228/1679 3631/3226/1681
f 3630/3227/1680 3581/3193/1680 3632/3225/1682
f 3582/3192/1681 3631/3226/1681 3584/3194/1683
f 3632/3225/1682 3581/3193/1680 3583/3195/1682
f 3584/3194/1683 3631/3226/1681 3633/3224/1683
f 3632/3225/1682 3583/3195/1682 3634/3223/120
f 3584/3194/1683 3633/3224/1683 3586/3196/1684
f 3634/3223/120 3583/3195/1682 3585/3197/120
f 3586/3196/1684 3633/3224/1683 3635/3222/1684
f 3634/3223/120 3585/3197/120 3636/3221/1685
f 3586/3196/1684 3635/3222/1684 3588/3198/1686
f 3636/3221/1685 3585/3197/120 3587/3199/1685
f 3588/3198/1686 3635/3222/1684 3637/3220/1686
f 3636/3221/1685 3587/3199/1685 3638/3219/1687
f 3588/3198/1686 3637/3220/1686 3590/3200/1688
f 3638/3219/1687 3587/3199/1685 3589/3201/1687
f 3590/3200/1688 3637/3220/1686 3639/3218/1688
f 3638/3219/1687 3589/3201/1687 3640/3217/1689
f 3590/3200/1688 3639/3218/1688 3592/3202/1690
f 3640/3217/1689 3589/3201/1687 3591/3203/1689
f 3592/3202/1690 3639/3218/1688 3641/3216/1690
f 3640/3217/1689 3591/3203/1689 3642/3215/1691
f 3592/3202/1690 3641/3216/1690 3594/3204/1692
f 3642/3215/1691 3591/3203/1689 3593/3205/1691
f 3594/3204/1692 3641/3216/1690 3643/3214/1692
f 3642/3215/1691 3593/3205/1691 3644/3213/1693
f 3594/3204/1692 3643/3214/1692 3596/3206/1694
f 3644/3213/1693 3593/3205/1691 3595/3207/1693
f 3596/3206/1694 3643/3214/1692 3645/3212/1694
f 3644/3213/1693 3595/3207/1693 3646/3210/1695
f 3596/3206/1694 3645/3212/1694 3598/3208/1696
f 3646/3210/1695 3595/3207/1693 3597/3209/1695
f 3598/3208/1696 3645/3212/1694 3647/3211/1696
f 3646/3210/1695 3597/3209/1695 3647/3211/1696
f 3647/3211/1696 3597/3209/1695 3598/3208/1696
f 338/304/1972 340/306/1973 3623/3773/1972
f 3623/3773/1972 340/306/1973 3622/3772/1973
f 338/304/1972 3623/3773/1972 3621/3771/1974
f 3622/3772/1973 340/306/1973 343/309/1975
f 338/304/1972 3621/3771/1974 344/310/1974
f 3622/3772/1973 343/309/1975 3620/3770/1975
f 344/310/1974 3621/3771/1974 3619/3769/252
f 3620/3770/1975 343/309/1975 347/313/1976
f 344/310/1974 3619/3769/252 348/314/252
f 3620/3770/1975 347/313/1976 3618/3768/1976
f 348/314/252 3619/3769/252 3617/3767/566
f 3618/3768/1976 347/313/1976 351/317/573
f 348/314/252 3617/3767/566 352/318/566
f 3618/3768/1976 351/317/573 3616/3766/573
f 352/318/566 3617/3767/566 3615/3765/1977
f 3616/3766/573 351/317/573 355/321/1978
f 352/318/566 3615/3765/1977 356/322/1977
f 3616/3766/573 355/321/1978 3614/3764/1978
f 356/322/1977 3615/3765/1977 3613/3763/1979
f 3614/3764/1978 355/321/1978 359/325/521
f 356/322/1977 3613/3763/1979 360/326/1979
f 3614/3764/1978 359/325/521 3612/3762/521
f 360/326/1979 3613/3763/1979 3611/3761/1980
f 3612/3762/521 359/325/521 363/329/1981
f 360/326/1979 3611/3761/1980 364/330/1980
f 3612/3762/521 363/329/1981 3610/3760/1981
f 364/330/1980 3611/3761/1980 3609/3759/1345
f 3610/3760/1981 363/329/1981 367/333/1982
f 364/330/1980 3609/3759/1345 368/334/1345
f 3610/3760/1981 367/333/1982 3608/3758/1982
f 368/334/1345 3609/3759/1345 3607/3757/492
f 3608/3758/1982 367/333/1982 371/337/259
f 368/334/1345 3607/3757/492 372/338/492
f 3608/3758/1982 371/337/259 3606/3756/259
f 372/338/492 3607/3757/492 3605/3755/493
f 3606/3756/259 371/337/259 375/341/1983
f 372/338/492 3605/3755/493 376/342/493
f 3606/3756/259 375/341/1983 3604/3754/1983
f 376/342/493 3605/3755/493 3603/3753/1984
f 3604/3754/1983 375/341/1983 379/345/1985
f 376/342/493 3603/3753/1984 380/346/1984
f 3604/3754/1983 379/345/1985 3602/3752/1985
f 380/346/1984 3603/3753/1984 3599/3749/1986
f 3602/3752/1985 379/345/1985 383/349/1290
f 380/346/1984 3599/3749/1986 384/350/1986
f 3602/3752/1985 383/349/1290 3601/3751/1290
f 384/350/1986 3599/3749/1986 3601/3751/1290
f 384/350/1986 3601/3751/1290 383/349/1290
f 3648/3750/1450 3649/3749/1450 3650/3751/1450
f 3649/3749/1450 3648/3750/1450 3651/3753/1450
f 3648/3750/1450 3650/3751/1450 3652/3752/1450
f 3651/3753/1450 3648/3750/1450 3653/3755/1450
f 3648/3750/1450 3652/3752/1450 3654/3754/1450
f 3653/3755/1450 3648/3750/1450 3655/3757/1450
f 3648/3750/1450 3654/3754/1450 3656/3756/1450
f 3655/3757/1450 3648/3750/1450 3657/3759/1450
f 3648/3750/1450 3656/3756/1450 3658/3758/1450
f 3657/3759/1450 3648/3750/1450 3659/3761/1450
f 3648/3750/1450 3658/3758/1450 3660/3760/1450
f 3659/3761/1450 3648/3750/1450 3661/3763/1450
f 3648/3750/1450 3660/3760/1450 3662/3762/1450
f 3661/3763/1450 3648/3750/1450 3663/3765/1450
f 3648/3750/1450 3662/3762/1450 3664/3764/1450
f 3663/3765/1450 3648/3750/1450 3665/3767/1450
f 3648/3750/1450 3664/3764/1450 3666/3766/1450
f 3665/3767/1450 3648/3750/1450 3667/3769/1450
f 3648/3750/1450 3666/3766/1450 3668/3768/1450
f 3667/3769/1450 3648/3750/1450 3669/3771/1450
f 3648/3750/1450 3668/3768/1450 3670/3770/1450
f 3669/3771/1450 3648/3750/1450 3671/3773/1450
f 3648/3750/1450 3670/3770/1450 3672/3772/1450
f 3648/3750/1450 3672/3772/1450 3671/3773/1450
f 3486/3681/1616 3485/3680/1616 3673/3774/1616
f 3673/3774/1616 3485/3680/1616 3674/3775/1616
f 3649/3749/1987 3675/350/1987 3650/3751/1102
f 3650/3751/1102 3675/350/1987 3676/349/1102
f 3675/350/1987 3649/3749/1987 3677/346/1988
f 3650/3751/1102 3676/349/1102 3652/3752/1989
f 3677/346/1988 3649/3749/1987 3651/3753/1988
f 3652/3752/1989 3676/349/1102 3678/345/1989
f 3677/346/1988 3651/3753/1988 3679/342/501
f 3652/3752/1989 3678/345/1989 3654/3754/1990
f 3679/342/501 3651/3753/1988 3653/3755/501
f 3654/3754/1990 3678/345/1989 3680/341/1990
f 3679/342/501 3653/3755/501 3681/338/124
f 3654/3754/1990 3680/341/1990 3656/3756/48
f 3681/338/124 3653/3755/501 3655/3757/124
f 3656/3756/48 3680/341/1990 3682/337/48
f 3681/338/124 3655/3757/124 3683/334/1398
f 3656/3756/48 3682/337/48 3658/3758/1991
f 3683/334/1398 3655/3757/124 3657/3759/1398
f 3658/3758/1991 3682/337/48 3684/333/1991
f 3683/334/1398 3657/3759/1398 3685/330/1992
f 3658/3758/1991 3684/333/1991 3660/3760/1993
f 3685/330/1992 3657/3759/1398 3659/3761/1992
f 3660/3760/1993 3684/333/1991 3686/329/1993
f 3685/330/1992 3659/3761/1992 3687/326/1994
f 3660/3760/1993 3686/329/1993 3662/3762/636
f 3687/326/1994 3659/3761/1992 3661/3763/1994
f 3662/3762/636 3686/329/1993 3688/325/636
f 3687/326/1994 3661/3763/1994 3689/322/1995
f 3662/3762/636 3688/325/636 3664/3764/1996
f 3689/322/1995 3661/3763/1994 3663/3765/1995
f 3664/3764/1996 3688/325/636 3690/321/1996
f 3689/322/1995 3663/3765/1995 3691/318/648
f 3664/3764/1996 3690/321/1996 3666/3766/641
f 3691/318/648 3663/3765/1995 3665/3767/648
f 3666/3766/641 3690/321/1996 3692/317/641
f 3691/318/648 3665/3767/648 3693/314/43
f 3666/3766/641 3692/317/641 3668/3768/1997
f 3693/314/43 3665/3767/648 3667/3769/43
f 3668/3768/1997 3692/317/641 3694/313/1997
f 3693/314/43 3667/3769/43 3695/310/1998
f 3668/3768/1997 3694/313/1997 3670/3770/1999
f 3695/310/1998 3667/3769/43 3669/3771/1998
f 3670/3770/1999 3694/313/1997 3696/309/1999
f 3695/310/1998 3669/3771/1998 3697/304/1361
f 3670/3770/1999 3696/309/1999 3672/3772/2000
f 3697/304/1361 3669/3771/1998 3671/3773/1361
f 3672/3772/2000 3696/309/1999 3698/306/2000
f 3697/304/1361 3671/3773/1361 3698/306/2000
f 3698/306/2000 3671/3773/1361 3672/3772/2000
f 3699/3776/2001 3395/3554/1912 3396/3555/97
f 3699/3776/2001 3396/3555/97 3700/3777/522
f 3701/3778/2002 3398/3557/1910 3395/3554/1912
f 3701/3778/2002 3395/3554/1912 3699/3776/2001
f 3702/3779/2003 3397/3556/247 3398/3557/1910
f 3702/3779/2003 3398/3557/1910 3701/3778/2002
f 3699/3776/2001 3700/3777/522 3703/3780/2004
f 3703/3780/2004 3700/3777/522 3704/3781/2005
f 3701/3778/2002 3699/3776/2001 3705/3782/2006
f 3705/3782/2006 3699/3776/2001 3703/3780/2004
f 3702/3779/2003 3701/3778/2002 3706/3783/2007
f 3706/3783/2007 3701/3778/2002 3705/3782/2006
f 3703/3780/2004 3704/3781/2005 3707/3784/2008
f 3707/3784/2008 3704/3781/2005 3708/3785/374
f 3707/3784/2008 3708/3785/374 3709/3786/2009
f 3705/3782/2006 3703/3780/2004 3710/3787/2010
f 3710/3787/2010 3703/3780/2004 3707/3784/2008
f 3706/3783/2007 3705/3782/2006 3711/3788/2011
f 3711/3788/2011 3705/3782/2006 3710/3787/2010
f 3706/3783/2007 3711/3788/2011 3712/3789/1616
f 3706/3783/2007 3712/3789/1616 3702/3779/2003
f 3707/3784/2008 3709/3786/2009 3713/3790/1901
f 3713/3790/1901 3709/3786/2009 3714/3791/2012
f 3710/3787/2010 3707/3784/2008 3715/3792/2013
f 3715/3792/2013 3707/3784/2008 3713/3790/1901
f 3711/3788/2011 3710/3787/2010 3716/3793/237
f 3716/3793/237 3710/3787/2010 3715/3792/2013
f 3711/3788/2011 3716/3793/237 3717/3794/1616
f 3711/3788/2011 3717/3794/1616 3712/3789/1616
f 3713/3790/1901 3714/3791/2012 3718/3795/2014
f 3718/3795/2014 3714/3791/2012 710/1065/2015
f 3718/3795/2014 710/1065/2015 1102/1064/2016
f 3713/3790/1901 3718/3795/2014 3719/3796/1905
f 3713/3790/1901 3719/3796/1905 3715/3792/2013
f 3718/3795/2014 1102/1064/2016 3720/3797/2017
f 3718/3795/2014 3720/3797/2017 3719/3796/1905
f 3720/3797/2017 1102/1064/2016 1101/1063/2018
f 3715/3792/2013 3719/3796/1905 3721/3798/2019
f 3715/3792/2013 3721/3798/2019 3716/3793/237
f 3719/3796/1905 3720/3797/2017 3722/3799/201
f 3719/3796/1905 3722/3799/201 3721/3798/2019
f 3720/3797/2017 1101/1063/2018 3723/3800/2020
f 3720/3797/2017 3723/3800/2020 3722/3799/201
f 3723/3800/2020 1101/1063/2018 1100/1062/2020
f 3716/3793/237 3721/3798/2019 3724/3801/1616
f 3716/3793/237 3724/3801/1616 3717/3794/1616
f 3721/3798/2019 3722/3799/201 3725/3802/1616
f 3721/3798/2019 3725/3802/1616 3724/3801/1616
f 3722/3799/201 3723/3800/2020 3726/3803/1616
f 3722/3799/201 3726/3803/1616 3725/3802/1616
f 3723/3800/2020 1100/1062/2020 3727/3804/1616
f 3723/3800/2020 3727/3804/1616 3726/3803/1616
f 3727/3804/1616 1100/1062/2020 1099/1061/1616
f 3727/3804/1616 1099/1061/1616 3728/3805/1671
f 3728/3805/1671 1099/1061/1616 1098/1060/1616
f 3727/3804/1616 3728/3805/1671 3729/3806/2021
f 3727/3804/1616 3729/3806/2021 3726/3803/1616
f 3729/3806/2021 3728/3805/1671 3730/3807/2022
f 3729/3806/2021 3730/3807/2022 3731/3808/2023
f 3729/3806/2021 3731/3808/2023 3732/3809/1616
f 3729/3806/2021 3732/3809/1616 3726/3803/1616
f 3726/3803/1616 3732/3809/1616 3733/3810/1616
f 3726/3803/1616 3733/3810/1616 3725/3802/1616
f 3725/3802/1616 3733/3810/1616 3734/3811/1616
f 3725/3802/1616 3734/3811/1616 3735/3812/1616
f 3725/3802/1616 3735/3812/1616 3724/3801/1616
f 3735/3812/1616 3734/3811/1616 3736/3813/139
f 3724/3801/1616 3735/3812/1616 3737/3814/1616
f 3724/3801/1616 3737/3814/1616 3717/3794/1616
f 3735/3812/1616 3736/3813/139 3738/3815/2024
f 3738/3815/2024 3736/3813/139 3739/3816/2025
f 3735/3812/1616 3738/3815/2024 2603/2667/1843
f 3735/3812/1616 2603/2667/1843 3737/3814/1616
f 3738/3815/2024 3739/3816/2025 2607/2671/2025
f 3738/3815/2024 2607/2671/2025 2603/2667/1843
f 2607/2671/2025 3739/3816/2025 3740/3817/2026
f 2607/2671/2025 3740/3817/2026 2611/2675/2026
f 2611/2675/2026 3740/3817/2026 3741/3818/2027
f 2611/2675/2026 3741/3818/2027 2612/2676/2027
f 2612/2676/2027 3741/3818/2027 2615/2679/2028
f 2615/2679/2028 3741/3818/2027 3742/3819/2028
f 2615/2679/2028 3742/3819/2028 1187/3820/669
f 2615/2679/2028 1187/3820/669 2614/2678/669
f 2602/2666/1616 3737/3814/1616 2603/2667/1843
f 3737/3814/1616 2602/2666/1616 3743/3821/1616
f 3743/3821/1616 2602/2666/1616 2587/2649/1616
f 3744/3822/486 1306/3823/486 3745/3824/1965
f 3745/3824/1965 1306/3823/486 1367/3825/1965
f 3745/3824/1965 1367/3825/1965 3746/3826/1622
f 3746/3826/1622 1367/3825/1965 1368/3827/1622
f 3746/3826/1622 1368/3827/1622 3747/3828/1739
f 3747/3828/1739 1368/3827/1622 1369/3829/1739
f 3747/3828/1739 1369/3829/1739 3748/3830/2029
f 3748/3830/2029 1369/3829/1739 1370/3831/2029
f 3748/3830/2029 1370/3831/2029 3749/3832/2030
f 3749/3832/2030 1370/3831/2029 1371/3833/2030
f 3749/3832/2030 1371/3833/2030 3750/3834/749
f 3750/3834/749 1371/3833/2030 1372/3835/749
f 3751/3315/1741 3573/3233/1741 3752/3316/1742
f 3752/3316/1742 3573/3233/1741 3572/3232/1742
f 3573/3233/1741 3751/3315/1741 3571/3231/1743
f 3752/3316/1742 3572/3232/1742 3753/3317/1744
f 3571/3231/1743 3751/3315/1741 3754/3318/1743
f 3753/3317/1744 3572/3232/1742 3570/3230/1744
f 3571/3231/1743 3754/3318/1743 3569/3229/321
f 3753/3317/1744 3570/3230/1744 3755/3319/1745
f 3569/3229/321 3754/3318/1743 3756/3320/321
f 3755/3319/1745 3570/3230/1744 3568/3228/1745
f 3569/3229/321 3756/3320/321 3567/3227/1746
f 3755/3319/1745 3568/3228/1745 3757/3321/1747
f 3567/3227/1746 3756/3320/321 3758/3322/1746
f 3757/3321/1747 3568/3228/1745 3566/3226/1747
f 3567/3227/1746 3758/3322/1746 3565/3225/1748
f 3757/3321/1747 3566/3226/1747 3759/3323/1749
f 3565/3225/1748 3758/3322/1746 3760/3324/1748
f 3759/3323/1749 3566/3226/1747 3564/3224/1749
f 3565/3225/1748 3760/3324/1748 3563/3223/1750
f 3759/3323/1749 3564/3224/1749 3761/3325/1751
f 3563/3223/1750 3760/3324/1748 3762/3326/1750
f 3761/3325/1751 3564/3224/1749 3562/3222/1751
f 3563/3223/1750 3762/3326/1750 3561/3221/1752
f 3761/3325/1751 3562/3222/1751 3763/3327/1753
f 3561/3221/1752 3762/3326/1750 3764/3328/1752
f 3763/3327/1753 3562/3222/1751 3560/3220/1753
f 3561/3221/1752 3764/3328/1752 3559/3219/1754
f 3763/3327/1753 3560/3220/1753 3765/3329/1755
f 3559/3219/1754 3764/3328/1752 3766/3330/1754
f 3765/3329/1755 3560/3220/1753 3558/3218/1755
f 3559/3219/1754 3766/3330/1754 3557/3217/1756
f 3765/3329/1755 3558/3218/1755 3767/3331/1757
f 3557/3217/1756 3766/3330/1754 3768/3332/1756
f 3767/3331/1757 3558/3218/1755 3556/3216/1757
f 3557/3217/1756 3768/3332/1756 3555/3215/1758
f 3767/3331/1757 3556/3216/1757 3769/3333/1759
f 3555/3215/1758 3768/3332/1756 3770/3334/1758
f 3769/3333/1759 3556/3216/1757 3554/3214/1759
f 3555/3215/1758 3770/3334/1758 3553/3213/1760
f 3769/3333/1759 3554/3214/1759 3771/3335/1761
f 3553/3213/1760 3770/3334/1758 3772/3336/1760
f 3771/3335/1761 3554/3214/1759 3552/3212/1761
f 3553/3213/1760 3772/3336/1760 3550/3210/1762
f 3771/3335/1761 3552/3212/1761 3773/3337/1763
f 3550/3210/1762 3772/3336/1760 3774/3338/1762
f 3773/3337/1763 3552/3212/1761 3551/3211/1763
f 3550/3210/1762 3774/3338/1762 3551/3211/1763
f 3551/3211/1763 3774/3338/1762 3773/3337/1763
f 3775/3836/1622 3776/3837/1965 151/3838/1622
f 151/3838/1622 3776/3837/1965 152/3839/1965
f 152/3839/1965 3776/3837/1965 1092/1051/486
f 152/3839/1965 1092/1051/486 153/1050/486
f 3775/3836/1622 151/3838/1622 150/3840/1449
f 3775/3836/1622 150/3840/1449 3777/3841/1449
f 3777/3841/1449 150/3840/1449 149/3842/1620
f 3777/3841/1449 149/3842/1620 3778/3843/1620
f 3778/3843/1620 149/3842/1620 146/3844/2031
f 3778/3843/1620 146/3844/2031 3779/3845/2031
f 3779/3845/2031 146/3844/2031 148/3846/1701
f 3779/3845/2031 148/3846/1701 3780/3847/1701
f 3780/3847/1701 148/3846/1701 163/3848/2032
f 3780/3847/1701 163/3848/2032 3781/3849/2032
f 3781/3849/2032 163/3848/2032 164/3850/2033
f 3781/3849/2032 164/3850/2033 3782/3851/2033
f 3782/3851/2033 164/3850/2033 167/3852/2034
f 3782/3851/2033 167/3852/2034 3783/3853/2034
f 3783/3853/2034 167/3852/2034 169/3854/1619
f 3783/3853/2034 169/3854/1619 3784/3855/1619
f 3784/3855/1619 169/3854/1619 398/3856/1449
f 3784/3855/1619 398/3856/1449 3785/3857/1449
f 3646/3210/1813 3647/3211/1814 3786/3338/1813
f 3786/3338/1813 3647/3211/1814 3787/3337/1814
f 3646/3210/1813 3786/3338/1813 3788/3336/1815
f 3787/3337/1814 3647/3211/1814 3645/3212/1816
f 3646/3210/1813 3788/3336/1815 3644/3213/1815
f 3787/3337/1814 3645/3212/1816 3789/3335/1816
f 3644/3213/1815 3788/3336/1815 3790/3334/1817
f 3789/3335/1816 3645/3212/1816 3643/3214/1818
f 3644/3213/1815 3790/3334/1817 3642/3215/1817
f 3789/3335/1816 3643/3214/1818 3791/3333/1818
f 3642/3215/1817 3790/3334/1817 3792/3332/1819
f 3791/3333/1818 3643/3214/1818 3641/3216/1820
f 3642/3215/1817 3792/3332/1819 3640/3217/1819
f 3791/3333/1818 3641/3216/1820 3793/3331/1820
f 3640/3217/1819 3792/3332/1819 3794/3330/1821
f 3793/3331/1820 3641/3216/1820 3639/3218/1822
f 3640/3217/1819 3794/3330/1821 3638/3219/1821
f 3793/3331/1820 3639/3218/1822 3795/3329/1822
f 3638/3219/1821 3794/3330/1821 3796/3328/1823
f 3795/3329/1822 3639/3218/1822 3637/3220/1824
f 3638/3219/1821 3796/3328/1823 3636/3221/1823
f 3795/3329/1822 3637/3220/1824 3797/3327/1824
f 3636/3221/1823 3796/3328/1823 3798/3326/1825
f 3797/3327/1824 3637/3220/1824 3635/3222/1826
f 3636/3221/1823 3798/3326/1825 3634/3223/1825
f 3797/3327/1824 3635/3222/1826 3799/3325/1826
f 3634/3223/1825 3798/3326/1825 3800/3324/1827
f 3799/3325/1826 3635/3222/1826 3633/3224/1828
f 3634/3223/1825 3800/3324/1827 3632/3225/1827
f 3799/3325/1826 3633/3224/1828 3801/3323/1828
f 3632/3225/1827 3800/3324/1827 3802/3322/1829
f 3801/3323/1828 3633/3224/1828 3631/3226/1830
f 3632/3225/1827 3802/3322/1829 3630/3227/1829
f 3801/3323/1828 3631/3226/1830 3803/3321/1830
f 3630/3227/1829 3802/3322/1829 3804/3320/320
f 3803/3321/1830 3631/3226/1830 3629/3228/1831
f 3630/3227/1829 3804/3320/320 3628/3229/320
f 3803/3321/1830 3629/3228/1831 3805/3319/1831
f 3628/3229/320 3804/3320/320 3806/3318/1832
f 3805/3319/1831 3629/3228/1831 3627/3230/1833
f 3628/3229/320 3806/3318/1832 3626/3231/1832
f 3805/3319/1831 3627/3230/1833 3807/3317/1833
f 3626/3231/1832 3806/3318/1832 3808/3315/1834
f 3807/3317/1833 3627/3230/1833 3625/3232/1835
f 3626/3231/1832 3808/3315/1834 3624/3233/1834
f 3807/3317/1833 3625/3232/1835 3809/3316/1835
f 3624/3233/1834 3808/3315/1834 3809/3316/1835
f 3624/3233/1834 3809/3316/1835 3625/3232/1835
f 2746/2826/1616 2747/2827/1616 315/281/1616
f 2746/2826/1616 315/281/1616 1266/1240/1616
f 2746/2826/1616 1266/1240/1616 2744/2824/1616
f 2744/2824/1616 1266/1240/1616 1264/1238/1616
f 2744/2824/1616 1264/1238/1616 2742/2822/1616
f 2742/2822/1616 1264/1238/1616 1263/1237/1616
f 2742/2822/1616 1263/1237/1616 2740/2820/1616
f 2740/2820/1616 1263/1237/1616 1262/1236/1616
f 2740/2820/1616 1262/1236/1616 2738/2818/1616
f 2738/2818/1616 1262/1236/1616 1265/1239/1616
f 2738/2818/1616 1265/1239/1616 2736/2816/1616
f 2736/2816/1616 1265/1239/1616 1267/1241/1616
f 2736/2816/1616 1267/1241/1616 2734/2814/1616
f 2734/2814/1616 1267/1241/1616 2732/2812/1616
f 2732/2812/1616 1267/1241/1616 1268/1242/1616
f 2732/2812/1616 1268/1242/1616 2730/2810/1616
f 2730/2810/1616 1268/1242/1616 1269/1243/1616
f 2730/2810/1616 1269/1243/1616 2728/2808/1616
f 2728/2808/1616 1269/1243/1616 1270/1244/1616
f 2728/2808/1616 1270/1244/1616 1271/1245/1616
f 2728/2808/1616 1271/1245/1616 2726/2806/1616
f 2726/2806/1616 1271/1245/1616 1272/1246/1616
f 2726/2806/1616 1272/1246/1616 2724/2804/1616
f 2724/2804/1616 1272/1246/1616 2722/2802/1616
f 2722/2802/1616 1272/1246/1616 1273/1247/1616
f 2722/2802/1616 1273/1247/1616 1163/1133/1616
f 2722/2802/1616 1163/1133/1616 2720/2800/1616
f 2720/2800/1616 1163/1133/1616 1164/1134/1616
f 2720/2800/1616 1164/1134/1616 2718/2798/1616
f 2718/2798/1616 1164/1134/1616 1207/1179/1616
f 2718/2798/1616 1207/1179/1616 1208/1180/1616
f 2718/2798/1616 1208/1180/1616 2715/2795/1616
f 2715/2795/1616 1208/1180/1616 2713/2793/1616
f 2713/2793/1616 1208/1180/1616 1210/1182/1616
f 2713/2793/1616 1210/1182/1616 2712/2792/1616
f 2712/2792/1616 1210/1182/1616 1212/1184/1616
f 2712/2792/1616 1212/1184/1616 3358/3512/1616
f 2712/2792/1616 3358/3512/1616 2709/2789/1616
f 2783/2881/1450 2774/2870/1450 3371/3528/1624
f 2783/2881/1450 3371/3528/1624 1419/1402/1624
f 2783/2881/1450 1419/1402/1624 1416/1399/1450
f 2783/2881/1450 1416/1399/1450 2785/2883/1450
f 2785/2883/1450 1416/1399/1450 1413/1396/1450
f 2785/2883/1450 1413/1396/1450 2789/2887/1450
f 2789/2887/1450 1413/1396/1450 2795/2893/1450
f 2795/2893/1450 1413/1396/1450 1411/1394/1450
f 2795/2893/1450 1411/1394/1450 1409/1392/1450
f 2795/2893/1450 1409/1392/1450 2799/2897/1450
f 2799/2897/1450 1409/1392/1450 1408/1391/1450
f 2799/2897/1450 1408/1391/1450 2803/2901/1450
f 2803/2901/1450 1408/1391/1450 1410/1393/1450
f 2803/2901/1450 1410/1393/1450 1412/1395/1450
f 2803/2901/1450 1412/1395/1450 2807/2905/1450
f 2807/2905/1450 1412/1395/1450 2811/2909/1450
f 2811/2909/1450 1412/1395/1450 1414/1397/1450
f 2811/2909/1450 1414/1397/1450 2812/2910/1450
f 2812/2910/1450 1414/1397/1450 1417/1400/1450
f 2812/2910/1450 1417/1400/1450 1420/1403/1450
f 2812/2910/1450 1420/1403/1450 2808/2906/1450
f 2808/2906/1450 1420/1403/1450 1423/1406/1450
f 2808/2906/1450 1423/1406/1450 2804/2902/1450
f 2804/2902/1450 1423/1406/1450 1426/1409/1450
f 2804/2902/1450 1426/1409/1450 2800/2898/1450
f 2800/2898/1450 1426/1409/1450 2796/2894/1450
f 2796/2894/1450 1426/1409/1450 1431/1414/1450
f 2796/2894/1450 1431/1414/1450 2792/2890/1450
f 2792/2890/1450 1431/1414/1450 1432/1415/1450
f 2792/2890/1450 1432/1415/1450 2788/2886/1450
f 2788/2886/1450 1432/1415/1450 1433/1416/1450
f 2788/2886/1450 1433/1416/1450 2784/2882/1450
f 2784/2882/1450 1433/1416/1450 1434/1417/1450
f 2784/2882/1450 1434/1417/1450 2781/2878/1450
f 2781/2878/1450 1434/1417/1450 1435/1418/1450
f 2781/2878/1450 1435/1418/1450 2778/2874/1450
f 2778/2874/1450 1435/1418/1450 1436/1419/1450
f 2778/2874/1450 1436/1419/1450 2775/2871/1450
f 676/3696/1949 2936/3124/1949 2937/3125/1949
f 2936/3124/1949 676/3696/1949 3810/3858/1949
f 2936/3124/1949 3810/3858/1949 2933/3121/1949
f 2933/3121/1949 3810/3858/1949 3811/3859/1949
f 2933/3121/1949 3811/3859/1949 2934/3122/1949
f 2934/3122/1949 3811/3859/1949 3812/3860/1949
f 2934/3122/1949 3812/3860/1949 2935/3123/1949
f 2935/3123/1949 3812/3860/1949 3813/3861/1949
f 2935/3123/1949 3813/3861/1949 2938/3126/1949
f 2938/3126/1949 3813/3861/1949 3814/3862/1949
f 2938/3126/1949 3814/3862/1949 3144/3298/1411
f 3144/3298/1411 3814/3862/1949 3815/3863/1411
f 3144/3298/1411 3815/3863/1411 3145/3299/2035
f 3145/3299/2035 3815/3863/1411 3816/3864/2035
f 3145/3299/2035 3816/3864/2035 3146/3300/2036
f 3146/3300/2036 3816/3864/2035 3817/3865/2036
f 3146/3300/2036 3817/3865/2036 3818/3866/2037
f 3146/3300/2036 3818/3866/2037 3147/3301/2037
f 3147/3301/2037 3818/3866/2037 3148/3302/2038
f 3148/3302/2038 3818/3866/2037 3819/3867/2038
f 858/805/349 3820/3868/110 856/3869/349
f 856/3869/349 3820/3868/110 3821/3870/110
f 3821/3870/110 3820/3868/110 3822/3871/2039
f 3821/3870/110 3822/3871/2039 3823/3872/2039
f 3823/3872/2039 3822/3871/2039 3824/3873/293
f 3824/3873/293 3822/3871/2039 3825/3874/293
f 3824/3873/293 3825/3874/293 3826/3875/467
f 3826/3875/467 3825/3874/293 3827/3876/467
f 3828/3877/467 3829/3878/293 3830/3879/467
f 3830/3879/467 3829/3878/293 3831/3880/293
f 3831/3880/293 3829/3878/293 3832/3881/2039
f 3831/3880/293 3832/3881/2039 3833/3882/2039
f 3833/3882/2039 3832/3881/2039 3834/3883/110
f 3834/3883/110 3832/3881/2039 3835/3884/110
f 3834/3883/110 3835/3884/110 867/3885/349
f 867/3885/349 3835/3884/110 868/815/349
f 202/3886/2040 201/3887/1672 3836/3888/2040
f 3836/3888/2040 201/3887/1672 3837/3889/1672
f 3837/3889/1672 201/3887/1672 200/3890/1616
f 3837/3889/1672 200/3890/1616 2432/3891/1616
f 3838/3892/2041 1227/1199/2041 3839/3893/2042
f 1230/1202/2042 1404/3894/628 3839/3893/2042
f 1404/3894/628 1230/1202/2042 1231/1203/628
f 3840/3895/625 3841/3896/2043 3842/3897/2044
f 3842/3897/2044 3841/3896/2043 3843/3898/2045
f 3842/3897/2044 3843/3898/2045 3844/3899/2046
f 3844/3899/2046 3843/3898/2045 3845/3900/2047
f 3845/3900/2047 3843/3898/2045 3846/3901/902
f 3846/3901/902 3843/3898/2045 3847/3902/987
f 3847/3902/987 3843/3898/2045 3841/3896/2043
f 3846/3901/902 3847/3902/987 3730/3807/2048
f 3730/3807/2048 3847/3902/987 3731/3808/2049
f 3731/3808/2049 3847/3902/987 3848/3903/2050
f 3848/3903/2050 3847/3902/987 3841/3896/2043
f 3731/3808/2049 3848/3903/2050 3732/3809/2051
f 3849/3904/2052 3841/3896/2043 3840/3895/625
f 3841/3896/2043 3849/3904/2052 3848/3903/2050
f 3849/3904/2052 3840/3895/625 3850/3905/26
f 3732/3809/2051 3848/3903/2050 3851/3906/2053
f 3851/3906/2053 3848/3903/2050 3849/3904/2052
f 3732/3809/2051 3851/3906/2053 3733/3810/2054
f 3733/3810/2054 3851/3906/2053 3734/3811/814
f 3849/3904/2052 3850/3905/26 3852/3907/2055
f 3849/3904/2052 3852/3907/2055 3851/3906/2053
f 3852/3907/2055 3850/3905/26 3853/3908/2056
f 3734/3811/814 3851/3906/2053 3854/3909/2057
f 3854/3909/2057 3851/3906/2053 3852/3907/2055
f 3734/3811/814 3854/3909/2057 3736/3813/1160
f 3852/3907/2055 3853/3908/2056 3855/3910/2058
f 3852/3907/2055 3855/3910/2058 3854/3909/2057
f 3855/3910/2058 3853/3908/2056 3856/3911/669
f 3736/3813/1160 3854/3909/2057 3857/3912/2059
f 3857/3912/2059 3854/3909/2057 3855/3910/2058
f 3736/3813/1160 3857/3912/2059 3739/3816/2060
f 3855/3910/2058 3856/3911/669 3858/3913/2061
f 3855/3910/2058 3858/3913/2061 3857/3912/2059
f 3858/3913/2061 3856/3911/669 1185/3914/382
f 3858/3913/2061 1185/3914/382 3742/3819/2062
f 3742/3819/2062 1185/3914/382 1187/3820/543
f 3857/3912/2059 3858/3913/2061 3859/3915/2063
f 3859/3915/2063 3858/3913/2061 3742/3819/2062
f 3857/3912/2059 3859/3915/2063 3739/3816/2060
f 3859/3915/2063 3742/3819/2062 3741/3818/2064
f 3739/3816/2060 3859/3915/2063 3740/3817/1333
f 3740/3817/1333 3859/3915/2063 3741/3818/2064
f 2444/3916/1450 193/3917/1450 3860/3918/1701
f 3860/3918/1701 193/3917/1450 194/3919/1701
f 3860/3918/1701 194/3919/1701 3861/3920/2029
f 3861/3920/2029 194/3919/1701 195/3921/2029
f 3862/3922/2065 3863/3923/2066 3864/3924/1083
f 3864/3924/1083 3863/3923/2066 3865/3925/2067
f 3862/3922/2065 3864/3924/1083 3866/3926/1189
f 3865/3925/2067 3863/3923/2066 3867/3927/2068
f 3862/3922/2065 3866/3926/1189 3868/3928/2069
f 3868/3928/2069 3866/3926/1189 3869/3929/2070
f 3867/3927/2068 3863/3923/2066 3870/3930/2071
f 3867/3927/2068 3870/3930/2071 3871/3931/2072
f 3868/3928/2069 3869/3929/2070 3872/3932/2073
f 3872/3932/2073 3869/3929/2070 3873/3933/1395
f 3872/3932/2073 3873/3933/1395 3874/3934/2074
f 3872/3932/2073 3874/3934/2074 1186/1158/542
f 3872/3932/2073 1186/1158/542 3875/3935/2075
f 3872/3932/2073 3875/3935/2075 3868/3928/2069
f 3875/3935/2075 1186/1158/542 1185/1157/382
f 3875/3935/2075 1185/1157/382 3856/3936/669
f 3868/3928/2069 3875/3935/2075 3876/3937/2076
f 3876/3937/2076 3875/3935/2075 3856/3936/669
f 3868/3928/2069 3876/3937/2076 3862/3922/2065
f 3876/3937/2076 3856/3936/669 3853/3938/2056
f 3862/3922/2065 3876/3937/2076 3877/3939/2077
f 3877/3939/2077 3876/3937/2076 3853/3938/2056
f 3862/3922/2065 3877/3939/2077 3863/3923/2066
f 3877/3939/2077 3853/3938/2056 3850/3940/26
f 3863/3923/2066 3877/3939/2077 3878/3941/2078
f 3878/3941/2078 3877/3939/2077 3850/3940/26
f 3863/3923/2066 3878/3941/2078 3870/3930/2071
f 3878/3941/2078 3850/3940/26 3840/3942/625
f 3878/3941/2078 3840/3942/625 3879/3943/2079
f 3878/3941/2078 3879/3943/2079 3870/3930/2071
f 3879/3943/2079 3840/3942/625 3842/3944/2044
f 3879/3943/2079 3842/3944/2044 3880/3945/1932
f 3880/3945/1932 3842/3944/2044 3844/3946/2046
f 3870/3930/2071 3879/3943/2079 3881/3947/966
f 3881/3947/966 3879/3943/2079 3880/3945/1932
f 3870/3930/2071 3881/3947/966 3871/3931/2072
f 3871/3931/2072 3881/3947/966 3882/3948/2080
f 3882/3948/2080 3881/3947/966 3883/3949/926
f 3883/3949/926 3881/3947/966 3880/3945/1932
f 3883/3949/926 3880/3945/1932 3884/3950/2081
f 3885/3951/2082 1385/3952/2082 3886/3953/2083
f 3886/3953/2083 1385/3952/2082 1386/3954/2083
f 3886/3953/2083 1386/3954/2083 3887/3955/1964
f 3887/3955/1964 1386/3954/2083 1388/3956/1964
f 3887/3955/1964 1388/3956/1964 1390/3957/1450
f 3887/3955/1964 1390/3957/1450 3888/3958/1450
f 3888/3958/1450 1390/3957/1450 3889/3959/1450
f 3889/3959/1450 1390/3957/1450 1394/3960/1450
f 3889/3959/1450 1394/3960/1450 3890/3961/1450
f 3890/3961/1450 1394/3960/1450 1397/3962/1624
f 3890/3961/1450 1397/3962/1624 1399/3963/1624
f 3865/3925/1450 3867/3927/1450 3891/3964/1450
f 3865/3925/1450 3891/3964/1450 3892/3965/1450
f 3865/3925/1450 3892/3965/1450 3864/3924/1450
f 3891/3964/1450 3867/3927/1450 3893/3966/2084
f 3893/3966/2084 3867/3927/1450 3871/3931/2085
f 3893/3966/2084 3871/3931/2085 3882/3948/2086
f 3893/3966/2084 3882/3948/2086 3894/3967/1702
f 3891/3964/1450 3893/3966/2084 3895/3968/1450
f 3895/3968/1450 3893/3966/2084 3894/3967/1702
f 3895/3968/1450 3894/3967/1702 1137/1106/1450
f 1137/1106/1450 3894/3967/1702 1111/1107/1450
f 3895/3968/1450 1137/1106/1450 1136/1105/2087
f 3895/3968/1450 1136/1105/2087 3896/3969/2087
f 3895/3968/1450 3896/3969/2087 3891/3964/1450
f 3896/3969/2087 1136/1105/2087 1135/1104/2088
f 3891/3964/1450 3896/3969/2087 3897/3970/2089
f 3891/3964/1450 3897/3970/2089 3892/3965/1450
f 3896/3969/2087 1135/1104/2088 3898/3971/2090
f 3896/3969/2087 3898/3971/2090 3897/3970/2089
f 3898/3971/2090 1135/1104/2088 711/681/2091
f 3898/3971/2090 711/681/2091 3899/3972/2092
f 3899/3972/2092 711/681/2091 710/680/2015
f 3899/3972/2092 710/680/2015 3714/3973/2012
f 3898/3971/2090 3899/3972/2092 3900/3974/2093
f 3898/3971/2090 3900/3974/2093 3897/3970/2089
f 3899/3972/2092 3714/3973/2012 3901/3975/2094
f 3899/3972/2092 3901/3975/2094 3900/3974/2093
f 3901/3975/2094 3714/3973/2012 3709/3976/2009
f 3901/3975/2094 3709/3976/2009 3902/3977/2095
f 3902/3977/2095 3709/3976/2009 3708/3978/374
f 3902/3977/2095 3708/3978/374 3704/3979/2005
f 3897/3970/2089 3900/3974/2093 3903/3980/2096
f 3897/3970/2089 3903/3980/2096 3892/3965/1450
f 3900/3974/2093 3901/3975/2094 3904/3981/2097
f 3904/3981/2097 3901/3975/2094 3902/3977/2095
f 3900/3974/2093 3904/3981/2097 3903/3980/2096
f 3902/3977/2095 3704/3979/2005 3905/3982/2098
f 3905/3982/2098 3704/3979/2005 3700/3983/522
f 3904/3981/2097 3902/3977/2095 3906/3984/2099
f 3906/3984/2099 3902/3977/2095 3905/3982/2098
f 3903/3980/2096 3904/3981/2097 3907/3985/426
f 3907/3985/426 3904/3981/2097 3906/3984/2099
f 3903/3980/2096 3907/3985/426 3908/3986/1450
f 3903/3980/2096 3908/3986/1450 3892/3965/1450
f 3905/3982/2098 3700/3983/522 3909/3987/2100
f 3909/3987/2100 3700/3983/522 3396/3988/97
f 3906/3984/2099 3905/3982/2098 3910/3989/2101
f 3910/3989/2101 3905/3982/2098 3909/3987/2100
f 3892/3965/1450 3908/3986/1450 3911/3990/1450
f 3892/3965/1450 3911/3990/1450 3864/3924/1450
f 3864/3924/1450 3911/3990/1450 3866/3926/2102
f 3906/3984/2099 3910/3989/2101 3912/3991/2103
f 3906/3984/2099 3912/3991/2103 3907/3985/426
f 3913/3992/1450 3908/3986/1450 3907/3985/426
f 3913/3992/1450 3907/3985/426 3912/3991/2103
f 3911/3990/1450 3908/3986/1450 3914/3993/1450
f 3914/3993/1450 3908/3986/1450 3913/3992/1450
f 3866/3926/2102 3911/3990/1450 3915/3994/2104
f 3866/3926/2102 3915/3994/2104 3869/3929/2105
f 3915/3994/2104 3911/3990/1450 2677/2754/1852
f 2677/2754/1852 3911/3990/1450 3914/3993/1450
f 3869/3929/2105 3915/3994/2104 2680/2758/2105
f 2680/2758/2105 3915/3994/2104 2677/2754/1852
f 3869/3929/2105 2680/2758/2105 3873/3933/2106
f 3873/3933/2106 2680/2758/2105 2683/2762/2106
f 3873/3933/2106 2683/2762/2106 3874/3934/2107
f 3874/3934/2107 2683/2762/2106 2684/2763/2107
f 3874/3934/2107 2684/2763/2107 1470/1464/668
f 3874/3934/2107 1470/1464/668 1186/1158/668
f 1187/1159/669 1470/1464/668 2614/2765/669
f 2676/2753/1450 2677/2754/1852 3914/3993/1450
f 2676/2753/1450 3914/3993/1450 3916/3995/1450
f 2676/2753/1450 3916/3995/1450 2673/2750/1450
f 3916/3995/1450 3914/3993/1450 3917/3996/1450
f 3917/3996/1450 3914/3993/1450 3913/3992/1450
f 2673/2750/1450 3916/3995/1450 3918/3997/1450
f 3917/3996/1450 3913/3992/1450 3912/3991/2103
f 2673/2750/1450 3918/3997/1450 2671/2748/2102
f 3917/3996/1450 3912/3991/2103 3919/3998/2108
f 3919/3998/2108 3912/3991/2103 3910/3989/2101
f 3916/3995/1450 3917/3996/1450 3920/3999/1450
f 3919/3998/2108 3910/3989/2101 3921/4000/2109
f 3921/4000/2109 3910/3989/2101 3909/3987/2100
f 3917/3996/1450 3919/3998/2108 3922/4001/2110
f 3922/4001/2110 3919/3998/2108 3921/4000/2109
f 3917/3996/1450 3922/4001/2110 3920/3999/1450
f 3916/3995/1450 3920/3999/1450 3923/4002/1450
f 3916/3995/1450 3923/4002/1450 3918/3997/1450
f 3920/3999/1450 3922/4001/2110 3924/4003/35
f 3922/4001/2110 3921/4000/2109 3925/4004/2111
f 3922/4001/2110 3925/4004/2111 3924/4003/35
f 3926/4005/2112 3921/4000/2109 3909/3987/2100
f 3921/4000/2109 3926/4005/2112 3925/4004/2111
f 3926/4005/2112 3909/3987/2100 3396/3988/97
f 3926/4005/2112 3396/3988/97 3391/4006/1908
f 3926/4005/2112 3391/4006/1908 3927/4007/2113
f 3926/4005/2112 3927/4007/2113 3925/4004/2111
f 3927/4007/2113 3391/4006/1908 3387/4008/1908
f 3925/4004/2111 3927/4007/2113 3928/4009/2111
f 3925/4004/2111 3928/4009/2111 3924/4003/35
f 3927/4007/2113 3387/4008/1908 3929/4010/2113
f 3927/4007/2113 3929/4010/2113 3928/4009/2111
f 3929/4010/2113 3387/4008/1908 3381/4011/326
f 3930/4012/1450 3920/3999/1450 3924/4003/35
f 3920/3999/1450 3930/4012/1450 3923/4002/1450
f 3924/4003/35 3928/4009/2111 3931/4013/426
f 3928/4009/2111 3929/4010/2113 3932/4014/2114
f 3928/4009/2111 3932/4014/2114 3931/4013/426
f 3929/4010/2113 3381/4011/326 3933/4015/2115
f 3929/4010/2113 3933/4015/2115 3932/4014/2114
f 3933/4015/2115 3381/4011/326 3934/4016/2094
f 3934/4016/2094 3381/4011/326 3373/4017/9
f 3932/4014/2114 3933/4015/2115 3935/4018/2093
f 3935/4018/2093 3933/4015/2115 3934/4016/2094
f 3931/4013/426 3932/4014/2114 3936/4019/2116
f 3936/4019/2116 3932/4014/2114 3935/4018/2093
f 3937/4020/2117 3924/4003/35 3931/4013/426
f 3937/4020/2117 3931/4013/426 3936/4019/2116
f 3924/4003/35 3937/4020/2117 3930/4012/1450
f 3936/4019/2116 3935/4018/2093 3938/4021/1809
f 3936/4019/2116 3938/4021/1809 3937/4020/2117
f 3939/4022/2118 3935/4018/2093 3934/4016/2094
f 3935/4018/2093 3939/4022/2118 3938/4021/1809
f 3940/4023/2119 3934/4016/2094 3373/4017/9
f 3934/4016/2094 3940/4023/2119 3939/4022/2118
f 3940/4023/2119 3373/4017/9 3372/4024/591
f 3940/4023/2119 3372/4024/591 3941/4025/2120
f 3941/4025/2120 3372/4024/591 3375/4026/148
f 3940/4023/2119 3941/4025/2120 3942/4027/2121
f 3940/4023/2119 3942/4027/2121 3939/4022/2118
f 3939/4022/2118 3942/4027/2121 3943/4028/2122
f 3939/4022/2118 3943/4028/2122 3938/4021/1809
f 3938/4021/1809 3943/4028/2122 3944/4029/2123
f 3938/4021/1809 3944/4029/2123 3945/4030/2124
f 3938/4021/1809 3945/4030/2124 3937/4020/2117
f 3945/4030/2124 3944/4029/2123 3946/4031/2125
f 3946/4031/2125 3944/4029/2123 3947/4032/1052
f 3946/4031/2125 3947/4032/1052 3416/3578/1924
f 3416/3578/1924 3947/4032/1052 3417/3579/1925
f 3946/4031/2125 3416/3578/1924 3421/3583/1928
f 3945/4030/2124 3946/4031/2125 3948/4033/1399
f 3948/4033/1399 3946/4031/2125 3421/3583/1928
f 3945/4030/2124 3948/4033/1399 3937/4020/2117
f 3948/4033/1399 3421/3583/1928 3949/4034/2126
f 3949/4034/2126 3421/3583/1928 3423/3585/1930
f 3949/4034/2126 3423/3585/1930 2980/3164/2127
f 2980/3164/2127 3423/3585/1930 1677/1694/1932
f 3949/4034/2126 2980/3164/2127 2976/3160/2128
f 3948/4033/1399 3949/4034/2126 3950/4035/2129
f 3950/4035/2129 3949/4034/2126 2976/3160/2128
f 3948/4033/1399 3950/4035/2129 3937/4020/2117
f 3950/4035/2129 2976/3160/2128 2975/3159/1450
f 3937/4020/2117 3950/4035/2129 3951/4036/1450
f 3951/4036/1450 3950/4035/2129 2975/3159/1450
f 3937/4020/2117 3951/4036/1450 3930/4012/1450
f 3951/4036/1450 2975/3159/1450 2978/3162/1450
f 3930/4012/1450 3951/4036/1450 3923/4002/1450
f 3923/4002/1450 3951/4036/1450 2978/3162/1450
f 3923/4002/1450 2978/3162/1450 2989/3173/1450
f 3923/4002/1450 2989/3173/1450 3918/3997/1450
f 3918/3997/1450 2989/3173/1450 2990/3174/2130
f 3918/3997/1450 2990/3174/2130 3952/4037/2102
f 3918/3997/1450 3952/4037/2102 2671/2748/2102
f 3952/4037/2102 2990/3174/2130 2994/3178/2131
f 2671/2748/2102 3952/4037/2102 2670/2747/2132
f 2670/2747/2132 3952/4037/2102 2994/3178/2131
f 2670/2747/2132 2994/3178/2131 2669/2746/2133
f 2669/2746/2133 2994/3178/2131 2998/3182/2133
f 2669/2746/2133 2998/3182/2133 2668/2745/2134
f 2668/2745/2134 2998/3182/2133 3000/3184/2134
f 2668/2745/2134 3000/3184/2134 1991/2008/915
f 2668/2745/2134 1991/2008/915 1345/1321/915
f 3953/4038/759 3954/4039/1450 74/4040/759
f 74/4040/759 3954/4039/1450 70/4041/1711
f 70/4041/1711 3954/4039/1450 3955/4042/1896
f 70/4041/1711 3955/4042/1896 66/4043/1896
f 66/4043/1896 3955/4042/1896 3956/4044/1145
f 3956/4044/1145 3955/4042/1896 3957/4045/1145
f 66/4043/1896 3956/4044/1145 3958/4046/2135
f 3957/4045/1145 3955/4042/1896 3959/4047/1145
f 66/4043/1896 3958/4046/2135 62/4048/1362
f 3959/4047/1145 3955/4042/1896 3960/4049/2136
f 62/4048/1362 3958/4046/2135 3961/4050/1362
f 3959/4047/1145 3960/4049/2136 3962/4051/2136
f 62/4048/1362 3961/4050/1362 58/4052/1913
f 3962/4051/2136 3960/4049/2136 3963/4053/857
f 58/4052/1913 3961/4050/1362 3964/4054/1361
f 3962/4051/2136 3963/4053/857 3965/4055/2137
f 58/4052/1913 3964/4054/1361 3966/4056/546
f 3965/4055/2137 3963/4053/857 3967/4057/2138
f 3967/4057/2138 3963/4053/857 3494/3693/1948
f 3967/4057/2138 3494/3693/1948 3968/4058/853
f 3968/4058/853 3494/3693/1948 3969/4059/853
f 58/4052/1913 3966/4056/546 54/3692/1948
f 3969/4059/853 3494/3693/1948 54/3692/1948
f 54/3692/1948 3966/4056/546 3970/4060/856
f 3969/4059/853 54/3692/1948 3971/4061/853
f 3971/4061/853 54/3692/1948 3970/4060/856
f 3972/4062/2139 3973/4063/748 136/4064/2139
f 136/4064/2139 3973/4063/748 134/4065/748
f 134/4065/748 3973/4063/748 3974/4066/755
f 134/4065/748 3974/4066/755 132/4067/755
f 132/4067/755 3974/4066/755 3975/4068/959
f 132/4067/755 3975/4068/959 130/4069/959
f 130/4069/959 3975/4068/959 3976/4070/1450
f 130/4069/959 3976/4070/1450 129/4071/1450
f 129/4071/1450 3976/4070/1450 3977/4072/2140
f 129/4071/1450 3977/4072/2140 127/4073/2140
f 127/4073/2140 3977/4072/2140 3978/4074/1695
f 127/4073/2140 3978/4074/1695 131/4075/1695
f 131/4075/1695 3978/4074/1695 3979/4076/546
f 131/4075/1695 3979/4076/546 133/4077/546
f 133/4077/546 3979/4076/546 3112/3253/1708
f 133/4077/546 3112/3253/1708 135/3252/1708
f 3980/4078/2141 3981/4079/2142 1990/2006/2141
f 1990/2006/2141 3981/4079/2142 1989/2005/2142
f 1989/2005/2142 3981/4079/2142 3982/4080/659
f 1989/2005/2142 3982/4080/659 1988/2004/659
f 3983/4081/2143 2004/2022/2143 3984/4082/2144
f 3984/4082/2144 2004/2022/2143 2003/2021/2144
f 3984/4082/2144 2003/2021/2144 3985/4083/1633
f 3985/4083/1633 2003/2021/2144 2002/2020/1633
f 2072/2091/973 2071/2090/972 2096/2118/973
f 1453/1436/658 1452/1435/658 3986/4084/780
f 1453/1436/658 3986/4084/780 1987/2003/780
f 1987/2003/780 3986/4084/780 3987/4085/2145
f 1987/2003/780 3987/4085/2145 1986/2002/2145
f 1986/2002/2145 3987/4085/2145 3988/4086/2146
f 1986/2002/2145 3988/4086/2146 1985/2001/2146
f 1985/2001/2146 3988/4086/2146 3989/4087/2147
f 1985/2001/2146 3989/4087/2147 1984/2000/2147
f 1984/2000/2147 3989/4087/2147 3990/4088/2148
f 1984/2000/2147 3990/4088/2148 1983/1999/2148
f 1983/1999/2148 3990/4088/2148 3991/4089/2149
f 1983/1999/2148 3991/4089/2149 1982/1998/2149
f 1982/1998/2149 3991/4089/2149 3547/3746/2150
f 1982/1998/2149 3547/3746/2150 1981/1997/2150
f 325/4090/88 326/292/88 3992/4091/88
f 3992/4091/88 326/292/88 1874/1884/88
f 3992/4091/88 1874/1884/88 449/4092/131
f 449/4092/131 1874/1884/88 450/1882/131
f 1691/4093/2151 3993/4094/2151 1692/4095/2152
f 1692/4095/2152 3993/4094/2151 3994/4096/2152
f 1692/4095/2152 3994/4096/2152 1693/4097/2153
f 1693/4097/2153 3994/4096/2152 3995/4098/2153
f 1693/4097/2153 3995/4098/2153 1694/4099/2154
f 1694/4099/2154 3995/4098/2153 3996/4100/2154
f 1694/4099/2154 3996/4100/2154 1695/4101/1616
f 1695/4101/1616 3996/4100/2154 3997/4102/1616
f 1695/4101/1616 3997/4102/1616 1696/4103/142
f 1696/4103/142 3997/4102/1616 480/4104/141
f 1696/4103/142 480/4104/141 1697/4105/1843
f 1697/4105/1843 480/4104/141 478/4106/139
f 1697/4105/1843 478/4106/139 741/4107/139
f 1697/4105/1843 741/4107/139 1698/4108/139
f 1698/4108/139 741/4107/139 1699/4109/137
f 1699/4109/137 741/4107/139 739/4110/137
f 1699/4109/137 739/4110/137 1700/4111/140
f 1700/4111/140 739/4110/137 737/4112/140
f 1700/4111/140 737/4112/140 1701/4113/143
f 1701/4113/143 737/4112/140 736/4114/143
f 1883/1894/2155 3998/4115/2155 1884/1895/2156
f 1884/1895/2156 3998/4115/2155 3999/4116/2156
f 1884/1895/2156 3999/4116/2156 1887/1898/2157
f 1887/1898/2157 3999/4116/2156 4000/4117/2157
f 1887/1898/2157 4000/4117/2157 1889/1900/2158
f 1889/1900/2158 4000/4117/2157 4001/4118/2158
f 1889/1900/2158 4001/4118/2158 1891/1902/2159
f 1891/1902/2159 4001/4118/2158 4002/4119/2159
f 1891/1902/2159 4002/4119/2159 1894/1905/2160
f 1894/1905/2160 4002/4119/2159 4003/4120/2160
f 1894/1905/2160 4003/4120/2160 1895/1906/2161
f 1895/1906/2161 4003/4120/2160 4004/4121/2161
f 1895/1906/2161 4004/4121/2161 1897/1908/2162
f 1897/1908/2162 4004/4121/2161 4005/4122/2162
f 1897/1908/2162 4005/4122/2162 1899/1910/2163
f 1899/1910/2163 4005/4122/2162 4006/4123/2163
f 203/4124/2164 202/3886/2165 4007/4125/2164
f 4007/4125/2164 202/3886/2165 3836/3888/2165
f 1684/1706/54 1683/4126/54 1685/1703/787
f 1685/1703/787 1683/4126/54 1686/1704/54
f 3404/3564/1480 3237/3396/1914 4008/4127/1914
f 4008/4127/1914 3237/3396/1914 3238/3397/1970
f 4008/4127/1914 3238/3397/1970 4009/4128/1970
f 4009/4128/1970 3238/3397/1970 3548/3747/1969
f 3717/3794/1616 3737/3814/1616 3712/3789/1616
f 3712/3789/1616 3737/3814/1616 3743/3821/1616
f 4010/4129/1616 3743/3821/1616 2587/2649/1616
f 4010/4129/1616 2587/2649/1616 2586/2648/139
f 3712/3789/1616 3743/3821/1616 4011/4130/1616
f 3712/3789/1616 4011/4130/1616 3702/3779/2003
f 3702/3779/2003 4011/4130/1616 3397/3556/247
f 4011/4130/1616 3743/3821/1616 4012/4131/1616
f 4012/4131/1616 3743/3821/1616 4010/4129/1616
f 3397/3556/247 4011/4130/1616 4013/4132/1616
f 4013/4132/1616 4011/4130/1616 4012/4131/1616
f 3397/3556/247 4013/4132/1616 3394/3553/1911
f 4012/4131/1616 4010/4129/1616 3133/3284/1616
f 3133/3284/1616 4010/4129/1616 3134/3285/2166
f 4012/4131/1616 3133/3284/1616 3122/3268/1616
f 3134/3285/2166 4010/4129/1616 4014/4133/139
f 4014/4133/139 4010/4129/1616 2586/2648/139
f 3134/3285/2166 4014/4133/139 3137/3289/2167
f 4014/4133/139 2586/2648/139 2590/2652/2168
f 4014/4133/139 2590/2652/2168 3137/3289/2167
f 3137/3289/2167 2590/2652/2168 2591/2653/2169
f 3137/3289/2167 2591/2653/2169 3140/3293/2169
f 3140/3293/2169 2591/2653/2169 2592/2654/2170
f 3140/3293/2169 2592/2654/2170 3141/3294/2170
f 3141/3294/2170 2592/2654/2170 3143/3297/2171
f 3143/3297/2171 2592/2654/2170 2593/2655/2171
f 3143/3297/2171 2593/2655/2171 1346/2658/381
f 3143/3297/2171 1346/2658/381 1992/3296/381
f 4015/4134/1616 4012/4131/1616 3122/3268/1616
f 4012/4131/1616 4015/4134/1616 4013/4132/1616
f 4015/4134/1616 3122/3268/1616 3121/3267/1616
f 4013/4132/1616 4015/4134/1616 3394/3553/1911
f 4015/4134/1616 3121/3267/1616 4016/4135/2172
f 4015/4134/1616 4016/4135/2172 3394/3553/1911
f 4016/4135/2172 3121/3267/1616 3124/3270/2173
f 4016/4135/2172 3124/3270/2173 4017/4136/2174
f 4017/4136/2174 3124/3270/2173 3126/3272/2175
f 3394/3553/1911 4016/4135/2172 4018/4137/1346
f 4018/4137/1346 4016/4135/2172 4017/4136/2174
f 3394/3553/1911 4018/4137/1346 4019/4138/2176
f 3394/3553/1911 4019/4138/2176 3382/3541/1735
f 3382/3541/1735 4019/4138/2176 3383/3542/1904
f 3383/3542/1904 4019/4138/2176 4020/4139/2177
f 4020/4139/2177 4019/4138/2176 4018/4137/1346
f 3383/3542/1904 4020/4139/2177 4021/4140/1018
f 4018/4137/1346 4017/4136/2174 4022/4141/2178
f 4018/4137/1346 4022/4141/2178 4020/4139/2177
f 4023/4142/2179 4017/4136/2174 3126/3272/2175
f 4017/4136/2174 4023/4142/2179 4022/4141/2178
f 4023/4142/2179 3126/3272/2175 3127/3273/2045
f 4023/4142/2179 3127/3273/2045 1678/3276/1931
f 4023/4142/2179 1678/3276/1931 3422/4143/1929
f 4023/4142/2179 3422/4143/1929 4022/4141/2178
f 4022/4141/2178 3422/4143/1929 3420/4144/22
f 4024/4145/2180 4020/4139/2177 4022/4141/2178
f 4024/4145/2180 4022/4141/2178 3420/4144/22
f 4020/4139/2177 4024/4145/2180 4021/4140/1018
f 4024/4145/2180 3420/4144/22 3418/4146/1926
f 4021/4140/1018 4024/4145/2180 4025/4147/2181
f 4025/4147/2181 4024/4145/2180 3418/4146/1926
f 4025/4147/2181 3418/4146/1926 3419/4148/1927
f 684/4149/291 4026/4150/291 685/643/291
f 685/643/291 4026/4150/291 1910/1922/291
f 1910/1922/291 4026/4150/291 448/4151/130
f 1910/1922/291 448/4151/130 446/1923/130
f 1098/1074/1616 1110/1073/1616 3728/4152/1671
f 3728/4152/1671 1110/1073/1616 4027/4153/1616
f 4027/4153/1616 1110/1073/1616 4028/4154/2182
f 4028/4154/2182 1110/1073/1616 1109/1072/2182
f 4028/4154/2182 1109/1072/2182 4029/4155/2183
f 4029/4155/2183 1109/1072/2182 1108/1071/2183
f 4029/4155/2183 1108/1071/2183 4030/4156/1616
f 4030/4156/1616 1108/1071/2183 1107/1070/1616
f 4030/4156/1616 1107/1070/1616 1106/1069/1616
f 4030/4156/1616 1106/1069/1616 4031/4157/1616
f 4031/4157/1616 1106/1069/1616 1105/1068/1616
f 4031/4157/1616 1105/1068/1616 4032/4158/1616
f 4032/4158/1616 1105/1068/1616 4033/4159/1616
f 4033/4159/1616 1105/1068/1616 1104/1067/1616
f 4033/4159/1616 1104/1067/1616 1103/1066/1616
f 4033/4159/1616 1103/1066/1616 4034/4160/1616
f 4035/4161/2184 4036/4162/2185 4037/4163/928
f 4035/4161/2184 4037/4163/928 4038/4164/2186
f 4035/4161/2184 4038/4164/2186 485/443/143
f 485/443/143 4038/4164/2186 484/442/143
f 4037/4163/928 4036/4162/2185 4039/4165/2185
f 4037/4163/928 4039/4165/2185 4040/4166/2187
f 4040/4166/2187 4039/4165/2185 4041/4167/2188
f 4041/4167/2188 4039/4165/2185 4036/4162/2185
f 4041/4167/2188 4036/4162/2185 4042/4168/2189
f 4041/4167/2188 4042/4168/2189 4043/4169/1450
f 4043/4169/1450 4042/4168/2189 4044/4170/1624
f 4043/4169/1450 4044/4170/1624 4045/4171/2160
f 4045/4171/2160 4044/4170/1624 4046/4172/2160
f 4045/4171/2160 4046/4172/2160 4047/4173/2161
f 4047/4173/2161 4046/4172/2160 4048/4174/1686
f 4047/4173/2161 4048/4174/1686 4049/4175/2162
f 4049/4175/2162 4048/4174/1686 4050/4176/2162
f 4049/4175/2162 4050/4176/2162 4051/4177/2163
f 4051/4177/2163 4050/4176/2162 4052/4178/2163
f 4053/4179/2190 4054/4180/2190 4055/4181/632
f 4055/4181/632 4054/4180/2190 4056/4182/632
f 4054/4180/2190 4053/4179/2190 4057/4183/2191
f 4055/4181/632 4056/4182/632 4058/4184/2192
f 4057/4183/2191 4053/4179/2190 4059/4185/2191
f 4058/4184/2192 4056/4182/632 4060/4186/2192
f 4057/4183/2191 4059/4185/2191 4061/4187/2193
f 4058/4184/2192 4060/4186/2192 4062/4188/2194
f 4061/4187/2193 4059/4185/2191 4063/4189/2193
f 4062/4188/2194 4060/4186/2192 4064/4190/2194
f 4061/4187/2193 4063/4189/2193 4065/4191/2195
f 4062/4188/2194 4064/4190/2194 4066/4192/2196
f 4065/4191/2195 4063/4189/2193 4067/4193/2195
f 4066/4192/2196 4064/4190/2194 4068/4194/2196
f 4065/4191/2195 4067/4193/2195 4069/4195/2197
f 4066/4192/2196 4068/4194/2196 4070/4196/2198
f 4069/4195/2197 4067/4193/2195 4071/4197/2197
f 4070/4196/2198 4068/4194/2196 4072/4198/2198
f 4069/4195/2197 4071/4197/2197 4073/4199/560
f 4070/4196/2198 4072/4198/2198 4074/4200/2199
f 4073/4199/560 4071/4197/2197 4075/4201/560
f 4074/4200/2199 4072/4198/2198 4076/4202/2199
f 4073/4199/560 4075/4201/560 4077/4203/2200
f 4074/4200/2199 4076/4202/2199 4078/4204/16
f 4077/4203/2200 4075/4201/560 4079/4205/2200
f 4078/4204/16 4076/4202/2199 4080/4206/16
f 4077/4203/2200 4079/4205/2200 4081/4207/2201
f 4078/4204/16 4080/4206/16 4082/4208/2202
f 4081/4207/2201 4079/4205/2200 4083/4209/2201
f 4082/4208/2202 4080/4206/16 4084/4210/2202
f 4081/4207/2201 4083/4209/2201 4085/4211/354
f 4082/4208/2202 4084/4210/2202 4086/4212/294
f 4085/4211/354 4083/4209/2201 4087/4213/354
f 4086/4212/294 4084/4210/2202 4088/4214/294
f 4085/4211/354 4087/4213/354 4089/4215/2203
f 4086/4212/294 4088/4214/294 4090/4216/358
f 4089/4215/2203 4087/4213/354 4091/4217/2203
f 4090/4216/358 4088/4214/294 4092/4218/358
f 4089/4215/2203 4091/4217/2203 4093/4219/2204
f 4090/4216/358 4092/4218/358 4094/4220/2205
f 4093/4219/2204 4091/4217/2203 4095/4221/2204
f 4093/4219/2204 4095/4221/2204 4096/4222/1198
f 4096/4222/1198 4095/4221/2204 4097/4223/1198
f 4094/4220/2205 4092/4218/358 4098/4224/2205
f 4094/4220/2205 4098/4224/2205 4099/4225/2206
f 4099/4225/2206 4098/4224/2205 4100/4226/2206
f 4099/4225/2206 4100/4226/2206 4097/4227/1198
f 4097/4227/1198 4100/4226/2206 4096/4228/1198
f 3861/3920/2030 195/3921/2030 4101/4229/2030
f 4101/4229/2030 195/3921/2030 196/4230/2030
f 4102/4231/90 4103/4232/632 4104/4233/632
f 4104/4233/632 4103/4232/632 508/4234/368
f 4104/4233/632 508/4234/368 948/4235/1966
f 948/4235/1966 508/4234/368 521/4236/166
f 521/4236/166 508/4234/368 215/4237/2207
f 521/4236/166 215/4237/2207 213/4238/164
f 222/4239/163 223/4240/2207 520/4241/162
f 520/4241/162 223/4240/2207 516/4242/377
f 520/4241/162 516/4242/377 676/4243/1950
f 676/4243/1950 516/4242/377 4105/4244/90
f 4105/4244/90 516/4242/377 4106/4245/90
f 4105/4244/90 4106/4245/90 4107/4246/90
f 4108/4247/14 4109/4248/102 4110/4249/14
f 4110/4249/14 4109/4248/102 4111/4250/102
f 4108/4247/14 4110/4249/14 4112/4251/100
f 4111/4250/102 4109/4248/102 4113/4252/104
f 4108/4247/14 4112/4251/100 4114/4253/100
f 4111/4250/102 4113/4252/104 4115/4254/104
f 4114/4253/100 4112/4251/100 4116/4255/98
f 4115/4254/104 4113/4252/104 4117/4256/106
f 4114/4253/100 4116/4255/98 4118/4257/98
f 4115/4254/104 4117/4256/106 4119/4258/106
f 4118/4257/98 4116/4255/98 4120/4259/96
f 4119/4258/106 4117/4256/106 4121/4260/2208
f 4118/4257/98 4120/4259/96 4122/4261/96
f 4119/4258/106 4121/4260/2208 4123/4262/2208
f 4122/4261/96 4120/4259/96 4124/4263/2209
f 4123/4262/2208 4121/4260/2208 4125/4264/109
f 4122/4261/96 4124/4263/2209 4126/4265/2209
f 4123/4262/2208 4125/4264/109 4127/4266/109
f 4127/4266/109 4125/4264/109 4128/4267/110
f 4127/4266/109 4128/4267/110 4129/4268/110
f 4126/4265/2209 4124/4263/2209 4130/4269/92
f 4126/4265/2209 4130/4269/92 4131/4270/92
f 4131/4270/92 4130/4269/92 4132/4271/90
f 4131/4270/92 4132/4271/90 4133/4272/90
f 4133/4272/90 4132/4271/90 4134/4273/91
f 4133/4272/90 4134/4273/91 4135/4274/91
f 4135/4274/91 4134/4273/91 4136/4275/2210
f 4135/4274/91 4136/4275/2210 4137/4276/2210
f 4137/4276/2210 4136/4275/2210 4138/4277/95
f 4137/4276/2210 4138/4277/95 4139/4278/95
f 4139/4278/95 4138/4277/95 4140/4279/97
f 4139/4278/95 4140/4279/97 4141/4280/97
f 4141/4280/97 4140/4279/97 4142/4281/99
f 4141/4280/97 4142/4281/99 4143/4282/99
f 4143/4282/99 4142/4281/99 4144/4283/19
f 4143/4282/99 4144/4283/19 4145/4284/19
f 4145/4284/19 4144/4283/19 4146/4285/101
f 4145/4284/19 4146/4285/101 4147/4286/101
f 4147/4286/101 4146/4285/101 4148/4287/103
f 4147/4286/101 4148/4287/103 4149/4288/103
f 4149/4288/103 4148/4287/103 4150/4289/105
f 4149/4288/103 4150/4289/105 4151/4290/105
f 4151/4290/105 4150/4289/105 4152/4291/2211
f 4151/4290/105 4152/4291/2211 4153/4292/2211
f 4153/4292/2211 4152/4291/2211 4154/4293/108
f 4153/4292/2211 4154/4293/108 4155/4294/108
f 4155/4294/108 4154/4293/108 4129/4295/110
f 4155/4294/108 4129/4295/110 4128/4296/110
f 4156/4297/1450 1119/1083/1450 4157/4298/1450
f 4157/4298/1450 1119/1083/1450 1118/1082/1450
f 4157/4298/1450 1118/1082/1450 1117/1081/1450
f 4157/4298/1450 1117/1081/1450 4158/4299/1450
f 4158/4299/1450 1117/1081/1450 4159/4300/1450
f 4159/4300/1450 1117/1081/1450 1116/1080/1450
f 4159/4300/1450 1116/1080/1450 4160/4301/1450
f 4160/4301/1450 1116/1080/1450 1115/1079/1450
f 4160/4301/1450 1115/1079/1450 1114/1078/2212
f 4160/4301/1450 1114/1078/2212 4161/4302/2212
f 4161/4302/2212 1114/1078/2212 1113/1077/2213
f 4161/4302/2212 1113/1077/2213 4162/4303/2213
f 4162/4303/2213 1113/1077/2213 1112/1076/1450
f 4162/4303/2213 1112/1076/1450 4163/4304/1450
f 4163/4304/1450 1112/1076/1450 3894/4305/1702
f 3894/4305/1702 1112/1076/1450 1111/1075/1450
f 4164/4306/1616 4165/4307/1616 1120/1084/1616
f 1120/1084/1616 4165/4307/1616 1121/1085/1616
f 1121/1085/1616 4165/4307/1616 1122/1086/1616
f 1122/1086/1616 4165/4307/1616 4166/4308/1616
f 1122/1086/1616 4166/4308/1616 4167/4309/1616
f 1122/1086/1616 4167/4309/1616 1123/1087/1616
f 1123/1087/1616 4167/4309/1616 4168/4310/1616
f 1123/1087/1616 4168/4310/1616 4169/4311/1616
f 1123/1087/1616 4169/4311/1616 1124/1088/1616
f 1124/1088/1616 4169/4311/1616 4170/4312/1616
f 1124/1088/1616 4170/4312/1616 4034/4313/1616
f 1124/1088/1616 4034/4313/1616 1103/1089/1616
f 3113/4314/1709 4171/4315/346 137/4316/1709
f 137/4316/1709 4171/4315/346 139/4317/346
f 139/4317/346 4171/4315/346 4172/4318/1649
f 139/4317/346 4172/4318/1649 141/4319/1649
f 141/4319/1649 4172/4318/1649 4173/4320/2214
f 141/4319/1649 4173/4320/2214 143/4321/2214
f 143/4321/2214 4173/4320/2214 4174/4322/1616
f 143/4321/2214 4174/4322/1616 145/4323/1616
f 145/4323/1616 4174/4322/1616 4175/4324/2215
f 145/4323/1616 4175/4324/2215 144/4325/2215
f 144/4325/2215 4175/4324/2215 4176/4326/703
f 144/4325/2215 4176/4326/703 142/4327/703
f 142/4327/703 4176/4326/703 4177/4328/709
f 142/4327/703 4177/4328/709 140/4329/709
f 140/4329/709 4177/4328/709 4178/4330/2216
f 140/4329/709 4178/4330/2216 138/4331/2216
f 138/4331/2216 4178/4330/2216 3972/4332/2139
f 138/4331/2216 3972/4332/2139 136/4333/2139
f 1119/1090/1450 4156/4334/1450 1125/1091/1450
f 1125/1091/1450 4156/4334/1450 4179/4335/1450
f 1125/1091/1450 4179/4335/1450 4180/4336/1450
f 1125/1091/1450 4180/4336/1450 1126/1092/1450
f 1126/1092/1450 4180/4336/1450 4181/4337/1450
f 1126/1092/1450 4181/4337/1450 4182/4338/1450
f 1126/1092/1450 4182/4338/1450 1127/1093/1450
f 1127/1093/1450 4182/4338/1450 4183/4339/1450
f 1127/1093/1450 4183/4339/1450 4184/4340/1450
f 1127/1093/1450 4184/4340/1450 1128/1094/1450
f 1128/1094/1450 4184/4340/1450 1129/1095/1450
f 1129/1095/1450 4184/4340/1450 4185/4341/1450
f 1222/1194/148 1443/1426/148 1221/1193/148
f 1221/1193/148 1443/1426/148 1442/1425/148
f 4186/4342/2139 4187/4343/748 117/4344/2139
f 117/4344/2139 4187/4343/748 115/4345/748
f 115/4345/748 4187/4343/748 4188/4346/755
f 115/4345/748 4188/4346/755 113/4347/755
f 113/4347/755 4188/4346/755 4189/4348/959
f 113/4347/755 4189/4348/959 111/4349/959
f 111/4349/959 4189/4348/959 4190/4350/1450
f 111/4349/959 4190/4350/1450 110/4351/1450
f 110/4351/1450 4190/4350/1450 4191/4352/2140
f 110/4351/1450 4191/4352/2140 108/4353/2140
f 108/4353/2140 4191/4352/2140 4192/4354/1695
f 108/4353/2140 4192/4354/1695 112/4355/1695
f 112/4355/1695 4192/4354/1695 4193/4356/546
f 112/4355/1695 4193/4356/546 114/4357/546
f 114/4357/546 4193/4356/546 3465/3653/1708
f 114/4357/546 3465/3653/1708 116/3652/1708
f 4194/4358/943 4195/4359/943 4196/4360/1135
f 4194/4358/943 4196/4360/1135 4197/4361/1135
f 4197/4361/1135 4196/4360/1135 4198/4362/2217
f 4197/4361/1135 4198/4362/2217 4199/4363/2217
f 4199/4363/2217 4198/4362/2217 1831/4364/855
f 4199/4363/2217 1831/4364/855 1833/4365/855
f 204/4366/802 203/4124/802 4200/4367/802
f 4200/4367/802 203/4124/802 4007/4125/802
f 1430/1413/2218 3363/3520/943 3549/4368/2218
f 3549/4368/2218 3363/3520/943 3548/4369/943
f 3548/4369/943 3363/3520/943 3365/3522/2219
f 3548/4369/943 3365/3522/2219 4009/4370/2220
f 4009/4370/2220 3365/3522/2219 4008/4371/2221
f 3460/3647/466 3404/4372/466 4008/4371/2221
f 3404/4372/466 3460/3647/466 3458/3645/608
f 3404/4372/466 3458/3645/608 3401/4373/608
f 3401/4373/608 3458/3645/608 3456/3643/608
f 3401/4373/608 3456/3643/608 3399/4374/608
f 3399/4374/608 3456/3643/608 1441/1424/608
f 3399/4374/608 1441/1424/608 948/898/608
f 460/4375/2222 4201/4376/2223 463/4377/801
f 463/4377/801 4201/4376/2223 4202/4378/2224
f 463/4377/801 4202/4378/2224 465/4379/2225
f 465/4379/2225 4202/4378/2224 4203/4380/2225
f 465/4379/2225 4203/4380/2225 466/4381/1649
f 466/4381/1649 4203/4380/2225 4204/4382/1649
f 466/4381/1649 4204/4382/1649 468/4383/1954
f 468/4383/1954 4204/4382/1649 4205/4384/1954
f 4202/4378/2224 4201/4376/2223 4206/4385/2226
f 4207/4386/2227 4201/4376/2223 460/4375/2222
f 4207/4386/2227 460/4375/2222 456/4387/2228
f 4206/4385/2226 4201/4376/2223 4208/4388/2226
f 4208/4388/2226 4201/4376/2223 4207/4386/2227
f 4206/4385/2226 4208/4388/2226 4209/4389/2229
f 4209/4389/2229 4208/4388/2226 4210/4390/2230
f 4208/4388/2226 4207/4386/2227 4211/4391/2231
f 4211/4391/2231 4207/4386/2227 456/4387/2228
f 4208/4388/2226 4211/4391/2231 4210/4390/2230
f 4211/4391/2231 456/4387/2228 459/4392/2232
f 4210/4390/2230 4211/4391/2231 4212/4393/2229
f 4212/4393/2229 4211/4391/2231 459/4392/2232
f 4212/4393/2229 459/4392/2232 458/4394/2233
f 4101/4229/749 196/4230/749 4213/4395/749
f 4213/4395/749 196/4230/749 197/4396/749
f 189/152/1616 187/150/1616 2433/2489/1616
f 2433/2489/1616 187/150/1616 4214/4397/1616
f 1652/1667/763 1550/1544/763 4215/4398/2234
f 4215/4398/2234 1550/1544/763 1551/1545/2234
f 4215/4398/2234 1551/1545/2234 4216/4399/2235
f 4216/4399/2235 1551/1545/2234 1553/1547/2235
f 4216/4399/2235 1553/1547/2235 4217/4400/2236
f 4217/4400/2236 1553/1547/2235 1556/1550/2236
f 4217/4400/2236 1556/1550/2236 4218/4401/1674
f 4217/4400/2236 4218/4401/1674 4219/4402/1452
f 4219/4402/1452 4218/4401/1674 4220/4403/2237
f 3956/4044/1967 3957/4045/2238 4221/4404/1967
f 3956/4044/1967 4221/4404/1967 3958/4046/2239
f 4221/4404/1967 3957/4045/2238 4222/4405/2238
f 3958/4046/2239 4221/4404/1967 4223/4406/2239
f 4222/4405/2238 3957/4045/2238 3959/4047/2240
f 3958/4046/2239 4223/4406/2239 3961/4050/2241
f 4222/4405/2238 3959/4047/2240 4224/4407/2240
f 3961/4050/2241 4223/4406/2239 4225/4408/2241
f 3961/4050/2241 4225/4408/2241 3964/4054/2242
f 3964/4054/2242 4225/4408/2241 4226/4409/2242
f 4224/4407/2240 3959/4047/2240 3962/4051/2243
f 4224/4407/2240 3962/4051/2243 4227/4410/2243
f 4227/4410/2243 3962/4051/2243 3965/4055/2244
f 4227/4410/2243 3965/4055/2244 4228/4411/2244
f 4229/4412/2245 4230/4413/2245 4231/4414/2246
f 4231/4414/2246 4230/4413/2245 4232/4415/2246
f 4231/4414/2246 4232/4415/2246 4233/4416/2247
f 4233/4416/2247 4232/4415/2246 4234/4417/2247
f 4233/4416/2247 4234/4417/2247 4235/4418/1968
f 4235/4418/1968 4234/4417/2247 4236/4419/1968
f 4235/4418/1968 4236/4419/1968 4237/4420/2248
f 4235/4418/1968 4237/4420/2248 4238/4421/2248
f 4238/4421/2248 4237/4420/2248 4239/4422/2249
f 4238/4421/2248 4239/4422/2249 4240/4423/2249
f 4240/4423/2249 4239/4422/2249 4241/4424/2250
f 4240/4423/2249 4241/4424/2250 4242/4425/2250
f 4242/4425/2250 4241/4424/2250 4243/4426/2251
f 4242/4425/2250 4243/4426/2251 4244/4427/2251
f 4238/4421/1138 4240/4423/1138 4245/4428/1879
f 4245/4428/1879 4240/4423/1138 4242/4425/2252
f 4245/4428/1879 4242/4425/2252 4246/4429/2252
f 4246/4429/2252 4242/4425/2252 4244/4427/2253
f 4246/4429/2252 4244/4427/2253 4247/4430/858
f 4247/4430/858 4244/4427/2253 4248/4431/2254
f 4247/4430/858 4248/4431/2254 4249/4432/772
f 4247/4430/858 4249/4432/772 4250/4433/2255
f 4250/4433/2255 4249/4432/772 4251/4434/772
f 47/4435/1879 4238/4421/1138 4245/4428/1879
f 4238/4421/1138 47/4435/1879 4235/4418/1138
f 4235/4418/1138 47/4435/1879 4233/4416/2256
f 47/4435/1879 4245/4428/1879 4252/4436/1616
f 4233/4416/2256 47/4435/1879 4231/4414/2257
f 47/4435/1879 4252/4436/1616 51/4437/1616
f 4231/4414/2257 47/4435/1879 41/4438/2257
f 4231/4414/2257 41/4438/2257 4229/4412/1972
f 4229/4412/1972 41/4438/2257 43/4439/1949
f 4229/4412/1972 43/4439/1949 4253/4440/346
f 4253/4440/346 43/4439/1949 4254/4441/2258
f 51/4437/1616 4252/4436/1616 55/4442/699
f 4254/4441/2258 43/4439/1949 46/4443/2255
f 4254/4441/2258 46/4443/2255 4255/4444/772
f 4255/4444/772 46/4443/2255 4251/4434/772
f 4251/4434/772 46/4443/2255 4250/4433/2255
f 4250/4433/2255 46/4443/2255 3495/4445/90
f 3495/4445/90 46/4443/2255 50/4446/1104
f 55/4442/699 4252/4436/1616 4256/4447/699
f 55/4442/699 4256/4447/699 4257/4448/2259
f 4257/4448/2259 4256/4447/699 4258/4449/2259
f 55/4442/699 4257/4448/2259 4259/4450/2259
f 4258/4449/2259 4256/4447/699 4260/4451/1301
f 55/4442/699 4259/4450/2259 4261/4452/2260
f 4258/4449/2259 4260/4451/1301 4262/4453/2165
f 55/4442/699 4261/4452/2260 59/4454/2261
f 4262/4453/2165 4260/4451/1301 4263/4455/1290
f 59/4454/2261 4261/4452/2260 4264/4456/2165
f 4263/4455/1290 4260/4451/1301 4265/4457/2262
f 59/4454/2261 4264/4456/2165 4266/4458/2263
f 4263/4455/1290 4265/4457/2262 4267/4459/2262
f 59/4454/2261 4266/4458/2263 63/4460/2262
f 63/4460/2262 4266/4458/2263 4268/4461/2262
f 4267/4459/2262 4265/4457/2262 4269/4462/2264
f 63/4460/2262 4268/4461/2262 67/4463/2264
f 4267/4459/2262 4269/4462/2264 4270/4464/1135
f 4270/4464/1135 4269/4462/2264 4271/4465/1135
f 4271/4465/1135 4269/4462/2264 4272/4466/1135
f 4272/4466/1135 4269/4462/2264 67/4463/2264
f 67/4463/2264 4268/4461/2262 4273/4467/1135
f 67/4463/2264 4273/4467/1135 4272/4466/1135
f 67/4463/2264 4269/4462/2264 4274/4468/110
f 67/4463/2264 4274/4468/110 71/4469/540
f 4275/4470/1450 191/154/1450 2443/2499/1450
f 2443/2499/1450 191/154/1450 190/153/1450
f 4276/4471/1708 4277/4472/1708 4278/4473/546
f 4278/4473/546 4277/4472/1708 4279/4474/546
f 4278/4473/546 4279/4474/546 4280/4475/1695
f 4280/4475/1695 4279/4474/546 4281/4476/1695
f 4280/4475/1695 4281/4476/1695 4282/4477/2140
f 4282/4477/2140 4281/4476/1695 4283/4478/2140
f 4282/4477/2140 4283/4478/2140 4284/4479/1450
f 4284/4479/1450 4283/4478/2140 4285/4480/1450
f 4284/4479/1450 4285/4480/1450 4286/4481/959
f 4286/4481/959 4285/4480/1450 4287/4482/959
f 4286/4481/959 4287/4482/959 4288/4483/755
f 4288/4483/755 4287/4482/959 4289/4484/755
f 4288/4483/755 4289/4484/755 4290/4485/748
f 4290/4485/748 4289/4484/755 4291/4486/748
f 4290/4485/748 4291/4486/748 4292/4487/2139
f 4292/4487/2139 4291/4486/748 4293/4488/2139
f 205/4489/2265 204/4366/2265 4294/4490/2265
f 4294/4490/2265 204/4366/2265 4200/4367/2265
f 4295/4491/1768 1890/1901/1768 4296/4492/2024
f 4296/4492/2024 1890/1901/1768 1892/1903/2024
f 1890/1901/1768 4295/4491/1768 1888/1899/2266
f 4296/4492/2024 1892/1903/2024 4297/4493/2154
f 1888/1899/2266 4295/4491/1768 4298/4494/2266
f 4297/4493/2154 1892/1903/2024 1893/1904/2154
f 1888/1899/2266 4298/4494/2266 1886/1897/2267
f 4297/4493/2154 1893/1904/2154 4299/4495/2153
f 1886/1897/2267 4298/4494/2266 4300/4496/2267
f 4299/4495/2153 1893/1904/2154 1896/1907/2153
f 1886/1897/2267 4300/4496/2267 1885/1896/2268
f 4299/4495/2153 1896/1907/2153 4301/4497/2152
f 1885/1896/2268 4300/4496/2267 4302/4498/2268
f 1885/1896/2268 4302/4498/2268 1883/1894/2155
f 1883/1894/2155 4302/4498/2268 3998/4115/2155
f 4301/4497/2152 1896/1907/2153 1898/1909/2152
f 4301/4497/2152 1898/1909/2152 4303/4499/2151
f 4303/4499/2151 1898/1909/2152 1900/1911/2151
f 4303/4499/2151 1900/1911/2151 4006/4123/2163
f 4006/4123/2163 1900/1911/2151 1899/1910/2163
f 4186/4342/2139 117/4344/2139 119/4500/2216
f 4186/4342/2139 119/4500/2216 4304/4501/2216
f 4304/4501/2216 119/4500/2216 121/4502/707
f 4304/4501/2216 121/4502/707 4305/4503/707
f 4305/4503/707 121/4502/707 123/4504/703
f 4305/4503/707 123/4504/703 4306/4505/703
f 4306/4505/703 123/4504/703 125/4506/2215
f 4306/4505/703 125/4506/2215 4307/4507/2215
f 4307/4507/2215 125/4506/2215 126/4508/1616
f 4307/4507/2215 126/4508/1616 4308/4509/1616
f 4308/4509/1616 126/4508/1616 124/4510/2214
f 4308/4509/1616 124/4510/2214 4309/4511/2214
f 4309/4511/2214 124/4510/2214 122/4512/1649
f 4309/4511/2214 122/4512/1649 4310/4513/1649
f 4310/4513/1649 122/4512/1649 120/4514/346
f 4310/4513/1649 120/4514/346 4311/4515/346
f 4311/4515/346 120/4514/346 118/4516/1709
f 4311/4515/346 118/4516/1709 3466/4517/1709
f 4213/4395/1453 197/4396/1453 4312/4518/1453
f 4312/4518/1453 197/4396/1453 198/4519/1453
f 199/4520/110 205/4489/110 4313/4521/110
f 4313/4521/110 205/4489/110 4294/4490/110
f 4312/4518/110 198/4519/110 4313/4522/110
f 4313/4522/110 198/4519/110 199/4523/110
f 4314/4524/118 2696/2776/118 4315/4525/119
f 4315/4525/119 2696/2776/118 2694/2774/119
f 4315/4525/119 2694/2774/119 4316/4526/120
f 4316/4526/120 2694/2774/119 2692/2772/120
f 4316/4526/120 2692/2772/120 4317/4527/2189
f 4317/4527/2189 2692/2772/120 2690/2770/2189
f 4317/4527/2189 2690/2770/2189 4318/4528/1450
f 4318/4528/1450 2690/2770/2189 2686/2766/1450
f 4318/4528/1450 2686/2766/1450 4319/4529/882
f 4319/4529/882 2686/2766/1450 2688/2768/882
f 4319/4529/882 2688/2768/882 4320/4530/1686
f 4320/4530/1686 2688/2768/882 2689/2769/1686
f 4320/4530/1686 2689/2769/1686 4321/4531/2269
f 4321/4531/2269 2689/2769/1686 2691/2771/2269
f 4321/4531/2269 2691/2771/2269 4322/4532/2270
f 4322/4532/2270 2691/2771/2269 2693/2773/2270
f 4323/4533/1616 4324/4534/1616 4325/4535/1616
f 4323/4533/1616 4325/4535/1616 4326/4536/1616
f 4326/4536/1616 4325/4535/1616 4327/4537/1616
f 4327/4537/1616 4325/4535/1616 4328/4538/1616
f 1680/1698/2271 1838/1845/1725 1682/1700/2271
f 1682/1700/2271 1838/1845/1725 4329/4539/1725
f 4330/4537/1450 4331/4538/1450 4332/4535/1450
f 4330/4537/1450 4332/4535/1450 4333/4536/1450
f 4333/4536/1450 4332/4535/1450 4334/4533/1450
f 4334/4533/1450 4332/4535/1450 4335/4534/1450
f 4336/4540/1708 4337/4541/1708 4338/4542/546
f 4338/4542/546 4337/4541/1708 4339/4543/546
f 4338/4542/546 4339/4543/546 4340/4544/1695
f 4340/4544/1695 4339/4543/546 4341/4545/1695
f 4340/4544/1695 4341/4545/1695 4342/4546/2140
f 4342/4546/2140 4341/4545/1695 4343/4547/2140
f 4342/4546/2140 4343/4547/2140 4344/4548/1450
f 4344/4548/1450 4343/4547/2140 4345/4549/1450
f 4344/4548/1450 4345/4549/1450 4346/4550/959
f 4346/4550/959 4345/4549/1450 4347/4551/959
f 4346/4550/959 4347/4551/959 4348/4552/755
f 4348/4552/755 4347/4551/959 4349/4553/755
f 4348/4552/755 4349/4553/755 4350/4554/748
f 4350/4554/748 4349/4553/755 4351/4555/748
f 4350/4554/748 4351/4555/748 4352/4556/2139
f 4352/4556/2139 4351/4555/748 4353/4557/2139
f 4354/4558/1709 4355/4559/1709 4276/4471/1708
f 4276/4471/1708 4355/4559/1709 4277/4472/1708
f 4355/4559/1709 4354/4558/1709 4356/4560/346
f 4356/4560/346 4354/4558/1709 4357/4561/346
f 4356/4560/346 4357/4561/346 4358/4562/1649
f 4358/4562/1649 4357/4561/346 4359/4563/1649
f 4358/4562/1649 4359/4563/1649 4360/4564/2214
f 4360/4564/2214 4359/4563/1649 4361/4565/2214
f 4360/4564/2214 4361/4565/2214 4362/4566/1616
f 4362/4566/1616 4361/4565/2214 4363/4567/1616
f 4362/4566/1616 4363/4567/1616 4364/4568/2215
f 4364/4568/2215 4363/4567/1616 4365/4569/2215
f 4364/4568/2215 4365/4569/2215 4366/4570/703
f 4366/4570/703 4365/4569/2215 4367/4571/703
f 4366/4570/703 4367/4571/703 4368/4572/707
f 4368/4572/707 4367/4571/703 4369/4573/707
f 4368/4572/707 4369/4573/707 4370/4574/2216
f 4370/4574/2216 4369/4573/707 4371/4575/2216
f 4370/4574/2216 4371/4575/2216 4293/4576/2139
f 4293/4576/2139 4371/4575/2216 4292/4577/2139
f 4372/4578/2272 1729/1748/2272 4373/4579/2273
f 4373/4579/2273 1729/1748/2272 1731/1750/2273
f 1729/1748/2272 4372/4578/2272 1727/1746/2274
f 4373/4579/2273 1731/1750/2273 4374/2491/2275
f 1727/1746/2274 4372/4578/2272 4375/4580/2274
f 4374/2491/2275 1731/1750/2273 1732/1751/2275
f 1727/1746/2274 4375/4580/2274 1725/1744/1889
f 4374/2491/2275 1732/1751/2275 4376/2490/2276
f 1725/1744/1889 4375/4580/2274 4377/4581/1889
f 4376/2490/2276 1732/1751/2275 1730/1749/2276
f 4376/2490/2276 1730/1749/2276 2569/2492/1287
f 2569/2492/1287 1730/1749/2276 1728/1747/1287
f 1725/1744/1889 4377/4581/1889 1723/1742/2277
f 1723/1742/2277 4377/4581/1889 4378/4582/2277
f 1723/1742/2277 4378/4582/2277 1721/1740/2278
f 1721/1740/2278 4378/4582/2277 4379/4583/2278
f 1721/1740/2278 4379/4583/2278 1719/1738/2279
f 1719/1738/2279 4379/4583/2278 4380/4584/2279
f 1719/1738/2279 4380/4584/2279 1717/1736/2280
f 1717/1736/2280 4380/4584/2279 4381/2498/2280
f 1717/1736/2280 4381/2498/2280 1718/1737/2281
f 1718/1737/2281 4381/2498/2280 4382/2497/2281
f 1718/1737/2281 4382/2497/2281 1720/1739/122
f 1720/1739/122 4382/2497/2281 2573/2496/122
f 75/4585/2282 4383/4586/2282 4384/4587/1674
f 4384/4587/1674 4383/4586/2282 4385/4588/1674
f 75/4585/2282 4384/4587/1674 4386/4589/1674
f 4385/4588/1674 4383/4586/2282 4387/4590/1674
f 75/4585/2282 4386/4589/1674 79/4591/2283
f 4387/4590/1674 4383/4586/2282 4388/4592/2283
f 79/4591/2283 4386/4589/1674 4389/4593/748
f 4387/4590/1674 4388/4592/2283 4390/4594/748
f 79/4591/2283 4389/4593/748 4391/4595/1102
f 4390/4594/748 4388/4592/2283 4392/4596/1102
f 79/4591/2283 4391/4595/1102 78/4597/2284
f 4392/4596/1102 4388/4592/2283 4393/4598/2284
f 78/4597/2284 4391/4595/1102 4394/4599/2284
f 4392/4596/1102 4393/4598/2284 4395/4600/2284
f 4395/4600/2284 4393/4598/2284 3953/4038/759
f 4395/4600/2284 3953/4038/759 4396/4601/2285
f 4396/4601/2285 3953/4038/759 4397/4602/2285
f 78/4597/2284 4394/4599/2284 74/4040/759
f 4397/4602/2285 3953/4038/759 74/4040/759
f 74/4040/759 4394/4599/2284 4398/4603/2285
f 4397/4602/2285 74/4040/759 4399/4604/2285
f 4399/4604/2285 74/4040/759 4398/4603/2285
f 676/634/482 677/635/482 3810/4605/482
f 3810/4605/482 677/635/482 3407/3569/482
f 3810/4605/482 3407/3569/482 3812/4606/482
f 3812/4606/482 3407/3569/482 3406/3568/482
f 3812/4606/482 3406/3568/482 3815/4607/169
f 3815/4607/169 3406/3568/482 3410/3572/169
f 3815/4607/169 3410/3572/169 3816/4608/2286
f 3816/4608/2286 3410/3572/169 3413/3575/2286
f 3816/4608/2286 3413/3575/2286 3352/3506/2287
f 3816/4608/2286 3352/3506/2287 3817/4609/2288
f 3817/4609/2288 3352/3506/2287 3818/4610/804
f 3818/4610/804 3352/3506/2287 3351/3505/804
f 3818/4610/804 3351/3505/804 3819/4611/1790
f 3819/4611/1790 3351/3505/804 1220/1192/1790
f 4400/4612/1642 1837/1844/1642 1686/1704/2289
f 1686/1704/2289 1837/1844/1642 1687/1705/2289
f 2704/2784/2290 4401/4613/2290 2703/2783/1616
f 2703/2783/1616 4401/4613/2290 4402/4614/1616
f 4401/4613/2290 2704/2784/2290 4403/4615/1660
f 2703/2783/1616 4402/4614/1616 2701/2781/735
f 4403/4615/1660 2704/2784/2290 2702/2782/1660
f 2701/2781/735 4402/4614/1616 4404/4616/735
f 4403/4615/1660 2702/2782/1660 4405/4617/2291
f 2701/2781/735 4404/4616/735 2699/2779/474
f 4405/4617/2291 2702/2782/1660 2700/2780/2291
f 2699/2779/474 4404/4616/735 4406/4618/474
f 4405/4617/2291 2700/2780/2291 4407/4619/2292
f 2699/2779/474 4406/4618/474 2697/2777/2293
f 4407/4619/2292 2700/2780/2291 2698/2778/2292
f 4407/4619/2292 2698/2778/2292 4314/4524/118
f 4314/4524/118 2698/2778/2292 2696/2776/118
f 2697/2777/2293 4406/4618/474 4408/4620/2293
f 2697/2777/2293 4408/4620/2293 2695/2775/2294
f 2695/2775/2294 4408/4620/2293 4409/4621/2294
f 2695/2775/2294 4409/4621/2294 2693/2773/2270
f 2693/2773/2270 4409/4621/2294 4322/4532/2270
f 1589/1596/847 1824/1830/847 2090/4622/2295
f 1589/1596/847 2090/4622/2295 1588/1593/2295
f 1588/1593/2295 2090/4622/2295 4218/4623/1674
f 1588/1593/2295 4218/4623/1674 1556/1594/2236
f 4218/4623/1674 2090/4622/2295 2093/4624/1674
f 4218/4623/1674 2093/4624/1674 2095/4625/2237
f 4218/4623/1674 2095/4625/2237 4220/4626/2237
f 4266/4458/2296 4410/4627/2296 4268/4461/2297
f 4268/4461/2297 4410/4627/2296 4411/4628/2297
f 4268/4461/2297 4411/4628/2297 4273/4467/2298
f 4273/4467/2298 4411/4628/2297 4412/4629/2298
f 4273/4467/2298 4412/4629/2298 4272/4466/2299
f 4272/4466/2299 4412/4629/2298 4413/4630/2299
f 4272/4466/2299 4413/4630/2299 4271/4465/1034
f 4271/4465/1034 4413/4630/2299 4414/4631/1034
f 4271/4465/1034 4414/4631/1034 4415/4632/2300
f 4271/4465/1034 4415/4632/2300 4270/4464/2300
f 4270/4464/2300 4415/4632/2300 4416/4633/2301
f 4270/4464/2300 4416/4633/2301 4267/4459/2301
f 4267/4459/2301 4416/4633/2301 4417/4634/2302
f 4267/4459/2301 4417/4634/2302 4263/4455/2302
f 4418/4635/1709 4419/4636/1709 4336/4540/1708
f 4336/4540/1708 4419/4636/1709 4337/4541/1708
f 4419/4636/1709 4418/4635/1709 4420/4637/346
f 4420/4637/346 4418/4635/1709 4421/4638/346
f 4420/4637/346 4421/4638/346 4422/4639/1649
f 4422/4639/1649 4421/4638/346 4423/4640/1649
f 4422/4639/1649 4423/4640/1649 4424/4641/2214
f 4424/4641/2214 4423/4640/1649 4425/4642/2214
f 4424/4641/2214 4425/4642/2214 4426/4643/1616
f 4426/4643/1616 4425/4642/2214 4427/4644/1616
f 4426/4643/1616 4427/4644/1616 4428/4645/2215
f 4428/4645/2215 4427/4644/1616 4429/4646/2215
f 4428/4645/2215 4429/4646/2215 4430/4647/703
f 4430/4647/703 4429/4646/2215 4431/4648/703
f 4430/4647/703 4431/4648/703 4432/4649/707
f 4432/4649/707 4431/4648/703 4433/4650/707
f 4432/4649/707 4433/4650/707 4434/4651/2216
f 4434/4651/2216 4433/4650/707 4435/4652/2216
f 4434/4651/2216 4435/4652/2216 4353/4653/2139
f 4353/4653/2139 4435/4652/2216 4352/4654/2139
f 4436/4655/1616 4437/4656/1616 1442/1425/1616
f 1442/1425/1616 4437/4656/1616 1077/4657/1616
f 4384/4587/2303 4385/4588/1068 4438/4658/2303
f 4384/4587/2303 4438/4658/2303 4386/4589/2304
f 4438/4658/2303 4385/4588/1068 4439/4659/1068
f 4386/4589/2304 4438/4658/2303 4440/4660/2304
f 4439/4659/1068 4385/4588/1068 4387/4590/2305
f 4386/4589/2304 4440/4660/2304 4389/4593/2306
f 4439/4659/1068 4387/4590/2305 4441/4661/2305
f 4389/4593/2306 4440/4660/2304 4442/4662/2306
f 4389/4593/2306 4442/4662/2306 4391/4595/2307
f 4391/4595/2307 4442/4662/2306 4443/4663/2307
f 4441/4661/2305 4387/4590/2305 4390/4594/2308
f 4441/4661/2305 4390/4594/2308 4444/4664/2308
f 4444/4664/2308 4390/4594/2308 4392/4596/2309
f 4444/4664/2308 4392/4596/2309 4445/4665/2309
f 410/376/118 409/375/118 4446/4666/2292
f 4446/4666/2292 409/375/118 793/4667/2292
f 4446/4666/2292 793/4667/2292 4447/4668/2291
f 4447/4668/2291 793/4667/2292 794/4669/2291
f 4447/4668/2291 794/4669/2291 4448/4670/1660
f 4448/4670/1660 794/4669/2291 795/4671/1660
f 4448/4670/1660 795/4671/1660 4449/4672/2290
f 4449/4672/2290 795/4671/1660 797/4673/2310
f 4449/4672/2290 797/4673/2310 800/4674/2311
f 4449/4672/2290 800/4674/2311 1689/4675/1616
f 4449/4672/2290 1689/4675/1616 4450/4676/1616
f 4450/4676/1616 1689/4675/1616 407/4677/2312
f 4450/4676/1616 407/4677/2312 4451/4678/735
f 4451/4678/735 407/4677/2312 4452/4679/2313
f 4451/4678/735 4452/4679/2313 4453/4680/474
f 4453/4680/474 4452/4679/2313 4454/4681/474
f 4453/4680/474 4454/4681/474 4455/4682/2293
f 4455/4682/2293 4454/4681/474 4456/4683/2293
f 4455/4682/2293 4456/4683/2293 4457/4684/2294
f 4457/4684/2294 4456/4683/2293 4458/4685/2294
f 4457/4684/2294 4458/4685/2294 4459/4686/2270
f 4459/4686/2270 4458/4685/2294 4460/4687/2270
f 510/376/118 509/375/118 4461/4666/2292
f 4461/4666/2292 509/375/118 724/4667/2292
f 4461/4666/2292 724/4667/2292 4462/4668/2291
f 4462/4668/2291 724/4667/2292 725/4669/2291
f 4462/4668/2291 725/4669/2291 4463/4670/1660
f 4463/4670/1660 725/4669/2291 726/4671/1660
f 4463/4670/1660 726/4671/1660 4464/4672/2290
f 4464/4672/2290 726/4671/1660 728/4673/2310
f 4464/4672/2290 728/4673/2310 731/4674/2311
f 4464/4672/2290 731/4674/2311 1407/4675/1616
f 4464/4672/2290 1407/4675/1616 4465/4676/1616
f 4465/4676/1616 1407/4675/1616 420/4677/2312
f 4465/4676/1616 420/4677/2312 4466/4678/735
f 4466/4678/735 420/4677/2312 4467/4679/2313
f 4466/4678/735 4467/4679/2313 4468/4680/474
f 4468/4680/474 4467/4679/2313 4469/4681/474
f 4468/4680/474 4469/4681/474 4470/4682/2293
f 4470/4682/2293 4469/4681/474 4471/4683/2293
f 4470/4682/2293 4471/4683/2293 4472/4684/2294
f 4472/4684/2294 4471/4683/2293 4473/4685/2294
f 4472/4684/2294 4473/4685/2294 4474/4686/2270
f 4474/4686/2270 4473/4685/2294 4475/4687/2270
f 1443/1426/1450 1444/4688/1450 4476/4689/1450
f 4476/4689/1450 1444/4688/1450 4477/4690/1450
f 4274/4691/110 4383/4586/2282 71/4692/540
f 71/4692/540 4383/4586/2282 75/4585/2282
f 2826/3117/2314 3111/4693/341 2924/3116/2314
f 2924/3116/2314 3111/4693/341 4478/4694/341
f 4478/4694/341 3111/4693/341 3110/4695/1705
f 4478/4694/341 3110/4695/1705 4479/4696/513
f 4479/4696/513 3110/4695/1705 4480/4697/1613
f 4480/4697/1613 3110/4695/1705 3109/4698/1704
f 4480/4699/1613 3270/4700/1842 3269/4701/1840
f 4480/4699/1613 3269/4701/1840 4479/4702/513
f 4479/4702/513 3269/4701/1840 4478/4703/341
f 4478/4703/341 3269/4701/1840 3268/4704/1837
f 4478/4703/341 3268/4704/1837 2924/3054/2314
f 2924/3054/2314 3268/4704/1837 2825/3055/1836
f 241/907/1736 957/908/1736 239/4705/1736
f 239/4705/1736 957/908/1736 4481/4706/1736
f 1088/1046/2166 1090/1048/2315 4482/4707/2021
f 1088/1046/2166 4482/4707/2021 4483/4708/1616
f 1088/1046/2166 4483/4708/1616 1086/1044/1616
f 1086/1044/1616 4483/4708/1616 1084/1043/1616
f 1084/1043/1616 4483/4708/1616 1079/4709/1616
f 1084/1043/1616 1079/4709/1616 1082/1040/1616
f 1082/1040/1616 1079/4709/1616 1080/1038/1616
f 4484/4710/1810 956/906/1810 240/208/1810
f 240/208/1810 956/906/1810 242/210/1810
f 1701/4711/143 736/4712/143 1797/4713/2184
f 1797/4713/2184 736/4712/143 812/4714/2184
f 1797/4713/2184 812/4714/2184 1796/4715/2187
f 1796/4715/2187 812/4714/2184 811/4716/2187
f 1796/4715/2187 811/4716/2187 4040/4717/2187
f 1796/4715/2187 4040/4717/2187 1795/4718/2316
f 1795/4718/2316 4040/4717/2187 1794/4719/2189
f 1794/4719/2189 4040/4717/2187 4041/4720/2188
f 1794/4719/2189 4041/4720/2188 4043/4721/1450
f 1794/4719/2189 4043/4721/1450 1793/4722/1700
f 1793/4722/1700 4043/4721/1450 1792/4723/2160
f 1792/4723/2160 4043/4721/1450 4045/4724/2160
f 1792/4723/2160 4045/4724/2160 1790/4725/2161
f 1790/4725/2161 4045/4724/2160 4047/4726/2161
f 1790/4725/2161 4047/4726/2161 1791/4727/2162
f 1791/4727/2162 4047/4726/2161 4049/4728/2162
f 1791/4727/2162 4049/4728/2162 1690/4729/2163
f 1690/4729/2163 4049/4728/2162 4051/4730/2163
f 1349/4731/1450 1350/1326/1450 1347/1323/1450
f 1350/1326/1450 1349/4731/1450 1352/1327/1450
f 1352/1327/1450 1349/4731/1450 4485/4732/1450
f 1352/1327/1450 4485/4732/1450 1354/1328/1450
f 1354/1328/1450 4485/4732/1450 1356/1330/2130
f 1356/1330/2130 4485/4732/1450 4486/4733/2084
f 1356/1330/2130 4486/4733/2084 1358/1332/2317
f 4487/4734/2272 4488/4735/2273 4489/4736/2272
f 4489/4736/2272 4488/4735/2273 4490/4737/2273
f 4487/4734/2272 4489/4736/2272 4491/4738/2274
f 4490/4737/2273 4488/4735/2273 4492/4739/2275
f 4487/4734/2272 4491/4738/2274 4493/4740/2274
f 4490/4737/2273 4492/4739/2275 4494/4741/2275
f 4493/4740/2274 4491/4738/2274 4495/4742/2262
f 4494/4741/2275 4492/4739/2275 4496/4743/2276
f 4493/4740/2274 4495/4742/2262 4497/4744/2262
f 4494/4741/2275 4496/4743/2276 4498/4745/2276
f 4498/4745/2276 4496/4743/2276 4499/4746/1287
f 4498/4745/2276 4499/4746/1287 4500/4747/1287
f 4497/4744/2262 4495/4742/2262 4501/4748/2277
f 4497/4744/2262 4501/4748/2277 4502/4749/2277
f 4502/4749/2277 4501/4748/2277 4503/4750/2278
f 4502/4749/2277 4503/4750/2278 4504/4751/2278
f 4504/4751/2278 4503/4750/2278 4505/4752/2279
f 4504/4751/2278 4505/4752/2279 4506/4753/2279
f 4506/4753/2279 4505/4752/2279 4507/272/2280
f 4506/4753/2279 4507/272/2280 4508/273/2280
f 4508/273/2280 4507/272/2280 4509/274/2281
f 4508/273/2280 4509/274/2281 4510/275/2281
f 4510/275/2281 4509/274/2281 432/276/122
f 4510/275/2281 432/276/122 431/277/122
f 4330/4754/144 4511/4755/2318 4331/4756/109
f 4511/4755/2318 4330/4754/144 4328/4757/2318
f 4328/4757/2318 4330/4754/144 4327/4758/144
f 4327/4758/144 4330/4754/144 4326/4759/109
f 4326/4759/109 4330/4754/144 4333/4760/109
f 4326/4759/109 4333/4760/109 4334/4761/328
f 4326/4759/109 4334/4761/328 4323/4762/328
f 4323/4762/328 4334/4761/328 4324/4763/116
f 4324/4763/116 4334/4761/328 4335/4764/116
f 93/4765/1948 65/4766/1359 69/4767/90
f 93/4765/1948 69/4767/90 95/4768/90
f 95/4768/90 69/4767/90 73/4769/2319
f 95/4768/90 73/4769/2319 97/4770/2255
f 97/4770/2255 73/4769/2319 4438/4771/2258
f 4438/4771/2258 73/4769/2319 4440/4772/2258
f 4440/4772/2258 73/4769/2319 77/4773/1949
f 4440/4772/2258 77/4773/1949 4442/4774/346
f 97/4770/2255 4438/4771/2258 4439/4775/772
f 97/4770/2255 4439/4775/772 4441/4776/772
f 97/4770/2255 4441/4776/772 99/4777/858
f 99/4777/858 4441/4776/772 4444/4778/858
f 4512/4779/1453 1317/4780/1453 1316/4781/110
f 4512/4779/1453 1316/4781/110 4513/4782/110
f 4513/4782/110 1316/4781/110 4514/4783/1888
f 4514/4783/1888 1316/4781/110 1315/4784/1888
f 4514/4783/1888 1315/4784/1888 1314/4785/802
f 4514/4783/1888 1314/4785/802 4515/4786/802
f 4515/4786/802 1314/4785/802 1313/4787/2165
f 4515/4786/802 1313/4787/2165 4516/4788/2165
f 4516/4788/2165 1313/4787/2165 1312/4789/2040
f 4516/4788/2165 1312/4789/2040 4517/4790/2040
f 4517/4790/2040 1312/4789/2040 1311/4791/1713
f 4517/4790/2040 1311/4791/1713 4518/4792/1713
f 4518/4792/1713 1311/4791/1713 1310/4793/1606
f 4518/4792/1713 1310/4793/1606 4519/4794/1606
f 4519/4794/1606 1310/4793/1606 1309/4795/1954
f 4519/4794/1606 1309/4795/1954 4520/4796/1954
f 4520/4796/1954 1309/4795/1954 1308/4797/1955
f 4520/4796/1954 1308/4797/1955 4521/4798/1955
f 4521/4798/1955 1308/4797/1955 1307/4799/90
f 4521/4798/1955 1307/4799/90 4522/4800/90
f 4522/4800/90 1307/4799/90 3744/3822/486
f 3744/3822/486 1307/4799/90 1306/3823/486
f 2520/2584/1236 2521/2585/1236 4523/4801/2320
f 4523/4801/2320 2521/2585/1236 4524/4802/2320
f 4523/4801/2320 4524/4802/2320 4525/4803/2321
f 4525/4803/2321 4524/4802/2320 4526/4804/2321
f 4525/4803/2321 4526/4804/2321 4527/4805/2322
f 4527/4805/2322 4526/4804/2321 4528/4806/2322
f 4527/4805/2322 4528/4806/2322 4529/4807/1904
f 4529/4807/1904 4528/4806/2322 4530/4808/1904
f 4529/4807/1904 4530/4808/1904 4531/4809/2323
f 4531/4809/2323 4530/4808/1904 4532/4810/2323
f 4533/4811/2324 4255/4444/2324 4534/4812/1512
f 4534/4812/1512 4255/4444/2324 4251/4434/1512
f 4255/4444/2324 4533/4811/2324 4254/4441/2325
f 4534/4812/1512 4251/4434/1512 4249/4432/2326
f 4254/4441/2325 4533/4811/2324 4535/4813/2325
f 4534/4812/1512 4249/4432/2326 4536/4814/2326
f 4254/4441/2325 4535/4813/2325 4253/4440/2327
f 4536/4814/2326 4249/4432/2326 4248/4431/2328
f 4253/4440/2327 4535/4813/2325 4537/4815/2327
f 4253/4440/2327 4537/4815/2327 4229/4412/2245
f 4229/4412/2245 4537/4815/2327 4230/4413/2245
f 4536/4814/2326 4248/4431/2328 4538/4816/2328
f 4538/4816/2328 4248/4431/2328 4244/4427/2251
f 4538/4816/2328 4244/4427/2251 4243/4426/2251
f 3964/4054/2242 4226/4409/2242 3966/4056/2329
f 3966/4056/2329 4226/4409/2242 4539/4817/2329
f 3966/4056/2329 4539/4817/2329 3970/4060/2330
f 3970/4060/2330 4539/4817/2329 4540/4818/2330
f 3970/4060/2330 4540/4818/2330 3971/4061/2331
f 3971/4061/2331 4540/4818/2330 4541/4819/2331
f 3971/4061/2331 4541/4819/2331 3969/4059/1558
f 3969/4059/1558 4541/4819/2331 4542/4820/1558
f 3969/4059/1558 4542/4820/1558 4543/4821/2332
f 3969/4059/1558 4543/4821/2332 3968/4058/2332
f 3968/4058/2332 4543/4821/2332 4544/4822/2333
f 3968/4058/2332 4544/4822/2333 3967/4057/2333
f 3967/4057/2333 4544/4822/2333 4228/4411/2244
f 3967/4057/2333 4228/4411/2244 3965/4055/2244
f 4545/4823/2334 416/4824/2335 4546/4825/2336
f 4545/4823/2334 4546/4825/2336 4547/4826/2337
f 4546/4825/2336 416/4824/2335 4548/4827/2338
f 4545/4823/2334 4547/4826/2337 4549/4828/2339
f 4548/4827/2338 416/4824/2335 4550/4829/2340
f 4550/4829/2340 416/4824/2335 415/4830/2341
f 4545/4823/2334 4549/4828/2339 4551/4831/2342
f 4545/4823/2334 4551/4831/2342 416/4824/2335
f 4551/4831/2342 4549/4828/2339 4552/4832/2343
f 4552/4832/2343 4549/4828/2339 4475/4833/390
f 4552/4832/2343 4475/4833/390 4473/4834/391
f 4551/4831/2342 4552/4832/2343 4553/4835/2344
f 4551/4831/2342 4553/4835/2344 416/4824/2335
f 4552/4832/2343 4473/4834/391 4554/4836/2345
f 4552/4832/2343 4554/4836/2345 4553/4835/2344
f 4554/4836/2345 4473/4834/391 4471/4837/2346
f 416/4824/2335 4553/4835/2344 4555/4838/2347
f 4555/4838/2347 4553/4835/2344 4554/4836/2345
f 416/4824/2335 4555/4838/2347 4556/4839/2348
f 416/4824/2335 4556/4839/2348 417/4840/2349
f 4555/4838/2347 4554/4836/2345 4557/4841/2350
f 4557/4841/2350 4554/4836/2345 4471/4837/2346
f 4555/4838/2347 4557/4841/2350 4556/4839/2348
f 4557/4841/2350 4471/4837/2346 4469/4842/2351
f 417/4840/2349 4556/4839/2348 4558/4843/2352
f 4558/4843/2352 4556/4839/2348 4557/4841/2350
f 4558/4843/2352 4557/4841/2350 4469/4842/2351
f 417/4840/2349 4558/4843/2352 418/4844/2353
f 4558/4843/2352 4469/4842/2351 4467/4845/2354
f 4558/4843/2352 4467/4845/2354 418/4844/2353
f 418/4844/2353 4467/4845/2354 420/4846/634
f 1382/4847/1450 1378/4848/1449 4559/4849/1450
f 4559/4849/1450 1378/4848/1449 4560/4850/1449
f 4560/4850/1449 1378/4848/1449 1374/4851/838
f 4560/4850/1449 1374/4851/838 4561/4852/838
f 4561/4852/838 1374/4851/838 1373/4853/2355
f 4561/4852/838 1373/4853/2355 4562/4854/2355
f 4008/4371/2221 3365/3522/2219 3462/3649/2221
f 4008/4371/2221 3462/3649/2221 3460/3647/466
f 45/4855/759 49/4856/1624 83/4857/759
f 83/4857/759 49/4856/1624 85/4858/1624
f 85/4858/1624 49/4856/1624 53/4859/2356
f 85/4858/1624 53/4859/2356 87/4860/1896
f 87/4860/1896 53/4859/2356 4563/4861/2135
f 4563/4861/2135 53/4859/2356 4564/4862/2135
f 87/4860/1896 4563/4861/2135 4565/4863/1145
f 4564/4862/2135 53/4859/2356 57/4864/1362
f 87/4860/1896 4565/4863/1145 4566/4865/1145
f 4564/4862/2135 57/4864/1362 4567/4866/1362
f 87/4860/1896 4566/4865/1145 89/4867/2136
f 4567/4866/1362 57/4864/1362 61/4868/1913
f 89/4867/2136 4566/4865/1145 4568/4869/2357
f 4567/4866/1362 61/4868/1913 4410/4870/1361
f 89/4867/2136 4568/4869/2357 4417/4871/1361
f 4410/4870/1361 61/4868/1913 4411/4872/546
f 89/4867/2136 4417/4871/1361 91/4873/857
f 4411/4872/546 61/4868/1913 65/4766/1359
f 91/4873/857 4417/4871/1361 4416/4874/857
f 4411/4872/546 65/4766/1359 4412/4875/856
f 4412/4875/856 65/4766/1359 4413/4876/856
f 91/4873/857 4416/4874/857 93/4765/1948
f 4413/4876/856 65/4766/1359 93/4765/1948
f 93/4765/1948 4416/4874/857 4415/4877/853
f 4413/4876/856 93/4765/1948 4414/4878/853
f 4414/4878/853 93/4765/1948 4415/4877/853
f 2435/2491/1171 1813/1751/1171 1814/1750/2358
f 2435/2491/1171 1814/1750/2358 4569/4579/2358
f 4569/4579/2358 1814/1750/2358 1812/1748/2359
f 4569/4579/2358 1812/1748/2359 4570/4578/2359
f 4570/4578/2359 1812/1748/2359 1810/1746/2360
f 4570/4578/2359 1810/1746/2360 4571/4580/2360
f 4571/4580/2360 1810/1746/2360 1808/1744/2283
f 4571/4580/2360 1808/1744/2283 4572/4581/2283
f 4572/4581/2283 1808/1744/2283 1806/1742/2361
f 4572/4581/2283 1806/1742/2361 4573/4582/2361
f 4573/4582/2361 1806/1742/2361 1804/1740/2362
f 4573/4582/2361 1804/1740/2362 4574/4583/2362
f 4574/4583/2362 1804/1740/2362 1802/1738/2363
f 4574/4583/2362 1802/1738/2363 4575/4584/2363
f 4575/4584/2363 1802/1738/2363 1798/1736/78
f 4575/4584/2363 1798/1736/78 2442/2498/78
f 4391/4595/2307 4443/4663/2307 4576/4879/2364
f 4391/4595/2307 4576/4879/2364 4394/4599/2364
f 4394/4599/2364 4576/4879/2364 4398/4603/2365
f 4398/4603/2365 4576/4879/2364 4577/4880/2365
f 4398/4603/2365 4577/4880/2365 4399/4604/1204
f 4399/4604/1204 4577/4880/2365 4578/4881/1204
f 4399/4604/1204 4578/4881/1204 4397/4602/1137
f 4397/4602/1137 4578/4881/1204 4579/4882/1137
f 4397/4602/1137 4579/4882/1137 4580/4883/2366
f 4397/4602/1137 4580/4883/2366 4396/4601/2366
f 4396/4601/2366 4580/4883/2366 4581/4884/2367
f 4396/4601/2366 4581/4884/2367 4395/4600/2367
f 4395/4600/2367 4581/4884/2367 4392/4596/2309
f 4392/4596/2309 4581/4884/2367 4445/4665/2309
f 2315/2343/1616 3443/4885/1616 2314/2342/1671
f 2314/2342/1671 3443/4885/1616 3444/4886/1671
f 4259/4450/1254 4257/4448/2237 4563/4887/1254
f 4259/4450/1254 4563/4887/1254 4261/4452/2368
f 4563/4887/1254 4257/4448/2237 4565/4888/2237
f 4261/4452/2368 4563/4887/1254 4564/4889/2368
f 4565/4888/2237 4257/4448/2237 4258/4449/2369
f 4261/4452/2368 4564/4889/2368 4264/4456/2370
f 4565/4888/2237 4258/4449/2369 4566/4890/2369
f 4264/4456/2370 4564/4889/2368 4567/4891/2370
f 4264/4456/2370 4567/4891/2370 4266/4458/2296
f 4266/4458/2296 4567/4891/2370 4410/4627/2296
f 4566/4890/2369 4258/4449/2369 4262/4453/1388
f 4566/4890/2369 4262/4453/1388 4568/4892/1388
f 4568/4892/1388 4262/4453/1388 4263/4455/2302
f 4568/4892/1388 4263/4455/2302 4417/4634/2302
f 4582/4893/1359 503/4894/1359 4583/4895/90
f 4583/4895/90 503/4894/1359 502/4896/90
f 2300/2328/1624 3429/4897/1711 2298/2326/1711
f 3429/4897/1711 2300/2328/1624 3430/4898/1624
f 4584/4742/2283 4585/4744/2283 4586/4748/2361
f 4586/4748/2361 4585/4744/2283 4587/4749/2361
f 4585/4744/2283 4584/4742/2283 4588/4740/2360
f 4586/4748/2361 4587/4749/2361 4589/4750/2362
f 4588/4740/2360 4584/4742/2283 4590/4738/2360
f 4589/4750/2362 4587/4749/2361 4591/4751/2362
f 4588/4740/2360 4590/4738/2360 4592/4734/2359
f 4589/4750/2362 4591/4751/2362 4593/4752/2363
f 4592/4734/2359 4590/4738/2360 4594/4736/2359
f 4593/4752/2363 4591/4751/2362 4595/4753/2363
f 4593/4752/2363 4595/4753/2363 306/272/78
f 306/272/78 4595/4753/2363 307/273/78
f 4592/4734/2359 4594/4736/2359 4596/4735/2358
f 4596/4735/2358 4594/4736/2359 4597/4737/2358
f 4596/4735/2358 4597/4737/2358 4598/4739/1171
f 4598/4739/1171 4597/4737/2358 4599/4741/1171
f 1321/1295/594 1322/1296/594 1994/2012/2371
f 1994/2012/2371 1322/1296/594 4600/4899/2371
f 1994/2012/2371 4600/4899/2371 1995/2013/1633
f 1995/2013/1633 4600/4899/2371 4601/4900/1633
f 1995/2013/1633 4601/4900/1633 1996/2014/2372
f 1996/2014/2372 4601/4900/1633 4602/4901/2372
f 1996/2014/2372 4602/4901/2372 1997/2015/2373
f 1997/2015/2373 4602/4901/2372 4603/4902/2373
f 1997/2015/2373 4603/4902/2373 1998/2016/2236
f 1998/2016/2236 4603/4902/2373 4604/4903/2236
f 1998/2016/2236 4604/4903/2236 1999/2017/2374
f 1999/2017/2374 4604/4903/2236 4605/4904/2374
f 1999/2017/2374 4605/4904/2374 2000/2018/2375
f 2000/2018/2375 4605/4904/2374 4606/4905/2375
f 2000/2018/2375 4606/4905/2375 2001/2019/2376
f 2001/2019/2376 4606/4905/2375 4607/4906/2376
f 502/4907/90 504/4908/2319 4583/4909/90
f 4583/4909/90 504/4908/2319 4608/4910/2319
f 4608/4910/2319 504/4908/2319 4609/4911/346
f 4609/4911/346 504/4908/2319 505/4912/346
f 4609/4911/346 505/4912/346 4610/4913/1649
f 4610/4913/1649 505/4912/346 506/4914/1649
f 4610/4913/1649 506/4914/1649 507/4915/803
f 4610/4913/1649 507/4915/803 4611/4916/803
f 4611/4916/803 507/4915/803 508/4917/1947
f 4611/4916/803 508/4917/1947 4103/4918/1947
f 4612/348/109 4613/351/110 3675/350/109
f 3675/350/109 4613/351/110 3676/349/110
f 4612/348/109 3675/350/109 3677/346/107
f 3676/349/110 4613/351/110 4614/347/108
f 4612/348/109 3677/346/107 4615/344/107
f 3676/349/110 4614/347/108 3678/345/108
f 4615/344/107 3677/346/107 3679/342/106
f 3678/345/108 4614/347/108 4616/343/84
f 4615/344/107 3679/342/106 4617/340/106
f 3678/345/108 4616/343/84 3680/341/84
f 4617/340/106 3679/342/106 3681/338/104
f 3680/341/84 4616/343/84 4618/339/105
f 4617/340/106 3681/338/104 4619/336/104
f 3680/341/84 4618/339/105 3682/337/105
f 4619/336/104 3681/338/104 3683/334/102
f 3682/337/105 4618/339/105 4620/335/103
f 4619/336/104 3683/334/102 4621/332/102
f 3682/337/105 4620/335/103 3684/333/103
f 4621/332/102 3683/334/102 3685/330/13
f 3684/333/103 4620/335/103 4622/331/101
f 4621/332/102 3685/330/13 4623/328/13
f 3684/333/103 4622/331/101 3686/329/101
f 4623/328/13 3685/330/13 3687/326/100
f 3686/329/101 4622/331/101 4624/327/19
f 4623/328/13 3687/326/100 4625/324/100
f 3686/329/101 4624/327/19 3688/325/19
f 4625/324/100 3687/326/100 3689/322/98
f 3688/325/19 4624/327/19 4626/323/99
f 4625/324/100 3689/322/98 4627/320/98
f 3688/325/19 4626/323/99 3690/321/99
f 4627/320/98 3689/322/98 3691/318/96
f 3690/321/99 4626/323/99 4628/319/97
f 4627/320/98 3691/318/96 4629/316/96
f 3690/321/99 4628/319/97 3692/317/97
f 4629/316/96 3691/318/96 3693/314/94
f 3692/317/97 4628/319/97 4630/315/95
f 4629/316/96 3693/314/94 4631/312/94
f 3692/317/97 4630/315/95 3694/313/95
f 4631/312/94 3693/314/94 3695/310/92
f 3694/313/95 4630/315/95 4632/311/93
f 4631/312/94 3695/310/92 4633/308/92
f 3694/313/95 4632/311/93 3696/309/93
f 4633/308/92 3695/310/92 3697/304/90
f 3696/309/93 4632/311/93 4634/307/91
f 4633/308/92 3697/304/90 4635/305/90
f 3696/309/93 4634/307/91 3698/306/91
f 4635/305/90 3697/304/90 3698/306/91
f 4635/305/90 3698/306/91 4634/307/91
f 4636/4919/1616 4133/4920/1616 4135/4921/1616
f 4133/4920/1616 4636/4919/1616 4131/4920/1616
f 4636/4919/1616 4135/4921/1616 4137/4921/1616
f 4131/4920/1616 4636/4919/1616 4126/4922/1616
f 4636/4919/1616 4137/4921/1616 4139/4923/1616
f 4126/4922/1616 4636/4919/1616 4122/4924/1616
f 4636/4919/1616 4139/4923/1616 4141/4925/1616
f 4122/4924/1616 4636/4919/1616 4118/4924/1616
f 4636/4919/1616 4141/4925/1616 4143/4925/1616
f 4118/4924/1616 4636/4919/1616 4114/4926/1616
f 4636/4919/1616 4143/4925/1616 4145/4927/1616
f 4114/4926/1616 4636/4919/1616 4108/4926/1616
f 4636/4919/1616 4145/4927/1616 4147/4928/1616
f 4108/4926/1616 4636/4919/1616 4109/4919/1616
f 4636/4919/1616 4147/4928/1616 4149/4928/1616
f 4109/4919/1616 4636/4919/1616 4113/4929/1616
f 4636/4919/1616 4149/4928/1616 4151/4930/1616
f 4113/4929/1616 4636/4919/1616 4117/4931/1616
f 4636/4919/1616 4151/4930/1616 4153/4930/1616
f 4117/4931/1616 4636/4919/1616 4121/4931/1616
f 4636/4919/1616 4153/4930/1616 4155/4932/1616
f 4121/4931/1616 4636/4919/1616 4125/4932/1616
f 4636/4919/1616 4155/4932/1616 4128/4932/1616
f 4636/4919/1616 4128/4932/1616 4125/4932/1616
f 4106/4933/2377 516/4934/2377 4637/4935/839
f 4637/4935/839 516/4934/2377 515/4936/839
f 4637/4935/839 515/4936/839 4638/4937/1695
f 4638/4937/1695 515/4936/839 517/4938/1695
f 4638/4937/1695 517/4938/1695 518/4939/546
f 4638/4937/1695 518/4939/546 4639/4940/546
f 4639/4940/546 518/4939/546 503/4894/1359
f 4639/4940/546 503/4894/1359 4582/4893/1359
f 4640/4941/116 4641/4942/381 2565/4943/1278
f 4640/4941/116 2565/4943/1278 4642/4944/2378
f 2565/4943/1278 4641/4942/381 2566/4945/1280
f 4642/4944/2378 2565/4943/1278 2564/4946/1276
f 2566/4945/1280 4641/4942/381 2567/4947/1282
f 4642/4944/2378 2564/4946/1276 4643/4948/328
f 2567/4947/1282 4641/4942/381 4644/4949/2379
f 4643/4948/328 2564/4946/1276 2563/4950/1274
f 2567/4947/1282 4644/4949/2379 4645/4951/329
f 4643/4948/328 2563/4950/1274 2562/4952/1273
f 2567/4947/1282 4645/4951/329 2568/4953/1284
f 2568/4953/1284 4645/4951/329 1131/1097/1286
f 1131/1097/1286 4645/4951/329 1130/1096/2380
f 4643/4948/328 2562/4952/1273 4646/4954/107
f 4646/4954/107 2562/4952/1273 2561/4955/1271
f 4646/4954/107 2561/4955/1271 4647/4956/2381
f 4647/4956/2381 2561/4955/1271 2560/4957/1269
f 4647/4956/2381 2560/4957/1269 4648/4958/2318
f 4648/4958/2318 2560/4957/1269 2559/4959/1267
f 4648/4958/2318 2559/4959/1267 4649/4960/1610
f 4649/4960/1610 2559/4959/1267 4650/4961/2382
f 4650/4961/2382 2559/4959/1267 2558/4962/1264
f 4650/4961/2382 2558/4962/1264 2557/4963/1261
f 4650/4961/2382 2557/4963/1261 4651/4964/349
f 4651/4964/349 2557/4963/1261 2554/4965/1257
f 4651/4964/349 2554/4965/1257 2918/4966/349
f 1130/1099/2380 4645/4967/329 1132/1098/1233
f 1132/1098/1233 4645/4967/329 2515/4968/1231
f 2515/4968/1231 4645/4967/329 2514/4969/1229
f 2514/4969/1229 4645/4967/329 4644/4970/2379
f 2514/4969/1229 4644/4970/2379 4641/4971/381
f 2514/4969/1229 4641/4971/381 2513/4972/1227
f 2513/4972/1227 4641/4971/381 2512/4973/1225
f 2512/4973/1225 4641/4971/381 4640/4974/116
f 2512/4973/1225 4640/4974/116 4642/4975/2378
f 2512/4973/1225 4642/4975/2378 2511/4976/1223
f 2511/4976/1223 4642/4975/2378 4643/4977/328
f 2511/4976/1223 4643/4977/328 2510/4978/1221
f 2510/4978/1221 4643/4977/328 2509/4979/1220
f 2509/4979/1220 4643/4977/328 4646/4980/107
f 2509/4979/1220 4646/4980/107 2508/4981/1218
f 2508/4981/1218 4646/4980/107 4647/4982/2381
f 2508/4981/1218 4647/4982/2381 2507/4983/1216
f 2507/4983/1216 4647/4982/2381 4648/4984/2318
f 2507/4983/1216 4648/4984/2318 2506/4985/1214
f 2506/4985/1214 4648/4984/2318 4649/4986/1610
f 2506/4985/1214 4649/4986/1610 4650/4987/2382
f 2506/4985/1214 4650/4987/2382 2505/4988/1211
f 2505/4988/1211 4650/4987/2382 2504/4989/1210
f 2504/4989/1210 4650/4987/2382 4651/4990/349
f 2504/4989/1210 4651/4990/349 2503/4991/1208
f 2503/4991/1208 4651/4990/349 2918/4992/349
f 4055/4920/1450 4652/4919/1450 4053/4921/1450
f 4053/4921/1450 4652/4919/1450 4059/4921/1450
f 4652/4919/1450 4055/4920/1450 4058/4920/1450
f 4059/4921/1450 4652/4919/1450 4063/4923/1450
f 4652/4919/1450 4058/4920/1450 4062/4922/1450
f 4063/4923/1450 4652/4919/1450 4067/4925/1450
f 4652/4919/1450 4062/4922/1450 4066/4924/1450
f 4067/4925/1450 4652/4919/1450 4071/4925/1450
f 4652/4919/1450 4066/4924/1450 4070/4924/1450
f 4071/4925/1450 4652/4919/1450 4075/4927/1450
f 4652/4919/1450 4070/4924/1450 4074/4926/1450
f 4075/4927/1450 4652/4919/1450 4079/4928/1450
f 4652/4919/1450 4074/4926/1450 4078/4926/1450
f 4079/4928/1450 4652/4919/1450 4083/4928/1450
f 4652/4919/1450 4078/4926/1450 4082/4919/1450
f 4083/4928/1450 4652/4919/1450 4087/4930/1450
f 4652/4919/1450 4082/4919/1450 4086/4929/1450
f 4087/4930/1450 4652/4919/1450 4091/4930/1450
f 4652/4919/1450 4086/4929/1450 4090/4931/1450
f 4091/4930/1450 4652/4919/1450 4095/4932/1450
f 4652/4919/1450 4090/4931/1450 4094/4931/1450
f 4095/4932/1450 4652/4919/1450 4097/4932/1450
f 4652/4919/1450 4094/4931/1450 4099/4932/1450
f 4652/4919/1450 4099/4932/1450 4097/4932/1450
f 1204/4993/1616 1096/4994/1697 1206/1223/1697
f 1206/1223/1697 1096/4994/1697 854/801/1697
f 854/801/1697 1096/4994/1697 852/802/1697
f 4549/4828/2339 4547/4826/2337 4653/4995/2383
f 4549/4828/2339 4653/4995/2383 4475/4833/390
f 4653/4995/2383 4547/4826/2337 4654/4996/2384
f 4654/4996/2384 4547/4826/2337 4655/4997/2385
f 4655/4997/2385 4547/4826/2337 4546/4825/2336
f 4654/4996/2384 4655/4997/2385 4656/4998/2386
f 4655/4997/2385 4546/4825/2336 4548/4827/2338
f 4656/4998/2386 4655/4997/2385 4657/4999/2387
f 4657/4999/2387 4655/4997/2385 4548/4827/2338
f 4656/4998/2386 4657/4999/2387 421/5000/633
f 4657/4999/2387 4548/4827/2338 4550/4829/2340
f 421/5000/633 4657/4999/2387 419/5001/2388
f 419/5001/2388 4657/4999/2387 4550/4829/2340
f 419/5001/2388 4550/4829/2340 415/4830/2341
f 2551/2615/1251 2550/2614/1251 4658/5002/2389
f 2551/2615/1251 4658/5002/2389 4659/5003/2389
f 4659/5003/2389 4658/5002/2389 4660/5004/2390
f 4659/5003/2389 4660/5004/2390 4661/5005/2390
f 4661/5005/2390 4660/5004/2390 4662/5006/2123
f 4661/5005/2390 4662/5006/2123 4663/5007/2123
f 4663/5007/2123 4662/5006/2123 4664/5008/2391
f 4663/5007/2123 4664/5008/2391 4665/5009/2391
f 1094/4994/1711 1203/4993/1450 1205/1223/1711
f 1094/4994/1711 1205/1223/1711 850/801/1711
f 1094/4994/1711 850/801/1711 851/802/1711
f 537/495/134 538/496/134 4666/5010/854
f 4666/5010/854 538/496/134 4667/5011/854
f 4667/5011/854 538/496/134 540/498/134
f 4666/5010/854 4667/5011/854 4668/5012/2392
f 4667/5011/854 540/498/134 4669/5013/2355
f 4669/5013/2355 540/498/134 545/503/182
f 4668/5012/2392 4667/5011/854 4670/5014/2393
f 4670/5014/2393 4667/5011/854 4669/5013/2355
f 4668/5012/2392 4670/5014/2393 4671/5015/2394
f 4671/5015/2394 4670/5014/2393 4672/5016/2394
f 4672/5016/2394 4670/5014/2393 4673/5017/2395
f 4673/5017/2395 4670/5014/2393 4669/5013/2355
f 4672/5016/2394 4673/5017/2395 4674/5018/2396
f 4669/5013/2355 545/503/182 4675/5019/2138
f 4669/5013/2355 4675/5019/2138 4673/5017/2395
f 4675/5019/2138 545/503/182 550/508/182
f 4674/5018/2396 4673/5017/2395 4676/5020/2397
f 4676/5020/2397 4673/5017/2395 4675/5019/2138
f 4674/5018/2396 4676/5020/2397 4677/5021/2398
f 4675/5019/2138 550/508/182 4678/5022/2399
f 4675/5019/2138 4678/5022/2399 4676/5020/2397
f 4678/5022/2399 550/508/182 555/513/191
f 4677/5021/2398 4676/5020/2397 4679/5023/2400
f 4679/5023/2400 4676/5020/2397 4678/5022/2399
f 4677/5021/2398 4679/5023/2400 4680/5024/2401
f 4678/5022/2399 555/513/191 4681/5025/2402
f 4678/5022/2399 4681/5025/2402 4679/5023/2400
f 4681/5025/2402 555/513/191 560/518/191
f 4680/5024/2401 4679/5023/2400 4682/5026/2403
f 4682/5026/2403 4679/5023/2400 4681/5025/2402
f 4680/5024/2401 4682/5026/2403 4683/5027/2404
f 4681/5025/2402 560/518/191 4684/5028/643
f 4681/5025/2402 4684/5028/643 4682/5026/2403
f 4684/5028/643 560/518/191 565/523/200
f 4683/5027/2404 4682/5026/2403 4685/5029/2405
f 4685/5029/2405 4682/5026/2403 4684/5028/643
f 4683/5027/2404 4685/5029/2405 4686/5030/2406
f 4684/5028/643 565/523/200 4687/5031/2407
f 4684/5028/643 4687/5031/2407 4685/5029/2405
f 4687/5031/2407 565/523/200 570/528/204
f 4686/5030/2406 4685/5029/2405 4688/5032/2408
f 4688/5032/2408 4685/5029/2405 4687/5031/2407
f 4686/5030/2406 4688/5032/2408 4689/5033/2409
f 4687/5031/2407 570/528/204 4690/5034/2410
f 4687/5031/2407 4690/5034/2410 4688/5032/2408
f 4690/5034/2410 570/528/204 575/533/209
f 4689/5033/2409 4688/5032/2408 4691/5035/2411
f 4691/5035/2411 4688/5032/2408 4690/5034/2410
f 4689/5033/2409 4691/5035/2411 4692/5036/2412
f 4690/5034/2410 575/533/209 4693/5037/2413
f 4690/5034/2410 4693/5037/2413 4691/5035/2411
f 4693/5037/2413 575/533/209 580/538/214
f 4692/5036/2412 4691/5035/2411 4694/5038/2414
f 4694/5038/2414 4691/5035/2411 4693/5037/2413
f 4692/5036/2412 4694/5038/2414 4695/5039/2415
f 4693/5037/2413 580/538/214 4696/5040/2416
f 4693/5037/2413 4696/5040/2416 4694/5038/2414
f 4696/5040/2416 580/538/214 585/543/218
f 4695/5039/2415 4694/5038/2414 4697/5041/2414
f 4697/5041/2414 4694/5038/2414 4696/5040/2416
f 4695/5039/2415 4697/5041/2414 4698/5042/1318
f 4696/5040/2416 585/543/218 4699/5043/2417
f 4696/5040/2416 4699/5043/2417 4697/5041/2414
f 4699/5043/2417 585/543/218 590/548/112
f 4698/5042/1318 4697/5041/2414 4700/5044/2418
f 4700/5044/2418 4697/5041/2414 4699/5043/2417
f 4698/5042/1318 4700/5044/2418 4701/5045/2419
f 4699/5043/2417 590/548/112 4702/5046/2420
f 4699/5043/2417 4702/5046/2420 4700/5044/2418
f 4702/5046/2420 590/548/112 595/553/226
f 4701/5045/2419 4700/5044/2418 4703/5047/2421
f 4703/5047/2421 4700/5044/2418 4702/5046/2420
f 4701/5045/2419 4703/5047/2421 4704/5048/2422
f 4702/5046/2420 595/553/226 4705/5049/2423
f 4702/5046/2420 4705/5049/2423 4703/5047/2421
f 4705/5049/2423 595/553/226 600/558/230
f 4704/5048/2422 4703/5047/2421 4706/5050/2424
f 4706/5050/2424 4703/5047/2421 4705/5049/2423
f 4704/5048/2422 4706/5050/2424 4707/5051/928
f 4705/5049/2423 600/558/230 4708/5052/2425
f 4705/5049/2423 4708/5052/2425 4706/5050/2424
f 4708/5052/2425 600/558/230 605/563/230
f 4707/5051/928 4706/5050/2424 4709/5053/2426
f 4709/5053/2426 4706/5050/2424 4708/5052/2425
f 4707/5051/928 4709/5053/2426 4710/5054/2427
f 4708/5052/2425 605/563/230 4711/5055/2425
f 4708/5052/2425 4711/5055/2425 4709/5053/2426
f 4711/5055/2425 605/563/230 610/568/236
f 4710/5054/2427 4709/5053/2426 4712/5056/2426
f 4712/5056/2426 4709/5053/2426 4711/5055/2425
f 4710/5054/2427 4712/5056/2426 4713/5057/2427
f 4711/5055/2425 610/568/236 4714/5058/2428
f 4711/5055/2425 4714/5058/2428 4712/5056/2426
f 4714/5058/2428 610/568/236 615/573/241
f 4713/5057/2427 4712/5056/2426 4715/5059/2429
f 4715/5059/2429 4712/5056/2426 4714/5058/2428
f 4713/5057/2427 4715/5059/2429 4716/5060/2430
f 4714/5058/2428 615/573/241 4717/5061/1683
f 4714/5058/2428 4717/5061/1683 4715/5059/2429
f 4717/5061/1683 615/573/241 620/578/246
f 4716/5060/2430 4715/5059/2429 4718/5062/2431
f 4718/5062/2431 4715/5059/2429 4717/5061/1683
f 4716/5060/2430 4718/5062/2431 4719/5063/2432
f 4717/5061/1683 620/578/246 4720/5064/2433
f 4717/5061/1683 4720/5064/2433 4718/5062/2431
f 4720/5064/2433 620/578/246 625/583/251
f 4719/5063/2432 4718/5062/2431 4721/5065/2434
f 4721/5065/2434 4718/5062/2431 4720/5064/2433
f 4719/5063/2432 4721/5065/2434 4722/5066/2435
f 4720/5064/2433 625/583/251 4723/5067/2436
f 4720/5064/2433 4723/5067/2436 4721/5065/2434
f 4723/5067/2436 625/583/251 630/588/255
f 4722/5066/2435 4721/5065/2434 4724/5068/2437
f 4724/5068/2437 4721/5065/2434 4723/5067/2436
f 4722/5066/2435 4724/5068/2437 4725/5069/2393
f 4723/5067/2436 630/588/255 4726/5070/872
f 4723/5067/2436 4726/5070/872 4724/5068/2437
f 4726/5070/872 630/588/255 635/593/260
f 4725/5069/2393 4724/5068/2437 4727/5071/2434
f 4727/5071/2434 4724/5068/2437 4726/5070/872
f 4725/5069/2393 4727/5071/2434 4728/5072/2438
f 4726/5070/872 635/593/260 4729/5073/1544
f 4726/5070/872 4729/5073/1544 4727/5071/2434
f 4729/5073/1544 635/593/260 640/598/265
f 4728/5072/2438 4727/5071/2434 4730/5074/2439
f 4730/5074/2439 4727/5071/2434 4729/5073/1544
f 4728/5072/2438 4730/5074/2439 4731/5075/2440
f 4729/5073/1544 640/598/265 4732/5076/2441
f 4729/5073/1544 4732/5076/2441 4730/5074/2439
f 4732/5076/2441 640/598/265 645/603/270
f 4731/5075/2440 4730/5074/2439 4733/5077/2442
f 4733/5077/2442 4730/5074/2439 4732/5076/2441
f 4731/5075/2440 4733/5077/2442 4734/5078/2443
f 4732/5076/2441 645/603/270 4735/5079/2218
f 4732/5076/2441 4735/5079/2218 4733/5077/2442
f 4735/5079/2218 645/603/270 650/608/274
f 4734/5078/2443 4733/5077/2442 4736/5080/2444
f 4736/5080/2444 4733/5077/2442 4735/5079/2218
f 4734/5078/2443 4736/5080/2444 4737/5081/2445
f 4735/5079/2218 650/608/274 4738/5082/861
f 4735/5079/2218 4738/5082/861 4736/5080/2444
f 4738/5082/861 650/608/274 655/613/278
f 4737/5081/2445 4736/5080/2444 4739/5083/2446
f 4739/5083/2446 4736/5080/2444 4738/5082/861
f 4737/5081/2445 4739/5083/2446 4740/5084/973
f 4738/5082/861 655/613/278 4741/5085/2447
f 4738/5082/861 4741/5085/2447 4739/5083/2446
f 4741/5085/2447 655/613/278 660/618/278
f 4740/5084/973 4739/5083/2446 4742/5086/1317
f 4742/5086/1317 4739/5083/2446 4741/5085/2447
f 4740/5084/973 4742/5086/1317 4743/5087/2448
f 4741/5085/2447 660/618/278 4744/5088/2449
f 4741/5085/2447 4744/5088/2449 4742/5086/1317
f 4744/5088/2449 660/618/278 666/624/278
f 4743/5087/2448 4742/5086/1317 4745/5089/2450
f 4745/5089/2450 4742/5086/1317 4744/5088/2449
f 4743/5087/2448 4745/5089/2450 4746/5090/2451
f 4744/5088/2449 666/624/278 4747/5091/2452
f 4744/5088/2449 4747/5091/2452 4745/5089/2450
f 4747/5091/2452 666/624/278 670/628/278
f 4746/5090/2451 4745/5089/2450 4748/5092/2453
f 4748/5092/2453 4745/5089/2450 4747/5091/2452
f 4746/5090/2451 4748/5092/2453 4749/5093/2454
f 4747/5091/2452 670/628/278 4750/5094/2455
f 4747/5091/2452 4750/5094/2455 4748/5092/2453
f 4750/5094/2455 670/628/278 672/630/278
f 4750/5094/2455 672/630/278 4751/5095/2456
f 4748/5092/2453 4750/5094/2455 4752/5096/2457
f 4748/5092/2453 4752/5096/2457 4749/5093/2454
f 4752/5096/2457 4750/5094/2455 4751/5095/2456
f 4749/5093/2454 4752/5096/2457 4753/5097/2454
f 4752/5096/2457 4751/5095/2456 4754/5098/2457
f 4752/5096/2457 4754/5098/2457 4753/5097/2454
f 4753/5097/2454 4754/5098/2457 4755/5099/2458
f 4579/5100/1138 4578/5101/2256 100/5102/1879
f 4579/5100/1138 100/5102/1879 4580/5103/1138
f 4580/5103/1138 100/5102/1879 4581/5104/2459
f 4581/5104/2459 100/5102/1879 101/5105/2252
f 4581/5104/2459 101/5105/2252 4445/5106/2253
f 4445/5106/2253 101/5105/2252 4444/5107/858
f 4444/5107/858 101/5105/2252 99/5108/858
f 100/5102/1879 4578/5101/2256 76/5109/2460
f 76/5109/2460 4578/5101/2256 4577/5110/2256
f 76/5109/2460 4577/5110/2256 4576/5111/2257
f 100/5102/1879 76/5109/2460 72/5112/1616
f 76/5109/2460 4576/5111/2257 80/5113/2257
f 100/5102/1879 72/5112/1616 98/5114/1616
f 80/5113/2257 4576/5111/2257 4443/5115/1972
f 80/5113/2257 4443/5115/1972 77/5116/1949
f 77/5116/1949 4443/5115/1972 4442/5117/346
f 98/5114/1616 72/5112/1616 68/5118/801
f 98/5114/1616 68/5118/801 96/5119/699
f 96/5119/699 68/5118/801 4221/5120/2259
f 4221/5120/2259 68/5118/801 4223/5121/2260
f 96/5119/699 4221/5120/2259 4222/5122/2259
f 4223/5121/2260 68/5118/801 64/5123/2261
f 96/5119/699 4222/5122/2259 4224/5124/2259
f 4223/5121/2260 64/5123/2261 4225/5125/2261
f 96/5119/699 4224/5124/2259 94/5126/2461
f 4225/5125/2261 64/5123/2261 60/5127/1889
f 94/5126/2461 4224/5124/2259 4227/5128/2165
f 4225/5125/2261 60/5127/1889 4226/5129/1290
f 94/5126/2461 4227/5128/2165 4228/5130/2263
f 4226/5129/1290 60/5127/1889 4539/5131/707
f 94/5126/2461 4228/5130/2263 92/5132/2262
f 92/5132/2262 4228/5130/2263 4544/5133/2262
f 92/5132/2262 4544/5133/2262 90/5134/2264
f 4539/5131/707 60/5127/1889 56/5135/2462
f 4539/5131/707 56/5135/2462 4540/5136/2463
f 4540/5136/2463 56/5135/2462 4541/5137/2463
f 4541/5137/2463 56/5135/2462 90/5134/2264
f 90/5134/2264 4544/5133/2262 4543/5138/1135
f 4541/5137/2463 90/5134/2264 4542/5139/1135
f 4542/5139/1135 90/5134/2264 4543/5138/1135
f 90/5134/2264 56/5135/2462 52/5140/110
f 90/5134/2264 52/5140/110 88/5141/110
f 88/5141/110 52/5140/110 48/5142/2282
f 88/5141/110 48/5142/2282 86/5143/2282
f 4756/5144/2464 2079/5145/2464 1663/1820/2464
f 1663/1820/2464 2079/5145/2464 1815/1821/2464
f 1872/1879/2465 2119/5146/2465 1830/1880/2465
f 1830/1880/2465 2119/5146/2465 4757/5147/2465
f 1097/5148/1616 229/5149/1616 853/5150/1616
f 853/5150/1616 229/5149/1616 1619/5151/1616
f 853/5150/1616 1619/5151/1616 1621/5152/1616
f 853/5150/1616 1621/5152/1616 855/5153/1616
f 855/5153/1616 1621/5152/1616 1623/5154/1616
f 855/5153/1616 1623/5154/1616 1625/5155/1616
f 855/5153/1616 1625/5155/1616 1627/5156/1616
f 855/5153/1616 1627/5156/1616 1251/5157/1616
f 1251/5157/1616 1627/5156/1616 1631/5158/1616
f 1631/5158/1616 1627/5156/1616 1629/5159/1616
f 1251/5157/1616 1631/5158/1616 1633/5160/1616
f 1251/5157/1616 1633/5160/1616 1635/5161/1616
f 1251/5157/1616 1635/5161/1616 1248/5162/1616
f 1248/5162/1616 1635/5161/1616 1637/5163/1616
f 1248/5162/1616 1637/5163/1616 966/5164/1616
f 1223/1195/147 1227/1199/2041 1444/1427/147
f 1444/1427/147 1227/1199/2041 3838/3892/2041
f 3839/3893/2042 1227/1199/2041 1230/1202/2042
f 1500/5165/1450 1499/5166/1450 1501/5167/1450
f 1501/5167/1450 1499/5166/1450 1250/5168/1450
f 1501/5167/1450 1250/5168/1450 1502/5169/1450
f 1502/5169/1450 1250/5168/1450 1503/5170/1450
f 1503/5170/1450 1250/5168/1450 1249/5171/1450
f 1503/5170/1450 1249/5171/1450 1504/5172/1450
f 1504/5172/1450 1249/5171/1450 965/5173/1450
f 1250/5168/1450 1499/5166/1450 848/5174/1450
f 848/5174/1450 1499/5166/1450 1498/5175/1450
f 848/5174/1450 1498/5175/1450 1497/5176/1450
f 848/5174/1450 1497/5176/1450 1496/5177/1450
f 848/5174/1450 1496/5177/1450 849/5178/1450
f 849/5178/1450 1496/5177/1450 1495/5179/1450
f 849/5178/1450 1495/5179/1450 230/5180/1450
f 849/5178/1450 230/5180/1450 1095/5181/1450
f 4758/5182/1452 750/714/1452 748/5183/1452
f 4758/5182/1452 748/5183/1452 4759/5184/1452
f 4760/5182/1136 4761/5184/1136 744/5183/1136
f 4760/5182/1136 744/5183/1136 743/714/1136
f 4762/5182/1136 4763/5184/1136 778/5183/1136
f 4762/5182/1136 778/5183/1136 777/714/1136
f 4764/5182/1452 807/714/1452 805/5183/1452
f 4764/5182/1452 805/5183/1452 4765/5184/1452
f 4766/5185/1616 817/5186/1616 818/5187/1616
f 4766/5185/1616 818/5187/1616 472/5188/1616
f 472/5188/1616 818/5187/1616 820/5189/1616
f 472/5188/1616 820/5189/1616 470/5190/1616
f 824/5191/1700 473/5192/1700 471/5193/1711
f 473/5192/1700 824/5191/1700 825/5194/1700
f 473/5192/1700 825/5194/1700 4767/5195/1700
f 4767/5195/1700 825/5194/1700 827/5196/1450
f 86/5143/2282 48/5142/2282 4533/5197/1674
f 4533/5197/1674 48/5142/2282 4535/5198/2466
f 86/5143/2282 4533/5197/1674 4534/5199/1674
f 4535/5198/2466 48/5142/2282 44/5200/2467
f 86/5143/2282 4534/5199/1674 4536/5201/1674
f 4535/5198/2466 44/5200/2467 4537/5202/752
f 86/5143/2282 4536/5201/1674 84/5203/2283
f 4537/5202/752 44/5200/2467 4230/5204/1102
f 84/5203/2283 4536/5201/1674 4538/5205/748
f 4230/5204/1102 44/5200/2467 42/5206/2468
f 84/5203/2283 4538/5205/748 4243/5207/2469
f 4230/5204/1102 42/5206/2468 4232/5208/2468
f 84/5203/2283 4243/5207/2469 82/5209/2284
f 4232/5208/2468 42/5206/2468 45/4855/759
f 82/5209/2284 4243/5207/2469 4241/5210/2284
f 4232/5208/2468 45/4855/759 4234/5211/2470
f 4234/5211/2470 45/4855/759 4236/5212/2285
f 82/5209/2284 4241/5210/2284 83/4857/759
f 4236/5212/2285 45/4855/759 83/4857/759
f 83/4857/759 4241/5210/2284 4239/5213/2285
f 4236/5212/2285 83/4857/759 4237/5214/2285
f 4237/5214/2285 83/4857/759 4239/5213/2285
f 4768/5215/2471 4769/5216/1630 4770/5217/696
f 4770/5217/696 4769/5216/1630 4771/5218/2472
f 4768/5215/2471 4770/5217/696 4772/5219/1075
f 4772/5219/1075 4770/5217/696 4773/5220/2473
f 4768/5215/2471 4772/5219/1075 4774/5221/1527
f 4773/5220/2473 4770/5217/696 4775/5222/1328
f 4775/5222/1328 4770/5217/696 4771/5218/2472
f 4773/5220/2473 4775/5222/1328 4486/4733/1329
f 4773/5220/2473 4486/4733/1329 4485/4732/2474
f 4486/4733/1329 4775/5222/1328 4776/5223/2475
f 4776/5223/2475 4775/5222/1328 4771/5218/2472
f 4486/4733/1329 4776/5223/2475 1358/1332/2476
f 1358/1332/2476 4776/5223/2475 4777/5224/2477
f 4777/5224/2477 4776/5223/2475 4771/5218/2472
f 1358/1332/2476 4777/5224/2477 1357/1331/2478
f 4777/5224/2477 4771/5218/2472 4778/5225/2479
f 4778/5225/2479 4771/5218/2472 4779/5226/2480
f 4779/5226/2480 4771/5218/2472 4769/5216/1630
f 4779/5226/2480 4769/5216/1630 4780/5227/2481
f 4780/5227/2481 4769/5216/1630 4768/5215/2471
f 4779/5226/2480 4780/5227/2481 4781/5228/2482
f 4780/5227/2481 4768/5215/2471 4782/5229/1399
f 4782/5229/1399 4768/5215/2471 4774/5221/1527
f 4780/5227/2481 4782/5229/1399 4783/5230/2483
f 4782/5229/1399 4774/5221/1527 4784/5231/2484
f 4783/5230/2483 4782/5229/1399 4785/5232/2485
f 4785/5232/2485 4782/5229/1399 4784/5231/2484
f 4785/5232/2485 4784/5231/2484 4786/5233/2486
f 4783/5230/2483 4785/5232/2485 4787/5234/2487
f 4787/5234/2487 4785/5232/2485 4786/5235/2486
f 3282/3418/2263 3283/3419/2488 3835/3884/2263
f 3282/3418/2263 3835/3884/2263 3281/3417/603
f 3835/3884/2263 3283/3419/2488 868/815/2488
f 3281/3417/603 3835/3884/2263 3832/3881/603
f 868/815/2488 3283/3419/2488 3279/3415/2489
f 3281/3417/603 3832/3881/603 3280/3416/2490
f 868/815/2488 3279/3415/2489 866/813/2489
f 3280/3416/2490 3832/3881/603 3829/3878/2490
f 866/813/2489 3279/3415/2489 3277/3413/1983
f 3280/3416/2490 3829/3878/2490 3278/3414/2491
f 866/813/2489 3277/3413/1983 870/817/1983
f 3278/3414/2491 3829/3878/2490 3828/3877/2491
f 870/817/1983 3277/3413/1983 3276/3412/1665
f 3278/3414/2491 3828/3877/2491 3275/3411/2492
f 870/817/1983 3276/3412/1665 872/819/1665
f 872/819/1665 3276/3412/1665 1882/3410/871
f 872/819/1665 1882/3410/871 874/821/871
f 3275/3411/2492 3828/3877/2491 4788/5236/2492
f 3275/3411/2492 4788/5236/2492 3274/3409/2493
f 3274/3409/2493 4788/5236/2492 4789/5237/2493
f 3274/3409/2493 4789/5237/2493 4790/5238/492
f 3274/3409/2493 4790/5238/492 3273/3408/492
f 3273/3408/492 4790/5238/492 4791/5239/2027
f 3273/3408/492 4791/5239/2027 3272/3407/2027
f 3272/3407/2027 4791/5239/2027 4792/5240/2494
f 3272/3407/2027 4792/5240/2494 3271/3406/2494
f 3271/3406/2494 4792/5240/2494 4793/5241/2495
f 3271/3406/2494 4793/5241/2495 3120/3405/2495
f 3301/3438/2496 3303/3441/2497 4794/5242/2496
f 4794/5242/2496 3303/3441/2497 4795/5243/2497
f 3301/3438/2496 4794/5242/2496 3827/3876/2498
f 4795/5243/2497 3303/3441/2497 4796/5244/124
f 3301/3438/2496 3827/3876/2498 3299/3436/2498
f 4796/5244/124 3303/3441/2497 3304/3442/124
f 3299/3436/2498 3827/3876/2498 3825/3874/2499
f 4796/5244/124 3304/3442/124 4797/5245/2107
f 3299/3436/2498 3825/3874/2499 3298/3435/2499
f 4797/5245/2107 3304/3442/124 3305/3443/2107
f 3298/3435/2499 3825/3874/2499 3822/3871/947
f 4797/5245/2107 3305/3443/2107 4798/5246/2500
f 3298/3435/2499 3822/3871/947 3297/3434/947
f 4798/5246/2500 3305/3443/2107 3306/3444/2500
f 4798/5246/2500 3306/3444/2500 4799/5247/2501
f 4799/5247/2501 3306/3444/2500 3154/3445/2501
f 3297/3434/947 3822/3871/947 3820/3868/2469
f 3297/3434/947 3820/3868/2469 3294/3431/2469
f 3294/3431/2469 3820/3868/2469 3295/3432/2502
f 3295/3432/2502 3820/3868/2469 858/805/2502
f 3295/3432/2502 858/805/2502 3296/3433/2503
f 3296/3433/2503 858/805/2502 857/804/2503
f 3296/3433/2503 857/804/2503 3300/3437/1990
f 3300/3437/1990 857/804/2503 860/807/1990
f 3300/3437/1990 860/807/1990 3302/3439/1681
f 3302/3439/1681 860/807/1990 862/809/1681
f 3302/3439/1681 862/809/1681 1901/3440/872
f 1901/3440/872 862/809/1681 864/811/872
f 947/5248/384 1638/5249/2504 238/5250/1616
f 238/5250/1616 1638/5249/2504 1636/5251/1616
f 238/5250/1616 1636/5251/1616 236/5252/1672
f 236/5252/1672 1636/5251/1616 1634/5253/1672
f 236/5252/1672 1634/5253/1672 1632/5254/1886
f 236/5252/1672 1632/5254/1886 234/5255/1886
f 234/5255/1886 1632/5254/1886 231/5256/2505
f 231/5256/2505 1632/5254/1886 1630/5257/1627
f 231/5256/2505 1630/5257/1627 229/5258/1616
f 229/5258/1616 1630/5257/1627 1628/5259/1616
f 229/5258/1616 1628/5259/1616 1626/5260/1616
f 229/5258/1616 1626/5260/1616 1624/5261/1616
f 229/5258/1616 1624/5261/1616 1622/5262/1616
f 229/5258/1616 1622/5262/1616 1620/5263/1616
f 229/5258/1616 1620/5263/1616 1619/5264/1616
f 3430/5265/1624 2300/2328/1624 3432/5266/2506
f 3432/5266/2506 2300/2328/1624 2301/2329/2506
f 3432/5266/2506 2301/2329/2506 3433/5267/2507
f 3433/5267/2507 2301/2329/2506 2303/2331/2507
f 3433/5267/2507 2303/2331/2507 3434/5268/2508
f 3434/5268/2508 2303/2331/2507 2305/2333/2508
f 441/5249/1711 442/5248/360 237/5250/1700
f 1494/5269/1450 230/5270/1450 1495/5271/1450
f 230/5270/1450 1494/5269/1450 1493/5272/1450
f 230/5270/1450 1493/5272/1450 1492/5273/1450
f 230/5270/1450 1492/5273/1450 397/5274/1450
f 230/5270/1450 397/5274/1450 395/5275/1450
f 230/5270/1450 395/5275/1450 444/5276/1628
f 230/5270/1450 444/5276/1628 232/5277/1628
f 232/5277/1628 444/5276/1628 439/5278/2509
f 232/5277/1628 439/5278/2509 233/5279/2509
f 233/5279/2509 439/5278/2509 235/5279/1701
f 235/5279/1701 439/5278/2509 437/5280/1701
f 235/5279/1701 437/5280/1701 438/5281/1700
f 235/5279/1701 438/5281/1700 237/5282/1700
f 237/5282/1700 438/5281/1700 441/5283/1711
f 4500/4747/1287 4499/4746/1287 4800/5284/1288
f 4500/4747/1287 4800/5284/1288 4801/5285/1288
f 4801/5285/1288 4800/5284/1288 4802/5286/788
f 4801/5285/1288 4802/5286/788 4803/5287/788
f 4803/5287/788 4802/5286/788 434/5288/123
f 4803/5287/788 434/5288/123 433/5289/123
f 1467/1450/1204 1988/2004/1204 1468/1451/1204
f 1468/1451/1204 1988/2004/1204 3982/4080/1204
f 3985/4083/1254 2002/2020/1254 4607/4906/1254
f 4607/4906/1254 2002/2020/1254 2001/2019/1254
f 4804/5290/2510 2110/5291/2510 4805/5292/2511
f 4805/5292/2511 2110/5291/2510 2116/5293/2511
f 4805/5292/2511 2116/5293/2511 2120/5294/2512
f 4805/5292/2511 2120/5294/2512 4806/5295/2512
f 4806/5295/2512 2120/5294/2512 4807/5296/2513
f 4807/5296/2513 2120/5294/2512 2123/5297/2513
f 3434/5268/2508 2305/2333/2508 2307/2335/13
f 3434/5268/2508 2307/2335/13 3438/5298/13
f 3438/5298/13 2307/2335/13 3447/5299/2514
f 3447/5299/2514 2307/2335/13 2308/2336/2514
f 3447/5299/2514 2308/2336/2514 2310/2338/2515
f 3447/5299/2514 2310/2338/2515 3446/5300/2515
f 3446/5300/2515 2310/2338/2515 2312/2340/2516
f 3446/5300/2515 2312/2340/2516 3445/5301/2516
f 3445/5301/2516 2312/2340/2516 2314/2342/1671
f 3445/5301/2516 2314/2342/1671 3444/5302/1671
f 2518/5303/13 4808/5304/15 2516/5305/13
f 2516/5305/13 4808/5304/15 2523/5306/15
f 4808/5304/15 2518/5303/13 2520/5307/15
f 2523/5306/15 4808/5304/15 2525/5308/15
f 4808/5304/15 2520/5307/15 4523/5309/15
f 2525/5308/15 4808/5304/15 2527/5310/15
f 4808/5304/15 4523/5309/15 4525/5311/15
f 2527/5310/15 4808/5304/15 2529/5312/15
f 4808/5304/15 4525/5311/15 4527/5313/15
f 2529/5312/15 4808/5304/15 2531/5314/15
f 4808/5304/15 4527/5313/15 4529/5315/15
f 2531/5314/15 4808/5304/15 4809/5316/15
f 4808/5304/15 4529/5315/15 4531/5317/15
f 4809/5316/15 4808/5304/15 4810/5318/13
f 4808/5304/15 4531/5317/15 4811/5319/13
f 4808/5304/15 4811/5319/13 4810/5318/13
f 4812/5320/13 2546/5321/15 2540/5322/15
f 2546/5321/15 4812/5320/13 2548/5323/13
f 4812/5320/13 2540/5322/15 2536/5324/13
f 2548/5323/13 4812/5320/13 2550/5325/13
f 4812/5320/13 2536/5324/13 2534/5326/13
f 2550/5325/13 4812/5320/13 4658/5327/13
f 4812/5320/13 2534/5326/13 2535/5328/13
f 4658/5327/13 4812/5320/13 4660/5329/13
f 4812/5320/13 2535/5328/13 2539/5330/13
f 4660/5329/13 4812/5320/13 4662/5331/13
f 4812/5320/13 2539/5330/13 2543/5332/13
f 4662/5331/13 4812/5320/13 4664/5333/13
f 4812/5320/13 2543/5332/13 2545/5334/13
f 4664/5333/13 4812/5320/13 4813/5335/15
f 4812/5320/13 2545/5334/13 4814/5336/15
f 4812/5320/13 4814/5336/15 4813/5335/15
f 4815/5337/2334 403/5338/2335 4816/5339/2336
f 4815/5337/2334 4816/5339/2336 4817/5340/2337
f 4816/5339/2336 403/5338/2335 4818/5341/2338
f 4815/5337/2334 4817/5340/2337 4819/5342/2339
f 4818/5341/2338 403/5338/2335 4820/5343/2340
f 4820/5343/2340 403/5338/2335 402/5344/2341
f 4815/5337/2334 4819/5342/2339 4821/5345/2342
f 4815/5337/2334 4821/5345/2342 403/5338/2335
f 4821/5345/2342 4819/5342/2339 4822/5346/2343
f 4822/5346/2343 4819/5342/2339 4460/5347/390
f 4822/5346/2343 4460/5347/390 4458/5348/391
f 4821/5345/2342 4822/5346/2343 4823/5349/2344
f 4821/5345/2342 4823/5349/2344 403/5338/2335
f 4822/5346/2343 4458/5348/391 4824/5350/2345
f 4822/5346/2343 4824/5350/2345 4823/5349/2344
f 4824/5350/2345 4458/5348/391 4456/5351/2346
f 403/5338/2335 4823/5349/2344 4825/5352/2347
f 4825/5352/2347 4823/5349/2344 4824/5350/2345
f 403/5338/2335 4825/5352/2347 4826/5353/2348
f 403/5338/2335 4826/5353/2348 404/5354/2349
f 4825/5352/2347 4824/5350/2345 4827/5355/2350
f 4827/5355/2350 4824/5350/2345 4456/5351/2346
f 4825/5352/2347 4827/5355/2350 4826/5353/2348
f 4827/5355/2350 4456/5351/2346 4454/5356/2351
f 404/5354/2349 4826/5353/2348 4828/5357/2352
f 4828/5357/2352 4826/5353/2348 4827/5355/2350
f 4828/5357/2352 4827/5355/2350 4454/5356/2351
f 404/5354/2349 4828/5357/2352 405/5358/2353
f 4828/5357/2352 4454/5356/2351 4452/5359/2354
f 4828/5357/2352 4452/5359/2354 405/5358/2353
f 405/5358/2353 4452/5359/2354 407/5360/634
f 3291/5361/2517 4829/5362/2518 181/5363/2519
f 181/5363/2519 4829/5362/2518 182/5364/2518
f 182/5364/2518 4829/5362/2518 4830/5365/1136
f 182/5364/2518 4830/5365/1136 184/5366/1136
f 184/5366/1136 4830/5365/1136 3360/5367/713
f 3360/5367/713 4830/5365/1136 4831/5368/713
f 3360/5367/713 4831/5368/713 3361/5369/713
f 3361/5369/713 4831/5368/713 3362/5370/713
f 4819/5342/2339 4817/5340/2337 4832/5371/2383
f 4819/5342/2339 4832/5371/2383 4460/5347/390
f 4832/5371/2383 4817/5340/2337 4833/5372/2384
f 4833/5372/2384 4817/5340/2337 4834/5373/2385
f 4834/5373/2385 4817/5340/2337 4816/5339/2336
f 4833/5372/2384 4834/5373/2385 4835/5374/2386
f 4834/5373/2385 4816/5339/2336 4818/5341/2338
f 4835/5374/2386 4834/5373/2385 4836/5375/2387
f 4836/5375/2387 4834/5373/2385 4818/5341/2338
f 4835/5374/2386 4836/5375/2387 408/5376/633
f 4836/5375/2387 4818/5341/2338 4820/5343/2340
f 408/5376/633 4836/5375/2387 406/5377/2388
f 406/5377/2388 4836/5375/2387 4820/5343/2340
f 406/5377/2388 4820/5343/2340 402/5344/2341
f 4034/4313/2520 4170/4312/2521 4837/4313/2520
f 4837/4313/2520 4170/4312/2521 4838/5378/2521
f 4838/5378/2521 4170/4312/2521 4169/4311/2522
f 4838/5378/2521 4169/4311/2522 4839/5379/2522
f 4839/5379/2522 4169/4311/2522 4168/4310/2523
f 4839/5379/2522 4168/4310/2523 4840/5380/2523
f 4840/5380/2523 4168/4310/2523 4167/4309/2524
f 4840/5380/2523 4167/4309/2524 4841/5381/2524
f 4841/5381/2524 4167/4309/2524 4166/4308/2525
f 4841/5381/2524 4166/4308/2525 4842/5382/2525
f 4842/5382/2525 4166/4308/2525 4843/5383/663
f 4843/5383/663 4166/4308/2525 4165/4307/663
f 4843/5383/663 4165/4307/663 4164/4306/714
f 4843/5383/663 4164/4306/714 4844/5384/714
f 4845/5385/754 4185/4341/754 4846/5386/2374
f 4846/5386/2374 4185/4341/754 4184/4340/2374
f 4846/5386/2374 4184/4340/2374 4183/4339/2526
f 4846/5386/2374 4183/4339/2526 4847/5387/2526
f 4847/5387/2526 4183/4339/2526 4848/5388/2527
f 4848/5388/2527 4183/4339/2526 4182/4338/2527
f 4848/5388/2527 4182/4338/2527 4849/5389/2528
f 4849/5389/2528 4182/4338/2527 4181/4337/2528
f 4849/5389/2528 4181/4337/2528 4850/5390/2529
f 4850/5390/2529 4181/4337/2528 4180/4336/2529
f 4850/5390/2529 4180/4336/2529 4851/5391/2530
f 4851/5391/2530 4180/4336/2529 4179/4335/2530
f 4851/5391/2530 4179/4335/2530 4852/5392/2531
f 4852/5392/2531 4179/4335/2530 4156/4334/2531
f 1836/1843/856 1835/1842/856 4853/5393/1449
f 1836/1843/856 4853/5393/1449 4854/5394/1449
f 4854/5394/1449 4853/5393/1449 4855/5395/2532
f 4854/5394/1449 4855/5395/2532 4856/5396/2532
f 4856/5396/2532 4855/5395/2532 4195/4359/943
f 4856/5396/2532 4195/4359/943 4194/4358/943
f 2999/3183/1646 2995/3179/1643 2996/3180/100
f 2999/3183/1646 2996/3180/100 1992/2009/98
f 2999/3183/1646 1992/2009/98 1991/2008/1648
f 3052/3238/1674 3053/3239/1674 4857/5397/804
f 4857/5397/804 3053/3239/1674 4858/5398/804
f 4857/5397/804 4858/5398/804 4859/5399/2533
f 4859/5399/2533 4858/5398/804 4860/5400/2533
f 4859/5399/2533 4860/5400/2533 4861/5401/1380
f 4861/5401/1380 4860/5400/2533 4862/5402/1380
f 4861/5401/1380 4862/5402/1380 4863/5403/2258
f 4863/5403/2258 4862/5402/1380 4864/5404/2258
f 4863/5403/2258 4864/5404/2258 1850/1857/852
f 1850/1857/852 4864/5404/2258 1851/1858/852
f 2096/5405/2534 4865/5406/2534 2095/4625/2534
f 2095/4625/2534 4865/5406/2534 4220/4626/2534
f 2387/2431/2535 4807/5407/2535 2125/2430/2535
f 2125/2430/2535 4807/5407/2535 2123/5408/2535
f 474/5409/2263 742/713/323 478/5410/2263
f 478/5410/2263 742/713/323 741/5411/323
f 813/767/338 4037/5412/2469 811/5413/338
f 811/5413/338 4037/5412/2469 4040/5414/2469
f 682/640/110 3290/3426/110 683/5415/110
f 683/5415/110 3290/3426/110 4866/5416/110
f 3513/3729/1956 4867/5417/2536 3514/3730/1956
f 3514/3730/1956 4867/5417/2536 4868/5418/2537
f 3514/3730/1956 4868/5418/2537 3518/3734/1960
f 3518/3734/1960 4868/5418/2537 4869/5419/2536
f 3518/3734/1960 4869/5419/2536 453/3736/1962
f 453/3736/1962 4869/5419/2536 454/5420/2538
f 1373/4853/90 1379/5421/90 4562/4854/90
f 4562/4854/90 1379/5421/90 4870/5422/90
f 4870/5422/90 1379/5421/90 3885/3951/2082
f 3885/3951/2082 1379/5421/90 1385/3952/2082
f 4215/5423/2539 4216/5424/2540 1652/5425/2227
f 1652/5425/2227 4216/5424/2540 4871/5426/2227
f 1652/5425/2227 4871/5426/2227 1651/5427/2227
f 4871/5426/2227 4216/5424/2540 4217/5428/2541
f 1651/5427/2227 4871/5426/2227 1653/5429/2227
f 4871/5426/2227 4217/5428/2541 4872/5430/2541
f 1653/5429/2227 4871/5426/2227 4873/5431/2227
f 4872/5430/2541 4217/5428/2541 4874/5432/2542
f 1653/5429/2227 4873/5431/2227 4875/5433/2227
f 4874/5432/2542 4217/5428/2541 4219/5434/2543
f 1653/5429/2227 4875/5433/2227 1654/5435/2227
f 4874/5432/2542 4219/5434/2543 4220/5436/2223
f 4874/5432/2542 4220/5436/2223 4876/5437/2223
f 4876/5437/2223 4220/5436/2223 4865/5438/1617
f 1654/5435/2227 4875/5433/2227 1655/5439/2227
f 1655/5439/2227 4875/5433/2227 4877/5440/2227
f 1655/5439/2227 4877/5440/2227 1656/5441/1149
f 1656/5441/1149 4877/5440/2227 4878/5442/1149
f 1656/5441/1149 4878/5442/1149 1657/5443/1149
f 1657/5443/1149 4878/5442/1149 1659/5444/1149
f 1657/5443/1149 1659/5444/1149 1658/5445/2544
f 1659/5444/1149 4878/5442/1149 1660/5446/2165
f 1660/5446/2165 4878/5442/1149 1661/5447/2545
f 1661/5447/2545 4878/5442/1149 4879/5448/1302
f 1661/5447/2545 4879/5448/1302 4880/5449/1311
f 1661/5447/2545 4880/5449/1311 4881/5450/2546
f 1661/5447/2545 4881/5450/2546 4756/5451/2547
f 1661/5447/2545 4756/5451/2547 1663/5452/2548
f 2376/5453/1180 1825/5454/1180 4882/5455/1180
f 1826/5456/2549 1827/5457/1180 1825/5454/1180
f 1825/5454/1180 1827/5457/1180 4882/5455/1180
f 4882/5455/1180 1827/5457/1180 1828/5458/2030
f 2376/5453/1180 4882/5455/1180 4883/5459/1959
f 2376/5453/1180 4883/5459/1959 2377/5460/1959
f 2377/5460/1959 4883/5459/1959 4884/5461/1959
f 2377/5460/1959 4884/5461/1959 2378/5462/1959
f 2378/5462/1959 4884/5461/1959 2379/5463/1959
f 2379/5463/1959 4884/5461/1959 4885/5464/1959
f 4882/5455/1180 1828/5458/2030 1829/5465/2550
f 2379/5463/1959 4885/5464/1959 4886/5466/1959
f 4882/5455/1180 1829/5465/2550 4887/5467/1322
f 4887/5467/1322 1829/5465/2550 4888/5468/1316
f 4888/5468/1316 1829/5465/2550 4889/5469/2551
f 4889/5469/2551 1829/5465/2550 4757/5470/2552
f 4757/5470/2552 1829/5465/2550 1830/5471/2553
f 2379/5463/1959 4886/5466/1959 2380/5472/1959
f 2380/5472/1959 4886/5466/1959 2381/5473/1959
f 2381/5473/1959 4886/5466/1959 2383/5474/2554
f 2381/5473/1959 2383/5474/2554 2382/5475/2555
f 2383/5474/2554 4886/5466/1959 2384/5476/2556
f 2384/5476/2556 4886/5466/1959 4804/5290/2556
f 2384/5476/2556 4804/5290/2556 4805/5292/2557
f 2384/5476/2556 4805/5292/2557 2386/5477/2558
f 2386/5477/2558 4805/5292/2557 2387/5478/1957
f 2387/5478/1957 4805/5292/2557 4806/5295/1957
f 2387/5478/1957 4806/5295/1957 4807/5296/1625
f 2069/5479/2559 4879/5448/2559 4878/5442/2560
f 2069/5479/2559 4878/5442/2560 2065/5480/2560
f 2065/5480/2560 4878/5442/2560 2061/5481/2561
f 2061/5481/2561 4878/5442/2560 4877/5440/2561
f 2061/5481/2561 4877/5440/2561 4875/5433/13
f 2061/5481/2561 4875/5433/13 2059/5482/13
f 2059/5482/13 4875/5433/13 4873/5431/2562
f 2059/5482/13 4873/5431/2562 2057/5483/2562
f 2057/5483/2562 4873/5431/2562 2060/5484/2563
f 2060/5484/2563 4873/5431/2562 4871/5426/2563
f 2060/5484/2563 4871/5426/2563 4872/5430/2564
f 2060/5484/2563 4872/5430/2564 2062/5485/2564
f 2062/5485/2564 4872/5430/2564 4874/5432/2565
f 2062/5485/2564 4874/5432/2565 2068/5486/2565
f 2068/5486/2565 4874/5432/2565 2071/5487/2566
f 2071/5487/2566 4874/5432/2565 4876/5437/2566
f 2071/5487/2566 4876/5437/2566 4865/5438/2567
f 2071/5487/2566 4865/5438/2567 2096/5488/2567
f 1322/5489/816 4890/5490/816 4600/5491/816
f 4600/5491/816 4890/5490/816 4601/5492/816
f 4890/5490/816 1322/5489/816 1318/5493/816
f 4601/5492/816 4890/5490/816 4602/5494/816
f 4890/5490/816 1318/5493/816 1320/5495/816
f 4602/5494/816 4890/5490/816 4603/5496/816
f 4890/5490/816 1320/5495/816 1324/5497/816
f 4603/5496/816 4890/5490/816 4604/5498/816
f 4890/5490/816 1324/5497/816 1326/5499/816
f 4604/5498/816 4890/5490/816 4605/5500/816
f 4890/5490/816 1326/5499/816 1328/5501/816
f 4605/5500/816 4890/5490/816 4606/5502/816
f 4890/5490/816 1328/5501/816 1330/5503/816
f 4890/5490/816 1330/5503/816 1332/5504/816
f 4890/5490/816 1332/5504/816 1334/5505/816
f 4890/5490/816 1334/5505/816 1336/5506/816
f 4606/5502/816 4890/5490/816 4607/5507/816
f 4890/5490/816 1336/5506/816 1338/5508/816
f 4890/5490/816 1338/5508/816 4607/5507/816
f 4607/5507/816 1338/5508/816 1664/5509/816
f 4607/5507/816 1664/5509/816 3985/5510/816
f 3985/5510/816 1664/5509/816 1666/5511/816
f 3985/5510/816 1666/5511/816 3984/5512/816
f 3984/5512/816 1666/5511/816 3983/5513/816
f 3983/5513/816 1666/5511/816 1668/5514/816
f 3983/5513/816 1668/5514/816 4891/5515/816
f 4892/5490/1085 1448/5489/1085 1454/5491/1085
f 1448/5489/1085 4892/5490/1085 1447/5493/1085
f 4892/5490/1085 1454/5491/1085 1456/5492/1085
f 1447/5493/1085 4892/5490/1085 1449/5495/1085
f 4892/5490/1085 1456/5492/1085 1458/5494/1085
f 1449/5495/1085 4892/5490/1085 1452/5497/1085
f 4892/5490/1085 1458/5494/1085 1460/5496/1085
f 1452/5497/1085 4892/5490/1085 3986/5499/1085
f 4892/5490/1085 1460/5496/1085 1462/5498/1085
f 3986/5499/1085 4892/5490/1085 3987/5501/1085
f 4892/5490/1085 1462/5498/1085 1464/5500/1085
f 3987/5501/1085 4892/5490/1085 3988/5503/1085
f 4892/5490/1085 1464/5500/1085 1466/5502/1085
f 3988/5503/1085 4892/5490/1085 3989/5504/1085
f 3989/5504/1085 4892/5490/1085 3990/5505/1085
f 3990/5505/1085 4892/5490/1085 3991/5506/1085
f 4892/5490/1085 1466/5502/1085 1468/5507/1085
f 3991/5506/1085 4892/5490/1085 3547/5508/1085
f 3547/5508/1085 4892/5490/1085 1468/5507/1085
f 3547/5508/1085 1468/5507/1085 1675/5509/1085
f 1675/5509/1085 1468/5507/1085 3982/5510/1085
f 1675/5509/1085 3982/5510/1085 1673/5511/1085
f 1673/5511/1085 3982/5510/1085 3981/5512/1085
f 1673/5511/1085 3981/5512/1085 3980/5513/1085
f 1673/5511/1085 3980/5513/1085 1671/5514/1085
f 1671/5514/1085 3980/5513/1085 4893/5515/1085
f 4894/5516/350 4895/5517/341 4844/5384/350
f 4844/5384/350 4895/5517/341 4843/5383/341
f 4843/5383/341 4895/5517/341 4896/5518/2211
f 4843/5383/341 4896/5518/2211 4842/5382/2211
f 4842/5382/2211 4896/5518/2211 4897/5519/2314
f 4842/5382/2211 4897/5519/2314 4841/5381/2314
f 4841/5381/2314 4897/5519/2314 4898/5520/2568
f 4841/5381/2314 4898/5520/2568 4840/5380/2568
f 4840/5380/2568 4898/5520/2568 4899/5521/17
f 4840/5380/2568 4899/5521/17 4839/5379/17
f 4839/5379/17 4899/5521/17 4900/5522/2009
f 4839/5379/17 4900/5522/2009 4838/5378/2009
f 4838/5378/2009 4900/5522/2009 4901/5523/2569
f 4838/5378/2009 4901/5523/2569 4837/4313/2569
f 4852/5392/2569 4901/5524/2569 4851/5391/2009
f 4851/5391/2009 4901/5524/2569 4900/5525/2009
f 4851/5391/2009 4900/5525/2009 4850/5390/17
f 4850/5390/17 4900/5525/2009 4899/5526/17
f 4850/5390/17 4899/5526/17 4849/5389/2568
f 4849/5389/2568 4899/5526/17 4898/5527/2568
f 4849/5389/2568 4898/5527/2568 4848/5388/2314
f 4848/5388/2314 4898/5527/2568 4897/5528/2314
f 4848/5388/2314 4897/5528/2314 4847/5387/2211
f 4847/5387/2211 4897/5528/2314 4896/5529/2211
f 4847/5387/2211 4896/5529/2211 4846/5386/341
f 4846/5386/341 4896/5529/2211 4895/5530/341
f 4846/5386/341 4895/5530/341 4845/5385/350
f 4845/5385/350 4895/5530/341 4894/5531/350
f 4329/4539/2570 4902/5532/2570 1682/1700/2570
f 1682/1700/2570 4902/5532/2570 1683/1701/2570
f 1683/4126/2570 4902/5533/2570 1686/1704/2570
f 1686/1704/2570 4902/5533/2570 4400/4612/2570
f 2545/2609/1248 2544/2608/1248 4903/5534/2571
f 2545/2609/1248 4903/5534/2571 4814/5535/2571
f 4814/5535/2571 4903/5534/2571 4904/5536/2572
f 4814/5535/2571 4904/5536/2572 4813/5537/2572
f 4813/5537/2572 4904/5536/2572 4665/5538/2391
f 4813/5537/2572 4665/5538/2391 4664/5539/2391
f 2530/2594/1241 2531/2595/1241 4905/5540/2573
f 4905/5540/2573 2531/2595/1241 4809/5541/2573
f 4905/5540/2573 4809/5541/2573 4906/5542/2574
f 4906/5542/2574 4809/5541/2573 4810/5543/2574
f 4906/5542/2574 4810/5543/2574 4907/5544/2575
f 4907/5544/2575 4810/5543/2574 4811/5545/2575
f 4907/5544/2575 4811/5545/2575 4532/5546/2323
f 4532/5546/2323 4811/5545/2575 4531/5547/2323
f 457/5548/2576 454/5549/2538 4908/5550/2537
f 4908/5550/2537 454/5549/2538 4869/5551/2536
f 4908/5550/2537 4869/5551/2536 4909/5552/2537
f 4909/5552/2537 4869/5551/2536 4868/5553/2537
f 4909/5552/2537 4868/5553/2537 4331/5554/109
f 4331/5554/109 4868/5553/2537 4867/5555/2536
f 4909/5552/2537 4331/5554/109 4511/5556/2318
f 4511/5557/2318 4328/5558/2318 4909/5559/2537
f 4909/5559/2537 4328/5558/2318 4210/5560/2230
f 4210/5560/2230 4328/5558/2318 4209/5561/2229
f 4909/5559/2537 4210/5560/2230 4212/5562/2229
f 4909/5559/2537 4212/5562/2229 4908/5563/2537
f 4908/5563/2537 4212/5562/2229 457/5564/2576
f 457/5564/2576 4212/5562/2229 458/5565/2233
f 2105/5566/2577 4887/5467/2577 2111/5567/2578
f 2111/5567/2578 4887/5467/2577 4888/5468/2578
f 4887/5467/2577 2105/5566/2577 4882/5455/2579
f 2111/5567/2578 4888/5468/2578 4889/5469/322
f 4882/5455/2579 2105/5566/2577 2101/5568/2579
f 2111/5567/2578 4889/5469/322 2113/5569/322
f 2113/5569/322 4889/5469/322 4757/5470/2580
f 2113/5569/322 4757/5470/2580 2119/5570/2580
f 4882/5455/2579 2101/5568/2579 2099/5571/2581
f 4882/5455/2579 2099/5571/2581 4883/5459/2581
f 4883/5459/2581 2099/5571/2581 4884/5461/15
f 4884/5461/15 2099/5571/2581 2100/5572/15
f 4884/5461/15 2100/5572/15 4885/5464/2582
f 4885/5464/2582 2100/5572/15 2102/5573/2582
f 4885/5464/2582 2102/5573/2582 2108/5574/2583
f 4885/5464/2582 2108/5574/2583 4886/5466/2583
f 4886/5466/2583 2108/5574/2583 4804/5290/2510
f 4804/5290/2510 2108/5574/2583 2110/5291/2510
f 3500/5575/110 3785/5576/110 399/365/110
f 399/365/110 3785/5576/110 398/364/110
f 2079/5577/2584 4756/5451/2584 2076/5578/339
f 2076/5578/339 4756/5451/2584 4881/5450/339
f 2076/5578/339 4881/5450/339 2075/5579/2585
f 2075/5579/2585 4881/5450/339 4880/5449/2585
f 2075/5579/2585 4880/5449/2585 4879/5448/2559
f 2075/5579/2585 4879/5448/2559 2069/5479/2559
f 4762/5182/2586 777/714/2586 2929/3118/2586
f 2929/3118/2586 777/714/2586 779/716/2586
f 806/716/2410 807/714/2410 2931/3118/2410
f 2931/3118/2410 807/714/2410 4764/5182/2410
f 2685/2764/1408 2614/2765/100 1470/1464/1409
f 742/713/1612 474/5409/1612 740/711/1612
f 740/711/1612 474/5409/1612 477/5580/1612
f 740/711/1612 477/5580/1612 738/709/2587
f 738/709/2587 477/5580/1612 479/5581/2587
f 738/709/2587 479/5581/2587 735/706/1612
f 735/706/1612 479/5581/2587 484/5582/1612
f 735/706/1612 484/5582/1612 814/768/1612
f 814/768/1612 484/5582/1612 4038/5583/1612
f 814/768/1612 4038/5583/1612 813/767/1612
f 813/767/1612 4038/5583/1612 4037/5412/1612
f 4474/4686/2270 4475/4687/2270 4910/5584/2269
f 4910/5584/2269 4475/4687/2270 4653/5585/2269
f 4910/5584/2269 4653/5585/2269 4911/5586/1686
f 4911/5586/1686 4653/5585/2269 4654/5587/1686
f 4911/5586/1686 4654/5587/1686 4912/5588/882
f 4912/5588/882 4654/5587/1686 4656/5589/2588
f 4912/5588/882 4656/5589/2588 421/5590/2589
f 4912/5588/882 421/5590/2589 1406/5591/1450
f 4912/5588/882 1406/5591/1450 4913/5592/1450
f 4913/5592/1450 1406/5591/1450 776/5593/2590
f 4913/5592/1450 776/5593/2590 4914/5594/2189
f 4914/5594/2189 776/5593/2590 774/5595/2591
f 4914/5594/2189 774/5595/2591 514/5596/120
f 514/5596/120 774/5595/2591 513/5597/120
f 4760/5182/2586 743/714/2586 2927/3118/2586
f 2927/3118/2586 743/714/2586 745/716/2586
f 749/716/2410 750/714/2410 2925/3118/2410
f 2925/3118/2410 750/714/2410 4758/5182/2410
f 3120/3265/2495 4793/5598/2495 1838/3266/1725
f 1838/3266/1725 4793/5598/2495 4329/5599/1725
f 4400/5600/1642 4799/5601/2501 1837/3311/1642
f 1837/3311/1642 4799/5601/2501 3154/3312/2501
f 3311/5602/5 3309/5603/19 3888/5604/2592
f 3888/5604/2592 3309/5603/19 3310/5605/19
f 3311/5602/5 3888/5604/2592 3315/5606/103
f 3888/5604/2592 3310/5605/19 3314/5607/19
f 3315/5606/103 3888/5604/2592 3889/5608/103
f 3888/5604/2592 3314/5607/19 3887/5609/19
f 3315/5606/103 3889/5608/103 3319/5610/2593
f 3319/5610/2593 3889/5608/103 3890/5611/2593
f 3319/5610/2593 3890/5611/2593 1399/5612/110
f 3319/5610/2593 1399/5612/110 1398/5613/110
f 3887/5609/19 3314/5607/19 3318/5614/19
f 3887/5609/19 3318/5614/19 3886/5615/19
f 3886/5615/19 3318/5614/19 3885/5616/19
f 3885/5616/19 3318/5614/19 4870/5617/19
f 4870/5617/19 3318/5614/19 3322/5618/19
f 4870/5617/19 3322/5618/19 3325/5619/19
f 4870/5617/19 3325/5619/19 4562/5620/19
f 4562/5620/19 3325/5619/19 3328/5621/19
f 4562/5620/19 3328/5621/19 4561/5622/19
f 4561/5622/19 3328/5621/19 3331/5623/19
f 4561/5622/19 3331/5623/19 4560/5624/19
f 4560/5624/19 3331/5623/19 3334/5625/19
f 4560/5624/19 3334/5625/19 4559/5626/19
f 4559/5626/19 3334/5625/19 3337/5627/19
f 4559/5626/19 3337/5627/19 3339/5628/19
f 4459/4686/2270 4460/4687/2270 4915/5584/2269
f 4915/5584/2269 4460/4687/2270 4832/5585/2269
f 4915/5584/2269 4832/5585/2269 4916/5586/1686
f 4916/5586/1686 4832/5585/2269 4833/5587/1686
f 4916/5586/1686 4833/5587/1686 4917/5588/882
f 4917/5588/882 4833/5587/1686 4835/5589/2588
f 4917/5588/882 4835/5589/2588 408/5590/2589
f 4917/5588/882 408/5590/2589 1688/5591/1450
f 4917/5588/882 1688/5591/1450 4918/5592/1450
f 4918/5592/1450 1688/5591/1450 835/5593/2590
f 4918/5592/1450 835/5593/2590 4919/5594/2189
f 4919/5594/2189 835/5593/2590 833/5595/2591
f 4919/5594/2189 833/5595/2591 414/5596/120
f 414/5596/120 833/5595/2591 413/5597/120
f 4920/5629/2594 4921/5630/2595 4922/5631/2596
f 4920/5629/2594 4922/5631/2596 4923/5632/2597
f 4920/5629/2594 4923/5632/2597 4924/5633/2598
f 4920/5629/2594 4924/5633/2598 4921/5630/2595
f 4923/5632/2597 4922/5631/2596 4925/5634/2380
f 4924/5633/2598 4923/5632/2597 4926/5635/2599
f 4924/5633/2598 4926/5635/2599 4927/5636/2600
f 4927/5636/2600 4926/5635/2599 4787/5637/2601
f 4924/5633/2598 4927/5636/2600 4928/5638/2602
f 4928/5638/2602 4927/5636/2600 4929/5639/2603
f 4925/5634/2380 4922/5631/2596 4930/5640/2604
f 4925/5634/2380 4930/5640/2604 4931/5641/2605
f 4924/5633/2598 4928/5638/2602 4932/5642/1346
f 4924/5633/2598 4932/5642/1346 4921/5630/2595
f 4932/5642/1346 4928/5638/2602 4933/5643/2606
f 4933/5643/2606 4928/5638/2602 4929/5644/2603
f 4932/5642/1346 4933/5643/2606 4934/5645/1458
f 4932/5642/1346 4934/5645/1458 4935/5646/2607
f 4932/5642/1346 4935/5646/2607 4921/5630/2595
f 4935/5646/2607 4934/5645/1458 4936/5647/1119
f 4921/5630/2595 4935/5646/2607 4937/5648/1714
f 4921/5630/2595 4937/5648/1714 4922/5631/2596
f 4935/5646/2607 4936/5647/1119 4938/5649/676
f 4935/5646/2607 4938/5649/676 4937/5648/1714
f 4938/5649/676 4936/5647/1119 4939/5650/1293
f 4939/5650/1293 4936/5647/1119 4940/5651/2608
f 4939/5650/1293 4940/5651/2608 4482/4707/1296
f 4482/4707/1296 4940/5651/2608 4483/4708/1867
f 4939/5650/1293 4482/4707/1296 4941/5652/2609
f 4939/5650/1293 4941/5652/2609 4938/5649/676
f 4941/5652/2609 4482/4707/1296 1090/1048/2610
f 4942/5653/2611 4937/5648/1714 4938/5649/676
f 4942/5653/2611 4938/5649/676 4941/5652/2609
f 4937/5648/1714 4942/5653/2611 4922/5631/2596
f 4922/5631/2596 4942/5653/2611 4930/5640/2604
f 4942/5653/2611 4941/5652/2609 4943/5654/2612
f 4943/5654/2612 4941/5652/2609 1090/1048/2610
f 4942/5653/2611 4943/5654/2612 4930/5640/2604
f 4943/5654/2612 1090/1048/2610 1091/1049/2613
f 4930/5640/2604 4943/5654/2612 4931/5641/2605
f 4943/5654/2612 1091/1049/2613 4944/5655/2230
f 4931/5641/2605 4943/5654/2612 4945/5656/2614
f 4945/5656/2614 4943/5654/2612 4944/5655/2230
f 1405/5657/757 4946/5658/757 1404/5659/2615
f 1404/5659/2615 4946/5658/757 4947/5660/2615
f 1404/5659/2615 4947/5660/2615 4948/5661/2616
f 1404/5659/2615 4948/5661/2616 3839/5662/2616
f 3839/5662/2616 4948/5661/2616 3838/3892/2617
f 3838/3892/2617 4948/5661/2616 4949/5663/2617
f 2941/3129/2381 3478/5664/2381 3284/3420/2381
f 3284/3420/2381 3478/5664/2381 3476/5665/2381
f 3284/3420/2381 3476/5665/2381 3285/3421/106
f 3285/3421/106 3476/5665/2381 3475/5666/2378
f 3285/3421/106 3475/5666/2378 3286/3422/2618
f 3286/3422/2618 3475/5666/2378 3473/5667/626
f 3286/3422/2618 3473/5667/626 2759/2847/15
f 2802/5668/1496 2733/5669/1429 2806/5670/1499
f 2806/5670/1499 2733/5669/1429 2731/5671/1428
f 2806/5670/1499 2731/5671/1428 2810/5672/1286
f 2810/5672/1286 2731/5671/1428 2729/5673/1233
f 2810/5672/1286 2729/5673/1233 2727/5674/1425
f 2810/5672/1286 2727/5674/1425 2813/5675/1504
f 2813/5675/1504 2727/5674/1425 2725/5676/1231
f 2813/5675/1504 2725/5676/1231 2809/5677/1284
f 2809/5677/1284 2725/5676/1231 2723/5678/1422
f 2809/5677/1284 2723/5678/1422 2805/5679/1498
f 2805/5679/1498 2723/5678/1422 2721/5680/1420
f 2805/5679/1498 2721/5680/1420 2801/5681/1495
f 2801/5681/1495 2721/5680/1420 2719/5682/1418
f 2801/5681/1495 2719/5682/1418 2797/5683/1492
f 2797/5683/1492 2719/5682/1418 2793/5684/1489
f 2793/5684/1489 2719/5682/1418 2717/5685/1417
f 2793/5684/1489 2717/5685/1417 2716/5686/1416
f 2793/5684/1489 2716/5686/1416 2791/5687/1487
f 1094/4994/13 851/802/13 1095/5688/13
f 1095/5688/13 851/802/13 849/5689/13
f 853/5689/13 852/802/13 1097/5688/13
f 1097/5688/13 852/802/13 1096/4994/13
f 1863/5690/2619 1865/5691/467 1704/5692/2619
f 1704/5692/2619 1865/5691/467 1702/5693/467
f 1702/5693/467 1865/5691/467 3449/5694/2620
f 3449/5694/2620 1865/5691/467 3471/5695/2620
f 3449/5694/2620 3471/5695/2620 1846/5696/110
f 1846/5696/110 3471/5695/2620 1839/5697/110
f 4513/5698/14 839/5699/14 4512/5700/16
f 839/5699/14 4513/5698/14 4514/5701/14
f 4512/5700/16 839/5699/14 840/5702/16
f 839/5699/14 4514/5701/14 836/5703/14
f 4512/5700/16 840/5702/16 3750/5704/16
f 3750/5704/16 840/5702/16 843/5705/16
f 3750/5704/16 843/5705/16 844/5706/16
f 836/5703/14 4514/5701/14 4515/5707/14
f 836/5703/14 4515/5707/14 1193/5708/14
f 1193/5708/14 4515/5707/14 1190/5709/13
f 3750/5704/16 844/5706/16 847/5710/13
f 3750/5704/16 847/5710/13 3749/5711/13
f 3749/5711/13 847/5710/13 3748/5712/13
f 3748/5712/13 847/5710/13 3747/5713/13
f 3747/5713/13 847/5710/13 4950/5714/13
f 3747/5713/13 4950/5714/13 3746/5715/13
f 3746/5715/13 4950/5714/13 4951/5716/13
f 3746/5715/13 4951/5716/13 3745/5717/13
f 3745/5717/13 4951/5716/13 4952/5718/13
f 3745/5717/13 4952/5718/13 4953/5719/13
f 3745/5717/13 4953/5719/13 3744/5720/13
f 3744/5720/13 4953/5719/13 4437/5721/13
f 3744/5720/13 4437/5721/13 4954/5722/13
f 3744/5720/13 4954/5722/13 4522/5723/13
f 4522/5723/13 4954/5722/13 4521/5724/13
f 4521/5724/13 4954/5722/13 4477/5725/13
f 4521/5724/13 4477/5725/13 4949/5726/13
f 4521/5724/13 4949/5726/13 4520/5727/13
f 4520/5727/13 4949/5726/13 4948/5728/13
f 4520/5727/13 4948/5728/13 4947/5729/13
f 4520/5727/13 4947/5729/13 4519/5730/13
f 4519/5730/13 4947/5729/13 4946/5731/13
f 4519/5730/13 4946/5731/13 4518/5732/13
f 4518/5732/13 4946/5731/13 1188/5733/13
f 4518/5732/13 1188/5733/13 4517/5734/13
f 4517/5734/13 1188/5733/13 4516/5735/13
f 4516/5735/13 1188/5733/13 4515/5707/14
f 4515/5707/14 1188/5733/13 1190/5709/13
f 3362/5736/1458 4831/5737/2621 2619/2683/1884
f 2619/2683/1884 4831/5737/2621 2620/2684/2622
f 2620/2684/2622 4831/5737/2621 4830/5738/2622
f 2620/2684/2622 4830/5738/2622 4829/5739/2623
f 2620/2684/2622 4829/5739/2623 2621/2685/2623
f 2621/2685/2623 4829/5739/2623 1847/1854/13
f 1847/1854/13 4829/5739/2623 3291/5740/13
f 4437/5741/1198 4953/5742/2624 1077/1035/1198
f 1077/1035/1198 4953/5742/2624 1076/5743/2624
f 1076/5743/2624 4953/5742/2624 4952/5744/175
f 1076/5743/2624 4952/5744/175 1074/5745/175
f 1074/5745/175 4952/5744/175 1072/5746/2533
f 1072/5746/2533 4952/5744/175 4951/5747/2533
f 1072/5746/2533 4951/5747/2533 4950/5748/698
f 1072/5746/2533 4950/5748/698 1070/5749/698
f 3826/5750/467 3827/3876/467 4955/5751/2597
f 4955/5751/2597 3827/3876/467 4794/5242/2597
f 4955/5751/2597 4794/5242/2597 4956/5752/116
f 4956/5752/116 4794/5242/2597 4795/5243/116
f 4956/5752/116 4795/5243/116 4796/5244/2625
f 4956/5752/116 4796/5244/2625 4957/5753/2625
f 4957/5753/2625 4796/5244/2625 4797/5245/116
f 4957/5753/2625 4797/5245/116 4958/5754/329
f 4958/5754/329 4797/5245/116 4798/5246/381
f 3830/5755/467 4959/5756/2597 3828/3877/467
f 3828/3877/467 4959/5756/2597 4788/5236/2597
f 4788/5236/2597 4959/5756/2597 4960/5757/116
f 4788/5236/2597 4960/5757/116 4789/5237/116
f 4789/5237/116 4960/5757/116 4790/5238/2625
f 4790/5238/2625 4960/5757/116 4961/5758/2625
f 4790/5238/2625 4961/5758/2625 4791/5239/116
f 4791/5239/116 4961/5758/2625 4962/5759/329
f 4791/5239/116 4962/5759/329 4792/5240/381
f 1442/1425/110 1443/1426/110 4436/4655/110
f 4436/4655/110 1443/1426/110 4476/4689/110
f 2313/2341/2626 3443/5760/1616 2315/2343/1616
f 3443/5760/1616 2313/2341/2626 3442/5761/2626
f 3442/5761/2626 2313/2341/2626 2311/2339/2627
f 3442/5761/2626 2311/2339/2627 3441/5762/2627
f 3441/5762/2627 2311/2339/2627 2309/2337/2628
f 3441/5762/2627 2309/2337/2628 3440/5763/2628
f 3440/5763/2628 2309/2337/2628 3437/5764/19
f 3437/5764/19 2309/2337/2628 2306/2334/19
f 3437/5764/19 2306/2334/19 2304/2332/2629
f 3437/5764/19 2304/2332/2629 3436/5765/2629
f 3436/5765/2629 2304/2332/2629 3435/5766/2630
f 3435/5766/2630 2304/2332/2629 2302/2330/2630
f 3435/5766/2630 2302/2330/2630 3431/5767/2631
f 3431/5767/2631 2302/2330/2630 2299/2327/2631
f 3431/5767/2631 2299/2327/2631 3429/5768/1711
f 3429/5768/1711 2299/2327/2631 2298/2326/1711
f 4963/5769/2632 3187/3346/1768 3199/3358/1778
f 3187/3346/1768 4963/5769/2632 3188/3347/1769
f 3188/3347/1769 4963/5769/2632 4964/5770/1307
f 4963/5769/2632 3199/3358/1778 4965/5771/2633
f 4965/5771/2633 3199/3358/1778 995/949/87
f 4965/5771/2633 995/949/87 992/946/413
f 4964/5770/1307 4963/5769/2632 4966/5772/2634
f 4966/5772/2634 4963/5769/2632 4965/5771/2633
f 4964/5770/1307 4966/5772/2634 4967/5773/2635
f 4965/5771/2633 992/946/413 4968/5774/2636
f 4965/5771/2633 4968/5774/2636 4966/5772/2634
f 4968/5774/2636 992/946/413 989/943/410
f 4967/5773/2635 4966/5772/2634 4969/5775/2634
f 4969/5775/2634 4966/5772/2634 4968/5774/2636
f 4967/5773/2635 4969/5775/2634 4970/5776/2637
f 4968/5774/2636 989/943/410 4971/5777/2638
f 4968/5774/2636 4971/5777/2638 4969/5775/2634
f 4971/5777/2638 989/943/410 986/940/407
f 4970/5776/2637 4969/5775/2634 4972/5778/2639
f 4972/5778/2639 4969/5775/2634 4971/5777/2638
f 4970/5776/2637 4972/5778/2639 4973/5779/2640
f 4971/5777/2638 986/940/407 4974/5780/2586
f 4971/5777/2638 4974/5780/2586 4972/5778/2639
f 4974/5780/2586 986/940/407 982/936/403
f 4973/5779/2640 4972/5778/2639 4975/5781/2641
f 4975/5781/2641 4972/5778/2639 4974/5780/2586
f 4973/5779/2640 4975/5781/2641 4976/5782/2642
f 4974/5780/2586 982/936/403 4977/5783/2643
f 4974/5780/2586 4977/5783/2643 4975/5781/2641
f 4977/5783/2643 982/936/403 979/933/401
f 4976/5782/2642 4975/5781/2641 4978/5784/2644
f 4978/5784/2644 4975/5781/2641 4977/5783/2643
f 4976/5782/2642 4978/5784/2644 4979/5785/2645
f 4977/5783/2643 979/933/401 4980/5786/571
f 4977/5783/2643 4980/5786/571 4978/5784/2644
f 4980/5786/571 979/933/401 975/929/394
f 4979/5785/2645 4978/5784/2644 4981/5787/2646
f 4981/5787/2646 4978/5784/2644 4980/5786/571
f 4979/5785/2645 4981/5787/2646 4982/5788/2647
f 4980/5786/571 975/929/394 4983/5789/2648
f 4980/5786/571 4983/5789/2648 4981/5787/2646
f 4983/5789/2648 975/929/394 969/923/394
f 4982/5788/2647 4981/5787/2646 4984/5790/2649
f 4984/5790/2649 4981/5787/2646 4983/5789/2648
f 4982/5788/2647 4984/5790/2649 4985/5791/2650
f 4983/5789/2648 969/923/394 4986/5792/2651
f 4983/5789/2648 4986/5792/2651 4984/5790/2649
f 4986/5792/2651 969/923/394 971/925/396
f 4985/5791/2650 4984/5790/2649 4987/5793/2652
f 4987/5793/2652 4984/5790/2649 4986/5792/2651
f 4985/5791/2650 4987/5793/2652 4988/5794/2653
f 4986/5792/2651 971/925/396 4989/5795/2254
f 4986/5792/2651 4989/5795/2254 4987/5793/2652
f 4989/5795/2254 971/925/396 973/927/396
f 4988/5794/2653 4987/5793/2652 4990/5796/2654
f 4990/5796/2654 4987/5793/2652 4989/5795/2254
f 4988/5794/2653 4990/5796/2654 4991/5797/2655
f 4989/5795/2254 973/927/396 4992/5798/2656
f 4989/5795/2254 4992/5798/2656 4990/5796/2654
f 4992/5798/2656 973/927/396 977/931/133
f 4991/5797/2655 4990/5796/2654 4993/5799/1783
f 4993/5799/1783 4990/5796/2654 4992/5798/2656
f 4991/5797/2655 4993/5799/1783 4994/5800/2655
f 4994/5800/2655 4993/5799/1783 4995/5801/2657
f 4993/5799/1783 4992/5798/2656 4996/5802/773
f 4996/5802/773 4992/5798/2656 977/931/133
f 4993/5799/1783 4996/5802/773 4995/5801/2657
f 4996/5802/773 977/931/133 1049/1003/133
f 4995/5801/2657 4996/5802/773 4997/5803/773
f 4997/5803/773 4996/5802/773 1049/1003/133
f 4997/5803/773 1049/1003/133 1052/1006/133
f 3750/5804/749 1372/5805/749 4512/4779/1453
f 4512/4779/1453 1372/5805/749 1317/4780/1453
f 3880/3945/1932 3844/3946/2046 3884/3950/2081
f 4944/5655/1634 1091/1049/1634 4998/5806/330
f 4998/5806/330 1091/1049/1634 1089/1047/330
f 4998/5806/330 1089/1047/330 1087/1045/328
f 4998/5806/330 1087/1045/328 4999/5807/328
f 4999/5807/328 1087/1045/328 1085/1043/109
f 4999/5807/328 1085/1043/109 5000/5808/109
f 5000/5808/109 1085/1043/109 1083/1042/540
f 5000/5808/109 1083/1042/540 5001/5809/540
f 5001/5809/540 1083/1042/540 1081/1039/2658
f 5001/5809/540 1081/1039/2658 227/1041/2658
f 227/195/2658 228/196/2658 5001/5810/540
f 5001/5810/540 228/196/2658 1348/1324/540
f 5001/5810/540 1348/1324/540 5000/5811/109
f 5000/5811/109 1348/1324/540 1351/1327/109
f 5000/5811/109 1351/1327/109 4999/5812/328
f 4999/5812/328 1351/1327/109 1353/1328/328
f 4999/5812/328 1353/1328/328 4998/5813/330
f 4998/5813/330 1353/1328/328 1355/1329/330
f 4998/5813/330 1355/1329/330 1357/1331/1634
f 4998/5813/330 1357/1331/1634 4944/5814/1634
f 3838/3892/2617 4949/5663/2617 4477/5815/110
f 3838/3892/2617 4477/5815/110 1444/1427/110
f 4799/5816/13 5002/5817/13 4798/5818/381
f 4798/5818/381 5002/5817/13 5003/5819/381
f 4798/5818/381 5003/5819/381 4958/5820/329
f 4958/5820/329 5003/5819/381 5004/5821/329
f 5004/5822/329 5003/5823/381 4962/5824/329
f 4962/5824/329 5003/5823/381 4792/5825/381
f 4792/5825/381 5003/5823/381 5002/5826/13
f 4792/5825/381 5002/5826/13 4793/5827/13
f 4051/4177/2163 4052/4178/2163 3993/5828/2151
f 3993/5828/2151 4052/4178/2163 5005/5829/2151
f 3993/5828/2151 5005/5829/2151 3994/5830/2152
f 3994/5830/2152 5005/5829/2151 5006/5831/2152
f 3994/5830/2152 5006/5831/2152 3995/5832/2153
f 3995/5832/2153 5006/5831/2152 5007/5833/474
f 3995/5832/2153 5007/5833/474 3996/5834/2154
f 3996/5834/2154 5007/5833/474 5008/5835/2154
f 3996/5834/2154 5008/5835/2154 3997/5836/1616
f 3997/5836/1616 5008/5835/2154 5009/5837/1616
f 3997/5836/1616 5009/5837/1616 480/5838/141
f 480/5838/141 5009/5837/1616 481/5839/142
f 4793/5598/13 5002/5840/13 4329/5599/13
f 4329/5599/13 5002/5840/13 4902/5841/13
f 4902/5842/13 5002/5843/13 4400/5600/13
f 4400/5600/13 5002/5843/13 4799/5601/13
f 4027/4153/2659 4028/4154/2238 5010/5844/2659
f 5010/5844/2659 4028/4154/2238 5011/5845/2238
f 5011/5845/2238 4028/4154/2238 4029/4155/1614
f 5011/5845/2238 4029/4155/1614 5012/5846/1614
f 5012/5846/1614 4029/4155/1614 4030/4156/2660
f 5012/5846/1614 4030/4156/2660 5013/5847/2660
f 5013/5847/2660 4030/4156/2660 4031/4157/2661
f 5013/5847/2660 4031/4157/2661 5014/5848/2661
f 5014/5848/2661 4031/4157/2661 4032/4158/2662
f 5014/5848/2661 4032/4158/2662 5015/5849/2662
f 5015/5849/2662 4032/4158/2662 4033/4159/2520
f 5015/5849/2662 4033/4159/2520 5016/5850/2520
f 5016/5850/2520 4033/4159/2520 4034/4160/2520
f 5016/5850/2520 4034/4160/2520 4837/5851/2520
f 4852/5852/2531 4156/4297/2531 5017/5853/2531
f 5017/5853/2531 4156/4297/2531 4157/4298/2531
f 5017/5853/2531 4157/4298/2531 5018/5854/2663
f 5018/5854/2663 4157/4298/2531 4158/4299/2663
f 5018/5854/2663 4158/4299/2663 5019/5855/2664
f 5019/5855/2664 4158/4299/2663 4159/4300/2664
f 5019/5855/2664 4159/4300/2664 5020/5856/2665
f 5020/5856/2665 4159/4300/2664 4160/4301/2665
f 5020/5856/2665 4160/4301/2665 5021/5857/1615
f 5021/5857/1615 4160/4301/2665 4161/4302/1615
f 5021/5857/1615 4161/4302/1615 5022/5858/2248
f 5022/5858/2248 4161/4302/1615 4162/4303/2248
f 5022/5858/2248 4162/4303/2248 5023/5859/2666
f 5023/5859/2666 4162/4303/2248 4163/4304/2666
f 4598/4739/1171 4599/4741/1171 5024/4743/1170
f 5024/4743/1170 4599/4741/1171 5025/4745/1170
f 5024/4743/1170 5025/4745/1170 5026/4746/1172
f 5026/4746/1172 5025/4745/1170 5027/4747/1172
f 5026/4746/1172 5027/4747/1172 5028/5284/1173
f 5028/5284/1173 5027/4747/1172 5029/5285/1173
f 5028/5284/1173 5029/5285/1173 5030/5286/785
f 5030/5286/785 5029/5285/1173 5031/5287/785
f 5030/5286/785 5031/5287/785 313/5288/81
f 313/5288/81 5031/5287/785 312/5289/81
f 2280/2303/1707 3111/3251/341 2826/2924/2314
f 2931/3118/1900 4764/5182/1900 2932/5860/1900
f 2932/5860/1900 4764/5182/1900 4765/5861/1900
f 4763/5861/2121 4762/5182/2121 2930/5860/2121
f 2930/5860/2121 4762/5182/2121 2929/3118/2121
f 2940/3128/13 5032/5862/16 2941/3129/13
f 2941/3129/13 5032/5862/16 3478/5863/13
f 2925/3118/1900 4758/5182/1900 2926/5860/1900
f 2926/5860/1900 4758/5182/1900 4759/5861/1900
f 4761/5861/2121 4760/5182/2121 2928/5860/2121
f 2928/5860/2121 4760/5182/2121 2927/3118/2121
f 3730/5864/2240 3728/4152/2240 5010/5844/2240
f 5010/5844/2240 3728/4152/2240 4027/4153/2240
f 4163/4304/2249 3894/4305/2249 5023/5859/2249
f 5023/5859/2249 3894/4305/2249 3882/5865/2249
f 3844/5866/2667 3845/5867/2668 5033/5868/2669
f 5033/5868/2669 3845/5867/2668 5010/5844/2669
f 5010/5844/2669 3845/5867/2668 3846/5869/2667
f 5010/5844/2669 3846/5869/2667 3730/5864/2668
f 5033/5868/2669 5010/5844/2669 5011/5845/90
f 5033/5868/2669 5011/5845/90 5034/5870/90
f 5034/5870/90 5011/5845/90 5012/5846/1104
f 5034/5870/90 5012/5846/1104 5035/5871/1104
f 5035/5871/1104 5012/5846/1104 5013/5847/370
f 5035/5871/1104 5013/5847/370 5036/5872/370
f 5036/5872/370 5013/5847/370 5014/5848/2670
f 5036/5872/370 5014/5848/2670 5037/5873/2670
f 5037/5873/2670 5014/5848/2670 5015/5849/2671
f 5037/5873/2670 5015/5849/2671 5038/5874/2671
f 5038/5874/2671 5015/5849/2671 5016/5850/2569
f 5038/5874/2671 5016/5850/2569 5039/5875/2569
f 5039/5875/2569 5016/5850/2569 4837/5851/2569
f 5039/5875/2569 4837/5851/2569 4901/5876/2569
f 3882/5865/2667 3883/5877/2668 5023/5859/2672
f 5023/5859/2672 3883/5877/2668 3884/5878/2667
f 5023/5859/2672 3884/5878/2667 5033/5879/2669
f 5033/5879/2669 3884/5878/2667 3844/5880/2667
f 5023/5859/2672 5033/5879/2669 5022/5858/90
f 5022/5858/90 5033/5879/2669 5034/5881/90
f 5022/5858/90 5034/5881/90 5021/5857/1104
f 5021/5857/1104 5034/5881/90 5035/5882/1104
f 5021/5857/1104 5035/5882/1104 5020/5856/370
f 5020/5856/370 5035/5882/1104 5036/5883/370
f 5020/5856/370 5036/5883/370 5019/5855/2670
f 5019/5855/2670 5036/5883/370 5037/5884/2670
f 5019/5855/2670 5037/5884/2670 5018/5854/2671
f 5018/5854/2671 5037/5884/2670 5038/5885/2671
f 5018/5854/2671 5038/5885/2671 5017/5853/2569
f 5017/5853/2569 5038/5885/2671 5039/5886/2569
f 5017/5853/2569 5039/5886/2569 4852/5852/2569
f 4852/5852/2569 5039/5886/2569 4901/5887/2569
f 2297/2325/2673 3109/4698/2673 2289/5888/609
f 2297/2325/2673 2289/5888/609 2293/2324/609
f 1668/5889/775 1669/1684/776 4891/5890/2674
f 4891/5890/2674 1669/1684/776 1993/2010/2675
f 1672/1687/779 1671/5891/778 4893/5892/2676
f 1672/1687/779 4893/5892/2676 1980/1996/2677
f 1690/4729/2163 4051/4730/2163 1691/5893/2151
f 1691/5893/2151 4051/4730/2163 3993/5894/2151
f 1990/2006/2141 1980/2007/2677 3980/5895/2141
f 3980/5895/2141 1980/2007/2677 4893/5896/2676
f 4891/5897/2674 1993/2023/2675 3983/5898/2143
f 3983/5898/2143 1993/2023/2675 2004/2022/2143
f 4783/5230/2483 4787/5234/2487 4926/5899/2599
f 4926/5899/2599 4787/5234/2487 5040/5900/2601
f 4783/5230/2483 4926/5899/2599 4923/5901/2597
f 4783/5230/2483 4923/5901/2597 4781/5228/2482
f 4783/5230/2483 4781/5228/2482 4780/5227/2481
f 4781/5228/2482 4923/5901/2597 4925/5902/2380
f 4781/5228/2482 4925/5902/2380 4779/5226/2480
f 4779/5226/2480 4925/5902/2380 4778/5225/2479
f 4778/5225/2479 4925/5902/2380 4931/5903/2605
f 4778/5225/2479 4931/5903/2605 4777/5224/2477
f 4777/5224/2477 4931/5903/2605 4945/5904/2614
f 4777/5224/2477 4945/5904/2614 4944/5814/2230
f 4777/5224/2477 4944/5814/2230 1357/1331/2478
f 734/5905/19 713/5906/19 716/5907/19
f 734/5905/19 716/5907/19 775/5908/19
f 734/5905/19 775/5908/19 732/5909/19
f 732/5909/19 775/5908/19 776/1388/19
f 732/5909/19 776/1388/19 731/1390/19
f 1840/1847/329 2497/2560/329 1842/1849/329
f 1842/1849/329 2497/2560/329 2489/2559/329
f 2495/2557/329 2496/2558/329 1843/1850/329
f 1843/1850/329 2496/2558/329 1844/1851/329
f 3425/3601/2678 2708/3604/2678 2745/3598/2678
f 3424/3600/2679 2780/3599/2679 2777/3624/2679
f 803/5905/19 782/5906/19 785/5907/19
f 803/5905/19 785/5907/19 834/5908/19
f 803/5905/19 834/5908/19 801/5909/19
f 801/5909/19 834/5908/19 835/1388/19
f 801/5909/19 835/1388/19 800/1390/19
f 2762/5910/13 2761/5911/13 2763/5912/13
f 2763/5912/13 2761/5911/13 2764/5913/13
f 2764/5913/13 2761/5911/13 2760/5914/13
f 2764/5913/13 2760/5914/13 2759/5915/15
f 2764/5913/13 2759/5915/15 2765/5916/15
f 2765/5916/15 2759/5915/15 2491/5917/15
f 2491/5917/15 2759/5915/15 3473/5918/626
f 1920/5919/96 2944/5920/376 2946/5921/376
f 1920/5919/96 2946/5921/376 5041/5922/376
f 1920/5919/96 5041/5922/376 1921/5923/96
f 5041/5922/376 2946/5921/376 2948/5924/376
f 1921/5923/96 5041/5922/376 1922/5925/96
f 1922/5925/96 5041/5922/376 2889/5926/376
f 1922/5925/96 2889/5926/376 2891/5927/2680
f 2889/5926/376 5041/5922/376 2887/5928/376
f 5041/5922/376 2948/5924/376 5042/5929/376
f 5041/5922/376 5042/5929/376 2887/5928/376
f 5042/5929/376 2948/5924/376 2950/5930/376
f 2887/5928/376 5042/5929/376 2885/5931/376
f 5042/5929/376 2950/5930/376 5043/5932/376
f 5042/5929/376 5043/5932/376 2885/5931/376
f 5043/5932/376 2950/5930/376 2952/5933/376
f 2885/5931/376 5043/5932/376 2883/5934/376
f 5043/5932/376 2952/5933/376 5044/5935/376
f 5043/5932/376 5044/5935/376 2883/5934/376
f 5044/5935/376 2952/5933/376 2954/5936/376
f 2883/5934/376 5044/5935/376 2881/5937/376
f 5044/5935/376 2954/5936/376 5045/5938/376
f 5044/5935/376 5045/5938/376 2881/5937/376
f 5045/5938/376 2954/5936/376 2956/5939/2680
f 2881/5937/376 5045/5938/376 2879/5940/2681
f 5045/5938/376 2956/5939/2680 5046/5941/2680
f 5045/5938/376 5046/5941/2680 2879/5940/2681
f 5046/5941/2680 2956/5939/2680 1400/5942/2680
f 2879/5940/2681 5046/5941/2680 2877/5943/2681
f 5046/5941/2680 1400/5942/2680 1402/5944/2680
f 5046/5941/2680 1402/5944/2680 2877/5943/2681
f 1922/3515/96 2891/3529/2680 3359/3514/1242
f 2944/3566/376 3152/3308/2680 3151/3306/1945
f 3152/3308/2680 2944/3566/376 3153/3309/2680
f 3153/3309/2680 2944/3566/376 1920/1935/2680
f 1787/2635/479 1785/5945/479 2575/2634/2682
f 2575/2634/2682 1785/5945/479 3270/4700/2682
f 2575/2634/2682 3270/4700/2682 4480/4699/121
f 2575/2634/2682 4480/4699/121 2574/2633/121
f 2574/2642/121 4480/4697/121 2297/2325/2673
f 2297/2325/2673 4480/4697/121 3109/4698/2673
f 3290/3426/104 3287/3423/104 4866/5946/104
f 4866/5946/104 3287/3423/104 5047/5947/104
f 827/5948/13 817/5949/13 4767/5950/13
f 4767/5950/13 817/5949/13 4766/5951/13
f 4325/4535/2618 4205/5952/2618 4328/4538/2618
f 4328/4538/2618 4205/5952/2618 4204/5953/2618
f 4328/4538/2618 4204/5953/2618 4203/5954/2618
f 4328/4538/2618 4203/5954/2618 4202/5955/2618
f 4328/4538/2618 4202/5955/2618 4206/5956/2618
f 4328/4538/2618 4206/5956/2618 4209/5957/2618
f 4867/5957/2618 3513/5956/2618 4331/4538/2618
f 4331/4538/2618 3513/5956/2618 3519/5954/2618
f 3519/5954/2618 3513/5956/2618 3516/5955/2618
f 4331/4538/2618 3519/5954/2618 3520/5953/2618
f 4331/4538/2618 3520/5953/2618 3521/5952/2618
f 4331/4538/2618 3521/5952/2618 4332/4535/2618
f 957/5958/19 956/906/19 4481/5959/19
f 4481/5959/19 956/906/19 4484/4710/19
f 3155/5960/19 958/909/19 5048/5961/19
f 5048/5961/19 958/909/19 959/910/19
f 959/910/19 960/909/19 5048/5961/19
f 5048/5961/19 960/909/19 3243/5960/19
f 5049/5962/19 3504/5963/19 3505/5964/19
f 5049/5962/19 3505/5964/19 3506/5965/19
f 5049/5962/19 3506/5965/19 3507/5966/19
f 5049/5962/19 3507/5966/19 1093/5967/19
f 5049/5962/19 1093/5967/19 1092/5968/19
f 5049/5962/19 1092/5968/19 3776/5969/19
f 5049/5962/19 3776/5969/19 3775/5970/19
f 5049/5962/19 3775/5970/19 3777/5971/19
f 3287/3423/13 3289/3425/13 5047/5947/13
f 5047/5947/13 3289/3425/13 5050/5972/13
f 5050/5972/13 3289/3425/13 3492/3687/13
f 5050/5972/13 3492/3687/13 3493/5973/13
f 181/3427/2519 1923/3513/13 3288/3424/1911
f 3976/92/19 5051/91/19 3977/90/19
f 3977/90/19 5051/91/19 3978/94/19
f 5051/91/19 3976/92/19 3975/93/19
f 3978/94/19 5051/91/19 3979/96/19
f 5051/91/19 3975/93/19 3974/95/19
f 3979/96/19 5051/91/19 3112/98/19
f 5051/91/19 3974/95/19 3973/97/19
f 3112/98/19 5051/91/19 3113/100/19
f 5051/91/19 3973/97/19 3972/99/19
f 3113/100/19 5051/91/19 4171/102/19
f 5051/91/19 3972/99/19 4178/101/19
f 4171/102/19 5051/91/19 4172/104/19
f 5051/91/19 4178/101/19 4177/103/19
f 4172/104/19 5051/91/19 4173/106/19
f 5051/91/19 4177/103/19 4176/105/19
f 4173/106/19 5051/91/19 4174/108/19
f 5051/91/19 4176/105/19 4175/107/19
f 5051/91/19 4175/107/19 4174/108/19
f 4284/5974/19 5052/5975/19 4282/5976/19
f 4282/5976/19 5052/5975/19 4280/5977/19
f 5052/5975/19 4284/5974/19 4286/5978/19
f 4280/5977/19 5052/5975/19 4278/5979/19
f 5052/5975/19 4286/5978/19 4288/5980/19
f 4278/5979/19 5052/5975/19 4276/5981/19
f 5052/5975/19 4288/5980/19 4290/5982/19
f 4276/5981/19 5052/5975/19 4354/5983/19
f 5052/5975/19 4290/5982/19 4292/5984/19
f 4354/5983/19 5052/5975/19 4357/5985/19
f 5052/5975/19 4292/5984/19 4371/5986/19
f 4357/5985/19 5052/5975/19 4359/5987/19
f 5052/5975/19 4371/5986/19 4369/5988/19
f 4359/5987/19 5052/5975/19 4361/5989/19
f 5052/5975/19 4369/5988/19 4367/5990/19
f 4361/5989/19 5052/5975/19 4363/5991/19
f 5052/5975/19 4367/5990/19 4365/5992/19
f 5052/5975/19 4365/5992/19 4363/5991/19
f 1863/5690/2683 1704/5692/2683 1861/5993/2683
f 1861/5993/2683 1704/5692/2683 1706/5994/2683
f 1861/5993/2683 1706/5994/2683 1859/5995/2683
f 1859/5995/2683 1706/5994/2683 1708/5996/2683
f 1859/5995/2683 1708/5996/2683 1857/5997/27
f 1857/5997/27 1708/5996/2683 1710/5998/27
f 1857/5997/27 1710/5998/27 1855/5999/2599
f 1855/5999/2599 1710/5998/27 1712/6000/2599
f 1855/5999/2599 1712/6000/2599 1255/6001/2684
f 1255/6001/2684 1712/6000/2599 1714/6002/2684
f 1255/6001/2684 1714/6002/2684 1254/6003/13
f 4252/51/2685 4245/6004/2685 5053/81/19
f 5053/81/19 4245/6004/2685 4246/41/2686
f 4252/51/2685 5053/81/19 4256/6005/2687
f 5053/81/19 4246/41/2686 4247/43/2686
f 4256/6005/2687 5053/81/19 4260/59/2688
f 5053/81/19 4247/43/2686 4250/46/2689
f 4260/59/2688 5053/81/19 4265/63/2688
f 5053/81/19 4250/46/2689 3495/6006/10
f 4265/63/2688 5053/81/19 4269/67/1141
f 5053/81/19 3495/6006/10 3494/54/2690
f 4269/67/1141 5053/81/19 4274/71/2009
f 5053/81/19 3494/54/2690 3963/58/2691
f 4274/71/2009 5053/81/19 4383/75/845
f 5053/81/19 3963/58/2691 3960/62/2691
f 4383/75/845 5053/81/19 4388/79/2307
f 5053/81/19 3960/62/2691 3955/66/2692
f 4388/79/2307 5053/81/19 4393/78/2307
f 5053/81/19 3955/66/2692 3954/6007/2693
f 4393/78/2307 5053/81/19 3953/74/2694
f 3953/74/2694 5053/81/19 3954/6007/2693
f 527/485/170 524/482/168 4674/6008/2396
f 4674/6008/2396 524/482/168 4672/6009/2394
f 4672/6009/2394 524/482/168 523/481/168
f 4672/6009/2394 523/481/168 4671/6010/2394
f 527/485/170 4674/6008/2396 4677/6011/2398
f 527/485/170 4677/6011/2398 530/488/170
f 530/488/170 4677/6011/2398 4680/6012/2401
f 530/488/170 4680/6012/2401 534/492/176
f 534/492/176 4680/6012/2401 4683/6013/2404
f 534/492/176 4683/6013/2404 543/501/176
f 543/501/176 4683/6013/2404 4686/6014/2406
f 543/501/176 4686/6014/2406 548/506/185
f 548/506/185 4686/6014/2406 4689/6015/2409
f 548/506/185 4689/6015/2409 553/511/189
f 553/511/189 4689/6015/2409 4692/6016/2412
f 553/511/189 4692/6016/2412 558/516/194
f 558/516/194 4692/6016/2412 4695/6017/2415
f 558/516/194 4695/6017/2415 563/521/198
f 563/521/198 4695/6017/2415 4698/6018/1318
f 563/521/198 4698/6018/1318 568/526/203
f 568/526/203 4698/6018/1318 4701/6019/2419
f 568/526/203 4701/6019/2419 573/531/207
f 573/531/207 4701/6019/2419 4704/6020/2422
f 573/531/207 4704/6020/2422 578/536/212
f 578/536/212 4704/6020/2422 4707/6021/928
f 578/536/212 4707/6021/928 583/541/216
f 583/541/216 4707/6021/928 4710/6022/2427
f 583/541/216 4710/6022/2427 588/546/221
f 588/546/221 4710/6022/2427 4713/6023/2427
f 588/546/221 4713/6023/2427 593/551/221
f 593/551/221 4713/6023/2427 4716/6024/2430
f 593/551/221 4716/6024/2430 598/556/228
f 598/556/228 4716/6024/2430 4719/6025/2432
f 598/556/228 4719/6025/2432 603/561/232
f 603/561/232 4719/6025/2432 4722/6026/2435
f 603/561/232 4722/6026/2435 608/566/234
f 608/566/234 4722/6026/2435 4725/6027/2393
f 608/566/234 4725/6027/2393 613/571/239
f 613/571/239 4725/6027/2393 4728/6028/2438
f 613/571/239 4728/6028/2438 618/576/244
f 618/576/244 4728/6028/2438 4731/6029/2440
f 618/576/244 4731/6029/2440 623/581/249
f 623/581/249 4731/6029/2440 4734/6030/2443
f 623/581/249 4734/6030/2443 628/586/253
f 628/586/253 4734/6030/2443 4737/6031/2445
f 628/586/253 4737/6031/2445 633/591/258
f 633/591/258 4737/6031/2445 4740/6032/973
f 633/591/258 4740/6032/973 638/596/263
f 638/596/263 4740/6032/973 4743/6033/2448
f 638/596/263 4743/6033/2448 643/601/268
f 643/601/268 4743/6033/2448 4746/6034/2451
f 643/601/268 4746/6034/2451 648/606/268
f 648/606/268 4746/6034/2451 4749/6035/2454
f 648/606/268 4749/6035/2454 653/611/268
f 653/611/268 4749/6035/2454 4753/6036/2454
f 653/611/268 4753/6036/2454 658/616/281
f 658/616/281 4753/6036/2454 4755/6037/2458
f 658/616/281 4755/6037/2458 663/621/281
f 1061/1015/467 1060/1014/467 4991/6038/2655
f 1061/1015/467 4991/6038/2655 4994/6039/2655
f 4991/6038/2655 1060/1014/467 4988/6040/2653
f 4988/6040/2653 1060/1014/467 1057/1011/459
f 4988/6040/2653 1057/1011/459 4985/6041/2650
f 4985/6041/2650 1057/1011/459 1047/1001/459
f 4985/6041/2650 1047/1001/459 4982/6042/2647
f 4982/6042/2647 1047/1001/459 1044/998/454
f 4982/6042/2647 1044/998/454 4979/6043/2645
f 4979/6043/2645 1044/998/454 1041/995/454
f 4979/6043/2645 1041/995/454 4976/6044/2642
f 4976/6044/2642 1041/995/454 1038/992/451
f 4976/6044/2642 1038/992/451 4973/6045/2640
f 4973/6045/2640 1038/992/451 1036/990/449
f 4973/6045/2640 1036/990/449 4970/6046/2637
f 4970/6046/2637 1036/990/449 1034/988/447
f 4970/6046/2637 1034/988/447 4967/6047/2635
f 4967/6047/2635 1034/988/447 1032/986/445
f 4967/6047/2635 1032/986/445 4964/6048/1307
f 4964/6048/1307 1032/986/445 1030/984/443
f 4964/6048/1307 1030/984/443 3188/6049/1769
f 3188/6049/1769 1030/984/443 1028/982/441
f 3188/6049/1769 1028/982/441 3184/6050/1767
f 3184/6050/1767 1028/982/441 1026/980/439
f 3184/6050/1767 1026/980/439 3181/6051/135
f 3181/6051/135 1026/980/439 1024/978/437
f 3181/6051/135 1024/978/437 3183/6052/1766
f 3183/6052/1766 1024/978/437 1022/976/435
f 3183/6052/1766 1022/976/435 3186/6053/1766
f 3186/6053/1766 1022/976/435 1020/974/435
f 3186/6053/1766 1020/974/435 3190/6054/1771
f 3190/6054/1771 1020/974/435 1018/972/433
f 3190/6054/1771 1018/972/433 3194/6055/1775
f 3194/6055/1775 1018/972/433 1016/970/431
f 3194/6055/1775 1016/970/431 3202/6056/1781
f 3202/6056/1781 1016/970/431 1015/969/430
f 3202/6056/1781 1015/969/430 3204/6057/1783
f 3204/6057/1783 1015/969/430 1017/971/432
f 3204/6057/1783 1017/971/432 3207/6058/1784
f 3207/6058/1784 1017/971/432 260/226/41
f 3207/6058/1784 260/226/41 3210/6059/1786
f 3210/6059/1786 260/226/41 261/227/42
f 3210/6059/1786 261/227/42 3213/6060/1789
f 3213/6060/1789 261/227/42 263/229/44
f 3213/6060/1789 263/229/44 3216/6061/1792
f 3216/6061/1792 263/229/44 266/232/47
f 3216/6061/1792 266/232/47 3219/6062/998
f 3219/6062/998 266/232/47 273/239/54
f 3219/6062/998 273/239/54 3222/6063/1795
f 3222/6063/1795 273/239/54 278/244/59
f 3222/6063/1795 278/244/59 3225/6064/1798
f 3225/6064/1798 278/244/59 283/249/59
f 3225/6064/1798 283/249/59 3228/6065/1801
f 3228/6065/1801 283/249/59 288/254/59
f 3228/6065/1801 288/254/59 3233/6066/1801
f 3233/6066/1801 288/254/59 293/259/71
f 3233/6066/1801 293/259/71 3234/6067/1805
f 3234/6067/1805 293/259/71 298/264/71
f 2660/6068/2695 2884/6069/2696 2882/6070/2695
f 2661/6071/2697 2882/6070/2695 2880/6072/2697
f 1703/6073/2698 1559/6074/2698 1705/6075/2699
f 1705/6075/2699 1559/6074/2698 1560/6076/2699
f 1559/6074/2698 1703/6073/2698 3103/6077/2700
f 1705/6075/2699 1560/6076/2699 1707/6078/2701
f 3103/6077/2700 1703/6073/2698 3453/6079/2700
f 1707/6078/2701 1560/6076/2699 1561/6080/2701
f 3103/6077/2700 3453/6079/2700 3105/6081/2601
f 1707/6078/2701 1561/6080/2701 1709/6082/2702
f 3105/6081/2601 3453/6079/2700 3451/6083/2601
f 1709/6082/2702 1561/6080/2701 1563/6084/2702
f 3105/6081/2601 3451/6083/2601 3107/6085/379
f 1709/6082/2702 1563/6084/2702 1711/6086/2703
f 3107/6085/379 3451/6083/2601 3454/6087/379
f 1711/6086/2703 1563/6084/2702 1565/6088/2703
f 3107/6085/379 3454/6087/379 2656/6089/2704
f 1711/6086/2703 1565/6088/2703 1713/6090/2705
f 2656/6089/2704 3454/6087/379 5054/6091/2704
f 1713/6090/2705 1565/6088/2703 1567/6092/2705
f 2656/6089/2704 5054/6091/2704 5055/6093/2706
f 1713/6090/2705 1567/6092/2705 5056/6094/2707
f 2656/6089/2704 5055/6093/2706 2655/6095/2706
f 5056/6094/2707 1567/6092/2705 1569/6096/2707
f 2655/6095/2706 5055/6093/2706 2657/6097/433
f 5056/6094/2707 1569/6096/2707 1252/6098/14
f 2657/6097/433 5055/6093/2706 5057/6099/433
f 1252/6098/14 1569/6096/2707 1184/6100/14
f 2657/6097/433 5057/6099/433 2658/6101/2708
f 1252/6098/14 1184/6100/14 1183/6102/2709
f 2658/6101/2708 5057/6099/433 2886/6103/2708
f 1252/6098/14 1183/6102/2709 5058/6104/2709
f 2658/6101/2708 2886/6103/2708 2659/6105/2696
f 2659/6105/2696 2886/6103/2708 2884/6069/2696
f 2659/6105/2696 2884/6069/2696 2660/6068/2695
f 5058/6104/2709 1183/6102/2709 1643/6106/2710
f 5058/6104/2709 1643/6106/2710 1854/6107/2710
f 1854/6107/2710 1643/6106/2710 1642/6108/2711
f 1854/6107/2710 1642/6108/2711 1856/6109/2711
f 1856/6109/2711 1642/6108/2711 1644/6110/2712
f 1856/6109/2711 1644/6110/2712 1858/6111/2712
f 1858/6111/2712 1644/6110/2712 1646/6112/2713
f 1858/6111/2712 1646/6112/2713 1860/6113/2713
f 1860/6113/2713 1646/6112/2713 1648/6114/2714
f 1860/6113/2713 1648/6114/2714 1862/6115/2714
f 1862/6115/2714 1648/6114/2714 1649/6116/2715
f 1862/6115/2714 1649/6116/2715 1864/6117/2715
f 1864/6117/2715 1649/6116/2715 3119/6118/2601
f 1864/6117/2715 3119/6118/2601 3472/6119/2601
f 3472/6119/2601 3119/6118/2601 3117/6120/2700
f 3472/6119/2601 3117/6120/2700 3469/6121/2700
f 3469/6121/2700 3117/6120/2700 3115/6122/363
f 3469/6121/2700 3115/6122/363 3467/6123/363
f 3467/6123/363 3115/6122/363 2758/6124/2716
f 3467/6123/363 2758/6124/2716 5059/6125/2716
f 5059/6125/2716 2758/6124/2716 5060/6126/2717
f 5060/6126/2717 2758/6124/2716 2756/6127/2717
f 5060/6126/2717 2756/6127/2717 2755/6128/2718
f 5060/6126/2717 2755/6128/2718 2947/6129/2718
f 2947/6129/2718 2755/6128/2718 2754/6130/2719
f 2947/6129/2718 2754/6130/2719 2949/6131/2719
f 2949/6131/2719 2754/6130/2719 2753/6132/2720
f 2949/6131/2719 2753/6132/2720 2951/6133/2720
f 2951/6133/2720 2753/6132/2720 2752/6134/2721
f 2951/6133/2720 2752/6134/2721 2953/6135/2721
f 2953/6135/2721 2752/6134/2721 2751/6136/2623
f 2953/6135/2721 2751/6136/2623 2955/6137/2623
f 2955/6137/2623 2751/6136/2623 2750/6138/2722
f 2955/6137/2623 2750/6138/2722 2957/6139/2722
f 2957/6139/2722 2750/6138/2722 968/6140/2723
f 2957/6139/2722 968/6140/2723 1401/6141/2723
f 1401/6141/2723 968/6140/2723 967/6142/14
f 1401/6141/2723 967/6142/14 1403/6143/14
f 1403/6143/14 967/6142/14 2876/6144/2724
f 2876/6144/2724 967/6142/14 2663/6145/2724
f 2876/6144/2724 2663/6145/2724 2878/6146/2725
f 2878/6146/2725 2663/6145/2724 2662/6147/2725
f 2878/6146/2725 2662/6147/2725 2880/6072/2697
f 2880/6072/2697 2662/6147/2725 2661/6071/2697
f 2882/6070/2695 2661/6071/2697 2660/6068/2695
