# vertices shared and precision trimmed by tools/optimize_obj.py
v -0.05974 0.01242 -0.61388
v -0.06055 0.00565 -0.61164
v -0.06055 0.01242 -0.61164
v -0.05974 0.00565 -0.61388
v -0.05793 0.01242 -0.61524
v -0.05793 0.00565 -0.61524
v -0.03559 0.01242 -0.62128
v -0.03559 0.00565 -0.62128
v -0.01148 0.01242 -0.62458
v -0.01148 0.00565 -0.62458
v 0.0006 0.01242 -0.625
v 0.0006 0.00565 -0.625
v 0.01269 0.01242 -0.6246
v 0.01269 0.00565 -0.6246
v 0.0368 0.00565 -0.62133
v 0.0368 0.01242 -0.62133
v 0.05915 0.01242 -0.61531
v 0.05915 0.00565 -0.61531
v 0.06095 0.01242 -0.61396
v 0.06095 0.00565 -0.61396
v 0.00167 -0.04869 -0.57118
v 0.00412 -0.0483 -0.57102
v 0.00425 -0.04869 -0.57086
v 0.00153 -0.0483 -0.57134
v 0.00412 -0.04758 -0.57102
v 0.00153 -0.04758 -0.57134
v -0.00334 -0.0483 -0.57194
v -0.00093 -0.04869 -0.57149
v -0.00351 -0.04869 -0.5718
v -0.00076 -0.0483 -0.57162
v -0.00334 -0.04758 -0.57194
v -0.00076 -0.04758 -0.57162
v -0.00093 0.04223 -0.57149
v -0.00334 0.04184 -0.57194
v -0.00351 0.04223 -0.5718
v -0.00076 0.04184 -0.57162
v -0.00334 0.04112 -0.57194
v -0.00076 0.04112 -0.57162
v 0.00412 0.04184 -0.57102
v 0.00167 0.04223 -0.57118
v 0.00425 0.04223 -0.57086
v 0.00153 0.04184 -0.57134
v 0.00412 0.04112 -0.57102
v 0.00153 0.04112 -0.57134
v 0.0012 -0.04758 -0.56864
v -0.00109 -0.0483 -0.56892
v -0.00109 -0.04758 -0.56892
v 0.0012 -0.0483 -0.56864
v 0.00134 -0.04869 -0.56848
v -0.00126 -0.04869 -0.56879
v 0.00134 0.04223 -0.56848
v -0.00109 0.04184 -0.56892
v -0.00126 0.04223 -0.56879
v 0.0012 0.04184 -0.56864
v 0.0012 0.04112 -0.56864
v -0.00109 0.04112 -0.56892
v 0.00938 0.04139 -0.49536
v 0.0006 0.01242 -0.49536
v 0.0006 0.04191 -0.49536
v 0.0098 0.01242 -0.49536
v 0.02694 0.03726 -0.49536
v 0.02818 0.01242 -0.49536
v 0.04214 0.02802 -0.49536
v 0.04409 0.01242 -0.49536
v 0.0438 0.02711 -0.49454
v 0.04583 0.01242 -0.49454
v 0.04357 0.0288 -0.49427
v 0.04214 0.02984 -0.49455
v 0.02694 0.03908 -0.49455
v 0.00938 0.04322 -0.49455
v 0.0438 0.02897 -0.49256
v 0.04214 0.03064 -0.49256
v 0.02694 0.03987 -0.49256
v 0.04449 0.02679 -0.49256
v 0.04656 0.01242 -0.49256
v 0.04518 0.01242 -0.47035
v 0.04318 0.02772 -0.47033
v 0.04489 0.01242 -0.45554
v 0.04251 0.02986 -0.47034
v 0.0429 0.02802 -0.45554
v 0.04423 0.01242 -0.42098
v 0.04089 0.03144 -0.47035
v -0.04397 -0.01916 -0.47035
v -0.04328 -0.03353 -0.49256
v -0.04196 -0.03446 -0.47033
v -0.04535 -0.01916 -0.49256
v -0.04463 -0.01916 -0.49454
v -0.04368 -0.01916 -0.45554
v -0.04259 -0.03385 -0.49454
v -0.04259 -0.03571 -0.49256
v -0.04236 -0.03554 -0.49427
v -0.04169 -0.03476 -0.45554
v -0.04302 -0.01915 -0.42098
v -0.04129 -0.0366 -0.47034
v -0.04092 -0.03658 -0.49455
v -0.04092 -0.03738 -0.49256
v -0.04092 -0.03476 -0.49536
v -0.04288 -0.01916 -0.49536
v -0.02697 -0.01916 -0.49536
v -0.02572 -0.044 -0.49536
v -0.00858 -0.01916 -0.49536
v -0.02572 -0.04582 -0.49455
v -0.00817 -0.04813 -0.49536
v 0.0006 -0.01916 -0.49536
v -0.02572 -0.04661 -0.49256
v -0.00817 -0.04996 -0.49455
v 0.0006 -0.04865 -0.49536
v 0.00938 -0.04813 -0.49536
v 0.0098 -0.01916 -0.49536
v -0.03968 -0.03818 -0.47035
v 0.02694 -0.044 -0.49536
v 0.02818 -0.01916 -0.49536
v 0.00938 -0.04996 -0.49455
v 0.02694 -0.04582 -0.49455
v 0.04214 -0.03476 -0.49536
v 0.04409 -0.01916 -0.49536
v 0.0438 -0.03385 -0.49454
v 0.04583 -0.01916 -0.49454
v 0.04357 -0.03554 -0.49427
v 0.04214 -0.03658 -0.49455
v 0.0438 -0.03571 -0.49256
v 0.04214 -0.03738 -0.49256
v 0.02694 -0.04661 -0.49256
v 0.04449 -0.03353 -0.49256
v 0.04656 -0.01916 -0.49256
v 0.04518 -0.01916 -0.47035
v 0.04318 -0.03446 -0.47033
v 0.04489 -0.01916 -0.45554
v 0.04251 -0.0366 -0.47034
v 0.0429 -0.03476 -0.45554
v 0.04423 -0.01915 -0.42098
v 0.04089 -0.03818 -0.47035
v 0.04224 -0.03689 -0.45554
v 0.04227 -0.03548 -0.42098
v 0.04325 -0.03544 -0.37173
v 0.04526 -0.01915 -0.37172
v 0.04651 -0.01915 -0.32456
v 0.04258 -0.03754 -0.37173
v 0.04162 -0.03758 -0.42098
v 0.04064 -0.03847 -0.45554
v 0.04471 0.02663 -0.49768
v 0.04588 0.01242 -0.49652
v 0.04631 0.01242 -0.49768
v 0.0443 0.0269 -0.49652
v 0.04518 0.02663 -0.5246
v 0.04676 0.01242 -0.5246
v 0.0443 0.02794 -0.49768
v 0.04417 0.02789 -0.49668
v 0.04476 0.02794 -0.5246
v 0.04682 0.02663 -0.55639
v 0.0484 0.01242 -0.55639
v 0.04638 0.02794 -0.55639
v 0.04374 0.02901 -0.5246
v 0.04531 0.02901 -0.5564
v 0.04934 0.02663 -0.57282
v 0.05096 0.01242 -0.57282
v 0.04887 0.02794 -0.57282
v 0.04774 0.02901 -0.57282
v 0.05127 0.02663 -0.58534
v 0.05291 0.01242 -0.58534
v 0.05078 0.02794 -0.58535
v 0.04959 0.02901 -0.58536
v 0.05851 0.02704 -0.60906
v 0.06061 0.01242 -0.61158
v 0.05796 0.02589 -0.61263
v 0.06004 0.01242 -0.61314
v 0.05778 0.02774 -0.61129
v 0.05796 0.02913 -0.60818
v 0.05666 0.03051 -0.60818
v 0.05666 0.02835 -0.61199
v 0.03535 0.03896 -0.61397
v 0.05869 0.01242 -0.61415
v 0.05665 0.02595 -0.61446
v 0.0366 0.01242 -0.62009
v 0.03534 0.03443 -0.62016
v 0.01261 0.01242 -0.62335
v 0.03535 0.03681 -0.61773
v 0.01218 0.0392 -0.62325
v 0.0006 0.01242 -0.62375
v 0.01219 0.0437 -0.6171
v 0.01219 0.04158 -0.62082
v 0.0006 0.03982 -0.62363
v -0.04259 0.02897 -0.49256
v -0.04236 0.0288 -0.49427
v -0.04259 0.02711 -0.49454
v -0.04328 0.02679 -0.49256
v -0.04463 0.01242 -0.49454
v -0.04535 0.01242 -0.49256
v -0.04397 0.01242 -0.47035
v -0.04196 0.02772 -0.47033
v -0.04129 0.02986 -0.47034
v -0.04092 0.03064 -0.49256
v -0.03968 0.03144 -0.47035
v -0.04092 0.02984 -0.49455
v -0.04092 0.02802 -0.49536
v -0.04288 0.01242 -0.49536
v -0.02697 0.01242 -0.49536
v -0.02572 0.03726 -0.49536
v -0.00858 0.01242 -0.49536
v -0.02572 0.03908 -0.49455
v -0.02572 0.03987 -0.49256
v -0.02495 0.04014 -0.47047
v -0.00817 0.04139 -0.49536
v -0.00817 0.04322 -0.49455
v 0.0006 0.04373 -0.49455
v -0.00817 0.04401 -0.49256
v -0.00791 0.04395 -0.47053
v 0.0006 0.04452 -0.49256
v 0.00938 0.04401 -0.49256
v 0.00912 0.04395 -0.47053
v 0.0006 0.04443 -0.47055
v -0.00534 0.04423 -0.46149
v 0.00655 0.04423 -0.46149
v -0.00262 0.04435 -0.46331
v 0.00382 0.04435 -0.46331
v 0.0006 0.04452 -0.46395
v -0.00305 -0.05031 -0.45746
v -0.00134 -0.05074 -0.45554
v -0.00326 -0.0507 -0.45746
v -0.00112 -0.05035 -0.45554
v -0.00305 -0.04959 -0.45744
v -0.00112 -0.04962 -0.45552
v 0.00265 -0.04969 -0.45174
v 0.00073 -0.05038 -0.45367
v 0.00073 -0.04965 -0.45367
v 0.00265 -0.05041 -0.45176
v 0.00073 -0.05077 -0.45347
v 0.00265 -0.0508 -0.45155
v -0.00134 0.04413 -0.45554
v -0.00305 0.04371 -0.45746
v -0.00326 0.0441 -0.45747
v -0.00112 0.04375 -0.45554
v -0.00305 0.04299 -0.45745
v -0.00112 0.04302 -0.45552
v 0.00265 0.04381 -0.45176
v 0.00073 0.04417 -0.45347
v 0.00265 0.0442 -0.45155
v 0.00073 0.04378 -0.45368
v 0.00265 0.04309 -0.45175
v 0.00073 0.04306 -0.45367
v -0.00111 -0.04969 -0.45183
v -0.00111 -0.05041 -0.45184
v -0.00111 -0.0508 -0.45163
v 0.00258 -0.05074 -0.45532
v 0.0042 -0.05032 -0.45715
v 0.00442 -0.05071 -0.45716
v 0.00236 -0.05035 -0.45531
v 0.0042 -0.0496 -0.45714
v 0.00236 -0.04962 -0.4553
v -0.00318 -0.05076 -0.4537
v -0.00296 -0.05037 -0.4537
v -0.00296 -0.04965 -0.45368
v 0.00236 0.04375 -0.45531
v 0.0042 0.043 -0.45715
v 0.00236 0.04303 -0.45531
v 0.0042 0.04372 -0.45715
v 0.00258 0.04414 -0.45532
v 0.00442 0.0441 -0.45716
v -0.00111 0.04309 -0.45183
v -0.00111 0.04381 -0.45184
v -0.00111 0.0442 -0.45163
v -0.00318 0.04417 -0.4537
v -0.00296 0.04378 -0.4537
v -0.00296 0.04306 -0.45369
v 0.00061 -0.05106 -0.61749
v 0.01219 -0.05044 -0.6171
v 0.00959 -0.04882 -0.58564
v 0.03535 -0.0457 -0.61397
v 0.01219 -0.04832 -0.62082
v 0.03535 -0.04355 -0.61773
v 0.0006 -0.04894 -0.6212
v 0.01218 -0.04594 -0.62325
v 0.0006 -0.04656 -0.62363
v -0.01097 -0.04839 -0.62081
v 0.0006 -0.01916 -0.62375
v 0.01261 -0.01916 -0.62335
v -0.01098 -0.046 -0.62323
v -0.01139 -0.01916 -0.62334
v 0.03534 -0.04117 -0.62016
v 0.0366 -0.01916 -0.62009
v 0.05666 -0.03509 -0.61199
v 0.05665 -0.03269 -0.61446
v 0.05869 -0.01916 -0.61415
v 0.05796 -0.03263 -0.61263
v 0.06004 -0.01916 -0.61314
v 0.05778 -0.03448 -0.61129
v 0.05796 -0.03587 -0.60818
v 0.05666 -0.03725 -0.60818
v 0.05851 -0.03378 -0.60906
v 0.06061 -0.01916 -0.61158
v 0.05291 -0.01916 -0.58534
v 0.05127 -0.03337 -0.58534
v 0.05096 -0.01916 -0.57282
v 0.05078 -0.03469 -0.58535
v 0.04934 -0.03337 -0.57282
v 0.0484 -0.01916 -0.55639
v 0.04959 -0.03575 -0.58536
v 0.04887 -0.03469 -0.57282
v 0.04682 -0.03337 -0.55639
v 0.04676 -0.01916 -0.5246
v 0.03068 -0.04414 -0.58555
v 0.04774 -0.03575 -0.57282
v 0.04638 -0.03469 -0.55639
v 0.04518 -0.03337 -0.5246
v 0.04631 -0.01916 -0.49768
v 0.02958 -0.04414 -0.57282
v 0.0045 -0.05077 -0.4534
v 0.00428 -0.05038 -0.45339
v 0.00428 -0.04966 -0.45338
v 0.00428 0.04379 -0.45339
v 0.00428 0.04306 -0.45338
v 0.0045 0.04417 -0.4534
v -0.00018 0.04645 -0.32536
v -0.00665 0.03839 -0.32622
v -0.00725 0.04601 -0.32536
v -0.00043 0.03839 -0.32622
v 0.00531 0.01242 0.09301
v 0.00705 0.0243 0.0929
v 0.00531 0.02525 0.09301
v 0.00705 0.01336 0.0929
v -0.0041 0.02525 0.09301
v -0.00584 0.01336 0.0929
v -0.0041 0.01242 0.09301
v -0.00584 0.0243 0.0929
v 0.00191 0.01336 0.0961
v 0.00239 0.0243 0.09601
v 0.00191 0.0243 0.0961
v 0.00239 0.01336 0.09601
v -0.00117 0.01336 0.09601
v -0.0007 0.0243 0.0961
v -0.00117 0.0243 0.09601
v -0.0007 0.01336 0.0961
v -0.00194 0.02525 0.09445
v -0.00359 0.01336 0.09501
v -0.00194 0.01242 0.09445
v -0.00359 0.0243 0.09501
v 0.00315 0.01242 0.09445
v 0.0048 0.0243 0.09501
v 0.00315 0.02525 0.09445
v 0.0048 0.01336 0.09501
v -0.00816 0.04689 -0.32453
v 0.00061 0.04744 -0.32453
v 0.00675 0.01242 0.09085
v 0.00831 0.0243 0.09008
v 0.00675 0.02525 0.09085
v 0.00831 0.01336 0.09008
v -0.00554 0.02525 0.09085
v -0.00711 0.01336 0.09008
v -0.00554 0.01242 0.09085
v -0.00711 0.0243 0.09008
v -0.0379 -0.01238 0.06431
v -0.03414 0.00565 0.06431
v -0.0379 0.00565 0.06431
v -0.03414 -0.01238 0.06431
v 0.00519 0.0243 0.09475
v 0.00519 0.01336 0.09475
v -0.00399 0.01336 0.09475
v -0.00399 0.0243 0.09475
v 0.00959 0.01241 0.08635
v 0.0108 0.00565 0.07937
v 0.0108 0.01241 0.07937
v 0.00959 0.00565 0.08635
v 0.00874 0.01241 0.0903
v 0.00874 0.00565 0.0903
v 0.00696 0.01241 0.09356
v 0.00696 0.00565 0.09356
v 0.00449 0.01241 0.09571
v 0.00449 0.00565 0.09571
v 0.00164 0.01241 0.09645
v 0.00164 0.00565 0.09645
v -0.00042 0.01241 0.09645
v -0.00042 0.00565 0.09645
v -0.00327 0.00565 0.09571
v -0.00327 0.01241 0.09571
v -0.00574 0.00565 0.09356
v -0.00574 0.01241 0.09356
v 0.0006 0.02525 0.09496
v 0.0006 0.01242 0.09496
v -0.04108 -0.01915 0.03425
v -0.04105 -0.01239 0.06145
v -0.04108 -0.01239 0.03425
v -0.04105 -0.01915 0.06146
v -0.04058 -0.01239 0.06464
v -0.04058 -0.01915 0.06464
v -0.03917 -0.01239 0.0676
v -0.03917 -0.01915 0.0676
v -0.03696 -0.01239 0.07001
v -0.03696 -0.01915 0.07001
v -0.03416 -0.01239 0.07166
v -0.03416 -0.01915 0.07166
v -0.02416 -0.01239 0.07567
v -0.02416 -0.01915 0.07567
v -0.00957 -0.01239 0.07937
v -0.00957 -0.01915 0.07937
v 0.00081 -0.01239 0.08008
v 0.00081 -0.01915 0.08008
v 0.0108 -0.01915 0.07937
v 0.0108 -0.01239 0.07937
v -0.00757 -0.0343 0.07353
v -0.02395 -0.03282 0.07024
v -0.00757 -0.03686 0.06829
v -0.02395 -0.02891 0.07374
v -0.02395 -0.03539 0.065
v 0.00061 -0.03686 0.06899
v -0.03387 -0.02844 0.06625
v -0.00757 -0.03893 0.0621
v 0.00061 -0.03897 0.06281
v 0.00061 -0.0343 0.07424
v 0.0088 -0.03686 0.06829
v -0.00757 -0.03041 0.07703
v 0.0088 -0.0343 0.07353
v 0.00061 -0.03041 0.07774
v -0.00757 -0.0257 0.07826
v 0.0088 -0.03041 0.07703
v 0.0088 -0.0257 0.07826
v 0.02517 -0.02891 0.07374
v 0.02517 -0.03282 0.07024
v 0.00061 -0.0257 0.07896
v 0.00061 -0.01915 0.07896
v -0.00757 -0.01915 0.07826
v 0.0088 -0.01915 0.07826
v -0.02395 -0.02419 0.07497
v -0.02395 -0.01915 0.07497
v -0.03384 -0.01915 0.071
v -0.03387 -0.02445 0.06975
v -0.0365 -0.01915 0.06944
v -0.03637 -0.02405 0.06823
v -0.03856 -0.01915 0.06719
v -0.03846 -0.02347 0.06603
v -0.03987 -0.01915 0.06443
v -0.03636 -0.02783 0.06496
v -0.03387 -0.03111 0.06101
v -0.03845 -0.02692 0.06302
v -0.02395 -0.03718 0.05881
v -0.03634 -0.03039 0.06002
v -0.03387 -0.03205 0.05483
v -0.03984 -0.02278 0.06344
v -0.04033 -0.0219 0.0607
v -0.04033 -0.01915 0.0614
v -0.03983 -0.02579 0.06072
v -0.04033 -0.02416 0.05872
v -0.03843 -0.02924 0.05851
v -0.03983 -0.02771 0.05669
v -0.04033 -0.02568 0.05575
v -0.04033 -0.02623 0.05155
v -0.04034 -0.01915 0.03352
v -0.03983 -0.02831 0.05163
v -0.03841 -0.03007 0.05296
v -0.03632 -0.03133 0.05408
v -0.0404 -0.02698 0.03394
v -0.03976 -0.02924 0.03428
v -0.03843 -0.03118 0.03422
v 0.00726 0.01242 0.0883
v 0.0084 0.0243 0.087
v 0.00726 0.02525 0.0883
v 0.0084 0.01336 0.087
v -0.00604 0.02525 0.0883
v -0.00719 0.01336 0.087
v -0.00604 0.01242 0.0883
v -0.00719 0.0243 0.087
v -0.03984 0.01604 0.06344
v -0.04033 0.01242 0.0614
v -0.03987 0.01242 0.06443
v -0.04033 0.01516 0.0607
v -0.03846 0.01673 0.06603
v -0.03856 0.01242 0.06719
v -0.03983 0.01905 0.06072
v -0.03845 0.02018 0.06302
v -0.03637 0.01731 0.06823
v -0.0365 0.01242 0.06944
v -0.03636 0.02109 0.06496
v -0.04033 0.01742 0.05872
v -0.03843 0.0225 0.05851
v -0.03387 0.01771 0.06975
v -0.03384 0.01242 0.071
v -0.03387 0.0217 0.06625
v -0.02395 0.01745 0.07497
v -0.02395 0.01242 0.07497
v -0.00757 0.01242 0.07826
v -0.02395 0.02217 0.07374
v -0.00757 0.01896 0.07826
v 0.00061 0.01242 0.07896
v 0.00061 0.01896 0.07896
v 0.0088 0.01896 0.07826
v 0.0088 0.01242 0.07826
v 0.00061 0.02366 0.07774
v -0.00757 0.02366 0.07703
v 0.02517 0.01745 0.07497
v 0.02517 0.01242 0.07497
v 0.03506 0.01242 0.071
v 0.02517 0.02217 0.07374
v 0.03509 0.01771 0.06975
v 0.03772 0.01242 0.06944
v 0.0088 0.02366 0.07703
v 0.00061 0.02756 0.07424
v 0.0088 0.02756 0.07353
v 0.03509 0.0217 0.06625
v 0.0376 0.01731 0.06823
v 0.03978 0.01242 0.06719
v -0.00757 0.02756 0.07353
v 0.00061 0.03012 0.06899
v 0.03968 0.01673 0.06603
v 0.0411 0.01242 0.06443
v 0.03758 0.02109 0.06496
v -0.02395 0.02608 0.07024
v -0.00757 0.03012 0.06829
v -0.02395 0.02864 0.065
v -0.03387 0.02437 0.06101
v -0.00757 0.03219 0.0621
v -0.03634 0.02365 0.06002
v -0.02395 0.03044 0.05881
v -0.03387 0.02531 0.05483
v -0.03632 0.02459 0.05408
v -0.02395 0.03323 0.03876
v -0.03371 0.02652 0.03564
v -0.03841 0.02333 0.05296
v -0.03629 0.02587 0.03481
v -0.03983 0.02097 0.05669
v -0.04033 0.01894 0.05575
v -0.04034 0.01242 0.03352
v -0.03983 0.02156 0.05163
v -0.04033 0.01949 0.05155
v -0.03843 0.02444 0.03422
v -0.03976 0.0225 0.03428
v -0.0404 0.02024 0.03394
v -0.03843 0.0244 0.03327
v -0.03951 0.02274 0.03295
v -0.03586 0.026 0.02811
v -0.03848 0.02435 0.03233
v -0.03281 0.02782 0.01685
v -0.03593 0.02591 0.02751
v -0.03714 0.02587 0.02828
v -0.03874 0.02429 0.0315
v -0.03955 0.02416 0.03108
v -0.03857 0.02586 0.02874
v -0.04013 0.02234 0.03267
v -0.04039 0.02593 0.02917
v -0.04074 0.02413 0.03124
v -0.04108 0.02219 0.03268
v -0.04307 0.02202 0.03287
v -0.04305 0.02392 0.03138
v -0.0429 0.02564 0.02918
v -0.04289 0.0198 0.03349
v -0.04287 0.01242 0.0335
v -0.04819 0.01919 0.03309
v -0.04819 0.01242 0.03309
v -0.0482 0.02142 0.03256
v -0.04821 0.02331 0.03105
v -0.04823 0.02478 0.02878
v -0.05347 0.02071 0.03089
v -0.05347 0.01848 0.03142
v -0.05347 0.01242 0.03142
v -0.05349 0.02259 0.02938
v -0.05868 0.01993 0.02791
v -0.05867 0.0177 0.02844
v -0.02416 0.01241 0.07567
v -0.00957 0.00565 0.07937
v -0.00957 0.01241 0.07937
v -0.02416 0.00565 0.07567
v -0.03416 0.01241 0.07166
v -0.03416 0.00565 0.07166
v -0.03696 0.01241 0.07001
v -0.03696 0.00565 0.07001
v -0.03917 0.01241 0.0676
v -0.03917 0.00565 0.0676
v -0.04058 0.01241 0.06464
v -0.04058 0.00565 0.06464
v -0.04105 0.01242 0.06146
v -0.04105 0.00565 0.06145
v -0.04108 0.01241 0.03425
v -0.04108 0.00565 0.03425
v 0.00731 0.0243 0.0925
v 0.00731 0.01336 0.0925
v 0.03678 -0.03264 0.02662
v 0.03978 -0.03106 0.03136
v 0.03968 -0.03113 0.03289
v 0.04076 -0.02946 0.03241
v 0.03752 -0.03261 0.03481
v 0.041 -0.02922 0.03425
v 0.0416 -0.02698 0.03399
v 0.03965 -0.03118 0.03423
v 0.03964 -0.03007 0.05296
v 0.03754 -0.03133 0.05408
v 0.04105 -0.02831 0.05163
v 0.04154 -0.02623 0.05155
v 0.04156 -0.01916 0.03365
v 0.04154 -0.02568 0.05575
v 0.04154 -0.01915 0.0614
v 0.03965 -0.02924 0.05851
v 0.04105 -0.02771 0.05669
v 0.03756 -0.03039 0.06002
v 0.04154 -0.02416 0.05872
v 0.04106 -0.02579 0.06072
v 0.03968 -0.02692 0.06302
v 0.03758 -0.02783 0.06496
v 0.04154 -0.0219 0.0607
v 0.04106 -0.02278 0.06344
v 0.0411 -0.01915 0.06443
v 0.03968 -0.02347 0.06603
v 0.03978 -0.01915 0.06719
v 0.0376 -0.02405 0.06823
v 0.03509 -0.02844 0.06625
v 0.03772 -0.01915 0.06944
v 0.03509 -0.02445 0.06975
v 0.03506 -0.01915 0.071
v 0.02517 -0.02419 0.07497
v 0.02517 -0.01915 0.07497
v -0.0061 0.01336 0.0925
v -0.0061 0.0243 0.0925
v 0.04457 -0.01239 0.03054
v 0.04954 -0.01915 0.02919
v 0.04954 -0.01239 0.02919
v 0.05464 -0.01239 0.02934
v 0.04457 -0.01915 0.03054
v 0.05464 -0.01915 0.02934
v 0.0423 -0.01239 0.03387
v 0.05967 -0.01239 0.03034
v 0.0423 -0.01916 0.03387
v 0.05967 -0.01915 0.03034
v 0.04228 -0.01915 0.06146
v 0.06454 -0.01239 0.03227
v 0.04228 -0.01239 0.06145
v 0.06454 -0.01915 0.03227
v 0.0418 -0.01239 0.06464
v 0.07052 -0.01239 0.03588
v 0.0418 -0.01915 0.06464
v 0.07052 -0.01915 0.03588
v 0.0404 -0.01239 0.0676
v 0.07264 -0.01239 0.03598
v 0.0404 -0.01915 0.0676
v 0.07264 -0.01915 0.03598
v 0.03819 -0.01239 0.07001
v 0.07476 -0.01915 0.03479
v 0.03819 -0.01915 0.07001
v 0.07476 -0.01239 0.03479
v 0.03538 -0.01239 0.07166
v 0.07732 -0.01915 0.03174
v 0.03538 -0.01915 0.07166
v 0.07732 -0.01239 0.03174
v 0.02538 -0.01239 0.07567
v 0.07828 -0.01915 0.02756
v 0.02538 -0.01915 0.07567
v 0.07828 -0.01239 0.02756
v 0.07792 -0.01916 0.0213
v 0.07792 -0.01239 0.0213
v 0.07632 -0.01916 0.01465
v 0.07632 -0.01239 0.01465
v 0.07412 -0.01916 0.00959
v 0.07412 -0.01239 0.00959
v 0.07108 -0.01916 0.00513
v 0.07108 -0.01239 0.00513
v 0.0663 -0.01916 -0.00062
v 0.0663 -0.01239 -0.00062
v 0.06131 -0.01916 -0.00492
v 0.06131 -0.01239 -0.00492
v 0.05607 -0.01916 -0.00797
v 0.05607 -0.01239 -0.00797
v 0.05109 -0.01916 -0.00969
v 0.05109 -0.01239 -0.0097
v 0.04556 -0.01916 -0.0101
v 0.04556 -0.01239 -0.0101
v 0.04368 -0.01239 -0.01049
v 0.04368 -0.01916 -0.01048
v 0.04954 0.01241 0.02919
v 0.04457 0.00565 0.03054
v 0.04954 0.00565 0.02919
v 0.05464 0.00565 0.02934
v 0.04457 0.01241 0.03054
v 0.05464 0.01241 0.02934
v 0.0423 0.00565 0.03387
v 0.05967 0.00565 0.03034
v 0.0423 0.01242 0.03387
v 0.05967 0.01241 0.03034
v 0.04228 0.01241 0.06146
v 0.06454 0.00565 0.03227
v 0.04228 0.00565 0.06145
v 0.06454 0.01241 0.03227
v 0.0418 0.00565 0.06464
v 0.07052 0.00565 0.03588
v 0.0418 0.01241 0.06464
v 0.07052 0.01241 0.03588
v 0.0404 0.00565 0.0676
v 0.07264 0.00565 0.03598
v 0.0404 0.01241 0.0676
v 0.07264 0.01241 0.03598
v 0.03819 0.00565 0.07001
v 0.07476 0.01241 0.03479
v 0.03819 0.01241 0.07001
v 0.07476 0.00565 0.03479
v 0.03538 0.00565 0.07166
v 0.07732 0.01241 0.03174
v 0.03538 0.01241 0.07166
v 0.07732 0.00565 0.03174
v 0.02538 0.00565 0.07567
v 0.07828 0.01241 0.02756
v 0.02538 0.01241 0.07567
v 0.07828 0.00565 0.02756
v 0.07792 0.01242 0.0213
v 0.07792 0.00565 0.0213
v 0.07632 0.01242 0.01465
v 0.07632 0.00565 0.01465
v 0.07412 0.01242 0.00959
v 0.07412 0.00565 0.00959
v 0.07108 0.01242 0.00513
v 0.07108 0.00565 0.00513
v 0.0663 0.01242 -0.00062
v 0.0663 0.00565 -0.00062
v 0.06131 0.01242 -0.00492
v 0.06131 0.00565 -0.00492
v 0.05607 0.01242 -0.00797
v 0.05607 0.00565 -0.00797
v 0.05109 0.01242 -0.00969
v 0.05109 0.00565 -0.0097
v 0.04556 0.01242 -0.0101
v 0.04556 0.00565 -0.0101
v 0.04368 0.00565 -0.01049
v 0.04368 0.01242 -0.01048
v -0.05874 -0.02982 0.02413
v -0.0587 -0.02856 0.02639
v -0.06379 -0.02774 0.02188
v -0.06385 -0.029 0.01961
v -0.06547 -0.0288 0.01739
v -0.05879 -0.03026 0.02145
v -0.06394 -0.02945 0.01618
v -0.05355 -0.03104 0.02443
v -0.06718 -0.02717 0.01773
v -0.05352 -0.03059 0.02711
v -0.06376 -0.02585 0.02369
v -0.06849 -0.02827 0.01208
v -0.06847 -0.02505 0.01812
v -0.05868 -0.02667 0.02791
v -0.07043 -0.02662 0.01309
v -0.06375 -0.02362 0.02422
v -0.07168 -0.02448 0.01382
v -0.0707 -0.02788 0.0078
v -0.06685 -0.02915 0.01059
v -0.06457 -0.02945 -0.0005
v -0.06855 -0.0288 0.00678
v -0.07277 -0.02621 0.00848
v -0.07011 -0.02851 0.00149
v -0.07258 -0.02756 0.00201
v -0.07078 -0.0284 -0.00311
v -0.00117 -0.04534 -0.0323
v -0.00337 -0.0449 -0.03125
v -0.00357 -0.04529 -0.03131
v -0.00098 -0.04495 -0.03224
v -0.00098 -0.04423 -0.03228
v -0.00337 -0.04418 -0.03128
v 0.00115 -0.045 -0.03312
v 0.00354 -0.04433 -0.03415
v 0.00115 -0.04428 -0.03316
v 0.00354 -0.04505 -0.03411
v 0.00123 -0.0454 -0.0333
v 0.00363 -0.04545 -0.03429
v 0.00354 0.03769 -0.03414
v 0.00115 0.03837 -0.03312
v 0.00115 0.03764 -0.03315
v 0.00354 0.03842 -0.03411
v 0.00123 0.03876 -0.03329
v 0.00363 0.03881 -0.03428
v -0.00098 0.0376 -0.03227
v -0.00337 0.03826 -0.03124
v -0.00337 0.03754 -0.03128
v -0.00098 0.03832 -0.03224
v -0.00117 0.03871 -0.03229
v -0.00357 0.03866 -0.03131
v 0.0002 -0.04553 -0.03579
v -0.00201 -0.04508 -0.03473
v -0.0022 -0.04547 -0.0348
v 0.00012 -0.04513 -0.03561
v 0.00012 -0.04441 -0.03566
v -0.00201 -0.04436 -0.03477
v 0.00012 0.03777 -0.03565
v -0.00201 0.03845 -0.03473
v -0.00201 0.03773 -0.03477
v 0.00012 0.0385 -0.03561
v 0.0002 0.03889 -0.03579
v -0.0022 0.03884 -0.03479
v -0.04543 -0.01915 -0.15742
v -0.04412 -0.01239 -0.05337
v -0.04543 -0.01239 -0.15742
v -0.04412 -0.01916 -0.05337
v -0.04613 -0.01916 -0.1928
v -0.04244 -0.0124 -0.00986
v -0.04613 -0.01239 -0.1928
v -0.04244 -0.01916 -0.00986
v -0.04678 -0.01916 -0.2251
v -0.04463 -0.01916 -0.0064
v -0.04678 -0.01239 -0.2251
v -0.04463 -0.01239 -0.0064
v -0.04608 -0.01916 -0.32458
v -0.04914 -0.01239 -0.00507
v -0.04608 -0.01239 -0.32458
v -0.04914 -0.01916 -0.00506
v -0.04483 -0.01916 -0.37175
v -0.05433 -0.01916 -0.00522
v -0.04483 -0.01239 -0.37175
v -0.05433 -0.01239 -0.00522
v -0.0438 -0.01916 -0.42099
v -0.05952 -0.01916 -0.00621
v -0.0438 -0.01239 -0.42099
v -0.05952 -0.01239 -0.00621
v -0.04476 -0.01916 -0.4703
v -0.06462 -0.01916 -0.00815
v -0.04476 -0.01239 -0.4703
v -0.06462 -0.01239 -0.00815
v -0.04611 -0.01916 -0.49561
v -0.07097 -0.01916 -0.01176
v -0.04611 -0.01239 -0.49561
v -0.07097 -0.01239 -0.01176
v -0.04653 -0.01916 -0.52455
v -0.07313 -0.01916 -0.01186
v -0.04653 -0.01239 -0.52455
v -0.07313 -0.01239 -0.01186
v -0.04818 -0.01916 -0.55629
v -0.07523 -0.01239 -0.01066
v -0.04818 -0.01239 -0.55629
v -0.07523 -0.01916 -0.01066
v -0.05273 -0.01916 -0.58518
v -0.07762 -0.01239 -0.00758
v -0.05273 -0.01239 -0.58518
v -0.07762 -0.01916 -0.00758
v -0.06055 -0.01916 -0.61164
v -0.07828 -0.01239 -0.00339
v -0.06055 -0.01239 -0.61164
v -0.07828 -0.01916 -0.00338
v -0.05974 -0.01916 -0.61388
v -0.07742 -0.01239 0.00287
v -0.05974 -0.01239 -0.61388
v -0.07742 -0.01915 0.00287
v -0.05793 -0.01916 -0.61524
v -0.07529 -0.01239 0.00951
v -0.05793 -0.01239 -0.61524
v -0.07529 -0.01915 0.00951
v -0.03559 -0.01916 -0.62128
v -0.07272 -0.01239 0.01457
v -0.03559 -0.01239 -0.62128
v -0.07272 -0.01915 0.01457
v -0.01148 -0.01916 -0.62458
v -0.06938 -0.01239 0.01902
v -0.01148 -0.01239 -0.62458
v -0.06938 -0.01915 0.01902
v 0.0006 -0.01916 -0.625
v -0.06426 -0.01239 0.02475
v 0.0006 -0.01239 -0.625
v -0.06426 -0.01915 0.02475
v 0.01269 -0.01916 -0.6246
v -0.05909 -0.01239 0.02904
v 0.01269 -0.01239 -0.6246
v -0.05909 -0.01915 0.02904
v 0.0368 -0.01239 -0.62133
v -0.05377 -0.01239 0.0321
v 0.0368 -0.01916 -0.62133
v -0.05377 -0.01915 0.0321
v 0.05915 -0.01916 -0.61531
v -0.04833 -0.01239 0.03381
v 0.05915 -0.01239 -0.61531
v 0.06095 -0.01916 -0.61396
v 0.06095 -0.01239 -0.61396
v -0.04833 -0.01915 0.03381
v -0.0429 -0.01239 0.03423
v -0.0429 -0.01915 0.03423
v 0.00675 0.01242 0.08576
v 0.00731 0.0243 0.08412
v 0.00675 0.02525 0.08576
v 0.00731 0.01336 0.08412
v -0.00554 0.02525 0.08576
v -0.0061 0.01336 0.08412
v -0.00554 0.01242 0.08576
v -0.0061 0.0243 0.08412
v -0.01039 0.05216 -0.18162
v -0.01234 0.05216 -0.18397
v -0.01267 0.05021 -0.17938
v -0.01501 0.05021 -0.18223
v -0.00925 0.05285 -0.18605
v -0.00979 0.05021 -0.17705
v -0.01378 0.05216 -0.18665
v -0.01424 0.04729 -0.17785
v -0.01034 0.05285 -0.1881
v -0.00777 0.05285 -0.18427
v -0.01102 0.04729 -0.17523
v -0.008 0.05216 -0.17968
v -0.00762 0.04729 -0.1734
v -0.00676 0.05021 -0.17541
v -0.00594 0.05285 -0.18278
v -0.0055 0.05216 -0.17835
v -0.00304 0.05021 -0.17424
v -0.00347 0.04729 -0.1721
v -0.00796 0.04384 -0.17263
v -0.00365 0.04384 -0.17127
v -0.00367 0.03855 -0.17117
v 0.00068 0.04384 -0.17085
v -0.00801 0.03855 -0.17254
v 0.0007 0.03855 -0.17075
v -0.01151 0.04384 -0.17454
v -0.01159 0.03855 -0.17446
v 0.00488 0.04384 -0.17127
v -0.01486 0.04384 -0.17726
v -0.01496 0.03855 -0.1772
v 0.00493 0.03855 -0.17117
v -0.01686 0.04729 -0.18104
v -0.0176 0.04384 -0.18058
v -0.01773 0.03855 -0.18055
v -0.01676 0.05021 -0.18548
v -0.01882 0.04729 -0.18468
v -0.01964 0.04384 -0.18438
v -0.01978 0.03855 -0.18437
v -0.0209 0.04384 -0.1885
v -0.02104 0.03855 -0.18852
v -0.02002 0.04729 -0.18864
v -0.01784 0.05021 -0.18901
v -0.01468 0.05216 -0.18957
v -0.02132 0.04384 -0.1928
v -0.02147 0.03855 -0.1928
v -0.02042 0.04729 -0.1928
v -0.0182 0.05022 -0.1928
v -0.01498 0.05216 -0.1928
v -0.0209 0.04384 -0.1971
v -0.02104 0.03855 -0.19718
v -0.02002 0.04729 -0.19688
v -0.01783 0.05022 -0.19638
v -0.01468 0.05216 -0.19568
v -0.01965 0.04384 -0.20125
v -0.01978 0.03855 -0.20135
v -0.01881 0.04729 -0.20085
v -0.01675 0.05022 -0.19993
v -0.0138 0.05216 -0.19863
v -0.01761 0.04384 -0.20507
v -0.01772 0.03855 -0.2052
v -0.01685 0.04729 -0.20451
v -0.015 0.05022 -0.20322
v -0.01234 0.05216 -0.20137
v -0.01487 0.04384 -0.20843
v -0.01496 0.03855 -0.20858
v -0.01421 0.04729 -0.20773
v -0.01265 0.05022 -0.20609
v -0.01039 0.05216 -0.20377
v -0.01152 0.04384 -0.2112
v -0.01159 0.03855 -0.21136
v -0.011 0.04729 -0.21039
v -0.00976 0.05022 -0.20848
v -0.00798 0.05216 -0.20576
v -0.0083 0.04385 -0.21297
v -0.00835 0.03855 -0.21314
v -0.00793 0.04729 -0.21207
v -0.00705 0.05022 -0.20996
v -0.00578 0.05216 -0.20696
v -0.00587 0.05285 -0.20266
v -0.00345 0.0473 -0.21357
v -0.00364 0.04385 -0.21453
v -0.00366 0.03855 -0.21471
v -0.003 0.05022 -0.21133
v 0.00065 0.04385 -0.21496
v 0.00066 0.03855 -0.21514
v 0.00065 0.0473 -0.21398
v 0.00063 0.05022 -0.21168
v 0.00489 0.04385 -0.21453
v 0.00493 0.03855 -0.2147
v 0.00469 0.0473 -0.21356
v 0.00942 0.03855 -0.21325
v 0.00425 0.05022 -0.21131
v 0.00936 0.04385 -0.21308
v 0.01284 0.03855 -0.21136
v 0.00893 0.04729 -0.2122
v 0.00794 0.05022 -0.21014
v 0.01275 0.04385 -0.21121
v 0.0162 0.03855 -0.20858
v 0.01222 0.0473 -0.21039
v 0.01095 0.05022 -0.20848
v 0.0161 0.04385 -0.20844
v 0.01896 0.03855 -0.2052
v 0.01542 0.04729 -0.20773
v 0.01382 0.05022 -0.2061
v 0.01883 0.04384 -0.20508
v 0.02101 0.03855 -0.20135
v 0.02087 0.04384 -0.20125
v 0.02227 0.03855 -0.19717
v 0.01805 0.04729 -0.20451
v 0.01618 0.05022 -0.20322
v 0.02212 0.04384 -0.1971
v 0.02269 0.03855 -0.1928
v 0.02 0.04729 -0.20085
v 0.01793 0.05022 -0.19993
v 0.02254 0.04384 -0.1928
v 0.02227 0.03855 -0.18852
v 0.02121 0.04729 -0.19688
v 0.01901 0.05022 -0.19638
v 0.02211 0.04384 -0.1885
v 0.02101 0.03855 -0.18436
v 0.02161 0.04729 -0.1928
v 0.01937 0.05022 -0.1928
v 0.01585 0.05216 -0.19569
v 0.01496 0.05216 -0.19864
v 0.01217 0.05285 -0.19497
v 0.01351 0.05216 -0.20137
v 0.01149 0.05285 -0.19723
v 0.01155 0.05216 -0.20378
v 0.01037 0.05285 -0.1993
v 0.00915 0.05216 -0.20577
v 0.00888 0.05285 -0.20114
v -0.01033 0.05285 -0.19722
v 0.00651 0.05216 -0.20721
v 0.00703 0.05285 -0.20267
v -0.00922 0.05285 -0.1993
v -0.00773 0.05285 -0.20114
v -0.01102 0.05285 -0.19497
v -0.01125 0.05285 -0.1928
v 0.00485 0.05285 -0.20385
v -0.00428 0.05285 -0.20353
v 0.00361 0.05216 -0.20812
v 0.00286 0.05285 -0.20443
v 0.00062 0.05216 -0.20843
v 0.00062 0.05285 -0.20467
v -0.00155 0.05285 -0.20446
v -0.00234 0.05216 -0.20814
v -0.04296 -0.01238 -0.49575
v -0.04338 0.00565 -0.52467
v -0.04338 -0.01238 -0.52467
v -0.04504 0.00565 -0.55666
v -0.04296 0.00565 -0.49575
v -0.04504 -0.01238 -0.55666
v -0.0416 -0.01238 -0.47045
v -0.04966 0.00565 -0.58596
v -0.0416 0.00565 -0.47045
v -0.04966 -0.01238 -0.58596
v -0.04064 -0.01238 -0.42098
v -0.05721 0.00565 -0.61153
v -0.04064 0.00565 -0.42098
v -0.05721 -0.01238 -0.61153
v -0.04167 -0.01238 -0.37165
v -0.05714 0.00565 -0.61172
v -0.04167 0.00565 -0.37165
v -0.05714 -0.01238 -0.61172
v -0.04292 -0.01238 -0.3245
v -0.05659 0.00565 -0.61212
v -0.04292 0.00565 -0.3245
v -0.05659 -0.01238 -0.61212
v -0.04362 -0.01238 -0.22511
v -0.03501 0.00565 -0.61796
v -0.04362 0.00565 -0.22511
v -0.03501 -0.01238 -0.61796
v -0.04298 -0.01238 -0.19287
v -0.01123 0.00565 -0.62123
v -0.04298 0.00565 -0.19287
v -0.01123 -0.01238 -0.62123
v -0.04227 -0.01238 -0.15747
v 0.0006 0.00565 -0.62163
v -0.04227 0.00565 -0.15747
v 0.0006 -0.01238 -0.62163
v -0.04096 0.00565 -0.05345
v 0.01244 0.00565 -0.62124
v -0.04096 -0.01238 -0.05345
v 0.01244 -0.01238 -0.62124
v -0.03924 0.00566 -0.00899
v 0.03622 0.00565 -0.61801
v -0.03924 -0.0124 -0.00899
v 0.03622 -0.01238 -0.61801
v -0.03791 -0.01238 0.03111
v 0.05781 0.00565 -0.6122
v -0.03791 0.00565 0.03111
v 0.05781 -0.01238 -0.6122
v 0.05835 0.00565 -0.61179
v 0.05835 -0.01238 -0.61179
v 0.05842 0.00565 -0.61161
v 0.05842 -0.01238 -0.61161
v 0.05086 0.00565 -0.58596
v 0.05086 -0.01238 -0.58596
v 0.00202 -0.04869 -0.57408
v 0.00219 -0.0483 -0.57665
v 0.00236 -0.04869 -0.57678
v 0.00186 -0.0483 -0.57395
v 0.00186 -0.04758 -0.57395
v 0.00219 -0.04758 -0.57665
v -0.00838 0.01241 0.08635
v -0.00838 0.00565 0.08635
v -0.00752 0.01241 0.0903
v -0.00752 0.00565 0.0903
v 0.00051 -0.0507 -0.45739
v -0.00141 -0.05067 -0.45932
v 0.00235 -0.05067 -0.45923
v 0.0006 -0.05061 -0.46278
v -0.00218 -0.05062 -0.46223
v 0.00339 -0.05062 -0.46223
v -0.00454 -0.05064 -0.46065
v 0.00575 -0.05064 -0.46065
v -0.00611 -0.05069 -0.45829
v -0.00666 -0.05074 -0.45552
v 0.00732 -0.05069 -0.45829
v 0.00788 -0.05074 -0.45552
v -0.00611 -0.05079 -0.45273
v -0.00454 -0.05082 -0.45038
v -0.00218 -0.05085 -0.4488
v 0.0006 -0.05086 -0.44825
v 0.00339 -0.05085 -0.4488
v 0.00575 -0.05082 -0.45038
v 0.00732 -0.05079 -0.45273
v 0.00186 0.04112 -0.57395
v 0.00219 0.04184 -0.57665
v 0.00219 0.04112 -0.57665
v 0.00186 0.04184 -0.57395
v 0.00202 0.04223 -0.57408
v 0.00236 0.04223 -0.57678
v 0.0076 -0.04952 -0.45259
v 0.00596 -0.04956 -0.45014
v 0.0035 -0.04959 -0.44849
v 0.00818 -0.04947 -0.45549
v 0.0006 -0.0496 -0.44792
v 0.0076 -0.04941 -0.45839
v -0.00229 -0.04959 -0.44849
v 0.00596 -0.04937 -0.46085
v -0.00475 -0.04956 -0.45014
v 0.0035 -0.04934 -0.46249
v -0.00639 -0.04952 -0.45259
v 0.0006 -0.04934 -0.46306
v -0.00697 -0.04947 -0.45549
v -0.00229 -0.04934 -0.46249
v -0.00639 -0.04941 -0.45839
v -0.00475 -0.04937 -0.46085
v 0.00444 -0.0483 -0.57363
v 0.00461 -0.04869 -0.57377
v 0.00444 -0.04758 -0.57363
v 0.00051 -0.0496 -0.45716
v -0.00141 -0.04956 -0.45908
v 0.00235 -0.04957 -0.459
v 0.00444 0.04112 -0.57363
v 0.00444 0.04184 -0.57363
v 0.00461 0.04223 -0.57377
v 0.0006 -0.04918 -0.46339
v 0.00382 -0.05109 -0.46331
v 0.00362 -0.04919 -0.46279
v 0.0006 -0.05126 -0.46395
v 0.00655 -0.05097 -0.46149
v -0.00262 -0.05109 -0.46331
v 0.00617 -0.04922 -0.46109
v 0.00838 -0.0509 -0.45876
v 0.00789 -0.04926 -0.45853
v 0.00904 -0.05091 -0.45554
v 0.00851 -0.0493 -0.45552
v 0.00789 -0.04934 -0.45251
v 0.00838 -0.051 -0.45233
v 0.00617 -0.04938 -0.44995
v 0.00655 -0.05113 -0.4496
v 0.00362 -0.0494 -0.44824
v 0.00382 -0.05131 -0.44778
v 0.00061 -0.04941 -0.44764
v 0.00061 -0.0515 -0.44714
v -0.00262 -0.05131 -0.44778
v -0.00241 -0.04919 -0.46279
v -0.00534 -0.05097 -0.46149
v -0.00241 -0.0494 -0.44824
v -0.00534 -0.05113 -0.4496
v -0.00496 -0.04922 -0.46109
v -0.00716 -0.0509 -0.45876
v -0.00496 -0.04938 -0.44995
v -0.00716 -0.051 -0.45233
v -0.00667 -0.04926 -0.45853
v -0.00786 -0.05091 -0.45554
v -0.00667 -0.04934 -0.45251
v -0.00732 -0.0493 -0.45552
v -0.07474 -0.02587 0.00233
v -0.07414 -0.02405 0.00898
v -0.07331 -0.02747 -0.0031
v -0.07619 -0.0237 0.00259
v -0.07551 -0.02579 -0.00323
v -0.07299 -0.02757 -0.00548
v -0.07507 -0.02592 -0.00633
v -0.07644 -0.02377 -0.00695
v -0.07171 -0.02781 -0.00688
v -0.07699 -0.02361 -0.00333
v -0.07339 -0.02626 -0.00845
v -0.07446 -0.02418 -0.00956
v -0.07754 -0.02126 -0.00338
v -0.07671 -0.02136 0.00272
v -0.07461 -0.02172 0.00924
v -0.07461 -0.01916 0.00924
v -0.07671 -0.01916 0.00272
v -0.07209 -0.01916 0.01418
v -0.07754 -0.01916 -0.00338
v -0.07692 -0.01916 -0.00728
v -0.07209 -0.02216 0.01418
v -0.06881 -0.01916 0.01856
v -0.07692 -0.02143 -0.00728
v -0.07474 -0.01916 -0.01009
v -0.07474 -0.0219 -0.01009
v -0.07295 -0.01916 -0.01111
v -0.06881 -0.02276 0.01856
v -0.06375 -0.01916 0.02422
v -0.05867 -0.01916 0.02844
v -0.07295 -0.02224 -0.01111
v -0.07118 -0.01916 -0.01104
v -0.05867 -0.02444 0.02844
v -0.05347 -0.01916 0.03142
v -0.05347 -0.02522 0.03142
v -0.04819 -0.01916 0.03309
v -0.07118 -0.02257 -0.01104
v -0.06493 -0.01916 -0.00749
v -0.07295 -0.02447 -0.01052
v -0.04819 -0.02593 0.03309
v -0.04287 -0.01916 0.0335
v -0.07243 -0.02644 -0.00908
v -0.04289 -0.02654 0.03349
v -0.07144 -0.02473 -0.01055
v -0.07171 -0.02654 -0.00908
v -0.06493 -0.02362 -0.00749
v -0.05972 -0.01916 -0.0055
v -0.0649 -0.02585 -0.00696
v -0.05972 -0.02444 -0.0055
v -0.05441 -0.01916 -0.00448
v -0.06482 -0.02774 -0.00544
v -0.0597 -0.02667 -0.00497
v -0.05441 -0.02522 -0.00448
v -0.04905 -0.01916 -0.00434
v -0.04905 -0.02593 -0.00434
v -0.05439 -0.02745 -0.00395
v -0.04903 -0.02816 -0.0038
v -0.05962 -0.02856 -0.00346
v -0.0647 -0.029 -0.00317
v -0.05433 -0.02933 -0.00244
v -0.04897 -0.03005 -0.00229
v -0.05952 -0.02982 -0.00119
v -0.0594 -0.03026 0.00148
v -0.05423 -0.03059 -0.00017
v -0.05413 -0.03104 0.00251
v -0.04888 -0.03152 -0.00002
v -0.04402 -0.03238 -0.00146
v -0.0488 -0.03196 0.00266
v -0.04393 -0.03283 0.00121
v -0.04133 -0.03315 0.00134
v -0.04826 -0.03196 0.02611
v -0.0404 -0.03315 0.02588
v -0.03758 -0.03356 0.02338
v -0.03857 -0.0326 0.02874
v -0.04293 -0.03283 0.02651
v -0.04039 -0.03267 0.02917
v -0.03955 -0.0309 0.03108
v -0.04823 -0.03152 0.02878
v -0.0429 -0.03238 0.02918
v -0.04074 -0.03087 0.03124
v -0.04013 -0.02908 0.03267
v -0.03951 -0.02948 0.03295
v -0.04108 -0.02893 0.03268
v -0.04305 -0.03067 0.03138
v -0.04307 -0.02876 0.03287
v -0.0482 -0.02816 0.03256
v -0.04821 -0.03005 0.03105
v -0.05347 -0.02745 0.03089
v -0.05349 -0.02933 0.02938
v -0.0108 0.05187 -0.40916
v -0.01322 0.04959 -0.4048
v -0.01164 0.05194 -0.40484
v -0.0108 0.05202 -0.40053
v -0.00862 0.05346 -0.40829
v -0.01225 0.0495 -0.40972
v -0.00929 0.05351 -0.40487
v -0.01225 0.04967 -0.39989
v -0.01377 0.04681 -0.40475
v -0.00838 0.0518 -0.41281
v -0.00671 0.05341 -0.41118
v -0.00473 0.05399 -0.40924
v -0.00838 0.05209 -0.39687
v -0.00386 0.05337 -0.41311
v -0.00605 0.05403 -0.40725
v -0.00862 0.05358 -0.40145
v -0.00651 0.05407 -0.40488
v -0.00279 0.05397 -0.41055
v -0.00052 0.05396 -0.41101
v 0.00369 0.05399 -0.40924
v 0.00175 0.05397 -0.41055
v -0.00052 0.05336 -0.41378
v 0.00282 0.05337 -0.41311
v 0.00501 0.05403 -0.40725
v 0.00566 0.05341 -0.41118
v -0.00477 0.05176 -0.41525
v -0.00052 0.05175 -0.4161
v 0.00547 0.05407 -0.40488
v 0.00757 0.05346 -0.40829
v -0.0095 0.04943 -0.41388
v -0.00538 0.04938 -0.41666
v -0.01276 0.04672 -0.40987
v -0.00989 0.04664 -0.41422
v -0.01276 0.04482 -0.40985
v -0.00989 0.04475 -0.41418
v -0.01377 0.04491 -0.40472
v -0.0056 0.04659 -0.41712
v -0.0056 0.0447 -0.41709
v -0.00052 0.04467 -0.41811
v -0.01276 0.0469 -0.39963
v -0.01276 0.045 -0.3996
v -0.00989 0.04507 -0.39525
v -0.00052 0.04658 -0.41814
v -0.0095 0.04975 -0.39572
v -0.00989 0.04698 -0.39528
v -0.0056 0.04512 -0.39235
v 0.00455 0.04659 -0.41712
v 0.00455 0.0447 -0.41709
v 0.00884 0.04475 -0.41418
v -0.0056 0.04703 -0.39238
v -0.00052 0.04514 -0.39133
v -0.00538 0.0498 -0.39294
v -0.00052 0.04705 -0.39136
v -0.00477 0.05212 -0.39443
v -0.00052 0.04981 -0.39196
v -0.00052 0.05214 -0.39358
v 0.00455 0.04703 -0.39238
v 0.00455 0.04512 -0.39235
v -0.00671 0.05363 -0.39856
v -0.00386 0.05366 -0.39663
v -0.00605 0.05411 -0.40251
v -0.00473 0.05414 -0.40052
v 0.00501 0.05411 -0.40251
v 0.00369 0.05414 -0.40052
v -0.00279 0.05417 -0.39921
v 0.00825 0.05351 -0.40487
v 0.00757 0.05358 -0.40145
v 0.00175 0.05417 -0.39921
v 0.00566 0.05363 -0.39856
v -0.00052 0.05418 -0.39875
v 0.00282 0.05366 -0.39663
v -0.00052 0.05367 -0.39596
v 0.00373 0.05212 -0.39443
v 0.00734 0.05209 -0.39687
v 0.00433 0.0498 -0.39294
v 0.00846 0.04975 -0.39572
v 0.00884 0.04698 -0.39528
v 0.00884 0.04507 -0.39525
v 0.01172 0.0469 -0.39963
v 0.01172 0.045 -0.3996
v 0.01273 0.04491 -0.40472
v 0.0112 0.04967 -0.39989
v 0.01273 0.04681 -0.40475
v 0.01172 0.04482 -0.40985
v 0.00975 0.05202 -0.40053
v 0.01217 0.04959 -0.4048
v 0.0106 0.05194 -0.40484
v 0.00975 0.05187 -0.40916
v 0.0112 0.0495 -0.40972
v 0.00734 0.0518 -0.41281
v 0.01172 0.04672 -0.40987
v 0.00846 0.04943 -0.41388
v 0.00373 0.05176 -0.41525
v 0.00884 0.04664 -0.41422
v 0.00433 0.04938 -0.41666
v -0.00052 0.04936 -0.41764
v 0.0015 -0.05158 -0.09288
v 0.00405 -0.05158 -0.09232
v 0.00091 -0.05158 -0.09023
v 0.00451 -0.05158 -0.08851
v 0.00656 -0.05158 -0.09048
v 0.00187 -0.05158 -0.08749
v 0.0077 -0.05158 -0.09308
v -0.00097 -0.05158 -0.08756
v 0.00468 -0.05158 -0.09518
v 0.00776 -0.05158 -0.09591
v 0.00674 -0.05158 -0.09855
v -0.00164 -0.05158 -0.09079
v -0.00356 -0.05158 -0.0887
v -0.00552 -0.05158 -0.09075
v 0.00273 -0.05158 -0.0984
v 0.00214 -0.05158 -0.09574
v 0.00477 -0.05158 -0.1006
v 0.00218 -0.05158 -0.10174
v 0.00018 -0.05158 -0.09896
v -0.00066 -0.05158 -0.10181
v -0.0033 -0.05158 -0.10078
v -0.00296 -0.05158 -0.09687
v -0.00041 -0.05158 -0.0963
v -0.00535 -0.05158 -0.09882
v -0.00649 -0.05158 -0.09622
v -0.00359 -0.05158 -0.09401
v -0.00656 -0.05158 -0.09339
v -0.00105 -0.05158 -0.09344
v 0.00807 -0.05031 -0.09596
v 0.00699 -0.05031 -0.09872
v 0.00495 -0.05031 -0.10086
v 0.008 -0.05031 -0.09301
v 0.00224 -0.05031 -0.10204
v -0.00071 -0.05031 -0.1021
v 0.00681 -0.05031 -0.0903
v 0.00467 -0.05031 -0.08826
v -0.00347 -0.05031 -0.10104
v 0.00192 -0.05031 -0.08719
v -0.0056 -0.05031 -0.09899
v -0.00104 -0.05031 -0.08725
v -0.00679 -0.05031 -0.09629
v -0.00374 -0.05031 -0.08844
v -0.00685 -0.05031 -0.09334
v -0.00578 -0.05031 -0.09058
v 0.00382 -0.05152 -0.08693
v 0.0006 -0.04988 -0.08706
v 0.00353 -0.04988 -0.08764
v 0.0006 -0.0517 -0.08628
v 0.00655 -0.05137 -0.08875
v -0.00262 -0.05152 -0.08693
v 0.00602 -0.0499 -0.0893
v 0.00838 -0.05128 -0.09147
v 0.0006 -0.05004 -0.10236
v -0.00232 -0.04988 -0.08764
v -0.00534 -0.05137 -0.08875
v 0.00768 -0.04993 -0.09178
v -0.00232 -0.05003 -0.10178
v 0.00908 -0.05128 -0.09469
v 0.00832 -0.04996 -0.09471
v 0.00768 -0.04999 -0.09764
v 0.00838 -0.05136 -0.09791
v 0.00602 -0.05001 -0.10012
v 0.00655 -0.05149 -0.10064
v 0.00353 -0.05003 -0.10178
v 0.00382 -0.05168 -0.10246
v 0.0006 -0.05188 -0.1031
v -0.00262 -0.05168 -0.10246
v -0.00534 -0.05149 -0.10064
v -0.0048 -0.05001 -0.10012
v -0.00716 -0.05136 -0.09791
v -0.0048 -0.0499 -0.0893
v -0.00716 -0.05128 -0.09147
v -0.00646 -0.04999 -0.09764
v -0.00786 -0.05128 -0.09469
v -0.00646 -0.04993 -0.09178
v -0.00711 -0.04996 -0.09471
v 0.00029 -0.05047 -0.09878
v 0.00196 -0.05047 -0.09562
v -0.0003 -0.05047 -0.09612
v 0.00254 -0.05047 -0.09828
v 0.0045 -0.05047 -0.09506
v 0.00393 -0.05047 -0.0925
v 0.00139 -0.05047 -0.09306
v -0.00087 -0.05047 -0.09356
v -0.00284 -0.05047 -0.09668
v -0.00341 -0.05047 -0.09412
v -0.00146 -0.05047 -0.0909
v 0.0008 -0.05047 -0.09041
v -0.03629 -0.03261 0.03481
v -0.03371 -0.03326 0.03564
v -0.02395 -0.03997 0.03876
v -0.03843 -0.03114 0.03327
v -0.03586 -0.03274 0.02811
v -0.03848 -0.03109 0.03233
v -0.03281 -0.03456 0.01685
v -0.03593 -0.03265 0.02751
v -0.03874 -0.03103 0.0315
v -0.03714 -0.03261 0.02828
v -0.03335 -0.03442 0.01675
v -0.03536 -0.03399 0.02026
v -0.03323 -0.03452 0.00992
v -0.03599 -0.03393 0.00663
v -0.03837 -0.03351 0.0034
v -0.03392 -0.03433 0.01003
v -0.03707 -0.03257 -0.00239
v -0.03649 -0.03264 -0.0025
v -0.03854 -0.03258 -0.0027
v -0.03975 -0.03106 -0.00724
v -0.03989 -0.03259 -0.00299
v -0.04007 -0.031 -0.00626
v -0.0408 -0.03089 -0.00574
v -0.03972 -0.03113 -0.00839
v -0.04081 -0.02946 -0.00829
v -0.04134 -0.02908 -0.0079
v -0.04116 -0.0292 -0.01009
v -0.04152 -0.03261 -0.00273
v -0.04173 -0.02698 -0.00993
v -0.04205 -0.029 -0.00765
v -0.04189 -0.03089 -0.00555
v 0.00338 -0.04513 -0.02811
v 0.00235 -0.04526 -0.03061
v 0.00474 -0.04531 -0.03159
v 0.00729 -0.04516 -0.02877
v 0.00784 -0.04531 -0.03153
v 0.00573 -0.04503 -0.02642
v 0.00729 -0.04545 -0.0343
v 0.00337 -0.04495 -0.02485
v 0.00573 -0.04558 -0.03665
v 0.00337 -0.04565 -0.03821
v 0.00098 -0.04507 -0.02711
v 0.0006 -0.04493 -0.02431
v -0.00217 -0.04495 -0.02485
v 0.0006 -0.04568 -0.03876
v -0.00217 -0.04565 -0.03821
v -0.00451 -0.04558 -0.03665
v -0.00608 -0.04545 -0.0343
v -0.00664 -0.04531 -0.03153
v -0.00608 -0.04516 -0.02877
v -0.00245 -0.04515 -0.02861
v -0.00451 -0.04503 -0.02642
v -0.00006 -0.04521 -0.02961
v -0.0073 -0.04401 -0.03164
v -0.00716 -0.04534 -0.02832
v -0.0079 -0.0455 -0.03154
v -0.00716 -0.0457 -0.03476
v -0.00661 -0.04385 -0.02864
v -0.00661 -0.04417 -0.03463
v -0.00491 -0.04372 -0.02609
v -0.00534 -0.04522 -0.0256
v -0.00491 -0.0443 -0.03719
v -0.00534 -0.04589 -0.03749
v -0.00236 -0.04363 -0.02439
v -0.00262 -0.04518 -0.02378
v -0.00236 -0.04438 -0.03888
v -0.00262 -0.04604 -0.03931
v 0.0006 -0.04621 -0.03995
v 0.00059 -0.0436 -0.02379
v 0.0006 -0.04525 -0.02314
v 0.00382 -0.04517 -0.02378
v 0.00116 -0.04441 -0.03937
v 0.00382 -0.04609 -0.03931
v 0.00358 -0.04363 -0.02439
v 0.00655 -0.04519 -0.0256
v 0.00358 -0.04438 -0.03888
v 0.00655 -0.04589 -0.03749
v 0.00613 -0.04372 -0.02609
v 0.00838 -0.04529 -0.02832
v 0.00613 -0.0443 -0.03719
v 0.00838 -0.04566 -0.03476
v 0.00783 -0.04385 -0.02864
v 0.00783 -0.04417 -0.03463
v 0.00852 -0.04401 -0.03164
v 0.0091 -0.04547 -0.03154
v 0.0006 -0.04364 -0.02407
v 0.00349 -0.04367 -0.02464
v 0.00594 -0.04376 -0.02628
v -0.00228 -0.04367 -0.02464
v 0.00757 -0.04389 -0.02871
v -0.00473 -0.04376 -0.02628
v 0.00814 -0.04404 -0.0316
v 0.00757 -0.04419 -0.03448
v -0.00636 -0.04389 -0.02871
v 0.00594 -0.04432 -0.03693
v -0.00694 -0.04404 -0.0316
v -0.00636 -0.04419 -0.03448
v 0.00349 -0.0444 -0.03856
v -0.00473 -0.04432 -0.03693
v 0.0006 -0.04444 -0.03913
v -0.00228 -0.0444 -0.03856
v 0.00508 -0.04869 -0.56712
v 0.00693 -0.04869 -0.56927
v 0.00254 -0.04869 -0.56584
v 0.00782 -0.04869 -0.57196
v -0.00028 -0.04869 -0.56563
v 0.00761 -0.04869 -0.57479
v 0.00633 -0.04869 -0.57732
v -0.00298 -0.04869 -0.56652
v -0.00512 -0.04869 -0.56838
v 0.00418 -0.04869 -0.57917
v 0.00149 -0.04869 -0.58006
v -0.00023 -0.04869 -0.57709
v -0.00134 -0.04869 -0.57985
v -0.00387 -0.04869 -0.57857
v -0.00315 -0.04869 -0.57471
v -0.00057 -0.04869 -0.5744
v -0.00572 -0.04869 -0.57643
v -0.00661 -0.04869 -0.57373
v -0.0064 -0.04869 -0.5709
v 0.00319 -0.04402 -0.02825
v -0.00237 -0.04405 -0.02887
v 0.00215 -0.04415 -0.03074
v 0.00106 -0.04397 -0.02737
v 0.00454 -0.0442 -0.03173
v 0.0104 0.05285 -0.18605
v -0.01102 0.05285 -0.19032
v 0.01149 0.05285 -0.18809
v 0.01494 0.05216 -0.18664
v 0.01583 0.05216 -0.18957
v 0.01901 0.05022 -0.18901
v 0.01217 0.05285 -0.19031
v 0.01614 0.05216 -0.1928
v 0.0124 0.05285 -0.1928
v -0.00537 -0.04742 -0.56819
v -0.00669 -0.04742 -0.57082
v -0.00312 -0.04742 -0.56625
v -0.00691 -0.04742 -0.57377
v -0.00032 -0.04742 -0.56533
v -0.00599 -0.04742 -0.57657
v -0.00406 -0.04742 -0.57882
v 0.00263 -0.04742 -0.56555
v -0.00142 -0.04742 -0.58015
v 0.00527 -0.04742 -0.56688
v 0.0072 -0.04742 -0.56912
v 0.00153 -0.04742 -0.58036
v 0.00433 -0.04742 -0.57944
v 0.00812 -0.04742 -0.57193
v 0.00791 -0.04742 -0.57487
v 0.00657 -0.04742 -0.57751
v -0.0001 -0.04758 -0.57693
v -0.00044 -0.04758 -0.57423
v -0.00302 -0.04758 -0.57455
v 0.00655 -0.04903 -0.57877
v 0.00352 -0.04733 -0.58014
v 0.00382 -0.04922 -0.58059
v 0.00059 -0.04734 -0.58074
v 0.0006 -0.04943 -0.58123
v -0.00262 -0.04929 -0.58059
v -0.00233 -0.04736 -0.58014
v -0.00534 -0.04912 -0.57877
v -0.00487 -0.04737 -0.57844
v 0.00607 -0.04731 -0.57844
v -0.00658 -0.04738 -0.5759
v -0.00716 -0.049 -0.57604
v 0.00776 -0.0473 -0.5759
v 0.00838 -0.04892 -0.57604
v -0.00717 -0.04739 -0.57289
v -0.0078 -0.04896 -0.57282
v 0.00836 -0.04729 -0.57289
v 0.00901 -0.04887 -0.57282
v -0.00658 -0.04738 -0.56989
v -0.00716 -0.049 -0.5696
v 0.00776 -0.04729 -0.56989
v 0.00838 -0.04892 -0.5696
v -0.00487 -0.04737 -0.56734
v -0.00534 -0.0491 -0.56687
v 0.00607 -0.0473 -0.56734
v 0.00655 -0.04903 -0.56687
v -0.00233 -0.04735 -0.56564
v -0.00262 -0.04926 -0.56506
v 0.00352 -0.04731 -0.56564
v 0.00382 -0.04922 -0.56506
v 0.0006 -0.04734 -0.56504
v 0.0006 -0.04943 -0.56441
v 0.0084 0.0243 0.08962
v 0.0084 0.01336 0.08962
v 0.00809 -0.04848 0.00949
v -0.00689 -0.04848 0.00949
v 0.00978 -0.04848 0.0073
v -0.00857 -0.04848 0.0073
v -0.00469 -0.04848 0.01118
v 0.00979 -0.04608 0.01119
v -0.01065 -0.04608 0.0085
v 0.01084 -0.04848 0.00474
v -0.00858 -0.04608 0.01119
v -0.00858 -0.04058 0.01119
v -0.00589 -0.04058 0.01325
v -0.01065 -0.04058 0.0085
v -0.00589 -0.04608 0.01325
v -0.00276 -0.04058 0.01455
v -0.01194 -0.04608 0.00536
v -0.01194 -0.04058 0.00536
v -0.00276 -0.04608 0.01455
v 0.0006 -0.04058 0.01499
v -0.00214 -0.04848 0.01223
v 0.0006 -0.04848 0.0126
v 0.0006 -0.04608 0.01499
v 0.00397 -0.04058 0.01455
v 0.00335 -0.04848 0.01223
v 0.0059 -0.04848 0.01118
v 0.00397 -0.04608 0.01455
v 0.0071 -0.04058 0.01325
v 0.0071 -0.04608 0.01325
v 0.00979 -0.04058 0.01119
v 0.01185 -0.04058 0.0085
v 0.01185 -0.04608 0.0085
v 0.01315 -0.04058 0.00536
v 0.01315 -0.04608 0.00536
v 0.01359 -0.04058 0.002
v 0.01359 -0.04608 0.002
v 0.01315 -0.04058 -0.00135
v 0.01315 -0.04608 -0.00135
v 0.01185 -0.04058 -0.00449
v 0.0112 -0.04848 0.002
v -0.00963 -0.04848 0.00474
v 0.01185 -0.04608 -0.00449
v 0.00979 -0.04058 -0.00718
v -0.01239 -0.04608 0.002
v -0.01239 -0.04058 0.002
v -0.00999 -0.04848 0.002
v -0.01194 -0.04608 -0.00135
v -0.01194 -0.04058 -0.00135
v 0.01084 -0.04848 -0.00074
v -0.00963 -0.04848 -0.00074
v -0.01065 -0.04608 -0.00449
v -0.01065 -0.04058 -0.00449
v 0.00978 -0.04848 -0.0033
v -0.00857 -0.04848 -0.0033
v -0.00858 -0.04608 -0.00718
v -0.00858 -0.04058 -0.00718
v 0.00809 -0.04848 -0.00549
v -0.00689 -0.04848 -0.00549
v -0.00589 -0.04608 -0.00924
v -0.00589 -0.04058 -0.00924
v 0.00979 -0.04608 -0.00718
v 0.0071 -0.04058 -0.00924
v 0.0059 -0.04848 -0.00717
v 0.0071 -0.04608 -0.00924
v 0.00397 -0.04058 -0.01054
v -0.00469 -0.04848 -0.00717
v -0.00276 -0.04608 -0.01054
v -0.00276 -0.04058 -0.01054
v 0.00397 -0.04608 -0.01054
v 0.0006 -0.04058 -0.01099
v 0.00335 -0.04848 -0.00823
v 0.0006 -0.04608 -0.01099
v 0.0006 -0.04848 -0.00859
v -0.00214 -0.04848 -0.00823
v 0.0006 0.04426 -0.44825
v -0.00218 0.04425 -0.4488
v 0.00339 0.04425 -0.4488
v -0.00454 0.04423 -0.45038
v 0.00575 0.04423 -0.45038
v -0.00611 0.04418 -0.45274
v -0.00666 0.04413 -0.45552
v 0.00732 0.04418 -0.45274
v 0.00788 0.04413 -0.45552
v -0.00611 0.04409 -0.45829
v -0.00454 0.04405 -0.46065
v -0.00141 0.04407 -0.45932
v -0.00218 0.04402 -0.46223
v 0.0006 0.04401 -0.46278
v 0.00235 0.04407 -0.45924
v 0.00051 0.0441 -0.4574
v 0.00339 0.04402 -0.46223
v 0.00575 0.04405 -0.46065
v 0.00732 0.04409 -0.45829
v -0.00229 0.04299 -0.4485
v 0.0006 0.043 -0.44792
v -0.00475 0.04296 -0.45014
v 0.0035 0.04299 -0.4485
v -0.00639 0.04292 -0.45259
v 0.00596 0.04296 -0.45014
v -0.00697 0.04287 -0.45549
v 0.0076 0.04292 -0.45259
v -0.00639 0.04282 -0.45839
v -0.00475 0.04278 -0.46085
v 0.00818 0.04287 -0.45549
v -0.00229 0.04275 -0.46249
v 0.0076 0.04282 -0.45839
v 0.00596 0.04278 -0.46085
v 0.0006 0.04273 -0.46306
v 0.0035 0.04275 -0.46249
v 0.00051 0.043 -0.45716
v 0.00235 0.04296 -0.459
v -0.00141 0.04296 -0.45908
v 0.04224 0.03015 -0.45554
v 0.04227 0.02874 -0.42098
v 0.04325 0.0287 -0.37173
v 0.04526 0.01242 -0.37172
v 0.04651 0.01242 -0.32456
v 0.04258 0.0308 -0.37173
v 0.04162 0.03084 -0.42098
v 0.04064 0.03173 -0.45554
v 0.04444 0.02906 -0.32453
v 0.04512 0.02831 -0.22512
v 0.04721 0.01242 -0.2251
v 0.02615 0.04014 -0.47047
v 0.0445 0.02792 -0.1928
v 0.04656 0.01242 -0.1928
v 0.02599 0.04039 -0.45554
v 0.04004 0.03239 -0.42098
v 0.04096 0.03241 -0.37169
v 0.02561 0.04095 -0.42095
v 0.00904 0.04417 -0.45554
v 0.02621 0.04153 -0.37147
v 0.00838 0.04416 -0.45876
v 0.00895 0.04467 -0.42094
v 0.00838 0.04425 -0.45233
v 0.00655 0.04439 -0.4496
v 0.00382 0.04457 -0.44778
v 0.00061 0.04476 -0.44714
v 0.00061 0.04514 -0.42094
v 0.00915 0.0456 -0.37134
v 0.00061 0.04611 -0.37133
v -0.00773 0.04467 -0.42094
v -0.00262 0.04457 -0.44778
v -0.00534 0.04439 -0.4496
v -0.00716 0.04425 -0.45233
v -0.00786 0.04417 -0.45554
v 0.00938 0.04689 -0.32453
v 0.00061 0.04726 -0.22512
v 0.02691 0.04251 -0.32453
v 0.00951 0.04669 -0.22512
v 0.04209 0.03286 -0.32453
v 0.02731 0.04213 -0.22512
v 0.04375 0.03117 -0.32453
v 0.04273 0.03217 -0.22512
v 0.04442 0.03044 -0.22512
v 0.0438 0.03007 -0.1928
v 0.04214 0.03178 -0.1928
v 0.04314 0.02966 -0.15754
v 0.04382 0.0275 -0.15754
v 0.04585 0.01242 -0.15744
v 0.04329 0.02714 -0.09469
v 0.04531 0.01242 -0.09469
v 0.04263 0.02932 -0.09469
v 0.0415 0.03135 -0.15754
v 0.02694 0.04153 -0.1928
v 0.04297 0.02692 -0.05572
v 0.04497 0.01242 -0.05574
v 0.04427 0.01242 -0.05389
v 0.0423 0.02715 -0.05389
v 0.0423 0.02909 -0.05572
v 0.04209 0.02885 -0.05413
v 0.041 0.03099 -0.09469
v 0.04069 0.02989 -0.05387
v 0.04069 0.03076 -0.05572
v 0.02653 0.04087 -0.15754
v -0.05867 0.01242 0.02844
v -0.06375 0.01688 0.02422
v -0.06375 0.01242 0.02422
v -0.06881 0.01601 0.01856
v -0.06881 0.01242 0.01856
v -0.06376 0.01911 0.02369
v -0.07209 0.01542 0.01418
v -0.07209 0.01242 0.01418
v -0.06847 0.01831 0.01812
v -0.07168 0.01774 0.01382
v -0.07461 0.01498 0.00924
v -0.07461 0.01242 0.00924
v -0.07414 0.01731 0.00898
v -0.07043 0.01988 0.01309
v -0.07671 0.01462 0.00272
v -0.07671 0.01242 0.00272
v -0.07619 0.01696 0.00259
v -0.07277 0.01946 0.00848
v -0.07754 0.01452 -0.00338
v -0.07754 0.01242 -0.00338
v -0.07692 0.01242 -0.00728
v -0.07699 0.01687 -0.00333
v -0.07692 0.01469 -0.00728
v -0.07474 0.01242 -0.01009
v -0.07644 0.01703 -0.00695
v -0.07474 0.01516 -0.01009
v -0.07295 0.01242 -0.01111
v -0.07295 0.0155 -0.01111
v -0.07118 0.01242 -0.01104
v -0.07446 0.01744 -0.00956
v -0.07507 0.01918 -0.00633
v -0.07551 0.01905 -0.00323
v -0.07118 0.01583 -0.01104
v -0.06493 0.01242 -0.00749
v -0.07295 0.01773 -0.01052
v -0.07339 0.01951 -0.00845
v -0.07299 0.02083 -0.00548
v -0.06493 0.01688 -0.00749
v -0.05972 0.01242 -0.0055
v -0.07144 0.01798 -0.01055
v -0.07243 0.0197 -0.00908
v -0.07171 0.02107 -0.00688
v -0.07171 0.0198 -0.00908
v -0.0649 0.01911 -0.00696
v -0.05972 0.0177 -0.0055
v -0.05441 0.01242 -0.00448
v -0.06482 0.021 -0.00544
v -0.0597 0.01993 -0.00497
v -0.05441 0.01848 -0.00448
v -0.0441 -0.03069 -0.00373
v -0.04416 -0.02881 -0.00524
v -0.04416 -0.02658 -0.00578
v -0.0417 -0.01916 -0.00965
v -0.04237 -0.01916 -0.03154
v -0.04416 -0.01916 -0.00578
v -0.04238 -0.02778 -0.03154
v -0.04297 -0.01916 -0.05055
v -0.04297 -0.02848 -0.05055
v -0.04284 -0.01916 -0.05138
v -0.04183 -0.03002 -0.03154
v -0.04284 -0.02851 -0.05138
v -0.04243 -0.01916 -0.05209
v -0.04244 -0.0286 -0.05209
v -0.04242 -0.03074 -0.05055
v -0.04231 -0.03072 -0.05138
v -0.04194 -0.03067 -0.05209
v -0.04028 -0.03216 -0.03154
v -0.04084 -0.033 -0.05055
v -0.04077 -0.03292 -0.05138
v -0.04051 -0.0327 -0.05209
v -0.0383 -0.03458 -0.05209
v -0.03843 -0.03489 -0.05138
v -0.03553 -0.03603 -0.05209
v -0.03564 -0.03637 -0.05138
v -0.02542 -0.0424 -0.05209
v -0.03848 -0.03501 -0.05055
v -0.02551 -0.04274 -0.05138
v -0.00809 -0.04608 -0.05209
v -0.03567 -0.03648 -0.05055
v -0.03794 -0.03391 -0.03154
v -0.03514 -0.03502 -0.03154
v -0.03964 -0.03119 -0.0095
v -0.03732 -0.03262 -0.00925
v -0.03452 -0.03329 -0.00903
v -0.02518 -0.04219 -0.03154
v -0.02475 -0.04139 -0.00826
v -0.02554 -0.04285 -0.05054
v -0.00786 -0.0442 -0.00826
v -0.0081 -0.04656 -0.05054
v -0.0081 -0.04643 -0.05138
v 0.00062 -0.04638 -0.05209
v 0.00062 -0.04674 -0.05138
v 0.00062 -0.04686 -0.05054
v 0.00933 -0.04656 -0.05054
v 0.00933 -0.04643 -0.05138
v 0.00931 -0.04608 -0.05209
v 0.02674 -0.04273 -0.05138
v 0.02665 -0.0424 -0.05209
v 0.02676 -0.04285 -0.05054
v 0.02638 -0.0422 -0.03154
v 0.0369 -0.03648 -0.05055
v 0.03687 -0.03637 -0.05138
v 0.03675 -0.03603 -0.05209
v 0.03967 -0.03489 -0.05138
v 0.03953 -0.03457 -0.05209
v 0.0397 -0.035 -0.05055
v 0.04199 -0.03292 -0.05138
v 0.04174 -0.03269 -0.05209
v 0.04318 -0.03066 -0.05209
v 0.04206 -0.033 -0.05055
v 0.04354 -0.03072 -0.05138
v 0.04367 -0.0286 -0.05209
v 0.04408 -0.0285 -0.05138
v 0.04366 -0.01916 -0.05209
v 0.04407 -0.01916 -0.05138
v 0.04365 -0.03074 -0.05055
v 0.0442 -0.02847 -0.05055
v 0.0442 -0.01916 -0.05055
v 0.04359 -0.02778 -0.03154
v 0.0436 -0.01916 -0.03154
v 0.04302 -0.03002 -0.03154
v 0.04148 -0.03216 -0.03154
v 0.04231 -0.02922 -0.01012
v 0.04291 -0.02698 -0.00987
v 0.04292 -0.01916 -0.00989
v 0.03914 -0.03391 -0.03154
v 0.0408 -0.03119 -0.0095
v 0.04088 -0.03114 -0.00914
v 0.03634 -0.03502 -0.03154
v 0.03848 -0.03262 -0.00925
v 0.04197 -0.02948 -0.00883
v 0.03568 -0.03329 -0.00903
v 0.02592 -0.04139 -0.00826
v 0.03802 -0.03274 -0.00399
v 0.0345 -0.03456 0.00727
v 0.00903 -0.0442 -0.00826
v 0.02517 -0.03996 0.03876
v 0.00058 -0.04438 -0.00826
v 0.0088 -0.04222 0.03876
v -0.00757 -0.04222 0.03876
v 0.00061 -0.04232 0.03876
v 0.0088 -0.03893 0.0621
v 0.02517 -0.03718 0.05881
v 0.02517 -0.03539 0.065
v 0.03509 -0.03111 0.06101
v 0.03509 -0.03205 0.05483
v 0.03493 -0.03326 0.03564
v 0.03402 -0.03452 0.01421
v 0.0347 -0.03433 0.01409
v 0.03505 -0.03442 0.00738
v 0.03807 -0.03265 -0.00338
v 0.03721 -0.03399 0.00386
v 0.04089 -0.03109 -0.00821
v 0.03935 -0.03261 -0.00416
v 0.03961 -0.03356 0.00074
v 0.04112 -0.03103 -0.00737
v 0.04084 -0.0326 -0.00462
v 0.04193 -0.0309 -0.00696
v 0.04261 -0.02908 -0.00854
v 0.04271 -0.03267 -0.00505
v 0.04317 -0.03087 -0.00712
v 0.04358 -0.02893 -0.00856
v 0.04549 -0.02654 -0.00937
v 0.04546 -0.01916 -0.00937
v 0.04259 -0.03315 -0.00176
v 0.05093 -0.02593 -0.00897
v 0.05093 -0.01916 -0.00897
v 0.04564 -0.02876 -0.00875
v 0.05576 -0.02522 -0.0073
v 0.05576 -0.01916 -0.0073
v 0.05091 -0.02816 -0.00843
v 0.05574 -0.02745 -0.00677
v 0.06089 -0.02444 -0.00432
v 0.06089 -0.01916 -0.00432
v 0.06086 -0.02667 -0.00379
v 0.06577 -0.02362 -0.0001
v 0.06577 -0.01916 -0.0001
v 0.05085 -0.03005 -0.00693
v 0.05567 -0.02933 -0.00525
v 0.04555 -0.03067 -0.00726
v 0.05075 -0.03152 -0.00465
v 0.0453 -0.03238 -0.00506
v 0.04521 -0.03283 -0.00239
v 0.05557 -0.03059 -0.00299
v 0.05065 -0.03196 -0.00198
v 0.06079 -0.02856 -0.00227
v 0.05547 -0.03104 -0.00031
v 0.06068 -0.02982 -0.00001
v 0.06575 -0.02585 0.00043
v 0.06566 -0.02774 0.00224
v 0.04955 -0.03196 0.02147
v 0.06058 -0.03026 0.00267
v 0.06557 -0.029 0.00451
v 0.04419 -0.03283 0.02291
v 0.05482 -0.03104 0.02162
v 0.04166 -0.03315 0.02278
v 0.04951 -0.03152 0.02414
v 0.04416 -0.03238 0.02559
v 0.05478 -0.03059 0.02429
v 0.04948 -0.03005 0.02641
v 0.05998 -0.03026 0.02264
v 0.06543 -0.02945 0.00794
v 0.05993 -0.02982 0.02531
v 0.05474 -0.02933 0.02656
v 0.06496 -0.02945 0.02463
v 0.06706 -0.0288 0.00673
v 0.04946 -0.02816 0.02792
v 0.06879 -0.02717 0.0064
v 0.06972 -0.02827 0.01205
v 0.06798 -0.02915 0.01353
v 0.07012 -0.02505 0.006
v 0.07173 -0.02662 0.01104
v 0.07162 -0.02788 0.01631
v 0.0694 -0.0288 0.01734
v 0.07049 -0.02276 0.00557
v 0.07049 -0.01916 0.00557
v 0.07304 -0.02448 0.01031
v 0.07347 -0.02216 0.00994
v 0.07347 -0.01916 0.00994
v 0.07373 -0.02621 0.01564
v 0.07513 -0.02405 0.01514
v 0.07562 -0.02172 0.01488
v 0.07562 -0.01916 0.01488
v 0.07305 -0.02756 0.02211
v 0.07522 -0.02587 0.02178
v 0.07667 -0.0237 0.02154
v 0.0772 -0.02136 0.02141
v 0.0772 -0.01916 0.02141
v 0.07058 -0.02851 0.02263
v 0.0734 -0.02747 0.02722
v 0.07556 -0.02579 0.02735
v 0.07701 -0.02361 0.02745
v 0.07754 -0.02126 0.0275
v 0.07754 -0.01916 0.0275
v 0.07664 -0.01916 0.0314
v 0.07664 -0.02143 0.0314
v 0.07429 -0.01916 0.03422
v 0.07619 -0.02377 0.03107
v 0.07429 -0.0219 0.03422
v 0.07247 -0.01915 0.03524
v 0.07489 -0.02592 0.03045
v 0.07406 -0.02418 0.03368
v 0.07247 -0.02224 0.03524
v 0.07074 -0.01915 0.03516
v 0.07074 -0.02257 0.03516
v 0.06487 -0.01916 0.03161
v 0.07251 -0.02447 0.03464
v 0.0731 -0.02626 0.03257
v 0.07292 -0.02757 0.02961
v 0.06487 -0.02362 0.03161
v 0.05988 -0.01916 0.02963
v 0.07103 -0.02473 0.03467
v 0.07211 -0.02644 0.03321
v 0.07156 -0.02781 0.03101
v 0.07092 -0.0284 0.02723
v 0.06492 -0.029 0.0273
v 0.0714 -0.02654 0.0332
v 0.06489 -0.02774 0.02956
v 0.0599 -0.02856 0.02758
v 0.06487 -0.02585 0.03108
v 0.05988 -0.02667 0.02909
v 0.05473 -0.02745 0.02808
v 0.05988 -0.02444 0.02963
v 0.05472 -0.01916 0.0286
v 0.05472 -0.02522 0.0286
v 0.04945 -0.01916 0.02845
v 0.04945 -0.02593 0.02845
v 0.04412 -0.01916 0.02989
v 0.04412 -0.02658 0.0299
v 0.04414 -0.02881 0.02937
v 0.04415 -0.03069 0.02785
v 0.04168 -0.03261 0.02685
v 0.04192 -0.03089 0.02967
v 0.04199 -0.029 0.03177
v 0.04086 -0.03089 0.02987
v 0.04129 -0.02908 0.03202
v 0.04007 -0.03259 0.02712
v 0.04012 -0.031 0.03039
v 0.03884 -0.03351 0.02072
v 0.03877 -0.03258 0.02682
v 0.03662 -0.03393 0.0175
v 0.03735 -0.03257 0.02651
v -0.00241 0.04245 -0.46279
v -0.00241 0.04266 -0.44824
v 0.0006 0.04244 -0.46339
v -0.00496 0.04248 -0.46109
v -0.00716 0.04416 -0.45876
v -0.00496 0.04264 -0.44995
v -0.00667 0.04252 -0.45853
v -0.00667 0.0426 -0.45251
v -0.00732 0.04256 -0.45552
v 0.00061 0.04267 -0.44764
v 0.00362 0.04245 -0.46279
v 0.00362 0.04266 -0.44824
v 0.00617 0.04248 -0.46109
v 0.00617 0.04264 -0.44995
v 0.00789 0.04252 -0.45853
v 0.00789 0.0426 -0.45251
v 0.00851 0.04256 -0.45552
v -0.04412 0.01242 -0.05337
v -0.04244 0.00566 -0.00986
v -0.04244 0.01242 -0.00986
v -0.04463 0.01242 -0.0064
v -0.04412 0.00565 -0.05337
v -0.04463 0.00565 -0.0064
v -0.04543 0.01242 -0.15742
v -0.04914 0.00565 -0.00507
v -0.04543 0.00565 -0.15742
v -0.04914 0.01242 -0.00506
v -0.04613 0.01242 -0.1928
v -0.05433 0.01242 -0.00522
v -0.04613 0.00565 -0.1928
v -0.05433 0.00565 -0.00522
v -0.04678 0.01242 -0.2251
v -0.05952 0.01242 -0.00621
v -0.04678 0.00565 -0.2251
v -0.05952 0.00565 -0.00621
v -0.04608 0.01242 -0.32458
v -0.06462 0.01242 -0.00815
v -0.04608 0.00565 -0.32458
v -0.06462 0.00565 -0.00815
v -0.04483 0.01242 -0.37175
v -0.07097 0.01242 -0.01176
v -0.04483 0.00565 -0.37175
v -0.07097 0.00565 -0.01176
v -0.0438 0.01242 -0.42099
v -0.07313 0.01242 -0.01186
v -0.0438 0.00565 -0.42099
v -0.07313 0.00565 -0.01186
v -0.04476 0.01242 -0.4703
v -0.07523 0.00565 -0.01066
v -0.04476 0.00565 -0.4703
v -0.07523 0.01242 -0.01066
v -0.04611 0.01242 -0.49561
v -0.07762 0.00565 -0.00758
v -0.04611 0.00565 -0.49561
v -0.07762 0.01242 -0.00758
v -0.04653 0.01242 -0.52455
v -0.07828 0.00565 -0.00339
v -0.04653 0.00565 -0.52455
v -0.07828 0.01242 -0.00338
v -0.04818 0.01242 -0.55629
v -0.07742 0.00565 0.00287
v -0.04818 0.00565 -0.55629
v -0.07742 0.01241 0.00287
v -0.05273 0.01242 -0.58518
v -0.07529 0.00565 0.00951
v -0.05273 0.00565 -0.58518
v -0.07529 0.01241 0.00951
v -0.07272 0.00565 0.01457
v -0.07272 0.01241 0.01457
v -0.06938 0.00565 0.01902
v -0.06938 0.01241 0.01902
v -0.06426 0.00565 0.02475
v -0.06426 0.01241 0.02475
v -0.05909 0.00565 0.02904
v -0.05909 0.01241 0.02904
v -0.05377 0.00565 0.0321
v -0.05377 0.01241 0.0321
v -0.04833 0.00565 0.03381
v -0.04833 0.01241 0.03381
v -0.0429 0.00565 0.03423
v -0.0429 0.01241 0.03423
v -0.00719 0.01336 0.08962
v -0.00719 0.0243 0.08962
v 0.04534 -0.01915 -0.05337
v 0.04534 -0.01239 -0.05337
v 0.04664 -0.01915 -0.15742
v 0.04664 -0.01239 -0.15742
v 0.04735 -0.01239 -0.1928
v 0.04735 -0.01916 -0.1928
v 0.048 -0.01239 -0.2251
v 0.048 -0.01916 -0.2251
v 0.0473 -0.01239 -0.32458
v 0.0473 -0.01916 -0.32458
v 0.04605 -0.01239 -0.37175
v 0.04605 -0.01916 -0.37175
v 0.04502 -0.01916 -0.42099
v 0.04502 -0.01238 -0.42099
v 0.04597 -0.01238 -0.4703
v 0.04597 -0.01916 -0.4703
v 0.04733 -0.01239 -0.49561
v 0.04733 -0.01916 -0.49561
v 0.04774 -0.01239 -0.52455
v 0.04774 -0.01916 -0.52455
v 0.0494 -0.01239 -0.55629
v 0.0494 -0.01916 -0.55629
v 0.05394 -0.01239 -0.58518
v 0.05394 -0.01916 -0.58518
v 0.06176 -0.01239 -0.61171
v 0.06176 -0.01916 -0.61171
v 0.048 0.01242 -0.2251
v 0.0473 0.00565 -0.32458
v 0.0473 0.01242 -0.32458
v 0.04605 0.00565 -0.37175
v 0.048 0.00565 -0.2251
v 0.04605 0.01242 -0.37175
v 0.04735 0.01242 -0.1928
v 0.04502 0.00565 -0.42099
v 0.04735 0.00565 -0.1928
v 0.04502 0.01242 -0.42099
v 0.04664 0.01242 -0.15742
v 0.04597 0.00565 -0.4703
v 0.04664 0.00565 -0.15742
v 0.04597 0.01242 -0.4703
v 0.04534 0.00565 -0.05337
v 0.04733 0.00565 -0.49561
v 0.04534 0.01242 -0.05337
v 0.04733 0.01242 -0.49561
v 0.04774 0.00565 -0.52455
v 0.04774 0.01242 -0.52455
v 0.0494 0.00565 -0.55629
v 0.0494 0.01242 -0.55629
v 0.05394 0.00565 -0.58518
v 0.05394 0.01242 -0.58518
v 0.06176 0.00565 -0.61171
v 0.06176 0.01242 -0.61171
v 0.00656 0.0447 -0.09048
v 0.0077 0.0447 -0.09308
v 0.00405 0.0447 -0.09232
v 0.00451 0.0447 -0.08851
v 0.00468 0.0447 -0.09518
v 0.00776 0.0447 -0.09591
v 0.00674 0.0447 -0.09855
v 0.00091 0.0447 -0.09023
v 0.0015 0.0447 -0.09288
v 0.00187 0.0447 -0.08749
v -0.00097 0.0447 -0.08756
v -0.00164 0.0447 -0.09079
v -0.00356 0.0447 -0.0887
v -0.00552 0.0447 -0.09075
v -0.00359 0.0447 -0.09401
v -0.00105 0.0447 -0.09344
v -0.00656 0.0447 -0.09339
v -0.00649 0.0447 -0.09622
v -0.00296 0.0447 -0.09687
v -0.00535 0.0447 -0.09882
v -0.0033 0.0447 -0.10078
v 0.00018 0.0447 -0.09896
v -0.00041 0.0447 -0.0963
v -0.00066 0.0447 -0.10181
v 0.00218 0.0447 -0.10174
v 0.00273 0.0447 -0.0984
v 0.00477 0.0447 -0.1006
v 0.00214 0.0447 -0.09574
v 0.00192 0.04343 -0.08719
v 0.00467 0.04343 -0.08826
v -0.00104 0.04343 -0.08725
v 0.00681 0.04343 -0.0903
v 0.008 0.04343 -0.09301
v -0.00374 0.04343 -0.08844
v 0.00807 0.04343 -0.09596
v -0.00578 0.04343 -0.09058
v -0.00685 0.04343 -0.09334
v 0.00699 0.04343 -0.09872
v 0.00495 0.04343 -0.10086
v -0.00679 0.04343 -0.09629
v 0.00224 0.04343 -0.10204
v -0.0056 0.04343 -0.09899
v -0.00071 0.04343 -0.1021
v -0.00347 0.04343 -0.10104
v 0.0006 0.04314 -0.08706
v 0.0006 0.04329 -0.10236
v -0.00232 0.04314 -0.08764
v -0.00262 0.04477 -0.08693
v -0.00534 0.04463 -0.08875
v 0.0006 0.04496 -0.08628
v 0.00382 0.04477 -0.08693
v -0.0048 0.04316 -0.0893
v -0.00716 0.04454 -0.09147
v -0.00232 0.04329 -0.10178
v -0.00646 0.04319 -0.09178
v -0.00786 0.04454 -0.09469
v -0.0048 0.04327 -0.10012
v -0.00534 0.04475 -0.10064
v -0.00262 0.04494 -0.10246
v -0.00716 0.04462 -0.09791
v 0.0006 0.04514 -0.1031
v 0.00382 0.04494 -0.10246
v -0.00646 0.04324 -0.09764
v -0.00711 0.04322 -0.09471
v 0.00353 0.04329 -0.10178
v 0.00655 0.04475 -0.10064
v 0.00353 0.04314 -0.08764
v 0.00655 0.04463 -0.08875
v 0.00602 0.04327 -0.10012
v 0.00838 0.04462 -0.09791
v 0.00602 0.04316 -0.0893
v 0.00838 0.04454 -0.09147
v 0.00768 0.04324 -0.09764
v 0.00908 0.04454 -0.09469
v 0.00768 0.04319 -0.09178
v 0.00832 0.04322 -0.09471
v -0.00341 0.04359 -0.09412
v -0.00087 0.04359 -0.09356
v -0.00284 0.04359 -0.09668
v -0.0003 0.04359 -0.09612
v 0.00196 0.04359 -0.09562
v 0.00029 0.04359 -0.09878
v 0.00254 0.04359 -0.09828
v 0.00139 0.04359 -0.09306
v -0.00146 0.04359 -0.0909
v 0.0008 0.04359 -0.09041
v 0.00393 0.04359 -0.0925
v 0.0045 0.04359 -0.09506
v -0.03646 0.00565 0.02167
v -0.04006 -0.01239 0.02096
v -0.03646 -0.01239 0.02167
v -0.04006 0.00565 0.02096
v -0.0431 -0.01239 0.01892
v -0.0431 0.00565 0.01892
v -0.04513 -0.01239 0.01589
v -0.04513 0.00565 0.01589
v -0.04585 -0.01239 0.01229
v -0.04585 0.00565 0.01229
v -0.04513 -0.01239 0.00871
v -0.04513 0.00565 0.00871
v -0.0431 -0.01239 0.00566
v -0.0431 0.00565 0.00566
v -0.04006 -0.01239 0.00362
v -0.04006 0.00565 0.00362
v -0.03646 -0.01239 0.00291
v -0.03646 0.00565 0.00291
v -0.04237 0.01242 -0.03154
v -0.04173 0.02024 -0.00993
v -0.04238 0.02104 -0.03154
v -0.04297 0.01242 -0.05055
v -0.04081 0.02272 -0.00829
v -0.04116 0.02246 -0.01009
v -0.04007 0.02426 -0.00626
v -0.03975 0.02432 -0.00724
v -0.04297 0.02174 -0.05055
v -0.04284 0.01242 -0.05138
v -0.04183 0.02327 -0.03154
v -0.04284 0.02177 -0.05138
v -0.04243 0.01242 -0.05209
v -0.04244 0.02186 -0.05209
v -0.04242 0.024 -0.05055
v -0.04231 0.02398 -0.05138
v -0.04194 0.02392 -0.05209
v -0.04028 0.02542 -0.03154
v -0.04084 0.02626 -0.05055
v -0.04077 0.02618 -0.05138
v -0.04051 0.02596 -0.05209
v -0.0383 0.02784 -0.05209
v -0.03843 0.02815 -0.05138
v -0.03553 0.02929 -0.05209
v -0.03564 0.02963 -0.05138
v -0.02542 0.03566 -0.05209
v -0.03848 0.02827 -0.05055
v -0.03794 0.02717 -0.03154
v -0.02551 0.036 -0.05138
v -0.00809 0.03934 -0.05209
v -0.03567 0.02974 -0.05055
v -0.03514 0.02828 -0.03154
v -0.03964 0.02445 -0.0095
v -0.03732 0.02588 -0.00925
v -0.03972 0.02439 -0.00839
v -0.03649 0.02589 -0.0025
v -0.03452 0.02655 -0.00903
v -0.02518 0.03545 -0.03154
v -0.03323 0.02778 0.00992
v -0.03707 0.02583 -0.00239
v -0.03392 0.02759 0.01003
v -0.03854 0.02584 -0.0027
v -0.03989 0.02585 -0.00299
v -0.03599 0.02719 0.00663
v -0.03837 0.02677 0.0034
v -0.04133 0.02641 0.00134
v -0.04152 0.02587 -0.00273
v -0.04393 0.02609 0.00121
v -0.03335 0.02768 0.01675
v -0.03536 0.02725 0.02026
v -0.03758 0.02682 0.02338
v -0.0404 0.02641 0.02588
v -0.04293 0.02609 0.02651
v -0.02475 0.03465 -0.00826
v -0.00786 0.03746 -0.00826
v -0.0079 0.03876 -0.03154
v -0.00716 0.0386 -0.02832
v -0.00534 0.03848 -0.0256
v -0.0081 0.03982 -0.05054
v -0.00716 0.03896 -0.03476
v -0.00534 0.03915 -0.03749
v -0.00757 0.03548 0.03876
v 0.00058 0.03764 -0.00826
v -0.00262 0.03844 -0.02378
v 0.0006 0.03851 -0.02314
v 0.00382 0.03843 -0.02378
v 0.00655 0.03845 -0.0256
v 0.00061 0.03558 0.03876
v 0.00903 0.03746 -0.00826
v 0.00838 0.03855 -0.02832
v 0.0088 0.03548 0.03876
v 0.0091 0.03873 -0.03154
v 0.0088 0.03219 0.0621
v 0.00061 0.03223 0.06281
v 0.0088 0.03012 0.06829
v 0.02517 0.02608 0.07024
v 0.02517 0.02864 0.065
v 0.02517 0.03044 0.05881
v 0.03509 0.02437 0.06101
v 0.02517 0.03322 0.03876
v 0.03509 0.02531 0.05483
v 0.03756 0.02365 0.06002
v 0.03968 0.02018 0.06302
v 0.03754 0.02459 0.05408
v 0.04106 0.01604 0.06344
v 0.03965 0.0225 0.05851
v 0.04106 0.01905 0.06072
v 0.04154 0.01516 0.0607
v 0.04154 0.01242 0.0614
v 0.04154 0.01742 0.05872
v 0.04105 0.02097 0.05669
v 0.04154 0.01894 0.05575
v 0.03964 0.02333 0.05296
v 0.04105 0.02156 0.05163
v 0.04154 0.01949 0.05155
v 0.04156 0.01242 0.03365
v 0.03965 0.02444 0.03423
v 0.041 0.02248 0.03425
v 0.0416 0.02024 0.03399
v 0.03752 0.02587 0.03481
v 0.03968 0.02439 0.03289
v 0.04076 0.02272 0.03241
v 0.03678 0.02589 0.02662
v 0.03493 0.02652 0.03564
v 0.03978 0.02432 0.03136
v 0.04012 0.02426 0.03039
v 0.03402 0.02778 0.01421
v 0.03735 0.02583 0.02651
v 0.0347 0.02759 0.01409
v 0.0345 0.02782 0.00727
v 0.03505 0.02768 0.00738
v 0.02592 0.03465 -0.00826
v 0.03568 0.02655 -0.00903
v 0.02638 0.03546 -0.03154
v 0.03721 0.02725 0.00386
v 0.03807 0.02591 -0.00338
v 0.03802 0.026 -0.00399
v 0.03662 0.02719 0.0175
v 0.03935 0.02587 -0.00416
v 0.03961 0.02682 0.00074
v 0.03877 0.02584 0.02682
v 0.03884 0.02677 0.02072
v 0.04007 0.02585 0.02712
v 0.04166 0.02641 0.02278
v 0.04086 0.02415 0.02987
v 0.04084 0.02586 -0.00462
v 0.04168 0.02587 0.02685
v 0.04259 0.02641 -0.00176
v 0.04129 0.02234 0.03202
v 0.04199 0.02226 0.03177
v 0.04192 0.02415 0.02967
v 0.04412 0.01984 0.0299
v 0.04412 0.01242 0.02989
v 0.04414 0.02207 0.02937
v 0.04415 0.02395 0.02785
v 0.04416 0.02564 0.02559
v 0.04946 0.02142 0.02792
v 0.04948 0.02331 0.02641
v 0.04419 0.02609 0.02291
v 0.04951 0.02478 0.02414
v 0.04521 0.02609 -0.00239
v 0.04945 0.01919 0.02845
v 0.04945 0.01242 0.02845
v 0.04955 0.02522 0.02147
v 0.05472 0.01848 0.0286
v 0.05472 0.01242 0.0286
v 0.05473 0.02071 0.02808
v 0.05474 0.02259 0.02656
v 0.05988 0.0177 0.02963
v 0.05988 0.01242 0.02963
v 0.05988 0.01993 0.02909
v 0.0599 0.02182 0.02758
v 0.05478 0.02385 0.02429
v 0.05993 0.02308 0.02531
v 0.05482 0.0243 0.02162
v 0.05998 0.02352 0.02264
v 0.06492 0.02226 0.0273
v 0.05547 0.0243 -0.00031
v 0.06058 0.02352 0.00267
v 0.06496 0.0227 0.02463
v 0.06543 0.0227 0.00794
v 0.05065 0.02522 -0.00198
v 0.06068 0.02308 -0.00001
v 0.05557 0.02385 -0.00299
v 0.05075 0.02478 -0.00465
v 0.06557 0.02226 0.00451
v 0.06079 0.02182 -0.00227
v 0.06566 0.021 0.00224
v 0.06706 0.02206 0.00673
v 0.06575 0.01911 0.00043
v 0.06879 0.02043 0.0064
v 0.06972 0.02153 0.01205
v 0.06798 0.02241 0.01353
v 0.07173 0.01988 0.01104
v 0.07162 0.02114 0.01631
v 0.0694 0.02206 0.01734
v 0.07373 0.01946 0.01564
v 0.07305 0.02082 0.02211
v 0.07058 0.02177 0.02263
v 0.07092 0.02166 0.02723
v 0.0734 0.02073 0.02722
v 0.07522 0.01913 0.02178
v 0.07156 0.02107 0.03101
v 0.07292 0.02083 0.02961
v 0.07556 0.01905 0.02735
v 0.07489 0.01918 0.03045
v 0.07513 0.01731 0.01514
v 0.07667 0.01696 0.02154
v 0.07701 0.01687 0.02745
v 0.0731 0.01951 0.03257
v 0.07304 0.01774 0.01031
v 0.07406 0.01744 0.03368
v 0.07211 0.0197 0.03321
v 0.07012 0.01831 0.006
v 0.07049 0.01601 0.00557
v 0.06577 0.01688 -0.0001
v 0.07347 0.01542 0.00994
v 0.07049 0.01242 0.00557
v 0.06577 0.01242 -0.0001
v 0.07347 0.01242 0.00994
v 0.06089 0.01242 -0.00432
v 0.07562 0.01498 0.01488
v 0.07562 0.01242 0.01488
v 0.0772 0.01462 0.02141
v 0.0772 0.01242 0.02141
v 0.07754 0.01452 0.0275
v 0.07754 0.01242 0.0275
v 0.07664 0.01242 0.0314
v 0.07664 0.01469 0.0314
v 0.07429 0.01242 0.03422
v 0.07619 0.01703 0.03107
v 0.07429 0.01516 0.03422
v 0.07247 0.01242 0.03524
v 0.07247 0.0155 0.03524
v 0.07074 0.01242 0.03516
v 0.07251 0.01773 0.03464
v 0.07074 0.01583 0.03516
v 0.06487 0.01242 0.03161
v 0.07103 0.01798 0.03467
v 0.06487 0.01688 0.03161
v 0.06487 0.01911 0.03108
v 0.0714 0.0198 0.0332
v 0.06489 0.021 0.02956
v -0.00006 0.03857 -0.0296
v -0.00245 0.03852 -0.02861
v 0.00098 0.03844 -0.02711
v -0.00217 0.03832 -0.02485
v -0.00451 0.0384 -0.02641
v 0.0006 0.03829 -0.0243
v -0.00608 0.03852 -0.02876
v 0.00337 0.03832 -0.02485
v -0.00664 0.03867 -0.03153
v -0.00608 0.03881 -0.03429
v 0.00338 0.03849 -0.0281
v 0.00573 0.0384 -0.02641
v 0.00729 0.03852 -0.02876
v -0.00451 0.03894 -0.03664
v -0.00217 0.03902 -0.03821
v 0.0006 0.03905 -0.03875
v 0.00337 0.03902 -0.03821
v 0.00573 0.03894 -0.03664
v 0.00729 0.03881 -0.03429
v 0.00474 0.03868 -0.03159
v 0.00784 0.03867 -0.03153
v 0.00235 0.03862 -0.0306
v 0.00059 0.03686 -0.02379
v 0.00358 0.03689 -0.02439
v 0.00613 0.03698 -0.02609
v 0.00783 0.03711 -0.02864
v -0.00236 0.03689 -0.02439
v 0.00852 0.03727 -0.03164
v 0.00838 0.03892 -0.03476
v 0.00783 0.03743 -0.03463
v 0.00613 0.03756 -0.03719
v 0.00655 0.03915 -0.03749
v 0.00358 0.03764 -0.03888
v 0.00382 0.03935 -0.03931
v 0.00116 0.03767 -0.03937
v 0.0006 0.03947 -0.03995
v -0.00236 0.03764 -0.03888
v -0.00262 0.0393 -0.03931
v -0.00491 0.03698 -0.02609
v -0.00491 0.03756 -0.03719
v -0.00661 0.03711 -0.02864
v -0.00661 0.03743 -0.03463
v -0.0073 0.03727 -0.03164
v -0.00473 0.03712 -0.02627
v -0.00636 0.03725 -0.02871
v -0.00228 0.03704 -0.02464
v -0.00694 0.03741 -0.03159
v -0.00636 0.03756 -0.03447
v 0.0006 0.03701 -0.02406
v -0.00473 0.03768 -0.03692
v 0.00349 0.03704 -0.02464
v -0.00228 0.03777 -0.03855
v 0.00594 0.03712 -0.02627
v 0.0006 0.0378 -0.03912
v 0.00757 0.03725 -0.02871
v 0.00349 0.03777 -0.03855
v 0.00814 0.03741 -0.03159
v 0.00594 0.03768 -0.03692
v 0.00757 0.03756 -0.03447
v 0.00782 0.04223 -0.57196
v 0.00693 0.04223 -0.56927
v 0.00508 0.04223 -0.56712
v 0.00761 0.04223 -0.57479
v 0.00633 0.04223 -0.57732
v 0.00254 0.04223 -0.56584
v -0.00028 0.04223 -0.56563
v -0.00298 0.04223 -0.56652
v -0.00512 0.04223 -0.56838
v -0.0064 0.04223 -0.5709
v -0.00661 0.04223 -0.57373
v -0.00315 0.04223 -0.57471
v -0.00572 0.04223 -0.57643
v -0.00387 0.04223 -0.57857
v -0.00023 0.04223 -0.57709
v -0.00057 0.04223 -0.5744
v -0.00134 0.04223 -0.57985
v 0.00149 0.04223 -0.58006
v 0.00418 0.04223 -0.57917
v -0.00237 0.03742 -0.02887
v 0.00003 0.03747 -0.02985
v 0.00106 0.03734 -0.02736
v 0.00319 0.03738 -0.02824
v 0.00215 0.03751 -0.03074
v 0.00454 0.03757 -0.03173
v -0.00032 0.04096 -0.56533
v -0.00312 0.04096 -0.56625
v -0.00537 0.04096 -0.56819
v 0.00263 0.04096 -0.56555
v -0.00669 0.04096 -0.57082
v 0.00527 0.04096 -0.56688
v -0.00691 0.04096 -0.57377
v 0.0072 0.04096 -0.56912
v -0.00599 0.04096 -0.57657
v 0.00812 0.04096 -0.57193
v -0.00406 0.04096 -0.57882
v 0.00791 0.04096 -0.57487
v -0.00142 0.04096 -0.58015
v 0.00657 0.04096 -0.57751
v 0.00153 0.04096 -0.58036
v 0.00433 0.04096 -0.57944
v -0.00302 0.04112 -0.57455
v -0.00044 0.04112 -0.57423
v -0.0001 0.04112 -0.57693
v -0.00534 0.04238 -0.57877
v -0.00233 0.04062 -0.58014
v -0.00262 0.04254 -0.58059
v 0.00059 0.0406 -0.58074
v 0.0006 0.04269 -0.58123
v 0.00382 0.04248 -0.58059
v 0.00352 0.04059 -0.58014
v 0.00655 0.04229 -0.57877
v 0.00607 0.04057 -0.57844
v -0.00487 0.04063 -0.57844
v 0.00776 0.04056 -0.5759
v 0.00838 0.04218 -0.57604
v -0.00658 0.04064 -0.5759
v -0.00716 0.04226 -0.57604
v 0.00836 0.04055 -0.57289
v 0.00901 0.04213 -0.57282
v -0.00717 0.04065 -0.57289
v -0.0078 0.04222 -0.57282
v 0.00776 0.04055 -0.56989
v 0.00838 0.04218 -0.5696
v -0.00658 0.04064 -0.56989
v -0.00716 0.04226 -0.5696
v 0.00607 0.04056 -0.56734
v 0.00655 0.04229 -0.56687
v -0.00487 0.04062 -0.56734
v -0.00534 0.04236 -0.56687
v 0.00352 0.04057 -0.56564
v 0.00382 0.04248 -0.56506
v -0.00233 0.04061 -0.56564
v -0.00262 0.04252 -0.56506
v 0.0006 0.0406 -0.56504
v 0.0006 0.04269 -0.56441
v 0.0071 0.03934 -0.00924
v 0.00397 0.03384 -0.01054
v 0.00397 0.03934 -0.01054
v 0.0006 0.03384 -0.01099
v 0.0071 0.03384 -0.00924
v 0.0006 0.03934 -0.01099
v -0.00276 0.03384 -0.01054
v 0.00979 0.03934 -0.00718
v 0.00979 0.03384 -0.00718
v -0.00276 0.03934 -0.01054
v -0.00589 0.03384 -0.00924
v 0.0006 0.04174 -0.00859
v 0.01185 0.03934 -0.00449
v 0.01185 0.03384 -0.00449
v 0.00335 0.04174 -0.00823
v -0.00214 0.04174 -0.00823
v -0.00589 0.03934 -0.00924
v -0.00858 0.03384 -0.00718
v 0.0059 0.04174 -0.00717
v -0.00469 0.04174 -0.00717
v -0.00858 0.03934 -0.00718
v -0.01065 0.03384 -0.00449
v 0.00809 0.04174 -0.00549
v -0.00689 0.04174 -0.00549
v -0.01065 0.03934 -0.00449
v -0.01194 0.03384 -0.00135
v 0.00978 0.04174 -0.0033
v -0.00857 0.04174 -0.0033
v -0.01194 0.03934 -0.00135
v -0.01239 0.03384 0.002
v 0.01084 0.04174 -0.00074
v -0.00963 0.04174 -0.00074
v -0.01239 0.03934 0.002
v -0.01194 0.03384 0.00536
v 0.01315 0.03934 -0.00135
v 0.01315 0.03384 -0.00135
v 0.0112 0.04174 0.002
v 0.01359 0.03934 0.002
v 0.01359 0.03384 0.002
v -0.00999 0.04174 0.002
v -0.01194 0.03934 0.00536
v -0.01065 0.03384 0.0085
v 0.01315 0.03934 0.00536
v 0.01315 0.03384 0.00536
v 0.01084 0.04174 0.00474
v -0.00963 0.04174 0.00474
v -0.01065 0.03934 0.0085
v -0.00858 0.03384 0.01119
v 0.00978 0.04174 0.0073
v 0.01185 0.03934 0.0085
v 0.01185 0.03384 0.0085
v -0.00858 0.03934 0.01119
v -0.00589 0.03384 0.01325
v -0.00857 0.04174 0.0073
v 0.00979 0.03934 0.01119
v 0.00979 0.03384 0.01119
v 0.00809 0.04174 0.00949
v -0.00689 0.04174 0.00949
v -0.00589 0.03934 0.01325
v -0.00276 0.03384 0.01455
v 0.0059 0.04174 0.01118
v 0.0071 0.03934 0.01325
v 0.0071 0.03384 0.01325
v -0.00276 0.03934 0.01455
v 0.0006 0.03384 0.01499
v -0.00469 0.04174 0.01118
v 0.00397 0.03934 0.01455
v 0.00397 0.03384 0.01455
v 0.00335 0.04174 0.01223
v 0.0006 0.03934 0.01499
v 0.0006 0.04174 0.0126
v -0.00214 0.04174 0.01223
v -0.00648 0.03839 -0.37154
v -0.00045 0.03839 -0.37152
v -0.00049 0.03839 -0.4196
v -0.00634 0.03839 -0.4196
v 0.04444 -0.0358 -0.32453
v 0.04512 -0.03505 -0.22512
v 0.04721 -0.01915 -0.2251
v 0.02615 -0.04688 -0.47047
v 0.0445 -0.03466 -0.1928
v 0.04656 -0.01915 -0.1928
v 0.04442 -0.03718 -0.22512
v 0.0438 -0.03681 -0.1928
v 0.04382 -0.03424 -0.15754
v 0.04585 -0.01915 -0.15744
v 0.04375 -0.03791 -0.32453
v 0.04273 -0.03891 -0.22512
v 0.04314 -0.0364 -0.15754
v 0.04214 -0.03852 -0.1928
v 0.04209 -0.0396 -0.32453
v 0.02731 -0.04887 -0.22512
v 0.04096 -0.03915 -0.37169
v 0.02691 -0.04925 -0.32453
v 0.02694 -0.04827 -0.1928
v 0.04004 -0.03913 -0.42098
v 0.00951 -0.05343 -0.22512
v 0.0415 -0.03809 -0.15754
v 0.02599 -0.04713 -0.45554
v 0.02561 -0.04769 -0.42095
v 0.04263 -0.03606 -0.09469
v 0.02621 -0.04827 -0.37147
v 0.04329 -0.03388 -0.09469
v 0.04531 -0.01915 -0.09469
v 0.04297 -0.03366 -0.05572
v 0.04497 -0.01915 -0.05574
v 0.04427 -0.01915 -0.05389
v 0.0423 -0.03389 -0.05389
v 0.0423 -0.03583 -0.05572
v 0.04209 -0.03559 -0.05413
v 0.041 -0.03773 -0.09469
v 0.04069 -0.03663 -0.05387
v 0.04069 -0.0375 -0.05572
v 0.02653 -0.04761 -0.15754
v 0.02622 -0.04708 -0.09469
v 0.04069 -0.03476 -0.05313
v 0.04258 -0.01915 -0.05313
v 0.02723 -0.01915 -0.05313
v 0.02603 -0.044 -0.05313
v 0.00948 -0.01915 -0.05313
v 0.02603 -0.04586 -0.05387
v 0.00908 -0.04813 -0.05313
v 0.00061 -0.01915 -0.05313
v 0.02603 -0.04674 -0.05572
v 0.00908 -0.05 -0.05387
v 0.00061 -0.04865 -0.05313
v -0.00786 -0.04813 -0.05313
v -0.00826 -0.01915 -0.05313
v 0.00061 -0.05051 -0.05387
v -0.02481 -0.044 -0.05313
v -0.02601 -0.01915 -0.05313
v -0.00786 -0.05 -0.05387
v -0.02481 -0.04586 -0.05387
v -0.03948 -0.03476 -0.05313
v -0.04136 -0.01915 -0.05313
v -0.04108 -0.03389 -0.05389
v -0.04305 -0.01915 -0.05389
v -0.04087 -0.03559 -0.05413
v -0.03948 -0.03663 -0.05387
v -0.04108 -0.03583 -0.05572
v -0.03948 -0.0375 -0.05572
v -0.02481 -0.04674 -0.05572
v -0.00786 -0.05087 -0.05572
v -0.025 -0.04708 -0.09469
v 0.00061 -0.05139 -0.05572
v 0.00908 -0.05087 -0.05572
v 0.00925 -0.05191 -0.15754
v 0.00938 -0.0527 -0.1928
v 0.00061 -0.05245 -0.15754
v 0.00061 -0.05325 -0.1928
v -0.00804 -0.05191 -0.15754
v 0.00061 -0.054 -0.22512
v -0.00816 -0.0527 -0.1928
v -0.02531 -0.04761 -0.15754
v -0.03978 -0.03773 -0.09469
v -0.04028 -0.03809 -0.15754
v -0.04141 -0.03606 -0.09469
v -0.02572 -0.04827 -0.1928
v -0.00829 -0.05343 -0.22512
v -0.04092 -0.03852 -0.1928
v -0.04192 -0.0364 -0.15754
v -0.02609 -0.04887 -0.22512
v -0.00816 -0.05363 -0.32453
v -0.02569 -0.04925 -0.32453
v -0.04151 -0.03891 -0.22512
v -0.04258 -0.03681 -0.1928
v -0.04087 -0.0396 -0.32453
v -0.03974 -0.03915 -0.37169
v -0.02499 -0.04827 -0.37147
v -0.04253 -0.03791 -0.32453
v -0.0432 -0.03718 -0.22512
v -0.04136 -0.03754 -0.37173
v -0.04323 -0.0358 -0.32453
v -0.0439 -0.03505 -0.22512
v -0.04328 -0.03466 -0.1928
v -0.04529 -0.01915 -0.32456
v -0.04599 -0.01915 -0.2251
v -0.04535 -0.01915 -0.1928
v -0.04203 -0.03544 -0.37173
v -0.04404 -0.01915 -0.37172
v -0.0426 -0.03424 -0.15754
v -0.04463 -0.01915 -0.15744
v -0.04105 -0.03548 -0.42098
v -0.04208 -0.03388 -0.09469
v -0.04409 -0.01915 -0.09469
v -0.04175 -0.03366 -0.05572
v -0.04375 -0.01915 -0.05574
v -0.04102 -0.03689 -0.45554
v -0.0404 -0.03758 -0.42098
v -0.03942 -0.03847 -0.45554
v -0.03882 -0.03913 -0.42098
v -0.02439 -0.04769 -0.42095
v -0.02477 -0.04713 -0.45554
v -0.02495 -0.04688 -0.47047
v -0.00817 -0.05075 -0.49256
v -0.00791 -0.05069 -0.47053
v -0.00773 -0.05141 -0.42094
v 0.0006 -0.05117 -0.47055
v 0.0006 -0.05126 -0.49256
v 0.00912 -0.05069 -0.47053
v 0.0006 -0.05047 -0.49455
v 0.00938 -0.05075 -0.49256
v 0.00895 -0.05141 -0.42094
v 0.00061 -0.05188 -0.42094
v 0.00915 -0.05235 -0.37134
v -0.00793 -0.05235 -0.37134
v 0.00061 -0.05285 -0.37133
v 0.00061 -0.05418 -0.32453
v 0.00938 -0.05363 -0.32453
v 0.00319 -0.04475 -0.02821
v 0.00215 -0.04488 -0.03071
v 0.00319 0.03811 -0.0282
v 0.00215 0.03824 -0.0307
v 0.00454 -0.04493 -0.0317
v -0.00018 0.04419 -0.42007
v -0.00018 0.04515 -0.37131
v 0.00454 0.03829 -0.03169
v -0.00793 0.0456 -0.37134
v -0.00703 0.04474 -0.37132
v -0.00683 0.04382 -0.42007
v 0.06089 0.0177 -0.00432
v 0.05576 0.01242 -0.0073
v 0.06086 0.01993 -0.00379
v 0.05576 0.01848 -0.0073
v 0.05093 0.01242 -0.00897
v 0.05093 0.01919 -0.00897
v 0.04546 0.01242 -0.00937
v 0.05574 0.02071 -0.00677
v 0.05567 0.02259 -0.00525
v 0.04549 0.0198 -0.00937
v 0.04292 0.01242 -0.00989
v 0.05091 0.02142 -0.00843
v 0.05085 0.02331 -0.00693
v 0.04291 0.02024 -0.00987
v 0.04564 0.02202 -0.00875
v 0.0436 0.01242 -0.03154
v 0.04555 0.02392 -0.00726
v 0.04358 0.02219 -0.00856
v 0.0453 0.02564 -0.00506
v 0.04317 0.02413 -0.00712
v 0.04261 0.02234 -0.00854
v 0.04271 0.02593 -0.00505
v 0.04193 0.02416 -0.00696
v 0.04197 0.02274 -0.00883
v 0.04112 0.02429 -0.00737
v 0.04089 0.02435 -0.00821
v 0.04088 0.0244 -0.00914
v 0.04231 0.02248 -0.01012
v 0.03848 0.02588 -0.00925
v 0.0408 0.02445 -0.0095
v 0.03634 0.02828 -0.03154
v 0.03914 0.02716 -0.03154
v 0.04148 0.02542 -0.03154
v 0.0397 0.02826 -0.05055
v 0.04206 0.02626 -0.05055
v 0.0369 0.02974 -0.05055
v 0.04302 0.02328 -0.03154
v 0.03687 0.02963 -0.05138
v 0.04365 0.024 -0.05055
v 0.04359 0.02104 -0.03154
v 0.0442 0.01242 -0.05055
v 0.0442 0.02173 -0.05055
v 0.04407 0.01242 -0.05138
v 0.04408 0.02176 -0.05138
v 0.04366 0.01242 -0.05209
v 0.04367 0.02186 -0.05209
v 0.04354 0.02397 -0.05138
v 0.04318 0.02392 -0.05209
v 0.04199 0.02618 -0.05138
v 0.04174 0.02595 -0.05209
v 0.03953 0.02783 -0.05209
v 0.03967 0.02815 -0.05138
v 0.03675 0.02929 -0.05209
v 0.02665 0.03566 -0.05209
v 0.02674 0.03599 -0.05138
v 0.00931 0.03934 -0.05209
v 0.02676 0.03611 -0.05054
v 0.00933 0.03969 -0.05138
v 0.00062 0.03964 -0.05209
v 0.00933 0.03982 -0.05054
v 0.00062 0.04 -0.05138
v 0.00062 0.04012 -0.05054
v -0.0081 0.03969 -0.05138
v -0.02554 0.03611 -0.05054
v 0.02622 0.04034 -0.09469
v 0.04069 0.02802 -0.05313
v 0.04258 0.01242 -0.05313
v 0.02723 0.01242 -0.05313
v 0.02603 0.03726 -0.05313
v 0.00948 0.01242 -0.05313
v 0.02603 0.03912 -0.05387
v 0.00908 0.04139 -0.05313
v 0.00061 0.01242 -0.05313
v 0.02603 0.04 -0.05572
v 0.00908 0.04326 -0.05387
v 0.00061 0.04191 -0.05313
v -0.00786 0.04139 -0.05313
v -0.00826 0.01242 -0.05313
v 0.00061 0.04377 -0.05387
v 0.00908 0.04413 -0.05572
v -0.02481 0.03726 -0.05313
v -0.02601 0.01242 -0.05313
v -0.00786 0.04326 -0.05387
v -0.02481 0.03912 -0.05387
v -0.03948 0.02802 -0.05313
v -0.04136 0.01242 -0.05313
v -0.04108 0.02715 -0.05389
v -0.04305 0.01242 -0.05389
v -0.04087 0.02885 -0.05413
v -0.03948 0.02989 -0.05387
v -0.04108 0.02909 -0.05572
v -0.03948 0.03076 -0.05572
v -0.02481 0.04 -0.05572
v -0.00786 0.04413 -0.05572
v 0.00061 0.04464 -0.05572
v 0.00925 0.04517 -0.15754
v -0.025 0.04034 -0.09469
v -0.00804 0.04517 -0.15754
v -0.03978 0.03099 -0.09469
v -0.02531 0.04087 -0.15754
v -0.04141 0.02932 -0.09469
v 0.00061 0.04571 -0.15754
v -0.00392 0.04576 -0.17007
v -0.00848 0.04553 -0.17151
v 0.00061 0.04602 -0.16963
v -0.01227 0.0447 -0.17354
v 0.00513 0.04576 -0.17007
v 0.00977 0.04553 -0.17155
v 0.01348 0.04473 -0.17354
v -0.01578 0.04393 -0.17642
v 0.01699 0.04398 -0.17642
v 0.01987 0.04339 -0.17993
v 0.02201 0.04298 -0.18393
v -0.01866 0.04332 -0.17993
v -0.0208 0.04289 -0.18393
v 0.02333 0.04277 -0.18828
v 0.02377 0.04276 -0.1928
v 0.02333 0.04296 -0.19732
v 0.02201 0.04337 -0.20166
v 0.01987 0.04395 -0.20567
v 0.01699 0.0447 -0.20918
v 0.01348 0.04558 -0.21206
v 0.00988 0.04642 -0.21398
v 0.00513 0.04674 -0.21552
v 0.00061 0.04701 -0.21597
v -0.00392 0.04672 -0.21552
v -0.00829 0.04669 -0.22512
v -0.00856 0.04643 -0.21404
v -0.01227 0.04555 -0.21206
v -0.01578 0.04464 -0.20918
v -0.02609 0.04213 -0.22512
v -0.01866 0.04388 -0.20567
v -0.0208 0.04328 -0.20166
v -0.02569 0.04251 -0.32453
v -0.02499 0.04153 -0.37147
v -0.03974 0.03241 -0.37169
v -0.02439 0.04095 -0.42095
v -0.04087 0.03286 -0.32453
v -0.03882 0.03239 -0.42098
v -0.02477 0.04039 -0.45554
v -0.04136 0.0308 -0.37173
v -0.0404 0.03084 -0.42098
v -0.03942 0.03173 -0.45554
v -0.04102 0.03015 -0.45554
v -0.04105 0.02874 -0.42098
v -0.04169 0.02802 -0.45554
v -0.04302 0.01242 -0.42098
v -0.04368 0.01242 -0.45554
v -0.04203 0.0287 -0.37173
v -0.04404 0.01242 -0.37172
v -0.04529 0.01242 -0.32456
v -0.04323 0.02906 -0.32453
v -0.04253 0.03117 -0.32453
v -0.0439 0.02831 -0.22512
v -0.04599 0.01242 -0.2251
v -0.0432 0.03044 -0.22512
v -0.04151 0.03217 -0.22512
v -0.04258 0.03007 -0.1928
v -0.04328 0.02792 -0.1928
v -0.04535 0.01242 -0.1928
v -0.04092 0.03178 -0.1928
v -0.02572 0.04153 -0.1928
v -0.02212 0.04287 -0.19732
v -0.02256 0.04266 -0.1928
v -0.02212 0.04267 -0.18828
v -0.04028 0.03135 -0.15754
v -0.04192 0.02966 -0.15754
v -0.0426 0.0275 -0.15754
v -0.04463 0.01242 -0.15744
v -0.04208 0.02714 -0.09469
v -0.04409 0.01242 -0.09469
v -0.04175 0.02692 -0.05572
v -0.04375 0.01242 -0.05574
v -0.04905 0.01242 -0.00434
v -0.04905 0.01919 -0.00434
v -0.04416 0.01242 -0.00578
v -0.05439 0.02071 -0.00395
v -0.05962 0.02182 -0.00346
v -0.04416 0.01984 -0.00578
v -0.0417 0.01242 -0.00965
v -0.04903 0.02142 -0.0038
v -0.05433 0.02259 -0.00244
v -0.0647 0.02226 -0.00317
v -0.05952 0.02308 -0.00119
v -0.07078 0.02166 -0.00311
v -0.06457 0.0227 -0.0005
v -0.07331 0.02073 -0.0031
v -0.07474 0.01913 0.00233
v -0.07258 0.02082 0.00201
v -0.07011 0.02177 0.00149
v -0.0707 0.02114 0.0078
v -0.06855 0.02206 0.00678
v -0.06685 0.02241 0.01059
v -0.06849 0.02153 0.01208
v -0.06718 0.02043 0.01773
v -0.06394 0.0227 0.01618
v -0.06547 0.02206 0.01739
v -0.06379 0.021 0.02188
v -0.0587 0.02182 0.02639
v -0.06385 0.02226 0.01961
v -0.05874 0.02308 0.02413
v -0.05352 0.02385 0.02711
v -0.05879 0.02352 0.02145
v -0.05355 0.0243 0.02443
v -0.04826 0.02522 0.02611
v -0.0594 0.02352 0.00148
v -0.05413 0.0243 0.00251
v -0.05423 0.02385 -0.00017
v -0.0488 0.02522 0.00266
v -0.04888 0.02478 -0.00002
v -0.04897 0.02331 -0.00229
v -0.04402 0.02564 -0.00146
v -0.0441 0.02395 -0.00373
v -0.04416 0.02207 -0.00524
v -0.04189 0.02415 -0.00555
v -0.04205 0.02226 -0.00765
v -0.0408 0.02415 -0.00574
v -0.04134 0.02234 -0.0079
v -0.00186 0.02563 0.09077
v -0.00147 0.02563 0.09331
v -0.00073 0.02563 0.09153
v 0.0006 0.02563 0.09372
v -0.00323 0.02563 0.09213
v 0.0006 0.02563 0.0918
v -0.00262 0.02563 0.08964
v 0.00268 0.02563 0.09331
v 0.00194 0.02563 0.09153
v -0.00441 0.02563 0.09038
v -0.00288 0.02563 0.0883
v 0.00443 0.02563 0.09213
v -0.00482 0.02563 0.0883
v 0.00307 0.02563 0.09077
v -0.00262 0.02563 0.08697
v 0.00831 0.0243 0.08653
v 0.00602 0.02563 0.0883
v 0.00561 0.02563 0.09038
v 0.00383 0.02563 0.08964
v 0.0041 0.02563 0.0883
v 0.00561 0.02563 0.08623
v 0.00383 0.02563 0.08697
v 0.00443 0.02563 0.08447
v 0.00307 0.02563 0.08584
v 0.00705 0.0243 0.08371
v 0.00531 0.02525 0.0836
v 0.00268 0.02563 0.0833
v 0.00194 0.02563 0.08508
v 0.0048 0.0243 0.0816
v 0.00519 0.0243 0.08186
v 0.00315 0.02525 0.08216
v 0.0006 0.02563 0.08288
v 0.0006 0.02563 0.08482
v 0.00191 0.0243 0.08051
v 0.00239 0.0243 0.0806
v 0.0006 0.02525 0.08166
v -0.00117 0.0243 0.0806
v -0.0007 0.0243 0.08051
v -0.00194 0.02525 0.08216
v -0.00147 0.02563 0.0833
v -0.00073 0.02563 0.08508
v -0.00399 0.0243 0.08186
v -0.00359 0.0243 0.0816
v -0.0041 0.02525 0.0836
v -0.00323 0.02563 0.08447
v -0.00186 0.02563 0.08584
v -0.00584 0.0243 0.08371
v -0.00441 0.02563 0.08623
v -0.00711 0.0243 0.08653
v 0.00278 0.02515 0.08613
v 0.00179 0.02515 0.08546
v 0.0006 0.02515 0.08523
v 0.00345 0.02515 0.08713
v -0.00057 0.02515 0.08546
v 0.00368 0.02515 0.0883
v -0.00158 0.02515 0.08613
v 0.00345 0.02515 0.08949
v -0.00224 0.02515 0.08713
v 0.00278 0.02515 0.09048
v -0.00248 0.02515 0.0883
v 0.00179 0.02515 0.09115
v -0.00224 0.02515 0.08949
v 0.0006 0.02515 0.09138
v -0.00158 0.02515 0.09048
v -0.00057 0.02515 0.09115
v 0.0045 -0.05119 -0.09506
v 0.00196 -0.05119 -0.09562
v -0.00284 -0.05119 -0.09668
v -0.0003 -0.05119 -0.09612
v -0.00284 0.04431 -0.09668
v -0.0003 0.04431 -0.09612
v 0.00196 0.04431 -0.09562
v 0.0045 0.04431 -0.09506
v -0.03605 -0.01915 0.0655
v -0.03698 -0.01915 0.06355
v -0.03734 -0.01915 0.06118
v -0.03735 -0.01915 0.03055
v 0.03856 -0.01915 0.06118
v 0.03857 -0.01916 0.03272
v 0.0382 -0.01915 0.06355
v 0.03727 -0.01915 0.0655
v 0.04428 -0.01916 -0.22513
v 0.04363 -0.01916 -0.19287
v 0.04357 -0.01916 -0.32452
v 0.04292 -0.01915 -0.15749
v 0.04233 -0.01916 -0.37165
v 0.04162 -0.01915 -0.05346
v 0.03983 -0.01916 -0.00747
v 0.0413 -0.01916 -0.42098
v 0.04225 -0.01916 -0.47044
v 0.04361 -0.01916 -0.49574
v 0.04402 -0.01916 -0.52467
v 0.04569 -0.01916 -0.55668
v 0.0503 -0.01916 -0.58599
v 0.05785 -0.01916 -0.6116
v -0.04306 -0.01916 -0.22513
v -0.04241 -0.01916 -0.19287
v -0.04236 -0.01916 -0.32452
v -0.0417 -0.01915 -0.15749
v -0.04111 -0.01916 -0.37165
v -0.0404 -0.01916 -0.05346
v -0.03867 -0.01916 -0.00884
v -0.04008 -0.01916 -0.42098
v -0.04104 -0.01916 -0.47044
v -0.0424 -0.01916 -0.49574
v -0.04281 -0.01916 -0.52467
v -0.04448 -0.01916 -0.55668
v -0.04909 -0.01916 -0.58599
v -0.05664 -0.01916 -0.61153
v -0.05662 -0.01916 -0.61158
v -0.05627 -0.01916 -0.61184
v -0.03485 -0.01916 -0.61762
v -0.01116 -0.01916 -0.62087
v 0.00061 -0.01916 -0.62128
v 0.01237 -0.01916 -0.62089
v 0.03607 -0.01916 -0.61767
v 0.05749 -0.01916 -0.61191
v 0.05783 -0.01916 -0.61165
v -0.04866 -0.01916 -0.00133
v -0.04224 -0.01916 -0.00322
v -0.05474 -0.01916 -0.0015
v -0.06054 -0.01916 -0.00262
v -0.06621 -0.01916 -0.00478
v -0.07203 -0.01916 -0.00808
v -0.07222 -0.01916 -0.0081
v -0.07274 -0.01916 -0.00779
v -0.07409 -0.01916 -0.00605
v -0.07451 -0.01916 -0.00335
v -0.07378 -0.01915 0.00205
v -0.07184 -0.01915 0.00809
v -0.06955 -0.01915 0.0126
v -0.06649 -0.01915 0.01666
v -0.06167 -0.01915 0.02206
v -0.05696 -0.01915 0.02598
v -0.05226 -0.01915 0.02867
v -0.04762 -0.01915 0.03014
v -0.04274 -0.01915 0.03051
v 0.05033 -0.01916 -0.00602
v 0.04505 -0.01916 -0.00641
v 0.05451 -0.01916 -0.00457
v 0.05914 -0.01916 -0.00187
v 0.06364 -0.01916 0.002
v 0.0681 -0.01916 0.00737
v 0.07084 -0.01916 0.01139
v 0.07277 -0.01916 0.01584
v 0.07422 -0.01916 0.02185
v 0.07453 -0.01915 0.02725
v 0.07389 -0.01915 0.03003
v 0.07235 -0.01915 0.03188
v 0.07175 -0.01915 0.03222
v 0.07163 -0.01915 0.03221
v 0.0662 -0.01915 0.02893
v 0.06073 -0.01915 0.02675
v 0.05506 -0.01915 0.02562
v 0.0491 -0.01915 0.02546
v 0.04227 -0.01915 0.0273
v 0.03582 -0.01915 0.06709
v 0.03374 -0.01915 0.0683
v 0.02422 -0.01915 0.07213
v 0.0102 -0.01915 0.07569
v 0.00081 -0.01915 0.07635
v -0.00899 -0.01915 0.07569
v -0.023 -0.01915 0.07213
v -0.03252 -0.01915 0.0683
v -0.0346 -0.01915 0.06709
v 0.00029 -0.05119 -0.09878
v 0.00254 -0.05119 -0.09828
v 0.01311 0.04169 -0.17394
v 0.00955 0.04163 -0.17202
v 0.01655 0.04176 -0.17674
v 0.01284 0.03855 -0.17446
v 0.00934 0.03855 -0.17257
v 0.01621 0.03855 -0.1772
v 0.00501 0.04158 -0.17057
v 0.01937 0.04185 -0.18016
v 0.01896 0.03855 -0.18055
v 0.00067 0.04156 -0.17014
v 0.02147 0.04195 -0.18408
v -0.00379 0.04155 -0.17057
v -0.00823 0.04156 -0.17197
v 0.02276 0.04205 -0.18833
v -0.0119 0.04159 -0.17394
v -0.01534 0.04164 -0.17674
v -0.01817 0.04171 -0.18017
v -0.02027 0.04179 -0.18408
v -0.02156 0.04188 -0.18833
v -0.022 0.04197 -0.1928
v -0.02156 0.04208 -0.19719
v -0.02027 0.04218 -0.20145
v -0.01817 0.04228 -0.20539
v -0.01534 0.04237 -0.20885
v -0.01189 0.04244 -0.2117
v -0.00856 0.0425 -0.21352
v -0.00379 0.04256 -0.21512
v 0.00065 0.04258 -0.21556
v 0.00501 0.04259 -0.21512
v 0.00963 0.04257 -0.21361
v 0.01311 0.04254 -0.2117
v 0.01655 0.04249 -0.20885
v 0.01937 0.04243 -0.20539
v 0.02147 0.04234 -0.20145
v 0.02276 0.04226 -0.19718
v 0.02319 0.04215 -0.1928
v 0.00029 0.04431 -0.09878
v 0.00254 0.04431 -0.09828
v -0.00087 -0.05119 -0.09356
v -0.00146 -0.05119 -0.0909
v 0.03727 0.01241 0.0655
v 0.0382 0.01241 0.06355
v 0.03856 0.01241 0.06118
v 0.03857 0.01242 0.03272
v -0.03734 0.01242 0.06118
v -0.03735 0.01241 0.03055
v -0.03698 0.01241 0.06355
v -0.03605 0.01241 0.0655
v -0.00911 0.01241 0.07566
v 0.01033 0.01241 0.07566
v -0.023 0.01241 0.07213
v -0.03252 0.01241 0.0683
v 0.02422 0.01241 0.07213
v 0.03374 0.01241 0.0683
v -0.0346 0.01241 0.06709
v 0.03582 0.01241 0.06709
v -0.04762 0.01241 0.03014
v -0.04274 0.01241 0.03051
v -0.05226 0.01241 0.02867
v -0.05696 0.01241 0.02598
v -0.06167 0.01241 0.02206
v -0.06649 0.01241 0.01666
v -0.06955 0.01241 0.0126
v -0.07184 0.01241 0.00809
v -0.07378 0.01241 0.00205
v -0.07451 0.01242 -0.00335
v -0.07409 0.01242 -0.00605
v -0.07274 0.01242 -0.00779
v -0.07222 0.01242 -0.0081
v -0.07203 0.01242 -0.00808
v -0.06621 0.01242 -0.00478
v -0.06054 0.01242 -0.00262
v -0.05474 0.01242 -0.0015
v -0.04866 0.01242 -0.00133
v -0.04224 0.01242 -0.00322
v -0.03867 0.01242 -0.00884
v -0.04306 0.01242 -0.22513
v -0.04241 0.01242 -0.19287
v -0.04236 0.01242 -0.32452
v -0.0417 0.01242 -0.15749
v -0.04111 0.01242 -0.37165
v -0.0404 0.01242 -0.05346
v -0.04008 0.01242 -0.42098
v -0.04104 0.01242 -0.47044
v -0.0424 0.01242 -0.49574
v -0.04281 0.01242 -0.52467
v -0.04448 0.01242 -0.55668
v -0.04909 0.01242 -0.58599
v -0.05664 0.01242 -0.61153
v 0.04428 0.01242 -0.22513
v 0.04363 0.01242 -0.19287
v 0.04357 0.01242 -0.32452
v 0.04292 0.01242 -0.15749
v 0.04233 0.01242 -0.37165
v 0.04162 0.01242 -0.05346
v 0.03983 0.01242 -0.00747
v 0.0413 0.01242 -0.42098
v 0.04225 0.01242 -0.47044
v 0.04361 0.01242 -0.49574
v 0.04402 0.01242 -0.52467
v 0.04569 0.01242 -0.55668
v 0.0503 0.01242 -0.58599
v 0.05785 0.01242 -0.6116
v 0.05783 0.01242 -0.61165
v 0.05749 0.01242 -0.61191
v 0.03607 0.01242 -0.61767
v 0.01237 0.01242 -0.62089
v 0.00061 0.01242 -0.62128
v -0.01116 0.01242 -0.62087
v -0.03485 0.01242 -0.61762
v -0.05627 0.01242 -0.61184
v -0.05662 0.01242 -0.61158
v 0.05033 0.01242 -0.00602
v 0.04505 0.01242 -0.00641
v 0.05451 0.01242 -0.00457
v 0.05914 0.01242 -0.00187
v 0.06364 0.01242 0.002
v 0.0681 0.01242 0.00737
v 0.07084 0.01242 0.01139
v 0.07277 0.01242 0.01584
v 0.07422 0.01242 0.02185
v 0.07453 0.01241 0.02725
v 0.07389 0.01241 0.03003
v 0.07235 0.01241 0.03188
v 0.07175 0.01241 0.03222
v 0.07163 0.01241 0.03221
v 0.0662 0.01241 0.02893
v 0.06073 0.01241 0.02675
v 0.05506 0.01241 0.02562
v 0.0491 0.01241 0.02546
v 0.04227 0.01241 0.0273
v -0.00146 0.04431 -0.0909
v -0.00087 0.04431 -0.09356
v -0.00341 -0.05119 -0.09412
v -0.00341 0.04431 -0.09412
v 0.0008 -0.05119 -0.09041
v 0.00139 -0.05119 -0.09306
v 0.0008 0.04431 -0.09041
v 0.00139 0.04431 -0.09306
v 0.00893 0.05285 -0.18426
v 0.00711 0.05285 -0.18278
v 0.0048 0.05285 -0.18156
v 0.01155 0.05216 -0.18161
v 0.00917 0.05216 -0.17967
v 0.01349 0.05216 -0.18396
v 0.01385 0.05021 -0.17938
v 0.01619 0.05021 -0.18222
v 0.01793 0.05022 -0.18548
v 0.01806 0.04729 -0.18104
v 0.02001 0.04729 -0.18467
v 0.02121 0.04729 -0.18863
v 0.02085 0.04384 -0.18437
v 0.01882 0.04384 -0.18058
v 0.01608 0.04384 -0.17726
v 0.01544 0.04729 -0.17785
v 0.01274 0.04384 -0.17453
v 0.01098 0.05021 -0.17705
v 0.01224 0.04729 -0.17524
v 0.00926 0.04384 -0.17267
v 0.00643 0.05216 -0.17822
v 0.00786 0.05021 -0.17537
v 0.00887 0.04729 -0.17342
v 0.00289 0.05285 -0.18102
v 0.00361 0.05216 -0.17736
v 0.00425 0.05021 -0.17425
v 0.0047 0.04729 -0.1721
v -0.00407 0.05285 -0.18177
v 0.00064 0.05285 -0.18079
v 0.00065 0.05216 -0.17708
v -0.00166 0.05285 -0.18101
v -0.00241 0.05216 -0.17736
v 0.00066 0.05021 -0.17389
v 0.00067 0.04729 -0.17171
v 0.00393 -0.05119 -0.0925
v 0.00393 0.04431 -0.0925
v -0.03238 0.00565 -0.0527
v -0.03428 0.00565 0.02349
v -0.03238 0.00565 -0.36216
v -0.03238 0.00565 -0.55666
v 0.00531 0.01242 0.0836
v 0.00519 0.01336 0.08186
v -0.00399 0.01336 0.08186
v -0.0041 0.01242 0.0836
v -0.01098 0.03926 -0.62323
v -0.01139 0.01242 -0.62334
v 0.0006 0.0422 -0.6212
v -0.01097 0.04165 -0.62081
v 0.00061 0.04432 -0.61749
v -0.03414 0.03463 -0.62012
v -0.0354 0.01242 -0.62005
v -0.03413 0.03702 -0.61768
v -0.01097 0.04377 -0.61709
v -0.05545 0.02628 -0.61439
v -0.05748 0.01242 -0.61408
v -0.05676 0.02623 -0.61256
v -0.05883 0.01242 -0.61306
v -0.05544 0.02868 -0.61192
v -0.05657 0.02808 -0.61122
v -0.03413 0.03916 -0.61393
v -0.05674 0.02947 -0.60811
v -0.00837 0.04215 -0.58564
v -0.05544 0.03085 -0.60811
v -0.05729 0.02739 -0.60899
v -0.05939 0.01242 -0.6115
v -0.05171 0.01242 -0.58534
v -0.05006 0.02698 -0.58534
v -0.04976 0.01242 -0.57282
v -0.04957 0.02828 -0.58535
v -0.04813 0.02698 -0.57282
v -0.0472 0.01242 -0.55639
v -0.04839 0.02934 -0.58536
v -0.04766 0.02828 -0.57282
v -0.04561 0.02698 -0.55639
v -0.04555 0.01242 -0.5246
v -0.02947 0.0376 -0.58555
v -0.04653 0.02934 -0.57282
v -0.04517 0.02828 -0.55639
v -0.04396 0.02698 -0.5246
v -0.0451 0.01242 -0.49768
v -0.02837 0.0376 -0.57282
v -0.04411 0.02934 -0.5564
v -0.04354 0.02828 -0.5246
v -0.0435 0.02698 -0.49768
v -0.04468 0.01242 -0.49652
v -0.04309 0.02724 -0.49652
v -0.04309 0.02828 -0.49768
v -0.04295 0.02823 -0.49668
v -0.04253 0.02934 -0.5246
v -0.02696 0.0376 -0.55645
v -0.02607 0.0376 -0.52459
v -0.00787 0.04215 -0.55647
v 0.0006 0.04269 -0.58565
v 0.00959 0.04208 -0.58564
v 0.03068 0.0374 -0.58555
v 0.02958 0.0374 -0.57282
v 0.02817 0.0374 -0.55645
v 0.00908 0.04208 -0.55647
v 0.02728 0.0374 -0.52459
v 0.0006 0.04269 -0.55647
v 0.00882 0.04208 -0.52459
v 0.0006 0.04269 -0.52459
v -0.00761 0.04215 -0.52459
v 0.0006 0.04269 -0.49768
v 0.00943 0.04208 -0.49768
v -0.00822 0.04215 -0.49768
v 0.0006 0.04227 -0.49652
v 0.02707 0.0374 -0.49768
v 0.00943 0.04166 -0.49652
v 0.04331 0.02901 -0.49768
v 0.02707 0.03697 -0.49652
v 0.04331 0.02859 -0.49652
v 0.04331 0.02754 -0.49602
v 0.04485 0.01242 -0.49602
v 0.02803 0.01242 -0.49602
v 0.02707 0.03593 -0.49602
v 0.00975 0.01242 -0.49602
v 0.00943 0.04061 -0.49602
v 0.0006 0.01242 -0.49602
v 0.0006 0.04122 -0.49602
v -0.00822 0.04068 -0.49602
v -0.00853 0.01242 -0.49602
v -0.00822 0.04173 -0.49652
v -0.02586 0.03614 -0.49602
v -0.02682 0.01242 -0.49602
v -0.02586 0.03718 -0.49652
v -0.02586 0.0376 -0.49768
v -0.04209 0.02934 -0.49768
v -0.04209 0.02892 -0.49652
v -0.04209 0.02787 -0.49602
v -0.04364 0.01242 -0.49602
v -0.03428 -0.01238 0.02349
v -0.03238 -0.01238 -0.0527
v -0.03238 -0.01238 -0.36216
v -0.03238 -0.01238 -0.55666
v 0.04531 -0.03575 -0.5564
v 0.04476 -0.03469 -0.5246
v 0.04471 -0.03337 -0.49768
v 0.04588 -0.01916 -0.49652
v 0.0443 -0.03364 -0.49652
v 0.0443 -0.03469 -0.49768
v 0.04417 -0.03463 -0.49668
v 0.04374 -0.03575 -0.5246
v 0.02817 -0.04414 -0.55645
v 0.02728 -0.04414 -0.52459
v 0.00908 -0.04882 -0.55647
v 0.0006 -0.04943 -0.58565
v -0.00837 -0.04889 -0.58564
v -0.01097 -0.05051 -0.61709
v -0.03413 -0.0459 -0.61393
v -0.03413 -0.04376 -0.61768
v -0.03414 -0.04138 -0.62012
v -0.0354 -0.01916 -0.62005
v -0.05544 -0.03542 -0.61192
v -0.05545 -0.03302 -0.61439
v -0.05748 -0.01916 -0.61408
v -0.05676 -0.03297 -0.61256
v -0.05883 -0.01916 -0.61306
v -0.05657 -0.03482 -0.61122
v -0.05544 -0.03759 -0.60811
v -0.05674 -0.03621 -0.60811
v -0.05729 -0.03413 -0.60899
v -0.05939 -0.01916 -0.6115
v -0.05171 -0.01916 -0.58534
v -0.05006 -0.03372 -0.58534
v -0.04976 -0.01916 -0.57282
v -0.04957 -0.03502 -0.58535
v -0.04813 -0.03372 -0.57282
v -0.0472 -0.01916 -0.55639
v -0.04839 -0.03609 -0.58536
v -0.04766 -0.03502 -0.57282
v -0.04561 -0.03372 -0.55639
v -0.04555 -0.01916 -0.5246
v -0.02947 -0.04434 -0.58555
v -0.04653 -0.03609 -0.57282
v -0.04517 -0.03502 -0.55639
v -0.04396 -0.03372 -0.5246
v -0.0451 -0.01916 -0.49768
v -0.02837 -0.04434 -0.57282
v -0.0435 -0.03372 -0.49768
v -0.04468 -0.01916 -0.49652
v -0.04309 -0.03399 -0.49652
v -0.04354 -0.03502 -0.5246
v -0.04309 -0.03502 -0.49768
v -0.04295 -0.03497 -0.49668
v -0.04411 -0.03609 -0.5564
v -0.04253 -0.03609 -0.5246
v -0.02696 -0.04434 -0.55645
v -0.00787 -0.04889 -0.55647
v -0.02607 -0.04434 -0.52459
v -0.04209 -0.03609 -0.49768
v -0.04209 -0.03566 -0.49652
v 0.0006 -0.04943 -0.55647
v -0.04209 -0.03461 -0.49602
v -0.04364 -0.01916 -0.49602
v -0.02682 -0.01916 -0.49602
v -0.02586 -0.04288 -0.49602
v -0.00853 -0.01916 -0.49602
v -0.02586 -0.04392 -0.49652
v -0.00822 -0.04742 -0.49602
v 0.0006 -0.01916 -0.49602
v -0.02586 -0.04434 -0.49768
v -0.00822 -0.04847 -0.49652
v 0.0006 -0.04796 -0.49602
v 0.00943 -0.04735 -0.49602
v 0.00975 -0.01916 -0.49602
v -0.00822 -0.04889 -0.49768
v -0.00761 -0.04889 -0.52459
v 0.02707 -0.04267 -0.49602
v 0.02803 -0.01916 -0.49602
v 0.0006 -0.04901 -0.49652
v 0.0006 -0.04943 -0.49768
v 0.0006 -0.04943 -0.52459
v 0.00882 -0.04882 -0.52459
v 0.00943 -0.04882 -0.49768
v 0.00943 -0.0484 -0.49652
v 0.02707 -0.04414 -0.49768
v 0.02707 -0.04371 -0.49652
v 0.04331 -0.03575 -0.49768
v 0.04331 -0.03533 -0.49652
v 0.04331 -0.03428 -0.49602
v 0.04485 -0.01916 -0.49602
v 0.00106 -0.0447 -0.02733
v 0.00003 -0.04482 -0.02983
v 0.00003 -0.0441 -0.02986
v 0.00106 0.03806 -0.02732
v 0.00003 0.03819 -0.02982
v -0.00237 -0.04477 -0.02884
v 0.00831 0.01336 0.08653
v -0.00237 0.03814 -0.02883
v -0.00711 0.01336 0.08653
v -0.00044 -0.0483 -0.57423
v -0.0001 -0.0483 -0.57693
v -0.0001 0.04184 -0.57693
v -0.00044 0.04184 -0.57423
v -0.00302 -0.0483 -0.57455
v -0.00302 0.04184 -0.57455
v 0.04261 -0.03057 -0.05257
v 0.04228 -0.02893 -0.05273
v 0.04304 -0.02875 -0.05257
v 0.04302 -0.01916 -0.05257
v 0.04227 -0.01916 -0.05273
v 0.04135 -0.03236 -0.05257
v 0.04193 -0.03048 -0.05273
v 0.04086 -0.03199 -0.05273
v 0.03903 -0.03354 -0.05273
v 0.03931 -0.03409 -0.05257
v 0.03657 -0.03554 -0.05257
v 0.03633 -0.03496 -0.05273
v 0.02632 -0.04131 -0.05273
v 0.0265 -0.04189 -0.05257
v 0.00926 -0.04493 -0.05273
v 0.00929 -0.04555 -0.05257
v 0.00062 -0.04585 -0.05257
v 0.00062 -0.04522 -0.05273
v -0.00806 -0.04555 -0.05257
v -0.00803 -0.04493 -0.05273
v -0.02528 -0.0419 -0.05257
v -0.02508 -0.04131 -0.05273
v -0.03535 -0.03554 -0.05257
v -0.03509 -0.03496 -0.05273
v -0.04105 -0.02893 -0.05273
v -0.04104 -0.01916 -0.05273
v -0.03809 -0.03409 -0.05257
v -0.04012 -0.03237 -0.05257
v -0.0378 -0.03354 -0.05273
v -0.03963 -0.03199 -0.05273
v -0.04071 -0.03049 -0.05273
v -0.04139 -0.03058 -0.05257
v -0.0418 -0.02875 -0.05257
v -0.0418 -0.01916 -0.05257
v 0.04304 0.022 -0.05257
v 0.04302 0.01242 -0.05257
v 0.04227 0.01242 -0.05273
v 0.04261 0.02383 -0.05257
v 0.04228 0.02219 -0.05273
v 0.04135 0.02562 -0.05257
v 0.04193 0.02374 -0.05273
v 0.04086 0.02525 -0.05273
v 0.03903 0.0268 -0.05273
v 0.03931 0.02735 -0.05257
v 0.03657 0.0288 -0.05257
v 0.03633 0.02822 -0.05273
v 0.02632 0.03457 -0.05273
v 0.0265 0.03515 -0.05257
v 0.00926 0.03819 -0.05273
v 0.00929 0.03881 -0.05257
v 0.00062 0.03911 -0.05257
v 0.00062 0.03848 -0.05273
v -0.00806 0.03881 -0.05257
v -0.00803 0.03819 -0.05273
v -0.02528 0.03516 -0.05257
v -0.02508 0.03457 -0.05273
v -0.03535 0.0288 -0.05257
v -0.03509 0.02822 -0.05273
v -0.04105 0.02219 -0.05273
v -0.04104 0.01242 -0.05273
v -0.03809 0.02735 -0.05257
v -0.04012 0.02563 -0.05257
v -0.0378 0.0268 -0.05273
v -0.03963 0.02525 -0.05273
v -0.04071 0.02375 -0.05273
v -0.04139 0.02384 -0.05257
v -0.0418 0.02201 -0.05257
v -0.0418 0.01242 -0.05257
v 0.00705 0.01336 0.08371
v -0.00584 0.01336 0.08371
v 0.00315 0.01242 0.08216
v 0.00239 0.01336 0.0806
v -0.00117 0.01336 0.0806
v -0.00194 0.01242 0.08216
v 0.0048 0.01336 0.0816
v -0.00359 0.01336 0.0816
v 0.0006 0.01242 0.08166
v 0.00191 0.01336 0.08051
v -0.0007 0.01336 0.08051
v 0.00235 -0.05029 -0.45901
v 0.00051 -0.05032 -0.45718
v 0.00235 0.04368 -0.45902
v 0.00051 0.04372 -0.45718
v -0.00141 -0.05028 -0.45909
v -0.00141 0.04368 -0.45909
vt 0.895508 0.009117
vt 0.902344 0.006302
vt 0.895508 0.006302
vt 0.902344 0.009239
vt 0.895508 0.011826
vt 0.902344 0.01194
vt 0.895508 0.039764
vt 0.902344 0.039886
vt 0.895508 0.069275
vt 0.902344 0.069275
vt 0.895508 0.083801
vt 0.902344 0.083923
vt 0.895508 0.098389
vt 0.902344 0.098511
vt 0.902344 0.127808
vt 0.895508 0.127808
vt 0.895508 0.155884
vt 0.902344 0.155884
vt 0.895508 0.158569
vt 0.902344 0.158569
vt 0.645508 0.931152
vt 0.646973 0.928711
vt 0.647949 0.928711
vt 0.644531 0.931152
vt 0.645996 0.928711
vt 0.643555 0.931152
vt 0.636719 0.936035
vt 0.640137 0.935059
vt 0.636719 0.936523
vt 0.640137 0.934082
vt 0.637207 0.935059
vt 0.640625 0.933106
vt 0.603516 0.928223
vt 0.600098 0.929199
vt 0.600098 0.930176
vt 0.603516 0.927734
vt 0.600586 0.928223
vt 0.604004 0.926269
vt 0.61084 0.921875
vt 0.608887 0.924805
vt 0.611816 0.921875
vt 0.608398 0.924805
vt 0.609863 0.921875
vt 0.606934 0.924316
vt 0.645508 0.93457
vt 0.643066 0.937012
vt 0.643066 0.936035
vt 0.645996 0.93457
vt 0.646973 0.935059
vt 0.643066 0.937988
vt 0.61084 0.928223
vt 0.606445 0.930664
vt 0.606445 0.931152
vt 0.609863 0.928223
vt 0.608887 0.927734
vt 0.606445 0.929199
vt 0.483887 0.948731
vt 0.495361 0.992676
vt 0.495117 0.948242
vt 0.481201 0.992188
vt 0.460693 0.950684
vt 0.453857 0.986816
vt 0.437988 0.957031
vt 0.432129 0.980469
vt 0.435303 0.957519
vt 0.429443 0.980469
vt 0.435791 0.953613
vt 0.438477 0.953613
vt 0.461182 0.947754
vt 0.484131 0.945801
vt 0.435303 0.950195
vt 0.432861 0.953125
vt 0.438477 0.949707
vt 0.461182 0.944824
vt 0.432129 0.950195
vt 0.412353 0.954102
vt 0.412353 0.950684
vt 0.410645 0.915527
vt 0.431152 0.914062
vt 0.409668 0.891602
vt 0.434326 0.914062
vt 0.430908 0.890625
vt 0.408691 0.837402
vt 0.437256 0.913574
vt 0.22583 0.916016
vt 0.247314 0.950684
vt 0.24646 0.915039
vt 0.227417 0.951172
vt 0.227661 0.95459
vt 0.224854 0.89209
vt 0.248047 0.954102
vt 0.250488 0.950684
vt 0.250977 0.954102
vt 0.246094 0.891113
vt 0.224121 0.837891
vt 0.249512 0.914551
vt 0.253662 0.954102
vt 0.253662 0.950195
vt 0.253174 0.957519
vt 0.250488 0.958496
vt 0.247314 0.981445
vt 0.244873 0.980957
vt 0.269287 0.987305
vt 0.275879 0.95166
vt 0.296631 0.992676
vt 0.276367 0.948731
vt 0.299316 0.949219
vt 0.310791 0.993652
vt 0.276367 0.945312
vt 0.299561 0.946289
vt 0.310547 0.948731
vt 0.321777 0.949219
vt 0.324707 0.992676
vt 0.252441 0.914062
vt 0.345215 0.951172
vt 0.352295 0.987305
vt 0.321777 0.946289
vt 0.344727 0.948242
vt 0.36792 0.957031
vt 0.374023 0.980957
vt 0.370605 0.957519
vt 0.376709 0.980469
vt 0.370361 0.953613
vt 0.367432 0.953613
vt 0.37085 0.950195
vt 0.373047 0.953125
vt 0.367432 0.949707
vt 0.344727 0.945312
vt 0.373779 0.950195
vt 0.393555 0.953613
vt 0.393799 0.950195
vt 0.395264 0.915039
vt 0.374512 0.914062
vt 0.395996 0.891113
vt 0.371582 0.914062
vt 0.374756 0.890625
vt 0.39624 0.836426
vt 0.368408 0.913574
vt 0.371582 0.890137
vt 0.373779 0.836426
vt 0.375244 0.759766
vt 0.397461 0.760254
vt 0.39917 0.687012
vt 0.37207 0.759766
vt 0.37085 0.836426
vt 0.368652 0.890137
vt 0.629394 0.272217
vt 0.610352 0.269287
vt 0.610352 0.27124
vt 0.629883 0.270264
vt 0.626465 0.316406
vt 0.60791 0.314941
vt 0.630859 0.272217
vt 0.631348 0.27002
vt 0.628418 0.31665
vt 0.623535 0.368408
vt 0.604981 0.366699
vt 0.625488 0.368408
vt 0.630371 0.31665
vt 0.627441 0.368408
vt 0.621094 0.395508
vt 0.602539 0.393311
vt 0.623047 0.395752
vt 0.625 0.395752
vt 0.619141 0.416504
vt 0.600098 0.41333
vt 0.621094 0.416504
vt 0.623047 0.416504
vt 0.612793 0.457031
vt 0.593262 0.457031
vt 0.611328 0.462647
vt 0.592773 0.459473
vt 0.614746 0.46167
vt 0.615723 0.456055
vt 0.618164 0.455811
vt 0.617188 0.463135
vt 0.614258 0.467529
vt 0.647949 0.459717
vt 0.608398 0.488525
vt 0.605957 0.487549
vt 0.616699 0.469238
vt 0.637695 0.503418
vt 0.647461 0.471924
vt 0.67334 0.514648
vt 0.647461 0.466553
vt 0.677734 0.473389
vt 0.692383 0.516113
vt 0.677734 0.461914
vt 0.677734 0.468262
vt 0.691894 0.473145
vt 0.555176 0.949707
vt 0.554688 0.953125
vt 0.557617 0.953125
vt 0.558106 0.949707
vt 0.577637 0.953125
vt 0.578125 0.950195
vt 0.57959 0.915039
vt 0.559082 0.913574
vt 0.555664 0.913574
vt 0.551758 0.949219
vt 0.552734 0.913574
vt 0.551758 0.953125
vt 0.552246 0.956543
vt 0.554688 0.957519
vt 0.558106 0.980469
vt 0.561035 0.979981
vt 0.536621 0.986328
vt 0.529785 0.950684
vt 0.509277 0.991699
vt 0.529297 0.947754
vt 0.529297 0.944824
vt 0.529785 0.911133
vt 0.506348 0.948731
vt 0.506348 0.945801
vt 0.495117 0.945312
vt 0.506348 0.942383
vt 0.506348 0.910156
vt 0.495117 0.942383
vt 0.484131 0.942871
vt 0.483398 0.910644
vt 0.495117 0.910644
vt 0.503418 0.896973
vt 0.486572 0.896973
vt 0.499512 0.899902
vt 0.490478 0.899902
vt 0.495117 0.900879
vt 0.645508 0.964844
vt 0.643555 0.968262
vt 0.645996 0.964844
vt 0.643066 0.968262
vt 0.644531 0.964844
vt 0.64209 0.968262
vt 0.635742 0.973633
vt 0.63916 0.972168
vt 0.63916 0.970703
vt 0.635742 0.974609
vt 0.63916 0.972656
vt 0.635742 0.975098
vt 0.695312 0.897461
vt 0.693359 0.894531
vt 0.692871 0.894531
vt 0.695801 0.897461
vt 0.694336 0.894531
vt 0.697266 0.897461
vt 0.703125 0.903809
vt 0.700195 0.902344
vt 0.703125 0.904785
vt 0.700195 0.901856
vt 0.703125 0.902832
vt 0.700195 0.900391
vt 0.64209 0.973144
vt 0.64209 0.974121
vt 0.64209 0.975098
vt 0.634277 0.968262
vt 0.632812 0.965332
vt 0.632324 0.965332
vt 0.635254 0.968262
vt 0.634277 0.965332
vt 0.636231 0.968262
vt 0.645996 0.971191
vt 0.645508 0.971191
vt 0.644043 0.971191
vt 0.703613 0.897949
vt 0.70459 0.895019
vt 0.702637 0.897949
vt 0.706055 0.895019
vt 0.70459 0.897949
vt 0.706543 0.894531
vt 0.696777 0.902832
vt 0.696777 0.903809
vt 0.696777 0.904297
vt 0.692871 0.900879
vt 0.693848 0.900391
vt 0.694824 0.900391
vt 0.689941 0.756836
vt 0.675293 0.756836
vt 0.677246 0.708496
vt 0.645996 0.754883
vt 0.675781 0.763184
vt 0.645508 0.761719
vt 0.689941 0.763184
vt 0.675293 0.768555
vt 0.689941 0.768066
vt 0.704102 0.763184
vt 0.69043 0.811523
vt 0.671387 0.80957
vt 0.704102 0.768066
vt 0.708984 0.80957
vt 0.645019 0.76709
vt 0.635742 0.798828
vt 0.615234 0.758301
vt 0.614746 0.76416
vt 0.606445 0.783691
vt 0.612305 0.762695
vt 0.604004 0.782715
vt 0.612793 0.756836
vt 0.613769 0.750977
vt 0.616211 0.750977
vt 0.61084 0.751953
vt 0.608887 0.757812
vt 0.591309 0.751953
vt 0.59082 0.754883
vt 0.598144 0.708496
vt 0.617188 0.711426
vt 0.600586 0.688477
vt 0.619141 0.711914
vt 0.619141 0.69043
vt 0.603027 0.661621
vt 0.621094 0.711426
vt 0.621094 0.690918
vt 0.621582 0.663574
vt 0.605957 0.610352
vt 0.648926 0.709961
vt 0.623047 0.690918
vt 0.623535 0.663574
vt 0.624512 0.611816
vt 0.608398 0.566406
vt 0.649414 0.689453
vt 0.632324 0.97168
vt 0.632812 0.97168
vt 0.634277 0.971191
vt 0.706055 0.900879
vt 0.705078 0.900879
vt 0.706543 0.900879
vt 0.930176 0.889648
vt 0.924316 0.879883
vt 0.924316 0.889648
vt 0.930176 0.879883
vt 0.798828 0.382324
vt 0.820312 0.384522
vt 0.820312 0.382324
vt 0.800781 0.384522
vt 0.820312 0.36084
vt 0.800781 0.358398
vt 0.798828 0.36084
vt 0.820312 0.358398
vt 0.800781 0.373779
vt 0.820312 0.374512
vt 0.820312 0.373779
vt 0.800781 0.374512
vt 0.800781 0.368408
vt 0.820312 0.369141
vt 0.820312 0.368408
vt 0.800781 0.369141
vt 0.820312 0.366211
vt 0.800781 0.36377
vt 0.798828 0.366211
vt 0.820312 0.36377
vt 0.798828 0.376953
vt 0.820312 0.37915
vt 0.820312 0.376953
vt 0.800781 0.37915
vt 0.496094 0.688477
vt 0.506348 0.687012
vt 0.494385 0.687012
vt 0.504883 0.688477
vt 0.798828 0.387695
vt 0.820312 0.389893
vt 0.820312 0.387695
vt 0.800781 0.389893
vt 0.820312 0.355469
vt 0.800781 0.353272
vt 0.798828 0.355469
vt 0.820312 0.353272
vt 0.995606 0.009186
vt 0.975586 0.005592
vt 0.975586 0.009659
vt 0.995606 0.005116
vt 0.820312 0.379883
vt 0.800781 0.379883
vt 0.800781 0.363037
vt 0.820312 0.363037
vt 0.970703 0.029678
vt 0.963379 0.037933
vt 0.970703 0.037567
vt 0.963379 0.030136
vt 0.970703 0.025299
vt 0.963379 0.02565
vt 0.970703 0.021164
vt 0.963379 0.021637
vt 0.970703 0.017624
vt 0.963379 0.01799
vt 0.970703 0.014328
vt 0.963379 0.014801
vt 0.970703 0.012085
vt 0.963379 0.012558
vt 0.963379 0.009254
vt 0.970703 0.008781
vt 0.963379 0.005714
vt 0.970703 0.005241
vt 0.820312 0.371582
vt 0.798828 0.371582
vt 0.940918 0.788574
vt 0.949219 0.81543
vt 0.949219 0.788574
vt 0.940918 0.81543
vt 0.949219 0.818848
vt 0.940918 0.818848
vt 0.949219 0.821777
vt 0.940918 0.821777
vt 0.949219 0.825195
vt 0.940918 0.825195
vt 0.949219 0.828613
vt 0.940918 0.828613
vt 0.949219 0.838867
vt 0.940918 0.838867
vt 0.949219 0.854004
vt 0.940918 0.854004
vt 0.949219 0.864258
vt 0.940918 0.864258
vt 0.940918 0.874512
vt 0.949219 0.874512
vt 0.361816 0.030121
vt 0.384277 0.034088
vt 0.361572 0.038452
vt 0.385254 0.026688
vt 0.384033 0.042297
vt 0.350586 0.037537
vt 0.399658 0.036469
vt 0.361816 0.047882
vt 0.350586 0.046936
vt 0.350586 0.029205
vt 0.3396 0.038452
vt 0.362061 0.022705
vt 0.3396 0.030121
vt 0.350586 0.021652
vt 0.362793 0.015686
vt 0.339355 0.022568
vt 0.338379 0.015556
vt 0.315918 0.02655
vt 0.317139 0.033966
vt 0.350586 0.014763
vt 0.35083 0.005226
vt 0.364502 0.006416
vt 0.336914 0.006416
vt 0.387207 0.02005
vt 0.389893 0.013435
vt 0.405029 0.021912
vt 0.401367 0.029068
vt 0.40918 0.025223
vt 0.405273 0.031311
vt 0.412842 0.028931
vt 0.408936 0.034088
vt 0.415772 0.033295
vt 0.40332 0.038055
vt 0.398926 0.045227
vt 0.406738 0.040192
vt 0.384277 0.051453
vt 0.402588 0.046021
vt 0.399658 0.054352
vt 0.412109 0.037262
vt 0.414795 0.040588
vt 0.418213 0.038452
vt 0.409668 0.042572
vt 0.412842 0.044434
vt 0.405762 0.047333
vt 0.408936 0.04892
vt 0.411865 0.049194
vt 0.412842 0.055145
vt 0.428711 0.073791
vt 0.409912 0.056091
vt 0.406738 0.055298
vt 0.40332 0.054626
vt 0.418945 0.0802
vt 0.415283 0.08136
vt 0.412109 0.082947
vt 0.798828 0.393066
vt 0.820312 0.395264
vt 0.820312 0.393066
vt 0.800781 0.395264
vt 0.820312 0.350098
vt 0.800781 0.3479
vt 0.798828 0.350098
vt 0.820312 0.3479
vt 0.667481 0.037994
vt 0.673828 0.039185
vt 0.671387 0.033997
vt 0.67041 0.04129
vt 0.664551 0.03479
vt 0.668457 0.029648
vt 0.665527 0.043274
vt 0.662109 0.040894
vt 0.660644 0.032013
vt 0.664551 0.02594
vt 0.658691 0.038788
vt 0.668457 0.045136
vt 0.661621 0.048035
vt 0.657227 0.02977
vt 0.660644 0.022629
vt 0.655273 0.037201
vt 0.643066 0.020767
vt 0.645508 0.014145
vt 0.620117 0.00713
vt 0.640625 0.02739
vt 0.618164 0.016403
vt 0.606445 0.005936
vt 0.606445 0.015472
vt 0.594238 0.016266
vt 0.592285 0.00713
vt 0.606445 0.022354
vt 0.617676 0.023422
vt 0.569336 0.02063
vt 0.566894 0.014015
vt 0.551758 0.022629
vt 0.571777 0.027252
vt 0.555176 0.029648
vt 0.547363 0.025803
vt 0.594727 0.023285
vt 0.606445 0.029907
vt 0.595215 0.030838
vt 0.557129 0.037201
vt 0.551269 0.031891
vt 0.543945 0.029648
vt 0.617188 0.030838
vt 0.606445 0.038239
vt 0.547852 0.03479
vt 0.540527 0.034149
vt 0.553711 0.038788
vt 0.639648 0.03479
vt 0.617188 0.039185
vt 0.639648 0.04303
vt 0.654297 0.045929
vt 0.617188 0.048584
vt 0.658203 0.046722
vt 0.639648 0.052155
vt 0.655273 0.055084
vt 0.658691 0.055328
vt 0.64209 0.081421
vt 0.659668 0.083557
vt 0.662109 0.056
vt 0.663574 0.083801
vt 0.664551 0.049652
vt 0.667481 0.049896
vt 0.684082 0.074524
vt 0.665527 0.056793
vt 0.668457 0.055878
vt 0.667481 0.083679
vt 0.670898 0.082092
vt 0.674316 0.080872
vt 0.667969 0.085388
vt 0.670898 0.084595
vt 0.663086 0.09491
vt 0.667969 0.086853
vt 0.658691 0.112976
vt 0.663574 0.095886
vt 0.665039 0.094543
vt 0.668457 0.088318
vt 0.669434 0.088989
vt 0.667481 0.093872
vt 0.671875 0.084839
vt 0.669922 0.093628
vt 0.671387 0.089111
vt 0.67334 0.085266
vt 0.676269 0.086304
vt 0.674805 0.089783
vt 0.673828 0.093994
vt 0.677734 0.083252
vt 0.686035 0.076355
vt 0.685059 0.086426
vt 0.691406 0.079041
vt 0.683106 0.089111
vt 0.682129 0.092041
vt 0.681152 0.095581
vt 0.69043 0.091858
vt 0.691894 0.089233
vt 0.697266 0.082214
vt 0.689453 0.094788
vt 0.697754 0.095215
vt 0.699219 0.092529
vt 0.953125 0.04129
vt 0.960449 0.022736
vt 0.953125 0.023911
vt 0.960449 0.0401
vt 0.953125 0.053711
vt 0.960449 0.052521
vt 0.953125 0.057373
vt 0.960449 0.056305
vt 0.953125 0.061157
vt 0.960449 0.060089
vt 0.953125 0.064941
vt 0.960449 0.063843
vt 0.953125 0.068726
vt 0.960449 0.067627
vt 0.953125 0.100159
vt 0.960449 0.099121
vt 0.820312 0.385254
vt 0.800781 0.385254
vt 0.293457 0.095825
vt 0.288818 0.087341
vt 0.289307 0.084961
vt 0.286377 0.084656
vt 0.293701 0.082825
vt 0.286865 0.081482
vt 0.283691 0.080444
vt 0.290039 0.082703
vt 0.294922 0.055145
vt 0.29834 0.054504
vt 0.291504 0.056091
vt 0.288818 0.055145
vt 0.27417 0.075134
vt 0.289551 0.049194
vt 0.282715 0.038727
vt 0.29541 0.047333
vt 0.29248 0.04892
vt 0.298828 0.045868
vt 0.288574 0.044556
vt 0.291504 0.042572
vt 0.294678 0.040192
vt 0.298096 0.038055
vt 0.286133 0.04071
vt 0.289062 0.037262
vt 0.285156 0.033417
vt 0.292236 0.034088
vt 0.28833 0.028931
vt 0.295898 0.031189
vt 0.301514 0.036469
vt 0.291992 0.025085
vt 0.299805 0.028931
vt 0.296143 0.021912
vt 0.313965 0.019928
vt 0.311523 0.013306
vt 0.800781 0.35791
vt 0.820312 0.35791
vt 0.914062 0.085876
vt 0.90625 0.092346
vt 0.914062 0.091614
vt 0.914062 0.097412
vt 0.90625 0.086548
vt 0.90625 0.098084
vt 0.914062 0.081299
vt 0.914062 0.103149
vt 0.90625 0.08197
vt 0.90625 0.103882
vt 0.90625 0.050934
vt 0.914062 0.10907
vt 0.914062 0.05011
vt 0.90625 0.109741
vt 0.914062 0.046448
vt 0.914062 0.116943
vt 0.90625 0.047272
vt 0.90625 0.117615
vt 0.914062 0.042816
vt 0.914062 0.119263
vt 0.90625 0.043518
vt 0.90625 0.119995
vt 0.914062 0.039032
vt 0.90625 0.122681
vt 0.90625 0.039856
vt 0.914062 0.12207
vt 0.914062 0.0354
vt 0.90625 0.127075
vt 0.90625 0.036224
vt 0.914062 0.126587
vt 0.914062 0.023285
vt 0.90625 0.131836
vt 0.90625 0.023987
vt 0.914062 0.006229
vt 0.90625 0.00705
vt 0.914062 0.131348
vt 0.90625 0.138916
vt 0.914062 0.138306
vt 0.90625 0.146484
vt 0.914062 0.145996
vt 0.90625 0.15271
vt 0.914062 0.152222
vt 0.90625 0.158691
vt 0.914062 0.158203
vt 0.90625 0.16687
vt 0.914062 0.166504
vt 0.90625 0.174194
vt 0.914062 0.173828
vt 0.90625 0.180908
vt 0.914062 0.180542
vt 0.90625 0.186645
vt 0.914062 0.186401
vt 0.90625 0.192627
vt 0.914062 0.192505
vt 0.914062 0.194702
vt 0.90625 0.194824
vt 0.970703 0.121155
vt 0.963379 0.115723
vt 0.963379 0.12146
vt 0.963379 0.127075
vt 0.970703 0.115356
vt 0.970703 0.126709
vt 0.963379 0.111328
vt 0.963379 0.132812
vt 0.970703 0.11084
vt 0.970703 0.132446
vt 0.970703 0.080383
vt 0.963379 0.13855
vt 0.963379 0.08075
vt 0.970703 0.138184
vt 0.963379 0.077209
vt 0.963379 0.146362
vt 0.970703 0.076843
vt 0.970703 0.146118
vt 0.963379 0.073547
vt 0.963379 0.148682
vt 0.970703 0.073181
vt 0.970703 0.148438
vt 0.963379 0.070007
vt 0.970703 0.151245
vt 0.970703 0.069519
vt 0.963379 0.151489
vt 0.963379 0.066345
vt 0.970703 0.15564
vt 0.970703 0.065979
vt 0.963379 0.155884
vt 0.963379 0.054565
vt 0.970703 0.1604
vt 0.970703 0.054108
vt 0.963379 0.160767
vt 0.970703 0.167481
vt 0.963379 0.167725
vt 0.970703 0.175293
vt 0.963379 0.175415
vt 0.970703 0.181396
vt 0.963379 0.181641
vt 0.970703 0.1875
vt 0.963379 0.187744
vt 0.970703 0.196045
vt 0.963379 0.196289
vt 0.970703 0.203491
vt 0.963379 0.203735
vt 0.970703 0.210449
vt 0.963379 0.210693
vt 0.970703 0.216431
vt 0.963379 0.216675
vt 0.970703 0.2229
vt 0.963379 0.223023
vt 0.963379 0.22522
vt 0.970703 0.225098
vt 0.440674 0.100952
vt 0.441162 0.097534
vt 0.44873 0.102539
vt 0.448486 0.106018
vt 0.451172 0.108643
vt 0.440918 0.104553
vt 0.448975 0.110657
vt 0.433105 0.100952
vt 0.454346 0.107178
vt 0.43335 0.097412
vt 0.449707 0.099121
vt 0.456299 0.114868
vt 0.45752 0.105347
vt 0.442139 0.094482
vt 0.459717 0.112793
vt 0.45166 0.096313
vt 0.462647 0.110657
vt 0.460205 0.120056
vt 0.454102 0.117432
vt 0.452637 0.132935
vt 0.457031 0.12207
vt 0.463867 0.118347
vt 0.460449 0.12854
vt 0.464111 0.127197
vt 0.462402 0.134277
vt 0.672852 0.968262
vt 0.67041 0.970215
vt 0.669922 0.970215
vt 0.673828 0.968262
vt 0.674805 0.96875
vt 0.671387 0.970703
vt 0.678711 0.966309
vt 0.681641 0.966309
vt 0.678223 0.967773
vt 0.682129 0.965332
vt 0.678711 0.96582
vt 0.682617 0.964844
vt 0.712402 0.835449
vt 0.708984 0.835449
vt 0.708496 0.836914
vt 0.712891 0.834473
vt 0.709473 0.834961
vt 0.713379 0.833984
vt 0.705078 0.837891
vt 0.701172 0.839356
vt 0.702148 0.839844
vt 0.704102 0.837402
vt 0.703613 0.837402
vt 0.700195 0.839356
vt 0.676758 0.962402
vt 0.672852 0.964844
vt 0.672363 0.964356
vt 0.676269 0.962891
vt 0.676269 0.963867
vt 0.673828 0.965332
vt 0.706543 0.833008
vt 0.703613 0.833984
vt 0.70459 0.834473
vt 0.707031 0.832031
vt 0.707519 0.831543
vt 0.702637 0.833496
vt 0.940918 0.550293
vt 0.949219 0.648438
vt 0.949219 0.550293
vt 0.940918 0.647949
vt 0.940918 0.51709
vt 0.949219 0.688965
vt 0.949219 0.51709
vt 0.940918 0.688965
vt 0.940918 0.486816
vt 0.940918 0.692871
vt 0.949219 0.487061
vt 0.949219 0.692871
vt 0.940918 0.393799
vt 0.949219 0.697754
vt 0.949219 0.394043
vt 0.940918 0.697266
vt 0.940918 0.349609
vt 0.940918 0.702148
vt 0.949219 0.349853
vt 0.949219 0.702637
vt 0.940918 0.303467
vt 0.940918 0.707519
vt 0.949219 0.303711
vt 0.949219 0.707519
vt 0.940918 0.257324
vt 0.940918 0.712402
vt 0.949219 0.257568
vt 0.949219 0.712402
vt 0.940918 0.233765
vt 0.940918 0.719727
vt 0.949219 0.233887
vt 0.949219 0.719727
vt 0.940918 0.206787
vt 0.940918 0.72168
vt 0.949219 0.207031
vt 0.949219 0.72168
vt 0.940918 0.177002
vt 0.949219 0.724121
vt 0.949219 0.177124
vt 0.940918 0.724121
vt 0.940918 0.149658
vt 0.949219 0.727539
vt 0.949219 0.149902
vt 0.940918 0.727539
vt 0.940918 0.12384
vt 0.949219 0.731934
vt 0.949219 0.124085
vt 0.940918 0.731934
vt 0.940918 0.121765
vt 0.949219 0.737793
vt 0.949219 0.121887
vt 0.940918 0.737793
vt 0.940918 0.119629
vt 0.949219 0.744629
vt 0.949219 0.119873
vt 0.940918 0.744629
vt 0.940918 0.097961
vt 0.949219 0.750488
vt 0.949219 0.098206
vt 0.940918 0.750488
vt 0.940918 0.075256
vt 0.949219 0.755859
vt 0.949219 0.075439
vt 0.940918 0.755859
vt 0.940918 0.063904
vt 0.949219 0.763184
vt 0.949219 0.064148
vt 0.940918 0.763184
vt 0.940918 0.052765
vt 0.949219 0.770019
vt 0.949219 0.052856
vt 0.940918 0.770019
vt 0.949219 0.030258
vt 0.949219 0.775879
vt 0.940918 0.030029
vt 0.940918 0.775879
vt 0.940918 0.008484
vt 0.949219 0.78125
vt 0.949219 0.00872
vt 0.940918 0.006367
vt 0.949219 0.006599
vt 0.940918 0.78125
vt 0.949219 0.787109
vt 0.940918 0.787109
vt 0.798828 0.398438
vt 0.820312 0.400635
vt 0.820312 0.398438
vt 0.800781 0.400635
vt 0.820312 0.344727
vt 0.800781 0.342529
vt 0.798828 0.344727
vt 0.820312 0.342529
vt 0.623047 0.875488
vt 0.620606 0.87207
vt 0.619141 0.878906
vt 0.615723 0.875
vt 0.625 0.869141
vt 0.623535 0.882324
vt 0.618164 0.868164
vt 0.615723 0.882812
vt 0.623535 0.866211
vt 0.626953 0.871582
vt 0.620606 0.886719
vt 0.626465 0.87793
vt 0.625977 0.889648
vt 0.62793 0.884766
vt 0.629883 0.873535
vt 0.630371 0.879883
vt 0.633789 0.886719
vt 0.632324 0.891602
vt 0.624023 0.894043
vt 0.631348 0.896484
vt 0.629883 0.904297
vt 0.63916 0.897461
vt 0.620606 0.901367
vt 0.63916 0.905273
vt 0.617676 0.891113
vt 0.613281 0.897461
vt 0.646484 0.896484
vt 0.611816 0.886231
vt 0.606445 0.891602
vt 0.647949 0.904297
vt 0.611328 0.87793
vt 0.607422 0.880371
vt 0.600586 0.884766
vt 0.613281 0.870117
vt 0.608398 0.87207
vt 0.603516 0.874023
vt 0.596191 0.876465
vt 0.601562 0.866699
vt 0.59375 0.868164
vt 0.606445 0.865723
vt 0.611816 0.864746
vt 0.617188 0.864258
vt 0.600586 0.859375
vt 0.592773 0.859375
vt 0.605957 0.859375
vt 0.611328 0.859375
vt 0.616699 0.859375
vt 0.601562 0.852051
vt 0.59375 0.850098
vt 0.606445 0.853027
vt 0.611816 0.854492
vt 0.617188 0.855469
vt 0.604004 0.844727
vt 0.59668 0.841797
vt 0.608398 0.84668
vt 0.613281 0.849121
vt 0.618164 0.851074
vt 0.607422 0.838379
vt 0.601074 0.833984
vt 0.611328 0.841309
vt 0.615723 0.844238
vt 0.620606 0.847168
vt 0.612305 0.832519
vt 0.606934 0.82666
vt 0.615723 0.836426
vt 0.619629 0.839844
vt 0.623047 0.84375
vt 0.618164 0.827637
vt 0.613769 0.821289
vt 0.620606 0.832031
vt 0.623535 0.836426
vt 0.626953 0.84082
vt 0.623535 0.824707
vt 0.620606 0.817383
vt 0.625488 0.82959
vt 0.62793 0.834473
vt 0.629883 0.839356
vt 0.629883 0.845703
vt 0.632812 0.827148
vt 0.631836 0.822266
vt 0.630371 0.814453
vt 0.633789 0.832519
vt 0.63916 0.821777
vt 0.639648 0.813965
vt 0.63916 0.82666
vt 0.63916 0.832031
vt 0.646484 0.822266
vt 0.647949 0.814941
vt 0.645508 0.827148
vt 0.657715 0.817871
vt 0.644531 0.832519
vt 0.654297 0.824707
vt 0.664551 0.821777
vt 0.652344 0.82959
vt 0.649902 0.834473
vt 0.660156 0.828125
vt 0.671875 0.827148
vt 0.657227 0.832519
vt 0.654297 0.836914
vt 0.666016 0.833008
vt 0.677246 0.833984
vt 0.662598 0.836426
vt 0.658691 0.840332
vt 0.670898 0.838867
vt 0.681641 0.841797
vt 0.674316 0.845215
vt 0.684082 0.850586
vt 0.666504 0.841309
vt 0.662109 0.844238
vt 0.676269 0.852539
vt 0.685059 0.859375
vt 0.669434 0.847168
vt 0.664551 0.849121
vt 0.677246 0.859863
vt 0.684082 0.868652
vt 0.671387 0.853516
vt 0.666504 0.854492
vt 0.676269 0.867188
vt 0.681641 0.876953
vt 0.671875 0.859863
vt 0.666992 0.859863
vt 0.661133 0.855469
vt 0.659668 0.851074
vt 0.655762 0.856445
vt 0.657715 0.847168
vt 0.654785 0.853516
vt 0.654785 0.84375
vt 0.652832 0.850586
vt 0.651367 0.841309
vt 0.650879 0.847656
vt 0.623535 0.853027
vt 0.647461 0.839356
vt 0.648438 0.845703
vt 0.625 0.850098
vt 0.626953 0.847656
vt 0.622559 0.856445
vt 0.62207 0.859375
vt 0.645019 0.84375
vt 0.632324 0.844238
vt 0.643555 0.837891
vt 0.64209 0.843262
vt 0.63916 0.837402
vt 0.63916 0.842773
vt 0.636231 0.842773
vt 0.634766 0.837891
vt 0.995606 0.615234
vt 0.975586 0.647461
vt 0.995606 0.646484
vt 0.975586 0.682129
vt 0.975586 0.615723
vt 0.995606 0.681641
vt 0.995606 0.587891
vt 0.975586 0.714356
vt 0.975586 0.588379
vt 0.995606 0.713379
vt 0.995606 0.53418
vt 0.975586 0.743164
vt 0.975586 0.534668
vt 0.995606 0.742676
vt 0.995606 0.480957
vt 0.975586 0.481445
vt 0.995606 0.430176
vt 0.975586 0.744141
vt 0.975586 0.43042
vt 0.995606 0.743652
vt 0.995606 0.32251
vt 0.975586 0.768555
vt 0.975586 0.322998
vt 0.995606 0.767578
vt 0.995606 0.287598
vt 0.975586 0.794434
vt 0.975586 0.288086
vt 0.995606 0.793945
vt 0.995606 0.249268
vt 0.975586 0.807129
vt 0.975586 0.249756
vt 0.995606 0.806641
vt 0.975586 0.137207
vt 0.975586 0.819824
vt 0.995606 0.136719
vt 0.995606 0.819336
vt 0.975586 0.088989
vt 0.975586 0.845703
vt 0.995606 0.088501
vt 0.995606 0.845215
vt 0.995606 0.045197
vt 0.975586 0.870117
vt 0.975586 0.045685
vt 0.995606 0.869141
vt 0.975586 0.870606
vt 0.995606 0.870117
vt 0.975586 0.871094
vt 0.975586 0.899414
vt 0.995606 0.898926
vt 0.641602 0.925781
vt 0.638672 0.923828
vt 0.638672 0.922852
vt 0.641602 0.926758
vt 0.641113 0.927734
vt 0.638672 0.924805
vt 0.953125 0.015747
vt 0.960449 0.014572
vt 0.953125 0.011024
vt 0.960449 0.009964
vt 0.953125 0.006771
vt 0.960449 0.005707
vt 0.63916 0.963867
vt 0.642578 0.961426
vt 0.636231 0.961426
vt 0.63916 0.956055
vt 0.643555 0.957031
vt 0.634766 0.957031
vt 0.647461 0.959961
vt 0.630859 0.959961
vt 0.650391 0.963379
vt 0.651367 0.968262
vt 0.62793 0.963379
vt 0.627441 0.968262
vt 0.650391 0.972656
vt 0.647461 0.976562
vt 0.643555 0.979004
vt 0.63916 0.979981
vt 0.634766 0.979004
vt 0.630859 0.976562
vt 0.62793 0.972656
vt 0.604492 0.921387
vt 0.602051 0.916992
vt 0.602051 0.918457
vt 0.604981 0.919922
vt 0.604981 0.919434
vt 0.602051 0.916504
vt 0.626465 0.973144
vt 0.629394 0.977539
vt 0.633789 0.980957
vt 0.625 0.968262
vt 0.63916 0.981934
vt 0.626465 0.962891
vt 0.644531 0.980957
vt 0.629394 0.958496
vt 0.648926 0.977539
vt 0.633789 0.955566
vt 0.652344 0.973144
vt 0.63916 0.95459
vt 0.65332 0.968262
vt 0.644531 0.955566
vt 0.651856 0.962891
vt 0.648926 0.958496
vt 0.645019 0.924805
vt 0.645019 0.924316
vt 0.644531 0.925781
vt 0.63916 0.965332
vt 0.642578 0.963379
vt 0.636231 0.963379
vt 0.60791 0.919434
vt 0.608398 0.918457
vt 0.608398 0.917481
vt 0.310303 0.898926
vt 0.314941 0.900391
vt 0.314209 0.897949
vt 0.310303 0.901367
vt 0.318848 0.897461
vt 0.305664 0.900879
vt 0.317383 0.895508
vt 0.321289 0.893066
vt 0.319336 0.89209
vt 0.32251 0.888184
vt 0.320068 0.888184
vt 0.319336 0.883789
vt 0.321289 0.882812
vt 0.317139 0.880371
vt 0.318848 0.878418
vt 0.313965 0.87793
vt 0.314941 0.875488
vt 0.310303 0.877441
vt 0.310303 0.874512
vt 0.305664 0.875488
vt 0.306641 0.897949
vt 0.302002 0.897461
vt 0.306397 0.878418
vt 0.301758 0.878418
vt 0.303467 0.895508
vt 0.299316 0.893066
vt 0.303467 0.880371
vt 0.299316 0.883301
vt 0.30127 0.89209
vt 0.29834 0.888184
vt 0.30127 0.883789
vt 0.300537 0.888184
vt 0.468018 0.126099
vt 0.467285 0.11676
vt 0.466064 0.133667
vt 0.47168 0.125244
vt 0.469971 0.133545
vt 0.466064 0.136719
vt 0.469727 0.137695
vt 0.473145 0.138672
vt 0.464844 0.138672
vt 0.473633 0.133545
vt 0.467773 0.140503
vt 0.470703 0.142578
vt 0.477051 0.133545
vt 0.474853 0.124146
vt 0.470215 0.115051
vt 0.473633 0.113281
vt 0.477783 0.12323
vt 0.468994 0.106018
vt 0.47998 0.133423
vt 0.479248 0.140869
vt 0.465576 0.108521
vt 0.463623 0.099548
vt 0.476074 0.139893
vt 0.47583 0.147217
vt 0.4729 0.144775
vt 0.472656 0.150269
vt 0.459961 0.102966
vt 0.455811 0.091736
vt 0.448486 0.085754
vt 0.470215 0.146606
vt 0.469238 0.151977
vt 0.443848 0.091858
vt 0.44165 0.081482
vt 0.436523 0.088501
vt 0.435547 0.078308
vt 0.467529 0.147461
vt 0.457764 0.152954
vt 0.46875 0.144165
vt 0.429443 0.085754
vt 0.43042 0.075684
vt 0.466797 0.14148
vt 0.422363 0.082581
vt 0.466797 0.144653
vt 0.46582 0.141724
vt 0.457031 0.146484
vt 0.450195 0.15271
vt 0.456299 0.143311
vt 0.448975 0.145019
vt 0.443603 0.152588
vt 0.455078 0.139893
vt 0.448242 0.141846
vt 0.440918 0.144531
vt 0.437988 0.153442
vt 0.432861 0.145752
vt 0.439941 0.141602
vt 0.431152 0.143066
vt 0.447022 0.13855
vt 0.453857 0.136475
vt 0.438477 0.138428
vt 0.429932 0.139893
vt 0.445557 0.135254
vt 0.44458 0.131592
vt 0.437256 0.135132
vt 0.436279 0.13147
vt 0.428711 0.136231
vt 0.421143 0.139404
vt 0.427978 0.132324
vt 0.420654 0.135254
vt 0.416748 0.135376
vt 0.425293 0.098572
vt 0.414062 0.098328
vt 0.409912 0.102051
vt 0.411865 0.09314
vt 0.417725 0.097534
vt 0.414551 0.092896
vt 0.414062 0.088257
vt 0.425537 0.09491
vt 0.418213 0.093323
vt 0.416016 0.088379
vt 0.416504 0.084167
vt 0.415283 0.083862
vt 0.417969 0.084534
vt 0.419434 0.08905
vt 0.420654 0.085632
vt 0.427734 0.088379
vt 0.426514 0.091309
vt 0.434814 0.091187
vt 0.433838 0.094116
vt 0.700684 0.034454
vt 0.695312 0.040771
vt 0.699707 0.040771
vt 0.700684 0.047211
vt 0.70459 0.03598
vt 0.696777 0.032898
vt 0.703613 0.040863
vt 0.696777 0.048737
vt 0.690918 0.040771
vt 0.70459 0.029083
vt 0.707031 0.031921
vt 0.709961 0.034698
vt 0.704102 0.052582
vt 0.711426 0.029175
vt 0.708496 0.037537
vt 0.70459 0.045654
vt 0.707519 0.040863
vt 0.712891 0.032806
vt 0.716309 0.032166
vt 0.722168 0.034698
vt 0.719238 0.032806
vt 0.716309 0.028198
vt 0.720703 0.029175
vt 0.724121 0.037445
vt 0.725098 0.03183
vt 0.709961 0.025436
vt 0.716309 0.024124
vt 0.724609 0.040771
vt 0.727539 0.03598
vt 0.70166 0.026245
vt 0.708008 0.021774
vt 0.693359 0.031281
vt 0.698731 0.023239
vt 0.69043 0.030151
vt 0.696777 0.02121
vt 0.688477 0.040863
vt 0.706543 0.01796
vt 0.705566 0.015358
vt 0.716309 0.013245
vt 0.692871 0.050385
vt 0.69043 0.051422
vt 0.696289 0.060364
vt 0.716309 0.016159
vt 0.70166 0.05542
vt 0.698731 0.058411
vt 0.705566 0.066284
vt 0.725586 0.01796
vt 0.726562 0.015358
vt 0.73584 0.021286
vt 0.706543 0.06366
vt 0.716309 0.06842
vt 0.708008 0.059875
vt 0.716309 0.065491
vt 0.709961 0.056152
vt 0.716309 0.061493
vt 0.716309 0.057526
vt 0.725586 0.06366
vt 0.726562 0.066345
vt 0.707031 0.049805
vt 0.711426 0.05249
vt 0.708496 0.044189
vt 0.709961 0.046967
vt 0.724121 0.044189
vt 0.722168 0.046967
vt 0.712891 0.048828
vt 0.728516 0.040863
vt 0.727539 0.045654
vt 0.719238 0.048828
vt 0.725098 0.049805
vt 0.716309 0.049469
vt 0.721191 0.05249
vt 0.716309 0.053467
vt 0.722656 0.056213
vt 0.728027 0.052582
vt 0.724121 0.059875
vt 0.730957 0.05542
vt 0.733887 0.058411
vt 0.73584 0.060364
vt 0.739258 0.050385
vt 0.741699 0.051514
vt 0.744141 0.040863
vt 0.735352 0.048737
vt 0.741211 0.040863
vt 0.741699 0.030228
vt 0.731445 0.047211
vt 0.736816 0.040863
vt 0.73291 0.040863
vt 0.731445 0.034515
vt 0.735352 0.032989
vt 0.728027 0.029083
vt 0.739258 0.031281
vt 0.730957 0.026245
vt 0.722656 0.025513
vt 0.733887 0.023315
vt 0.724121 0.021774
vt 0.716309 0.020142
vt 0.599609 0.965332
vt 0.596191 0.964844
vt 0.600586 0.969727
vt 0.594727 0.970703
vt 0.591797 0.967285
vt 0.598633 0.973144
vt 0.59082 0.962402
vt 0.603516 0.973633
vt 0.595703 0.959961
vt 0.591309 0.958008
vt 0.59375 0.954102
vt 0.605469 0.969238
vt 0.60791 0.972656
vt 0.611328 0.969727
vt 0.599609 0.955078
vt 0.599609 0.958984
vt 0.597656 0.951172
vt 0.602051 0.950195
vt 0.604981 0.95459
vt 0.606934 0.950684
vt 0.610352 0.953125
vt 0.609375 0.958984
vt 0.605957 0.958496
vt 0.613281 0.957031
vt 0.614258 0.961426
vt 0.609863 0.964356
vt 0.613769 0.96582
vt 0.605957 0.965332
vt 0.589356 0.957519
vt 0.592285 0.952637
vt 0.59668 0.949707
vt 0.588867 0.962891
vt 0.602051 0.948242
vt 0.607422 0.949219
vt 0.590332 0.967773
vt 0.593262 0.972168
vt 0.611816 0.95166
vt 0.598144 0.975098
vt 0.615234 0.956055
vt 0.603516 0.975586
vt 0.616211 0.961426
vt 0.608887 0.974609
vt 0.615723 0.966797
vt 0.612793 0.971191
vt 0.312012 0.321289
vt 0.307617 0.322998
vt 0.311279 0.32373
vt 0.307617 0.320557
vt 0.315918 0.324219
vt 0.303223 0.321289
vt 0.314453 0.325928
vt 0.318359 0.328369
vt 0.307861 0.343994
vt 0.303955 0.323975
vt 0.299561 0.324219
vt 0.31665 0.329346
vt 0.304199 0.343262
vt 0.31958 0.333252
vt 0.317627 0.333252
vt 0.316895 0.337402
vt 0.318603 0.338379
vt 0.314697 0.34082
vt 0.316162 0.342529
vt 0.311523 0.343262
vt 0.312256 0.345703
vt 0.307861 0.34668
vt 0.303223 0.345703
vt 0.299561 0.342773
vt 0.300781 0.34082
vt 0.296875 0.338379
vt 0.300781 0.326172
vt 0.296875 0.328613
vt 0.298828 0.337647
vt 0.295898 0.333252
vt 0.298828 0.329346
vt 0.298096 0.333496
vt 0.604004 0.956055
vt 0.601074 0.959961
vt 0.604492 0.959961
vt 0.601074 0.956055
vt 0.597168 0.960938
vt 0.597656 0.963867
vt 0.601074 0.964356
vt 0.604492 0.963867
vt 0.60791 0.960449
vt 0.608398 0.963379
vt 0.604492 0.967773
vt 0.601562 0.968262
vt 0.408203 0.083069
vt 0.404053 0.082825
vt 0.386475 0.080688
vt 0.412109 0.084656
vt 0.407715 0.094238
vt 0.412353 0.086121
vt 0.403076 0.112244
vt 0.407959 0.095154
vt 0.412842 0.087585
vt 0.409668 0.093811
vt 0.403809 0.112366
vt 0.406738 0.106934
vt 0.403809 0.122681
vt 0.408203 0.127563
vt 0.412109 0.132446
vt 0.405029 0.122559
vt 0.410645 0.141724
vt 0.409668 0.141846
vt 0.412842 0.14209
vt 0.415283 0.150146
vt 0.415039 0.142456
vt 0.415772 0.148315
vt 0.416992 0.147461
vt 0.415039 0.151977
vt 0.417969 0.152344
vt 0.418945 0.151856
vt 0.417969 0.155518
vt 0.41748 0.141724
vt 0.421143 0.15625
vt 0.420166 0.151123
vt 0.418701 0.146729
vt 0.682617 0.975586
vt 0.681641 0.972168
vt 0.68457 0.969727
vt 0.688477 0.974121
vt 0.688965 0.969727
vt 0.685547 0.978027
vt 0.687988 0.965332
vt 0.681641 0.980469
vt 0.685547 0.961426
vt 0.681641 0.958984
vt 0.677734 0.977539
vt 0.677246 0.981934
vt 0.672852 0.980957
vt 0.677246 0.958008
vt 0.672852 0.958984
vt 0.668945 0.961426
vt 0.666016 0.965332
vt 0.665527 0.969727
vt 0.666504 0.974609
vt 0.671875 0.975098
vt 0.668945 0.978516
vt 0.675781 0.974121
vt 0.360107 0.18396
vt 0.361084 0.179199
vt 0.362305 0.18396
vt 0.361084 0.188843
vt 0.359131 0.180054
vt 0.359131 0.187988
vt 0.356934 0.176514
vt 0.358643 0.175049
vt 0.356689 0.191406
vt 0.358398 0.192993
vt 0.35376 0.174194
vt 0.354492 0.172119
vt 0.353516 0.193726
vt 0.354248 0.195801
vt 0.349609 0.196777
vt 0.349609 0.17334
vt 0.349853 0.17102
vt 0.344727 0.171997
vt 0.348877 0.194214
vt 0.344727 0.195801
vt 0.345703 0.174072
vt 0.34082 0.174927
vt 0.345703 0.193604
vt 0.34082 0.192871
vt 0.342285 0.176514
vt 0.338135 0.179077
vt 0.342285 0.191284
vt 0.338135 0.188599
vt 0.340088 0.179932
vt 0.340088 0.187866
vt 0.339111 0.183838
vt 0.337158 0.183838
vt 0.677246 0.983887
vt 0.682617 0.982422
vt 0.687012 0.979492
vt 0.671875 0.982422
vt 0.689941 0.975098
vt 0.667481 0.979492
vt 0.690918 0.969727
vt 0.689941 0.964844
vt 0.664551 0.975098
vt 0.687012 0.959961
vt 0.663574 0.969727
vt 0.664551 0.964844
vt 0.682617 0.957031
vt 0.667481 0.960449
vt 0.677246 0.956055
vt 0.671875 0.957519
vt 0.652344 0.932129
vt 0.652344 0.927734
vt 0.650879 0.936523
vt 0.650391 0.92334
vt 0.647461 0.939941
vt 0.646973 0.92041
vt 0.643066 0.918457
vt 0.643066 0.941894
vt 0.638672 0.941894
vt 0.638184 0.918457
vt 0.634277 0.92041
vt 0.634766 0.925781
vt 0.630859 0.923828
vt 0.628906 0.928223
vt 0.633301 0.932129
vt 0.636231 0.929199
vt 0.628906 0.932617
vt 0.630859 0.937012
vt 0.634277 0.94043
vt 0.680664 0.975098
vt 0.672852 0.973633
vt 0.679688 0.971191
vt 0.678223 0.976074
vt 0.682617 0.969238
vt 0.652832 0.869141
vt 0.622559 0.862793
vt 0.654785 0.866211
vt 0.659668 0.868164
vt 0.661133 0.864258
vt 0.666016 0.865234
vt 0.655762 0.863281
vt 0.661621 0.859375
vt 0.655762 0.859375
vt 0.638184 0.943848
vt 0.633301 0.941894
vt 0.643555 0.943848
vt 0.629394 0.937988
vt 0.648438 0.941406
vt 0.626953 0.933106
vt 0.626953 0.927734
vt 0.652344 0.9375
vt 0.628906 0.922852
vt 0.654297 0.932617
vt 0.654297 0.927246
vt 0.632812 0.918945
vt 0.637695 0.916992
vt 0.651856 0.922363
vt 0.648438 0.918457
vt 0.643555 0.916504
vt 0.636231 0.926269
vt 0.638184 0.929688
vt 0.635254 0.932129
vt 0.680664 0.698242
vt 0.685547 0.698731
vt 0.68457 0.701172
vt 0.689453 0.699219
vt 0.689453 0.702148
vt 0.693848 0.701172
vt 0.692871 0.698731
vt 0.697754 0.697754
vt 0.696289 0.696289
vt 0.682617 0.696289
vt 0.698242 0.692383
vt 0.700195 0.693359
vt 0.680176 0.692871
vt 0.678223 0.693359
vt 0.698731 0.688477
vt 0.701172 0.687988
vt 0.679688 0.688477
vt 0.677246 0.688477
vt 0.698242 0.684082
vt 0.700195 0.683106
vt 0.680176 0.684082
vt 0.678223 0.683106
vt 0.695801 0.680664
vt 0.697754 0.678711
vt 0.682129 0.680664
vt 0.680664 0.678711
vt 0.692871 0.678223
vt 0.693848 0.675293
vt 0.685547 0.678223
vt 0.68457 0.675781
vt 0.688965 0.677246
vt 0.688965 0.674316
vt 0.820312 0.390625
vt 0.800781 0.390625
vt 0.481934 0.201538
vt 0.462647 0.192139
vt 0.485596 0.199829
vt 0.461914 0.188355
vt 0.464355 0.195679
vt 0.483398 0.206177
vt 0.457275 0.188599
vt 0.488525 0.197266
vt 0.458008 0.193726
vt 0.450439 0.195801
vt 0.453613 0.202393
vt 0.449219 0.188721
vt 0.460449 0.198242
vt 0.458252 0.207886
vt 0.45752 0.183472
vt 0.449707 0.181519
vt 0.463867 0.202148
vt 0.464355 0.212036
vt 0.467041 0.198608
vt 0.470459 0.200806
vt 0.468262 0.205078
vt 0.471191 0.214477
vt 0.474121 0.202148
vt 0.478027 0.202393
vt 0.473145 0.206787
vt 0.478516 0.214966
vt 0.478516 0.207153
vt 0.48584 0.213745
vt 0.492432 0.210693
vt 0.488281 0.203857
vt 0.497803 0.205933
vt 0.492188 0.200439
vt 0.501953 0.199951
vt 0.495117 0.196167
vt 0.504394 0.193237
vt 0.496826 0.191284
vt 0.504883 0.185913
vt 0.490723 0.19397
vt 0.462158 0.184448
vt 0.49707 0.186157
vt 0.503418 0.178833
vt 0.458984 0.178589
vt 0.452148 0.174683
vt 0.463379 0.180664
vt 0.461914 0.174316
vt 0.456299 0.168701
vt 0.492188 0.190308
vt 0.46582 0.177368
vt 0.466064 0.170898
vt 0.461914 0.164062
vt 0.492188 0.186401
vt 0.46875 0.174805
vt 0.470703 0.168579
vt 0.468506 0.161011
vt 0.491699 0.182495
vt 0.472168 0.173096
vt 0.47583 0.167602
vt 0.475586 0.159668
vt 0.496094 0.18103
vt 0.500488 0.172363
vt 0.489746 0.179077
vt 0.493897 0.176392
vt 0.496094 0.166748
vt 0.476074 0.172363
vt 0.481201 0.167969
vt 0.48291 0.160278
vt 0.490478 0.172485
vt 0.48999 0.16272
vt 0.487305 0.176025
vt 0.486084 0.169678
vt 0.483887 0.173828
vt 0.47998 0.172607
vt 0.699707 0.909668
vt 0.695312 0.908691
vt 0.704102 0.908691
vt 0.691406 0.905762
vt 0.708008 0.905762
vt 0.688477 0.902344
vt 0.687988 0.897461
vt 0.710938 0.901856
vt 0.711914 0.897461
vt 0.688477 0.893066
vt 0.691406 0.889648
vt 0.696289 0.891113
vt 0.695312 0.886719
vt 0.699707 0.885742
vt 0.702637 0.891113
vt 0.699707 0.893555
vt 0.70459 0.886719
vt 0.708008 0.88916
vt 0.710938 0.893066
vt 0.694336 0.910156
vt 0.699707 0.911621
vt 0.689941 0.907227
vt 0.705078 0.910156
vt 0.687012 0.902832
vt 0.709473 0.907227
vt 0.686035 0.897461
vt 0.712891 0.902832
vt 0.687012 0.892578
vt 0.689941 0.888184
vt 0.713867 0.897461
vt 0.694336 0.884766
vt 0.712402 0.892578
vt 0.709473 0.888184
vt 0.699707 0.883789
vt 0.705078 0.884766
vt 0.699707 0.895019
vt 0.702637 0.892578
vt 0.696777 0.892578
vt 0.433838 0.890625
vt 0.430908 0.836426
vt 0.428711 0.760254
vt 0.406494 0.761231
vt 0.404541 0.6875
vt 0.431641 0.760254
vt 0.434082 0.836426
vt 0.436768 0.890137
vt 0.427246 0.687012
vt 0.425293 0.533203
vt 0.403564 0.533203
vt 0.460205 0.911621
vt 0.425293 0.481445
vt 0.404053 0.480957
vt 0.459717 0.888672
vt 0.437012 0.836426
vt 0.434814 0.760254
vt 0.459717 0.835449
vt 0.48291 0.887695
vt 0.458252 0.759277
vt 0.483887 0.892578
vt 0.483154 0.834961
vt 0.483887 0.882324
vt 0.486328 0.87793
vt 0.490478 0.875
vt 0.494873 0.874023
vt 0.494629 0.834473
vt 0.482178 0.758789
vt 0.493652 0.758789
vt 0.506348 0.834961
vt 0.499512 0.875
vt 0.503418 0.87793
vt 0.505859 0.882324
vt 0.506836 0.887207
vt 0.482422 0.687012
vt 0.493897 0.535156
vt 0.457764 0.687012
vt 0.481689 0.535156
vt 0.433594 0.687012
vt 0.456543 0.53418
vt 0.430176 0.687012
vt 0.431641 0.533203
vt 0.428223 0.533203
vt 0.428223 0.481689
vt 0.431397 0.481689
vt 0.429443 0.425049
vt 0.426514 0.424805
vt 0.405762 0.424316
vt 0.428223 0.326904
vt 0.408203 0.325928
vt 0.431152 0.326904
vt 0.432617 0.425049
vt 0.455566 0.481445
vt 0.431641 0.264893
vt 0.411621 0.263916
vt 0.411865 0.260986
vt 0.432129 0.261963
vt 0.43457 0.264893
vt 0.435059 0.261719
vt 0.434326 0.327148
vt 0.437988 0.261719
vt 0.437744 0.265381
vt 0.456787 0.424805
vt 0.704102 0.086426
vt 0.707031 0.097046
vt 0.711426 0.092407
vt 0.715332 0.103699
vt 0.719238 0.10022
vt 0.705078 0.099854
vt 0.721191 0.109253
vt 0.724609 0.10675
vt 0.712891 0.106079
vt 0.718262 0.111328
vt 0.726074 0.115723
vt 0.729004 0.114014
vt 0.722656 0.117432
vt 0.715332 0.113464
vt 0.730469 0.124878
vt 0.733398 0.123962
vt 0.727051 0.125855
vt 0.719238 0.119019
vt 0.732422 0.134277
vt 0.735352 0.134155
vt 0.734863 0.14148
vt 0.729004 0.134277
vt 0.731445 0.140625
vt 0.731445 0.147949
vt 0.728516 0.139404
vt 0.728516 0.145508
vt 0.728027 0.150879
vt 0.726074 0.147339
vt 0.724609 0.15271
vt 0.726074 0.143311
vt 0.725098 0.138306
vt 0.725586 0.134277
vt 0.723144 0.148193
vt 0.713379 0.153687
vt 0.724121 0.144898
vt 0.723144 0.141235
vt 0.72168 0.137451
vt 0.712402 0.147217
vt 0.705566 0.153442
vt 0.722168 0.145386
vt 0.722168 0.142212
vt 0.720215 0.139404
vt 0.721191 0.142456
vt 0.711914 0.144043
vt 0.70459 0.145752
vt 0.699219 0.15332
vt 0.710938 0.140625
vt 0.703613 0.142578
vt 0.696777 0.145264
vt 0.422363 0.143555
vt 0.423584 0.147095
vt 0.425537 0.149658
vt 0.431641 0.159546
vt 0.430664 0.187866
vt 0.433838 0.15564
vt 0.418701 0.187012
vt 0.430908 0.2146
vt 0.417725 0.2146
vt 0.430908 0.216431
vt 0.415527 0.186768
vt 0.417725 0.216431
vt 0.430908 0.21814
vt 0.41748 0.21814
vt 0.414551 0.2146
vt 0.414551 0.216431
vt 0.414307 0.21814
vt 0.411865 0.186523
vt 0.410645 0.2146
vt 0.410645 0.216431
vt 0.410645 0.21814
vt 0.406494 0.21814
vt 0.406494 0.216431
vt 0.4021 0.21814
vt 0.4021 0.216431
vt 0.385742 0.21814
vt 0.406494 0.2146
vt 0.385742 0.216431
vt 0.361572 0.21814
vt 0.4021 0.2146
vt 0.407959 0.186157
vt 0.403564 0.185791
vt 0.414551 0.153809
vt 0.410645 0.152832
vt 0.406494 0.151977
vt 0.386719 0.184692
vt 0.387939 0.150146
vt 0.385742 0.2146
vt 0.362549 0.150024
vt 0.361572 0.2146
vt 0.361572 0.216431
vt 0.349365 0.21814
vt 0.349365 0.216431
vt 0.349365 0.2146
vt 0.337402 0.2146
vt 0.337402 0.216431
vt 0.337402 0.21814
vt 0.313232 0.216431
vt 0.313232 0.21814
vt 0.313232 0.2146
vt 0.3125 0.184326
vt 0.297119 0.2146
vt 0.297119 0.216431
vt 0.297119 0.21814
vt 0.292725 0.216431
vt 0.292725 0.21814
vt 0.292725 0.2146
vt 0.288574 0.216431
vt 0.288574 0.21814
vt 0.285156 0.21814
vt 0.288574 0.2146
vt 0.284912 0.216431
vt 0.281738 0.21814
vt 0.281738 0.216431
vt 0.268555 0.21814
vt 0.268555 0.216431
vt 0.284668 0.2146
vt 0.281494 0.2146
vt 0.268555 0.2146
vt 0.280518 0.18689
vt 0.268555 0.187866
vt 0.283691 0.186523
vt 0.287353 0.186157
vt 0.280762 0.155151
vt 0.277344 0.155884
vt 0.266357 0.160523
vt 0.291504 0.185791
vt 0.284424 0.15332
vt 0.28418 0.152588
vt 0.295654 0.185303
vt 0.288574 0.152222
vt 0.28125 0.15271
vt 0.292969 0.151245
vt 0.311768 0.149536
vt 0.289795 0.143311
vt 0.296387 0.125732
vt 0.337158 0.14978
vt 0.314941 0.080322
vt 0.349853 0.150024
vt 0.338867 0.081665
vt 0.362549 0.081787
vt 0.350586 0.081787
vt 0.3396 0.047882
vt 0.317139 0.0513
vt 0.317383 0.042175
vt 0.30249 0.044952
vt 0.301758 0.054108
vt 0.297607 0.082459
vt 0.297363 0.115418
vt 0.296387 0.11554
vt 0.29541 0.12561
vt 0.289551 0.142456
vt 0.291992 0.130737
vt 0.28418 0.151001
vt 0.287598 0.143433
vt 0.288086 0.135254
vt 0.283936 0.149536
vt 0.2854 0.143921
vt 0.282715 0.148682
vt 0.280029 0.152344
vt 0.282471 0.144043
vt 0.280762 0.148193
vt 0.278564 0.151733
vt 0.273682 0.152954
vt 0.264648 0.158691
vt 0.283691 0.13855
vt 0.266602 0.148926
vt 0.259766 0.155518
vt 0.275635 0.150269
vt 0.260254 0.145874
vt 0.254395 0.152344
vt 0.268555 0.146606
vt 0.262207 0.143433
vt 0.253174 0.141968
vt 0.248169 0.147461
vt 0.255127 0.139526
vt 0.246216 0.136719
vt 0.241455 0.140991
vt 0.27002 0.144043
vt 0.263672 0.140747
vt 0.277344 0.147095
vt 0.271484 0.140747
vt 0.279053 0.143066
vt 0.279785 0.138916
vt 0.264648 0.137451
vt 0.271973 0.137085
vt 0.256592 0.136597
vt 0.265137 0.134033
vt 0.257568 0.133301
vt 0.248413 0.134277
vt 0.249756 0.130981
vt 0.27417 0.103394
vt 0.257812 0.129883
vt 0.250488 0.127563
vt 0.282227 0.101379
vt 0.266113 0.103516
vt 0.286133 0.101624
vt 0.273926 0.099548
vt 0.282227 0.097107
vt 0.265625 0.09967
vt 0.273193 0.095703
vt 0.258057 0.102539
vt 0.250732 0.122986
vt 0.257568 0.098755
vt 0.264648 0.096069
vt 0.250488 0.100464
vt 0.248291 0.124817
vt 0.272217 0.092346
vt 0.244995 0.125855
vt 0.244141 0.118042
vt 0.246704 0.115845
vt 0.241699 0.127319
vt 0.240601 0.119934
vt 0.241089 0.11261
vt 0.244507 0.110901
vt 0.239014 0.129394
vt 0.234741 0.132324
vt 0.237305 0.121643
vt 0.234253 0.123352
vt 0.230469 0.125366
vt 0.237305 0.113953
vt 0.233765 0.115173
vt 0.230469 0.116333
vt 0.227051 0.117554
vt 0.238525 0.105103
vt 0.234497 0.105774
vt 0.230835 0.106262
vt 0.227417 0.106812
vt 0.224365 0.107361
vt 0.24231 0.104004
vt 0.237549 0.09845
vt 0.233643 0.098206
vt 0.230102 0.097778
vt 0.226685 0.097412
vt 0.223877 0.097107
vt 0.225586 0.089844
vt 0.228516 0.091064
vt 0.229614 0.083862
vt 0.231323 0.092651
vt 0.232178 0.086548
vt 0.233276 0.081238
vt 0.234497 0.094116
vt 0.234375 0.08905
vt 0.235107 0.084961
vt 0.236694 0.079895
vt 0.237793 0.084412
vt 0.247681 0.079895
vt 0.23645 0.087708
vt 0.236816 0.091309
vt 0.238037 0.095398
vt 0.247803 0.086426
vt 0.254883 0.080872
vt 0.238281 0.087341
vt 0.238037 0.090515
vt 0.239624 0.093567
vt 0.241333 0.098206
vt 0.249756 0.096741
vt 0.238892 0.090393
vt 0.248901 0.09314
vt 0.256592 0.095154
vt 0.248169 0.089722
vt 0.255859 0.091858
vt 0.263916 0.092896
vt 0.255371 0.088501
vt 0.260986 0.08136
vt 0.262939 0.089844
vt 0.266602 0.080994
vt 0.270996 0.089294
vt 0.271484 0.078735
vt 0.278809 0.086121
vt 0.280518 0.089172
vt 0.281494 0.092773
vt 0.286133 0.095154
vt 0.2854 0.089966
vt 0.28418 0.085449
vt 0.286865 0.0896
vt 0.2854 0.084961
vt 0.288574 0.094727
vt 0.28833 0.088806
vt 0.290283 0.104981
vt 0.290527 0.095276
vt 0.293457 0.110107
vt 0.292725 0.095947
vt 0.498779 0.897461
vt 0.498779 0.877441
vt 0.495117 0.898438
vt 0.501953 0.895019
vt 0.505859 0.892578
vt 0.501953 0.879883
vt 0.503906 0.891602
vt 0.503906 0.883301
vt 0.504883 0.887207
vt 0.494873 0.876953
vt 0.491211 0.897461
vt 0.491211 0.87793
vt 0.488037 0.895019
vt 0.488037 0.879883
vt 0.486084 0.891602
vt 0.48584 0.883301
vt 0.485107 0.887695
vt 0.953125 0.273193
vt 0.960449 0.220703
vt 0.953125 0.220825
vt 0.953125 0.215942
vt 0.960449 0.272949
vt 0.960449 0.215698
vt 0.953125 0.398438
vt 0.960449 0.210083
vt 0.960449 0.398438
vt 0.953125 0.210205
vt 0.953125 0.441162
vt 0.953125 0.204102
vt 0.960449 0.441162
vt 0.960449 0.203857
vt 0.953125 0.480225
vt 0.953125 0.197876
vt 0.960449 0.480225
vt 0.960449 0.19751
vt 0.953125 0.600586
vt 0.953125 0.191284
vt 0.960449 0.600586
vt 0.960449 0.19104
vt 0.953125 0.657715
vt 0.953125 0.182739
vt 0.960449 0.657715
vt 0.960449 0.182251
vt 0.953125 0.717285
vt 0.953125 0.180176
vt 0.960449 0.717285
vt 0.960449 0.179688
vt 0.953125 0.777344
vt 0.960449 0.176758
vt 0.960449 0.777344
vt 0.953125 0.177368
vt 0.953125 0.808106
vt 0.960449 0.172119
vt 0.960449 0.808106
vt 0.953125 0.17273
vt 0.953125 0.843262
vt 0.960449 0.167114
vt 0.960449 0.843262
vt 0.953125 0.167847
vt 0.953125 0.881836
vt 0.960449 0.159668
vt 0.960449 0.881836
vt 0.953125 0.1604
vt 0.953125 0.916992
vt 0.960449 0.151489
vt 0.960449 0.917481
vt 0.953125 0.950684
vt 0.960449 0.950684
vt 0.953125 0.152222
vt 0.960449 0.144775
vt 0.953125 0.145508
vt 0.960449 0.138184
vt 0.953125 0.139038
vt 0.960449 0.129273
vt 0.953125 0.130127
vt 0.960449 0.121338
vt 0.953125 0.122315
vt 0.960449 0.114258
vt 0.953125 0.115173
vt 0.960449 0.107605
vt 0.953125 0.108581
vt 0.960449 0.101257
vt 0.953125 0.102295
vt 0.800781 0.352539
vt 0.820312 0.352539
vt 0.90625 0.241943
vt 0.914062 0.241821
vt 0.90625 0.356201
vt 0.914062 0.355957
vt 0.914062 0.394775
vt 0.90625 0.39502
vt 0.914062 0.430176
vt 0.90625 0.430176
vt 0.914062 0.539062
vt 0.90625 0.539062
vt 0.914062 0.59082
vt 0.90625 0.59082
vt 0.90625 0.645019
vt 0.914062 0.645019
vt 0.914062 0.698731
vt 0.90625 0.698731
vt 0.914062 0.726562
vt 0.90625 0.726562
vt 0.914062 0.758301
vt 0.90625 0.758301
vt 0.914062 0.793457
vt 0.90625 0.793457
vt 0.914062 0.825195
vt 0.90625 0.825195
vt 0.914062 0.855957
vt 0.90625 0.855469
vt 0.914062 0.858398
vt 0.90625 0.858398
vt 0.970703 0.47168
vt 0.963379 0.586426
vt 0.970703 0.586426
vt 0.963379 0.640625
vt 0.963379 0.471924
vt 0.970703 0.640625
vt 0.970703 0.43457
vt 0.963379 0.697754
vt 0.963379 0.43457
vt 0.970703 0.697266
vt 0.970703 0.393799
vt 0.963379 0.754394
vt 0.963379 0.394043
vt 0.970703 0.754394
vt 0.963379 0.274414
vt 0.963379 0.783691
vt 0.970703 0.27417
vt 0.970703 0.783691
vt 0.963379 0.817383
vt 0.970703 0.817383
vt 0.963379 0.854004
vt 0.970703 0.854004
vt 0.963379 0.888184
vt 0.970703 0.888184
vt 0.963379 0.919922
vt 0.970703 0.919922
vt 0.963379 0.922852
vt 0.970703 0.922852
vt 0.680664 0.944336
vt 0.68457 0.942383
vt 0.679688 0.939941
vt 0.675781 0.944336
vt 0.684082 0.937012
vt 0.687988 0.939453
vt 0.689941 0.935059
vt 0.67334 0.938965
vt 0.676758 0.9375
vt 0.671387 0.942871
vt 0.667969 0.939453
vt 0.67041 0.935059
vt 0.666016 0.935547
vt 0.666016 0.930664
vt 0.671387 0.928711
vt 0.67334 0.932129
vt 0.667969 0.926269
vt 0.670898 0.92334
vt 0.676269 0.925781
vt 0.675293 0.921387
vt 0.680176 0.921387
vt 0.682129 0.926758
vt 0.678711 0.928711
vt 0.68457 0.922852
vt 0.6875 0.926269
vt 0.685059 0.930664
vt 0.689453 0.930664
vt 0.682129 0.933594
vt 0.67041 0.944336
vt 0.675293 0.946289
vt 0.666504 0.940918
vt 0.680664 0.946289
vt 0.686035 0.944336
vt 0.664062 0.936035
vt 0.689453 0.94043
vt 0.664062 0.930664
vt 0.666016 0.925293
vt 0.691406 0.935547
vt 0.691406 0.930176
vt 0.669922 0.921875
vt 0.689453 0.925293
vt 0.674805 0.919434
vt 0.685547 0.921387
vt 0.680176 0.919434
vt 0.493652 0.318848
vt 0.493652 0.3396
vt 0.497314 0.31958
vt 0.498047 0.317139
vt 0.501953 0.320068
vt 0.493652 0.316406
vt 0.489258 0.317139
vt 0.500488 0.321777
vt 0.504394 0.324219
vt 0.497314 0.338867
vt 0.502441 0.325195
vt 0.505371 0.329102
vt 0.500488 0.33667
vt 0.501953 0.338379
vt 0.498291 0.341309
vt 0.504394 0.333984
vt 0.493652 0.342285
vt 0.489258 0.341309
vt 0.502441 0.333252
vt 0.503418 0.329102
vt 0.48999 0.338867
vt 0.485352 0.338379
vt 0.48999 0.31958
vt 0.485352 0.320068
vt 0.486816 0.33667
vt 0.48291 0.334228
vt 0.486816 0.321777
vt 0.48291 0.324463
vt 0.484619 0.333252
vt 0.481689 0.329102
vt 0.484619 0.325195
vt 0.483887 0.329102
vt 0.67334 0.929199
vt 0.675293 0.932617
vt 0.675781 0.927734
vt 0.678223 0.930176
vt 0.680664 0.933106
vt 0.681641 0.928711
vt 0.683594 0.930664
vt 0.677246 0.935547
vt 0.672363 0.935059
vt 0.67334 0.9375
vt 0.679688 0.937988
vt 0.682129 0.936523
vt 0.973144 0.989258
vt 0.953125 0.985352
vt 0.953125 0.989258
vt 0.973144 0.985352
vt 0.953125 0.981445
vt 0.973144 0.980957
vt 0.953125 0.977051
vt 0.973144 0.977051
vt 0.953125 0.973144
vt 0.973144 0.973144
vt 0.953125 0.96875
vt 0.973144 0.96875
vt 0.953125 0.964844
vt 0.973144 0.964844
vt 0.953125 0.960938
vt 0.973144 0.960938
vt 0.953125 0.956543
vt 0.973144 0.956543
vt 0.686035 0.188599
vt 0.676758 0.15686
vt 0.674316 0.187744
vt 0.686523 0.215332
vt 0.67334 0.153076
vt 0.67334 0.15625
vt 0.671387 0.149048
vt 0.670898 0.150757
vt 0.67334 0.215332
vt 0.686523 0.217163
vt 0.670898 0.1875
vt 0.67334 0.217163
vt 0.686523 0.218872
vt 0.672852 0.218872
vt 0.669922 0.215332
vt 0.669922 0.217163
vt 0.669922 0.218872
vt 0.667481 0.187256
vt 0.666504 0.215332
vt 0.666016 0.217163
vt 0.666016 0.218872
vt 0.662109 0.218872
vt 0.662109 0.217163
vt 0.657715 0.218872
vt 0.657715 0.217163
vt 0.641113 0.218872
vt 0.662109 0.215332
vt 0.663574 0.18689
vt 0.641113 0.217163
vt 0.617188 0.218872
vt 0.657715 0.215332
vt 0.65918 0.186401
vt 0.669922 0.154541
vt 0.666016 0.153564
vt 0.67041 0.15271
vt 0.665527 0.142578
vt 0.662109 0.15271
vt 0.64209 0.185425
vt 0.65918 0.123413
vt 0.666016 0.142456
vt 0.660644 0.123291
vt 0.668457 0.142822
vt 0.67041 0.143066
vt 0.664062 0.128296
vt 0.667481 0.133179
vt 0.672363 0.136108
vt 0.672852 0.142456
vt 0.676269 0.135986
vt 0.65918 0.113098
vt 0.662109 0.107666
vt 0.665527 0.102722
vt 0.669434 0.09906
vt 0.67334 0.098267
vt 0.643555 0.150757
vt 0.618164 0.150635
vt 0.617676 0.184692
vt 0.616699 0.179932
vt 0.614258 0.175659
vt 0.617188 0.215332
vt 0.616699 0.189453
vt 0.613769 0.193726
vt 0.618164 0.082459
vt 0.605469 0.150635
vt 0.609863 0.172852
vt 0.605469 0.171753
vt 0.600586 0.172607
vt 0.596191 0.175537
vt 0.606445 0.082459
vt 0.592773 0.150513
vt 0.59375 0.17981
vt 0.594238 0.082336
vt 0.592773 0.18457
vt 0.595215 0.048584
vt 0.606445 0.047638
vt 0.595215 0.039185
vt 0.572754 0.034668
vt 0.572754 0.042877
vt 0.572754 0.052032
vt 0.558106 0.045654
vt 0.570312 0.080994
vt 0.557129 0.05481
vt 0.554199 0.0466
vt 0.550293 0.040894
vt 0.553711 0.055206
vt 0.544434 0.037994
vt 0.551269 0.048035
vt 0.546875 0.043274
vt 0.541504 0.041412
vt 0.538086 0.039429
vt 0.543945 0.045258
vt 0.547852 0.049652
vt 0.544922 0.049896
vt 0.550293 0.055878
vt 0.547363 0.056793
vt 0.544434 0.055878
vt 0.529785 0.075867
vt 0.54541 0.083435
vt 0.542481 0.082214
vt 0.539062 0.081177
vt 0.549316 0.083557
vt 0.544922 0.085632
vt 0.541992 0.085388
vt 0.549316 0.096497
vt 0.553223 0.08313
vt 0.544434 0.088013
vt 0.543945 0.089478
vt 0.552734 0.11615
vt 0.54834 0.09668
vt 0.551758 0.116272
vt 0.551758 0.126465
vt 0.551269 0.126343
vt 0.567383 0.150269
vt 0.54834 0.151977
vt 0.568359 0.184937
vt 0.547363 0.13147
vt 0.54541 0.143066
vt 0.54541 0.144043
vt 0.549316 0.11084
vt 0.542969 0.144165
vt 0.543457 0.135986
vt 0.545898 0.096008
vt 0.545898 0.105652
vt 0.543945 0.095459
vt 0.541504 0.102356
vt 0.542481 0.090271
vt 0.541016 0.144531
vt 0.541504 0.095886
vt 0.539062 0.139282
vt 0.541016 0.085632
vt 0.540039 0.086182
vt 0.541016 0.090698
vt 0.53418 0.086853
vt 0.526856 0.079407
vt 0.536133 0.089905
vt 0.537109 0.093445
vt 0.537598 0.097839
vt 0.527832 0.093079
vt 0.528809 0.096375
vt 0.538086 0.102112
vt 0.529297 0.10022
vt 0.535156 0.139648
vt 0.526367 0.090027
vt 0.521973 0.081665
vt 0.529785 0.104065
vt 0.518555 0.090576
vt 0.516602 0.082092
vt 0.519531 0.093628
vt 0.520508 0.096802
vt 0.510742 0.089233
vt 0.510254 0.081543
vt 0.511231 0.092529
vt 0.512207 0.095886
vt 0.520996 0.100342
vt 0.513184 0.099426
vt 0.521484 0.104187
vt 0.513672 0.103272
vt 0.505371 0.097473
vt 0.520508 0.134766
vt 0.513184 0.130493
vt 0.505859 0.101135
vt 0.506348 0.123657
vt 0.527344 0.137817
vt 0.513184 0.134033
vt 0.520019 0.138184
vt 0.526856 0.141357
vt 0.505859 0.128296
vt 0.512207 0.137329
vt 0.505371 0.131714
vt 0.503906 0.125488
vt 0.503906 0.13501
vt 0.500488 0.126587
vt 0.499756 0.118774
vt 0.502441 0.116516
vt 0.496094 0.120606
vt 0.496826 0.113342
vt 0.5 0.111633
vt 0.49292 0.114685
vt 0.494141 0.105774
vt 0.497803 0.104736
vt 0.496826 0.098877
vt 0.493164 0.099182
vt 0.490234 0.106445
vt 0.495117 0.094238
vt 0.493652 0.09613
vt 0.489258 0.098877
vt 0.490234 0.094788
vt 0.489258 0.115845
vt 0.486328 0.106995
vt 0.485596 0.098511
vt 0.492432 0.092041
vt 0.49292 0.122375
vt 0.48999 0.089783
vt 0.493652 0.091248
vt 0.497314 0.128052
vt 0.494629 0.130127
vt 0.501465 0.137451
vt 0.48999 0.124085
vt 0.490234 0.133057
vt 0.49707 0.141724
vt 0.486084 0.125977
vt 0.503418 0.148193
vt 0.486084 0.117065
vt 0.482666 0.118225
vt 0.483154 0.107544
vt 0.47998 0.108032
vt 0.482422 0.098084
vt 0.479492 0.097839
vt 0.481201 0.090576
vt 0.484131 0.091736
vt 0.485107 0.084595
vt 0.487061 0.093323
vt 0.487793 0.087219
vt 0.48877 0.08197
vt 0.490723 0.085632
vt 0.492188 0.080627
vt 0.492188 0.08844
vt 0.493408 0.085144
vt 0.50293 0.080627
vt 0.493897 0.088013
vt 0.503418 0.087097
vt 0.503906 0.090454
vt 0.494629 0.091064
vt 0.504394 0.093872
vt 0.706055 0.843262
vt 0.702637 0.844238
vt 0.708496 0.84668
vt 0.703125 0.850098
vt 0.699219 0.847656
vt 0.708008 0.851074
vt 0.696777 0.84375
vt 0.712402 0.849609
vt 0.695801 0.838867
vt 0.696777 0.834473
vt 0.712891 0.844727
vt 0.716309 0.847168
vt 0.71875 0.843262
vt 0.699219 0.830566
vt 0.703125 0.828125
vt 0.708008 0.827148
vt 0.712402 0.828125
vt 0.716309 0.830566
vt 0.71875 0.834473
vt 0.715332 0.838867
vt 0.719727 0.838867
vt 0.711914 0.841309
vt 0.604981 0.17395
vt 0.601074 0.174805
vt 0.597656 0.177124
vt 0.595703 0.180664
vt 0.609375 0.174927
vt 0.594727 0.18457
vt 0.59375 0.189331
vt 0.595703 0.188599
vt 0.598144 0.192017
vt 0.596191 0.193604
vt 0.601074 0.194214
vt 0.600586 0.196533
vt 0.604492 0.194946
vt 0.604981 0.197388
vt 0.608887 0.194336
vt 0.609863 0.196533
vt 0.612305 0.177124
vt 0.612305 0.192139
vt 0.614746 0.180786
vt 0.614746 0.188721
vt 0.615723 0.184692
vt 0.697754 0.848633
vt 0.695312 0.844238
vt 0.702637 0.851562
vt 0.693848 0.838867
vt 0.694824 0.833984
vt 0.708008 0.853027
vt 0.698242 0.82959
vt 0.713379 0.851562
vt 0.702637 0.82666
vt 0.717773 0.848633
vt 0.708008 0.825195
vt 0.720703 0.844238
vt 0.713379 0.82666
vt 0.72168 0.838867
vt 0.717773 0.82959
vt 0.720703 0.833984
vt 0.614258 0.916992
vt 0.616211 0.920898
vt 0.616211 0.925781
vt 0.61084 0.913574
vt 0.606445 0.912109
vt 0.614258 0.930176
vt 0.611328 0.933106
vt 0.606934 0.935059
vt 0.602051 0.935547
vt 0.597656 0.933594
vt 0.594727 0.930176
vt 0.597168 0.925293
vt 0.592773 0.926269
vt 0.592773 0.921387
vt 0.598144 0.919434
vt 0.599609 0.922852
vt 0.594238 0.917481
vt 0.597656 0.914062
vt 0.602051 0.912109
vt 0.703125 0.842773
vt 0.707031 0.841797
vt 0.708984 0.845215
vt 0.711426 0.844238
vt 0.710449 0.840332
vt 0.713379 0.838379
vt 0.612305 0.935059
vt 0.607422 0.937012
vt 0.601562 0.937012
vt 0.616211 0.931152
vt 0.59668 0.935059
vt 0.618164 0.926269
vt 0.592773 0.931641
vt 0.618164 0.920898
vt 0.59082 0.926758
vt 0.615723 0.916016
vt 0.59082 0.921387
vt 0.611816 0.912109
vt 0.592773 0.916016
vt 0.606934 0.910156
vt 0.59668 0.912598
vt 0.601562 0.910156
vt 0.599121 0.925781
vt 0.601562 0.922852
vt 0.599609 0.919434
vt 0.699707 0.402832
vt 0.694824 0.403564
vt 0.695801 0.406006
vt 0.691406 0.404297
vt 0.691406 0.407227
vt 0.686523 0.406006
vt 0.6875 0.403564
vt 0.682617 0.403076
vt 0.68457 0.401123
vt 0.698242 0.400879
vt 0.682129 0.397705
vt 0.680176 0.398438
vt 0.700195 0.397461
vt 0.702148 0.398193
vt 0.681641 0.393555
vt 0.679199 0.393311
vt 0.700684 0.393066
vt 0.703125 0.393066
vt 0.682129 0.38916
vt 0.680176 0.388184
vt 0.700195 0.388916
vt 0.702148 0.387939
vt 0.684082 0.385498
vt 0.682617 0.383545
vt 0.697754 0.385498
vt 0.699707 0.383545
vt 0.6875 0.383057
vt 0.686523 0.380371
vt 0.694824 0.383057
vt 0.695801 0.380371
vt 0.690918 0.382324
vt 0.690918 0.379395
vt 0.743164 0.182007
vt 0.745117 0.172363
vt 0.739746 0.178101
vt 0.739258 0.168335
vt 0.75 0.177856
vt 0.735352 0.175171
vt 0.731934 0.165894
vt 0.745117 0.186523
vt 0.75293 0.184448
vt 0.730469 0.173462
vt 0.725098 0.165283
vt 0.73291 0.179443
vt 0.746094 0.19165
vt 0.754394 0.191528
vt 0.736328 0.181641
vt 0.729004 0.178223
vt 0.725098 0.173218
vt 0.717773 0.166626
vt 0.738769 0.18457
vt 0.725586 0.177979
vt 0.720215 0.174194
vt 0.710938 0.169678
vt 0.740723 0.18811
vt 0.72168 0.178711
vt 0.715332 0.176392
vt 0.705566 0.174316
vt 0.741211 0.191894
vt 0.717773 0.18042
vt 0.711426 0.17981
vt 0.701172 0.180298
vt 0.741211 0.195801
vt 0.714844 0.182983
vt 0.708496 0.184204
vt 0.698731 0.187012
vt 0.746094 0.196777
vt 0.753906 0.198731
vt 0.739746 0.199585
vt 0.744141 0.201782
vt 0.751465 0.205566
vt 0.712891 0.186279
vt 0.706543 0.188965
vt 0.698242 0.194336
vt 0.741211 0.206055
vt 0.74707 0.211548
vt 0.737793 0.202881
vt 0.711426 0.189941
vt 0.706543 0.194092
vt 0.699707 0.201416
vt 0.734863 0.205444
vt 0.737305 0.209351
vt 0.741699 0.216187
vt 0.707519 0.199219
vt 0.702637 0.207886
vt 0.711426 0.193848
vt 0.732422 0.211792
vt 0.734863 0.21936
vt 0.730957 0.207153
vt 0.711914 0.197754
vt 0.709473 0.203857
vt 0.707519 0.213501
vt 0.727051 0.207886
vt 0.727539 0.212769
vt 0.727539 0.220581
vt 0.712891 0.207764
vt 0.713379 0.217651
vt 0.713867 0.201294
vt 0.722656 0.21228
vt 0.720703 0.220093
vt 0.723633 0.207642
vt 0.717285 0.210693
vt 0.719727 0.206421
vt 0.716309 0.204224
vt 0.924316 0.822754
vt 0.930176 0.822754
vt 0.930176 0.762207
vt 0.924316 0.762207
vt 0.376465 0.686523
vt 0.376953 0.533203
vt 0.398682 0.532715
vt 0.345459 0.911621
vt 0.375977 0.483154
vt 0.397217 0.482422
vt 0.373779 0.533203
vt 0.373047 0.483154
vt 0.374756 0.428467
vt 0.395508 0.42749
vt 0.373291 0.686523
vt 0.370605 0.533203
vt 0.371826 0.428467
vt 0.369629 0.483154
vt 0.370117 0.686523
vt 0.345703 0.533203
vt 0.369141 0.759766
vt 0.345703 0.687012
vt 0.345215 0.483643
vt 0.36792 0.835938
vt 0.320801 0.533691
vt 0.368652 0.428467
vt 0.345703 0.888672
vt 0.344971 0.835449
vt 0.370117 0.330566
vt 0.345459 0.759277
vt 0.373047 0.330322
vt 0.393066 0.329346
vt 0.369629 0.268555
vt 0.389404 0.267578
vt 0.38916 0.264404
vt 0.368897 0.265625
vt 0.366455 0.268555
vt 0.365967 0.265137
vt 0.366943 0.330811
vt 0.363281 0.265137
vt 0.363281 0.268799
vt 0.344482 0.429199
vt 0.343506 0.332275
vt 0.363525 0.261719
vt 0.366211 0.260986
vt 0.369385 0.237549
vt 0.371826 0.238037
vt 0.3479 0.231445
vt 0.341309 0.26709
vt 0.321045 0.225952
vt 0.340576 0.27002
vt 0.318359 0.269043
vt 0.307129 0.22522
vt 0.340576 0.273193
vt 0.318115 0.271973
vt 0.307373 0.269531
vt 0.296387 0.269287
vt 0.293213 0.226196
vt 0.307373 0.272461
vt 0.273682 0.267822
vt 0.266357 0.232056
vt 0.296631 0.271973
vt 0.27417 0.270508
vt 0.251221 0.262451
vt 0.245239 0.238281
vt 0.248657 0.261719
vt 0.242798 0.238769
vt 0.249023 0.265869
vt 0.251709 0.265869
vt 0.248413 0.269287
vt 0.245972 0.266357
vt 0.251465 0.269531
vt 0.27417 0.273438
vt 0.296631 0.274902
vt 0.272217 0.332764
vt 0.307373 0.275391
vt 0.318115 0.274902
vt 0.320068 0.429688
vt 0.320557 0.483887
vt 0.30835 0.429688
vt 0.308594 0.483887
vt 0.296387 0.429688
vt 0.308838 0.533691
vt 0.296631 0.483887
vt 0.272217 0.429688
vt 0.248657 0.331543
vt 0.248047 0.429199
vt 0.245483 0.331543
vt 0.271973 0.484131
vt 0.296631 0.533691
vt 0.247437 0.483887
vt 0.244873 0.429199
vt 0.271728 0.533691
vt 0.297607 0.687012
vt 0.273193 0.6875
vt 0.24707 0.533691
vt 0.244263 0.483887
vt 0.248901 0.6875
vt 0.250488 0.760254
vt 0.27417 0.759766
vt 0.245727 0.6875
vt 0.243774 0.533691
vt 0.247559 0.760742
vt 0.242676 0.6875
vt 0.240723 0.533691
vt 0.241211 0.483887
vt 0.219971 0.687988
vt 0.218994 0.533691
vt 0.219971 0.483643
vt 0.244507 0.760742
vt 0.22229 0.761231
vt 0.241699 0.429199
vt 0.221069 0.428711
vt 0.24646 0.836914
vt 0.242432 0.331299
vt 0.222412 0.330566
vt 0.245361 0.269287
vt 0.225464 0.268555
vt 0.225708 0.265625
vt 0.249145 0.891113
vt 0.249512 0.836914
vt 0.251953 0.890625
vt 0.252441 0.836426
vt 0.275391 0.835938
vt 0.274902 0.88916
vt 0.275391 0.912109
vt 0.299561 0.943359
vt 0.298828 0.911133
vt 0.298584 0.835449
vt 0.310547 0.911133
vt 0.310547 0.942871
vt 0.322022 0.910644
vt 0.310547 0.945801
vt 0.321777 0.943359
vt 0.321533 0.834961
vt 0.310059 0.834961
vt 0.321533 0.759277
vt 0.298096 0.759277
vt 0.309814 0.759277
vt 0.30957 0.687012
vt 0.321289 0.687012
vt 0.681641 0.975586
vt 0.680664 0.97168
vt 0.712402 0.844727
vt 0.711426 0.84082
vt 0.684082 0.969727
vt 0.496338 0.833008
vt 0.495361 0.758789
vt 0.714356 0.838867
vt 0.507324 0.758789
vt 0.505371 0.758789
vt 0.504883 0.833496
vt 0.508789 0.1427
vt 0.509766 0.153076
vt 0.510742 0.140259
vt 0.515625 0.146606
vt 0.515137 0.15625
vt 0.521973 0.149658
vt 0.520508 0.159424
vt 0.517578 0.144165
vt 0.519043 0.141357
vt 0.529297 0.153687
vt 0.521973 0.161255
vt 0.523926 0.147339
vt 0.525391 0.144653
vt 0.532715 0.156616
vt 0.53125 0.150879
vt 0.524414 0.188599
vt 0.532715 0.147705
vt 0.53418 0.152344
vt 0.534668 0.143799
vt 0.536133 0.148926
vt 0.535644 0.153076
vt 0.538086 0.144653
vt 0.538086 0.149292
vt 0.536621 0.153442
vt 0.539551 0.150269
vt 0.540039 0.151733
vt 0.540039 0.15332
vt 0.536621 0.155884
vt 0.543945 0.152954
vt 0.540039 0.153931
vt 0.551269 0.186035
vt 0.546875 0.186401
vt 0.542969 0.18689
vt 0.54834 0.215332
vt 0.543945 0.215332
vt 0.552734 0.215332
vt 0.539062 0.187256
vt 0.552734 0.217163
vt 0.540527 0.215332
vt 0.536133 0.187622
vt 0.523926 0.215332
vt 0.537109 0.215332
vt 0.523926 0.217163
vt 0.537109 0.217163
vt 0.523926 0.218872
vt 0.537598 0.218872
vt 0.540527 0.217163
vt 0.540527 0.218872
vt 0.543945 0.217163
vt 0.544434 0.218872
vt 0.54834 0.218872
vt 0.54834 0.217163
vt 0.552734 0.218872
vt 0.568848 0.218872
vt 0.568848 0.217163
vt 0.592773 0.218872
vt 0.568848 0.215332
vt 0.593262 0.217163
vt 0.604981 0.218872
vt 0.593262 0.215332
vt 0.604981 0.217163
vt 0.604981 0.215332
vt 0.617188 0.217163
vt 0.641113 0.215332
vt 0.457764 0.328369
vt 0.4375 0.258057
vt 0.434814 0.257324
vt 0.431641 0.234131
vt 0.429199 0.234497
vt 0.452881 0.228027
vt 0.459717 0.263672
vt 0.479736 0.22229
vt 0.460449 0.266357
vt 0.482666 0.265381
vt 0.493408 0.221313
vt 0.460449 0.269287
vt 0.48291 0.268066
vt 0.493652 0.265625
vt 0.504394 0.265137
vt 0.507324 0.22229
vt 0.493652 0.268311
vt 0.48291 0.27124
vt 0.527344 0.263428
vt 0.53418 0.227783
vt 0.504394 0.268066
vt 0.526856 0.266357
vt 0.549805 0.258057
vt 0.555176 0.233887
vt 0.552246 0.25708
vt 0.557617 0.234375
vt 0.551758 0.261475
vt 0.549316 0.261475
vt 0.552246 0.264893
vt 0.554688 0.261719
vt 0.549316 0.265137
vt 0.526367 0.269287
vt 0.503906 0.27124
vt 0.493652 0.27124
vt 0.481689 0.424072
vt 0.529297 0.328369
vt 0.505859 0.423828
vt 0.552734 0.326904
vt 0.530762 0.424561
vt 0.556152 0.32666
vt 0.493897 0.423828
vt 0.500488 0.441895
vt 0.507324 0.444336
vt 0.493897 0.441162
vt 0.512695 0.447998
vt 0.487061 0.441895
vt 0.480225 0.44458
vt 0.474853 0.447998
vt 0.517578 0.453125
vt 0.469727 0.453369
vt 0.465576 0.459473
vt 0.462647 0.466553
vt 0.521973 0.459473
vt 0.524902 0.466309
vt 0.460693 0.473877
vt 0.459961 0.481445
vt 0.460938 0.489258
vt 0.462891 0.496582
vt 0.46582 0.503418
vt 0.469971 0.509766
vt 0.475098 0.515137
vt 0.480225 0.518555
vt 0.487305 0.521484
vt 0.493897 0.521973
vt 0.500488 0.521484
vt 0.506348 0.535156
vt 0.507324 0.518555
vt 0.512695 0.515137
vt 0.518066 0.509766
vt 0.531738 0.533691
vt 0.521973 0.503418
vt 0.524902 0.496582
vt 0.530762 0.687012
vt 0.530762 0.759277
vt 0.554688 0.759766
vt 0.529785 0.835449
vt 0.555176 0.687012
vt 0.552734 0.835938
vt 0.530273 0.888672
vt 0.557617 0.759766
vt 0.555664 0.835938
vt 0.553223 0.890137
vt 0.556152 0.890137
vt 0.558594 0.836426
vt 0.559082 0.890137
vt 0.581055 0.836914
vt 0.580566 0.891113
vt 0.560547 0.759766
vt 0.583008 0.760254
vt 0.583984 0.687012
vt 0.561523 0.687012
vt 0.558594 0.687012
vt 0.5625 0.532715
vt 0.584473 0.532227
vt 0.55957 0.532715
vt 0.556152 0.532715
vt 0.55957 0.481201
vt 0.5625 0.480957
vt 0.583496 0.480713
vt 0.556152 0.481201
vt 0.532227 0.481201
vt 0.526856 0.489014
vt 0.527344 0.481445
vt 0.526856 0.473633
vt 0.554688 0.424805
vt 0.558106 0.424805
vt 0.561035 0.424561
vt 0.581543 0.423828
vt 0.559082 0.32666
vt 0.579102 0.325439
vt 0.555664 0.264648
vt 0.575195 0.263916
vt 0.575195 0.260742
vt 0.693848 0.154175
vt 0.688477 0.146484
vt 0.689453 0.156372
vt 0.695312 0.142334
vt 0.702637 0.139282
vt 0.681152 0.150391
vt 0.687012 0.160156
vt 0.686523 0.143799
vt 0.693848 0.13916
vt 0.709473 0.137207
vt 0.701172 0.135986
vt 0.717773 0.13501
vt 0.708008 0.133545
vt 0.72168 0.134399
vt 0.723633 0.126831
vt 0.719727 0.12793
vt 0.71582 0.129273
vt 0.71582 0.120789
vt 0.712891 0.122742
vt 0.709473 0.118103
vt 0.711914 0.115601
vt 0.709961 0.10791
vt 0.70459 0.111328
vt 0.706543 0.109375
vt 0.70459 0.103272
vt 0.696777 0.098267
vt 0.704102 0.10675
vt 0.696289 0.101685
vt 0.688965 0.098084
vt 0.696289 0.105286
vt 0.688477 0.101685
vt 0.681152 0.099304
vt 0.700195 0.132202
vt 0.691894 0.13208
vt 0.692871 0.135864
vt 0.683594 0.133057
vt 0.684082 0.136841
vt 0.685547 0.140625
vt 0.676758 0.140015
vt 0.677734 0.144287
vt 0.679199 0.147705
vt 0.674316 0.147461
vt 0.675781 0.151856
vt 0.672363 0.148193
vt 0.674805 0.152588
vt 0.810547 0.438721
vt 0.808106 0.441895
vt 0.811035 0.440674
vt 0.810059 0.44458
vt 0.807617 0.438721
vt 0.812012 0.442383
vt 0.810547 0.436523
vt 0.806152 0.442627
vt 0.812988 0.446289
vt 0.813965 0.443359
vt 0.808106 0.435547
vt 0.811523 0.434814
vt 0.815918 0.446777
vt 0.80957 0.432861
vt 0.815918 0.443848
vt 0.806152 0.434814
vt 0.813477 0.433594
vt 0.805664 0.438721
vt 0.803223 0.436768
vt 0.803223 0.436035
vt 0.803223 0.44165
vt 0.803223 0.440918
vt 0.805664 0.446045
vt 0.805176 0.445557
vt 0.808594 0.446045
vt 0.80957 0.449463
vt 0.808594 0.448975
vt 0.812012 0.447998
vt 0.813965 0.450928
vt 0.813477 0.450684
vt 0.815918 0.44873
vt 0.818848 0.450439
vt 0.818359 0.450684
vt 0.819824 0.447754
vt 0.823731 0.448486
vt 0.822754 0.44873
vt 0.823242 0.445312
vt 0.82666 0.44458
vt 0.826172 0.445312
vt 0.825195 0.441895
vt 0.821777 0.444092
vt 0.819336 0.445801
vt 0.817871 0.443359
vt 0.819824 0.442139
vt 0.823731 0.441162
vt 0.820801 0.440186
vt 0.824219 0.437988
vt 0.820801 0.438232
vt 0.828125 0.439941
vt 0.828125 0.440674
vt 0.826172 0.437988
vt 0.823242 0.434814
vt 0.820312 0.436279
vt 0.828125 0.435059
vt 0.828125 0.435791
vt 0.825195 0.434082
vt 0.821289 0.432373
vt 0.819336 0.43457
vt 0.825684 0.430664
vt 0.826172 0.431152
vt 0.822754 0.430908
vt 0.821777 0.42749
vt 0.822754 0.427734
vt 0.819336 0.428711
vt 0.818359 0.430664
vt 0.817383 0.43335
vt 0.817383 0.425781
vt 0.817871 0.426025
vt 0.81543 0.428223
vt 0.81543 0.430176
vt 0.81543 0.433105
vt 0.8125 0.42627
vt 0.812988 0.426025
vt 0.811035 0.429199
vt 0.812012 0.430908
vt 0.808106 0.428467
vt 0.808594 0.427978
vt 0.808106 0.431397
vt 0.804688 0.432129
vt 0.805176 0.431641
vt 0.820312 0.438232
vt 0.819824 0.436523
vt 0.818848 0.435059
vt 0.819824 0.439941
vt 0.817383 0.434326
vt 0.818848 0.441406
vt 0.81543 0.434082
vt 0.817383 0.442383
vt 0.813965 0.434326
vt 0.815918 0.442871
vt 0.8125 0.435547
vt 0.813965 0.442627
vt 0.811523 0.437012
vt 0.8125 0.44165
vt 0.811035 0.438477
vt 0.811523 0.440186
vt 0.596191 0.959961
vt 0.600098 0.959473
vt 0.608887 0.959473
vt 0.605469 0.958984
vt 0.675781 0.926269
vt 0.678711 0.929199
vt 0.681641 0.933594
vt 0.683106 0.937012
vt 0.884277 0.752441
vt 0.879394 0.753418
vt 0.882812 0.755859
vt 0.880371 0.750977
vt 0.884766 0.748535
vt 0.880859 0.748535
vt 0.884766 0.717773
vt 0.880371 0.713379
vt 0.870117 0.712402
vt 0.874512 0.743652
vt 0.874023 0.710938
vt 0.870606 0.744141
vt 0.871094 0.747559
vt 0.875 0.746582
vt 0.872559 0.750977
vt 0.875977 0.748535
vt 0.895996 0.630371
vt 0.900391 0.594238
vt 0.895996 0.594238
vt 0.895996 0.483643
vt 0.900391 0.629883
vt 0.900391 0.483643
vt 0.895996 0.669434
vt 0.895996 0.431152
vt 0.900391 0.669434
vt 0.900391 0.431397
vt 0.900391 0.785156
vt 0.895996 0.376465
vt 0.895996 0.785156
vt 0.895996 0.833008
vt 0.900391 0.836426
vt 0.900391 0.376221
vt 0.900391 0.321289
vt 0.895996 0.321533
vt 0.900391 0.293213
vt 0.895996 0.293457
vt 0.895996 0.26123
vt 0.900391 0.260986
vt 0.895996 0.226074
vt 0.900391 0.225586
vt 0.895996 0.19397
vt 0.900391 0.192993
vt 0.900391 0.164551
vt 0.895996 0.164551
vt 0.886719 0.450439
vt 0.890625 0.487549
vt 0.890625 0.450439
vt 0.890625 0.33667
vt 0.886719 0.487305
vt 0.886719 0.33667
vt 0.890625 0.527832
vt 0.890625 0.282471
vt 0.886719 0.527832
vt 0.886719 0.282715
vt 0.886719 0.646973
vt 0.890625 0.226074
vt 0.890625 0.646973
vt 0.890625 0.696777
vt 0.886719 0.698242
vt 0.886719 0.226196
vt 0.886719 0.169556
vt 0.890625 0.169678
vt 0.886719 0.140625
vt 0.890625 0.140747
vt 0.890625 0.107605
vt 0.886719 0.107544
vt 0.890625 0.071228
vt 0.886719 0.070862
vt 0.890625 0.038086
vt 0.886719 0.03714
vt 0.886719 0.007935
vt 0.890625 0.007702
vt 0.738769 0.851074
vt 0.741699 0.854492
vt 0.741699 0.850586
vt 0.737305 0.853027
vt 0.741211 0.854981
vt 0.730469 0.877441
vt 0.734863 0.87793
vt 0.727051 0.90332
vt 0.730957 0.903809
vt 0.726562 0.916504
vt 0.730469 0.916504
vt 0.730957 0.929199
vt 0.727051 0.929199
vt 0.734863 0.95459
vt 0.730469 0.955566
vt 0.741211 0.977539
vt 0.737305 0.979492
vt 0.738769 0.981445
vt 0.741699 0.978027
vt 0.741699 0.982422
vt 0.841309 0.89209
vt 0.834473 0.891113
vt 0.836914 0.894531
vt 0.84082 0.887695
vt 0.846191 0.893066
vt 0.848144 0.88916
vt 0.830078 0.895996
vt 0.833496 0.898438
vt 0.830078 0.90332
vt 0.82666 0.901367
vt 0.824219 0.907227
vt 0.828125 0.908691
vt 0.822754 0.914551
vt 0.826172 0.916504
vt 0.822266 0.914551
vt 0.824707 0.918457
vt 0.821777 0.915039
vt 0.822266 0.918945
vt 0.819336 0.914551
vt 0.817871 0.918457
vt 0.816894 0.912598
vt 0.813965 0.915527
vt 0.80957 0.909668
vt 0.812988 0.907715
vt 0.805664 0.902832
vt 0.80957 0.901367
vt 0.807617 0.895996
vt 0.803711 0.896973
vt 0.802734 0.891113
vt 0.806641 0.890625
vt 0.805664 0.882324
vt 0.801758 0.882324
vt 0.806152 0.875488
vt 0.802246 0.875
vt 0.807617 0.870117
vt 0.803711 0.868164
vt 0.80957 0.865234
vt 0.806152 0.862793
vt 0.810059 0.858398
vt 0.812988 0.86084
vt 0.811035 0.856934
vt 0.816894 0.856934
vt 0.822754 0.833984
vt 0.820312 0.827637
vt 0.818359 0.833496
vt 0.818848 0.838867
vt 0.824219 0.829102
vt 0.820312 0.825684
vt 0.825195 0.823731
vt 0.823242 0.838867
vt 0.819824 0.845215
vt 0.824219 0.844238
vt 0.823242 0.851562
vt 0.82666 0.850098
vt 0.827637 0.858887
vt 0.831055 0.856934
vt 0.834473 0.861328
vt 0.831543 0.863769
vt 0.836426 0.868164
vt 0.838867 0.865234
vt 0.844727 0.869141
vt 0.842773 0.872559
vt 0.850586 0.87207
vt 0.849609 0.875488
vt 0.854981 0.876465
vt 0.854004 0.872559
vt 0.858887 0.875488
vt 0.856934 0.87207
vt 0.861328 0.874023
vt 0.857422 0.871582
vt 0.861816 0.87207
vt 0.859863 0.864746
vt 0.855957 0.864746
vt 0.859863 0.859375
vt 0.855469 0.858887
vt 0.856445 0.853027
vt 0.860352 0.854004
vt 0.862305 0.849121
vt 0.858398 0.847168
vt 0.865723 0.845215
vt 0.862793 0.841309
vt 0.870117 0.844238
vt 0.870117 0.840332
vt 0.788086 0.854004
vt 0.793457 0.854981
vt 0.791016 0.851562
vt 0.791504 0.856445
vt 0.786621 0.856934
vt 0.790039 0.858887
vt 0.781738 0.868164
vt 0.786133 0.869141
vt 0.781738 0.884277
vt 0.777832 0.883789
vt 0.776856 0.894531
vt 0.78125 0.894531
vt 0.781738 0.905273
vt 0.777832 0.905762
vt 0.781738 0.921387
vt 0.786133 0.92041
vt 0.790039 0.930664
vt 0.786621 0.932129
vt 0.788086 0.935059
vt 0.791504 0.932617
vt 0.791016 0.937988
vt 0.793457 0.93457
vt 0.604492 0.955078
vt 0.600586 0.955566
vt 0.476807 0.451904
vt 0.481689 0.449463
vt 0.47168 0.455811
vt 0.478516 0.455811
vt 0.48291 0.453369
vt 0.474121 0.459473
vt 0.487793 0.44751
vt 0.488525 0.451416
vt 0.493897 0.450928
vt 0.467285 0.460938
vt 0.470703 0.464111
vt 0.493897 0.446777
vt 0.499268 0.451416
vt 0.464111 0.467041
vt 0.468018 0.469482
vt 0.499756 0.44751
vt 0.505859 0.449463
vt 0.504394 0.453369
vt 0.461914 0.474121
vt 0.466553 0.475342
vt 0.46582 0.481201
vt 0.510742 0.451904
vt 0.509277 0.455811
vt 0.516113 0.455811
vt 0.513672 0.459473
vt 0.520019 0.460938
vt 0.51709 0.463867
vt 0.523438 0.467041
vt 0.519531 0.469238
vt 0.525879 0.473877
vt 0.521484 0.475098
vt 0.521973 0.480957
vt 0.526367 0.481201
vt 0.525879 0.488525
vt 0.520996 0.487305
vt 0.523438 0.495361
vt 0.519531 0.493164
vt 0.520508 0.501465
vt 0.516602 0.498291
vt 0.513184 0.502441
vt 0.516113 0.506836
vt 0.508789 0.506348
vt 0.511231 0.510742
vt 0.504883 0.508301
vt 0.506348 0.513184
vt 0.499268 0.510254
vt 0.5 0.515625
vt 0.493897 0.511231
vt 0.493897 0.516602
vt 0.48877 0.510742
vt 0.488037 0.515625
vt 0.483398 0.508789
vt 0.481689 0.513672
vt 0.479004 0.506348
vt 0.476807 0.511231
vt 0.474853 0.50293
vt 0.47168 0.507324
vt 0.471191 0.498291
vt 0.467285 0.501953
vt 0.468262 0.493164
vt 0.464111 0.49585
vt 0.461914 0.48877
vt 0.466553 0.487305
vt 0.461182 0.481445
vt 0.682129 0.927246
vt 0.68457 0.930664
vt 0.605469 0.964844
vt 0.604981 0.96875
vt 0.882812 0.799316
vt 0.878418 0.800293
vt 0.881348 0.802734
vt 0.879394 0.797852
vt 0.883789 0.79541
vt 0.879394 0.79541
vt 0.883301 0.76416
vt 0.879394 0.762695
vt 0.887207 0.788574
vt 0.891113 0.819336
vt 0.891113 0.78418
vt 0.887207 0.819336
vt 0.887695 0.823242
vt 0.891602 0.821777
vt 0.88916 0.82666
vt 0.892578 0.824219
vt 0.805664 0.953125
vt 0.813477 0.932129
vt 0.805664 0.931152
vt 0.818359 0.933106
vt 0.813477 0.95166
vt 0.821777 0.935059
vt 0.818359 0.950684
vt 0.824219 0.937988
vt 0.821777 0.948731
vt 0.825195 0.940918
vt 0.824219 0.946289
vt 0.825195 0.943359
vt 0.801758 0.952637
vt 0.801758 0.96875
vt 0.801758 0.931641
vt 0.797363 0.967285
vt 0.801758 0.915527
vt 0.792969 0.977539
vt 0.797363 0.916504
vt 0.796875 0.979492
vt 0.792969 0.90625
vt 0.791992 0.979981
vt 0.796875 0.904785
vt 0.794922 0.982422
vt 0.790039 0.981445
vt 0.792481 0.984863
vt 0.794922 0.901367
vt 0.791992 0.904297
vt 0.792481 0.899414
vt 0.790039 0.902832
vt 0.878418 0.975586
vt 0.884766 0.972168
vt 0.880371 0.970703
vt 0.883301 0.976562
vt 0.87793 0.977051
vt 0.882324 0.981445
vt 0.887695 0.968262
vt 0.883789 0.966309
vt 0.888672 0.961914
vt 0.89209 0.964356
vt 0.895019 0.958008
vt 0.898438 0.960938
vt 0.903809 0.95459
vt 0.90625 0.957519
vt 0.912109 0.955078
vt 0.910156 0.952148
vt 0.917481 0.950684
vt 0.918457 0.954102
vt 0.926758 0.953613
vt 0.926758 0.949707
vt 0.934082 0.953613
vt 0.935059 0.950195
vt 0.9375 0.95459
vt 0.94043 0.95166
vt 0.939453 0.956055
vt 0.943848 0.954102
vt 0.939941 0.956543
vt 0.944824 0.956543
vt 0.944336 0.958496
vt 0.938477 0.963379
vt 0.934082 0.961426
vt 0.93457 0.967773
vt 0.930176 0.966309
vt 0.927734 0.971191
vt 0.932617 0.972168
vt 0.931152 0.977051
vt 0.926269 0.976562
vt 0.932129 0.980957
vt 0.927246 0.98291
vt 0.934082 0.986816
vt 0.936035 0.983887
vt 0.864746 0.476807
vt 0.868652 0.440674
vt 0.864746 0.440674
vt 0.864746 0.328857
vt 0.868652 0.476807
vt 0.868652 0.329102
vt 0.864746 0.516602
vt 0.864746 0.275879
vt 0.868652 0.516602
vt 0.868652 0.276123
vt 0.868652 0.633301
vt 0.864746 0.220825
vt 0.864746 0.633301
vt 0.864746 0.682129
vt 0.868652 0.683106
vt 0.868652 0.220825
vt 0.868652 0.165283
vt 0.864746 0.165405
vt 0.868652 0.136841
vt 0.864746 0.137085
vt 0.864746 0.104675
vt 0.868652 0.104553
vt 0.864746 0.069092
vt 0.868652 0.068604
vt 0.864746 0.036591
vt 0.868652 0.035675
vt 0.868652 0.007145
vt 0.864746 0.007027
vt 0.857422 0.402832
vt 0.861816 0.436035
vt 0.861816 0.402832
vt 0.861816 0.301025
vt 0.857422 0.435791
vt 0.857422 0.301025
vt 0.861816 0.472168
vt 0.861816 0.252686
vt 0.857422 0.472168
vt 0.857422 0.252686
vt 0.857422 0.578613
vt 0.861816 0.20227
vt 0.861816 0.578613
vt 0.861816 0.622559
vt 0.857422 0.625488
vt 0.857422 0.20227
vt 0.857422 0.151489
vt 0.861816 0.151733
vt 0.857422 0.125732
vt 0.861816 0.125732
vt 0.861816 0.096191
vt 0.857422 0.096069
vt 0.861816 0.063599
vt 0.857422 0.063232
vt 0.861816 0.033936
vt 0.857422 0.033203
vt 0.857422 0.006958
vt 0.861816 0.006748
vt 0.751953 0.851074
vt 0.754394 0.854492
vt 0.754394 0.850098
vt 0.750488 0.853027
vt 0.754394 0.854981
vt 0.743652 0.876953
vt 0.747559 0.87793
vt 0.739746 0.90332
vt 0.744141 0.90332
vt 0.739258 0.916016
vt 0.743652 0.916016
vt 0.744141 0.928711
vt 0.739746 0.929199
vt 0.747559 0.95459
vt 0.743652 0.955078
vt 0.754394 0.977539
vt 0.750488 0.979004
vt 0.751953 0.980957
vt 0.754394 0.981934
vt 0.754394 0.978027
vt 0.820801 0.979492
vt 0.825195 0.974609
vt 0.821289 0.973633
vt 0.824707 0.979981
vt 0.820312 0.981445
vt 0.823731 0.98584
vt 0.827148 0.970215
vt 0.823242 0.968262
vt 0.827148 0.962891
vt 0.830566 0.965332
vt 0.832031 0.957519
vt 0.834961 0.960449
vt 0.838379 0.952637
vt 0.84082 0.955566
vt 0.845703 0.952637
vt 0.84375 0.949219
vt 0.850586 0.951172
vt 0.849609 0.947266
vt 0.857422 0.949707
vt 0.856934 0.945801
vt 0.863769 0.949219
vt 0.864258 0.945312
vt 0.866699 0.950195
vt 0.868652 0.946289
vt 0.868652 0.95166
vt 0.87207 0.949219
vt 0.869141 0.952637
vt 0.873535 0.95166
vt 0.873047 0.954102
vt 0.869141 0.960449
vt 0.865234 0.958496
vt 0.866699 0.965332
vt 0.862793 0.964356
vt 0.861328 0.970215
vt 0.865234 0.970703
vt 0.865234 0.976074
vt 0.86084 0.976562
vt 0.866699 0.981445
vt 0.862793 0.983887
vt 0.869141 0.988281
vt 0.870117 0.984375
vt 0.670898 0.935059
vt 0.673828 0.932617
vt 0.609375 0.963867
vt 0.672363 0.928711
vt 0.9375 0.822754
vt 0.9375 0.879883
vt 0.9375 0.762207
vt 0.601074 0.96875
vt 0.600098 0.965332
vt 0.67334 0.938477
vt 0.676758 0.936523
vt 0.650879 0.871582
vt 0.648438 0.873535
vt 0.645019 0.875488
vt 0.654785 0.875488
vt 0.651367 0.87793
vt 0.657715 0.87207
vt 0.658691 0.879394
vt 0.662109 0.875
vt 0.664551 0.870117
vt 0.666504 0.87793
vt 0.669434 0.87207
vt 0.671387 0.866211
vt 0.674316 0.874023
vt 0.677246 0.884766
vt 0.670898 0.880859
vt 0.671875 0.891602
vt 0.666016 0.886231
vt 0.664551 0.897461
vt 0.662109 0.882812
vt 0.660156 0.891113
vt 0.657227 0.901367
vt 0.654297 0.882812
vt 0.657227 0.886719
vt 0.653809 0.894531
vt 0.647461 0.880371
vt 0.649414 0.884766
vt 0.651856 0.889648
vt 0.64209 0.875977
vt 0.643066 0.881348
vt 0.644043 0.886719
vt 0.645019 0.891602
vt 0.632324 0.875
vt 0.63916 0.876465
vt 0.63916 0.881836
vt 0.635742 0.875977
vt 0.634766 0.881348
vt 0.63916 0.887207
vt 0.63916 0.89209
vt 0.59668 0.964356
vt 0.679688 0.939453
vt 0.918457 0.822754
vt 0.918457 0.879883
vt 0.918457 0.762207
vt 0.768066 0.878418
vt 0.77832 0.855957
vt 0.774902 0.854492
vt 0.771973 0.879394
vt 0.768066 0.904785
vt 0.76416 0.904785
vt 0.763672 0.917969
vt 0.767578 0.917481
vt 0.768066 0.930176
vt 0.76416 0.930664
vt 0.768066 0.956543
vt 0.771973 0.955566
vt 0.778809 0.978516
vt 0.775391 0.979981
vt 0.776856 0.981934
vt 0.779297 0.979004
vt 0.888672 0.734375
vt 0.89209 0.703613
vt 0.888672 0.703613
vt 0.89209 0.735352
vt 0.890625 0.737793
vt 0.882324 0.705078
vt 0.878906 0.707031
vt 0.882324 0.707031
vt 0.878906 0.705078
vt 0.882324 0.702637
vt 0.878906 0.702637
vt 0.878906 0.670898
vt 0.882324 0.671875
vt 0.882324 0.636719
vt 0.878906 0.636231
vt 0.882324 0.598144
vt 0.878906 0.598144
vt 0.882324 0.563965
vt 0.878906 0.563965
vt 0.878906 0.53418
vt 0.882324 0.53418
vt 0.882324 0.476807
vt 0.878906 0.476807
vt 0.882324 0.419678
vt 0.878906 0.419678
vt 0.878906 0.365478
vt 0.882324 0.365234
vt 0.878906 0.250977
vt 0.882324 0.250977
vt 0.878906 0.214233
vt 0.882324 0.214233
vt 0.878906 0.174194
vt 0.882324 0.174194
vt 0.882324 0.056824
vt 0.878906 0.056824
vt 0.878906 0.00782
vt 0.882324 0.006752
vt 0.883301 0.842773
vt 0.886719 0.849609
vt 0.886719 0.84082
vt 0.882812 0.849609
vt 0.881348 0.845703
vt 0.879883 0.849609
vt 0.879394 0.853027
vt 0.879883 0.884277
vt 0.883301 0.887695
vt 0.87793 0.884277
vt 0.87207 0.884766
vt 0.882324 0.934082
vt 0.876465 0.931152
vt 0.878906 0.935059
vt 0.871582 0.929688
vt 0.866211 0.887207
vt 0.86084 0.890625
vt 0.866211 0.929688
vt 0.855469 0.895508
vt 0.86084 0.931152
vt 0.850098 0.902344
vt 0.84668 0.907227
vt 0.84375 0.913574
vt 0.855469 0.933594
vt 0.841797 0.920898
vt 0.84082 0.928223
vt 0.841797 0.933106
vt 0.844238 0.936523
vt 0.848633 0.9375
vt 0.84668 0.9375
vt 0.785644 0.075867
vt 0.820801 0.057709
vt 0.785156 0.042816
vt 0.821777 0.076294
vt 0.821777 0.121521
vt 0.785156 0.210205
vt 0.822266 0.136841
vt 0.822266 0.150879
vt 0.821777 0.194092
vt 0.821289 0.214477
vt 0.820801 0.23584
vt 0.820801 0.257324
vt 0.821289 0.268311
vt 0.821777 0.280762
vt 0.784668 0.294678
vt 0.822266 0.294678
vt 0.822754 0.307373
vt 0.824219 0.307129
vt 0.821289 0.039917
vt 0.820312 0.038483
vt 0.821777 0.057556
vt 0.823731 0.040527
vt 0.824219 0.057373
vt 0.82666 0.056641
vt 0.826172 0.040466
vt 0.829102 0.055328
vt 0.831543 0.053467
vt 0.828613 0.040039
vt 0.833496 0.050995
vt 0.834961 0.049072
vt 0.835938 0.046875
vt 0.820312 0.026489
vt 0.830566 0.039215
vt 0.820312 0.025116
vt 0.836914 0.044006
vt 0.836914 0.04129
vt 0.836426 0.03949
vt 0.835449 0.038147
vt 0.833496 0.037659
vt 0.834473 0.037628
vt 0.819824 0.023834
vt 0.818848 0.022766
vt 0.817383 0.022064
vt 0.812988 0.020294
vt 0.806152 0.018646
vt 0.796387 0.018585
vt 0.797363 0.015564
vt 0.790039 0.020172
vt 0.785156 0.025085
vt 0.785156 0.021881
vt 0.797363 0.013855
vt 0.805664 0.015625
vt 0.79834 0.012451
vt 0.805176 0.013886
vt 0.799805 0.011536
vt 0.804199 0.012482
vt 0.800781 0.0112
vt 0.803223 0.011536
vt 0.801758 0.0112
vt 0.798828 0.403809
vt 0.820312 0.405762
vt 0.820312 0.403809
vt 0.800781 0.405762
vt 0.820312 0.339355
vt 0.800781 0.337158
vt 0.798828 0.339355
vt 0.820312 0.337158
vt 0.763672 0.855957
vt 0.765625 0.859375
vt 0.766113 0.858887
vt 0.762207 0.85791
vt 0.755859 0.881836
vt 0.759766 0.882812
vt 0.756348 0.908203
vt 0.75293 0.908203
vt 0.752441 0.920898
vt 0.756348 0.920898
vt 0.757324 0.933594
vt 0.753418 0.934082
vt 0.757812 0.959961
vt 0.761231 0.958984
vt 0.768555 0.982422
vt 0.765137 0.983887
vt 0.875977 0.368652
vt 0.872559 0.422607
vt 0.875977 0.422607
vt 0.875977 0.479248
vt 0.872559 0.368652
vt 0.872559 0.479248
vt 0.875977 0.254639
vt 0.875977 0.535644
vt 0.872559 0.254639
vt 0.872559 0.536133
vt 0.875977 0.217529
vt 0.872559 0.564941
vt 0.872559 0.217529
vt 0.875977 0.564941
vt 0.875977 0.177124
vt 0.875977 0.598633
vt 0.872559 0.177124
vt 0.872559 0.598633
vt 0.872559 0.057678
vt 0.875977 0.635254
vt 0.875977 0.057678
vt 0.875977 0.007698
vt 0.872559 0.006641
vt 0.872559 0.635742
vt 0.875977 0.668457
vt 0.872559 0.669434
vt 0.872559 0.699219
vt 0.875977 0.699219
vt 0.875977 0.700684
vt 0.872559 0.700684
vt 0.875977 0.702148
vt 0.872559 0.702148
vt 0.706543 0.4729
vt 0.710938 0.51416
vt 0.691894 0.468018
vt 0.706055 0.467773
vt 0.691894 0.46167
vt 0.736328 0.470703
vt 0.746094 0.502441
vt 0.73584 0.465332
vt 0.706055 0.461426
vt 0.766602 0.467285
vt 0.775879 0.486816
vt 0.769531 0.465576
vt 0.777832 0.48584
vt 0.766113 0.461182
vt 0.768555 0.459717
vt 0.73584 0.458496
vt 0.767578 0.454102
vt 0.703613 0.413086
vt 0.765137 0.453857
vt 0.770508 0.454834
vt 0.772461 0.460449
vt 0.790527 0.454346
vt 0.791016 0.456787
vt 0.782715 0.411133
vt 0.763672 0.414551
vt 0.780273 0.391113
vt 0.761719 0.415039
vt 0.761231 0.393799
vt 0.777344 0.364502
vt 0.759766 0.414795
vt 0.759277 0.394043
vt 0.758301 0.366699
vt 0.773438 0.312988
vt 0.731934 0.413818
vt 0.757324 0.394043
vt 0.756348 0.366943
vt 0.754394 0.314941
vt 0.770508 0.269531
vt 0.730957 0.393555
vt 0.754394 0.366943
vt 0.75293 0.315186
vt 0.750977 0.270752
vt 0.770019 0.267334
vt 0.750488 0.268799
vt 0.749023 0.270996
vt 0.749023 0.268799
vt 0.750488 0.31543
vt 0.729004 0.367432
vt 0.726562 0.317383
vt 0.702637 0.367676
vt 0.691406 0.413574
vt 0.679199 0.41333
vt 0.650879 0.414795
vt 0.651367 0.394531
vt 0.652832 0.368408
vt 0.679199 0.36792
vt 0.654297 0.318115
vt 0.690918 0.367676
vt 0.679688 0.318848
vt 0.69043 0.318848
vt 0.70166 0.318603
vt 0.69043 0.27832
vt 0.679199 0.278076
vt 0.701172 0.277832
vt 0.69043 0.276611
vt 0.656738 0.275879
vt 0.679199 0.276123
vt 0.633301 0.272461
vt 0.656738 0.273926
vt 0.633301 0.27002
vt 0.632812 0.268066
vt 0.631348 0.267578
vt 0.627441 0.244385
vt 0.625977 0.244629
vt 0.649414 0.237183
vt 0.65625 0.272217
vt 0.676269 0.231201
vt 0.679199 0.274414
vt 0.689941 0.229981
vt 0.69043 0.274902
vt 0.701172 0.274414
vt 0.703613 0.230713
vt 0.701172 0.276123
vt 0.724121 0.271484
vt 0.729981 0.23584
vt 0.724121 0.273193
vt 0.724121 0.275147
vt 0.74707 0.270996
vt 0.74707 0.268799
vt 0.747559 0.266846
vt 0.749023 0.266113
vt 0.752441 0.24231
vt 0.753906 0.242554
vt 0.907227 0.931641
vt 0.907227 0.887207
vt 0.902344 0.933106
vt 0.896484 0.936035
vt 0.899902 0.937012
vt 0.895996 0.890137
vt 0.912598 0.88916
vt 0.901367 0.886719
vt 0.918457 0.893066
vt 0.899414 0.886719
vt 0.912598 0.932129
vt 0.923828 0.897949
vt 0.896484 0.852051
vt 0.918457 0.933106
vt 0.929199 0.904785
vt 0.932617 0.909668
vt 0.935547 0.915527
vt 0.899902 0.855469
vt 0.899414 0.851562
vt 0.897949 0.848144
vt 0.895508 0.845703
vt 0.892578 0.852051
vt 0.892578 0.84375
vt 0.923828 0.935547
vt 0.9375 0.92334
vt 0.938477 0.930176
vt 0.9375 0.935059
vt 0.935059 0.938477
vt 0.930176 0.939941
vt 0.932617 0.939941
vt 0.791504 0.556641
vt 0.791016 0.572754
vt 0.793945 0.556641
vt 0.793457 0.573731
vt 0.788574 0.571777
vt 0.795898 0.573731
vt 0.786133 0.569824
vt 0.796387 0.556152
vt 0.789551 0.556152
vt 0.78418 0.567383
vt 0.782715 0.56543
vt 0.781738 0.562988
vt 0.796875 0.574219
vt 0.797363 0.554688
vt 0.787109 0.555664
vt 0.780762 0.560059
vt 0.780762 0.557617
vt 0.78125 0.555664
vt 0.782227 0.554199
vt 0.78418 0.553711
vt 0.783203 0.553711
vt 0.833008 0.55957
vt 0.797363 0.542969
vt 0.797852 0.541504
vt 0.79834 0.540039
vt 0.799316 0.539062
vt 0.800781 0.538574
vt 0.805176 0.536621
vt 0.812012 0.535156
vt 0.816406 0.534668
vt 0.821289 0.535156
vt 0.828125 0.537109
vt 0.833008 0.541992
vt 0.833008 0.538574
vt 0.832031 0.592285
vt 0.795898 0.592773
vt 0.794922 0.637695
vt 0.831543 0.726562
vt 0.794922 0.652832
vt 0.794434 0.666992
vt 0.794434 0.709961
vt 0.79541 0.730469
vt 0.79541 0.751953
vt 0.794922 0.772949
vt 0.794434 0.78418
vt 0.794434 0.796875
vt 0.831055 0.810547
vt 0.793457 0.810547
vt 0.792481 0.823242
vt 0.791016 0.822754
vt 0.893066 0.778809
vt 0.890137 0.748535
vt 0.889648 0.778809
vt 0.893555 0.74707
vt 0.889648 0.748047
vt 0.891602 0.745117
vt 0.625488 0.663574
vt 0.626465 0.611816
vt 0.627441 0.567383
vt 0.608398 0.564453
vt 0.62793 0.56543
vt 0.628906 0.567383
vt 0.629394 0.56543
vt 0.628418 0.611816
vt 0.650879 0.663574
vt 0.652344 0.613281
vt 0.677246 0.663086
vt 0.689453 0.708496
vt 0.70166 0.708496
vt 0.704102 0.756348
vt 0.733887 0.753906
vt 0.733887 0.760254
vt 0.734375 0.765625
vt 0.744141 0.797852
vt 0.76416 0.756348
vt 0.764648 0.762207
vt 0.773438 0.782227
vt 0.767578 0.760742
vt 0.775879 0.78125
vt 0.766602 0.754883
vt 0.763184 0.749023
vt 0.765625 0.749023
vt 0.768555 0.75
vt 0.770508 0.755371
vt 0.788574 0.749512
vt 0.789062 0.751953
vt 0.780762 0.706055
vt 0.761719 0.709961
vt 0.77832 0.686035
vt 0.759766 0.709961
vt 0.759277 0.688965
vt 0.775391 0.659668
vt 0.757812 0.709961
vt 0.757324 0.688965
vt 0.755859 0.662109
vt 0.771484 0.608398
vt 0.729981 0.708984
vt 0.755371 0.689453
vt 0.754394 0.662109
vt 0.752441 0.610352
vt 0.768555 0.564453
vt 0.729004 0.688477
vt 0.749023 0.565918
vt 0.768066 0.5625
vt 0.748535 0.563965
vt 0.750977 0.610352
vt 0.74707 0.565918
vt 0.74707 0.563965
vt 0.752441 0.662109
vt 0.748535 0.610352
vt 0.727051 0.662598
vt 0.700684 0.662598
vt 0.724609 0.612305
vt 0.745117 0.565918
vt 0.745117 0.563965
vt 0.688965 0.662598
vt 0.745606 0.562012
vt 0.74707 0.561523
vt 0.750488 0.537598
vt 0.751953 0.537598
vt 0.728027 0.530762
vt 0.722168 0.566406
vt 0.701172 0.525879
vt 0.722168 0.568359
vt 0.699219 0.569336
vt 0.687988 0.524902
vt 0.722168 0.570312
vt 0.699219 0.571289
vt 0.688477 0.569824
vt 0.677246 0.569824
vt 0.674316 0.526367
vt 0.699219 0.573242
vt 0.699707 0.613769
vt 0.654297 0.567383
vt 0.647461 0.532227
vt 0.688477 0.571777
vt 0.688477 0.573731
vt 0.688477 0.613769
vt 0.677734 0.614258
vt 0.677246 0.573242
vt 0.677246 0.571289
vt 0.654785 0.570801
vt 0.654785 0.569336
vt 0.631348 0.567383
vt 0.631348 0.56543
vt 0.630859 0.563477
vt 0.629394 0.5625
vt 0.625 0.539551
vt 0.623535 0.539551
vt 0.677734 0.977051
vt 0.675781 0.973633
vt 0.676269 0.972656
vt 0.708496 0.846191
vt 0.706543 0.842773
vt 0.672363 0.974609
vt 0.800781 0.395752
vt 0.702637 0.84375
vt 0.800781 0.347168
vt 0.820312 0.347168
vt 0.820312 0.395752
vt 0.936035 0.51709
vt 0.917969 0.75
vt 0.936035 0.75
vt 0.917969 0.51709
vt 0.936035 0.147095
vt 0.917969 0.147217
vt 0.936035 0.056
vt 0.917969 0.056122
vt 0.936035 0.007179
vt 0.917969 0.007294
vt 0.752441 0.109985
vt 0.738769 0.103149
vt 0.745117 0.10791
vt 0.734863 0.096313
vt 0.760254 0.109009
vt 0.733887 0.088562
vt 0.76709 0.104981
vt 0.73584 0.080933
vt 0.771973 0.098755
vt 0.740723 0.074646
vt 0.774414 0.091187
vt 0.747559 0.07074
vt 0.773438 0.083435
vt 0.755371 0.069702
vt 0.769531 0.076599
vt 0.763184 0.071716
vt 0.636719 0.929688
vt 0.635254 0.925781
vt 0.598633 0.919434
vt 0.600586 0.922852
vt 0.634277 0.932129
vt 0.597656 0.925781
vt 0.440918 0.024734
vt 0.441406 0.02623
vt 0.440674 0.026382
vt 0.44043 0.024567
vt 0.439941 0.026474
vt 0.44165 0.022675
vt 0.440674 0.035034
vt 0.439941 0.035034
vt 0.441406 0.035034
vt 0.442139 0.023087
vt 0.443603 0.020935
vt 0.44165 0.024826
vt 0.442627 0.023422
vt 0.444336 0.022095
vt 0.443848 0.021515
vt 0.446533 0.020203
vt 0.446045 0.019623
vt 0.446533 0.020782
vt 0.455566 0.015007
vt 0.455322 0.014511
vt 0.455322 0.013847
vt 0.470703 0.011787
vt 0.470703 0.011124
vt 0.470703 0.010551
vt 0.478516 0.01088
vt 0.478516 0.010216
vt 0.486084 0.010468
vt 0.478516 0.011452
vt 0.486084 0.011124
vt 0.501465 0.013763
vt 0.486084 0.011703
vt 0.501465 0.014427
vt 0.510742 0.019547
vt 0.500977 0.014923
vt 0.510254 0.020111
vt 0.513184 0.020782
vt 0.510254 0.020615
vt 0.515625 0.026062
vt 0.515625 0.034882
vt 0.512695 0.021347
vt 0.514648 0.022919
vt 0.512695 0.021927
vt 0.515137 0.022507
vt 0.51416 0.023254
vt 0.515137 0.024658
vt 0.515625 0.024567
vt 0.516113 0.024414
vt 0.516113 0.02623
vt 0.516602 0.026306
vt 0.516113 0.03479
vt 0.516602 0.03479
vt 0.443603 0.060974
vt 0.443359 0.059143
vt 0.442871 0.061035
vt 0.443603 0.069641
vt 0.442871 0.069641
vt 0.444336 0.069641
vt 0.444092 0.059326
vt 0.44458 0.057251
vt 0.444336 0.060791
vt 0.445068 0.057678
vt 0.446777 0.055511
vt 0.44458 0.059387
vt 0.445557 0.057983
vt 0.447266 0.056671
vt 0.447022 0.056091
vt 0.449463 0.054779
vt 0.449219 0.054199
vt 0.449707 0.055359
vt 0.458496 0.049561
vt 0.458252 0.049072
vt 0.458252 0.048431
vt 0.473633 0.046356
vt 0.473633 0.045685
vt 0.473633 0.045105
vt 0.481445 0.045441
vt 0.481445 0.0448
vt 0.489258 0.045044
vt 0.481445 0.046021
vt 0.489014 0.045685
vt 0.504394 0.04834
vt 0.489014 0.046265
vt 0.504394 0.049011
vt 0.513672 0.054108
vt 0.503906 0.0495
vt 0.513184 0.054688
vt 0.516113 0.055359
vt 0.513184 0.055176
vt 0.518555 0.060638
vt 0.518555 0.069458
vt 0.515625 0.055939
vt 0.517578 0.057495
vt 0.515625 0.056519
vt 0.518066 0.057098
vt 0.51709 0.057831
vt 0.518066 0.059235
vt 0.518555 0.059143
vt 0.519531 0.05899
vt 0.519043 0.060791
vt 0.520019 0.060883
vt 0.519043 0.069336
vt 0.520019 0.069336
vt 0.800781 0.401123
vt 0.800781 0.341797
vt 0.798828 0.323486
vt 0.820312 0.325928
vt 0.820312 0.323486
vt 0.800781 0.325928
vt 0.820312 0.334228
vt 0.800781 0.332031
vt 0.798828 0.334228
vt 0.820312 0.332031
vt 0.798828 0.408936
vt 0.800781 0.406494
vt 0.800781 0.336426
vt 0.820312 0.401123
vt 0.820312 0.341797
vt 0.798828 0.328857
vt 0.800781 0.32666
vt 0.800781 0.331299
vt 0.820312 0.331299
vt 0.820312 0.328857
vt 0.820312 0.32666
vt 0.820312 0.406494
vt 0.820312 0.336426
vt 0.820312 0.408936
vt 0.636231 0.961914
vt 0.63916 0.964356
vt 0.702637 0.891602
vt 0.699707 0.894043
vt 0.642578 0.961914
vt 0.696289 0.891602
vt 0.924316 0.754883
vt 0.930176 0.754883
vt 0.975586 0.994629
vt 0.995606 0.994141
vn -0.7953 0 -0.5984
vn -0.9921 0 -0.0315
vn -0.4173 0 -0.9055
vn -0.1811 0 -0.9764
vn -0.063 0 -0.9921
vn 0 0 -1
vn 0.1024 0 -0.9921
vn 0.2205 0 -0.9685
vn 0.4724 0 -0.874
vn 0.811 0 -0.5748
vn 0.1575 -0.3622 -0.9134
vn 0.1654 -0.189 -0.9606
vn 0.1575 -0.1417 -0.9685
vn 0.1417 0 -0.9843
vn 0.1417 -0.2047 -0.9606
vn 0.1811 -0.1417 -0.9685
vn 0.1102 0.378 -0.9134
vn 0.126 0.2283 -0.9606
vn 0.1654 0.1654 -0.9685
vn 0.1417 0.2047 -0.9606
vn 0.1417 0.1575 -0.9685
vn 0.0315 0.2362 -0.9685
vn 0.0315 0 -0.9921
vn 0.0157 0.2283 -0.9685
vn 0.315 0.1811 -0.9291
vn 0.2598 0.0394 -0.9606
vn 0.7638 0.1732 -0.6142
vn 0.7638 0.1181 -0.622
vn 0.7638 0.4488 -0.4488
vn 0.4882 0.622 -0.5984
vn 0.2835 0.7008 -0.6457
vn 0.0866 0.7323 -0.6614
vn 0.8346 0.5354 -0.0866
vn 0.5748 0.7953 -0.1417
vn 0.3622 0.9134 -0.1575
vn 0.9685 0.2205 -0.1024
vn 0.9764 0.1575 -0.1339
vn 0.9843 0.1496 0.0551
vn 0.9606 0.2362 0.0551
vn 0.9843 0.1417 0.0315
vn 0.8346 0.5354 0.0394
vn 0.9685 0.2362 0.0394
vn 0.9843 0.1181 0.0157
vn 0.5827 0.8031 0.0157
vn -0.9843 -0.1496 0.0551
vn -0.9606 -0.2283 -0.126
vn -0.9685 -0.2362 0.0394
vn -0.9764 -0.1575 -0.1339
vn -0.7244 -0.1181 -0.6693
vn -0.9843 -0.1417 0.0315
vn -0.7402 -0.1732 -0.6378
vn -0.8268 -0.5433 -0.1181
vn -0.748 -0.4488 -0.4803
vn -0.9685 -0.2283 0.0157
vn -0.9843 -0.126 -0.0157
vn -0.8268 -0.5591 -0.0157
vn -0.4567 -0.622 -0.622
vn -0.5591 -0.8031 -0.1654
vn -0.2598 -0.1732 -0.9449
vn -0.2126 -0.0315 -0.9685
vn -0.0787 -0.2205 -0.9685
vn -0.252 -0.6929 -0.6693
vn 0 -0.2205 -0.9685
vn -0.3386 -0.9134 -0.1811
vn -0.063 -0.7244 -0.6772
vn 0.0315 -0.2126 -0.9685
vn 0.0551 -0.2126 -0.9685
vn -0.5827 -0.8031 0.0157
vn 0.1417 -0.7323 -0.6535
vn 0.3071 -0.6772 -0.6535
vn 0.3386 -0.1575 -0.9213
vn 0.2756 -0.0157 -0.9528
vn 0.7795 -0.1417 -0.6063
vn 0.7559 -0.0866 -0.6378
vn 0.8031 -0.4094 -0.4094
vn 0.5197 -0.5984 -0.5984
vn 0.8504 -0.5039 -0.0866
vn 0.6063 -0.7795 -0.1417
vn 0.4094 -0.8976 -0.1339
vn 0.9764 -0.1969 -0.0787
vn 0.9764 -0.1339 -0.1102
vn 0.9843 -0.126 0.0551
vn 0.9685 -0.2126 0.0394
vn 0.8504 -0.5118 0.0394
vn 0.9764 -0.2047 0.0157
vn 0.9921 -0.1024 0.0157
vn 0.6063 -0.7874 0.0157
vn 0.9764 -0.2047 0
vn 0.9921 -0.1024 0
vn 0.8661 -0.4961 0
vn 0.622 -0.7795 0
vn 0.9528 0.2126 0.189
vn 0.7087 0.0945 0.685
vn 0.9685 0.1181 0.2047
vn 0.7165 0.1654 0.6693
vn 0.9685 0.2126 0.0394
vn 0.9843 0.126 0.0551
vn 0.8425 0.5118 0.1102
vn 0.748 0.4488 0.4724
vn 0.8268 0.5512 0.063
vn 0.9606 0.2283 0.1181
vn 0.9764 0.1102 0.1339
vn 0.8268 0.5433 0.1181
vn 0.5512 0.8268 0.063
vn 0.9528 0.2362 0.1654
vn 0.9685 0.1181 0.1811
vn 0.8189 0.5512 0.1417
vn 0.5276 0.8346 0.0866
vn 0.9291 0.2441 0.2441
vn 0.9528 0.126 0.252
vn 0.7795 0.5748 0.2283
vn 0.4961 0.8504 0.1417
vn 0.9843 0.1417 -0.0157
vn 0.8504 0.2992 -0.4252
vn 0.8031 0.1654 -0.5591
vn 0.7795 0.4961 -0.3622
vn 0.8504 0.5118 0.0394
vn 0.5512 0.8268 -0.063
vn 0.5354 0.6772 -0.4882
vn 0.315 0.9291 -0.1732
vn 0.4488 0.0866 -0.8819
vn 0.5354 0.3071 -0.7795
vn 0.2283 0.0157 -0.9685
vn 0.2913 0.3937 -0.8661
vn 0.1024 0.0157 -0.9921
vn 0.3386 0.7559 -0.5512
vn 0.1339 0.4094 -0.8976
vn 0.1417 0.9606 -0.2047
vn 0.1417 0.7953 -0.5748
vn 0.0157 0.4252 -0.8976
vn -0.8504 0.4961 -0.1417
vn -0.7874 0.4173 -0.4409
vn -0.7559 0.1417 -0.6299
vn -0.9685 0.2047 -0.1181
vn -0.7323 0.0866 -0.6614
vn -0.9764 0.1339 -0.1102
vn -0.9843 0.126 0.0315
vn -0.9764 0.2047 0.0157
vn -0.8661 0.4961 0
vn -0.6063 0.7795 -0.1417
vn -0.6063 0.7874 0.0157
vn -0.4882 0.5984 -0.622
vn -0.2835 0.1496 -0.9449
vn -0.2283 0.0157 -0.9685
vn -0.1024 0.1969 -0.9685
vn -0.2835 0.6693 -0.6772
vn -0.3937 0.8976 -0.1575
vn -0.3701 0.9213 0
vn -0.0157 0.2047 -0.9764
vn -0.0866 0.7087 -0.685
vn 0 0.7323 -0.6693
vn -0.1654 0.9685 -0.1575
vn -0.1417 0.9843 0
vn 0 0.9764 -0.1811
vn 0.1417 0.9764 -0.1575
vn 0.1181 0.9921 0
vn -0.0157 0.9921 0.0079
vn -0.0787 0.9921 0
vn 0.063 0.9921 0
vn -0.063 0.9921 0
vn 0.0472 0.9921 0
vn 0 0.9921 0
vn 0.7165 -0.1732 -0.6693
vn 0.6614 -0.3465 -0.6614
vn 0.6772 -0.3071 -0.6535
vn 0.7323 -0.1417 -0.6535
vn 0.7244 0.0157 -0.6772
vn 0.685 -0.3465 -0.6299
vn 0.6614 0.3701 -0.6378
vn 0.7244 0.1969 -0.6535
vn 0.6614 0.3465 -0.6614
vn 0.6929 0.1732 -0.6929
vn 0.7323 0 -0.6693
vn 0.6378 0.3701 -0.6614
vn -0.6693 -0.1732 -0.7165
vn -0.6929 0 -0.7165
vn -0.6772 -0.1969 -0.7008
vn -0.6142 -0.3701 -0.6929
vn -0.6378 -0.3701 -0.6614
vn -0.685 0.1417 -0.7087
vn -0.6772 -0.0157 -0.7244
vn -0.6929 0.1732 -0.6929
vn -0.6614 0.3465 -0.6614
vn 0.0157 -0.9685 -0.2283
vn 0.1654 -0.9606 -0.2126
vn 0.1417 -0.9843 0.0315
vn 0.3386 -0.9134 -0.1811
vn 0.1654 -0.7874 -0.5827
vn 0.3701 -0.7402 -0.5512
vn 0.0157 -0.7874 -0.6063
vn 0.1575 -0.3937 -0.8976
vn 0.0394 -0.4094 -0.9055
vn -0.1181 -0.7874 -0.5906
vn 0.0157 -0.0157 -0.9921
vn 0.1181 0 -0.9921
vn -0.0866 -0.3937 -0.9055
vn -0.063 -0.0157 -0.9921
vn 0.3228 -0.3701 -0.8661
vn 0.252 0 -0.9606
vn 0.5748 -0.6535 -0.4882
vn 0.5669 -0.2756 -0.7717
vn 0.4961 -0.063 -0.8583
vn 0.8583 -0.2677 -0.4173
vn 0.8346 -0.1417 -0.5197
vn 0.8031 -0.4646 -0.3622
vn 0.874 -0.4803 0.0157
vn 0.5748 -0.811 -0.063
vn 0.9764 -0.189 0.0315
vn 0.9843 -0.126 -0.0157
vn 0.9606 -0.1024 0.2441
vn 0.937 -0.2205 0.2441
vn 0.9764 -0.0945 0.1575
vn 0.7953 -0.5512 0.2205
vn 0.9606 -0.2126 0.1654
vn 0.9843 -0.0945 0.1102
vn 0.5197 -0.8346 0.1417
vn 0.8346 -0.5197 0.1417
vn 0.9685 -0.1969 0.0945
vn 0.9921 -0.1024 0.0551
vn 0.315 -0.937 0.0787
vn 0.5591 -0.8189 0.0866
vn 0.8504 -0.5039 0.0866
vn 0.9685 -0.0945 0.1969
vn 0.3307 -0.937 0.0394
vn -0.6299 0.3465 -0.685
vn -0.0394 0.4331 -0.8976
vn 0 0.1024 -0.9921
vn 0.0157 0.126 -0.9843
vn 0.0315 0 0.9921
vn -0.0472 0 0.9921
vn 0.1654 0 0.9843
vn -0.1811 0 0.9764
vn 0.2913 0 0.9528
vn -0.315 0 0.9449
vn -0.0394 0.6378 -0.7559
vn 0.4173 0 0.9055
vn -0.4173 0 0.9055
vn -0.0157 0 0.9921
vn 0.5433 0 0.8346
vn -0.5433 0 0.8346
vn 0.9685 0 0.2205
vn 0.9764 0 0.2047
vn 0.9134 0 0.3937
vn 0.7559 0 0.6457
vn 0.4409 0 0.8898
vn 0.1024 0 0.9921
vn -0.1181 0 0.9921
vn -0.4409 0 0.8898
vn -0.7559 0 0.6457
vn 0.622 0 0.7795
vn -0.6457 0 0.7559
vn -0.9921 0 0
vn -0.9921 0 0.0787
vn -0.9528 0 0.2913
vn -0.8189 0 0.5669
vn -0.622 0 0.7795
vn -0.2913 0 0.9528
vn -0.1417 0 0.9843
vn 0.1181 0 0.9921
vn -0.1181 -0.7874 0.5984
vn -0.3071 -0.7559 0.5669
vn -0.063 -0.9134 0.3858
vn -0.3307 -0.4567 0.8189
vn -0.2913 -0.8819 0.3622
vn 0 -0.9134 0.3937
vn -0.4567 -0.7008 0.5354
vn -0.0551 -0.9606 0.2362
vn 0 -0.9606 0.2441
vn 0 -0.7795 0.622
vn 0.0866 -0.9055 0.4016
vn -0.1339 -0.4646 0.8661
vn 0.1417 -0.7717 0.6063
vn 0 -0.4724 0.874
vn -0.1102 -0.1339 0.9764
vn 0.1339 -0.4409 0.8819
vn 0.1102 -0.1102 0.9843
vn 0.3228 -0.4331 0.8346
vn 0.3386 -0.7323 0.5748
vn 0 -0.1417 0.9843
vn -0.2992 -0.126 0.937
vn -0.2677 0 0.9606
vn -0.4252 -0.189 0.8819
vn -0.4724 -0.3858 0.7874
vn -0.5906 -0.1969 0.7717
vn -0.6063 -0.3701 0.6929
vn -0.7795 -0.1654 0.5906
vn -0.7717 -0.3071 0.5433
vn -0.937 -0.1024 0.3228
vn -0.5433 -0.6535 0.5197
vn -0.4252 -0.8504 0.2913
vn -0.7402 -0.5276 0.3937
vn -0.2913 -0.9291 0.2047
vn -0.4488 -0.8425 0.2677
vn -0.4016 -0.9055 0.1102
vn -0.9291 -0.1732 0.315
vn -0.9921 -0.0472 0.0866
vn -0.9921 -0.0315 0.0866
vn -0.9134 -0.3228 0.2283
vn -0.9921 -0.0866 0.0709
vn -0.685 -0.685 0.2205
vn -0.8898 -0.4331 0.1102
vn -0.9843 -0.126 0.0315
vn -0.9843 -0.1181 0.0157
vn -0.6929 0 0.7165
vn -0.8898 -0.4331 0.0394
vn -0.6378 -0.7559 0.0945
vn -0.7717 -0.2835 0.5591
vn -0.8976 -0.4331 -0.0394
vn -0.6772 -0.7244 0.0236
vn 0.7165 0 0.6929
vn -0.7323 0 0.6693
vn -0.937 0.1496 0.3071
vn -0.9921 0.0157 0.0866
vn -0.937 0.0787 0.315
vn -0.9921 0.0315 0.0866
vn -0.7874 0.2756 0.5354
vn -0.7953 0.1417 0.5827
vn -0.9213 0.2992 0.2283
vn -0.7638 0.4961 0.3937
vn -0.6299 0.3386 0.685
vn -0.6142 0.1654 0.7638
vn -0.5748 0.622 0.5197
vn -0.9921 0.0709 0.0472
vn -0.7087 0.6614 0.2205
vn -0.4961 0.3622 0.7795
vn -0.4488 0.1575 0.874
vn -0.4882 0.6772 0.5433
vn -0.3228 0.1024 0.937
vn -0.3543 0.4331 0.8189
vn -0.1339 0.1102 0.9764
vn -0.0157 0.1181 0.9843
vn 0.0945 0.1339 0.9843
vn 0 0.4409 0.8898
vn -0.1575 0.4488 0.874
vn 0.2992 0.126 0.937
vn 0.2441 0 0.9606
vn 0.4252 0.189 0.8819
vn 0.3307 0.4567 0.8189
vn 0.4409 0.3858 0.8031
vn 0.5906 0.1969 0.7717
vn 0.1339 0.4646 0.8661
vn 0 0.7795 0.622
vn 0.0945 0.7795 0.6142
vn 0.4567 0.7008 0.5354
vn 0.6063 0.3701 0.6929
vn 0.7795 0.1654 0.5906
vn -0.1417 0.7717 0.6063
vn 0 0.9134 0.3937
vn 0.7717 0.3071 0.5433
vn 0.9291 0.1024 0.3465
vn 0.5433 0.6535 0.5197
vn -0.3386 0.7323 0.5748
vn -0.0866 0.9055 0.4016
vn -0.315 0.8661 0.3701
vn -0.4567 0.8346 0.2992
vn -0.0787 0.9606 0.2441
vn -0.4803 0.8268 0.2756
vn -0.3228 0.9213 0.2047
vn -0.4331 0.8898 0.1102
vn -0.3386 0.9291 0.0866
vn -0.4331 0.8898 0.0394
vn -0.6614 0.7323 0.0945
vn -0.4094 0.9055 0.0394
vn -0.9055 0.4016 0.1102
vn -0.9921 0.1024 0.0157
vn -0.6772 -0.0236 0.7244
vn -0.9055 0.4094 0.0394
vn -0.9921 0.1024 0
vn -0.7008 0.7008 0.0236
vn -0.9055 0.4094 -0.0394
vn -0.7559 0.2283 0.6063
vn -0.7165 0.6929 0
vn -0.7874 0.5591 0.252
vn -0.4961 0.8661 0
vn -0.2992 0.9449 0.1024
vn 0.1024 0.937 0.3228
vn -0.5197 0.7795 0.3386
vn -0.1417 0.7559 0.6299
vn 0.063 0.9213 0.3622
vn -0.3386 0.5748 0.7323
vn 0 0.8898 0.4409
vn -0.0236 0.7008 0.7008
vn -0.0157 0.5512 0.8268
vn -0.063 0.4724 0.874
vn -0.0945 0.685 0.7087
vn -0.1339 0.8976 0.4094
vn -0.1339 0.0945 0.9843
vn -0.1969 0.0945 0.9685
vn -0.2126 0.4094 0.8819
vn -0.1969 0.7008 0.6772
vn -0.2126 0.8976 0.378
vn -0.4094 0.378 0.8189
vn -0.4016 0.0866 0.9055
vn -0.3937 0 0.9134
vn -0.3701 0.6929 0.6063
vn -0.5512 0.3386 0.7559
vn -0.5748 0.063 0.811
vn -0.2283 0 0.9685
vn -0.9449 -0.0157 0.2992
vn -0.9921 -0.0157 0.063
vn 0.7953 0 0.5984
vn 0.6378 -0.7559 0.0945
vn 0.7165 -0.6929 0
vn 0.8268 -0.5276 0.1654
vn 0.4016 -0.9134 0.0157
vn 0.9134 -0.3937 0
vn 0.9449 -0.1732 0.2598
vn 0.7008 -0.7008 0.0236
vn 0.6614 -0.7323 0.0945
vn 0.4331 -0.8898 0.1102
vn 0.9055 -0.4094 0.0394
vn 0.937 0.0157 0.3228
vn 0.9843 -0.0157 0.1181
vn 0.7087 -0.6614 0.2205
vn 0.9055 -0.4016 0.1102
vn 0.4803 -0.8268 0.2756
vn 0.9921 -0.0709 0.0866
vn 0.9213 -0.2992 0.2283
vn 0.7638 -0.4961 0.3937
vn 0.5748 -0.622 0.5197
vn 0.9921 -0.0315 0.1024
vn 0.937 -0.1496 0.3071
vn 0.9291 -0.0866 0.3386
vn 0.7874 -0.2756 0.5354
vn 0.7953 -0.1417 0.5827
vn 0.6299 -0.3386 0.685
vn 0.4882 -0.6772 0.5433
vn 0.6142 -0.1654 0.7638
vn 0.4961 -0.3622 0.7795
vn 0.4173 -0.1575 0.8898
vn 0.3228 -0.1024 0.937
vn 0.0866 -0.8189 0.5591
vn -0.063 -0.8268 0.5512
vn 0.5748 0 0.811
vn 0.0787 0 0.9921
vn -0.1024 0 0.9921
vn 0.9449 0 0.315
vn 0.9921 0.0157 0.1024
vn 0.2047 0 0.9764
vn 0.874 0 0.4724
vn 0.2677 0 0.9606
vn 0.9921 0 0.1024
vn 0.9921 0 -0.1024
vn 0.9528 0 -0.2913
vn 0.874 0 -0.4724
vn 0.7953 0 -0.5984
vn 0.5984 0 -0.7953
vn 0.4409 0 -0.8898
vn 0.1575 0 -0.9843
vn 0.4252 0.0157 -0.8976
vn 0.2047 0.0157 -0.9764
vn 0.1417 0.0157 -0.9843
vn -0.8898 0 0.4409
vn 0.3071 -0.811 0.4803
vn -0.2756 -0.8268 0.4803
vn -0.3386 -0.8819 0.315
vn -0.4567 -0.6772 0.5669
vn -0.5984 -0.622 0.4882
vn -0.4409 -0.8583 0.2362
vn -0.1969 -0.9685 0.0945
vn -0.2205 -0.9685 0.0787
vn -0.1732 -0.9764 0.0945
vn -0.622 -0.6457 0.4331
vn -0.2598 -0.9055 0.3307
vn -0.6614 -0.3386 0.6614
vn -0.4567 -0.8661 0.189
vn -0.7165 -0.3937 0.5591
vn -0.5276 -0.3622 0.7638
vn -0.6299 -0.685 0.3386
vn -0.685 -0.0945 0.7087
vn -0.7638 -0.4173 0.4724
vn -0.4646 -0.8661 0.1339
vn -0.0945 -0.9843 -0.0866
vn -0.2598 -0.9606 0.0394
vn -0.6693 -0.6929 0.252
vn -0.2362 -0.9685 0.0394
vn -0.4488 -0.8819 0.0866
vn -0.189 -0.9764 -0.0551
vn 0.3386 -0.315 0.8819
vn 0.3622 -0.1575 0.9134
vn 0.3465 -0.1024 0.9291
vn 0.3622 0.063 0.9213
vn 0.378 -0.1102 0.9134
vn 0.3543 -0.1339 0.9213
vn 0.3307 -0.2835 0.8898
vn 0.3543 -0.0394 0.9291
vn 0.3307 0.126 0.9291
vn 0.3307 0.1496 0.9213
vn 0.3071 0.3071 0.8898
vn 0.3858 -0.0394 0.9134
vn 0.3622 0.1575 0.9134
vn 0.3465 0.1024 0.9291
vn 0.315 0.3386 0.8819
vn 0.3858 -0.1339 0.9055
vn -0.9921 0 0.0079
vn -0.9606 0 -0.2677
vn -0.5827 -0.0157 -0.8031
vn -0.5984 0 -0.7953
vn -0.1024 -0.0157 -0.9921
vn -0.9921 0 -0.0157
vn 0.2913 0 -0.9528
vn -0.9921 0 0.0472
vn 0.315 0 -0.9449
vn -0.2205 0 -0.9685
vn -0.6457 0 -0.7559
vn -0.6299 -0.0157 -0.7717
vn -0.9685 0 0.2205
vn -0.8976 -0.0157 -0.4252
vn -0.9134 -0.0157 -0.4016
vn -0.9921 -0.0157 -0.0157
vn -0.9134 0 0.3937
vn -0.8346 0 0.5433
vn -0.6693 0 0.7323
vn 0.9213 0 0.3622
vn -0.937 0 0.3386
vn -0.252 0.9213 0.2756
vn -0.4803 0.7244 0.4803
vn -0.5591 0.7165 0.3937
vn -0.0709 0.9921 0.0709
vn -0.3701 0.7165 0.5827
vn -0.3386 0.9213 0.1575
vn -0.6378 0.4016 0.6457
vn -0.0866 0.9921 0.0472
vn -0.4961 0.3937 0.7638
vn -0.2047 0.9213 0.3228
vn -0.3543 0.4016 0.8346
vn -0.252 0.7165 0.6378
vn -0.0472 0.9921 0.0866
vn -0.1339 0.9213 0.3543
vn -0.1181 0.7244 0.6772
vn -0.1811 0.4016 0.8898
vn -0.378 0.1102 0.9134
vn -0.1811 0.1181 0.9685
vn 0 0.9921 0.0236
vn -0.0157 0.9921 0.0315
vn -0.5433 0.1181 0.8268
vn 0.1339 0.1339 0.9764
vn -0.7008 0.1181 0.7008
vn -0.7638 0.3937 0.4961
vn -0.811 0.1181 0.5669
vn -0.622 0.7244 0.2835
vn -0.8346 0.4016 0.3543
vn -0.9134 0.1102 0.378
vn -0.9685 0.1181 0.1811
vn 0 0.9921 0.0079
vn -0.8819 0.4252 0.189
vn -0.6614 0.7323 0.1417
vn -0.9843 0.126 -0.0157
vn -0.8976 0.4252 -0.0157
vn -0.6929 0.7165 0
vn -0.9685 0.1181 -0.1969
vn -0.8819 0.4252 -0.189
vn -0.6693 0.7244 -0.1181
vn -0.3622 0.9213 -0.063
vn -0.9213 0.1339 -0.3543
vn -0.8189 0.4331 -0.3543
vn -0.6614 0.7087 -0.2283
vn -0.3543 0.9213 -0.1339
vn -0.8189 0.1417 -0.5512
vn -0.7638 0.4173 -0.4724
vn -0.5827 0.7165 -0.3701
vn -0.3386 0.9134 -0.1811
vn -0.622 0.4331 -0.6457
vn -0.4803 0.7244 -0.4803
vn -0.2756 0.9213 -0.252
vn -0.5512 0.1417 -0.811
vn -0.5039 0.4252 -0.748
vn -0.3701 0.7402 -0.5512
vn -0.2283 0.9213 -0.2992
vn -0.3858 0.1339 -0.9055
vn -0.3543 0.4331 -0.8189
vn -0.2835 0.7244 -0.622
vn -0.1811 0.9291 -0.315
vn -0.0709 0.9921 -0.0709
vn -0.189 0.4252 -0.8819
vn -0.2047 0.1417 -0.9606
vn 0 0.9921 0.0472
vn -0.1417 0.7323 -0.6535
vn 0.0157 0.1654 -0.9843
vn 0.0157 0.4803 -0.874
vn 0 0.7559 -0.6457
vn 0.2126 0.1654 -0.9606
vn 0.189 0.4567 -0.8661
vn 0.1417 0.7559 -0.6299
vn 0.4173 0.1575 -0.8898
vn 0.3622 0.4646 -0.8031
vn 0.2835 0.748 -0.5906
vn 0.5591 0.1654 -0.8031
vn 0.5039 0.4567 -0.7244
vn 0.3701 0.7638 -0.5276
vn 0.622 0.4567 -0.622
vn 0.4803 0.748 -0.4488
vn 0.8268 0.1654 -0.5276
vn 0.9134 0.1575 -0.3622
vn 0.748 0.4488 -0.4803
vn 0.5433 0.7559 -0.3386
vn 0.9606 0.1654 -0.189
vn 0.8189 0.4567 -0.3307
vn 0.6299 0.7323 -0.2283
vn 0.9843 0.1654 0.0157
vn 0.874 0.4488 -0.1654
vn 0.6457 0.748 -0.1181
vn 0.9528 0.1417 0.2283
vn 0.8819 0.4488 0.0157
vn 0.6693 0.7323 0
vn 0.3386 0.937 -0.063
vn 0.3307 0.9291 -0.126
vn 0.0866 0.9921 -0.0157
vn 0.0866 0.9921 -0.0315
vn 0.2441 0.9291 -0.2441
vn 0.1969 0.9291 -0.2913
vn 0.063 0.9921 -0.0472
vn -0.1024 0.9921 -0.0315
vn 0.1496 0.937 -0.3071
vn 0.0472 0.9921 -0.0709
vn -0.0866 0.9921 -0.0472
vn -0.1024 0.9921 -0.0157
vn -0.1024 0.9921 0
vn 0.063 0.937 -0.3386
vn 0.0157 0.9921 -0.0866
vn 0 0.937 -0.3465
vn 0 0.9921 -0.1024
vn -0.0315 0.9921 -0.0866
vn -0.0787 0.9291 -0.3465
vn 0.9921 0 -0.0157
vn -0.9921 0 -0.1181
vn -0.9685 -0.1811 -0.1181
vn -0.9055 -0.3858 -0.1339
vn -0.9843 0 0.1575
vn -0.9764 0 0.1811
vn -0.9213 0 0.3622
vn 0.0157 -0.9921 0
vn 0.0157 -0.9921 -0.0157
vn -0.9213 0.3386 -0.1496
vn -0.9764 0.1575 -0.1181
vn 0.685 -0.2283 0.685
vn 0.8819 -0.2126 0.4016
vn 0.3543 -0.2362 0.8976
vn 0.9685 -0.2283 0.0157
vn -0.0157 -0.252 0.9606
vn 0.9213 -0.2047 -0.315
vn -0.3307 -0.2598 0.9055
vn 0.7244 -0.1969 -0.6535
vn -0.6693 -0.252 0.6929
vn 0.4016 -0.2126 -0.8819
vn -0.874 -0.2677 0.3858
vn -0.8898 -0.2362 0.378
vn 0.0157 -0.2283 -0.9685
vn -0.9606 -0.252 -0.0157
vn -0.3228 -0.2283 -0.9134
vn -0.8898 -0.2362 -0.3858
vn -0.6614 -0.2283 -0.7087
vn -0.9685 -0.2047 -0.1181
vn -0.9213 -0.3543 -0.1339
vn 0.4567 -0.8189 0.3307
vn -0.4331 -0.8346 0.3228
vn -0.9685 0.1811 -0.1181
vn -0.9291 0.3307 -0.126
vn 0 -0.7559 0.6457
vn -0.3307 -0.2835 0.8898
vn -0.1969 -0.7717 0.5984
vn 0 -0.2677 0.9606
vn -0.622 -0.315 0.7087
vn 0.3543 -0.2598 0.8898
vn -0.4173 -0.7874 0.4409
vn -0.8661 -0.315 0.3701
vn -0.5591 -0.7874 0.252
vn -0.937 -0.3228 -0.0157
vn -0.6063 -0.7874 -0.0236
vn -0.5354 -0.7874 -0.2756
vn -0.8504 -0.3228 -0.3937
vn -0.4173 -0.7638 -0.4724
vn -0.6457 -0.2835 -0.7008
vn -0.2205 -0.7559 -0.6063
vn -0.3307 -0.2598 -0.8976
vn 0.0157 -0.7638 -0.6299
vn 0.0157 -0.252 -0.9606
vn 0.4094 -0.2362 -0.874
vn 0.2283 -0.7559 0.6063
vn 0.6457 -0.2835 0.7008
vn 0.3071 -0.748 -0.5748
vn 0.7165 -0.252 -0.6378
vn 0.4488 -0.7638 0.4488
vn 0.8661 -0.2913 0.3937
vn 0.4803 -0.748 -0.4488
vn 0.874 -0.2913 -0.3622
vn 0.5827 -0.7638 0.252
vn 0.9528 -0.2913 0
vn 0.5827 -0.7638 -0.252
vn 0.6457 -0.7559 0
vn -0.7087 -0.685 0.1417
vn -0.8504 -0.3937 0.3228
vn -0.4803 -0.874 0.0157
vn -0.8819 -0.4016 0.2126
vn -0.7008 -0.7008 0.0236
vn -0.4409 -0.8819 -0.1339
vn -0.6693 -0.6929 -0.252
vn -0.8661 -0.3937 -0.2913
vn -0.1575 -0.9213 -0.3307
vn -0.9134 -0.4016 -0.0157
vn -0.5039 -0.7244 -0.4567
vn -0.622 -0.4331 -0.6457
vn -0.9606 -0.1181 0.2283
vn -0.9134 -0.1102 0.378
vn -0.9134 0 -0.3937
vn -0.8268 -0.1181 0.5433
vn -0.8976 -0.1339 -0.4094
vn -0.6299 -0.1417 -0.7559
vn -0.7638 -0.1181 0.622
vn -0.2283 -0.126 -0.9606
vn -0.5591 -0.0866 0.8189
vn -0.378 -0.1102 0.9134
vn 0.2992 -0.1024 -0.9449
vn -0.2992 -0.4252 -0.8504
vn -0.1811 -0.1181 0.9685
vn -0.0315 -0.0157 0.9921
vn -0.252 -0.7402 -0.6142
vn -0.0709 -0.1496 0.9843
vn 0.189 -0.4252 -0.8819
vn 0.0866 -0.7559 -0.6378
vn 0.4488 -0.0866 -0.8819
vn 0.3858 -0.4094 -0.8189
vn 0.1969 -0.748 -0.622
vn 0.2441 -0.4409 -0.8583
vn 0.1102 -0.1102 -0.9843
vn -0.1181 0 -0.9921
vn -0.1339 -0.1181 -0.9764
vn 0.063 -0.4409 -0.8898
vn -0.1654 -0.4488 -0.874
vn 0.1181 -0.7638 -0.622
vn -0.0157 -0.9528 -0.2992
vn -0.0157 -0.7638 -0.6299
vn -0.1732 -0.7402 -0.6378
vn -0.0157 -0.937 -0.3228
vn -0.126 -0.9843 -0.0315
vn -0.0787 -0.937 -0.3228
vn -0.126 -0.9843 -0.0709
vn -0.1811 -0.9134 -0.3386
vn -0.2283 -0.9134 -0.3228
vn -0.1732 -0.9764 -0.0551
vn -0.1339 -0.9843 -0.0945
vn -0.0709 -0.9921 -0.0866
vn -0.1496 -0.9764 0.0945
vn -0.0315 -0.9921 0.1024
vn -0.0157 -0.9921 0.1024
vn 0.0866 -0.9213 0.3701
vn -0.1102 -0.9843 0.0945
vn 0.0157 -0.8976 0.4252
vn -0.1181 -0.7638 0.622
vn -0.1811 -0.9055 0.3701
vn -0.1102 -0.9055 0.4016
vn 0.0236 -0.6772 0.7244
vn -0.3071 -0.5984 0.7323
vn -0.7638 -0.5827 0.252
vn -0.0157 -0.5276 0.8425
vn -0.0709 -0.7008 0.7008
vn -0.0157 -0.4488 0.8819
vn -0.189 -0.4252 0.8819
vn -0.1654 -0.7165 0.6693
vn -0.378 -0.4094 0.8189
vn -0.3386 -0.7087 0.6063
vn -0.6929 0.6693 -0.252
vn -0.9213 0.378 -0.0157
vn -0.7244 0.6772 -0.0157
vn -0.6457 0.7008 0.2835
vn -0.8661 0.3465 -0.3465
vn -0.4173 0.9055 0
vn -0.8504 0.3701 0.3465
vn -0.9921 0.0866 -0.0157
vn -0.4882 0.6772 -0.5433
vn -0.3071 0.9055 -0.2756
vn -0.0945 0.9843 -0.0866
vn -0.5118 0.6772 0.5118
vn -0.1811 0.9055 -0.3701
vn -0.1102 0.9921 -0.0551
vn -0.3622 0.9134 0.1575
vn -0.126 0.9843 -0.0157
vn -0.0472 0.9921 -0.1102
vn -0.0157 0.9843 -0.1181
vn 0.0709 0.9921 -0.0866
vn 0.0315 0.9921 -0.1024
vn 0 0.9134 -0.3937
vn 0.1575 0.9134 -0.3622
vn 0.0866 0.9921 -0.0472
vn 0.2756 0.9134 -0.2756
vn -0.252 0.6693 -0.6929
vn 0 0.6929 -0.7165
vn 0.1024 0.9921 -0.0157
vn -0.3465 0.3465 -0.8661
vn -0.9055 0.0866 -0.3937
vn -0.7008 0.063 -0.7008
vn -0.3858 0.063 -0.9134
vn -0.378 -0.0157 -0.9213
vn -0.9213 0.0866 0.3701
vn 0.0157 0.0866 -0.9921
vn -0.6378 0.3701 0.6693
vn -0.685 0.0945 0.7087
vn 0.4252 0.0866 -0.8976
vn -0.0157 0.0157 0.9921
vn -0.3465 0.3701 0.8504
vn -0.0157 0.1024 0.9921
vn -0.252 0.6929 0.6614
vn -0.0157 0.378 0.9213
vn 0.378 0.0157 0.9213
vn -0.2756 0.9134 0.2756
vn -0.1575 0.9134 0.3622
vn -0.1024 0.9921 0.0315
vn 0.0866 0.9921 0.0315
vn 0.0472 0.9921 0.0709
vn 0.3937 0.9134 0
vn 0.3386 0.9213 0.1575
vn 0.0315 0.9921 0.0866
vn 0.252 0.9213 0.2756
vn -0.0157 0.9921 0.1024
vn 0.1339 0.9213 0.3543
vn -0.0157 0.9134 0.4016
vn 0.1969 0.7008 0.6772
vn 0.4882 0.7008 0.5118
vn 0.3228 0.3937 0.8504
vn 0.5906 0.4016 0.6929
vn 0.6772 0.1181 0.7244
vn 0.6535 0.0236 0.748
vn 0.9055 0.1102 0.4016
vn 0.9134 0.0157 0.4016
vn 0.9921 0 0.0079
vn 0.8346 0.4016 0.3543
vn 0.9921 0.1024 0.0157
vn 0.9213 0 -0.3701
vn 0.622 0.7244 0.2835
vn 0.9134 0.4016 0.0157
vn 0.7165 0.6929 0
vn 0.6693 0.6929 -0.252
vn 0.8504 0.378 -0.3465
vn 0.4803 0.7008 -0.5118
vn 0.9134 0.1102 -0.378
vn 0.252 0.6929 -0.6693
vn 0.7087 0.0866 -0.685
vn 0.3465 0.378 -0.8504
vn 0.0157 0.378 -0.9213
vn 0 -0.9921 0
vn 0.9685 -0.2047 -0.1181
vn 0.8346 -0.2205 -0.4882
vn 0.6063 -0.2205 -0.7559
vn 0.9449 -0.2205 0.2126
vn 0.2677 -0.2205 -0.9291
vn 0.2441 -0.2205 -0.937
vn 0.7795 -0.2283 0.5748
vn -0.1496 -0.2283 -0.9606
vn 0.5197 -0.2205 0.8189
vn -0.4961 -0.2441 -0.8268
vn 0.1654 -0.2126 0.9606
vn -0.7638 -0.252 -0.5827
vn -0.1969 -0.2362 0.9449
vn -0.937 -0.2441 -0.2205
vn -0.5276 -0.252 0.8031
vn -0.9528 -0.2362 0.1654
vn -0.8031 -0.252 0.5276
vn 0.0157 -0.8031 -0.5827
vn -0.1969 -0.811 -0.5433
vn 0.0394 -0.378 -0.9213
vn -0.5984 -0.4567 -0.6457
vn -0.3543 -0.8346 -0.4016
vn -0.7795 -0.4961 -0.3622
vn 0.252 -0.8031 -0.5276
vn 0.6457 -0.4331 -0.622
vn -0.4646 -0.8504 -0.2205
vn 0.2205 -0.7953 0.5512
vn -0.8583 -0.5039 0.0157
vn -0.5276 -0.8425 0.0157
vn -0.4724 -0.8425 0.2441
vn -0.7795 -0.4961 0.3622
vn -0.3858 -0.8189 0.4094
vn -0.5984 -0.4646 0.6457
vn -0.189 -0.811 0.5433
vn -0.3228 -0.3937 0.8504
vn 0 -0.3701 0.9213
vn 0.3465 -0.3701 0.8504
vn 0.622 -0.4252 0.6457
vn 0.4094 -0.8031 0.4173
vn 0.8031 -0.4646 0.3622
vn 0.4094 -0.8189 -0.378
vn 0.8189 -0.4567 -0.3307
vn 0.4961 -0.8268 0.252
vn 0.5118 -0.8268 -0.189
vn 0.5512 -0.8268 0.0157
vn -0.3858 -0.9213 0.0394
vn -0.4094 -0.9055 0.0394
vn -0.315 -0.937 0.0787
vn -0.6772 -0.7244 -0.0157
vn -0.4724 -0.874 0
vn -0.2756 -0.9528 0.1024
vn -0.4882 -0.7953 0.3307
vn 0.126 -0.9291 0.3307
vn -0.2047 -0.9764 0.0157
vn -0.4173 -0.9055 0
vn -0.0315 -0.9921 -0.063
vn -0.189 -0.9764 -0.0315
vn -0.0315 -0.9843 -0.1654
vn -0.2677 -0.9528 -0.0787
vn 0.0787 -0.9606 -0.2441
vn -0.5827 -0.7953 -0.0866
vn 0.0157 -0.937 -0.3228
vn -0.4803 -0.811 -0.2992
vn -0.2205 -0.8189 -0.5197
vn -0.6693 -0.7323 0.0394
vn -0.7953 -0.5748 -0.1417
vn -0.4803 -0.7008 -0.5118
vn -0.8976 -0.4252 0.0866
vn -0.9528 -0.189 -0.2126
vn -0.5197 -0.5984 -0.5984
vn -0.3071 -0.748 -0.5748
vn 0 -0.9921 0.063
vn 0.6142 -0.7795 0.0394
vn 0.8661 -0.3701 -0.3228
vn 0.9291 -0.3465 0.0157
vn 0.8504 -0.3228 0.3937
vn 0.5591 -0.7717 0.2835
vn 0.4409 -0.8031 -0.3858
vn 0.6929 -0.3701 -0.6063
vn 0.4488 -0.748 0.4724
vn 0.2756 -0.811 -0.5039
vn 0.378 -0.378 -0.8346
vn 0.2283 -0.7323 0.6299
vn 0.0394 -0.3543 -0.9291
vn -0.3228 -0.4016 -0.8504
vn -0.0236 -0.748 0.6535
vn -0.6457 -0.4016 -0.6457
vn -0.1969 -0.748 0.622
vn -0.4094 -0.8189 -0.378
vn -0.8346 -0.4016 -0.3543
vn -0.3937 -0.7638 0.4961
vn -0.8346 -0.3543 0.4094
vn -0.5433 -0.811 -0.189
vn -0.5354 -0.7874 0.2756
vn -0.5906 -0.7953 0.0394
vn -0.9213 -0.378 0.0157
vn 0 -0.1811 0.9764
vn 0.6929 -0.1654 0.6929
vn -0.3386 -0.1811 0.9134
vn 0.8898 -0.1811 0.4016
vn -0.6772 -0.1969 0.7008
vn 0.9685 -0.2362 0.0394
vn -0.874 -0.2441 0.4094
vn 0.9213 -0.2283 -0.2992
vn -0.9606 -0.252 0.0157
vn -0.8898 -0.2598 -0.3622
vn 0.4173 -0.2677 -0.8583
vn -0.874 -0.2677 -0.3858
vn 0.0394 -0.2835 -0.9528
vn -0.3386 -0.2835 -0.8898
vn 0.0709 0.9921 0.0472
vn -0.0866 0.9921 0.0315
vn 0.3071 0.937 0.1496
vn 0.315 0.937 0.0787
vn 0.6299 0.7559 0.1417
vn 0.063 0.9921 0.0315
vn 0.3465 0.937 0
vn 0.0787 0.9921 0
vn -0.9213 -0.252 0.2756
vn -0.7402 -0.252 0.6142
vn -0.9528 -0.252 -0.126
vn -0.4409 -0.2441 0.8583
vn -0.8268 -0.2441 -0.4961
vn -0.1024 -0.2441 0.9606
vn -0.5591 -0.252 -0.7874
vn 0.2441 -0.2205 0.937
vn -0.2205 -0.2441 -0.937
vn 0.5748 -0.2283 0.7795
vn 0.1496 -0.2283 -0.9606
vn 0.8346 -0.2205 0.4882
vn 0.5197 -0.2205 -0.8189
vn 0.9528 -0.2283 0.1417
vn 0.8031 -0.2205 -0.5512
vn 0.9449 -0.2126 -0.2205
vn -0.6535 -0.315 0.685
vn -0.2283 -0.7559 0.6063
vn 0 -0.7323 0.6693
vn 0 -0.2047 0.9764
vn 0.252 -0.7402 0.6142
vn 0.6772 -0.2835 0.6693
vn 0.4173 -0.7638 0.4724
vn -0.3858 -0.7874 0.4724
vn -0.5276 -0.8031 0.252
vn -0.8346 -0.378 0.378
vn 0.9213 -0.3701 0
vn 0.5748 -0.7795 -0.2205
vn 0.8819 -0.3386 -0.315
vn -0.5276 -0.8031 -0.2441
vn -0.8189 -0.4094 -0.378
vn 0.4409 -0.7874 -0.4173
vn -0.3858 -0.8031 -0.4331
vn 0.3071 -0.7717 -0.5433
vn 0.4252 -0.2992 -0.8504
vn -0.1969 -0.7953 -0.5669
vn -0.3386 -0.315 -0.8819
vn 0.2835 -0.9055 0.3071
vn -0.252 -0.9134 0.2992
vn 0.3465 -0.9055 0.2047
vn -0.3228 -0.9213 0.2047
vn -0.1575 -0.9134 0.3622
vn -0.7874 -0.3858 0.4724
vn 0.4016 -0.9055 0.1102
vn -0.6378 -0.3701 0.6693
vn -0.4961 0 0.8661
vn -0.8504 0 0.5197
vn -0.4409 -0.3858 0.8031
vn -0.2441 0 0.9606
vn -0.874 -0.3858 0.2677
vn -0.9606 0 0.2677
vn -0.2126 -0.378 0.8976
vn -0.0866 -0.9055 0.4016
vn 0 -0.9055 0.4173
vn -0.0157 -0.378 0.9213
vn 0.2283 0 0.9685
vn 0.1102 -0.9055 0.4016
vn 0.1811 -0.9055 0.3701
vn 0.2362 -0.3543 0.8976
vn 0.4961 0 0.8661
vn 0.4646 -0.3622 0.8031
vn 0.6693 0 0.7323
vn 0.8346 0 0.5433
vn 0.8031 -0.3622 0.4646
vn 0.9528 0 0.2913
vn 0.8898 -0.3543 0.2598
vn 0.9685 0 -0.2283
vn 0.8976 -0.3543 -0.2283
vn 0.8661 0 -0.4961
vn -0.378 -0.9134 0.1102
vn 0.8189 -0.3543 -0.4331
vn -0.3937 -0.9134 0
vn -0.874 -0.3858 -0.2677
vn 0.4252 -0.8976 -0.0866
vn -0.3937 -0.9055 -0.0866
vn -0.7874 -0.3937 -0.4646
vn -0.8504 0 -0.5197
vn 0.3701 -0.9055 -0.1811
vn -0.3228 -0.9213 -0.2047
vn 0.3071 -0.9055 -0.2756
vn -0.252 -0.9134 -0.2992
vn -0.4409 -0.3858 -0.8031
vn -0.4961 0 -0.8661
vn 0.5433 0 -0.8346
vn 0.2047 -0.9055 -0.3465
vn 0.5197 -0.3701 -0.7638
vn -0.1575 -0.9134 -0.3622
vn -0.2126 -0.378 -0.8976
vn -0.252 0 -0.9606
vn 0.2598 -0.3622 -0.8898
vn 0.1339 -0.9055 -0.3858
vn 0.0157 -0.9134 -0.4016
vn -0.0866 -0.9055 -0.3937
vn 0 0.9921 -0.0315
vn -0.0157 0.9921 -0.0157
vn -0.685 0.2283 0.685
vn -0.3543 0.2362 0.8976
vn 0 0.2283 0.9685
vn -0.8898 0.2362 0.378
vn 0.3307 0.2598 0.9055
vn -0.9685 0.2283 -0.0157
vn 0.6693 0.252 0.6929
vn -0.8976 0.2126 -0.3701
vn 0.8661 0.2677 0.4173
vn -0.6772 0.1969 -0.7008
vn 0.9606 0.252 0.0157
vn -0.3465 0.2047 -0.9055
vn 0.8976 0.2362 -0.3543
vn 0 0.2047 -0.9764
vn 0.685 0.2283 -0.685
vn 0.378 0.2362 -0.8898
vn -0.0315 0.9921 0.0079
vn 0.9685 0.2283 0.0157
vn 0.9685 0.2283 -0.0157
vn 0.9843 0.126 -0.0157
vn 0.8425 0.5276 0.0157
vn 0.5984 0.7953 0
vn 0.3701 0.9213 0
vn 0.622 0.7795 0
vn 0.189 0.9764 0.0157
vn 0.378 0.9213 -0.0157
vn 0.1417 0.9843 0
vn 0.0315 0.9921 -0.0157
vn 0.1417 0.9843 -0.0157
vn 0.0472 0.9921 -0.0157
vn 0.0157 0.9921 -0.0157
vn -0.1811 0.9764 0
vn -0.2205 0.9685 0
vn 0.1654 0.9843 -0.0157
vn 0.1024 0.9921 0.0315
vn 0.378 0.9213 0.0157
vn 0.6063 0.7874 0.0157
vn 0.4252 0.8976 0.0157
vn 0.9606 0.1417 0.2047
vn 0.7244 0.1181 0.6772
vn 0.6929 0.1654 0.6929
vn 0.8346 0.5197 0.1417
vn 0.748 0.4252 0.5039
vn 0.4252 0.5906 0.6772
vn 0.5669 0.7953 0.1969
vn -0.7008 0.0709 0.7008
vn -0.7795 0.0945 0.6142
vn -0.685 0.315 0.6535
vn -0.8346 0.0866 0.5276
vn -0.7402 0.3701 0.5512
vn -0.7874 0.3858 0.4724
vn -0.8661 0.3701 0.315
vn -0.6614 0.6614 0.3465
vn -0.9685 0.0945 0.1969
vn -0.8976 0.378 0.2126
vn -0.6929 0.6693 0.252
vn -0.9921 0.1024 -0.0157
vn -0.9055 0.1102 -0.4016
vn -0.8504 0.378 -0.3465
vn -0.6457 0.1181 -0.748
vn -0.2441 0.1024 -0.9606
vn -0.6457 0.4016 -0.6457
vn -0.7087 0.6614 -0.2283
vn -0.7244 0.6772 0.0236
vn 0.2756 0.126 -0.9449
vn -0.3228 0.4016 -0.8504
vn -0.5354 0.7008 -0.4567
vn -0.4646 0.8661 -0.1417
vn 0.4331 0.1102 -0.8898
vn 0.1339 0.4409 -0.8819
vn -0.2047 0.9213 -0.315
vn 0.0394 0.7559 -0.6457
vn 0.3307 0.4252 -0.8346
vn 0.1732 0.7638 -0.6142
vn 0.0945 0.1339 -0.9843
vn -0.3386 -0.7087 -0.6063
vn -0.5039 -0.4252 -0.748
vn -0.5827 -0.1417 -0.7953
vn -0.9921 0 -0.063
vn -0.9843 -0.126 -0.0551
vn -0.937 0 -0.3465
vn -0.8898 -0.4409 0.063
vn -0.9291 -0.1339 -0.3307
vn -0.7323 0 -0.6693
vn -0.7323 -0.0866 -0.6614
vn -0.7087 -0.3386 -0.6063
vn -0.6772 -0.7244 0.0709
vn -0.7165 -0.6929 -0.0394
vn -0.7008 -0.6457 -0.2835
vn -0.5748 -0.5433 -0.5984
vn -0.4331 -0.6693 -0.5906
vn -0.5118 -0.7953 -0.3071
vn -0.3701 -0.6929 -0.6063
vn -0.4488 -0.8346 -0.2992
vn -0.2835 -0.748 -0.5906
vn -0.5433 -0.8346 -0.0394
vn -0.3386 -0.8898 -0.2835
vn -0.063 -0.7874 -0.6063
vn -0.4882 -0.8661 -0.0394
vn -0.4724 -0.874 0.063
vn -0.6457 -0.7559 0.0394
vn -0.3622 -0.9213 0.0551
vn -0.4331 -0.8898 0.0394
vn -0.3543 -0.9291 -0.0394
vn -0.1496 -0.9843 0.0551
vn -0.0709 -0.9921 0.0472
vn -0.0866 -0.9921 -0.0315
vn -0.126 -0.9449 -0.2756
vn 0.0394 -0.9528 -0.2835
vn -0.0157 -0.9921 0.063
vn 0.0315 -0.9921 0.063
vn 0.126 -0.9843 -0.0315
vn 0.0157 -0.9921 0.063
vn 0.1496 -0.9449 -0.2835
vn 0.1417 -0.7953 -0.5748
vn 0.1732 -0.9764 0.0551
vn 0.3858 -0.874 -0.2677
vn 0.3386 -0.7323 -0.5748
vn 0.378 -0.9213 -0.0394
vn 0.3858 -0.9134 0.063
vn 0.5433 -0.8346 0
vn 0.5039 -0.811 -0.2756
vn 0.4331 -0.6693 -0.5906
vn 0.5669 -0.7717 -0.2756
vn 0.4882 -0.6535 -0.5669
vn 0.5984 -0.7953 0
vn 0.7402 -0.6142 -0.252
vn 0.6299 -0.5197 -0.5748
vn 0.748 -0.3071 -0.5748
vn 0.748 -0.6535 -0.0236
vn 0.8898 -0.3622 -0.2598
vn 0.7717 -0.063 -0.6299
vn 0.9528 -0.1024 -0.2756
vn 0.7638 0.0157 -0.6299
vn 0.9528 0.0157 -0.2992
vn 0.9921 0 -0.0315
vn 0.9921 0 0.0472
vn 0.8976 -0.4252 0.0866
vn 0.7008 -0.7008 0.0709
vn 0.811 -0.2756 -0.5039
vn 0.4961 -0.8583 0.063
vn 0.6535 -0.748 0.0236
vn 0.6772 -0.7244 0.0236
vn 0.4803 -0.8661 0.0866
vn 0.8031 -0.5591 -0.1654
vn 0.4331 -0.8898 0.0394
vn 0.4094 -0.9055 0.0394
vn 0.4488 -0.8819 0.0157
vn 0.4409 -0.8898 0
vn 0.0866 -0.9921 0.0472
vn 0.3386 -0.9291 0.0866
vn 0 -0.9921 0.0472
vn 0.0709 -0.9921 0.0866
vn -0.0472 -0.9921 0.0866
vn 0 -0.9921 0.1024
vn 0.0787 -0.9606 0.2441
vn 0.3228 -0.9213 0.2047
vn 0.315 -0.8661 0.3701
vn 0.4567 -0.8346 0.2992
vn 0.4724 -0.874 0.063
vn 0.2126 -0.9685 0.0551
vn 0.2441 -0.9606 0
vn 0.2913 -0.9449 -0.0787
vn 0.0472 -0.9921 -0.0866
vn 0.6693 -0.7402 -0.0394
vn -0.1102 -0.937 -0.3228
vn 0.5118 -0.7953 -0.3071
vn -0.063 -0.9213 -0.3622
vn 0.1732 -0.7638 -0.6142
vn 0.3701 -0.5827 -0.7165
vn -0.0157 -0.9134 -0.4016
vn 0 -0.6929 -0.7165
vn 0.1181 -0.5433 -0.8268
vn 0.1654 -0.1654 -0.9685
vn 0.0866 -0.9921 -0.0709
vn 0.2441 -0.1024 -0.9606
vn 0.0866 -0.4488 -0.8819
vn 0.2677 -0.4173 -0.8583
vn 0.4409 -0.3858 -0.8031
vn 0.6142 -0.0866 -0.7795
vn 0.6063 -0.3386 -0.7087
vn 0.748 -0.063 -0.6535
vn 0.252 -0.7165 -0.6378
vn 0.4252 -0.7008 -0.5591
vn 0.0866 -0.7087 -0.685
vn 0.2362 -0.8976 -0.3543
vn 0.1575 -0.8976 -0.3858
vn 0.1496 -0.9843 -0.0709
vn 0.3386 -0.8898 -0.2835
vn 0.2126 -0.9685 -0.0551
vn 0.2362 -0.9685 -0.0551
vn 0.3937 -0.8661 -0.2913
vn 0.7323 -0.3386 -0.5748
vn 0.6457 -0.622 -0.4252
vn 0.1732 -0.9764 0.0709
vn 0.4882 -0.8346 -0.2205
vn 0.1496 -0.9764 0.0945
vn 0.0866 -0.9843 0.0866
vn 0.2047 -0.9055 0.3465
vn 0.2362 -0.8976 0.3543
vn 0.1654 -0.7165 0.6693
vn 0.1339 -0.9843 0.0945
vn 0.2598 -0.9606 -0.0315
vn 0.0394 -0.937 0.3307
vn 0.0394 -0.7559 0.6457
vn 0.1575 -0.4173 0.8898
vn 0.7087 -0.6063 -0.3386
vn 0.4961 -0.8504 -0.1417
vn 0.8031 -0.3622 -0.4646
vn 0.6929 -0.6693 -0.252
vn 0.5039 -0.8504 -0.0866
vn 0.2913 -0.9528 0
vn 0.8189 -0.0866 -0.5591
vn 0.8346 -0.378 -0.378
vn 0.8819 -0.0866 -0.4488
vn 0.7165 -0.6693 -0.1732
vn 0.8976 -0.378 -0.2047
vn 0.748 -0.6535 -0.063
vn 0.9134 -0.378 -0.1102
vn 0.9843 -0.0945 -0.0866
vn 0.2677 -0.9606 0
vn 0.4882 -0.8661 0.0394
vn 0.7244 -0.6772 0.0709
vn 0.9213 -0.3701 0.0787
vn 0.9843 -0.0866 0.0866
vn 0.8819 -0.0866 0.4488
vn 0.8346 -0.378 0.378
vn 0.6142 -0.0945 0.7795
vn 0.7008 -0.6457 0.2835
vn 0.6378 -0.3701 0.6693
vn 0.2441 -0.1024 0.9606
vn -0.252 -0.126 0.9528
vn 0.3228 -0.3937 0.8504
vn 0.5433 -0.6772 0.4882
vn 0.4724 -0.8583 0.1654
vn -0.4016 -0.1102 0.9055
vn -0.1339 -0.4409 0.8819
vn 0.315 -0.7087 0.622
vn 0.2205 -0.9685 0.0787
vn 0.0157 -0.937 0.3228
vn -0.1417 -0.7559 0.6299
vn -0.0394 -0.7559 0.6457
vn -0.2992 -0.4252 0.8504
vn -0.1575 -0.4488 0.874
vn -0.2283 -0.1181 0.9606
vn -0.0709 -0.126 0.9843
vn 0.1102 -0.0945 0.9843
vn 0.5512 0.0157 0.8268
vn 0.5669 -0.1181 0.811
vn 0.4961 -0.3937 0.7638
vn 0.3701 -0.6614 0.6378
vn 0.1575 -0.9134 0.3622
vn 0.5433 -0.5748 0.5984
vn 0.2756 -0.7874 0.5354
vn 0.5197 -0.6535 0.5433
vn 0 -0.937 0.3386
vn 0.0472 -0.9921 0.0866
vn -0.0394 -0.9449 0.3071
vn 0.0551 -0.9685 0.2126
vn 0.1654 0.7638 0.6142
vn 0.252 0.7638 -0.5827
vn -0.0236 0.748 0.6535
vn 0.3071 0.2835 0.9055
vn 0.622 0.315 0.7087
vn 0 0.2441 0.9606
vn -0.3543 0.2598 0.8898
vn 0.4173 0.7874 0.4409
vn 0.8504 0.3228 0.3937
vn 0.4488 0.7638 -0.4488
vn 0.5591 0.7874 0.252
vn 0.937 0.3228 0.0157
vn 0.5591 0.7874 -0.252
vn 0.6693 0.2835 -0.6772
vn 0.8661 0.3228 -0.3701
vn 0.3622 0.2598 -0.8898
vn 0 0.2205 -0.9685
vn -0.3543 0.2362 -0.8976
vn -0.2283 0.7559 0.6063
vn -0.6457 0.2835 0.7008
vn -0.252 0.7402 -0.6142
vn -0.6693 0.252 -0.6929
vn -0.4488 0.7638 0.4488
vn -0.8819 0.2913 0.3622
vn -0.4488 0.748 -0.4803
vn -0.8661 0.2913 -0.3937
vn -0.5827 0.7638 0.252
vn -0.9449 0.2992 -0.0157
vn -0.5669 0.7717 -0.2756
vn -0.6299 0.7717 -0.0236
vn 0.126 0.0157 -0.9843
vn -0.9055 0 -0.4173
vn -0.9685 -0.0157 0.2283
vn 0.9921 0.0157 0.0472
vn 0.9921 0.0157 0.063
vn 0.9921 0 0.0236
vn 0.9921 0 0
vn 0.9921 0 0.063
vn 0.9921 0 0.1181
vn 0.9606 0 0.2441
vn 0.4961 0.252 0.8268
vn 0.1417 0.2283 0.9528
vn 0.7638 0.252 0.5827
vn -0.2205 0.2205 0.9449
vn -0.5512 0.2205 0.7953
vn 0.9528 0.2283 -0.1496
vn -0.8189 0.2205 0.5197
vn 0.8268 0.2441 -0.4961
vn -0.9606 0.2126 0.1654
vn 0.5591 0.252 -0.7874
vn -0.9449 0.2126 -0.2205
vn 0.2441 0.2441 -0.9291
vn -0.7795 0.2205 -0.5748
vn -0.1654 0.2126 -0.9606
vn -0.5197 0.2205 -0.8189
vn 0 0.811 -0.5748
vn -0.0236 0.7717 0.6299
vn 0.2205 0.8189 -0.5197
vn 0.0157 0.4016 -0.9134
vn 0.378 0.8346 -0.378
vn 0.8031 0.4882 -0.3307
vn 0.189 0.811 0.5433
vn 0.4803 0.8504 -0.189
vn 0.3858 0.8189 0.4094
vn 0.5669 0.4567 0.6772
vn 0.7795 0.4961 0.3622
vn 0 0.3465 0.937
vn 0.4724 0.8425 0.2441
vn 0.5276 0.8425 0.0157
vn -0.2205 0.7953 0.5512
vn -0.622 0.4252 0.6457
vn -0.2205 0.8031 -0.5512
vn -0.4094 0.8031 0.4173
vn -0.8031 0.4646 0.3622
vn -0.4094 0.8189 -0.378
vn -0.8031 0.4646 -0.3622
vn -0.4961 0.8268 0.252
vn -0.874 0.4803 0.0157
vn -0.5118 0.8268 -0.1969
vn -0.5512 0.8268 0.0157
vn -0.3701 0 0.9213
vn -0.3701 0 -0.9213
vn -0.9921 -0.0157 0.0079
vn -0.9606 0.1654 -0.2126
vn -0.9921 -0.0157 -0.063
vn -0.8268 0.5433 -0.1181
vn -0.9055 0.4016 0.0866
vn -0.5118 0.7953 -0.3071
vn -0.6299 0.7717 -0.063
vn -0.9921 0.1102 -0.0551
vn -0.9291 -0.0157 -0.3543
vn -0.8976 0.4173 0.063
vn -0.937 0.1102 -0.3228
vn -0.7244 -0.0157 -0.6772
vn -0.748 0.063 -0.6535
vn -0.874 0.3622 -0.2913
vn -0.7244 0.3071 -0.5984
vn -0.7008 0.7008 0.0709
vn -0.748 0.6535 -0.0236
vn -0.7402 0.6142 -0.252
vn -0.5984 0.5197 -0.5984
vn -0.4567 0.6535 -0.5984
vn -0.4016 0.6693 -0.6142
vn -0.4803 0.811 -0.2992
vn -0.3386 0.7323 -0.5748
vn -0.5827 0.8031 -0.0157
vn -0.4961 0.8583 0.063
vn -0.3858 0.874 -0.2677
vn -0.0866 0.7795 -0.6142
vn -0.5433 0.8346 -0.0394
vn -0.4803 0.8661 0.0866
vn -0.6693 0.7323 0.0394
vn -0.3858 0.9134 0.063
vn -0.6929 0.7165 0.0394
vn -0.315 0.9449 -0.063
vn -0.4646 0.8819 0.0394
vn -0.4409 0.8898 0
vn -0.0551 0.9764 -0.189
vn -0.2283 0.9685 -0.0157
vn 0.0551 0.9606 -0.2362
vn 0 0.9449 -0.315
vn -0.0866 0.9921 -0.0709
vn -0.1575 0.9134 -0.3622
vn -0.1732 0.9764 -0.0709
vn -0.2362 0.9685 0.0394
vn -0.0315 0.9921 0.1024
vn -0.0551 0.9921 0.1024
vn -0.1339 0.9843 0.0945
vn -0.1732 0.9764 0.0551
vn -0.0157 0.9921 0.063
vn -0.126 0.9843 -0.0315
vn -0.0709 0.9921 0.0866
vn -0.0157 0.9921 0.0472
vn 0 0.9921 0.0787
vn 0 0.9921 0.063
vn 0 0.9921 0.1024
vn 0.0315 0.9921 0.1024
vn 0.1496 0.9843 0.0551
vn 0.0394 0.9606 0.2598
vn 0 0.9606 0.2441
vn 0.063 0.9134 0.3858
vn 0.2835 0.748 0.5906
vn 0.2913 0.8819 0.3622
vn 0.2913 0.9291 0.2047
vn 0.4252 0.8504 0.2913
vn 0.4016 0.9055 0.1102
vn 0.4488 0.8425 0.2677
vn 0.7244 0.5354 0.4252
vn 0.9134 0.1811 0.3465
vn 0.685 0.685 0.2205
vn 0.9055 0.3307 0.2598
vn 0.9921 0.0551 0.1024
vn 0.9921 0.0315 0.1024
vn 0.9843 0.0866 0.0866
vn 0.8898 0.4331 0.1102
vn 0.6378 0.7559 0.0945
vn 0.8898 0.4409 0.063
vn 0.9843 0.126 0.0315
vn 0.6772 0.7244 0.0236
vn 0.8976 0.4252 0.0157
vn 0.937 0.1969 0.2598
vn 0.6929 0.7165 0
vn 0.8031 0.5591 0.1732
vn 0.2913 0.9449 0.0787
vn 0.4094 0.9055 0.0394
vn 0.6142 0.7795 0.0945
vn 0.4331 0.8346 0.3228
vn 0.4409 0.8898 0.063
vn 0.0394 0.9685 0.2126
vn 0.189 0.9764 0.0551
vn 0.4173 0.9055 0
vn 0.2205 0.9685 0
vn 0.3858 0.9213 0.0394
vn 0.3622 0.9213 0.0551
vn 0.0315 0.9921 -0.0866
vn 0.2677 0.9528 -0.0787
vn -0.1496 0.937 -0.3071
vn -0.063 0.9449 0.3071
vn 0 0.937 0.3386
vn 0.0709 0.9921 0.0866
vn 0.252 0.8031 0.5276
vn -0.1102 0.9213 -0.3465
vn 0.0709 0.9921 -0.0709
vn 0.4882 0.6772 0.5433
vn 0.5197 0.5984 0.5984
vn 0.5512 0.1417 0.8189
vn 0.4724 0.4173 0.7638
vn 0.3386 0.685 0.6299
vn 0.2047 0.9055 0.3465
vn 0.1102 0.4331 0.8898
vn 0.1417 0.7323 0.6614
vn 0.1339 0.9843 0.0945
vn 0.1811 0.9134 0.3465
vn 0.126 0.9843 -0.0709
vn 0.0945 0.1102 0.9843
vn 0.1496 0.9843 0.0709
vn -0.0945 0.1102 0.9843
vn -0.063 0.4409 0.8898
vn 0 0.7559 0.6457
vn -0.2441 0.1024 0.9606
vn -0.189 0.4252 0.8819
vn -0.063 0.748 0.6535
vn 0.1102 0.9843 0.0945
vn -0.0157 0.937 0.3228
vn 0.2126 0.9685 -0.0551
vn 0.2362 0.9685 -0.0394
vn 0.189 0.9764 -0.0551
vn 0.3622 0.874 -0.2913
vn 0.3071 0.9055 -0.2756
vn 0.2047 0.9055 -0.3465
vn 0.4409 0.8583 -0.2441
vn 0.5118 0.6772 -0.5118
vn 0.622 0.6457 -0.4252
vn 0.6929 0.3701 -0.6063
vn 0.685 0.6299 -0.3386
vn 0.4646 0.8661 -0.1417
vn 0.4724 0.8661 -0.0866
vn 0.2677 0.9606 0
vn 0.6929 0.6929 -0.1732
vn 0.5039 0.8583 -0.0157
vn 0.2441 0.9606 0
vn 0.1969 0.9764 0.0787
vn 0.4646 0.8819 0.0394
vn 0.7244 0.6772 -0.0709
vn 0.1575 0.9134 0.3622
vn 0.4488 0.874 0.1575
vn 0.7008 0.7008 0.0709
vn 0.6772 0.6772 0.2835
vn 0.874 0.4094 -0.2441
vn 0.9055 0.4016 -0.1102
vn 0.9055 0.4016 0.0866
vn 0.5118 0.7008 0.4803
vn 0.8189 0.4094 -0.378
vn 0.252 0.7165 0.6378
vn 0.7638 0.3937 -0.5039
vn 0.811 0.1181 -0.5669
vn 0.874 0.1102 -0.4567
vn 0.937 0.126 -0.2992
vn 0.9764 0.1181 -0.1339
vn 0.9843 0.1102 0.1102
vn 0.8583 0.1102 0.4882
vn 0.8031 0.4094 0.4173
vn 0.5906 0.1181 0.7874
vn 0.2283 0.1181 0.9606
vn 0.2677 0.4173 0.8583
vn -0.2756 0.1024 0.9528
vn -0.4252 0.0866 0.8976
vn -0.3228 0.3937 0.8504
vn -0.0394 0.7323 0.6693
vn -0.1654 0.7402 0.6457
vn -0.3465 0.378 -0.8504
vn -0.6929 0.3701 -0.6063
vn 0.3858 0.4094 -0.8189
vn -0.4646 0.8031 -0.3622
vn -0.5906 0.7874 -0.1654
vn 0.2441 0.8268 -0.4961
vn 0.6693 0.4016 -0.6142
vn -0.6142 0.7795 0.0394
vn -0.9291 0.3465 0.0157
vn -0.8504 0.3228 0.3937
vn -0.5591 0.7717 0.2835
vn -0.4252 0.748 0.5039
vn -0.2283 0.7323 0.6299
vn -0.0157 0.2992 0.9449
vn 0.1969 0.748 0.622
vn 0.4094 0.8189 -0.378
vn 0.8504 0.4016 -0.3228
vn 0.4173 0.7638 0.4724
vn 0.8346 0.3543 0.4094
vn 0.5591 0.8031 -0.1654
vn 0.5118 0.7953 0.3071
vn 0.5748 0.811 0.063
vn 0.9213 0.3858 0.0394
vn -0.6929 0.1654 0.6929
vn -0.8898 0.1811 0.4016
vn -0.3622 0.1575 0.9134
vn -0.8976 0.2362 -0.3543
vn -0.0157 0.1654 0.9843
vn -0.8898 0.2362 -0.3858
vn 0.3386 0.1811 0.9134
vn -0.3622 0.2598 -0.8898
vn 0.6535 0.1969 0.7244
vn 0 0.2913 -0.9528
vn 0.8661 0.2126 0.4331
vn 0.3937 0.2913 -0.8661
vn 0.9606 0.2598 0.0394
vn 0.9055 0.2598 -0.3307
vn -0.1181 0.2283 0.9606
vn -0.4646 0.2205 0.8504
vn 0.2205 0.2441 0.937
vn -0.9291 0.2283 0.2677
vn 0.5276 0.252 0.8031
vn -0.9606 0.2283 -0.126
vn 0.8268 0.252 0.4961
vn -0.8346 0.2205 -0.4882
vn 0.9528 0.2598 0.1496
vn -0.5748 0.2205 -0.7795
vn 0.937 0.2441 -0.2205
vn -0.2441 0.2205 -0.937
vn 0.7638 0.252 -0.5827
vn 0.126 0.252 -0.9528
vn 0.4961 0.2441 -0.8268
vn 0.6535 0.315 0.685
vn -0.0236 0.7244 0.6772
vn -0.0157 0.2283 0.9685
vn -0.252 0.7402 0.6142
vn -0.6772 0.2835 0.6693
vn -0.4173 0.7638 0.4724
vn 0.3858 0.7874 0.4724
vn -0.5591 0.7874 0.252
vn -0.8504 0.3465 0.3701
vn 0.8504 0.3465 0.3701
vn -0.5748 0.7795 -0.2205
vn -0.8346 0.378 -0.378
vn 0.5512 0.7953 -0.2205
vn -0.4409 0.7874 -0.4173
vn 0.4094 0.8031 -0.4094
vn -0.252 0.7874 -0.5591
vn -0.3622 0.2913 -0.8819
vn 0.252 0.7874 -0.5591
vn 0.3701 0.3228 -0.8661
vn 0 0.7795 -0.622
vn 0.4724 0.3937 -0.7874
vn 0.2677 0.3858 -0.874
vn 0 0.3701 -0.9213
vn -0.2362 0.3543 -0.8976
vn -0.0157 0.9134 -0.4016
vn 0.8031 0.3858 -0.4331
vn 0.1102 0.9134 -0.378
vn -0.1339 0.9055 -0.3858
vn -0.4646 0.3622 -0.8031
vn 0.1811 0.9134 -0.3386
vn -0.2047 0.9055 -0.3465
vn -0.8031 0.3622 -0.4646
vn 0.3386 0.9134 -0.1811
vn -0.3701 0.9055 -0.1811
vn -0.8898 0.3622 -0.2598
vn 0.3937 0.9055 -0.0866
vn -0.4252 0.8976 -0.0866
vn 0.8976 0.378 -0.2047
vn -0.4016 0.9134 0.0157
vn -0.8898 0.3543 0.2598
vn 0.874 0.3858 0.2677
vn 0.378 0.9134 0.1102
vn -0.4016 0.9055 0.1102
vn -0.8031 0.3622 0.4646
vn 0.3228 0.9213 0.2047
vn 0.7638 0.3937 0.4961
vn -0.6614 0.3386 0.6614
vn -0.3465 0.9055 0.2047
vn 0.6378 0.3701 0.6693
vn 0.252 0.9134 0.2992
vn -0.2835 0.9055 0.3071
vn -0.4646 0.3622 0.8031
vn 0.4094 0.378 0.8189
vn -0.2362 0.3543 0.8976
vn -0.1811 0.9055 0.3701
vn 0.1811 0.3701 0.9055
vn 0.0866 0.9055 0.4016
vn -0.1102 0.9055 0.4016
vn 0.9843 -0.1181 0.0157
vn 0.3701 -0.9213 0
vn 0.6299 -0.7717 0.0157
vn 0.4173 -0.9055 0
vn 0.3858 -0.9213 0.0394
vn 0.1654 -0.9843 0.0157
vn 0.3937 -0.9134 0
vn 0.4016 -0.9134 -0.0157
vn 0.9606 -0.189 0.1654
vn 0.9685 -0.1181 0.2047
vn 0.7087 -0.0945 0.685
vn 0.7323 -0.1417 0.6614
vn 0.8504 -0.4961 0.1417
vn 0.7638 -0.3937 0.4961
vn 0.4567 -0.5669 0.6772
vn 0.5984 -0.7717 0.1969
vn 0.2598 -0.1496 0.9528
vn 0.2047 -0.0157 0.9764
vn 0.0551 -0.189 0.9764
vn 0.2835 -0.6457 0.7008
vn 0.378 -0.8976 0.2126
vn 0.1181 -0.6772 0.7244
vn 0 -0.6929 0.7165
vn -0.0551 -0.2126 0.9685
vn -0.0945 -0.685 0.7087
vn -0.252 -0.6693 0.6929
vn -0.2362 -0.1654 0.9528
vn -0.2126 -0.0394 0.9685
vn -0.7165 -0.1654 0.6693
vn -0.7244 -0.1181 0.6772
vn -0.748 -0.4252 0.5039
vn -0.4252 -0.5906 0.6772
vn -0.8346 -0.5197 0.1417
vn -0.5984 -0.7717 0.1969
vn -0.3465 -0.9055 0.2047
vn -0.1181 -0.9606 0.2283
vn -0.378 -0.9213 0.0157
vn 0 -0.9685 0.2205
vn 0.1417 -0.9528 0.2283
vn 0 -0.9921 0.0079
vn 0.063 -0.9921 0.0157
vn -0.0472 -0.9921 0.0079
vn -0.189 -0.9764 0.0157
vn 0.2047 -0.9764 0.0157
vn 0 -0.9921 0.0236
vn -0.1417 -0.9843 0
vn -0.126 -0.9843 0.0315
vn -0.6063 -0.7874 0.0157
vn -0.3543 -0.9291 0.0394
vn -0.1417 -0.9843 -0.0157
vn -0.8346 -0.5354 0.0394
vn -0.378 -0.9213 -0.0157
vn -0.8425 -0.5276 -0.0157
vn -0.9685 -0.2283 -0.0157
vn -0.9843 -0.1417 0.0157
vn -0.9685 -0.2362 -0.0394
vn -0.9843 -0.126 -0.0315
vn -0.9606 -0.2126 0.1654
vn -0.9685 -0.1417 0.1811
vn -0.5827 -0.8031 -0.0157
vn -0.3465 -0.9291 -0.0157
vn -0.3465 -0.937 0
vn -0.1181 -0.9764 -0.1575
vn -0.1024 -0.9921 -0.0157
vn -0.1811 -0.9764 0
vn -0.1181 -0.9921 0
vn -0.063 -0.9921 0
vn -0.0315 -0.9921 -0.0157
vn 0.063 -0.9921 0
vn 0.0787 -0.9921 0
vn 0.0157 -0.9764 -0.189
vn 0.1417 -0.9843 0
vn 0.0394 -0.7402 -0.6693
vn 0.1654 -0.9685 -0.1575
vn 0.2205 -0.9685 0
vn 0.1575 -0.9843 0
vn 0.1654 -0.9843 -0.0157
vn 0.1811 -0.9764 0
vn -0.8898 -0.1811 0.4016
vn -0.8976 -0.1575 0.3937
vn -0.8504 -0.3465 0.3701
vn -0.9213 0.0157 0.3701
vn -0.8661 0.315 0.3701
vn -0.8976 0.1575 0.3937
vn -0.9055 0.1339 0.3858
vn -0.9134 -0.0157 0.4016
vn -0.9134 0.4016 -0.0157
vn -0.7717 0.6299 -0.0236
vn -0.937 0.3465 0
vn -0.7874 0.6063 -0.0236
vn -0.9055 -0.0394 0.4094
vn 0.8661 0.4961 0
vn 0.5669 0.1181 -0.8031
vn 0.5827 0.3701 -0.7165
vn 0.4567 0.1102 -0.874
vn 0.2283 0.126 -0.9606
vn 0.4094 0.4094 -0.8031
vn 0.3701 0.7165 -0.5827
vn 0.1575 0.1417 -0.9685
vn 0.7874 0.0157 -0.6063
vn 0.2441 0.4409 -0.8583
vn 0.2283 0.7323 -0.6299
vn 0.811 0.2756 -0.5039
vn 0.0866 0.5039 -0.8504
vn 0.063 0.7244 -0.6772
vn 0.0394 0.5906 -0.7953
vn 0.1339 0.9055 -0.3858
vn -0.0157 0.6772 -0.7244
vn 0.3386 0.6063 -0.7087
vn -0.0394 0.9055 -0.4094
vn 0.1417 0.7795 -0.6063
vn 0.7717 0.5984 -0.1969
vn 0.4803 0.811 -0.2992
vn 0.6378 0.7559 -0.0394
vn 0.6535 0.748 0.0236
vn 0.6142 0.7795 0.0394
vn 0.4488 0.8819 0.0866
vn 0.4724 0.874 0.063
vn 0.6772 0.7244 0.0709
vn 0.5591 0.8268 -0.0157
vn 0.7244 0.6772 -0.0157
vn 0.8819 0.4488 0.0866
vn 0.4724 0.8268 -0.2756
vn 0.8976 0.4252 -0.0157
vn 0.9921 0.0157 -0.0472
vn 0.9843 0.126 -0.0315
vn 0.7559 0 -0.6457
vn 0.7559 0.0866 -0.6378
vn 0.8898 0.378 -0.2362
vn 0.7323 0.3386 -0.5748
vn 0.7165 0.6378 -0.252
vn 0.5984 0.5433 -0.5748
vn 0.4567 0.6772 -0.5669
vn 0.5354 0.7874 -0.2756
vn 0.4016 0.6929 -0.5906
vn 0.3071 0.748 -0.5748
vn 0.3622 0.8898 -0.2598
vn 0.0866 0.7953 -0.5906
vn 0.3543 0.9291 -0.0394
vn 0.126 0.9449 -0.2756
vn 0 0.7953 -0.5984
vn 0.1024 0.9921 -0.0315
vn 0 0.9528 -0.2913
vn -0.0157 0.9921 -0.0315
vn -0.0315 0.9921 0.063
vn -0.1496 0.9449 -0.2835
vn -0.378 0.9213 -0.0394
vn 0.2362 0.1654 0.9528
vn 0.189 0.0315 0.9764
vn 0.0394 0.2126 0.9685
vn 0.2283 0.6614 0.7087
vn -0.0157 0.2047 0.9764
vn 0.3465 0.9055 0.2047
vn 0.0709 0.6772 0.7244
vn 0 0.1811 0.9764
vn -0.0315 0.189 0.9764
vn -0.0236 0.6772 0.7244
vn 0.1181 0.9606 0.2283
vn -0.0787 0.1969 0.9764
vn -0.1181 0.6772 0.7244
vn -0.2835 0.6457 0.7008
vn -0.2598 0.1496 0.9528
vn -0.2283 0.0157 0.9685
vn -0.7323 0.1417 0.6614
vn -0.7323 0.0945 0.6614
vn -0.4567 0.5669 0.6772
vn -0.8504 0.4961 0.1417
vn -0.622 0.748 0.1969
vn -0.378 0.8976 0.2126
vn -0.1417 0.9528 0.2283
vn -0.0157 0.9685 0.2283
vn -0.063 0.9921 0.0157
vn 0.0472 0.9921 0.0079
vn -0.2047 0.9764 0.0157
vn 0.126 0.9843 0.0315
vn -0.1417 0.9843 0.0315
vn -0.6299 0.7717 0.0157
vn -0.063 0.9921 0.0315
vn -0.1654 0.9843 0.0315
vn 0.0472 0.9921 0.0315
vn 0.1417 0.9843 0.0315
vn 0.2126 0.9685 0.0394
vn -0.2598 0.9606 0.0394
vn 0.2362 0.9685 0.0394
vn 0.2835 0.9528 0.0394
vn -0.2835 0.9528 0.0394
vn 0.3701 0.9213 0.0787
vn 0.3465 0.9291 0.0157
vn 0.4016 0.9134 -0.0157
vn 0.2756 0.9528 0.0157
vn 0.2283 0.9685 0.0157
vn 0.2047 0.9764 0.0157
vn 0.1417 0.9843 0.0157
vn 0.0315 0.9921 0.0315
vn -0.0472 0.9921 0.0315
vn -0.1417 0.9843 0.0157
vn -0.2283 0.9685 0.0157
vn -0.252 0.9606 0.0157
vn -0.2047 0.9764 0
vn -0.2992 0.9449 0.0157
vn -0.4016 0.9134 -0.0157
vn -0.252 0.9606 -0.0157
vn -0.3937 0.9134 0
vn -0.622 0.7795 0
vn -0.8583 0.5039 -0.0157
vn -0.9764 0.2047 0
vn -0.9843 0.1181 0.0157
vn -0.9764 0.2047 -0.0157
vn -0.9921 0.1024 -0.0315
vn -0.8504 0.5118 0.0394
vn -0.4488 0.8819 0.0157
vn -0.3307 0.937 0.0394
vn -0.3622 0.9213 0.0551
vn -0.9606 0.189 0.1654
vn -0.1575 0.0945 -0.9764
vn 0.0394 0.4567 -0.8819
vn 0.063 0.7717 -0.6299
vn -0.5984 0.1181 -0.7874
vn -0.9528 -0.0157 -0.2756
vn -0.0394 0.7559 -0.6457
vn -0.0394 0.9449 -0.3071
vn -0.0551 0.9449 -0.315
vn -0.2362 0.9685 -0.0394
vn -0.126 0.9843 -0.0709
vn -0.5039 0.8583 0.0157
vn -0.7323 0.6614 0.1417
vn -0.4961 0.8504 0.1417
vn -0.2441 0.9606 0.0787
vn -0.4803 0.8504 0.189
vn -0.6457 0.622 0.4331
vn -0.4724 0.8425 0.2441
vn -0.622 0.5984 0.4882
vn -0.4882 0.6535 0.5669
vn -0.3701 0.8661 0.315
vn -0.2835 0.8898 0.3307
vn -0.2205 0.9606 0.1024
vn -0.1969 0.9685 0.0945
vn -0.1732 0.9764 0.0945
vn -0.1496 0.9843 -0.0551
vn -0.1732 0.9764 -0.0551
vn -0.126 0.937 -0.2992
vn -0.189 0.9764 -0.0551
vn -0.2283 0.9134 -0.3228
vn -0.1969 0.7244 -0.6535
vn -0.2835 0.8898 -0.3386
vn -0.3701 0.6929 -0.6063
vn -0.5276 0.3937 -0.7402
vn -0.5748 0.5748 -0.5748
vn -0.252 0.8031 -0.5276
vn -0.5118 0.6772 -0.5118
vn -0.0551 0.9764 0.1654
vn 0 0.9764 0.1811
vn -0.1102 0.9764 0.1339
vn -0.1575 0.8976 0.3937
vn 0.0315 0.9843 0.1654
vn -0.1496 0.9843 0.0709
vn 0.0709 0.9843 0.1496
vn -0.3937 0.8976 0.1575
vn -0.4567 0.8189 0.3307
vn -0.3071 0.811 0.4803
vn -0.1181 0.811 0.5669
vn 0.063 0.811 0.5748
vn 0.1339 0.9055 0.3858
vn 0.2756 0.8268 0.4803
vn 0.3622 0.9134 0.1575
vn 0.5433 0.8268 0.1181
vn 0.5591 0.8189 -0.0866
vn 0.3858 0.9055 -0.1339
vn 0.126 0.9843 0.0709
vn 0.1496 0.9843 -0.0551
vn 0.1102 0.9843 -0.1102
vn 0.4488 0.8346 -0.2992
vn 0.0551 0.9843 -0.1496
vn 0.2992 0.8346 -0.4567
vn -0.0157 0.9843 -0.1654
vn 0.1181 0.8268 -0.5433
vn -0.1417 0.8189 -0.5512
vn -0.0709 0.9843 -0.1496
vn -0.2992 0.811 -0.4803
vn -0.1339 0.9764 -0.1102
vn -0.4094 0.8976 -0.1339
vn -0.5591 0.8189 -0.0866
vn -0.5669 0.811 0.1181
vn -0.5433 0.6299 0.5433
vn -0.2835 0.622 0.7244
vn -0.0236 0.6299 0.7638
vn 0 0.622 0.7795
vn -0.7087 0.622 0.315
vn 0.2283 0.6299 0.7323
vn -0.7717 0.6299 0.0157
vn 0.5197 0.6535 0.5433
vn -0.7087 0.6299 -0.315
vn 0.685 0.6535 0.315
vn -0.5433 0.6299 -0.5433
vn 0.748 0.6535 0.0236
vn -0.2835 0.622 -0.7244
vn 0.7008 0.6457 -0.2835
vn 0 0.6457 -0.7559
vn 0.5433 0.6535 -0.5197
vn 0.2835 0.6457 -0.7008
vn -0.1969 -0.2126 0.9528
vn -0.1811 -0.3701 0.9055
vn -0.189 -0.1654 0.9606
vn -0.2047 0 0.9764
vn -0.2126 0.1969 0.9528
vn -0.2047 0.3465 0.9055
vn -0.2047 0.1417 0.9606
vn 0.9921 0 0.0787
vn -0.5354 0.1654 -0.8189
vn -0.5276 0.1417 -0.8346
vn -0.3622 0.1575 -0.9134
vn -0.378 0.1102 -0.9134
vn -0.7953 0.3071 -0.5118
vn -0.1969 0.1024 -0.9685
vn -0.8031 0.2205 -0.5512
vn 0 0.1417 -0.9843
vn -0.874 0.2913 -0.3622
vn 0.3858 0.1339 -0.9055
vn 0.3937 0.1811 -0.8898
vn 0.5354 0.1654 -0.8189
vn -0.9055 0.3701 -0.1811
vn -0.7638 0.6142 -0.1654
vn 0.5433 0.1969 -0.811
vn 0.7717 0.3071 -0.5433
vn 0.8819 0.315 -0.3386
vn 0.8976 0.3937 -0.1575
vn 0.7953 0.5748 -0.1417
vn 0.874 0.4094 0.2362
vn 0.7717 0.5984 0.1969
vn 0.7874 0.4724 0.3858
vn 0.7874 0.252 0.5591
vn 0.7087 0.3386 0.6063
vn 0.6063 0.2283 0.7559
vn 0.4961 0.1417 0.8504
vn 0.5039 0.1654 0.8425
vn 0.1575 0.1181 0.9764
vn 0.1496 0.0945 0.9764
vn -0.0157 0.0866 0.9921
vn -0.1969 0.0787 0.9764
vn -0.3701 0.0866 0.9213
vn -0.5197 0.1417 0.8346
vn -0.6772 0.1969 0.7008
vn -0.6693 0.1654 0.7165
vn -0.7559 0.3071 0.5669
vn -0.7953 0.2205 0.5512
vn -0.7874 0.4724 0.3858
vn -0.8661 0.2913 0.3937
vn -0.748 0.622 0.1969
vn -0.8898 0.4016 0.1811
vn -0.8976 0.4252 0.0157
vn 0.5433 -0.8268 0.1181
vn -0.5118 -0.8425 0.1102
vn -0.9921 0 0.063
vn 0.9528 -0.1417 0.2283
vn 0.9528 -0.189 0.2126
vn 0.8976 -0.3543 0.2362
vn 0.8976 0.378 0.2126
vn 0.9449 0.2205 0.2126
vn 0.9449 0.1732 0.2598
vn -0.9921 0.0157 -0.0157
vn -0.9921 0.0315 -0.0157
vn -0.9921 0.0472 -0.0157
vn -0.8976 -0.378 -0.2047
vn -0.9449 -0.2126 -0.2205
vn -0.9606 -0.1654 -0.2126
vn -0.9685 0 -0.2283
vn -0.9528 -0.1732 -0.2362
vn -0.9528 0.189 -0.2126
vn -0.9055 0.3465 -0.2047
vn -0.8976 0.378 -0.2047
vn -0.9606 0.1417 -0.2047
vn -0.9528 0.1496 -0.2283
vn 0.0157 0.9921 0.1024
vn 0.2283 0.9291 0.2677
vn 0.1732 0.9291 0.315
vn 0.4488 0.748 0.4724
vn 0.5039 0.748 0.4252
vn 0.5906 0.748 0.2835
vn 0.7008 0.4567 0.5354
vn 0.8189 0.4331 0.3543
vn 0.8504 0.4646 0.2126
vn 0.8976 0.1575 0.3937
vn 0.7953 0.1417 0.5827
vn 0.6614 0.1417 0.7323
vn 0.622 0.4252 0.6457
vn 0.3386 0.7323 0.5748
vn 0.1024 0.9291 0.3465
vn 0.1969 0.7244 0.6535
vn 0.2992 0.4252 0.8504
vn 0.0709 0.7244 0.6772
vn 0.1575 0.4173 0.8898
vn -0.0157 0.9213 0.3701
vn -0.0866 0.9213 0.3701
vn -0.0157 0.4252 0.8976
vn 0.9921 0.0866 0.0315
vn 0.9921 0.1024 0.0315
vn 0.2598 -0.1969 -0.937
vn 0.2362 -0.3543 -0.8976
vn 0.252 -0.1496 -0.9528
vn 0.2441 0.2205 -0.937
vn 0.2362 0.378 -0.8898
vn 0.2362 0.1732 -0.9528
vn -0.1102 0.378 -0.9134
vn -0.0866 0 -0.9921
vn -0.1417 0.7795 -0.6063
vn 0 0.9685 -0.2283
vn -0.2913 0.3622 -0.8819
vn -0.2047 0 -0.9764
vn -0.1654 0.9606 -0.2126
vn -0.5669 0.2756 -0.7717
vn -0.4409 0.063 -0.8898
vn -0.8425 0.2677 -0.4488
vn -0.811 0.1181 -0.5669
vn -0.5669 0.6535 -0.4882
vn -0.7874 0.4646 -0.3858
vn -0.5748 0.811 -0.063
vn -0.9764 0.189 0.0157
vn -0.9843 0.126 -0.0551
vn -0.9449 0.2205 0.2126
vn -0.9843 0.0945 0.1339
vn -0.7953 0.5512 0.2205
vn -0.9685 0.2047 0.1181
vn -0.9843 0.0866 0.0866
vn -0.5197 0.8346 0.1417
vn -0.8346 0.5197 0.1417
vn -0.9685 0.1969 0.0945
vn -0.2913 0.9449 0.0787
vn -0.5591 0.8189 0.0866
vn -0.8504 0.5039 0.0866
vn -0.9764 0.0945 0.1575
vn -0.3071 0.9449 0.0394
vn -0.5748 0.811 0.063
vn -0.748 0.063 0.6535
vn -0.7559 0.1417 0.6299
vn -0.8583 0.4882 0.1102
vn -0.7638 0.4173 0.4724
vn -0.3465 0.9291 0.0157
vn -0.0472 0.9921 0.0079
vn 0.3071 0.9449 0.0394
vn 0.3228 0.937 0.0157
vn -0.1654 0.9843 0.0157
vn -0.0157 0.9764 0.1811
vn 0.1181 0.9685 0.1811
vn -0.1417 0.9685 0.1811
vn 0.315 0.9291 0.1811
vn 0.5748 0.7953 0.1417
vn 0.4646 0.6457 0.5984
vn 0.2362 0.1969 0.9449
vn 0.0394 0.2362 0.9685
vn -0.0394 0.2126 0.9685
vn -0.0787 0.2205 0.9685
vn -0.2835 0.7008 0.6457
vn -0.3386 0.9134 0.1811
vn -0.6063 0.7795 0.1417
vn -0.4646 0.622 0.622
vn -0.2598 0.1732 0.9449
vn 0.5748 -0.811 0.063
vn 0.748 -0.063 0.6535
vn 0.7559 -0.1417 0.6299
vn 0.7638 -0.4173 0.4724
vn 0.3465 -0.9291 0.0157
vn 0.1417 -0.9843 0.0157
vn -0.1417 -0.9606 -0.2047
vn -0.2913 -0.9291 -0.1969
vn -0.2677 -0.3858 -0.874
vn -0.1811 -0.0157 -0.9764
vn -0.5118 -0.6772 -0.5118
vn -0.5433 -0.3071 -0.7717
vn -0.4252 -0.0866 -0.8976
vn -0.8346 -0.2992 -0.4567
vn -0.7953 -0.1417 -0.5748
vn -0.7638 -0.4961 -0.3937
vn -0.5354 -0.8346 -0.0866
vn -0.9685 -0.2126 0.0394
vn -0.9843 -0.1496 -0.0551
vn -0.937 -0.2441 0.2205
vn -0.9764 -0.1181 0.1575
vn -0.7795 -0.5748 0.2283
vn -0.9528 -0.2283 0.1417
vn -0.9843 -0.1102 0.1102
vn -0.4961 -0.8504 0.1417
vn -0.8189 -0.5512 0.1417
vn -0.9606 -0.2205 0.1024
vn -0.2677 -0.9528 0.0787
vn -0.5276 -0.8346 0.0866
vn -0.8346 -0.5276 0.0866
vn -0.9685 -0.1181 0.1811
vn -0.2835 -0.9528 0.0394
vn -0.7323 -0.0945 0.6614
vn -0.7402 -0.1654 0.6457
vn -0.8425 -0.5118 0.1102
vn -0.748 -0.4488 0.4724
vn -0.5512 -0.8268 0.063
vn -0.315 -0.9449 0
vn -0.0315 -0.9921 0.0079
vn -0.5748 -0.7953 0.1417
vn -0.4252 -0.6457 0.622
vn -0.2362 -0.1969 0.9449
vn -0.0551 -0.2362 0.9606
vn -0.252 -0.7165 0.6378
vn -0.0157 -0.2283 0.9685
vn -0.315 -0.9291 0.1811
vn -0.0945 -0.7323 0.6614
vn 0.0157 -0.2047 0.9764
vn -0.1181 -0.9685 0.1811
vn 0.0551 -0.2126 0.9685
vn 0 -0.9764 0.1811
vn 0.1417 -0.9685 0.1811
vn 0.1181 -0.7244 0.6772
vn 0.3386 -0.9134 0.1811
vn 0.2835 -0.7008 0.6457
vn 0.6063 -0.7795 0.1417
vn 0.4882 -0.622 0.5984
vn 0.2598 -0.1732 0.9449
vn 0.937 -0.1496 -0.3071
vn 0.9291 -0.0157 -0.3543
vn 0.9291 0.0157 -0.3543
vn 0.9134 0.1811 -0.3386
vn 0.5591 -0.8189 -0.0866
vn 0.5827 -0.7953 -0.0866
vn -0.5118 -0.8425 -0.1102
vn -0.5433 -0.8268 -0.1181
vn -0.9764 0 -0.1811
vn 0.9843 0 -0.1654
vn 0.9764 -0.1339 0.1417
vn 0.9843 0 0.1417
vn 0.9685 -0.1811 0.1181
vn 0.9213 -0.3543 0.1339
vn 0.8976 0.3937 0.1575
vn 0.9606 0.2047 0.1417
vn 0.9685 0.1575 0.1654
vn -0.0157 0.9921 -0.0472
vn 0.9685 -0.2047 0.1181
vn 0.9528 0.2283 0.1417
vn 0.4803 -0.189 -0.8504
vn 0.4882 -0.0394 -0.8661
vn 0.4016 -0.3228 -0.8504
vn 0.1654 -0.0551 -0.9764
vn 0.1339 -0.0945 -0.9843
vn 0.3228 -0.4016 -0.8504
vn 0.2913 -0.3937 -0.8661
vn 0.1102 -0.0945 -0.9843
vn 0.0945 -0.1339 -0.9843
vn 0.2441 -0.4646 -0.8425
vn 0.0551 -0.126 -0.9843
vn 0.1102 -0.4882 -0.8583
vn 0.0394 -0.4882 -0.8661
vn 0.0315 -0.126 -0.9843
vn -0.0394 -0.4882 -0.8661
vn 0 -0.1417 -0.9843
vn -0.1654 -0.4724 -0.8583
vn -0.0315 -0.1417 -0.9843
vn -0.2126 -0.4016 -0.8819
vn -0.0472 -0.1102 -0.9921
vn -0.1024 0 -0.9921
vn -0.2362 -0.4094 -0.874
vn -0.3465 -0.3465 -0.8661
vn -0.0551 -0.126 -0.9843
vn -0.0709 -0.1102 -0.9843
vn -0.1102 -0.0709 -0.9843
vn -0.4016 -0.2126 -0.8819
vn -0.4173 -0.063 -0.9055
vn -0.3937 0 -0.9134
vn 0.4409 0.063 -0.8898
vn 0.4331 0.2126 -0.8661
vn 0.4016 0.3543 -0.8346
vn 0.1496 0.0709 -0.9843
vn 0.1102 0.1102 -0.9843
vn 0.2677 0.4173 -0.8583
vn 0.2362 0.4094 -0.874
vn 0.0945 0.1102 -0.9843
vn 0.0709 0.1496 -0.9843
vn 0.2205 0.4882 -0.8346
vn 0.0315 0.1417 -0.9843
vn 0.0157 0.5039 -0.8583
vn 0.0157 0.1417 -0.9843
vn -0.063 0.4724 -0.874
vn -0.0157 0.126 -0.9843
vn -0.189 0.4567 -0.8661
vn -0.0551 0.126 -0.9843
vn -0.2362 0.378 -0.8898
vn -0.0709 0.0866 -0.9921
vn -0.0866 -0.0157 -0.9921
vn -0.2677 0.3858 -0.874
vn -0.3701 0.3228 -0.8661
vn -0.0709 0.1102 -0.9843
vn -0.0945 0.0945 -0.9843
vn -0.126 0.0551 -0.9843
vn -0.4252 0.189 -0.8819
vn -0.4331 0.0394 -0.8976
vn -0.3622 -0.2598 -0.8898
vn -0.3307 -0.4252 -0.8346
vn -0.3465 -0.2047 -0.9055
vn -0.3386 -0.0551 -0.937
vn 0.4803 -0.811 -0.2992
vn -0.4252 -0.8346 -0.3228
vn -0.3701 0.1811 -0.9055
vn -0.378 0.0394 -0.9213
vn -0.3543 0.4016 -0.8346
vn -0.3543 0.0394 -0.9291
vn 0.9134 0 -0.3937
vn -0.8898 0 -0.4409
vn 0.3543 -0.8189 -0.4331
vn -0.2756 -0.8268 -0.4724
vn 0.8346 0 -0.5433
vn -0.811 0 -0.5748
vn 0.1417 -0.8346 -0.5197
vn -0.063 -0.8268 -0.5512
vn -0.0866 -0.8189 -0.5591
vn 0.6929 0 -0.7165
vn -0.5433 0 -0.8346
vn 0.3701 0 -0.9213
vn -0.315 0 -0.9449
vn -0.0157 0.4488 0.8819
vn 0.0866 0 -0.9921
vn -0.0472 0 -0.9921
vn 0.6535 -0.1969 0.7244
vn 0.685 -0.1417 0.7087
vn 0.6614 0.2283 0.7087
vn -0.6614 -0.2283 0.7087
vn -0.6142 -0.4016 0.6693
vn -0.6929 -0.1654 0.6929
vn -0.7087 0.1417 0.685
vn -0.0315 0.063 0.9921
vn -0.0787 -0.2205 0.9685
vn -0.0866 -0.3701 0.9213
vn -0.0945 -0.1732 0.9764
vn -0.0945 -0.1969 0.9685
vn -0.1339 0.3543 0.9213
vn -0.0945 0.1969 0.9685
vn -0.1181 0.1575 0.9764
vn -0.1181 0.1811 0.9685
# Converted from CSMC meshbin by CsmcAssetConverter
# source: knife_stiletto.mesh.meshbin
# source center: 0.1646937 0.05373552 2.242061
# source scale: 0.0932679
# Coordinates are preserved exactly as stored by CSMC.
# Basis conversion and mesh-normalization conjugation happen at runtime.
o weapon_hand_r
f 1/1/1 2/2/2 3/3/2
f 2/2/2 1/1/1 4/4/1
f 4/4/1 1/1/1 5/5/3
f 4/4/1 5/5/3 6/6/3
f 6/6/3 5/5/3 7/7/4
f 6/6/3 7/7/4 8/8/4
f 8/8/4 7/7/4 9/9/5
f 8/8/4 9/9/5 10/10/5
f 10/10/5 9/9/5 11/11/6
f 10/10/5 11/11/6 12/12/6
f 12/12/6 11/11/6 13/13/7
f 12/12/6 13/13/7 14/14/7
f 14/14/7 13/13/7 15/15/8
f 15/15/8 13/13/7 16/16/8
f 15/15/8 16/16/8 17/17/9
f 15/15/8 17/17/9 18/18/9
f 18/18/9 17/17/9 19/19/10
f 18/18/9 19/19/10 20/20/10
f 21/21/11 22/22/12 23/23/11
f 22/22/12 21/21/11 24/24/13
f 22/22/12 24/24/13 25/25/14
f 25/25/14 24/24/13 26/26/14
f 27/27/15 28/28/11 29/29/11
f 28/28/11 27/27/15 30/30/16
f 30/30/16 27/27/15 31/31/14
f 30/30/16 31/31/14 32/32/14
f 33/33/17 34/34/18 35/35/17
f 34/34/18 33/33/17 36/36/19
f 34/34/18 36/36/19 37/37/14
f 37/37/14 36/36/19 38/38/14
f 39/39/20 40/40/17 41/41/17
f 40/40/17 39/39/20 42/42/21
f 42/42/21 39/39/20 43/43/14
f 42/42/21 43/43/14 44/44/14
f 45/45/14 46/46/12 47/47/14
f 46/46/12 45/45/14 48/48/12
f 46/46/12 48/48/12 49/49/11
f 46/46/12 49/49/11 50/50/11
f 51/51/17 52/52/20 53/53/17
f 52/52/20 51/51/17 54/54/20
f 52/52/20 54/54/20 55/55/14
f 52/52/20 55/55/14 56/56/14
f 57/57/22 58/58/23 59/59/24
f 58/58/23 57/57/22 60/60/23
f 60/60/23 57/57/22 61/61/18
f 60/60/23 61/61/18 62/62/23
f 62/62/23 61/61/18 63/63/25
f 62/62/23 63/63/25 64/64/26
f 64/64/26 63/63/25 65/65/27
f 64/64/26 65/65/27 66/66/28
f 65/65/27 63/63/25 67/67/29
f 63/63/25 61/61/18 68/68/30
f 63/63/25 68/68/30 67/67/29
f 69/69/31 61/61/18 57/57/22
f 61/61/18 69/69/31 68/68/30
f 69/69/31 57/57/22 70/70/32
f 70/70/32 57/57/22 59/59/24
f 67/67/29 68/68/30 71/71/33
f 67/67/29 71/71/33 65/72/27
f 68/68/30 69/69/31 72/73/34
f 68/68/30 72/73/34 71/71/33
f 69/69/31 70/70/32 73/74/35
f 69/69/31 73/74/35 72/73/34
f 65/72/27 71/71/33 74/75/36
f 65/72/27 74/75/36 66/76/28
f 66/76/28 74/75/36 75/77/37
f 75/77/37 74/75/36 76/78/38
f 76/78/38 74/75/36 77/79/39
f 77/79/39 74/75/36 71/71/33
f 76/78/38 77/79/39 78/80/40
f 79/81/41 71/71/33 72/73/34
f 71/71/33 79/81/41 77/79/39
f 78/80/40 77/79/39 80/82/42
f 80/82/42 77/79/39 79/81/41
f 78/80/40 80/82/42 81/83/43
f 79/81/41 72/73/34 82/84/44
f 82/84/44 72/73/34 73/74/35
f 83/85/45 84/86/46 85/87/47
f 84/86/46 83/85/45 86/88/48
f 84/86/46 86/88/48 87/89/49
f 83/85/45 85/87/47 88/90/50
f 84/86/46 87/89/49 89/91/51
f 84/86/46 89/91/51 90/92/52
f 84/86/46 90/92/52 85/87/47
f 90/92/52 89/91/51 91/93/53
f 88/90/50 85/87/47 92/94/54
f 88/90/50 92/94/54 93/95/55
f 85/87/47 90/92/52 94/96/56
f 85/87/47 94/96/56 92/94/54
f 90/92/52 91/93/53 95/97/57
f 94/96/56 90/92/52 96/98/58
f 96/98/58 90/92/52 95/97/57
f 95/97/57 91/93/53 97/99/59
f 97/99/59 91/93/53 89/100/51
f 97/99/59 89/100/51 98/101/60
f 98/101/60 89/100/51 87/102/49
f 97/99/59 98/101/60 99/103/23
f 97/99/59 99/103/23 100/104/61
f 97/99/59 100/104/61 95/97/57
f 100/104/61 99/103/23 101/105/23
f 102/106/62 96/98/58 95/97/57
f 102/106/62 95/97/57 100/104/61
f 100/104/61 101/105/23 103/107/63
f 100/104/61 103/107/63 102/106/62
f 103/107/63 101/105/23 104/108/23
f 96/98/58 102/106/62 105/109/64
f 102/106/62 103/107/63 106/110/65
f 102/106/62 106/110/65 105/109/64
f 103/107/63 104/108/23 107/111/66
f 103/107/63 107/111/66 106/110/65
f 107/111/66 104/108/23 108/112/67
f 108/112/67 104/108/23 109/113/23
f 96/98/58 105/109/64 110/114/68
f 96/98/58 110/114/68 94/96/56
f 108/112/67 109/113/23 111/115/15
f 111/115/15 109/113/23 112/116/23
f 107/111/66 108/112/67 113/117/69
f 108/112/67 111/115/15 114/118/70
f 108/112/67 114/118/70 113/117/69
f 111/115/15 112/116/23 115/119/71
f 115/119/71 112/116/23 116/120/72
f 115/119/71 116/120/72 117/121/73
f 117/121/73 116/120/72 118/122/74
f 115/119/71 117/121/73 119/123/75
f 111/115/15 115/119/71 120/124/76
f 120/124/76 115/119/71 119/123/75
f 111/115/15 120/124/76 114/118/70
f 120/124/76 119/123/75 121/125/77
f 121/125/77 119/123/75 117/126/73
f 114/118/70 120/124/76 122/127/78
f 122/127/78 120/124/76 121/125/77
f 114/118/70 122/127/78 123/128/79
f 114/118/70 123/128/79 113/117/69
f 121/125/77 117/126/73 124/129/80
f 124/129/80 117/126/73 118/130/74
f 124/129/80 118/130/74 125/131/81
f 124/129/80 125/131/81 126/132/82
f 124/129/80 126/132/82 127/133/83
f 124/129/80 127/133/83 121/125/77
f 127/133/83 126/132/82 128/134/82
f 121/125/77 127/133/83 129/135/84
f 121/125/77 129/135/84 122/127/78
f 127/133/83 128/134/82 130/136/85
f 127/133/83 130/136/85 129/135/84
f 130/136/85 128/134/82 131/137/86
f 122/127/78 129/135/84 132/138/87
f 122/127/78 132/138/87 123/128/79
f 129/135/84 130/136/85 133/139/84
f 129/135/84 133/139/84 132/138/87
f 130/136/85 131/137/86 134/140/88
f 130/136/85 134/140/88 133/139/84
f 134/140/88 131/137/86 135/141/88
f 135/141/88 131/137/86 136/142/89
f 135/141/88 136/142/89 137/143/86
f 134/140/88 135/141/88 138/144/90
f 133/139/84 134/140/88 139/145/90
f 139/145/90 134/140/88 138/144/90
f 133/139/84 139/145/90 140/146/91
f 133/139/84 140/146/91 132/138/87
f 141/147/92 142/148/93 143/149/94
f 142/148/93 141/147/92 144/150/95
f 141/147/92 143/149/94 145/151/96
f 145/151/96 143/149/94 146/152/97
f 144/150/95 141/147/92 147/153/98
f 144/150/95 147/153/98 148/154/99
f 141/147/92 145/151/96 149/155/100
f 141/147/92 149/155/100 147/153/98
f 145/151/96 146/152/97 150/156/101
f 150/156/101 146/152/97 151/157/102
f 149/155/100 145/151/96 152/158/103
f 152/158/103 145/151/96 150/156/101
f 147/153/98 149/155/100 153/159/44
f 149/155/100 152/158/103 154/160/104
f 149/155/100 154/160/104 153/159/44
f 150/156/101 151/157/102 155/161/105
f 155/161/105 151/157/102 156/162/106
f 152/158/103 150/156/101 157/163/107
f 157/163/107 150/156/101 155/161/105
f 154/160/104 152/158/103 158/164/108
f 158/164/108 152/158/103 157/163/107
f 155/161/105 156/162/106 159/165/109
f 159/165/109 156/162/106 160/166/110
f 157/163/107 155/161/105 161/167/111
f 161/167/111 155/161/105 159/165/109
f 158/164/108 157/163/107 162/168/112
f 162/168/112 157/163/107 161/167/111
f 159/165/109 160/166/110 163/169/96
f 163/169/96 160/166/110 164/170/113
f 163/169/96 164/170/113 165/171/114
f 165/171/114 164/170/113 166/172/115
f 163/169/96 165/171/114 167/173/116
f 159/165/109 163/169/96 168/174/117
f 168/174/117 163/169/96 167/173/116
f 159/165/109 168/174/117 161/167/111
f 169/175/118 162/168/112 161/167/111
f 169/175/118 161/167/111 168/174/117
f 168/174/117 167/173/116 170/176/119
f 168/174/117 170/176/119 169/175/118
f 170/176/119 167/173/116 165/177/114
f 162/168/112 169/175/118 171/178/120
f 171/178/120 169/175/118 170/176/119
f 172/179/121 165/177/114 166/180/115
f 165/177/114 172/179/121 173/181/122
f 165/177/114 173/181/122 170/176/119
f 173/181/122 172/179/121 174/182/123
f 173/181/122 174/182/123 175/183/124
f 173/181/122 175/183/124 170/176/119
f 175/183/124 174/182/123 176/184/125
f 170/176/119 175/183/124 177/185/126
f 170/176/119 177/185/126 171/178/120
f 175/183/124 176/184/125 178/186/127
f 175/183/124 178/186/127 177/185/126
f 178/186/127 176/184/125 179/187/6
f 171/178/120 177/185/126 180/188/128
f 177/185/126 178/186/127 181/189/129
f 177/185/126 181/189/129 180/188/128
f 178/186/127 179/187/6 182/190/130
f 178/186/127 182/190/130 181/189/129
f 183/191/131 184/192/132 185/193/133
f 183/191/131 185/193/133 186/194/134
f 186/194/134 185/193/133 187/195/135
f 186/194/134 187/195/135 188/196/136
f 186/194/134 188/196/136 189/197/137
f 186/194/134 189/197/137 190/198/138
f 186/194/134 190/198/138 183/191/131
f 183/191/131 190/198/138 191/199/139
f 183/191/131 191/199/139 192/200/140
f 192/200/140 191/199/139 193/201/141
f 194/202/142 184/192/132 183/191/131
f 194/202/142 183/191/131 192/200/140
f 184/192/132 194/202/142 195/203/143
f 184/192/132 195/203/143 185/204/133
f 185/204/133 195/203/143 196/205/144
f 185/204/133 196/205/144 187/206/135
f 196/205/144 195/203/143 197/207/23
f 197/207/23 195/203/143 198/208/145
f 198/208/145 195/203/143 194/202/142
f 197/207/23 198/208/145 199/209/23
f 200/210/146 194/202/142 192/200/140
f 194/202/142 200/210/146 198/208/145
f 201/211/147 192/200/140 193/201/141
f 192/200/140 201/211/147 200/210/146
f 201/211/147 193/201/141 202/212/148
f 199/209/23 198/208/145 203/213/149
f 203/213/149 198/208/145 200/210/146
f 199/209/23 203/213/149 58/58/23
f 58/58/23 203/213/149 59/59/24
f 203/213/149 200/210/146 204/214/150
f 203/213/149 204/214/150 59/59/24
f 204/214/150 200/210/146 201/211/147
f 59/59/24 204/214/150 205/215/151
f 206/216/152 201/211/147 202/212/148
f 201/211/147 206/216/152 204/214/150
f 204/214/150 206/216/152 205/215/151
f 206/216/152 202/212/148 207/217/153
f 205/215/151 206/216/152 208/218/154
f 208/218/154 206/216/152 207/217/153
f 205/215/151 208/218/154 209/219/155
f 209/219/155 208/218/154 210/220/156
f 208/218/154 207/217/153 211/221/157
f 208/218/154 211/221/157 210/220/156
f 211/221/157 207/217/153 212/222/158
f 210/220/156 211/221/157 213/223/159
f 211/221/157 212/222/158 214/224/160
f 213/223/159 211/221/157 215/225/161
f 211/221/157 214/224/160 216/226/162
f 211/221/157 216/226/162 215/225/161
f 217/227/163 218/228/164 219/229/165
f 218/228/164 217/227/163 220/230/166
f 220/230/166 217/227/163 221/231/167
f 220/230/166 221/231/167 222/232/167
f 223/233/167 224/234/166 225/235/167
f 224/234/166 223/233/167 226/236/163
f 224/234/166 226/236/163 227/237/164
f 227/237/164 226/236/163 228/238/168
f 229/239/169 230/240/170 231/241/171
f 230/240/170 229/239/169 232/242/172
f 230/240/170 232/242/172 233/243/173
f 233/243/173 232/242/172 234/244/173
f 235/245/170 236/246/169 237/247/174
f 236/246/169 235/245/170 238/248/172
f 238/248/172 235/245/170 239/249/173
f 238/248/172 239/249/173 240/250/173
f 224/234/175 241/251/176 225/235/176
f 241/251/176 224/234/175 242/252/177
f 242/252/177 224/234/175 227/237/178
f 242/252/177 227/237/178 243/253/179
f 244/254/179 245/255/177 246/256/179
f 245/255/177 244/254/179 247/257/175
f 245/255/177 247/257/175 248/258/176
f 248/258/176 247/257/175 249/259/176
f 250/260/168 242/252/163 243/253/168
f 242/252/163 250/260/168 251/261/163
f 242/252/163 251/261/163 252/262/167
f 242/252/163 252/262/167 241/251/167
f 253/263/180 254/264/181 255/265/181
f 254/264/181 253/263/180 256/266/182
f 256/266/182 253/263/180 257/267/183
f 256/266/182 257/267/183 258/268/183
f 259/269/181 238/248/180 240/250/181
f 238/248/180 259/269/181 260/270/182
f 238/248/180 260/270/182 236/246/183
f 236/246/183 260/270/182 261/271/183
f 260/270/170 262/272/169 261/271/169
f 262/272/169 260/270/170 263/273/170
f 263/273/170 260/270/170 264/274/173
f 264/274/173 260/270/170 259/269/173
f 265/275/184 266/276/185 267/277/186
f 267/277/186 266/276/185 268/278/187
f 266/276/185 265/275/184 269/279/188
f 268/278/187 266/276/185 270/280/189
f 270/280/189 266/276/185 269/279/188
f 269/279/188 265/275/184 271/281/190
f 270/280/189 269/279/188 272/282/191
f 269/279/188 271/281/190 273/283/192
f 269/279/188 273/283/192 272/282/191
f 273/283/192 271/281/190 274/284/193
f 274/284/193 271/281/190 265/275/184
f 272/282/191 273/283/192 275/285/194
f 272/282/191 275/285/194 276/286/195
f 275/285/194 273/283/192 277/287/196
f 277/287/196 273/283/192 274/284/193
f 275/285/194 277/287/196 278/288/197
f 272/282/191 276/286/195 279/289/198
f 272/282/191 279/289/198 270/280/189
f 279/289/198 276/286/195 280/290/199
f 270/280/189 279/289/198 281/291/200
f 270/280/189 281/291/200 268/278/187
f 279/289/198 280/290/199 282/292/201
f 279/289/198 282/292/201 281/291/200
f 282/292/201 280/290/199 283/293/202
f 282/292/201 283/293/202 284/294/203
f 282/292/201 284/294/203 281/291/200
f 284/294/203 283/293/202 285/295/204
f 281/291/200 284/294/203 286/296/205
f 281/291/200 286/296/205 287/297/206
f 288/298/207 268/278/187 281/291/200
f 288/298/207 281/291/200 287/297/206
f 287/297/206 286/296/205 289/299/208
f 289/299/208 286/296/205 284/300/203
f 289/299/208 284/300/203 290/301/209
f 290/301/209 284/300/203 285/302/204
f 289/299/208 290/301/209 291/303/210
f 289/299/208 291/303/210 292/304/211
f 289/299/208 292/304/211 287/297/206
f 292/304/211 291/303/210 293/305/212
f 294/306/213 288/298/207 287/297/206
f 294/306/213 287/297/206 292/304/211
f 292/304/211 293/305/212 295/307/214
f 292/304/211 295/307/214 294/306/213
f 295/307/214 293/305/212 296/308/215
f 288/298/207 294/306/213 297/309/216
f 288/298/207 297/309/216 268/278/187
f 294/306/213 295/307/214 298/310/217
f 294/306/213 298/310/217 297/309/216
f 295/307/214 296/308/215 299/311/218
f 295/307/214 299/311/218 298/310/217
f 299/311/218 296/308/215 300/312/219
f 268/278/187 297/309/216 301/313/220
f 268/278/187 301/313/220 267/277/186
f 297/309/216 298/310/217 302/314/221
f 297/309/216 302/314/221 301/313/220
f 298/310/217 299/311/218 303/315/222
f 298/310/217 303/315/222 302/314/221
f 299/311/218 300/312/219 304/316/208
f 299/311/218 304/316/208 303/315/222
f 304/316/208 300/312/219 305/317/223
f 301/313/220 302/314/221 306/318/224
f 301/313/220 306/318/224 267/277/186
f 226/236/177 307/319/179 228/238/179
f 307/319/179 226/236/177 308/320/177
f 308/320/177 226/236/177 223/233/176
f 308/320/177 223/233/176 309/321/176
f 239/249/181 310/322/182 311/323/181
f 310/322/182 239/249/181 235/245/182
f 310/322/182 235/245/182 312/324/183
f 312/324/183 235/245/182 237/247/225
f 313/325/226 314/326/227 315/327/226
f 314/326/227 313/325/226 316/328/228
f 317/329/229 318/330/229 319/331/229
f 318/330/229 317/329/229 320/332/229
f 321/333/230 322/334/230 323/335/230
f 322/334/230 321/333/230 324/336/230
f 325/337/231 326/338/231 327/339/231
f 326/338/231 325/337/231 328/340/231
f 329/341/232 330/342/232 331/343/232
f 330/342/232 329/341/232 332/344/232
f 333/345/233 334/346/233 335/347/233
f 334/346/233 333/345/233 336/348/233
f 337/349/234 338/350/234 339/351/234
f 338/350/234 337/349/234 340/352/234
f 313/353/226 341/354/235 342/355/235
f 341/354/235 313/353/226 315/356/226
f 343/357/236 344/358/236 345/359/236
f 344/358/236 343/357/236 346/360/236
f 347/361/237 348/362/237 349/363/237
f 348/362/237 347/361/237 350/364/237
f 351/365/238 352/366/238 353/367/238
f 352/366/238 351/365/238 354/368/238
f 340/352/239 355/369/239 338/350/239
f 355/369/239 340/352/239 356/370/239
f 357/371/240 336/348/240 358/372/240
f 336/348/240 357/371/240 334/346/240
f 359/373/241 360/374/242 361/375/242
f 360/374/242 359/373/241 362/376/241
f 362/376/241 359/373/241 363/377/243
f 362/376/241 363/377/243 364/378/243
f 364/378/243 363/377/243 365/379/244
f 364/378/243 365/379/244 366/380/244
f 366/380/244 365/379/244 367/381/245
f 366/380/244 367/381/245 368/382/245
f 368/382/245 367/381/245 369/383/246
f 368/382/245 369/383/246 370/384/246
f 370/384/246 369/383/246 371/385/247
f 370/384/246 371/385/247 372/386/247
f 372/386/247 371/385/247 373/387/248
f 373/387/248 371/385/247 374/388/248
f 373/387/248 374/388/248 375/389/249
f 375/389/249 374/388/248 376/390/249
f 377/391/250 332/344/250 378/392/250
f 332/344/250 377/391/250 330/342/250
f 378/392/251 327/339/251 377/391/251
f 327/339/251 378/392/251 325/337/251
f 379/393/252 380/394/253 381/395/252
f 380/394/253 379/393/252 382/396/253
f 380/394/253 382/396/253 383/397/254
f 383/397/254 382/396/253 384/398/254
f 383/397/254 384/398/254 385/399/255
f 385/399/255 384/398/254 386/400/255
f 385/399/255 386/400/255 387/401/256
f 387/401/256 386/400/255 388/402/256
f 387/401/256 388/402/256 389/403/237
f 389/403/237 388/402/256 390/404/237
f 389/403/237 390/404/237 391/405/257
f 391/405/257 390/404/237 392/406/257
f 391/405/257 392/406/257 393/407/258
f 393/407/258 392/406/257 394/408/258
f 393/407/258 394/408/258 395/409/238
f 395/409/238 394/408/258 396/410/238
f 395/409/238 396/410/238 397/411/259
f 395/409/238 397/411/259 398/412/259
f 399/413/260 400/414/261 401/415/262
f 400/414/261 399/413/260 402/416/263
f 401/415/262 400/414/261 403/417/264
f 399/413/260 401/415/262 404/418/265
f 403/417/264 400/414/261 405/419/266
f 405/419/266 400/414/261 402/416/263
f 401/415/262 403/417/264 406/420/267
f 404/418/265 401/415/262 407/421/268
f 407/421/268 401/415/262 406/420/267
f 399/413/260 404/418/265 408/422/269
f 404/418/265 407/421/268 409/423/270
f 399/413/260 408/422/269 410/424/271
f 399/413/260 410/424/271 402/416/263
f 408/422/269 404/418/265 411/425/272
f 411/425/272 404/418/265 409/423/270
f 410/424/271 408/422/269 412/426/273
f 402/416/263 410/424/271 413/427/274
f 413/427/274 410/424/271 412/426/273
f 412/426/273 408/422/269 414/428/275
f 414/428/275 408/422/269 411/425/272
f 412/426/273 414/428/275 415/429/276
f 414/428/275 411/425/272 416/430/277
f 414/428/275 416/430/277 415/429/276
f 417/431/278 411/425/272 409/423/270
f 411/425/272 417/431/278 416/430/277
f 418/432/279 413/427/274 412/426/273
f 418/432/279 412/426/273 415/429/276
f 413/427/274 418/432/279 419/433/238
f 419/433/238 418/432/279 415/429/276
f 413/427/274 419/433/238 420/434/247
f 419/433/238 415/429/276 421/435/246
f 413/427/274 420/434/247 422/436/280
f 413/427/274 422/436/280 402/416/263
f 422/436/280 420/434/247 423/437/281
f 422/436/280 423/437/281 424/438/282
f 402/416/263 422/436/280 425/439/283
f 425/439/283 422/436/280 424/438/282
f 425/439/283 424/438/282 426/440/284
f 402/416/263 425/439/283 405/419/266
f 425/439/283 426/440/284 427/441/285
f 425/439/283 427/441/285 405/419/266
f 427/441/285 426/440/284 428/442/286
f 427/441/285 428/442/286 429/443/287
f 429/443/287 428/442/286 430/444/288
f 405/419/266 427/441/285 431/445/289
f 431/445/289 427/441/285 429/443/287
f 405/419/266 431/445/289 432/446/290
f 405/419/266 432/446/290 403/417/264
f 431/445/289 429/443/287 433/447/291
f 403/417/264 432/446/290 434/448/292
f 403/417/264 434/448/292 406/420/267
f 432/446/290 431/445/289 435/449/293
f 435/449/293 431/445/289 433/447/291
f 434/448/292 432/446/290 436/450/294
f 436/450/294 432/446/290 435/449/293
f 433/447/291 429/443/287 437/451/295
f 437/451/295 429/443/287 430/444/288
f 437/451/295 430/444/288 438/452/296
f 438/452/296 430/444/288 439/453/297
f 433/447/291 437/451/295 440/454/298
f 440/454/298 437/451/295 438/452/296
f 440/454/298 438/452/296 441/455/299
f 433/447/291 440/454/298 442/456/300
f 433/447/291 442/456/300 435/449/293
f 440/454/298 441/455/299 443/457/301
f 440/454/298 443/457/301 442/456/300
f 441/455/299 438/452/296 444/458/302
f 444/458/302 438/452/296 439/453/297
f 441/455/299 444/458/302 443/457/301
f 444/458/302 439/453/297 445/459/303
f 445/459/303 439/453/297 446/460/304
f 443/457/301 444/458/302 447/461/305
f 447/461/305 444/458/302 445/459/303
f 448/462/306 442/456/300 443/457/301
f 448/462/306 443/457/301 447/461/305
f 449/463/294 435/449/293 442/456/300
f 449/463/294 442/456/300 448/462/306
f 435/449/293 449/463/294 436/450/294
f 450/464/307 445/459/303 446/460/304
f 451/465/308 447/461/305 445/459/303
f 451/465/308 445/459/303 450/464/307
f 452/466/309 448/462/306 447/461/305
f 452/466/309 447/461/305 451/465/308
f 453/467/310 454/468/310 455/469/310
f 454/468/310 453/467/310 456/470/310
f 457/471/311 458/472/311 459/473/311
f 458/472/311 457/471/311 460/474/311
f 461/475/312 462/476/313 463/477/314
f 462/476/313 461/475/312 464/478/315
f 461/475/312 463/477/314 465/479/316
f 465/479/316 463/477/314 466/480/317
f 464/478/315 461/475/312 467/481/318
f 461/475/312 465/479/316 468/482/319
f 461/475/312 468/482/319 467/481/318
f 465/479/316 466/480/317 469/483/320
f 469/483/320 466/480/317 470/484/321
f 468/482/319 465/479/316 471/485/322
f 471/485/322 465/479/316 469/483/320
f 464/478/315 467/481/318 472/486/323
f 464/478/315 472/486/323 462/476/313
f 467/481/318 468/482/319 473/487/324
f 469/483/320 470/484/321 474/488/325
f 474/488/325 470/484/321 475/489/326
f 469/483/320 474/488/325 476/490/327
f 469/483/320 476/490/327 471/485/322
f 474/488/325 475/489/326 477/491/328
f 477/491/328 475/489/326 478/492/281
f 477/491/328 478/492/281 479/493/247
f 474/488/325 477/491/328 480/494/329
f 474/488/325 480/494/329 476/490/327
f 477/491/328 479/493/247 481/495/330
f 477/491/328 481/495/330 480/494/329
f 481/495/330 479/493/247 482/496/238
f 481/495/330 482/496/238 483/497/331
f 483/497/331 482/496/238 484/498/332
f 484/498/332 482/496/238 485/499/246
f 481/495/330 483/497/331 486/500/333
f 486/500/333 483/497/331 484/498/332
f 480/494/329 481/495/330 487/501/334
f 487/501/334 481/495/330 486/500/333
f 484/498/332 485/499/246 488/502/335
f 488/502/335 485/499/246 489/503/336
f 488/502/335 489/503/336 490/504/337
f 484/498/332 488/502/335 491/505/338
f 488/502/335 490/504/337 492/506/339
f 488/502/335 492/506/339 491/505/338
f 492/506/339 490/504/337 493/507/340
f 494/508/341 486/500/333 484/498/332
f 494/508/341 484/498/332 491/505/338
f 486/500/333 494/508/341 495/509/342
f 486/500/333 495/509/342 487/501/334
f 494/508/341 491/505/338 496/510/343
f 494/508/341 496/510/343 495/509/342
f 497/511/344 491/505/338 492/506/339
f 498/512/345 492/506/339 493/507/340
f 492/506/339 498/512/345 497/511/344
f 498/512/345 493/507/340 499/513/346
f 500/514/347 487/501/334 495/509/342
f 487/501/334 500/514/347 480/494/329
f 501/515/348 495/509/342 496/510/343
f 495/509/342 501/515/348 500/514/347
f 498/512/345 499/513/346 502/516/349
f 502/516/349 499/513/346 503/517/350
f 498/512/345 502/516/349 504/518/351
f 498/512/345 504/518/351 497/511/344
f 480/494/329 500/514/347 505/519/352
f 480/494/329 505/519/352 476/490/327
f 505/519/352 500/514/347 506/520/353
f 506/520/353 500/514/347 501/515/348
f 476/490/327 505/519/352 507/521/354
f 507/521/354 505/519/352 506/520/353
f 476/490/327 507/521/354 508/522/355
f 476/490/327 508/522/355 471/485/322
f 507/521/354 506/520/353 509/523/356
f 471/485/322 508/522/355 510/524/357
f 471/485/322 510/524/357 468/482/319
f 508/522/355 507/521/354 511/525/358
f 511/525/358 507/521/354 509/523/356
f 468/482/319 510/524/357 473/487/324
f 510/524/357 508/522/355 512/526/359
f 512/526/359 508/522/355 511/525/358
f 473/487/324 510/524/357 513/527/359
f 513/527/359 510/524/357 512/526/359
f 512/526/359 511/525/358 514/528/360
f 513/527/359 512/526/359 515/529/361
f 515/529/361 512/526/359 514/528/360
f 473/487/324 513/527/359 516/530/362
f 513/527/359 515/529/361 517/531/363
f 513/527/359 517/531/363 516/530/362
f 473/487/324 516/530/362 518/532/364
f 473/487/324 518/532/364 467/481/318
f 467/481/318 518/532/364 472/486/323
f 472/486/323 518/532/364 519/533/365
f 472/486/323 519/533/365 462/476/313
f 462/476/313 519/533/365 520/534/366
f 519/533/365 518/532/364 521/535/367
f 521/535/367 518/532/364 516/530/362
f 520/534/366 519/533/365 522/536/368
f 522/536/368 519/533/365 521/535/367
f 521/535/367 516/530/362 523/537/369
f 523/537/369 516/530/362 517/531/363
f 522/536/368 521/535/367 524/538/370
f 524/538/370 521/535/367 523/537/369
f 520/534/366 522/536/368 525/539/371
f 525/539/371 522/536/368 524/538/370
f 524/538/370 523/537/369 526/540/372
f 526/540/372 523/537/369 517/531/363
f 524/538/370 526/540/372 527/541/373
f 524/538/370 527/541/373 525/539/371
f 526/540/372 517/531/363 528/542/374
f 528/542/374 517/531/363 515/529/361
f 526/540/372 528/542/374 529/543/362
f 526/540/372 529/543/362 527/541/373
f 528/542/374 515/529/361 530/544/361
f 529/543/362 528/542/374 531/545/375
f 531/545/375 528/542/374 530/544/361
f 530/544/361 515/529/361 514/528/360
f 529/543/362 531/545/375 532/546/376
f 527/541/373 529/543/362 533/547/377
f 533/547/377 529/543/362 532/546/376
f 527/541/373 533/547/377 534/548/378
f 533/547/377 532/546/376 535/549/379
f 533/547/377 535/549/379 534/548/378
f 527/541/373 534/548/378 536/550/380
f 527/541/373 536/550/380 525/539/371
f 534/548/378 535/549/379 537/551/381
f 536/550/380 534/548/378 538/552/382
f 538/552/382 534/548/378 537/551/381
f 525/539/371 536/550/380 539/553/383
f 539/553/383 536/550/380 538/552/382
f 525/539/371 539/553/383 540/554/384
f 539/553/383 538/552/382 541/555/385
f 539/553/383 541/555/385 540/554/384
f 538/552/382 537/551/381 542/556/386
f 538/552/382 542/556/386 541/555/385
f 525/539/371 540/554/384 543/557/387
f 525/539/371 543/557/387 520/534/366
f 520/534/366 543/557/387 544/558/230
f 544/558/230 543/557/387 545/559/388
f 544/558/230 545/559/388 546/560/232
f 543/557/387 540/554/384 547/561/389
f 543/557/387 547/561/389 545/559/388
f 548/562/390 540/554/384 541/555/385
f 540/554/384 548/562/390 547/561/389
f 548/562/390 541/555/385 549/563/391
f 549/563/391 541/555/385 542/556/386
f 547/561/389 548/562/390 550/564/392
f 547/561/389 550/564/392 545/559/388
f 551/565/393 546/560/232 545/559/388
f 551/565/393 545/559/388 550/564/392
f 546/560/232 551/565/393 552/566/394
f 550/564/392 548/562/390 553/567/395
f 553/567/395 548/562/390 549/563/391
f 551/565/393 550/564/392 554/568/396
f 554/568/396 550/564/392 553/567/395
f 552/566/394 551/565/393 555/569/397
f 555/569/397 551/565/393 554/568/396
f 556/570/257 557/571/398 558/572/398
f 557/571/398 556/570/257 559/573/257
f 559/573/257 556/570/257 560/574/237
f 559/573/257 560/574/237 561/575/237
f 561/575/237 560/574/237 562/576/256
f 561/575/237 562/576/256 563/577/256
f 563/577/256 562/576/256 564/578/255
f 563/577/256 564/578/255 565/579/255
f 565/579/255 564/578/255 566/580/254
f 565/579/255 566/580/254 567/581/399
f 567/581/399 566/580/254 568/582/400
f 567/581/399 568/582/400 569/583/400
f 569/583/400 568/582/400 570/584/252
f 569/583/400 570/584/252 571/585/252
f 320/332/401 572/586/401 318/330/401
f 572/586/401 320/332/401 573/587/401
f 574/588/220 575/589/402 576/590/403
f 576/590/403 575/589/402 577/591/404
f 574/588/220 576/590/403 578/592/405
f 576/590/403 577/591/404 579/593/406
f 579/593/406 577/591/404 580/594/407
f 578/592/405 576/590/403 581/595/408
f 581/595/408 576/590/403 579/593/406
f 578/592/405 581/595/408 582/596/409
f 578/592/405 582/596/409 583/597/410
f 581/595/408 579/593/406 584/598/411
f 581/595/408 584/598/411 582/596/409
f 579/593/406 580/594/407 585/599/86
f 579/593/406 585/599/86 584/598/411
f 585/599/86 580/594/407 586/600/412
f 585/599/86 586/600/412 587/601/219
f 585/599/86 587/601/219 584/598/411
f 587/601/219 586/600/412 588/602/413
f 589/603/414 583/597/410 582/596/409
f 590/604/415 582/596/409 584/598/411
f 590/604/415 584/598/411 587/601/219
f 582/596/409 590/604/415 589/603/414
f 583/597/410 589/603/414 591/605/416
f 590/604/415 587/601/219 592/606/417
f 592/606/417 587/601/219 588/602/413
f 589/603/414 590/604/415 593/607/418
f 593/607/418 590/604/415 592/606/417
f 591/605/416 589/603/414 594/608/419
f 594/608/419 589/603/414 593/607/418
f 591/605/416 594/608/419 595/609/420
f 593/607/418 592/606/417 596/610/421
f 596/610/421 592/606/417 588/602/413
f 593/607/418 596/610/421 597/611/422
f 597/611/422 596/610/421 588/602/413
f 593/607/418 597/611/422 594/608/419
f 597/611/422 588/602/413 598/612/423
f 594/608/419 597/611/422 599/613/424
f 599/613/424 597/611/422 598/612/423
f 594/608/419 599/613/424 595/609/420
f 599/613/424 598/612/423 600/614/425
f 595/609/420 599/613/424 601/615/426
f 601/615/426 599/613/424 600/614/425
f 595/609/420 601/615/426 602/616/427
f 601/615/426 600/614/425 603/617/428
f 602/616/427 601/615/426 604/618/429
f 604/618/429 601/615/426 603/617/428
f 602/616/427 604/618/429 416/430/277
f 604/618/429 603/617/428 605/619/430
f 416/430/277 604/618/429 606/620/431
f 606/620/431 604/618/429 605/619/430
f 416/430/277 606/620/431 415/429/276
f 606/620/431 605/619/430 607/621/336
f 415/429/276 606/620/431 421/435/246
f 421/435/246 606/620/431 607/621/336
f 608/622/255 324/336/255 609/623/255
f 324/336/255 608/622/255 322/334/255
f 337/349/432 325/337/432 378/392/432
f 325/337/432 337/349/432 328/340/432
f 378/392/433 329/341/433 335/347/433
f 329/341/433 378/392/433 332/344/433
f 610/624/434 611/625/435 612/626/435
f 612/626/435 611/625/435 613/627/436
f 611/625/435 610/624/434 614/628/434
f 613/627/436 611/625/435 615/629/436
f 614/628/434 610/624/434 616/630/437
f 613/627/436 615/629/436 617/631/281
f 614/628/434 616/630/437 618/632/437
f 617/631/281 615/629/436 619/633/281
f 618/632/437 616/630/437 620/634/438
f 617/631/281 619/633/281 621/635/237
f 620/634/438 616/630/437 622/636/438
f 621/635/237 619/633/281 623/637/237
f 620/634/438 622/636/438 624/638/412
f 621/635/237 623/637/237 625/639/281
f 620/634/438 624/638/412 626/640/437
f 625/639/281 623/637/237 627/641/281
f 626/640/437 624/638/412 628/642/401
f 625/639/281 627/641/281 629/643/439
f 626/640/437 628/642/401 630/644/401
f 629/643/439 627/641/281 631/645/439
f 630/644/401 628/642/401 632/646/250
f 629/643/439 631/645/439 633/647/250
f 630/644/401 632/646/250 634/648/250
f 629/643/439 633/647/250 635/649/250
f 634/648/250 632/646/250 636/650/236
f 635/649/250 633/647/250 637/651/440
f 634/648/250 636/650/236 638/652/236
f 635/649/250 637/651/440 639/653/440
f 638/652/236 636/650/236 640/654/441
f 639/653/440 637/651/440 641/655/442
f 638/652/236 640/654/441 642/656/441
f 642/656/441 640/654/441 398/657/259
f 642/656/441 398/657/259 397/658/259
f 639/653/440 641/655/442 643/659/442
f 643/659/442 641/655/442 644/660/443
f 643/659/442 644/660/443 645/661/443
f 645/661/443 644/660/443 646/662/444
f 645/661/443 646/662/444 647/663/444
f 647/663/444 646/662/444 648/664/445
f 647/663/444 648/664/445 649/665/445
f 649/665/445 648/664/445 650/666/446
f 649/665/445 650/666/446 651/667/446
f 651/667/446 650/666/446 652/668/173
f 651/667/446 652/668/173 653/669/173
f 653/669/173 652/668/173 654/670/447
f 653/669/173 654/670/447 655/671/447
f 655/671/447 654/670/447 656/672/448
f 655/671/447 656/672/448 657/673/448
f 657/673/448 656/672/448 658/674/8
f 657/673/448 658/674/8 659/675/8
f 659/675/8 658/674/8 660/676/449
f 659/675/8 660/676/449 661/677/449
f 661/677/449 660/676/449 662/678/8
f 662/678/8 660/676/449 663/679/8
f 664/680/435 665/681/434 666/682/435
f 664/680/435 666/682/435 667/683/436
f 665/681/434 664/680/435 668/684/434
f 664/680/435 667/683/436 669/685/436
f 665/681/434 668/684/434 670/686/437
f 669/685/436 667/683/436 671/687/281
f 670/686/437 668/684/434 672/688/437
f 669/685/436 671/687/281 673/689/281
f 670/686/437 672/688/437 674/690/442
f 673/689/281 671/687/281 675/691/237
f 670/686/437 674/690/442 676/692/442
f 673/689/281 675/691/237 677/693/237
f 676/692/442 674/690/442 678/694/437
f 677/693/237 675/691/237 679/695/281
f 678/694/437 674/690/442 680/696/437
f 677/693/237 679/695/281 681/697/281
f 678/694/437 680/696/437 682/698/401
f 681/697/281 679/695/281 683/699/439
f 682/698/401 680/696/437 684/700/401
f 681/697/281 683/699/439 685/701/439
f 682/698/401 684/700/401 686/702/250
f 685/701/439 683/699/439 687/703/250
f 686/702/250 684/700/401 688/704/250
f 687/703/250 683/699/439 689/705/250
f 686/702/250 688/704/250 690/706/236
f 687/703/250 689/705/250 691/707/440
f 690/706/236 688/704/250 692/708/236
f 691/707/440 689/705/250 693/709/440
f 690/706/236 692/708/236 694/710/441
f 691/707/440 693/709/440 695/711/442
f 694/710/441 692/708/236 696/712/441
f 694/710/441 696/712/441 360/374/439
f 360/374/439 696/712/441 361/375/439
f 695/711/442 693/709/440 697/713/442
f 695/711/442 697/713/442 698/714/443
f 698/714/443 697/713/442 699/715/443
f 698/714/443 699/715/443 700/716/444
f 700/716/444 699/715/443 701/717/444
f 700/716/444 701/717/444 702/718/445
f 702/718/445 701/717/444 703/719/445
f 702/718/445 703/719/445 704/720/446
f 704/720/446 703/719/445 705/721/446
f 704/720/446 705/721/446 706/722/173
f 706/722/173 705/721/446 707/723/173
f 706/722/173 707/723/173 708/724/447
f 708/724/447 707/723/173 709/725/447
f 708/724/447 709/725/447 710/726/448
f 710/726/448 709/725/447 711/727/450
f 710/726/448 711/727/450 712/728/451
f 712/728/451 711/727/450 713/729/451
f 712/728/451 713/729/451 714/730/452
f 714/730/452 713/729/451 715/731/449
f 714/730/452 715/731/449 716/732/451
f 714/730/452 716/732/451 717/733/451
f 339/351/440 328/340/440 337/349/440
f 328/340/440 339/351/440 326/338/440
f 335/347/453 331/343/453 333/345/453
f 331/343/453 335/347/453 329/341/453
f 317/329/454 340/352/454 337/349/454
f 340/352/454 317/329/454 356/370/454
f 335/347/455 357/371/455 323/335/455
f 357/371/455 335/347/455 334/346/455
f 718/734/456 719/735/457 720/736/458
f 718/734/456 720/736/458 721/737/290
f 721/737/290 720/736/458 722/738/459
f 718/734/456 721/737/290 723/739/460
f 721/737/290 722/738/459 724/740/461
f 721/737/290 724/740/461 723/739/460
f 718/734/456 723/739/460 725/741/462
f 722/738/459 720/736/458 726/742/463
f 718/734/456 725/741/462 727/743/464
f 718/734/456 727/743/464 719/735/457
f 728/744/465 720/736/458 719/735/457
f 720/736/458 728/744/465 726/742/463
f 722/738/459 726/742/463 729/745/466
f 722/738/459 729/745/466 724/740/461
f 726/742/463 728/744/465 730/746/467
f 728/744/465 719/735/457 731/747/468
f 729/745/466 726/742/463 732/748/469
f 732/748/469 726/742/463 730/746/467
f 730/746/467 728/744/465 733/749/470
f 733/749/470 728/744/465 731/747/468
f 732/748/469 730/746/467 734/750/471
f 729/745/466 732/748/469 735/751/472
f 736/752/461 724/740/461 729/745/466
f 736/752/461 729/745/466 735/751/472
f 724/740/461 736/752/461 737/753/473
f 737/753/473 736/752/461 738/754/474
f 738/754/474 736/752/461 735/751/472
f 735/751/472 732/748/469 739/755/475
f 739/755/475 732/748/469 734/750/471
f 738/754/474 735/751/472 740/756/476
f 738/754/474 740/756/476 737/753/473
f 735/751/472 739/755/475 741/757/477
f 735/751/472 741/757/477 740/756/476
f 740/756/476 741/757/477 742/758/478
f 740/756/476 742/758/478 737/753/473
f 743/759/479 744/760/480 745/761/479
f 744/760/480 743/759/479 746/762/481
f 744/760/480 746/762/481 747/763/482
f 744/760/480 747/763/482 748/764/482
f 749/765/483 750/766/482 751/767/482
f 750/766/482 749/765/483 752/768/484
f 752/768/484 749/765/483 753/769/479
f 752/768/484 753/769/479 754/770/485
f 755/771/486 756/772/487 757/773/486
f 756/772/487 755/771/486 758/774/488
f 756/772/487 758/774/488 759/775/489
f 759/775/489 758/774/488 760/776/489
f 761/777/490 762/778/491 763/779/490
f 762/778/491 761/777/490 764/780/492
f 762/778/491 764/780/492 765/781/489
f 762/778/491 765/781/489 766/782/493
f 767/783/479 768/784/494 769/785/479
f 768/784/494 767/783/479 770/786/494
f 768/784/494 770/786/494 771/787/482
f 768/784/494 771/787/482 772/788/482
f 773/789/486 774/790/491 775/791/486
f 774/790/491 773/789/486 776/792/491
f 774/790/491 776/792/491 777/793/489
f 774/790/491 777/793/489 778/794/489
f 779/795/495 780/796/495 781/797/495
f 780/796/495 779/795/495 782/798/495
f 779/795/495 781/797/495 783/799/495
f 780/796/495 782/798/495 784/800/496
f 783/799/495 781/797/495 785/801/495
f 784/800/496 782/798/495 786/802/496
f 783/799/495 785/801/495 787/803/252
f 784/800/496 786/802/496 788/804/497
f 787/803/252 785/801/495 789/805/252
f 784/800/496 788/804/497 790/806/498
f 787/803/252 789/805/252 791/807/2
f 790/806/498 788/804/497 792/808/499
f 791/807/2 789/805/252 793/809/2
f 792/808/499 788/804/497 794/810/499
f 791/807/2 793/809/2 795/811/2
f 792/808/499 794/810/499 796/812/14
f 795/811/2 793/809/2 797/813/2
f 792/808/499 796/812/14 798/814/14
f 795/811/2 797/813/2 799/815/500
f 798/814/14 796/812/14 800/816/501
f 799/815/500 797/813/2 801/817/500
f 798/814/14 800/816/501 802/818/501
f 799/815/500 801/817/500 803/819/502
f 802/818/501 800/816/501 804/820/9
f 803/819/502 801/817/500 805/821/502
f 802/818/501 804/820/9 806/822/9
f 803/819/502 805/821/502 807/823/502
f 806/822/9 804/820/9 808/824/503
f 807/823/502 805/821/502 809/825/502
f 806/822/9 808/824/503 810/826/503
f 807/823/502 809/825/502 811/827/502
f 810/826/503 808/824/503 812/828/504
f 811/827/502 809/825/502 813/829/502
f 810/826/503 812/828/504 814/830/504
f 811/827/502 813/829/502 815/831/253
f 814/830/504 812/828/504 816/832/505
f 815/831/253 813/829/502 817/833/253
f 816/832/505 812/828/504 818/834/506
f 815/831/253 817/833/253 819/835/507
f 816/832/505 818/834/506 820/836/508
f 819/835/507 817/833/253 821/837/507
f 820/836/508 818/834/506 822/838/509
f 819/835/507 821/837/507 823/839/2
f 820/836/508 822/838/509 824/840/510
f 823/839/2 821/837/507 825/841/2
f 824/840/510 822/838/509 826/842/510
f 823/839/2 825/841/2 827/843/1
f 824/840/510 826/842/510 828/844/507
f 827/843/1 825/841/2 829/845/1
f 828/844/507 826/842/510 830/846/507
f 827/843/1 829/845/1 831/847/3
f 828/844/507 830/846/507 832/848/511
f 831/847/3 829/845/1 833/849/3
f 832/848/511 830/846/507 834/850/511
f 831/847/3 833/849/3 835/851/4
f 832/848/511 834/850/511 836/852/512
f 835/851/4 833/849/3 837/853/4
f 836/852/512 834/850/511 838/854/512
f 835/851/4 837/853/4 839/855/5
f 836/852/512 838/854/512 840/856/249
f 839/855/5 837/853/4 841/857/5
f 840/856/249 838/854/512 842/858/249
f 839/855/5 841/857/5 843/859/6
f 840/856/249 842/858/249 844/860/513
f 843/859/6 841/857/5 845/861/6
f 844/860/513 842/858/249 846/862/513
f 843/859/6 845/861/6 847/863/7
f 844/860/513 846/862/513 848/864/240
f 847/863/7 845/861/6 849/865/7
f 848/864/240 846/862/513 850/866/240
f 847/863/7 849/865/7 851/867/8
f 848/864/240 850/866/240 852/868/394
f 847/863/7 851/867/8 853/869/8
f 852/868/394 850/866/240 854/870/394
f 853/869/8 851/867/8 855/871/9
f 852/868/394 854/870/394 856/872/232
f 855/871/9 851/867/8 857/873/9
f 855/871/9 857/873/9 858/874/10
f 858/874/10 857/873/9 859/875/10
f 856/872/232 854/870/394 860/876/232
f 856/872/232 860/876/232 861/877/230
f 861/877/230 860/876/232 862/878/230
f 861/877/230 862/878/230 381/395/238
f 381/395/238 862/878/230 379/393/238
f 863/879/514 864/880/514 865/881/514
f 864/880/514 863/879/514 866/882/514
f 867/883/515 868/884/515 869/885/515
f 868/884/515 867/883/515 870/886/515
f 871/887/516 872/888/358 873/889/517
f 873/889/517 872/888/358 874/890/518
f 872/888/358 871/887/516 875/891/519
f 871/887/516 873/889/517 876/892/520
f 874/890/518 872/888/358 877/893/521
f 873/889/517 874/890/518 878/894/522
f 872/888/358 875/891/519 879/895/523
f 872/888/358 879/895/523 877/893/521
f 875/891/519 871/887/516 880/896/519
f 876/892/520 873/889/517 881/897/524
f 881/897/524 873/889/517 878/894/522
f 871/887/516 876/892/520 882/898/525
f 871/887/516 882/898/525 880/896/519
f 876/892/520 881/897/524 883/899/526
f 882/898/525 876/892/520 884/900/527
f 884/900/527 876/892/520 883/899/526
f 880/896/519 882/898/525 885/901/528
f 882/898/525 884/900/527 886/902/529
f 882/898/525 886/902/529 885/901/528
f 886/902/529 884/900/527 887/903/530
f 884/900/527 883/899/526 888/904/531
f 884/900/527 888/904/531 887/903/530
f 889/905/532 883/899/526 881/897/524
f 888/904/531 883/899/526 890/906/533
f 890/906/533 883/899/526 889/905/532
f 890/906/533 889/905/532 891/907/534
f 888/904/531 890/906/533 892/908/331
f 892/908/331 890/906/533 891/907/534
f 891/907/534 889/905/532 893/909/535
f 892/908/331 891/907/534 894/910/534
f 889/905/532 881/897/524 895/911/536
f 889/905/532 895/911/536 893/909/535
f 895/911/536 881/897/524 878/894/522
f 893/909/535 895/911/536 896/912/535
f 892/908/331 894/910/534 897/913/537
f 896/912/535 895/911/536 898/914/538
f 898/914/538 895/911/536 878/894/522
f 896/912/535 898/914/538 899/915/534
f 897/913/537 894/910/534 900/916/535
f 898/914/538 878/894/522 901/917/539
f 899/915/534 898/914/538 902/918/540
f 902/918/540 898/914/538 901/917/539
f 901/917/539 878/894/522 874/890/518
f 899/915/534 902/918/540 903/919/157
f 901/917/539 874/890/518 904/920/541
f 904/920/541 874/890/518 877/893/521
f 902/918/540 901/917/539 905/921/542
f 905/921/542 901/917/539 904/920/541
f 903/919/157 902/918/540 906/922/543
f 906/922/543 902/918/540 905/921/542
f 903/919/157 906/922/543 907/923/157
f 907/923/157 906/922/543 908/924/544
f 907/923/157 908/924/544 909/925/545
f 906/922/543 905/921/542 910/926/546
f 906/922/543 910/926/546 908/924/544
f 905/921/542 904/920/541 911/927/547
f 905/921/542 911/927/547 910/926/546
f 911/927/547 904/920/541 912/928/360
f 912/928/360 904/920/541 877/893/521
f 909/925/545 908/924/544 913/929/548
f 909/925/545 913/929/548 914/930/534
f 908/924/544 910/926/546 915/931/549
f 908/924/544 915/931/549 913/929/548
f 910/926/546 911/927/547 916/932/550
f 910/926/546 916/932/550 915/931/549
f 911/927/547 912/928/360 917/933/148
f 911/927/547 917/933/148 916/932/550
f 914/930/534 913/929/548 918/934/551
f 914/930/534 918/934/551 919/935/157
f 913/929/548 915/931/549 920/936/552
f 913/929/548 920/936/552 918/934/551
f 915/931/549 916/932/550 921/937/553
f 915/931/549 921/937/553 920/936/552
f 916/932/550 917/933/148 922/938/554
f 916/932/550 922/938/554 921/937/553
f 919/935/157 918/934/551 923/939/555
f 919/935/157 923/939/555 924/940/157
f 918/934/551 920/936/552 925/941/556
f 918/934/551 925/941/556 923/939/555
f 920/936/552 921/937/553 926/942/557
f 920/936/552 926/942/557 925/941/556
f 921/937/553 922/938/554 927/943/558
f 921/937/553 927/943/558 926/942/557
f 924/940/157 923/939/555 928/944/559
f 924/940/157 928/944/559 929/945/157
f 923/939/555 925/941/556 930/946/560
f 923/939/555 930/946/560 928/944/559
f 925/941/556 926/942/557 931/947/561
f 925/941/556 931/947/561 930/946/560
f 926/942/557 927/943/558 932/948/562
f 926/942/557 932/948/562 931/947/561
f 929/945/157 928/944/559 933/949/180
f 929/945/157 933/949/180 934/950/535
f 928/944/559 930/946/560 935/951/563
f 928/944/559 935/951/563 933/949/180
f 930/946/560 931/947/561 936/952/564
f 930/946/560 936/952/564 935/951/563
f 931/947/561 932/948/562 937/953/565
f 931/947/561 937/953/565 936/952/564
f 934/950/535 933/949/180 938/954/566
f 934/950/535 938/954/566 939/955/535
f 933/949/180 935/951/563 940/956/567
f 933/949/180 940/956/567 938/954/566
f 935/951/563 936/952/564 941/957/568
f 935/951/563 941/957/568 940/956/567
f 936/952/564 937/953/565 942/958/569
f 936/952/564 942/958/569 941/957/568
f 939/955/535 938/954/566 943/959/570
f 939/955/535 943/959/570 944/960/535
f 938/954/566 940/956/567 945/961/571
f 938/954/566 945/961/571 943/959/570
f 940/956/567 941/957/568 946/962/572
f 940/956/567 946/962/572 945/961/571
f 941/957/568 942/958/569 947/963/573
f 941/957/568 947/963/573 946/962/572
f 948/964/574 942/958/569 937/953/565
f 942/958/569 948/964/574 947/963/573
f 943/959/570 945/961/571 949/965/575
f 950/966/576 944/960/535 943/959/570
f 950/966/576 943/959/570 949/965/575
f 944/960/535 950/966/576 951/967/577
f 949/965/575 945/961/571 952/968/578
f 952/968/578 945/961/571 946/962/572
f 951/967/577 950/966/576 953/969/579
f 951/967/577 953/969/579 954/970/535
f 950/966/576 949/965/575 955/971/580
f 950/966/576 955/971/580 953/969/579
f 949/965/575 952/968/578 956/972/581
f 949/965/575 956/972/581 955/971/580
f 954/970/535 953/969/579 957/973/582
f 954/970/535 957/973/582 958/974/535
f 953/969/579 955/971/580 959/975/583
f 953/969/579 959/975/583 957/973/582
f 958/974/535 957/973/582 960/976/534
f 959/975/583 955/971/580 961/977/584
f 961/977/584 955/971/580 956/972/581
f 960/976/534 957/973/582 962/978/585
f 960/976/534 962/978/585 963/979/534
f 957/973/582 959/975/583 964/980/586
f 957/973/582 964/980/586 962/978/585
f 959/975/583 961/977/584 965/981/587
f 959/975/583 965/981/587 964/980/586
f 963/979/534 962/978/585 966/982/588
f 963/979/534 966/982/588 967/983/534
f 962/978/585 964/980/586 968/984/589
f 962/978/585 968/984/589 966/982/588
f 964/980/586 965/981/587 969/985/590
f 964/980/586 969/985/590 968/984/589
f 967/983/534 966/982/588 970/986/172
f 967/983/534 970/986/172 971/987/534
f 966/982/588 968/984/589 972/988/591
f 966/982/588 972/988/591 970/986/172
f 968/984/589 969/985/590 973/989/592
f 968/984/589 973/989/592 972/988/591
f 971/987/534 970/986/172 974/990/593
f 974/990/593 970/986/172 972/988/591
f 971/987/534 974/990/593 975/991/534
f 975/991/534 974/990/593 976/992/594
f 975/991/534 976/992/594 977/993/534
f 974/990/593 972/988/591 978/994/595
f 974/990/593 978/994/595 976/992/594
f 979/995/596 972/988/591 973/989/592
f 972/988/591 979/995/596 978/994/595
f 977/993/534 976/992/594 980/996/597
f 977/993/534 980/996/597 981/997/157
f 976/992/594 978/994/595 982/998/598
f 976/992/594 982/998/598 980/996/597
f 978/994/595 979/995/596 983/999/599
f 978/994/595 983/999/599 982/998/598
f 981/997/157 980/996/597 984/1000/600
f 981/997/157 984/1000/600 985/1001/545
f 980/996/597 982/998/598 986/1002/601
f 980/996/597 986/1002/601 984/1000/600
f 982/998/598 983/999/599 987/1003/602
f 982/998/598 987/1003/602 986/1002/601
f 985/1001/545 984/1000/600 988/1004/603
f 985/1001/545 988/1004/603 989/1005/545
f 984/1000/600 986/1002/601 990/1006/604
f 984/1000/600 990/1006/604 988/1004/603
f 986/1002/601 987/1003/602 991/1007/605
f 986/1002/601 991/1007/605 990/1006/604
f 992/1008/606 987/1003/602 983/999/599
f 987/1003/602 992/1008/606 991/1007/605
f 992/1008/606 983/999/599 993/1009/607
f 993/1009/607 983/999/599 979/995/596
f 992/1008/606 993/1009/607 994/1010/608
f 993/1009/607 979/995/596 995/1011/120
f 995/1011/120 979/995/596 973/989/592
f 993/1009/607 995/1011/120 996/1012/609
f 993/1009/607 996/1012/609 994/1010/608
f 995/1011/120 973/989/592 997/1013/610
f 997/1013/610 973/989/592 969/985/590
f 996/1012/609 995/1011/120 998/1014/609
f 998/1014/609 995/1011/120 997/1013/610
f 997/1013/610 969/985/590 999/1015/611
f 999/1015/611 969/985/590 965/981/587
f 998/1014/609 997/1013/610 1000/1016/612
f 1000/1016/612 997/1013/610 999/1015/611
f 996/1012/609 998/1014/609 1001/1017/613
f 999/1015/611 965/981/587 1002/1018/614
f 1002/1018/614 965/981/587 961/977/584
f 1000/1016/612 999/1015/611 1003/1019/615
f 1003/1019/615 999/1015/611 1002/1018/614
f 998/1014/609 1000/1016/612 1004/1020/613
f 998/1014/609 1004/1020/613 1001/1017/613
f 1000/1016/612 1003/1019/615 1005/1021/616
f 1000/1016/612 1005/1021/616 1004/1020/613
f 1004/1020/613 1005/1021/616 932/948/562
f 1004/1020/613 932/948/562 927/943/558
f 1004/1020/613 927/943/558 1001/1017/613
f 932/948/562 1005/1021/616 937/953/565
f 1001/1017/613 927/943/558 922/938/554
f 937/953/565 1005/1021/616 948/964/574
f 948/964/574 1005/1021/616 1003/1019/615
f 1001/1017/613 922/938/554 1006/1022/617
f 1001/1017/613 1006/1022/617 996/1012/609
f 1006/1022/617 922/938/554 917/933/148
f 996/1012/609 1006/1022/617 994/1010/608
f 1006/1022/617 917/933/148 1007/1023/618
f 1006/1022/617 1007/1023/618 994/1010/608
f 1007/1023/618 917/933/148 912/928/360
f 948/964/574 1003/1019/615 1008/1024/615
f 1008/1024/615 1003/1019/615 1002/1018/614
f 948/964/574 1008/1024/615 1009/1025/574
f 948/964/574 1009/1025/574 947/963/573
f 1008/1024/615 1002/1018/614 1010/1026/619
f 1010/1026/619 1002/1018/614 961/977/584
f 1010/1026/619 961/977/584 956/972/581
f 1008/1024/615 1010/1026/619 1011/1027/620
f 1008/1024/615 1011/1027/620 1009/1025/574
f 1010/1026/619 956/972/581 1012/1028/621
f 1010/1026/619 1012/1028/621 1011/1027/620
f 1012/1028/621 956/972/581 952/968/578
f 1011/1027/620 1012/1028/621 1013/1029/622
f 1009/1025/574 1011/1027/620 1014/1030/623
f 1014/1030/623 1011/1027/620 1013/1029/622
f 1009/1025/574 1014/1030/623 947/963/573
f 1013/1029/622 1012/1028/621 1015/1031/624
f 1015/1031/624 1012/1028/621 952/968/578
f 1013/1029/622 1015/1031/624 1014/1030/623
f 1014/1030/623 1015/1031/624 947/963/573
f 1015/1031/624 952/968/578 946/962/572
f 1015/1031/624 946/962/572 947/963/573
f 1016/1032/502 1017/1033/502 1018/1034/502
f 1018/1034/502 1017/1033/502 1019/1035/253
f 1017/1033/502 1016/1032/502 1020/1036/502
f 1018/1034/502 1019/1035/253 1021/1037/253
f 1020/1036/502 1016/1032/502 1022/1038/502
f 1021/1037/253 1019/1035/253 1023/1039/507
f 1020/1036/502 1022/1038/502 1024/1040/502
f 1021/1037/253 1023/1039/507 1025/1041/507
f 1024/1040/502 1022/1038/502 1026/1042/500
f 1025/1041/507 1023/1039/507 1027/1043/2
f 1024/1040/502 1026/1042/500 1028/1044/500
f 1025/1041/507 1027/1043/2 1029/1045/2
f 1028/1044/500 1026/1042/500 1030/1046/2
f 1029/1045/2 1027/1043/2 1031/1043/1
f 1028/1044/500 1030/1046/2 1032/1047/2
f 1029/1045/2 1031/1043/1 1033/1045/1
f 1032/1047/2 1030/1046/2 1034/1048/2
f 1033/1045/1 1031/1043/1 1035/1049/3
f 1032/1047/2 1034/1048/2 1036/1050/2
f 1033/1045/1 1035/1049/3 1037/1051/3
f 1036/1050/2 1034/1048/2 1038/1052/252
f 1037/1051/3 1035/1049/3 1039/1053/4
f 1036/1050/2 1038/1052/252 1040/1054/252
f 1037/1051/3 1039/1053/4 1041/1055/4
f 1040/1054/252 1038/1052/252 1042/1056/495
f 1041/1055/4 1039/1053/4 1043/1057/5
f 1040/1054/252 1042/1056/495 1044/1058/495
f 1041/1055/4 1043/1057/5 1045/1059/5
f 1044/1058/495 1042/1056/495 1046/1060/495
f 1045/1059/5 1043/1057/5 1047/1061/6
f 1044/1058/495 1046/1060/495 1048/1062/495
f 1045/1059/5 1047/1061/6 1049/1063/6
f 1048/1062/495 1046/1060/495 1050/1064/495
f 1049/1063/6 1047/1061/6 1051/1065/7
f 1050/1064/495 1046/1060/495 1052/1066/495
f 1049/1063/6 1051/1065/7 1053/1067/7
f 1050/1064/495 1052/1066/495 1054/1068/502
f 1053/1067/7 1051/1065/7 1055/1069/8
f 1054/1068/502 1052/1066/495 1056/1070/502
f 1053/1067/7 1055/1069/8 1057/1071/8
f 1054/1068/502 1056/1070/502 1058/1072/495
f 1057/1071/8 1055/1069/8 1059/1073/9
f 1054/1068/502 1058/1072/495 1060/1074/495
f 1060/1074/495 1058/1072/495 353/367/252
f 353/367/252 1058/1072/495 351/365/252
f 1057/1071/8 1059/1073/9 1061/1075/9
f 1061/1075/9 1059/1073/9 1062/1076/446
f 1061/1075/9 1062/1076/446 1063/1077/446
f 1063/1077/446 1062/1076/446 1064/1078/625
f 1063/1077/446 1064/1078/625 1065/1077/625
f 1065/1077/625 1064/1078/625 1066/1079/437
f 1065/1077/625 1066/1079/437 1067/1080/437
f 26/26/626 48/48/46 45/45/626
f 48/48/46 26/26/626 24/24/627
f 48/48/46 24/24/627 21/21/628
f 48/48/46 21/21/628 49/49/628
f 1068/1081/628 1069/1082/46 1070/1083/628
f 1069/1082/46 1068/1081/628 1071/1084/48
f 1069/1082/46 1071/1084/48 1072/1085/626
f 1069/1082/46 1072/1085/626 1073/1086/626
f 557/571/629 1074/1087/630 558/572/629
f 1074/1087/630 557/571/629 1075/1088/630
f 1074/1087/630 1075/1088/630 1076/1089/631
f 1076/1089/631 1075/1088/630 1077/1090/631
f 1076/1089/631 1077/1090/631 376/1091/249
f 376/1091/249 1077/1090/631 375/1092/249
f 1078/1093/632 1079/1094/632 1080/1095/633
f 1080/1095/633 1079/1094/632 1081/1096/633
f 1081/1096/633 1079/1094/632 1082/1097/632
f 1080/1095/633 1081/1096/633 1083/1098/632
f 1082/1097/632 1079/1094/632 1084/1099/632
f 1080/1095/633 1083/1098/632 1085/1100/633
f 1084/1099/632 1079/1094/632 219/229/632
f 1084/1099/632 219/229/632 1086/1101/633
f 1086/1101/633 219/229/632 1087/1102/633
f 1080/1095/633 1085/1100/633 246/256/633
f 246/256/633 1085/1100/633 1088/1103/633
f 246/256/633 1088/1103/633 1089/1104/632
f 1087/1102/633 219/229/632 250/260/633
f 250/260/633 219/229/632 218/228/632
f 1087/1102/633 250/260/633 1090/1105/633
f 1090/1105/633 250/260/633 1091/1106/633
f 1091/1106/633 250/260/633 243/253/633
f 1091/1106/633 243/253/633 1092/1107/633
f 1092/1107/633 243/253/633 1093/1108/633
f 1093/1108/633 243/253/633 228/238/632
f 228/238/632 243/253/633 227/237/632
f 1093/1108/633 228/238/632 1094/1109/632
f 1094/1109/632 228/238/632 1095/1110/632
f 1095/1110/632 228/238/632 307/319/632
f 1095/1110/632 307/319/632 1096/1111/632
f 1096/1111/632 307/319/632 1089/1104/632
f 1089/1104/632 307/319/632 246/256/633
f 246/256/633 307/319/632 244/254/632
f 1097/1112/626 1098/1113/134 1099/1114/626
f 1098/1113/134 1097/1112/626 1100/1115/136
f 1098/1113/134 1100/1115/136 1101/1116/634
f 1098/1113/134 1101/1116/634 1102/1117/634
f 40/40/634 54/54/134 51/51/634
f 54/54/134 40/40/634 42/42/635
f 54/54/134 42/42/635 44/44/626
f 54/54/134 44/44/626 55/55/626
f 1095/1110/636 1103/1118/637 1104/1119/636
f 1095/1110/636 1104/1119/636 1105/1120/638
f 1103/1118/637 1095/1110/636 1096/1111/637
f 1095/1110/636 1105/1120/638 1094/1109/638
f 1103/1118/637 1096/1111/637 1089/1104/639
f 1094/1109/638 1105/1120/638 1093/1108/640
f 1103/1118/637 1089/1104/639 1106/1121/639
f 1093/1108/640 1105/1120/638 1107/1122/640
f 1106/1121/639 1089/1104/639 1088/1103/641
f 1093/1108/640 1107/1122/640 1092/1107/642
f 1106/1121/639 1088/1103/641 1108/1123/641
f 1092/1107/642 1107/1122/640 1109/1124/642
f 1108/1123/641 1088/1103/641 1110/1125/643
f 1092/1107/642 1109/1124/642 1091/1106/644
f 1110/1125/643 1088/1103/641 1085/1100/643
f 1091/1106/644 1109/1124/642 1111/1126/644
f 1110/1125/643 1085/1100/643 1083/1098/645
f 1091/1106/644 1111/1126/644 1090/1105/646
f 1110/1125/643 1083/1098/645 1112/1127/645
f 1090/1105/646 1111/1126/644 1113/1128/647
f 1112/1127/645 1083/1098/645 1081/1096/648
f 1090/1105/646 1113/1128/647 1087/1102/649
f 1112/1127/645 1081/1096/648 1114/1129/648
f 1087/1102/649 1113/1128/647 1115/1130/649
f 1114/1129/648 1081/1096/648 1116/1131/650
f 1087/1102/649 1115/1130/649 1086/1101/651
f 1116/1131/650 1081/1096/648 1082/1097/650
f 1086/1101/651 1115/1130/649 1117/1132/651
f 1116/1131/650 1082/1097/650 1084/1099/652
f 1086/1101/651 1117/1132/651 1084/1099/652
f 1116/1131/650 1084/1099/652 1118/1133/652
f 1118/1133/652 1084/1099/652 1117/1132/651
f 23/23/628 1119/1134/653 1120/1135/654
f 1119/1134/653 23/23/628 22/22/653
f 1119/1134/653 22/22/653 1121/1136/626
f 1121/1136/626 22/22/653 25/25/626
f 343/357/655 320/332/655 317/329/655
f 320/332/655 343/357/655 573/587/655
f 221/231/632 1122/1137/633 222/232/633
f 1122/1137/633 221/231/632 1123/1138/632
f 222/232/633 1122/1137/633 249/259/633
f 249/259/633 1122/1137/633 248/258/632
f 248/258/632 1122/1137/633 1124/1139/632
f 222/232/633 249/259/633 225/235/633
f 225/235/633 249/259/633 309/321/632
f 225/235/633 309/321/632 223/233/632
f 222/232/633 225/235/633 252/262/633
f 252/262/633 225/235/633 241/251/633
f 323/335/656 608/622/656 349/363/656
f 608/622/656 323/335/656 322/334/656
f 39/39/657 1125/1140/626 43/43/626
f 1125/1140/626 39/39/657 1126/1141/657
f 1126/1141/657 39/39/657 41/41/634
f 1126/1141/657 41/41/634 1127/1142/658
f 1128/1143/659 1129/1144/660 1130/1145/661
f 1129/1144/660 1128/1143/659 1131/1146/662
f 1130/1145/661 1129/1144/660 1132/1147/663
f 1131/1146/662 1128/1143/659 1133/1148/664
f 1130/1145/661 1132/1147/663 1134/1149/665
f 1134/1149/665 1132/1147/663 1135/1150/666
f 1134/1149/665 1135/1150/666 1136/1151/667
f 1136/1151/667 1135/1150/666 1137/1152/668
f 1136/1151/667 1137/1152/668 1138/1153/669
f 1138/1153/669 1137/1152/668 1139/1154/670
f 1138/1153/669 1139/1154/670 1136/1151/667
f 1136/1151/667 1139/1154/670 1134/1149/665
f 1139/1154/670 1137/1152/668 1140/1155/671
f 1134/1149/665 1139/1154/670 1141/1156/672
f 1141/1156/672 1139/1154/670 1140/1155/671
f 1134/1149/665 1141/1156/672 1130/1145/661
f 1141/1156/672 1140/1155/671 1142/1157/673
f 1130/1145/661 1141/1156/672 1143/1158/674
f 1143/1158/674 1141/1156/672 1142/1157/673
f 1130/1145/661 1143/1158/674 1128/1143/659
f 1143/1158/674 1142/1157/673 1144/1159/675
f 1143/1158/674 1144/1159/675 1145/1160/676
f 1143/1158/674 1145/1160/676 1128/1143/659
f 1145/1160/676 1144/1159/675 1146/1161/677
f 1145/1160/676 1146/1161/677 1147/1162/678
f 1128/1143/659 1145/1160/676 1148/1163/679
f 1128/1143/659 1148/1163/679 1133/1148/664
f 1133/1148/664 1148/1163/679 1149/1164/680
f 1145/1160/676 1147/1162/678 1150/1165/681
f 1145/1160/676 1150/1165/681 1148/1163/679
f 1150/1165/681 1147/1162/678 1151/1166/682
f 1149/1164/680 1148/1163/679 1152/1167/683
f 1152/1167/683 1148/1163/679 1150/1165/681
f 1149/1164/680 1152/1167/683 1153/1168/684
f 1150/1165/681 1151/1166/682 1154/1169/685
f 1150/1165/681 1154/1169/685 1152/1167/683
f 1154/1169/685 1151/1166/682 1155/1170/686
f 1153/1168/684 1152/1167/683 1156/1171/687
f 1156/1171/687 1152/1167/683 1154/1169/685
f 1153/1168/684 1156/1171/687 1157/1172/688
f 1154/1169/685 1155/1170/686 1158/1173/689
f 1154/1169/685 1158/1173/689 1156/1171/687
f 1158/1173/689 1155/1170/686 1157/1172/688
f 1157/1172/688 1156/1171/687 1159/1174/690
f 1159/1174/690 1156/1171/687 1158/1173/689
f 1159/1174/690 1158/1173/689 1157/1172/688
f 1160/1175/691 741/757/477 739/755/475
f 1161/1176/692 739/755/475 734/750/471
f 739/755/475 1161/1176/692 1160/1175/691
f 741/757/477 1160/1175/691 1162/1177/693
f 741/757/477 1162/1177/693 742/758/478
f 1160/1175/691 1161/1176/692 1163/1178/694
f 1162/1177/693 1160/1175/691 1164/1179/695
f 1164/1179/695 1160/1175/691 1163/1178/694
f 742/758/478 1162/1177/693 1165/1180/696
f 1162/1177/693 1164/1179/695 1166/1181/697
f 1162/1177/693 1166/1181/697 1165/1180/696
f 1166/1181/697 1164/1179/695 1167/1182/698
f 742/758/478 1165/1180/696 1168/1183/699
f 1164/1179/695 1163/1178/694 1169/1184/700
f 1164/1179/695 1169/1184/700 1167/1182/698
f 1165/1180/696 1166/1181/697 1170/1185/701
f 1165/1180/696 1170/1185/701 1168/1183/699
f 1170/1185/701 1166/1181/697 1171/1186/702
f 1171/1186/702 1166/1181/697 1167/1182/698
f 1167/1182/698 1169/1184/700 1172/1187/55
f 1169/1184/700 1163/1178/694 1173/1188/703
f 1169/1184/700 1173/1188/703 1172/1187/55
f 1173/1188/703 1163/1178/694 1174/1189/704
f 1174/1189/704 1163/1178/694 1161/1176/692
f 1173/1188/703 1174/1189/704 1175/1190/511
f 1173/1188/703 1175/1190/511 1176/1191/507
f 1173/1188/703 1176/1191/507 1172/1187/55
f 1175/1190/511 1174/1189/704 1177/1192/512
f 1172/1187/55 1176/1191/507 1178/1193/500
f 1172/1187/55 1178/1193/500 1179/1194/705
f 1174/1189/704 1161/1176/692 1180/1195/706
f 1174/1189/704 1180/1195/706 1177/1192/512
f 1180/1195/706 1161/1176/692 734/750/471
f 1177/1192/512 1180/1195/706 1181/1196/249
f 1172/1187/55 1179/1194/705 1182/1197/707
f 1172/1187/55 1182/1197/707 1167/1182/698
f 1182/1197/707 1179/1194/705 1183/1198/505
f 1167/1182/698 1182/1197/707 1184/1199/708
f 1184/1199/708 1182/1197/707 1183/1198/505
f 1167/1182/698 1184/1199/708 1171/1186/702
f 1184/1199/708 1183/1198/505 1185/1200/504
f 1186/1201/709 1181/1196/249 1180/1195/706
f 1186/1201/709 1180/1195/706 734/750/471
f 1186/1201/709 734/750/471 730/746/467
f 1181/1196/249 1186/1201/709 1187/1202/513
f 1186/1201/709 730/746/467 733/749/470
f 1186/1201/709 733/749/470 1187/1202/513
f 1187/1202/513 733/749/470 1188/1203/240
f 1189/1204/710 1184/1199/708 1185/1200/504
f 1184/1199/708 1189/1204/710 1171/1186/702
f 1189/1204/710 1185/1200/504 1190/1205/503
f 1188/1203/240 733/749/470 1191/1206/711
f 1188/1203/240 1191/1206/711 1192/1207/394
f 1191/1206/711 733/749/470 731/747/468
f 1192/1207/394 1191/1206/711 1193/1208/712
f 1193/1208/712 1191/1206/711 731/747/468
f 1192/1207/394 1193/1208/712 1194/1209/232
f 1189/1204/710 1190/1205/503 1195/1210/713
f 1195/1210/713 1190/1205/503 1196/1211/9
f 1197/1212/714 1171/1186/702 1189/1204/710
f 1197/1212/714 1189/1204/710 1195/1210/713
f 1171/1186/702 1197/1212/714 1170/1185/701
f 1194/1209/232 1193/1208/712 1198/1213/715
f 1194/1209/232 1198/1213/715 1199/1214/716
f 1170/1185/701 1197/1212/714 1200/1215/717
f 1199/1214/716 1198/1213/715 1201/1216/718
f 1199/1214/716 1201/1216/718 446/460/304
f 1170/1185/701 1200/1215/717 1168/1183/699
f 446/460/304 1201/1216/718 450/464/307
f 1200/1215/717 1197/1212/714 1202/1217/719
f 1202/1217/719 1197/1212/714 1195/1210/713
f 1168/1183/699 1200/1215/717 1203/1218/720
f 1203/1218/720 1200/1215/717 1202/1217/719
f 1202/1217/719 1195/1210/713 1204/1219/721
f 1204/1219/721 1195/1210/713 1196/1211/9
f 1204/1219/721 1196/1211/9 1205/1220/501
f 1202/1217/719 1204/1219/721 1206/1221/722
f 1202/1217/719 1206/1221/722 1203/1218/720
f 1204/1219/721 1205/1220/501 1207/1222/713
f 1204/1219/721 1207/1222/713 1206/1221/722
f 1207/1222/713 1205/1220/501 1208/1223/14
f 1203/1218/720 1206/1221/722 1209/1224/723
f 1203/1218/720 1209/1224/723 1168/1183/699
f 1206/1221/722 1207/1222/713 1210/1225/724
f 1206/1221/722 1210/1225/724 1209/1224/723
f 1207/1222/713 1208/1223/14 1211/1226/725
f 1207/1222/713 1211/1226/725 1210/1225/724
f 1211/1226/725 1208/1223/14 1212/1227/726
f 1211/1226/725 1212/1227/726 1213/1228/727
f 1211/1226/725 1213/1228/727 1214/1229/728
f 1211/1226/725 1214/1229/728 1210/1225/724
f 1214/1229/728 1213/1228/727 1215/1230/729
f 1216/1231/730 1209/1224/723 1210/1225/724
f 1216/1231/730 1210/1225/724 1214/1229/728
f 1217/1232/731 1168/1183/699 1209/1224/723
f 1217/1232/731 1209/1224/723 1216/1231/730
f 1168/1183/699 1217/1232/731 742/758/478
f 742/758/478 1217/1232/731 737/753/473
f 1214/1229/728 1215/1230/729 1218/1233/732
f 1214/1229/728 1218/1233/732 1216/1231/730
f 1218/1233/732 1215/1230/729 1219/1234/733
f 1217/1232/731 1216/1231/730 1220/1235/734
f 1217/1232/731 1220/1235/734 737/753/473
f 1220/1235/734 1216/1231/730 1218/1233/732
f 737/753/473 1220/1235/734 1221/1236/735
f 737/753/473 1221/1236/735 724/740/461
f 724/740/461 1221/1236/735 723/739/460
f 1220/1235/734 1218/1233/732 1222/1237/736
f 1220/1235/734 1222/1237/736 1221/1236/735
f 1222/1237/736 1218/1233/732 1219/1234/733
f 723/739/460 1221/1236/735 1223/1238/737
f 1223/1238/737 1221/1236/735 1222/1237/736
f 723/739/460 1223/1238/737 725/741/462
f 1222/1237/736 1219/1234/733 1224/1239/738
f 1222/1237/736 1224/1239/738 1223/1238/737
f 1224/1239/738 1219/1234/733 1225/1240/739
f 725/741/462 1223/1238/737 1226/1241/740
f 1226/1241/740 1223/1238/737 1224/1239/738
f 1224/1239/738 1225/1240/739 1227/1242/741
f 1224/1239/738 1227/1242/741 1226/1241/740
f 1227/1242/741 1225/1240/739 1228/1243/742
f 725/741/462 1226/1241/740 1229/1244/743
f 1229/1244/743 1226/1241/740 1227/1242/741
f 725/741/462 1229/1244/743 727/743/464
f 1227/1242/741 1228/1243/742 1230/1245/744
f 1230/1245/744 1228/1243/742 1231/1246/745
f 1230/1245/744 1231/1246/745 1232/1247/746
f 1227/1242/741 1230/1245/744 1233/1248/747
f 1227/1242/741 1233/1248/747 1229/1244/743
f 1230/1245/744 1232/1247/746 1234/1249/748
f 1230/1245/744 1234/1249/748 1233/1248/747
f 1234/1249/748 1232/1247/746 1235/1250/749
f 1229/1244/743 1233/1248/747 1236/1251/750
f 1229/1244/743 1236/1251/750 727/743/464
f 1233/1248/747 1234/1249/748 1237/1252/751
f 1233/1248/747 1237/1252/751 1236/1251/750
f 1234/1249/748 1235/1250/749 1238/1253/752
f 1234/1249/748 1238/1253/752 1237/1252/751
f 1238/1253/752 1235/1250/749 1239/1254/753
f 1239/1254/753 1235/1250/749 1240/1255/754
f 1239/1254/753 1240/1255/754 450/464/307
f 1239/1254/753 450/464/307 1241/1256/755
f 1239/1254/753 1241/1256/755 1238/1253/752
f 1241/1256/755 450/464/307 1201/1216/718
f 1237/1252/751 1238/1253/752 1242/1257/756
f 1242/1257/756 1238/1253/752 1241/1256/755
f 1237/1252/751 1242/1257/756 1236/1251/750
f 1241/1256/755 1201/1216/718 1243/1258/757
f 1241/1256/755 1243/1258/757 1242/1257/756
f 1243/1258/757 1201/1216/718 1244/1259/758
f 1244/1259/758 1201/1216/718 1198/1213/715
f 1242/1257/756 1243/1258/757 1245/1260/759
f 1245/1260/759 1243/1258/757 1244/1259/758
f 1242/1257/756 1245/1260/759 1236/1251/750
f 1244/1259/758 1198/1213/715 1246/1261/760
f 1244/1259/758 1246/1261/760 1245/1260/759
f 1246/1261/760 1198/1213/715 1193/1208/712
f 1246/1261/760 1193/1208/712 731/747/468
f 1245/1260/759 1246/1261/760 1247/1262/761
f 1245/1260/759 1247/1262/761 1236/1251/750
f 1247/1262/761 1246/1261/760 731/747/468
f 1236/1251/750 1247/1262/761 727/743/464
f 1247/1262/761 731/747/468 719/735/457
f 1247/1262/761 719/735/457 727/743/464
f 1248/1263/762 1249/1264/763 1250/1265/764
f 1250/1265/764 1249/1264/763 1251/1266/765
f 1248/1263/762 1250/1265/764 1252/1267/147
f 1249/1264/763 1248/1263/762 1253/1268/766
f 1250/1265/764 1251/1266/765 1254/1269/767
f 1250/1265/764 1254/1269/767 1252/1267/147
f 1251/1266/765 1249/1264/763 1255/1270/768
f 1249/1264/763 1253/1268/766 1256/1271/769
f 1249/1264/763 1256/1271/769 1255/1270/768
f 1253/1268/766 1248/1263/762 1257/1272/770
f 1248/1263/762 1252/1267/147 1258/1273/771
f 1248/1263/762 1258/1273/771 1257/1272/770
f 1258/1273/771 1252/1267/147 1259/1274/772
f 1251/1266/765 1255/1270/768 1260/1275/773
f 1257/1272/770 1258/1273/771 1261/1276/774
f 1262/1277/775 1252/1267/147 1254/1269/767
f 1252/1267/147 1262/1277/775 1259/1274/772
f 1263/1278/776 1254/1269/767 1251/1266/765
f 1263/1278/776 1251/1266/765 1260/1275/773
f 1262/1277/775 1254/1269/767 1264/1279/777
f 1264/1279/777 1254/1269/767 1263/1278/776
f 1265/1280/778 1258/1273/771 1259/1274/772
f 1258/1273/771 1265/1280/778 1261/1276/774
f 1261/1276/774 1265/1280/778 1266/1281/779
f 1265/1280/778 1259/1274/772 1267/1282/780
f 1266/1281/779 1265/1280/778 1268/1283/781
f 1268/1283/781 1265/1280/778 1267/1282/780
f 1266/1281/779 1268/1283/781 1269/1284/782
f 1266/1281/779 1269/1284/782 1261/1276/774
f 1268/1283/781 1267/1282/780 1270/1285/783
f 1268/1283/781 1270/1285/783 1269/1284/782
f 1267/1282/780 1259/1274/772 1271/1286/784
f 1271/1286/784 1259/1274/772 1262/1277/775
f 1270/1285/783 1267/1282/780 1272/1287/785
f 1272/1287/785 1267/1282/780 1271/1286/784
f 1261/1276/774 1269/1284/782 1273/1288/786
f 1269/1284/782 1270/1285/783 1274/1289/787
f 1269/1284/782 1274/1289/787 1273/1288/786
f 1261/1276/774 1273/1288/786 1257/1272/770
f 1271/1286/784 1262/1277/775 1275/1290/788
f 1275/1290/788 1262/1277/775 1264/1279/777
f 1271/1286/784 1275/1290/788 1276/1291/35
f 1271/1286/784 1276/1291/35 1272/1287/785
f 1257/1272/770 1273/1288/786 1277/1292/183
f 1257/1272/770 1277/1292/183 1253/1268/766
f 1277/1292/183 1273/1288/786 1278/1293/789
f 1278/1293/789 1273/1288/786 1274/1289/787
f 1253/1268/766 1277/1292/183 1279/1294/790
f 1253/1268/766 1279/1294/790 1256/1271/769
f 1277/1292/183 1278/1293/789 1280/1295/791
f 1277/1292/183 1280/1295/791 1279/1294/790
f 1279/1294/790 1280/1295/791 1281/1296/509
f 1279/1294/790 1281/1296/509 1256/1271/769
f 1281/1296/509 1280/1295/791 1282/1297/181
f 1256/1271/769 1281/1296/509 1283/1298/510
f 1282/1297/181 1280/1295/791 1284/1299/792
f 1284/1299/792 1280/1295/791 1278/1293/789
f 1282/1297/181 1284/1299/792 1285/1300/793
f 1285/1300/793 1284/1299/792 1286/1301/23
f 1256/1271/769 1283/1298/510 1287/1302/794
f 1287/1302/794 1283/1298/510 1288/1303/511
f 1256/1271/769 1287/1302/794 1255/1270/768
f 1287/1302/794 1288/1303/511 1289/1304/304
f 1286/1301/23 1284/1299/792 1290/1305/795
f 1255/1270/768 1287/1302/794 1291/1306/796
f 1287/1302/794 1289/1304/304 1292/1307/797
f 1287/1302/794 1292/1307/797 1291/1306/796
f 1292/1307/797 1289/1304/304 1293/1308/394
f 1255/1270/768 1291/1306/796 1260/1275/773
f 1286/1301/23 1290/1305/795 1294/1309/798
f 1286/1301/23 1294/1309/798 1295/1310/448
f 1295/1310/448 1294/1309/798 1296/1311/173
f 1292/1307/797 1293/1308/394 1297/1312/532
f 1297/1312/532 1293/1308/394 1298/1313/799
f 1299/1314/800 1291/1306/796 1292/1307/797
f 1299/1314/800 1292/1307/797 1297/1312/532
f 1297/1312/532 1298/1313/799 1300/1315/801
f 1291/1306/796 1299/1314/800 1301/1316/802
f 1291/1306/796 1301/1316/802 1260/1275/773
f 1299/1314/800 1297/1312/532 1302/1317/803
f 1302/1317/803 1297/1312/532 1300/1315/801
f 1301/1316/802 1299/1314/800 1303/1318/382
f 1303/1318/382 1299/1314/800 1302/1317/803
f 1300/1315/801 1298/1313/799 1304/1319/487
f 1300/1315/801 1304/1319/487 1302/1317/803
f 1304/1319/487 1298/1313/799 1305/1320/804
f 1306/1321/805 1260/1275/773 1301/1316/802
f 1260/1275/773 1306/1321/805 1263/1278/776
f 1306/1321/805 1301/1316/802 1307/1322/806
f 1307/1322/806 1301/1316/802 1303/1318/382
f 1263/1278/776 1306/1321/805 1308/1323/807
f 1263/1278/776 1308/1323/807 1264/1279/777
f 1306/1321/805 1307/1322/806 1309/1324/519
f 1306/1321/805 1309/1324/519 1308/1323/807
f 1264/1279/777 1308/1323/807 1310/1325/808
f 1264/1279/777 1310/1325/808 1275/1290/788
f 1308/1323/807 1309/1324/519 1311/1326/809
f 1308/1323/807 1311/1326/809 1310/1325/808
f 1309/1324/519 1307/1322/806 1312/1327/528
f 1275/1290/788 1310/1325/808 1313/1328/810
f 1275/1290/788 1313/1328/810 1276/1291/35
f 1310/1325/808 1311/1326/809 1314/1329/811
f 1310/1325/808 1314/1329/811 1313/1328/810
f 1311/1326/809 1309/1324/519 1315/1330/812
f 1315/1330/812 1309/1324/519 1312/1327/528
f 1314/1329/811 1311/1326/809 1316/1331/813
f 1316/1331/813 1311/1326/809 1315/1330/812
f 1315/1330/812 1312/1327/528 1317/1332/814
f 1316/1331/813 1315/1330/812 1318/1333/815
f 1318/1333/815 1315/1330/812 1317/1332/814
f 1317/1332/814 1312/1327/528 1319/1334/816
f 1317/1332/814 1319/1334/816 1318/1333/815
f 1319/1334/816 1312/1327/528 1307/1322/806
f 1319/1334/816 1307/1322/806 1303/1318/382
f 1318/1333/815 1319/1334/816 1320/1335/817
f 1320/1335/817 1319/1334/816 1303/1318/382
f 1316/1331/813 1318/1333/815 1321/1336/818
f 1321/1336/818 1318/1333/815 1320/1335/817
f 1320/1335/817 1303/1318/382 1322/1337/819
f 1322/1337/819 1303/1318/382 1302/1317/803
f 1322/1337/819 1302/1317/803 1304/1319/487
f 1320/1335/817 1322/1337/819 1323/1338/820
f 1320/1335/817 1323/1338/820 1321/1336/818
f 1322/1337/819 1304/1319/487 1324/1339/821
f 1322/1337/819 1324/1339/821 1323/1338/820
f 1324/1339/821 1304/1319/487 1305/1320/804
f 1324/1339/821 1305/1320/804 1325/1340/822
f 1324/1339/821 1325/1340/822 1326/1341/823
f 1324/1339/821 1326/1341/823 1323/1338/820
f 1326/1341/823 1325/1340/822 1327/1342/824
f 1326/1341/823 1327/1342/824 1328/1343/825
f 1323/1338/820 1326/1341/823 1329/1344/826
f 1323/1338/820 1329/1344/826 1321/1336/818
f 1326/1341/823 1328/1343/825 1330/1345/827
f 1326/1341/823 1330/1345/827 1329/1344/826
f 1330/1345/827 1328/1343/825 1331/1346/828
f 1321/1336/818 1329/1344/826 1332/1347/829
f 1321/1336/818 1332/1347/829 1316/1331/813
f 1316/1331/813 1332/1347/829 1314/1329/811
f 1332/1347/829 1329/1344/826 1333/1348/830
f 1333/1348/830 1329/1344/826 1330/1345/827
f 1314/1329/811 1332/1347/829 1334/1349/831
f 1334/1349/831 1332/1347/829 1333/1348/830
f 1314/1329/811 1334/1349/831 1313/1328/810
f 1313/1328/810 1334/1349/831 1335/1350/832
f 1335/1350/832 1334/1349/831 1333/1348/830
f 1313/1328/810 1335/1350/832 1276/1291/35
f 1333/1348/830 1330/1345/827 1336/1351/833
f 1333/1348/830 1336/1351/833 1335/1350/832
f 1276/1291/35 1335/1350/832 1337/1352/834
f 1337/1352/834 1335/1350/832 1336/1351/833
f 1276/1291/35 1337/1352/834 1272/1287/785
f 1336/1351/833 1330/1345/827 1338/1353/835
f 1338/1353/835 1330/1345/827 1331/1346/828
f 1337/1352/834 1336/1351/833 1339/1354/169
f 1339/1354/169 1336/1351/833 1338/1353/835
f 1272/1287/785 1337/1352/834 1340/1355/836
f 1340/1355/836 1337/1352/834 1339/1354/169
f 1272/1287/785 1340/1355/836 1270/1285/783
f 1270/1285/783 1340/1355/836 1274/1289/787
f 1338/1353/835 1331/1346/828 1341/1356/837
f 1338/1353/835 1341/1356/837 1339/1354/169
f 1341/1356/837 1331/1346/828 1296/1311/173
f 1341/1356/837 1296/1311/173 1294/1309/798
f 1339/1354/169 1341/1356/837 1342/1357/838
f 1339/1354/169 1342/1357/838 1340/1355/836
f 1342/1357/838 1341/1356/837 1294/1309/798
f 1340/1355/836 1342/1357/838 1274/1289/787
f 1342/1357/838 1294/1309/798 1343/1358/839
f 1342/1357/838 1343/1358/839 1274/1289/787
f 1343/1358/839 1294/1309/798 1290/1305/795
f 1274/1289/787 1343/1358/839 1278/1293/789
f 1343/1358/839 1290/1305/795 1284/1299/792
f 1343/1358/839 1284/1299/792 1278/1293/789
f 1344/1359/840 1345/1360/840 1346/1361/840
f 1346/1361/840 1345/1360/840 1347/1362/840
f 1347/1362/840 1345/1360/840 1348/1363/840
f 1346/1361/840 1347/1362/840 1349/1364/840
f 1348/1363/840 1345/1360/840 1350/1365/840
f 1346/1361/840 1349/1364/840 1351/1366/840
f 1350/1365/840 1345/1360/840 1352/1367/840
f 1350/1365/840 1352/1367/840 1353/1368/840
f 1353/1368/840 1352/1367/840 1354/1369/840
f 1346/1361/840 1351/1366/840 1355/1370/840
f 1355/1370/840 1351/1366/840 1356/1371/840
f 1355/1370/840 1356/1371/840 1357/1372/840
f 1354/1369/840 1352/1367/840 1358/1373/840
f 1358/1373/840 1352/1367/840 1359/1374/840
f 1354/1369/840 1358/1373/840 1360/1375/840
f 1360/1375/840 1358/1373/840 1361/1376/840
f 1361/1376/840 1358/1373/840 1362/1377/840
f 1361/1376/840 1362/1377/840 1363/1378/840
f 1363/1378/840 1362/1377/840 1364/1379/840
f 1364/1379/840 1362/1377/840 1365/1380/840
f 1365/1380/840 1362/1377/840 1366/1381/840
f 1364/1379/840 1365/1380/840 1367/1382/840
f 1367/1382/840 1365/1380/840 1368/1383/840
f 1368/1383/840 1365/1380/840 1369/1384/840
f 1368/1383/840 1369/1384/840 1370/1385/840
f 1370/1385/840 1369/1384/840 1357/1372/840
f 1357/1372/840 1369/1384/840 1355/1370/840
f 1355/1370/840 1369/1384/840 1371/1386/840
f 1372/1387/841 1354/1369/842 1373/1388/842
f 1373/1388/842 1354/1369/842 1374/1389/843
f 1354/1369/842 1372/1387/841 1353/1368/841
f 1374/1389/843 1354/1369/842 1360/1375/843
f 1353/1368/841 1372/1387/841 1350/1365/844
f 1374/1389/843 1360/1375/843 1361/1376/845
f 1350/1365/844 1372/1387/841 1375/1390/844
f 1374/1389/843 1361/1376/845 1376/1391/846
f 1350/1365/844 1375/1390/844 1348/1363/847
f 1376/1391/846 1361/1376/845 1377/1392/848
f 1348/1363/847 1375/1390/844 1378/1393/847
f 1377/1392/848 1361/1376/845 1363/1378/848
f 1348/1363/847 1378/1393/847 1379/1394/849
f 1377/1392/848 1363/1378/848 1364/1379/850
f 1348/1363/847 1379/1394/849 1347/1362/849
f 1377/1392/848 1364/1379/850 1380/1395/850
f 1347/1362/849 1379/1394/849 1381/1396/851
f 1380/1395/850 1364/1379/850 1367/1382/852
f 1347/1362/849 1381/1396/851 1349/1364/851
f 1380/1395/850 1367/1382/852 1382/1397/852
f 1349/1364/851 1381/1396/851 1383/1398/853
f 1382/1397/852 1367/1382/852 1384/1399/854
f 1349/1364/851 1383/1398/853 1351/1366/853
f 1384/1399/854 1367/1382/852 1368/1383/854
f 1351/1366/853 1383/1398/853 1385/1400/855
f 1384/1399/854 1368/1383/854 1386/1401/856
f 1351/1366/853 1385/1400/855 1356/1371/855
f 1386/1401/856 1368/1383/854 1370/1385/856
f 1356/1371/855 1385/1400/855 1357/1372/857
f 1386/1401/856 1370/1385/856 1357/1372/857
f 1357/1372/857 1385/1400/855 1387/1402/857
f 1357/1372/857 1387/1402/857 1386/1401/856
f 1388/1403/714 1389/1404/858 1390/1405/859
f 1389/1404/858 1388/1403/714 1391/1406/860
f 1388/1403/714 1390/1405/859 1392/1407/861
f 1389/1404/858 1391/1406/860 1393/1408/722
f 1392/1407/861 1390/1405/859 1394/1409/862
f 1392/1407/861 1394/1409/862 1395/1410/863
f 1390/1405/859 1389/1404/858 1396/1411/269
f 1389/1404/858 1393/1408/722 1397/1412/864
f 1397/1412/864 1393/1408/722 1398/1413/865
f 1395/1410/863 1394/1409/862 1399/1414/866
f 1389/1404/858 1397/1412/864 1400/1415/867
f 1389/1404/858 1400/1415/867 1396/1411/269
f 1395/1410/863 1399/1414/866 1401/1416/868
f 1401/1416/868 1399/1414/866 1402/1417/869
f 1401/1416/868 1402/1417/869 1403/1418/870
f 1403/1418/870 1402/1417/869 1399/1414/866
f 1401/1416/868 1403/1418/870 1404/1419/871
f 1403/1418/870 1399/1414/866 1405/1420/872
f 1403/1418/870 1405/1420/872 1404/1419/871
f 1405/1420/872 1399/1414/866 1394/1409/862
f 1404/1419/871 1405/1420/872 1406/1421/873
f 1405/1420/872 1394/1409/862 1407/1422/874
f 1405/1420/872 1407/1422/874 1406/1421/873
f 1407/1422/874 1394/1409/862 1390/1405/859
f 1407/1422/874 1390/1405/859 1396/1411/269
f 1406/1421/873 1407/1422/874 1408/1423/875
f 1408/1423/875 1407/1422/874 1396/1411/269
f 1408/1423/875 1396/1411/269 1409/1424/876
f 1409/1424/876 1396/1411/269 1410/1425/877
f 1410/1425/877 1396/1411/269 1400/1415/867
f 1410/1425/877 1400/1415/867 1411/1426/878
f 1411/1426/878 1400/1415/867 1412/1427/879
f 1412/1427/879 1400/1415/867 1397/1412/864
f 1411/1426/878 1412/1427/879 1413/1428/880
f 1412/1427/879 1397/1412/864 1414/1429/881
f 1414/1429/881 1397/1412/864 1398/1413/865
f 1414/1429/881 1398/1413/865 1415/1430/882
f 1413/1428/880 1412/1427/879 1416/1431/883
f 1416/1431/883 1412/1427/879 1414/1429/881
f 1413/1428/880 1416/1431/883 1417/1432/206
f 1414/1429/881 1415/1430/882 1418/1433/884
f 1414/1429/881 1418/1433/884 1416/1431/883
f 1418/1433/884 1415/1430/882 1417/1432/206
f 1417/1432/206 1416/1431/883 1419/1434/885
f 1419/1434/885 1416/1431/883 1418/1433/884
f 1419/1434/885 1418/1433/884 1417/1432/206
f 1420/1435/840 1421/1436/840 1422/1437/840
f 1421/1436/840 1420/1435/840 1423/1438/840
f 1424/1439/840 1425/1440/840 1421/1436/840
f 1421/1436/840 1425/1440/840 1426/1441/840
f 1421/1436/840 1426/1441/840 1422/1437/840
f 1422/1437/840 1426/1441/840 1427/1442/840
f 1422/1437/840 1427/1442/840 1428/1443/840
f 1428/1443/840 1427/1442/840 1429/1444/840
f 1427/1442/840 1426/1441/840 1430/1445/840
f 1430/1445/840 1426/1441/840 1431/1446/840
f 1432/1447/886 449/463/294 448/462/306
f 1432/1447/886 448/462/306 452/466/309
f 1433/1448/887 436/450/294 449/463/294
f 1433/1448/887 449/463/294 1432/1447/886
f 436/450/294 1433/1448/887 1434/1449/888
f 436/450/294 1434/1449/888 434/448/292
f 1435/1450/889 452/466/309 451/465/308
f 452/466/309 1435/1450/889 1432/1447/886
f 1435/1450/889 451/465/308 1240/1255/754
f 1240/1255/754 451/465/308 450/464/307
f 1432/1447/886 1435/1450/889 1436/1451/890
f 1432/1447/886 1436/1451/890 1433/1448/887
f 1436/1451/890 1435/1450/889 1437/1452/306
f 1437/1452/306 1435/1450/889 1240/1255/754
f 1433/1448/887 1436/1451/890 1438/1453/887
f 1433/1448/887 1438/1453/887 1434/1449/888
f 1436/1451/890 1437/1452/306 1439/1454/891
f 1436/1451/890 1439/1454/891 1438/1453/887
f 1437/1452/306 1240/1255/754 1440/1455/892
f 1437/1452/306 1440/1455/892 1441/1456/893
f 1437/1452/306 1441/1456/893 1439/1454/891
f 1440/1455/892 1240/1255/754 1235/1250/749
f 1438/1453/887 1439/1454/891 1442/1457/894
f 1441/1456/893 1440/1455/892 1232/1247/746
f 1232/1247/746 1440/1455/892 1235/1250/749
f 1439/1454/891 1441/1456/893 1443/1458/745
f 1439/1454/891 1443/1458/745 1442/1457/894
f 1441/1456/893 1232/1247/746 1231/1246/745
f 1441/1456/893 1231/1246/745 1443/1458/745
f 1438/1453/887 1442/1457/894 1444/1459/895
f 1438/1453/887 1444/1459/895 1434/1449/888
f 1442/1457/894 1443/1458/745 1445/1460/896
f 1443/1458/745 1231/1246/745 1446/1461/896
f 1443/1458/745 1446/1461/896 1445/1460/896
f 1442/1457/894 1445/1460/896 1447/1462/897
f 1442/1457/894 1447/1462/897 1444/1459/895
f 1447/1462/897 1445/1460/896 1448/1463/898
f 1444/1459/895 1447/1462/897 1449/1464/899
f 1449/1464/899 1447/1462/897 1448/1463/898
f 1448/1463/898 1445/1460/896 1450/1465/900
f 1450/1465/900 1445/1460/896 1446/1461/896
f 1448/1463/898 1450/1465/900 1451/1466/901
f 1448/1463/898 1451/1466/901 1449/1464/899
f 1450/1465/900 1446/1461/896 1452/1467/902
f 1451/1466/901 1450/1465/900 1453/1468/903
f 1453/1468/903 1450/1465/900 1452/1467/902
f 1452/1467/902 1446/1461/896 1228/1243/742
f 1228/1243/742 1446/1461/896 1231/1246/745
f 1453/1468/903 1452/1467/902 1454/1469/904
f 1449/1464/899 1451/1466/901 1455/1470/905
f 1451/1466/901 1453/1468/903 1456/1471/906
f 1451/1466/901 1456/1471/906 1455/1470/905
f 1456/1471/906 1453/1468/903 1457/1472/907
f 1457/1472/907 1453/1468/903 1454/1469/904
f 1455/1470/905 1456/1471/906 1458/1473/908
f 1454/1469/904 1452/1467/902 1459/1474/699
f 1459/1474/699 1452/1467/902 1228/1243/742
f 1456/1471/906 1457/1472/907 1460/1475/909
f 1456/1471/906 1460/1475/909 1458/1473/908
f 1457/1472/907 1454/1469/904 1461/1476/910
f 1457/1472/907 1461/1476/910 1460/1475/909
f 1454/1469/904 1459/1474/699 1462/1477/911
f 1454/1469/904 1462/1477/911 1461/1476/910
f 1463/1478/912 1464/1479/912 1465/1480/912
f 1463/1478/912 1465/1480/912 1466/1481/912
f 1466/1481/912 1465/1480/912 1467/1482/912
f 1463/1478/912 1466/1481/912 1468/1483/912
f 1467/1482/912 1465/1480/912 1469/1484/912
f 1463/1478/912 1468/1483/912 1470/1485/912
f 1469/1484/912 1465/1480/912 754/770/912
f 1469/1484/912 754/770/912 1471/1486/912
f 1471/1486/912 754/770/912 1472/1487/912
f 1463/1478/912 1470/1485/912 1473/1488/912
f 1473/1488/912 1470/1485/912 1474/1489/912
f 1473/1488/912 1474/1489/912 1475/1490/912
f 1472/1487/912 754/770/912 767/783/912
f 767/783/912 754/770/912 753/769/912
f 1472/1487/912 767/783/912 1476/1491/912
f 1476/1491/912 767/783/912 1477/1492/912
f 1477/1492/912 767/783/912 769/785/912
f 1477/1492/912 769/785/912 1478/1493/912
f 1478/1493/912 769/785/912 1479/1494/912
f 1479/1494/912 769/785/912 745/761/912
f 745/761/912 769/785/912 743/759/912
f 1479/1494/912 745/761/912 1480/1495/912
f 1480/1495/912 745/761/912 1481/1496/912
f 1481/1496/912 745/761/912 1482/1497/912
f 1481/1496/912 1482/1497/912 1483/1498/912
f 1483/1498/912 1482/1497/912 1475/1490/912
f 1475/1490/912 1482/1497/912 1473/1488/912
f 1473/1488/912 1482/1497/912 1484/1499/912
f 1485/1500/913 1486/1501/914 1487/1502/915
f 1485/1500/913 1487/1502/915 1488/1503/916
f 1486/1501/914 1485/1500/913 1489/1504/78
f 1485/1500/913 1488/1503/916 1490/1505/917
f 1485/1500/913 1490/1505/917 1489/1504/78
f 1486/1501/914 1489/1504/78 1491/1506/918
f 1491/1506/918 1489/1504/78 1490/1505/917
f 1486/1501/914 1491/1506/918 1492/1507/919
f 1490/1505/917 1488/1503/916 1493/1508/920
f 1490/1505/917 1493/1508/920 1491/1506/918
f 1493/1508/920 1488/1503/916 1494/1509/680
f 1492/1507/919 1491/1506/918 1495/1510/921
f 1495/1510/921 1491/1506/918 1493/1508/920
f 1492/1507/919 1495/1510/921 1496/1511/922
f 1493/1508/920 1494/1509/680 1497/1512/923
f 1493/1508/920 1497/1512/923 1495/1510/921
f 1497/1512/923 1494/1509/680 1498/1513/664
f 1497/1512/923 1498/1513/664 1499/1514/662
f 1496/1511/922 1495/1510/921 1500/1515/858
f 1500/1515/858 1495/1510/921 1497/1512/923
f 1496/1511/922 1500/1515/858 1501/1516/924
f 1501/1516/924 1500/1515/858 1502/1517/925
f 1497/1512/923 1499/1514/662 1503/1518/926
f 1497/1512/923 1503/1518/926 1500/1515/858
f 1503/1518/926 1499/1514/662 1504/1519/660
f 1502/1517/925 1500/1515/858 1505/1520/859
f 1505/1520/859 1500/1515/858 1503/1518/926
f 1502/1517/925 1505/1520/859 1506/1521/927
f 1503/1518/926 1504/1519/660 1507/1522/928
f 1503/1518/926 1507/1522/928 1505/1520/859
f 1507/1522/928 1504/1519/660 1508/1523/663
f 1506/1521/927 1505/1520/859 1509/1524/929
f 1509/1524/929 1505/1520/859 1507/1522/928
f 1506/1521/927 1509/1524/929 1510/1525/930
f 1507/1522/928 1508/1523/663 1511/1526/931
f 1507/1522/928 1511/1526/931 1509/1524/929
f 1511/1526/931 1508/1523/663 1512/1527/932
f 1510/1525/930 1509/1524/929 1513/1528/933
f 1513/1528/933 1509/1524/929 1511/1526/931
f 1513/1528/933 1511/1526/931 1514/1529/934
f 1514/1529/934 1511/1526/931 1512/1527/932
f 1510/1525/930 1513/1528/933 1515/1530/935
f 1515/1530/935 1513/1528/933 1514/1529/934
f 1515/1530/935 1514/1529/934 1512/1527/932
f 1510/1525/930 1515/1530/935 1516/1531/936
f 1516/1531/936 1515/1530/935 1512/1527/932
f 1517/1532/937 1470/1485/480 1518/1533/480
f 1518/1533/480 1470/1485/480 1468/1483/938
f 1470/1485/480 1517/1532/937 1474/1489/937
f 1518/1533/480 1468/1483/938 1519/1534/938
f 1474/1489/937 1517/1532/937 1475/1490/939
f 1519/1534/938 1468/1483/938 1466/1481/940
f 1475/1490/939 1517/1532/937 1520/1535/939
f 1519/1534/938 1466/1481/940 1521/1536/637
f 1475/1490/939 1520/1535/939 1483/1498/941
f 1521/1536/637 1466/1481/940 1467/1482/942
f 1483/1498/941 1520/1535/939 1522/1537/941
f 1521/1536/637 1467/1482/942 1523/1538/85
f 1483/1498/941 1522/1537/941 1481/1496/943
f 1523/1538/85 1467/1482/942 1524/1539/944
f 1481/1496/943 1522/1537/941 1525/1540/943
f 1524/1539/944 1467/1482/942 1469/1484/944
f 1481/1496/943 1525/1540/943 1480/1495/945
f 1524/1539/944 1469/1484/944 1526/1541/682
f 1480/1495/945 1525/1540/943 1527/1542/54
f 1526/1541/682 1469/1484/944 1471/1486/682
f 1480/1495/945 1527/1542/54 1528/1543/946
f 1526/1541/682 1471/1486/682 1472/1487/947
f 1480/1495/945 1528/1543/946 1479/1494/948
f 1526/1541/682 1472/1487/947 1529/1544/947
f 1479/1494/948 1528/1543/946 1530/1545/673
f 1529/1544/947 1472/1487/947 1531/1546/949
f 1479/1494/948 1530/1545/673 1478/1493/673
f 1531/1546/949 1472/1487/947 1476/1491/949
f 1478/1493/673 1530/1545/673 1477/1492/950
f 1531/1546/949 1476/1491/949 1477/1492/950
f 1477/1492/950 1530/1545/673 1532/1547/950
f 1477/1492/950 1532/1547/950 1531/1546/949
f 49/49/840 21/21/840 23/23/840
f 49/49/840 23/23/840 1533/1548/840
f 1533/1548/840 23/23/840 1534/1549/840
f 49/49/840 1533/1548/840 1535/1550/840
f 1534/1549/840 23/23/840 1536/1551/840
f 49/49/840 1535/1550/840 1537/1552/840
f 1536/1551/840 23/23/840 1120/1135/840
f 1536/1551/840 1120/1135/840 1538/1553/840
f 1538/1553/840 1120/1135/840 1539/1554/840
f 49/49/840 1537/1552/840 50/50/840
f 50/50/840 1537/1552/840 1540/1555/840
f 50/50/840 1540/1555/840 1541/1556/840
f 1539/1554/840 1120/1135/840 1070/1083/840
f 1070/1083/840 1120/1135/840 1068/1081/840
f 1539/1554/840 1070/1083/840 1542/1557/840
f 1542/1557/840 1070/1083/840 1543/1558/840
f 1543/1558/840 1070/1083/840 1544/1559/840
f 1543/1558/840 1544/1559/840 1545/1560/840
f 1545/1560/840 1544/1559/840 1546/1561/840
f 1546/1561/840 1544/1559/840 1547/1562/840
f 1547/1562/840 1544/1559/840 1548/1563/840
f 1546/1561/840 1547/1562/840 1549/1564/840
f 1549/1564/840 1547/1562/840 1550/1565/840
f 1550/1565/840 1547/1562/840 29/29/840
f 1550/1565/840 29/29/840 1551/1566/840
f 1551/1566/840 29/29/840 1541/1556/840
f 1541/1556/840 29/29/840 50/50/840
f 50/50/840 29/29/840 28/28/840
f 1552/1567/912 1553/1568/912 1554/1569/912
f 1553/1568/912 1552/1567/912 1555/1570/912
f 1554/1569/912 1553/1568/912 747/763/912
f 747/763/912 1553/1568/912 748/764/912
f 1554/1569/912 747/763/912 751/767/912
f 751/767/912 747/763/912 772/788/912
f 751/767/912 772/788/912 771/787/912
f 1554/1569/912 751/767/912 1556/1571/912
f 1556/1571/912 751/767/912 750/766/912
f 1557/1572/951 1558/1573/952 879/895/523
f 879/895/523 1558/1573/952 877/893/521
f 877/893/521 1558/1573/952 912/928/360
f 912/928/360 1558/1573/952 1007/1023/618
f 1558/1573/952 1557/1572/951 1559/1574/951
f 1558/1573/952 1559/1574/951 1007/1023/618
f 1559/1574/951 1557/1572/951 1560/1575/953
f 1559/1574/951 1560/1575/953 1561/1576/954
f 1561/1576/954 1560/1575/953 1562/1577/955
f 1561/1576/954 1562/1577/955 991/1007/605
f 1559/1574/951 1561/1576/954 1563/1578/956
f 1559/1574/951 1563/1578/956 1007/1023/618
f 1561/1576/954 991/1007/605 1564/1579/957
f 1561/1576/954 1564/1579/957 1563/1578/956
f 1564/1579/957 991/1007/605 992/1008/606
f 1007/1023/618 1563/1578/956 1565/1580/958
f 1565/1580/958 1563/1578/956 1564/1579/957
f 1007/1023/618 1565/1580/958 994/1010/608
f 1564/1579/957 992/1008/606 994/1010/608
f 1564/1579/957 994/1010/608 1565/1580/958
f 1551/1566/959 1566/1581/960 1567/1582/959
f 1566/1581/960 1551/1566/959 1541/1556/960
f 1551/1566/959 1567/1582/959 1550/1565/961
f 1566/1581/960 1541/1556/960 1568/1583/962
f 1550/1565/961 1567/1582/959 1569/1584/961
f 1568/1583/962 1541/1556/960 1540/1555/962
f 1550/1565/961 1569/1584/961 1549/1564/963
f 1568/1583/962 1540/1555/962 1570/1585/964
f 1549/1564/963 1569/1584/961 1571/1586/963
f 1570/1585/964 1540/1555/962 1537/1552/964
f 1549/1564/963 1571/1586/963 1572/1587/965
f 1570/1585/964 1537/1552/964 1573/1588/966
f 1549/1564/963 1572/1587/965 1546/1561/965
f 1573/1588/966 1537/1552/964 1535/1550/966
f 1546/1561/965 1572/1587/965 1574/1589/967
f 1573/1588/966 1535/1550/966 1575/1590/968
f 1546/1561/965 1574/1589/967 1545/1560/967
f 1575/1590/968 1535/1550/966 1533/1548/968
f 1545/1560/967 1574/1589/967 1543/1558/969
f 1575/1590/968 1533/1548/968 1576/1591/970
f 1543/1558/969 1574/1589/967 1577/1592/969
f 1576/1591/970 1533/1548/968 1534/1549/970
f 1543/1558/969 1577/1592/969 1578/1593/971
f 1576/1591/970 1534/1549/970 1579/1594/972
f 1543/1558/969 1578/1593/971 1542/1557/971
f 1579/1594/972 1534/1549/970 1536/1551/972
f 1542/1557/971 1578/1593/971 1539/1554/973
f 1579/1594/972 1536/1551/972 1580/1595/974
f 1539/1554/973 1578/1593/971 1581/1596/973
f 1539/1554/973 1581/1596/973 1580/1595/974
f 1580/1595/974 1536/1551/972 1538/1553/974
f 1580/1595/974 1538/1553/974 1539/1554/973
f 1582/1597/840 1072/1085/840 1583/1598/840
f 1072/1085/840 1582/1597/840 1073/1086/840
f 1583/1598/840 1072/1085/840 26/26/840
f 26/26/840 1072/1085/840 25/25/840
f 25/25/840 1072/1085/840 1121/1136/840
f 1583/1598/840 26/26/840 32/32/840
f 32/32/840 26/26/840 45/45/840
f 32/32/840 45/45/840 47/47/840
f 1583/1598/840 32/32/840 1584/1599/840
f 1584/1599/840 32/32/840 31/31/840
f 1585/1600/975 1586/1601/976 1587/1602/642
f 1587/1602/642 1586/1601/976 1588/1603/977
f 1587/1602/642 1588/1603/977 1589/1604/978
f 1589/1604/978 1588/1603/977 1590/1605/638
f 1590/1605/638 1588/1603/977 1591/1606/979
f 1591/1606/979 1588/1603/977 1586/1601/976
f 1590/1605/638 1591/1606/979 1592/1607/980
f 1591/1606/979 1586/1601/976 1593/1608/981
f 1591/1606/979 1593/1608/981 1592/1607/980
f 1594/1609/982 1586/1601/976 1585/1600/975
f 1586/1601/976 1594/1609/982 1593/1608/981
f 1592/1607/980 1593/1608/981 1595/1610/687
f 1595/1610/687 1593/1608/981 1594/1609/982
f 1592/1607/980 1595/1610/687 1596/1611/916
f 1594/1609/982 1585/1600/975 1597/1612/983
f 1594/1609/982 1597/1612/983 1595/1610/687
f 1597/1612/983 1585/1600/975 1598/1613/984
f 1596/1611/916 1595/1610/687 1599/1614/87
f 1599/1614/87 1595/1610/687 1597/1612/983
f 1596/1611/916 1599/1614/87 1600/1615/985
f 1597/1612/983 1598/1613/984 1601/1616/68
f 1597/1612/983 1601/1616/68 1599/1614/87
f 1601/1616/68 1598/1613/984 1602/1617/700
f 1600/1615/985 1599/1614/87 1603/1618/986
f 1603/1618/986 1599/1614/87 1601/1616/68
f 1600/1615/985 1603/1618/986 1604/1619/987
f 1601/1616/68 1602/1617/700 1605/1620/988
f 1601/1616/68 1605/1620/988 1603/1618/986
f 1605/1620/988 1602/1617/700 1606/1621/989
f 1604/1619/987 1603/1618/986 1607/1622/990
f 1607/1622/990 1603/1618/986 1605/1620/988
f 1604/1619/987 1607/1622/990 1608/1623/164
f 1605/1620/988 1606/1621/989 1609/1624/991
f 1605/1620/988 1609/1624/991 1607/1622/990
f 1609/1624/991 1606/1621/989 1610/1625/178
f 1608/1623/164 1607/1622/990 1611/1626/992
f 1611/1626/992 1607/1622/990 1609/1624/991
f 1608/1623/164 1611/1626/992 1612/1627/993
f 1609/1624/991 1610/1625/178 1613/1628/994
f 1609/1624/991 1613/1628/994 1611/1626/992
f 1613/1628/994 1610/1625/178 1614/1629/995
f 1612/1627/993 1611/1626/992 1615/1630/676
f 1615/1630/676 1611/1626/992 1613/1628/994
f 1615/1630/676 1613/1628/994 1614/1629/995
f 1612/1627/993 1615/1630/676 1616/1631/949
f 1616/1631/949 1615/1630/676 1614/1629/995
f 346/360/241 1617/1632/241 344/358/241
f 1617/1632/241 346/360/241 1618/1633/241
f 1619/1634/996 1620/1635/997 1621/1636/998
f 1621/1636/998 1620/1635/997 1622/1637/999
f 1620/1635/997 1619/1634/996 1623/1638/1000
f 1619/1634/996 1621/1636/998 1624/1639/426
f 1622/1637/999 1620/1635/997 1625/1640/1001
f 1621/1636/998 1622/1637/999 1626/1641/1002
f 1620/1635/997 1623/1638/1000 1627/1642/1003
f 1620/1635/997 1627/1642/1003 1625/1640/1001
f 1625/1640/1001 1627/1642/1003 1628/1643/304
f 1628/1643/304 1627/1642/1003 1629/1644/1004
f 1625/1640/1001 1628/1643/304 1630/1645/1005
f 1629/1644/1004 1627/1642/1003 1631/1646/1006
f 1631/1646/1006 1627/1642/1003 1623/1638/1000
f 1629/1644/1004 1631/1646/1006 1632/1647/1007
f 1625/1640/1001 1630/1645/1005 1633/1648/1008
f 1625/1640/1001 1633/1648/1008 1622/1637/999
f 1633/1648/1008 1630/1645/1005 1634/1649/1009
f 1632/1647/1007 1631/1646/1006 1635/1650/1010
f 1632/1647/1007 1635/1650/1010 1636/1651/238
f 1635/1650/1010 1631/1646/1006 1637/1652/1011
f 1637/1652/1011 1631/1646/1006 1623/1638/1000
f 1635/1650/1010 1637/1652/1011 1638/1653/1012
f 1636/1651/238 1635/1650/1010 1639/1654/1013
f 1639/1654/1013 1635/1650/1010 1638/1653/1012
f 1636/1651/238 1639/1654/1013 1640/1655/1014
f 1638/1653/1012 1637/1652/1011 1641/1656/1015
f 1638/1653/1012 1641/1656/1015 1639/1654/1013
f 1637/1652/1011 1623/1638/1000 1642/1657/1016
f 1637/1652/1011 1642/1657/1016 1641/1656/1015
f 1642/1657/1016 1623/1638/1000 1619/1634/996
f 1640/1655/1014 1639/1654/1013 1643/1658/1017
f 1643/1658/1017 1639/1654/1013 1641/1656/1015
f 1643/1658/1017 1641/1656/1015 1642/1657/1016
f 1640/1655/1014 1643/1658/1017 1644/1659/1018
f 1642/1657/1016 1619/1634/996 1645/1660/1019
f 1642/1657/1016 1645/1660/1019 1643/1658/1017
f 1643/1658/1017 1645/1660/1019 1644/1659/1018
f 1644/1659/1018 1645/1660/1019 1646/1661/1020
f 1645/1660/1019 1619/1634/996 1624/1639/426
f 1645/1660/1019 1624/1639/426 1646/1661/1020
f 1646/1661/1020 1624/1639/426 1647/1662/1021
f 1647/1662/1021 1624/1639/426 1648/1663/1022
f 1648/1663/1022 1624/1639/426 1621/1636/998
f 1647/1662/1021 1648/1663/1022 1649/1664/1023
f 1648/1663/1022 1621/1636/998 1626/1641/1002
f 1649/1664/1023 1648/1663/1022 1650/1665/1024
f 1650/1665/1024 1648/1663/1022 1626/1641/1002
f 1649/1664/1023 1650/1665/1024 1651/1666/825
f 1651/1666/825 1650/1665/1024 1652/1667/985
f 1652/1667/985 1650/1665/1024 1626/1641/1002
f 1651/1666/825 1652/1667/985 1653/1668/1025
f 1653/1668/1025 1652/1667/985 1654/1669/1026
f 1653/1668/1025 1654/1669/1026 1655/1670/1027
f 1652/1667/985 1626/1641/1002 1656/1671/405
f 1652/1667/985 1656/1671/405 1654/1669/1026
f 1656/1671/405 1626/1641/1002 1657/1672/1028
f 1657/1672/1028 1626/1641/1002 1622/1637/999
f 1657/1672/1028 1622/1637/999 1633/1648/1008
f 1655/1670/1027 1654/1669/1026 1658/1673/1029
f 1655/1670/1027 1658/1673/1029 1659/1674/173
f 1657/1672/1028 1633/1648/1008 1660/1675/700
f 1660/1675/700 1633/1648/1008 1634/1649/1009
f 1660/1675/700 1634/1649/1009 1661/1676/500
f 1657/1672/1028 1660/1675/700 1662/1677/1030
f 1657/1672/1028 1662/1677/1030 1656/1671/405
f 1660/1675/700 1661/1676/500 1663/1678/1031
f 1660/1675/700 1663/1678/1031 1662/1677/1030
f 1663/1678/1031 1661/1676/500 1664/1679/496
f 1656/1671/405 1662/1677/1030 1665/1680/1032
f 1656/1671/405 1665/1680/1032 1654/1669/1026
f 1662/1677/1030 1663/1678/1031 1666/1681/1033
f 1662/1677/1030 1666/1681/1033 1665/1680/1032
f 1663/1678/1031 1664/1679/496 1667/1682/1034
f 1663/1678/1031 1667/1682/1034 1666/1681/1033
f 1667/1682/1034 1664/1679/496 1668/1683/1035
f 1654/1669/1026 1665/1680/1032 1669/1684/1036
f 1669/1684/1036 1665/1680/1032 1666/1681/1033
f 1654/1669/1026 1669/1684/1036 1658/1673/1029
f 1666/1681/1033 1667/1682/1034 1670/1685/1037
f 1666/1681/1033 1670/1685/1037 1669/1684/1036
f 1667/1682/1034 1668/1683/1035 1671/1686/179
f 1667/1682/1034 1671/1686/179 1670/1685/1037
f 1671/1686/179 1668/1683/1035 1672/1687/176
f 1669/1684/1036 1670/1685/1037 1673/1688/1038
f 1669/1684/1036 1673/1688/1038 1658/1673/1029
f 1670/1685/1037 1671/1686/179 1674/1689/1039
f 1670/1685/1037 1674/1689/1039 1673/1688/1038
f 1671/1686/179 1672/1687/176 1675/1690/1040
f 1671/1686/179 1675/1690/1040 1674/1689/1039
f 1675/1690/1040 1672/1687/176 1676/1691/1041
f 1658/1673/1029 1673/1688/1038 1677/1692/168
f 1658/1673/1029 1677/1692/168 1659/1674/173
f 1659/1674/173 1677/1692/168 1678/1693/1042
f 1677/1692/168 1673/1688/1038 1679/1694/1043
f 1679/1694/1043 1673/1688/1038 1674/1689/1039
f 1678/1693/1042 1677/1692/168 1680/1695/1044
f 1680/1695/1044 1677/1692/168 1679/1694/1043
f 1678/1693/1042 1680/1695/1044 1681/1696/501
f 1682/1697/1045 1674/1689/1039 1675/1690/1040
f 1674/1689/1039 1682/1697/1045 1679/1694/1043
f 1683/1698/1046 1675/1690/1040 1676/1691/1041
f 1675/1690/1040 1683/1698/1046 1682/1697/1045
f 1683/1698/1046 1676/1691/1041 1684/1699/1047
f 1681/1696/501 1680/1695/1044 1685/1700/1048
f 1681/1696/501 1685/1700/1048 1686/1701/23
f 1687/1702/1049 1680/1695/1044 1679/1694/1043
f 1687/1702/1049 1679/1694/1043 1682/1697/1045
f 1680/1695/1044 1687/1702/1049 1685/1700/1048
f 1688/1703/860 1684/1699/1047 1686/1701/23
f 1688/1703/860 1686/1701/23 1685/1700/1048
f 1684/1699/1047 1688/1703/860 1683/1698/1046
f 1685/1700/1048 1687/1702/1049 1689/1704/1050
f 1685/1700/1048 1689/1704/1050 1688/1703/860
f 1687/1702/1049 1682/1697/1045 1690/1705/1051
f 1690/1705/1051 1682/1697/1045 1683/1698/1046
f 1687/1702/1049 1690/1705/1051 1689/1704/1050
f 1690/1705/1051 1683/1698/1046 1688/1703/860
f 1690/1705/1051 1688/1703/860 1689/1704/1050
f 236/246/1052 261/271/1052 237/247/1052
f 237/247/1052 261/271/1052 1691/1706/1052
f 1691/1706/1052 261/271/1052 1692/1707/1052
f 237/247/1052 1691/1706/1052 1693/1708/1053
f 1692/1707/1052 261/271/1052 1694/1709/1053
f 237/247/1052 1693/1708/1053 1695/1710/1053
f 1694/1709/1053 261/271/1052 262/272/1053
f 1694/1709/1053 262/272/1053 1696/1711/1053
f 1696/1711/1053 262/272/1053 1697/1712/1053
f 237/247/1052 1695/1710/1053 312/324/1052
f 312/324/1052 1695/1710/1053 1698/1713/1053
f 312/324/1052 1698/1713/1053 1699/1714/1053
f 1697/1712/1053 262/272/1053 231/241/1052
f 231/241/1052 262/272/1053 229/239/1052
f 1697/1712/1053 231/241/1052 1700/1715/1053
f 1700/1715/1053 231/241/1052 1701/1716/1052
f 1701/1716/1052 231/241/1052 1702/1717/1052
f 1701/1716/1052 1702/1717/1052 1703/1718/1053
f 1703/1718/1053 1702/1717/1052 1704/1719/1052
f 1704/1719/1052 1702/1717/1052 1705/1720/1053
f 1705/1720/1053 1702/1717/1052 1706/1721/1052
f 1704/1719/1052 1705/1720/1053 1707/1722/1053
f 1707/1722/1053 1705/1720/1053 1708/1723/1053
f 1708/1723/1053 1705/1720/1053 258/268/1053
f 1708/1723/1053 258/268/1053 1709/1724/1053
f 1709/1724/1053 258/268/1053 1699/1714/1053
f 1699/1714/1053 258/268/1053 312/324/1052
f 312/324/1052 258/268/1053 257/267/1052
f 1694/1709/1054 1710/1725/1055 1692/1707/1055
f 1692/1707/1055 1710/1725/1055 1711/1726/1056
f 1710/1725/1055 1694/1709/1054 1712/1727/1054
f 1692/1707/1055 1711/1726/1056 1691/1706/1056
f 1712/1727/1054 1694/1709/1054 1696/1711/1057
f 1691/1706/1056 1711/1726/1056 1713/1728/1058
f 1712/1727/1054 1696/1711/1057 1714/1729/1057
f 1691/1706/1056 1713/1728/1058 1693/1708/1058
f 1714/1729/1057 1696/1711/1057 1697/1712/1059
f 1693/1708/1058 1713/1728/1058 1715/1730/1060
f 1714/1729/1057 1697/1712/1059 1716/1731/1059
f 1693/1708/1058 1715/1730/1060 1695/1710/1060
f 1716/1731/1059 1697/1712/1059 1700/1715/1061
f 1695/1710/1060 1715/1730/1060 1717/1732/1062
f 1716/1731/1059 1700/1715/1061 1718/1733/1061
f 1695/1710/1060 1717/1732/1062 1698/1713/1062
f 1718/1733/1061 1700/1715/1061 1701/1716/1063
f 1698/1713/1062 1717/1732/1062 1699/1714/1064
f 1718/1733/1061 1701/1716/1063 1719/1734/1063
f 1699/1714/1064 1717/1732/1062 1720/1735/1064
f 1719/1734/1063 1701/1716/1063 1721/1736/1065
f 1699/1714/1064 1720/1735/1064 1709/1724/1066
f 1721/1736/1065 1701/1716/1063 1703/1718/1065
f 1709/1724/1066 1720/1735/1064 1722/1737/1066
f 1721/1736/1065 1703/1718/1065 1704/1719/1067
f 1709/1724/1066 1722/1737/1066 1723/1738/1068
f 1721/1736/1065 1704/1719/1067 1724/1739/1067
f 1709/1724/1066 1723/1738/1068 1708/1723/1068
f 1724/1739/1067 1704/1719/1067 1725/1740/1069
f 1708/1723/1068 1723/1738/1068 1707/1722/1069
f 1725/1740/1069 1704/1719/1067 1707/1722/1069
f 1725/1740/1069 1707/1722/1069 1723/1738/1068
f 259/269/162 240/250/1053 264/274/1052
f 264/274/1052 240/250/1053 234/244/1053
f 239/249/1053 311/323/1053 240/250/1053
f 240/250/1053 311/323/1053 255/265/1053
f 240/250/1053 255/265/1053 234/244/1053
f 234/244/1053 255/265/1053 1726/1741/1070
f 1726/1741/1070 255/265/1053 254/264/1052
f 1726/1741/1070 254/264/1052 1727/1742/1052
f 234/244/1053 1726/1741/1070 233/243/1053
f 233/243/1053 1726/1741/1070 1728/1743/1053
f 1729/1744/41 80/82/42 79/81/41
f 1729/1744/41 79/81/41 82/84/44
f 1730/1745/1071 81/83/43 80/82/42
f 1730/1745/1071 80/82/42 1729/1744/41
f 81/83/43 1730/1745/1071 1731/1746/1072
f 81/83/43 1731/1746/1072 1732/1747/1073
f 1732/1747/1073 1731/1746/1072 1733/1748/43
f 1731/1746/1072 1730/1745/1071 1734/1749/1074
f 1730/1745/1071 1729/1744/41 1735/1750/1074
f 1730/1745/1071 1735/1750/1074 1734/1749/1074
f 1735/1750/1074 1729/1744/41 1736/1751/1075
f 1736/1751/1075 1729/1744/41 82/84/44
f 1733/1748/43 1731/1746/1072 1737/1752/1071
f 1737/1752/1071 1731/1746/1072 1734/1749/1074
f 1733/1748/43 1737/1752/1071 1738/1753/42
f 1733/1748/43 1738/1753/42 1739/1754/40
f 1736/1751/1075 82/84/44 1740/1755/957
f 1740/1755/957 82/84/44 73/74/35
f 1739/1754/40 1738/1753/42 1741/1756/39
f 1739/1754/40 1741/1756/39 1742/1757/40
f 1740/1755/957 73/74/35 209/219/155
f 209/219/155 73/74/35 70/70/32
f 1736/1751/1075 1740/1755/957 1743/1758/1076
f 1740/1755/957 209/219/155 210/220/156
f 1740/1755/957 210/220/156 1743/1758/1076
f 209/219/155 70/70/32 205/215/151
f 205/215/151 70/70/32 59/59/24
f 1736/1751/1075 1743/1758/1076 1744/1759/1075
f 1736/1751/1075 1744/1759/1075 1735/1750/1074
f 1735/1750/1074 1744/1759/1075 1745/1760/1077
f 1735/1750/1074 1745/1760/1077 1734/1749/1074
f 1744/1759/1075 1743/1758/1076 1746/1761/1076
f 1744/1759/1075 1746/1761/1076 1745/1760/1077
f 1746/1761/1076 1743/1758/1076 1747/1762/1078
f 1747/1762/1078 1743/1758/1076 210/220/156
f 1745/1760/1077 1746/1761/1076 1748/1763/1079
f 1747/1762/1078 210/220/156 1749/1764/159
f 1749/1764/159 210/220/156 213/223/159
f 1746/1761/1076 1747/1762/1078 1750/1765/1080
f 1746/1761/1076 1750/1765/1080 1748/1763/1079
f 1750/1765/1080 1747/1762/1078 1751/1766/159
f 1750/1765/1080 1751/1766/159 1752/1767/159
f 1750/1765/1080 1752/1767/159 1753/1768/159
f 1750/1765/1080 1753/1768/159 1754/1769/162
f 1750/1765/1080 1754/1769/162 1755/1770/1081
f 1748/1763/1079 1750/1765/1080 1756/1771/1082
f 1756/1771/1082 1750/1765/1080 1755/1770/1081
f 1756/1771/1082 1755/1770/1081 1757/1772/1083
f 1756/1771/1082 1757/1772/1083 342/355/1084
f 1755/1770/1081 1754/1769/162 1758/1773/1085
f 1758/1773/1085 1754/1769/162 1759/1774/158
f 1758/1773/1085 1759/1774/158 1760/1775/158
f 1758/1773/1085 1760/1775/158 1761/1776/158
f 1758/1773/1085 1761/1776/158 1762/1777/1086
f 1756/1771/1082 342/355/1084 1763/1778/1087
f 1756/1771/1082 1763/1778/1087 1748/1763/1079
f 1763/1778/1087 342/355/1084 1764/1779/545
f 1748/1763/1079 1763/1778/1087 1765/1780/810
f 1748/1763/1079 1765/1780/810 1745/1760/1077
f 1765/1780/810 1763/1778/1087 1766/1781/1088
f 1766/1781/1088 1763/1778/1087 1764/1779/545
f 1745/1760/1077 1765/1780/810 1767/1782/1077
f 1745/1760/1077 1767/1782/1077 1734/1749/1074
f 1767/1782/1077 1765/1780/810 1768/1783/1089
f 1768/1783/1089 1765/1780/810 1766/1781/1088
f 1734/1749/1074 1767/1782/1077 1769/1784/1074
f 1734/1749/1074 1769/1784/1074 1737/1752/1071
f 1769/1784/1074 1767/1782/1077 1770/1785/1090
f 1770/1785/1090 1767/1782/1077 1768/1783/1089
f 1737/1752/1071 1769/1784/1074 1771/1786/41
f 1771/1786/41 1769/1784/1074 1770/1785/1090
f 1737/1752/1071 1771/1786/41 1738/1753/42
f 1738/1753/42 1771/1786/41 1772/1787/100
f 1772/1787/100 1771/1786/41 1770/1785/1090
f 1738/1753/42 1772/1787/100 1741/1756/39
f 1772/1787/100 1770/1785/1090 1773/1788/1090
f 1773/1788/1090 1770/1785/1090 1768/1783/1089
f 1741/1756/39 1772/1787/100 1774/1789/41
f 1774/1789/41 1772/1787/100 1773/1788/1090
f 1741/1756/39 1774/1789/41 1775/1790/42
f 1741/1756/39 1775/1790/42 1742/1757/40
f 1742/1757/40 1775/1790/42 1776/1791/40
f 1776/1791/40 1775/1790/42 1777/1792/42
f 1776/1791/40 1777/1792/42 1778/1793/40
f 1775/1790/42 1774/1789/41 1779/1794/41
f 1775/1790/42 1779/1794/41 1777/1792/42
f 1774/1789/41 1773/1788/1090 1780/1795/1090
f 1774/1789/41 1780/1795/1090 1779/1794/41
f 1780/1795/1090 1773/1788/1090 1781/1796/1091
f 1781/1796/1091 1773/1788/1090 1768/1783/1089
f 1778/1793/40 1777/1792/42 1782/1797/92
f 1778/1793/40 1782/1797/92 1783/1798/1092
f 1783/1798/1092 1782/1797/92 1784/1799/1093
f 1784/1799/1093 1782/1797/92 1785/1800/1094
f 1782/1797/92 1777/1792/42 1786/1801/1095
f 1782/1797/92 1786/1801/1095 1785/1800/1094
f 1786/1801/1095 1777/1792/42 1779/1794/41
f 1785/1800/1094 1786/1801/1095 1787/1802/1096
f 1786/1801/1095 1779/1794/41 1788/1803/1090
f 1788/1803/1090 1779/1794/41 1780/1795/1090
f 1787/1802/1096 1786/1801/1095 1789/1804/1097
f 1786/1801/1095 1788/1803/1090 1790/1805/1098
f 1786/1801/1095 1790/1805/1098 1789/1804/1097
f 1788/1803/1090 1780/1795/1090 1791/1806/1089
f 1791/1806/1089 1780/1795/1090 1781/1796/1091
f 1792/1807/240 552/566/394 555/569/397
f 1792/1807/240 555/569/397 1793/1808/1099
f 1793/1808/1099 555/569/397 554/568/396
f 1792/1807/240 1793/1808/1099 1794/1809/513
f 1794/1809/513 1793/1808/1099 1795/1810/1100
f 1794/1809/513 1795/1810/1100 1796/1811/249
f 1793/1808/1099 554/568/396 1797/1812/1101
f 1796/1811/249 1795/1810/1100 1798/1813/1102
f 1796/1811/249 1798/1813/1102 1799/1814/512
f 1795/1810/1100 1793/1808/1099 1800/1815/1103
f 1800/1815/1103 1793/1808/1099 1797/1812/1101
f 1798/1813/1102 1795/1810/1100 1801/1816/1104
f 1801/1816/1104 1795/1810/1100 1800/1815/1103
f 1799/1814/512 1798/1813/1102 1802/1817/794
f 1799/1814/512 1802/1817/794 1803/1818/511
f 1798/1813/1102 1801/1816/1104 1804/1819/1105
f 1798/1813/1102 1804/1819/1105 1802/1817/794
f 1801/1816/1104 1800/1815/1103 1805/1820/1106
f 1803/1818/511 1802/1817/794 1806/1821/1107
f 1803/1818/511 1806/1821/1107 1807/1822/507
f 1802/1817/794 1804/1819/1105 1808/1823/1108
f 1802/1817/794 1808/1823/1108 1806/1821/1107
f 1804/1819/1105 1801/1816/1104 1809/1824/1109
f 1809/1824/1109 1801/1816/1104 1805/1820/1106
f 1807/1822/507 1806/1821/1107 1810/1825/1110
f 1807/1822/507 1810/1825/1110 1811/1826/500
f 1811/1826/500 1810/1825/1110 1812/1827/705
f 1810/1825/1110 1806/1821/1107 1813/1828/763
f 1813/1828/763 1806/1821/1107 1808/1823/1108
f 1812/1827/705 1810/1825/1110 1814/1829/1111
f 1812/1827/705 1814/1829/1111 1815/1830/505
f 1810/1825/1110 1813/1828/763 1816/1831/1112
f 1810/1825/1110 1816/1831/1112 1814/1829/1111
f 1815/1830/505 1814/1829/1111 1817/1832/1113
f 1817/1832/1113 1814/1829/1111 1816/1831/1112
f 1815/1830/505 1817/1832/1113 1818/1833/504
f 1818/1833/504 1817/1832/1113 1819/1834/1114
f 1818/1833/504 1819/1834/1114 1820/1835/503
f 1817/1832/1113 1816/1831/1112 1821/1836/1115
f 1817/1832/1113 1821/1836/1115 1819/1834/1114
f 1822/1837/1116 1816/1831/1112 1813/1828/763
f 1816/1831/1112 1822/1837/1116 1821/1836/1115
f 1822/1837/1116 1813/1828/763 1823/1838/1117
f 1823/1838/1117 1813/1828/763 1808/1823/1108
f 1820/1835/503 1819/1834/1114 1824/1839/1118
f 1820/1835/503 1824/1839/1118 1825/1840/9
f 1819/1834/1114 1821/1836/1115 1826/1841/1119
f 1819/1834/1114 1826/1841/1119 1824/1839/1118
f 1821/1836/1115 1822/1837/1116 1827/1842/1120
f 1821/1836/1115 1827/1842/1120 1826/1841/1119
f 1822/1837/1116 1823/1838/1117 1828/1843/1121
f 1822/1837/1116 1828/1843/1121 1827/1842/1120
f 1825/1840/9 1824/1839/1118 1829/1844/1122
f 1825/1840/9 1829/1844/1122 1830/1845/501
f 1824/1839/1118 1826/1841/1119 1831/1846/1123
f 1824/1839/1118 1831/1846/1123 1829/1844/1122
f 1826/1841/1119 1827/1842/1120 1832/1847/572
f 1826/1841/1119 1832/1847/572 1831/1846/1123
f 1832/1847/572 1827/1842/1120 1833/1848/1124
f 1833/1848/1124 1827/1842/1120 1828/1843/1121
f 1831/1846/1123 1832/1847/572 1834/1849/1125
f 1834/1849/1125 1832/1847/572 1833/1848/1124
f 1829/1844/1122 1831/1846/1123 1835/1850/1126
f 1835/1850/1126 1831/1846/1123 1834/1849/1125
f 1836/1851/1118 1830/1845/501 1829/1844/1122
f 1836/1851/1118 1829/1844/1122 1835/1850/1126
f 1830/1845/501 1836/1851/1118 1837/1852/14
f 1835/1850/1126 1834/1849/1125 1838/1853/1127
f 1838/1853/1127 1834/1849/1125 1833/1848/1124
f 1836/1851/1118 1835/1850/1126 1839/1854/583
f 1839/1854/583 1835/1850/1126 1838/1853/1127
f 1837/1852/14 1836/1851/1118 1840/1855/1128
f 1840/1855/1128 1836/1851/1118 1839/1854/583
f 1228/1243/742 1225/1240/739 1459/1474/699
f 1841/1856/1129 1462/1477/911 1459/1474/699
f 1841/1856/1129 1459/1474/699 1225/1240/739
f 1462/1477/911 1841/1856/1129 1842/1857/1130
f 1462/1477/911 1842/1857/1130 1461/1476/910
f 1461/1476/910 1842/1857/1130 1843/1858/1131
f 1461/1476/910 1843/1858/1131 1460/1475/909
f 1842/1857/1130 1841/1856/1129 1215/1230/729
f 1842/1857/1130 1215/1230/729 1843/1858/1131
f 1841/1856/1129 1225/1240/739 1219/1234/733
f 1841/1856/1129 1219/1234/733 1215/1230/729
f 1460/1475/909 1843/1858/1131 1844/1859/496
f 1460/1475/909 1844/1859/496 1845/1860/495
f 1844/1859/496 1843/1858/1131 1846/1861/498
f 1460/1475/909 1845/1860/495 1847/1862/302
f 1846/1861/498 1843/1858/1131 1213/1228/727
f 1213/1228/727 1843/1858/1131 1215/1230/729
f 1846/1861/498 1213/1228/727 1212/1227/726
f 1847/1862/302 1845/1860/495 1848/1863/1132
f 1460/1475/909 1847/1862/302 1458/1473/908
f 1847/1862/302 1848/1863/1132 1849/1864/1133
f 1849/1864/1133 1848/1863/1132 1850/1865/1134
f 1458/1473/908 1847/1862/302 1851/1866/1135
f 1851/1866/1135 1847/1862/302 1849/1864/1133
f 1849/1864/1133 1850/1865/1134 1852/1867/1136
f 1852/1867/1136 1850/1865/1134 1853/1868/1137
f 1852/1867/1136 1853/1868/1137 1854/1869/1138
f 1849/1864/1133 1852/1867/1136 1855/1870/308
f 1849/1864/1133 1855/1870/308 1851/1866/1135
f 1852/1867/1136 1854/1869/1138 1856/1871/698
f 1852/1867/1136 1856/1871/698 1855/1870/308
f 1856/1871/698 1854/1869/1138 1857/1872/1139
f 1851/1866/1135 1855/1870/308 1858/1873/1140
f 1851/1866/1135 1858/1873/1140 1458/1473/908
f 1855/1870/308 1856/1871/698 1859/1874/1141
f 1855/1870/308 1859/1874/1141 1858/1873/1140
f 1856/1871/698 1857/1872/1139 1860/1875/1142
f 1856/1871/698 1860/1875/1142 1859/1874/1141
f 1860/1875/1142 1857/1872/1139 1861/1876/1143
f 1860/1875/1142 1861/1876/1143 1862/1877/1144
f 1860/1875/1142 1862/1877/1144 1863/1878/1145
f 1860/1875/1142 1863/1878/1145 1859/1874/1141
f 1863/1878/1145 1862/1877/1144 1864/1879/1146
f 1863/1878/1145 1864/1879/1146 1865/1880/1147
f 1865/1880/1147 1864/1879/1146 1866/1881/1148
f 1859/1874/1141 1863/1878/1145 1867/1882/1149
f 1867/1882/1149 1863/1878/1145 1865/1880/1147
f 1865/1880/1147 1866/1881/1148 1868/1883/1150
f 1868/1883/1150 1866/1881/1148 1869/1884/1151
f 1867/1882/1149 1865/1880/1147 1870/1885/1152
f 1870/1885/1152 1865/1880/1147 1868/1883/1150
f 1859/1874/1141 1867/1882/1149 1871/1886/1153
f 1859/1874/1141 1871/1886/1153 1858/1873/1140
f 1867/1882/1149 1870/1885/1152 1872/1887/477
f 1867/1882/1149 1872/1887/477 1871/1886/1153
f 1858/1873/1140 1871/1886/1153 1873/1888/1154
f 1858/1873/1140 1873/1888/1154 1458/1473/908
f 1458/1473/908 1873/1888/1154 1455/1470/905
f 1873/1888/1154 1871/1886/1153 1874/1889/1155
f 1873/1888/1154 1874/1889/1155 1455/1470/905
f 1874/1889/1155 1871/1886/1153 1872/1887/477
f 1455/1470/905 1874/1889/1155 1449/1464/899
f 1449/1464/899 1874/1889/1155 1875/1890/1156
f 1875/1890/1156 1874/1889/1155 1872/1887/477
f 1449/1464/899 1875/1890/1156 1444/1459/895
f 1875/1890/1156 1872/1887/477 1876/1891/1155
f 1876/1891/1155 1872/1887/477 1870/1885/1152
f 1444/1459/895 1875/1890/1156 1877/1892/886
f 1877/1892/886 1875/1890/1156 1876/1891/1155
f 1444/1459/895 1877/1892/886 1434/1449/888
f 1876/1891/1155 1870/1885/1152 1878/1893/1157
f 1878/1893/1157 1870/1885/1152 1868/1883/1150
f 1877/1892/886 1876/1891/1155 1487/1502/1158
f 1434/1449/888 1877/1892/886 1879/1894/1159
f 1879/1894/1159 1877/1892/886 1487/1502/1158
f 1487/1502/1158 1876/1891/1155 1880/1895/1160
f 1880/1895/1160 1876/1891/1155 1878/1893/1157
f 1879/1894/1159 1487/1502/1158 1486/1501/912
f 1879/1894/1159 1486/1501/912 1492/1507/912
f 1487/1502/1158 1880/1895/1160 1488/1503/912
f 1488/1503/912 1880/1895/1160 1494/1509/912
f 1881/1896/1161 1878/1893/1157 1868/1883/1150
f 1878/1893/1157 1881/1896/1161 1880/1895/1160
f 1881/1896/1161 1868/1883/1150 1869/1884/1151
f 1881/1896/1161 1869/1884/1151 1882/1897/190
f 1880/1895/1160 1881/1896/1161 1883/1898/1162
f 1883/1898/1162 1881/1896/1161 1882/1897/190
f 1494/1509/912 1880/1895/1160 1884/1899/633
f 1884/1899/633 1880/1895/1160 1883/1898/1162
f 1494/1509/912 1884/1899/633 1498/1513/1163
f 1498/1513/1163 1884/1899/633 1499/1514/912
f 1499/1514/912 1884/1899/633 1504/1519/1164
f 1504/1519/1164 1884/1899/633 1508/1523/1164
f 1508/1523/1164 1884/1899/633 1885/1900/1165
f 1885/1900/1165 1884/1899/633 1883/1898/1162
f 1508/1523/1164 1885/1900/1165 1512/1527/1166
f 1886/1901/1167 1883/1898/1162 1882/1897/190
f 1883/1898/1162 1886/1901/1167 1885/1900/1165
f 1886/1901/1167 1882/1897/190 1887/1902/1168
f 1512/1527/1166 1885/1900/1165 1516/1531/1169
f 1886/1901/1167 1887/1902/1168 1888/1903/1170
f 1888/1903/1170 1887/1902/1168 1889/1904/1171
f 1885/1900/1165 1886/1901/1167 1890/1905/1172
f 1890/1905/1172 1886/1901/1167 1888/1903/1170
f 1516/1531/1169 1885/1900/1165 1891/1906/1173
f 1891/1906/1173 1885/1900/1165 1890/1905/1172
f 1890/1905/1172 1888/1903/1170 1892/1907/1174
f 1890/1905/1172 1892/1907/1174 1891/1906/1173
f 1888/1903/1170 1889/1904/1171 1893/1908/1175
f 1888/1903/1170 1893/1908/1175 1892/1907/1174
f 1893/1908/1175 1889/1904/1171 1894/1909/1176
f 1893/1908/1175 1894/1909/1176 1895/1910/1177
f 1895/1910/1177 1894/1909/1176 1896/1911/1178
f 1892/1907/1174 1893/1908/1175 1897/1912/1179
f 1897/1912/1179 1893/1908/1175 1895/1910/1177
f 1895/1910/1177 1896/1911/1178 1898/1913/1180
f 1898/1913/1180 1896/1911/1178 1899/1914/1181
f 1898/1913/1180 1899/1914/1181 1900/1915/1182
f 1895/1910/1177 1898/1913/1180 1901/1916/1183
f 1895/1910/1177 1901/1916/1183 1897/1912/1179
f 1898/1913/1180 1900/1915/1182 1902/1917/1184
f 1898/1913/1180 1902/1917/1184 1901/1916/1183
f 1902/1917/1184 1900/1915/1182 1903/1918/1185
f 1902/1917/1184 1903/1918/1185 1904/1919/1186
f 1904/1919/1186 1903/1918/1185 1905/1920/1187
f 1904/1919/1186 1905/1920/1187 1906/1921/1188
f 1902/1917/1184 1904/1919/1186 1907/1922/406
f 1902/1917/1184 1907/1922/406 1901/1916/1183
f 1904/1919/1186 1906/1921/1188 1908/1923/89
f 1904/1919/1186 1908/1923/89 1907/1922/406
f 1908/1923/89 1906/1921/1188 1909/1924/1189
f 1908/1923/89 1909/1924/1189 1910/1925/219
f 1910/1925/219 1909/1924/1189 1911/1926/1190
f 1907/1922/406 1908/1923/89 1912/1927/1191
f 1912/1927/1191 1908/1923/89 1910/1925/219
f 1913/1928/1192 1901/1916/1183 1907/1922/406
f 1913/1928/1192 1907/1922/406 1912/1927/1191
f 1912/1927/1191 1910/1925/219 1914/1929/415
f 1912/1927/1191 1914/1929/415 1913/1928/1192
f 1910/1925/219 1911/1926/1190 1915/1930/1193
f 1910/1925/219 1915/1930/1193 1914/1929/415
f 1915/1930/1193 1911/1926/1190 1916/1931/446
f 1901/1916/1183 1913/1928/1192 1917/1932/1194
f 1901/1916/1183 1917/1932/1194 1897/1912/1179
f 1913/1928/1192 1914/1929/415 1918/1933/1195
f 1913/1928/1192 1918/1933/1195 1917/1932/1194
f 1918/1933/1195 1914/1929/415 1919/1934/1196
f 1897/1912/1179 1917/1932/1194 1920/1935/1197
f 1897/1912/1179 1920/1935/1197 1892/1907/1174
f 1892/1907/1174 1920/1935/1197 1891/1906/1173
f 1917/1932/1194 1918/1933/1195 1921/1936/1173
f 1917/1932/1194 1921/1936/1173 1920/1935/1197
f 1921/1936/1173 1918/1933/1195 1919/1934/1196
f 1919/1934/1196 1914/1929/415 1922/1937/1198
f 1922/1937/1198 1914/1929/415 1915/1930/1193
f 1891/1906/1173 1920/1935/1197 1923/1938/1199
f 1923/1938/1199 1920/1935/1197 1921/1936/1173
f 1891/1906/1173 1923/1938/1199 1924/1939/1200
f 1891/1906/1173 1924/1939/1200 1516/1531/1169
f 1923/1938/1199 1921/1936/1173 1925/1940/1201
f 1925/1940/1201 1921/1936/1173 1919/1934/1196
f 1924/1939/1200 1923/1938/1199 1926/1941/1202
f 1926/1941/1202 1923/1938/1199 1925/1940/1201
f 1516/1531/1169 1924/1939/1200 1927/1942/1203
f 1516/1531/1169 1927/1942/1203 1510/1525/912
f 1510/1525/912 1927/1942/1203 1506/1521/1166
f 1927/1942/1203 1924/1939/1200 1928/1943/1204
f 1928/1943/1204 1924/1939/1200 1926/1941/1202
f 1506/1521/1166 1927/1942/1203 1929/1944/1205
f 1506/1521/1166 1929/1944/1205 1502/1517/1164
f 1502/1517/1164 1929/1944/1205 1501/1516/912
f 1501/1516/912 1929/1944/1205 1496/1511/912
f 1496/1511/912 1929/1944/1205 1492/1507/912
f 1492/1507/912 1929/1944/1205 1879/1894/1159
f 1929/1944/1205 1927/1942/1203 1930/1945/1206
f 1930/1945/1206 1927/1942/1203 1928/1943/1204
f 1879/1894/1159 1929/1944/1205 1931/1946/1207
f 1879/1894/1159 1931/1946/1207 1434/1449/888
f 1434/1449/888 1931/1946/1207 434/448/292
f 434/448/292 1931/1946/1207 406/420/267
f 1931/1946/1207 1929/1944/1205 1932/1947/1208
f 1931/1946/1207 1932/1947/1208 406/420/267
f 1932/1947/1208 1929/1944/1205 1930/1945/1206
f 406/420/267 1932/1947/1208 407/421/268
f 407/421/268 1932/1947/1208 1933/1948/1209
f 1933/1948/1209 1932/1947/1208 1930/1945/1206
f 407/421/268 1933/1948/1209 409/423/270
f 1933/1948/1209 1930/1945/1206 1934/1949/1210
f 1934/1949/1210 1930/1945/1206 1928/1943/1204
f 409/423/270 1933/1948/1209 1935/1950/1211
f 1935/1950/1211 1933/1948/1209 1934/1949/1210
f 409/423/270 1935/1950/1211 417/431/278
f 417/431/278 1935/1950/1211 602/616/427
f 417/431/278 602/616/427 416/430/277
f 1935/1950/1211 1934/1949/1210 1936/1951/1212
f 1935/1950/1211 1936/1951/1212 602/616/427
f 1934/1949/1210 1928/1943/1204 1937/1952/410
f 1934/1949/1210 1937/1952/410 1936/1951/1212
f 1937/1952/410 1928/1943/1204 1938/1953/1199
f 602/616/427 1936/1951/1212 595/609/420
f 1936/1951/1212 1937/1952/410 591/605/416
f 1936/1951/1212 591/605/416 595/609/420
f 591/605/416 1937/1952/410 583/597/410
f 583/597/410 1937/1952/410 1938/1953/1199
f 1938/1953/1199 1928/1943/1204 1939/1954/1213
f 1939/1954/1213 1928/1943/1204 1926/1941/1202
f 583/597/410 1938/1953/1199 578/592/405
f 1938/1953/1199 1939/1954/1213 574/588/220
f 1938/1953/1199 574/588/220 578/592/405
f 1939/1954/1213 1926/1941/1202 1940/1955/1214
f 1939/1954/1213 1940/1955/1214 574/588/220
f 1940/1955/1214 1926/1941/1202 1941/1956/1215
f 1941/1956/1215 1926/1941/1202 1942/1957/1216
f 1942/1957/1216 1926/1941/1202 1925/1940/1201
f 1940/1955/1214 1941/1956/1215 1943/1958/1217
f 1943/1958/1217 1941/1956/1215 1942/1957/1216
f 1942/1957/1216 1925/1940/1201 1944/1959/1218
f 1944/1959/1218 1925/1940/1201 1919/1934/1196
f 1943/1958/1217 1942/1957/1216 1945/1960/1219
f 1945/1960/1219 1942/1957/1216 1944/1959/1218
f 1944/1959/1218 1919/1934/1196 1922/1937/1198
f 1943/1958/1217 1945/1960/1219 1946/1961/1217
f 1945/1960/1219 1944/1959/1218 1947/1962/1220
f 1947/1962/1220 1944/1959/1218 1922/1937/1198
f 1945/1960/1219 1947/1962/1220 1948/1963/1221
f 1945/1960/1219 1948/1963/1221 1946/1961/1217
f 1947/1962/1220 1922/1937/1198 1949/1964/1222
f 1947/1962/1220 1949/1964/1222 1948/1963/1221
f 1949/1964/1222 1922/1937/1198 1950/1965/1223
f 1950/1965/1223 1922/1937/1198 1915/1930/1193
f 1948/1963/1221 1949/1964/1222 1951/1966/1224
f 1949/1964/1222 1950/1965/1223 1952/1967/1225
f 1949/1964/1222 1952/1967/1225 1951/1966/1224
f 1952/1967/1225 1950/1965/1223 1953/1968/1226
f 1953/1968/1226 1950/1965/1223 1915/1930/1193
f 1953/1968/1226 1915/1930/1193 1954/1969/1227
f 1954/1969/1227 1915/1930/1193 1916/1931/446
f 1954/1969/1227 1916/1931/446 1955/1970/449
f 1948/1963/1221 1951/1966/1224 1956/1971/1228
f 1948/1963/1221 1956/1971/1228 1946/1961/1217
f 1954/1969/1227 1955/1970/449 1957/1972/1229
f 1957/1972/1229 1955/1970/449 1958/1973/8
f 1953/1968/1226 1954/1969/1227 1959/1974/1230
f 1957/1972/1229 1958/1973/8 1960/1975/721
f 1960/1975/721 1958/1973/8 1961/1976/448
f 1954/1969/1227 1957/1972/1229 1962/1977/1231
f 1954/1969/1227 1962/1977/1231 1959/1974/1230
f 1957/1972/1229 1960/1975/721 1963/1978/1232
f 1957/1972/1229 1963/1978/1232 1962/1977/1231
f 1960/1975/721 1961/1976/448 1964/1979/1233
f 1964/1979/1233 1961/1976/448 1965/1980/447
f 1963/1978/1232 1960/1975/721 1966/1981/1234
f 1966/1981/1234 1960/1975/721 1964/1979/1233
f 1964/1979/1233 1965/1980/447 1967/1982/1235
f 1964/1979/1233 1967/1982/1235 1966/1981/1234
f 1967/1982/1235 1965/1980/447 1968/1983/173
f 1969/1984/1236 1962/1977/1231 1963/1978/1232
f 1962/1977/1231 1969/1984/1236 1959/1974/1230
f 1963/1978/1232 1966/1981/1234 1970/1985/1237
f 1963/1978/1232 1970/1985/1237 1969/1984/1236
f 1959/1974/1230 1969/1984/1236 1971/1986/1238
f 1959/1974/1230 1971/1986/1238 1953/1968/1226
f 1953/1968/1226 1971/1986/1238 1952/1967/1225
f 1971/1986/1238 1969/1984/1236 1972/1987/1239
f 1972/1987/1239 1969/1984/1236 1970/1985/1237
f 1952/1967/1225 1971/1986/1238 1973/1988/1240
f 1973/1988/1240 1971/1986/1238 1972/1987/1239
f 1952/1967/1225 1973/1988/1240 1951/1966/1224
f 1951/1966/1224 1973/1988/1240 1974/1989/1241
f 1974/1989/1241 1973/1988/1240 1972/1987/1239
f 1951/1966/1224 1974/1989/1241 1956/1971/1228
f 1972/1987/1239 1970/1985/1237 1975/1990/1242
f 1974/1989/1241 1972/1987/1239 1976/1991/1243
f 1976/1991/1243 1972/1987/1239 1975/1990/1242
f 1975/1990/1242 1970/1985/1237 1977/1992/200
f 1977/1992/200 1970/1985/1237 1966/1981/1234
f 1976/1991/1243 1975/1990/1242 1978/1993/1244
f 1975/1990/1242 1977/1992/200 1979/1994/1245
f 1975/1990/1242 1979/1994/1245 1978/1993/1244
f 1977/1992/200 1966/1981/1234 1980/1995/1246
f 1980/1995/1246 1966/1981/1234 1967/1982/1235
f 1979/1994/1245 1977/1992/200 1981/1996/1247
f 1981/1996/1247 1977/1992/200 1980/1995/1246
f 1976/1991/1243 1978/1993/1244 1982/1997/1248
f 1976/1991/1243 1982/1997/1248 1974/1989/1241
f 1978/1993/1244 1979/1994/1245 1983/1998/1244
f 1979/1994/1245 1981/1996/1247 1984/1999/1249
f 1979/1994/1245 1984/1999/1249 1983/1998/1244
f 1974/1989/1241 1982/1997/1248 1985/2000/1250
f 1974/1989/1241 1985/2000/1250 1956/1971/1228
f 1982/1997/1248 1978/1993/1244 1986/2001/1250
f 1986/2001/1250 1978/1993/1244 1983/1998/1244
f 1956/1971/1228 1985/2000/1250 1987/2002/1251
f 1956/1971/1228 1987/2002/1251 1946/1961/1217
f 1985/2000/1250 1982/1997/1248 1988/2003/1252
f 1988/2003/1252 1982/1997/1248 1986/2001/1250
f 1985/2000/1250 1988/2003/1252 1989/2004/1253
f 1985/2000/1250 1989/2004/1253 1987/2002/1251
f 1988/2003/1252 1986/2001/1250 1990/2005/893
f 1989/2004/1253 1988/2003/1252 1991/2006/1254
f 1991/2006/1254 1988/2003/1252 1990/2005/893
f 1990/2005/893 1986/2001/1250 1992/2007/1255
f 1992/2007/1255 1986/2001/1250 1983/1998/1244
f 1992/2007/1255 1983/1998/1244 1993/2008/1256
f 1993/2008/1256 1983/1998/1244 1984/1999/1249
f 1990/2005/893 1992/2007/1255 1994/2009/1257
f 1991/2006/1254 1990/2005/893 1995/2010/1258
f 1995/2010/1258 1990/2005/893 1994/2009/1257
f 1994/2009/1257 1992/2007/1255 1996/2011/1255
f 1996/2011/1255 1992/2007/1255 1993/2008/1256
f 1993/2008/1256 1984/1999/1249 1997/2012/884
f 1997/2012/884 1984/1999/1249 1981/1996/1247
f 1991/2006/1254 1995/2010/1258 1998/2013/1259
f 1997/2012/884 1981/1996/1247 1999/2014/1260
f 1999/2014/1260 1981/1996/1247 1980/1995/1246
f 1993/2008/1256 1997/2012/884 2000/2015/1261
f 2000/2015/1261 1997/2012/884 1999/2014/1260
f 1993/2008/1256 2000/2015/1261 2001/2016/1256
f 1993/2008/1256 2001/2016/1256 1996/2011/1255
f 1999/2014/1260 1980/1995/1246 2002/2017/1262
f 2002/2017/1262 1980/1995/1246 1967/1982/1235
f 2000/2015/1261 1999/2014/1260 2003/2018/1263
f 2003/2018/1263 1999/2014/1260 2002/2017/1262
f 2001/2016/1256 2000/2015/1261 2004/2019/1264
f 2004/2019/1264 2000/2015/1261 2003/2018/1263
f 2001/2016/1256 2004/2019/1264 2005/2020/1265
f 2001/2016/1256 2005/2020/1265 1996/2011/1255
f 2002/2017/1262 1967/1982/1235 2006/2021/1266
f 2006/2021/1266 1967/1982/1235 1968/1983/173
f 2006/2021/1266 1968/1983/173 2007/2022/446
f 2002/2017/1262 2006/2021/1266 2008/2023/1267
f 2002/2017/1262 2008/2023/1267 2003/2018/1263
f 2006/2021/1266 2007/2022/446 2009/2024/1268
f 2006/2021/1266 2009/2024/1268 2008/2023/1267
f 2009/2024/1268 2007/2022/446 2010/2025/445
f 2003/2018/1263 2008/2023/1267 2011/2026/1269
f 2003/2018/1263 2011/2026/1269 2004/2019/1264
f 2008/2023/1267 2009/2024/1268 2012/2027/1270
f 2008/2023/1267 2012/2027/1270 2011/2026/1269
f 2009/2024/1268 2010/2025/445 2013/2028/1186
f 2009/2024/1268 2013/2028/1186 2012/2027/1270
f 2013/2028/1186 2010/2025/445 2014/2029/444
f 2004/2019/1264 2011/2026/1269 2015/2030/1174
f 2004/2019/1264 2015/2030/1174 2005/2020/1265
f 2011/2026/1269 2012/2027/1270 2016/2031/1271
f 2011/2026/1269 2016/2031/1271 2015/2030/1174
f 2012/2027/1270 2013/2028/1186 2017/2032/1272
f 2012/2027/1270 2017/2032/1272 2016/2031/1271
f 2013/2028/1186 2014/2029/444 2018/2033/1273
f 2013/2028/1186 2018/2033/1273 2017/2032/1272
f 2018/2033/1273 2014/2029/444 2019/2034/443
f 2020/2035/1274 2005/2020/1265 2015/2030/1174
f 2005/2020/1265 2020/2035/1274 1996/2011/1255
f 2021/2036/1275 2015/2030/1174 2016/2031/1271
f 2015/2030/1174 2021/2036/1275 2020/2035/1274
f 2022/2037/1276 2016/2031/1271 2017/2032/1272
f 2016/2031/1271 2022/2037/1276 2021/2036/1275
f 2023/2038/1277 2017/2032/1272 2018/2033/1273
f 2017/2032/1272 2023/2038/1277 2022/2037/1276
f 2024/2039/1278 2018/2033/1273 2019/2034/443
f 2018/2033/1273 2024/2039/1278 2023/2038/1277
f 2024/2039/1278 2019/2034/443 2025/2040/442
f 2024/2039/1278 2025/2040/442 2026/2041/440
f 2024/2039/1278 2026/2041/440 2027/2042/1279
f 2024/2039/1278 2027/2042/1279 2023/2038/1277
f 2027/2042/1279 2026/2041/440 2028/2043/250
f 2029/2044/1280 2022/2037/1276 2023/2038/1277
f 2029/2044/1280 2023/2038/1277 2027/2042/1279
f 2027/2042/1279 2028/2043/250 2030/2045/1281
f 2027/2042/1279 2030/2045/1281 2029/2044/1280
f 2030/2045/1281 2028/2043/250 2031/2046/439
f 2022/2037/1276 2029/2044/1280 2032/2047/1282
f 2022/2037/1276 2032/2047/1282 2021/2036/1275
f 2029/2044/1280 2030/2045/1281 2033/2048/1283
f 2029/2044/1280 2033/2048/1283 2032/2047/1282
f 2030/2045/1281 2031/2046/439 2034/2049/1284
f 2030/2045/1281 2034/2049/1284 2033/2048/1283
f 2034/2049/1284 2031/2046/439 2035/2050/281
f 2034/2049/1284 2035/2050/281 2036/2051/1285
f 2036/2051/1285 2035/2050/281 2037/2052/237
f 2033/2048/1283 2034/2049/1284 2038/2053/1286
f 2038/2053/1286 2034/2049/1284 2036/2051/1285
f 2039/2054/1287 2032/2047/1282 2033/2048/1283
f 2039/2054/1287 2033/2048/1283 2038/2053/1286
f 2032/2047/1282 2039/2054/1287 2040/2055/1288
f 2032/2047/1282 2040/2055/1288 2021/2036/1275
f 2036/2051/1285 2037/2052/237 2041/2056/1289
f 2041/2056/1289 2037/2052/237 2042/2057/281
f 2038/2053/1286 2036/2051/1285 2043/2058/1290
f 2043/2058/1290 2036/2051/1285 2041/2056/1289
f 2039/2054/1287 2038/2053/1286 2044/2059/1291
f 2044/2059/1291 2038/2053/1286 2043/2058/1290
f 2045/2060/1016 2040/2055/1288 2039/2054/1287
f 2045/2060/1016 2039/2054/1287 2044/2059/1291
f 2046/2061/1292 2021/2036/1275 2040/2055/1288
f 2046/2061/1292 2040/2055/1288 2045/2060/1016
f 2021/2036/1275 2046/2061/1292 2020/2035/1274
f 2020/2035/1274 2046/2061/1292 1996/2011/1255
f 1996/2011/1255 2046/2061/1292 2047/2062/1293
f 2047/2062/1293 2046/2061/1292 2045/2060/1016
f 1996/2011/1255 2047/2062/1293 1994/2009/1257
f 2048/2063/926 2045/2060/1016 2044/2059/1291
f 2048/2063/926 2044/2059/1291 2043/2058/1290
f 2047/2062/1293 2045/2060/1016 2049/2064/1294
f 2049/2064/1294 2045/2060/1016 2048/2063/926
f 1994/2009/1257 2047/2062/1293 2050/2065/1295
f 2050/2065/1295 2047/2062/1293 2049/2064/1294
f 1994/2009/1257 2050/2065/1295 1995/2010/1258
f 2048/2063/926 2043/2058/1290 2051/2066/1296
f 2048/2063/926 2051/2066/1296 2049/2064/1294
f 2051/2066/1296 2043/2058/1290 2041/2056/1289
f 2050/2065/1295 2049/2064/1294 2052/2067/1297
f 2052/2067/1297 2049/2064/1294 2051/2066/1296
f 1995/2010/1258 2050/2065/1295 2053/2068/757
f 2053/2068/757 2050/2065/1295 2052/2067/1297
f 1995/2010/1258 2053/2068/757 1998/2013/1259
f 2051/2066/1296 2041/2056/1289 2054/2069/1298
f 2051/2066/1296 2054/2069/1298 2052/2067/1297
f 2054/2069/1298 2041/2056/1289 2042/2057/281
f 2054/2069/1298 2042/2057/281 2055/2070/436
f 2052/2067/1297 2054/2069/1298 2056/2071/1299
f 2056/2071/1299 2054/2069/1298 2055/2070/436
f 2052/2067/1297 2056/2071/1299 2053/2068/757
f 2056/2071/1299 2055/2070/436 2057/2072/435
f 2053/2068/757 2056/2071/1299 2058/2073/1300
f 2058/2073/1300 2056/2071/1299 2057/2072/435
f 2053/2068/757 2058/2073/1300 1998/2013/1259
f 2058/2073/1300 2057/2072/435 2059/2074/1301
f 2058/2073/1300 2059/2074/1301 2060/2075/1302
f 2058/2073/1300 2060/2075/1302 1998/2013/1259
f 2060/2075/1302 2059/2074/1301 586/600/412
f 1998/2013/1259 2060/2075/1302 2061/2076/1303
f 1998/2013/1259 2061/2076/1303 2062/2077/1304
f 1998/2013/1259 2062/2077/1304 1991/2006/1254
f 1991/2006/1254 2062/2077/1304 1989/2004/1253
f 1989/2004/1253 2062/2077/1304 2063/2078/1305
f 1989/2004/1253 2063/2078/1305 1987/2002/1251
f 2062/2077/1304 2061/2076/1303 2064/2079/278
f 2062/2077/1304 2064/2079/278 2063/2078/1305
f 2065/2080/1306 2061/2076/1303 2060/2075/1302
f 2061/2076/1303 2065/2080/1306 2064/2079/278
f 2065/2080/1306 2060/2075/1302 580/594/407
f 580/594/407 2060/2075/1302 586/600/412
f 2064/2079/278 2065/2080/1306 2066/2081/1307
f 2064/2079/278 2066/2081/1307 2063/2078/1305
f 2066/2081/1307 2065/2080/1306 2067/2082/1308
f 2067/2082/1308 2065/2080/1306 580/594/407
f 2063/2078/1305 2066/2081/1307 2068/2083/1309
f 2063/2078/1305 2068/2083/1309 1987/2002/1251
f 2066/2081/1307 2067/2082/1308 2069/2084/655
f 2066/2081/1307 2069/2084/655 2068/2083/1309
f 2067/2082/1308 580/594/407 577/591/404
f 2067/2082/1308 577/591/404 2069/2084/655
f 1987/2002/1251 2068/2083/1309 2070/2085/1310
f 1987/2002/1251 2070/2085/1310 1946/1961/1217
f 2068/2083/1309 2069/2084/655 2071/2086/1311
f 2068/2083/1309 2071/2086/1311 2070/2085/1310
f 1946/1961/1217 2070/2085/1310 2072/2087/1310
f 2072/2087/1310 2070/2085/1310 2071/2086/1311
f 1946/1961/1217 2072/2087/1310 1943/1958/1217
f 1943/1958/1217 2072/2087/1310 1940/1955/1214
f 2072/2087/1310 2071/2086/1311 2073/2088/1312
f 2072/2087/1310 2073/2088/1312 1940/1955/1214
f 2073/2088/1312 2071/2086/1311 2069/2084/655
f 1940/1955/1214 2073/2088/1312 574/588/220
f 2073/2088/1312 2069/2084/655 575/589/402
f 2073/2088/1312 575/589/402 574/588/220
f 575/589/402 2069/2084/655 577/591/404
f 2074/2089/1313 2075/2090/1314 2076/2091/1315
f 2074/2089/1313 2076/2091/1315 214/224/1316
f 2074/2089/1313 214/224/1316 212/222/1317
f 214/224/1316 2076/2091/1315 216/226/1318
f 216/226/1318 2076/2091/1315 215/225/1319
f 2074/2089/1313 212/222/1317 2077/2092/1320
f 2077/2092/1320 212/222/1317 2078/2093/1321
f 2074/2089/1313 2077/2092/1320 2079/2094/1322
f 2074/2089/1313 2079/2094/1322 2075/2090/1314
f 2077/2092/1320 2078/2093/1321 2080/2095/1323
f 2080/2095/1323 2078/2093/1321 1762/1777/1324
f 2079/2094/1322 2077/2092/1320 2081/2096/1325
f 2081/2096/1325 2077/2092/1320 2080/2095/1323
f 2075/2090/1314 2079/2094/1322 1760/1775/1326
f 1760/1775/1326 2079/2094/1322 1761/1776/1327
f 1761/1776/1327 2079/2094/1322 2081/2096/1325
f 1761/1776/1327 2081/2096/1325 1762/1777/1324
f 2075/2090/1314 1760/1775/1326 1759/1774/1328
f 2081/2096/1325 2080/2095/1323 2082/2097/1077
f 2082/2097/1077 2080/2095/1323 1762/1777/1324
f 2082/2097/1077 1762/1777/1324 2081/2096/1325
f 2075/2090/1314 1759/1774/1328 2083/2098/151
f 2075/2090/1314 2083/2098/151 2076/2091/1315
f 2083/2098/151 1759/1774/1328 1754/1769/1329
f 2083/2098/151 1754/1769/1329 1753/1768/1330
f 2076/2091/1315 2083/2098/151 2084/2099/1331
f 2076/2091/1315 2084/2099/1331 215/225/1319
f 215/225/1319 2084/2099/1331 213/223/1332
f 2083/2098/151 1753/1768/1330 2085/2100/1333
f 2083/2098/151 2085/2100/1333 2084/2099/1331
f 2085/2100/1333 1753/1768/1330 1752/1767/1334
f 213/223/1332 2084/2099/1331 2086/2101/1335
f 2086/2101/1335 2084/2099/1331 2085/2100/1333
f 213/223/1332 2086/2101/1335 1749/1764/1336
f 2085/2100/1333 1752/1767/1334 2087/2102/1337
f 2085/2100/1333 2087/2102/1337 2086/2101/1335
f 2087/2102/1337 1752/1767/1334 1751/1766/1338
f 1749/1764/1336 2086/2101/1335 2088/2103/1339
f 2088/2103/1339 2086/2101/1335 2087/2102/1337
f 1749/1764/1336 2088/2103/1339 1747/1762/1340
f 2087/2102/1337 1751/1766/1338 2089/2104/1341
f 2087/2102/1337 2089/2104/1341 2088/2103/1339
f 2089/2104/1341 1751/1766/1338 1747/1762/1340
f 1747/1762/1340 2088/2103/1339 2090/2105/1342
f 2090/2105/1342 2088/2103/1339 2089/2104/1341
f 2090/2105/1342 2089/2104/1341 1747/1762/1340
f 2091/2106/495 2092/2107/496 2093/2108/496
f 2093/2108/496 2092/2107/496 2094/2109/498
f 2092/2107/496 2091/2106/495 2095/2110/495
f 2094/2109/498 2092/2107/496 2096/2111/498
f 2095/2110/495 2091/2106/495 2097/2112/495
f 2094/2109/498 2096/2111/498 2098/2113/726
f 2095/2110/495 2097/2112/495 2099/2114/495
f 2094/2109/498 2098/2113/726 2100/2115/726
f 2099/2114/495 2097/2112/495 2101/2116/495
f 2100/2115/726 2098/2113/726 2102/2117/1343
f 2099/2114/495 2101/2116/495 2103/2118/495
f 2102/2117/1343 2098/2113/726 2104/2119/14
f 2103/2118/495 2101/2116/495 2105/2120/252
f 2102/2117/1343 2104/2119/14 2106/2121/501
f 2103/2118/495 2105/2120/252 2107/2122/252
f 2106/2121/501 2104/2119/14 2108/2123/501
f 2107/2122/252 2105/2120/252 2109/2124/2
f 2106/2121/501 2108/2123/501 2110/2125/9
f 2107/2122/252 2109/2124/2 2111/2126/2
f 2110/2125/9 2108/2123/501 2112/2127/9
f 2111/2126/2 2109/2124/2 2113/2128/2
f 2110/2125/9 2112/2127/9 2114/2129/503
f 2111/2126/2 2113/2128/2 2115/2130/2
f 2114/2129/503 2112/2127/9 2116/2131/503
f 2115/2130/2 2113/2128/2 2117/2132/500
f 2114/2129/503 2116/2131/503 2118/2133/504
f 2115/2130/2 2117/2132/500 2119/2134/500
f 2118/2133/504 2116/2131/503 2120/2135/504
f 2119/2134/500 2117/2132/500 2121/2136/502
f 2118/2133/504 2120/2135/504 2122/2137/505
f 2119/2134/500 2121/2136/502 2123/2138/502
f 2118/2133/504 2122/2137/505 2124/2139/505
f 2123/2138/502 2121/2136/502 2125/2140/502
f 2124/2139/505 2122/2137/505 2126/2141/1344
f 2123/2138/502 2125/2140/502 2127/2142/502
f 2124/2139/505 2126/2141/1344 2128/2143/705
f 2127/2142/502 2125/2140/502 2129/2144/502
f 2128/2143/705 2126/2141/1344 2130/2145/500
f 2127/2142/502 2129/2144/502 2131/2146/502
f 2128/2143/705 2130/2145/500 2132/2147/500
f 2131/2146/502 2129/2144/502 2133/2148/253
f 2132/2147/500 2130/2145/500 2134/2149/1345
f 2131/2146/502 2133/2148/253 2135/2150/253
f 2132/2147/500 2134/2149/1345 2136/2151/507
f 2135/2150/253 2133/2148/253 2137/2152/507
f 2136/2151/507 2134/2149/1345 2138/2153/511
f 2135/2150/253 2137/2152/507 2139/2154/507
f 2139/2154/507 2137/2152/507 3/2155/2
f 2139/2154/507 3/2155/2 2/2156/2
f 2136/2151/507 2138/2153/511 2140/2157/511
f 2140/2157/511 2138/2153/511 2141/2158/512
f 2140/2157/511 2141/2158/512 2142/2159/512
f 2142/2159/512 2141/2158/512 2143/2160/249
f 2142/2159/512 2143/2160/249 2144/2161/249
f 2144/2161/249 2143/2160/249 2145/2162/513
f 2144/2161/249 2145/2162/513 2146/2163/513
f 2146/2163/513 2145/2162/513 2147/2164/240
f 2146/2163/513 2147/2164/240 2148/2165/240
f 2148/2165/240 2147/2164/240 2149/2166/394
f 2148/2165/240 2149/2166/394 2150/2167/394
f 2150/2167/394 2149/2166/394 2151/2168/232
f 2150/2167/394 2151/2168/232 2152/2169/232
f 2152/2169/232 2151/2168/232 2153/2170/230
f 2152/2169/232 2153/2170/230 2154/2171/230
f 2154/2171/230 2153/2170/230 571/585/238
f 2154/2171/230 571/585/238 570/584/238
f 2155/2172/629 350/364/629 2156/2173/629
f 350/364/629 2155/2172/629 348/362/629
f 2157/2174/1346 662/678/1347 663/679/1347
f 662/678/1347 2157/2174/1346 2158/2175/1190
f 2158/2175/1190 2157/2174/1346 2159/2176/1190
f 2158/2175/1190 2159/2176/1190 2160/2177/1190
f 2160/2177/1190 2159/2176/1190 2161/2178/1190
f 2161/2178/1190 2159/2176/1190 2162/2179/1190
f 2161/2178/1190 2162/2179/1190 2163/2180/1348
f 2163/2180/1348 2162/2179/1190 2164/2181/1348
f 2163/2180/1348 2164/2181/1348 2165/2182/1349
f 2165/2182/1349 2164/2181/1348 2166/2183/1349
f 2165/2182/1349 2166/2183/1349 2167/2184/1349
f 2167/2184/1349 2166/2183/1349 2168/2185/1349
f 2167/2184/1349 2168/2185/1349 2169/2186/825
f 2167/2184/1349 2169/2186/825 2170/2187/825
f 2170/2187/825 2169/2186/825 2171/2188/1350
f 2171/2188/1350 2169/2186/825 2172/2189/1350
f 2171/2188/1350 2172/2189/1350 2173/2190/1350
f 2173/2190/1350 2172/2189/1350 2174/2191/1350
f 2173/2190/1350 2174/2191/1350 2175/2192/1350
f 2175/2192/1350 2174/2191/1350 2176/2193/1350
f 2175/2192/1350 2176/2193/1350 2177/2194/1351
f 2177/2194/1351 2176/2193/1350 2178/2195/1351
f 2177/2194/1351 2178/2195/1351 2179/2196/1352
f 2179/2196/1352 2178/2195/1351 2180/2197/1352
f 2179/2196/1352 2180/2197/1352 2181/2198/1349
f 2181/2198/1349 2180/2197/1352 2182/2199/1349
f 2181/2198/1349 2182/2199/1349 859/2200/10
f 859/2200/10 2182/2199/1349 858/2201/10
f 2183/2202/1348 2184/2203/1349 2185/2204/1349
f 2185/2204/1349 2184/2203/1349 2186/2205/1349
f 2184/2203/1349 2183/2202/1348 2187/2206/1348
f 2185/2204/1349 2186/2205/1349 2188/2207/1349
f 2187/2206/1348 2183/2202/1348 2189/2208/1190
f 2188/2207/1349 2186/2205/1349 2190/2209/825
f 2187/2206/1348 2189/2208/1190 2191/2210/1190
f 2188/2207/1349 2190/2209/825 2192/2211/825
f 2191/2210/1190 2189/2208/1190 2193/2212/1190
f 2192/2211/825 2190/2209/825 2194/2213/1350
f 2191/2210/1190 2193/2212/1190 2195/2214/1190
f 2192/2211/825 2194/2213/1350 2196/2215/1350
f 2195/2214/1190 2193/2212/1190 2197/2216/1190
f 2196/2215/1350 2194/2213/1350 2198/2217/1350
f 2197/2216/1190 2193/2212/1190 2199/2218/1190
f 2197/2216/1190 2199/2218/1190 716/732/1350
f 716/732/1350 2199/2218/1190 717/733/1350
f 2196/2215/1350 2198/2217/1350 2200/2219/1350
f 2200/2219/1350 2198/2217/1350 2201/2220/1350
f 2200/2219/1350 2201/2220/1350 2202/2221/1350
f 2202/2221/1350 2201/2220/1350 2203/2222/1351
f 2202/2221/1350 2203/2222/1351 2204/2223/1351
f 2204/2223/1351 2203/2222/1351 2205/2224/1352
f 2204/2223/1351 2205/2224/1352 2206/2225/1352
f 2206/2225/1352 2205/2224/1352 2207/2226/1349
f 2206/2225/1352 2207/2226/1349 2208/2227/1349
f 2208/2227/1349 2207/2226/1349 20/2228/10
f 2208/2227/1349 20/2228/10 19/2229/10
f 2209/2230/162 2210/2231/162 2211/2232/162
f 2209/2230/162 2211/2232/162 2212/2233/162
f 2211/2232/162 2210/2231/162 2213/2234/162
f 2213/2234/162 2210/2231/162 2214/2235/162
f 2213/2234/162 2214/2235/162 2215/2236/162
f 2212/2233/162 2211/2232/162 2216/2237/162
f 2216/2237/162 2211/2232/162 2217/2238/162
f 2212/2233/162 2216/2237/162 2218/2239/162
f 2218/2239/162 2216/2237/162 2219/2240/162
f 2219/2240/162 2216/2237/162 2220/2241/162
f 2219/2240/162 2220/2241/162 2221/2242/162
f 2221/2242/162 2220/2241/162 2222/2243/162
f 2222/2243/162 2220/2241/162 2223/2244/162
f 2223/2244/162 2220/2241/162 2224/2245/162
f 2222/2243/162 2223/2244/162 2225/2246/162
f 2225/2246/162 2223/2244/162 2226/2247/162
f 2226/2247/162 2223/2244/162 2227/2248/162
f 2226/2247/162 2227/2248/162 2228/2249/162
f 2228/2249/162 2227/2248/162 2229/2250/162
f 2229/2250/162 2227/2248/162 2230/2251/162
f 2230/2251/162 2227/2248/162 2231/2252/162
f 2229/2250/162 2230/2251/162 2232/2253/162
f 2232/2253/162 2230/2251/162 2233/2254/162
f 2233/2254/162 2230/2251/162 2234/2255/162
f 2233/2254/162 2234/2255/162 2235/2256/162
f 2235/2256/162 2234/2255/162 2215/2236/162
f 2215/2236/162 2234/2255/162 2213/2234/162
f 2213/2234/162 2234/2255/162 2236/2257/162
f 2212/2233/1353 2237/2258/1354 2238/2259/1353
f 2237/2258/1354 2212/2233/1353 2218/2239/1354
f 2212/2233/1353 2238/2259/1353 2209/2230/1355
f 2237/2258/1354 2218/2239/1354 2239/2260/1356
f 2209/2230/1355 2238/2259/1353 2240/2261/1355
f 2239/2260/1356 2218/2239/1354 2219/2240/1356
f 2209/2230/1355 2240/2261/1355 2241/2262/109
f 2239/2260/1356 2219/2240/1356 2242/2263/1357
f 2209/2230/1355 2241/2262/109 2210/2231/109
f 2242/2263/1357 2219/2240/1356 2221/2242/1357
f 2210/2231/109 2241/2262/109 2243/2264/1358
f 2242/2263/1357 2221/2242/1357 2222/2243/1359
f 2210/2231/109 2243/2264/1358 2214/2235/1358
f 2242/2263/1357 2222/2243/1359 2244/2265/1359
f 2214/2235/1358 2243/2264/1358 2215/2236/1360
f 2244/2265/1359 2222/2243/1359 2245/2266/1361
f 2215/2236/1360 2243/2264/1358 2246/2267/1360
f 2245/2266/1361 2222/2243/1359 2225/2246/1361
f 2215/2236/1360 2246/2267/1360 2247/2268/1362
f 2245/2266/1361 2225/2246/1361 2226/2247/1363
f 2215/2236/1360 2247/2268/1362 2235/2256/1362
f 2245/2266/1361 2226/2247/1363 2248/2269/1363
f 2235/2256/1362 2247/2268/1362 2233/2254/1364
f 2248/2269/1363 2226/2247/1363 2228/2249/1365
f 2233/2254/1364 2247/2268/1362 2249/2270/1364
f 2248/2269/1363 2228/2249/1365 2250/2271/1365
f 2233/2254/1364 2249/2270/1364 2251/2272/1366
f 2250/2271/1365 2228/2249/1365 2252/2273/1367
f 2233/2254/1364 2251/2272/1366 2232/2253/1366
f 2252/2273/1367 2228/2249/1365 2229/2250/1367
f 2232/2253/1366 2251/2272/1366 2229/2250/1367
f 2229/2250/1367 2251/2272/1366 2252/2273/1367
f 2253/2274/1368 2254/2275/1369 2255/2276/1370
f 2253/2274/1368 2255/2276/1370 2256/2277/1126
f 2256/2277/1126 2255/2276/1370 2257/2278/591
f 2253/2274/1368 2256/2277/1126 2258/2279/1371
f 2253/2274/1368 2258/2279/1371 2259/2280/1119
f 2257/2278/591 2255/2276/1370 2260/2281/1372
f 2257/2278/591 2260/2281/1372 2261/2282/1373
f 2260/2281/1372 2255/2276/1370 2262/2283/1374
f 2262/2283/1374 2255/2276/1370 2254/2275/1369
f 2261/2282/1373 2260/2281/1372 2263/2284/1375
f 2261/2282/1373 2263/2284/1375 2264/2285/117
f 2260/2281/1372 2262/2283/1374 2265/2286/1376
f 2260/2281/1372 2265/2286/1376 2263/2284/1375
f 2265/2286/1376 2262/2283/1374 2266/2287/1377
f 2266/2287/1377 2262/2283/1374 2267/2288/819
f 2267/2288/819 2262/2283/1374 2254/2275/1369
f 2265/2286/1376 2266/2287/1377 2268/2289/1378
f 2267/2288/819 2254/2275/1369 2269/2290/1379
f 2269/2290/1379 2254/2275/1369 2270/2291/800
f 2265/2286/1376 2268/2289/1378 2271/2292/1380
f 2265/2286/1376 2271/2292/1380 2263/2284/1375
f 2271/2292/1380 2268/2289/1378 2264/2285/117
f 2272/2293/1381 2264/2285/117 2263/2284/1375
f 2264/2285/117 2272/2293/1381 2271/2292/1380
f 2271/2292/1380 2272/2293/1381 2263/2284/1375
f 2270/2291/800 2254/2275/1369 2273/2294/1382
f 2273/2294/1382 2254/2275/1369 2253/2274/1368
f 2270/2291/800 2273/2294/1382 2274/2295/1383
f 2273/2294/1382 2253/2274/1368 2275/2296/1384
f 2275/2296/1384 2253/2274/1368 2259/2280/1119
f 2275/2296/1384 2259/2280/1119 2276/2297/563
f 2274/2295/1383 2273/2294/1382 2277/2298/1385
f 2277/2298/1385 2273/2294/1382 2275/2296/1384
f 2274/2295/1383 2277/2298/1385 2278/2299/1386
f 2275/2296/1384 2276/2297/563 2279/2300/1387
f 2275/2296/1384 2279/2300/1387 2277/2298/1385
f 2279/2300/1387 2276/2297/563 2280/2301/1388
f 2278/2299/1386 2277/2298/1385 2281/2302/1389
f 2281/2302/1389 2277/2298/1385 2279/2300/1387
f 2278/2299/1386 2281/2302/1389 2282/2303/1390
f 2279/2300/1387 2280/2301/1388 2283/2304/1391
f 2279/2300/1387 2283/2304/1391 2281/2302/1389
f 2283/2304/1391 2280/2301/1388 2282/2303/1390
f 2282/2303/1390 2281/2302/1389 2284/2305/1392
f 2284/2305/1392 2281/2302/1389 2283/2304/1391
f 2284/2305/1392 2283/2304/1391 2282/2303/1390
f 2285/2306/162 2286/2307/162 2287/2308/162
f 2287/2308/162 2286/2307/162 2288/2309/162
f 2288/2309/162 2286/2307/162 2289/2310/162
f 2288/2309/162 2289/2310/162 2290/2311/162
f 2290/2311/162 2289/2310/162 2291/2312/162
f 2289/2310/162 2286/2307/162 2292/2313/162
f 2292/2313/162 2286/2307/162 2293/2314/162
f 2292/2313/162 2293/2314/162 2294/2315/162
f 2289/2310/162 2292/2313/162 2295/2316/162
f 2289/2310/162 2295/2316/162 2296/2317/162
f 2297/2318/232 2298/2319/1393 2299/2320/232
f 2298/2319/1393 2297/2318/232 2300/2321/1393
f 2298/2319/1393 2300/2321/1393 2301/2322/304
f 2301/2322/304 2300/2321/1393 2302/2323/304
f 2301/2322/304 2302/2323/304 2303/2324/511
f 2303/2324/511 2302/2323/304 2304/2325/511
f 2303/2324/511 2304/2325/511 2305/2326/500
f 2305/2326/500 2304/2325/511 2306/2327/500
f 2305/2326/500 2306/2327/500 2307/2328/705
f 2307/2328/705 2306/2327/500 2308/2329/705
f 2307/2328/705 2308/2329/705 2309/2330/176
f 2309/2330/176 2308/2329/705 2310/2331/176
f 2309/2330/176 2310/2331/176 2311/2332/1394
f 2311/2332/1394 2310/2331/176 2312/2333/1394
f 2311/2332/1394 2312/2333/1394 2313/2334/4
f 2313/2334/4 2312/2333/1394 2314/2335/4
f 2315/2336/1395 2316/2337/1396 2317/2338/365
f 2315/2336/1395 2317/2338/365 2318/2339/1397
f 2319/2340/1398 2320/2341/1399 2316/2337/1396
f 2316/2337/1396 2320/2341/1399 2317/2338/365
f 2321/2342/1400 2322/2343/1401 2319/2340/1398
f 2318/2339/1397 2317/2338/365 2323/2344/1402
f 2318/2339/1397 2323/2344/1402 2324/2345/1403
f 2323/2344/1402 2317/2338/365 2325/2346/1404
f 2325/2346/1404 2317/2338/365 2320/2341/1399
f 2324/2345/1403 2323/2344/1402 2326/2347/1405
f 2324/2345/1403 2326/2347/1405 2327/2348/1406
f 2327/2348/1406 2326/2347/1405 2328/2349/1407
f 2326/2347/1405 2323/2344/1402 2329/2350/370
f 2329/2350/370 2323/2344/1402 2325/2346/1404
f 2328/2349/1407 2326/2347/1405 2330/2351/1408
f 2330/2351/1408 2326/2347/1405 2329/2350/370
f 2328/2349/1407 2330/2351/1408 2331/2352/1409
f 2329/2350/370 2325/2346/1404 2332/2353/1410
f 2332/2353/1410 2325/2346/1404 2320/2341/1399
f 2330/2351/1408 2329/2350/370 2333/2354/1411
f 2333/2354/1411 2329/2350/370 2332/2353/1410
f 2331/2352/1409 2330/2351/1408 2334/2355/1412
f 2334/2355/1412 2330/2351/1408 2333/2354/1411
f 2331/2352/1409 2334/2355/1412 2335/2356/1413
f 2335/2356/1413 2334/2355/1412 2336/2357/1414
f 2336/2357/1414 2334/2355/1412 2337/2358/1341
f 2337/2358/1341 2334/2355/1412 2333/2354/1411
f 2336/2357/1414 2337/2358/1341 2338/2359/1415
f 2338/2359/1415 2337/2358/1341 2339/2360/1416
f 2338/2359/1415 2339/2360/1416 2340/2361/1417
f 2337/2358/1341 2333/2354/1411 2341/2362/1418
f 2337/2358/1341 2341/2362/1418 2339/2360/1416
f 2341/2362/1418 2333/2354/1411 2342/2363/1419
f 2342/2363/1419 2333/2354/1411 2332/2353/1410
f 2340/2361/1417 2339/2360/1416 2343/2364/1420
f 2340/2361/1417 2343/2364/1420 2344/2365/1421
f 2339/2360/1416 2341/2362/1418 2345/2366/1422
f 2339/2360/1416 2345/2366/1422 2343/2364/1420
f 2341/2362/1418 2342/2363/1419 2346/2367/1423
f 2341/2362/1418 2346/2367/1423 2345/2366/1422
f 2342/2363/1419 2332/2353/1410 2347/2368/1424
f 2347/2368/1424 2332/2353/1410 2320/2341/1399
f 2346/2367/1423 2342/2363/1419 2348/2369/1425
f 2348/2369/1425 2342/2363/1419 2347/2368/1424
f 2347/2368/1424 2320/2341/1399 2349/2370/1426
f 2347/2368/1424 2349/2370/1426 2348/2369/1425
f 2349/2370/1426 2320/2341/1399 2319/2340/1398
f 2349/2370/1426 2319/2340/1398 2322/2343/1401
f 2348/2369/1425 2349/2370/1426 2350/2371/1427
f 2350/2371/1427 2349/2370/1426 2322/2343/1401
f 2346/2367/1423 2348/2369/1425 2351/2372/1428
f 2351/2372/1428 2348/2369/1425 2350/2371/1427
f 2346/2367/1423 2351/2372/1428 2352/2373/1425
f 2346/2367/1423 2352/2373/1425 2345/2366/1422
f 2351/2372/1428 2350/2371/1427 2353/2374/1429
f 2350/2371/1427 2322/2343/1401 2354/2375/1430
f 2350/2371/1427 2354/2375/1430 2355/2376/1431
f 2350/2371/1427 2355/2376/1431 2353/2374/1429
f 2354/2375/1430 2322/2343/1401 2356/2377/1432
f 2356/2377/1432 2322/2343/1401 2321/2342/1400
f 2356/2377/1432 2321/2342/1400 2357/2378/1433
f 2354/2375/1430 2356/2377/1432 2358/2379/574
f 2354/2375/1430 2358/2379/574 2355/2376/1431
f 2356/2377/1432 2357/2378/1433 2359/2380/574
f 2356/2377/1432 2359/2380/574 2358/2379/574
f 2359/2380/574 2357/2378/1433 2360/2381/1434
f 2360/2381/1434 2357/2378/1433 2361/2382/1435
f 2360/2381/1434 2361/2382/1435 2362/2383/1436
f 2355/2376/1431 2358/2379/574 2363/2384/1437
f 2355/2376/1431 2363/2384/1437 2353/2374/1429
f 2358/2379/574 2359/2380/574 2364/2385/1438
f 2358/2379/574 2364/2385/1438 2363/2384/1437
f 2363/2384/1437 2364/2385/1438 531/545/375
f 2363/2384/1437 531/545/375 530/544/361
f 2363/2384/1437 530/544/361 2353/2374/1429
f 531/545/375 2364/2385/1438 532/546/376
f 2353/2374/1429 530/544/361 514/528/360
f 532/546/376 2364/2385/1438 2365/2386/1438
f 2365/2386/1438 2364/2385/1438 2359/2380/574
f 2365/2386/1438 2359/2380/574 2360/2381/1434
f 532/546/376 2365/2386/1438 535/549/379
f 2365/2386/1438 2360/2381/1434 2366/2387/1439
f 2365/2386/1438 2366/2387/1439 535/549/379
f 2366/2387/1439 2360/2381/1434 2362/2383/1436
f 535/549/379 2366/2387/1439 537/551/381
f 2366/2387/1439 2362/2383/1436 2367/2388/1440
f 2366/2387/1439 2367/2388/1440 537/551/381
f 2368/2389/363 2353/2374/1429 514/528/360
f 2353/2374/1429 2368/2389/363 2351/2372/1428
f 2351/2372/1428 2368/2389/363 2352/2373/1425
f 2368/2389/363 514/528/360 2369/2390/523
f 2352/2373/1425 2368/2389/363 2370/2391/1441
f 2370/2391/1441 2368/2389/363 2369/2390/523
f 2370/2391/1441 2369/2390/523 2371/2392/1442
f 2371/2392/1442 2369/2390/523 2372/2393/1442
f 2352/2373/1425 2370/2391/1441 2373/2394/1443
f 2373/2394/1443 2370/2391/1441 2374/2395/1442
f 2373/2394/1443 2374/2395/1442 2375/2396/1442
f 2376/2397/1444 2369/2390/523 514/528/360
f 2376/2397/1444 514/528/360 511/525/358
f 2376/2397/1444 511/525/358 509/523/356
f 2372/2393/1442 2369/2390/523 2377/2398/1445
f 2377/2398/1445 2369/2390/523 2376/2397/1444
f 2372/2393/1442 2377/2398/1445 2378/2399/1442
f 2378/2399/1442 2377/2398/1445 2379/2400/1442
f 2379/2400/1442 2377/2398/1445 2380/2401/1446
f 2380/2401/1446 2377/2398/1445 2381/2402/1447
f 2376/2397/1444 509/523/356 2382/2403/1448
f 2376/2397/1444 2382/2403/1448 2377/2398/1445
f 2381/2402/1447 2377/2398/1445 2383/2404/951
f 2381/2402/1447 2383/2404/951 2384/2405/1447
f 2377/2398/1445 2382/2403/1448 2385/2406/1449
f 2377/2398/1445 2385/2406/1449 2383/2404/951
f 2384/2405/1447 2383/2404/951 2386/2407/1450
f 2385/2406/1449 2382/2403/1448 2387/2408/1451
f 2388/2409/1452 2382/2403/1448 509/523/356
f 2382/2403/1448 2388/2409/1452 2387/2408/1451
f 2388/2409/1452 509/523/356 506/520/353
f 2388/2409/1452 506/520/353 501/515/348
f 2388/2409/1452 501/515/348 2389/2410/1453
f 2388/2409/1452 2389/2410/1453 2387/2408/1451
f 2389/2410/1453 501/515/348 496/510/343
f 2389/2410/1453 496/510/343 2390/2411/1454
f 2390/2411/1454 496/510/343 491/505/338
f 2390/2411/1454 491/505/338 497/511/344
f 2389/2410/1453 2390/2411/1454 2391/2412/1455
f 2389/2410/1453 2391/2412/1455 2387/2408/1451
f 2391/2412/1455 2390/2411/1454 497/511/344
f 2387/2408/1451 2391/2412/1455 2392/2413/1456
f 2387/2408/1451 2392/2413/1456 2385/2406/1449
f 2391/2412/1455 497/511/344 2393/2414/1457
f 2391/2412/1455 2393/2414/1457 2392/2413/1456
f 2393/2414/1457 497/511/344 504/518/351
f 2385/2406/1449 2392/2413/1456 2394/2415/954
f 2385/2406/1449 2394/2415/954 2383/2404/951
f 2392/2413/1456 2393/2414/1457 2395/2416/1458
f 2392/2413/1456 2395/2416/1458 2394/2415/954
f 2393/2414/1457 504/518/351 2396/2417/1459
f 2393/2414/1457 2396/2417/1459 2395/2416/1458
f 2396/2417/1459 504/518/351 2397/2418/1460
f 2397/2418/1460 504/518/351 502/516/349
f 2395/2416/1458 2396/2417/1459 2398/2419/1458
f 2397/2418/1460 502/516/349 2399/2420/1461
f 2399/2420/1461 502/516/349 503/517/350
f 2396/2417/1459 2397/2418/1460 2400/2421/1462
f 2396/2417/1459 2400/2421/1462 2398/2419/1458
f 2397/2418/1460 2399/2420/1461 2401/2422/1463
f 2397/2418/1460 2401/2422/1463 2400/2421/1462
f 2399/2420/1461 503/517/350 2402/2423/1464
f 2399/2420/1461 2402/2423/1464 2401/2422/1463
f 2402/2423/1464 503/517/350 2403/2424/1465
f 2401/2422/1463 2402/2423/1464 2404/2425/1466
f 2400/2421/1462 2401/2422/1463 2405/2426/1467
f 2405/2426/1467 2401/2422/1463 2404/2425/1466
f 2404/2425/1466 2402/2423/1464 2406/2427/97
f 2406/2427/97 2402/2423/1464 2403/2424/1465
f 2404/2425/1466 2406/2427/97 2405/2426/1467
f 2400/2421/1462 2405/2426/1467 2407/2428/1468
f 2400/2421/1462 2407/2428/1468 2398/2419/1458
f 2405/2426/1467 2406/2427/97 2408/2429/1469
f 2405/2426/1467 2408/2429/1469 2407/2428/1468
f 2406/2427/97 2403/2424/1465 2409/2430/1470
f 2406/2427/97 2409/2430/1470 2408/2429/1469
f 2409/2430/1470 2403/2424/1465 2410/2431/437
f 2407/2428/1468 2408/2429/1469 2411/2432/1471
f 2408/2429/1469 2409/2430/1470 2412/2433/1472
f 2408/2429/1469 2412/2433/1472 2411/2432/1471
f 2409/2430/1470 2410/2431/437 2413/2434/1473
f 2409/2430/1470 2413/2434/1473 2412/2433/1472
f 2407/2428/1468 2411/2432/1471 2414/2435/1089
f 2407/2428/1468 2414/2435/1089 2398/2419/1458
f 2411/2432/1471 2412/2433/1472 2415/2436/1474
f 2411/2432/1471 2415/2436/1474 2414/2435/1089
f 2415/2436/1474 2412/2433/1472 2416/2437/1475
f 2416/2437/1475 2412/2433/1472 2413/2434/1473
f 2414/2435/1089 2415/2436/1474 2417/2438/1476
f 2398/2419/1458 2414/2435/1089 2418/2439/1477
f 2418/2439/1477 2414/2435/1089 2417/2438/1476
f 2398/2419/1458 2418/2439/1477 2395/2416/1458
f 2395/2416/1458 2418/2439/1477 2394/2415/954
f 2415/2436/1474 2416/2437/1475 2419/2440/1478
f 2415/2436/1474 2419/2440/1478 2417/2438/1476
f 2419/2440/1478 2416/2437/1475 2420/2441/1479
f 2394/2415/954 2418/2439/1477 2421/2442/1480
f 2421/2442/1480 2418/2439/1477 2417/2438/1476
f 2417/2438/1476 2419/2440/1478 2422/2443/1481
f 2422/2443/1481 2419/2440/1478 2420/2441/1479
f 2421/2442/1480 2417/2438/1476 2423/2444/1482
f 2423/2444/1482 2417/2438/1476 2422/2443/1481
f 2394/2415/954 2421/2442/1480 2424/2445/1483
f 2424/2445/1483 2421/2442/1480 2423/2444/1482
f 2424/2445/1483 2423/2444/1482 2425/2446/1484
f 2394/2415/954 2424/2445/1483 2426/2447/1485
f 2394/2415/954 2426/2447/1485 2383/2404/951
f 2383/2404/951 2426/2447/1485 2386/2407/1450
f 2426/2447/1485 2424/2445/1483 2427/2448/1477
f 2386/2407/1450 2426/2447/1485 2428/2449/1486
f 2428/2449/1486 2426/2447/1485 2427/2448/1477
f 2425/2446/1484 2423/2444/1482 2429/2450/1487
f 2424/2445/1483 2425/2446/1484 2430/2451/1488
f 2430/2451/1488 2425/2446/1484 2429/2450/1487
f 2427/2448/1477 2424/2445/1483 2431/2452/1091
f 2431/2452/1091 2424/2445/1483 2430/2451/1488
f 2429/2450/1487 2423/2444/1482 2432/2453/812
f 2432/2453/812 2423/2444/1482 2422/2443/1481
f 2430/2451/1488 2429/2450/1487 2433/2454/1489
f 2429/2450/1487 2432/2453/812 2434/2455/1487
f 2429/2450/1487 2434/2455/1487 2433/2454/1489
f 2432/2453/812 2422/2443/1481 2435/2456/1490
f 2435/2456/1490 2422/2443/1481 2420/2441/1479
f 2432/2453/812 2435/2456/1490 2436/2457/812
f 2432/2453/812 2436/2457/812 2434/2455/1487
f 2435/2456/1490 2420/2441/1479 2437/2458/1491
f 2435/2456/1490 2437/2458/1491 2436/2457/812
f 2436/2457/812 2437/2458/1491 2438/2459/1492
f 2436/2457/812 2438/2459/1492 2434/2455/1487
f 2437/2458/1491 2420/2441/1479 2439/2460/1493
f 2440/2461/1494 2433/2454/1489 2434/2455/1487
f 2438/2459/1492 2437/2458/1491 2441/2462/815
f 2441/2462/815 2437/2458/1491 2439/2460/1493
f 2434/2455/1487 2438/2459/1492 2442/2463/1495
f 2434/2455/1487 2442/2463/1495 2440/2461/1494
f 2439/2460/1493 2420/2441/1479 2443/2464/1496
f 2443/2464/1496 2420/2441/1479 2416/2437/1475
f 2443/2464/1496 2416/2437/1475 2413/2434/1473
f 2439/2460/1493 2443/2464/1496 2444/2465/1497
f 2444/2465/1497 2443/2464/1496 2413/2434/1473
f 2439/2460/1493 2444/2465/1497 2445/2466/1454
f 2439/2460/1493 2445/2466/1454 2441/2462/815
f 2444/2465/1497 2413/2434/1473 2446/2467/1498
f 2446/2467/1498 2413/2434/1473 2410/2431/437
f 2446/2467/1498 2410/2431/437 2447/2468/434
f 2445/2466/1454 2444/2465/1497 2448/2469/1499
f 2448/2469/1499 2444/2465/1497 2446/2467/1498
f 2441/2462/815 2445/2466/1454 2449/2470/1500
f 2449/2470/1500 2445/2466/1454 2448/2469/1499
f 2441/2462/815 2449/2470/1500 2450/2471/1501
f 2441/2462/815 2450/2471/1501 2438/2459/1492
f 2449/2470/1500 2448/2469/1499 2451/2472/1502
f 2451/2472/1502 2448/2469/1499 2446/2467/1498
f 2450/2471/1501 2449/2470/1500 2452/2473/1503
f 2452/2473/1503 2449/2470/1500 2451/2472/1502
f 2438/2459/1492 2450/2471/1501 2453/2474/1504
f 2438/2459/1492 2453/2474/1504 2442/2463/1495
f 2450/2471/1501 2452/2473/1503 2454/2475/1505
f 2450/2471/1501 2454/2475/1505 2453/2474/1504
f 2442/2463/1495 2453/2474/1504 2455/2476/1506
f 2451/2472/1502 2446/2467/1498 2456/2477/1507
f 2456/2477/1507 2446/2467/1498 2447/2468/434
f 2456/2477/1507 2447/2468/434 2457/2478/435
f 2453/2474/1504 2454/2475/1505 2458/2479/1508
f 2453/2474/1504 2458/2479/1508 2455/2476/1506
f 2456/2477/1507 2457/2478/435 2459/2480/1509
f 2459/2480/1509 2457/2478/435 2460/2481/436
f 2451/2472/1502 2456/2477/1507 2461/2482/1510
f 2461/2482/1510 2456/2477/1507 2459/2480/1509
f 2451/2472/1502 2461/2482/1510 2462/2483/1511
f 2451/2472/1502 2462/2483/1511 2452/2473/1503
f 2459/2480/1509 2460/2481/436 2463/2484/1512
f 2463/2484/1512 2460/2481/436 2464/2485/281
f 2461/2482/1510 2459/2480/1509 2465/2486/1513
f 2465/2486/1513 2459/2480/1509 2463/2484/1512
f 2462/2483/1511 2461/2482/1510 2466/2487/1514
f 2466/2487/1514 2461/2482/1510 2465/2486/1513
f 2452/2473/1503 2462/2483/1511 2467/2488/376
f 2452/2473/1503 2467/2488/376 2454/2475/1505
f 2462/2483/1511 2466/2487/1514 2468/2489/1491
f 2462/2483/1511 2468/2489/1491 2467/2488/376
f 2454/2475/1505 2467/2488/376 2469/2490/1504
f 2454/2475/1505 2469/2490/1504 2458/2479/1508
f 2467/2488/376 2468/2489/1491 2470/2491/1515
f 2467/2488/376 2470/2491/1515 2469/2490/1504
f 2468/2489/1491 2466/2487/1514 2471/2492/1516
f 2458/2479/1508 2469/2490/1504 2472/2493/1517
f 2469/2490/1504 2470/2491/1515 2473/2494/1517
f 2469/2490/1504 2473/2494/1517 2472/2493/1517
f 2470/2491/1515 2468/2489/1491 2474/2495/1515
f 2474/2495/1515 2468/2489/1491 2471/2492/1516
f 2473/2494/1517 2470/2491/1515 2475/2496/1518
f 2475/2496/1518 2470/2491/1515 2474/2495/1515
f 2458/2479/1508 2472/2493/1517 2476/2497/1519
f 2458/2479/1508 2476/2497/1519 2455/2476/1506
f 2472/2493/1517 2473/2494/1517 2477/2498/1520
f 2476/2497/1519 2472/2493/1517 2478/2499/1521
f 2478/2499/1521 2472/2493/1517 2477/2498/1520
f 2476/2497/1519 2478/2499/1521 2479/2500/1522
f 2476/2497/1519 2479/2500/1522 2455/2476/1506
f 2477/2498/1520 2473/2494/1517 2480/2501/1523
f 2480/2501/1523 2473/2494/1517 2475/2496/1518
f 2478/2499/1521 2477/2498/1520 2481/2502/1524
f 2477/2498/1520 2480/2501/1523 2482/2503/1525
f 2477/2498/1520 2482/2503/1525 2481/2502/1524
f 2482/2503/1525 2480/2501/1523 2483/2504/1375
f 2483/2504/1375 2480/2501/1523 2475/2496/1518
f 2481/2502/1524 2482/2503/1525 2484/2505/1526
f 2482/2503/1525 2483/2504/1375 2485/2506/1527
f 2482/2503/1525 2485/2506/1527 2484/2505/1526
f 2483/2504/1375 2475/2496/1518 2486/2507/1528
f 2483/2504/1375 2486/2507/1528 2485/2506/1527
f 2486/2507/1528 2475/2496/1518 2487/2508/1518
f 2487/2508/1518 2475/2496/1518 2474/2495/1515
f 2485/2506/1527 2486/2507/1528 2488/2509/832
f 2486/2507/1528 2487/2508/1518 2489/2510/1529
f 2486/2507/1528 2489/2510/1529 2488/2509/832
f 2489/2510/1529 2487/2508/1518 2490/2511/1530
f 2490/2511/1530 2487/2508/1518 2474/2495/1515
f 2488/2509/832 2489/2510/1529 2491/2512/1531
f 2489/2510/1529 2490/2511/1530 2492/2513/1532
f 2489/2510/1529 2492/2513/1532 2491/2512/1531
f 2490/2511/1530 2474/2495/1515 2493/2514/1533
f 2490/2511/1530 2493/2514/1533 2492/2513/1532
f 2493/2514/1533 2474/2495/1515 2494/2515/1534
f 2494/2515/1534 2474/2495/1515 2471/2492/1516
f 2492/2513/1532 2493/2514/1533 2495/2516/1535
f 2495/2516/1535 2493/2514/1533 2494/2515/1534
f 2491/2512/1531 2492/2513/1532 2496/2517/1536
f 2496/2517/1536 2492/2513/1532 2495/2516/1535
f 2494/2515/1534 2471/2492/1516 2497/2518/1537
f 2495/2516/1535 2494/2515/1534 2498/2519/1538
f 2498/2519/1538 2494/2515/1534 2497/2518/1537
f 2495/2516/1535 2498/2519/1538 2499/2520/1539
f 2495/2516/1535 2499/2520/1539 2496/2517/1536
f 2499/2520/1539 2498/2519/1538 2500/2521/1540
f 2491/2512/1531 2496/2517/1536 2501/2522/1541
f 2496/2517/1536 2499/2520/1539 2502/2523/1542
f 2496/2517/1536 2502/2523/1542 2501/2522/1541
f 2502/2523/1542 2499/2520/1539 2503/2524/1543
f 2503/2524/1543 2499/2520/1539 2500/2521/1540
f 2500/2521/1540 2498/2519/1538 2504/2525/1544
f 2504/2525/1544 2498/2519/1538 2497/2518/1537
f 2491/2512/1531 2501/2522/1541 2505/2526/1545
f 2491/2512/1531 2505/2526/1545 2488/2509/832
f 2500/2521/1540 2504/2525/1544 2506/2527/820
f 2504/2525/1544 2497/2518/1537 2507/2528/1546
f 2504/2525/1544 2507/2528/1546 2506/2527/820
f 2488/2509/832 2505/2526/1545 2508/2529/1547
f 2488/2509/832 2508/2529/1547 2485/2506/1527
f 2485/2506/1527 2508/2529/1547 2484/2505/1526
f 2508/2529/1547 2505/2526/1545 2509/2530/1548
f 2484/2505/1526 2508/2529/1547 2510/2531/837
f 2510/2531/837 2508/2529/1547 2509/2530/1548
f 2509/2530/1548 2505/2526/1545 2511/2532/1549
f 2511/2532/1549 2505/2526/1545 2501/2522/1541
f 2509/2530/1548 2511/2532/1549 2512/2533/446
f 2509/2530/1548 2512/2533/446 2513/2534/173
f 2509/2530/1548 2513/2534/173 2510/2531/837
f 2512/2533/446 2511/2532/1549 2514/2535/445
f 2510/2531/837 2513/2534/173 2515/2536/447
f 2511/2532/1549 2501/2522/1541 2516/2537/1550
f 2511/2532/1549 2516/2537/1550 2514/2535/445
f 2516/2537/1550 2501/2522/1541 2502/2523/1542
f 2514/2535/445 2516/2537/1550 2517/2538/444
f 2516/2537/1550 2502/2523/1542 2518/2539/1551
f 2516/2537/1550 2518/2539/1551 2517/2538/444
f 2517/2538/444 2518/2539/1551 2519/2540/443
f 2518/2539/1551 2502/2523/1542 2503/2524/1543
f 2519/2540/443 2518/2539/1551 2520/2541/1552
f 2520/2541/1552 2518/2539/1551 2503/2524/1543
f 2519/2540/443 2520/2541/1552 2521/2542/442
f 2521/2542/442 2520/2541/1552 2522/2543/440
f 2522/2543/440 2520/2541/1552 2523/2544/1553
f 2523/2544/1553 2520/2541/1552 2503/2524/1543
f 2522/2543/440 2523/2544/1553 2524/2545/250
f 2523/2544/1553 2503/2524/1543 2525/2546/1554
f 2525/2546/1554 2503/2524/1543 2500/2521/1540
f 2524/2545/250 2523/2544/1553 2526/2547/1555
f 2526/2547/1555 2523/2544/1553 2525/2546/1554
f 2524/2545/250 2526/2547/1555 2527/2548/439
f 2525/2546/1554 2500/2521/1540 2506/2527/820
f 2525/2546/1554 2506/2527/820 2526/2547/1555
f 2527/2548/439 2526/2547/1555 2528/2549/1556
f 2528/2549/1556 2526/2547/1555 2506/2527/820
f 2527/2548/439 2528/2549/1556 2529/2550/281
f 2528/2549/1556 2506/2527/820 2530/2551/1557
f 2530/2551/1557 2506/2527/820 2507/2528/1546
f 2529/2550/281 2528/2549/1556 2531/2552/1558
f 2531/2552/1558 2528/2549/1556 2530/2551/1557
f 2529/2550/281 2531/2552/1558 2532/2553/237
f 2530/2551/1557 2507/2528/1546 2533/2554/1513
f 2530/2551/1557 2533/2554/1513 2531/2552/1558
f 2532/2553/237 2531/2552/1558 2534/2555/1559
f 2534/2555/1559 2531/2552/1558 2533/2554/1513
f 2532/2553/237 2534/2555/1559 2464/2485/281
f 2464/2485/281 2534/2555/1559 2463/2484/1512
f 2463/2484/1512 2534/2555/1559 2535/2556/1560
f 2535/2556/1560 2534/2555/1559 2533/2554/1513
f 2463/2484/1512 2535/2556/1560 2465/2486/1513
f 2536/2557/1561 2533/2554/1513 2507/2528/1546
f 2533/2554/1513 2536/2557/1561 2535/2556/1560
f 2536/2557/1561 2507/2528/1546 2497/2518/1537
f 2465/2486/1513 2535/2556/1560 2537/2558/1562
f 2537/2558/1562 2535/2556/1560 2536/2557/1561
f 2537/2558/1562 2536/2557/1561 2497/2518/1537
f 2465/2486/1513 2537/2558/1562 2466/2487/1514
f 2537/2558/1562 2497/2518/1537 2471/2492/1516
f 2537/2558/1562 2471/2492/1516 2466/2487/1514
f 2538/2559/1442 2539/2560/1447 2540/2561/1442
f 2540/2561/1442 2539/2560/1447 2541/2562/1447
f 2541/2562/1447 2539/2560/1447 2542/2563/1447
f 2540/2561/1442 2541/2562/1447 2543/2564/1442
f 2542/2563/1447 2539/2560/1447 2544/2565/1447
f 2540/2561/1442 2543/2564/1442 2545/2566/1442
f 2544/2565/1447 2539/2560/1447 766/782/1447
f 2544/2565/1447 766/782/1447 2546/2567/1447
f 2546/2567/1447 766/782/1447 2547/2568/1447
f 2540/2561/1442 2545/2566/1442 2548/2569/1447
f 2548/2569/1447 2545/2566/1442 2549/2570/1447
f 2548/2569/1447 2549/2570/1447 2550/2571/1442
f 2547/2568/1447 766/782/1447 778/794/1447
f 778/794/1447 766/782/1447 765/781/1442
f 2547/2568/1447 778/794/1447 2551/2572/1447
f 2551/2572/1447 778/794/1447 2552/2573/1447
f 2552/2573/1447 778/794/1447 777/793/1442
f 2552/2573/1447 777/793/1442 2553/2574/1447
f 2553/2574/1447 777/793/1442 2554/2575/1442
f 2554/2575/1442 777/793/1442 760/776/1442
f 760/776/1442 777/793/1442 759/775/1442
f 2554/2575/1442 760/776/1442 2555/2576/1442
f 2555/2576/1442 760/776/1442 2556/2577/1442
f 2556/2577/1442 760/776/1442 2557/2578/1442
f 2556/2577/1442 2557/2578/1442 2558/2579/1442
f 2558/2579/1442 2557/2578/1442 2550/2571/1442
f 2550/2571/1442 2557/2578/1442 2548/2569/1447
f 2548/2569/1447 2557/2578/1442 2559/2580/1447
f 2560/2581/1368 2380/2401/1563 2561/2582/1384
f 2380/2401/1563 2560/2581/1368 2379/2400/839
f 2561/2582/1384 2380/2401/1563 2381/2402/1564
f 2379/2400/839 2560/2581/1368 2378/2399/1565
f 2561/2582/1384 2381/2402/1564 2562/2583/1566
f 2562/2583/1566 2381/2402/1564 2384/2405/1112
f 2562/2583/1566 2384/2405/1112 2563/2584/1567
f 2378/2399/1565 2560/2581/1368 2564/2585/1568
f 2378/2399/1565 2564/2585/1568 2372/2393/1569
f 2563/2584/1567 2384/2405/1112 2565/2586/1570
f 2565/2586/1570 2384/2405/1112 2386/2407/1571
f 2565/2586/1570 2386/2407/1571 2566/2587/1572
f 2563/2584/1567 2565/2586/1570 2567/2588/1573
f 2567/2588/1573 2565/2586/1570 2566/2587/1572
f 2563/2584/1567 2567/2588/1573 2562/2583/1566
f 2567/2588/1573 2566/2587/1572 2568/2589/1574
f 2567/2588/1573 2568/2589/1574 2562/2583/1566
f 2562/2583/1566 2568/2589/1574 2561/2582/1384
f 2568/2589/1574 2566/2587/1572 2569/2590/1332
f 2561/2582/1384 2568/2589/1574 2570/2591/1575
f 2570/2591/1575 2568/2589/1574 2569/2590/1332
f 2561/2582/1384 2570/2591/1575 2560/2581/1368
f 2570/2591/1575 2569/2590/1332 2571/2592/1319
f 2560/2581/1368 2570/2591/1575 2572/2593/1561
f 2572/2593/1561 2570/2591/1575 2571/2592/1319
f 2560/2581/1368 2572/2593/1561 2564/2585/1568
f 2572/2593/1561 2571/2592/1319 2573/2594/1576
f 2572/2593/1561 2573/2594/1576 2574/2595/1577
f 2572/2593/1561 2574/2595/1577 2564/2585/1568
f 2574/2595/1577 2573/2594/1576 2575/2596/1316
f 2574/2595/1577 2575/2596/1316 2375/2396/1317
f 2564/2585/1568 2574/2595/1577 2576/2597/1578
f 2564/2585/1568 2576/2597/1578 2372/2393/1569
f 2372/2393/1569 2576/2597/1578 2371/2392/1579
f 2574/2595/1577 2375/2396/1317 2577/2598/1580
f 2574/2595/1577 2577/2598/1580 2576/2597/1578
f 2577/2598/1580 2375/2396/1317 2374/2395/1581
f 2371/2392/1579 2576/2597/1578 2578/2599/1582
f 2578/2599/1582 2576/2597/1578 2577/2598/1580
f 2578/2599/1582 2577/2598/1580 2579/2600/1583
f 2579/2600/1583 2577/2598/1580 2374/2395/1581
f 2371/2392/1579 2578/2599/1582 2580/2601/1584
f 2580/2601/1584 2578/2599/1582 2579/2600/1583
f 2580/2601/1584 2579/2600/1583 2374/2395/1581
f 2371/2392/1579 2580/2601/1584 2370/2391/1585
f 2370/2391/1585 2580/2601/1584 2374/2395/1581
f 2581/2602/1586 2544/2565/1587 2582/2603/1587
f 2544/2565/1587 2581/2602/1586 2542/2563/1586
f 2582/2603/1587 2544/2565/1587 2546/2567/1059
f 2542/2563/1586 2581/2602/1586 2583/2604/1588
f 2582/2603/1587 2546/2567/1059 2584/2605/1059
f 2542/2563/1586 2583/2604/1588 2541/2562/1588
f 2584/2605/1059 2546/2567/1059 2585/2606/1589
f 2541/2562/1588 2583/2604/1588 2586/2607/1590
f 2585/2606/1589 2546/2567/1059 2547/2568/1591
f 2541/2562/1588 2586/2607/1590 2543/2564/1590
f 2585/2606/1589 2547/2568/1591 2587/2608/1334
f 2543/2564/1590 2586/2607/1590 2545/2566/1592
f 2587/2608/1334 2547/2568/1591 2551/2572/1334
f 2545/2566/1592 2586/2607/1590 2588/2609/1592
f 2587/2608/1334 2551/2572/1334 2552/2573/1593
f 2545/2566/1592 2588/2609/1592 2549/2570/1594
f 2587/2608/1334 2552/2573/1593 2589/2610/1593
f 2549/2570/1594 2588/2609/1592 2590/2611/1594
f 2589/2610/1593 2552/2573/1593 2591/2612/1595
f 2549/2570/1594 2590/2611/1594 2550/2571/1596
f 2591/2612/1595 2552/2573/1593 2553/2574/1595
f 2550/2571/1596 2590/2611/1594 2592/2613/1596
f 2591/2612/1595 2553/2574/1595 2554/2575/1597
f 2550/2571/1596 2592/2613/1596 2558/2579/1598
f 2591/2612/1595 2554/2575/1597 2593/2614/1597
f 2558/2579/1598 2592/2613/1596 2594/2615/1598
f 2593/2614/1597 2554/2575/1597 2595/2616/1326
f 2558/2579/1598 2594/2615/1598 2596/2617/1599
f 2595/2616/1326 2554/2575/1597 2555/2576/1326
f 2558/2579/1598 2596/2617/1599 2556/2577/1599
f 2556/2577/1599 2596/2617/1599 2595/2616/1326
f 2556/2577/1599 2595/2616/1326 2555/2576/1326
f 2597/2618/162 41/41/162 2598/2619/162
f 2598/2619/162 41/41/162 2599/2620/162
f 41/41/162 2597/2618/162 1127/1142/162
f 1127/1142/162 2597/2618/162 2600/2621/162
f 1127/1142/162 2600/2621/162 2601/2622/162
f 2599/2620/162 41/41/162 51/51/162
f 51/51/162 41/41/162 40/40/162
f 2599/2620/162 51/51/162 2602/2623/162
f 2602/2623/162 51/51/162 2603/2624/162
f 2603/2624/162 51/51/162 53/53/162
f 2603/2624/162 53/53/162 2604/2625/162
f 2604/2625/162 53/53/162 2605/2626/162
f 2605/2626/162 53/53/162 35/35/162
f 35/35/162 53/53/162 33/33/162
f 2605/2626/162 35/35/162 2606/2627/162
f 2606/2627/162 35/35/162 2607/2628/162
f 2607/2628/162 35/35/162 2608/2629/162
f 2607/2628/162 2608/2629/162 2609/2630/162
f 2609/2630/162 2608/2629/162 2610/2631/162
f 2610/2631/162 2608/2629/162 2611/2632/162
f 2611/2632/162 2608/2629/162 2612/2633/162
f 2610/2631/162 2611/2632/162 2613/2634/162
f 2613/2634/162 2611/2632/162 2614/2635/162
f 2614/2635/162 2611/2632/162 1102/1117/162
f 2614/2635/162 1102/1117/162 2615/2636/162
f 2615/2636/162 1102/1117/162 2601/2622/162
f 2601/2622/162 1102/1117/162 1127/1142/162
f 1127/1142/162 1102/1117/162 1101/1116/162
f 2616/2637/1447 2617/2638/1442 763/779/1447
f 763/779/1447 2617/2638/1442 761/777/1442
f 2618/2639/1442 2619/2640/1442 2617/2638/1442
f 2617/2638/1442 2619/2640/1442 2620/2641/1442
f 2617/2638/1442 2620/2641/1442 761/777/1442
f 761/777/1442 2620/2641/1442 757/773/1442
f 757/773/1442 2620/2641/1442 2621/2642/1447
f 757/773/1442 2621/2642/1447 755/771/1447
f 761/777/1442 757/773/1442 775/791/1442
f 775/791/1442 757/773/1442 773/789/1442
f 2622/2643/1600 2604/2625/1601 2623/2644/1601
f 2623/2644/1601 2604/2625/1601 2605/2626/371
f 2604/2625/1601 2622/2643/1600 2603/2624/1600
f 2623/2644/1601 2605/2626/371 2624/2645/371
f 2603/2624/1600 2622/2643/1600 2625/2646/1602
f 2624/2645/371 2605/2626/371 2606/2627/1603
f 2603/2624/1600 2625/2646/1602 2602/2623/1602
f 2624/2645/371 2606/2627/1603 2626/2647/1603
f 2602/2623/1602 2625/2646/1602 2627/2648/1604
f 2626/2647/1603 2606/2627/1603 2607/2628/1605
f 2602/2623/1602 2627/2648/1604 2599/2620/1604
f 2626/2647/1603 2607/2628/1605 2628/2649/1605
f 2599/2620/1604 2627/2648/1604 2629/2650/1606
f 2628/2649/1605 2607/2628/1605 2609/2630/1607
f 2599/2620/1604 2629/2650/1606 2598/2619/1606
f 2628/2649/1605 2609/2630/1607 2630/2651/1607
f 2598/2619/1606 2629/2650/1606 2631/2652/1608
f 2630/2651/1607 2609/2630/1607 2632/2653/1609
f 2598/2619/1606 2631/2652/1608 2597/2618/1608
f 2632/2653/1609 2609/2630/1607 2610/2631/1609
f 2597/2618/1608 2631/2652/1608 2633/2654/1610
f 2632/2653/1609 2610/2631/1609 2634/2655/1611
f 2597/2618/1608 2633/2654/1610 2600/2621/1610
f 2634/2655/1611 2610/2631/1609 2613/2634/1611
f 2600/2621/1610 2633/2654/1610 2601/2622/1612
f 2634/2655/1611 2613/2634/1611 2614/2635/1613
f 2601/2622/1612 2633/2654/1610 2635/2656/1612
f 2634/2655/1611 2614/2635/1613 2636/2657/1613
f 2601/2622/1612 2635/2656/1612 2637/2658/1614
f 2636/2657/1613 2614/2635/1613 2637/2658/1614
f 2601/2622/1612 2637/2658/1614 2615/2636/1614
f 2615/2636/1614 2637/2658/1614 2614/2635/1613
f 37/37/162 38/38/162 2638/2659/162
f 2638/2659/162 38/38/162 2639/2660/162
f 56/56/162 55/55/162 38/38/162
f 38/38/162 55/55/162 44/44/162
f 38/38/162 44/44/162 2639/2660/162
f 2639/2660/162 44/44/162 1097/1112/162
f 1097/1112/162 44/44/162 43/43/162
f 1097/1112/162 43/43/162 1125/1140/162
f 2639/2660/162 1097/1112/162 2640/2661/162
f 2640/2661/162 1097/1112/162 1099/1114/162
f 2641/2662/1615 2642/2663/1577 2643/2664/1058
f 2643/2664/1058 2642/2663/1577 2644/2665/1616
f 2643/2664/1058 2644/2665/1616 2645/2666/1617
f 2645/2666/1617 2644/2665/1616 2646/2667/1055
f 2646/2667/1055 2644/2665/1616 2647/2668/1618
f 2647/2668/1618 2644/2665/1616 2642/2663/1577
f 2646/2667/1055 2647/2668/1618 2648/2669/1619
f 2647/2668/1618 2642/2663/1577 2649/2670/1620
f 2647/2668/1618 2649/2670/1620 2648/2669/1619
f 2650/2671/1621 2642/2663/1577 2641/2662/1615
f 2642/2663/1577 2650/2671/1621 2649/2670/1620
f 2648/2669/1619 2649/2670/1620 2651/2672/1622
f 2651/2672/1622 2649/2670/1620 2650/2671/1621
f 2648/2669/1619 2651/2672/1622 2652/2673/1623
f 2650/2671/1621 2641/2662/1615 2653/2674/1323
f 2650/2671/1621 2653/2674/1323 2651/2672/1622
f 2653/2674/1323 2641/2662/1615 2654/2675/1624
f 2652/2673/1623 2651/2672/1622 2655/2676/141
f 2655/2676/141 2651/2672/1622 2653/2674/1323
f 2652/2673/1623 2655/2676/141 2656/2677/763
f 2653/2674/1323 2654/2675/1624 2657/2678/44
f 2653/2674/1323 2657/2678/44 2655/2676/141
f 2657/2678/44 2654/2675/1624 2658/2679/830
f 2656/2677/763 2655/2676/141 2659/2680/1625
f 2659/2680/1625 2655/2676/141 2657/2678/44
f 2656/2677/763 2659/2680/1625 2660/2681/1626
f 2657/2678/44 2658/2679/830 2661/2682/1627
f 2657/2678/44 2661/2682/1627 2659/2680/1625
f 2661/2682/1627 2658/2679/830 2662/2683/833
f 2660/2681/1626 2659/2680/1625 2663/2684/1628
f 2663/2684/1628 2659/2680/1625 2661/2682/1627
f 2660/2681/1626 2663/2684/1628 2664/2685/225
f 2661/2682/1627 2662/2683/833 2665/2686/1629
f 2661/2682/1627 2665/2686/1629 2663/2684/1628
f 2665/2686/1629 2662/2683/833 2666/2687/174
f 2664/2685/225 2663/2684/1628 2667/2688/1630
f 2667/2688/1630 2663/2684/1628 2665/2686/1629
f 2664/2685/225 2667/2688/1630 2668/2689/1631
f 2665/2686/1629 2666/2687/174 2669/2690/1632
f 2665/2686/1629 2669/2690/1632 2667/2688/1630
f 2669/2690/1632 2666/2687/174 2670/2691/1633
f 2668/2689/1631 2667/2688/1630 2671/2692/1634
f 2671/2692/1634 2667/2688/1630 2669/2690/1632
f 2671/2692/1634 2669/2690/1632 2670/2691/1633
f 2668/2689/1631 2671/2692/1634 2672/2693/1595
f 2672/2693/1595 2671/2692/1634 2670/2691/1633
f 2673/2694/1635 2674/2695/501 2675/2696/1636
f 2675/2696/1636 2674/2695/501 2676/2697/23
f 2674/2695/501 2673/2694/1635 2677/2698/1042
f 2675/2696/1636 2676/2697/23 2678/2699/1637
f 2678/2699/1637 2676/2697/23 2679/2700/1047
f 2677/2698/1042 2673/2694/1635 2680/2701/169
f 2677/2698/1042 2680/2701/169 2681/2702/173
f 2678/2699/1637 2679/2700/1047 2682/2703/1638
f 2682/2703/1638 2679/2700/1047 2683/2704/1041
f 2678/2699/1637 2682/2703/1638 2684/2705/1639
f 2681/2702/173 2680/2701/169 2685/2706/1640
f 2681/2702/173 2685/2706/1640 2686/2707/1027
f 2678/2699/1637 2684/2705/1639 2687/2708/1641
f 2678/2699/1637 2687/2708/1641 2675/2696/1636
f 2684/2705/1639 2682/2703/1638 2688/2709/1642
f 2684/2705/1639 2688/2709/1642 2687/2708/1641
f 2682/2703/1638 2683/2704/1041 2689/2710/1643
f 2682/2703/1638 2689/2710/1643 2688/2709/1642
f 2689/2710/1643 2683/2704/1041 2690/2711/176
f 2675/2696/1636 2687/2708/1641 2691/2712/1644
f 2691/2712/1644 2687/2708/1641 2688/2709/1642
f 2675/2696/1636 2691/2712/1644 2673/2694/1635
f 2688/2709/1642 2689/2710/1643 2692/2713/1645
f 2688/2709/1642 2692/2713/1645 2691/2712/1644
f 2689/2710/1643 2690/2711/176 2693/2714/183
f 2689/2710/1643 2693/2714/183 2692/2713/1645
f 2693/2714/183 2690/2711/176 2694/2715/1035
f 2673/2694/1635 2691/2712/1644 2695/2716/785
f 2695/2716/785 2691/2712/1644 2692/2713/1645
f 2673/2694/1635 2695/2716/785 2680/2701/169
f 2692/2713/1645 2693/2714/183 2696/2717/771
f 2692/2713/1645 2696/2717/771 2695/2716/785
f 2693/2714/183 2694/2715/1035 2697/2718/1646
f 2693/2714/183 2697/2718/1646 2696/2717/771
f 2697/2718/1646 2694/2715/1035 2698/2719/496
f 2680/2701/169 2695/2716/785 2699/2720/1647
f 2699/2720/1647 2695/2716/785 2696/2717/771
f 2680/2701/169 2699/2720/1647 2685/2706/1640
f 2696/2717/771 2697/2718/1646 2700/2721/1648
f 2696/2717/771 2700/2721/1648 2699/2720/1647
f 2697/2718/1646 2698/2719/496 2701/2722/1649
f 2697/2718/1646 2701/2722/1649 2700/2721/1648
f 2701/2722/1649 2698/2719/496 2702/2723/500
f 2685/2706/1640 2699/2720/1647 2703/2724/1650
f 2703/2724/1650 2699/2720/1647 2700/2721/1648
f 2700/2721/1648 2701/2722/1649 2704/2725/1651
f 2700/2721/1648 2704/2725/1651 2703/2724/1650
f 2701/2722/1649 2702/2723/500 2705/2726/763
f 2701/2722/1649 2705/2726/763 2704/2725/1651
f 2705/2726/763 2702/2723/500 2706/2727/1009
f 2685/2706/1640 2703/2724/1650 2707/2728/1652
f 2685/2706/1640 2707/2728/1652 2686/2707/1027
f 2686/2707/1027 2707/2728/1652 2708/2729/1025
f 2707/2728/1652 2703/2724/1650 2709/2730/1089
f 2709/2730/1089 2703/2724/1650 2704/2725/1651
f 2708/2729/1025 2707/2728/1652 2710/2731/830
f 2710/2731/830 2707/2728/1652 2709/2730/1089
f 2708/2729/1025 2710/2731/830 2711/2732/825
f 2712/2733/1653 2704/2725/1651 2705/2726/763
f 2704/2725/1651 2712/2733/1653 2709/2730/1089
f 2713/2734/1654 2705/2726/763 2706/2727/1009
f 2705/2726/763 2713/2734/1654 2712/2733/1653
f 2713/2734/1654 2706/2727/1009 2714/2735/1005
f 2711/2732/825 2710/2731/830 2715/2736/1655
f 2711/2732/825 2715/2736/1655 2716/2737/1023
f 2717/2738/1656 2710/2731/830 2709/2730/1089
f 2717/2738/1656 2709/2730/1089 2712/2733/1653
f 2710/2731/830 2717/2738/1656 2715/2736/1655
f 2712/2733/1653 2713/2734/1654 2718/2739/1657
f 2712/2733/1653 2718/2739/1657 2717/2738/1656
f 2719/2740/1658 2713/2734/1654 2714/2735/1005
f 2713/2734/1654 2719/2740/1658 2718/2739/1657
f 2719/2740/1658 2714/2735/1005 2720/2741/304
f 2715/2736/1655 2717/2738/1656 2721/2742/1659
f 2721/2742/1659 2717/2738/1656 2718/2739/1657
f 2722/2743/1660 2716/2737/1023 2715/2736/1655
f 2722/2743/1660 2715/2736/1655 2721/2742/1659
f 2716/2737/1023 2722/2743/1660 2723/2744/1021
f 2719/2740/1658 2720/2741/304 2724/2745/1661
f 2724/2745/1661 2720/2741/304 2725/2746/1004
f 2726/2747/1662 2718/2739/1657 2719/2740/1658
f 2726/2747/1662 2719/2740/1658 2724/2745/1661
f 2718/2739/1657 2726/2747/1662 2721/2742/1659
f 2723/2744/1021 2722/2743/1660 2727/2748/1663
f 2723/2744/1021 2727/2748/1663 2728/2749/1020
f 2729/2750/1664 2722/2743/1660 2721/2742/1659
f 2729/2750/1664 2721/2742/1659 2726/2747/1662
f 2722/2743/1660 2729/2750/1664 2727/2748/1663
f 2726/2747/1662 2724/2745/1661 2730/2751/1665
f 2726/2747/1662 2730/2751/1665 2729/2750/1664
f 2731/2752/1666 2724/2745/1661 2725/2746/1004
f 2724/2745/1661 2731/2752/1666 2730/2751/1665
f 2731/2752/1666 2725/2746/1004 2732/2753/1007
f 2727/2748/1663 2729/2750/1664 2733/2754/1537
f 2733/2754/1537 2729/2750/1664 2730/2751/1665
f 2734/2755/1667 2728/2749/1020 2727/2748/1663
f 2734/2755/1667 2727/2748/1663 2733/2754/1537
f 2728/2749/1020 2734/2755/1667 2735/2756/1018
f 2731/2752/1666 2732/2753/1007 2736/2757/1668
f 2736/2757/1668 2732/2753/1007 2737/2758/238
f 2738/2759/1669 2730/2751/1665 2731/2752/1666
f 2738/2759/1669 2731/2752/1666 2736/2757/1668
f 2730/2751/1665 2738/2759/1669 2733/2754/1537
f 2735/2756/1018 2734/2755/1667 2739/2760/1670
f 2735/2756/1018 2739/2760/1670 2740/2761/1014
f 2741/2762/1671 2734/2755/1667 2733/2754/1537
f 2741/2762/1671 2733/2754/1537 2738/2759/1669
f 2734/2755/1667 2741/2762/1671 2739/2760/1670
f 2742/2763/803 2737/2758/238 2740/2761/1014
f 2737/2758/238 2742/2763/803 2736/2757/1668
f 2742/2763/803 2740/2761/1014 2739/2760/1670
f 2739/2760/1670 2741/2762/1671 2743/2764/381
f 2739/2760/1670 2743/2764/381 2742/2763/803
f 2741/2762/1671 2738/2759/1669 2744/2765/1672
f 2744/2765/1672 2738/2759/1669 2736/2757/1668
f 2741/2762/1671 2744/2765/1672 2743/2764/381
f 2744/2765/1672 2736/2757/1668 2742/2763/803
f 2744/2765/1672 2742/2763/803 2743/2764/381
f 316/328/162 2745/2766/162 314/326/162
f 2745/2766/162 316/328/162 2746/2767/162
f 2745/2766/162 2746/2767/162 2747/2768/162
f 2745/2766/162 2747/2768/162 2748/2769/162
f 2749/2770/88 135/141/88 137/143/86
f 135/141/88 2749/2770/88 138/144/90
f 2749/2770/88 137/143/86 2750/2771/85
f 2750/2771/85 137/143/86 2751/2772/1673
f 2752/2773/1674 132/138/87 140/146/91
f 132/138/87 2752/2773/1674 123/128/79
f 2750/2771/85 2751/2772/1673 2753/2774/83
f 2753/2774/83 2751/2772/1673 2754/2775/82
f 2749/2770/88 2750/2771/85 2755/2776/84
f 2750/2771/85 2753/2774/83 2756/2777/84
f 2750/2771/85 2756/2777/84 2755/2776/84
f 2753/2774/83 2754/2775/82 2757/2778/85
f 2757/2778/85 2754/2775/82 2758/2779/1673
f 2749/2770/88 2755/2776/84 2759/2780/90
f 2749/2770/88 2759/2780/90 138/144/90
f 2755/2776/84 2756/2777/84 2760/2781/1675
f 2755/2776/84 2760/2781/1675 2759/2780/90
f 2761/2782/84 2756/2777/84 2753/2774/83
f 2761/2782/84 2753/2774/83 2757/2778/85
f 2760/2781/1675 2756/2777/84 2762/2783/1675
f 2762/2783/1675 2756/2777/84 2761/2782/84
f 2759/2780/90 2760/2781/1675 2763/2784/690
f 2759/2780/90 2763/2784/690 138/144/90
f 2760/2781/1675 2762/2783/1675 2764/2785/405
f 2760/2781/1675 2764/2785/405 2763/2784/690
f 138/144/90 2763/2784/690 2765/2786/690
f 138/144/90 2765/2786/690 139/145/90
f 2763/2784/690 2764/2785/405 2766/2787/1676
f 2763/2784/690 2766/2787/1676 2765/2786/690
f 2764/2785/405 2762/2783/1675 2767/2788/1677
f 139/145/90 2765/2786/690 2768/2789/91
f 139/145/90 2768/2789/91 140/146/91
f 2766/2787/1676 2764/2785/405 2769/2790/1678
f 2769/2790/1678 2764/2785/405 2767/2788/1677
f 2767/2788/1677 2762/2783/1675 2770/2791/1675
f 2770/2791/1675 2762/2783/1675 2761/2782/84
f 140/146/91 2768/2789/91 2771/2792/1679
f 140/146/91 2771/2792/1679 2752/2773/1674
f 2771/2792/1679 2768/2789/91 2772/2793/1679
f 2772/2793/1679 2768/2789/91 2765/2786/690
f 2770/2791/1675 2761/2782/84 2773/2794/84
f 2773/2794/84 2761/2782/84 2757/2778/85
f 2772/2793/1679 2765/2786/690 2774/2795/1680
f 2774/2795/1680 2765/2786/690 2766/2787/1676
f 2773/2794/84 2757/2778/85 2775/2796/85
f 2775/2796/85 2757/2778/85 2758/2779/1673
f 2775/2796/85 2758/2779/1673 2776/2797/1673
f 2775/2796/85 2776/2797/1673 2777/2798/1681
f 2777/2798/1681 2776/2797/1673 2778/2799/1682
f 2777/2798/1681 2778/2799/1682 2779/2800/1683
f 2777/2798/1681 2779/2800/1683 2780/2801/1684
f 2775/2796/85 2777/2798/1681 2781/2802/1685
f 2781/2802/1685 2777/2798/1681 2780/2801/1684
f 2775/2796/85 2781/2802/1685 2773/2794/84
f 2781/2802/1685 2780/2801/1684 2782/2803/1686
f 2773/2794/84 2781/2802/1685 2783/2804/1675
f 2773/2794/84 2783/2804/1675 2770/2791/1675
f 2781/2802/1685 2782/2803/1686 2784/2805/1687
f 2783/2804/1675 2781/2802/1685 2785/2806/1688
f 2785/2806/1688 2781/2802/1685 2784/2805/1687
f 2770/2791/1675 2783/2804/1675 2786/2807/405
f 2770/2791/1675 2786/2807/405 2767/2788/1677
f 2783/2804/1675 2785/2806/1688 2787/2808/405
f 2783/2804/1675 2787/2808/405 2786/2807/405
f 2784/2805/1687 2782/2803/1686 2788/2809/1689
f 2788/2809/1689 2782/2803/1686 2780/2810/1684
f 2788/2809/1689 2780/2810/1684 2789/2811/1690
f 2789/2811/1690 2780/2810/1684 2779/2812/1683
f 2788/2809/1689 2789/2811/1690 2790/2813/238
f 2788/2809/1689 2790/2813/238 2791/2814/1691
f 2788/2809/1689 2791/2814/1691 2784/2805/1687
f 2791/2814/1691 2790/2813/238 2792/2815/238
f 2784/2805/1687 2791/2814/1691 2793/2816/1692
f 2784/2805/1687 2793/2816/1692 2785/2806/1688
f 2791/2814/1691 2792/2815/238 2794/2817/937
f 2791/2814/1691 2794/2817/937 2793/2816/1692
f 2794/2817/937 2792/2815/238 2795/2818/238
f 2785/2806/1688 2793/2816/1692 2796/2819/1693
f 2785/2806/1688 2796/2819/1693 2787/2808/405
f 2793/2816/1692 2794/2817/937 2797/2820/1694
f 2793/2816/1692 2797/2820/1694 2796/2819/1693
f 2794/2817/937 2795/2818/238 2798/2821/978
f 2794/2817/937 2798/2821/978 2797/2820/1694
f 2798/2821/978 2795/2818/238 2799/2822/978
f 2799/2822/978 2795/2818/238 2800/2823/238
f 2797/2820/1694 2798/2821/978 2801/2824/1695
f 2799/2822/978 2800/2823/238 2802/2825/1696
f 2802/2825/1696 2800/2823/238 2803/2826/238
f 2798/2821/978 2799/2822/978 2804/2827/1697
f 2798/2821/978 2804/2827/1697 2801/2824/1695
f 2799/2822/978 2802/2825/1696 2805/2828/1698
f 2799/2822/978 2805/2828/1698 2804/2827/1697
f 2802/2825/1696 2803/2826/238 2806/2829/1699
f 2806/2829/1699 2803/2826/238 2807/2830/1700
f 2806/2829/1699 2807/2830/1700 2808/2831/1701
f 2808/2831/1701 2807/2830/1700 2809/2832/1702
f 2806/2829/1699 2808/2831/1701 2810/2833/1703
f 2802/2825/1696 2806/2829/1699 2811/2834/1704
f 2811/2834/1704 2806/2829/1699 2810/2833/1703
f 2802/2825/1696 2811/2834/1704 2805/2828/1698
f 2811/2834/1704 2810/2833/1703 2812/2835/1705
f 2812/2835/1705 2810/2833/1703 2808/2836/1701
f 2805/2828/1698 2811/2834/1704 2813/2837/1706
f 2813/2837/1706 2811/2834/1704 2812/2835/1705
f 2805/2828/1698 2813/2837/1706 2814/2838/1707
f 2805/2828/1698 2814/2838/1707 2804/2827/1697
f 2804/2827/1697 2814/2838/1707 2815/2839/1708
f 2804/2827/1697 2815/2839/1708 2801/2824/1695
f 2814/2838/1707 2813/2837/1706 2816/2840/1709
f 2801/2824/1695 2815/2839/1708 2817/2841/1710
f 2801/2824/1695 2817/2841/1710 2818/2842/1711
f 2801/2824/1695 2818/2842/1711 2797/2820/1694
f 2797/2820/1694 2818/2842/1711 2796/2819/1693
f 2818/2842/1711 2817/2841/1710 1391/1406/1712
f 1391/1406/1712 2817/2841/1710 2815/2839/1708
f 2818/2842/1711 1391/1406/1712 1388/1403/1713
f 2818/2842/1711 1388/1403/1713 1392/1407/1713
f 2818/2842/1711 1392/1407/1713 1395/1410/1713
f 1391/1406/1712 2815/2839/1708 1393/1408/1714
f 1393/1408/1714 2815/2839/1708 1398/1413/1714
f 1398/1413/1714 2815/2839/1708 1415/1430/1714
f 1415/1430/1714 2815/2839/1708 1417/1432/1715
f 1417/1432/1715 2815/2839/1708 2814/2838/1707
f 2818/2842/1711 1395/1410/1713 1401/1416/1716
f 2818/2842/1711 1401/1416/1716 2796/2819/1693
f 2796/2819/1693 1401/1416/1716 2787/2808/405
f 1417/1432/1715 2814/2838/1707 2816/2840/1709
f 2787/2808/405 1401/1416/1716 2819/2843/1678
f 2819/2843/1678 1401/1416/1716 1404/1419/1713
f 2819/2843/1678 1404/1419/1713 1406/1421/1713
f 2819/2843/1678 1406/1421/1713 1408/1423/1713
f 2787/2808/405 2819/2843/1678 2786/2807/405
f 2819/2843/1678 1408/1423/1713 1409/1424/1712
f 2786/2807/405 2819/2843/1678 2820/2844/186
f 2786/2807/405 2820/2844/186 2767/2788/1677
f 2767/2788/1677 2820/2844/186 2769/2790/1678
f 2819/2843/1678 1409/1424/1712 2821/2845/1717
f 2820/2844/186 2819/2843/1678 2822/2846/1717
f 2822/2846/1717 2819/2843/1678 2821/2845/1717
f 2821/2845/1717 1409/1424/1712 2823/2847/1718
f 2821/2845/1717 2823/2847/1718 2822/2846/1717
f 2823/2847/1718 1409/1424/1712 1410/1425/1714
f 2823/2847/1718 1410/1425/1714 1411/1426/1714
f 2823/2847/1718 1411/1426/1714 1413/1428/1714
f 2823/2847/1718 1413/1428/1714 1417/1432/1715
f 2823/2847/1718 1417/1432/1715 2816/2840/1709
f 2824/2848/1712 2820/2844/186 2822/2846/1717
f 2820/2844/186 2824/2848/1712 2769/2790/1678
f 2825/2849/1719 2822/2846/1717 2823/2847/1718
f 2822/2846/1717 2825/2849/1719 2824/2848/1712
f 2823/2847/1718 2816/2840/1709 2826/2850/1709
f 2823/2847/1718 2826/2850/1709 2825/2849/1719
f 2826/2850/1709 2816/2840/1709 2827/2851/1720
f 2827/2851/1720 2816/2840/1709 2813/2837/1706
f 2827/2851/1720 2813/2837/1706 2812/2835/1705
f 2826/2850/1709 2827/2851/1720 2828/2852/1720
f 2827/2851/1720 2812/2835/1705 2829/2853/56
f 2827/2851/1720 2829/2853/56 2828/2852/1720
f 2825/2849/1719 2826/2850/1709 2830/2854/1721
f 2830/2854/1721 2826/2850/1709 2828/2852/1720
f 2825/2849/1719 2830/2854/1721 2831/2855/1718
f 2825/2849/1719 2831/2855/1718 2824/2848/1712
f 2830/2854/1721 2828/2852/1720 2832/2856/1720
f 2828/2852/1720 2829/2853/56 2833/2857/56
f 2828/2852/1720 2833/2857/56 2832/2856/1720
f 2831/2855/1718 2830/2854/1721 2834/2858/1709
f 2834/2858/1709 2830/2854/1721 2832/2856/1720
f 2824/2848/1712 2831/2855/1718 2835/2859/1722
f 2831/2855/1718 2834/2858/1709 2836/2860/1030
f 2831/2855/1718 2836/2860/1030 2835/2859/1722
f 2834/2858/1709 2832/2856/1720 2837/2861/1720
f 2832/2856/1720 2833/2857/56 2838/2862/1723
f 2832/2856/1720 2838/2862/1723 2837/2861/1720
f 2836/2860/1030 2834/2858/1709 2839/2863/669
f 2839/2863/669 2834/2858/1709 2837/2861/1720
f 2836/2860/1030 2839/2863/669 2840/2864/669
f 2835/2859/1722 2836/2860/1030 2841/2865/1724
f 2841/2865/1724 2836/2860/1030 2840/2864/669
f 2839/2863/669 2837/2861/1720 2842/2866/1725
f 2837/2861/1720 2838/2862/1723 2843/2867/56
f 2837/2861/1720 2843/2867/56 2842/2866/1725
f 2839/2863/669 2842/2866/1725 2844/2868/1725
f 2839/2863/669 2844/2868/1725 2840/2864/669
f 2842/2866/1725 2843/2867/56 2845/2869/1726
f 2842/2866/1725 2845/2869/1726 2844/2868/1725
f 2843/2867/56 2838/2862/1723 2846/2870/54
f 2843/2867/56 2846/2870/54 2845/2869/1726
f 2846/2870/54 2838/2862/1723 2847/2871/47
f 2847/2871/47 2838/2862/1723 2833/2857/56
f 2845/2869/1726 2846/2870/54 2848/2872/55
f 2846/2870/54 2847/2871/47 2849/2873/1727
f 2846/2870/54 2849/2873/1727 2848/2872/55
f 2849/2873/1727 2847/2871/47 2850/2874/50
f 2845/2869/1726 2848/2872/55 2851/2875/1728
f 2845/2869/1726 2851/2875/1728 2844/2868/1725
f 2851/2875/1728 2848/2872/55 2852/2876/1729
f 2851/2875/1728 2852/2876/1729 93/95/55
f 2850/2874/50 2847/2871/47 2853/2877/54
f 2853/2877/54 2847/2871/47 2833/2857/56
f 2850/2874/50 2853/2877/54 2854/2878/1727
f 2853/2877/54 2833/2857/56 2829/2853/56
f 2851/2875/1728 93/95/55 2855/2879/1726
f 2851/2875/1728 2855/2879/1726 2844/2868/1725
f 2855/2879/1726 93/95/55 92/94/54
f 2854/2878/1727 2853/2877/54 2856/2880/54
f 2856/2880/54 2853/2877/54 2829/2853/56
f 2854/2878/1727 2856/2880/54 2857/2881/1727
f 2856/2880/54 2829/2853/56 2812/2835/1705
f 2857/2881/1727 2856/2880/54 2858/2882/1730
f 2858/2882/1730 2856/2880/54 2812/2835/1705
f 2857/2881/1727 2858/2882/1730 2859/2883/1731
f 2858/2882/1730 2812/2835/1705 2808/2836/1701
f 2859/2883/1731 2858/2882/1730 2809/2884/1702
f 2809/2884/1702 2858/2882/1730 2808/2836/1701
f 2860/2885/56 2855/2879/1726 92/94/54
f 2860/2885/56 92/94/54 94/96/56
f 2860/2885/56 94/96/56 110/114/68
f 2855/2879/1726 2860/2885/56 2861/2886/1725
f 2855/2879/1726 2861/2886/1725 2844/2868/1725
f 2844/2868/1725 2861/2886/1725 2840/2864/669
f 2861/2886/1725 2860/2885/56 2862/2887/1732
f 2862/2887/1732 2860/2885/56 110/114/68
f 2840/2864/669 2861/2886/1725 2863/2888/1732
f 2863/2888/1732 2861/2886/1725 2862/2887/1732
f 2840/2864/669 2863/2888/1732 2864/2889/1733
f 2840/2864/669 2864/2889/1733 2841/2865/1724
f 2863/2888/1732 2862/2887/1732 2865/2890/1733
f 2863/2888/1732 2865/2890/1733 2864/2889/1733
f 2862/2887/1732 110/114/68 2866/2891/1734
f 2862/2887/1732 2866/2891/1734 2865/2890/1733
f 2866/2891/1734 110/114/68 105/109/64
f 2866/2891/1734 105/109/64 2867/2892/1735
f 2867/2892/1735 105/109/64 106/110/65
f 2865/2890/1733 2866/2891/1734 2868/2893/1736
f 2868/2893/1736 2866/2891/1734 2867/2892/1735
f 1157/1172/1737 2864/2889/1733 2865/2890/1733
f 1157/1172/1737 2865/2890/1733 2868/2893/1736
f 2864/2889/1733 1157/1172/1737 2869/2894/1738
f 2864/2889/1733 2869/2894/1738 2841/2865/1724
f 2869/2894/1738 1157/1172/1737 1155/1170/1739
f 1157/1172/1737 2868/2893/1736 1153/1168/1739
f 2869/2894/1738 1155/1170/1739 1151/1166/1739
f 1153/1168/1739 2868/2893/1736 1149/1164/1739
f 2869/2894/1738 1151/1166/1739 1147/1162/1739
f 2869/2894/1738 1147/1162/1739 1146/1161/632
f 1149/1164/1739 2868/2893/1736 2870/2895/840
f 1149/1164/1739 2870/2895/840 1133/1148/1740
f 1133/1148/1740 2870/2895/840 1131/1146/632
f 1131/1146/632 2870/2895/840 1129/1144/1741
f 1129/1144/1741 2870/2895/840 1132/1147/1742
f 2870/2895/840 2868/2893/1736 2871/2896/1743
f 1132/1147/1742 2870/2895/840 2872/2897/1744
f 2872/2897/1744 2870/2895/840 2871/2896/1743
f 2871/2896/1743 2868/2893/1736 2867/2892/1735
f 1132/1147/1742 2872/2897/1744 1135/1150/1742
f 2871/2896/1743 2867/2892/1735 2873/2898/1745
f 2873/2898/1745 2867/2892/1735 106/110/65
f 2873/2898/1745 106/110/65 107/111/66
f 2873/2898/1745 107/111/66 113/117/69
f 2871/2896/1743 2873/2898/1745 2874/2899/1746
f 2874/2899/1746 2873/2898/1745 113/117/69
f 2871/2896/1743 2874/2899/1746 2872/2897/1744
f 2874/2899/1746 113/117/69 123/128/79
f 2874/2899/1746 123/128/79 2752/2773/1674
f 2874/2899/1746 2752/2773/1674 2872/2897/1744
f 2872/2897/1744 2752/2773/1674 2771/2792/1679
f 1137/1152/1747 1135/1150/1742 2872/2897/1744
f 1137/1152/1747 2872/2897/1744 2771/2792/1679
f 1137/1152/1747 2771/2792/1679 2772/2793/1679
f 1137/1152/1747 2772/2793/1679 2875/2900/1748
f 1137/1152/1747 2875/2900/1748 1140/1155/1742
f 1140/1155/1742 2875/2900/1748 1142/1157/1742
f 1142/1157/1742 2875/2900/1748 1144/1159/1742
f 2875/2900/1748 2772/2793/1679 2774/2795/1680
f 1144/1159/1742 2875/2900/1748 1146/1161/632
f 1146/1161/632 2875/2900/1748 2876/2901/633
f 1146/1161/632 2876/2901/633 2869/2894/1738
f 2875/2900/1748 2774/2795/1680 2877/2902/1749
f 2875/2900/1748 2877/2902/1749 2876/2901/633
f 2869/2894/1738 2876/2901/633 2878/2903/735
f 2869/2894/1738 2878/2903/735 2841/2865/1724
f 2876/2901/633 2877/2902/1749 2879/2904/633
f 2876/2901/633 2879/2904/633 2878/2903/735
f 2841/2865/1724 2878/2903/735 2835/2859/1722
f 2878/2903/735 2879/2904/633 2880/2905/632
f 2878/2903/735 2880/2905/632 2835/2859/1722
f 2880/2905/632 2879/2904/633 2877/2902/1749
f 2835/2859/1722 2880/2905/632 2824/2848/1712
f 2881/2906/1750 2877/2902/1749 2774/2795/1680
f 2877/2902/1749 2881/2906/1750 2880/2905/632
f 2880/2905/632 2881/2906/1750 2824/2848/1712
f 2881/2906/1750 2774/2795/1680 2766/2787/1676
f 2824/2848/1712 2881/2906/1750 2769/2790/1678
f 2769/2790/1678 2881/2906/1750 2766/2787/1676
f 1554/1569/511 2882/2907/1751 1552/1567/511
f 2882/2907/1751 1554/1569/511 2883/2908/1752
f 2882/2907/1751 2883/2908/1752 1464/1479/984
f 2882/2907/1751 1464/1479/984 1463/1478/1753
f 771/787/1754 749/765/1752 751/767/1754
f 749/765/1752 771/787/1754 770/786/1751
f 749/765/1752 770/786/1751 753/769/1753
f 753/769/1753 770/786/1751 767/783/1753
f 2559/2580/1755 2884/2909/1756 2548/2569/1755
f 2884/2909/1756 2559/2580/1755 2885/2910/1757
f 2884/2909/1756 2885/2910/1757 2620/2641/1758
f 2884/2909/1756 2620/2641/1758 2619/2640/1758
f 776/792/1756 759/775/1755 777/793/1755
f 759/775/1755 776/792/1756 756/772/1757
f 756/772/1757 776/792/1756 773/789/1758
f 756/772/1757 773/789/1758 757/773/1758
f 2886/2911/1751 754/770/1753 1465/1480/1753
f 754/770/1753 2886/2911/1751 752/768/1751
f 752/768/1751 2886/2911/1751 750/766/511
f 750/766/511 2886/2911/1751 1556/1571/511
f 2887/2912/1759 1757/1772/1760 1755/1770/1760
f 1757/1772/1760 2887/2912/1759 2888/2913/1761
f 1757/1772/1760 2888/2913/1761 313/353/1759
f 1757/1772/1760 313/353/1759 342/355/1762
f 760/776/1755 2889/2914/1756 2557/2578/1755
f 2889/2914/1756 760/776/1755 758/774/1756
f 2889/2914/1756 758/774/1756 755/771/1758
f 2889/2914/1756 755/771/1758 2621/2642/1763
f 315/356/1764 2890/2915/1474 341/354/1474
f 2890/2915/1474 315/356/1764 2891/2916/604
f 2890/2915/1474 2891/2916/604 2892/2917/1764
f 2890/2915/1474 2892/2917/1764 1758/1773/1474
f 2893/2918/1765 2510/2531/837 2515/2536/447
f 2893/2918/1765 2515/2536/447 2894/2919/448
f 2510/2531/837 2893/2918/1765 2895/2920/1766
f 2510/2531/837 2895/2920/1766 2484/2505/1526
f 2893/2918/1765 2894/2919/448 2896/2921/1767
f 2893/2918/1765 2896/2921/1767 2895/2920/1766
f 2896/2921/1767 2894/2919/448 2897/2922/8
f 2484/2505/1526 2895/2920/1766 2481/2502/1524
f 2896/2921/1767 2897/2922/8 2898/2923/1768
f 2898/2923/1768 2897/2922/8 2899/2924/452
f 2895/2920/1766 2896/2921/1767 2900/2925/1769
f 2900/2925/1769 2896/2921/1767 2898/2923/1768
f 2481/2502/1524 2895/2920/1766 2901/2926/1770
f 2901/2926/1770 2895/2920/1766 2900/2925/1769
f 2481/2502/1524 2901/2926/1770 2478/2499/1521
f 2478/2499/1521 2901/2926/1770 2479/2500/1522
f 2898/2923/1768 2899/2924/452 2902/2927/1771
f 2902/2927/1771 2899/2924/452 2903/2928/1772
f 2900/2925/1769 2898/2923/1768 2904/2929/1773
f 2904/2929/1773 2898/2923/1768 2902/2927/1771
f 2901/2926/1770 2900/2925/1769 2905/2930/1774
f 2905/2930/1774 2900/2925/1769 2904/2929/1773
f 2901/2926/1770 2905/2930/1774 2479/2500/1522
f 2902/2927/1771 2903/2928/1772 2906/2931/1775
f 2904/2929/1773 2902/2927/1771 2907/2932/1776
f 2904/2929/1773 2907/2932/1776 2905/2930/1774
f 2907/2932/1776 2902/2927/1771 2906/2931/1775
f 2906/2931/1775 2903/2928/1772 2908/2933/1346
f 2905/2930/1774 2907/2932/1776 2909/2934/1777
f 2905/2930/1774 2909/2934/1777 2479/2500/1522
f 2909/2934/1777 2907/2932/1776 2910/2935/1778
f 2910/2935/1778 2907/2932/1776 2906/2931/1775
f 2479/2500/1522 2909/2934/1777 2911/2936/1779
f 2479/2500/1522 2911/2936/1779 2455/2476/1506
f 2909/2934/1777 2910/2935/1778 2912/2937/1780
f 2909/2934/1777 2912/2937/1780 2911/2936/1779
f 2912/2937/1780 2910/2935/1778 2913/2938/1781
f 2913/2938/1781 2910/2935/1778 2906/2931/1775
f 2455/2476/1506 2911/2936/1779 2914/2939/1782
f 2914/2939/1782 2911/2936/1779 2912/2937/1780
f 2455/2476/1506 2914/2939/1782 2442/2463/1495
f 2442/2463/1495 2914/2939/1782 2440/2461/1494
f 2914/2939/1782 2912/2937/1780 2915/2940/1783
f 2914/2939/1782 2915/2940/1783 2440/2461/1494
f 2915/2940/1783 2912/2937/1780 2913/2938/1781
f 2915/2940/1783 2913/2938/1781 2916/2941/1784
f 2916/2941/1784 2913/2938/1781 2906/2931/1775
f 2440/2461/1494 2915/2940/1783 2917/2942/1785
f 2917/2942/1785 2915/2940/1783 2916/2941/1784
f 2440/2461/1494 2917/2942/1785 2433/2454/1489
f 2433/2454/1489 2917/2942/1785 2918/2943/1786
f 2918/2943/1786 2917/2942/1785 2916/2941/1784
f 2433/2454/1489 2918/2943/1786 2430/2451/1488
f 2430/2451/1488 2918/2943/1786 2431/2452/1091
f 2918/2943/1786 2916/2941/1784 2919/2944/1787
f 2918/2943/1786 2919/2944/1787 2431/2452/1091
f 2919/2944/1787 2916/2941/1784 2920/2945/1467
f 2920/2945/1467 2916/2941/1784 2906/2931/1775
f 2431/2452/1091 2919/2944/1787 2921/2946/1486
f 2431/2452/1091 2921/2946/1486 2427/2448/1477
f 2921/2946/1486 2919/2944/1787 2922/2947/1788
f 2922/2947/1788 2919/2944/1787 2920/2945/1467
f 2427/2448/1477 2921/2946/1486 2923/2948/1789
f 2921/2946/1486 2922/2947/1788 2924/2949/1790
f 2921/2946/1486 2924/2949/1790 2923/2948/1789
f 2427/2448/1477 2923/2948/1789 2428/2449/1486
f 2924/2949/1790 2922/2947/1788 2925/2950/1791
f 2925/2950/1791 2922/2947/1788 2920/2945/1467
f 2923/2948/1789 2924/2949/1790 2926/2951/1792
f 2924/2949/1790 2925/2950/1791 2927/2952/1793
f 2924/2949/1790 2927/2952/1793 2926/2951/1792
f 2923/2948/1789 2926/2951/1792 2928/2953/1532
f 2923/2948/1789 2928/2953/1532 2428/2449/1486
f 2925/2950/1791 2920/2945/1467 2929/2954/1794
f 2928/2953/1532 2926/2951/1792 2930/2955/1795
f 2925/2950/1791 2929/2954/1794 2931/2956/1796
f 2925/2950/1791 2931/2956/1796 2927/2952/1793
f 2929/2954/1794 2920/2945/1467 2932/2957/97
f 2932/2957/97 2920/2945/1467 2906/2931/1775
f 2932/2957/97 2906/2931/1775 2908/2933/1346
f 2932/2957/97 2908/2933/1346 2933/2958/1797
f 2929/2954/1794 2932/2957/97 2934/2959/1798
f 2934/2959/1798 2932/2957/97 2933/2958/1797
f 2929/2954/1794 2934/2959/1798 2931/2956/1796
f 2934/2959/1798 2933/2958/1797 2935/2960/444
f 2934/2959/1798 2935/2960/444 2936/2961/1550
f 2934/2959/1798 2936/2961/1550 2931/2956/1796
f 2936/2961/1550 2935/2960/444 2937/2962/1799
f 2936/2961/1550 2937/2962/1799 2938/2963/1800
f 2931/2956/1796 2936/2961/1550 2939/2964/1801
f 2939/2964/1801 2936/2961/1550 2938/2963/1800
f 2931/2956/1796 2939/2964/1801 2927/2952/1793
f 2939/2964/1801 2938/2963/1800 2940/2965/1802
f 2939/2964/1801 2940/2965/1802 2941/2966/1803
f 2939/2964/1801 2941/2966/1803 2927/2952/1793
f 2941/2966/1803 2940/2965/1802 2942/2967/1804
f 2941/2966/1803 2942/2967/1804 2943/2968/1805
f 2927/2952/1793 2941/2966/1803 2944/2969/1806
f 2944/2969/1806 2941/2966/1803 2943/2968/1805
f 2927/2952/1793 2944/2969/1806 2926/2951/1792
f 2944/2969/1806 2943/2968/1805 2945/2970/1807
f 2926/2951/1792 2944/2969/1806 2930/2955/1795
f 2930/2955/1795 2944/2969/1806 2945/2970/1807
f 2930/2955/1795 2945/2970/1807 2946/2971/1808
f 2930/2955/1795 2946/2971/1808 2947/2972/1809
f 2930/2955/1795 2947/2972/1809 2928/2953/1532
f 2947/2972/1809 2946/2971/1808 2948/2973/1810
f 2928/2953/1532 2947/2972/1809 2949/2974/1811
f 2928/2953/1532 2949/2974/1811 2428/2449/1486
f 2947/2972/1809 2948/2973/1810 2950/2975/1812
f 2947/2972/1809 2950/2975/1812 2949/2974/1811
f 2950/2975/1812 2948/2973/1810 2951/2976/1813
f 2428/2449/1486 2949/2974/1811 2952/2977/1814
f 2952/2977/1814 2949/2974/1811 2950/2975/1812
f 2428/2449/1486 2952/2977/1814 2386/2407/1450
f 2386/2407/1450 2952/2977/1814 2566/2587/1447
f 2566/2587/1447 2952/2977/1814 2569/2590/1446
f 2950/2975/1812 2951/2976/1813 2953/2978/1815
f 2950/2975/1812 2953/2978/1815 2952/2977/1814
f 2569/2590/1446 2952/2977/1814 2954/2979/1816
f 2954/2979/1816 2952/2977/1814 2953/2978/1815
f 2569/2590/1446 2954/2979/1816 2571/2592/1446
f 2571/2592/1446 2954/2979/1816 2573/2594/1442
f 2573/2594/1442 2954/2979/1816 2575/2596/1817
f 2575/2596/1817 2954/2979/1816 2375/2396/1442
f 2375/2396/1442 2954/2979/1816 2373/2394/1443
f 2373/2394/1443 2954/2979/1816 2953/2978/1815
f 2955/2980/1818 2953/2978/1815 2951/2976/1813
f 2953/2978/1815 2955/2980/1818 2373/2394/1443
f 2955/2980/1818 2951/2976/1813 2344/2365/1421
f 2955/2980/1818 2344/2365/1421 2343/2364/1420
f 2373/2394/1443 2955/2980/1818 2956/2981/1819
f 2956/2981/1819 2955/2980/1818 2343/2364/1420
f 2373/2394/1443 2956/2981/1819 2352/2373/1425
f 2956/2981/1819 2343/2364/1420 2345/2366/1422
f 2956/2981/1819 2345/2366/1422 2352/2373/1425
f 2957/2982/1089 1790/1805/1098 1788/1803/1090
f 2957/2982/1089 1788/1803/1090 1791/1806/1089
f 2958/2983/1820 1787/1802/1096 1789/1804/1097
f 1787/1802/1096 2958/2983/1820 1785/2984/1094
f 1785/2984/1094 2958/2983/1820 2959/2985/1821
f 1785/2984/1094 2959/2985/1821 1784/2986/1093
f 2959/2985/1821 2958/2983/1820 2960/2987/238
f 2960/2987/238 2958/2983/1820 2961/2988/1822
f 2961/2988/1822 2958/2983/1820 1789/1804/1097
f 2960/2987/238 2961/2988/1822 2962/2989/238
f 2961/2988/1822 1789/1804/1097 2963/2990/1823
f 2963/2990/1823 1789/1804/1097 1790/1805/1098
f 2962/2989/238 2961/2988/1822 2964/2991/1824
f 2964/2991/1824 2961/2988/1822 2963/2990/1823
f 2962/2989/238 2964/2991/1824 2965/2992/238
f 2963/2990/1823 1790/1805/1098 2966/2993/1825
f 2966/2993/1825 1790/1805/1098 2957/2982/1089
f 2964/2991/1824 2963/2990/1823 2967/2994/1826
f 2967/2994/1826 2963/2990/1823 2966/2993/1825
f 2965/2992/238 2964/2991/1824 2968/2995/1827
f 2968/2995/1827 2964/2991/1824 2967/2994/1826
f 2965/2992/238 2968/2995/1827 2969/2996/1828
f 2965/2992/238 2969/2996/1828 2970/2997/238
f 2968/2995/1827 2967/2994/1826 2971/2998/1829
f 2967/2994/1826 2966/2993/1825 2972/2999/1830
f 2967/2994/1826 2972/2999/1830 2971/2998/1829
f 2970/2997/238 2969/2996/1828 2973/3000/1831
f 2970/2997/238 2973/3000/1831 2974/3001/238
f 2969/2996/1828 2968/2995/1827 2975/3002/1832
f 2975/3002/1832 2968/2995/1827 2971/2998/1829
f 2973/3000/1831 2969/2996/1828 2976/3003/1833
f 2976/3003/1833 2969/2996/1828 2975/3002/1832
f 2974/3001/238 2973/3000/1831 2977/3004/1834
f 2974/3001/238 2977/3004/1834 2978/3005/1835
f 2978/3005/1835 2977/3004/1834 2979/3006/1836
f 2978/3005/1835 2979/3006/1836 2980/3007/1837
f 2979/3006/1836 2977/3004/1834 2981/3008/539
f 2977/3004/1834 2973/3000/1831 2982/3009/1838
f 2982/3009/1838 2973/3000/1831 2976/3003/1833
f 2977/3004/1834 2982/3009/1838 2981/3008/539
f 2981/3008/539 2982/3009/1838 2983/3010/1839
f 2981/3008/539 2983/3010/1839 2979/3011/1836
f 2982/3009/1838 2976/3003/1833 2984/3012/1840
f 2982/3009/1838 2984/3012/1840 2983/3010/1839
f 2984/3012/1840 2976/3003/1833 2985/3013/1841
f 2985/3013/1841 2976/3003/1833 2975/3002/1832
f 2985/3013/1841 2975/3002/1832 2986/3014/1842
f 2986/3014/1842 2975/3002/1832 2971/2998/1829
f 2986/3014/1842 2971/2998/1829 2987/3015/1843
f 2987/3015/1843 2971/2998/1829 2972/2999/1830
f 2986/3014/1842 2987/3015/1843 2258/2279/545
f 2258/2279/545 2987/3015/1843 2972/2999/1830
f 2986/3014/1842 2258/2279/545 2256/2277/1844
f 2986/3014/1842 2256/2277/1844 2257/2278/1844
f 2986/3014/1842 2257/2278/1844 2261/2282/1844
f 2258/2279/545 2972/2999/1830 2259/2280/1845
f 2259/2280/1845 2972/2999/1830 2276/2297/1845
f 2276/2297/1845 2972/2999/1830 2280/2301/1845
f 2986/3014/1842 2261/2282/1844 2264/2285/1846
f 2986/3014/1842 2264/2285/1846 2985/3013/1841
f 2280/2301/1845 2972/2999/1830 2282/2303/1078
f 2282/2303/1078 2972/2999/1830 2966/2993/1825
f 2282/2303/1078 2966/2993/1825 2957/2982/1089
f 2282/2303/1078 2957/2982/1089 2988/3016/1847
f 2282/2303/1078 2988/3016/1847 2278/2299/1845
f 2278/2299/1845 2988/3016/1847 2274/2295/1845
f 2274/2295/1845 2988/3016/1847 2270/2291/1845
f 2270/2291/1845 2988/3016/1847 2269/2290/545
f 2988/3016/1847 2957/2982/1089 1791/1806/1089
f 2989/3017/1653 2985/3013/1841 2264/2285/1846
f 2985/3013/1841 2989/3017/1653 2984/3012/1840
f 2989/3017/1653 2264/2285/1846 2990/3018/1848
f 2990/3018/1848 2264/2285/1846 2268/2289/1844
f 2990/3018/1848 2268/2289/1844 2266/2287/1844
f 2990/3018/1848 2266/2287/1844 2267/2288/1844
f 2990/3018/1848 2267/2288/1844 2269/2290/545
f 2984/3012/1840 2989/3017/1653 2991/3019/1849
f 2984/3012/1840 2991/3019/1849 2983/3010/1839
f 2991/3019/1849 2989/3017/1653 2992/3020/1653
f 2992/3020/1653 2989/3017/1653 2990/3018/1848
f 2983/3010/1839 2991/3019/1849 2993/3021/139
f 2990/3018/1848 2269/2290/545 2994/3022/535
f 2994/3022/535 2269/2290/545 2988/3016/1847
f 2990/3018/1848 2994/3022/535 2995/3023/1850
f 2990/3018/1848 2995/3023/1850 2996/3024/1851
f 2995/3023/1850 2994/3022/535 2997/3025/535
f 2990/3018/1848 2996/3024/1851 2998/3026/1437
f 2990/3018/1848 2998/3026/1437 2992/3020/1653
f 2997/3025/535 2994/3022/535 2999/3027/1852
f 2999/3027/1852 2994/3022/535 2988/3016/1847
f 2999/3027/1852 2988/3016/1847 3000/3028/1853
f 3000/3028/1853 2988/3016/1847 3001/3029/1854
f 2992/3020/1653 2998/3026/1437 3002/3030/1855
f 3001/3029/1854 2988/3016/1847 1791/1806/1089
f 3001/3029/1854 1791/1806/1089 3003/3031/1856
f 3003/3031/1856 1791/1806/1089 3004/3032/1856
f 3004/3032/1856 1791/1806/1089 3005/3033/1857
f 2992/3020/1653 3002/3030/1855 3006/3034/1855
f 2992/3020/1653 3006/3034/1855 3007/3035/1858
f 3005/3033/1857 1791/1806/1089 1781/1796/1091
f 3005/3033/1857 1781/1796/1091 3008/3036/1859
f 3008/3036/1859 1781/1796/1091 3009/3037/1860
f 3009/3037/1860 1781/1796/1091 3010/3038/1861
f 3010/3038/1861 1781/1796/1091 3011/3039/1862
f 3011/3039/1862 1781/1796/1091 1768/1783/1089
f 3011/3039/1862 1768/1783/1089 3012/3040/1863
f 3012/3040/1863 1768/1783/1089 3013/3041/1864
f 3013/3041/1864 1768/1783/1089 3014/3042/1864
f 3014/3042/1864 1768/1783/1089 1766/1781/1088
f 3014/3042/1864 1766/1781/1088 3015/3043/1865
f 3015/3043/1865 1766/1781/1088 3016/3044/1866
f 3016/3044/1866 1766/1781/1088 1764/1779/545
f 3016/3044/1866 1764/1779/545 3017/3045/534
f 3017/3045/534 1764/1779/545 3018/3046/1867
f 3018/3046/1867 1764/1779/545 3019/3047/1868
f 3018/3046/1867 3019/3047/1868 3020/3048/1848
f 3020/3048/1848 3019/3047/1868 3021/3049/1869
f 3021/3049/1869 3019/3047/1868 3022/3050/1870
f 3019/3047/1868 1764/1779/545 341/354/1871
f 341/354/1871 1764/1779/545 342/355/1084
f 3022/3050/1870 3019/3047/1868 3023/3051/1653
f 3022/3050/1870 3023/3051/1653 3024/3052/1870
f 3024/3052/1870 3023/3051/1653 3025/3053/1872
f 3019/3047/1868 341/354/1871 3026/3054/767
f 3019/3047/1868 3026/3054/767 3023/3051/1653
f 3026/3054/767 341/354/1871 3027/3055/1873
f 3027/3055/1873 341/354/1871 2890/2915/1874
f 3027/3055/1873 2890/2915/1874 1758/1773/1085
f 3026/3054/767 3027/3055/1873 3028/3056/1342
f 3027/3055/1873 1758/1773/1085 3029/3057/1875
f 3027/3055/1873 3029/3057/1875 3028/3056/1342
f 3029/3057/1875 1758/1773/1085 1762/1777/1086
f 3026/3054/767 3028/3056/1342 3030/3058/1342
f 3026/3054/767 3030/3058/1342 3023/3051/1653
f 3028/3056/1342 3029/3057/1875 3031/3059/1876
f 3029/3057/1875 1762/1777/1086 3032/3060/1875
f 3029/3057/1875 3032/3060/1875 3031/3059/1876
f 3032/3060/1875 1762/1777/1086 207/217/153
f 207/217/153 1762/1777/1086 2078/2093/158
f 207/217/153 2078/2093/158 212/222/158
f 3033/3061/1877 3030/3058/1342 3028/3056/1342
f 3028/3056/1342 3031/3059/1876 3034/3062/1877
f 3028/3056/1342 3034/3062/1877 3033/3061/1877
f 3031/3059/1876 3032/3060/1875 3035/3063/1876
f 3031/3059/1876 3035/3063/1876 3034/3062/1877
f 3035/3063/1876 3032/3060/1875 202/212/148
f 202/212/148 3032/3060/1875 207/217/153
f 3034/3062/1877 3035/3063/1876 3036/3064/139
f 3035/3063/1876 202/212/148 193/201/141
f 3035/3063/1876 193/201/141 3036/3064/139
f 3034/3062/1877 3036/3064/139 3037/3065/1878
f 3034/3062/1877 3037/3065/1878 3033/3061/1877
f 3036/3064/139 193/201/141 191/199/139
f 3037/3065/1878 3036/3064/139 3038/3066/1878
f 3038/3066/1878 3036/3064/139 191/199/139
f 3037/3065/1878 3038/3066/1878 3039/3067/1110
f 3039/3067/1110 3038/3066/1878 3040/3068/1879
f 3037/3065/1878 3039/3067/1110 3041/3069/1880
f 3037/3065/1878 3041/3069/1880 3033/3061/1877
f 3041/3069/1880 3039/3067/1110 3042/3070/1881
f 3041/3069/1880 3042/3070/1881 3043/3071/1110
f 3040/3068/1879 3038/3066/1878 190/198/138
f 190/198/138 3038/3066/1878 191/199/139
f 3040/3068/1879 190/198/138 189/197/137
f 3033/3061/1877 3041/3069/1880 3044/3072/1878
f 3044/3072/1878 3041/3069/1880 3043/3071/1110
f 3033/3061/1877 3044/3072/1878 3045/3073/1877
f 3033/3061/1877 3045/3073/1877 3030/3058/1342
f 3044/3072/1878 3043/3071/1110 3046/3074/1878
f 3046/3074/1878 3043/3071/1110 3047/3075/548
f 3045/3073/1877 3044/3072/1878 3048/3076/139
f 3048/3076/139 3044/3072/1878 3046/3074/1878
f 3030/3058/1342 3045/3073/1877 3049/3077/1849
f 3049/3077/1849 3045/3073/1877 3048/3076/139
f 3030/3058/1342 3049/3077/1849 3023/3051/1653
f 3048/3076/139 3046/3074/1878 3050/3078/1882
f 3048/3076/139 3050/3078/1882 3049/3077/1849
f 3046/3074/1878 3047/3075/548 3051/3079/138
f 3046/3074/1878 3051/3079/138 3050/3078/1882
f 3051/3079/138 3047/3075/548 3052/3080/1879
f 3023/3051/1653 3049/3077/1849 3053/3081/1849
f 3053/3081/1849 3049/3077/1849 3050/3078/1882
f 3023/3051/1653 3053/3081/1849 3054/3082/1883
f 3023/3051/1653 3054/3082/1883 3025/3053/1872
f 3025/3053/1872 3054/3082/1883 3055/3083/1875
f 3055/3083/1875 3054/3082/1883 3056/3084/1884
f 3056/3084/1884 3054/3082/1883 3057/3085/1885
f 3057/3085/1885 3054/3082/1883 3007/3035/1858
f 3007/3035/1858 3054/3082/1883 2992/3020/1653
f 2992/3020/1653 3054/3082/1883 3058/3086/1849
f 3058/3086/1849 3054/3082/1883 3053/3081/1849
f 2992/3020/1653 3058/3086/1849 2991/3019/1849
f 2991/3019/1849 3058/3086/1849 2993/3021/139
f 3058/3086/1849 3053/3081/1849 3059/3087/139
f 3059/3087/139 3053/3081/1849 3050/3078/1882
f 3058/3086/1849 3059/3087/139 2993/3021/139
f 3059/3087/139 3050/3078/1882 3051/3079/138
f 3059/3087/139 3051/3079/138 3060/3088/1878
f 3059/3087/139 3060/3088/1878 2993/3021/139
f 3060/3088/1878 3051/3079/138 3052/3080/1879
f 3060/3088/1878 3052/3080/1879 3061/3089/548
f 2993/3021/139 3060/3088/1878 3062/3090/1878
f 3062/3090/1878 3060/3088/1878 3061/3089/548
f 2993/3021/139 3062/3090/1878 2983/3010/1839
f 3062/3090/1878 3061/3089/548 3063/3091/548
f 2983/3010/1839 3062/3090/1878 3064/3092/1886
f 3064/3092/1886 3062/3090/1878 3063/3091/548
f 2983/3010/1839 3064/3092/1886 2979/3011/1836
f 3064/3092/1886 3063/3091/548 3065/3093/544
f 2979/3011/1836 3064/3092/1886 2980/3094/1837
f 2980/3094/1837 3064/3092/1886 3065/3093/544
f 3066/3095/726 1837/1852/14 1840/1855/1128
f 3066/3095/726 1840/1855/1128 3067/3096/1887
f 3066/3095/726 3067/3096/1887 3068/3097/497
f 3069/3098/1888 1840/1855/1128 1839/1854/583
f 1840/1855/1128 3069/3098/1888 3067/3096/1887
f 3070/3099/1889 1839/1854/583 1838/1853/1127
f 1839/1854/583 3070/3099/1889 3069/3098/1888
f 3068/3097/497 3067/3096/1887 3071/3100/1890
f 3068/3097/497 3071/3100/1890 3072/3101/1891
f 3067/3096/1887 3069/3098/1888 3073/3102/575
f 3067/3096/1887 3073/3102/575 3071/3100/1890
f 3069/3098/1888 3070/3099/1889 3074/3103/1892
f 3069/3098/1888 3074/3103/1892 3073/3102/575
f 3070/3099/1889 1838/1853/1127 3075/3104/1893
f 3075/3104/1893 1838/1853/1127 1833/1848/1124
f 3074/3103/1892 3070/3099/1889 3076/3105/1894
f 3076/3105/1894 3070/3099/1889 3075/3104/1893
f 3075/3104/1893 1833/1848/1124 3077/3106/1895
f 3077/3106/1895 1833/1848/1124 1828/1843/1121
f 3076/3105/1894 3075/3104/1893 3078/3107/1896
f 3078/3107/1896 3075/3104/1893 3077/3106/1895
f 3077/3106/1895 1828/1843/1121 3079/3108/1897
f 3079/3108/1897 1828/1843/1121 1823/1838/1117
f 3079/3108/1897 1823/1838/1117 3080/3109/1898
f 3080/3109/1898 1823/1838/1117 1808/1823/1108
f 3080/3109/1898 1808/1823/1108 1804/1819/1105
f 3080/3109/1898 1804/1819/1105 1809/1824/1109
f 3079/3108/1897 3080/3109/1898 3081/3110/1423
f 3079/3108/1897 3081/3110/1423 3077/3106/1895
f 3081/3110/1423 3080/3109/1898 1809/1824/1109
f 3077/3106/1895 3081/3110/1423 3082/3111/1855
f 3077/3106/1895 3082/3111/1855 3078/3107/1896
f 3081/3110/1423 1809/1824/1109 3083/3112/1899
f 3081/3110/1423 3083/3112/1899 3082/3111/1855
f 3083/3112/1899 1809/1824/1109 1805/1820/1106
f 3082/3111/1855 3083/3112/1899 3084/3113/1858
f 3082/3111/1855 3084/3113/1858 3078/3107/1896
f 3084/3113/1858 3083/3112/1899 3085/3114/1900
f 3084/3113/1858 3085/3114/1900 3078/3107/1896
f 3083/3112/1899 1805/1820/1106 3086/3115/1901
f 3083/3112/1899 3086/3115/1901 3085/3114/1900
f 3086/3115/1901 1805/1820/1106 3087/3116/1902
f 3087/3116/1902 1805/1820/1106 1800/1815/1103
f 3087/3116/1902 1800/1815/1103 1797/1812/1101
f 3078/3107/1896 3085/3114/1900 3088/3117/1900
f 3088/3117/1900 3085/3114/1900 3086/3115/1901
f 3086/3115/1901 3087/3116/1902 3089/3118/1903
f 3086/3115/1901 3089/3118/1903 3088/3117/1900
f 3087/3116/1902 1797/1812/1101 3090/3119/1904
f 3087/3116/1902 3090/3119/1904 3089/3118/1903
f 3090/3119/1904 1797/1812/1101 3091/3120/1905
f 3091/3120/1905 1797/1812/1101 554/568/396
f 3091/3120/1905 554/568/396 553/567/395
f 3089/3118/1903 3090/3119/1904 3092/3121/355
f 3089/3118/1903 3092/3121/355 3088/3117/1900
f 3090/3119/1904 3091/3120/1905 3093/3122/1906
f 3090/3119/1904 3093/3122/1906 3092/3121/355
f 3091/3120/1905 553/567/395 3094/3123/1907
f 3091/3120/1905 3094/3123/1907 3093/3122/1906
f 3094/3123/1907 553/567/395 549/563/391
f 3092/3121/355 3093/3122/1906 3095/3124/1908
f 3092/3121/355 3095/3124/1908 3088/3117/1900
f 3093/3122/1906 3094/3123/1907 3096/3125/1909
f 3093/3122/1906 3096/3125/1909 3095/3124/1908
f 3094/3123/1907 549/563/391 3097/3126/1910
f 3094/3123/1907 3097/3126/1910 3096/3125/1909
f 3097/3126/1910 549/563/391 2367/2388/1440
f 2367/2388/1440 549/563/391 542/556/386
f 2367/2388/1440 542/556/386 537/551/381
f 3098/3127/1911 3088/3117/1900 3095/3124/1908
f 3088/3117/1900 3098/3127/1911 3078/3107/1896
f 3078/3107/1896 3098/3127/1911 3076/3105/1894
f 3098/3127/1911 3095/3124/1908 3099/3128/1912
f 3099/3128/1912 3095/3124/1908 3096/3125/1909
f 3076/3105/1894 3098/3127/1911 3100/3129/1913
f 3100/3129/1913 3098/3127/1911 3099/3128/1912
f 3076/3105/1894 3100/3129/1913 3074/3103/1892
f 3099/3128/1912 3096/3125/1909 3101/3130/1914
f 3101/3130/1914 3096/3125/1909 3097/3126/1910
f 3100/3129/1913 3099/3128/1912 3102/3131/1915
f 3102/3131/1915 3099/3128/1912 3101/3130/1914
f 3074/3103/1892 3100/3129/1913 3103/3132/1916
f 3103/3132/1916 3100/3129/1913 3102/3131/1915
f 3074/3103/1892 3103/3132/1916 3073/3102/575
f 3101/3130/1914 3097/3126/1910 2362/2383/1436
f 3101/3130/1914 2362/2383/1436 3102/3131/1915
f 2362/2383/1436 3097/3126/1910 2367/2388/1440
f 3103/3132/1916 3102/3131/1915 3104/3133/1917
f 3104/3133/1917 3102/3131/1915 2362/2383/1436
f 3073/3102/575 3103/3132/1916 3105/3134/1918
f 3105/3134/1918 3103/3132/1916 3104/3133/1917
f 3073/3102/575 3105/3134/1918 3106/3135/1919
f 3073/3102/575 3106/3135/1919 3071/3100/1890
f 3105/3134/1918 3104/3133/1917 2361/2382/1435
f 2361/2382/1435 3104/3133/1917 2362/2383/1436
f 3106/3135/1919 3105/3134/1918 3107/3136/1417
f 3107/3136/1417 3105/3134/1918 2361/2382/1435
f 3071/3100/1890 3106/3135/1919 3108/3137/1920
f 3108/3137/1920 3106/3135/1919 3107/3136/1417
f 3071/3100/1890 3108/3137/1920 2316/2337/1396
f 3071/3100/1890 2316/2337/1396 3072/3101/1891
f 3108/3137/1920 3107/3136/1417 3109/3138/1921
f 3109/3138/1921 3107/3136/1417 2361/2382/1435
f 3072/3101/1891 2316/2337/1396 2315/2336/1395
f 3108/3137/1920 3109/3138/1921 3110/3139/1922
f 3108/3137/1920 3110/3139/1922 2316/2337/1396
f 3109/3138/1921 2361/2382/1435 2357/2378/1433
f 3110/3139/1922 3109/3138/1921 2321/2342/1400
f 2321/2342/1400 3109/3138/1921 2357/2378/1433
f 2316/2337/1396 3110/3139/1922 2319/2340/1398
f 2319/2340/1398 3110/3139/1922 2321/2342/1400
f 3111/3140/162 3112/3141/1923 3113/3142/162
f 3113/3142/162 3112/3141/1923 3114/3143/1924
f 3112/3141/1923 3111/3140/162 3115/3144/1925
f 3113/3142/162 3114/3143/1924 3116/3145/162
f 3115/3144/1925 3111/3140/162 3117/3146/162
f 3114/3143/1924 3112/3141/1923 333/3147/1926
f 333/3147/1926 3112/3141/1923 3115/3144/1925
f 3116/3145/162 3114/3143/1924 3118/3148/1927
f 3116/3145/162 3118/3148/1927 3119/3149/162
f 3115/3144/1925 3117/3146/162 3120/3150/1928
f 3120/3150/1928 3117/3146/162 3121/3151/162
f 3119/3149/162 3118/3148/1927 3122/3152/1929
f 3120/3150/1928 3121/3151/162 3123/3153/1085
f 3119/3149/162 3122/3152/1929 3124/3154/162
f 3115/3144/1925 3120/3150/1928 347/3155/1930
f 347/3155/1930 3120/3150/1928 3123/3153/1085
f 3123/3153/1085 3121/3151/162 3125/3156/162
f 3115/3144/1925 347/3155/1930 321/3157/1665
f 3115/3144/1925 321/3157/1665 333/3147/1926
f 321/3157/1665 347/3155/1930 324/3158/1931
f 324/3158/1931 347/3155/1930 609/3159/1931
f 333/3147/1926 321/3157/1665 336/3160/1932
f 336/3160/1932 321/3157/1665 358/3161/1932
f 330/3162/1933 333/3147/1926 331/3163/1933
f 333/3147/1926 330/3162/1933 377/3164/381
f 333/3147/1926 377/3164/381 3114/3143/1924
f 326/3165/1934 377/3164/381 327/3166/1934
f 377/3164/381 326/3165/1934 339/3167/1935
f 377/3164/381 339/3167/1935 3114/3143/1924
f 3114/3143/1924 339/3167/1935 3118/3148/1927
f 3118/3148/1927 339/3167/1935 3122/3152/1929
f 355/3168/1936 339/3167/1935 338/3169/1936
f 339/3167/1935 355/3168/1936 319/3170/1664
f 339/3167/1935 319/3170/1664 3122/3152/1929
f 572/3171/1479 319/3170/1664 318/3172/1479
f 319/3170/1664 572/3171/1479 345/3173/1937
f 319/3170/1664 345/3173/1937 3122/3152/1929
f 1617/3174/1938 345/3173/1937 344/3175/1938
f 345/3173/1937 1617/3174/1938 455/3176/810
f 3126/3177/1939 455/3176/810 454/3178/1939
f 455/3176/810 3126/3177/1939 865/3179/1940
f 345/3173/1937 455/3176/810 3127/3180/1087
f 3127/3180/1087 455/3176/810 865/3179/1940
f 3128/3181/1941 3122/3152/1929 345/3173/1937
f 3128/3181/1941 345/3173/1937 3127/3180/1087
f 3122/3152/1929 3128/3181/1941 3124/3154/162
f 3124/3154/162 3128/3181/1941 3129/3182/162
f 3129/3182/162 3128/3181/1941 3127/3180/1087
f 3129/3182/162 3127/3180/1087 3130/3183/162
f 3130/3183/162 3127/3180/1087 3131/3184/1942
f 3131/3184/1942 3127/3180/1087 865/3179/1940
f 3130/3183/162 3131/3184/1942 3132/3185/162
f 3132/3185/162 3131/3184/1942 3133/3186/1943
f 3133/3186/1943 3131/3184/1942 865/3179/1940
f 3132/3185/162 3133/3186/1943 3134/3187/162
f 3135/3188/1944 865/3179/1940 864/3189/1944
f 865/3179/1940 3135/3188/1944 3136/3190/785
f 865/3179/1940 3136/3190/785 3133/3186/1943
f 3134/3187/162 3133/3186/1943 3137/3191/1945
f 3137/3191/1945 3133/3186/1943 3136/3190/785
f 3134/3187/162 3137/3191/1945 3138/3192/162
f 3139/3193/1946 3136/3190/785 3140/3194/1946
f 3136/3190/785 3139/3193/1946 3141/3195/783
f 3136/3190/785 3141/3195/783 3137/3191/1945
f 3138/3192/162 3137/3191/1945 3142/3196/1947
f 3142/3196/1947 3137/3191/1945 3141/3195/783
f 3138/3192/162 3142/3196/1947 3143/3197/162
f 3144/3198/1948 3141/3195/783 3145/3199/1948
f 3141/3195/783 3144/3198/1948 3146/3200/1639
f 3141/3195/783 3146/3200/1639 3142/3196/1947
f 3147/3201/1949 3146/3200/1639 3148/3202/1949
f 3146/3200/1639 3147/3201/1949 3149/3203/774
f 3146/3200/1639 3149/3203/774 3142/3196/1947
f 3150/3204/1950 3143/3197/162 3142/3196/1947
f 3150/3204/1950 3142/3196/1947 3149/3203/774
f 3143/3197/162 3150/3204/1950 3151/3205/162
f 3152/3206/1951 3149/3203/774 3153/3207/1951
f 3149/3203/774 3152/3206/1951 3154/3208/771
f 3149/3203/774 3154/3208/771 3150/3204/1950
f 3151/3205/162 3150/3204/1950 3155/3209/1952
f 3155/3209/1952 3150/3204/1950 3154/3208/771
f 3151/3205/162 3155/3209/1952 3156/3210/162
f 870/3211/1416 3154/3208/771 3157/3212/1416
f 3154/3208/771 870/3211/1416 867/3213/1953
f 3154/3208/771 867/3213/1953 3155/3209/1952
f 3156/3210/162 3155/3209/1952 3158/3214/1912
f 3158/3214/1912 3155/3209/1952 867/3213/1953
f 3156/3210/162 3158/3214/1912 3125/3156/162
f 3125/3156/162 3158/3214/1912 3123/3153/1085
f 3123/3153/1085 3158/3214/1912 867/3213/1953
f 460/3215/1954 867/3213/1953 3159/3216/1954
f 867/3213/1953 460/3215/1954 457/3217/767
f 867/3213/1953 457/3217/767 3123/3153/1085
f 3123/3153/1085 457/3217/767 347/3155/1930
f 347/3155/1930 457/3217/767 350/3218/1955
f 350/3218/1955 457/3217/767 2156/3219/1955
f 3160/3220/1956 3138/3192/1957 3161/3221/1957
f 3161/3221/1957 3138/3192/1957 3162/3222/1958
f 3138/3192/1957 3160/3220/1956 3134/3187/1956
f 3162/3222/1958 3138/3192/1957 3143/3197/1959
f 3134/3187/1956 3160/3220/1956 3132/3185/1960
f 3162/3222/1958 3143/3197/1959 3151/3205/1961
f 3132/3185/1960 3160/3220/1956 3163/3223/1960
f 3162/3222/1958 3151/3205/1961 3164/3224/1961
f 3132/3185/1960 3163/3223/1960 3130/3183/1962
f 3164/3224/1961 3151/3205/1961 3156/3210/1963
f 3130/3183/1962 3163/3223/1960 3165/3225/1962
f 3164/3224/1961 3156/3210/1963 3166/3226/1963
f 3130/3183/1962 3165/3225/1962 3167/3227/1964
f 3166/3226/1963 3156/3210/1963 3125/3156/1965
f 3130/3183/1962 3167/3227/1964 3129/3182/1964
f 3166/3226/1963 3125/3156/1965 3168/3228/1965
f 3129/3182/1964 3167/3227/1964 3169/3229/1966
f 3168/3228/1965 3125/3156/1965 3121/3151/1967
f 3129/3182/1964 3169/3229/1966 3124/3154/1966
f 3168/3228/1965 3121/3151/1967 3170/3230/1967
f 3124/3154/1966 3169/3229/1966 3171/3231/1968
f 3170/3230/1967 3121/3151/1967 3172/3232/1969
f 3124/3154/1966 3171/3231/1968 3119/3149/1968
f 3172/3232/1969 3121/3151/1967 3117/3146/1969
f 3119/3149/1968 3171/3231/1968 3173/3233/1970
f 3172/3232/1969 3117/3146/1969 3174/3234/1971
f 3119/3149/1968 3173/3233/1970 3116/3145/1970
f 3174/3234/1971 3117/3146/1969 3111/3140/1971
f 3116/3145/1970 3173/3233/1970 3113/3142/1972
f 3174/3234/1971 3111/3140/1971 3175/3235/1972
f 3113/3142/1972 3173/3233/1970 3175/3235/1972
f 3113/3142/1972 3175/3235/1972 3111/3140/1971
f 3171/3231/162 3175/3235/162 3173/3233/162
f 3175/3235/162 3171/3231/162 3174/3234/162
f 3174/3234/162 3171/3231/162 3169/3229/162
f 3174/3234/162 3169/3229/162 3172/3232/162
f 3172/3232/162 3169/3229/162 3167/3227/162
f 3172/3232/162 3167/3227/162 3170/3230/162
f 3170/3230/162 3167/3227/162 3165/3225/162
f 3170/3230/162 3165/3225/162 3168/3228/162
f 3168/3228/162 3165/3225/162 3163/3223/162
f 3168/3228/162 3163/3223/162 3166/3226/162
f 3166/3226/162 3163/3223/162 3160/3220/162
f 3166/3226/162 3160/3220/162 3164/3224/162
f 3164/3224/162 3160/3220/162 3161/3221/162
f 3164/3224/162 3161/3221/162 3162/3222/162
f 3176/3236/1973 1359/1374/1974 1352/1367/1974
f 1359/1374/1974 3176/3236/1973 3177/3237/1975
f 3177/3237/1975 3176/3236/1973 1424/1439/1976
f 3177/3237/1975 1424/1439/1976 1421/1436/1976
f 1366/1381/1974 3178/3238/1973 1365/1380/1974
f 3178/3238/1973 1366/1381/1974 3179/3239/1975
f 3178/3238/1973 3179/3239/1975 1428/1443/1976
f 1428/1443/1976 3179/3239/1975 1422/1437/1976
f 3180/3240/1977 2231/2252/1978 2227/2248/1978
f 2231/2252/1978 3180/3240/1977 3181/3241/1979
f 3181/3241/1979 3180/3240/1977 2287/2308/1976
f 3181/3241/1979 2287/2308/1976 2288/2309/1976
f 2296/2317/1976 3182/3242/1979 2289/2310/1976
f 3182/3242/1979 2296/2317/1976 3183/3243/1977
f 3182/3242/1979 3183/3243/1977 2236/2257/1978
f 2236/2257/1978 3183/3243/1977 2213/2234/1978
f 384/3244/840 3184/3245/840 386/3246/840
f 3184/3245/840 384/3244/840 3185/3247/840
f 3185/3247/840 384/3244/840 382/3248/840
f 3185/3247/840 382/3248/840 3186/3249/840
f 3186/3249/840 382/3248/840 379/3250/840
f 3186/3249/840 379/3250/840 3187/3251/840
f 618/3252/632 3188/3253/1712 3189/3254/632
f 3188/3253/1712 618/3252/632 620/3255/1712
f 3188/3253/1712 620/3255/1712 626/3256/840
f 3188/3253/1712 626/3256/840 3190/3257/840
f 3190/3257/840 626/3256/840 630/3258/840
f 3190/3257/840 630/3258/840 3191/3259/840
f 2162/3260/1712 3192/3261/840 2164/3262/840
f 2164/3262/840 3192/3261/840 2166/3263/840
f 3192/3261/840 2162/3260/1712 3193/3264/1712
f 2166/3263/840 3192/3261/840 3194/3265/840
f 3193/3264/1712 2162/3260/1712 2159/3266/1712
f 2166/3263/840 3194/3265/840 2168/3267/840
f 3193/3264/1712 2159/3266/1712 3195/3268/1712
f 2168/3267/840 3194/3265/840 3196/3269/840
f 3195/3268/1712 2159/3266/1712 3197/3270/840
f 2168/3267/840 3196/3269/840 2169/3271/840
f 3197/3270/840 2159/3266/1712 2157/3272/632
f 3197/3270/840 2157/3272/632 663/3273/840
f 3197/3270/840 663/3273/840 3198/3274/840
f 2169/3271/840 3196/3269/840 3199/3275/840
f 2169/3271/840 3199/3275/840 3200/3276/840
f 2169/3271/840 3200/3276/840 2172/3277/840
f 2172/3277/840 3200/3276/840 3201/3278/840
f 2172/3277/840 3201/3278/840 2174/3279/840
f 2174/3279/840 3201/3278/840 2176/3280/840
f 2176/3280/840 3201/3278/840 3202/3281/840
f 2176/3280/840 3202/3281/840 2178/3282/840
f 2178/3282/840 3202/3281/840 3203/3283/840
f 2178/3282/840 3203/3283/840 2180/3284/840
f 2180/3284/840 3203/3283/840 3204/3285/840
f 2180/3284/840 3204/3285/840 3205/3286/840
f 2180/3284/840 3205/3286/840 2182/3287/840
f 3206/3288/840 783/3289/1712 787/3290/840
f 3206/3288/840 787/3290/840 791/3291/840
f 783/3289/1712 3206/3288/840 3207/3292/1712
f 3206/3288/840 791/3291/840 3208/3293/840
f 783/3289/1712 3207/3292/1712 779/3294/1712
f 3208/3293/840 791/3291/840 795/3295/840
f 779/3294/1712 3207/3292/1712 3209/3296/1712
f 3208/3293/840 795/3295/840 3210/3297/840
f 779/3294/1712 3209/3296/1712 3211/3298/840
f 3210/3297/840 795/3295/840 799/3299/840
f 779/3294/1712 3211/3298/840 782/3300/840
f 782/3300/840 3211/3298/840 786/3301/840
f 786/3301/840 3211/3298/840 3212/3302/840
f 3210/3297/840 799/3299/840 3213/3303/840
f 3213/3303/840 799/3299/840 3214/3304/840
f 3214/3304/840 799/3299/840 803/3305/840
f 3214/3304/840 803/3305/840 3215/3306/840
f 3215/3306/840 803/3305/840 807/3307/840
f 3215/3306/840 807/3307/840 811/3308/840
f 3215/3306/840 811/3308/840 3216/3309/840
f 3216/3309/840 811/3308/840 815/3310/840
f 3216/3309/840 815/3310/840 3217/3311/840
f 3217/3311/840 815/3310/840 819/3312/840
f 3217/3311/840 819/3312/840 3218/3313/840
f 3218/3313/840 819/3312/840 3219/3314/840
f 3219/3314/840 819/3312/840 823/3315/840
f 827/3316/840 3219/3317/840 823/3318/840
f 3219/3317/840 827/3316/840 3220/3317/840
f 3220/3317/840 827/3316/840 831/3319/840
f 3220/3317/840 831/3319/840 3221/3320/840
f 3221/3320/840 831/3319/840 835/3321/840
f 3221/3320/840 835/3321/840 3222/3322/840
f 3222/3322/840 835/3321/840 839/3323/840
f 3222/3322/840 839/3323/840 3223/3324/840
f 3223/3324/840 839/3323/840 843/3325/840
f 3223/3324/840 843/3325/840 3224/3326/840
f 3224/3326/840 843/3325/840 3225/3327/840
f 3225/3327/840 843/3325/840 847/3328/840
f 3225/3327/840 847/3328/840 3226/3329/840
f 3226/3329/840 847/3328/840 853/3330/840
f 3226/3329/840 853/3330/840 3227/3331/840
f 3227/3331/840 853/3330/840 855/3332/840
f 3227/3331/840 855/3332/840 858/3333/840
f 3227/3331/840 858/3333/840 3228/3334/840
f 3228/3334/840 858/3333/840 2182/3335/840
f 3228/3334/840 2182/3335/840 3205/3334/840
f 788/3336/840 3229/3337/840 794/3338/840
f 3229/3337/840 788/3336/840 3230/3339/840
f 3230/3339/840 788/3336/840 786/3340/840
f 3230/3339/840 786/3340/840 3212/3341/840
f 794/3338/840 3229/3337/840 3231/3342/840
f 794/3338/840 3231/3342/840 796/3343/840
f 796/3343/840 3231/3342/840 800/3344/840
f 800/3344/840 3231/3342/840 3232/3345/840
f 800/3344/840 3232/3345/840 3233/3346/840
f 800/3344/840 3233/3346/840 804/3347/840
f 804/3347/840 3233/3346/840 3234/3348/840
f 804/3347/840 3234/3348/840 808/3349/840
f 808/3349/840 3234/3348/840 3235/3350/840
f 808/3349/840 3235/3350/840 812/3351/840
f 812/3351/840 3235/3350/840 3236/3352/840
f 812/3351/840 3236/3352/840 818/3353/840
f 818/3353/840 3236/3352/840 3237/3354/840
f 818/3353/840 3237/3354/840 822/3355/840
f 822/3355/840 3237/3354/840 3238/3356/1712
f 822/3355/840 3238/3356/1712 826/3357/1712
f 826/3357/1712 3238/3356/1712 830/3358/1712
f 830/3358/1712 3238/3356/1712 3239/3359/1712
f 830/3358/1712 3239/3359/1712 834/3360/840
f 834/3360/840 3239/3359/1712 3240/3361/840
f 834/3360/840 3240/3361/840 3241/3362/840
f 834/3360/840 3241/3362/840 838/3363/840
f 838/3363/840 3241/3362/840 842/3364/840
f 842/3364/840 3241/3362/840 3242/3365/840
f 842/3364/840 3242/3365/840 3243/3366/840
f 842/3364/840 3243/3366/840 846/3367/840
f 846/3367/840 3243/3366/840 3244/3368/840
f 846/3367/840 3244/3368/840 850/3369/840
f 850/3369/840 3244/3368/840 3245/3370/840
f 850/3369/840 3245/3370/840 854/3371/840
f 854/3371/840 3245/3370/840 3246/3372/840
f 854/3371/840 3246/3372/840 860/3373/840
f 860/3373/840 3246/3372/840 862/3374/840
f 862/3374/840 3246/3372/840 3247/3375/840
f 862/3374/840 3247/3375/840 379/3376/840
f 379/3376/840 3247/3375/840 3187/3377/840
f 3248/3378/840 660/3379/840 658/3380/840
f 3248/3378/840 658/3380/840 656/3381/840
f 660/3379/840 3248/3378/840 3249/3382/840
f 660/3379/840 3249/3382/840 663/3383/840
f 663/3383/840 3249/3382/840 3198/3384/840
f 3248/3378/840 656/3381/840 3250/3385/840
f 3250/3385/840 656/3381/840 654/3386/840
f 3250/3385/840 654/3386/840 3251/3387/840
f 3251/3387/840 654/3386/840 652/3388/840
f 3251/3387/840 652/3388/840 3252/3389/840
f 3252/3389/840 652/3388/840 650/3390/840
f 3252/3389/840 650/3390/840 3253/3391/840
f 3253/3391/840 650/3390/840 3254/3392/840
f 3254/3392/840 650/3390/840 648/3393/840
f 3254/3392/840 648/3393/840 646/3394/840
f 3254/3392/840 646/3394/840 3255/3395/840
f 3255/3395/840 646/3394/840 3256/3396/1712
f 3256/3396/1712 646/3394/840 644/3397/1712
f 3256/3396/1712 644/3397/1712 3257/3398/1712
f 3257/3398/1712 644/3397/1712 641/3399/1712
f 3257/3398/1712 641/3399/1712 637/3400/840
f 3257/3398/1712 637/3400/840 3258/3401/840
f 3258/3401/840 637/3400/840 633/3402/840
f 3258/3401/840 633/3402/840 3259/3403/840
f 3259/3403/840 633/3402/840 631/3404/840
f 3259/3403/840 631/3404/840 3260/3405/840
f 3260/3405/840 631/3404/840 627/3406/840
f 3260/3405/840 627/3406/840 3261/3405/840
f 3261/3405/840 627/3406/840 623/3407/840
f 3261/3405/840 623/3407/840 3262/3408/840
f 3262/3408/840 623/3407/840 619/3409/840
f 3262/3408/840 619/3409/840 3263/3410/840
f 3263/3410/840 619/3409/840 3264/3411/840
f 3264/3411/840 619/3409/840 615/3412/840
f 3264/3411/840 615/3412/840 611/3413/840
f 3264/3411/840 611/3413/840 3265/3414/840
f 3265/3414/840 611/3413/840 614/3415/632
f 3265/3414/840 614/3415/632 3266/3416/632
f 3266/3416/632 614/3415/632 618/3417/632
f 3266/3416/632 618/3417/632 3189/3418/632
f 634/3419/840 3191/3420/840 630/3421/840
f 3191/3420/840 634/3419/840 3267/3422/840
f 3267/3422/840 634/3419/840 638/3423/840
f 3267/3422/840 638/3423/840 3268/3424/840
f 3268/3424/840 638/3423/840 642/3425/840
f 3268/3424/840 642/3425/840 3269/3426/840
f 3269/3426/840 642/3425/840 3270/3427/840
f 3270/3427/840 642/3425/840 397/3428/840
f 3270/3427/840 397/3428/840 396/3429/840
f 3270/3427/840 396/3429/840 3271/3430/840
f 3271/3430/840 396/3429/840 3272/3431/840
f 3272/3431/840 396/3429/840 394/3432/840
f 3272/3431/840 394/3432/840 392/3433/840
f 3272/3431/840 392/3433/840 3273/3434/840
f 3273/3434/840 392/3433/840 3274/3435/840
f 3274/3435/840 392/3433/840 390/3436/840
f 3274/3435/840 390/3436/840 388/3437/840
f 3274/3435/840 388/3437/840 3275/3438/840
f 3275/3438/840 388/3437/840 386/3439/840
f 3275/3438/840 386/3439/840 3184/3440/840
f 1358/1373/1974 3276/3441/1973 1362/1377/1974
f 3276/3441/1973 1358/1373/1974 3277/3442/1973
f 3276/3441/1973 3277/3442/1973 1423/1438/1976
f 3276/3441/1973 1423/1438/1976 1420/1435/1976
f 319/331/1980 356/370/1980 317/329/1980
f 356/370/1980 319/331/1980 355/369/1980
f 3278/3443/1981 3001/3029/1982 3003/3031/1063
f 3001/3029/1982 3278/3443/1981 3279/3444/1983
f 3001/3029/1982 3279/3444/1983 3000/3028/1984
f 3278/3443/1981 3003/3031/1063 3280/3445/1063
f 3279/3444/1983 3278/3443/1981 3281/3446/535
f 3281/3446/535 3278/3443/1981 3280/3445/1063
f 3280/3445/1063 3003/3031/1063 3004/3032/1985
f 3279/3444/1983 3281/3446/535 3282/3447/535
f 3281/3446/535 3280/3445/1063 3283/3448/157
f 3000/3028/1984 3279/3444/1983 3284/3449/576
f 3284/3449/576 3279/3444/1983 3282/3447/535
f 3284/3449/576 3282/3447/535 900/3450/535
f 3000/3028/1984 3284/3449/576 2999/3027/1986
f 3284/3449/576 900/3450/535 894/3451/534
f 3283/3448/157 3280/3445/1063 3285/3452/1987
f 3285/3452/1987 3280/3445/1063 3004/3032/1985
f 3283/3448/157 3285/3452/1987 3286/3453/545
f 3284/3449/576 894/3451/534 3287/3454/1988
f 3284/3449/576 3287/3454/1988 2999/3027/1986
f 2999/3027/1986 3287/3454/1988 2997/3025/228
f 3287/3454/1988 894/3451/534 891/3455/534
f 2997/3025/228 3287/3454/1988 2995/3023/1768
f 3286/3453/545 3285/3452/1987 3288/3456/1989
f 3288/3456/1989 3285/3452/1987 3004/3032/1985
f 3286/3453/545 3288/3456/1989 989/3457/545
f 3288/3456/1989 3004/3032/1985 3005/3033/1388
f 2995/3023/1768 3287/3454/1988 3289/3458/582
f 3289/3458/582 3287/3454/1988 891/3455/534
f 2995/3023/1768 3289/3458/582 2996/3024/1990
f 3289/3458/582 891/3455/534 3290/3459/1991
f 3289/3458/582 3290/3459/1991 2996/3024/1990
f 3290/3459/1991 891/3455/534 893/3460/535
f 2996/3024/1990 3290/3459/1991 2998/3026/1992
f 3288/3456/1989 3005/3033/1388 3291/3461/1993
f 3288/3456/1989 3291/3461/1993 989/3457/545
f 989/3457/545 3291/3461/1993 985/3462/545
f 3291/3461/1993 3005/3033/1388 3008/3036/1994
f 985/3462/545 3291/3461/1993 981/3463/157
f 2998/3026/1992 3290/3459/1991 3292/3464/1995
f 3292/3464/1995 3290/3459/1991 893/3460/535
f 2998/3026/1992 3292/3464/1995 3002/3030/1068
f 3292/3464/1995 893/3460/535 896/3465/535
f 3002/3030/1068 3292/3464/1995 3293/3466/1068
f 3293/3466/1068 3292/3464/1995 896/3465/535
f 3002/3030/1068 3293/3466/1068 3006/3034/1996
f 3293/3466/1068 896/3465/535 899/3467/534
f 3006/3034/1996 3293/3466/1068 3294/3468/1775
f 3294/3468/1775 3293/3466/1068 899/3467/534
f 3006/3034/1996 3294/3468/1775 3007/3035/598
f 3294/3468/1775 899/3467/534 903/3469/157
f 3294/3468/1775 903/3469/157 3295/3470/1997
f 3294/3468/1775 3295/3470/1997 3007/3035/598
f 3295/3470/1997 903/3469/157 907/3471/157
f 3007/3035/598 3295/3470/1997 3296/3472/1998
f 3296/3472/1998 3295/3470/1997 907/3471/157
f 3296/3472/1998 907/3471/157 909/3473/545
f 3007/3035/598 3296/3472/1998 3057/3085/1999
f 3296/3472/1998 909/3473/545 914/3474/534
f 3057/3085/1999 3296/3472/1998 3297/3475/1472
f 3297/3475/1472 3296/3472/1998 914/3474/534
f 3057/3085/1999 3297/3475/1472 3056/3084/1967
f 3297/3475/1472 914/3474/534 3298/3476/2000
f 3297/3475/1472 3298/3476/2000 3056/3084/1967
f 3298/3476/2000 914/3474/534 919/3477/157
f 3056/3084/1967 3298/3476/2000 3055/3083/2001
f 3298/3476/2000 919/3477/157 3299/3478/1321
f 3298/3476/2000 3299/3478/1321 3055/3083/2001
f 3299/3478/1321 919/3477/157 924/3479/157
f 3055/3083/2001 3299/3478/1321 3025/3053/2002
f 3299/3478/1321 924/3479/157 3300/3480/2003
f 3299/3478/1321 3300/3480/2003 3025/3053/2002
f 3300/3480/2003 924/3479/157 929/3481/157
f 3025/3053/2002 3300/3480/2003 3024/3052/2004
f 3300/3480/2003 929/3481/157 934/3482/535
f 3024/3052/2004 3300/3480/2003 3301/3483/1594
f 3301/3483/1594 3300/3480/2003 934/3482/535
f 3024/3052/2004 3301/3483/1594 3022/3050/2005
f 3301/3483/1594 934/3482/535 939/3484/535
f 3022/3050/2005 3301/3483/1594 3302/3485/2006
f 3302/3485/2006 3301/3483/1594 939/3484/535
f 3022/3050/2005 3302/3485/2006 3021/3049/2007
f 3302/3485/2006 939/3484/535 944/3486/535
f 3021/3049/2007 3302/3485/2006 3303/3487/487
f 3303/3487/487 3302/3485/2006 944/3486/535
f 3021/3049/2007 3303/3487/487 3020/3048/487
f 3303/3487/487 944/3486/535 951/3488/577
f 3020/3048/487 3303/3487/487 3304/3489/2008
f 3304/3489/2008 3303/3487/487 951/3488/577
f 3020/3048/487 3304/3489/2008 3018/3046/2009
f 3304/3489/2008 951/3488/577 954/3490/535
f 3018/3046/2009 3304/3489/2008 3305/3491/2010
f 3305/3491/2010 3304/3489/2008 954/3490/535
f 3018/3046/2009 3305/3491/2010 3017/3045/2010
f 3305/3491/2010 954/3490/535 958/3492/535
f 3017/3045/2010 3305/3491/2010 3016/3044/2011
f 3305/3491/2010 958/3492/535 3306/3493/388
f 3305/3491/2010 3306/3493/388 3016/3044/2011
f 3306/3493/388 958/3492/535 960/3494/534
f 3016/3044/2011 3306/3493/388 3015/3043/2012
f 3306/3493/388 960/3494/534 3307/3495/532
f 3306/3493/388 3307/3495/532 3015/3043/2012
f 3307/3495/532 960/3494/534 963/3496/534
f 3015/3043/2012 3307/3495/532 3014/3042/2013
f 3307/3495/532 963/3496/534 3308/3497/536
f 3307/3495/532 3308/3497/536 3014/3042/2013
f 3308/3497/536 963/3496/534 967/3498/534
f 3014/3042/2013 3308/3497/536 3013/3041/2014
f 3308/3497/536 967/3498/534 3309/3499/2015
f 3308/3497/536 3309/3499/2015 3013/3041/2014
f 3309/3499/2015 967/3498/534 971/3500/534
f 3013/3041/2014 3309/3499/2015 3012/3040/2016
f 3309/3499/2015 971/3500/534 3310/3501/2017
f 3309/3499/2015 3310/3501/2017 3012/3040/2016
f 3310/3501/2017 971/3500/534 975/3502/534
f 3012/3040/2016 3310/3501/2017 3011/3039/2018
f 3011/3039/2018 3310/3501/2017 3311/3503/2019
f 3311/3503/2019 3310/3501/2017 975/3502/534
f 3011/3039/2018 3311/3503/2019 3010/3038/2020
f 3311/3503/2019 975/3502/534 3312/3504/2021
f 3311/3503/2019 3312/3504/2021 3010/3038/2020
f 3312/3504/2021 975/3502/534 977/3505/534
f 3010/3038/2020 3312/3504/2021 3009/3037/1117
f 3312/3504/2021 977/3505/534 3313/3506/2022
f 3312/3504/2021 3313/3506/2022 3009/3037/1117
f 3313/3506/2022 977/3505/534 981/3463/157
f 3009/3037/1117 3313/3506/2022 3008/3036/1994
f 3313/3506/2022 981/3463/157 3291/3461/1993
f 3313/3506/2022 3291/3461/1993 3008/3036/1994
f 2291/2312/1976 3314/3507/1977 2290/2311/1976
f 3314/3507/1977 2291/2312/1976 3315/3508/1977
f 3314/3507/1977 3315/3508/1977 2234/2255/1978
f 3314/3507/1977 2234/2255/1978 2230/2251/1978
f 453/467/2023 346/360/2023 343/357/2023
f 346/360/2023 453/467/2023 1618/1633/2023
f 349/363/2024 2155/2172/2024 459/473/2024
f 2155/2172/2024 349/363/2024 348/362/2024
f 323/335/2025 358/372/2025 321/333/2025
f 358/372/2025 323/335/2025 357/371/2025
f 3179/3239/2026 1420/1435/1352 1422/1437/1352
f 1420/1435/1352 3179/3239/2026 3276/3441/2027
f 3276/3441/2027 3179/3239/2026 1366/1381/2028
f 3276/3441/2027 1366/1381/2028 1362/1377/2028
f 1430/1445/1352 3316/3509/2026 1427/1442/1352
f 3316/3509/2026 1430/1445/1352 3317/3510/2027
f 3316/3509/2026 3317/3510/2027 1371/1386/2028
f 1371/1386/2028 3317/3510/2027 1355/1370/2028
f 680/3511/162 3318/3512/162 684/3513/162
f 3318/3512/162 680/3511/162 3319/3514/162
f 3319/3514/162 680/3511/162 674/3515/545
f 3319/3514/162 674/3515/545 3320/3516/545
f 3320/3516/545 674/3515/545 672/3517/162
f 3320/3516/545 672/3517/162 3321/3518/162
f 570/3519/157 3322/3520/157 3323/3521/157
f 3322/3520/157 570/3519/157 568/3522/157
f 3322/3520/157 568/3522/157 566/3523/157
f 3322/3520/157 566/3523/157 3324/3524/157
f 3324/3524/157 566/3523/157 564/3525/162
f 3324/3524/157 564/3525/162 3325/3526/162
f 558/3527/162 359/3528/162 361/3529/162
f 359/3528/162 558/3527/162 363/3530/162
f 363/3530/162 558/3527/162 1074/3531/162
f 363/3530/162 1074/3531/162 365/3532/162
f 365/3532/162 1074/3531/162 1076/3533/162
f 365/3532/162 1076/3533/162 367/3534/162
f 367/3534/162 1076/3533/162 376/3535/162
f 367/3534/162 376/3535/162 369/3536/162
f 369/3536/162 376/3535/162 374/3537/162
f 369/3536/162 374/3537/162 371/3538/162
f 3326/3539/162 558/3527/162 361/3529/162
f 558/3527/162 3326/3539/162 556/3540/162
f 3326/3539/162 361/3529/162 3327/3541/162
f 556/3540/162 3326/3539/162 3328/3542/162
f 3327/3541/162 361/3529/162 696/3543/162
f 556/3540/162 3328/3542/162 3329/3544/162
f 3327/3541/162 696/3543/162 3330/3545/162
f 556/3540/162 3329/3544/162 560/3546/162
f 3330/3545/162 696/3543/162 3331/3547/162
f 560/3546/162 3329/3544/162 3332/3548/162
f 3331/3547/162 696/3543/162 692/3549/162
f 560/3546/162 3332/3548/162 562/3550/162
f 562/3550/162 3332/3548/162 3325/3551/162
f 562/3550/162 3325/3551/162 564/3552/162
f 3331/3547/162 692/3549/162 688/3553/162
f 3331/3547/162 688/3553/162 3333/3554/162
f 3333/3554/162 688/3553/162 684/3555/162
f 3333/3554/162 684/3555/162 3318/3556/162
f 2154/3557/162 3334/3558/162 2152/3559/162
f 3334/3558/162 2154/3557/162 3335/3560/162
f 3335/3560/162 2154/3557/162 570/3561/157
f 3335/3560/162 570/3561/157 3323/3562/157
f 2152/3559/162 3334/3558/162 3336/3563/162
f 2152/3559/162 3336/3563/162 2150/3564/162
f 2150/3564/162 3336/3563/162 2148/3565/162
f 2148/3565/162 3336/3563/162 3337/3566/162
f 2148/3565/162 3337/3566/162 2146/3567/162
f 2146/3567/162 3337/3566/162 3338/3568/162
f 2146/3567/162 3338/3568/162 2144/3569/162
f 2144/3569/162 3338/3568/162 3339/3570/162
f 2144/3569/162 3339/3570/162 3340/3571/162
f 2144/3569/162 3340/3571/162 2142/3572/162
f 2142/3572/162 3340/3571/162 2140/3573/162
f 2140/3573/162 3340/3571/162 3341/3574/162
f 2140/3573/162 3341/3574/162 3342/3575/157
f 2140/3573/162 3342/3575/157 2136/3576/157
f 2136/3576/157 3342/3575/157 3343/3577/157
f 2136/3576/157 3343/3577/157 2132/3578/545
f 2132/3578/545 3343/3577/157 3344/3579/162
f 2132/3578/545 3344/3579/162 2128/3580/162
f 2128/3580/162 3344/3579/162 3345/3581/162
f 2128/3580/162 3345/3581/162 2124/3582/162
f 2124/3582/162 3345/3581/162 3346/3583/162
f 2124/3582/162 3346/3583/162 2118/3584/162
f 2118/3584/162 3346/3583/162 3347/3583/162
f 2118/3584/162 3347/3583/162 2114/3585/162
f 2114/3585/162 3347/3583/162 2110/3586/162
f 2110/3586/162 3347/3583/162 3348/3587/162
f 2110/3586/162 3348/3587/162 2106/3588/162
f 2106/3588/162 3348/3587/162 3349/3589/162
f 2106/3588/162 3349/3589/162 3350/3590/162
f 2106/3588/162 3350/3590/162 2102/3591/162
f 2102/3591/162 3350/3590/162 2100/3592/162
f 2100/3592/162 3350/3590/162 3351/3593/162
f 2100/3592/162 3351/3593/162 2094/3594/162
f 2094/3594/162 3351/3593/162 3352/3595/162
f 2094/3594/162 3352/3595/162 3353/3596/162
f 2094/3594/162 3353/3596/162 2093/3597/162
f 2101/3598/162 3354/3599/162 2105/3600/162
f 2105/3600/162 3354/3599/162 2109/3601/162
f 3354/3599/162 2101/3598/162 3355/3602/162
f 2109/3601/162 3354/3599/162 3356/3603/162
f 3355/3602/162 2101/3598/162 2097/3604/162
f 2109/3601/162 3356/3603/162 2113/3605/162
f 3355/3602/162 2097/3604/162 3357/3606/162
f 2113/3605/162 3356/3603/162 3358/3607/162
f 3357/3606/162 2097/3604/162 3359/3608/162
f 2113/3605/162 3358/3607/162 2117/3609/162
f 3359/3608/162 2097/3604/162 2091/3610/162
f 3359/3608/162 2091/3610/162 2093/3611/162
f 3359/3608/162 2093/3611/162 3353/3612/162
f 2117/3609/162 3358/3607/162 3360/3613/162
f 2117/3609/162 3360/3613/162 3361/3614/162
f 2117/3609/162 3361/3614/162 2121/3615/162
f 2121/3615/162 3361/3614/162 3362/3616/162
f 2121/3615/162 3362/3616/162 2125/3617/162
f 2125/3617/162 3362/3616/162 2129/3618/162
f 2129/3618/162 3362/3616/162 3363/3619/162
f 2129/3618/162 3363/3619/162 2133/3620/162
f 2133/3620/162 3363/3619/162 3364/3621/162
f 2133/3620/162 3364/3621/162 2137/3622/162
f 2137/3622/162 3364/3621/162 3365/3623/162
f 2137/3622/162 3365/3623/162 3366/3624/162
f 2137/3622/162 3366/3624/162 3/3625/162
f 3367/3626/162 2189/3627/162 2183/3628/162
f 3367/3626/162 2183/3628/162 2185/3629/162
f 2189/3627/162 3367/3626/162 3368/3630/162
f 3367/3626/162 2185/3629/162 3369/3631/162
f 2189/3627/162 3368/3630/162 2193/3632/162
f 3369/3631/162 2185/3629/162 2188/3633/162
f 2193/3632/162 3368/3630/162 3370/3634/162
f 3369/3631/162 2188/3633/162 3371/3635/162
f 2193/3632/162 3370/3634/162 3372/3636/162
f 3371/3635/162 2188/3633/162 2192/3637/162
f 2193/3632/162 3372/3636/162 2199/3638/162
f 2199/3638/162 3372/3636/162 717/3639/162
f 717/3639/162 3372/3636/162 3373/3640/162
f 3371/3635/162 2192/3637/162 3374/3641/162
f 3374/3641/162 2192/3637/162 3375/3642/162
f 3375/3642/162 2192/3637/162 2196/3643/162
f 3375/3642/162 2196/3643/162 3376/3644/162
f 3376/3644/162 2196/3643/162 2200/3645/162
f 3376/3644/162 2200/3645/162 2202/3646/162
f 3376/3644/162 2202/3646/162 3377/3647/162
f 3377/3647/162 2202/3646/162 2204/3648/162
f 3377/3647/162 2204/3648/162 3378/3649/162
f 3378/3649/162 2204/3648/162 2206/3650/162
f 3378/3649/162 2206/3650/162 3379/3651/162
f 3379/3651/162 2206/3650/162 3380/3652/162
f 3380/3652/162 2206/3650/162 2208/3653/162
f 19/3654/162 3380/3655/162 2208/3656/162
f 3380/3655/162 19/3654/162 3381/3655/162
f 3381/3655/162 19/3654/162 17/3657/162
f 3381/3655/162 17/3657/162 3382/3658/162
f 3382/3658/162 17/3657/162 16/3659/162
f 3382/3658/162 16/3659/162 3383/3660/162
f 3383/3660/162 16/3659/162 13/3661/162
f 3383/3660/162 13/3661/162 3384/3662/162
f 3384/3662/162 13/3661/162 11/3663/162
f 3384/3662/162 11/3663/162 3385/3664/162
f 3385/3664/162 11/3663/162 3386/3665/162
f 3386/3665/162 11/3663/162 9/3666/162
f 3386/3665/162 9/3666/162 3387/3667/162
f 3387/3667/162 9/3666/162 7/3668/162
f 3387/3667/162 7/3668/162 3388/3669/162
f 3388/3669/162 7/3668/162 5/3670/162
f 3388/3669/162 5/3670/162 1/3671/162
f 3388/3669/162 1/3671/162 3389/3669/162
f 3389/3669/162 1/3671/162 3/3672/162
f 3389/3669/162 3/3672/162 3366/3673/162
f 714/3674/162 3390/3675/162 712/3676/162
f 3390/3675/162 714/3674/162 3391/3677/162
f 3391/3677/162 714/3674/162 717/3678/162
f 3391/3677/162 717/3678/162 3373/3679/162
f 712/3676/162 3390/3675/162 3392/3680/162
f 712/3676/162 3392/3680/162 710/3681/162
f 710/3681/162 3392/3680/162 708/3682/162
f 708/3682/162 3392/3680/162 3393/3683/162
f 708/3682/162 3393/3683/162 706/3684/162
f 706/3684/162 3393/3683/162 3394/3685/162
f 706/3684/162 3394/3685/162 704/3686/162
f 704/3686/162 3394/3685/162 3395/3687/162
f 704/3686/162 3395/3687/162 3396/3688/162
f 704/3686/162 3396/3688/162 702/3689/162
f 702/3689/162 3396/3688/162 3397/3690/162
f 702/3689/162 3397/3690/162 700/3691/162
f 700/3691/162 3397/3690/162 3398/3692/157
f 700/3691/162 3398/3692/157 698/3693/157
f 698/3693/157 3398/3692/157 3399/3694/545
f 698/3693/157 3399/3694/545 695/3695/545
f 695/3695/545 3399/3694/545 3400/3696/162
f 695/3695/545 3400/3696/162 691/3697/162
f 691/3697/162 3400/3696/162 3401/3698/162
f 691/3697/162 3401/3698/162 687/3699/162
f 687/3699/162 3401/3698/162 3402/3700/162
f 687/3699/162 3402/3700/162 685/3701/162
f 685/3701/162 3402/3700/162 3403/3700/162
f 685/3701/162 3403/3700/162 681/3702/162
f 681/3702/162 3403/3700/162 677/3703/162
f 677/3703/162 3403/3700/162 3404/3704/162
f 677/3703/162 3404/3704/162 673/3705/162
f 673/3705/162 3404/3704/162 3405/3706/162
f 673/3705/162 3405/3706/162 3406/3707/162
f 673/3705/162 3406/3707/162 669/3708/162
f 669/3708/162 3406/3707/162 664/3709/162
f 664/3709/162 3406/3707/162 3407/3710/162
f 664/3709/162 3407/3710/162 668/3711/162
f 668/3711/162 3407/3710/162 3408/3712/162
f 668/3711/162 3408/3712/162 3321/3713/162
f 668/3711/162 3321/3713/162 672/3714/162
f 2231/2252/2029 3314/3507/2030 2230/2251/2029
f 3314/3507/2030 2231/2252/2029 3181/3241/2031
f 3314/3507/2030 3181/3241/2031 2290/2311/1352
f 2290/2311/1352 3181/3241/2031 2288/2309/1352
f 3409/3715/2030 2224/2245/2029 2220/2241/2029
f 2224/2245/2029 3409/3715/2030 3410/3716/2031
f 3410/3716/2031 3409/3715/2030 2293/2314/1352
f 3410/3716/2031 2293/2314/1352 2286/2307/1352
f 1429/1444/1352 3178/3238/2027 1428/1443/1352
f 3178/3238/2027 1429/1444/1352 3411/3717/2027
f 3178/3238/2027 3411/3717/2027 1365/1380/2028
f 1365/1380/2028 3411/3717/2027 1369/1384/2028
f 3412/3718/2030 2227/2248/2029 2223/2244/2029
f 2227/2248/2029 3412/3718/2030 3180/3240/2030
f 3180/3240/2030 3412/3718/2030 2285/2306/1352
f 3180/3240/2030 2285/2306/1352 2287/2308/1352
f 2888/3719/1761 316/328/2032 313/3720/1759
f 316/328/2032 2888/3719/1761 2746/2767/2033
f 2746/2767/2033 2888/3719/1761 2887/3721/1759
f 2746/2767/2033 2887/3721/1759 2747/2768/2034
f 1359/1374/2035 3277/3442/2036 1358/1373/2035
f 3277/3442/2036 1359/1374/2035 3177/3237/2037
f 3277/3442/2036 3177/3237/2037 1423/1438/2038
f 1423/1438/2038 3177/3237/2037 1421/1436/2038
f 1426/1441/2038 3413/3722/2036 1431/1446/2038
f 3413/3722/2036 1426/1441/2038 3414/3723/2039
f 3413/3722/2036 3414/3723/2039 1344/1359/2035
f 3413/3722/2036 1344/1359/2035 1346/1361/2035
f 3315/3508/2040 2236/2257/2041 2234/2255/2042
f 2236/2257/2041 3315/3508/2040 3182/3242/2043
f 3182/3242/2043 3315/3508/2040 2291/2312/2038
f 3182/3242/2043 2291/2312/2038 2289/2310/2038
f 2217/2238/2041 3415/3724/2040 2216/2237/2041
f 3415/3724/2040 2217/2238/2041 3416/3725/2044
f 3415/3724/2040 3416/3725/2044 2292/2313/2038
f 3415/3724/2040 2292/2313/2038 2294/2315/2038
f 3417/3726/809 879/895/523 875/891/519
f 3417/3726/809 875/891/519 3418/3727/812
f 3418/3727/812 875/891/519 880/896/519
f 879/895/523 3417/3726/809 1557/1572/951
f 3418/3727/812 880/896/519 3419/3728/2045
f 3419/3728/2045 880/896/519 885/901/528
f 3417/3726/809 3418/3727/812 3420/3729/2046
f 3418/3727/812 3419/3728/2045 3421/3730/2047
f 3418/3727/812 3421/3730/2047 3420/3729/2046
f 3417/3726/809 3420/3729/2046 3422/3731/1456
f 3417/3726/809 3422/3731/1456 1557/1572/951
f 3420/3729/2046 3421/3730/2047 3423/3732/2048
f 3422/3731/1456 3420/3729/2046 3424/3733/2049
f 3424/3733/2049 3420/3729/2046 3423/3732/2048
f 1557/1572/951 3422/3731/1456 1560/1575/953
f 3422/3731/1456 3424/3733/2049 3425/3734/2050
f 3422/3731/1456 3425/3734/2050 1560/1575/953
f 3424/3733/2049 3423/3732/2048 3426/3735/2051
f 3425/3734/2050 3424/3733/2049 3427/3736/2052
f 3427/3736/2052 3424/3733/2049 3426/3735/2051
f 1560/1575/953 3425/3734/2050 1562/1577/955
f 3425/3734/2050 3427/3736/2052 3428/3737/2053
f 3425/3734/2050 3428/3737/2053 1562/1577/955
f 1562/1577/955 3428/3737/2053 990/1006/604
f 990/1006/604 3428/3737/2053 988/1004/603
f 1562/1577/955 990/1006/604 991/1007/605
f 988/1004/603 3428/3737/2053 3429/3738/2054
f 3429/3738/2054 3428/3737/2053 3427/3736/2052
f 988/1004/603 3429/3738/2054 989/1005/545
f 989/1005/545 3429/3738/2054 3286/3739/545
f 3429/3738/2054 3427/3736/2052 3430/3740/2055
f 3429/3738/2054 3430/3740/2055 3286/3739/545
f 3430/3740/2055 3427/3736/2052 3426/3735/2051
f 3286/3739/545 3430/3740/2055 3283/3741/157
f 3283/3741/157 3430/3740/2055 3431/3742/2056
f 3431/3742/2056 3430/3740/2055 3426/3735/2051
f 3283/3741/157 3431/3742/2056 3281/3743/535
f 3431/3742/2056 3426/3735/2051 3432/3744/2057
f 3432/3744/2057 3426/3735/2051 3423/3732/2048
f 3281/3743/535 3431/3742/2056 3433/3745/2006
f 3433/3745/2006 3431/3742/2056 3432/3744/2057
f 3281/3743/535 3433/3745/2006 3282/3746/535
f 3432/3744/2057 3423/3732/2048 3434/3747/2058
f 3434/3747/2058 3423/3732/2048 3421/3730/2047
f 3433/3745/2006 3432/3744/2057 3435/3748/1499
f 3435/3748/1499 3432/3744/2057 3434/3747/2058
f 3282/3746/535 3433/3745/2006 3436/3749/487
f 3436/3749/487 3433/3745/2006 3435/3748/1499
f 3282/3746/535 3436/3749/487 900/916/535
f 900/916/535 3436/3749/487 897/913/537
f 3434/3747/2058 3421/3730/2047 3437/3750/2059
f 3437/3750/2059 3421/3730/2047 3419/3728/2045
f 3435/3748/1499 3434/3747/2058 3438/3751/2060
f 3438/3751/2060 3434/3747/2058 3437/3750/2059
f 3436/3749/487 3435/3748/1499 3439/3752/2061
f 3436/3749/487 3439/3752/2061 897/913/537
f 3439/3752/2061 3435/3748/1499 3438/3751/2060
f 3437/3750/2059 3419/3728/2045 3440/3753/1448
f 3440/3753/1448 3419/3728/2045 885/901/528
f 3438/3751/2060 3437/3750/2059 3441/3754/379
f 3441/3754/379 3437/3750/2059 3440/3753/1448
f 3439/3752/2061 3438/3751/2060 3442/3755/2062
f 3442/3755/2062 3438/3751/2060 3441/3754/379
f 3439/3752/2061 3442/3755/2062 3443/3756/2063
f 3439/3752/2061 3443/3756/2063 897/913/537
f 3440/3753/1448 885/901/528 3444/3757/528
f 3444/3757/528 885/901/528 886/902/529
f 3441/3754/379 3440/3753/1448 3445/3758/814
f 3445/3758/814 3440/3753/1448 3444/3757/528
f 3442/3755/2062 3441/3754/379 3446/3759/2064
f 3446/3759/2064 3441/3754/379 3445/3758/814
f 3445/3758/814 3444/3757/528 3447/3760/814
f 3445/3758/814 3447/3760/814 3446/3759/2064
f 3444/3757/528 886/902/529 3448/3761/2065
f 3444/3757/528 3448/3761/2065 3447/3760/814
f 3447/3760/814 3448/3761/2065 3446/3759/2064
f 3448/3761/2065 886/902/529 887/903/530
f 3442/3755/2062 3446/3759/2064 3449/3762/382
f 3449/3762/382 3446/3759/2064 3448/3761/2065
f 3449/3762/382 3448/3761/2065 887/903/530
f 3442/3755/2062 3449/3762/382 3443/3756/2063
f 3449/3762/382 887/903/530 3450/3763/2066
f 3449/3762/382 3450/3763/2066 3443/3756/2063
f 3443/3756/2063 3450/3763/2066 897/913/537
f 3450/3763/2066 887/903/530 888/904/531
f 897/913/537 3450/3763/2066 892/908/331
f 892/908/331 3450/3763/2066 888/904/531
f 1345/1360/2035 3176/3236/2036 1352/1367/2035
f 3176/3236/2036 1345/1360/2035 3451/3764/2036
f 3176/3236/2036 3451/3764/2036 1424/1439/2038
f 1424/1439/2038 3451/3764/2036 1425/1440/2038
f 3183/3243/2040 2211/2232/2041 2213/2234/2041
f 2211/2232/2041 3183/3243/2040 3452/3765/2040
f 3452/3765/2040 3183/3243/2040 2296/2317/2038
f 3452/3765/2040 2296/2317/2038 2295/2316/2038
f 314/326/2067 2891/3766/604 315/3767/1764
f 2891/3766/604 314/326/2067 2745/2766/2067
f 2891/3766/604 2745/2766/2067 2892/3768/1764
f 2892/3768/1764 2745/2766/2067 2748/2769/2068
f 8/3769/840 1035/3770/840 6/3771/840
f 1035/3770/840 8/3769/840 1039/3772/840
f 1039/3772/840 8/3769/840 1043/3773/840
f 1043/3773/840 8/3769/840 10/3774/840
f 1043/3773/840 10/3774/840 12/3775/840
f 1043/3773/840 12/3775/840 1047/3776/840
f 1047/3776/840 12/3775/840 1051/3777/840
f 1051/3777/840 12/3775/840 14/3778/840
f 1051/3777/840 14/3778/840 15/3779/840
f 1051/3777/840 15/3779/840 1055/3780/840
f 1055/3780/840 15/3779/840 1059/3781/840
f 1059/3781/840 15/3779/840 18/3782/840
f 1059/3781/840 18/3782/840 20/3783/840
f 1059/3781/840 20/3783/840 1062/3784/840
f 1064/3785/840 2205/3786/840 1066/3787/840
f 2205/3786/840 1064/3785/840 2207/3788/840
f 2207/3788/840 1064/3785/840 1062/3785/840
f 2207/3788/840 1062/3785/840 20/3789/840
f 1031/3790/840 6/3791/840 1035/3792/840
f 6/3791/840 1031/3790/840 4/3793/840
f 4/3793/840 1031/3790/840 1027/3794/840
f 4/3793/840 1027/3794/840 2/3795/840
f 2/3795/840 1027/3794/840 2139/3796/840
f 2139/3796/840 1027/3794/840 1023/3797/840
f 2139/3796/840 1023/3797/840 1019/3798/840
f 2139/3796/840 1019/3798/840 2135/3799/840
f 2135/3799/840 1019/3798/840 1017/3800/840
f 2135/3799/840 1017/3800/840 2131/3801/840
f 2131/3801/840 1017/3800/840 1020/3802/840
f 2131/3801/840 1020/3802/840 2127/3803/840
f 2127/3803/840 1020/3802/840 2123/3804/840
f 2123/3804/840 1020/3802/840 1024/3805/840
f 2123/3804/840 1024/3805/840 1028/3806/840
f 2123/3804/840 1028/3806/840 2119/3807/840
f 2119/3807/840 1028/3806/840 1032/3808/840
f 2119/3807/840 1032/3808/840 2115/3809/840
f 2115/3809/840 1032/3808/840 2111/3810/840
f 2111/3810/840 1032/3808/840 1036/3811/840
f 2111/3810/840 1036/3811/840 2107/3812/840
f 2107/3812/840 1036/3811/840 1040/3813/840
f 2107/3812/840 1040/3813/840 2103/3814/840
f 2103/3814/840 1040/3813/840 1044/3815/840
f 2103/3814/840 1044/3815/840 2099/3816/840
f 2099/3816/840 1044/3815/840 1048/3817/840
f 2099/3816/840 1048/3817/840 1050/3818/1712
f 2099/3816/840 1050/3818/1712 2095/3819/1712
f 2095/3819/1712 1050/3818/1712 2092/3820/632
f 2092/3820/632 1050/3818/1712 1054/3821/632
f 563/3822/840 352/3823/840 561/3824/840
f 352/3823/840 563/3822/840 353/3825/840
f 353/3825/840 563/3822/840 565/3826/840
f 353/3825/840 565/3826/840 567/3827/840
f 353/3825/840 567/3827/840 569/3828/840
f 353/3825/840 569/3828/840 571/3829/840
f 353/3825/840 571/3829/840 1060/3830/840
f 1060/3830/840 571/3829/840 2153/3831/840
f 1060/3830/840 2153/3831/840 2151/3832/632
f 1060/3830/840 2151/3832/632 1054/3833/632
f 1054/3833/632 2151/3832/632 2096/3834/632
f 1054/3833/632 2096/3834/632 2092/3835/632
f 2096/3834/632 2151/3832/632 2098/3836/840
f 2098/3836/840 2151/3832/632 2149/3837/840
f 2098/3836/840 2149/3837/840 2147/3838/840
f 2098/3836/840 2147/3838/840 2104/3839/840
f 2104/3839/840 2147/3838/840 2145/3840/840
f 2104/3839/840 2145/3840/840 2108/3841/840
f 2108/3841/840 2145/3840/840 2143/3842/840
f 2108/3841/840 2143/3842/840 2141/3843/840
f 2108/3841/840 2141/3843/840 2138/3844/840
f 2108/3841/840 2138/3844/840 2112/3845/840
f 2112/3845/840 2138/3844/840 2134/3846/840
f 2112/3845/840 2134/3846/840 2130/3847/840
f 2112/3845/840 2130/3847/840 2126/3848/840
f 2112/3845/840 2126/3848/840 2122/3849/840
f 2112/3845/840 2122/3849/840 2116/3850/840
f 2116/3850/840 2122/3849/840 2120/3851/840
f 3453/3852/840 716/3853/840 3454/3854/840
f 716/3853/840 3453/3852/840 2197/3855/840
f 2197/3855/840 3453/3852/840 2195/3856/840
f 2195/3856/840 3453/3852/840 3455/3857/840
f 2195/3856/840 3455/3857/840 2191/3858/840
f 2191/3858/840 3455/3857/840 2187/3859/840
f 2187/3859/840 3455/3857/840 2184/3860/840
f 2184/3860/840 3455/3857/840 2186/3861/840
f 2186/3861/840 3455/3857/840 2190/3862/840
f 2190/3862/840 3455/3857/840 2194/3863/840
f 2194/3863/840 3455/3857/840 2198/3864/840
f 2198/3864/840 3455/3857/840 2201/3865/840
f 2201/3865/840 3455/3857/840 3456/3866/840
f 2201/3865/840 3456/3866/840 2203/3867/840
f 2203/3867/840 3456/3866/840 1066/3868/840
f 2203/3867/840 1066/3868/840 2205/3869/840
f 665/3870/840 670/3871/840 716/3853/840
f 665/3870/840 716/3853/840 715/3872/840
f 665/3870/840 715/3872/840 666/3873/840
f 666/3873/840 715/3872/840 713/3874/840
f 666/3873/840 713/3874/840 711/3875/840
f 666/3873/840 711/3875/840 667/3876/840
f 667/3876/840 711/3875/840 709/3877/840
f 667/3876/840 709/3877/840 707/3878/840
f 716/3853/840 670/3871/840 3454/3854/840
f 667/3876/840 707/3878/840 671/3879/840
f 671/3879/840 707/3878/840 705/3880/840
f 671/3879/840 705/3880/840 703/3881/840
f 671/3879/840 703/3881/840 701/3882/840
f 3454/3854/840 670/3871/840 676/3883/840
f 671/3879/840 701/3882/840 675/3884/840
f 3454/3854/840 676/3883/840 678/3885/840
f 675/3884/840 701/3882/840 699/3886/840
f 675/3884/840 699/3886/840 697/3887/840
f 675/3884/840 697/3887/840 693/3888/840
f 675/3884/840 693/3888/840 689/3889/840
f 675/3884/840 689/3889/840 679/3890/840
f 679/3890/840 689/3889/840 683/3891/840
f 3454/3854/840 678/3885/840 682/3892/840
f 3454/3854/840 682/3892/840 686/3893/840
f 3454/3854/840 686/3893/840 690/3894/840
f 3454/3854/840 690/3894/840 694/3895/840
f 3454/3854/840 694/3895/840 360/3896/840
f 3454/3854/840 360/3896/840 557/3897/840
f 557/3897/840 360/3896/840 1075/3898/840
f 3454/3854/840 557/3897/840 559/3899/840
f 3454/3854/840 559/3899/840 352/3900/840
f 352/3900/840 559/3899/840 561/3901/840
f 1075/3898/840 360/3896/840 1077/3902/840
f 1077/3902/840 360/3896/840 362/3903/840
f 1077/3902/840 362/3903/840 375/3904/840
f 375/3904/840 362/3903/840 364/3905/840
f 375/3904/840 364/3905/840 373/3906/840
f 373/3906/840 364/3905/840 366/3907/840
f 373/3906/840 366/3907/840 372/3908/840
f 372/3908/840 366/3907/840 368/3909/840
f 372/3908/840 368/3909/840 370/3910/840
f 3457/3911/1189 3140/3912/1189 3136/3913/1189
f 3140/3912/1189 3457/3911/1189 3458/3914/1189
f 3154/3915/1132 3459/3916/1132 3460/3917/1132
f 3459/3916/1132 3154/3915/1132 3152/3918/1132
f 3411/3717/2069 1371/1386/2070 1369/1384/2070
f 1371/1386/2070 3411/3717/2069 3316/3509/2071
f 3316/3509/2071 3411/3717/2069 1429/1444/199
f 3316/3509/2071 1429/1444/199 1427/1442/199
f 1344/1359/2070 3451/3764/2069 1345/1360/2070
f 3451/3764/2069 1344/1359/2070 3414/3723/2071
f 3451/3764/2069 3414/3723/2071 1425/1440/199
f 1425/1440/199 3414/3723/2071 1426/1441/199
f 3452/3765/2072 2217/2238/2073 2211/2232/2073
f 2217/2238/2073 3452/3765/2072 3416/3725/2074
f 3416/3725/2074 3452/3765/2072 2295/2316/199
f 3416/3725/2074 2295/2316/199 2292/2313/199
f 2224/2245/2073 3412/3718/2072 2223/2244/2073
f 3412/3718/2072 2224/2245/2073 3410/3716/2074
f 3412/3718/2072 3410/3716/2074 2285/2306/199
f 2285/2306/199 3410/3716/2074 2286/2307/199
f 859/3919/162 1061/3920/162 1063/3921/162
f 1061/3920/162 859/3919/162 857/3922/162
f 1061/3920/162 857/3922/162 851/3923/162
f 1061/3920/162 851/3923/162 1057/3924/162
f 1057/3924/162 851/3923/162 1053/3925/162
f 1053/3925/162 851/3923/162 849/3926/162
f 1053/3925/162 849/3926/162 845/3927/157
f 1053/3925/162 845/3927/157 1049/3928/157
f 1049/3928/157 845/3927/157 1045/3929/157
f 1045/3929/157 845/3927/157 841/3930/157
f 1045/3929/157 841/3930/157 837/3931/157
f 1045/3929/157 837/3931/157 1041/3932/157
f 1041/3932/157 837/3931/157 1037/3933/157
f 1037/3933/157 837/3931/157 833/3934/157
f 1431/1446/199 3317/3510/2069 1430/1445/199
f 3317/3510/2069 1431/1446/199 3413/3722/2069
f 3317/3510/2069 3413/3722/2069 1346/1361/2070
f 3317/3510/2069 1346/1361/2070 1355/1370/2070
f 793/3935/157 1030/3936/157 797/3937/157
f 797/3937/157 1030/3936/157 801/3938/157
f 1030/3936/157 793/3935/157 1034/3939/157
f 801/3938/157 1030/3936/157 1026/3940/157
f 1034/3939/157 793/3935/157 789/3941/545
f 801/3938/157 1026/3940/157 805/3942/545
f 1034/3939/157 789/3941/545 1038/3943/545
f 805/3942/545 1026/3940/157 1022/3944/545
f 1038/3943/545 789/3941/545 785/3945/545
f 805/3942/545 1022/3944/545 1016/3946/545
f 1038/3943/545 785/3945/545 1042/3947/545
f 805/3942/545 1016/3946/545 809/3948/545
f 1042/3947/545 785/3945/545 781/3949/545
f 809/3948/545 1016/3946/545 813/3950/545
f 1042/3947/545 781/3949/545 1046/3951/545
f 813/3950/545 1016/3946/545 1018/3952/545
f 1046/3951/545 781/3949/545 1052/3953/545
f 813/3950/545 1018/3952/545 817/3954/545
f 1052/3953/545 781/3949/545 780/3955/545
f 1052/3953/545 780/3955/545 784/3956/162
f 1052/3953/545 784/3956/162 1056/3957/162
f 817/3954/545 1018/3952/545 1021/3958/545
f 817/3954/545 1021/3958/545 821/3959/545
f 821/3959/545 1021/3958/545 1025/3960/545
f 821/3959/545 1025/3960/545 1029/3961/157
f 821/3959/545 1029/3961/157 825/3962/157
f 825/3962/157 1029/3961/157 829/3963/157
f 829/3963/157 1029/3961/157 1033/3964/157
f 829/3963/157 1033/3964/157 833/3965/157
f 833/3965/157 1033/3964/157 1037/3966/157
f 3461/3967/2075 182/190/130 179/187/6
f 3461/3967/2075 179/187/6 3462/3968/2076
f 3463/3969/1813 181/189/129 182/190/130
f 182/190/130 3461/3967/2075 3464/3970/2077
f 182/190/130 3464/3970/2077 3463/3969/1813
f 181/189/129 3463/3969/1813 3465/3971/2078
f 181/189/129 3465/3971/2078 180/188/128
f 3465/3971/2078 3463/3969/1813 3464/3970/2077
f 3461/3967/2075 3462/3968/2076 3466/3972/2079
f 3466/3972/2079 3462/3968/2076 3467/3973/2080
f 3464/3970/2077 3461/3967/2075 3468/3974/1417
f 3468/3974/1417 3461/3967/2075 3466/3972/2079
f 3464/3970/2077 3468/3974/1417 3469/3975/2081
f 3464/3970/2077 3469/3975/2081 3465/3971/2078
f 3466/3972/2079 3467/3973/2080 3470/3976/2082
f 3470/3976/2082 3467/3973/2080 3471/3977/2083
f 3470/3976/2082 3471/3977/2083 3472/3978/2084
f 3472/3978/2084 3471/3977/2083 3473/3979/2085
f 3466/3972/2079 3470/3976/2082 3474/3980/2086
f 3474/3980/2086 3470/3976/2082 3472/3978/2084
f 3466/3972/2079 3474/3980/2086 3468/3974/1417
f 3474/3980/2086 3472/3978/2084 3475/3981/2087
f 3468/3974/1417 3474/3980/2086 3476/3982/562
f 3468/3974/1417 3476/3982/562 3469/3975/2081
f 3474/3980/2086 3475/3981/2087 3477/3983/1390
f 3478/3984/1848 3465/3971/2078 3469/3975/2081
f 3478/3984/1848 3469/3975/2081 3476/3982/562
f 3476/3982/562 3474/3980/2086 3479/3985/2088
f 3479/3985/2088 3474/3980/2086 3477/3983/1390
f 3477/3983/1390 3475/3981/2087 3480/3986/2089
f 3480/3986/2089 3475/3981/2087 3472/3987/2084
f 3480/3986/2089 3472/3987/2084 3481/3988/2090
f 3481/3988/2090 3472/3987/2084 3473/3989/2085
f 3480/3986/2089 3481/3988/2090 3482/3990/1107
f 3480/3986/2089 3482/3990/1107 3483/3991/2091
f 3480/3986/2089 3483/3991/2091 3477/3983/1390
f 3483/3991/2091 3482/3990/1107 3484/3992/2092
f 3485/3993/2093 3479/3985/2088 3477/3983/1390
f 3485/3993/2093 3477/3983/1390 3483/3991/2091
f 3483/3991/2091 3484/3992/2092 3486/3994/2094
f 3483/3991/2091 3486/3994/2094 3485/3993/2093
f 3486/3994/2094 3484/3992/2092 3487/3995/2095
f 3479/3985/2088 3485/3993/2093 3488/3996/2096
f 3479/3985/2088 3488/3996/2096 3476/3982/562
f 3485/3993/2093 3486/3994/2094 3489/3997/2097
f 3485/3993/2093 3489/3997/2097 3488/3996/2096
f 3486/3994/2094 3487/3995/2095 3490/3998/2098
f 3486/3994/2094 3490/3998/2098 3489/3997/2097
f 3490/3998/2098 3487/3995/2095 3491/3999/365
f 3476/3982/562 3488/3996/2096 3492/4000/2099
f 3476/3982/562 3492/4000/2099 3478/3984/1848
f 3488/3996/2096 3489/3997/2097 3493/4001/2100
f 3488/3996/2096 3493/4001/2100 3492/4000/2099
f 3489/3997/2097 3490/3998/2098 3494/4002/2101
f 3489/3997/2097 3494/4002/2101 3493/4001/2100
f 3490/3998/2098 3491/3999/365 3495/4003/2089
f 3490/3998/2098 3495/4003/2089 3494/4002/2101
f 3495/4003/2089 3491/3999/365 3496/4004/2102
f 3492/4000/2099 3493/4001/2100 3497/4005/2103
f 3492/4000/2099 3497/4005/2103 3478/3984/1848
f 3493/4001/2100 3494/4002/2101 3498/4006/2104
f 3493/4001/2100 3498/4006/2104 3497/4005/2103
f 3494/4002/2101 3495/4003/2089 3499/4007/1882
f 3494/4002/2101 3499/4007/1882 3498/4006/2104
f 3495/4003/2089 3496/4004/2102 3500/4008/1886
f 3495/4003/2089 3500/4008/1886 3499/4007/1882
f 3500/4008/1886 3496/4004/2102 3501/4009/2105
f 3500/4008/1886 3501/4009/2105 3502/4010/2106
f 3500/4008/1886 3502/4010/2106 3503/4011/2107
f 3500/4008/1886 3503/4011/2107 3499/4007/1882
f 3503/4011/2107 3502/4010/2106 3504/4012/2108
f 3505/4013/141 3498/4006/2104 3499/4007/1882
f 3505/4013/141 3499/4007/1882 3503/4011/2107
f 3498/4006/2104 3505/4013/141 3506/4014/2109
f 3498/4006/2104 3506/4014/2109 3497/4005/2103
f 3506/4014/2109 3505/4013/141 3507/4015/2109
f 3497/4005/2103 3506/4014/2109 2658/2679/1846
f 3497/4005/2103 2658/2679/1846 3478/3984/1848
f 3478/3984/1848 2658/2679/1846 2654/2675/158
f 3478/3984/1848 2654/2675/158 2641/2662/158
f 2658/2679/1846 3506/4014/2109 3508/4016/1868
f 3508/4016/1868 3506/4014/2109 3507/4015/2109
f 2658/2679/1846 3508/4016/1868 2662/2683/1844
f 2662/2683/1844 3508/4016/1868 2666/2687/2110
f 3478/3984/1848 2641/2662/158 3509/4017/535
f 3509/4017/535 2641/2662/158 2643/2664/158
f 3509/4017/535 2643/2664/158 2645/2666/162
f 3509/4017/535 2645/2666/162 2646/2667/159
f 3478/3984/1848 3509/4017/535 3465/3971/2078
f 3509/4017/535 2646/2667/159 2648/2669/159
f 3465/3971/2078 3509/4017/535 3510/4018/1847
f 3510/4018/1847 3509/4017/535 2648/2669/159
f 3465/3971/2078 3510/4018/1847 180/188/128
f 3510/4018/1847 2648/2669/159 2652/2673/159
f 180/188/128 3510/4018/1847 171/178/120
f 3510/4018/1847 2652/2673/159 2656/2677/1078
f 171/178/120 3510/4018/1847 3511/4019/1476
f 171/178/120 3511/4019/1476 162/168/112
f 162/168/112 3511/4019/1476 158/164/108
f 3511/4019/1476 3510/4018/1847 3512/4020/2111
f 3511/4019/1476 3512/4020/2111 158/164/108
f 3512/4020/2111 3510/4018/1847 2656/2677/1078
f 158/164/108 3512/4020/2111 154/160/104
f 154/160/104 3512/4020/2111 3513/4021/2112
f 3513/4021/2112 3512/4020/2111 2656/2677/1078
f 154/160/104 3513/4021/2112 153/159/44
f 3513/4021/2112 2656/2677/1078 3514/4022/1088
f 3514/4022/1088 2656/2677/1078 2660/2681/1845
f 153/159/44 3513/4021/2112 3515/4023/2112
f 3515/4023/2112 3513/4021/2112 3514/4022/1088
f 3514/4022/1088 2660/2681/1845 2664/2685/1845
f 3514/4022/1088 2664/2685/1845 3516/4024/157
f 3516/4024/157 2664/2685/1845 2668/2689/1845
f 3516/4024/157 2668/2689/1845 2672/2693/162
f 3516/4024/157 2672/2693/162 2670/2691/2110
f 3516/4024/157 2670/2691/2110 2666/2687/2110
f 3516/4024/157 2666/2687/2110 3508/4016/1868
f 3514/4022/1088 3516/4024/157 3517/4025/1080
f 3514/4022/1088 3517/4025/1080 3515/4023/2112
f 3517/4025/1080 3516/4024/157 3518/4026/162
f 3516/4024/157 3508/4016/1868 3519/4027/2113
f 3516/4024/157 3519/4027/2113 3518/4026/162
f 3519/4027/2113 3508/4016/1868 3507/4015/2109
f 3517/4025/1080 3518/4026/162 3520/4028/2114
f 3520/4028/2114 3518/4026/162 3519/4027/2113
f 3515/4023/2112 3517/4025/1080 3521/4029/2115
f 3521/4029/2115 3517/4025/1080 3520/4028/2114
f 3519/4027/2113 3507/4015/2109 3522/4030/2116
f 3519/4027/2113 3522/4030/2116 3520/4028/2114
f 3521/4029/2115 3520/4028/2114 3523/4031/1616
f 3523/4031/1616 3520/4028/2114 3522/4030/2116
f 3515/4023/2112 3521/4029/2115 3524/4032/2117
f 3521/4029/2115 3523/4031/1616 3525/4033/2062
f 3521/4029/2115 3525/4033/2062 3524/4032/2117
f 3515/4023/2112 3524/4032/2117 3526/4034/2118
f 3515/4023/2112 3526/4034/2118 153/159/44
f 153/159/44 3526/4034/2118 147/153/98
f 3526/4034/2118 3524/4032/2117 3527/4035/1546
f 3527/4035/1546 3524/4032/2117 3525/4033/2062
f 147/153/98 3526/4034/2118 3528/4036/2119
f 3528/4036/2119 3526/4034/2118 3527/4035/1546
f 147/153/98 3528/4036/2119 148/154/99
f 148/154/99 3528/4036/2119 3529/4037/2120
f 148/154/99 3529/4037/2120 144/4038/95
f 144/4038/95 3529/4037/2120 3530/4039/1821
f 144/4038/95 3530/4039/1821 142/4040/93
f 3530/4039/1821 3529/4037/2120 3531/4041/238
f 3529/4037/2120 3528/4036/2119 3532/4042/2121
f 3529/4037/2120 3532/4042/2121 3531/4041/238
f 3532/4042/2121 3528/4036/2119 3527/4035/1546
f 3531/4041/238 3532/4042/2121 3533/4043/238
f 3532/4042/2121 3527/4035/1546 3534/4044/1056
f 3532/4042/2121 3534/4044/1056 3533/4043/238
f 3534/4044/1056 3527/4035/1546 3525/4033/2062
f 3533/4043/238 3534/4044/1056 3535/4045/238
f 3534/4044/1056 3525/4033/2062 3536/4046/1617
f 3534/4044/1056 3536/4046/1617 3535/4045/238
f 3536/4046/1617 3525/4033/2062 3523/4031/1616
f 3535/4045/238 3536/4046/1617 3537/4047/2122
f 3535/4045/238 3537/4047/2122 3538/4048/238
f 3536/4046/1617 3523/4031/1616 3539/4049/530
f 3536/4046/1617 3539/4049/530 3537/4047/2122
f 3539/4049/530 3523/4031/1616 3522/4030/2116
f 3538/4048/238 3537/4047/2122 3540/4050/2123
f 3538/4048/238 3540/4050/2123 3541/4051/238
f 3537/4047/2122 3539/4049/530 3542/4052/2124
f 3537/4047/2122 3542/4052/2124 3540/4050/2123
f 3539/4049/530 3522/4030/2116 3543/4053/2125
f 3539/4049/530 3543/4053/2125 3542/4052/2124
f 3543/4053/2125 3522/4030/2116 3507/4015/2109
f 3543/4053/2125 3507/4015/2109 3544/4054/2126
f 3543/4053/2125 3544/4054/2126 3542/4052/2124
f 3544/4054/2126 3507/4015/2109 3505/4013/141
f 3544/4054/2126 3505/4013/141 3503/4011/2107
f 3542/4052/2124 3544/4054/2126 3545/4055/2127
f 3545/4055/2127 3544/4054/2126 3503/4011/2107
f 3542/4052/2124 3545/4055/2127 3540/4050/2123
f 3545/4055/2127 3503/4011/2107 3504/4012/2108
f 3540/4050/2123 3545/4055/2127 3546/4056/2128
f 3546/4056/2128 3545/4055/2127 3504/4012/2108
f 3540/4050/2123 3546/4056/2128 3541/4051/238
f 3546/4056/2128 3504/4012/2108 3502/4057/2106
f 3541/4051/238 3546/4056/2128 3547/4058/1835
f 3547/4058/1835 3546/4056/2128 3502/4057/2106
f 3547/4058/1835 3502/4057/2106 3501/4059/2105
f 792/4060/162 856/4061/545 790/4062/162
f 790/4062/162 856/4061/545 1056/4063/162
f 790/4062/162 1056/4063/162 784/4064/162
f 1056/4063/162 856/4061/545 1058/4065/545
f 856/4061/545 792/4060/162 852/4066/162
f 1058/4065/545 856/4061/545 861/4067/545
f 852/4066/162 792/4060/162 848/4068/162
f 1058/4065/545 861/4067/545 381/4069/545
f 848/4068/162 792/4060/162 798/4070/162
f 848/4068/162 798/4070/162 844/4071/162
f 1058/4065/545 381/4069/545 351/4072/545
f 844/4071/162 798/4070/162 802/4073/162
f 844/4071/162 802/4073/162 840/4074/162
f 840/4074/162 802/4073/162 836/4075/162
f 836/4075/162 802/4073/162 832/4076/162
f 351/4072/545 381/4069/545 380/4077/545
f 351/4072/545 380/4077/545 383/4078/545
f 351/4072/545 383/4078/545 385/4079/545
f 351/4072/545 385/4079/545 387/4080/545
f 351/4072/545 387/4080/545 354/4081/157
f 354/4081/157 387/4080/545 389/4082/545
f 832/4076/162 802/4073/162 806/4083/162
f 832/4076/162 806/4083/162 828/4084/162
f 828/4084/162 806/4083/162 824/4085/162
f 824/4085/162 806/4083/162 820/4086/162
f 820/4086/162 806/4083/162 816/4087/162
f 816/4087/162 806/4083/162 810/4088/162
f 816/4087/162 810/4088/162 814/4089/162
f 613/4090/162 657/4091/162 612/4092/162
f 612/4092/162 657/4091/162 659/4093/162
f 657/4091/162 613/4090/162 655/4094/162
f 612/4092/162 659/4093/162 661/4095/162
f 655/4094/162 613/4090/162 653/4096/162
f 612/4092/162 661/4095/162 610/4097/162
f 653/4096/162 613/4090/162 617/4098/162
f 653/4096/162 617/4098/162 651/4099/162
f 651/4099/162 617/4098/162 649/4100/162
f 649/4100/162 617/4098/162 647/4101/162
f 610/4097/162 661/4095/162 662/4102/157
f 610/4097/162 662/4102/157 616/4103/157
f 647/4101/162 617/4098/162 621/4104/162
f 647/4101/162 621/4104/162 645/4105/162
f 645/4105/162 621/4104/162 643/4106/162
f 643/4106/162 621/4104/162 639/4107/162
f 639/4107/162 621/4104/162 635/4108/162
f 635/4108/162 621/4104/162 625/4109/162
f 635/4108/162 625/4109/162 629/4110/162
f 3548/4111/157 616/4103/157 662/4102/157
f 616/4103/157 3548/4111/157 622/4112/157
f 622/4112/157 3548/4111/157 624/4113/157
f 624/4113/157 3548/4111/157 628/4114/157
f 628/4114/157 3548/4111/157 632/4115/157
f 632/4115/157 3548/4111/157 636/4116/157
f 636/4116/157 3548/4111/157 640/4117/157
f 640/4117/157 3548/4111/157 398/4118/157
f 398/4118/157 3548/4111/157 395/4119/157
f 395/4119/157 3548/4111/157 393/4120/545
f 393/4120/545 3548/4111/157 391/4121/157
f 391/4121/157 3548/4111/157 354/4122/157
f 391/4121/157 354/4122/157 389/4123/545
f 3549/4124/157 3548/4111/157 662/4102/157
f 3549/4124/157 662/4102/157 2158/4125/157
f 3549/4124/157 2158/4125/157 2160/4126/162
f 3549/4124/157 2160/4126/162 3550/4127/157
f 3550/4127/157 2160/4126/162 2161/4128/157
f 3550/4127/157 2161/4128/157 2163/4129/157
f 3550/4127/157 2163/4129/157 2165/4130/162
f 3550/4127/157 2165/4130/162 2167/4131/157
f 3550/4127/157 2167/4131/157 2170/4132/157
f 3550/4127/157 2170/4132/157 2171/4133/157
f 3550/4127/157 2171/4133/157 2173/4134/162
f 3550/4127/157 2173/4134/162 2175/4135/157
f 3550/4127/157 2175/4135/157 3551/4136/157
f 3551/4136/157 2175/4135/157 2177/4137/157
f 3551/4136/157 2177/4137/157 1067/4138/157
f 1067/4138/157 2177/4137/157 2179/4139/157
f 2179/4140/157 1065/4141/162 1067/4142/157
f 1065/4141/162 2179/4140/157 2181/4143/162
f 1065/4141/162 2181/4143/162 1063/4144/162
f 1063/4144/162 2181/4143/162 859/4145/162
f 2216/2237/2073 3409/3715/2072 2220/2241/2073
f 3409/3715/2072 2216/2237/2073 3415/3724/2072
f 3409/3715/2072 3415/3724/2072 2294/2315/199
f 3409/3715/2072 2294/2315/199 2293/2314/199
f 3552/4146/2129 302/314/221 303/315/222
f 302/314/221 3552/4146/2129 306/318/224
f 3553/4147/84 303/315/222 304/316/208
f 303/315/222 3553/4147/84 3552/4146/2129
f 3554/4148/1681 304/316/208 305/317/223
f 304/316/208 3554/4148/1681 3553/4147/84
f 3554/4148/1681 305/317/223 3555/4149/2130
f 3554/4148/1681 3555/4149/2130 3556/4150/2131
f 3554/4148/1681 3556/4150/2131 3557/4151/1685
f 3554/4148/1681 3557/4151/1685 3553/4147/84
f 3557/4151/1685 3556/4150/2131 3558/4152/2132
f 3559/4153/87 3552/4146/2129 3553/4147/84
f 3559/4153/87 3553/4147/84 3557/4151/1685
f 3552/4146/2129 3559/4153/87 3560/4154/2133
f 3552/4146/2129 3560/4154/2133 306/318/224
f 3560/4154/2133 3559/4153/87 3561/4155/2133
f 306/318/224 3560/4154/2133 1602/1617/1716
f 306/318/224 1602/1617/1716 267/277/186
f 267/277/186 1602/1617/1716 1598/1613/1742
f 267/277/186 1598/1613/1742 1585/1600/1742
f 1602/1617/1716 3560/4154/2133 3562/4156/2134
f 3562/4156/2134 3560/4154/2133 3561/4155/2133
f 1602/1617/1716 3562/4156/2134 1606/1621/1713
f 1606/1621/1713 3562/4156/2134 1610/1625/1713
f 267/277/186 1585/1600/1742 3563/4157/1717
f 3563/4157/1717 1585/1600/1742 1587/1602/1742
f 3563/4157/1717 1587/1602/1742 1589/1604/632
f 3563/4157/1717 1589/1604/632 1590/1605/1739
f 267/277/186 3563/4157/1717 265/275/184
f 3563/4157/1717 1590/1605/1739 1592/1607/1739
f 3563/4157/1717 1592/1607/1739 3564/4158/1719
f 3563/4157/1717 3564/4158/1719 265/275/184
f 3564/4158/1719 1592/1607/1739 1596/1611/1739
f 3564/4158/1719 1596/1611/1739 1600/1615/1715
f 265/275/184 3564/4158/1719 3565/4159/2135
f 265/275/184 3565/4159/2135 274/284/193
f 3565/4159/2135 3564/4158/1719 3566/4160/2136
f 274/284/193 3565/4159/2135 3567/4161/911
f 3567/4161/911 3565/4159/2135 3566/4160/2136
f 274/284/193 3567/4161/911 277/287/196
f 277/287/196 3567/4161/911 3568/4162/2137
f 277/287/196 3568/4162/2137 278/288/197
f 278/288/197 3568/4162/2137 3569/4163/2138
f 3568/4162/2137 3567/4161/911 3570/4164/2139
f 3570/4164/2139 3567/4161/911 3566/4160/2136
f 3569/4163/2138 3568/4162/2137 3571/4165/2140
f 3571/4165/2140 3568/4162/2137 3570/4164/2139
f 3569/4163/2138 3571/4165/2140 3572/4166/2141
f 3572/4166/2141 3571/4165/2140 3573/4167/2142
f 3572/4166/2141 3573/4167/2142 3574/4168/2143
f 3573/4167/2142 3571/4165/2140 3570/4164/2139
f 3573/4167/2142 3570/4164/2139 3575/4169/2144
f 3570/4164/2139 3566/4160/2136 3576/4170/2145
f 3575/4169/2144 3570/4164/2139 3577/4171/868
f 3577/4171/868 3570/4164/2139 3576/4170/2145
f 3575/4169/2144 3577/4171/868 3578/4172/2146
f 3575/4169/2144 3578/4172/2146 3573/4173/2142
f 3573/4173/2142 3578/4172/2146 3579/4174/2147
f 3573/4173/2142 3579/4174/2147 3574/4175/2143
f 3579/4174/2147 3578/4172/2146 3580/4176/703
f 3580/4176/703 3578/4172/2146 3581/4177/2148
f 3581/4177/2148 3578/4172/2146 3577/4171/868
f 3580/4176/703 3581/4177/2148 3582/4178/2149
f 3583/4179/2150 3577/4171/868 3576/4170/2145
f 3577/4171/868 3583/4179/2150 3581/4177/2148
f 3582/4178/2149 3581/4177/2148 3584/4180/2151
f 3584/4180/2151 3581/4177/2148 3583/4179/2150
f 3582/4178/2149 3584/4180/2151 3585/4181/2152
f 3583/4179/2150 3576/4170/2145 3586/4182/2153
f 3586/4182/2153 3576/4170/2145 3566/4160/2136
f 3584/4180/2151 3583/4179/2150 3587/4183/2154
f 3587/4183/2154 3583/4179/2150 3586/4182/2153
f 3585/4181/2152 3584/4180/2151 3588/4184/2155
f 3588/4184/2155 3584/4180/2151 3587/4183/2154
f 3585/4181/2152 3588/4184/2155 3589/4185/302
f 3586/4182/2153 3566/4160/2136 3590/4186/2156
f 3590/4186/2156 3566/4160/2136 3564/4158/1719
f 3587/4183/2154 3586/4182/2153 3591/4187/2157
f 3591/4187/2157 3586/4182/2153 3590/4186/2156
f 3588/4184/2155 3587/4183/2154 3592/4188/2158
f 3592/4188/2158 3587/4183/2154 3591/4187/2157
f 3589/4185/302 3588/4184/2155 3593/4189/2146
f 3593/4189/2146 3588/4184/2155 3592/4188/2158
f 3589/4185/302 3593/4189/2146 3594/4190/2159
f 3590/4186/2156 3564/4158/1719 3595/4191/2160
f 3590/4186/2156 3595/4191/2160 3591/4187/2157
f 3595/4191/2160 3564/4158/1719 1600/1615/1715
f 3594/4190/2159 3593/4189/2146 3596/4192/1730
f 3594/4190/2159 3596/4192/1730 3597/4193/2161
f 3597/4193/2161 3596/4192/1730 3598/4194/2162
f 3596/4192/1730 3593/4189/2146 3599/4195/1723
f 3599/4195/1723 3593/4189/2146 3592/4188/2158
f 3598/4194/2162 3596/4192/1730 3600/4196/2163
f 3600/4196/2163 3596/4192/1730 3599/4195/1723
f 3598/4194/2162 3600/4196/2163 3601/4197/2164
f 3599/4195/1723 3592/4188/2158 3602/4198/2165
f 3602/4198/2165 3592/4188/2158 3591/4187/2157
f 3602/4198/2165 3591/4187/2157 3595/4191/2160
f 3599/4195/1723 3602/4198/2165 3603/4199/68
f 3599/4195/1723 3603/4199/68 3600/4196/2163
f 3602/4198/2165 3595/4191/2160 3604/4200/2166
f 3602/4198/2165 3604/4200/2166 3603/4199/68
f 3604/4200/2166 3595/4191/2160 1600/1615/1715
f 3604/4200/2166 1600/1615/1715 3605/4201/1738
f 3605/4201/1738 1600/1615/1715 1604/1619/1714
f 3603/4199/68 3604/4200/2166 3606/4202/2166
f 3606/4202/2166 3604/4200/2166 3605/4201/1738
f 3605/4201/1738 1604/1619/1714 1608/1623/2167
f 3607/4203/2168 3600/4196/2163 3603/4199/68
f 3607/4203/2168 3603/4199/68 3606/4202/2166
f 3600/4196/2163 3607/4203/2168 3608/4204/2169
f 3600/4196/2163 3608/4204/2169 3601/4197/2164
f 3605/4201/1738 1608/1623/2167 3609/4205/1712
f 3609/4205/1712 1608/1623/2167 1612/1627/2167
f 3609/4205/1712 1612/1627/2167 1616/1631/632
f 3609/4205/1712 1616/1631/632 1614/1629/1713
f 3609/4205/1712 1614/1629/1713 1610/1625/1713
f 3609/4205/1712 1610/1625/1713 3562/4156/2134
f 3601/4197/2164 3608/4204/2169 3610/4206/2170
f 3601/4197/2164 3610/4206/2170 3598/4207/2162
f 3598/4207/2162 3610/4206/2170 3611/4208/1700
f 3598/4207/2162 3611/4208/1700 3597/4209/2161
f 3611/4208/1700 3610/4206/2170 3612/4210/238
f 3612/4210/238 3610/4206/2170 3613/4211/2171
f 3613/4211/2171 3610/4206/2170 3608/4204/2169
f 3612/4210/238 3613/4211/2171 3614/4212/238
f 3613/4211/2171 3608/4204/2169 3615/4213/2172
f 3615/4213/2172 3608/4204/2169 3607/4203/2168
f 3614/4212/238 3613/4211/2171 3616/4214/2173
f 3616/4214/2173 3613/4211/2171 3615/4213/2172
f 3614/4212/238 3616/4214/2173 3617/4215/238
f 3615/4213/2172 3607/4203/2168 3618/4216/2174
f 3618/4216/2174 3607/4203/2168 3606/4202/2166
f 3616/4214/2173 3615/4213/2172 3619/4217/2175
f 3619/4217/2175 3615/4213/2172 3618/4216/2174
f 3617/4215/238 3616/4214/2173 3620/4218/978
f 3620/4218/978 3616/4214/2173 3619/4217/2175
f 3617/4215/238 3620/4218/978 3621/4219/2176
f 3617/4215/238 3621/4219/2176 3622/4220/238
f 3618/4216/2174 3606/4202/2166 3623/4221/2177
f 3618/4216/2174 3623/4221/2177 3619/4217/2175
f 3623/4221/2177 3606/4202/2166 3624/4222/1738
f 3624/4222/1738 3606/4202/2166 3605/4201/1738
f 3624/4222/1738 3605/4201/1738 3609/4205/1712
f 3622/4220/238 3621/4219/2176 3625/4223/2178
f 3622/4220/238 3625/4223/2178 3626/4224/238
f 3619/4217/2175 3623/4221/2177 3627/4225/977
f 3619/4217/2175 3627/4225/977 3620/4218/978
f 3623/4221/2177 3624/4222/1738 3628/4226/2179
f 3623/4221/2177 3628/4226/2179 3627/4225/977
f 3628/4226/2179 3624/4222/1738 3629/4227/632
f 3629/4227/632 3624/4222/1738 3609/4205/1712
f 3629/4227/632 3609/4205/1712 3630/4228/1748
f 3629/4227/632 3630/4228/1748 3628/4226/2179
f 3630/4228/1748 3609/4205/1712 3562/4156/2134
f 3630/4228/1748 3562/4156/2134 3561/4155/2133
f 3628/4226/2179 3630/4228/1748 3631/4229/2180
f 3628/4226/2179 3631/4229/2180 3627/4225/977
f 3631/4229/2180 3630/4228/1748 3561/4155/2133
f 3632/4230/2181 3620/4218/978 3627/4225/977
f 3632/4230/2181 3627/4225/977 3631/4229/2180
f 3620/4218/978 3632/4230/2181 3621/4219/2176
f 3631/4229/2180 3561/4155/2133 3633/4231/2182
f 3631/4229/2180 3633/4231/2182 3632/4230/2181
f 3621/4219/2176 3632/4230/2181 3634/4232/2183
f 3634/4232/2183 3632/4230/2181 3633/4231/2182
f 3621/4219/2176 3634/4232/2183 3625/4223/2178
f 3633/4231/2182 3561/4155/2133 3635/4233/2184
f 3633/4231/2182 3635/4233/2184 3634/4232/2183
f 3635/4233/2184 3561/4155/2133 3559/4153/87
f 3635/4233/2184 3559/4153/87 3557/4151/1685
f 3634/4232/2183 3635/4233/2184 3636/4234/2185
f 3636/4234/2185 3635/4233/2184 3557/4151/1685
f 3634/4232/2183 3636/4234/2185 3625/4223/2178
f 3636/4234/2185 3557/4151/1685 3558/4152/2132
f 3625/4223/2178 3636/4234/2185 3637/4235/2186
f 3637/4235/2186 3636/4234/2185 3558/4152/2132
f 3625/4223/2178 3637/4235/2186 3626/4224/238
f 3637/4235/2186 3558/4152/2132 3556/4236/2131
f 3626/4224/238 3637/4235/2186 3638/4237/1690
f 3638/4237/1690 3637/4235/2186 3556/4236/2131
f 3638/4237/1690 3556/4236/2131 3555/4238/2130
f 1484/1499/914 3639/4239/641 1473/1488/914
f 3639/4239/641 1484/1499/914 3640/4240/2187
f 3639/4239/641 3640/4240/2187 3641/4241/828
f 3639/4239/641 3641/4241/828 1555/1570/828
f 768/784/641 743/759/914 769/785/914
f 743/759/914 768/784/641 746/762/2187
f 746/762/2187 768/784/641 772/788/828
f 746/762/2187 772/788/828 747/763/2188
f 775/791/2189 764/780/2190 761/777/2189
f 764/780/2190 775/791/2189 774/790/1066
f 764/780/2190 774/790/1066 765/781/1579
f 765/781/1579 774/790/1066 778/794/1579
f 2617/2638/2189 3642/4242/1066 2618/2639/2189
f 3642/4242/1066 2617/2638/2189 3643/4243/2190
f 3642/4242/1066 3643/4243/2190 2538/2559/1579
f 3642/4242/1066 2538/2559/1579 2540/2561/1579
f 744/760/641 1482/1497/914 745/761/914
f 1482/1497/914 744/760/641 3644/4244/641
f 3644/4244/641 744/760/641 748/764/828
f 3644/4244/641 748/764/828 1553/1568/828
f 863/879/2191 456/470/2191 453/467/2191
f 456/470/2191 863/879/2191 3645/4245/2192
f 763/779/2189 3646/4246/1066 2616/2637/2189
f 3646/4246/1066 763/779/2189 762/778/1066
f 3646/4246/1066 762/778/1066 2539/2560/1579
f 2539/2560/1579 762/778/1066 766/782/1579
f 459/473/2193 3647/4247/2193 869/885/2193
f 3647/4247/2193 459/473/2193 458/472/2194
f 3647/4247/2195 460/474/2195 3159/4248/2195
f 460/474/2195 3647/4247/2195 458/472/2195
f 456/470/2196 3126/4249/2196 454/468/2196
f 3126/4249/2196 456/470/2196 3645/4245/2196
f 3455/4250/1348 3551/4251/1348 3456/4252/1348
f 3551/4251/1348 3455/4250/1348 3550/4253/1348
f 3550/4253/1348 3455/4250/1348 3453/4254/1348
f 3550/4253/1348 3453/4254/1348 3549/4255/1348
f 3549/4255/1348 3453/4254/1348 3454/4256/1348
f 3549/4255/1348 3454/4256/1348 3548/4257/1348
f 3548/4257/1348 3454/4256/1348 352/4258/825
f 3548/4257/1348 352/4258/825 354/4259/825
f 1293/4260/1717 1305/4261/1717 1298/4262/1717
f 1305/4261/1717 1293/4260/1717 1325/4263/1717
f 1325/4263/1717 1293/4260/1717 1289/4264/1717
f 1325/4263/1717 1289/4264/1717 1327/4265/1717
f 1327/4265/1717 1289/4264/1717 1288/4266/1717
f 1327/4265/1717 1288/4266/1717 1328/4267/1717
f 1328/4267/1717 1288/4266/1717 1283/4268/1717
f 1328/4267/1717 1283/4268/1717 1331/4269/1717
f 1331/4269/1717 1283/4268/1717 1281/4270/1717
f 1331/4269/1717 1281/4270/1717 1296/4271/1717
f 1296/4271/1717 1281/4270/1717 1282/4272/1717
f 1296/4271/1717 1282/4272/1717 1295/4273/1717
f 1295/4273/1717 1282/4272/1717 1285/4274/1717
f 1295/4273/1717 1285/4274/1717 1286/4275/1717
f 3648/4276/2197 1582/1597/2198 1583/1598/2198
f 1582/1597/2198 3648/4276/2197 3649/4277/2199
f 3649/4277/2199 3648/4276/2197 1548/1563/2200
f 3649/4277/2199 1548/1563/2200 1544/1559/2200
f 47/47/2198 30/30/2197 32/32/2198
f 30/30/2197 47/47/2198 46/46/2199
f 30/30/2197 46/46/2199 28/28/2200
f 28/28/2200 46/46/2199 50/50/2200
f 2612/2633/2201 3650/4278/2202 2611/2632/2201
f 3650/4278/2202 2612/2633/2201 3651/4279/2203
f 3650/4278/2202 3651/4279/2203 2640/2661/2198
f 2640/2661/2198 3651/4279/2203 2639/2660/2198
f 52/52/2202 33/33/2201 53/53/2201
f 33/33/2201 52/52/2202 36/36/2203
f 36/36/2203 52/52/2202 56/56/2198
f 36/36/2203 56/56/2198 38/38/2198
f 3641/4241/2204 1553/1568/2204 1555/1570/2204
f 31/31/2198 3652/4280/2199 1584/1599/2198
f 3652/4280/2199 31/31/2198 27/27/2205
f 3652/4280/2199 27/27/2205 1547/1562/2200
f 1547/1562/2200 27/27/2205 29/29/2200
f 35/35/2201 3653/4281/2202 2608/2629/2201
f 3653/4281/2202 35/35/2201 34/34/2206
f 3653/4281/2202 34/34/2206 37/37/2198
f 3653/4281/2202 37/37/2198 2638/2659/2198
f 3654/4282/2207 3655/4283/449 3656/4284/2208
f 3654/4282/2207 3656/4284/2208 1900/4285/1182
f 1900/4285/1182 3656/4284/2208 1903/4286/1185
f 3654/4282/2207 1900/4285/1182 1899/4287/1181
f 1903/4286/1185 3656/4284/2208 3657/4288/450
f 1903/4286/1185 3657/4288/450 1905/4289/1187
f 3657/4288/450 3656/4284/2208 3658/4290/1343
f 3658/4290/1343 3656/4284/2208 3655/4283/449
f 3654/4282/2207 1899/4287/1181 3659/4291/2209
f 3659/4291/2209 1899/4287/1181 1896/4292/1178
f 3660/4293/2210 3655/4283/449 3654/4282/2207
f 3660/4293/2210 3654/4282/2207 3659/4291/2209
f 3660/4293/2210 3659/4291/2209 3661/4294/2211
f 3660/4293/2210 3661/4294/2211 3655/4283/449
f 3661/4294/2211 3659/4291/2209 3662/4295/725
f 3661/4294/2211 3662/4295/725 3655/4283/449
f 3659/4291/2209 1896/4292/1178 3663/4296/2212
f 3659/4291/2209 3663/4296/2212 3662/4295/725
f 3663/4296/2212 1896/4292/1178 3664/4297/2213
f 3664/4297/2213 1896/4292/1178 1894/4298/1176
f 3662/4295/725 3663/4296/2212 3665/4299/2214
f 3665/4299/2214 3663/4296/2212 3664/4297/2213
f 3662/4295/725 3665/4299/2214 3655/4283/449
f 3665/4299/2214 3664/4297/2213 3666/4300/2215
f 3664/4297/2213 1894/4298/1176 3667/4301/2216
f 3664/4297/2213 3667/4301/2216 3666/4300/2215
f 3667/4301/2216 1894/4298/1176 1889/4302/1171
f 3665/4299/2214 3666/4300/2215 3668/4303/2217
f 3668/4303/2217 3666/4300/2215 3667/4301/2216
f 3665/4299/2214 3668/4303/2217 3655/4283/449
f 3667/4301/2216 1889/4302/1171 3669/4304/2218
f 3667/4301/2216 3669/4304/2218 3668/4303/2217
f 3669/4304/2218 1889/4302/1171 1887/4305/1168
f 3669/4304/2218 1887/4305/1168 3670/4306/2219
f 3670/4306/2219 1887/4305/1168 1882/4307/190
f 3670/4306/2219 1882/4307/190 1869/4308/1151
f 3669/4304/2218 3670/4306/2219 3671/4309/2220
f 3669/4304/2218 3671/4309/2220 3668/4303/2217
f 3670/4306/2219 1869/4308/1151 3672/4310/2221
f 3670/4306/2219 3672/4310/2221 3671/4309/2220
f 3672/4310/2221 1869/4308/1151 1866/4311/1148
f 3668/4303/2217 3671/4309/2220 3673/4312/2222
f 3673/4312/2222 3671/4309/2220 3672/4310/2221
f 3668/4303/2217 3673/4312/2222 3655/4283/449
f 3672/4310/2221 1866/4311/1148 3674/4313/2223
f 3672/4310/2221 3674/4313/2223 3673/4312/2222
f 3674/4313/2223 1866/4311/1148 1864/4314/1146
f 3673/4312/2222 3674/4313/2223 3675/4315/2224
f 3674/4313/2223 1864/4314/1146 3676/4316/2225
f 3674/4313/2223 3676/4316/2225 3675/4315/2224
f 3676/4316/2225 1864/4314/1146 1862/4317/1144
f 3673/4312/2222 3675/4315/2224 3677/4318/2226
f 3677/4318/2226 3675/4315/2224 3676/4316/2225
f 3678/4319/499 3655/4283/449 3673/4312/2222
f 3678/4319/499 3673/4312/2222 3677/4318/2226
f 3655/4283/449 3678/4319/499 3658/4290/1343
f 3658/4290/1343 3678/4319/499 3679/4320/2227
f 3676/4316/2225 1862/4317/1144 3680/4321/2228
f 3676/4316/2225 3680/4321/2228 3677/4318/2226
f 3680/4321/2228 1862/4317/1144 3681/4322/2229
f 3677/4318/2226 3680/4321/2228 3682/4323/2230
f 3677/4318/2226 3682/4323/2230 3678/4319/499
f 3682/4323/2230 3680/4321/2228 3681/4322/2229
f 3681/4322/2229 1862/4317/1144 1861/4324/1143
f 3682/4323/2230 3681/4322/2229 3683/4325/2231
f 3682/4323/2230 3683/4325/2231 3678/4319/499
f 3683/4325/2231 3681/4322/2229 3684/4326/2232
f 3683/4325/2231 3684/4326/2232 3678/4319/499
f 3681/4322/2229 1861/4324/1143 3685/4327/2233
f 3681/4322/2229 3685/4327/2233 3684/4326/2232
f 3684/4326/2232 3685/4327/2233 3678/4319/499
f 3685/4327/2233 1861/4324/1143 1857/4328/1139
f 3678/4319/499 3685/4327/2233 3686/4329/2234
f 3686/4329/2234 3685/4327/2233 1857/4328/1139
f 3678/4319/499 3686/4329/2234 3679/4320/2227
f 3686/4329/2234 1857/4328/1139 1854/4330/1138
f 3679/4320/2227 3686/4329/2234 3687/4331/2235
f 3687/4331/2235 3686/4329/2234 1854/4330/1138
f 3687/4331/2235 1854/4330/1138 1853/4332/1137
f 345/359/444 573/587/444 343/357/444
f 573/587/444 345/359/444 572/586/444
f 3688/4333/2236 2940/4334/1802 2938/4335/1800
f 3689/4336/448 2938/4335/1800 2937/4337/1799
f 2938/4335/1800 3689/4336/448 3688/4333/2236
f 3688/4333/2236 3689/4336/448 3690/4338/14
f 2940/4334/1802 3688/4333/2236 3691/4339/2237
f 2940/4334/1802 3691/4339/2237 2942/4340/1804
f 3688/4333/2236 3690/4338/14 3692/4341/452
f 3688/4333/2236 3692/4341/452 3691/4339/2237
f 2942/4340/1804 3691/4339/2237 3693/4342/2238
f 2942/4340/1804 3693/4342/2238 2943/4343/1805
f 3693/4342/2238 3691/4339/2237 3694/4344/2239
f 3694/4344/2239 3691/4339/2237 3692/4341/452
f 3693/4342/2238 3694/4344/2239 3695/4345/2240
f 3695/4345/2240 3694/4344/2239 3692/4341/452
f 3693/4342/2238 3695/4345/2240 3696/4346/1128
f 3696/4346/1128 3695/4345/2240 3692/4341/452
f 2943/4343/1805 3693/4342/2238 3697/4347/2241
f 3697/4347/2241 3693/4342/2238 3696/4346/1128
f 2943/4343/1805 3697/4347/2241 3698/4348/2242
f 2943/4343/1805 3698/4348/2242 2945/4349/1807
f 3697/4347/2241 3696/4346/1128 3699/4350/2243
f 3697/4347/2241 3699/4350/2243 3698/4348/2242
f 3699/4350/2243 3696/4346/1128 3692/4341/452
f 3698/4348/2242 3699/4350/2243 3700/4351/2244
f 2945/4349/1807 3698/4348/2242 3701/4352/2245
f 3701/4352/2245 3698/4348/2242 3700/4351/2244
f 2945/4349/1807 3701/4352/2245 2946/4353/1808
f 3700/4351/2244 3699/4350/2243 3702/4354/2246
f 3702/4354/2246 3699/4350/2243 3692/4341/452
f 3700/4351/2244 3702/4354/2246 3701/4352/2245
f 2946/4353/1808 3701/4352/2245 3703/4355/1776
f 3703/4355/1776 3701/4352/2245 3702/4354/2246
f 2946/4353/1808 3703/4355/1776 2948/4356/1810
f 2948/4356/1810 3703/4355/1776 3704/4357/2247
f 2948/4356/1810 3704/4357/2247 2951/4358/1813
f 2951/4358/1813 3704/4357/2247 2344/4359/1421
f 3704/4357/2247 3703/4355/1776 3705/4360/2248
f 3705/4360/2248 3703/4355/1776 3702/4354/2246
f 2344/4359/1421 3704/4357/2247 3706/4361/2249
f 3706/4361/2249 3704/4357/2247 3705/4360/2248
f 2344/4359/1421 3706/4361/2249 2340/4362/1417
f 3705/4360/2248 3702/4354/2246 3707/4363/2250
f 3705/4360/2248 3707/4363/2250 3706/4361/2249
f 3707/4363/2250 3702/4354/2246 3692/4341/452
f 2340/4362/1417 3706/4361/2249 3708/4364/2251
f 3708/4364/2251 3706/4361/2249 3707/4363/2250
f 2340/4362/1417 3708/4364/2251 2338/4365/1415
f 3708/4364/2251 3707/4363/2250 3709/4366/2252
f 2338/4365/1415 3708/4364/2251 3710/4367/2253
f 3710/4367/2253 3708/4364/2251 3709/4366/2252
f 2338/4365/1415 3710/4367/2253 2336/4368/1414
f 3709/4366/2252 3707/4363/2250 3711/4369/2254
f 3709/4366/2252 3711/4369/2254 3710/4367/2253
f 3712/4370/726 3707/4363/2250 3692/4341/452
f 3707/4363/2250 3712/4370/726 3711/4369/2254
f 3712/4370/726 3692/4341/452 3690/4338/14
f 3712/4370/726 3690/4338/14 3713/4371/2255
f 2336/4368/1414 3710/4367/2253 3714/4372/2256
f 3714/4372/2256 3710/4367/2253 3711/4369/2254
f 2336/4368/1414 3714/4372/2256 3715/4373/2257
f 3714/4372/2256 3711/4369/2254 3716/4374/2258
f 3716/4374/2258 3711/4369/2254 3712/4370/726
f 3714/4372/2256 3716/4374/2258 3715/4373/2257
f 2336/4368/1414 3715/4373/2257 2335/4375/1413
f 3715/4373/2257 3716/4374/2258 3717/4376/2259
f 3717/4376/2259 3716/4374/2258 3712/4370/726
f 3715/4373/2257 3717/4376/2259 3718/4377/2260
f 3718/4377/2260 3717/4376/2259 3712/4370/726
f 2335/4375/1413 3715/4373/2257 3719/4378/2261
f 3719/4378/2261 3715/4373/2257 3718/4377/2260
f 3719/4378/2261 3718/4377/2260 3712/4370/726
f 2335/4375/1413 3719/4378/2261 2331/4379/1409
f 3719/4378/2261 3712/4370/726 3720/4380/2262
f 3719/4378/2261 3720/4380/2262 2331/4379/1409
f 3720/4380/2262 3712/4370/726 3713/4371/2255
f 2331/4379/1409 3720/4380/2262 2328/4381/1407
f 3720/4380/2262 3713/4371/2255 3721/4382/793
f 3720/4380/2262 3721/4382/793 2328/4381/1407
f 2328/4381/1407 3721/4382/793 2327/4383/1406
f 349/363/1134 609/623/1134 347/361/1134
f 609/623/1134 349/363/1134 608/622/1134
f 3644/4244/2263 1484/1499/925 1482/1497/2264
f 1484/1499/925 3644/4244/2263 3640/4240/2265
f 3640/4240/2265 3644/4244/2263 3641/4241/2266
f 3641/4241/2266 3644/4244/2263 1553/1568/2266
f 1464/1479/2264 2886/2911/675 1465/1480/925
f 2886/2911/675 1464/1479/2264 2883/2908/2265
f 2886/2911/675 2883/2908/2265 1556/1571/2266
f 1556/1571/2266 2883/2908/2265 1554/1569/2266
f 3457/3911/2267 866/882/2267 863/879/2267
f 866/882/2267 3457/3911/2267 3722/4384/2267
f 869/885/2268 3723/4385/2268 3460/3917/2268
f 3723/4385/2268 869/885/2268 868/884/2268
f 2889/2914/1330 2559/2580/1563 2557/2578/1563
f 2559/2580/1563 2889/2914/1330 2885/2910/2269
f 2885/2910/2269 2889/2914/1330 2621/2642/2270
f 2885/2910/2269 2621/2642/2270 2620/2641/2270
f 2538/2559/1563 3646/4246/1330 2539/2560/2271
f 3646/4246/1330 2538/2559/1563 3643/4243/2269
f 3646/4246/1330 3643/4243/2269 2617/2638/2272
f 3646/4246/1330 2617/2638/2272 2616/2637/2272
f 3639/4239/675 1463/1478/925 1473/1488/2264
f 1463/1478/925 3639/4239/675 2882/2907/675
f 2882/2907/675 3639/4239/675 1552/1567/2266
f 1552/1567/2266 3639/4239/675 1555/1570/2266
f 2548/2569/1563 3642/4242/1330 2540/2561/2271
f 3642/4242/1330 2548/2569/1563 2884/2909/1330
f 3642/4242/1330 2884/2909/1330 2619/2640/2272
f 3642/4242/1330 2619/2640/2272 2618/2639/2272
f 3724/4386/2273 3145/4387/2273 3141/4388/2273
f 3145/4387/2273 3724/4386/2273 3725/4389/2273
f 3149/4390/2274 3726/4391/2274 3727/4392/2274
f 3726/4391/2274 3149/4390/2274 3147/4393/2274
f 3724/4394/2275 3458/3914/2275 3457/3911/2275
f 3458/3914/2275 3724/4394/2275 3728/4395/2275
f 3460/3917/2276 3729/4396/2276 3727/4392/2276
f 3729/4396/2276 3460/3917/2276 3459/3916/2276
f 866/882/2277 3135/4397/2277 864/880/2277
f 3135/4397/2277 866/882/2277 3722/4384/2277
f 3723/4385/2278 870/886/2278 3157/4398/2278
f 870/886/2278 3723/4385/2278 868/884/2278
f 3730/4399/2279 3725/4389/2279 3724/4386/2279
f 3725/4389/2279 3730/4399/2279 3731/4400/2279
f 3727/4392/2280 3732/4401/2280 3730/4399/2280
f 3732/4401/2280 3727/4392/2280 3726/4391/2281
f 455/469/1799 1618/1633/1799 453/467/1799
f 1618/1633/1799 455/469/1799 1617/1632/1799
f 459/473/1137 2156/2173/1137 457/471/1137
f 2156/2173/1137 459/473/1137 2155/2172/1137
f 3730/4399/2282 3148/4402/2282 3146/4403/2282
f 3148/4402/2282 3730/4399/2282 3732/4401/2282
f 3146/4403/505 3731/4400/505 3730/4399/505
f 3731/4400/505 3146/4403/505 3144/4404/505
f 3458/3914/447 3139/4405/447 3140/3912/447
f 3139/4405/447 3458/3914/447 3728/4395/447
f 3729/4396/2283 3152/3918/2283 3153/4406/2283
f 3152/3918/2283 3729/4396/2283 3459/3916/2283
f 865/881/9 3645/4245/9 863/879/9
f 3645/4245/9 865/881/9 3126/4249/9
f 869/885/3 3159/4248/3 867/883/3
f 3159/4248/3 869/885/3 3647/4247/3
f 3727/4392/2284 3153/4406/2284 3149/4390/2284
f 3153/4406/2284 3727/4392/2284 3729/4396/2284
f 3141/4407/2285 3728/4395/2285 3724/4394/2285
f 3728/4395/2285 3141/4407/2285 3139/4405/2285
f 3725/4389/8 3144/4404/8 3145/4387/8
f 3144/4404/8 3725/4389/8 3731/4400/8
f 3732/4401/4 3147/4393/4 3148/4402/4
f 3147/4393/4 3732/4401/4 3726/4391/4
f 2892/2917/2286 1755/1770/1829 1758/1773/1829
f 1755/1770/1829 2892/2917/2286 2887/2912/2286
f 3136/3913/2287 3722/4384/2287 3457/3911/2287
f 3722/4384/2287 3136/3913/2287 3135/4397/2287
f 3460/3917/2288 3157/4398/2288 3154/3915/2288
f 3157/4398/2288 3460/3917/2288 3723/4385/2288
f 218/228/1283 251/261/2289 250/260/1283
f 251/261/2289 218/228/1283 220/230/938
f 251/261/2289 220/230/938 222/232/1020
f 251/261/2289 222/232/1020 252/262/1020
f 3733/4408/2289 1078/1093/426 1080/1095/1283
f 1078/1093/426 3733/4408/2289 3734/4409/2290
f 3734/4409/2290 3733/4408/2289 1122/1137/1020
f 1122/1137/1020 3733/4408/2289 1124/1139/1020
f 1706/1721/820 3735/4410/2291 1705/1720/820
f 3735/4410/2291 1706/1721/820 3736/4411/1594
f 3735/4410/2291 3736/4411/1594 1726/1741/822
f 3735/4410/2291 1726/1741/822 1727/1742/822
f 263/273/2291 229/239/820 262/272/820
f 229/239/820 263/273/2291 232/242/1594
f 232/242/1594 263/273/2291 234/244/822
f 234/244/822 263/273/2291 264/274/822
f 308/320/2292 244/254/2293 307/319/2293
f 244/254/2293 308/320/2292 247/257/941
f 247/257/941 308/320/2292 309/321/366
f 247/257/941 309/321/366 249/259/366
f 1078/1093/1003 3737/4412/2292 1079/1094/1003
f 3737/4412/2292 1078/1093/1003 3734/4409/2294
f 3737/4412/2292 3734/4409/2294 1122/1137/366
f 3737/4412/2292 1122/1137/366 1123/1138/366
f 3737/4412/2289 219/229/426 1079/1094/426
f 219/229/426 3737/4412/2289 217/227/2289
f 217/227/2289 3737/4412/2289 221/231/1020
f 221/231/1020 3737/4412/2289 1123/1138/1020
f 1726/1741/304 3738/4413/2014 1728/1743/304
f 3738/4413/2014 1726/1741/304 3736/4411/1586
f 3738/4413/2014 3736/4411/1586 1706/1721/796
f 3738/4413/2014 1706/1721/796 1702/1717/796
f 311/323/304 253/263/2295 255/265/304
f 253/263/2295 311/323/304 310/322/2014
f 253/263/2295 310/322/2014 257/267/796
f 257/267/796 310/322/2014 312/324/796
f 1124/1139/366 245/255/2292 248/258/366
f 245/255/2292 1124/1139/366 3733/4408/2292
f 245/255/2292 3733/4408/2292 1080/1095/2293
f 245/255/2292 1080/1095/2293 246/256/2293
f 231/241/1663 3738/4413/2291 1702/1717/820
f 3738/4413/2291 231/241/1663 230/240/2291
f 3738/4413/2291 230/240/2291 233/243/822
f 3738/4413/2291 233/243/822 1728/1743/822
f 1705/1720/796 256/266/2014 258/268/796
f 256/266/2014 1705/1720/796 3735/4410/2014
f 256/266/2014 3735/4410/2014 1727/1742/304
f 256/266/2014 1727/1742/304 254/264/304
f 2892/4414/2286 2747/2768/2296 2887/4415/2286
f 2747/2768/2296 2892/4414/2286 2748/2769/2296
f 3456/4416/233 1067/1080/233 1066/1079/233
f 1067/1080/233 3456/4416/233 3551/4417/233
f 1119/1134/2297 1068/1081/2298 1120/1135/2298
f 1068/1081/2298 1119/1134/2297 1071/1084/2299
f 1071/1084/2299 1119/1134/2297 1072/1085/436
f 1072/1085/436 1119/1134/2297 1121/1136/436
f 1548/1563/2298 3652/4280/2300 1547/1562/2298
f 3652/4280/2300 1548/1563/2298 3648/4276/2299
f 3652/4280/2300 3648/4276/2299 1583/1598/436
f 3652/4280/2300 1583/1598/436 1584/1599/436
f 1101/1116/2301 1126/1141/2302 1127/1142/2301
f 1126/1141/2302 1101/1116/2301 1100/1115/2303
f 1126/1141/2302 1100/1115/2303 1097/1112/436
f 1126/1141/2302 1097/1112/436 1125/1140/436
f 3653/4281/2304 2612/2633/2301 2608/2629/2301
f 2612/2633/2301 3653/4281/2304 3651/4279/2303
f 3651/4279/2303 3653/4281/2304 2639/2660/436
f 2639/2660/436 3653/4281/2304 2638/2659/436
f 1069/1082/2300 1544/1559/2298 1070/1083/2298
f 1544/1559/2298 1069/1082/2300 3649/4277/2300
f 3649/4277/2300 1069/1082/2300 1582/1597/436
f 1582/1597/436 1069/1082/2300 1073/1086/436
f 2611/2632/2301 1098/1113/2304 1102/1117/2301
f 1098/1113/2304 2611/2632/2301 3650/4278/2304
f 1098/1113/2304 3650/4278/2304 2640/2661/436
f 1098/1113/2304 2640/2661/436 1099/1114/436
