# vertices shared and precision trimmed by tools/optimize_obj.py
v 0.00077 0.0082 -0.57697
v 0.00425 0.00941 -0.57321
v 0.00466 0.0082 -0.57408
v 0.00903 0.0094 -0.56606
v 0.00897 0.00939 -0.56479
v 0.03824 0.00942 -0.57699
v 0.03901 0.00941 -0.57603
v 0.03938 0.00947 -0.59522
v -0.01988 0.00943 -0.57881
v 0.04023 0.00947 -0.59563
v 0.03978 0.00824 -0.57546
v 0.00006 0.00942 -0.57632
v 0.03872 0.00947 -0.59643
v -0.00172 0.00821 -0.58114
v 0.04116 0.00829 -0.59584
v 0.03977 -0.00621 -0.57549
v 0.04115 -0.00619 -0.59587
v 0.02327 0.00946 -0.59049
v 0.0393 0.00947 -0.59734
v 0.04006 -0.00618 -0.59794
v 0.04006 0.0083 -0.59791
v 0.01383 -0.00616 -0.6241
v 0.02035 0.00947 -0.59535
v 0.01982 0.00947 -0.59436
v 0.01289 0.00956 -0.62222
v 0.01328 0.00956 -0.62331
v 0.01383 0.00838 -0.62407
v 0.01181 -0.00616 -0.625
v 0.01182 0.00839 -0.62497
v 0.01177 0.00956 -0.62404
v 0.01171 0.00956 -0.62279
v 0.01592 0.00948 -0.59862
v 0.01563 0.00948 -0.59745
v 0.01522 0.00825 -0.59659
v 0.01053 0.00826 -0.59775
v 0.01057 0.00948 -0.59871
v 0.01063 0.00949 -0.59993
v 0.00542 0.00948 -0.59793
v 0.00575 0.00826 -0.59703
v 0.00525 0.00948 -0.59912
v 0.00096 0.00947 -0.59525
v 0.0016 0.00825 -0.59454
v 0.01049 0.00956 -0.62234
v 0.00052 0.00948 -0.59628
v -0.00214 0.00946 -0.59105
v -0.00127 0.00824 -0.59065
v 0.0102 0.00956 -0.62345
v -0.01766 0.00949 -0.5991
v -0.00284 0.00946 -0.59172
v -0.00339 0.00945 -0.58598
v -0.00244 0.00823 -0.58594
v 0.00972 0.00838 -0.62426
v -0.01815 0.00949 -0.60006
v 0.00972 -0.00616 -0.62429
v -0.01843 0.00949 -0.59795
v -0.00426 0.00945 -0.58602
v -0.00262 0.00943 -0.58081
v -0.00339 0.00943 -0.58021
v -0.01902 0.00943 -0.57969
v -0.00047 0.00942 -0.57533
v 0.00397 0.00941 -0.57203
v -0.01924 0.00949 -0.59844
v -0.02014 0.00831 -0.59873
v -0.01886 0.00832 -0.60069
v -0.02069 0.00826 -0.57832
v -0.02015 -0.00616 -0.59876
v -0.02069 -0.00619 -0.57835
v -0.01886 -0.00616 -0.60072
v -0.01816 -0.00734 -0.60009
v -0.01924 -0.00734 -0.59847
v 0.01019 -0.00734 -0.62348
v 0.01177 -0.00734 -0.62407
v 0.01048 -0.00734 -0.62237
v -0.01766 -0.00734 -0.59913
v 0.01171 -0.00734 -0.62282
v 0.00052 -0.00735 -0.59631
v -0.01843 -0.00734 -0.59798
v 0.01328 -0.00734 -0.62334
v 0.01288 -0.00734 -0.62225
v 0.0393 -0.00736 -0.59738
v 0.04023 -0.00736 -0.59566
v 0.03871 -0.00736 -0.59647
v 0.03937 -0.00736 -0.59525
v 0.03901 -0.00738 -0.57606
v 0.03824 -0.00738 -0.57702
v 0.02327 -0.00736 -0.59052
v 0.02035 -0.00735 -0.59538
v 0.02414 -0.00737 -0.58471
v 0.02251 -0.00736 -0.58992
v 0.02328 -0.00737 -0.58475
v 0.01591 -0.00735 -0.59865
v 0.01982 -0.00736 -0.59439
v 0.0216 -0.00614 -0.58959
v 0.01911 -0.00613 -0.59374
v 0.02232 -0.00614 -0.5848
v 0.01522 -0.00613 -0.59661
v 0.02202 -0.00737 -0.57967
v 0.02115 -0.00615 -0.58008
v 0.01563 -0.00735 -0.59748
v 0.01053 -0.00613 -0.59778
v 0.02273 -0.00737 -0.579
v 0.01892 -0.00737 -0.57546
v 0.01828 -0.00615 -0.57617
v 0.01936 -0.00738 -0.57442
v 0.01446 -0.00738 -0.57275
v 0.01413 -0.00616 -0.57366
v 0.00931 -0.00738 -0.57197
v 0.00935 -0.00616 -0.57294
v 0.01463 -0.00738 -0.57156
v 0.00466 -0.00615 -0.57411
v 0.00903 -0.00738 -0.56609
v 0.00897 -0.00739 -0.56482
v 0.00925 -0.00738 -0.57074
v 0.00425 -0.00737 -0.57324
v 0.00077 -0.00615 -0.577
v -0.01902 -0.00736 -0.57972
v 0.00396 -0.00737 -0.57206
v 0.00006 -0.00737 -0.57635
v -0.00172 -0.00614 -0.58116
v -0.00047 -0.00737 -0.57536
v -0.00263 -0.00736 -0.58084
v -0.00244 -0.00614 -0.58596
v -0.00339 -0.00736 -0.58024
v -0.0034 -0.00736 -0.58601
v -0.00127 -0.00613 -0.59067
v -0.01988 -0.00736 -0.57884
v -0.00426 -0.00736 -0.58605
v -0.00214 -0.00735 -0.59108
v 0.0016 -0.00613 -0.59457
v -0.00285 -0.00735 -0.59175
v 0.00095 -0.00735 -0.59528
v 0.00574 -0.00613 -0.59706
v 0.00542 -0.00735 -0.59797
v 0.01057 -0.00735 -0.59874
v 0.00524 -0.00735 -0.59915
v 0.01063 -0.00735 -0.59996
v 0.06004 -0.01088 -0.00084
v 0.05941 -0.00917 -0.00073
v 0.04903 -0.01093 0.00096
v 0.04903 -0.02822 0.00092
v 0.06641 -0.02821 -0.00191
v 0.06447 -0.00585 -0.00155
v 0.0781 -0.02555 -0.00432
v 0.06728 -0.03521 -0.00561
v 0.08208 -0.03182 -0.00879
v 0.0862 -0.01867 -0.00623
v 0.06758 -0.03887 -0.0126
v 0.09325 -0.02229 -0.01163
v 0.04974 -0.03523 -0.0027
v 0.08377 -0.0351 -0.01622
v 0.08933 -0.00877 -0.00701
v 0.08933 -0.00005 -0.00699
v 0.06448 -0.00006 -0.00154
v 0.0972 -0.00004 -0.01269
v 0.06302 -0.00503 -0.00131
v 0.06302 -0.00006 -0.0013
v 0.06222 -0.00427 -0.00165
v 0.06222 -0.00006 -0.00164
v 0.05871 -0.00845 -0.00108
v 0.0972 -0.00968 -0.0127
v 0.10077 -0.00003 -0.02082
v 0.04903 -0.00922 0.00096
v 0.04906 -0.00845 0.00049
v 0.01422 -0.00845 0.00342
v 0.01419 -0.00922 0.00389
v -0.02059 -0.00844 0.00269
v 0.01419 -0.01093 0.00388
v -0.02061 -0.00921 0.00316
v -0.0552 -0.00919 -0.00122
v -0.05517 -0.00842 -0.00169
v -0.08218 -0.00911 -0.00754
v -0.0811 -0.0084 -0.00777
v -0.0552 -0.0109 -0.00123
v -0.08218 -0.00001 -0.00752
v -0.0811 -0.00001 -0.00775
v -0.08367 -0.00001 -0.00787
v -0.08367 -0.01082 -0.00789
v -0.1008 0.00001 -0.01273
v -0.02061 -0.01092 0.00315
v -0.0552 -0.0282 -0.00126
v -0.10081 -0.02549 -0.01277
v 0.01419 -0.02823 0.00385
v -0.02062 -0.02822 0.00312
v 0.01459 -0.03524 0.00031
v -0.02053 -0.03523 -0.00041
v -0.08939 -0.02816 -0.00927
v -0.05542 -0.0352 -0.00487
v 0.05942 0.00905 -0.0007
v 0.06222 0.00416 -0.00163
v 0.06302 0.00492 -0.00129
v 0.06448 0.00574 -0.00153
v -0.12181 0.00005 -0.03134
v -0.12181 -0.01007 -0.03136
v -0.11902 -0.00961 -0.02292
v -0.11519 -0.02222 -0.02147
v -0.11901 0.00003 -0.0229
v -0.11172 -0.0087 -0.01651
v -0.11172 0.00002 -0.01649
v -0.10868 0.00001 -0.0154
v -0.10869 -0.01861 -0.01544
v 0.03128 -0.02755 -0.55697
v 0.01989 -0.02758 -0.55197
v 0.02589 -0.02527 -0.5634
v 0.04196 -0.02754 -0.57109
v 0.01688 -0.02527 -0.56047
v 0.00735 -0.02527 -0.55966
v 0.0075 -0.02758 -0.55076
v -0.00449 -0.02755 -0.5543
v 0.00752 -0.01805 -0.56577
v -0.00095 -0.02527 -0.56196
v -0.00837 -0.02526 -0.56673
v -0.01372 -0.02746 -0.56253
v -0.01252 -0.02526 -0.58053
v -0.01774 -0.02738 -0.57676
v -0.00395 -0.01804 -0.57133
v -0.00757 -0.01804 -0.58375
v 0.00179 -0.01805 -0.56855
v -0.01653 -0.02526 -0.58543
v -0.01381 -0.01803 -0.59094
v -0.02162 -0.02526 -0.58643
v -0.02302 -0.02739 -0.5791
v -0.02279 -0.01803 -0.59239
v -0.0128 -0.00777 -0.59296
v -0.02322 -0.00777 -0.59457
v -0.02737 -0.02525 -0.58386
v -0.0299 -0.02525 -0.57967
v -0.03602 -0.01803 -0.57997
v -0.03185 -0.01803 -0.58801
v -0.03814 -0.00778 -0.58045
v -0.0335 -0.00777 -0.58952
v -0.0335 0.00107 -0.5895
v -0.03814 0.00105 -0.58043
v -0.02322 0.00107 -0.59455
v -0.0128 0.00107 -0.59295
v -0.00574 0.00105 -0.5849
v -0.00574 -0.00778 -0.58492
v -0.00231 0.00103 -0.57299
v -0.00232 -0.00779 -0.573
v 0.00264 0.00102 -0.57049
v 0.00264 -0.0078 -0.5705
v 0.00759 0.00101 -0.56799
v 0.00759 -0.0078 -0.568
v 0.01379 0.00101 -0.56897
v 0.01379 -0.0078 -0.56899
v 0.02 0.00102 -0.56995
v 0.01999 -0.0078 -0.56997
v 0.01455 -0.01805 -0.56699
v 0.0261 0.00104 -0.58199
v 0.02158 -0.01805 -0.56821
v 0.0261 -0.00779 -0.58201
v 0.03526 0.00105 -0.58992
v 0.02791 -0.01805 -0.5808
v 0.03283 -0.02527 -0.57749
v 0.03526 -0.00779 -0.58994
v 0.04928 0.00104 -0.58815
v 0.03603 -0.01805 -0.58775
v 0.03812 -0.02528 -0.58177
v 0.04927 -0.00779 -0.58816
v 0.08211 0.00098 -0.55894
v 0.04848 -0.01806 -0.5861
v 0.04634 -0.02528 -0.58045
v 0.08211 -0.00785 -0.55896
v 0.11494 0.00092 -0.52974
v 0.07769 -0.02533 -0.55235
v 0.07236 -0.02766 -0.54436
v 0.08092 -0.0181 -0.55719
v 0.10026 -0.02774 -0.51915
v 0.11335 -0.01815 -0.52828
v 0.11494 -0.0079 -0.52975
v 0.12181 0.00089 -0.51845
v 0.10819 -0.02538 -0.52456
v 0.10593 -0.02766 -0.51213
v 0.1218 -0.00793 -0.51847
v 0.12176 0.00088 -0.50875
v 0.12023 -0.01819 -0.51776
v 0.11379 -0.02543 -0.51559
v 0.12176 -0.00796 -0.50877
v 0.11845 0.00086 -0.5012
v 0.11845 -0.00798 -0.50122
v 0.11652 -0.01825 -0.50242
v 0.11414 -0.02545 -0.51092
v 0.11131 -0.02548 -0.50562
v 0.1197 -0.01822 -0.50936
v -0.023 0.02947 -0.579
v -0.01773 0.02945 -0.57666
v -0.02161 0.02737 -0.58633
v -0.02736 0.02736 -0.58376
v -0.02989 0.02734 -0.57957
v -0.03601 0.02012 -0.5799
v -0.03184 0.02015 -0.58793
v -0.03813 0.00987 -0.58042
v -0.03349 0.0099 -0.58949
v -0.02278 0.02017 -0.59232
v -0.01651 0.02736 -0.58533
v -0.02322 0.00991 -0.59453
v -0.0138 0.02016 -0.59087
v -0.01251 0.02734 -0.58043
v -0.0137 0.02948 -0.56243
v -0.0128 0.0099 -0.59293
v -0.00756 0.02013 -0.58368
v -0.00836 0.02729 -0.56663
v -0.00447 0.02953 -0.5542
v -0.00574 0.00988 -0.58489
v -0.00394 0.02009 -0.57125
v -0.00093 0.02728 -0.56186
v -0.00231 0.00985 -0.57297
v 0.00736 0.02727 -0.55956
v 0.00752 0.02954 -0.55066
v 0.0199 0.02955 -0.55187
v 0.00264 0.00984 -0.57047
v 0.0018 0.02008 -0.56847
v 0.00759 0.00983 -0.56797
v 0.00753 0.02007 -0.56569
v 0.0138 0.00983 -0.56895
v 0.02 0.00984 -0.56994
v 0.01456 0.02007 -0.56692
v 0.01689 0.02727 -0.56037
v 0.0261 0.00986 -0.58197
v 0.02159 0.02007 -0.56814
v 0.0259 0.02728 -0.5633
v 0.03129 0.02953 -0.55687
v 0.04197 0.02957 -0.57099
v 0.02792 0.02011 -0.58073
v 0.03284 0.02732 -0.57739
v 0.03814 0.02734 -0.58167
v 0.03604 0.02014 -0.58768
v 0.03526 0.00989 -0.5899
v 0.04636 0.02733 -0.58035
v 0.0777 0.02727 -0.55225
v 0.07238 0.02957 -0.54426
v 0.10027 0.02954 -0.51904
v 0.04928 0.00988 -0.58813
v 0.04849 0.02013 -0.58603
v 0.08211 0.00981 -0.55893
v 0.08093 0.02005 -0.55712
v 0.11336 0.01998 -0.52821
v 0.11495 0.00973 -0.52972
v 0.1082 0.0272 -0.52446
v 0.10594 0.02943 -0.51202
v 0.12181 0.00972 -0.51844
v 0.11965 0.01998 -0.51763
v 0.11381 0.02721 -0.51549
v 0.11415 0.02721 -0.51082
v 0.11132 0.02722 -0.50552
v 0.11971 0.01998 -0.50928
v 0.11653 0.01998 -0.50234
v 0.12176 0.00971 -0.50873
v 0.11846 0.00971 -0.50119
v 0.08933 0.00866 -0.00698
v 0.09326 0.02219 -0.01154
v 0.08621 0.01856 -0.00616
v 0.08378 0.03503 -0.01609
v 0.0821 0.03173 -0.00867
v 0.0676 0.03879 -0.01245
v 0.06615 0.03903 -0.02262
v 0.07811 0.02544 -0.00423
v 0.0673 0.03511 -0.00548
v 0.06642 0.0281 -0.0018
v 0.04976 0.03512 -0.00257
v 0.05008 0.0388 -0.0095
v 0.04905 0.03903 -0.01978
v 0.06166 0.03641 -0.03305
v 0.04567 0.03641 -0.03081
v 0.04904 0.02811 0.00103
v 0.06005 0.01077 -0.0008
v 0.01362 0.03642 -0.02855
v 0.01284 0.03387 -0.03498
v 0.01474 0.03905 -0.01683
v -0.01771 0.03388 -0.03578
v -0.01691 0.03152 -0.04418
v -0.04571 0.03154 -0.04703
v -0.01838 0.03643 -0.0293
v -0.04811 0.0339 -0.03914
v 0.01489 0.03882 -0.00642
v -0.01948 0.03906 -0.01753
v -0.0502 0.03644 -0.03308
v 0.0146 0.03514 0.00044
v -0.02018 0.03883 -0.00712
v -0.05349 0.03907 -0.02188
v -0.07826 0.03391 -0.04496
v 0.0142 0.02812 0.00396
v -0.02051 0.03515 -0.00028
v -0.0206 0.02813 0.00323
v -0.05541 0.03516 -0.00473
v -0.05519 0.02814 -0.00115
v -0.05502 0.03884 -0.01162
v -0.02061 0.01083 0.00319
v 0.0142 0.01082 0.00392
v 0.04904 0.01082 0.001
v 0.0142 0.00911 0.00392
v -0.02061 0.00912 0.00319
v -0.05519 0.01085 -0.00118
v -0.02058 0.00835 0.00272
v 0.01422 0.00834 0.00345
v -0.05519 0.00914 -0.00119
v -0.05517 0.00837 -0.00166
v -0.08218 0.00909 -0.00751
v -0.0811 0.00838 -0.00773
v 0.04904 0.00911 0.00099
v 0.04906 0.00834 0.00052
v 0.05872 0.00833 -0.00105
v 0.07877 -0.02284 -0.44368
v 0.08015 -0.02147 -0.44531
v 0.07858 -0.02214 -0.44341
v 0.07979 -0.02086 -0.44501
v 0.08224 -0.01913 -0.44665
v 0.07781 -0.02281 -0.44163
v 0.07786 -0.02357 -0.44175
v 0.07873 0.00076 -0.44358
v 0.0816 -0.01872 -0.44639
v 0.08488 -0.00824 -0.44731
v 0.07747 -0.02285 -0.43976
v 0.07748 -0.02362 -0.43965
v 0.07786 0.00076 -0.44168
v 0.07749 0.00076 -0.43963
v 0.07758 -0.02227 -0.43783
v 0.07766 -0.02298 -0.43752
v 0.07815 -0.02104 -0.43592
v 0.07839 -0.02166 -0.43551
v 0.07765 0.00075 -0.43755
v 0.07937 -0.0189 -0.43398
v 0.07989 -0.01932 -0.43351
v 0.07834 0.00075 -0.43556
v 0.07759 0.02377 -0.43775
v 0.0815 -0.00826 -0.43238
v 0.08213 -0.00835 -0.43194
v 0.08213 0.00074 -0.43192
v 0.07977 0.00075 -0.43359
v 0.0815 0.00074 -0.43236
v 0.0815 0.00974 -0.43234
v 0.08213 0.00984 -0.4319
v 0.0799 0.02081 -0.43344
v 0.07938 0.02039 -0.43391
v 0.0784 0.02316 -0.43543
v 0.07816 0.02254 -0.43584
v 0.07767 0.02448 -0.43744
v -0.08366 0.01081 -0.00785
v -0.10079 0.0255 -0.01268
v -0.08938 0.02815 -0.00916
v -0.0899 0.03517 -0.0129
v -0.10868 0.01863 -0.01537
v -0.11171 0.00873 -0.01647
v -0.11901 0.00967 -0.02288
v -0.11518 0.02227 -0.02139
v -0.10434 0.03179 -0.01748
v -0.1218 0.01016 -0.03132
v -0.11759 0.02418 -0.02961
v -0.1188 0.01021 -0.04099
v -0.1188 0.00006 -0.04101
v -0.08955 0.03885 -0.01988
v -0.10531 0.03509 -0.02502
v -0.10948 0.00987 -0.04821
v -0.08716 0.03908 -0.02986
v -0.11474 0.02431 -0.03935
v -0.10948 0.00007 -0.04823
v -0.10536 0.00967 -0.05001
v -0.10536 0.00008 -0.05003
v -0.10281 0.02232 -0.04856
v -0.10587 0.02296 -0.04698
v -0.1007 0.02394 -0.04818
v -0.10276 0.0353 -0.03488
v -0.09545 0.03296 -0.04368
v -0.09858 0.02479 -0.04835
v -0.08172 0.03646 -0.03982
v -0.09049 0.03068 -0.04797
v -0.09636 0.02512 -0.04922
v -0.09481 0.02493 -0.05029
v -0.09344 0.02399 -0.05193
v -0.07432 0.03155 -0.05183
v -0.08512 0.02856 -0.05409
v -0.09253 0.02238 -0.05386
v -0.06911 0.03017 -0.06121
v -0.03862 0.03015 -0.05839
v -0.0922 0.02067 -0.05574
v -0.06075 0.02939 -0.07847
v -0.0861 0.01971 -0.06253
v -0.07893 0.02732 -0.06219
v -0.09259 0.00915 -0.05883
v -0.0707 0.02665 -0.0746
v -0.08896 0.00906 -0.06243
v -0.09259 0.00009 -0.05885
v -0.08896 0.0001 -0.06245
v -0.0861 0.0001 -0.06633
v -0.0861 0.00904 -0.06631
v -0.08353 0.01961 -0.06597
v -0.08194 0.02113 -0.0661
v -0.07993 0.02262 -0.06682
v -0.07817 0.02344 -0.06804
v -0.0768 0.02367 -0.06967
v -0.07589 0.02314 -0.0716
v -0.0756 0.021 -0.0748
v -0.07611 0.01933 -0.07702
v -0.06759 0.02661 -0.08317
v -0.0555 0.02925 -0.09978
v -0.07374 0.01896 -0.08395
v -0.07771 0.00938 -0.07969
v -0.07221 0.01872 -0.08841
v -0.07444 0.009 -0.0882
v -0.07033 0.02112 -0.08908
v -0.06858 0.02292 -0.09029
v -0.06719 0.02405 -0.09194
v -0.06629 0.02493 -0.09385
v -0.07596 0.00918 -0.08425
v -0.07771 0.00012 -0.0797
v -0.07604 0.00013 -0.08406
v -0.07444 0.00014 -0.08822
v -0.06433 0.02654 -0.09545
v -0.06591 0.0251 -0.09595
v -0.06609 0.02453 -0.09808
v -0.0635 0.0267 -0.10528
v -0.06681 0.02324 -0.10009
v -0.06803 0.02135 -0.10185
v -0.06937 0.01939 -0.10298
v -0.06897 0.01947 -0.10598
v -0.07094 0.00924 -0.10627
v -0.07127 0.00908 -0.104
v -0.07095 0.00017 -0.10627
v -0.07127 0.00017 -0.10402
v -0.07172 0.0074 0.53092
v -0.08161 -0.00112 0.58496
v -0.07506 -0.0012 0.625
v -0.08683 -0.00105 0.5466
v -0.09081 -0.00097 0.50647
v -0.07728 0.00748 0.48536
v -0.09322 -0.00089 0.46531
v -0.08163 0.00759 0.42985
v -0.09403 0.00191 0.41955
v -0.09327 0.00434 0.37009
v -0.0911 0.00787 0.27878
v -0.07172 -0.00944 0.53089
v -0.07729 -0.00935 0.48533
v -0.08163 -0.00925 0.42982
v -0.09403 -0.00353 0.41954
v -0.09328 -0.00577 0.37007
v -0.0911 -0.00896 0.27875
v -0.04907 0.00086 -0.47715
v -0.04717 0.00086 -0.47845
v -0.0486 -0.01827 -0.47739
v -0.04924 -0.01869 -0.47712
v -0.05174 -0.00806 -0.4764
v -0.05099 -0.00797 -0.4766
v -0.05173 0.00086 -0.47638
v -0.0469 -0.02027 -0.47873
v -0.04726 -0.02089 -0.47842
v -0.05099 0.00086 -0.47659
v -0.05099 0.00969 -0.47657
v -0.05173 0.00978 -0.47636
v -0.04859 0.01999 -0.47732
v -0.04923 0.0204 -0.47705
v -0.04689 0.022 -0.47865
v -0.04725 0.02261 -0.47834
v -0.04583 0.00086 -0.48008
v -0.04568 0.02333 -0.48026
v -0.04587 0.02402 -0.47997
v -0.04569 -0.0216 -0.48034
v -0.04588 -0.02229 -0.48005
v -0.04496 0.00087 -0.48197
v -0.04491 -0.0223 -0.48213
v -0.04498 -0.02307 -0.48199
v -0.0449 0.02404 -0.48204
v -0.04496 0.0248 -0.4819
v -0.04459 -0.02238 -0.484
v -0.0446 -0.02316 -0.48409
v -0.04457 0.02413 -0.48391
v -0.04459 0.0249 -0.484
v -0.0447 -0.02185 -0.48592
v -0.04459 0.00087 -0.48403
v -0.04478 -0.02256 -0.48622
v -0.04469 0.02359 -0.48584
v -0.04476 0.02431 -0.48613
v -0.04529 -0.02068 -0.48783
v -0.04475 0.00087 -0.48611
v -0.0455 -0.02132 -0.48822
v -0.04528 0.02244 -0.48775
v -0.04549 0.02307 -0.48814
v -0.04636 -0.01893 -0.48958
v -0.04544 0.00088 -0.48809
v -0.04672 -0.0195 -0.48997
v -0.04635 0.0207 -0.48951
v -0.04671 0.02126 -0.4899
v -0.04697 -0.01797 -0.49026
v -0.04662 0.00088 -0.48984
v -0.04755 -0.01834 -0.49067
v -0.04696 0.01973 -0.49019
v -0.04754 0.02011 -0.4906
v -0.04889 -0.00792 -0.49149
v -0.04955 -0.008 -0.49189
v -0.04954 0.00089 -0.49188
v -0.04739 0.00088 -0.49053
v -0.04889 0.00089 -0.49147
v -0.04889 0.00969 -0.49146
v -0.04954 0.00978 -0.49186
v -0.04145 -0.02332 -0.50497
v -0.04236 -0.02254 -0.50304
v -0.04139 -0.02255 -0.50511
v -0.04216 -0.02185 -0.50332
v -0.04374 -0.02113 -0.5014
v -0.04106 -0.02264 -0.50698
v -0.04107 -0.02341 -0.50707
v -0.04143 0.00091 -0.50495
v -0.04337 -0.02052 -0.50171
v -0.04587 -0.01873 -0.50004
v -0.04117 -0.02209 -0.5089
v -0.04231 0.00091 -0.50306
v -0.04125 -0.02281 -0.5092
v -0.04522 -0.01832 -0.5003
v -0.04849 -0.00797 -0.49935
v -0.04365 0.0009 -0.50143
v -0.04176 -0.02092 -0.51081
v -0.04197 -0.02155 -0.5112
v -0.04775 -0.00788 -0.49954
v -0.04849 0.0009 -0.49934
v -0.0457 0.0009 -0.50007
v -0.04774 0.0009 -0.49953
v -0.04774 0.00968 -0.49951
v -0.04849 0.00978 -0.49932
v -0.04521 0.02012 -0.50023
v -0.04586 0.02053 -0.49997
v -0.04336 0.02233 -0.50163
v -0.04373 0.02293 -0.50132
v -0.04215 0.02366 -0.50324
v -0.04235 0.02435 -0.50295
v -0.04138 0.02437 -0.50502
v -0.04144 0.02514 -0.50488
v -0.04105 0.02446 -0.50689
v -0.04106 0.02524 -0.50698
v -0.04106 0.00091 -0.50701
v -0.04116 0.02392 -0.50882
v -0.04124 0.02464 -0.50911
v -0.04123 0.00092 -0.50909
v -0.04175 0.02276 -0.51073
v -0.04196 0.02339 -0.51112
v -0.04192 0.00092 -0.51107
v -0.04282 0.02101 -0.51249
v -0.04318 0.02157 -0.51288
v -0.04283 -0.01916 -0.51256
v -0.04319 -0.01972 -0.51295
v -0.0431 0.00092 -0.51282
v -0.0437 -0.01782 -0.51348
v -0.04429 -0.0182 -0.51388
v -0.04369 0.01967 -0.51341
v -0.04428 0.02005 -0.51381
v -0.04561 -0.00783 -0.51462
v -0.04628 -0.00792 -0.515
v -0.04628 0.00093 -0.51498
v -0.04413 0.00093 -0.51374
v -0.04561 0.00093 -0.5146
v -0.04561 0.00969 -0.51458
v -0.04628 0.00977 -0.51497
v -0.08732 0.00809 0.16141
v -0.08733 -0.00875 0.16138
v -0.08347 0.00831 0.04253
v -0.08348 -0.00853 0.0425
v -0.08101 -0.0084 -0.00966
v -0.08101 0.00838 -0.00962
v 0.05881 0.00833 -0.00302
v 0.0581 0.00831 0.01208
v 0.06228 0.00415 -0.00286
v 0.06134 0.00413 0.01708
v 0.06228 -0.00006 -0.00287
v 0.06111 0.00135 0.0218
v 0.06089 -0.00011 0.02652
v 0.06111 -0.00156 0.02179
v 0.06133 -0.00432 0.01706
v 0.06228 -0.00427 -0.00288
v 0.05809 -0.00849 0.01205
v 0.05881 -0.00844 -0.00305
v -0.05207 0.00084 -0.46858
v -0.05207 -0.00802 -0.4686
v -0.05055 0.00084 -0.46768
v -0.05273 0.00084 -0.46897
v -0.05274 -0.0081 -0.46899
v -0.05071 -0.01851 -0.46782
v -0.05207 0.0097 -0.46857
v -0.05273 0.00979 -0.46896
v -0.0507 0.0202 -0.46775
v -0.05012 -0.01813 -0.46742
v -0.04969 -0.01991 -0.46697
v -0.05011 0.01982 -0.46735
v -0.04968 0.02159 -0.46689
v -0.0496 0.00084 -0.46683
v -0.04933 -0.01934 -0.46658
v -0.04847 -0.02171 -0.46522
v -0.04932 0.02102 -0.4665
v -0.04846 0.02338 -0.46513
v -0.04842 0.00084 -0.46509
v -0.04826 -0.02107 -0.46483
v -0.04775 -0.02295 -0.46321
v -0.04825 0.02275 -0.46474
v -0.04774 0.02461 -0.46312
v -0.04773 0.00083 -0.4631
v -0.04768 -0.02223 -0.46292
v -0.04757 -0.02353 -0.46108
v -0.04766 0.02389 -0.46283
v -0.04756 0.02519 -0.46099
v -0.04756 0.00083 -0.46102
v -0.04756 -0.02276 -0.461
v -0.04795 -0.02343 -0.45898
v -0.04755 0.02442 -0.46091
v -0.04794 0.02508 -0.45889
v -0.04793 0.00083 -0.45897
v -0.04789 -0.02267 -0.45912
v -0.04886 -0.02265 -0.45705
v -0.04788 0.02432 -0.45904
v -0.04885 0.02429 -0.45696
v -0.04866 -0.02195 -0.45734
v -0.05024 -0.02123 -0.45542
v -0.04865 0.0236 -0.45725
v -0.05023 0.02287 -0.45533
v -0.04881 0.00082 -0.45707
v -0.04987 -0.02062 -0.45573
v -0.05225 -0.01898 -0.4541
v -0.04986 0.02226 -0.45565
v -0.05224 0.02062 -0.45403
v -0.05015 0.00082 -0.45545
v -0.0516 -0.01857 -0.45437
v -0.05476 -0.00821 -0.45339
v -0.05159 0.02021 -0.4543
v -0.05475 0.00984 -0.45335
v -0.05208 0.00082 -0.45413
v -0.05402 -0.00811 -0.45359
v -0.05476 0.00082 -0.45337
v -0.05401 0.00975 -0.45356
v -0.05402 0.00082 -0.45357
v -0.057 0.00077 -0.43055
v -0.05504 0.00077 -0.43111
v -0.057 -0.00827 -0.43057
v -0.05774 0.00077 -0.43035
v -0.05774 -0.00836 -0.43037
v -0.05699 0.00982 -0.43054
v -0.05774 0.00991 -0.43034
v -0.05456 -0.01892 -0.43134
v -0.05521 -0.01932 -0.43108
v -0.05455 0.02047 -0.43127
v -0.0552 0.02087 -0.431
v -0.05278 -0.02108 -0.43272
v -0.05306 0.00078 -0.43244
v -0.05315 -0.02169 -0.43241
v -0.05277 0.02264 -0.43264
v -0.05314 0.02324 -0.43232
v -0.05157 -0.02246 -0.43433
v -0.05173 0.00078 -0.43406
v -0.05178 -0.02315 -0.43404
v -0.05156 0.02402 -0.43425
v -0.05176 0.0247 -0.43395
v -0.0508 -0.02319 -0.43612
v -0.05085 0.00078 -0.43596
v -0.05087 -0.02395 -0.43597
v -0.05079 0.02475 -0.43603
v -0.05085 0.02552 -0.43588
v -0.05048 -0.02327 -0.43798
v -0.05049 -0.02404 -0.43808
v -0.05048 0.00079 -0.43801
v -0.05046 0.02484 -0.43789
v -0.05048 0.02562 -0.43798
v -0.05059 -0.02271 -0.4399
v -0.05067 -0.02342 -0.4402
v -0.05058 0.02429 -0.43981
v -0.05065 0.025 -0.44011
v -0.05118 -0.0215 -0.44181
v -0.05064 0.00079 -0.44009
v -0.05139 -0.02212 -0.44221
v -0.05117 0.02308 -0.44173
v -0.05138 0.02371 -0.44212
v -0.05225 -0.01973 -0.44357
v -0.05134 0.00079 -0.44208
v -0.05261 -0.02029 -0.44396
v -0.05224 0.02132 -0.44349
v -0.0526 0.02189 -0.44388
v -0.05311 -0.01842 -0.44448
v -0.05252 0.0008 -0.44382
v -0.0537 -0.0188 -0.44487
v -0.0531 0.02002 -0.4444
v -0.05369 0.0204 -0.4448
v -0.05505 -0.00817 -0.44563
v -0.05572 -0.00826 -0.44601
v -0.05571 0.0008 -0.44599
v -0.05354 0.0008 -0.44474
v -0.05504 0.0008 -0.44561
v -0.05504 0.00978 -0.44559
v -0.05571 0.00986 -0.44598
v 0.03521 -0.00099 0.49934
v -0.04483 -0.00938 0.49462
v -0.04482 0.00746 0.49465
v 0.06116 0.0094 -0.15207
v 0.06115 0.00022 -0.15209
v 0.06435 0.00963 -0.18459
v 0.06435 0.00028 -0.1846
v 0.05821 0.00017 -0.12443
v 0.06728 0.00985 -0.22332
v 0.06727 0.00036 -0.22333
v 0.05822 0.0092 -0.12442
v 0.05729 0.00014 -0.10527
v 0.06972 0.00998 -0.25948
v 0.06972 0.00042 -0.2595
v 0.06226 0.02049 -0.18466
v 0.05729 0.00907 -0.10525
v 0.0574 0.00013 -0.10178
v 0.0574 0.00905 -0.10176
v 0.05623 0.01969 -0.1245
v 0.0553 0.01945 -0.10532
v 0.0554 0.01941 -0.10184
v -0.03944 -0.02212 -0.52604
v -0.03784 -0.02541 -0.51821
v -0.04082 -0.02064 -0.52441
v -0.04258 -0.01862 -0.52323
v -0.03853 -0.02298 -0.52798
v -0.04339 -0.01842 -0.51883
v -0.04524 -0.00789 -0.52239
v -0.03651 -0.02537 -0.52988
v -0.03815 -0.02316 -0.53008
v -0.02732 -0.028 -0.52912
v -0.03833 -0.02264 -0.53221
v -0.04571 -0.0079 -0.51905
v -0.04524 0.00094 -0.52237
v -0.04571 0.00094 -0.51904
v -0.03516 -0.02533 -0.5418
v -0.03906 -0.02146 -0.53421
v -0.04027 -0.0197 -0.53596
v -0.0258 -0.0279 -0.55306
v -0.04144 -0.01811 -0.53695
v -0.03389 -0.0253 -0.55292
v -0.03247 -0.02525 -0.56548
v -0.03591 -0.02301 -0.551
v -0.03553 -0.02318 -0.5531
v -0.03571 -0.02266 -0.55523
v -0.03682 -0.02215 -0.54907
v -0.0382 -0.02067 -0.54743
v -0.04019 -0.01837 -0.54612
v -0.03643 -0.02148 -0.55724
v -0.03765 -0.01972 -0.55899
v -0.03888 -0.01805 -0.56002
v -0.04076 -0.01825 -0.54197
v -0.04264 -0.00784 -0.54541
v -0.04346 -0.00785 -0.53805
v -0.03825 -0.01804 -0.56565
v -0.03091 -0.02525 -0.57682
v -0.04089 -0.0078 -0.5611
v -0.03691 -0.01803 -0.57707
v -0.04303 -0.00784 -0.54193
v -0.04346 0.00097 -0.53803
v -0.04264 0.00099 -0.54539
v -0.04303 0.00098 -0.54183
v -0.04038 -0.00779 -0.5657
v -0.03902 -0.00778 -0.57755
v -0.03901 0.00104 -0.57753
v -0.04038 0.00102 -0.56568
v -0.04089 0.00101 -0.56109
v -0.06936 0.00993 -0.13551
v -0.06863 0.00985 -0.13576
v -0.06937 0.00023 -0.13553
v -0.06864 0.00023 -0.13578
v -0.06672 0.01963 -0.13648
v -0.06736 0.01999 -0.13617
v -0.0672 0.00023 -0.13629
v -0.06864 -0.00939 -0.13579
v -0.06937 -0.00947 -0.13554
v -0.06673 -0.01918 -0.13655
v -0.06737 -0.01954 -0.13625
v -0.06538 0.00023 -0.13756
v -0.06506 0.02206 -0.1378
v -0.06547 0.02261 -0.13744
v -0.06507 -0.0216 -0.13788
v -0.06548 -0.02215 -0.13752
v -0.06405 0.00023 -0.13919
v -0.06384 0.02392 -0.13945
v -0.06409 0.02455 -0.13906
v -0.06385 -0.02346 -0.13954
v -0.06411 -0.02408 -0.13915
v -0.06317 0.00024 -0.1411
v -0.06308 0.02513 -0.14128
v -0.06319 0.02585 -0.14099
v -0.06309 -0.02466 -0.14137
v -0.0632 -0.02538 -0.14109
v -0.06281 0.00024 -0.14316
v -0.06279 0.02565 -0.14316
v -0.06281 0.02643 -0.14309
v -0.0628 -0.02517 -0.14326
v -0.06282 -0.02595 -0.14319
v -0.06293 0.02549 -0.14504
v -0.06299 0.02624 -0.14522
v -0.06294 -0.025 -0.14513
v -0.063 -0.02576 -0.14532
v -0.06298 0.00024 -0.14523
v -0.06352 0.02464 -0.14689
v -0.06371 0.02531 -0.14723
v -0.06353 -0.02414 -0.14698
v -0.06372 -0.02481 -0.14733
v -0.06368 0.00025 -0.14721
v -0.06458 0.02311 -0.14862
v -0.06493 0.0237 -0.14899
v -0.06459 -0.02261 -0.1487
v -0.06494 -0.0232 -0.14908
v -0.06486 0.00025 -0.14895
v -0.06607 0.021 -0.15006
v -0.06656 0.02152 -0.15037
v -0.06608 -0.0205 -0.15014
v -0.06657 -0.02101 -0.15045
v -0.06645 0.00025 -0.15034
v -0.06702 0.01966 -0.15066
v -0.06769 0.02 -0.15091
v -0.06703 -0.01915 -0.15073
v -0.0677 -0.01949 -0.15098
v -0.06753 0.00025 -0.15088
v -0.06899 0.00932 -0.15131
v -0.06973 0.00939 -0.15152
v -0.06973 0.00026 -0.15154
v -0.06899 0.00026 -0.15132
v -0.06899 -0.0088 -0.15134
v -0.06973 -0.00888 -0.15156
v 0.05821 -0.00885 -0.12445
v 0.06115 -0.00895 -0.15211
v 0.05728 -0.0088 -0.10528
v 0.0574 -0.00879 -0.1018
v 0.05622 -0.01934 -0.12457
v 0.05529 -0.01917 -0.10539
v 0.05539 -0.01914 -0.10191
v 0.04993 -0.02647 -0.10565
v 0.05002 -0.02643 -0.10218
v 0.04146 -0.02913 -0.10256
v 0.05083 -0.02673 -0.12485
v 0.05911 -0.0196 -0.15222
v 0.0422 -0.02948 -0.12558
v 0.04137 -0.02918 -0.10615
v -0.03552 -0.02241 -0.55304
v -0.03584 -0.02225 -0.55117
v -0.03564 -0.02194 -0.55496
v -0.03552 0.001 -0.55304
v -0.03661 -0.02146 -0.54937
v -0.03623 -0.02084 -0.55685
v -0.03589 0.00099 -0.55099
v -0.03783 -0.02006 -0.54775
v -0.03677 0.00099 -0.54909
v -0.0373 -0.01915 -0.5586
v -0.03955 -0.01796 -0.5464
v -0.0381 0.00099 -0.54747
v -0.03829 -0.01767 -0.55963
v -0.0419 -0.00774 -0.54562
v -0.04002 0.00099 -0.54616
v -0.0419 0.00099 -0.5456
v -0.04189 0.00972 -0.54559
v -0.04263 0.00981 -0.54538
v -0.03954 0.01994 -0.54633
v -0.04018 0.02034 -0.54605
v -0.03782 0.02204 -0.54767
v -0.03819 0.02264 -0.54735
v -0.0366 0.02345 -0.54929
v -0.03681 0.02413 -0.54898
v -0.03583 0.02424 -0.55108
v -0.0359 0.025 -0.55091
v -0.03551 0.0244 -0.55295
v -0.03552 0.02518 -0.55301
v -0.03563 0.02394 -0.55487
v -0.0357 0.02466 -0.55514
v -0.03569 0.001 -0.55513
v -0.03622 0.02285 -0.55677
v -0.03642 0.02349 -0.55715
v -0.03638 0.00101 -0.55711
v -0.03729 0.02117 -0.55853
v -0.03764 0.02174 -0.55891
v -0.03756 0.00101 -0.55885
v -0.03828 0.01969 -0.55956
v -0.03887 0.02007 -0.55995
v -0.03872 0.00101 -0.55988
v -0.04021 0.00975 -0.5607
v -0.04089 0.00983 -0.56107
v -0.04021 0.00101 -0.56072
v -0.04022 -0.00772 -0.56073
v -0.0445 0.00094 -0.5226
v -0.04242 0.00094 -0.52326
v -0.0445 -0.00779 -0.52262
v -0.0445 0.00967 -0.52258
v -0.04523 0.00977 -0.52236
v -0.04195 -0.01821 -0.52351
v -0.04194 0.0201 -0.52344
v -0.04257 0.02051 -0.52316
v -0.04045 -0.02004 -0.52473
v -0.04073 0.00095 -0.52445
v -0.04044 0.02193 -0.52465
v -0.04081 0.02253 -0.52433
v -0.03923 -0.02144 -0.52635
v -0.03939 0.00095 -0.52607
v -0.03922 0.02334 -0.52626
v -0.03943 0.02402 -0.52596
v -0.03846 -0.02222 -0.52814
v -0.03851 0.00095 -0.52797
v -0.03845 0.02413 -0.52806
v -0.03852 0.02489 -0.52789
v -0.03814 -0.02238 -0.53002
v -0.03815 0.00096 -0.53002
v -0.03813 0.02429 -0.52993
v -0.03814 0.02507 -0.52999
v -0.03826 -0.02191 -0.53193
v -0.03825 0.02383 -0.53185
v -0.03832 0.02456 -0.53212
v -0.03885 -0.02081 -0.53383
v -0.03831 0.00096 -0.5321
v -0.03884 0.02274 -0.53375
v -0.03904 0.02338 -0.53413
v -0.03992 -0.01913 -0.53558
v -0.039 0.00096 -0.53408
v -0.03991 0.02106 -0.5355
v -0.04026 0.02163 -0.53589
v -0.04085 -0.01773 -0.53655
v -0.04018 0.00097 -0.53583
v -0.04085 0.01966 -0.53648
v -0.04143 0.02004 -0.53688
v -0.04278 -0.00777 -0.53768
v -0.04128 0.00097 -0.53681
v -0.04278 0.00097 -0.53766
v -0.04278 0.00971 -0.53764
v -0.04345 0.0098 -0.53802
v 0.03336 -0.02911 -0.10043
v -0.00359 -0.0293 -0.11181
v 0.02517 -0.02902 -0.09404
v 0.01811 -0.02897 -0.08789
v 0.05357 -0.02711 -0.1525
v 0.06434 -0.00906 -0.18462
v 0.06225 -0.01992 -0.18474
v 0.06727 -0.00914 -0.22335
v 0.06971 -0.00914 -0.25952
v 0.06514 -0.02018 -0.22347
v 0.05657 -0.02757 -0.18502
v 0.04465 -0.0299 -0.153
v 0.07191 -0.00909 -0.29401
v 0.07192 0.00049 -0.29399
v 0.06756 -0.02025 -0.25964
v 0.05936 -0.02796 -0.22376
v 0.0474 -0.0304 -0.18563
v 0.07336 -0.00898 -0.33122
v 0.07336 0.00056 -0.3312
v 0.06974 -0.02021 -0.29413
v 0.06172 -0.02808 -0.25993
v 0.07039 -0.02403 -0.38695
v 0.07045 0.00066 -0.3867
v 0.07098 -0.02297 -0.38506
v 0.07046 -0.02476 -0.3867
v 0.07118 -0.02362 -0.38468
v 0.07028 -0.02519 -0.38882
v 0.07204 -0.02128 -0.38332
v 0.0724 -0.02185 -0.38293
v 0.07026 -0.02441 -0.38885
v 0.07066 -0.0249 -0.39092
v 0.07028 0.00066 -0.38878
v 0.07058 -0.02416 -0.39072
v 0.07157 -0.02392 -0.39285
v 0.07134 -0.02325 -0.39252
v 0.07294 -0.02228 -0.39448
v 0.07065 0.00067 -0.39084
v 0.07256 -0.0217 -0.39415
v 0.07498 -0.01975 -0.3958
v 0.07153 0.00067 -0.39274
v 0.07059 0.02549 -0.39063
v 0.07136 0.02459 -0.39243
v 0.07433 -0.01937 -0.39552
v 0.07747 -0.0086 -0.39646
v 0.07286 0.00067 -0.39436
v 0.07158 0.02526 -0.39276
v 0.07296 0.02363 -0.3944
v 0.07067 0.02624 -0.39083
v 0.07257 0.02305 -0.39406
v 0.07499 0.02111 -0.39572
v 0.07028 0.02574 -0.38876
v 0.07029 0.02652 -0.38873
v 0.07434 0.02072 -0.39545
v 0.07747 0.00996 -0.39643
v 0.0704 0.02535 -0.38686
v 0.07047 0.02608 -0.3866
v 0.07099 0.02429 -0.38497
v 0.07119 0.02493 -0.38459
v 0.07673 0.00987 -0.39622
v 0.07747 0.00068 -0.39644
v 0.07482 0.00068 -0.39569
v 0.07673 0.00068 -0.39624
v 0.07673 -0.00852 -0.39626
v 0.07205 0.02259 -0.38323
v 0.07241 0.02315 -0.38284
v 0.07114 0.00066 -0.38472
v 0.07232 0.00065 -0.38297
v 0.07343 0.02049 -0.38185
v 0.07404 0.02086 -0.38147
v 0.07342 -0.01919 -0.38192
v 0.07403 -0.01956 -0.38155
v 0.07388 0.00065 -0.3816
v 0.07534 -0.009 -0.38093
v 0.07604 -0.00908 -0.3806
v 0.07604 0.00065 -0.38059
v 0.07534 0.00065 -0.38091
v 0.07534 0.0103 -0.38089
v 0.07604 0.01038 -0.38057
v -0.06358 -0.02516 -0.11927
v -0.06396 -0.02475 -0.11717
v -0.06356 -0.02438 -0.11928
v -0.06386 -0.02402 -0.11741
v -0.06487 -0.02361 -0.11524
v -0.06369 -0.02407 -0.12117
v -0.06376 -0.02481 -0.1214
v -0.06357 0.00019 -0.11923
v -0.06462 -0.02297 -0.1156
v -0.06624 -0.02182 -0.1136
v -0.06428 -0.02306 -0.12303
v -0.06393 0.00019 -0.11718
v -0.06448 -0.02371 -0.12341
v -0.06587 -0.02126 -0.11397
v -0.06819 -0.01925 -0.11197
v -0.06481 0.00019 -0.11527
v -0.06533 -0.02139 -0.12477
v -0.0657 -0.02195 -0.12516
v -0.06753 -0.01886 -0.11226
v -0.0702 -0.00925 -0.11153
v -0.06615 0.00018 -0.11365
v -0.06685 -0.01909 -0.12624
v -0.06747 -0.01946 -0.1266
v -0.06945 -0.00917 -0.11168
v -0.0702 0.00018 -0.11151
v -0.06802 0.00018 -0.11201
v -0.06944 0.00018 -0.11167
v -0.06944 0.00954 -0.11165
v -0.07019 0.00962 -0.11149
v -0.06752 0.01922 -0.11219
v -0.06818 0.01962 -0.1119
v -0.06586 0.02163 -0.11389
v -0.06623 0.02219 -0.11352
v -0.06461 0.02335 -0.11551
v -0.06485 0.02399 -0.11515
v -0.06385 0.0244 -0.11732
v -0.06394 0.02514 -0.11708
v -0.06355 0.02477 -0.11919
v -0.06357 0.02555 -0.11918
v -0.06368 0.02446 -0.12108
v -0.06374 0.0252 -0.12131
v -0.06374 0.0002 -0.12131
v -0.06427 0.02347 -0.12295
v -0.06447 0.02412 -0.12332
v -0.06443 0.0002 -0.12328
v -0.06532 0.0218 -0.12469
v -0.06569 0.02236 -0.12508
v -0.06561 0.00021 -0.12503
v -0.06684 0.0195 -0.12617
v -0.06746 0.01988 -0.12652
v -0.06731 0.00021 -0.12647
v -0.06884 0.00914 -0.12714
v -0.06955 0.00922 -0.12744
v -0.06955 0.00021 -0.12746
v -0.06884 0.00021 -0.12715
v -0.06885 -0.00872 -0.12717
v -0.06955 -0.0088 -0.12747
v 0.03337 0.02938 -0.10032
v -0.00357 0.02963 -0.1117
v 0.02518 0.02927 -0.09393
v 0.01812 0.0292 -0.08779
v 0.04466 0.03036 -0.15289
v 0.04222 0.02984 -0.12547
v 0.05358 0.02757 -0.1524
v 0.05658 0.02815 -0.18492
v 0.06515 0.02089 -0.2234
v -0.00414 0.03003 -0.13107
v 0.05938 0.02867 -0.22365
v 0.06757 0.0211 -0.25956
v 0.07192 0.01006 -0.29397
v 0.04741 0.03098 -0.18551
v 0.07336 0.01009 -0.33119
v 0.06975 0.02119 -0.29406
v 0.06173 0.02893 -0.25982
v 0.07562 0.01017 -0.37513
v 0.07561 0.00064 -0.37515
v 0.05005 0.03155 -0.22402
v 0.0712 0.02117 -0.33127
v 0.0735 0.02094 -0.37524
v 0.07312 0.00071 -0.41177
v 0.07315 0.00071 -0.41499
v 0.07307 0.02435 -0.4119
v 0.07313 0.02464 -0.4149
v 0.07316 0.02542 -0.41496
v 0.07424 0.02462 -0.41784
v 0.07314 0.02511 -0.41168
v 0.07407 0.0239 -0.41758
v 0.07562 0.02322 -0.41948
v 0.07366 0.02333 -0.41005
v 0.07386 0.02398 -0.40968
v 0.07526 0.02261 -0.41917
v 0.07768 0.02088 -0.42081
v 0.0742 0.00072 -0.41783
v 0.07704 0.02047 -0.42055
v 0.08027 0.00987 -0.42152
v 0.07553 0.00072 -0.41945
v 0.07953 0.00978 -0.42132
v 0.08027 0.00072 -0.42154
v 0.07752 0.00072 -0.42078
v 0.07952 0.00072 -0.42134
v 0.07952 -0.00833 -0.42136
v 0.08027 -0.00843 -0.42155
v 0.07703 -0.01903 -0.42062
v 0.07767 -0.01943 -0.42089
v 0.07525 -0.02117 -0.41925
v 0.07561 -0.02178 -0.41956
v 0.07406 -0.02247 -0.41767
v 0.07423 -0.02318 -0.41793
v 0.07312 -0.02322 -0.41499
v 0.07315 -0.024 -0.41505
v 0.07306 -0.02294 -0.41199
v 0.07312 -0.02369 -0.41177
v 0.07365 -0.02192 -0.41014
v 0.07385 -0.02258 -0.40976
v 0.07381 0.0007 -0.4098
v 0.07471 -0.02027 -0.40839
v 0.07507 -0.02084 -0.40801
v 0.07472 0.02167 -0.40831
v 0.07508 0.02224 -0.40793
v 0.07499 0.0007 -0.40806
v 0.07564 0.02027 -0.40735
v 0.07623 0.02064 -0.40696
v 0.07563 -0.01887 -0.40743
v 0.07622 -0.01925 -0.40703
v 0.07607 0.0007 -0.40709
v 0.07761 0.00984 -0.4062
v 0.07828 0.00993 -0.40583
v 0.07828 0.00069 -0.40585
v 0.07761 0.00069 -0.40622
v 0.0776 -0.00845 -0.40624
v 0.07828 -0.00854 -0.40586
v 0.05912 0.02005 -0.15215
v 0.04994 0.02675 -0.10556
v 0.05003 0.0267 -0.10208
v 0.05084 0.02709 -0.12475
v 0.04147 0.02941 -0.10245
v 0.04139 0.02947 -0.10604
v -0.06292 0.02611 -0.10747
v -0.06328 0.02675 -0.10826
v -0.06796 0.01922 -0.10819
v -0.06856 0.01955 -0.10904
v -0.06297 0.02609 -0.10602
v -0.06985 0.00938 -0.10844
v -0.07051 0.00946 -0.10931
v -0.07051 0.00018 -0.10931
v -0.06986 0.00018 -0.10844
v -0.06818 0.01916 -0.10666
v -0.07008 0.00917 -0.10693
v -0.07008 0.00017 -0.10692
v -0.07004 0.00033 -0.19095
v -0.07004 -0.00901 -0.19097
v -0.06981 -0.00891 -0.15469
v -0.06981 0.00026 -0.15467
v -0.06795 -0.01987 -0.19089
v -0.06724 -0.02013 -0.22973
v -0.06148 -0.02791 -0.22947
v -0.06228 -0.02753 -0.19064
v -0.06778 -0.01956 -0.15462
v -0.06225 -0.02708 -0.15437
v -0.06191 -0.02687 -0.14342
v -0.06207 -0.02669 -0.13123
v -0.05358 -0.0295 -0.13695
v -0.05385 -0.02928 -0.11887
v -0.06745 -0.0193 -0.13146
v -0.06944 -0.00881 -0.13152
v -0.06943 0.00022 -0.13151
v -0.06257 -0.02655 -0.11932
v -0.06329 -0.02641 -0.10836
v -0.05488 -0.02907 -0.10708
v -0.06857 -0.01919 -0.10911
v -0.04708 -0.02905 -0.10423
v -0.07051 -0.0091 -0.10934
v -0.03953 -0.02895 -0.09709
v -0.00266 -0.02898 -0.09134
v -0.03308 -0.02902 -0.09031
v 0.01096 -0.02905 -0.08366
v -0.02636 -0.02907 -0.08542
v 0.00199 -0.0291 -0.08102
v -0.01768 -0.0291 -0.08195
v -0.0079 -0.02911 -0.08034
v 0.05977 -0.00016 0.05016
v 0.06 -0.00015 0.04543
v -0.0236 0.00829 0.04536
v 0.05174 0.00057 0.05195
v 0.04449 0.0013 0.05384
v 0.03992 0.00175 0.05631
v 0.03804 0.00193 0.05914
v 0.03727 0.00198 0.0622
v 0.03775 0.00191 0.06531
v 0.03935 0.00172 0.0683
v -0.02245 0.0083 0.04067
v 0.06022 -0.00014 0.0407
v -0.01876 0.0083 0.03611
v 0.06044 -0.00013 0.03598
v -0.01057 0.00831 0.03176
v 0.06066 -0.00012 0.03125
v -0.00134 0.00831 0.02746
v 0.01093 0.00831 0.0233
v 0.02573 0.00831 0.01926
v -0.03762 0.0098 -0.57946
v -0.03762 0.00105 -0.57947
v -0.03554 0.01983 -0.57895
v -0.03806 0.00978 -0.57803
v -0.03806 0.00104 -0.57805
v -0.03901 0.00987 -0.57751
v -0.03604 0.01974 -0.57754
v -0.0369 0.02011 -0.577
v -0.03032 0.02663 -0.57733
v -0.03089 0.02733 -0.57673
v -0.02963 0.02678 -0.57868
v -0.02314 0.02903 -0.57663
v -0.02344 0.02989 -0.57601
v -0.02311 0.02882 -0.57813
v -0.01965 0.02901 -0.57513
v -0.02019 0.02992 -0.57465
v -0.01845 0.02884 -0.57604
v -0.01447 0.02885 -0.56194
v -0.0155 0.02906 -0.56093
v -0.01607 0.02994 -0.56057
v -0.00583 0.02905 -0.55232
v -0.00615 0.02993 -0.55172
v -0.0049 0.02889 -0.55343
v 0.00743 0.02889 -0.54977
v 0.00846 0.02905 -0.54856
v 0.00841 0.02993 -0.54789
v 0.02012 0.02889 -0.55102
v 0.0214 0.02905 -0.55011
v 0.02158 0.02992 -0.54947
v 0.03184 0.02887 -0.55617
v 0.03305 0.02906 -0.55533
v 0.03347 0.02993 -0.55479
v 0.04239 0.02893 -0.56754
v 0.04209 0.02899 -0.56983
v 0.04249 0.02988 -0.56649
v 0.07181 0.02889 -0.54362
v 0.07107 0.02908 -0.54228
v 0.07063 0.02993 -0.54178
v 0.09964 0.02888 -0.51845
v 0.09906 0.02903 -0.51726
v 0.09858 0.02989 -0.5168
v 0.10522 0.02875 -0.51157
v 0.10375 0.02901 -0.51117
v 0.10328 0.02984 -0.51067
v 0.10974 0.02657 -0.5041
v 0.10956 0.02723 -0.50326
v 0.11048 0.02658 -0.50519
v 0.11474 0.01966 -0.50102
v 0.11486 0.01999 -0.49999
v 0.11553 0.01962 -0.50211
v 0.11661 0.00963 -0.4999
v 0.11679 0.00971 -0.49883
v 0.11679 0.00086 -0.49884
v 0.11661 0.00086 -0.49992
v 0.11739 0.00962 -0.501
v 0.11738 0.00086 -0.50101
v -0.01449 -0.02683 -0.56205
v -0.01846 -0.02676 -0.57614
v -0.02312 -0.02674 -0.57824
v -0.01966 -0.02694 -0.57523
v -0.02964 -0.02469 -0.57878
v -0.02316 -0.02696 -0.57674
v -0.03555 -0.01774 -0.57902
v -0.03033 -0.02454 -0.57742
v -0.02345 -0.02781 -0.57612
v -0.0202 -0.02785 -0.57476
v -0.01551 -0.02704 -0.56103
v -0.01608 -0.02793 -0.56068
v -0.00584 -0.02707 -0.55243
v -0.00616 -0.02796 -0.55183
v -0.03605 -0.01765 -0.57761
v -0.03763 -0.0077 -0.57949
v -0.03806 -0.00769 -0.57806
v 0.00845 -0.02709 -0.54866
v 0.00839 -0.02797 -0.548
v 0.02139 -0.0271 -0.55022
v 0.02157 -0.02797 -0.54958
v 0.03304 -0.0271 -0.55544
v 0.03346 -0.02796 -0.5549
v 0.04237 -0.02692 -0.56764
v 0.03183 -0.0269 -0.55627
v 0.04248 -0.02788 -0.5666
v 0.02011 -0.02693 -0.55112
v 0.00741 -0.02693 -0.54988
v 0.04208 -0.02697 -0.56993
v -0.00491 -0.02691 -0.55353
v 0.07179 -0.02699 -0.54372
v 0.07106 -0.02718 -0.54238
v 0.07061 -0.02803 -0.54188
v 0.09963 -0.02708 -0.51855
v 0.09905 -0.02723 -0.51736
v 0.09856 -0.0281 -0.51691
v 0.1052 -0.02698 -0.51167
v 0.10373 -0.02724 -0.51127
v 0.10327 -0.02807 -0.51077
v 0.10973 -0.02484 -0.5042
v 0.10955 -0.02549 -0.50336
v 0.11047 -0.02483 -0.50529
v 0.11473 -0.01794 -0.50109
v 0.11485 -0.01826 -0.50006
v 0.11552 -0.01789 -0.50218
v 0.11661 -0.00791 -0.49993
v 0.11679 -0.00799 -0.49886
v 0.11738 -0.00789 -0.50103
v -0.06592 -0.02479 -0.09604
v -0.0663 -0.02464 -0.09394
v -0.06591 -0.02402 -0.09597
v -0.06623 -0.02388 -0.09411
v -0.0672 -0.02376 -0.09203
v -0.06602 -0.0235 -0.09788
v -0.0661 -0.02421 -0.09817
v -0.06591 0.00015 -0.09598
v -0.06702 -0.02306 -0.0923
v -0.06859 -0.02263 -0.09038
v -0.06661 -0.02229 -0.09977
v -0.06628 0.00015 -0.09393
v -0.06682 -0.02292 -0.10018
v -0.06826 -0.02199 -0.09066
v -0.07034 -0.02084 -0.08916
v -0.06716 0.00014 -0.09204
v -0.06767 -0.02047 -0.10153
v -0.06804 -0.02102 -0.10193
v -0.06985 -0.02029 -0.0894
v -0.07222 -0.01844 -0.08847
v -0.06851 0.00014 -0.0904
v -0.06878 -0.0187 -0.10266
v -0.06938 -0.01906 -0.10306
v -0.07152 -0.01809 -0.08862
v -0.07444 -0.00873 -0.08823
v -0.07022 0.00014 -0.08918
v -0.07059 -0.00866 -0.10368
v -0.07127 -0.00874 -0.10404
v -0.07368 -0.00864 -0.08831
v -0.07203 0.00014 -0.08848
v -0.07367 0.00014 -0.08829
v -0.07367 0.00892 -0.08828
v -0.07151 0.01837 -0.08855
v -0.06984 0.02057 -0.08932
v -0.06825 0.02227 -0.09058
v -0.06701 0.02335 -0.09221
v -0.06622 0.02417 -0.09402
v -0.0659 0.02432 -0.09588
v -0.06601 0.02381 -0.09779
v -0.06608 0.00016 -0.09806
v -0.06659 0.02261 -0.09969
v -0.06677 0.00016 -0.10004
v -0.06766 0.02079 -0.10145
v -0.06795 0.00016 -0.10179
v -0.06877 0.01903 -0.10259
v -0.06922 0.00017 -0.10292
v -0.07059 0.00017 -0.10366
v -0.07059 0.009 -0.10365
v 0.04689 0.03179 -0.34091
v 0.05883 0.03141 -0.37615
v 0.04495 0.03171 -0.34963
v 0.04229 0.03163 -0.35912
v 0.03916 0.03156 -0.36723
v 0.03644 0.03151 -0.37313
v 0.03389 0.03147 -0.37767
v 0.0622 0.0309 -0.40874
v 0.03059 0.03141 -0.38263
v 0.02685 0.03137 -0.38709
v 0.02336 0.03133 -0.3905
v 0.01843 0.0313 -0.39404
v 0.0104 0.03102 -0.41643
v 0.01368 0.03128 -0.3962
v 0.00861 0.03128 -0.39748
v 0.00342 0.03128 -0.39753
v -0.00322 0.0313 -0.39582
v -0.04122 0.03081 -0.42463
v 0.01378 0.03063 -0.44401
v 0.06462 0.03063 -0.42941
v 0.01711 0.03037 -0.46419
v -0.03382 0.03006 -0.48218
v 0.02442 0.03019 -0.48593
v 0.06756 0.0304 -0.44515
v 0.07241 0.03015 -0.46409
v 0.07572 0.02774 -0.4399
v 0.07843 0.02754 -0.45427
v -0.04749 -0.02827 -0.10357
v -0.05494 -0.02829 -0.10633
v -0.04008 -0.02819 -0.09654
v -0.06293 -0.02576 -0.10757
v -0.03359 -0.02826 -0.08972
v -0.04116 -0.02821 -0.09545
v -0.02674 -0.02831 -0.08473
v -0.03461 -0.02827 -0.08856
v -0.02749 -0.02832 -0.08337
v -0.03512 -0.02905 -0.08799
v -0.0417 -0.02898 -0.09491
v -0.02786 -0.0291 -0.0827
v -0.04874 -0.02899 -0.10156
v -0.01831 -0.02836 -0.07971
v -0.01852 -0.02913 -0.07897
v -0.04832 -0.02823 -0.10223
v -0.05515 -0.02901 -0.10401
v -0.05485 -0.02827 -0.10477
v -0.06351 -0.02637 -0.10538
v -0.06298 -0.02575 -0.10612
v -0.06898 -0.01913 -0.10605
v -0.06797 -0.01887 -0.10826
v -0.06819 -0.01882 -0.10673
v -0.07095 -0.00889 -0.1063
v -0.06986 -0.00903 -0.10848
v -0.07008 -0.00882 -0.10696
v 0.04142 -0.02837 -0.10179
v 0.04956 -0.02581 -0.10141
v 0.04133 -0.02833 -0.10026
v 0.0337 -0.02833 -0.09973
v 0.02566 -0.02824 -0.09345
v 0.03441 -0.02831 -0.09833
v 0.01857 -0.02821 -0.08726
v 0.02663 -0.02822 -0.09226
v 0.03476 -0.02907 -0.09761
v 0.02713 -0.02898 -0.09166
v 0.04153 -0.02909 -0.09948
v 0.01992 -0.02901 -0.08539
v 0.04966 -0.02575 -0.09987
v 0.0501 -0.02639 -0.0991
v 0.01947 -0.02823 -0.08601
v 0.0122 -0.02909 -0.08081
v 0.05477 -0.01879 -0.09958
v 0.05548 -0.01912 -0.09883
v 0.0547 -0.01885 -0.10112
v 0.05671 -0.0087 -0.09946
v 0.0575 -0.00878 -0.09872
v 0.0575 0.00013 -0.0987
v 0.05671 0.00013 -0.09945
v 0.05666 0.00013 -0.10099
v 0.05665 -0.00872 -0.101
v 0.01189 -0.02831 -0.08151
v 0.00254 -0.02914 -0.07797
v 0.01127 -0.02829 -0.08293
v 0.00213 -0.02834 -0.08025
v 0.0024 -0.02836 -0.07873
v -0.00805 -0.02915 -0.07724
v -0.00794 -0.02835 -0.07956
v -0.00801 -0.02837 -0.07801
v -0.01789 -0.02834 -0.0812
v -0.05028 0.02806 -0.42593
v -0.04512 0.03151 -0.3823
v -0.0085 0.03134 -0.39331
v -0.01304 0.03139 -0.39028
v -0.01747 0.03145 -0.38608
v -0.02197 0.03152 -0.38097
v -0.02659 0.03158 -0.37421
v -0.03144 0.03166 -0.36524
v -0.03611 0.03175 -0.35478
v -0.03943 0.03183 -0.34534
v -0.04807 0.0319 -0.33718
v -0.04191 0.0319 -0.33692
v -0.04418 0.03192 -0.32693
v -0.04618 0.03195 -0.3143
v -0.04979 0.03198 -0.29976
v -0.04748 0.03198 -0.29968
v -0.04779 0.03194 -0.28722
v -0.05097 0.03187 -0.26509
v -0.06044 0.02897 -0.2656
v -0.04743 0.0319 -0.27477
v -0.0464 0.03187 -0.26485
v -0.04468 0.03179 -0.25444
v -0.04242 0.03172 -0.24509
v -0.0521 0.03159 -0.22884
v -0.04023 0.03166 -0.23747
v -0.03807 0.03162 -0.23177
v -0.03636 0.03159 -0.22803
v -0.03349 0.03151 -0.22243
v -0.05304 0.03102 -0.19017
v -0.02977 0.03143 -0.21632
v -0.02611 0.03137 -0.21166
v -0.02259 0.03132 -0.20791
v -0.01771 0.03127 -0.20423
v -0.0125 0.03124 -0.20138
v -0.00276 0.03106 -0.18826
v -0.0067 0.03122 -0.20014
v -0.00224 0.03122 -0.19984
v 0.00295 0.03123 -0.20061
v 0.00881 0.03126 -0.20299
v 0.01364 0.03131 -0.20611
v 0.01907 0.03137 -0.21064
v 0.02323 0.03144 -0.2156
v 0.02713 0.03151 -0.22082
v 0.0296 0.03157 -0.22489
v 0.0328 0.03161 -0.23067
v 0.03626 0.03167 -0.23836
v 0.03981 0.03174 -0.24744
v 0.05231 0.03183 -0.26021
v 0.04219 0.0318 -0.25494
v 0.0436 0.03184 -0.26058
v 0.04538 0.03187 -0.26897
v 0.04697 0.0319 -0.27867
v 0.05435 0.03194 -0.29484
v 0.06386 0.02904 -0.29432
v 0.04803 0.03192 -0.28722
v 0.0487 0.03195 -0.29516
v 0.06532 0.02898 -0.33154
v 0.04939 0.03193 -0.30586
v 0.05588 0.03187 -0.33216
v 0.06764 0.02865 -0.37561
v 0.0492 0.0319 -0.31965
v 0.04804 0.03187 -0.33259
v -0.01694 0.0283 -0.32553
v -0.0146 0.02826 -0.33076
v -0.0186 0.02834 -0.32081
v 0.00223 0.02591 -0.29628
v -0.01218 0.02822 -0.33525
v -0.01984 0.02838 -0.3166
v -0.00987 0.02819 -0.33863
v -0.00762 0.02815 -0.34118
v -0.02098 0.02839 -0.31161
v -0.0054 0.02812 -0.34328
v -0.00313 0.0281 -0.3448
v -0.02198 0.0284 -0.30529
v -0.00049 0.02808 -0.34606
v 0.00283 0.02807 -0.34691
v -0.02263 0.02842 -0.29798
v 0.00542 0.02807 -0.34688
v 0.00795 0.02807 -0.34624
v -0.02278 0.0284 -0.29176
v 0.01033 0.02808 -0.34516
v 0.01279 0.02809 -0.34339
v -0.0226 0.02838 -0.28553
v 0.01454 0.02811 -0.34169
v 0.01641 0.02814 -0.33946
v -0.02208 0.02836 -0.28057
v 0.01806 0.02816 -0.33698
v 0.01934 0.02818 -0.33471
v -0.02122 0.02832 -0.27536
v 0.02069 0.02821 -0.33176
v 0.02226 0.02824 -0.3277
v -0.0201 0.02829 -0.27069
v 0.02359 0.02829 -0.32296
v 0.02456 0.02833 -0.3186
v -0.019 0.02826 -0.26688
v 0.02514 0.02837 -0.31444
v 0.02572 0.02838 -0.30797
v -0.01792 0.02824 -0.26403
v 0.02581 0.02839 -0.30108
v -0.01706 0.02822 -0.26216
v 0.02547 0.0284 -0.29572
v -0.01563 0.02818 -0.25936
v 0.02513 0.02839 -0.29175
v -0.01377 0.02814 -0.2563
v 0.0246 0.02838 -0.28748
v -0.01194 0.02811 -0.25397
v 0.02381 0.02836 -0.28263
v -0.01018 0.02809 -0.2521
v 0.02292 0.02835 -0.27843
v -0.00774 0.02806 -0.25026
v 0.02221 0.02833 -0.27561
v -0.00514 0.02805 -0.24883
v 0.02102 0.0283 -0.27186
v -0.00224 0.02804 -0.24821
v 0.01924 0.02826 -0.26732
v -0 0.02804 -0.24806
v 0.01751 0.02823 -0.26348
v 0.01592 0.02821 -0.26059
v 0.00259 0.02804 -0.24845
v 0.01468 0.02818 -0.25855
v 0.00552 0.02806 -0.24964
v 0.00793 0.02808 -0.2512
v 0.01273 0.02815 -0.25594
v 0.01065 0.02811 -0.25346
v 0.00879 -0.0306 -0.2031
v 0.00257 -0.02721 -0.24855
v 0.0055 -0.02722 -0.24974
v 0.00293 -0.03057 -0.20072
v -0.00225 -0.03056 -0.19996
v 0.00792 -0.02724 -0.2513
v 0.01362 -0.03063 -0.20622
v 0.00222 -0.02489 -0.29638
v -0.00002 -0.0272 -0.24817
v -0.00672 -0.03056 -0.20025
v 0.01064 -0.02726 -0.25357
v 0.01905 -0.03068 -0.21075
v -0.00225 -0.0272 -0.24831
v -0.01252 -0.03057 -0.20149
v 0.01271 -0.02729 -0.25604
v 0.02321 -0.03073 -0.21571
v -0.00515 -0.0272 -0.24893
v -0.01772 -0.03059 -0.20434
v 0.01467 -0.02731 -0.25866
v 0.02711 -0.03079 -0.22094
v -0.00775 -0.02721 -0.25036
v -0.02261 -0.03062 -0.20803
v 0.0159 -0.02733 -0.26069
v 0.02958 -0.03083 -0.22501
v -0.01019 -0.02723 -0.2522
v -0.02613 -0.03065 -0.21177
v 0.0175 -0.02735 -0.26358
v 0.03278 -0.03085 -0.23079
v -0.01196 -0.02724 -0.25407
v -0.02979 -0.03069 -0.21644
v 0.01923 -0.02736 -0.26743
v 0.03624 -0.03089 -0.23847
v -0.01378 -0.02727 -0.25641
v -0.03351 -0.03075 -0.22255
v 0.02101 -0.02738 -0.27197
v 0.03979 -0.03092 -0.24755
v -0.01564 -0.02729 -0.25946
v -0.03637 -0.0308 -0.22814
v 0.0222 -0.0274 -0.27572
v 0.04218 -0.03096 -0.25506
v -0.01708 -0.02732 -0.26226
v -0.03809 -0.03082 -0.23189
v 0.0229 -0.02741 -0.27853
v 0.04359 -0.03098 -0.26069
v -0.01794 -0.02733 -0.26413
v -0.04024 -0.03084 -0.23758
v 0.02379 -0.02741 -0.28273
v 0.04537 -0.03097 -0.26909
v -0.01901 -0.02734 -0.26698
v -0.04244 -0.03087 -0.24521
v 0.02459 -0.0274 -0.28758
v 0.04696 -0.03097 -0.27878
v -0.02011 -0.02735 -0.27079
v -0.04469 -0.0309 -0.25456
v 0.02512 -0.0274 -0.29186
v 0.04801 -0.03096 -0.28734
v -0.02124 -0.02737 -0.27547
v -0.04641 -0.03095 -0.26497
v 0.02545 -0.0274 -0.29583
v 0.04869 -0.03096 -0.29528
v -0.0221 -0.02739 -0.28067
v -0.04745 -0.03094 -0.27489
v 0.0258 -0.02737 -0.30118
v 0.04937 -0.0309 -0.30598
v -0.02262 -0.02739 -0.28563
v -0.04781 -0.03093 -0.28734
v 0.0257 -0.02733 -0.30807
v 0.04919 -0.03082 -0.31977
v -0.0228 -0.02738 -0.29186
v -0.0475 -0.03092 -0.29979
v 0.02512 -0.02729 -0.31454
v 0.04803 -0.03074 -0.3327
v -0.02264 -0.02738 -0.29809
v -0.0462 -0.03084 -0.31442
v 0.02455 -0.02724 -0.3187
v 0.04688 -0.03063 -0.34103
v -0.02199 -0.02734 -0.3054
v -0.0442 -0.03077 -0.32705
v 0.02358 -0.02718 -0.32306
v 0.04493 -0.03052 -0.34974
v -0.02099 -0.0273 -0.31171
v -0.04193 -0.03071 -0.33704
v 0.02225 -0.02712 -0.32781
v 0.04227 -0.0304 -0.35924
v -0.01986 -0.02728 -0.31671
v -0.03945 -0.03061 -0.34546
v 0.02068 -0.02707 -0.33186
v 0.03914 -0.03029 -0.36735
v -0.01861 -0.02722 -0.32092
v -0.03612 -0.03049 -0.3549
v 0.01932 -0.02703 -0.33481
v 0.03643 -0.03022 -0.37325
v -0.01695 -0.02717 -0.32564
v -0.03145 -0.03037 -0.36536
v 0.01805 -0.027 -0.33708
v 0.03388 -0.03016 -0.37778
v 0.0164 -0.02696 -0.33956
v 0.03057 -0.03009 -0.38274
v -0.01462 -0.0271 -0.33087
v -0.02661 -0.03026 -0.37433
v 0.01453 -0.02693 -0.34179
v 0.02684 -0.03002 -0.38721
v 0.01278 -0.02691 -0.34349
v 0.02334 -0.02997 -0.39061
v -0.0122 -0.02705 -0.33535
v -0.02198 -0.03017 -0.38109
v 0.01032 -0.02688 -0.34526
v 0.01842 -0.02992 -0.39415
v 0.00794 -0.02687 -0.34634
v 0.01366 -0.0299 -0.39631
v -0.00988 -0.02701 -0.33873
v -0.01749 -0.03008 -0.38619
v 0.0054 -0.02686 -0.34699
v 0.00859 -0.02989 -0.3976
v 0.00281 -0.02686 -0.34701
v 0.00341 -0.02988 -0.39765
v -0.00763 -0.02696 -0.34129
v -0.01305 -0.03001 -0.39039
v -0.00051 -0.02688 -0.34616
v -0.00323 -0.02991 -0.39594
v -0.00315 -0.0269 -0.3449
v -0.00851 -0.02996 -0.39343
v -0.00542 -0.02692 -0.34339
v 0.0688 0.02846 -0.38898
v 0.06991 0.02828 -0.40173
v 0.07561 0.02087 -0.40138
v 0.0779 0.00994 -0.40139
v 0.07791 0.00069 -0.40151
v 0.07169 0.02809 -0.41512
v 0.07323 0.02793 -0.42668
v 0.07867 0.02085 -0.42641
v 0.0812 0.00985 -0.42672
v 0.0812 0.00073 -0.42674
v 0.0775 0.02513 -0.43956
v 0.07787 0.0251 -0.44166
v 0.07878 0.02437 -0.4436
v 0.08016 0.02301 -0.44523
v 0.08225 0.02067 -0.44657
v 0.08357 0.02018 -0.45288
v 0.08489 0.00978 -0.44728
v 0.08572 0.00078 -0.45263
v 0.08489 0.00077 -0.44729
v 0.08572 0.00976 -0.45261
v 0.0874 0.00079 -0.45775
v 0.0874 0.00975 -0.45773
v 0.08571 0.02016 -0.45929
v 0.08474 0.02192 -0.46068
v 0.08402 0.02366 -0.46269
v 0.08384 0.02479 -0.46481
v 0.08282 0.02743 -0.46748
v 0.08422 0.02522 -0.46691
v 0.08513 0.02496 -0.46884
v 0.08717 0.02732 -0.48051
v 0.08651 0.02402 -0.47048
v 0.08826 0.02245 -0.4717
v 0.09039 0.02022 -0.47243
v 0.09217 0.02004 -0.47818
v 0.09279 0.00973 -0.47255
v 0.09408 0.00971 -0.47722
v 0.09279 0.00082 -0.47257
v 0.09407 0.00082 -0.47724
v 0.09582 0.0205 -0.48367
v 0.09697 0.00971 -0.48125
v 0.09697 0.00083 -0.48127
v 0.0955 0.02291 -0.48619
v 0.09588 0.02427 -0.48829
v 0.0937 0.02728 -0.4907
v 0.09679 0.02495 -0.49022
v 0.09817 0.02493 -0.49185
v 0.07992 0.02998 -0.48382
v 0.10153 0.02725 -0.49852
v 0.09992 0.02423 -0.49307
v 0.10222 0.02264 -0.49382
v 0.10406 0.02141 -0.49397
v 0.1056 0.02 -0.4937
v 0.10793 0.00971 -0.49278
v 0.10793 0.00085 -0.4928
v 0.09539 0.02993 -0.50486
v 0.08669 0.02995 -0.49536
v 0.06338 0.03 -0.53207
v 0.05335 0.03001 -0.52278
v 0.0354 0.03004 -0.50814
v -0.02731 0.02991 -0.52901
v -0.02578 0.02989 -0.55295
v -0.03245 0.02729 -0.56539
v -0.03824 0.02008 -0.56558
v -0.04038 0.00984 -0.56567
v -0.03388 0.02729 -0.55282
v -0.03514 0.02728 -0.5417
v -0.04075 0.02021 -0.5419
v -0.04302 0.0098 -0.54189
v -0.0365 0.02728 -0.52978
v -0.03782 0.02728 -0.51811
v -0.03055 0.02994 -0.50568
v -0.04338 0.0203 -0.51875
v -0.04571 0.00977 -0.51902
v -0.03938 0.02732 -0.50688
v -0.04106 0.02738 -0.49465
v -0.04671 0.02032 -0.49519
v -0.04903 0.00978 -0.49549
v -0.04902 0.00089 -0.49556
v -0.04258 0.02742 -0.48368
v -0.04423 0.02747 -0.47172
v -0.05007 0.02015 -0.47252
v -0.05223 0.00978 -0.47283
v -0.05223 0.00085 -0.47285
v -0.04566 0.02761 -0.46091
v -0.03695 0.03028 -0.45912
v -0.04723 0.02776 -0.44899
v -0.05288 0.02052 -0.44993
v -0.05517 0.00985 -0.45017
v -0.05518 0.00081 -0.45009
v -0.0487 0.0279 -0.43792
v -0.05598 0.02059 -0.42695
v -0.06046 0.02098 -0.38325
v -0.05817 0.00992 -0.42703
v -0.0582 0.00077 -0.42681
v -0.06262 0.01007 -0.3834
v -0.06262 0.00069 -0.38342
v -0.06567 0.01014 -0.33784
v -0.06567 0.0006 -0.33786
v -0.0674 0.01011 -0.30055
v -0.0674 0.00053 -0.30057
v -0.06843 0.00047 -0.26603
v -0.0635 0.02121 -0.33771
v -0.06843 0.01003 -0.26601
v -0.05462 0.02867 -0.38289
v -0.06523 0.02124 -0.30043
v -0.05763 0.02902 -0.33742
v -0.06936 0.0099 -0.22977
v -0.06937 0.0004 -0.22979
v -0.06628 0.02114 -0.26589
v -0.05935 0.02908 -0.30014
v -0.07004 0.00967 -0.19093
v -0.06723 0.02094 -0.22965
v -0.06981 0.00943 -0.15466
v -0.06794 0.02053 -0.19081
v -0.06777 0.02009 -0.15454
v -0.06223 0.0276 -0.15427
v -0.06146 0.02871 -0.22936
v -0.06227 0.02819 -0.19053
v -0.06189 0.02735 -0.14332
v -0.05325 0.03039 -0.15437
v -0.06205 0.02713 -0.13113
v -0.05357 0.02995 -0.13684
v -0.00399 0.03048 -0.15372
v -0.05384 0.02967 -0.11876
v -0.04706 0.02937 -0.10412
v -0.05487 0.02941 -0.10697
v -0.03951 0.02925 -0.09699
v -0.00264 0.02923 -0.09123
v -0.03307 0.02929 -0.0902
v -0.02635 0.02932 -0.08531
v 0.01097 0.02927 -0.08355
v -0.01767 0.02933 -0.08184
v 0.00201 0.02932 -0.08092
v -0.00788 0.02933 -0.08023
v -0.06255 0.02694 -0.11922
v -0.06744 0.01973 -0.13138
v -0.06943 0.00925 -0.13149
v 0.07561 -0.0089 -0.37517
v 0.05003 -0.03083 -0.22413
v 0.07119 -0.02006 -0.33135
v 0.07349 -0.01966 -0.37531
v 0.06385 -0.02806 -0.29442
v 0.06531 -0.02786 -0.33164
v 0.06763 -0.02737 -0.37572
v 0.06879 -0.02713 -0.38908
v 0.0699 -0.0269 -0.40183
v 0.05881 -0.03013 -0.37626
v 0.05586 -0.03074 -0.33228
v 0.05433 -0.03096 -0.29496
v 0.05229 -0.03098 -0.26033
v -0.00278 -0.03045 -0.18837
v -0.05305 -0.03037 -0.19028
v -0.00401 -0.03 -0.15384
v -0.00415 -0.02963 -0.13118
v -0.05326 -0.02987 -0.15448
v -0.05211 -0.03079 -0.22896
v -0.05099 -0.03094 -0.26521
v -0.0498 -0.03092 -0.29988
v -0.06046 -0.02804 -0.2657
v -0.04809 -0.03071 -0.3373
v -0.05936 -0.02802 -0.30024
v -0.04514 -0.03015 -0.38242
v -0.05764 -0.02782 -0.33752
v -0.06524 -0.02017 -0.30051
v -0.04123 -0.02929 -0.42475
v -0.05464 -0.0273 -0.38299
v -0.05029 -0.02653 -0.42603
v -0.06351 -0.02001 -0.33779
v -0.06047 -0.01961 -0.38333
v -0.06741 -0.00904 -0.30059
v -0.06629 -0.0202 -0.26596
v -0.06843 -0.00909 -0.26604
v -0.06937 -0.00909 -0.22981
v -0.06567 -0.00893 -0.33788
v -0.06262 -0.0087 -0.38344
v -0.05817 -0.00838 -0.42706
v -0.05599 -0.01906 -0.42702
v -0.04871 -0.02633 -0.43802
v -0.04725 -0.02615 -0.44909
v -0.03696 -0.02864 -0.45923
v -0.05289 -0.0189 -0.45
v -0.05517 -0.00823 -0.45021
v -0.04567 -0.02595 -0.46101
v -0.04424 -0.02578 -0.47182
v -0.05008 -0.01845 -0.47259
v -0.05223 -0.00808 -0.47286
v -0.04259 -0.02568 -0.48378
v -0.03383 -0.02833 -0.48229
v -0.04108 -0.0256 -0.49475
v 0.01376 -0.02907 -0.44412
v 0.01038 -0.02956 -0.41655
v 0.06219 -0.02949 -0.40885
v 0.0646 -0.02915 -0.42952
v 0.01709 -0.02874 -0.4643
v 0.07322 -0.02646 -0.42679
v 0.0244 -0.02848 -0.48604
v 0.07168 -0.02667 -0.41522
v 0.06754 -0.02886 -0.44526
v 0.07571 -0.02622 -0.44
v 0.07239 -0.02854 -0.4642
v 0.07841 -0.02597 -0.45437
v 0.0756 -0.0195 -0.40145
v 0.0779 -0.00857 -0.40143
v 0.07866 -0.01938 -0.42649
v 0.0812 -0.00839 -0.42676
v 0.08356 -0.01862 -0.45295
v 0.08571 -0.0082 -0.45264
v 0.08739 -0.00817 -0.45776
v 0.0857 -0.01858 -0.45936
v 0.08473 -0.02033 -0.46076
v 0.08401 -0.02206 -0.46277
v 0.08383 -0.02318 -0.4649
v 0.08281 -0.02581 -0.46758
v 0.08421 -0.02361 -0.467
v 0.08512 -0.02334 -0.46893
v 0.0799 -0.0283 -0.48393
v 0.08715 -0.02565 -0.48061
v 0.0865 -0.02239 -0.47056
v 0.08825 -0.02082 -0.47178
v 0.09038 -0.01859 -0.47251
v 0.09216 -0.01838 -0.47825
v 0.09279 -0.0081 -0.47258
v 0.09407 -0.00806 -0.47725
v 0.09581 -0.01883 -0.48374
v 0.09697 -0.00805 -0.48128
v 0.09549 -0.02123 -0.48627
v 0.09587 -0.02259 -0.48837
v 0.09369 -0.02558 -0.4908
v 0.09678 -0.02325 -0.49031
v 0.09816 -0.02324 -0.49194
v 0.10152 -0.02552 -0.49862
v 0.09991 -0.02253 -0.49315
v 0.10221 -0.02093 -0.4939
v 0.10405 -0.0197 -0.49405
v 0.10559 -0.0183 -0.49377
v 0.10793 -0.00801 -0.49281
v 0.09537 -0.02818 -0.50497
v 0.08668 -0.02823 -0.49547
v 0.06336 -0.02813 -0.53218
v 0.05334 -0.02817 -0.52288
v 0.03539 -0.02824 -0.50825
v -0.03056 -0.02813 -0.50579
v -0.03939 -0.0255 -0.50698
v -0.04672 -0.01853 -0.49527
v -0.04903 -0.00799 -0.49553
v 0.05041 -0.00019 0.06882
v 0.04881 -0.00018 0.06583
v 0.04833 -0.00018 0.06271
v 0.0491 -0.00017 0.05966
v 0.05125 -0.00017 0.05678
v 0.05529 -0.00016 0.05421
v 0.0596 -0.00016 0.05265
v 0.05174 -0.00089 0.05194
v 0.04448 -0.00162 0.05384
v 0.03992 -0.00208 0.0563
v 0.03804 -0.00227 0.05914
v 0.03727 -0.00233 0.06219
v 0.03775 -0.00227 0.0653
v 0.03935 -0.0021 0.0683
v -0.04747 0.02859 -0.10346
v -0.04006 0.02848 -0.09644
v -0.05493 0.02863 -0.10623
v -0.04115 0.0285 -0.09535
v -0.0483 0.02855 -0.10213
v -0.05483 0.0286 -0.10466
v -0.04873 0.02931 -0.10145
v -0.05514 0.02934 -0.1039
v -0.04169 0.02927 -0.0948
v -0.0346 0.02853 -0.08845
v -0.03511 0.02931 -0.08788
v -0.03358 0.02852 -0.08962
v -0.02747 0.02856 -0.08327
v -0.02785 0.02934 -0.08259
v -0.02672 0.02855 -0.08463
v -0.01829 0.02857 -0.0796
v -0.0185 0.02935 -0.07886
v -0.01788 0.02856 -0.08109
v -0.008 0.02858 -0.0779
v -0.00803 0.02936 -0.07714
v -0.00792 0.02857 -0.07945
v 0.00242 0.02857 -0.07862
v 0.00255 0.02934 -0.07787
v 0.00214 0.02855 -0.08015
v 0.0119 0.02852 -0.0814
v 0.01221 0.0293 -0.0807
v 0.01128 0.02851 -0.08283
v 0.01948 0.02846 -0.0859
v 0.01994 0.02923 -0.08528
v 0.01858 0.02844 -0.08715
v 0.02665 0.02846 -0.09216
v 0.02714 0.02923 -0.09155
v 0.02567 0.02849 -0.09335
v 0.03442 0.02857 -0.09822
v 0.03477 0.02932 -0.09751
v 0.03372 0.02859 -0.09963
v 0.04134 0.0286 -0.10016
v 0.04154 0.02935 -0.09937
v 0.04143 0.02864 -0.10169
v 0.04958 0.02608 -0.10131
v 0.04968 0.02601 -0.09977
v 0.05011 0.02665 -0.099
v 0.05478 0.01905 -0.09951
v 0.05549 0.01937 -0.09876
v 0.05471 0.01911 -0.10105
v 0.05671 0.00896 -0.09943
v 0.0575 0.00904 -0.09869
v 0.05666 0.00898 -0.10097
v 0.0349 -0.00239 0.11238
v -0.026 -0.00864 0.09607
v 0.03567 -0.00232 0.10932
v 0.033 -0.00239 0.16568
v -0.02925 -0.00877 0.16491
v 0.03253 -0.00245 0.16256
v 0.03755 -0.00214 0.10649
v 0.03461 -0.00221 0.16867
v 0.03606 -0.00231 0.10103
v 0.03273 -0.00239 0.17151
v 0.03545 -0.00239 0.09608
v 0.03196 -0.00246 0.17456
v 0.03572 -0.00239 0.09046
v 0.03244 -0.0024 0.17767
v 0.03686 -0.00229 0.08524
v 0.03405 -0.00222 0.18067
v 0.03212 -0.0024 0.18562
v 0.03098 -0.0025 0.19084
v 0.03071 -0.00251 0.19644
v 0.03133 -0.00242 0.20159
v 0.03281 -0.00225 0.20676
v 0.03879 -0.00211 0.08029
v -0.03249 -0.0089 0.23345
v 0.03718 -0.00229 0.07729
v 0.0367 -0.00235 0.07418
v 0.03747 -0.00228 0.07113
v 0.03093 -0.00244 0.20955
v 0.03016 -0.0025 0.21255
v -0.02361 -0.00855 0.04533
v 0.03065 -0.00244 0.2156
v 0.03226 -0.00227 0.21854
v 0.03038 -0.00245 0.22132
v 0.02961 -0.00252 0.2243
v 0.03009 -0.00246 0.22734
v 0.0317 -0.00228 0.23027
v 0.02978 -0.00246 0.2351
v -0.02246 -0.00854 0.04064
v -0.01877 -0.00853 0.03608
v -0.01057 -0.00852 0.03173
v -0.00134 -0.00851 0.02743
v 0.01093 -0.0085 0.02327
v 0.02573 -0.0085 0.01923
v 0.04212 -0.00849 0.01527
v 0.01911 0.00824 -0.59371
v 0.02251 0.00945 -0.58989
v 0.02161 0.00823 -0.58956
v 0.02328 0.00944 -0.58472
v 0.02232 0.00822 -0.58477
v 0.02414 0.00944 -0.58468
v 0.02203 0.00943 -0.57964
v 0.02116 0.00821 -0.58006
v 0.02273 0.00942 -0.57897
v 0.01936 0.00941 -0.57439
v 0.01893 0.00942 -0.57543
v 0.01828 0.0082 -0.57614
v 0.01464 0.00941 -0.57153
v 0.01446 0.00941 -0.57272
v 0.01414 0.00819 -0.57363
v 0.00931 0.00941 -0.57194
v 0.00936 0.00819 -0.57291
v 0.00925 0.00941 -0.57071
v 0.0851 0.00081 -0.46885
v 0.08501 0.02421 -0.46868
v 0.08421 0.00081 -0.46696
v 0.08421 0.02445 -0.46695
v 0.08622 0.02334 -0.47022
v 0.08384 0.02405 -0.46507
v 0.08781 0.02186 -0.47148
v 0.08644 0.00081 -0.47046
v 0.08969 0.01982 -0.47232
v 0.08815 0.00081 -0.47169
v 0.0862 -0.02172 -0.47031
v 0.09203 0.00964 -0.47252
v 0.0902 0.00082 -0.47244
v 0.09202 0.00082 -0.47254
v 0.09202 -0.00801 -0.47255
v 0.08968 -0.01819 -0.47239
v 0.0878 -0.02023 -0.47156
v 0.08499 -0.02259 -0.46877
v 0.0842 -0.02283 -0.46703
v 0.08383 -0.02245 -0.46516
v 0.08384 0.0008 -0.46491
v 0.08391 -0.02141 -0.46318
v 0.08392 0.02301 -0.4631
v 0.08399 0.0008 -0.46282
v 0.0845 0.02135 -0.46114
v 0.08449 -0.01976 -0.46122
v 0.08468 0.0008 -0.46083
v 0.08524 0.01978 -0.45981
v 0.08523 -0.01819 -0.45989
v 0.08559 0.00079 -0.45946
v 0.08684 0.00967 -0.45826
v 0.08683 0.00079 -0.45827
v 0.08683 -0.00809 -0.45829
v 0.03518 0.0015 0.15669
v 0.04624 -0.00035 0.1572
v 0.03369 0.00169 0.15123
v 0.04479 -0.00034 0.1521
v 0.03308 0.00179 0.14627
v 0.04414 -0.00033 0.14679
v 0.03335 0.0018 0.14066
v 0.04441 -0.00032 0.14117
v 0.03449 0.00172 0.13544
v 0.04555 -0.00031 0.13595
v 0.03642 0.00156 0.13049
v 0.04748 -0.00031 0.13101
v 0.03755 0.00163 0.1065
v 0.04861 -0.00026 0.10702
v 0.03606 0.00182 0.10104
v 0.04716 -0.00025 0.10191
v 0.03545 0.00192 0.09609
v 0.04651 -0.00024 0.0966
v 0.03572 0.00193 0.09047
v 0.04678 -0.00023 0.09099
v 0.03686 0.00185 0.08525
v 0.04792 -0.00022 0.08577
v 0.03879 0.00169 0.0803
v 0.04985 -0.00021 0.08082
v 0.03481 0.00175 0.12749
v 0.04587 -0.0003 0.12801
v 0.03433 0.00182 0.12438
v 0.04539 -0.00029 0.1249
v 0.0351 0.00177 0.12133
v 0.04616 -0.00029 0.12184
v 0.03698 0.00159 0.11849
v 0.04804 -0.00028 0.11901
v 0.03538 0.00178 0.1155
v 0.04644 -0.00028 0.11601
v 0.0349 0.00185 0.11238
v 0.04596 -0.00027 0.1129
v 0.03567 0.0018 0.10933
v 0.04673 -0.00027 0.10985
v 0.03718 0.00188 0.0773
v 0.04824 -0.00021 0.07782
v 0.0367 0.00195 0.07419
v 0.04776 -0.0002 0.07471
v 0.03747 0.0019 0.07114
v 0.04853 -0.00019 0.07166
v 0.03642 -0.00217 0.13048
v 0.03449 -0.00235 0.13543
v 0.03335 -0.00244 0.14065
v 0.03308 -0.00245 0.14627
v 0.03369 -0.00237 0.15122
v 0.03518 -0.0022 0.15668
v 0.03698 -0.00215 0.11849
v 0.0351 -0.00234 0.12132
v 0.03433 -0.0024 0.12437
v 0.03481 -0.00234 0.12748
v 0.03538 -0.00233 0.11549
v 0.03281 0.00137 0.20676
v 0.04387 -0.00045 0.20728
v 0.03133 0.00156 0.2016
v 0.04242 -0.00044 0.20223
v 0.03071 0.00166 0.19645
v 0.04177 -0.00043 0.19697
v 0.03098 0.00167 0.19084
v 0.04204 -0.00042 0.19136
v 0.03212 0.0016 0.18562
v 0.04318 -0.00041 0.18614
v 0.03405 0.00143 0.18067
v 0.04511 -0.0004 0.18119
v 0.03226 0.00134 0.21855
v 0.04332 -0.00047 0.21907
v 0.03065 0.00152 0.21561
v 0.04171 -0.00046 0.21613
v 0.03017 0.0016 0.21256
v 0.04123 -0.00046 0.21307
v 0.03093 0.00154 0.20955
v 0.04199 -0.00045 0.21007
v 0.03244 0.00162 0.17768
v 0.0435 -0.00039 0.1782
v 0.03196 0.00169 0.17457
v 0.04302 -0.00039 0.17508
v 0.03273 0.00164 0.17151
v 0.04379 -0.00038 0.17203
v 0.03461 0.00147 0.16868
v 0.04567 -0.00038 0.1692
v 0.03301 0.00165 0.16568
v 0.04407 -0.00037 0.1662
v 0.03253 0.00173 0.16257
v 0.04359 -0.00036 0.16309
v 0.0333 0.00167 0.15952
v 0.04436 -0.00036 0.16004
v 0.04276 -0.00049 0.2308
v 0.04085 -0.0005 0.23562
v 0.03971 -0.00051 0.24071
v 0.02865 -0.00256 0.24019
v 0.03945 -0.00052 0.2462
v 0.02839 -0.00256 0.24567
v 0.0401 -0.00053 0.25138
v 0.02901 -0.00248 0.25074
v 0.04156 -0.00054 0.25638
v 0.03049 -0.00231 0.25585
v 0.0333 -0.00238 0.15951
v 0.03049 0.00124 0.25586
v 0.02901 0.00143 0.25074
v 0.02839 0.00153 0.24568
v 0.02865 0.00155 0.2402
v 0.02979 0.00147 0.2351
v 0.0317 0.00131 0.23028
v 0.02994 0.00121 0.26765
v 0.041 -0.00056 0.26817
v 0.02833 0.0014 0.26469
v 0.03939 -0.00055 0.26521
v 0.02785 0.00147 0.26163
v 0.03891 -0.00055 0.26215
v 0.02861 0.00141 0.25864
v 0.03968 -0.00054 0.25915
v 0.03009 0.00149 0.22735
v 0.04115 -0.00048 0.22787
v 0.02961 0.00157 0.22431
v 0.04067 -0.00048 0.22483
v 0.03038 0.00151 0.22132
v 0.04144 -0.00047 0.22184
v 0.02861 -0.00249 0.25863
v 0.02785 -0.00256 0.26163
v 0.02833 -0.0025 0.26469
v 0.02994 -0.00232 0.26764
v 0.04212 0.00831 0.0153
v -0.026 0.0082 0.0961
v -0.02925 0.00807 0.16494
v -0.03249 0.00794 0.23348
v -0.03524 0.00783 0.29181
v 0.02806 0.00138 0.27045
v 0.02729 0.00144 0.27347
v 0.02777 0.00137 0.27656
v 0.02938 0.00118 0.27954
v 0.0327 0.00082 0.28202
v 0.03702 0.00036 0.28353
v 0.04529 -0.00059 0.28609
v -0.0202 -0.03888 -0.00727
v 0.01487 -0.03889 -0.00656
v 0.05006 -0.03888 -0.00964
v -0.08992 -0.03516 -0.01304
v -0.05504 -0.03886 -0.01176
v 0.06613 -0.03906 -0.02276
v -0.05351 -0.03905 -0.02203
v -0.08957 -0.03882 -0.02002
v -0.10435 -0.03176 -0.0176
v -0.10533 -0.03503 -0.02515
v -0.08718 -0.03901 -0.03
v -0.0195 -0.03907 -0.01768
v -0.08174 -0.03635 -0.03996
v -0.11761 -0.0241 -0.0297
v -0.10278 -0.03521 -0.03501
v -0.11475 -0.02419 -0.03944
v -0.05022 -0.03638 -0.03321
v -0.09546 -0.03283 -0.0438
v -0.1188 -0.01008 -0.04103
v -0.10588 -0.02282 -0.04706
v -0.10948 -0.00972 -0.04825
v -0.10536 -0.00951 -0.05005
v -0.10282 -0.02218 -0.04864
v -0.10072 -0.0238 -0.04826
v -0.09859 -0.02465 -0.04844
v -0.09051 -0.03054 -0.04809
v -0.09637 -0.02498 -0.04931
v -0.09483 -0.02478 -0.05039
v -0.09345 -0.02384 -0.05202
v -0.07828 -0.03379 -0.04509
v -0.08513 -0.02841 -0.0542
v -0.09254 -0.02222 -0.05394
v -0.09221 -0.02051 -0.05582
v -0.07434 -0.03141 -0.05194
v -0.04813 -0.03381 -0.03927
v -0.01839 -0.0364 -0.02943
v -0.08611 -0.01952 -0.0626
v -0.09259 -0.00897 -0.05886
v -0.06913 -0.02999 -0.06132
v 0.01472 -0.03908 -0.01698
v 0.04903 -0.03907 -0.01992
v 0.01361 -0.03641 -0.02868
v -0.01773 -0.03383 -0.03591
v -0.04573 -0.03142 -0.04715
v 0.01282 -0.03384 -0.03511
v -0.01692 -0.03144 -0.0443
v -0.03863 -0.03 -0.0585
v 0.04565 -0.0364 -0.03094
v 0.06164 -0.0364 -0.03318
v 0.04341 -0.03384 -0.03685
v 0.08214 -0.03527 -0.02628
v 0.05868 -0.03384 -0.03862
v 0.07568 -0.03289 -0.03572
v -0.03525 -0.009 0.29178
v 0.02806 -0.0025 0.27044
v 0.02729 -0.00257 0.27346
v 0.02777 -0.00251 0.27655
v 0.02938 -0.00233 0.27953
v 0.0327 -0.00198 0.28201
v 0.03702 -0.00154 0.28353
v 0.04535 -0.00059 0.28385
v 0.04264 -0.00059 0.28212
v 0.04044 -0.00058 0.28006
v 0.03883 -0.00058 0.27708
v 0.03835 -0.00057 0.27399
v 0.03912 -0.00056 0.27096
v -0.02123 0.02941 -0.07226
v 0.01659 0.02939 -0.07047
v 0.0456 0.02938 -0.0691
v 0.01107 0.03013 -0.05577
v 0.03387 0.03013 -0.05546
v -0.01579 0.03014 -0.05686
v 0.01201 0.03151 -0.04332
v 0.04096 0.03151 -0.04438
v 0.05114 0.03013 -0.05553
v 0.04183 0.02914 -0.08691
v 0.05044 0.02644 -0.0864
v 0.05408 0.02661 -0.06871
v 0.06099 0.02727 -0.05558
v 0.06024 0.01929 -0.06843
v 0.05586 0.01923 -0.08615
v 0.06815 0.01966 -0.05524
v 0.06302 0.00894 -0.06832
v 0.05791 0.00896 -0.08608
v 0.05791 0.0001 -0.08609
v 0.06302 0.00007 -0.06833
v 0.07097 0.00004 -0.05489
v 0.07097 0.00901 -0.05488
v 0.07728 0.00003 -0.04732
v 0.07728 0.00918 -0.04731
v 0.08374 0.00001 -0.04231
v 0.07435 0.02037 -0.04732
v 0.08374 0.00948 -0.0423
v 0.09007 0.00001 -0.0388
v 0.06637 0.02851 -0.04694
v 0.08044 0.02158 -0.04172
v 0.09007 0.0098 -0.03878
v 0.09869 -0.00001 -0.03074
v 0.05542 0.03151 -0.0457
v 0.07116 0.03062 -0.04034
v 0.08638 0.02289 -0.0379
v 0.09869 0.01013 -0.03072
v 0.04343 0.03387 -0.03672
v 0.0587 0.03387 -0.03849
v 0.07569 0.0329 -0.0356
v 0.0945 0.02424 -0.02947
v 0.10078 0.01009 -0.0208
v 0.08215 0.03524 -0.02615
v 0.09644 0.0241 -0.0195
v 0.0972 0.00959 -0.01267
v 0.09642 -0.02417 -0.01959
v 0.09449 -0.02426 -0.02956
v 0.10077 -0.01015 -0.02084
v 0.09869 -0.01016 -0.03076
v 0.08636 -0.02288 -0.03798
v 0.09007 -0.00979 -0.03882
v 0.07115 -0.0306 -0.04045
v 0.08043 -0.02155 -0.0418
v 0.08374 -0.00945 -0.04233
v 0.0554 -0.03145 -0.04582
v 0.06636 -0.02846 -0.04705
v 0.07434 -0.02032 -0.0474
v 0.07728 -0.00913 -0.04734
v 0.04094 -0.03145 -0.0445
v 0.05112 -0.03003 -0.05564
v 0.07097 -0.00893 -0.05491
v 0.06814 -0.01957 -0.05532
v 0.06098 -0.02718 -0.05568
v 0.06302 -0.00881 -0.06835
v 0.06023 -0.01915 -0.0685
v 0.05406 -0.02647 -0.0688
v 0.04558 -0.02924 -0.06921
v 0.05791 -0.00876 -0.08611
v 0.05585 -0.01902 -0.08623
v 0.05043 -0.02623 -0.0865
v 0.04181 -0.02892 -0.08701
v 0.01658 -0.02923 -0.07058
v 0.03385 -0.03003 -0.05557
v -0.02125 -0.02921 -0.07237
v 0.01105 -0.03002 -0.05588
v 0.01199 -0.03145 -0.04344
v -0.01581 -0.03001 -0.05697
v -0.06077 -0.02915 -0.07858
v -0.05551 -0.02894 -0.09989
v -0.07894 -0.02714 -0.06229
v -0.0676 -0.02635 -0.08327
v -0.07071 -0.02642 -0.0747
v -0.06434 -0.02624 -0.09555
v -0.07375 -0.0187 -0.08402
v -0.07612 -0.01909 -0.07709
v -0.07561 -0.02077 -0.07487
v -0.0759 -0.02292 -0.07169
v -0.07681 -0.02346 -0.06976
v -0.07772 -0.00913 -0.07972
v -0.07819 -0.02324 -0.06813
v -0.07994 -0.02241 -0.06691
v -0.08195 -0.02093 -0.06618
v -0.08354 -0.01941 -0.06605
v -0.0861 -0.00884 -0.06635
v -0.08896 -0.00887 -0.06247
v -0.07596 -0.00891 -0.08429
v -0.07591 0.00011 -0.07158
v -0.07681 0.00011 -0.0697
v -0.07595 0.02242 -0.0713
v -0.07681 0.02289 -0.06962
v -0.07803 0.02269 -0.06815
v -0.07557 0.02036 -0.07436
v -0.0796 0.02193 -0.06698
v -0.07815 0.0001 -0.06811
v -0.08146 0.02053 -0.0662
v -0.07986 0.0001 -0.0669
v -0.07804 -0.02248 -0.06824
v -0.08283 0.0192 -0.06595
v -0.08183 0.0001 -0.06617
v -0.07961 -0.02173 -0.06706
v -0.08533 0.00895 -0.06622
v -0.08335 0.0001 -0.066
v -0.08533 0.0001 -0.06623
v -0.08534 -0.00875 -0.06625
v -0.08284 -0.019 -0.06602
v -0.08147 -0.02033 -0.06628
v -0.07682 -0.02268 -0.0697
v -0.07596 -0.02221 -0.07138
v -0.07558 -0.02014 -0.07443
v -0.0756 0.00011 -0.07473
v -0.07585 -0.01862 -0.07648
v -0.07584 0.01885 -0.07641
v -0.07605 0.00012 -0.0769
v -0.07731 0.00926 -0.07903
v -0.07732 0.00012 -0.07904
v -0.07732 -0.00901 -0.07906
v 0.07748 0.02436 -0.43967
v 0.07782 0.02433 -0.44154
v 0.07859 0.02367 -0.44332
v 0.0798 0.02239 -0.44492
v 0.08007 0.00077 -0.4452
v 0.08161 0.02025 -0.44631
v 0.08414 0.00969 -0.44708
v 0.08208 0.00077 -0.44655
v 0.08414 0.00077 -0.4471
v 0.08414 -0.00815 -0.44712
v 0.10722 0.00085 -0.49308
v 0.10543 0.00085 -0.49379
v 0.10721 -0.00792 -0.4931
v 0.10722 0.00962 -0.49307
v 0.10493 -0.01788 -0.49397
v 0.10494 0.01958 -0.4939
v 0.10358 -0.01909 -0.49408
v 0.10394 0.00085 -0.49402
v 0.10359 0.02079 -0.494
v 0.10179 -0.02029 -0.49381
v 0.10211 0.00085 -0.49384
v 0.1018 0.02199 -0.49373
v 0.0996 -0.02183 -0.49302
v 0.09985 0.00085 -0.49308
v 0.09961 0.02353 -0.49293
v 0.09805 -0.02247 -0.49186
v 0.09814 0.00085 -0.49188
v 0.09806 0.02417 -0.49178
v 0.09683 -0.02248 -0.49041
v 0.09679 0.00085 -0.49028
v 0.09684 0.02418 -0.49032
v 0.09596 -0.02188 -0.48869
v 0.09597 0.02357 -0.4886
v 0.09549 -0.02062 -0.48674
v 0.09589 0.00084 -0.4884
v 0.0955 0.0223 -0.48666
v 0.0956 -0.01842 -0.4844
v 0.0955 0.00084 -0.48634
v 0.09561 0.02009 -0.48433
v 0.09664 -0.00796 -0.48198
v 0.09576 0.00084 -0.48387
v 0.09664 0.00083 -0.48196
v 0.09664 0.00962 -0.48195
v -0.09635 -0.0242 -0.04931
v -0.09839 -0.0239 -0.04847
v -0.09496 -0.02403 -0.05024
v -0.09636 0.00007 -0.04927
v -0.10034 -0.02312 -0.04823
v -0.09365 -0.02317 -0.05168
v -0.09854 0.00007 -0.04841
v -0.10218 -0.02172 -0.04838
v -0.10063 0.00007 -0.04821
v -0.09268 -0.02162 -0.05347
v -0.10469 -0.00943 -0.04967
v -0.10267 0.00007 -0.04854
v -0.10469 0.00008 -0.04965
v -0.10469 0.00958 -0.04963
v -0.10217 0.02187 -0.0483
v -0.10032 0.02326 -0.04815
v -0.09838 0.02404 -0.04839
v -0.09634 0.02435 -0.04922
v -0.09495 0.02418 -0.05015
v -0.09485 0.00007 -0.05031
v -0.09364 0.02332 -0.05159
v -0.09349 0.00008 -0.0519
v -0.09267 0.02178 -0.05339
v -0.09257 0.00008 -0.05379
v -0.0922 0.02024 -0.05506
v -0.09221 -0.02008 -0.05513
v -0.09221 0.00008 -0.05561
v -0.0925 -0.00887 -0.0581
v -0.0925 0.00009 -0.05808
v -0.09249 0.00905 -0.05807
vt 0.560045 0.807611
vt 0.555162 0.801752
vt 0.554186 0.803705
vt 0.54735 0.791009
vt 0.54735 0.789056
vt 0.502915 0.810053
vt 0.501938 0.808588
vt 0.502915 0.837886
vt 0.592761 0.808588
vt 0.50145 0.838862
vt 0.499741 0.8081
vt 0.561998 0.806146
vt 0.503891 0.839839
vt 0.563952 0.813471
vt 0.499496 0.839839
vt 0.477279 0.8081
vt 0.477523 0.839351
vt 0.527329 0.829585
vt 0.503403 0.841304
vt 0.484359 0.856441
vt 0.487045 0.858882
vt 0.501938 0.84228
vt 0.529282 0.896969
vt 0.531724 0.836909
vt 0.532701 0.835444
vt 0.545396 0.877438
vt 0.544908 0.878903
vt 0.543931 0.880856
vt 0.531724 0.899411
vt 0.54735 0.882321
vt 0.54735 0.879879
vt 0.54735 0.877926
vt 0.539048 0.841304
vt 0.539537 0.839839
vt 0.540025 0.837397
vt 0.54735 0.838862
vt 0.54735 0.841304
vt 0.54735 0.843257
vt 0.555162 0.839839
vt 0.554186 0.837397
vt 0.555162 0.841304
vt 0.56151 0.835444
vt 0.560045 0.833491
vt 0.548814 0.877438
vt 0.562487 0.836909
vt 0.566393 0.828608
vt 0.563952 0.827631
vt 0.549303 0.878903
vt 0.590319 0.839839
vt 0.56737 0.829585
vt 0.567858 0.820795
vt 0.565416 0.820795
vt 0.550279 0.880856
vt 0.562487 0.899411
vt 0.591296 0.841304
vt 0.564928 0.896969
vt 0.591784 0.837886
vt 0.569323 0.820795
vt 0.566393 0.812494
vt 0.56737 0.812006
vt 0.591296 0.810053
vt 0.562487 0.804682
vt 0.555651 0.799798
vt 0.592761 0.838862
vt 0.595202 0.839839
vt 0.592761 0.84228
vt 0.594714 0.8081
vt 0.617176 0.839351
vt 0.617176 0.8081
vt 0.60741 0.858882
vt 0.609851 0.856441
vt 0.608875 0.860836
vt 0.611316 0.859371
vt 0.610828 0.857418
vt 0.566881 0.898434
vt 0.563463 0.899899
vt 0.565416 0.900876
vt 0.568346 0.899411
vt 0.609851 0.861812
vt 0.56737 0.900876
vt 0.61034 0.889645
vt 0.56444 0.904294
vt 0.563463 0.901364
vt 0.611804 0.860836
vt 0.566393 0.903317
vt 0.59862 0.950194
vt 0.568346 0.902829
vt 0.600085 0.948729
vt 0.601062 0.952635
vt 0.602527 0.950194
vt 0.60155 0.947752
vt 0.603015 0.949217
vt 0.602039 0.952635
vt 0.63329 0.955565
vt 0.632313 0.953124
vt 0.631336 0.951659
vt 0.614246 0.925779
vt 0.60741 0.920408
vt 0.622547 0.928709
vt 0.615223 0.924802
vt 0.623035 0.927244
vt 0.603503 0.912595
vt 0.608875 0.919919
vt 0.616199 0.922849
vt 0.610828 0.918454
vt 0.623035 0.924802
vt 0.60741 0.912107
vt 0.630848 0.926267
vt 0.63036 0.924314
vt 0.604968 0.912595
vt 0.606433 0.904782
vt 0.631825 0.927732
vt 0.638173 0.922849
vt 0.636708 0.920896
vt 0.639637 0.923338
vt 0.643056 0.916501
vt 0.641102 0.915525
vt 0.645497 0.908689
vt 0.643056 0.908689
vt 0.645009 0.91699
vt 0.642567 0.901364
vt 0.654286 0.909665
vt 0.656239 0.909665
vt 0.64745 0.908689
vt 0.64452 0.900876
vt 0.639149 0.895016
vt 0.640126 0.863765
vt 0.646474 0.900388
vt 0.640614 0.893551
vt 0.63329 0.890622
vt 0.642567 0.893063
vt 0.634754 0.888668
vt 0.626453 0.888668
vt 0.635731 0.887692
vt 0.626942 0.886227
vt 0.619617 0.889157
vt 0.641591 0.862789
vt 0.626942 0.884762
vt 0.618641 0.886715
vt 0.613269 0.892575
vt 0.642567 0.860836
vt 0.611316 0.856929
vt 0.618152 0.885739
vt 0.611804 0.890622
vt 0.608875 0.897946
vt 0.606433 0.896969
vt 0.60448 0.904782
vt 0.604968 0.896481
vt 0.602527 0.904294
vt 0.942381 0.031098
vt 0.942381 0.028657
vt 0.929197 0.027375
vt 0.924314 0.045595
vt 0.941893 0.051424
vt 0.951659 0.030122
vt 0.9541 0.055422
vt 0.93994 0.059236
vt 0.954588 0.063692
vt 0.965331 0.055239
vt 0.938963 0.067049
vt 0.969726 0.064425
vt 0.922849 0.054048
vt 0.955077 0.071139
vt 0.975097 0.050233
vt 0.981445 0.043825
vt 0.956542 0.026032
vt 0.991211 0.055666
vt 0.949705 0.02826
vt 0.954588 0.024873
vt 0.949217 0.026917
vt 0.953612 0.024232
vt 0.941893 0.027375
vt 0.982421 0.060396
vt 0.996094 0.069491
vt 0.929685 0.025697
vt 0.929685 0.024781
vt 0.890133 0.018036
vt 0.890133 0.019013
vt 0.850581 0.014161
vt 0.889645 0.020753
vt 0.850093 0.014985
vt 0.810541 0.016266
vt 0.810541 0.01532
vt 0.778802 0.019745
vt 0.780267 0.018372
vt 0.810053 0.018006
vt 0.772942 0.011475
vt 0.773919 0.010926
vt 0.770989 0.011841
vt 0.776849 0.022523
vt 0.750481 0.018738
vt 0.850093 0.016602
vt 0.811518 0.036805
vt 0.760735 0.04413
vt 0.886715 0.039491
vt 0.849117 0.03534
vt 0.885739 0.047975
vt 0.848628 0.043916
vt 0.773919 0.042604
vt 0.811029 0.045442
vt 0.476791 0.028504
vt 0.469954 0.026826
vt 0.469466 0.028169
vt 0.467513 0.030061
vt 0.462874 0.025971
vt 0.464827 0.024842
vt 0.46556 0.024171
vt 0.716788 0.049959
vt 0.726554 0.054018
vt 0.731437 0.044557
vt 0.743645 0.050874
vt 0.723136 0.03827
vt 0.73925 0.035798
vt 0.73339 0.028077
vt 0.73925 0.02411
vt 0.748528 0.042207
vt 0.823725 0.668447
vt 0.812006 0.663076
vt 0.817377 0.677236
vt 0.836909 0.682608
vt 0.807123 0.67333
vt 0.796381 0.670888
vt 0.798822 0.659658
vt 0.785638 0.660146
vt 0.794916 0.682119
vt 0.786615 0.6704
vt 0.776849 0.672353
vt 0.773431 0.66454
vt 0.764153 0.681631
vt 0.761711 0.675283
vt 0.77929 0.683584
vt 0.767083 0.69042
vt 0.787103 0.682608
vt 0.758293 0.683584
vt 0.757805 0.692862
vt 0.753899 0.682608
vt 0.755852 0.674795
vt 0.749504 0.69042
vt 0.75634 0.703116
vt 0.744621 0.699698
vt 0.749504 0.678701
vt 0.748039 0.674307
vt 0.737785 0.67626
vt 0.741691 0.684072
vt 0.728019 0.682608
vt 0.734367 0.691885
vt 0.728019 0.698721
vt 0.720206 0.687491
vt 0.740715 0.707999
vt 0.755364 0.711905
vt 0.769524 0.71044
vt 0.768059 0.701163
vt 0.783196 0.705557
vt 0.781243 0.695792
vt 0.787591 0.704093
vt 0.787103 0.694327
vt 0.791986 0.704093
vt 0.793451 0.694327
vt 0.797357 0.705069
vt 0.799798 0.695792
vt 0.80224 0.707511
vt 0.806146 0.698721
vt 0.803217 0.684072
vt 0.814936 0.7163
vt 0.811029 0.687002
vt 0.818354 0.707511
vt 0.830561 0.721671
vt 0.822748 0.697745
vt 0.82812 0.69042
vt 0.831538 0.712882
vt 0.850093 0.720206
vt 0.832026 0.702628
vt 0.833491 0.693838
vt 0.847163 0.711417
vt 0.895016 0.694815
vt 0.844233 0.701651
vt 0.841304 0.692862
vt 0.890133 0.686514
vt 0.936033 0.663564
vt 0.878903 0.667959
vt 0.873531 0.658193
vt 0.883786 0.676748
vt 0.906735 0.634266
vt 0.921873 0.648427
vt 0.929197 0.656728
vt 0.946776 0.649892
vt 0.914548 0.641591
vt 0.913572 0.627918
vt 0.938475 0.645009
vt 0.951659 0.637196
vt 0.929685 0.639149
vt 0.921384 0.63329
vt 0.942381 0.634266
vt 0.953124 0.626453
vt 0.943846 0.624989
vt 0.932615 0.623035
vt 0.922849 0.629383
vt 0.921873 0.623035
vt 0.932127 0.630848
vt 0.661122 0.67333
vt 0.655263 0.67333
vt 0.662587 0.680654
vt 0.666982 0.677236
vt 0.668935 0.672841
vt 0.679189 0.674795
vt 0.674795 0.682608
vt 0.688467 0.681143
vt 0.696768 0.686514
vt 0.688467 0.697256
vt 0.682119 0.69042
vt 0.675771 0.706534
vt 0.66747 0.688955
vt 0.658193 0.681631
vt 0.671865 0.698233
vt 0.661611 0.71044
vt 0.659169 0.690909
vt 0.652821 0.679678
vt 0.643544 0.663076
vt 0.660634 0.701163
vt 0.646962 0.708487
vt 0.649892 0.688467
vt 0.640126 0.6704
vt 0.631336 0.658193
vt 0.648427 0.69921
vt 0.633778 0.703604
vt 0.637196 0.681631
vt 0.63036 0.668935
vt 0.635731 0.693838
vt 0.628895 0.702139
vt 0.620594 0.668935
vt 0.618152 0.657704
vt 0.605457 0.661122
vt 0.629383 0.692373
vt 0.6245 0.702139
vt 0.629872 0.680654
vt 0.623524 0.692373
vt 0.619617 0.703116
vt 0.622059 0.680166
vt 0.617176 0.693838
vt 0.614734 0.705557
vt 0.610828 0.69628
vt 0.60155 0.714347
vt 0.613758 0.682119
vt 0.609851 0.671377
vt 0.598132 0.705557
vt 0.585925 0.71923
vt 0.605945 0.685049
vt 0.599597 0.674795
vt 0.593249 0.666494
vt 0.580065 0.680166
vt 0.594226 0.695303
vt 0.588855 0.687979
vt 0.583483 0.691397
vt 0.584948 0.700674
vt 0.585437 0.71044
vt 0.566881 0.717276
vt 0.575671 0.69042
vt 0.53856 0.66454
vt 0.543931 0.655263
vt 0.511216 0.631336
vt 0.569323 0.708975
vt 0.521958 0.691397
vt 0.572741 0.69921
vt 0.527329 0.683584
vt 0.482162 0.659658
vt 0.533677 0.673818
vt 0.496322 0.645497
vt 0.488754 0.65331
vt 0.471664 0.645985
vt 0.503403 0.638173
vt 0.504379 0.6245
vt 0.47972 0.641591
vt 0.466781 0.633778
vt 0.488754 0.635731
vt 0.496811 0.629872
vt 0.49559 0.625965
vt 0.496322 0.620106
vt 0.486312 0.62743
vt 0.486068 0.619617
vt 0.475814 0.630848
vt 0.474593 0.621571
vt 0.465072 0.623035
vt 0.437727 0.043794
vt 0.444319 0.050142
vt 0.44969 0.064241
vt 0.453841 0.055116
vt 0.464339 0.070956
vt 0.464583 0.06357
vt 0.480209 0.066805
vt 0.481674 0.077242
vt 0.465072 0.055269
vt 0.479232 0.059023
vt 0.477523 0.05121
vt 0.496322 0.053774
vt 0.497055 0.06238
vt 0.498764 0.073702
vt 0.48558 0.088778
vt 0.502426 0.086093
vt 0.495102 0.045289
vt 0.476791 0.030946
vt 0.536607 0.080844
vt 0.538072 0.088412
vt 0.534654 0.067599
vt 0.571276 0.086215
vt 0.571276 0.095798
vt 0.603503 0.095676
vt 0.571276 0.078524
vt 0.604968 0.08652
vt 0.533677 0.056093
vt 0.571276 0.065157
vt 0.606433 0.079196
vt 0.532701 0.047517
vt 0.570788 0.053621
vt 0.608387 0.066195
vt 0.639637 0.088534
vt 0.532212 0.039064
vt 0.570299 0.045076
vt 0.569323 0.036561
vt 0.60741 0.046144
vt 0.60741 0.03766
vt 0.607898 0.05472
vt 0.568835 0.017792
vt 0.529282 0.020447
vt 0.490219 0.027161
vt 0.528794 0.018799
vt 0.568835 0.016083
vt 0.608387 0.019013
vt 0.568346 0.015168
vt 0.528794 0.017914
vt 0.608387 0.017426
vt 0.608387 0.016572
vt 0.639637 0.019959
vt 0.638661 0.018525
vt 0.489731 0.025513
vt 0.489242 0.024598
vt 0.477279 0.027223
vt 0.894528 0.897946
vt 0.897946 0.895505
vt 0.89404 0.896481
vt 0.896969 0.894528
vt 0.902341 0.891598
vt 0.890622 0.897946
vt 0.890622 0.898923
vt 0.89404 0.858394
vt 0.900876 0.89111
vt 0.906735 0.873531
vt 0.887204 0.897946
vt 0.887204 0.898923
vt 0.890622 0.858394
vt 0.887204 0.858394
vt 0.884274 0.896969
vt 0.883786 0.897946
vt 0.880856 0.895016
vt 0.879879 0.895993
vt 0.883786 0.858394
vt 0.876949 0.89111
vt 0.875973 0.892087
vt 0.880367 0.858394
vt 0.884274 0.819819
vt 0.872555 0.873531
vt 0.871578 0.873531
vt 0.871578 0.858394
vt 0.876461 0.858394
vt 0.872555 0.858394
vt 0.872555 0.843257
vt 0.871578 0.843257
vt 0.875973 0.824702
vt 0.876949 0.825678
vt 0.879879 0.820795
vt 0.880856 0.82226
vt 0.883786 0.818842
vt 0.645985 0.01175
vt 0.64452 0.0112
vt 0.64745 0.012146
vt 0.642079 0.022858
vt 0.667959 0.018983
vt 0.657704 0.044282
vt 0.645009 0.04297
vt 0.64452 0.051393
vt 0.669912 0.04236
vt 0.679189 0.024323
vt 0.679678 0.035951
vt 0.685049 0.02826
vt 0.695303 0.038423
vt 0.687002 0.044679
vt 0.701651 0.050081
vt 0.674795 0.050996
vt 0.660146 0.052858
vt 0.691885 0.054109
vt 0.678213 0.059175
vt 0.694327 0.065767
vt 0.704581 0.064058
vt 0.645009 0.059572
vt 0.661611 0.060915
vt 0.69335 0.079196
vt 0.645009 0.070284
vt 0.679189 0.069491
vt 0.704093 0.078646
vt 0.692862 0.084201
vt 0.704093 0.083834
vt 0.677236 0.086337
vt 0.677236 0.082492
vt 0.671865 0.08829
vt 0.662587 0.071139
vt 0.659658 0.083041
vt 0.666982 0.090915
vt 0.642079 0.082125
vt 0.654775 0.09006
vt 0.663564 0.092929
vt 0.661611 0.094882
vt 0.659658 0.097568
vt 0.635731 0.096896
vt 0.648915 0.098544
vt 0.659169 0.100681
vt 0.63036 0.107944
vt 0.596179 0.108921
vt 0.659658 0.103488
vt 0.622547 0.127903
vt 0.65331 0.111545
vt 0.642079 0.108371
vt 0.66747 0.114048
vt 0.633778 0.122715
vt 0.663564 0.118198
vt 0.674795 0.120884
vt 0.670888 0.124973
vt 0.666982 0.128758
vt 0.660146 0.122105
vt 0.65038 0.115207
vt 0.647938 0.11478
vt 0.645009 0.115024
vt 0.643056 0.116062
vt 0.641591 0.117771
vt 0.640614 0.119846
vt 0.641591 0.123631
vt 0.643056 0.12595
vt 0.630848 0.132542
vt 0.618641 0.151707
vt 0.642079 0.133641
vt 0.653798 0.129612
vt 0.641102 0.138768
vt 0.652333 0.139622
vt 0.637684 0.139256
vt 0.634754 0.140477
vt 0.632801 0.14243
vt 0.631336 0.144383
vt 0.652821 0.134983
vt 0.663564 0.131321
vt 0.663076 0.136326
vt 0.662099 0.141209
vt 0.628895 0.146214
vt 0.630848 0.146703
vt 0.631825 0.1489
vt 0.628407 0.156957
vt 0.63329 0.150853
vt 0.635731 0.152684
vt 0.638661 0.153661
vt 0.638173 0.156957
vt 0.649892 0.157201
vt 0.649892 0.154759
vt 0.659658 0.157567
vt 0.659658 0.155126
vt 0.184668 0.153661
vt 0.196997 0.070162
vt 0.184668 0.009064
vt 0.207007 0.128758
vt 0.215308 0.190161
vt 0.195654 0.223243
vt 0.22129 0.253151
vt 0.20542 0.308329
vt 0.224952 0.323221
vt 0.226539 0.399396
vt 0.228126 0.539537
vt 0.285134 0.069308
vt 0.297342 0.152928
vt 0.297342 0.008148
vt 0.275124 0.127903
vt 0.266823 0.189428
vt 0.286355 0.222633
vt 0.26072 0.252419
vt 0.276589 0.307596
vt 0.257057 0.322733
vt 0.255593 0.398907
vt 0.253883 0.539537
vt 0.903317 0.948729
vt 0.899411 0.948729
vt 0.902341 0.980956
vt 0.903317 0.981445
vt 0.907712 0.963866
vt 0.906247 0.963378
vt 0.907712 0.948729
vt 0.898434 0.984375
vt 0.899411 0.985351
vt 0.906247 0.948729
vt 0.906247 0.93408
vt 0.907712 0.93408
vt 0.902341 0.91699
vt 0.903317 0.916013
vt 0.898434 0.913572
vt 0.899411 0.912595
vt 0.895505 0.948729
vt 0.895016 0.91113
vt 0.895993 0.910153
vt 0.895505 0.986328
vt 0.895993 0.987793
vt 0.892087 0.948729
vt 0.892087 0.987793
vt 0.892087 0.988769
vt 0.892087 0.910153
vt 0.892087 0.908689
vt 0.888668 0.987793
vt 0.888668 0.989258
vt 0.888668 0.909665
vt 0.888668 0.908689
vt 0.885739 0.986816
vt 0.888668 0.948729
vt 0.88525 0.987793
vt 0.885739 0.910642
vt 0.88525 0.909665
vt 0.882321 0.984863
vt 0.88525 0.948729
vt 0.881344 0.985839
vt 0.882321 0.912595
vt 0.881344 0.911618
vt 0.878903 0.981933
vt 0.881832 0.948729
vt 0.877926 0.98291
vt 0.878903 0.915525
vt 0.877926 0.914548
vt 0.877438 0.980468
vt 0.878414 0.948729
vt 0.875973 0.980956
vt 0.877438 0.917478
vt 0.875973 0.916501
vt 0.873531 0.963378
vt 0.872066 0.963866
vt 0.872066 0.948729
vt 0.876461 0.948729
vt 0.873531 0.948729
vt 0.873531 0.93408
vt 0.872066 0.93408
vt 0.853511 0.989258
vt 0.856929 0.987793
vt 0.853511 0.987793
vt 0.856441 0.986816
vt 0.860836 0.985839
vt 0.850093 0.988281
vt 0.850093 0.989258
vt 0.853511 0.948729
vt 0.859859 0.984375
vt 0.864742 0.981445
vt 0.846675 0.987304
vt 0.856929 0.948729
vt 0.846187 0.988281
vt 0.863765 0.980956
vt 0.869625 0.963378
vt 0.860347 0.948729
vt 0.843745 0.985351
vt 0.842769 0.986328
vt 0.86816 0.963378
vt 0.869625 0.948729
vt 0.864742 0.948729
vt 0.86816 0.948729
vt 0.86816 0.93408
vt 0.869625 0.93408
vt 0.863765 0.916501
vt 0.864742 0.916013
vt 0.859859 0.913083
vt 0.860836 0.912107
vt 0.856441 0.910642
vt 0.856929 0.909665
vt 0.853511 0.909665
vt 0.853511 0.9082
vt 0.850093 0.909177
vt 0.850093 0.9082
vt 0.850093 0.948729
vt 0.846675 0.910153
vt 0.846187 0.909177
vt 0.846675 0.948729
vt 0.843745 0.912107
vt 0.842769 0.91113
vt 0.842769 0.948729
vt 0.840327 0.915036
vt 0.839351 0.91406
vt 0.840327 0.982421
vt 0.839351 0.983398
vt 0.839351 0.948729
vt 0.837886 0.97998
vt 0.836909 0.980956
vt 0.837886 0.917478
vt 0.836909 0.91699
vt 0.834468 0.963378
vt 0.833003 0.963378
vt 0.833003 0.948729
vt 0.837397 0.948729
vt 0.834468 0.948729
vt 0.834468 0.93408
vt 0.833003 0.93408
vt 0.245216 0.323954
vt 0.241066 0.253639
vt 0.236915 0.323954
vt 0.248756 0.39964
vt 0.233253 0.39964
vt 0.22837 0.719718
vt 0.253639 0.719718
vt 0.228736 0.902341
vt 0.253395 0.902829
vt 0.253883 0.98291
vt 0.228126 0.98291
vt 0.494858 0.980468
vt 0.494613 0.95703
vt 0.48851 0.980468
vt 0.488021 0.949705
vt 0.481918 0.980468
vt 0.483627 0.942381
vt 0.48143 0.935057
vt 0.479232 0.942381
vt 0.475082 0.949705
vt 0.47557 0.980468
vt 0.468734 0.957518
vt 0.468978 0.980468
vt 0.912107 0.948729
vt 0.912107 0.963866
vt 0.915036 0.948729
vt 0.91113 0.948729
vt 0.91113 0.963866
vt 0.915036 0.981445
vt 0.912107 0.93408
vt 0.91113 0.93408
vt 0.915036 0.916501
vt 0.916013 0.980468
vt 0.91699 0.983398
vt 0.916013 0.91699
vt 0.91699 0.91406
vt 0.917478 0.948729
vt 0.917966 0.982421
vt 0.920896 0.986328
vt 0.917966 0.915036
vt 0.920896 0.91113
vt 0.920896 0.948729
vt 0.921384 0.985351
vt 0.924314 0.988769
vt 0.921384 0.912107
vt 0.924314 0.909177
vt 0.924314 0.948729
vt 0.924802 0.987304
vt 0.927732 0.989746
vt 0.924802 0.910153
vt 0.927732 0.9082
vt 0.927732 0.948729
vt 0.928221 0.988281
vt 0.931639 0.989258
vt 0.928221 0.909177
vt 0.931639 0.9082
vt 0.931639 0.948729
vt 0.93115 0.988281
vt 0.935057 0.988281
vt 0.93115 0.909665
vt 0.935057 0.909665
vt 0.934568 0.986816
vt 0.938475 0.985839
vt 0.934568 0.910642
vt 0.938475 0.912107
vt 0.935057 0.948729
vt 0.937986 0.984863
vt 0.942869 0.981933
vt 0.937986 0.913083
vt 0.942869 0.915525
vt 0.938475 0.948729
vt 0.941404 0.981445
vt 0.946776 0.963866
vt 0.941404 0.916501
vt 0.946776 0.933592
vt 0.942381 0.948729
vt 0.945799 0.963866
vt 0.946776 0.948729
vt 0.945799 0.93408
vt 0.945799 0.948729
vt 0.986816 0.948729
vt 0.983398 0.948729
vt 0.986816 0.963866
vt 0.987793 0.948729
vt 0.987793 0.964354
vt 0.986816 0.933592
vt 0.987793 0.933592
vt 0.982421 0.981933
vt 0.983398 0.982421
vt 0.982421 0.916013
vt 0.983398 0.915036
vt 0.978515 0.985351
vt 0.979491 0.948729
vt 0.979491 0.986328
vt 0.978515 0.912107
vt 0.979491 0.91113
vt 0.975097 0.987793
vt 0.975585 0.948729
vt 0.976074 0.988769
vt 0.975097 0.910153
vt 0.976074 0.908689
vt 0.972167 0.988769
vt 0.972167 0.948729
vt 0.972167 0.990234
vt 0.972167 0.908689
vt 0.972167 0.907224
vt 0.968749 0.989258
vt 0.968749 0.990234
vt 0.968749 0.948729
vt 0.968749 0.908689
vt 0.968749 0.907224
vt 0.965819 0.988281
vt 0.965331 0.989258
vt 0.965819 0.909665
vt 0.965331 0.9082
vt 0.962401 0.986328
vt 0.965331 0.948729
vt 0.961425 0.987304
vt 0.962401 0.911618
vt 0.961425 0.910642
vt 0.958983 0.983398
vt 0.961913 0.948729
vt 0.958006 0.984375
vt 0.958983 0.914548
vt 0.958006 0.913572
vt 0.95703 0.980956
vt 0.958495 0.948729
vt 0.955565 0.981445
vt 0.95703 0.916501
vt 0.955565 0.916013
vt 0.953124 0.963866
vt 0.951659 0.963866
vt 0.951659 0.948729
vt 0.956053 0.948729
vt 0.953124 0.948729
vt 0.953124 0.933592
vt 0.951659 0.933592
vt 0.459944 0.207251
vt 0.33665 0.210059
vt 0.14536 0.210791
vt 0.022279 0.207862
vt 0.483627 0.225806
vt 0.473617 0.226173
vt 0.484603 0.261696
vt 0.474349 0.262184
vt 0.472884 0.195654
vt 0.486801 0.304666
vt 0.476302 0.305155
vt 0.48265 0.195166
vt 0.471419 0.175146
vt 0.489242 0.344707
vt 0.478744 0.345439
vt 0.496811 0.261208
vt 0.48143 0.174169
vt 0.471175 0.17185
vt 0.480941 0.170629
vt 0.494613 0.194311
vt 0.492905 0.17307
vt 0.492416 0.169042
vt 0.750481 0.617664
vt 0.755852 0.609851
vt 0.748528 0.615711
vt 0.746086 0.613758
vt 0.751457 0.620106
vt 0.746086 0.608875
vt 0.733879 0.611316
vt 0.746574 0.603503
vt 0.734855 0.603015
vt 0.754875 0.622547
vt 0.751946 0.622059
vt 0.765618 0.624012
vt 0.750969 0.624012
vt 0.734367 0.60741
vt 0.724113 0.609851
vt 0.724601 0.606433
vt 0.725089 0.602039
vt 0.75341 0.635243
vt 0.749016 0.625965
vt 0.746574 0.62743
vt 0.760735 0.649892
vt 0.744133 0.627918
vt 0.750969 0.64745
vt 0.748039 0.660634
vt 0.748039 0.64452
vt 0.748039 0.646474
vt 0.746574 0.648915
vt 0.747551 0.642079
vt 0.745598 0.640126
vt 0.742668 0.637684
vt 0.743645 0.650868
vt 0.740226 0.65331
vt 0.736808 0.654775
vt 0.743156 0.63329
vt 0.730949 0.635243
vt 0.732414 0.626942
vt 0.737297 0.661122
vt 0.748039 0.672841
vt 0.725089 0.658193
vt 0.738273 0.673818
vt 0.731925 0.631336
vt 0.722648 0.625477
vt 0.721671 0.63329
vt 0.722159 0.629383
vt 0.725577 0.663564
vt 0.727531 0.676748
vt 0.717765 0.679189
vt 0.715812 0.665517
vt 0.715323 0.660146
vt 0.825678 0.752434
vt 0.824213 0.752434
vt 0.825678 0.768548
vt 0.824213 0.768548
vt 0.820795 0.73632
vt 0.821772 0.735344
vt 0.821772 0.768548
vt 0.824213 0.784661
vt 0.825678 0.78515
vt 0.820795 0.801264
vt 0.821772 0.801752
vt 0.817866 0.768548
vt 0.817377 0.731925
vt 0.818354 0.730949
vt 0.817377 0.80517
vt 0.818354 0.806146
vt 0.814447 0.768548
vt 0.813959 0.728996
vt 0.814447 0.728019
vt 0.813959 0.808588
vt 0.814447 0.809565
vt 0.811029 0.768548
vt 0.810541 0.727042
vt 0.811029 0.725577
vt 0.810541 0.810541
vt 0.811029 0.811518
vt 0.807611 0.768548
vt 0.807123 0.726066
vt 0.807611 0.724601
vt 0.807123 0.811029
vt 0.807611 0.812494
vt 0.804193 0.726554
vt 0.803705 0.725089
vt 0.804193 0.811029
vt 0.803705 0.812006
vt 0.803705 0.768548
vt 0.800775 0.728019
vt 0.800287 0.726554
vt 0.800775 0.809565
vt 0.800287 0.810541
vt 0.800287 0.768548
vt 0.797357 0.73046
vt 0.796869 0.729484
vt 0.797357 0.807123
vt 0.796869 0.8081
vt 0.796869 0.768548
vt 0.793939 0.733879
vt 0.792962 0.732902
vt 0.793939 0.803217
vt 0.792962 0.804193
vt 0.793451 0.768548
vt 0.791986 0.73632
vt 0.791009 0.735832
vt 0.791986 0.801264
vt 0.791009 0.801752
vt 0.791497 0.768548
vt 0.788568 0.75341
vt 0.787591 0.75341
vt 0.787591 0.768548
vt 0.788568 0.768548
vt 0.788568 0.783685
vt 0.787591 0.784173
vt 0.936522 0.195532
vt 0.946776 0.19602
vt 0.947752 0.175268
vt 0.936033 0.226295
vt 0.946287 0.226539
vt 0.937986 0.174413
vt 0.948241 0.172094
vt 0.938475 0.170873
vt 0.924802 0.194678
vt 0.926267 0.173437
vt 0.926755 0.169408
vt 0.916501 0.17246
vt 0.91699 0.16831
vt 0.907224 0.167211
vt 0.914548 0.193945
vt 0.923826 0.225562
vt 0.904782 0.193335
vt 0.906735 0.171484
vt 0.770012 0.989258
vt 0.773431 0.988769
vt 0.770012 0.987793
vt 0.773431 0.987793
vt 0.777337 0.987304
vt 0.767083 0.987304
vt 0.766594 0.988281
vt 0.770012 0.948729
vt 0.776849 0.986328
vt 0.780755 0.984863
vt 0.763665 0.985351
vt 0.773431 0.948729
vt 0.762688 0.986328
vt 0.779778 0.983886
vt 0.784661 0.980956
vt 0.776849 0.948729
vt 0.760247 0.982421
vt 0.75927 0.983398
vt 0.783685 0.980468
vt 0.789056 0.963378
vt 0.780755 0.948729
vt 0.757805 0.97998
vt 0.756829 0.980468
vt 0.787591 0.963378
vt 0.789056 0.948729
vt 0.784661 0.948729
vt 0.787591 0.948729
vt 0.787591 0.93408
vt 0.789056 0.93408
vt 0.783685 0.91699
vt 0.784661 0.916501
vt 0.779778 0.913572
vt 0.780755 0.912595
vt 0.776849 0.91113
vt 0.777337 0.910153
vt 0.773431 0.909665
vt 0.773431 0.908689
vt 0.770012 0.909665
vt 0.770012 0.9082
vt 0.767083 0.910153
vt 0.766594 0.909177
vt 0.766594 0.948729
vt 0.763665 0.912107
vt 0.762688 0.91113
vt 0.763176 0.948729
vt 0.760247 0.915036
vt 0.75927 0.91406
vt 0.759758 0.948729
vt 0.757805 0.917478
vt 0.756829 0.91699
vt 0.756829 0.948729
vt 0.753899 0.93408
vt 0.752922 0.93408
vt 0.752922 0.948729
vt 0.753899 0.948729
vt 0.753899 0.963378
vt 0.752922 0.963378
vt 0.827631 0.948729
vt 0.824213 0.948729
vt 0.827631 0.963378
vt 0.829096 0.948729
vt 0.829096 0.963378
vt 0.827631 0.93408
vt 0.829096 0.93408
vt 0.823237 0.980956
vt 0.824213 0.981445
vt 0.823237 0.916501
vt 0.824213 0.916013
vt 0.819819 0.983886
vt 0.820795 0.948729
vt 0.820795 0.984863
vt 0.819819 0.913572
vt 0.820795 0.912595
vt 0.816889 0.986328
vt 0.816889 0.948729
vt 0.817377 0.987304
vt 0.816889 0.91113
vt 0.817377 0.910153
vt 0.813471 0.987304
vt 0.813471 0.948729
vt 0.813471 0.988769
vt 0.813471 0.910153
vt 0.813471 0.908689
vt 0.810053 0.987793
vt 0.810053 0.989258
vt 0.810053 0.948729
vt 0.810053 0.909665
vt 0.810053 0.9082
vt 0.807123 0.986816
vt 0.806635 0.988281
vt 0.807123 0.910642
vt 0.806635 0.909177
vt 0.803705 0.985351
vt 0.806635 0.948729
vt 0.802728 0.986328
vt 0.803705 0.912107
vt 0.802728 0.91113
vt 0.800287 0.982421
vt 0.803217 0.948729
vt 0.79931 0.983398
vt 0.800287 0.915036
vt 0.79931 0.91406
vt 0.797845 0.97998
vt 0.799798 0.948729
vt 0.796869 0.980468
vt 0.797845 0.917478
vt 0.796869 0.91699
vt 0.794427 0.963378
vt 0.792962 0.963378
vt 0.792962 0.948729
vt 0.797357 0.948729
vt 0.794427 0.948729
vt 0.794427 0.93408
vt 0.792962 0.93408
vt 0.898434 0.163793
vt 0.856441 0.17185
vt 0.890133 0.155736
vt 0.882809 0.148167
vt 0.913572 0.22483
vt 0.935057 0.262429
vt 0.945311 0.262673
vt 0.922849 0.261696
vt 0.933103 0.305399
vt 0.943846 0.306131
vt 0.93115 0.345683
vt 0.941404 0.346416
vt 0.920896 0.30491
vt 0.912595 0.260964
vt 0.903317 0.223975
vt 0.928221 0.384259
vt 0.938963 0.384991
vt 0.918454 0.344951
vt 0.910153 0.303934
vt 0.901852 0.260231
vt 0.923826 0.425275
vt 0.934568 0.426252
vt 0.916013 0.383282
vt 0.907712 0.344218
vt 0.963866 0.899899
vt 0.963378 0.858394
vt 0.960448 0.897946
vt 0.963378 0.900876
vt 0.95996 0.898923
vt 0.966796 0.901852
vt 0.95703 0.895016
vt 0.956542 0.895993
vt 0.967284 0.900388
vt 0.970702 0.901364
vt 0.966796 0.858394
vt 0.970214 0.899899
vt 0.97412 0.899411
vt 0.973632 0.898434
vt 0.977538 0.896969
vt 0.970702 0.858394
vt 0.97705 0.895993
vt 0.981933 0.892575
vt 0.97412 0.858394
vt 0.970214 0.816889
vt 0.973632 0.818354
vt 0.980468 0.892087
vt 0.985839 0.87402
vt 0.977538 0.858394
vt 0.97412 0.817377
vt 0.977538 0.820307
vt 0.970702 0.815912
vt 0.97705 0.821284
vt 0.981933 0.824213
vt 0.967284 0.816401
vt 0.966796 0.815424
vt 0.980468 0.82519
vt 0.985839 0.842769
vt 0.963866 0.817377
vt 0.963378 0.815912
vt 0.960448 0.818842
vt 0.95996 0.817866
vt 0.984863 0.843257
vt 0.985839 0.858394
vt 0.981445 0.858394
vt 0.984863 0.858394
vt 0.984863 0.87402
vt 0.95703 0.821772
vt 0.956542 0.820795
vt 0.95996 0.858394
vt 0.956542 0.858394
vt 0.9541 0.82519
vt 0.952635 0.824702
vt 0.9541 0.891598
vt 0.952635 0.892087
vt 0.953124 0.858394
vt 0.950194 0.874508
vt 0.949217 0.874508
vt 0.949217 0.858394
vt 0.950194 0.858394
vt 0.950194 0.84228
vt 0.949217 0.84228
vt 0.847652 0.811029
vt 0.85107 0.810541
vt 0.847652 0.809565
vt 0.850581 0.809076
vt 0.854488 0.808588
vt 0.844233 0.809076
vt 0.843745 0.810541
vt 0.847652 0.768548
vt 0.853999 0.807611
vt 0.858394 0.805658
vt 0.840815 0.807611
vt 0.85107 0.768548
vt 0.840327 0.808588
vt 0.857418 0.804682
vt 0.862301 0.801264
vt 0.854488 0.768548
vt 0.837397 0.804682
vt 0.836909 0.805658
vt 0.861324 0.800287
vt 0.865718 0.784661
vt 0.857906 0.768548
vt 0.833979 0.800775
vt 0.833003 0.801752
vt 0.864742 0.784173
vt 0.865718 0.768548
vt 0.862301 0.768548
vt 0.864742 0.768548
vt 0.864742 0.752922
vt 0.865718 0.752922
vt 0.861324 0.736808
vt 0.862301 0.735832
vt 0.857418 0.732902
vt 0.858394 0.731925
vt 0.853999 0.729972
vt 0.854488 0.728507
vt 0.850581 0.728019
vt 0.85107 0.727042
vt 0.847652 0.727531
vt 0.847652 0.726066
vt 0.844233 0.728019
vt 0.843745 0.726554
vt 0.843745 0.768548
vt 0.840815 0.729484
vt 0.840327 0.728507
vt 0.840327 0.768548
vt 0.837397 0.732414
vt 0.836909 0.731437
vt 0.836909 0.768548
vt 0.833979 0.73632
vt 0.833003 0.735832
vt 0.833003 0.768548
vt 0.830561 0.75341
vt 0.829096 0.75341
vt 0.829096 0.768548
vt 0.830561 0.768548
vt 0.830561 0.783685
vt 0.829096 0.783685
vt 0.520493 0.163427
vt 0.562487 0.171484
vt 0.528794 0.15537
vt 0.536119 0.147801
vt 0.51561 0.223487
vt 0.514634 0.192968
vt 0.505844 0.224342
vt 0.507309 0.260476
vt 0.499008 0.303934
vt 0.565905 0.192724
vt 0.509751 0.303201
vt 0.50145 0.34373
vt 0.491928 0.382794
vt 0.48143 0.38377
vt 0.517563 0.259499
vt 0.495834 0.42381
vt 0.485336 0.424787
vt 0.504379 0.381817
vt 0.512192 0.342998
vt 0.499985 0.472152
vt 0.489731 0.473128
vt 0.490219 0.479232
vt 0.500961 0.478256
vt 0.520005 0.302225
vt 0.508286 0.422834
vt 0.512192 0.471175
vt 0.922849 0.858394
vt 0.928221 0.858394
vt 0.923338 0.818842
vt 0.928221 0.818354
vt 0.928221 0.817377
vt 0.933592 0.818354
vt 0.922849 0.817866
vt 0.933103 0.819819
vt 0.93701 0.820795
vt 0.919919 0.820795
vt 0.919431 0.819819
vt 0.936522 0.821772
vt 0.941404 0.824702
vt 0.933592 0.858394
vt 0.93994 0.825678
vt 0.945799 0.843257
vt 0.93701 0.858394
vt 0.944334 0.843257
vt 0.945799 0.858394
vt 0.940916 0.858394
vt 0.944334 0.858394
vt 0.944334 0.873531
vt 0.945799 0.873531
vt 0.93994 0.891598
vt 0.941404 0.892087
vt 0.936522 0.895016
vt 0.93701 0.895993
vt 0.933103 0.897458
vt 0.933592 0.898434
vt 0.928221 0.898434
vt 0.928221 0.899899
vt 0.923338 0.897946
vt 0.922849 0.899411
vt 0.919919 0.896481
vt 0.919431 0.897458
vt 0.919431 0.858394
vt 0.916501 0.893551
vt 0.916013 0.894528
vt 0.916501 0.823237
vt 0.916013 0.822748
vt 0.916013 0.858394
vt 0.914548 0.825678
vt 0.913083 0.82519
vt 0.914548 0.89111
vt 0.913083 0.891598
vt 0.913572 0.858394
vt 0.910642 0.843257
vt 0.909177 0.843257
vt 0.909177 0.858394
vt 0.910642 0.858394
vt 0.910642 0.873531
vt 0.909177 0.87402
vt 0.49559 0.225074
vt 0.502915 0.172094
vt 0.501938 0.167943
vt 0.504379 0.193457
vt 0.511704 0.166967
vt 0.51268 0.171117
vt 0.628407 0.159276
vt 0.628407 0.160253
vt 0.638173 0.159642
vt 0.638173 0.160863
vt 0.628407 0.157933
vt 0.649403 0.160131
vt 0.649403 0.161229
vt 0.659658 0.161596
vt 0.659658 0.160375
vt 0.638173 0.158055
vt 0.649403 0.158422
vt 0.659658 0.158788
vt 0.747551 0.246803
vt 0.757805 0.248024
vt 0.7622 0.208106
vt 0.751946 0.207007
vt 0.762688 0.204688
vt 0.752434 0.203589
vt 0.774895 0.205298
vt 0.770012 0.249245
vt 0.765618 0.291971
vt 0.77636 0.292947
vt 0.780755 0.250221
vt 0.774407 0.209326
vt 0.784661 0.210425
vt 0.777337 0.204932
vt 0.780755 0.203833
vt 0.783196 0.202246
vt 0.78515 0.200415
vt 0.787103 0.198706
vt 0.785638 0.198218
vt 0.785638 0.19602
vt 0.788568 0.1854
vt 0.784173 0.193823
vt 0.781732 0.191748
vt 0.797845 0.192968
vt 0.778313 0.189917
vt 0.799798 0.173315
vt 0.778313 0.184545
vt 0.767083 0.187841
vt 0.766594 0.183325
vt 0.75634 0.186743
vt 0.756829 0.182226
vt 0.767083 0.17893
vt 0.757317 0.177831
vt 0.77929 0.179174
vt 0.782708 0.177953
vt 0.785638 0.176367
vt 0.787103 0.174413
vt 0.790033 0.17246
vt 0.788079 0.172216
vt 0.787591 0.170019
vt 0.790521 0.160497
vt 0.786126 0.167821
vt 0.784173 0.16599
vt 0.780755 0.164037
vt 0.800287 0.160253
vt 0.780755 0.160863
vt 0.809076 0.158177
vt 0.769524 0.163549
vt 0.769524 0.161107
vt 0.758782 0.16245
vt 0.75927 0.160008
vt 0.818354 0.151341
vt 0.859859 0.14951
vt 0.826167 0.144749
vt 0.875484 0.142674
vt 0.833979 0.140233
vt 0.865718 0.13889
vt 0.844233 0.137547
vt 0.854976 0.136936
vt 0.008972 0.898434
vt 0.008881 0.905759
vt 0.137181 0.901364
vt 0.022401 0.895505
vt 0.033418 0.892087
vt 0.040284 0.88818
vt 0.043031 0.883786
vt 0.044038 0.878903
vt 0.043123 0.87402
vt 0.040498 0.869625
vt 0.135594 0.908689
vt 0.008789 0.913083
vt 0.130222 0.916013
vt 0.008698 0.920408
vt 0.117893 0.923338
vt 0.008606 0.927732
vt 0.103977 0.930174
vt 0.008545 0.935057
vt 0.08536 0.937498
vt 0.008454 0.942381
vt 0.062838 0.944334
vt 0.008362 0.949705
vt 0.688955 0.679189
vt 0.697745 0.683584
vt 0.678701 0.674307
vt 0.689444 0.677236
vt 0.698233 0.680654
vt 0.698721 0.677724
vt 0.689444 0.675771
vt 0.679189 0.672841
vt 0.678701 0.672353
vt 0.668935 0.671865
vt 0.668935 0.671377
vt 0.668935 0.672353
vt 0.660634 0.672841
vt 0.660634 0.672353
vt 0.656239 0.672353
vt 0.657216 0.671865
vt 0.655751 0.67333
vt 0.645009 0.661611
vt 0.645985 0.660146
vt 0.64745 0.659169
vt 0.632801 0.654286
vt 0.633778 0.652333
vt 0.631825 0.656239
vt 0.618152 0.655751
vt 0.616688 0.65331
vt 0.616199 0.651357
vt 0.60448 0.658681
vt 0.602527 0.657216
vt 0.60155 0.655263
vt 0.592273 0.665029
vt 0.590319 0.664052
vt 0.588855 0.662587
vt 0.580065 0.677724
vt 0.580554 0.679678
vt 0.580065 0.67626
vt 0.544908 0.654775
vt 0.545884 0.65331
vt 0.546373 0.652333
vt 0.511704 0.630848
vt 0.511704 0.629872
vt 0.512192 0.628895
vt 0.504868 0.624012
vt 0.505844 0.623524
vt 0.506333 0.623524
vt 0.497055 0.618641
vt 0.497543 0.618152
vt 0.496567 0.619617
vt 0.487045 0.617664
vt 0.487777 0.617176
vt 0.486557 0.619129
vt 0.475814 0.618152
vt 0.476302 0.616688
vt 0.466781 0.615223
vt 0.466048 0.617664
vt 0.475082 0.620106
vt 0.46556 0.620106
vt 0.771966 0.663076
vt 0.761223 0.674795
vt 0.760247 0.673818
vt 0.748039 0.673818
vt 0.75634 0.674307
vt 0.737785 0.675283
vt 0.747551 0.67333
vt 0.75634 0.673818
vt 0.759758 0.67333
vt 0.770989 0.661611
vt 0.769524 0.660634
vt 0.784173 0.655751
vt 0.783685 0.654286
vt 0.737785 0.674307
vt 0.728019 0.680654
vt 0.71923 0.685049
vt 0.727531 0.678701
vt 0.718253 0.681631
vt 0.800775 0.655751
vt 0.800775 0.65331
vt 0.814447 0.659169
vt 0.815424 0.657704
vt 0.827143 0.666005
vt 0.82812 0.665029
vt 0.836909 0.679678
vt 0.82519 0.66747
vt 0.836909 0.678701
vt 0.812494 0.661122
vt 0.79931 0.657704
vt 0.836909 0.682119
vt 0.78515 0.658193
vt 0.873043 0.657704
vt 0.872066 0.656239
vt 0.871578 0.655263
vt 0.906247 0.633778
vt 0.906247 0.632801
vt 0.905759 0.632313
vt 0.913572 0.626942
vt 0.912107 0.626942
vt 0.911618 0.626453
vt 0.921384 0.621571
vt 0.920896 0.621082
vt 0.921873 0.622547
vt 0.93115 0.621082
vt 0.930662 0.620106
vt 0.931639 0.622547
vt 0.942869 0.621571
vt 0.941893 0.620106
vt 0.951659 0.619129
vt 0.952147 0.621082
vt 0.943358 0.623524
vt 0.953124 0.624012
vt 0.886227 0.810541
vt 0.889645 0.810053
vt 0.886227 0.809076
vt 0.889645 0.809076
vt 0.893551 0.808588
vt 0.883297 0.8081
vt 0.882809 0.809565
vt 0.886227 0.768548
vt 0.893063 0.807611
vt 0.896969 0.806635
vt 0.879879 0.806146
vt 0.889645 0.768548
vt 0.878903 0.807123
vt 0.896481 0.805658
vt 0.900388 0.803705
vt 0.893063 0.768548
vt 0.876461 0.803217
vt 0.875484 0.804193
vt 0.899899 0.802728
vt 0.903806 0.799798
vt 0.896969 0.768548
vt 0.873531 0.800287
vt 0.872555 0.800775
vt 0.902829 0.79931
vt 0.907712 0.783685
vt 0.900388 0.768548
vt 0.870113 0.783196
vt 0.869137 0.783685
vt 0.869137 0.768548
vt 0.906247 0.783196
vt 0.907712 0.768548
vt 0.903806 0.768548
vt 0.906247 0.768548
vt 0.906247 0.753899
vt 0.907712 0.753899
vt 0.902829 0.738273
vt 0.903806 0.737297
vt 0.899899 0.734367
vt 0.900388 0.73339
vt 0.896481 0.731437
vt 0.896969 0.73046
vt 0.893063 0.729972
vt 0.893551 0.728507
vt 0.889645 0.728507
vt 0.889645 0.727042
vt 0.886227 0.728019
vt 0.886227 0.727042
vt 0.883297 0.728996
vt 0.882809 0.728019
vt 0.882809 0.768548
vt 0.879879 0.730949
vt 0.878903 0.729972
vt 0.879391 0.768548
vt 0.876461 0.733879
vt 0.875484 0.732902
vt 0.875973 0.768548
vt 0.873531 0.736808
vt 0.872555 0.73632
vt 0.873043 0.768548
vt 0.870113 0.768548
vt 0.870113 0.753899
vt 0.869137 0.753899
vt 0.540513 0.429426
vt 0.533189 0.469954
vt 0.543931 0.438704
vt 0.548326 0.448714
vt 0.553209 0.457015
vt 0.556627 0.463118
vt 0.560534 0.467757
vt 0.534165 0.505844
vt 0.564928 0.47264
vt 0.569323 0.477035
vt 0.573717 0.480209
vt 0.580065 0.483139
vt 0.592273 0.506333
vt 0.585437 0.484847
vt 0.591296 0.485336
vt 0.596667 0.484603
vt 0.603992 0.481674
vt 0.649892 0.507309
vt 0.592761 0.537095
vt 0.535142 0.529282
vt 0.592273 0.560045
vt 0.650868 0.570788
vt 0.587878 0.584948
vt 0.534165 0.546861
vt 0.532212 0.568346
vt 0.5244 0.542466
vt 0.523423 0.55858
vt 0.808588 0.157079
vt 0.799798 0.159154
vt 0.817377 0.150365
vt 0.790521 0.15952
vt 0.825678 0.143651
vt 0.816401 0.149022
vt 0.833491 0.139134
vt 0.824213 0.142186
vt 0.833003 0.137547
vt 0.823725 0.141209
vt 0.815912 0.148045
vt 0.832514 0.136448
vt 0.807123 0.154515
vt 0.843745 0.134739
vt 0.843257 0.133519
vt 0.807611 0.155614
vt 0.800287 0.156468
vt 0.800287 0.157567
vt 0.790521 0.157201
vt 0.790521 0.158177
vt 0.780755 0.156957
vt 0.780755 0.159764
vt 0.780755 0.158055
vt 0.769036 0.157079
vt 0.769524 0.160008
vt 0.75927 0.158788
vt 0.769036 0.1583
vt 0.75927 0.15598
vt 0.75927 0.157201
vt 0.907712 0.165868
vt 0.917478 0.166845
vt 0.9082 0.163915
vt 0.899411 0.162572
vt 0.89111 0.154759
vt 0.900388 0.160985
vt 0.883786 0.147191
vt 0.892575 0.153417
vt 0.901364 0.159764
vt 0.893551 0.15244
vt 0.9082 0.162572
vt 0.886227 0.144871
vt 0.917966 0.164891
vt 0.917966 0.163304
vt 0.88525 0.145726
vt 0.877438 0.139256
vt 0.927244 0.166234
vt 0.927732 0.164769
vt 0.927244 0.168065
vt 0.938475 0.168432
vt 0.938963 0.167577
vt 0.948241 0.170141
vt 0.948241 0.170629
vt 0.948241 0.171606
vt 0.938475 0.169897
vt 0.876949 0.140233
vt 0.867183 0.135105
vt 0.875973 0.141697
vt 0.866207 0.137791
vt 0.866695 0.136326
vt 0.854976 0.13303
vt 0.854976 0.135838
vt 0.855464 0.134129
vt 0.843745 0.136326
vt 0.660634 0.507309
vt 0.64745 0.460677
vt 0.609363 0.478256
vt 0.613758 0.474105
vt 0.617664 0.468978
vt 0.622059 0.46263
vt 0.625965 0.454573
vt 0.629872 0.444075
vt 0.63329 0.432112
vt 0.635731 0.421125
vt 0.644032 0.411115
vt 0.636708 0.411603
vt 0.637684 0.400372
vt 0.638173 0.386456
vt 0.640126 0.370098
vt 0.637684 0.370342
vt 0.635731 0.356914
vt 0.636219 0.332255
vt 0.64745 0.331523
vt 0.633778 0.343486
vt 0.631336 0.332743
vt 0.627918 0.321757
vt 0.624012 0.311747
vt 0.632313 0.292703
vt 0.620594 0.30369
vt 0.617176 0.29783
vt 0.614734 0.294168
vt 0.610828 0.288308
vt 0.627918 0.250465
vt 0.605945 0.282205
vt 0.60155 0.277566
vt 0.597156 0.274148
vt 0.591296 0.27073
vt 0.584948 0.268288
vt 0.572741 0.255348
vt 0.5786 0.2678
vt 0.573717 0.268044
vt 0.568346 0.269753
vt 0.561998 0.273171
vt 0.557115 0.277322
vt 0.551744 0.282937
vt 0.548326 0.289041
vt 0.54442 0.295389
vt 0.542466 0.300028
vt 0.539537 0.306864
vt 0.537095 0.315653
vt 0.534654 0.326151
vt 0.522935 0.342021
vt 0.532701 0.334697
vt 0.532212 0.341044
vt 0.531236 0.350566
vt 0.531236 0.361309
vt 0.525864 0.380108
vt 0.515122 0.381085
vt 0.531236 0.37083
vt 0.531724 0.37962
vt 0.519028 0.421857
vt 0.532701 0.391583
vt 0.529771 0.421369
vt 0.522935 0.470687
vt 0.534654 0.406476
vt 0.538072 0.420637
vt 0.607898 0.403058
vt 0.605945 0.408917
vt 0.608875 0.397687
vt 0.582507 0.374004
vt 0.603992 0.414289
vt 0.609851 0.392804
vt 0.602039 0.418195
vt 0.600085 0.421369
vt 0.61034 0.387188
vt 0.598132 0.424055
vt 0.595691 0.426008
vt 0.61034 0.380352
vt 0.593249 0.427961
vt 0.589831 0.429182
vt 0.609851 0.372295
vt 0.586901 0.42967
vt 0.583972 0.429426
vt 0.609363 0.365459
vt 0.581042 0.428449
vt 0.578112 0.426984
vt 0.607898 0.358623
vt 0.576159 0.42552
vt 0.573717 0.423322
vt 0.606922 0.353252
vt 0.571276 0.420881
vt 0.569811 0.418439
vt 0.604968 0.34788
vt 0.567858 0.415509
vt 0.565416 0.411359
vt 0.603015 0.342998
vt 0.563463 0.406232
vt 0.56151 0.401593
vt 0.60155 0.338847
vt 0.560534 0.397198
vt 0.55858 0.390362
vt 0.600085 0.335917
vt 0.557604 0.382794
vt 0.59862 0.333964
vt 0.557115 0.376934
vt 0.596667 0.331278
vt 0.557115 0.372539
vt 0.594226 0.328105
vt 0.557115 0.367656
vt 0.591784 0.325907
vt 0.557115 0.362285
vt 0.589831 0.323954
vt 0.557604 0.357646
vt 0.586901 0.322489
vt 0.557604 0.354473
vt 0.583972 0.321268
vt 0.55858 0.350078
vt 0.580554 0.321024
vt 0.560045 0.344951
vt 0.578112 0.321024
vt 0.561022 0.340312
vt 0.562487 0.337138
vt 0.575182 0.321757
vt 0.563463 0.334697
vt 0.572253 0.323466
vt 0.569811 0.325663
vt 0.565416 0.331523
vt 0.56737 0.328593
vt 0.857418 0.273904
vt 0.843745 0.322977
vt 0.846675 0.324686
vt 0.85107 0.270486
vt 0.845698 0.269021
vt 0.849117 0.32664
vt 0.861812 0.278054
vt 0.836909 0.375225
vt 0.841304 0.322245
vt 0.840815 0.268532
vt 0.852046 0.329569
vt 0.867183 0.283914
vt 0.838862 0.322001
vt 0.833979 0.269265
vt 0.853999 0.332499
vt 0.87109 0.290017
vt 0.835444 0.322245
vt 0.82812 0.271462
vt 0.855464 0.335673
vt 0.874996 0.296121
vt 0.832514 0.323466
vt 0.82226 0.27488
vt 0.856929 0.338115
vt 0.876949 0.301004
vt 0.829585 0.325175
vt 0.817866 0.278542
vt 0.857906 0.341533
vt 0.879391 0.30784
vt 0.827143 0.326884
vt 0.812983 0.283181
vt 0.859371 0.345927
vt 0.882321 0.316874
vt 0.824702 0.329325
vt 0.8081 0.289285
vt 0.860836 0.351299
vt 0.884762 0.327372
vt 0.82226 0.332255
vt 0.804193 0.2949
vt 0.861324 0.355693
vt 0.886715 0.335917
vt 0.820307 0.335185
vt 0.801752 0.298807
vt 0.861812 0.358867
vt 0.887204 0.342265
vt 0.81933 0.337138
vt 0.798822 0.30491
vt 0.862301 0.363506
vt 0.88818 0.351787
vt 0.817866 0.340068
vt 0.795404 0.312723
vt 0.862301 0.368877
vt 0.88818 0.362529
vt 0.815912 0.343974
vt 0.791497 0.322733
vt 0.862301 0.37376
vt 0.88818 0.372295
vt 0.813959 0.349101
vt 0.788079 0.333964
vt 0.862301 0.378155
vt 0.887692 0.381085
vt 0.812494 0.354473
vt 0.78515 0.344462
vt 0.861812 0.384014
vt 0.886715 0.392804
vt 0.811029 0.359844
vt 0.783196 0.358135
vt 0.860347 0.391583
vt 0.884762 0.407941
vt 0.810053 0.36668
vt 0.781732 0.371807
vt 0.858882 0.398663
vt 0.881344 0.422102
vt 0.809076 0.373516
vt 0.780755 0.387921
vt 0.857906 0.403058
vt 0.878903 0.430891
vt 0.808588 0.381573
vt 0.781243 0.401837
vt 0.855953 0.407697
vt 0.875484 0.440413
vt 0.809076 0.388653
vt 0.78222 0.413068
vt 0.853999 0.412824
vt 0.87109 0.450423
vt 0.809565 0.394269
vt 0.783685 0.422834
vt 0.851558 0.416974
vt 0.866207 0.458724
vt 0.810053 0.398907
vt 0.785638 0.433576
vt 0.849605 0.420148
vt 0.862301 0.464827
vt 0.811518 0.404523
vt 0.789056 0.445784
vt 0.847652 0.422346
vt 0.858882 0.469466
vt 0.845698 0.424787
vt 0.854488 0.474349
vt 0.812983 0.410382
vt 0.793451 0.456282
vt 0.843257 0.426984
vt 0.849605 0.478744
vt 0.840815 0.428449
vt 0.84521 0.481918
vt 0.814936 0.415754
vt 0.797357 0.464339
vt 0.837886 0.430158
vt 0.839351 0.485092
vt 0.835444 0.430891
vt 0.833979 0.486557
vt 0.816889 0.419904
vt 0.801264 0.470687
vt 0.832514 0.431135
vt 0.82812 0.487289
vt 0.829585 0.430891
vt 0.82226 0.486557
vt 0.818842 0.423078
vt 0.805658 0.476058
vt 0.826167 0.429426
vt 0.815424 0.483627
vt 0.823237 0.427717
vt 0.810053 0.479965
vt 0.821284 0.42552
vt 0.51268 0.478256
vt 0.516099 0.479476
vt 0.51854 0.481185
vt 0.520493 0.483139
vt 0.523911 0.485336
vt 0.520981 0.48558
vt 0.520981 0.487777
vt 0.5244 0.499741
vt 0.520005 0.489975
vt 0.518052 0.491684
vt 0.515122 0.493149
vt 0.514145 0.499252
vt 0.502915 0.492172
vt 0.501938 0.497543
vt 0.49266 0.490463
vt 0.491928 0.496078
vt 0.500961 0.502426
vt 0.491195 0.500473
vt 0.513169 0.505356
vt 0.51561 0.506821
vt 0.51854 0.508774
vt 0.520493 0.510727
vt 0.5244 0.514634
vt 0.520981 0.514634
vt 0.520005 0.518052
vt 0.524888 0.527329
vt 0.518052 0.520005
vt 0.514634 0.521958
vt 0.514634 0.528306
vt 0.502426 0.523423
vt 0.502426 0.528794
vt 0.492416 0.523423
vt 0.492416 0.529282
vt 0.502426 0.534654
vt 0.492416 0.534654
vt 0.514634 0.536119
vt 0.518052 0.538072
vt 0.520005 0.540025
vt 0.520981 0.542466
vt 0.520981 0.54442
vt 0.520005 0.546861
vt 0.518052 0.548814
vt 0.514634 0.550279
vt 0.513657 0.557115
vt 0.502426 0.549791
vt 0.491928 0.554186
vt 0.492905 0.548326
vt 0.501938 0.555651
vt 0.491195 0.560045
vt 0.500961 0.56151
vt 0.512192 0.56444
vt 0.514634 0.565905
vt 0.516587 0.568346
vt 0.517563 0.570788
vt 0.520981 0.573717
vt 0.518052 0.573229
vt 0.517075 0.575182
vt 0.518052 0.588366
vt 0.51561 0.577136
vt 0.513169 0.5786
vt 0.509751 0.579089
vt 0.508286 0.585437
vt 0.497787 0.577136
vt 0.496811 0.582507
vt 0.488021 0.575671
vt 0.487045 0.581042
vt 0.505844 0.592273
vt 0.49559 0.587878
vt 0.486068 0.586413
vt 0.507798 0.595202
vt 0.508286 0.597644
vt 0.512192 0.600574
vt 0.507798 0.599597
vt 0.505844 0.60155
vt 0.526841 0.591296
vt 0.503891 0.61034
vt 0.503403 0.603015
vt 0.499741 0.603992
vt 0.496567 0.604968
vt 0.492905 0.605457
vt 0.479232 0.60448
vt 0.469222 0.603015
vt 0.513657 0.615711
vt 0.52147 0.60448
vt 0.552721 0.641102
vt 0.562487 0.629872
vt 0.579577 0.611804
vt 0.651845 0.622547
vt 0.656239 0.647938
vt 0.668447 0.659169
vt 0.679678 0.659658
vt 0.691397 0.662099
vt 0.700674 0.664052
vt 0.691885 0.656728
vt 0.701651 0.658681
vt 0.679678 0.653798
vt 0.676748 0.651845
vt 0.67333 0.649892
vt 0.670888 0.64745
vt 0.666005 0.645985
vt 0.668935 0.645497
vt 0.668935 0.643056
vt 0.664052 0.633778
vt 0.669912 0.641102
vt 0.671377 0.638661
vt 0.674307 0.636708
vt 0.673818 0.631825
vt 0.686026 0.633778
vt 0.685537 0.629872
vt 0.695792 0.632313
vt 0.694815 0.628407
vt 0.694327 0.624012
vt 0.684561 0.625477
vt 0.67333 0.626453
vt 0.670888 0.625965
vt 0.667959 0.6245
vt 0.666494 0.623035
vt 0.662099 0.621082
vt 0.665517 0.621082
vt 0.665517 0.619129
vt 0.661611 0.608875
vt 0.666494 0.616688
vt 0.668447 0.614734
vt 0.671377 0.613269
vt 0.650868 0.596667
vt 0.671377 0.608387
vt 0.683584 0.611804
vt 0.683096 0.607898
vt 0.69335 0.611316
vt 0.692862 0.607898
vt 0.683096 0.603503
vt 0.692862 0.603015
vt 0.671377 0.603015
vt 0.669423 0.602039
vt 0.666982 0.600574
vt 0.665029 0.59862
vt 0.661122 0.596667
vt 0.664052 0.596179
vt 0.66454 0.594226
vt 0.661122 0.582995
vt 0.665517 0.591784
vt 0.66747 0.589831
vt 0.670888 0.588366
vt 0.670888 0.582995
vt 0.683096 0.586901
vt 0.683096 0.582995
vt 0.692862 0.586901
vt 0.692862 0.582995
vt 0.683096 0.5786
vt 0.692862 0.5786
vt 0.671377 0.577624
vt 0.669912 0.577136
vt 0.666982 0.575182
vt 0.665517 0.573229
vt 0.661122 0.571276
vt 0.66454 0.571276
vt 0.66454 0.568835
vt 0.661122 0.558092
vt 0.666005 0.566881
vt 0.667959 0.56444
vt 0.670888 0.562975
vt 0.671377 0.558092
vt 0.683096 0.561998
vt 0.671377 0.552721
vt 0.669423 0.551744
vt 0.666494 0.550279
vt 0.665029 0.547838
vt 0.683096 0.558092
vt 0.692862 0.561998
vt 0.683096 0.553697
vt 0.692862 0.558092
vt 0.692862 0.553697
vt 0.660634 0.545884
vt 0.664052 0.545884
vt 0.66454 0.543443
vt 0.65038 0.545396
vt 0.660634 0.532701
vt 0.665517 0.54149
vt 0.66747 0.539537
vt 0.670888 0.537583
vt 0.670888 0.533189
vt 0.682608 0.536607
vt 0.682608 0.533189
vt 0.692862 0.536607
vt 0.692862 0.533189
vt 0.683096 0.528306
vt 0.692862 0.528306
vt 0.670888 0.527329
vt 0.668935 0.526353
vt 0.666494 0.524888
vt 0.66454 0.522935
vt 0.660634 0.520493
vt 0.663564 0.520493
vt 0.664052 0.518052
vt 0.665029 0.516099
vt 0.666982 0.514145
vt 0.6704 0.512192
vt 0.670888 0.507309
vt 0.683096 0.510727
vt 0.668935 0.459212
vt 0.683096 0.506821
vt 0.69335 0.510239
vt 0.692862 0.506333
vt 0.681143 0.458724
vt 0.691397 0.458235
vt 0.678213 0.408185
vt 0.688467 0.407453
vt 0.674795 0.367168
vt 0.685049 0.366192
vt 0.681143 0.328105
vt 0.665517 0.409162
vt 0.670888 0.329081
vt 0.658681 0.459944
vt 0.662099 0.368389
vt 0.654775 0.410138
vt 0.666494 0.289529
vt 0.676748 0.288064
vt 0.658193 0.330546
vt 0.651357 0.369121
vt 0.661122 0.246925
vt 0.671377 0.245582
vt 0.653798 0.29075
vt 0.655263 0.207251
vt 0.665517 0.205908
vt 0.655263 0.203833
vt 0.665029 0.20249
vt 0.643056 0.20481
vt 0.648915 0.24839
vt 0.643544 0.208838
vt 0.63329 0.210059
vt 0.641102 0.204566
vt 0.637684 0.203467
vt 0.635243 0.20188
vt 0.63329 0.200049
vt 0.643544 0.291971
vt 0.638661 0.249489
vt 0.631336 0.19834
vt 0.632801 0.197852
vt 0.63329 0.195532
vt 0.623035 0.211524
vt 0.629872 0.185034
vt 0.634754 0.193213
vt 0.637196 0.191137
vt 0.640614 0.189306
vt 0.621082 0.19248
vt 0.569323 0.217505
vt 0.618641 0.172948
vt 0.609851 0.157933
vt 0.618641 0.160008
vt 0.600574 0.151097
vt 0.559069 0.149266
vt 0.592761 0.144505
vt 0.58446 0.14011
vt 0.543443 0.14243
vt 0.574694 0.137425
vt 0.553209 0.138646
vt 0.563952 0.136815
vt 0.632313 0.167577
vt 0.634754 0.165746
vt 0.630848 0.169652
vt 0.637684 0.163915
vt 0.648915 0.163671
vt 0.659658 0.164037
vt 0.628895 0.172216
vt 0.630848 0.171972
vt 0.631336 0.174047
vt 0.632801 0.176
vt 0.635731 0.177587
vt 0.639149 0.178686
vt 0.640126 0.184057
vt 0.651357 0.178198
vt 0.651357 0.187109
vt 0.651845 0.182592
vt 0.662099 0.185766
vt 0.661611 0.181371
vt 0.661122 0.176977
vt 0.919919 0.473861
vt 0.930174 0.474838
vt 0.929685 0.480697
vt 0.918943 0.479965
vt 0.899411 0.302957
vt 0.911618 0.424299
vt 0.907712 0.472884
vt 0.907224 0.479965
vt 0.90527 0.382305
vt 0.900876 0.423566
vt 0.896969 0.472396
vt 0.903806 0.481185
vt 0.901364 0.482894
vt 0.899411 0.485092
vt 0.895993 0.487533
vt 0.898923 0.487533
vt 0.898923 0.489975
vt 0.895016 0.50145
vt 0.900388 0.492416
vt 0.902341 0.494613
vt 0.905759 0.496567
vt 0.886715 0.471664
vt 0.890133 0.422834
vt 0.89404 0.381573
vt 0.896969 0.343242
vt 0.846675 0.256081
vt 0.791009 0.251198
vt 0.850093 0.218116
vt 0.853023 0.193091
vt 0.795404 0.212012
vt 0.787103 0.29368
vt 0.782708 0.333476
vt 0.77929 0.371563
vt 0.771966 0.332499
vt 0.775384 0.41258
vt 0.768059 0.370342
vt 0.771477 0.462142
vt 0.764641 0.411359
vt 0.757317 0.36961
vt 0.769036 0.508774
vt 0.760735 0.461409
vt 0.758782 0.508774
vt 0.75341 0.410382
vt 0.749992 0.460677
vt 0.744621 0.368389
vt 0.761223 0.331523
vt 0.749016 0.330302
vt 0.75341 0.290506
vt 0.738761 0.329325
vt 0.734367 0.367412
vt 0.743156 0.289529
vt 0.73046 0.408673
vt 0.741203 0.40965
vt 0.727531 0.459456
vt 0.737785 0.459944
vt 0.726066 0.507798
vt 0.73632 0.508286
vt 0.726066 0.511704
vt 0.735832 0.512192
vt 0.748039 0.509262
vt 0.748528 0.513657
vt 0.751946 0.51561
vt 0.753899 0.517563
vt 0.754875 0.519517
vt 0.758293 0.521958
vt 0.755364 0.521958
vt 0.754387 0.523911
vt 0.758293 0.534165
vt 0.752922 0.525864
vt 0.750481 0.527329
vt 0.748528 0.527818
vt 0.768059 0.546861
vt 0.748039 0.533189
vt 0.73632 0.527329
vt 0.726066 0.530747
vt 0.726554 0.526353
vt 0.735832 0.532212
vt 0.725577 0.534654
vt 0.735344 0.53563
vt 0.747551 0.538072
vt 0.750969 0.540025
vt 0.752922 0.542466
vt 0.753899 0.544908
vt 0.757805 0.54735
vt 0.754387 0.546861
vt 0.753899 0.549303
vt 0.757317 0.559069
vt 0.751946 0.551256
vt 0.749504 0.552721
vt 0.747551 0.552721
vt 0.751946 0.567858
vt 0.749992 0.565416
vt 0.747063 0.563463
vt 0.75341 0.569811
vt 0.747063 0.558092
vt 0.734855 0.560534
vt 0.735344 0.556627
vt 0.725089 0.559557
vt 0.735832 0.552721
vt 0.725577 0.555651
vt 0.726066 0.551256
vt 0.757317 0.572253
vt 0.75341 0.572253
vt 0.752922 0.574694
vt 0.767571 0.572253
vt 0.756829 0.58446
vt 0.750969 0.576159
vt 0.748528 0.577624
vt 0.747063 0.578112
vt 0.826167 0.539048
vt 0.827143 0.508286
vt 0.88525 0.507798
vt 0.884274 0.531236
vt 0.826167 0.561998
vt 0.894528 0.529771
vt 0.830073 0.58739
vt 0.894528 0.516587
vt 0.884274 0.549303
vt 0.895016 0.544908
vt 0.886227 0.570788
vt 0.895016 0.561022
vt 0.899411 0.520493
vt 0.897946 0.517075
vt 0.898434 0.513169
vt 0.901364 0.522446
vt 0.900388 0.511216
vt 0.902829 0.509751
vt 0.90527 0.509262
vt 0.904782 0.5244
vt 0.90527 0.502915
vt 0.917478 0.509262
vt 0.918454 0.499008
vt 0.917966 0.504379
vt 0.928709 0.499985
vt 0.927732 0.505844
vt 0.927244 0.510239
vt 0.904294 0.530747
vt 0.91699 0.527329
vt 0.903806 0.53856
vt 0.900876 0.540513
vt 0.898923 0.542466
vt 0.916013 0.539048
vt 0.898434 0.544908
vt 0.898434 0.54735
vt 0.899411 0.549791
vt 0.901364 0.551744
vt 0.904782 0.553697
vt 0.916501 0.533189
vt 0.927244 0.528306
vt 0.926755 0.534165
vt 0.926267 0.540025
vt 0.90527 0.561022
vt 0.917478 0.555162
vt 0.927244 0.562487
vt 0.927732 0.556627
vt 0.91699 0.56151
vt 0.926755 0.568346
vt 0.91699 0.56737
vt 0.905759 0.568346
vt 0.903317 0.569323
vt 0.901364 0.571276
vt 0.900388 0.573717
vt 0.897458 0.576159
vt 0.900388 0.575671
vt 0.900876 0.578112
vt 0.89111 0.594226
vt 0.900388 0.591296
vt 0.902341 0.579577
vt 0.904782 0.581042
vt 0.9082 0.58153
vt 0.910153 0.587878
vt 0.919431 0.5786
vt 0.921384 0.583972
vt 0.928709 0.575182
vt 0.930662 0.580554
vt 0.912595 0.594714
vt 0.923338 0.588855
vt 0.932615 0.585437
vt 0.910642 0.597644
vt 0.910153 0.600574
vt 0.906247 0.603503
vt 0.910642 0.602527
vt 0.912595 0.60448
vt 0.914548 0.613269
vt 0.915036 0.605945
vt 0.918943 0.60741
vt 0.921873 0.607898
vt 0.925779 0.608875
vt 0.939451 0.607898
vt 0.949705 0.606922
vt 0.904782 0.618641
vt 0.896969 0.60741
vt 0.864742 0.644032
vt 0.855464 0.632801
vt 0.838374 0.613758
vt 0.766594 0.598132
vt 0.75634 0.597644
vt 0.752922 0.599597
vt 0.75341 0.597644
vt 0.75341 0.595202
vt 0.750969 0.60155
vt 0.751946 0.592761
vt 0.749992 0.590808
vt 0.746574 0.588366
vt 0.748528 0.603015
vt 0.747063 0.582995
vt 0.734855 0.585925
vt 0.735344 0.577624
vt 0.734855 0.58153
vt 0.725089 0.584948
vt 0.725089 0.580554
vt 0.725577 0.576647
vt 0.03943 0.869625
vt 0.022462 0.869625
vt 0.042085 0.87402
vt 0.025086 0.87402
vt 0.04297 0.878903
vt 0.025971 0.878903
vt 0.041963 0.883786
vt 0.024964 0.883297
vt 0.039216 0.88818
vt 0.021821 0.88818
vt 0.015748 0.892087
vt 0.03235 0.892087
vt 0.021332 0.895505
vt 0.009217 0.895016
vt 0.009095 0.898434
vt 0.461165 0.895505
vt 0.473373 0.898923
vt 0.473373 0.895016
vt 0.466781 0.892575
vt 0.450178 0.892575
vt 0.443342 0.88818
vt 0.460677 0.88818
vt 0.457503 0.883786
vt 0.440657 0.883786
vt 0.456526 0.878903
vt 0.439436 0.878903
vt 0.457503 0.87402
vt 0.440413 0.874508
vt 0.460189 0.869625
vt 0.443098 0.869625
vt 0.61034 0.156835
vt 0.601062 0.15012
vt 0.618641 0.15891
vt 0.602527 0.148778
vt 0.610828 0.15537
vt 0.618641 0.157323
vt 0.611804 0.154271
vt 0.618641 0.156224
vt 0.603015 0.147801
vt 0.594226 0.142064
vt 0.595202 0.141087
vt 0.593249 0.143529
vt 0.585925 0.137425
vt 0.586413 0.136326
vt 0.584948 0.139012
vt 0.575182 0.134617
vt 0.575671 0.133519
vt 0.575182 0.136204
vt 0.563463 0.134007
vt 0.563463 0.132908
vt 0.563952 0.135594
vt 0.552232 0.13596
vt 0.551744 0.134861
vt 0.552721 0.137547
vt 0.541978 0.139988
vt 0.54149 0.139012
vt 0.542955 0.141453
vt 0.533677 0.145482
vt 0.532701 0.144505
vt 0.535142 0.146825
vt 0.526353 0.15305
vt 0.525376 0.152074
vt 0.527818 0.154393
vt 0.51854 0.160619
vt 0.517563 0.159398
vt 0.519517 0.162206
vt 0.511216 0.163549
vt 0.510727 0.162206
vt 0.511216 0.165502
vt 0.501938 0.166479
vt 0.50145 0.164525
vt 0.500961 0.16306
vt 0.491928 0.165868
vt 0.49144 0.164525
vt 0.492172 0.167699
vt 0.480697 0.168187
vt 0.480453 0.167211
vt 0.471175 0.169897
vt 0.471175 0.170385
vt 0.471419 0.171361
vt 0.480941 0.169652
vt 0.437239 0.801752
vt 0.343974 0.823725
vt 0.438459 0.806635
vt 0.437239 0.719718
vt 0.342753 0.717765
vt 0.436506 0.724601
vt 0.441145 0.811029
vt 0.439924 0.715323
vt 0.438459 0.81933
vt 0.437239 0.710929
vt 0.437239 0.827143
vt 0.436262 0.706046
vt 0.437483 0.835444
vt 0.436995 0.701163
vt 0.438948 0.843745
vt 0.43968 0.696768
vt 0.436995 0.688955
vt 0.43553 0.681143
vt 0.43553 0.672353
vt 0.43675 0.66454
vt 0.439192 0.656728
vt 0.441633 0.851558
vt 0.341533 0.611804
vt 0.438948 0.855953
vt 0.437971 0.860836
vt 0.438948 0.86523
vt 0.441877 0.869625
vt 0.436506 0.652333
vt 0.43553 0.64745
vt 0.344951 0.901852
vt 0.436506 0.643056
vt 0.439192 0.874508
vt 0.438948 0.638661
vt 0.438215 0.878903
vt 0.436262 0.634266
vt 0.439192 0.883786
vt 0.435285 0.629383
vt 0.442122 0.88818
vt 0.436262 0.624989
vt 0.438948 0.620594
vt 0.436262 0.612781
vt 0.448958 0.892575
vt 0.459944 0.895505
vt 0.473373 0.906247
vt 0.346416 0.909177
vt 0.473617 0.913572
vt 0.352031 0.916013
vt 0.473617 0.920896
vt 0.364238 0.923338
vt 0.473861 0.927732
vt 0.378155 0.930662
vt 0.473861 0.935057
vt 0.396954 0.937498
vt 0.473861 0.942381
vt 0.419416 0.944334
vt 0.474105 0.949705
vt 0.444319 0.951659
vt 0.534165 0.833491
vt 0.528306 0.828608
vt 0.530259 0.827631
vt 0.526353 0.820795
vt 0.528794 0.820795
vt 0.525376 0.820795
vt 0.528306 0.812983
vt 0.530259 0.813471
vt 0.526841 0.812006
vt 0.531724 0.804682
vt 0.532701 0.806146
vt 0.534165 0.807611
vt 0.539048 0.799798
vt 0.539537 0.801752
vt 0.540025 0.803705
vt 0.54735 0.799798
vt 0.54735 0.80224
vt 0.54735 0.798334
vt 0.853999 0.858394
vt 0.853511 0.81933
vt 0.850093 0.858394
vt 0.850581 0.818842
vt 0.853999 0.817866
vt 0.857418 0.81933
vt 0.850093 0.817377
vt 0.856929 0.820795
vt 0.860836 0.82226
vt 0.847163 0.81933
vt 0.846675 0.818354
vt 0.860347 0.823237
vt 0.864742 0.825678
vt 0.857418 0.858394
vt 0.863765 0.826655
vt 0.868648 0.843257
vt 0.860836 0.858394
vt 0.856929 0.895993
vt 0.867672 0.843745
vt 0.868648 0.858394
vt 0.864254 0.858394
vt 0.867672 0.858394
vt 0.867672 0.873043
vt 0.868648 0.873043
vt 0.863765 0.890133
vt 0.864742 0.890622
vt 0.860347 0.893551
vt 0.860836 0.894528
vt 0.857418 0.896969
vt 0.853511 0.897458
vt 0.853999 0.898434
vt 0.850581 0.897946
vt 0.850093 0.898923
vt 0.847163 0.896969
vt 0.846675 0.898434
vt 0.846675 0.858394
vt 0.843745 0.895505
vt 0.843257 0.896481
vt 0.843745 0.821284
vt 0.843257 0.820307
vt 0.843257 0.858394
vt 0.840327 0.824213
vt 0.839839 0.823237
vt 0.840327 0.892575
vt 0.839839 0.893551
vt 0.839839 0.858394
vt 0.837886 0.826655
vt 0.836909 0.826167
vt 0.837886 0.890133
vt 0.836909 0.890622
vt 0.836909 0.858394
vt 0.833979 0.843257
vt 0.833003 0.843257
vt 0.833003 0.858394
vt 0.833979 0.858394
vt 0.833979 0.873043
vt 0.833003 0.873531
vt 0.041047 0.733879
vt 0.024049 0.73339
vt 0.043641 0.74218
vt 0.026551 0.741203
vt 0.044832 0.749504
vt 0.027833 0.749504
vt 0.04474 0.758293
vt 0.027741 0.758293
vt 0.043275 0.766594
vt 0.026276 0.766106
vt 0.04059 0.773919
vt 0.023591 0.773919
vt 0.040132 0.811029
vt 0.023133 0.810541
vt 0.042726 0.81933
vt 0.025636 0.818354
vt 0.043916 0.826655
vt 0.026917 0.826655
vt 0.043825 0.835444
vt 0.026826 0.835444
vt 0.04236 0.843745
vt 0.025361 0.843257
vt 0.039674 0.85107
vt 0.022675 0.85107
vt 0.043214 0.778802
vt 0.026215 0.778313
vt 0.044099 0.783196
vt 0.027131 0.783196
vt 0.043092 0.788079
vt 0.026093 0.788079
vt 0.040345 0.792474
vt 0.023377 0.792474
vt 0.043001 0.796869
vt 0.026002 0.796869
vt 0.043886 0.801752
vt 0.026887 0.801752
vt 0.042878 0.806635
vt 0.02588 0.806146
vt 0.042299 0.855953
vt 0.0253 0.855464
vt 0.043184 0.860347
vt 0.026185 0.860347
vt 0.042177 0.86523
vt 0.025178 0.86523
vt 0.458968 0.773919
vt 0.456282 0.766106
vt 0.441877 0.773919
vt 0.439192 0.766594
vt 0.454817 0.758293
vt 0.437727 0.758293
vt 0.454573 0.749504
vt 0.437727 0.749504
vt 0.456038 0.741203
vt 0.438948 0.74218
vt 0.45848 0.73339
vt 0.441389 0.733879
vt 0.459944 0.85107
vt 0.457259 0.843257
vt 0.442854 0.851558
vt 0.440169 0.843745
vt 0.455794 0.835444
vt 0.438704 0.835444
vt 0.45555 0.826655
vt 0.438459 0.827143
vt 0.456771 0.818354
vt 0.43968 0.81933
vt 0.459456 0.811029
vt 0.442366 0.811029
vt 0.459212 0.792474
vt 0.456526 0.788079
vt 0.442122 0.792474
vt 0.439436 0.788079
vt 0.455306 0.783196
vt 0.438459 0.783196
vt 0.456282 0.778313
vt 0.439192 0.778802
vt 0.456771 0.806146
vt 0.43968 0.806635
vt 0.45555 0.801752
vt 0.438704 0.801752
vt 0.456526 0.796869
vt 0.439436 0.796869
vt 0.457259 0.86523
vt 0.440413 0.86523
vt 0.456282 0.860347
vt 0.439192 0.860836
vt 0.457259 0.855464
vt 0.440169 0.855953
vt 0.041963 0.656728
vt 0.024964 0.656728
vt 0.044527 0.66454
vt 0.027467 0.664052
vt 0.045747 0.672353
vt 0.028748 0.672353
vt 0.045656 0.681143
vt 0.028657 0.681143
vt 0.044191 0.688955
vt 0.027192 0.688955
vt 0.041505 0.696768
vt 0.024506 0.696768
vt 0.042177 0.638661
vt 0.025178 0.638661
vt 0.044832 0.643056
vt 0.027833 0.643056
vt 0.045717 0.647938
vt 0.028718 0.64745
vt 0.04471 0.652333
vt 0.027711 0.652333
vt 0.04413 0.701651
vt 0.027131 0.701163
vt 0.045015 0.706046
vt 0.028047 0.706046
vt 0.044008 0.710929
vt 0.027009 0.710929
vt 0.041292 0.715323
vt 0.024293 0.715323
vt 0.043916 0.719718
vt 0.026917 0.719718
vt 0.044801 0.724601
vt 0.027802 0.724601
vt 0.043794 0.729484
vt 0.026795 0.728996
vt 0.457015 0.620106
vt 0.454329 0.612781
vt 0.440169 0.620594
vt 0.437483 0.612781
vt 0.452864 0.604968
vt 0.436018 0.604968
vt 0.452864 0.596179
vt 0.435774 0.596667
vt 0.454085 0.588366
vt 0.436995 0.588855
vt 0.456771 0.581042
vt 0.43968 0.581042
vt 0.457991 0.696768
vt 0.455306 0.688955
vt 0.440901 0.696768
vt 0.438215 0.688955
vt 0.453841 0.680654
vt 0.43675 0.681143
vt 0.453841 0.672353
vt 0.43675 0.672353
vt 0.455062 0.664052
vt 0.437971 0.66454
vt 0.457503 0.656239
vt 0.440413 0.656728
vt 0.454817 0.651845
vt 0.437727 0.652333
vt 0.453841 0.64745
vt 0.43675 0.64745
vt 0.454817 0.642567
vt 0.437727 0.643056
vt 0.457259 0.638173
vt 0.440413 0.638661
vt 0.458235 0.715323
vt 0.45555 0.71044
vt 0.441145 0.715323
vt 0.438459 0.710929
vt 0.454573 0.706046
vt 0.437483 0.706046
vt 0.455306 0.701163
vt 0.438459 0.701163
vt 0.455794 0.728996
vt 0.438704 0.729484
vt 0.454817 0.724601
vt 0.437727 0.724601
vt 0.45555 0.719718
vt 0.438704 0.719718
vt 0.042878 0.581042
vt 0.02588 0.581042
vt 0.045442 0.588855
vt 0.028382 0.588855
vt 0.046663 0.596667
vt 0.029664 0.596667
vt 0.046571 0.605457
vt 0.029572 0.604968
vt 0.045076 0.613269
vt 0.028077 0.612781
vt 0.04239 0.620594
vt 0.025391 0.620594
vt 0.043092 0.562975
vt 0.026093 0.562975
vt 0.045717 0.56737
vt 0.028718 0.56737
vt 0.046632 0.572253
vt 0.029633 0.572253
vt 0.045595 0.577136
vt 0.028596 0.576647
vt 0.045045 0.624989
vt 0.028047 0.624989
vt 0.04593 0.629872
vt 0.028932 0.629383
vt 0.044923 0.634266
vt 0.027924 0.634266
vt 0.453841 0.576647
vt 0.436995 0.576647
vt 0.452864 0.571764
vt 0.435774 0.572253
vt 0.453841 0.56737
vt 0.43675 0.56737
vt 0.456526 0.562487
vt 0.439436 0.562975
vt 0.454573 0.633778
vt 0.437483 0.634266
vt 0.453597 0.629383
vt 0.436506 0.629383
vt 0.454573 0.6245
vt 0.437483 0.624989
vt 0.037935 0.95117
vt 0.013611 0.95703
vt 0.138035 0.823725
vt 0.043245 0.86523
vt 0.044252 0.860347
vt 0.043367 0.855953
vt 0.040712 0.85107
vt 0.043397 0.843745
vt 0.044893 0.835444
vt 0.044984 0.826655
vt 0.043794 0.81933
vt 0.0412 0.811029
vt 0.043947 0.806635
vt 0.044954 0.801752
vt 0.044038 0.796869
vt 0.041414 0.792474
vt 0.04416 0.788079
vt 0.045167 0.783196
vt 0.044282 0.778802
vt 0.041627 0.773919
vt 0.139378 0.717765
vt 0.044313 0.766594
vt 0.045808 0.758293
vt 0.0459 0.749504
vt 0.04471 0.74218
vt 0.042116 0.733879
vt 0.044862 0.729484
vt 0.045869 0.724601
vt 0.044954 0.719718
vt 0.042329 0.715323
vt 0.045076 0.710929
vt 0.046083 0.706046
vt 0.045198 0.701651
vt 0.042543 0.696768
vt 0.045228 0.688955
vt 0.046724 0.681143
vt 0.046815 0.672353
vt 0.045595 0.66454
vt 0.043031 0.656728
vt 0.140599 0.612293
vt 0.045778 0.652333
vt 0.046785 0.647938
vt 0.045869 0.643056
vt 0.043245 0.638661
vt 0.045991 0.634266
vt 0.046998 0.629872
vt 0.046083 0.624989
vt 0.043458 0.620594
vt 0.046144 0.613269
vt 0.047609 0.605457
vt 0.047731 0.596667
vt 0.04648 0.588855
vt 0.043916 0.581042
vt 0.141575 0.522446
vt 0.046663 0.577136
vt 0.04767 0.572253
vt 0.046785 0.56737
vt 0.04416 0.562975
vt 0.046876 0.55858
vt 0.047884 0.554186
vt 0.046998 0.549303
vt 0.044374 0.544908
vt 0.039125 0.541002
vt 0.032411 0.539048
vt 0.018403 0.53563
vt 0.84814 0.052797
vt 0.88525 0.056368
vt 0.922361 0.062593
vt 0.773919 0.051057
vt 0.810541 0.05414
vt 0.937498 0.077486
vt 0.810541 0.065767
vt 0.773431 0.059328
vt 0.758782 0.052767
vt 0.756829 0.060823
vt 0.773431 0.070162
vt 0.847652 0.064608
vt 0.77636 0.082003
vt 0.740226 0.059084
vt 0.75634 0.071078
vt 0.73925 0.06943
vt 0.812006 0.07889
vt 0.75927 0.08298
vt 0.724113 0.065645
vt 0.741203 0.082492
vt 0.725089 0.079134
vt 0.713858 0.063936
vt 0.714347 0.078585
vt 0.725577 0.084201
vt 0.714347 0.083773
vt 0.741203 0.086276
vt 0.746574 0.088229
vt 0.751946 0.090915
vt 0.764153 0.09006
vt 0.755364 0.092929
vt 0.757317 0.094821
vt 0.758782 0.097568
vt 0.77929 0.088534
vt 0.770012 0.098544
vt 0.75927 0.10062
vt 0.758782 0.103488
vt 0.782708 0.096896
vt 0.813471 0.086337
vt 0.847163 0.078158
vt 0.76513 0.111545
vt 0.750969 0.113987
vt 0.788079 0.108066
vt 0.884274 0.067782
vt 0.920408 0.073946
vt 0.882321 0.080966
vt 0.847652 0.086032
vt 0.815424 0.095553
vt 0.880856 0.088534
vt 0.847652 0.095676
vt 0.82226 0.108921
vt 0.916501 0.086337
vt 0.933592 0.088961
vt 0.914548 0.093234
vt 0.9541 0.080416
vt 0.93115 0.09537
vt 0.949217 0.090915
vt 0.013337 0.980468
vt 0.340556 0.522446
vt 0.440657 0.773919
vt 0.437971 0.766594
vt 0.437971 0.778802
vt 0.436506 0.758293
vt 0.437239 0.783196
vt 0.436506 0.749504
vt 0.438215 0.788079
vt 0.437483 0.74218
vt 0.440901 0.792474
vt 0.440169 0.733879
vt 0.438215 0.796869
vt 0.437483 0.729484
vt 0.435774 0.588855
vt 0.438459 0.581042
vt 0.434553 0.596667
vt 0.434553 0.604968
vt 0.43553 0.576647
vt 0.434553 0.572253
vt 0.43553 0.56737
vt 0.438215 0.562975
vt 0.43553 0.55858
vt 0.434309 0.553697
vt 0.435285 0.549303
vt 0.437971 0.54442
vt 0.443098 0.541002
vt 0.449934 0.539048
vt 0.463851 0.535142
vt 0.031343 0.539048
vt 0.018525 0.53563
vt 0.018555 0.539048
vt 0.038057 0.541002
vt 0.022828 0.54149
vt 0.026307 0.54442
vt 0.043306 0.544908
vt 0.04593 0.549303
vt 0.028932 0.549303
vt 0.046846 0.554186
vt 0.029847 0.553697
vt 0.045808 0.55858
vt 0.02884 0.55858
vt 0.453597 0.558092
vt 0.43675 0.55858
vt 0.45262 0.553697
vt 0.435774 0.553697
vt 0.453597 0.548814
vt 0.436506 0.549303
vt 0.456282 0.54442
vt 0.439192 0.54442
vt 0.444563 0.541002
vt 0.4597 0.54149
vt 0.464095 0.539048
vt 0.451155 0.539048
vt 0.464095 0.535142
vt 0.578112 0.12595
vt 0.53563 0.128147
vt 0.502426 0.129002
vt 0.541002 0.111545
vt 0.515122 0.113254
vt 0.570788 0.109836
vt 0.539048 0.097873
vt 0.507309 0.101535
vt 0.49559 0.114231
vt 0.508774 0.148534
vt 0.498276 0.149022
vt 0.491684 0.129612
vt 0.483383 0.114841
vt 0.480209 0.131443
vt 0.488021 0.150731
vt 0.470931 0.116428
vt 0.468734 0.13535
vt 0.476791 0.154027
vt 0.467513 0.157445
vt 0.459944 0.139866
vt 0.450667 0.126072
vt 0.459212 0.120762
vt 0.443586 0.117527
vt 0.452132 0.111667
vt 0.436995 0.109592
vt 0.464339 0.106845
vt 0.445784 0.103915
vt 0.430891 0.100986
vt 0.477767 0.10477
vt 0.458968 0.098972
vt 0.440413 0.096469
vt 0.424299 0.085421
vt 0.490951 0.103366
vt 0.473373 0.096774
vt 0.454329 0.092685
vt 0.434309 0.083468
vt 0.423566 0.06943
vt 0.504379 0.09299
vt 0.488021 0.095187
vt 0.470199 0.090732
vt 0.448958 0.081942
vt 0.433576 0.071017
vt 0.465316 0.080233
vt 0.447981 0.072359
vt 0.437239 0.060305
vt 0.428449 0.055605
vt 0.971679 0.072542
vt 0.970702 0.082064
vt 0.985839 0.071139
vt 0.984863 0.08359
vt 0.995117 0.085543
vt 0.964843 0.092868
vt 0.979003 0.096652
vt 0.988769 0.101169
vt 0.945799 0.096957
vt 0.960448 0.099155
vt 0.973632 0.104099
vt 0.982421 0.109775
vt 0.928221 0.103549
vt 0.941893 0.105014
vt 0.955077 0.107028
vt 0.967284 0.111911
vt 0.975585 0.11771
vt 0.911618 0.101718
vt 0.923338 0.114414
vt 0.960448 0.121006
vt 0.968749 0.126316
vt 0.948241 0.116611
vt 0.936033 0.115024
vt 0.950682 0.135594
vt 0.959471 0.14011
vt 0.938963 0.131687
vt 0.927732 0.129734
vt 0.916501 0.129246
vt 0.942381 0.154393
vt 0.951659 0.157689
vt 0.93115 0.150975
vt 0.920896 0.149266
vt 0.910642 0.148778
vt 0.883297 0.128391
vt 0.903806 0.113437
vt 0.840815 0.126072
vt 0.877926 0.111667
vt 0.879879 0.097995
vt 0.84814 0.109775
vt 0.796381 0.128025
vt 0.800287 0.151952
vt 0.77636 0.108493
vt 0.787591 0.132664
vt 0.784661 0.12302
vt 0.790521 0.146336
vt 0.787591 0.144627
vt 0.788079 0.146825
vt 0.787103 0.149022
vt 0.785638 0.151097
vt 0.783196 0.152684
vt 0.780267 0.153661
vt 0.769036 0.154515
vt 0.75927 0.153417
vt 0.786126 0.142674
vt 0.784173 0.140965
vt 0.781732 0.139866
vt 0.778313 0.1395
vt 0.776849 0.134495
vt 0.767571 0.141819
vt 0.774895 0.126682
vt 0.77636 0.124119
vt 0.777337 0.120151
vt 0.776849 0.117954
vt 0.764641 0.132054
vt 0.775384 0.116245
vt 0.773431 0.115146
vt 0.770501 0.114841
vt 0.768059 0.115268
vt 0.758293 0.122166
vt 0.754875 0.118198
vt 0.750969 0.128758
vt 0.743645 0.120762
vt 0.747551 0.124912
vt 0.766106 0.137303
vt 0.754875 0.135105
vt 0.75634 0.14011
vt 0.757805 0.144749
vt 0.925291 0.769036
vt 0.928709 0.769036
vt 0.925291 0.731437
vt 0.928709 0.73046
vt 0.928709 0.729484
vt 0.932127 0.729972
vt 0.924802 0.73046
vt 0.931639 0.730949
vt 0.935545 0.730949
vt 0.920408 0.734855
vt 0.919431 0.733879
vt 0.935057 0.732414
vt 0.939451 0.73339
vt 0.932127 0.769036
vt 0.938475 0.734855
vt 0.941893 0.73632
vt 0.935545 0.769036
vt 0.931639 0.806635
vt 0.940916 0.736808
vt 0.946287 0.753899
vt 0.938963 0.769036
vt 0.935057 0.805658
vt 0.944823 0.753899
vt 0.946287 0.769036
vt 0.941893 0.769036
vt 0.944823 0.769036
vt 0.944823 0.783685
vt 0.946287 0.783685
vt 0.940916 0.800775
vt 0.941893 0.801752
vt 0.938475 0.803217
vt 0.939451 0.804193
vt 0.935545 0.806635
vt 0.932127 0.8081
vt 0.928709 0.807123
vt 0.928709 0.808588
vt 0.925291 0.806146
vt 0.924802 0.807611
vt 0.920408 0.802728
vt 0.919431 0.803705
vt 0.919919 0.769036
vt 0.91699 0.800287
vt 0.916013 0.801264
vt 0.91699 0.737297
vt 0.916013 0.736808
vt 0.916013 0.769036
vt 0.912107 0.75341
vt 0.910642 0.75341
vt 0.910642 0.769036
vt 0.912107 0.769036
vt 0.912107 0.784173
vt 0.910642 0.784173
vt 0.887204 0.817866
vt 0.887204 0.818842
vt 0.890622 0.817866
vt 0.890622 0.818842
vt 0.894528 0.818842
vt 0.89404 0.820307
vt 0.897946 0.821284
vt 0.896969 0.82226
vt 0.902341 0.82519
vt 0.897946 0.858394
vt 0.900876 0.825678
vt 0.906735 0.843257
vt 0.90527 0.843745
vt 0.906735 0.858394
vt 0.901852 0.858394
vt 0.90527 0.858394
vt 0.90527 0.873531
vt 0.829096 0.857906
vt 0.826167 0.857906
vt 0.829096 0.872555
vt 0.830561 0.857906
vt 0.830561 0.872555
vt 0.829096 0.843257
vt 0.830561 0.843257
vt 0.82519 0.889157
vt 0.826167 0.890133
vt 0.82519 0.826655
vt 0.826167 0.826167
vt 0.822748 0.89111
vt 0.823725 0.857906
vt 0.823725 0.892087
vt 0.822748 0.824702
vt 0.823725 0.823725
vt 0.819819 0.893063
vt 0.820307 0.857906
vt 0.820795 0.894528
vt 0.819819 0.822748
vt 0.820795 0.821772
vt 0.815912 0.895993
vt 0.816401 0.857906
vt 0.816401 0.896969
vt 0.815912 0.820307
vt 0.816401 0.818842
vt 0.812983 0.896969
vt 0.812983 0.857906
vt 0.812983 0.898434
vt 0.812983 0.818842
vt 0.812983 0.817866
vt 0.809565 0.896969
vt 0.809565 0.898434
vt 0.809565 0.857906
vt 0.809565 0.818842
vt 0.809565 0.817866
vt 0.806635 0.895993
vt 0.805658 0.896969
vt 0.806635 0.819819
vt 0.805658 0.818842
vt 0.803217 0.89404
vt 0.806146 0.857906
vt 0.80224 0.895016
vt 0.803217 0.82226
vt 0.80224 0.821284
vt 0.79931 0.890133
vt 0.802728 0.857906
vt 0.797845 0.890622
vt 0.79931 0.825678
vt 0.797845 0.82519
vt 0.794916 0.872555
vt 0.793451 0.873043
vt 0.793451 0.857906
vt 0.798334 0.857906
vt 0.794916 0.857906
vt 0.794916 0.843257
vt 0.793451 0.843257
vt 0.968261 0.811518
vt 0.972167 0.811029
vt 0.968261 0.810053
vt 0.971679 0.809565
vt 0.975585 0.809565
vt 0.965331 0.809565
vt 0.964843 0.811029
vt 0.968261 0.769524
vt 0.975097 0.8081
vt 0.979491 0.806635
vt 0.961913 0.8081
vt 0.972167 0.769524
vt 0.961425 0.809565
vt 0.978027 0.805658
vt 0.984375 0.785638
vt 0.975585 0.769524
vt 0.958495 0.805658
vt 0.958006 0.806635
vt 0.98291 0.78515
vt 0.984375 0.769524
vt 0.979003 0.769524
vt 0.98291 0.769524
vt 0.98291 0.75341
vt 0.984375 0.75341
vt 0.978027 0.732902
vt 0.979491 0.731925
vt 0.975097 0.73046
vt 0.975585 0.729484
vt 0.971679 0.728996
vt 0.972167 0.728019
vt 0.968261 0.728507
vt 0.968261 0.727531
vt 0.965331 0.728996
vt 0.964843 0.727531
vt 0.965331 0.769524
vt 0.961913 0.73046
vt 0.961425 0.729484
vt 0.961425 0.769524
vt 0.958495 0.732902
vt 0.958006 0.731925
vt 0.958006 0.769524
vt 0.956053 0.735344
vt 0.954588 0.734855
vt 0.956053 0.803217
vt 0.954588 0.803705
vt 0.955077 0.769524
vt 0.950682 0.784173
vt 0.949705 0.784661
vt 0.949705 0.769524
vt 0.950682 0.769524
vt 0.950682 0.754387
vt 0.949705 0.754387
vt 0.597644 0.966796
vt 0.597644 0.988769
vt 0.604968 0.966796
vt 0.604968 0.988769
vt 0.590319 0.988769
vt 0.612293 0.966796
vt 0.590319 0.966796
vt 0.612293 0.988769
vt 0.582507 0.988769
vt 0.619617 0.988769
vt 0.582507 0.966796
vt 0.619617 0.966796
vt 0.575182 0.988769
vt 0.626942 0.966796
vt 0.575182 0.966796
vt 0.626942 0.988769
vt 0.567858 0.966796
vt 0.634754 0.988769
vt 0.567858 0.988769
vt 0.634754 0.966796
vt 0.560534 0.966796
vt 0.642079 0.966796
vt 0.560534 0.988769
vt 0.642079 0.988769
vt 0.649403 0.988769
vt 0.649403 0.966796
vt 0.553209 0.966796
vt 0.553209 0.988769
vt 0.545884 0.966796
vt 0.545884 0.988769
vt 0.538072 0.966796
vt 0.538072 0.988769
vt 0.530747 0.988769
vt 0.530747 0.966796
vn 0.7087 0.3386 -0.6063
vn 0.2047 0.9213 -0.315
vn 0.4016 0.3543 -0.8346
vn 0.0315 0.9921 0
vn 0.4646 0.8819 0.0394
vn -0.4488 0.8819 0.0157
vn 0.5039 0.8504 -0.0866
vn 0.9606 0.2362 0.0551
vn 0.3228 0.9134 -0.2283
vn 0.8898 0.3386 -0.2835
vn 0.9291 0.315 -0.1732
vn 0.9606 -0.2598 0.0394
vn 0.9291 -0.315 -0.1732
vn 0.4094 0.874 -0.2441
vn 0.7717 -0.3071 -0.5433
vn 0.7795 0.3386 -0.5118
vn 0.5433 -0.3071 -0.7717
vn -0.2756 0.9134 0.2756
vn 0.2835 0.8898 -0.3386
vn 0.5433 0.3386 -0.7559
vn 0.0551 -0.2913 -0.9528
vn 0.0551 0.3386 -0.937
vn 0.0157 0.8583 -0.5039
vn -0.1575 0.9134 0.3622
vn -0.3701 0.315 0.8661
vn -0.0394 0.3307 0.937
vn 0 0.8898 0.4409
vn 0.1339 0.8976 0.4094
vn 0.3386 0.315 0.8819
vn 0.2835 0.9055 0.3071
vn 0.622 0.315 0.7087
vn 0.3622 0.9134 0.1575
vn 0.8504 0.3228 0.3937
vn -0.189 0.8819 -0.4252
vn 0.4094 0.9055 0.0394
vn 0.937 0.3307 0.0394
vn -0.4567 0.3307 -0.8189
vn -0.315 0.8898 -0.3071
vn -0.4488 -0.2992 -0.8346
vn 0.4016 0.9055 -0.1102
vn -0.4409 0.8819 -0.1339
vn -0.8898 0.3386 -0.2835
vn -0.685 0.3465 -0.6299
vn -0.9528 0.2756 -0.0157
vn -0.8898 -0.315 -0.3071
vn -0.9685 -0.2362 -0.0551
vn -0.6772 -0.3071 -0.6535
vn -0.3386 -0.8819 -0.315
vn -0.4252 -0.8819 -0.189
vn -0.2126 -0.8661 -0.4331
vn 0.0157 -0.8425 -0.5276
vn 0 -0.9921 -0.0157
vn 0.2913 -0.874 -0.3622
vn 0.3858 -0.874 -0.2677
vn 0.4882 -0.8583 -0.1181
vn 0.4724 -0.874 0
vn -0.3465 -0.9291 0.1024
vn -0.378 -0.9213 -0.0157
vn -0.2756 -0.9213 0.252
vn -0.8819 -0.3386 0.315
vn -0.685 -0.3386 0.6299
vn -0.9291 -0.3543 -0.0394
vn -0.3701 -0.3465 0.8504
vn -0.315 -0.9291 -0.1732
vn -0.8346 -0.3307 -0.4252
vn -0.1496 -0.9291 0.3071
vn -0.0394 -0.3543 0.9291
vn -0.252 -0.9134 -0.2992
vn -0.5984 -0.3071 -0.7323
vn -0.1102 -0.9055 -0.4016
vn -0.315 -0.315 -0.8898
vn 0.0394 -0.9134 -0.3858
vn 0.0551 -0.3386 -0.937
vn 0.4016 -0.3228 -0.8504
vn 0.2047 -0.9213 -0.315
vn 0.7008 -0.3071 -0.6299
vn 0.2992 -0.9134 -0.252
vn 0.8898 -0.315 -0.3071
vn 0.4016 -0.9055 -0.1102
vn 0.9291 -0.3465 0.0157
vn 0.3937 -0.9134 0
vn 0.8504 -0.3701 0.3465
vn -0.4409 -0.8898 0
vn 0.3543 -0.9213 0.1339
vn 0.6299 -0.3386 0.685
vn 0.2756 -0.9213 0.252
vn 0.315 -0.3386 0.8819
vn 0.1339 -0.9213 0.3543
vn 0 -0.9134 0.3937
vn 0.1654 -0.0157 0.9843
vn 0.0945 0.1102 0.9843
vn 0.1181 -0.0157 0.9843
vn 0.126 -0.252 0.9528
vn 0.2205 -0.2441 0.937
vn 0.2047 0 0.9764
vn 0.3228 -0.2283 0.9134
vn 0.2283 -0.7087 0.6535
vn 0.4646 -0.622 0.622
vn 0.4094 -0.1339 0.8976
vn 0.1654 -0.9606 0.2126
vn 0.7165 -0.3701 0.5827
vn 0.0945 -0.7087 0.685
vn 0.4961 -0.8504 0.1417
vn 0.4331 -0.0394 0.8898
vn 0.4252 -0.0157 0.8976
vn 0.2047 -0.0157 0.9764
vn 0.7874 -0.0236 0.6063
vn 0.0157 0.063 0.9921
vn -0.1024 -0.0157 0.9921
vn -0.2677 0.0787 0.9528
vn -0.378 -0.0157 0.9213
vn 0 0.4173 0.9055
vn 0.811 -0.1181 0.5669
vn 0.9921 -0.0315 0.0472
vn 0.126 0.252 0.9528
vn 0.1102 0.5118 0.8425
vn 0.0394 0.4882 0.8661
vn 0.0394 0.2362 0.9685
vn -0.0394 0.4882 0.8661
vn 0.0315 -0.0157 0.9921
vn -0.0551 0.2362 0.9606
vn -0.1496 0.2598 0.9528
vn -0.1417 0.4961 0.8504
vn -0.1496 0.0551 0.9843
vn 0 0.2913 0.9528
vn -0.1654 -0.0157 0.9843
vn 0 -0.0157 0.9921
vn -0.2283 -0.0157 0.9685
vn -0.2283 0 0.9685
vn -0.2756 -0.0157 0.9528
vn -0.063 -0.0157 0.9921
vn -0.1417 -0.2283 0.9528
vn -0.378 -0.2362 0.8898
vn 0.0394 -0.2362 0.9685
vn -0.0551 -0.2598 0.9606
vn 0.0394 -0.7165 0.6929
vn -0.0394 -0.7165 0.6929
vn -0.2756 -0.252 0.9213
vn -0.1181 -0.7008 0.7008
vn 0.0945 -0.1496 0.9764
vn -0.2835 -0.1496 0.9449
vn 0.0157 -0.0866 0.9921
vn -0.9921 0 0.0079
vn -0.9843 -0.1417 0.0157
vn -0.8346 -0.1417 0.5197
vn -0.7402 -0.3701 0.5512
vn -0.8346 -0.0394 0.5354
vn -0.5118 -0.0394 0.8504
vn -0.5039 -0.0157 0.8583
vn -0.3228 -0.0157 0.937
vn -0.4646 -0.1339 0.8661
vn -0.126 -0.9606 -0.2283
vn -0.0157 -0.9528 -0.2992
vn -0.2598 -0.8898 -0.3622
vn 0.0157 -0.9843 -0.1654
vn -0.0866 -0.8504 -0.5039
vn 0.063 -0.8583 -0.4961
vn 0.0315 -0.9685 -0.2362
vn 0.126 -0.9528 -0.252
vn 0.1102 -0.4567 -0.874
vn 0.2126 -0.8504 -0.4646
vn 0.4252 -0.8504 -0.2992
vn 0.2598 -0.9449 -0.1732
vn 0.5354 -0.7874 -0.2756
vn 0.252 -0.9528 -0.1496
vn 0.6772 -0.4882 -0.5433
vn 0.8031 -0.3858 -0.4331
vn 0.3937 -0.4724 -0.7874
vn 0.2992 -0.811 -0.4803
vn 0.4409 -0.4173 -0.7874
vn -0.0394 -0.7953 -0.5906
vn 0 -0.9606 -0.2677
vn -0.1102 -0.4016 -0.9055
vn 0.4803 -0.0866 -0.8661
vn -0.1339 -0.0945 -0.9843
vn -0.3858 -0.8031 -0.4331
vn -0.5197 -0.7638 -0.3701
vn -0.8031 -0.4094 -0.4094
vn -0.6142 -0.4016 -0.6693
vn -0.874 -0.1102 -0.4567
vn -0.685 -0.0866 -0.7165
vn -0.7008 0.0157 -0.7008
vn -0.8898 0.0157 -0.4488
vn -0.1417 0.0157 -0.9843
vn 0.5039 0.0157 -0.8583
vn 0.8898 0.0157 -0.4488
vn 0.8661 -0.0866 -0.4803
vn 0.7874 0.0157 -0.6063
vn 0.7559 -0.0866 -0.6378
vn 0.4803 0.0157 -0.874
vn 0.4488 -0.0866 -0.8819
vn 0.1654 0.0157 -0.9843
vn 0.1575 -0.0945 -0.9764
vn -0.5827 0.0157 -0.8031
vn -0.5669 -0.1181 -0.8031
vn -0.1339 -0.4409 -0.8819
vn -0.7874 0.0157 -0.6063
vn -0.5118 -0.4803 -0.7008
vn -0.7559 -0.0866 -0.6378
vn -0.2756 0.0157 -0.9528
vn -0.7008 -0.4252 -0.5591
vn -0.4094 -0.8189 -0.378
vn -0.2756 -0.1024 -0.9528
vn 0.4252 0.0157 -0.8976
vn -0.2362 -0.4094 -0.874
vn -0.1181 -0.811 -0.5669
vn 0.4252 -0.0866 -0.8976
vn 0.6772 0.0157 -0.7244
vn 0.3858 -0.4094 -0.8189
vn 0.2441 -0.8268 -0.4961
vn 0.6614 -0.0866 -0.7402
vn 0.378 -0.8346 -0.378
vn 0.1654 -0.9685 -0.1575
vn 0.6142 -0.4016 -0.6693
vn 0.189 -0.9606 -0.1654
vn 0.7008 -0.4252 -0.5591
vn 0.9685 0.0157 -0.2283
vn 0.4252 -0.8346 -0.3228
vn 0.2598 -0.9606 -0.0315
vn 0.9606 -0.0551 -0.2598
vn 0.9843 -0.0315 0.1654
vn 0.8661 -0.4331 -0.2126
vn 0.5354 -0.8268 -0.1654
vn 0.9685 -0.1181 0.1811
vn 0.9213 -0.0157 0.3701
vn 0.9213 -0.1339 0.3543
vn 0.8189 -0.4567 0.3307
vn 0.5748 -0.811 0.063
vn 0.5276 -0.8031 0.252
vn 0.8819 -0.4252 0.189
vn 0 0.9606 -0.2677
vn 0.252 0.9528 -0.1496
vn -0.0157 0.8031 -0.5827
vn -0.3858 0.8031 -0.4331
vn -0.5197 0.7795 -0.3386
vn -0.8031 0.4094 -0.4094
vn -0.622 0.4331 -0.6457
vn -0.874 0.1102 -0.4567
vn -0.7008 0.1181 -0.7008
vn -0.1102 0.4331 -0.8898
vn 0.2992 0.8346 -0.4567
vn -0.1339 0.1181 -0.9764
vn 0.4488 0.4488 -0.7638
vn 0.5591 0.7874 -0.252
vn 0.2835 0.9449 -0.1496
vn 0.4882 0.1102 -0.8583
vn 0.8031 0.4094 -0.4094
vn 0.4252 0.8504 -0.2992
vn 0.1496 0.9528 -0.2283
vn 0.874 0.1102 -0.4567
vn 0.6772 0.5118 -0.5118
vn 0.2441 0.8583 -0.4409
vn 0.7638 0.1181 -0.622
vn 0.063 0.874 -0.4724
vn 0.0551 0.9764 -0.189
vn -0.0157 0.9528 -0.2756
vn 0.4567 0.1102 -0.874
vn 0.3937 0.4961 -0.7638
vn 0.1575 0.1181 -0.9764
vn 0.1102 0.4882 -0.8583
vn -0.5827 0.1417 -0.7953
vn -0.1417 0.4646 -0.8661
vn -0.063 0.8583 -0.4961
vn -0.7638 0.1181 -0.622
vn -0.5118 0.5118 -0.6772
vn -0.2598 0.8898 -0.3622
vn -0.126 0.9606 -0.2283
vn 0.0157 0.9843 -0.1417
vn -0.7008 0.4252 -0.5591
vn -0.4016 0.8346 -0.3543
vn -0.0866 0.8189 -0.5591
vn -0.2441 0.4409 -0.8583
vn -0.2756 0.126 -0.9449
vn 0.2441 0.8425 -0.4724
vn 0.378 0.8504 -0.3465
vn 0.189 0.9606 -0.1654
vn 0.2047 0.9685 -0.1181
vn 0.4331 0.1102 -0.8898
vn 0.3858 0.4409 -0.8031
vn 0.6693 0.1181 -0.7244
vn 0.622 0.4331 -0.6457
vn 0.7008 0.4567 -0.5354
vn 0.2598 0.9606 -0.0315
vn 0.9606 0.126 -0.2283
vn 0.8661 0.4331 -0.2126
vn 0.5591 0.8031 -0.1654
vn 0.5827 0.8031 0.0866
vn 0.5354 0.7874 0.2756
vn 0.8898 0.4016 0.1811
vn 0.8189 0.4094 0.3858
vn 0.9685 0.0945 0.1969
vn 0.9055 0.0866 0.4016
vn 0.4252 0.0157 0.8976
vn 0.7087 0.3386 0.6063
vn 0.4016 0.1102 0.9055
vn 0.5118 0.8346 0.189
vn 0.4646 0.5984 0.6457
vn 0.1732 0.9449 0.2598
vn 0.1102 0.9843 -0.1102
vn 0.3228 0.2047 0.9213
vn 0.2283 0.6614 0.7087
vn 0.2126 0.1969 0.9528
vn 0.0945 0.685 0.7087
vn 0.0394 0.9528 0.2835
vn 0.0157 0.9921 -0.0866
vn 0.0787 0.9291 -0.3465
vn 0 0.9449 -0.315
vn 0.1181 0.2047 0.9685
vn 0.0157 0.9606 -0.252
vn 0.0157 0.9528 -0.2992
vn 0.0551 0.9528 -0.2913
vn 0.0315 0.9843 -0.1654
vn 0.0551 0.9606 -0.2598
vn 0.0787 0.9449 -0.2913
vn 0.0157 0.9528 0.2756
vn 0.0315 0.9921 -0.063
vn 0.0787 0.9606 -0.2441
vn 0.0394 0.6693 0.7323
vn 0 0.9449 0.315
vn 0.0315 0.9921 -0.0866
vn 0 0.9134 -0.3937
vn 0.0315 0.189 0.9764
vn -0.0394 0.6693 0.7323
vn -0.0551 0.2126 0.9685
vn -0.1181 0.6772 0.7244
vn -0.1417 0.2047 0.9606
vn -0.0394 0.9528 0.2835
vn 0.0394 -0.2835 0.9528
vn -0.063 -0.3071 0.9449
vn -0.0394 -0.5118 0.8504
vn 0.0394 -0.5354 0.8346
vn -0.1496 -0.2835 0.9449
vn -0.1417 -0.5197 0.8346
vn -0.1496 -0.0709 0.9843
vn 0 -0.315 0.9449
vn 0.126 -0.2756 0.9449
vn 0.1181 -0.5433 0.8268
vn 0 -0.4409 0.8898
vn 0.8504 0 0.5197
vn 0.6693 0 0.7323
vn 0.8661 0 0.4961
vn 0.7165 0 0.6929
vn 0.4331 0.0394 0.8898
vn 0.9528 0 0.2913
vn 0.8583 -0.0157 0.5039
vn 0.4803 0.0157 0.874
vn 0.2677 0 0.9606
vn 0.9921 0 0.063
vn 0.9921 0.0157 0.0472
vn 0.9528 -0.0157 0.2756
vn 0.9921 -0.0157 0.0315
vn 0.9843 0.0157 -0.1417
vn 0.9764 0.0315 -0.189
vn 0.9213 0.0157 -0.378
vn 0.8898 0.063 -0.4409
vn 0.9764 0 -0.1811
vn 0.7795 0.0394 -0.6142
vn 0.7008 0.063 -0.7008
vn 0.8976 0.0157 -0.4252
vn 0.9843 0 -0.1654
vn 0.6063 0.0157 -0.7874
vn 0.5827 0.0157 -0.8031
vn 0.7244 0.0157 -0.6772
vn 0.6929 -0.0394 -0.7165
vn 0.7638 -0.0157 -0.6299
vn 0.8898 -0.063 -0.4409
vn 0.9134 0 -0.3937
vn 0.9764 -0.0157 -0.2047
vn -0.3701 0.1811 0.9055
vn -0.2677 0.2283 0.9291
vn -0.252 0.6693 0.6929
vn -0.4567 0.1102 0.874
vn -0.5039 0.0157 0.8583
vn -0.8189 0.0866 0.5591
vn -0.7323 0.3386 0.5748
vn -0.4882 0.5984 0.622
vn -0.9921 0.1024 0.0551
vn -0.8425 0.5197 0.063
vn -0.8031 0.1654 -0.5591
vn -0.8268 0.0157 -0.5591
vn -0.1654 0.9528 0.2362
vn -0.5118 0.8346 0.189
vn -0.4882 0.1102 -0.8583
vn -0.0551 0.9843 -0.1496
vn -0.6772 0.5354 -0.4882
vn -0.5039 0.0157 -0.8583
vn -0.378 0.1102 -0.9134
vn -0.4016 0.0157 -0.9134
vn -0.3307 0.4252 -0.8346
vn -0.4488 0.4488 -0.7638
vn -0.2756 0.5669 -0.7717
vn -0.3858 0.874 -0.2677
vn -0.252 0.7874 -0.5591
vn -0.3071 0.5748 -0.7559
vn 0 0.9213 -0.3701
vn -0.252 0.7402 -0.6142
vn -0.3701 0.5827 -0.7165
vn -0.4016 0.5906 -0.6929
vn -0.4567 0.5984 -0.6457
vn -0.0394 0.9528 -0.2835
vn -0.3386 0.7795 -0.5118
vn -0.4882 0.5748 -0.6535
vn -0.0709 0.9764 -0.1732
vn -0.5984 0.4882 -0.622
vn -0.1102 0.9843 -0.0945
vn -0.6693 0.4331 -0.5906
vn -0.4409 0.8031 -0.3858
vn -0.5118 0.7953 -0.3071
vn -0.748 0.1181 -0.6457
vn -0.748 0.0157 -0.6535
vn -0.7953 0 -0.5984
vn -0.7874 0.1181 -0.5906
vn -0.7008 0.4567 -0.5354
vn -0.5984 0.622 -0.4882
vn -0.622 0.5984 -0.4882
vn -0.6535 0.5984 -0.4567
vn -0.685 0.6299 -0.3386
vn -0.7953 0.5118 -0.3071
vn -0.5118 0.8268 -0.1969
vn -0.126 0.9843 -0.0157
vn -0.8346 0.4252 -0.3228
vn -0.9213 0.1339 -0.3543
vn -0.8425 0.4488 -0.2677
vn -0.9134 0.1102 -0.378
vn -0.7717 0.5984 -0.1969
vn -0.748 0.622 -0.1969
vn -0.811 0.5433 -0.189
vn -0.7165 0.6693 -0.1732
vn -0.9291 0.0157 -0.3543
vn -0.4961 0.8583 -0.063
vn -0.6378 0.7559 -0.0945
vn -0.7165 0.685 -0.0945
vn -0.5512 0.8268 -0.063
vn -0.7795 0.6142 -0.0945
vn -0.8898 0.4331 -0.1102
vn -0.9764 0.1181 -0.1339
vn -0.9843 0.0945 -0.1339
vn -0.9843 0.0157 -0.1181
vn -0.4409 0.8898 0.063
vn -0.4016 0.9055 0.0866
vn -0.4252 0.8976 0.0866
vn -0.4803 0.8661 0.0866
vn -0.4882 0.8661 0.0394
vn -0.4961 0.8583 0.063
vn -0.3858 0.9213 0.0394
vn -0.3858 -0.9134 0.063
vn -0.4331 -0.8898 0.0394
vn -0.4646 -0.8819 0.0394
vn -0.4803 -0.874 0.0157
vn -0.4882 -0.8661 0.0394
vn -0.3701 -0.9213 0
vn -0.4252 0.0157 -0.8976
vn -0.6772 0.0157 -0.7244
vn -0.4961 0.063 -0.8583
vn -0.4173 0.063 -0.9055
vn -0.252 0.0157 -0.9606
vn -0.7165 0.0394 -0.6929
vn -0.2756 0 -0.9606
vn -0.252 -0.0157 -0.9606
vn -0.4803 -0.0157 -0.874
vn -0.4331 -0.0394 -0.8976
vn -0.6929 0 -0.7165
vn -0.6693 0 -0.7323
vn -0.8425 0.0157 -0.5276
vn -0.8504 0 -0.5197
vn -0.8346 0 -0.5433
vn -0.8583 0.0157 -0.5039
vn -0.9528 0.0157 -0.2992
vn -0.9449 0 -0.315
vn -0.9921 0.0157 -0.063
vn -0.9921 0.0315 -0.0472
vn -0.9921 0 -0.0787
vn -0.9921 -0.0157 -0.063
vn -0.9764 0 0.1811
vn -0.9921 0.0157 -0.0315
vn -0.9685 0.0157 0.2283
vn -0.9843 -0.0157 0.1654
vn -0.9685 -0.0394 0.2126
vn -0.9055 0 0.4173
vn -0.9843 -0.0315 0.1654
vn -0.874 0.0157 0.4803
vn -0.9213 -0.0394 0.378
vn -0.8898 -0.063 0.4409
vn -0.7795 0 0.622
vn -0.8898 -0.0394 0.4331
vn -0.7244 0.0236 0.6772
vn -0.7953 -0.0394 0.5906
vn -0.7244 -0.0709 0.6772
vn -0.6457 0 0.7559
vn -0.7559 -0.0394 0.6457
vn -0.5748 0 0.811
vn -0.6535 -0.0236 0.748
vn -0.6063 -0.063 0.7874
vn -0.5276 -0.0157 0.8425
vn -0.6063 -0.0236 0.7874
vn -0.6535 0.0157 -0.748
vn -0.6929 0.0394 -0.7165
vn -0.4567 0.0394 -0.8819
vn -0.2283 0.0157 -0.9685
vn -0.2205 0 -0.9685
vn -0.4567 -0.0157 -0.8819
vn -0.4094 -0.0394 -0.9055
vn -0.6457 0 -0.7559
vn -0.7323 -0.0394 0.6693
vn -0.622 0 0.7795
vn -0.5512 0.0157 0.8268
vn -0.6457 -0.0394 0.7559
vn -0.5669 -0.0394 0.8189
vn -0.4803 -0.0157 0.874
vn -0.5827 -0.0157 0.8031
vn -0.9921 0 0.0236
vn -0.9921 0.0157 -0.0157
vn 0.7795 0.6142 0.0394
vn 0.9843 0.1496 0.0551
vn 0.9921 -0.0315 0
vn 0.9764 -0.189 0.0157
vn 0.7717 -0.6299 0.0157
vn -0.9528 0.0394 -0.2835
vn 0.1102 -0.9843 0.0709
vn 0.1024 -0.9921 0.0551
vn 0.1102 0.9843 0.0709
vn 0.1102 0.9843 0.0945
vn 0.9843 0.0709 0.1102
vn 0.9921 0.0866 0.0709
vn 0.9921 -0.0157 0.0472
vn 0.9921 -0.0157 0
vn 0.9921 0.0866 0.0472
vn 0.9134 0.3858 0.063
vn 0.9921 0.0787 0
vn 0.9921 0 -0.0157
vn 0.9921 0.0866 -0.0315
vn 0.9213 0.378 -0.0157
vn -0.7638 -0.622 -0.1181
vn -0.5433 -0.8268 -0.1181
vn -0.7559 -0.6378 -0.0945
vn -0.8583 -0.4882 -0.1181
vn -0.7795 -0.6142 -0.0945
vn -0.8819 -0.4409 -0.1339
vn -0.9764 -0.1181 -0.1575
vn -0.8661 -0.4646 -0.1417
vn -0.9764 -0.1181 -0.1339
vn -0.5512 -0.8268 -0.063
vn -0.126 -0.9843 -0.0157
vn -0.7717 -0.6299 -0.063
vn -0.126 -0.9843 -0.0315
vn -0.874 -0.4567 -0.1102
vn -0.8661 -0.4803 -0.0866
vn -0.8898 -0.4331 -0.1102
vn -0.9843 -0.1102 -0.1102
vn -0.8819 -0.4488 -0.0866
vn -0.9921 0.0157 -0.1024
vn -0.315 0 -0.9449
vn -0.3228 0.0157 -0.937
vn -0.5039 -0.0157 -0.8583
vn -0.4488 0.0157 -0.8898
vn -0.5118 0.0394 -0.8504
vn -0.4646 0.063 -0.874
vn -0.9528 0.0157 -0.2756
vn -0.9528 0 -0.2913
vn -0.9921 0 -0.063
vn -0.9921 0.0157 -0.0472
vn -0.9764 0 0.2047
vn -0.9764 -0.0315 0.189
vn -0.5984 0 0.7953
vn -0.5512 -0.0157 0.8268
vn -0.4331 -0.0394 0.8898
vn -0.3543 -0.0394 0.9291
vn -0.4252 -0.0157 0.8976
vn -0.3465 0 0.937
vn -0.3543 -0.0157 0.9291
vn 0.9921 -0.1024 0.0551
vn 0.9843 -0.126 0.0551
vn 0.9921 -0.1024 0
vn 0.9921 -0.0866 -0.0315
vn 0.9055 -0.4094 0.0394
vn 0.9055 -0.4173 0
vn 0.9213 -0.378 -0.0157
vn 0.5827 -0.8031 0.0157
vn 0.6063 -0.7874 0.0157
vn 0.1417 -0.9843 0
vn 0.9055 -0.4016 0.0866
vn 0.1575 -0.9843 0
vn -0.4803 0.0157 -0.874
vn -0.5354 -0.0394 0.8346
vn -0.2992 0.0157 -0.9449
vn -0.2913 0 -0.9528
vn -0.4409 0.063 -0.8898
vn 0.0157 -0.9921 0
vn 0 -0.9921 0.0079
vn 0.5669 -0.8189 0.0394
vn 0.9843 -0.1181 0.0157
vn 0.9921 -0.1181 0
vn 0.9134 -0.4016 0.0157
vn 0.9764 0.0157 -0.189
vn 0.8976 0.0394 -0.4331
vn 0.8031 0.0157 -0.5827
vn 0.7559 0.0394 -0.6457
vn 0.9606 0 0.2677
vn 0.6929 0 0.7165
vn 0.9606 -0.0157 0.252
vn 0.874 -0.0157 0.4803
vn 0.5039 0.0157 0.8583
vn 0.7008 -0.0236 0.7008
vn 0.6772 -0.0236 0.7244
vn 0.7323 -0.0394 0.6693
vn 0.4409 -0.063 0.8898
vn 0.9921 -0.0472 0.0079
vn 0.5118 -0.0394 0.8504
vn 0.2756 -0.0157 0.9528
vn 0.8976 -0.0394 -0.4331
vn 0.2992 -0.0157 0.9449
vn 0.2913 0 0.9528
vn 0.7953 0 -0.5984
vn 0.7559 -0.0394 -0.6457
vn 0.7638 0.0157 -0.6299
vn 0.622 0 -0.7795
vn 0.5433 -0.0394 -0.8346
vn 0.6299 0.0157 -0.7717
vn 0.5433 0.0394 -0.8346
vn 0.5591 0.0157 -0.8268
vn 0.4488 0.0157 -0.8898
vn -0.7244 0.0157 -0.6772
vn -0.4488 0.0866 -0.8819
vn -0.7008 0.0236 0.7008
vn -0.5512 0.063 -0.8268
vn -0.2047 0.0157 -0.9764
vn -0.1811 0.0157 -0.9764
vn -0.2047 0 -0.9764
vn -0.5512 -0.063 -0.8268
vn -0.4409 -0.063 -0.8898
vn -0.7165 0 -0.6929
vn -0.7165 -0.0394 0.6929
vn -0.4016 -0.0157 0.9134
vn 0.0157 0.9921 0.0315
vn 0 0.9921 0.0472
vn 0.1654 0.9843 0.0315
vn 0.5748 0.811 0.063
vn 0.5906 0.7953 0.0394
vn 0.9921 0.0866 0.0315
vn 0.9213 0.3858 0.0394
vn 0.9843 0.0157 -0.1181
vn 0.9843 -0.0157 0.1417
vn 0.9843 -0.0157 -0.1181
vn 0.9843 -0.0315 0.1417
vn 0.9843 -0.0551 0.1496
vn 0.8819 -0.0394 0.4646
vn 0.9843 -0.0551 -0.126
vn 0.8898 -0.0394 0.4331
vn 0.4961 -0.063 0.8583
vn 0.8819 0.0157 0.4488
vn 0.874 0.0157 0.4803
vn 0.9843 0.0157 0.1654
vn 0.9764 0.0157 0.1811
vn 0.9921 0.0315 -0.1024
vn 0.9843 0.0551 -0.126
vn 0.6457 0 -0.7559
vn 0.5827 -0.0157 -0.8031
vn 0.6535 0.0157 -0.748
vn 0.5906 0.0394 -0.7953
vn 0.9134 0.378 0.1102
vn 0.5827 0.8031 0.0157
vn 0.1417 0.9843 0.0157
vn -0.5591 0.7008 0.4252
vn -0.4882 0.5433 0.6772
vn -0.8661 0.3701 0.315
vn -0.7165 0.252 0.6378
vn -0.4173 0.7874 -0.4409
vn -0.9449 0.0787 0.2913
vn -0.7795 0.0394 0.6142
vn -0.9685 -0.0157 0.2283
vn -0.7638 0.3937 -0.5039
vn -0.5354 0.3071 -0.7795
vn -0.5748 0.063 -0.811
vn -0.8504 0.0866 -0.5039
vn -0.6063 0.0157 -0.7874
vn -0.9921 0.0157 0
vn -0.9921 -0.1024 0
vn -0.9921 -0.1181 0
vn -0.8898 -0.4409 0
vn -0.9055 -0.4173 0
vn -0.9134 -0.4016 -0.0157
vn -0.5591 -0.8268 -0.0157
vn -0.5433 -0.8346 0
vn -0.5512 -0.8268 0.0157
vn -0.7795 -0.622 0
vn -0.7953 -0.5984 0
vn -0.7323 -0.6693 0
vn -0.5039 -0.8583 0.0157
vn -0.6929 -0.7165 0.0394
vn -0.1417 -0.9843 0.0157
vn -0.9921 -0.1024 -0.0157
vn -0.8976 -0.4331 -0.0394
vn -0.7874 -0.6063 -0.0236
vn -0.7953 -0.5906 -0.0394
vn -0.1181 -0.9921 0
vn -0.9055 -0.4016 -0.1102
vn -0.9843 -0.0709 -0.1496
vn 0.0079 -0.9921 0.0157
vn 0.0315 -0.9921 0.0157
vn 0.0315 -0.9921 0
vn 0.1024 0.9921 0.0315
vn 0.1417 0.9843 0
vn 0.1181 0.9685 0.2047
vn 0.1575 0.9843 0
vn 0.126 0.9449 0.2756
vn 0.1417 0.9685 0.1811
vn 0.1339 0.8819 0.4409
vn 0.1417 0.8504 0.4961
vn 0.1417 0.7953 0.5827
vn -0.8583 0.063 0.4961
vn -0.9843 0.0945 0.1102
vn -0.7795 0.3386 0.5197
vn -0.9921 -0.0157 0.0866
vn -0.8898 0.4173 0.1575
vn -0.4646 0.6457 0.5984
vn -0.7559 0.0866 -0.6378
vn -0.7559 0 -0.6457
vn -0.6614 0.3465 -0.6614
vn -0.4173 0.2677 -0.8583
vn -0.4331 0.6693 -0.5906
vn -0.2441 0.4961 -0.8268
vn -0.5039 0.811 0.2756
vn -0.252 0.7638 0.5827
vn 0.0157 0.8898 -0.4488
vn 0.1181 0.622 -0.7638
vn -0.2283 0.9291 0.2677
vn -0.4094 0.8189 0.3858
vn 0.5984 0.622 -0.4882
vn -0.2205 0.9449 0.2126
vn -0.4803 0.811 0.3071
vn -0.1339 0.9843 0.0945
vn -0.2756 0.7874 0.5354
vn 0.4724 0.8268 -0.2756
vn 0.6693 0.5906 -0.4252
vn 0.2677 0.8425 -0.4488
vn 0.4016 0.6142 -0.6693
vn -0.0945 0.9685 0.1969
vn -0.0394 0.7953 0.5906
vn 0 0.9685 0.2205
vn 0.1654 0.7795 0.5906
vn 0.0394 0.8504 -0.5118
vn 0.063 0.6299 -0.7717
vn 0.0551 0.9606 0.2362
vn 0.3858 0.7874 0.4724
vn -0.1417 0.8504 -0.4961
vn -0.1969 0.622 -0.748
vn 0.1339 0.9685 0.1575
vn 0.0394 0.8819 0.4646
vn -0.3228 0.8504 -0.3937
vn -0.4567 0.622 -0.622
vn 0 0.9843 -0.1654
vn 0.0394 0.9291 0.3543
vn -0.0394 0.7402 -0.6693
vn -0.3937 0.7638 0.4961
vn -0.1654 0.9606 0.2126
vn -0.4173 0.7874 0.4409
vn 0.3701 0.8661 -0.3228
vn 0.5433 0.6299 -0.5433
vn -0.189 0.9528 0.2126
vn 0.3937 0.8661 -0.2913
vn -0.126 0.937 0.2992
vn -0.1654 0.6142 0.7638
vn 0.4646 0.8504 -0.2205
vn 0.6614 0.6378 -0.3701
vn 0.6929 0.7165 -0.0394
vn 0.7717 0.5669 -0.2756
vn 0.8976 0.4094 0.1339
vn 0.9213 0.3228 -0.2047
vn 0.4331 0.3543 0.8189
vn 0.1732 0.0551 0.9764
vn 0.9685 0.0787 0.2205
vn 0.9764 0.0945 -0.1496
vn 0.5276 0.0866 0.8346
vn 0.189 -0.0157 0.9764
vn 0.5512 -0.0157 0.8268
vn -0.126 -0.9843 0.0551
vn -0.2126 -0.9528 0.189
vn -0.4803 -0.8268 0.2756
vn -0.4016 -0.8346 0.3543
vn -0.2756 -0.811 0.5039
vn -0.2205 -0.937 0.2441
vn -0.252 -0.7874 0.5591
vn -0.4961 -0.8268 0.252
vn -0.4567 -0.6772 0.5669
vn 0.0157 -0.874 -0.4803
vn -0.8819 -0.4409 0.1339
vn -0.7874 -0.3858 0.4724
vn -0.4331 -0.6457 -0.622
vn 0.1181 -0.622 -0.7638
vn -0.2441 -0.4646 -0.8425
vn 0.5984 -0.5984 -0.5118
vn -0.4016 -0.2126 -0.8819
vn 0.4803 -0.811 -0.2992
vn 0.6693 -0.5906 -0.4252
vn 0.2756 -0.8268 -0.4724
vn 0.4016 -0.5906 -0.6929
vn -0.6535 -0.3071 -0.6772
vn -0.9843 -0.126 0.0709
vn -0.8661 -0.0866 0.4803
vn -0.748 -0.063 -0.6535
vn 0.0394 -0.8504 -0.5118
vn 0.063 -0.5984 -0.7874
vn -0.1417 -0.8346 -0.5197
vn -0.1969 -0.5984 -0.7717
vn -0.3307 -0.8346 -0.4252
vn -0.4567 -0.5984 -0.6457
vn -0.0157 -0.9843 -0.1654
vn 0.1339 -0.9843 0.0945
vn -0.0394 -0.7165 -0.6929
vn 0.0551 -0.9764 0.189
vn 0 -0.9764 0.1811
vn 0.3858 -0.8189 0.4094
vn 0.1654 -0.8268 0.5276
vn 0.0394 -0.8898 0.4331
vn -0.0394 -0.8346 0.5354
vn 0.0394 -0.9449 0.3071
vn -0.3858 -0.7874 0.4724
vn -0.0945 -0.9764 0.1732
vn -0.1575 -0.9685 0.1654
vn -0.4094 -0.8031 0.4173
vn 0.3465 -0.8504 -0.3701
vn 0.5433 -0.5984 -0.5748
vn -0.2126 -0.9606 0.1654
vn 0.3701 -0.8661 -0.3228
vn -0.126 -0.9528 0.252
vn -0.1654 -0.6457 0.7402
vn 0.4646 -0.8425 -0.2441
vn 0.6693 -0.6142 -0.4016
vn 0.6929 -0.7165 -0.0394
vn 0.7717 -0.5669 -0.2756
vn 0.126 -0.2992 0.937
vn 0.8819 -0.4488 0.0866
vn 0.9213 -0.3228 -0.2047
vn 0.4409 -0.4173 0.7874
vn 0.1732 -0.0709 0.9764
vn 0.9764 -0.0709 -0.1732
vn 0.5433 -0.1181 0.8268
vn -0.2362 0.0551 -0.9685
vn -0.5276 0.0157 0.8425
vn -0.2835 0.0394 -0.9528
vn -0.0866 0.0157 -0.9921
vn -0.4488 -0.0157 0.8819
vn -0.1024 0.0157 -0.9921
vn -0.1024 0 -0.9921
vn -0.0866 0 -0.9921
vn -0.2756 -0.0157 -0.9528
vn -0.2283 -0.0157 -0.9685
vn -0.4961 0 -0.8661
vn -0.4724 0 -0.874
vn 0 0.9921 0.0236
vn 0.1417 0.9843 0.0315
vn 0.1811 0.9764 0
vn 0.0157 0.9921 0
vn -0.1102 0.9921 -0.0551
vn 0.5669 0.811 0.1181
vn -0.4803 -0.748 0.4488
vn -0.2126 -0.8976 0.378
vn -0.3386 -0.7087 0.6063
vn -0.2362 -0.8898 0.378
vn -0.252 -0.6693 0.6929
vn -0.252 -0.9213 0.2756
vn -0.4488 -0.748 0.4724
vn -0.5591 -0.7165 0.3937
vn -0.4882 -0.5669 0.6535
vn -0.3071 -0.7323 0.5984
vn 0.2756 -0.9134 -0.2756
vn -0.1654 -0.7165 0.6693
vn 0.3071 -0.9055 -0.2756
vn 0.2126 -0.8976 -0.3701
vn 0.4882 -0.6772 -0.5433
vn 0.5118 -0.6772 -0.5118
vn 0.3465 -0.685 -0.6299
vn 0.3701 -0.7165 -0.5827
vn 0.1102 -0.9055 -0.4016
vn 0.1969 -0.7008 -0.6772
vn 0.1732 -0.9449 -0.2598
vn 0.0866 -0.7087 -0.685
vn -0.0157 -0.9213 -0.378
vn -0.3071 -0.5984 -0.7323
vn -0.4488 -0.7638 -0.4488
vn -0.5354 -0.2756 -0.7874
vn -0.8661 -0.3937 0.2913
vn -0.7323 -0.3071 0.5984
vn -0.7638 -0.3701 -0.5276
vn -0.5748 -0.063 -0.811
vn -0.9528 -0.1024 0.2756
vn -0.7874 -0.063 0.5984
vn -0.8425 -0.063 -0.5276
vn 0.189 -0.8819 0.4252
vn 0.5276 -0.7638 0.3622
vn 0.1102 -0.937 -0.3228
vn 0.4016 -0.6142 0.6693
vn 0.1969 -0.7008 0.6772
vn 0.6535 -0.315 0.685
vn 0.1811 -0.9055 0.3701
vn 0.315 -0.7087 0.622
vn 0.252 -0.9213 0.2756
vn 0.4567 -0.7008 0.5354
vn -0.126 -0.937 -0.2992
vn 0.2205 -0.937 0.2441
vn 0.4252 -0.7244 0.5354
vn -0.2283 -0.9213 -0.2992
vn -0.3071 -0.7008 -0.6299
vn -0.4252 -0.7008 -0.5591
vn 0.0394 -0.7165 -0.6929
vn -0.4016 -0.6929 -0.5906
vn 0.5669 -0.7008 -0.4252
vn 0.4567 -0.5354 -0.7008
vn -0.2362 -0.8976 -0.3543
vn -0.252 -0.6693 -0.6929
vn 0.8346 -0.3307 -0.4252
vn 0.6378 -0.252 -0.7165
vn 0.8504 -0.3937 0.3228
vn 0.7323 -0.0945 0.6614
vn 0.8976 -0.063 -0.4173
vn 0.7008 0.0157 -0.7008
vn 0.937 -0.0157 0.3228
vn 0.937 -0.1024 0.3228
vn 0.7559 -0.0394 0.6457
vn -0.1339 -0.8976 -0.4094
vn -0.1181 -0.6693 -0.7244
vn 0.1496 -0.9449 0.2835
vn 0.2835 -0.7244 0.622
vn 0.0787 -0.937 0.315
vn 0.1417 -0.7323 0.6614
vn -0.063 -0.8976 -0.4173
vn 0.0394 -0.6929 -0.7165
vn 0 -0.937 0.3386
vn -0.0236 -0.748 0.6535
vn 0.0157 -0.8976 -0.4252
vn -0.0787 -0.937 0.315
vn 0.0157 0.9921 -0.0157
vn -0.1417 0.9843 0.0157
vn -0.5433 0.8346 -0.0394
vn 0.126 0.9843 0.0551
vn 0.126 0.9843 0.0315
vn 0.0866 0.9921 0.0472
vn 0.0866 0.9921 0.0315
vn 0.0709 0.9921 0.0472
vn 0.0472 0.9921 0.0709
vn 0.0315 0.9921 0.063
vn 0.0157 0.9921 0.0866
vn 0.0157 0.9921 0.063
vn 0 0.9921 0.1024
vn 0 0.9921 0.063
vn -0.0157 0.9921 0.063
vn -0.0315 0.9921 0.063
vn -0.0472 0.9921 0.0709
vn -0.0472 0.9921 0.0472
vn -0.0709 0.9921 0.0709
vn -0.0709 0.9921 0.0472
vn -0.0866 0.9921 0.0472
vn -0.0866 0.9921 0.0709
vn -0.1024 0.9921 0.0551
vn -0.126 0.9843 0.0315
vn 0.126 0.9843 -0.0157
vn 0.1417 0.9843 -0.0157
vn -0.1024 0.9921 0.0315
vn -0.1181 0.9843 0.0157
vn 0.1181 0.9921 0
vn -0.1024 0.9921 -0.0157
vn 0.1024 0.9921 -0.0157
vn -0.126 0.9843 -0.0315
vn 0.1024 0.9921 -0.0315
vn 0.0866 0.9921 -0.0315
vn -0.0866 0.9921 -0.0472
vn 0.0866 0.9921 -0.0157
vn 0.063 0.9921 -0.0315
vn 0.0472 0.9921 -0.0315
vn 0.0472 0.9921 -0.0472
vn -0.0866 0.9921 -0.0709
vn 0.0315 0.9921 -0.0315
vn 0.0315 0.9921 -0.0472
vn -0.063 0.9921 -0.0472
vn 0.0157 0.9921 -0.0472
vn 0.0157 0.9921 -0.063
vn 0 0.9921 -0.063
vn 0 0.9921 -0.0787
vn -0.0157 0.9921 -0.063
vn -0.0472 0.9921 -0.0709
vn -0.0472 0.9921 -0.0866
vn -0.0315 0.9921 -0.063
vn -0.0315 0.9921 -0.0866
vn -0.0315 -0.9921 -0.0866
vn 0 -0.9921 -0.063
vn -0.0315 -0.9921 -0.063
vn -0.0157 -0.9921 -0.0866
vn 0.0157 -0.9921 -0.063
vn -0.0472 -0.9921 -0.0709
vn 0.0157 -0.9921 -0.0472
vn -0.0472 -0.9921 -0.0866
vn 0.0315 -0.9921 -0.063
vn 0.0472 -0.9921 -0.0315
vn 0.0472 -0.9921 -0.0472
vn -0.0709 -0.9921 -0.0709
vn 0.063 -0.9921 -0.0315
vn 0.063 -0.9921 -0.0472
vn -0.0866 -0.9921 -0.0472
vn 0.0866 -0.9921 -0.0472
vn -0.0866 -0.9921 -0.0709
vn 0.1024 -0.9921 -0.0157
vn 0.126 -0.9843 -0.0157
vn -0.1102 -0.9921 -0.0551
vn 0.126 -0.9843 -0.0315
vn 0.1417 -0.9843 -0.0157
vn -0.1024 -0.9921 -0.0157
vn 0.1181 -0.9921 0
vn -0.1417 -0.9843 0
vn -0.1024 -0.9921 0
vn 0.1339 -0.9843 0.0157
vn -0.1024 -0.9921 0.0157
vn -0.0866 -0.9921 0.0315
vn 0.1181 -0.9843 0.0157
vn -0.0787 -0.9921 0
vn -0.063 -0.9921 0.0315
vn 0.1024 -0.9921 0.0157
vn 0.1024 -0.9921 0.0315
vn -0.0472 -0.9921 0.0315
vn -0.0472 -0.9921 0.0472
vn -0.0315 -0.9921 0.0315
vn 0.0787 -0.9921 0
vn 0.0866 -0.9921 0.0315
vn -0.0315 -0.9921 0.0079
vn -0.0157 -0.9921 0.0472
vn 0 -0.9921 0.0472
vn 0.0157 -0.9921 0.0079
vn 0.0157 -0.9921 0.0472
vn 0.063 -0.9921 0.0315
vn 0.0315 -0.9921 0.0315
vn 0.0472 -0.9921 0.0315
vn 0.8976 0.4173 0.063
vn 0.7953 0.5906 0.0394
vn 0.7874 0.5984 0.063
vn 0.8898 0.4409 0.063
vn 0.9055 0.4016 0.0866
vn 0.9843 0.0866 0.0866
vn 0.8976 0.4252 0.0866
vn 0.8346 0.5276 0.0866
vn 0.6299 0.7638 0.063
vn 0.8661 0.4646 0.1339
vn 0.8268 0.5433 0.1181
vn 0.7874 0.5984 0.1181
vn 0.8819 0.4409 0.1339
vn 0.9764 0.0945 0.1732
vn 0.811 0.5669 0.1181
vn 0.8189 0.5512 0.1417
vn 0.7953 0.5748 0.1417
vn 0.7874 0.5827 0.1732
vn 0.874 0.4488 0.1575
vn 0.8898 0.378 0.2362
vn 0.9764 0.0945 0.1575
vn 0.9764 -0.0157 0.2047
vn 0.9843 -0.0157 0.1181
vn 0.9606 0.0787 0.2441
vn 0.937 0.0787 0.315
vn 0.8583 0.4173 0.2677
vn 0.7795 0.5748 0.2283
vn 0.7874 0.5591 0.252
vn 0.5669 0.7953 0.1969
vn 0.7638 0.5827 0.252
vn 0.5197 0.8189 0.2205
vn 0.7402 0.6142 0.252
vn 0.8583 0.4409 0.2362
vn 0.9528 0.0787 0.2677
vn 0.8976 0.0866 0.4252
vn 0.9685 -0.0157 0.2283
vn 0.9134 -0.0157 0.4016
vn 0.7165 0.3937 0.5591
vn 0.8031 0.0866 0.5827
vn 0.8268 -0.0157 0.5512
vn 0.6535 0.5669 0.4882
vn 0.5906 0.6693 0.4331
vn 0.3937 0.8504 0.3228
vn 0.5118 0.7244 0.4488
vn 0.5433 0.6772 0.4882
vn 0.1496 0.9843 0.0709
vn 0.3543 0.8346 0.4094
vn 0.5984 0.5984 0.5197
vn 0.5433 0.6299 0.5433
vn 0.5197 0.6535 0.5433
vn 0.5118 0.4567 0.7244
vn 0.3307 0.7953 0.4882
vn 0.5276 0.3622 0.7638
vn 0.5591 0.0866 0.8189
vn 0.0945 0.9843 0.1102
vn 0.5906 -0.0394 0.7953
vn 0.1339 0.9843 0.0945
vn -0.1024 0.9921 -0.0315
vn -0.1417 0.9843 -0.0315
vn -0.8819 0.4488 -0.0866
vn -0.9843 0.1102 -0.1102
vn -0.874 0.4567 -0.1102
vn -0.7559 0.6378 -0.0945
vn -0.7717 0.6299 -0.063
vn -0.8661 0.4803 -0.0866
vn -0.5354 0.8346 -0.0866
vn -0.8583 0.4882 -0.1181
vn -0.8819 0.4409 -0.1339
vn -0.9764 0.1181 -0.1575
vn -0.8661 0.4646 -0.1417
vn -0.8504 0.4961 -0.1417
vn -0.7638 0.622 -0.1181
vn -0.8976 0.4252 -0.0866
vn -0.9843 0.1102 -0.0709
vn -0.9921 0.1102 -0.0551
vn -0.9921 0.1024 -0.0315
vn -0.9055 0.4173 -0.063
vn -0.9921 0.1024 -0.0157
vn -0.9055 0.4094 -0.0394
vn -0.9921 0.1024 0
vn -0.9055 0.4173 0
vn -0.9921 0.0866 0.0315
vn -0.9055 0.4094 0.0394
vn -0.9213 0.3858 0.0394
vn -0.5669 0.8189 0.0394
vn -0.7953 0.5906 0.0394
vn -0.8189 0.5669 0.0394
vn -0.748 0.6535 0.063
vn -0.5906 0.7953 0.0394
vn -0.5118 0.8504 0.0394
vn -0.7087 0.685 0.0945
vn -0.7638 0.6299 0.063
vn -0.1417 0.9843 0.0315
vn -0.8976 0.4252 0.0157
vn -0.7953 0.5906 -0.0394
vn -0.9055 0.4016 -0.1102
vn -0.7874 0.6063 -0.0236
vn -0.9134 0.4016 -0.0157
vn -0.9921 0.1024 0.0157
vn 0.8898 -0.4331 0.0394
vn 0.7795 -0.622 0
vn 0.8819 -0.4646 0.0394
vn 0.0157 -0.9921 -0.0157
vn -0.9055 -0.4094 -0.0394
vn -0.9055 -0.4173 -0.063
vn -0.8976 -0.4252 -0.0866
vn -0.9921 -0.0866 -0.0472
vn -0.9921 -0.1102 -0.0551
vn -0.9843 -0.1102 -0.0709
vn -0.8504 -0.4961 -0.1417
vn 0.1417 -0.9843 0.0157
vn 0.5591 -0.8189 0.0866
vn 0.8189 -0.5591 0.0866
vn 0.8661 -0.4803 0.0866
vn 0.8268 -0.5512 0.0157
vn 0.7795 -0.6142 0.0945
vn 0.8898 -0.4409 0.063
vn 0.874 -0.4567 0.1102
vn 0.8976 -0.4173 0.063
vn 0.9764 -0.1181 0.1575
vn 0.7874 -0.5984 0.063
vn 0.811 -0.5669 0.1181
vn 0.7795 -0.6063 0.1417
vn 0.8661 -0.4646 0.1339
vn 0.8819 -0.4016 0.2126
vn 0.9764 -0.1102 0.1339
vn 0.9606 -0.1024 0.2205
vn 0.9449 -0.1024 0.2992
vn 0.8504 -0.4646 0.2126
vn 0.7638 -0.6142 0.1732
vn 0.7795 -0.5748 0.2283
vn 0.5591 -0.8031 0.1732
vn 0.7559 -0.6063 0.2283
vn 0.1417 -0.9843 0.0315
vn 0.5118 -0.8346 0.189
vn 0.7244 -0.6535 0.1969
vn 0.9606 -0.1181 0.2283
vn 0.9055 -0.1102 0.4016
vn 0.7244 -0.4567 0.5039
vn 0.6457 -0.5984 0.4646
vn 0.5906 -0.6929 0.4016
vn 0.3858 -0.874 0.2677
vn 0.4961 -0.7638 0.3937
vn 0.5354 -0.7008 0.4567
vn 0.3465 -0.8504 0.3701
vn 0.5984 -0.622 0.4882
vn 0.5433 -0.6535 0.5197
vn 0.5118 -0.7008 0.4803
vn 0.5118 -0.4882 0.7008
vn 0.3307 -0.8189 0.4567
vn 0.5276 -0.3937 0.7402
vn 0.5669 -0.1181 0.811
vn 0.0866 -0.9843 0.0866
vn 0.126 -0.9843 0.0551
vn -0.1417 -0.9843 -0.0315
vn 0.2047 0.9764 0
vn 0.2126 0.9685 -0.0551
vn 0.2205 0.9685 0
vn 0.189 0.9764 0.0315
vn 0.1811 0.9685 0.1181
vn 0.1732 0.9764 0.0945
vn 0.1654 0.9528 0.2362
vn 0.0945 0.9685 0.1969
vn 0.1339 0.9764 0.1181
vn 0.126 -0.9843 0.0709
vn 0.1024 -0.9921 0
vn 0.0945 -0.9764 0.1575
vn 0.1732 -0.9764 0.0551
vn 0.1575 -0.9685 0.1654
vn 0.1732 -0.9764 0.0709
vn 0.189 -0.9764 0.0157
vn 0.2047 -0.9764 0
vn 0.1969 -0.9764 -0.0787
vn 0.1811 -0.9764 -0.0157
vn -0.2126 0.8819 0.4016
vn -0.4882 0.7008 0.5118
vn -0.3386 0.685 0.6299
vn -0.252 0.9134 0.2992
vn -0.4567 0.7008 0.5354
vn -0.2441 0.8583 0.4409
vn -0.252 0.6378 0.7165
vn 0.2992 0.9134 -0.252
vn 0.1969 0.9449 -0.2362
vn 0.3701 0.7402 -0.5512
vn 0.0866 0.7323 -0.6614
vn 0.5039 0.7244 -0.4567
vn -0.3071 0.6299 -0.7087
vn 0.2756 0.9134 -0.2756
vn 0.4803 0.7244 -0.4803
vn -0.2283 0.9213 0.2992
vn -0.315 0.7087 0.622
vn 0.2283 0.9134 -0.3228
vn 0.3386 0.7087 -0.6063
vn -0.1496 0.9213 0.3386
vn -0.1654 0.6929 0.6929
vn 0.1102 0.9134 -0.378
vn 0.1969 0.7244 -0.6535
vn -0.0866 0.9291 0.3386
vn -0.0236 0.7008 0.7008
vn 0.0394 0.9134 -0.3858
vn 0.0394 0.7165 -0.6929
vn 0 0.9134 0.3937
vn 0.1417 0.7087 0.685
vn -0.0394 0.9055 -0.4094
vn -0.1181 0.7244 -0.6693
vn 0.0866 0.9213 0.3701
vn 0.2835 0.6772 0.6693
vn -0.1102 0.9055 -0.4016
vn -0.252 0.7165 -0.6378
vn 0.1496 0.9213 0.3386
vn 0.4252 0.7008 0.5591
vn -0.2047 0.9055 -0.3465
vn -0.4016 0.7165 -0.5591
vn 0.2283 0.9213 0.2992
vn 0.4567 0.6772 0.5669
vn -0.1969 0.9291 -0.2913
vn -0.4252 0.7244 -0.5354
vn 0.2598 0.9055 0.3307
vn 0.315 0.685 0.6535
vn -0.126 0.9449 -0.2756
vn -0.3071 0.7244 -0.5984
vn 0.189 0.8819 0.4252
vn 0.1969 0.6772 0.7008
vn 0.126 0.937 -0.2992
vn 0.0394 0.7402 -0.6693
vn 0.189 0.8504 0.4803
vn 0.4016 0.5906 0.6929
vn 0.5276 0.7402 0.3937
vn 0.6772 0.2835 0.6693
vn 0.5591 0.7165 -0.4016
vn 0.4567 0.5669 -0.6772
vn 0.8346 0.3543 -0.4016
vn 0.6457 0.2835 -0.7008
vn 0.8504 0.3701 0.3465
vn 0.7244 0.0709 0.6772
vn 0.9055 0.0866 -0.3937
vn 0.9291 0.0866 0.3386
vn 0.1181 -0.9921 0.0157
vn 0.1102 -0.9764 0.1339
vn 0.1181 -0.9606 0.2283
vn 0.1339 -0.9764 0.1417
vn 0.1339 -0.9055 0.3858
vn 0.1339 -0.8661 0.4646
vn 0.1417 -0.8504 0.4961
vn 0.1417 -0.8346 0.5197
vn 0.1181 -0.811 0.5669
vn -0.685 0.315 0.6535
vn -0.3622 0.9134 0.1575
vn -0.8819 0.315 0.3386
vn -0.378 0.9213 -0.0157
vn -0.9291 0.3543 -0.0394
vn -0.3386 0.9213 -0.1496
vn -0.8346 0.3543 -0.4016
vn -0.252 0.9213 -0.2756
vn -0.6063 0.3386 -0.7087
vn -0.1102 0.9134 -0.378
vn -0.315 0.3386 -0.8819
vn 0.0157 0.9213 -0.378
vn 0.063 0.3622 -0.9213
vn 0.9449 -0.0157 0.2992
vn 0.9528 -0.0394 0.2835
vn 0.7244 -0.0236 0.6772
vn 0.4803 -0.0157 0.874
vn 0.9921 -0.0472 0.0315
vn 0.5354 -0.0394 0.8346
vn 0.2126 -0.0551 0.9685
vn 0.2835 -0.0551 0.9528
vn 0.0472 -0.0157 0.9921
vn 0.063 -0.0157 0.9921
vn 0.063 0 0.9921
vn 0.0472 0 0.9921
vn 0.2756 0.0157 0.9528
vn 0.2126 0.0394 0.9685
vn 0.5197 0 0.8504
vn 0.4724 0 0.874
vn 0.9449 0 0.315
vn 0.9449 0.0157 0.2992
vn 0.9921 0 0.0787
vn 0.9921 0.0157 0.063
vn 0.9843 0 -0.1417
vn 0.9213 0 -0.3701
vn 0.9291 0.0157 -0.3543
vn 0.9134 0.0157 -0.4016
vn 0.811 0 -0.5748
vn 0.8268 0.0157 -0.5591
vn 0.2047 0.9764 -0.0157
vn 0.1732 0.9764 0.0551
vn 0.2126 0.9685 0.0394
vn 0.1811 0.9764 -0.0157
vn 0.1969 0.9764 0.0787
vn 0.1654 -0.9843 0.0315
vn 0.1811 -0.9764 0
vn 0.2047 -0.9764 -0.0157
vn 0.1654 -0.9843 -0.0157
vn 0.189 -0.9764 0.0315
vn 0.1969 0.9764 -0.0787
vn 0.2126 0.9685 -0.0394
vn 0.1575 0.9685 0.1417
vn 0.1654 -0.9843 0.0157
vn 0.189 -0.9764 -0.0315
vn 0.1496 -0.9843 0.0709
vn 0.2126 -0.9685 -0.0394
vn 0.189 0.9764 -0.0551
vn 0.1181 0.7874 0.5984
vn 0 -0.9606 0.2677
vn 0.0157 -0.9685 0.2283
vn 0.0394 -0.9685 0.2362
vn -0.252 -0.7165 0.6378
vn -0.0394 -0.9685 0.2362
vn 0.1102 -0.9843 -0.1102
vn 0.0157 -0.9921 -0.0866
vn -0.1654 -0.9606 0.2126
vn -0.4882 -0.622 0.5984
vn -0.4882 -0.8583 0.1102
vn -0.0709 -0.9843 -0.1496
vn -0.8346 -0.5354 0.0394
vn -0.378 -0.8504 -0.3465
vn -0.6772 -0.5354 -0.4882
vn 0.0787 -0.9528 -0.2677
vn -0.252 -0.7638 -0.5827
vn -0.7874 -0.1181 -0.5906
vn -0.4409 -0.4173 -0.7874
vn -0.4803 -0.0866 -0.8661
vn -0.3701 -0.0787 -0.9213
vn -0.3228 -0.3701 -0.8661
vn -0.2756 -0.5354 -0.7874
vn -0.3071 -0.5433 -0.7717
vn -0.252 -0.7165 -0.6378
vn -0.3701 -0.5512 -0.7402
vn -0.4016 -0.5591 -0.7165
vn -0.4567 -0.5669 -0.6772
vn 0 -0.9134 -0.3937
vn -0.3701 -0.7638 -0.5276
vn -0.4882 -0.5354 -0.6772
vn -0.5984 -0.4567 -0.6457
vn -0.0551 -0.9449 -0.315
vn 0.0551 -0.9449 -0.315
vn 0.0157 -0.9528 -0.2756
vn -0.6693 -0.4016 -0.6142
vn -0.0945 -0.9764 -0.1732
vn 0.0157 -0.9921 -0.1024
vn 0.0157 -0.9528 -0.2992
vn 0.0551 -0.9528 -0.2913
vn 0.0315 -0.9843 -0.1654
vn 0.0157 -0.937 -0.3228
vn 0 -0.9449 -0.315
vn 0.063 -0.9213 -0.3622
vn -0.0157 -0.9291 -0.3543
vn 0.4173 -0.8583 -0.2677
vn 0.063 -0.9134 -0.3937
vn 0.3307 -0.8031 -0.4882
vn 0.1732 0.9764 -0.0551
vn 0.1654 0.9606 -0.189
vn 0.1732 0.9764 -0.0945
vn 0.1575 -0.9764 -0.1181
vn 0.1732 -0.9764 -0.0709
vn 0.1417 -0.9606 -0.2047
vn -0.1654 0.9843 0.0157
vn 0 0.9764 -0.2047
vn 0.1575 0.9764 -0.1339
vn 0.5669 0.8189 0.0394
vn 0.5748 0.811 -0.063
vn 0.9134 0.4016 -0.0157
vn 0.5433 0.811 -0.189
vn 0.4882 0.8031 -0.3307
vn 0.8346 0.4252 -0.3228
vn 0.9055 0.3858 -0.1339
vn 0.7402 0.3937 -0.5276
vn 0.9213 0.1339 -0.3543
vn 0.9843 0.0945 -0.1339
vn 0.8268 0.1181 -0.5433
vn 0.685 0.0866 -0.7165
vn 0.6457 0.4016 -0.6457
vn 0.5591 0.0866 -0.8189
vn 0.4173 0.7874 -0.4409
vn 0.5276 0.3937 -0.7402
vn 0.5984 0.1181 -0.7874
vn 0.126 0.9528 -0.252
vn 0.3386 0.7559 -0.5512
vn 0.5354 0.4252 -0.7244
vn 0.8661 0.1417 -0.4646
vn 0 0.937 -0.3465
vn 0.0866 0.9213 -0.3701
vn 0.3307 0.8031 -0.4882
vn 0.7638 0.4961 -0.3937
vn 0.9843 0.1339 0.0945
vn 0.4331 0.8661 -0.2126
vn 0.8504 0.4961 0.1417
vn 0.7874 0.063 0.5984
vn 0.8425 -0.5118 0.1102
vn 0.7638 -0.4961 -0.3937
vn 0.9843 -0.1496 0.0709
vn 0.8583 -0.1102 -0.4882
vn 0.5276 -0.3937 -0.7402
vn 0.5827 -0.0866 -0.7953
vn 0.3386 -0.7323 -0.5748
vn 0.5197 -0.3701 -0.7638
vn 0.5512 -0.063 -0.8268
vn 0.1024 -0.9528 -0.2756
vn 0.4173 -0.7638 -0.4724
vn 0.6378 -0.3701 -0.6614
vn 0.685 -0.0866 -0.7165
vn 0.0157 -0.9764 -0.2047
vn 0.1417 -0.9764 -0.1575
vn 0.8189 -0.0866 -0.5591
vn 0.7402 -0.3701 -0.5512
vn 0.4882 -0.8031 -0.3307
vn 0.9213 -0.1339 -0.3543
vn 0.8346 -0.4016 -0.3543
vn 0.5512 -0.7953 -0.2205
vn 0.1732 -0.9764 -0.0551
vn 0.9843 -0.0709 -0.1496
vn 0.9055 -0.3858 -0.1339
vn 0.9134 -0.4016 -0.0157
vn 0.5906 -0.7953 -0.0394
vn 0.0315 -0.9921 -0.0157
vn -0.1339 -0.9843 -0.0945
vn -0.1417 -0.9843 -0.0157
vn -0.4409 -0.7874 -0.4173
vn -0.5433 -0.811 -0.189
vn -0.5197 -0.7795 -0.3386
vn -0.4882 -0.8583 -0.1181
vn -0.7165 -0.6693 -0.1732
vn -0.6378 -0.7559 -0.0945
vn -0.7008 -0.7008 -0.1181
vn -0.811 -0.5433 -0.189
vn -0.748 -0.622 -0.1969
vn -0.7717 -0.5984 -0.1969
vn -0.8425 -0.4488 -0.2677
vn -0.8346 -0.4016 -0.3543
vn -0.9213 -0.0866 -0.3701
vn -0.8031 -0.4882 -0.3307
vn -0.685 -0.6299 -0.3386
vn -0.6535 -0.5748 -0.4882
vn -0.9213 -0.1339 -0.3543
vn -0.6299 -0.5748 -0.5118
vn -0.5984 -0.622 -0.4882
vn -0.7795 -0.0866 -0.6142
vn -0.7244 -0.063 -0.6772
vn -0.9055 -0.0866 -0.3937
vn -0.9606 0 -0.2677
vn -0.811 0 -0.5748
vn -0.8346 -0.0394 -0.5433
vn -0.9606 -0.0551 -0.2598
vn -0.4409 0 -0.8898
vn -0.9921 0 -0.0315
vn -0.9921 -0.063 0.0315
vn -0.2598 -0.0394 -0.9606
vn 0 -0.0315 -0.9921
vn -0.0472 -0.0315 -0.9921
vn 0.1181 0 -0.9921
vn 0.126 0.0157 -0.9843
vn 0.0157 0.0157 -0.9921
vn -0.0472 0.0472 -0.9921
vn 0 0.0472 -0.9921
vn -0.2598 0.0394 -0.9606
vn -0.937 0.0157 -0.3228
vn -0.9606 0.0551 -0.2598
vn -0.9921 0.0315 0.063
vn -0.9921 0 0.063
vn -0.9449 0.0157 0.2992
vn -0.9213 0.0394 0.378
vn -0.9606 -0.0551 0.2598
vn -0.9213 -0.0866 0.3701
vn -0.937 -0.0394 0.3307
vn -0.8583 -0.0157 0.5039
vn -0.8504 0 0.5197
vn 0.9606 -0.0551 0.2362
vn 0.7165 -0.0394 0.6929
vn 0.252 -0.0157 0.9606
vn -0.252 -0.0157 0.9606
vn -0.189 0.0157 0.9764
vn -0.2283 0.0157 0.9685
vn -0.189 -0.0551 0.9764
vn -0.2362 -0.0394 0.9685
vn 0.0315 0.0157 0.9921
vn -0.0157 -0.0157 0.9921
vn -0.0157 0 0.9921
vn 0.0315 -0.0315 0.9921
vn 0.2441 0 0.9606
vn 0.2283 -0.0157 0.9685
vn 0.4961 0 0.8661
vn 0.5039 -0.0157 0.8583
vn 0.8346 0 0.5433
vn 0.8425 0.0157 0.5276
vn 0.8425 -0.0157 0.5276
vn 0.8504 -0.0394 0.5118
vn 0.937 0 0.3386
vn 0.9528 -0.0551 0.2835
vn 0.9921 0 0.1024
vn 0.9921 0.0315 0.0315
vn 0.9921 -0.0157 0.0866
vn 0.9843 0.0315 -0.1654
vn 0.9606 0.0551 -0.2598
vn 0.9843 -0.0315 -0.1654
vn 0.9528 -0.0394 -0.2835
vn 0.0315 0.0157 -0.9921
vn -0.6299 0.0157 -0.7717
vn -0.6614 0.0394 -0.7402
vn 0 0.0315 -0.9921
vn 0.315 0.0787 -0.937
vn 0.2362 0.0551 -0.9685
vn -0.9213 0.0157 -0.378
vn -0.937 0.0394 -0.3307
vn 0.3465 0.0157 -0.9291
vn 0.4961 0 -0.8661
vn 0.2598 -0.0394 -0.9606
vn 0.315 -0.0551 -0.9449
vn 0 -0.0157 -0.9921
vn 0.0315 0 -0.9921
vn -0.622 0 -0.7795
vn -0.6535 -0.0157 -0.748
vn -0.9134 0 -0.3937
vn -0.9449 -0.0394 -0.3071
vn -0.9921 -0.0315 -0.1024
vn -0.9921 -0.0472 -0.0315
vn -0.9921 0.0315 -0.1024
vn -0.9921 0.0472 -0.0315
vn -0.9921 -0.0157 0.1024
# Converted from CSMC meshbin by CsmcAssetConverter
# source: knife_ursus.mesh.meshbin
# source center: -0.1555943 -0.003783881 2.35831
# source scale: 0.08445722
# Coordinates are preserved exactly as stored by CSMC.
# Basis conversion and mesh-normalization conjugation happen at runtime.
o weapon_hand_r
f 1/1/1 2/2/2 3/3/3
f 4/4/4 5/5/4 6/6/4
f 6/6/4 5/5/4 7/7/5
f 6/6/4 7/7/5 8/8/4
f 5/5/4 4/4/4 9/9/6
f 8/8/4 7/7/5 10/10/7
f 10/10/7 7/7/5 11/11/8
f 12/12/9 2/2/2 1/1/1
f 8/8/4 10/10/7 13/13/4
f 12/12/9 1/1/1 14/14/10
f 10/10/7 11/11/8 15/15/11
f 15/15/11 11/11/8 16/16/12
f 15/15/11 16/16/12 17/17/13
f 8/8/4 13/13/4 18/18/4
f 10/10/7 15/15/11 19/19/14
f 10/10/7 19/19/14 13/13/4
f 17/20/13 20/21/15 15/15/11
f 15/15/11 20/21/15 21/22/16
f 15/15/11 21/22/16 19/19/14
f 21/22/16 20/21/15 22/23/17
f 18/18/4 13/13/4 23/24/4
f 18/18/4 23/24/4 24/25/18
f 13/13/4 19/19/14 25/26/4
f 13/13/4 25/26/4 23/24/4
f 19/19/14 21/22/16 26/27/19
f 19/19/14 26/27/19 25/26/4
f 21/22/16 22/23/17 27/28/20
f 21/22/16 27/28/20 26/27/19
f 27/28/20 22/23/17 28/29/21
f 27/28/20 28/29/21 29/30/22
f 26/27/19 27/28/20 30/31/23
f 30/31/23 27/28/20 29/30/22
f 25/26/4 26/27/19 31/32/4
f 31/32/4 26/27/19 30/31/23
f 32/33/4 23/24/4 25/26/4
f 32/33/4 25/26/4 31/32/4
f 33/34/24 24/25/18 23/24/4
f 33/34/24 23/24/4 32/33/4
f 24/25/18 33/34/24 34/35/25
f 34/35/25 33/34/24 35/36/26
f 33/34/24 32/33/4 36/37/27
f 33/34/24 36/37/27 35/36/26
f 32/33/4 31/32/4 37/38/4
f 32/33/4 37/38/4 36/37/27
f 35/36/26 36/37/27 38/39/28
f 38/39/28 36/37/27 37/38/4
f 35/36/26 38/39/28 39/40/29
f 37/38/4 31/32/4 40/41/4
f 37/38/4 40/41/4 38/39/28
f 39/40/29 38/39/28 41/42/30
f 41/42/30 38/39/28 40/41/4
f 39/40/29 41/42/30 42/43/31
f 40/41/4 31/32/4 43/44/4
f 43/44/4 31/32/4 30/31/23
f 41/42/30 40/41/4 44/45/4
f 44/45/4 40/41/4 43/44/4
f 42/43/31 41/42/30 45/46/32
f 45/46/32 41/42/30 44/45/4
f 42/43/31 45/46/32 46/47/33
f 43/44/4 30/31/23 47/48/34
f 47/48/34 30/31/23 29/30/22
f 44/45/4 43/44/4 48/49/4
f 48/49/4 43/44/4 47/48/34
f 45/46/32 44/45/4 49/50/4
f 49/50/4 44/45/4 48/49/4
f 46/47/33 45/46/32 50/51/35
f 50/51/35 45/46/32 49/50/4
f 46/47/33 50/51/35 51/52/36
f 47/48/34 29/30/22 52/53/37
f 52/53/37 29/30/22 28/54/21
f 48/49/4 47/48/34 53/55/38
f 53/55/38 47/48/34 52/53/37
f 52/53/37 28/54/21 54/56/39
f 48/49/4 53/55/38 55/57/4
f 48/49/4 55/57/4 49/50/4
f 56/58/4 50/51/35 49/50/4
f 56/58/4 49/50/4 55/57/4
f 57/59/40 51/52/36 50/51/35
f 57/59/40 50/51/35 56/58/4
f 51/52/36 57/59/40 14/14/10
f 14/14/10 57/59/40 12/12/9
f 57/59/40 56/58/4 58/60/4
f 57/59/40 58/60/4 12/12/9
f 56/58/4 55/57/4 59/61/4
f 56/58/4 59/61/4 58/60/4
f 12/12/9 58/60/4 60/62/4
f 60/62/4 58/60/4 59/61/4
f 12/12/9 60/62/4 2/2/2
f 2/2/2 60/62/4 61/63/4
f 61/63/4 60/62/4 59/61/4
f 61/63/4 59/61/4 4/4/4
f 4/4/4 59/61/4 9/9/6
f 62/64/41 59/61/4 55/57/4
f 59/61/4 62/64/41 9/9/6
f 62/64/41 55/57/4 53/55/38
f 9/9/6 62/64/41 63/65/42
f 62/64/41 53/55/38 64/66/43
f 62/64/41 64/66/43 63/65/42
f 64/66/43 53/55/38 52/53/37
f 9/9/6 63/65/42 65/67/44
f 65/67/44 63/65/42 66/68/45
f 65/67/44 66/68/45 67/69/46
f 63/65/42 64/66/43 68/70/47
f 68/70/47 64/66/43 52/53/37
f 63/65/42 68/70/47 66/71/45
f 68/70/47 52/53/37 54/56/39
f 68/70/47 54/56/39 69/72/48
f 70/73/49 66/74/45 68/70/47
f 70/73/49 68/70/47 69/72/48
f 69/72/48 54/56/39 71/75/50
f 71/75/50 54/56/39 28/76/21
f 71/75/50 28/76/21 72/77/51
f 69/72/48 71/75/50 73/78/52
f 70/73/49 69/72/48 74/79/52
f 74/79/52 69/72/48 73/78/52
f 73/78/52 71/75/50 75/80/52
f 75/80/52 71/75/50 72/77/51
f 74/79/52 73/78/52 76/81/52
f 22/82/17 72/77/51 28/83/21
f 70/73/49 74/79/52 77/84/52
f 72/77/51 22/82/17 78/85/53
f 78/85/53 22/82/17 20/86/15
f 72/77/51 78/85/53 79/87/52
f 72/77/51 79/87/52 75/80/52
f 78/85/53 20/86/15 80/88/54
f 80/88/54 20/86/15 17/89/13
f 80/88/54 17/89/13 81/90/55
f 78/85/53 80/88/54 82/91/52
f 78/85/53 82/91/52 79/87/52
f 82/91/52 80/88/54 83/92/52
f 83/92/52 80/88/54 81/90/55
f 17/93/13 16/94/12 81/90/55
f 81/90/55 16/94/12 84/95/56
f 83/92/52 81/90/55 85/96/52
f 85/96/52 81/90/55 84/95/56
f 82/91/52 83/92/52 86/97/52
f 87/98/52 79/87/52 82/91/52
f 87/98/52 82/91/52 86/97/52
f 86/97/52 83/92/52 88/99/52
f 88/99/52 83/92/52 85/96/52
f 87/98/52 86/97/52 89/100/57
f 86/97/52 88/99/52 90/101/58
f 86/97/52 90/101/58 89/100/57
f 79/87/52 87/98/52 91/102/52
f 79/87/52 91/102/52 75/80/52
f 87/98/52 89/100/57 92/103/59
f 87/98/52 92/103/59 91/102/52
f 89/100/57 90/101/58 93/104/60
f 89/100/57 93/104/60 94/105/61
f 89/100/57 94/105/61 92/103/59
f 93/104/60 90/101/58 95/106/62
f 92/103/59 94/105/61 96/107/63
f 95/106/62 90/101/58 97/108/64
f 97/108/64 90/101/58 88/99/52
f 95/106/62 97/108/64 98/109/65
f 92/103/59 96/107/63 99/110/66
f 92/103/59 99/110/66 91/102/52
f 99/110/66 96/107/63 100/111/67
f 97/108/64 88/99/52 101/112/52
f 98/109/65 97/108/64 102/113/68
f 102/113/68 97/108/64 101/112/52
f 98/109/65 102/113/68 103/114/69
f 101/112/52 88/99/52 85/96/52
f 102/113/68 101/112/52 104/115/52
f 104/115/52 101/112/52 85/96/52
f 103/114/69 102/113/68 105/116/70
f 105/116/70 102/113/68 104/115/52
f 103/114/69 105/116/70 106/117/71
f 106/117/71 105/116/70 107/118/72
f 106/117/71 107/118/72 108/119/73
f 105/116/70 104/115/52 109/120/52
f 109/120/52 104/115/52 85/96/52
f 105/116/70 109/120/52 107/118/72
f 108/119/73 107/118/72 110/121/74
f 109/120/52 85/96/52 111/122/52
f 111/122/52 85/96/52 84/95/56
f 111/122/52 84/95/56 112/123/52
f 109/120/52 111/122/52 113/124/52
f 109/120/52 113/124/52 107/118/72
f 110/121/74 107/118/72 114/125/75
f 114/125/75 107/118/72 113/124/52
f 110/121/74 114/125/75 115/126/76
f 111/122/52 112/123/52 116/127/52
f 113/124/52 111/122/52 117/128/52
f 113/124/52 117/128/52 114/125/75
f 117/128/52 111/122/52 116/127/52
f 115/126/76 114/125/75 118/129/77
f 118/129/77 114/125/75 117/128/52
f 115/126/76 118/129/77 119/130/78
f 118/129/77 117/128/52 120/131/52
f 120/131/52 117/128/52 116/127/52
f 119/130/78 118/129/77 121/132/79
f 121/132/79 118/129/77 120/131/52
f 119/130/78 121/132/79 122/133/80
f 121/132/79 120/131/52 123/134/52
f 123/134/52 120/131/52 116/127/52
f 122/133/80 121/132/79 124/135/81
f 124/135/81 121/132/79 123/134/52
f 122/133/80 124/135/81 125/136/82
f 126/137/83 116/127/52 112/123/52
f 124/135/81 123/134/52 127/138/52
f 127/138/52 123/134/52 116/127/52
f 125/136/82 124/135/81 128/139/84
f 128/139/84 124/135/81 127/138/52
f 125/136/82 128/139/84 129/140/85
f 67/141/46 66/142/45 126/137/83
f 126/137/83 66/142/45 70/73/49
f 126/137/83 70/73/49 77/84/52
f 126/137/83 77/84/52 116/127/52
f 116/127/52 77/84/52 127/138/52
f 127/138/52 77/84/52 130/143/52
f 127/138/52 130/143/52 128/139/84
f 130/143/52 77/84/52 74/79/52
f 130/143/52 74/79/52 76/81/52
f 128/139/84 130/143/52 131/144/86
f 128/139/84 131/144/86 129/140/85
f 131/144/86 130/143/52 76/81/52
f 129/140/85 131/144/86 132/145/87
f 132/145/87 131/144/86 133/146/88
f 133/146/88 131/144/86 76/81/52
f 132/145/87 133/146/88 100/111/67
f 100/111/67 133/146/88 134/147/89
f 100/111/67 134/147/89 99/110/66
f 133/146/88 76/81/52 135/148/52
f 133/146/88 135/148/52 134/147/89
f 135/148/52 76/81/52 73/78/52
f 135/148/52 73/78/52 75/80/52
f 134/147/89 135/148/52 136/149/52
f 134/147/89 136/149/52 99/110/66
f 136/149/52 135/148/52 75/80/52
f 99/110/66 136/149/52 91/102/52
f 91/102/52 136/149/52 75/80/52
f 137/150/90 138/151/91 139/152/92
f 137/150/90 139/152/92 140/153/93
f 137/150/90 140/153/93 141/154/94
f 137/150/90 141/154/94 142/155/95
f 137/150/90 142/155/95 138/151/91
f 142/155/95 141/154/94 143/156/96
f 143/156/96 141/154/94 144/157/97
f 144/157/97 141/154/94 140/153/93
f 143/156/96 144/157/97 145/158/98
f 143/156/96 145/158/98 146/159/99
f 143/156/96 146/159/99 142/155/95
f 145/158/98 144/157/97 147/160/100
f 146/159/99 145/158/98 148/161/101
f 144/157/97 140/153/93 149/162/102
f 144/157/97 149/162/102 147/160/100
f 145/158/98 147/160/100 150/163/103
f 145/158/98 150/163/103 148/161/101
f 146/159/99 148/161/101 151/164/104
f 146/159/99 151/164/104 142/155/95
f 142/155/95 151/164/104 152/165/105
f 142/155/95 152/165/105 153/166/106
f 152/165/105 151/164/104 154/167/107
f 142/155/95 153/166/106 155/168/108
f 155/168/108 153/166/106 156/169/109
f 142/155/95 155/168/108 138/151/91
f 155/168/108 156/169/109 157/170/110
f 155/168/108 157/170/110 138/151/91
f 157/170/110 156/169/109 158/171/111
f 138/151/91 157/170/110 159/172/112
f 160/173/113 154/167/107 151/164/104
f 160/173/113 151/164/104 148/161/101
f 154/167/107 160/173/113 161/174/114
f 138/151/91 159/172/112 162/175/115
f 162/175/115 159/172/112 163/176/116
f 138/151/91 162/175/115 139/152/92
f 162/175/115 163/176/116 164/177/117
f 162/175/115 164/177/117 165/178/118
f 162/175/115 165/178/118 139/152/92
f 165/178/118 164/177/117 166/179/119
f 139/152/92 165/178/118 167/180/120
f 139/152/92 167/180/120 140/153/93
f 165/178/118 166/179/119 168/181/121
f 165/178/118 168/181/121 167/180/120
f 168/181/121 166/179/119 169/182/122
f 169/182/122 166/179/119 170/183/123
f 169/182/122 170/183/123 171/184/124
f 171/184/124 170/183/123 172/185/125
f 168/181/121 169/182/122 173/186/126
f 173/186/126 169/182/122 171/184/124
f 171/184/124 172/185/125 174/187/127
f 174/187/127 172/185/125 175/188/106
f 171/184/124 174/187/127 176/189/128
f 171/184/124 176/189/128 177/190/129
f 171/184/124 177/190/129 173/186/126
f 177/190/129 176/189/128 178/191/130
f 168/181/121 173/186/126 179/192/131
f 168/181/121 179/192/131 167/180/120
f 173/186/126 177/190/129 180/193/132
f 173/186/126 180/193/132 179/192/131
f 177/190/129 178/191/130 181/194/133
f 167/180/120 179/192/131 182/195/134
f 167/180/120 182/195/134 140/153/93
f 182/195/134 179/192/131 183/196/135
f 183/196/135 179/192/131 180/193/132
f 140/153/93 182/195/134 184/197/136
f 182/195/134 183/196/135 185/198/137
f 185/198/137 183/196/135 180/193/132
f 182/195/134 185/198/137 184/197/136
f 140/153/93 184/197/136 149/162/102
f 186/199/138 180/193/132 177/190/129
f 186/199/138 177/190/129 181/194/133
f 185/198/137 180/193/132 187/200/139
f 187/200/139 180/193/132 186/199/138
f 188/201/140 189/202/141 190/203/142
f 188/201/140 190/203/142 191/204/106
f 191/204/106 190/203/142 153/205/106
f 153/205/106 190/203/142 156/206/109
f 156/206/109 190/203/142 189/202/141
f 156/206/109 189/202/141 158/207/111
f 192/208/143 193/209/144 194/210/145
f 194/210/145 193/209/144 195/211/146
f 192/208/143 194/210/145 196/212/147
f 196/212/147 194/210/145 197/213/148
f 196/212/147 197/213/148 198/214/149
f 198/214/149 197/213/148 199/215/150
f 197/213/148 194/210/145 200/216/151
f 200/216/151 194/210/145 195/211/146
f 197/213/148 200/216/151 199/215/150
f 200/216/151 195/211/146 181/194/133
f 199/215/150 200/216/151 178/191/130
f 178/191/130 200/216/151 181/194/133
f 201/217/152 202/218/153 203/219/154
f 201/217/152 203/219/154 204/220/155
f 203/219/154 202/218/153 205/221/156
f 205/221/156 202/218/153 206/222/157
f 206/222/157 202/218/153 207/223/158
f 206/222/157 207/223/158 208/224/159
f 205/221/156 206/222/157 209/225/160
f 206/222/157 208/224/159 210/226/161
f 206/222/157 210/226/161 209/225/160
f 210/226/161 208/224/159 211/227/162
f 211/227/162 208/224/159 212/228/163
f 211/227/162 212/228/163 213/229/164
f 213/229/164 212/228/163 214/230/165
f 210/226/161 211/227/162 215/231/166
f 211/227/162 213/229/164 216/232/167
f 211/227/162 216/232/167 215/231/166
f 210/226/161 215/231/166 217/233/168
f 210/226/161 217/233/168 209/225/160
f 213/229/164 214/230/165 218/234/169
f 216/232/167 213/229/164 219/235/170
f 219/235/170 213/229/164 218/234/169
f 218/234/169 214/230/165 220/236/171
f 220/236/171 214/230/165 221/237/172
f 219/235/170 218/234/169 222/238/173
f 222/238/173 218/234/169 220/236/171
f 216/232/167 219/235/170 223/239/174
f 219/235/170 222/238/173 224/240/175
f 219/235/170 224/240/175 223/239/174
f 220/236/171 221/237/172 225/241/176
f 225/241/176 221/237/172 226/242/177
f 225/241/176 226/242/177 227/243/178
f 220/236/171 225/241/176 228/244/179
f 228/244/179 225/241/176 227/243/178
f 220/236/171 228/244/179 222/238/173
f 228/244/179 227/243/178 229/245/180
f 222/238/173 228/244/179 230/246/181
f 230/246/181 228/244/179 229/245/180
f 222/238/173 230/246/181 224/240/175
f 230/246/181 229/245/180 231/247/182
f 231/247/182 229/245/180 232/248/183
f 230/246/181 231/247/182 233/249/184
f 230/246/181 233/249/184 224/240/175
f 224/240/175 233/249/184 234/250/185
f 224/240/175 234/250/185 223/239/174
f 223/239/174 234/250/185 235/251/186
f 223/239/174 235/251/186 236/252/187
f 223/239/174 236/252/187 216/232/167
f 236/252/187 235/251/186 237/253/188
f 216/232/167 236/252/187 215/231/166
f 236/252/187 237/253/188 238/254/189
f 236/252/187 238/254/189 215/231/166
f 238/254/189 237/253/188 239/255/190
f 215/231/166 238/254/189 217/233/168
f 238/254/189 239/255/190 240/256/191
f 238/254/189 240/256/191 217/233/168
f 240/256/191 239/255/190 241/257/192
f 217/233/168 240/256/191 242/258/193
f 242/258/193 240/256/191 241/257/192
f 217/233/168 242/258/193 209/225/160
f 242/258/193 241/257/192 243/259/184
f 242/258/193 243/259/184 244/260/175
f 242/258/193 244/260/175 209/225/160
f 244/260/175 243/259/184 245/261/194
f 244/260/175 245/261/194 246/262/195
f 209/225/160 244/260/175 247/263/196
f 247/263/196 244/260/175 246/262/195
f 209/225/160 247/263/196 205/221/156
f 246/262/195 245/261/194 248/264/197
f 205/221/156 247/263/196 249/265/198
f 249/265/198 247/263/196 246/262/195
f 205/221/156 249/265/198 203/219/154
f 246/262/195 248/264/197 250/266/199
f 250/266/199 248/264/197 251/267/200
f 249/265/198 246/262/195 252/268/201
f 252/268/201 246/262/195 250/266/199
f 203/219/154 249/265/198 253/269/202
f 253/269/202 249/265/198 252/268/201
f 203/219/154 253/269/202 204/220/155
f 250/266/199 251/267/200 254/270/203
f 254/270/203 251/267/200 255/271/204
f 252/268/201 250/266/199 256/272/205
f 256/272/205 250/266/199 254/270/203
f 253/269/202 252/268/201 257/273/206
f 253/269/202 257/273/206 204/220/155
f 257/273/206 252/268/201 256/272/205
f 254/270/203 255/271/204 258/274/207
f 258/274/207 255/271/204 259/275/208
f 256/272/205 254/270/203 260/276/209
f 260/276/209 254/270/203 258/274/207
f 257/273/206 256/272/205 261/277/210
f 257/273/206 261/277/210 204/220/155
f 261/277/210 256/272/205 260/276/209
f 258/274/207 259/275/208 262/278/211
f 258/274/207 262/278/211 260/276/209
f 262/278/211 259/275/208 263/279/188
f 204/220/155 261/277/210 264/280/212
f 204/220/155 264/280/212 265/281/213
f 261/277/210 260/276/209 266/282/214
f 266/282/214 260/276/209 262/278/211
f 261/277/210 266/282/214 264/280/212
f 265/281/213 264/280/212 267/283/215
f 266/282/214 262/278/211 268/284/216
f 266/282/214 268/284/216 264/280/212
f 269/285/189 262/278/211 263/279/188
f 262/278/211 269/285/189 268/284/216
f 269/285/189 263/279/188 270/286/217
f 267/283/215 264/280/212 271/287/218
f 271/287/218 264/280/212 268/284/216
f 267/283/215 271/287/218 272/288/219
f 269/285/189 270/286/217 273/289/220
f 273/289/220 270/286/217 274/290/221
f 268/284/216 269/285/189 275/291/222
f 275/291/222 269/285/189 273/289/220
f 271/287/218 268/284/216 276/292/223
f 276/292/223 268/284/216 275/291/222
f 271/287/218 276/292/223 272/288/219
f 273/289/220 274/290/221 277/293/224
f 273/289/220 277/293/224 275/291/222
f 277/293/224 274/290/221 278/294/225
f 277/293/224 278/294/225 279/295/226
f 277/293/224 279/295/226 280/296/227
f 272/288/219 276/292/223 281/297/228
f 272/288/219 281/297/228 282/298/229
f 283/299/230 276/292/223 275/291/222
f 283/299/230 275/291/222 277/293/224
f 276/292/223 283/299/230 281/297/228
f 283/299/230 277/293/224 280/296/227
f 281/297/228 283/299/230 282/298/229
f 282/298/229 283/299/230 280/296/227
f 284/300/231 285/301/232 286/302/233
f 284/300/231 286/302/233 287/303/234
f 284/300/231 287/303/234 288/304/235
f 288/304/235 287/303/234 289/305/236
f 289/305/236 287/303/234 290/306/237
f 290/306/237 287/303/234 286/302/233
f 289/305/236 290/306/237 291/307/238
f 232/308/183 291/307/238 231/309/182
f 231/309/182 291/307/238 292/310/239
f 292/310/239 291/307/238 290/306/237
f 231/309/182 292/310/239 233/311/184
f 290/306/237 286/302/233 293/312/240
f 290/306/237 293/312/240 292/310/239
f 293/312/240 286/302/233 294/313/241
f 294/313/241 286/302/233 285/301/232
f 233/311/184 292/310/239 295/314/242
f 295/314/242 292/310/239 293/312/240
f 233/311/184 295/314/242 234/315/185
f 293/312/240 294/313/241 296/316/243
f 293/312/240 296/316/243 295/314/242
f 294/313/241 285/301/232 297/317/244
f 294/313/241 297/317/244 296/316/243
f 297/317/244 285/301/232 298/318/245
f 234/315/185 295/314/242 299/319/246
f 299/319/246 295/314/242 296/316/243
f 234/315/185 299/319/246 235/320/186
f 296/316/243 297/317/244 300/321/247
f 296/316/243 300/321/247 299/319/246
f 297/317/244 298/318/245 301/322/248
f 297/317/244 301/322/248 300/321/247
f 301/322/248 298/318/245 302/323/249
f 235/320/186 299/319/246 303/324/250
f 303/324/250 299/319/246 300/321/247
f 235/320/186 303/324/250 237/325/188
f 300/321/247 301/322/248 304/326/251
f 300/321/247 304/326/251 303/324/250
f 301/322/248 302/323/249 305/327/252
f 301/322/248 305/327/252 304/326/251
f 237/325/188 303/324/250 306/328/253
f 306/328/253 303/324/250 304/326/251
f 237/325/188 306/328/253 239/329/190
f 305/327/252 302/323/249 307/330/254
f 307/330/254 302/323/249 308/331/255
f 307/330/254 308/331/255 309/332/256
f 239/329/190 306/328/253 310/333/257
f 239/329/190 310/333/257 241/334/192
f 306/328/253 304/326/251 311/335/258
f 311/335/258 304/326/251 305/327/252
f 306/328/253 311/335/258 310/333/257
f 241/334/192 310/333/257 312/336/259
f 312/336/259 310/333/257 311/335/258
f 241/334/192 312/336/259 243/337/184
f 311/335/258 305/327/252 313/338/260
f 311/335/258 313/338/260 312/336/259
f 313/338/260 305/327/252 307/330/254
f 243/337/184 312/336/259 314/339/242
f 314/339/242 312/336/259 313/338/260
f 243/337/184 314/339/242 245/340/194
f 245/340/194 314/339/242 315/341/261
f 245/340/194 315/341/261 248/342/197
f 314/339/242 313/338/260 316/343/262
f 314/339/242 316/343/262 315/341/261
f 313/338/260 307/330/254 317/344/263
f 313/338/260 317/344/263 316/343/262
f 317/344/263 307/330/254 309/332/256
f 248/342/197 315/341/261 318/345/264
f 248/342/197 318/345/264 251/346/200
f 315/341/261 316/343/262 319/347/265
f 319/347/265 316/343/262 317/344/263
f 317/344/263 309/332/256 320/348/266
f 317/344/263 320/348/266 319/347/265
f 320/348/266 309/332/256 321/349/267
f 320/348/266 321/349/267 322/350/268
f 323/351/269 318/345/264 315/341/261
f 323/351/269 315/341/261 319/347/265
f 319/347/265 320/348/266 324/352/270
f 319/347/265 324/352/270 323/351/269
f 324/352/270 320/348/266 322/350/268
f 323/351/269 324/352/270 325/353/271
f 325/353/271 324/352/270 322/350/268
f 318/345/264 323/351/269 326/354/272
f 326/354/272 323/351/269 325/353/271
f 318/345/264 326/354/272 327/355/273
f 318/345/264 327/355/273 251/346/200
f 251/346/200 327/355/273 255/356/204
f 325/353/271 322/350/268 328/357/274
f 325/353/271 328/357/274 326/354/272
f 328/357/274 322/350/268 329/358/275
f 329/358/275 322/350/268 330/359/276
f 329/358/275 330/359/276 331/360/277
f 255/356/204 327/355/273 332/361/278
f 255/356/204 332/361/278 259/362/208
f 333/363/279 327/355/273 326/354/272
f 333/363/279 326/354/272 328/357/274
f 327/355/273 333/363/279 332/361/278
f 259/362/208 332/361/278 334/364/280
f 334/364/280 332/361/278 333/363/279
f 259/362/208 334/364/280 263/365/188
f 333/363/279 328/357/274 335/366/281
f 333/363/279 335/366/281 334/364/280
f 335/366/281 328/357/274 329/358/275
f 334/364/280 335/366/281 336/367/282
f 336/367/282 335/366/281 329/358/275
f 263/365/188 334/364/280 337/368/253
f 337/368/253 334/364/280 336/367/282
f 263/365/188 337/368/253 270/369/217
f 336/367/282 329/358/275 338/370/248
f 338/370/248 329/358/275 331/360/277
f 338/370/248 331/360/277 339/371/283
f 270/369/217 337/368/253 340/372/284
f 270/369/217 340/372/284 274/373/221
f 337/368/253 336/367/282 341/374/285
f 337/368/253 341/374/285 340/372/284
f 336/367/282 338/370/248 342/375/286
f 342/375/286 338/370/248 339/371/283
f 336/367/282 342/375/286 341/374/285
f 342/375/286 339/371/283 343/376/287
f 343/376/287 339/371/283 344/377/288
f 342/375/286 343/376/287 345/378/289
f 345/378/289 343/376/287 344/377/288
f 342/375/286 345/378/289 341/374/285
f 345/378/289 344/377/288 346/379/290
f 347/380/291 340/372/284 341/374/285
f 347/380/291 341/374/285 345/378/289
f 347/380/291 345/378/289 346/379/290
f 340/372/284 347/380/291 274/373/221
f 347/380/291 346/379/290 348/381/292
f 347/380/291 348/381/292 274/373/221
f 274/373/221 348/381/292 278/382/225
f 152/383/105 349/384/293 191/204/106
f 152/383/105 191/204/106 153/205/106
f 350/385/294 351/386/295 349/384/293
f 349/384/293 351/386/295 191/204/106
f 352/387/296 353/388/297 350/385/294
f 350/385/294 353/388/297 351/386/295
f 353/388/297 352/387/296 354/389/298
f 354/389/298 352/387/296 355/390/299
f 351/386/295 353/388/297 356/391/300
f 351/386/295 356/391/300 191/204/106
f 353/388/297 354/389/298 357/392/301
f 353/388/297 357/392/301 356/391/300
f 356/391/300 357/392/301 358/393/302
f 356/391/300 358/393/302 191/204/106
f 357/392/301 354/389/298 359/394/303
f 354/389/298 355/390/299 360/395/304
f 354/389/298 360/395/304 359/394/303
f 360/395/304 355/390/299 361/396/305
f 361/396/305 355/390/299 362/397/306
f 361/396/305 362/397/306 363/398/307
f 364/399/308 358/393/302 357/392/301
f 364/399/308 357/392/301 359/394/303
f 365/400/90 191/204/106 358/393/302
f 365/400/90 358/393/302 364/399/308
f 361/396/305 363/398/307 366/401/309
f 366/401/309 363/398/307 367/402/310
f 361/396/305 366/401/309 368/403/305
f 361/396/305 368/403/305 360/395/304
f 366/401/309 367/402/310 369/404/311
f 369/404/311 367/402/310 370/405/312
f 369/404/311 370/405/312 371/406/312
f 366/401/309 369/404/311 372/407/313
f 366/401/309 372/407/313 368/403/305
f 369/404/311 371/406/312 373/408/314
f 369/404/311 373/408/314 372/407/313
f 374/409/315 360/395/304 368/403/305
f 360/395/304 374/409/315 359/394/303
f 368/403/305 372/407/313 375/410/316
f 368/403/305 375/410/316 374/409/315
f 372/407/313 373/408/314 376/411/317
f 372/407/313 376/411/317 375/410/316
f 359/394/303 374/409/315 377/412/318
f 374/409/315 375/410/316 378/413/319
f 374/409/315 378/413/319 377/412/318
f 359/394/303 377/412/318 364/399/308
f 375/410/316 376/411/317 379/414/320
f 375/410/316 379/414/320 378/413/319
f 380/415/321 376/411/317 373/408/314
f 364/399/308 377/412/318 381/416/322
f 377/412/318 378/413/319 382/417/323
f 377/412/318 382/417/323 381/416/322
f 381/416/322 382/417/323 383/418/324
f 382/417/323 378/413/319 384/419/325
f 383/418/324 382/417/323 385/420/326
f 385/420/326 382/417/323 384/419/325
f 384/419/325 378/413/319 386/421/327
f 386/421/327 378/413/319 379/414/320
f 381/416/322 383/418/324 387/422/131
f 387/422/131 383/418/324 385/420/326
f 381/416/322 387/422/131 388/423/120
f 381/416/322 388/423/120 364/399/308
f 364/399/308 388/423/120 389/424/92
f 364/399/308 389/424/92 365/400/90
f 365/400/90 389/424/92 188/201/140
f 365/400/90 188/201/140 191/204/106
f 389/424/92 388/423/120 390/425/328
f 388/423/120 387/422/131 391/426/329
f 388/423/120 391/426/329 390/425/328
f 391/426/329 387/422/131 392/427/126
f 392/427/126 387/422/131 385/420/326
f 390/425/328 391/426/329 393/428/330
f 390/425/328 393/428/330 394/429/331
f 393/428/330 391/426/329 395/430/332
f 395/430/332 391/426/329 392/427/126
f 393/428/330 395/430/332 396/431/333
f 396/431/333 395/430/332 397/432/334
f 397/432/334 395/430/332 392/427/126
f 396/431/333 397/432/334 398/433/335
f 390/425/328 394/429/331 399/434/336
f 390/425/328 399/434/336 389/424/92
f 399/434/336 394/429/331 400/435/337
f 399/434/336 400/435/337 401/436/338
f 389/424/92 399/434/336 188/201/140
f 188/201/140 399/434/336 401/436/338
f 402/437/339 403/438/340 404/439/341
f 404/439/341 403/438/340 405/440/342
f 405/440/342 403/438/340 406/441/343
f 402/437/339 404/439/341 407/442/344
f 402/437/339 407/442/344 408/443/344
f 404/439/341 405/440/342 409/444/345
f 405/440/342 406/441/343 410/445/346
f 410/445/346 406/441/343 411/446/347
f 408/443/344 407/442/344 412/447/348
f 408/443/344 412/447/348 413/448/349
f 407/442/344 404/439/341 414/449/350
f 414/449/350 404/439/341 409/444/345
f 412/447/348 407/442/344 415/450/351
f 415/450/351 407/442/344 414/449/350
f 413/448/349 412/447/348 416/451/352
f 416/451/352 412/447/348 415/450/351
f 413/448/349 416/451/352 417/452/353
f 417/452/353 416/451/352 418/453/354
f 417/452/353 418/453/354 419/454/355
f 418/453/354 416/451/352 420/455/356
f 420/455/356 416/451/352 415/450/351
f 419/454/355 418/453/354 421/456/357
f 419/454/355 421/456/357 422/457/358
f 418/453/354 420/455/356 423/458/359
f 418/453/354 423/458/359 421/456/357
f 420/455/356 415/450/351 424/459/360
f 422/457/358 421/456/357 425/460/361
f 422/457/358 425/460/361 426/461/362
f 426/461/362 425/460/361 427/462/362
f 425/460/361 421/456/357 428/463/363
f 428/463/363 421/456/357 423/458/359
f 427/462/362 425/460/361 429/464/361
f 429/464/361 425/460/361 428/463/363
f 427/462/362 429/464/361 430/465/361
f 430/465/361 429/464/361 428/463/363
f 427/462/362 430/465/361 431/466/362
f 431/466/362 430/465/361 432/467/364
f 430/465/361 428/463/363 433/468/365
f 430/465/361 433/468/365 432/467/364
f 433/468/365 428/463/363 423/458/359
f 432/467/364 433/468/365 434/469/366
f 433/468/365 423/458/359 435/470/367
f 433/468/365 435/470/367 434/469/366
f 435/470/367 423/458/359 420/455/356
f 434/469/366 435/470/367 436/471/368
f 435/470/367 420/455/356 424/459/360
f 435/470/367 424/459/360 436/471/368
f 188/201/140 401/436/338 189/202/141
f 174/472/127 398/433/335 397/432/334
f 398/433/335 174/472/127 175/473/106
f 174/472/127 397/432/334 176/474/128
f 176/474/128 397/432/334 437/475/128
f 437/475/128 397/432/334 392/427/126
f 176/474/128 437/475/128 178/476/130
f 437/475/128 392/427/126 385/420/326
f 178/476/130 437/475/128 438/477/369
f 437/475/128 385/420/326 439/478/370
f 437/475/128 439/478/370 438/477/369
f 439/478/370 385/420/326 384/419/325
f 439/478/370 384/419/325 440/479/371
f 439/478/370 440/479/371 438/477/369
f 440/479/371 384/419/325 386/421/327
f 178/476/130 438/477/369 441/480/372
f 178/476/130 441/480/372 199/481/150
f 199/481/150 441/480/372 442/482/373
f 199/481/150 442/482/373 198/483/149
f 198/483/149 442/482/373 196/484/147
f 196/484/147 442/482/373 443/485/374
f 443/485/374 442/482/373 441/480/372
f 196/484/147 443/485/374 192/486/143
f 444/487/375 441/480/372 438/477/369
f 441/480/372 444/487/375 443/485/374
f 444/487/375 438/477/369 445/488/376
f 445/488/376 438/477/369 440/479/371
f 443/485/374 444/487/375 446/489/377
f 443/485/374 446/489/377 192/486/143
f 444/487/375 445/488/376 447/490/378
f 444/487/375 447/490/378 446/489/377
f 192/486/143 446/489/377 448/491/379
f 448/491/379 446/489/377 447/490/378
f 192/486/143 448/491/379 449/492/380
f 445/488/376 440/479/371 450/493/381
f 450/493/381 440/479/371 386/421/327
f 450/493/381 386/421/327 379/414/320
f 445/488/376 450/493/381 451/494/382
f 445/488/376 451/494/382 447/490/378
f 449/492/380 448/491/379 452/495/383
f 451/494/382 450/493/381 453/496/384
f 453/496/384 450/493/381 379/414/320
f 454/497/385 448/491/379 447/490/378
f 454/497/385 447/490/378 451/494/382
f 448/491/379 454/497/385 452/495/383
f 449/492/380 452/495/383 455/498/386
f 455/498/386 452/495/383 456/499/387
f 455/498/386 456/499/387 457/500/388
f 456/499/387 452/495/383 458/501/389
f 458/501/389 452/495/383 459/502/390
f 459/502/390 452/495/383 454/497/385
f 458/501/389 459/502/390 460/503/391
f 461/504/392 454/497/385 451/494/382
f 454/497/385 461/504/392 459/502/390
f 461/504/392 451/494/382 453/496/384
f 460/503/391 459/502/390 462/505/393
f 462/505/393 459/502/390 461/504/392
f 460/503/391 462/505/393 463/506/394
f 461/504/392 453/496/384 464/507/395
f 461/504/392 464/507/395 462/505/393
f 464/507/395 453/496/384 379/414/320
f 464/507/395 379/414/320 376/411/317
f 464/507/395 376/411/317 380/415/321
f 464/507/395 380/415/321 462/505/393
f 463/506/394 462/505/393 465/508/396
f 465/508/396 462/505/393 380/415/321
f 463/506/394 465/508/396 466/509/397
f 466/509/397 465/508/396 467/510/398
f 467/510/398 465/508/396 468/511/399
f 465/508/396 380/415/321 469/512/400
f 469/512/400 380/415/321 373/408/314
f 469/512/400 373/408/314 371/406/312
f 468/511/399 465/508/396 470/513/401
f 470/513/401 465/508/396 469/512/400
f 468/511/399 470/513/401 471/514/402
f 469/512/400 371/406/312 472/515/403
f 469/512/400 472/515/403 470/513/401
f 472/515/403 371/406/312 473/516/316
f 471/514/402 470/513/401 474/517/404
f 472/515/403 473/516/316 475/518/405
f 474/517/404 470/513/401 476/519/406
f 470/513/401 472/515/403 477/520/407
f 477/520/407 472/515/403 475/518/405
f 470/513/401 477/520/407 476/519/406
f 474/517/404 476/519/406 478/521/239
f 477/520/407 475/518/405 479/522/408
f 478/521/239 476/519/406 480/523/409
f 478/521/239 480/523/409 481/524/182
f 481/524/182 480/523/409 482/525/410
f 482/525/410 480/523/409 483/526/411
f 483/526/411 480/523/409 484/527/412
f 484/527/412 480/523/409 476/519/406
f 484/527/412 476/519/406 485/528/413
f 485/528/413 476/519/406 486/529/414
f 486/529/414 476/519/406 477/520/407
f 486/529/414 477/520/407 487/530/414
f 487/530/414 477/520/407 488/531/415
f 488/531/415 477/520/407 489/532/416
f 489/532/416 477/520/407 479/522/408
f 489/532/416 479/522/408 490/533/416
f 490/533/416 479/522/408 491/534/417
f 491/534/417 479/522/408 492/535/418
f 492/535/418 479/522/408 493/536/419
f 493/536/419 479/522/408 475/518/405
f 493/536/419 475/518/405 494/537/420
f 492/535/418 493/536/419 495/538/421
f 492/535/418 495/538/421 496/539/422
f 495/538/421 493/536/419 497/540/423
f 495/538/421 497/540/423 498/541/424
f 497/540/423 493/536/419 499/542/425
f 499/542/425 493/536/419 500/543/426
f 500/543/426 493/536/419 501/544/427
f 501/544/427 493/536/419 502/545/428
f 496/539/422 495/538/421 503/546/424
f 503/546/424 495/538/421 498/541/424
f 496/539/422 503/546/424 504/547/429
f 504/547/429 503/546/424 505/548/429
f 505/548/429 503/546/424 498/541/424
f 505/548/429 498/541/424 506/549/429
f 502/545/428 493/536/419 507/550/430
f 507/550/430 493/536/419 494/537/420
f 502/545/428 507/550/430 508/551/431
f 508/551/431 507/550/430 509/552/432
f 507/550/430 494/537/420 510/553/433
f 507/550/430 510/553/433 509/552/432
f 509/552/432 510/553/433 511/554/434
f 511/554/434 510/553/433 512/555/434
f 512/555/434 510/553/433 513/556/435
f 513/556/435 510/553/433 514/557/435
f 513/556/435 514/557/435 515/558/436
f 513/556/435 515/558/436 516/559/437
f 516/559/437 515/558/436 517/560/438
f 516/559/437 517/560/438 518/561/438
f 519/562/439 520/563/440 521/564/440
f 520/563/440 519/562/439 522/565/441
f 522/565/441 519/562/439 523/566/442
f 523/566/442 519/562/439 524/567/443
f 523/566/442 524/567/443 525/568/444
f 525/568/444 524/567/443 526/569/439
f 525/568/444 526/569/439 527/570/439
f 527/570/439 526/569/439 528/571/445
f 528/571/445 526/569/439 529/572/445
f 520/573/446 530/574/447 521/575/446
f 530/574/447 520/573/446 522/576/447
f 530/574/447 522/576/447 523/577/448
f 530/574/447 523/577/448 531/578/449
f 531/578/449 523/577/448 525/579/450
f 531/578/449 525/579/450 532/580/447
f 532/580/447 525/579/450 533/581/447
f 532/580/447 533/581/447 534/582/451
f 532/580/447 534/582/451 535/583/451
f 536/584/452 537/585/453 538/586/454
f 539/587/455 540/588/456 538/586/454
f 538/586/454 540/588/456 541/589/200
f 538/586/454 541/589/200 536/584/452
f 541/589/200 540/588/456 542/590/456
f 539/587/455 538/586/454 543/591/457
f 543/591/457 538/586/454 537/585/453
f 539/587/455 543/591/457 544/592/453
f 541/589/200 542/590/456 545/593/200
f 541/589/200 545/593/200 536/584/452
f 545/593/200 542/590/456 546/594/458
f 545/593/200 546/594/458 536/584/452
f 546/594/458 542/590/456 547/595/459
f 536/584/452 546/594/458 548/596/460
f 548/596/460 546/594/458 547/595/459
f 536/584/452 548/596/460 537/585/453
f 548/596/460 547/595/459 549/597/461
f 548/596/460 549/597/461 550/598/462
f 548/596/460 550/598/462 537/585/453
f 550/598/462 549/597/461 551/599/463
f 537/585/453 550/598/462 552/600/464
f 537/585/453 552/600/464 543/591/457
f 550/598/462 551/599/463 553/601/465
f 550/598/462 553/601/465 552/600/464
f 553/601/465 551/599/463 554/602/466
f 543/591/457 552/600/464 555/603/467
f 543/591/457 555/603/467 544/592/453
f 544/592/453 555/603/467 556/604/464
f 555/603/467 552/600/464 557/605/468
f 557/605/468 552/600/464 553/601/465
f 556/604/464 555/603/467 558/606/468
f 558/606/468 555/603/467 557/605/468
f 556/604/464 558/606/468 559/607/468
f 560/608/469 553/601/465 554/602/466
f 553/601/465 560/608/469 557/605/468
f 560/608/469 554/602/466 561/609/469
f 559/607/468 558/606/468 562/610/470
f 562/610/470 558/606/468 557/605/468
f 559/607/468 562/610/470 563/611/471
f 560/608/469 561/609/469 564/612/472
f 560/608/469 564/612/472 557/605/468
f 564/612/472 561/609/469 565/613/473
f 563/611/471 562/610/470 566/614/474
f 562/610/470 557/605/468 567/615/475
f 567/615/475 557/605/468 564/612/472
f 562/610/470 567/615/475 566/614/474
f 563/611/471 566/614/474 568/616/476
f 564/612/472 565/613/473 569/617/477
f 564/612/472 569/617/477 567/615/475
f 569/617/477 565/613/473 570/618/478
f 568/616/476 566/614/474 571/619/479
f 566/614/474 567/615/475 572/620/480
f 572/620/480 567/615/475 569/617/477
f 566/614/474 572/620/480 571/619/479
f 568/616/476 571/619/479 573/621/481
f 569/617/477 570/618/478 574/622/482
f 569/617/477 574/622/482 572/620/480
f 574/622/482 570/618/478 575/623/483
f 573/621/481 571/619/479 576/624/484
f 571/619/479 572/620/480 577/625/485
f 577/625/485 572/620/480 574/622/482
f 571/619/479 577/625/485 576/624/484
f 573/621/481 576/624/484 578/626/486
f 574/622/482 575/623/483 579/627/487
f 574/622/482 579/627/487 577/625/485
f 579/627/487 575/623/483 580/628/488
f 578/626/486 576/624/484 581/629/489
f 576/624/484 577/625/485 582/630/490
f 582/630/490 577/625/485 579/627/487
f 576/624/484 582/630/490 581/629/489
f 578/626/486 581/629/489 583/631/491
f 579/627/487 580/628/488 584/632/492
f 579/627/487 584/632/492 582/630/490
f 584/632/492 580/628/488 585/633/493
f 583/631/491 581/629/489 586/634/494
f 583/631/491 586/634/494 587/635/494
f 587/635/494 586/634/494 588/636/494
f 589/637/495 581/629/489 582/630/490
f 589/637/495 582/630/490 584/632/492
f 581/629/489 589/637/495 586/634/494
f 588/636/494 586/634/494 590/638/494
f 590/638/494 586/634/494 589/637/495
f 588/636/494 590/638/494 591/639/494
f 591/639/494 590/638/494 589/637/495
f 591/639/494 589/637/495 584/632/492
f 591/639/494 584/632/492 585/633/493
f 588/636/494 591/639/494 592/640/494
f 592/640/494 591/639/494 585/633/493
f 593/641/468 594/642/464 595/643/468
f 595/643/468 594/642/464 596/644/467
f 596/644/467 594/642/464 597/645/496
f 593/641/468 595/643/468 598/646/470
f 593/641/468 598/646/470 599/647/471
f 595/643/468 596/644/467 600/648/468
f 595/643/468 600/648/468 598/646/470
f 596/644/467 597/645/496 601/649/497
f 601/649/497 597/645/496 602/650/455
f 599/647/471 598/646/470 603/651/474
f 596/644/467 601/649/497 604/652/464
f 596/644/467 604/652/464 600/648/468
f 599/647/471 603/651/474 605/653/476
f 601/649/497 602/650/455 606/654/498
f 606/654/498 602/650/455 607/655/499
f 604/652/464 601/649/497 608/656/496
f 608/656/496 601/649/497 606/654/498
f 605/653/476 603/651/474 609/657/479
f 605/653/476 609/657/479 610/658/481
f 606/654/498 607/655/499 611/659/456
f 611/659/456 607/655/499 612/660/499
f 608/656/496 606/654/498 613/661/388
f 613/661/388 606/654/498 611/659/456
f 613/661/388 611/659/456 614/662/456
f 614/662/456 611/659/456 612/660/499
f 614/662/456 612/660/499 615/663/459
f 614/662/456 615/663/459 613/661/388
f 615/663/459 612/660/499 616/664/500
f 613/661/388 615/663/459 617/665/501
f 617/665/501 615/663/459 616/664/500
f 613/661/388 617/665/501 608/656/496
f 617/665/501 616/664/500 618/666/502
f 608/656/496 617/665/501 619/667/462
f 619/667/462 617/665/501 618/666/502
f 608/656/496 619/667/462 604/652/464
f 619/667/462 618/666/502 620/668/503
f 604/652/464 619/667/462 621/669/465
f 621/669/465 619/667/462 620/668/503
f 621/669/465 620/668/503 622/670/466
f 604/652/464 621/669/465 600/648/468
f 621/669/465 622/670/466 623/671/469
f 621/669/465 623/671/469 600/648/468
f 623/671/469 622/670/466 624/672/469
f 623/671/469 624/672/469 625/673/472
f 623/671/469 625/673/472 600/648/468
f 625/673/472 624/672/469 626/674/473
f 600/648/468 625/673/472 627/675/475
f 600/648/468 627/675/475 598/646/470
f 598/646/470 627/675/475 603/651/474
f 625/673/472 626/674/473 628/676/477
f 625/673/472 628/676/477 627/675/475
f 628/676/477 626/674/473 629/677/478
f 603/651/474 627/675/475 630/678/480
f 630/678/480 627/675/475 628/676/477
f 603/651/474 630/678/480 609/657/479
f 628/676/477 629/677/478 631/679/482
f 628/676/477 631/679/482 630/678/480
f 631/679/482 629/677/478 632/680/483
f 609/657/479 630/678/480 633/681/485
f 633/681/485 630/678/480 631/679/482
f 631/679/482 632/680/483 634/682/487
f 631/679/482 634/682/487 633/681/485
f 634/682/487 632/680/483 635/683/504
f 609/657/479 633/681/485 636/684/484
f 609/657/479 636/684/484 610/658/481
f 610/658/481 636/684/484 637/685/486
f 636/684/484 633/681/485 638/686/490
f 638/686/490 633/681/485 634/682/487
f 637/685/486 636/684/484 639/687/505
f 639/687/505 636/684/484 638/686/490
f 637/685/486 639/687/505 640/688/506
f 641/689/507 634/682/487 635/683/504
f 634/682/487 641/689/507 638/686/490
f 641/689/507 635/683/504 642/690/508
f 640/688/506 639/687/505 643/691/149
f 640/688/506 643/691/149 644/692/509
f 644/692/509 643/691/149 645/693/509
f 646/694/510 639/687/505 638/686/490
f 646/694/510 638/686/490 641/689/507
f 639/687/505 646/694/510 643/691/149
f 645/693/509 643/691/149 647/695/149
f 647/695/149 643/691/149 646/694/510
f 645/693/509 647/695/149 648/696/149
f 648/696/149 647/695/149 646/694/510
f 648/696/149 646/694/510 641/689/507
f 648/696/149 641/689/507 642/690/508
f 645/693/509 648/696/149 649/697/509
f 649/697/509 648/696/149 642/690/508
f 533/698/143 525/699/511 527/700/143
f 533/698/143 527/700/143 534/701/512
f 534/701/512 527/700/143 528/702/512
f 534/701/512 528/702/512 529/572/512
f 534/701/512 529/572/512 535/583/512
f 535/583/512 529/572/512 650/703/512
f 535/583/512 650/703/512 651/704/512
f 651/704/512 650/703/512 652/705/475
f 651/704/512 652/705/475 653/706/475
f 653/706/475 652/705/475 654/707/475
f 654/707/475 652/705/475 655/708/475
f 656/709/513 657/710/513 658/711/36
f 658/711/36 657/710/513 659/712/514
f 658/711/36 659/712/514 660/713/515
f 660/713/515 659/712/514 661/714/515
f 660/713/515 661/714/515 662/715/515
f 660/713/515 662/715/515 663/716/515
f 660/713/515 663/716/515 664/717/516
f 660/713/515 664/717/516 665/718/80
f 665/718/80 664/717/516 666/719/517
f 665/718/80 666/719/517 667/720/517
f 668/721/149 669/722/149 670/723/510
f 669/722/149 668/721/149 671/724/149
f 669/722/149 671/724/149 672/725/149
f 669/722/149 672/725/149 673/726/506
f 671/724/149 668/721/149 674/727/149
f 674/727/149 668/721/149 670/723/510
f 671/724/149 674/727/149 675/728/149
f 675/728/149 674/727/149 676/729/508
f 669/722/149 673/726/506 677/730/505
f 669/722/149 677/730/505 670/723/510
f 677/730/505 673/726/506 678/731/486
f 676/729/508 674/727/149 679/732/507
f 679/732/507 674/727/149 670/723/510
f 676/729/508 679/732/507 680/733/504
f 670/723/510 677/730/505 681/734/490
f 670/723/510 681/734/490 679/732/507
f 677/730/505 678/731/486 682/735/484
f 677/730/505 682/735/484 681/734/490
f 682/735/484 678/731/486 683/736/481
f 680/733/504 679/732/507 684/737/487
f 684/737/487 679/732/507 681/734/490
f 680/733/504 684/737/487 685/738/483
f 681/734/490 682/735/484 686/739/485
f 681/734/490 686/739/485 684/737/487
f 682/735/484 683/736/481 687/740/479
f 682/735/484 687/740/479 686/739/485
f 687/740/479 683/736/481 688/741/476
f 685/738/483 684/737/487 689/742/482
f 689/742/482 684/737/487 686/739/485
f 685/738/483 689/742/482 690/743/478
f 686/739/485 687/740/479 691/744/480
f 686/739/485 691/744/480 689/742/482
f 687/740/479 688/741/476 692/745/474
f 687/740/479 692/745/474 691/744/480
f 692/745/474 688/741/476 693/746/471
f 690/743/478 689/742/482 694/747/477
f 694/747/477 689/742/482 691/744/480
f 690/743/478 694/747/477 695/748/473
f 691/744/480 692/745/474 696/749/475
f 691/744/480 696/749/475 694/747/477
f 692/745/474 693/746/471 697/750/470
f 692/745/474 697/750/470 696/749/475
f 697/750/470 693/746/471 698/751/468
f 695/748/473 694/747/477 699/752/472
f 699/752/472 694/747/477 696/749/475
f 695/748/473 699/752/472 700/753/469
f 696/749/475 697/750/470 701/754/468
f 696/749/475 701/754/468 699/752/472
f 697/750/470 698/751/468 702/755/468
f 697/750/470 702/755/468 701/754/468
f 702/755/468 698/751/468 703/756/464
f 700/753/469 699/752/472 704/757/469
f 704/757/469 699/752/472 701/754/468
f 700/753/469 704/757/469 705/758/466
f 702/755/468 703/756/464 706/759/467
f 702/755/468 706/759/467 701/754/468
f 706/759/467 703/756/464 707/760/453
f 705/758/466 704/757/469 708/761/465
f 708/761/465 704/757/469 701/754/468
f 705/758/466 708/761/465 709/762/463
f 701/754/468 706/759/467 710/763/464
f 701/754/468 710/763/464 708/761/465
f 706/759/467 707/760/453 711/764/457
f 706/759/467 711/764/457 710/763/464
f 711/764/457 707/760/453 712/765/455
f 709/762/463 708/761/465 713/766/462
f 713/766/462 708/761/465 710/763/464
f 709/762/463 713/766/462 714/767/502
f 710/763/464 711/764/457 715/768/453
f 710/763/464 715/768/453 713/766/462
f 711/764/457 712/765/455 716/769/454
f 711/764/457 716/769/454 715/768/453
f 716/769/454 712/765/455 717/770/456
f 714/767/502 713/766/462 718/771/460
f 718/771/460 713/766/462 715/768/453
f 714/767/502 718/771/460 719/772/459
f 715/768/453 716/769/454 720/773/452
f 715/768/453 720/773/452 718/771/460
f 716/769/454 717/770/456 721/774/200
f 716/769/454 721/774/200 720/773/452
f 721/774/200 717/770/456 722/775/456
f 719/772/459 718/771/460 723/776/458
f 723/776/458 718/771/460 720/773/452
f 719/772/459 723/776/458 722/775/456
f 720/773/452 721/774/200 724/777/456
f 720/773/452 724/777/456 723/776/458
f 724/777/456 721/774/200 722/775/456
f 724/777/456 722/775/456 723/776/458
f 725/778/456 726/779/388 727/780/456
f 725/778/456 727/780/456 728/781/456
f 728/781/456 727/780/456 729/782/456
f 725/778/456 728/781/456 730/783/459
f 725/778/456 730/783/459 726/779/388
f 730/783/459 728/781/456 731/784/459
f 729/782/456 727/780/456 732/785/498
f 732/785/498 727/780/456 726/779/388
f 729/782/456 732/785/498 733/786/455
f 730/783/459 731/784/459 734/787/501
f 730/783/459 734/787/501 726/779/388
f 734/787/501 731/784/459 735/788/502
f 733/786/455 732/785/498 736/789/457
f 732/785/498 726/779/388 737/790/496
f 737/790/496 726/779/388 734/787/501
f 732/785/498 737/790/496 736/789/457
f 733/786/455 736/789/457 738/791/496
f 734/787/501 735/788/502 739/792/462
f 734/787/501 739/792/462 737/790/496
f 739/792/462 735/788/502 740/793/463
f 738/791/496 736/789/457 741/794/467
f 736/789/457 737/790/496 742/795/464
f 742/795/464 737/790/496 739/792/462
f 736/789/457 742/795/464 741/794/467
f 738/791/496 741/794/467 743/796/464
f 739/792/462 740/793/463 744/797/465
f 739/792/462 744/797/465 742/795/464
f 744/797/465 740/793/463 745/798/466
f 743/796/464 741/794/467 746/799/468
f 741/794/467 742/795/464 747/800/468
f 747/800/468 742/795/464 744/797/465
f 741/794/467 747/800/468 746/799/468
f 743/796/464 746/799/468 748/801/518
f 744/797/465 745/798/466 749/802/469
f 744/797/465 749/802/469 747/800/468
f 749/802/469 745/798/466 750/803/469
f 748/801/518 746/799/468 751/804/470
f 748/801/518 751/804/470 752/805/471
f 746/799/468 747/800/468 753/806/475
f 753/806/475 747/800/468 749/802/469
f 746/799/468 753/806/475 751/804/470
f 749/802/469 750/803/469 754/807/472
f 749/802/469 754/807/472 753/806/475
f 754/807/472 750/803/469 755/808/473
f 752/805/471 751/804/470 756/809/474
f 756/809/474 751/804/470 753/806/475
f 752/805/471 756/809/474 757/810/476
f 754/807/472 755/808/473 758/811/477
f 754/807/472 758/811/477 753/806/475
f 758/811/477 755/808/473 759/812/478
f 757/810/476 756/809/474 760/813/479
f 756/809/474 753/806/475 761/814/480
f 761/814/480 753/806/475 758/811/477
f 756/809/474 761/814/480 760/813/479
f 757/810/476 760/813/479 762/815/481
f 758/811/477 759/812/478 763/816/482
f 758/811/477 763/816/482 761/814/480
f 763/816/482 759/812/478 764/817/483
f 762/815/481 760/813/479 765/818/484
f 760/813/479 761/814/480 766/819/485
f 766/819/485 761/814/480 763/816/482
f 760/813/479 766/819/485 765/818/484
f 762/815/481 765/818/484 767/820/486
f 763/816/482 764/817/483 768/821/487
f 763/816/482 768/821/487 766/819/485
f 768/821/487 764/817/483 769/822/504
f 767/820/486 765/818/484 770/823/505
f 765/818/484 766/819/485 771/824/490
f 771/824/490 766/819/485 768/821/487
f 765/818/484 771/824/490 770/823/505
f 767/820/486 770/823/505 772/825/506
f 768/821/487 769/822/504 773/826/507
f 768/821/487 773/826/507 771/824/490
f 773/826/507 769/822/504 774/827/508
f 772/825/506 770/823/505 775/828/149
f 772/825/506 775/828/149 776/829/509
f 776/829/509 775/828/149 777/830/509
f 778/831/510 770/823/505 771/824/490
f 778/831/510 771/824/490 773/826/507
f 770/823/505 778/831/510 775/828/149
f 777/830/509 775/828/149 779/832/149
f 779/832/149 775/828/149 778/831/510
f 777/830/509 779/832/149 780/833/149
f 780/833/149 779/832/149 778/831/510
f 780/833/149 778/831/510 773/826/507
f 780/833/149 773/826/507 774/827/508
f 777/830/509 780/833/149 781/834/509
f 781/834/509 780/833/149 774/827/508
f 521/575/519 530/574/519 782/835/520
f 782/835/520 530/574/519 783/836/520
f 784/837/521 519/562/522 782/838/522
f 782/838/522 519/562/522 521/564/522
f 785/839/523 786/840/114 787/841/524
f 787/841/524 786/840/114 788/842/114
f 786/840/114 785/839/523 789/843/525
f 787/841/524 788/842/114 790/844/524
f 790/844/524 788/842/114 791/845/525
f 789/843/525 785/839/523 792/846/524
f 789/843/525 792/846/524 793/847/526
f 790/844/524 791/845/525 794/848/527
f 794/848/527 791/845/525 795/849/351
f 787/841/524 790/844/524 796/850/528
f 793/847/526 792/846/524 797/851/529
f 793/847/526 797/851/529 798/852/530
f 798/852/530 797/851/529 799/853/531
f 797/851/529 792/846/524 800/854/528
f 800/854/528 792/846/524 785/839/523
f 799/853/531 797/851/529 801/855/532
f 801/855/532 797/851/529 800/854/528
f 799/853/531 801/855/532 802/856/532
f 803/857/533 804/858/534 805/859/535
f 805/859/535 804/858/534 806/860/536
f 804/858/534 803/857/533 807/861/537
f 806/860/536 804/858/534 808/862/538
f 806/860/536 808/862/538 809/863/539
f 808/862/538 804/858/534 640/864/540
f 808/862/538 640/864/540 644/865/541
f 804/858/534 807/861/537 810/866/542
f 810/866/542 807/861/537 811/867/537
f 804/858/534 810/866/542 812/868/543
f 810/866/542 811/867/537 813/869/537
f 809/863/539 808/862/538 814/870/541
f 814/870/541 808/862/538 644/865/541
f 809/863/539 814/870/541 815/871/438
f 815/871/438 814/870/541 816/872/438
f 816/872/438 814/870/541 644/865/541
f 816/872/438 644/865/541 645/873/438
f 810/866/542 813/869/537 817/874/542
f 810/866/542 817/874/542 812/868/543
f 817/874/542 813/869/537 818/875/544
f 817/874/542 818/875/544 819/876/544
f 812/868/543 817/874/542 820/877/545
f 817/874/542 819/876/544 821/878/546
f 820/877/545 817/874/542 822/879/542
f 820/877/545 822/879/542 823/880/542
f 822/879/542 817/874/542 824/881/544
f 822/879/542 824/881/544 825/882/544
f 822/879/542 825/882/544 826/883/544
f 822/879/542 826/883/544 823/880/542
f 824/881/544 817/874/542 827/884/535
f 827/884/535 817/874/542 828/885/535
f 828/885/535 817/874/542 829/886/547
f 823/880/542 826/883/544 830/887/535
f 823/880/542 830/887/535 831/888/535
f 823/880/542 831/888/535 832/889/546
f 829/886/547 817/874/542 833/890/548
f 833/890/548 817/874/542 821/878/546
f 829/886/547 833/890/548 834/891/549
f 833/890/548 821/878/546 835/892/549
f 823/880/542 832/889/546 836/893/548
f 823/880/542 836/893/548 837/894/542
f 836/893/548 832/889/546 838/895/549
f 837/894/542 836/893/548 839/896/550
f 833/890/548 835/892/549 840/897/549
f 833/890/548 840/897/549 834/891/549
f 840/897/549 835/892/549 841/898/551
f 834/891/549 840/897/549 842/899/551
f 840/897/549 841/898/551 843/900/551
f 840/897/549 843/900/551 842/899/551
f 839/896/550 836/893/548 844/901/549
f 844/901/549 836/893/548 838/895/549
f 839/896/550 844/901/549 845/902/549
f 845/902/549 844/901/549 846/903/551
f 846/903/551 844/901/549 847/904/551
f 847/904/551 844/901/549 838/895/549
f 847/904/551 838/895/549 848/905/551
f 849/906/552 850/907/552 851/908/553
f 851/908/553 850/907/552 852/909/553
f 850/907/552 849/906/552 853/910/554
f 853/910/554 849/906/552 854/911/501
f 852/909/553 850/907/552 855/912/555
f 855/912/555 850/907/552 853/910/554
f 851/908/553 852/909/553 856/913/553
f 856/913/553 852/909/553 855/912/555
f 851/908/553 856/913/553 857/914/553
f 857/914/553 856/913/553 858/915/556
f 858/915/556 856/913/553 855/912/555
f 857/914/553 858/915/556 859/916/557
f 855/912/555 853/910/554 860/917/453
f 855/912/555 860/917/453 858/915/556
f 861/918/462 853/910/554 854/911/501
f 853/910/554 861/918/462 860/917/453
f 861/918/462 854/911/501 862/919/463
f 859/916/557 858/915/556 863/920/182
f 863/920/182 858/915/556 860/917/453
f 859/916/557 863/920/182 864/921/453
f 860/917/453 861/918/462 865/922/464
f 860/917/453 865/922/464 863/920/182
f 861/918/462 862/919/463 866/923/465
f 861/918/462 866/923/465 865/922/464
f 866/923/465 862/919/463 867/924/466
f 864/921/453 863/920/182 868/925/467
f 868/925/467 863/920/182 865/922/464
f 864/921/453 868/925/467 869/926/464
f 865/922/464 866/923/465 870/927/558
f 865/922/464 870/927/558 868/925/467
f 866/923/465 867/924/466 871/928/559
f 866/923/465 871/928/559 870/927/558
f 871/928/559 867/924/466 872/929/469
f 869/926/464 868/925/467 873/930/558
f 873/930/558 868/925/467 870/927/558
f 869/926/464 873/930/558 874/931/468
f 870/927/558 871/928/559 875/932/475
f 870/927/558 875/932/475 873/930/558
f 871/928/559 872/929/469 876/933/560
f 871/928/559 876/933/560 875/932/475
f 876/933/560 872/929/469 877/934/473
f 874/931/468 873/930/558 878/935/561
f 878/935/561 873/930/558 875/932/475
f 874/931/468 878/935/561 879/936/471
f 876/933/560 877/934/473 880/937/480
f 876/933/560 880/937/480 875/932/475
f 880/937/480 877/934/473 881/938/478
f 879/936/471 878/935/561 882/939/562
f 882/939/562 878/935/561 875/932/475
f 879/936/471 882/939/562 883/940/476
f 875/932/475 880/937/480 884/941/563
f 875/932/475 884/941/563 882/939/562
f 880/937/480 881/938/478 885/942/482
f 880/937/480 885/942/482 884/941/563
f 885/942/482 881/938/478 886/943/483
f 883/940/476 882/939/562 887/944/479
f 887/944/479 882/939/562 884/941/563
f 883/940/476 887/944/479 888/945/481
f 884/941/563 885/942/482 889/946/485
f 884/941/563 889/946/485 887/944/479
f 885/942/482 886/943/483 890/947/487
f 885/942/482 890/947/487 889/946/485
f 890/947/487 886/943/483 891/948/504
f 888/945/481 887/944/479 892/949/484
f 892/949/484 887/944/479 889/946/485
f 888/945/481 892/949/484 893/950/486
f 889/946/485 890/947/487 894/951/490
f 889/946/485 894/951/490 892/949/484
f 890/947/487 891/948/504 895/952/495
f 890/947/487 895/952/495 894/951/490
f 895/952/495 891/948/504 896/953/148
f 893/950/486 892/949/484 897/954/564
f 897/954/564 892/949/484 894/951/490
f 893/950/486 897/954/564 898/955/373
f 894/951/490 895/952/495 899/956/565
f 894/951/490 899/956/565 897/954/564
f 895/952/495 896/953/148 900/957/566
f 895/952/495 900/957/566 899/956/565
f 900/957/566 896/953/148 901/958/567
f 898/955/373 897/954/564 902/959/568
f 902/959/568 897/954/564 899/956/565
f 898/955/373 902/959/568 903/960/569
f 899/956/565 900/957/566 904/961/570
f 899/956/565 904/961/570 902/959/568
f 900/957/566 901/958/567 905/962/130
f 900/957/566 905/962/130 904/961/570
f 905/962/130 901/958/567 906/963/130
f 905/962/130 906/963/130 907/964/130
f 904/961/570 905/962/130 908/965/130
f 908/965/130 905/962/130 907/964/130
f 902/959/568 904/961/570 909/966/130
f 909/966/130 904/961/570 908/965/130
f 902/959/568 909/966/130 903/960/569
f 909/966/130 908/965/130 907/964/130
f 903/960/569 909/966/130 910/967/130
f 910/967/130 909/966/130 907/964/130
f 911/968/571 789/969/525 793/970/526
f 789/969/525 911/968/571 912/971/572
f 789/969/525 912/971/572 786/972/114
f 911/968/571 793/970/526 913/973/573
f 913/973/573 793/970/526 798/974/530
f 913/973/573 798/974/530 914/975/574
f 911/968/571 913/973/573 915/976/575
f 911/968/571 915/976/575 912/971/572
f 913/973/573 914/975/574 916/977/576
f 913/973/573 916/977/576 915/976/575
f 916/977/576 914/975/574 917/978/577
f 916/977/576 917/978/577 918/979/578
f 918/979/578 917/978/577 919/980/579
f 918/979/578 919/980/579 920/981/580
f 915/976/575 916/977/576 921/982/578
f 921/982/578 916/977/576 918/979/578
f 915/976/575 921/982/578 922/983/581
f 915/976/575 922/983/581 912/971/572
f 921/982/578 918/979/578 923/984/582
f 918/979/578 920/981/580 924/985/582
f 918/979/578 924/985/582 923/984/582
f 825/986/471 824/987/468 925/988/470
f 925/988/470 824/987/468 926/989/468
f 926/989/468 824/987/468 827/990/464
f 825/986/471 925/988/470 927/991/474
f 825/986/471 927/991/474 826/992/476
f 925/988/470 926/989/468 928/993/475
f 925/988/470 928/993/475 927/991/474
f 926/989/468 827/990/464 929/994/467
f 929/994/467 827/990/464 828/995/453
f 826/992/476 927/991/474 930/996/479
f 926/989/468 929/994/467 931/997/468
f 926/989/468 931/997/468 928/993/475
f 826/992/476 930/996/479 830/998/481
f 929/994/467 828/995/453 932/999/457
f 932/999/457 828/995/453 829/1000/455
f 931/997/468 929/994/467 933/1001/464
f 933/1001/464 929/994/467 932/999/457
f 830/998/481 930/996/479 934/1002/484
f 830/998/481 934/1002/484 831/1003/486
f 932/999/457 829/1000/455 935/1004/583
f 935/1004/583 829/1000/455 834/1005/456
f 933/1001/464 932/999/457 936/1006/453
f 936/1006/453 932/999/457 935/1004/583
f 831/1003/486 934/1002/484 937/1007/505
f 831/1003/486 937/1007/505 832/1008/506
f 935/1004/583 834/1005/456 938/1009/200
f 938/1009/200 834/1005/456 842/1010/456
f 936/1006/453 935/1004/583 939/1011/452
f 939/1011/452 935/1004/583 938/1009/200
f 939/1011/452 938/1009/200 940/1012/200
f 940/1012/200 938/1009/200 842/1010/456
f 940/1012/200 842/1010/456 941/1013/458
f 940/1012/200 941/1013/458 939/1011/452
f 941/1013/458 842/1010/456 942/1014/458
f 939/1011/452 941/1013/458 943/1015/460
f 943/1015/460 941/1013/458 942/1014/458
f 939/1011/452 943/1015/460 936/1006/453
f 943/1015/460 942/1014/458 944/1016/461
f 936/1006/453 943/1015/460 945/1017/462
f 945/1017/462 943/1015/460 944/1016/461
f 936/1006/453 945/1017/462 933/1001/464
f 945/1017/462 944/1016/461 946/1018/463
f 933/1001/464 945/1017/462 947/1019/465
f 947/1019/465 945/1017/462 946/1018/463
f 933/1001/464 947/1019/465 931/997/468
f 947/1019/465 946/1018/463 948/1020/466
f 931/997/468 947/1019/465 949/1021/469
f 949/1021/469 947/1019/465 948/1020/466
f 949/1021/469 948/1020/466 950/1022/469
f 931/997/468 949/1021/469 928/993/475
f 949/1021/469 950/1022/469 951/1023/472
f 949/1021/469 951/1023/472 928/993/475
f 951/1023/472 950/1022/469 952/1024/473
f 951/1023/472 952/1024/473 953/1025/477
f 951/1023/472 953/1025/477 928/993/475
f 953/1025/477 952/1024/473 954/1026/478
f 928/993/475 953/1025/477 955/1027/480
f 928/993/475 955/1027/480 927/991/474
f 927/991/474 955/1027/480 930/996/479
f 953/1025/477 954/1026/478 956/1028/482
f 953/1025/477 956/1028/482 955/1027/480
f 956/1028/482 954/1026/478 957/1029/483
f 930/996/479 955/1027/480 958/1030/485
f 958/1030/485 955/1027/480 956/1028/482
f 930/996/479 958/1030/485 934/1002/484
f 956/1028/482 957/1029/483 959/1031/487
f 956/1028/482 959/1031/487 958/1030/485
f 959/1031/487 957/1029/483 960/1032/504
f 934/1002/484 958/1030/485 961/1033/490
f 961/1033/490 958/1030/485 959/1031/487
f 934/1002/484 961/1033/490 937/1007/505
f 959/1031/487 960/1032/504 962/1034/507
f 959/1031/487 962/1034/507 961/1033/490
f 962/1034/507 960/1032/504 963/1035/584
f 937/1007/505 961/1033/490 964/1036/510
f 964/1036/510 961/1033/490 962/1034/507
f 962/1034/507 963/1035/584 965/1037/509
f 962/1034/507 965/1037/509 964/1036/510
f 965/1037/509 963/1035/584 966/1038/509
f 965/1037/509 966/1038/509 848/1039/509
f 964/1036/510 965/1037/509 967/1040/509
f 967/1040/509 965/1037/509 848/1039/509
f 937/1007/505 964/1036/510 968/1041/509
f 968/1041/509 964/1036/510 967/1040/509
f 968/1041/509 967/1040/509 848/1039/509
f 937/1007/505 968/1041/509 832/1008/506
f 968/1041/509 848/1039/509 838/1042/509
f 968/1041/509 838/1042/509 832/1008/506
f 969/1043/585 970/1044/452 971/1045/585
f 969/1043/585 971/1045/585 815/1046/200
f 815/1046/200 971/1045/585 809/1047/200
f 969/1043/585 815/1046/200 972/1048/586
f 969/1043/585 972/1048/586 970/1044/452
f 972/1048/586 815/1046/200 973/1049/458
f 809/1047/200 971/1045/585 974/1050/583
f 974/1050/583 971/1045/585 970/1044/452
f 809/1047/200 974/1050/583 806/1051/587
f 972/1048/586 973/1049/458 975/1052/460
f 972/1048/586 975/1052/460 970/1044/452
f 975/1052/460 973/1049/458 976/1053/461
f 806/1051/587 974/1050/583 977/1054/457
f 974/1050/583 970/1044/452 978/1055/453
f 978/1055/453 970/1044/452 975/1052/460
f 974/1050/583 978/1055/453 977/1054/457
f 806/1051/587 977/1054/457 805/1056/453
f 975/1052/460 976/1053/461 979/1057/462
f 975/1052/460 979/1057/462 978/1055/453
f 979/1057/462 976/1053/461 980/1058/463
f 805/1056/453 977/1054/457 981/1059/467
f 977/1054/457 978/1055/453 982/1060/464
f 982/1060/464 978/1055/453 979/1057/462
f 977/1054/457 982/1060/464 981/1059/467
f 805/1056/453 981/1059/467 803/1061/464
f 979/1057/462 980/1058/463 983/1062/465
f 979/1057/462 983/1062/465 982/1060/464
f 983/1062/465 980/1058/463 984/1063/466
f 803/1061/464 981/1059/467 985/1064/468
f 981/1059/467 982/1060/464 986/1065/468
f 986/1065/468 982/1060/464 983/1062/465
f 981/1059/467 986/1065/468 985/1064/468
f 803/1061/464 985/1064/468 807/1066/468
f 983/1062/465 984/1063/466 987/1067/469
f 983/1062/465 987/1067/469 986/1065/468
f 987/1067/469 984/1063/466 988/1068/469
f 807/1066/468 985/1064/468 989/1069/470
f 807/1066/468 989/1069/470 811/1070/471
f 985/1064/468 986/1065/468 990/1071/475
f 990/1071/475 986/1065/468 987/1067/469
f 985/1064/468 990/1071/475 989/1069/470
f 987/1067/469 988/1068/469 991/1072/472
f 987/1067/469 991/1072/472 990/1071/475
f 991/1072/472 988/1068/469 992/1073/473
f 811/1070/471 989/1069/470 993/1074/474
f 993/1074/474 989/1069/470 990/1071/475
f 811/1070/471 993/1074/474 813/1075/476
f 991/1072/472 992/1073/473 994/1076/477
f 991/1072/472 994/1076/477 990/1071/475
f 994/1076/477 992/1073/473 995/1077/478
f 813/1075/476 993/1074/474 996/1078/479
f 993/1074/474 990/1071/475 997/1079/480
f 997/1079/480 990/1071/475 994/1076/477
f 993/1074/474 997/1079/480 996/1078/479
f 813/1075/476 996/1078/479 818/1080/481
f 994/1076/477 995/1077/478 998/1081/482
f 994/1076/477 998/1081/482 997/1079/480
f 998/1081/482 995/1077/478 999/1082/483
f 818/1080/481 996/1078/479 1000/1083/484
f 996/1078/479 997/1079/480 1001/1084/485
f 1001/1084/485 997/1079/480 998/1081/482
f 996/1078/479 1001/1084/485 1000/1083/484
f 818/1080/481 1000/1083/484 819/1085/486
f 998/1081/482 999/1082/483 1002/1086/487
f 998/1081/482 1002/1086/487 1001/1084/485
f 1002/1086/487 999/1082/483 1003/1087/504
f 819/1085/486 1000/1083/484 1004/1088/505
f 1000/1083/484 1001/1084/485 1005/1089/490
f 1005/1089/490 1001/1084/485 1002/1086/487
f 1000/1083/484 1005/1089/490 1004/1088/505
f 819/1085/486 1004/1088/505 821/1090/506
f 1002/1086/487 1003/1087/504 1006/1091/507
f 1002/1086/487 1006/1091/507 1005/1089/490
f 1006/1091/507 1003/1087/504 1007/1092/508
f 821/1090/506 1004/1088/505 1008/1093/509
f 821/1090/506 1008/1093/509 835/1094/509
f 835/1094/509 1008/1093/509 841/1095/509
f 1009/1096/510 1004/1088/505 1005/1089/490
f 1009/1096/510 1005/1089/490 1006/1091/507
f 1004/1088/505 1009/1096/510 1008/1093/509
f 841/1095/509 1008/1093/509 1010/1097/509
f 1010/1097/509 1008/1093/509 1009/1096/510
f 841/1095/509 1010/1097/509 1011/1098/509
f 1011/1098/509 1010/1097/509 1009/1096/510
f 1011/1098/509 1009/1096/510 1006/1091/507
f 1011/1098/509 1006/1091/507 1007/1092/508
f 841/1095/509 1011/1098/509 1012/1099/509
f 1012/1099/509 1011/1098/509 1007/1092/508
f 1013/1100/588 924/985/582 920/981/580
f 924/985/582 1013/1100/588 1014/1101/589
f 924/985/582 1014/1101/589 923/984/582
f 1014/1101/589 1013/1100/588 1015/1102/588
f 1014/1101/589 1015/1102/588 1016/1103/588
f 1017/1104/590 922/983/581 921/982/578
f 1017/1104/590 921/982/578 923/984/582
f 1018/1105/571 912/971/572 922/983/581
f 912/971/572 1018/1105/571 786/972/114
f 786/972/114 1018/1105/571 788/1106/114
f 1018/1105/571 922/983/581 1019/1107/575
f 1019/1107/575 922/983/581 1017/1104/590
f 788/1106/114 1018/1105/571 1020/1108/571
f 1020/1108/571 1018/1105/571 1019/1107/575
f 788/1106/114 1020/1108/571 791/1109/525
f 791/1109/525 1020/1108/571 1021/1110/591
f 791/1109/525 1021/1110/591 795/1111/351
f 1020/1108/571 1019/1107/575 1022/1112/575
f 1020/1108/571 1022/1112/575 1021/1110/591
f 1019/1107/575 1017/1104/590 1023/1113/578
f 1019/1107/575 1023/1113/578 1022/1112/575
f 1023/1113/578 1017/1104/590 1024/1114/582
f 1024/1114/582 1017/1104/590 923/984/582
f 795/1111/351 1021/1110/591 1025/1115/591
f 795/1111/351 1025/1115/591 1026/1116/351
f 1021/1110/591 1022/1112/575 1027/1117/575
f 1021/1110/591 1027/1117/575 1025/1115/591
f 1022/1112/575 1023/1113/578 1028/1118/578
f 1022/1112/575 1028/1118/578 1027/1117/575
f 1028/1118/578 1023/1113/578 1029/1119/582
f 1029/1119/582 1023/1113/578 1024/1114/582
f 1026/1116/351 1025/1115/591 1030/1120/592
f 1026/1116/351 1030/1120/592 1031/1121/515
f 1025/1115/591 1027/1117/575 1032/1122/593
f 1025/1115/591 1032/1122/593 1030/1120/592
f 1027/1117/575 1028/1118/578 1033/1123/578
f 1027/1117/575 1033/1123/578 1032/1122/593
f 1034/1124/356 1035/1125/594 1036/1126/354
f 1034/1124/356 1036/1126/354 1037/1127/353
f 1037/1127/353 1036/1126/354 1038/1128/595
f 1034/1124/356 1037/1127/353 1039/1129/349
f 1038/1128/595 1036/1126/354 1040/1130/596
f 1038/1128/595 1040/1130/596 1041/1131/597
f 1034/1124/356 1039/1129/349 1042/1132/348
f 1042/1132/348 1039/1129/349 1043/1133/344
f 1034/1124/356 1042/1132/348 1044/1134/515
f 1034/1124/356 1044/1134/515 1035/1125/594
f 1042/1132/348 1043/1133/344 1045/1135/598
f 1042/1132/348 1045/1135/598 1044/1134/515
f 1045/1135/598 1043/1133/344 1046/1136/339
f 1045/1135/598 1046/1136/339 1047/1137/341
f 1047/1137/341 1046/1136/339 1048/1138/599
f 1045/1135/598 1047/1137/341 1049/1139/350
f 1045/1135/598 1049/1139/350 1044/1134/515
f 1047/1137/341 1048/1138/599 1050/1140/342
f 1050/1140/342 1048/1138/599 1051/1141/343
f 1049/1139/350 1047/1137/341 1052/1142/345
f 1052/1142/345 1047/1137/341 1050/1140/342
f 1044/1134/515 1049/1139/350 1053/1143/600
f 1049/1139/350 1052/1142/345 1054/1144/601
f 1049/1139/350 1054/1144/601 1053/1143/600
f 1050/1140/342 1051/1141/343 1055/1145/602
f 1055/1145/602 1051/1141/343 1056/1146/347
f 1052/1142/345 1050/1140/342 1057/1147/603
f 1057/1147/603 1050/1140/342 1055/1145/602
f 1053/1143/600 1054/1144/601 1058/1148/345
f 1058/1148/345 1054/1144/601 1059/1149/604
f 1053/1143/600 1058/1148/345 1060/1150/350
f 1061/1151/605 1054/1144/601 1052/1142/345
f 1054/1144/601 1061/1151/605 1059/1149/604
f 1061/1151/605 1052/1142/345 1057/1147/603
f 1059/1149/604 1061/1151/605 1062/1152/606
f 1053/1143/600 1060/1150/350 1063/1153/525
f 1053/1143/600 1063/1153/525 1044/1134/515
f 1063/1153/525 1060/1150/350 1064/1154/607
f 1062/1152/606 1061/1151/605 1065/1155/608
f 1065/1155/608 1061/1151/605 1057/1147/603
f 1062/1152/606 1065/1155/608 1066/1156/609
f 1063/1153/525 1064/1154/607 1067/1157/356
f 1063/1153/525 1067/1157/356 1044/1134/515
f 1067/1157/356 1064/1154/607 1068/1158/368
f 1044/1134/515 1067/1157/356 1035/1125/594
f 1067/1157/356 1068/1158/368 1069/1159/367
f 1067/1157/356 1069/1159/367 1035/1125/594
f 1069/1159/367 1068/1158/368 1070/1160/610
f 1071/1161/611 1066/1156/609 1065/1155/608
f 1066/1156/609 1071/1161/611 1072/1162/609
f 1073/1163/105 1065/1155/608 1057/1147/603
f 1065/1155/608 1073/1163/105 1071/1161/611
f 1073/1163/105 1057/1147/603 1055/1145/602
f 1072/1162/609 1071/1161/611 1074/1164/609
f 1074/1164/609 1071/1161/611 1073/1163/105
f 1072/1162/609 1074/1164/609 1075/1165/612
f 1075/1165/612 1074/1164/609 1073/1163/105
f 1075/1165/612 1073/1163/105 1055/1145/602
f 1072/1162/609 1075/1165/612 1056/1146/347
f 1056/1146/347 1075/1165/612 1055/1145/602
f 1076/1166/613 1069/1159/367 1070/1160/610
f 1076/1166/613 1070/1160/610 1077/1167/614
f 1069/1159/367 1076/1166/613 1078/1168/359
f 1069/1159/367 1078/1168/359 1035/1125/594
f 1035/1125/594 1078/1168/359 1036/1126/354
f 1036/1126/354 1078/1168/359 1040/1130/596
f 1078/1168/359 1076/1166/613 1079/1169/615
f 1078/1168/359 1079/1169/615 1040/1130/596
f 1076/1166/613 1077/1167/614 1080/1170/616
f 1076/1166/613 1080/1170/616 1079/1169/615
f 1080/1170/616 1077/1167/614 1081/1171/617
f 1040/1130/596 1079/1169/615 1082/1172/618
f 1040/1130/596 1082/1172/618 1041/1131/597
f 1041/1131/597 1082/1172/618 1083/1173/619
f 1082/1172/618 1079/1169/615 1084/1174/620
f 1084/1174/620 1079/1169/615 1080/1170/616
f 1083/1173/619 1082/1172/618 1085/1175/621
f 1085/1175/621 1082/1172/618 1084/1174/620
f 1083/1173/619 1085/1175/621 1086/1176/204
f 1086/1176/204 1085/1175/621 1087/1177/204
f 1085/1175/621 1084/1174/620 1088/1178/621
f 1085/1175/621 1088/1178/621 1087/1177/204
f 1084/1174/620 1080/1170/616 1089/1179/621
f 1084/1174/620 1089/1179/621 1088/1178/621
f 1089/1179/621 1080/1170/616 1081/1171/617
f 1088/1178/621 1089/1179/621 1087/1177/204
f 1089/1179/621 1081/1171/617 1090/1180/204
f 1089/1179/621 1090/1180/204 1087/1177/204
f 1091/1181/471 1092/1182/468 1093/1183/561
f 1093/1183/561 1092/1182/468 1094/1184/558
f 1094/1184/558 1092/1182/468 1095/1185/464
f 1091/1181/471 1093/1183/561 1096/1186/562
f 1091/1181/471 1096/1186/562 1097/1187/476
f 1093/1183/561 1094/1184/558 1098/1188/475
f 1093/1183/561 1098/1188/475 1096/1186/562
f 1094/1184/558 1095/1185/464 1099/1189/467
f 1099/1189/467 1095/1185/464 1100/1190/182
f 1097/1187/476 1096/1186/562 1101/1191/479
f 1094/1184/558 1099/1189/467 1102/1192/468
f 1094/1184/558 1102/1192/468 1098/1188/475
f 1097/1187/476 1101/1191/479 1103/1193/481
f 1099/1189/467 1100/1190/182 1104/1194/622
f 1104/1194/622 1100/1190/182 1105/1195/623
f 1102/1192/468 1099/1189/467 1106/1196/464
f 1106/1196/464 1099/1189/467 1104/1194/622
f 1103/1193/481 1101/1191/479 1107/1197/484
f 1103/1193/481 1107/1197/484 1108/1198/624
f 1104/1194/622 1105/1195/623 1109/1199/625
f 1109/1199/625 1105/1195/623 1110/1200/626
f 1106/1196/464 1104/1194/622 1111/1201/182
f 1111/1201/182 1104/1194/622 1109/1199/625
f 1108/1198/624 1107/1197/484 1112/1202/491
f 1108/1198/624 1112/1202/491 1113/1203/373
f 1109/1199/625 1110/1200/626 1114/1204/626
f 1114/1204/626 1110/1200/626 1115/1205/627
f 1111/1201/182 1109/1199/625 1116/1206/555
f 1116/1206/555 1109/1199/625 1114/1204/626
f 1116/1206/555 1114/1204/626 1117/1207/626
f 1117/1207/626 1114/1204/626 1115/1205/627
f 1117/1207/626 1115/1205/627 1118/1208/500
f 1117/1207/626 1118/1208/500 1116/1206/555
f 1118/1208/500 1115/1205/627 1119/1209/628
f 1116/1206/555 1118/1208/500 1120/1210/629
f 1120/1210/629 1118/1208/500 1119/1209/628
f 1116/1206/555 1120/1210/629 1111/1201/182
f 1120/1210/629 1119/1209/628 1121/1211/630
f 1111/1201/182 1120/1210/629 1122/1212/631
f 1122/1212/631 1120/1210/629 1121/1211/630
f 1111/1201/182 1122/1212/631 1106/1196/464
f 1122/1212/631 1121/1211/630 1123/1213/462
f 1106/1196/464 1122/1212/631 1124/1214/465
f 1124/1214/465 1122/1212/631 1123/1213/462
f 1106/1196/464 1124/1214/465 1102/1192/468
f 1124/1214/465 1123/1213/462 1125/1215/466
f 1102/1192/468 1124/1214/465 1126/1216/559
f 1126/1216/559 1124/1214/465 1125/1215/466
f 1126/1216/559 1125/1215/466 1127/1217/469
f 1102/1192/468 1126/1216/559 1098/1188/475
f 1126/1216/559 1127/1217/469 1128/1218/560
f 1126/1216/559 1128/1218/560 1098/1188/475
f 1128/1218/560 1127/1217/469 1129/1219/473
f 1128/1218/560 1129/1219/473 1130/1220/480
f 1128/1218/560 1130/1220/480 1098/1188/475
f 1130/1220/480 1129/1219/473 1131/1221/478
f 1098/1188/475 1130/1220/480 1132/1222/563
f 1098/1188/475 1132/1222/563 1096/1186/562
f 1096/1186/562 1132/1222/563 1101/1191/479
f 1130/1220/480 1131/1221/478 1133/1223/482
f 1130/1220/480 1133/1223/482 1132/1222/563
f 1133/1223/482 1131/1221/478 1134/1224/483
f 1101/1191/479 1132/1222/563 1135/1225/485
f 1135/1225/485 1132/1222/563 1133/1223/482
f 1101/1191/479 1135/1225/485 1107/1197/484
f 1133/1223/482 1134/1224/483 1136/1226/487
f 1133/1223/482 1136/1226/487 1135/1225/485
f 1136/1226/487 1134/1224/483 1137/1227/632
f 1107/1197/484 1135/1225/485 1138/1228/490
f 1138/1228/490 1135/1225/485 1136/1226/487
f 1107/1197/484 1138/1228/490 1112/1202/491
f 1136/1226/487 1137/1227/632 1139/1229/510
f 1136/1226/487 1139/1229/510 1138/1228/490
f 1139/1229/510 1137/1227/632 1140/1230/148
f 1112/1202/491 1138/1228/490 1141/1231/494
f 1141/1231/494 1138/1228/490 1139/1229/510
f 1139/1229/510 1140/1230/148 1142/1232/633
f 1139/1229/510 1142/1232/633 1141/1231/494
f 1142/1232/633 1140/1230/148 1143/1233/111
f 1142/1232/633 1143/1233/111 1144/1234/111
f 1141/1231/494 1142/1232/633 1145/1235/633
f 1145/1235/633 1142/1232/633 1144/1234/111
f 1112/1202/491 1141/1231/494 1146/1236/633
f 1146/1236/633 1141/1231/494 1145/1235/633
f 1146/1236/633 1145/1235/633 1144/1234/111
f 1112/1202/491 1146/1236/633 1113/1203/373
f 1146/1236/633 1144/1234/111 1147/1237/111
f 1146/1236/633 1147/1237/111 1113/1203/373
f 1148/1238/634 1149/1239/635 1150/1240/634
f 1150/1240/634 1149/1239/635 1151/1241/4
f 1152/1242/636 1153/1243/636 1154/1244/637
f 1155/1245/638 1154/1244/637 796/850/528
f 1154/1244/637 1155/1245/638 1152/1242/636
f 1155/1245/638 796/850/528 1156/1246/528
f 1156/1246/528 796/850/528 790/844/524
f 1156/1246/528 790/844/524 794/848/527
f 1157/1247/635 1149/1239/635 1153/1243/636
f 1157/1247/635 1153/1243/636 1152/1242/636
f 1155/1245/638 1156/1246/528 1158/1248/638
f 1156/1246/528 794/848/527 1159/1249/528
f 1156/1246/528 1159/1249/528 1158/1248/638
f 1159/1249/528 794/848/527 1160/1250/527
f 1160/1250/527 794/848/527 795/849/351
f 1160/1250/527 795/849/351 1026/1251/351
f 1161/1252/636 1152/1242/636 1155/1245/638
f 1161/1252/636 1155/1245/638 1158/1248/638
f 1160/1250/527 1026/1251/351 1162/1253/639
f 1162/1253/639 1026/1251/351 1031/1254/515
f 1159/1249/528 1160/1250/527 1163/1255/640
f 1163/1255/640 1160/1250/527 1162/1253/639
f 1164/1256/638 1158/1248/638 1159/1249/528
f 1164/1256/638 1159/1249/528 1163/1255/640
f 1162/1253/639 1031/1254/515 1165/1257/527
f 1165/1257/527 1031/1254/515 1166/1258/351
f 1165/1257/527 1166/1258/351 1087/1259/525
f 1165/1257/527 1087/1259/525 1090/1260/524
f 1158/1248/638 1164/1256/638 1167/1261/636
f 1158/1248/638 1167/1261/636 1161/1252/636
f 1162/1253/639 1165/1257/527 1168/1262/640
f 1162/1253/639 1168/1262/640 1163/1255/640
f 1165/1257/527 1090/1260/524 1169/1263/528
f 1165/1257/527 1169/1263/528 1168/1262/640
f 1170/1264/641 1171/1265/642 1172/1266/643
f 1172/1266/643 1171/1265/642 1173/1267/644
f 1172/1266/643 1173/1267/644 1174/1268/645
f 1174/1268/645 1173/1267/644 1175/1269/646
f 1172/1266/643 1174/1268/645 1176/1270/647
f 1175/1269/646 1173/1267/644 1177/1271/648
f 1177/1271/648 1173/1267/644 1171/1265/642
f 1175/1269/646 1177/1271/648 1178/1272/604
f 1172/1266/643 1176/1270/647 1179/1273/367
f 1172/1266/643 1179/1273/367 1170/1264/641
f 1179/1273/367 1176/1270/647 1180/1274/610
f 1178/1272/604 1177/1271/648 1181/1275/605
f 1178/1272/604 1181/1275/605 1182/1276/606
f 1181/1275/605 1177/1271/648 1183/1277/601
f 1183/1277/601 1177/1271/648 1171/1265/642
f 1182/1276/606 1181/1275/605 1184/1278/649
f 1182/1276/606 1184/1278/649 1185/1279/609
f 1181/1275/605 1183/1277/601 1186/1280/604
f 1181/1275/605 1186/1280/604 1184/1278/649
f 1185/1279/609 1184/1278/649 1187/1281/609
f 1185/1279/609 1187/1281/609 1188/1282/609
f 1184/1278/649 1186/1280/604 1189/1283/105
f 1184/1278/649 1189/1283/105 1187/1281/609
f 1187/1281/609 1189/1283/105 1190/1284/609
f 1187/1281/609 1190/1284/609 1188/1282/609
f 1188/1282/609 1190/1284/609 1191/1285/347
f 1191/1285/347 1190/1284/609 1189/1283/105
f 1188/1282/609 1191/1285/347 1192/1286/347
f 1191/1285/347 1189/1283/105 1193/1287/346
f 1191/1285/347 1193/1287/346 1192/1286/347
f 1193/1287/346 1189/1283/105 1186/1280/604
f 1192/1286/347 1193/1287/346 1194/1288/343
f 1193/1287/346 1186/1280/604 1195/1289/342
f 1193/1287/346 1195/1289/342 1194/1288/343
f 1195/1289/342 1186/1280/604 1183/1277/601
f 1194/1288/343 1195/1289/342 1196/1290/340
f 1195/1289/342 1183/1277/601 1197/1291/650
f 1195/1289/342 1197/1291/650 1196/1290/340
f 1197/1291/650 1183/1277/601 1171/1265/642
f 1196/1290/340 1197/1291/650 1198/1292/651
f 1198/1292/651 1197/1291/650 1199/1293/652
f 1199/1293/652 1197/1291/650 1171/1265/642
f 1198/1292/651 1199/1293/652 1200/1294/653
f 1199/1293/652 1171/1265/642 1201/1295/654
f 1199/1293/652 1201/1295/654 1200/1294/653
f 1201/1295/654 1171/1265/642 1170/1264/641
f 1200/1294/653 1201/1295/654 1202/1296/655
f 1202/1296/655 1201/1295/654 1203/1297/354
f 1203/1297/354 1201/1295/654 1170/1264/641
f 1202/1296/655 1203/1297/354 1204/1298/595
f 1203/1297/354 1170/1264/641 1205/1299/359
f 1205/1299/359 1170/1264/641 1179/1273/367
f 1204/1298/595 1203/1297/354 1206/1300/596
f 1206/1300/596 1203/1297/354 1205/1299/359
f 1204/1298/595 1206/1300/596 1207/1301/597
f 1205/1299/359 1179/1273/367 1208/1302/613
f 1208/1302/613 1179/1273/367 1180/1274/610
f 1208/1302/613 1180/1274/610 1209/1303/614
f 1205/1299/359 1208/1302/613 1210/1304/615
f 1205/1299/359 1210/1304/615 1206/1300/596
f 1208/1302/613 1209/1303/614 1211/1305/656
f 1208/1302/613 1211/1305/656 1210/1304/615
f 1211/1305/656 1209/1303/614 1212/1306/657
f 1213/1307/658 1207/1301/597 1206/1300/596
f 1213/1307/658 1206/1300/596 1210/1304/615
f 1207/1301/597 1213/1307/658 1214/1308/659
f 1210/1304/615 1211/1305/656 1215/1309/361
f 1210/1304/615 1215/1309/361 1213/1307/658
f 1211/1305/656 1212/1306/657 1216/1310/185
f 1211/1305/656 1216/1310/185 1215/1309/361
f 1216/1310/185 1212/1306/657 1217/1311/185
f 1216/1310/185 1217/1311/185 1218/1312/185
f 1215/1309/361 1216/1310/185 1219/1313/185
f 1219/1313/185 1216/1310/185 1218/1312/185
f 1213/1307/658 1215/1309/361 1220/1314/185
f 1220/1314/185 1215/1309/361 1219/1313/185
f 1213/1307/658 1220/1314/185 1214/1308/659
f 1220/1314/185 1219/1313/185 1218/1312/185
f 1214/1308/659 1220/1314/185 1221/1315/185
f 1221/1315/185 1220/1314/185 1218/1312/185
f 1222/1316/660 785/839/523 787/841/524
f 785/839/523 1222/1316/660 800/854/528
f 1222/1316/660 787/841/524 796/850/528
f 1223/1317/661 802/856/532 801/855/532
f 802/856/532 1223/1317/661 1224/1318/638
f 1225/1319/638 801/855/532 800/854/528
f 1225/1319/638 800/854/528 1222/1316/660
f 801/855/532 1225/1319/638 1223/1317/661
f 1224/1318/638 1223/1317/661 1226/1320/662
f 1225/1319/638 1222/1316/660 1154/1244/637
f 1154/1244/637 1222/1316/660 796/850/528
f 1223/1317/661 1225/1319/638 1153/1243/636
f 1153/1243/636 1225/1319/638 1154/1244/637
f 1226/1320/662 1223/1317/661 1227/1321/636
f 1227/1321/636 1223/1317/661 1153/1243/636
f 1226/1320/662 1227/1321/636 1148/1238/634
f 1148/1238/634 1227/1321/636 1149/1239/635
f 1149/1239/635 1227/1321/636 1153/1243/636
f 1228/1322/663 1229/1323/664 1230/1324/665
f 1230/1324/665 1229/1323/664 1231/1325/666
f 1228/1322/663 1230/1324/665 1232/1326/667
f 1230/1324/665 1231/1325/666 1233/1327/668
f 1233/1327/668 1231/1325/666 1234/1328/669
f 1233/1327/668 1234/1328/669 1235/1329/487
f 1233/1327/668 1235/1329/487 1236/1330/670
f 1232/1326/667 1230/1324/665 1237/1331/671
f 1237/1331/671 1230/1324/665 1233/1327/668
f 1232/1326/667 1237/1331/671 514/557/672
f 514/557/672 1237/1331/671 515/558/673
f 1237/1331/671 1233/1327/668 1238/1332/674
f 1238/1332/674 1233/1327/668 1236/1330/670
f 1237/1331/671 1238/1332/674 515/558/673
f 1238/1332/674 1236/1330/670 1239/1333/467
f 515/558/673 1238/1332/674 517/560/675
f 517/560/675 1238/1332/674 1239/1333/467
f 1240/1334/676 1241/1335/677 1242/1336/678
f 1240/1334/676 1242/1336/678 1243/1337/511
f 910/1338/678 907/1339/511 1243/1337/511
f 910/1338/678 1243/1337/511 1242/1336/678
f 910/1338/678 1242/1336/678 903/1340/679
f 1242/1336/678 1241/1335/677 1244/1341/680
f 1244/1341/680 1241/1335/677 1245/1342/681
f 1244/1341/680 1245/1342/681 1246/1343/682
f 1244/1341/680 1246/1343/682 1247/1344/683
f 1242/1336/678 1244/1341/680 1248/1345/680
f 1248/1345/680 1244/1341/680 1247/1344/683
f 1242/1336/678 1248/1345/680 903/1340/679
f 1248/1345/680 1247/1344/683 1249/1346/684
f 1248/1345/680 1249/1346/684 903/1340/679
f 903/1340/679 1249/1346/684 898/1347/685
f 898/1347/685 1249/1346/684 893/1348/685
f 893/1348/685 1249/1346/684 888/1349/686
f 888/1349/686 1249/1346/684 883/1350/687
f 883/1350/687 1249/1346/684 1250/1351/688
f 883/1350/687 1250/1351/688 879/1352/689
f 879/1352/689 1250/1351/688 874/1353/687
f 874/1353/687 1250/1351/688 1251/1354/683
f 874/1353/687 1251/1354/683 869/1355/686
f 869/1355/686 1251/1354/683 864/1356/686
f 1251/1354/683 1250/1351/688 1252/1357/690
f 864/1356/686 1251/1354/683 859/1358/679
f 1251/1354/683 1252/1357/690 1253/1359/543
f 1253/1359/543 1252/1357/690 1014/1101/589
f 859/1358/679 1251/1354/683 1254/1360/681
f 859/1358/679 1254/1360/681 857/1361/678
f 857/1361/678 1254/1360/681 1255/1362/677
f 857/1361/678 1255/1362/677 851/1363/512
f 851/1363/512 1255/1362/677 1256/1364/512
f 1256/1364/512 1255/1362/677 1147/1365/691
f 1147/1365/691 1255/1362/677 1254/1360/681
f 1256/1364/512 1147/1365/691 1144/1366/512
f 1147/1365/691 1254/1360/681 1113/1367/692
f 1113/1367/692 1254/1360/681 1251/1354/683
f 1113/1367/692 1251/1354/683 1108/1368/693
f 1108/1368/693 1251/1354/683 1103/1369/694
f 1103/1369/694 1251/1354/683 1097/1370/694
f 1097/1370/694 1251/1354/683 1257/1371/682
f 1097/1370/694 1257/1371/682 1091/1372/694
f 1257/1371/682 1251/1354/683 1253/1359/543
f 1091/1372/694 1257/1371/682 1092/1373/694
f 1092/1373/694 1257/1371/682 1258/1374/682
f 1258/1374/682 1257/1371/682 1253/1359/543
f 1092/1373/694 1258/1374/682 1095/1375/694
f 1095/1375/694 1258/1374/682 1100/1376/694
f 1100/1376/694 1258/1374/682 1105/1377/550
f 1258/1374/682 1253/1359/543 1259/1378/695
f 1105/1377/550 1258/1374/682 1260/1379/696
f 1259/1378/695 1253/1359/543 1261/1380/589
f 1105/1377/550 1260/1379/696 1110/1381/541
f 1261/1380/589 1253/1359/543 1014/1101/589
f 1110/1381/541 1260/1379/696 1262/1382/697
f 1110/1381/541 1262/1382/697 1115/1383/438
f 1115/1383/438 1262/1382/697 1235/1384/438
f 1261/1380/589 1014/1101/589 1263/1385/698
f 1263/1385/698 1014/1101/589 1264/1386/698
f 1264/1386/698 1014/1101/589 1016/1103/588
f 1263/1385/698 1264/1386/698 1265/1387/699
f 1264/1386/698 1016/1103/588 1266/1388/700
f 1265/1387/699 1264/1386/698 1267/1389/699
f 1264/1386/698 1266/1388/700 1268/1390/699
f 1267/1389/699 1264/1386/698 1269/1391/699
f 1264/1386/698 1268/1390/699 1270/1392/699
f 1264/1386/698 1270/1392/699 1269/1391/699
f 1271/1393/701 1272/1394/701 1273/1395/701
f 1271/1393/701 1273/1395/701 1274/1396/701
f 1274/1396/701 1273/1395/701 1275/1397/701
f 1275/1397/701 1273/1395/701 1276/1398/701
f 1276/1398/701 1273/1395/701 1277/1399/701
f 1277/1399/701 1273/1395/701 1278/1400/701
f 1278/1400/701 1273/1395/701 1279/1401/701
f 1279/1401/701 1273/1395/701 1280/1402/701
f 1281/1403/521 1273/1395/701 1272/1394/701
f 1281/1403/521 1272/1394/701 1282/1404/701
f 1281/1403/521 1282/1404/701 1283/1405/522
f 1283/1405/522 1282/1404/701 1284/1406/702
f 1283/1405/522 1284/1406/702 1285/1407/703
f 1285/1407/703 1284/1406/702 1286/1408/704
f 1285/1407/703 1286/1408/704 1287/1409/705
f 1287/1409/705 1286/1408/704 662/1410/706
f 1287/1409/705 662/1410/706 1288/1411/28
f 1288/1411/28 662/1410/706 661/1412/707
f 1288/1411/28 661/1412/707 1289/1413/708
f 1289/1413/708 661/1412/707 659/1414/709
f 291/307/710 1290/1415/711 289/305/712
f 1290/1415/711 291/307/710 232/308/485
f 1290/1415/711 232/308/485 1291/1416/713
f 289/305/712 1290/1415/711 1292/1417/714
f 289/305/712 1292/1417/714 288/304/715
f 1290/1415/711 1291/1416/713 1293/1418/716
f 1293/1418/716 1291/1416/713 1294/1419/717
f 1293/1418/716 1294/1419/717 846/1420/555
f 1293/1418/716 846/1420/555 1295/1421/623
f 1290/1415/711 1293/1418/716 1296/1422/718
f 1296/1422/718 1293/1418/716 1295/1421/623
f 1290/1415/711 1296/1422/718 1292/1417/714
f 1296/1422/718 1295/1421/623 1297/1423/719
f 1296/1422/718 1297/1423/719 1298/1424/720
f 1296/1422/718 1298/1424/720 1292/1417/714
f 1298/1424/720 1297/1423/719 1299/1425/721
f 1300/1426/722 288/304/715 1292/1417/714
f 1300/1426/722 1292/1417/714 1298/1424/720
f 288/304/715 1300/1426/722 284/300/723
f 1298/1424/720 1299/1425/721 1301/1427/724
f 1298/1424/720 1301/1427/724 1300/1426/722
f 1301/1427/724 1299/1425/721 1302/1428/725
f 284/300/723 1300/1426/722 1303/300/726
f 1303/300/726 1300/1426/722 1301/1427/724
f 284/300/723 1303/300/726 285/301/727
f 1301/1427/724 1302/1428/725 1304/1429/9
f 1301/1427/724 1304/1429/9 1303/300/726
f 1304/1429/9 1302/1428/725 1305/1430/728
f 285/301/727 1303/300/726 1306/1431/729
f 1306/1431/729 1303/300/726 1304/1429/9
f 285/301/727 1306/1431/729 298/318/730
f 298/318/730 1306/1431/729 1307/1432/731
f 1307/1432/731 1306/1431/729 1304/1429/9
f 298/318/730 1307/1432/731 302/323/732
f 1304/1429/9 1305/1430/728 1308/1433/733
f 1304/1429/9 1308/1433/733 1307/1432/731
f 1308/1433/733 1305/1430/728 1309/1434/734
f 1308/1433/733 1309/1434/734 1310/1435/735
f 1308/1433/733 1310/1435/735 1307/1432/731
f 1310/1435/735 1309/1434/734 1311/1436/736
f 302/323/732 1307/1432/731 1312/1437/737
f 1312/1437/737 1307/1432/731 1310/1435/735
f 302/323/732 1312/1437/737 308/331/738
f 308/331/738 1312/1437/737 1313/1438/739
f 1313/1438/739 1312/1437/737 1310/1435/735
f 308/331/738 1313/1438/739 309/332/740
f 1310/1435/735 1311/1436/736 1314/1439/741
f 1310/1435/735 1314/1439/741 1313/1438/739
f 1314/1439/741 1311/1436/736 1315/1440/742
f 309/332/740 1313/1438/739 1316/1441/743
f 1316/1441/743 1313/1438/739 1314/1439/741
f 309/332/740 1316/1441/743 321/349/744
f 1314/1439/741 1315/1440/742 1317/1442/745
f 1314/1439/741 1317/1442/745 1316/1441/743
f 1317/1442/745 1315/1440/742 1318/1443/746
f 321/349/744 1316/1441/743 1319/1444/747
f 1319/1444/747 1316/1441/743 1317/1442/745
f 321/349/744 1319/1444/747 322/350/748
f 1317/1442/745 1318/1443/746 1320/1445/749
f 1317/1442/745 1320/1445/749 1319/1444/747
f 1320/1445/749 1318/1443/746 1321/1446/750
f 1319/1444/747 1320/1445/749 1322/1447/751
f 1322/1447/751 1320/1445/749 1321/1446/750
f 1319/1444/747 1322/1447/751 1323/1448/752
f 1322/1447/751 1321/1446/750 1324/1449/753
f 322/350/748 1323/1448/752 330/359/754
f 330/359/754 1323/1448/752 1325/1450/755
f 1325/1450/755 1323/1448/752 1322/1447/751
f 330/359/754 1325/1450/755 331/360/756
f 1322/1447/751 1324/1449/753 1326/1451/757
f 1322/1447/751 1326/1451/757 1325/1450/755
f 1326/1451/757 1324/1449/753 1327/1452/758
f 331/360/756 1325/1450/755 1328/1453/759
f 1328/1453/759 1325/1450/755 1326/1451/757
f 331/360/756 1328/1453/759 339/371/754
f 1326/1451/757 1327/1452/758 1329/1454/760
f 1326/1451/757 1329/1454/760 1328/1453/759
f 1329/1454/760 1327/1452/758 1330/1455/728
f 339/371/754 1328/1453/759 1331/1456/761
f 1331/1456/761 1328/1453/759 1329/1454/760
f 339/371/754 1331/1456/761 344/377/762
f 1329/1454/760 1330/1455/728 1332/1457/763
f 1329/1454/760 1332/1457/763 1331/1456/761
f 1332/1457/763 1330/1455/728 1333/1458/764
f 1332/1457/763 1333/1458/764 1334/1459/765
f 1332/1457/763 1334/1459/765 1331/1456/761
f 1334/1459/765 1333/1458/764 1335/1460/766
f 344/377/762 1331/1456/761 1336/1461/740
f 1336/1461/740 1331/1456/761 1334/1459/765
f 344/377/762 1336/1461/740 346/379/115
f 1334/1459/765 1335/1460/766 1337/1462/767
f 1334/1459/765 1337/1462/767 1336/1461/740
f 1337/1462/767 1335/1460/766 1338/1463/768
f 346/379/115 1336/1461/740 1339/1464/769
f 1339/1464/769 1336/1461/740 1337/1462/767
f 346/379/115 1339/1464/769 348/381/770
f 1337/1462/767 1338/1463/768 1340/1465/771
f 1337/1462/767 1340/1465/771 1339/1464/769
f 1340/1465/771 1338/1463/768 1341/1466/772
f 1340/1465/771 1341/1466/772 1342/1467/352
f 1340/1465/771 1342/1467/352 1343/1468/221
f 348/381/770 1339/1464/769 1344/1469/773
f 1344/1469/773 1339/1464/769 1340/1465/771
f 1344/1469/773 1340/1465/771 1343/1468/221
f 348/381/770 1344/1469/773 278/382/774
f 1344/1469/773 1343/1468/221 1345/1470/775
f 1344/1469/773 1345/1470/775 278/382/774
f 1346/1471/776 1347/1472/777 212/228/778
f 212/228/778 1347/1472/777 214/230/779
f 1346/1471/776 212/228/778 208/224/780
f 214/230/779 1347/1472/777 1348/237/781
f 214/230/779 1348/237/781 221/237/782
f 1348/237/781 1347/1472/777 1349/1473/77
f 1349/1473/77 1347/1472/777 1346/1471/776
f 221/237/782 1348/237/781 1350/1474/783
f 221/237/782 1350/1474/783 226/242/784
f 1350/1474/783 1348/237/781 1351/1475/785
f 1351/1475/785 1348/237/781 1349/1473/77
f 226/242/784 1350/1474/783 1352/1476/786
f 226/242/784 1352/1476/786 227/243/787
f 1350/1474/783 1351/1475/785 1353/1477/788
f 1350/1474/783 1353/1477/788 1352/1476/786
f 1351/1475/785 1349/1473/77 1354/1478/789
f 1351/1475/785 1354/1478/789 837/894/790
f 1351/1475/785 837/894/790 1353/1477/788
f 1354/1478/789 1349/1473/77 1355/1479/791
f 1353/1477/788 837/894/790 839/896/792
f 1355/1479/791 1349/1473/77 1356/1480/793
f 1356/1480/793 1349/1473/77 1346/1471/776
f 1355/1479/791 1356/1480/793 1357/1481/794
f 1357/1481/794 1356/1480/793 1358/1482/795
f 1358/1482/795 1356/1480/793 1346/1471/776
f 1357/1481/794 1358/1482/795 1359/1483/796
f 1353/1477/788 839/896/792 1360/1484/797
f 1353/1477/788 1360/1484/797 1352/1476/786
f 1360/1484/797 839/896/792 845/902/461
f 1352/1476/786 1360/1484/797 1361/1485/798
f 1352/1476/786 1361/1485/798 227/243/787
f 227/243/787 1361/1485/798 229/245/799
f 229/245/799 1361/1485/798 232/248/485
f 232/248/485 1361/1485/798 1291/1486/713
f 1360/1484/797 845/902/461 1362/1487/800
f 1360/1484/797 1362/1487/800 1361/1485/798
f 1361/1485/798 1362/1487/800 1291/1486/713
f 1362/1487/800 845/902/461 846/903/555
f 1291/1486/713 1362/1487/800 1294/1488/717
f 1294/1488/717 1362/1487/800 846/903/555
f 1363/1489/801 1359/1483/796 1358/1482/795
f 1359/1483/796 1363/1489/801 1364/1490/802
f 1364/1490/802 1363/1489/801 1365/1491/803
f 1364/1490/802 1365/1491/803 1366/1492/804
f 1366/1492/804 1365/1491/803 1367/1493/805
f 1366/1492/804 1367/1493/805 1368/1494/806
f 1368/1494/806 1367/1493/805 1369/1495/807
f 1367/1493/805 1365/1491/803 1370/1496/808
f 1367/1493/805 1370/1496/808 1369/1495/807
f 1368/1494/806 1369/1495/807 1371/1497/809
f 1372/1498/810 1365/1491/803 1363/1489/801
f 1365/1491/803 1372/1498/810 1370/1496/808
f 1372/1498/810 1363/1489/801 1373/1499/811
f 1373/1499/811 1363/1489/801 1358/1482/795
f 1370/1496/808 1372/1498/810 201/217/812
f 201/217/812 1372/1498/810 202/218/813
f 202/218/813 1372/1498/810 1373/1499/811
f 1370/1496/808 201/217/812 204/220/814
f 202/218/813 1373/1499/811 207/223/815
f 1370/1496/808 204/220/814 1374/1500/816
f 1370/1496/808 1374/1500/816 1369/1495/807
f 1374/1500/816 204/220/814 265/281/817
f 207/223/815 1373/1499/811 1375/1501/818
f 1375/1501/818 1373/1499/811 1358/1482/795
f 207/223/815 1375/1501/818 208/224/780
f 1375/1501/818 1358/1482/795 1346/1471/776
f 1375/1501/818 1346/1471/776 208/224/780
f 1374/1500/816 265/281/817 1376/1502/819
f 1374/1500/816 1376/1502/819 1369/1495/807
f 1376/1502/819 265/281/817 267/283/820
f 1369/1495/807 1376/1502/819 1377/1503/821
f 1369/1495/807 1377/1503/821 1371/1497/809
f 1371/1497/809 1377/1503/821 1378/1504/822
f 1376/1502/819 267/283/820 1379/1505/823
f 1376/1502/819 1379/1505/823 1377/1503/821
f 1379/1505/823 267/283/820 272/288/817
f 1378/1504/822 1377/1503/821 1380/1506/824
f 1380/1506/824 1377/1503/821 1379/1505/823
f 1378/1504/822 1380/1506/824 1381/1507/791
f 1379/1505/823 272/288/817 1382/1508/825
f 1379/1505/823 1382/1508/825 1380/1506/824
f 1382/1508/825 272/288/817 282/298/826
f 1381/1507/791 1380/1506/824 1383/1509/827
f 1383/1509/827 1380/1506/824 1382/1508/825
f 1381/1507/791 1383/1509/827 1384/1510/828
f 1384/1510/828 1383/1509/827 1385/1511/829
f 1385/1511/829 1383/1509/827 1382/1508/825
f 1384/1510/828 1385/1511/829 1386/1512/830
f 1382/1508/825 282/298/826 1387/1513/813
f 1382/1508/825 1387/1513/813 1385/1511/829
f 1387/1513/813 282/298/826 280/296/831
f 1386/1512/830 1385/1511/829 1388/1514/832
f 1388/1514/832 1385/1511/829 1387/1513/813
f 1386/1512/830 1388/1514/832 1389/1515/833
f 1387/1513/813 280/296/831 1390/1516/834
f 1387/1513/813 1390/1516/834 1388/1514/832
f 1390/1516/834 280/296/831 279/295/835
f 1389/1515/833 1388/1514/832 1391/1517/224
f 1391/1517/224 1388/1514/832 1390/1516/834
f 1389/1515/833 1391/1517/224 1392/1518/836
f 1392/1518/836 1391/1517/224 1342/1519/352
f 1342/1519/352 1391/1517/224 1343/1520/221
f 1390/1516/834 279/295/835 1393/1521/837
f 1390/1516/834 1393/1521/837 1391/1517/224
f 1391/1517/224 1393/1521/837 1343/1520/221
f 1393/1521/837 279/295/835 278/294/774
f 1343/1520/221 1393/1521/837 1345/1522/775
f 1345/1522/775 1393/1521/837 278/294/774
f 1394/1523/471 1395/1524/468 1396/1525/470
f 1396/1525/470 1395/1524/468 1397/1526/468
f 1397/1526/468 1395/1524/468 1398/1527/464
f 1394/1523/471 1396/1525/470 1399/1528/474
f 1394/1523/471 1399/1528/474 1400/1529/476
f 1396/1525/470 1397/1526/468 1401/1530/475
f 1396/1525/470 1401/1530/475 1399/1528/474
f 1397/1526/468 1398/1527/464 1402/1531/467
f 1402/1531/467 1398/1527/464 1403/1532/453
f 1400/1529/476 1399/1528/474 1404/1533/479
f 1397/1526/468 1402/1531/467 1405/1534/468
f 1397/1526/468 1405/1534/468 1401/1530/475
f 1400/1529/476 1404/1533/479 1406/1535/481
f 1402/1531/467 1403/1532/453 1407/1536/182
f 1407/1536/182 1403/1532/453 1408/1537/583
f 1405/1534/468 1402/1531/467 1409/1538/464
f 1409/1538/464 1402/1531/467 1407/1536/182
f 1406/1535/481 1404/1533/479 1410/1539/484
f 1406/1535/481 1410/1539/484 1411/1540/486
f 1407/1536/182 1408/1537/583 1412/1541/556
f 1412/1541/556 1408/1537/583 1413/1542/838
f 1409/1538/464 1407/1536/182 1414/1543/453
f 1414/1543/453 1407/1536/182 1412/1541/556
f 1411/1540/486 1410/1539/484 1415/1544/564
f 1411/1540/486 1415/1544/564 1416/1545/839
f 1412/1541/556 1413/1542/838 1417/1546/840
f 1417/1546/840 1413/1542/838 1418/1547/841
f 1414/1543/453 1412/1541/556 1419/1548/583
f 1419/1548/583 1412/1541/556 1417/1546/840
f 1416/1545/839 1415/1544/564 1420/1549/509
f 1416/1545/839 1420/1549/509 1421/1550/842
f 1421/1550/842 1420/1549/509 518/1551/842
f 1417/1546/840 1418/1547/841 1422/1552/843
f 1422/1552/843 1418/1547/841 506/1553/841
f 1419/1548/583 1417/1546/840 1423/1554/499
f 1423/1554/499 1417/1546/840 1422/1552/843
f 1423/1554/499 1422/1552/843 1424/1555/843
f 1424/1555/843 1422/1552/843 506/1553/841
f 1424/1555/843 506/1553/841 1425/1556/844
f 1424/1555/843 1425/1556/844 1423/1554/499
f 1425/1556/844 506/1553/841 498/1557/845
f 1423/1554/499 1425/1556/844 1426/1558/846
f 1426/1558/846 1425/1556/844 498/1557/845
f 1423/1554/499 1426/1558/846 1419/1548/583
f 1426/1558/846 498/1557/845 497/1559/847
f 1419/1548/583 1426/1558/846 1427/1560/848
f 1427/1560/848 1426/1558/846 497/1559/847
f 1419/1548/583 1427/1560/848 1414/1543/453
f 1427/1560/848 497/1559/847 499/1561/849
f 1414/1543/453 1427/1560/848 1428/1562/462
f 1428/1562/462 1427/1560/848 499/1561/849
f 1414/1543/453 1428/1562/462 1409/1538/464
f 1428/1562/462 499/1561/849 500/1563/463
f 1409/1538/464 1428/1562/462 1429/1564/465
f 1429/1564/465 1428/1562/462 500/1563/463
f 1409/1538/464 1429/1564/465 1405/1534/468
f 1429/1564/465 500/1563/463 501/1565/466
f 1405/1534/468 1429/1564/465 1430/1566/469
f 1430/1566/469 1429/1564/465 501/1565/466
f 1430/1566/469 501/1565/466 502/1567/469
f 1405/1534/468 1430/1566/469 1401/1530/475
f 1430/1566/469 502/1567/469 1431/1568/472
f 1430/1566/469 1431/1568/472 1401/1530/475
f 1431/1568/472 502/1567/469 508/1569/473
f 1431/1568/472 508/1569/473 1432/1570/477
f 1431/1568/472 1432/1570/477 1401/1530/475
f 1432/1570/477 508/1569/473 509/1571/478
f 1401/1530/475 1432/1570/477 1433/1572/480
f 1401/1530/475 1433/1572/480 1399/1528/474
f 1399/1528/474 1433/1572/480 1404/1533/479
f 1432/1570/477 509/1571/478 1434/1573/482
f 1432/1570/477 1434/1573/482 1433/1572/480
f 1434/1573/482 509/1571/478 511/1574/483
f 1404/1533/479 1433/1572/480 1435/1575/485
f 1435/1575/485 1433/1572/480 1434/1573/482
f 1404/1533/479 1435/1575/485 1410/1539/484
f 1434/1573/482 511/1574/483 1436/1576/487
f 1434/1573/482 1436/1576/487 1435/1575/485
f 1436/1576/487 511/1574/483 512/1577/504
f 1410/1539/484 1435/1575/485 1437/1578/490
f 1437/1578/490 1435/1575/485 1436/1576/487
f 1410/1539/484 1437/1578/490 1415/1544/564
f 1436/1576/487 512/1577/504 1438/1579/495
f 1436/1576/487 1438/1579/495 1437/1578/490
f 1438/1579/495 512/1577/504 513/1580/584
f 1415/1544/564 1437/1578/490 1439/1581/565
f 1439/1581/565 1437/1578/490 1438/1579/495
f 1415/1544/564 1439/1581/565 1420/1549/509
f 1420/1549/509 1439/1581/565 1440/1582/842
f 1420/1549/509 1440/1582/842 518/1551/842
f 1439/1581/565 1438/1579/495 1441/1583/509
f 1441/1583/509 1438/1579/495 513/1580/584
f 1439/1581/565 1441/1583/509 1440/1582/842
f 1440/1582/842 1441/1583/509 518/1551/842
f 1441/1583/509 513/1580/584 516/1584/842
f 1441/1583/509 516/1584/842 518/1551/842
f 1442/1585/850 1443/1586/851 1444/1587/850
f 1444/1587/850 1443/1586/851 1445/1588/850
f 1445/1588/850 1443/1586/851 1446/1589/850
f 1446/1589/850 1443/1586/851 1447/1590/850
f 1447/1590/850 1443/1586/851 1448/1591/4
f 1448/1591/4 1443/1586/851 1449/1592/852
f 1448/1591/4 1449/1592/852 1450/1593/4
f 1450/1593/4 1449/1592/852 1451/1594/4
f 1451/1594/4 1449/1592/852 1452/1595/4
f 1452/1595/4 1449/1592/852 1453/1596/4
f 1453/1596/4 1449/1592/852 1454/1597/850
f 1453/1596/4 1454/1597/850 1455/1598/4
f 1455/1598/4 1454/1597/850 1456/1599/850
f 1456/1599/850 1454/1597/850 1457/1600/850
f 1457/1600/850 1454/1597/850 1458/1601/853
f 1458/1601/853 1454/1597/850 1459/1602/854
f 1459/1602/854 1454/1597/850 1460/1603/850
f 1454/1597/850 1449/1592/852 1461/1604/852
f 1454/1597/850 1461/1604/852 1460/1603/850
f 1460/1603/850 1461/1604/852 1462/1605/850
f 1460/1603/850 1462/1605/850 1463/1606/854
f 1463/1606/854 1462/1605/850 1464/1607/850
f 1462/1605/850 1461/1604/852 1465/1608/662
f 1462/1605/850 1465/1608/662 1466/1609/851
f 1465/1608/662 1461/1604/852 1467/1610/287
f 1466/1609/851 1465/1608/662 1468/1611/855
f 1468/1611/855 1465/1608/662 1467/1610/287
f 1263/1385/856 1469/1612/857 1261/1380/858
f 1261/1380/858 1469/1612/857 1470/1613/859
f 1261/1380/858 1470/1613/859 1259/1378/860
f 1469/1612/857 1263/1385/856 1471/1614/861
f 1471/1614/861 1263/1385/856 1265/1387/862
f 1259/1378/860 1470/1613/859 1472/1615/863
f 1259/1378/860 1472/1615/863 1258/1374/864
f 1471/1614/861 1265/1387/862 1473/1616/781
f 1473/1616/781 1265/1387/862 1267/1389/865
f 1469/1612/857 1471/1614/861 1474/1617/866
f 1473/1616/781 1267/1389/865 1475/1618/66
f 1475/1618/66 1267/1389/865 1269/1391/867
f 1471/1614/861 1473/1616/781 1476/1619/868
f 1471/1614/861 1476/1619/868 1474/1617/866
f 1473/1616/781 1475/1618/66 1477/1620/869
f 1473/1616/781 1477/1620/869 1476/1619/868
f 1476/1619/868 1477/1620/869 1478/1621/870
f 1476/1619/868 1478/1621/870 1479/1622/871
f 1476/1619/868 1479/1622/871 1474/1617/866
f 1478/1621/870 1477/1620/869 1480/1623/872
f 1474/1617/866 1479/1622/871 1481/1624/873
f 1480/1623/872 1477/1620/869 1482/1625/874
f 1482/1625/874 1477/1620/869 1475/1618/66
f 1480/1623/872 1482/1625/874 1483/1626/875
f 1474/1617/866 1481/1624/873 1484/1627/876
f 1474/1617/866 1484/1627/876 1469/1612/857
f 1484/1627/876 1481/1624/873 1485/1628/877
f 1469/1612/857 1484/1627/876 1470/1613/859
f 1484/1627/876 1485/1628/877 1486/1629/878
f 1484/1627/876 1486/1629/878 1470/1613/859
f 1486/1629/878 1485/1628/877 1487/1630/879
f 1470/1613/859 1486/1629/878 1472/1615/863
f 1486/1629/878 1487/1630/879 1488/1631/880
f 1486/1629/878 1488/1631/880 1472/1615/863
f 1488/1631/880 1487/1630/879 1489/1632/881
f 1472/1615/863 1488/1631/880 1490/1633/882
f 1472/1615/863 1490/1633/882 1258/1374/864
f 1258/1374/864 1490/1633/882 1260/1379/883
f 1488/1631/880 1489/1632/881 1491/1634/884
f 1488/1631/880 1491/1634/884 1490/1633/882
f 1491/1634/884 1489/1632/881 1492/1635/885
f 1260/1379/883 1490/1633/882 1493/1636/886
f 1493/1636/886 1490/1633/882 1491/1634/884
f 1260/1379/883 1493/1636/886 1262/1382/887
f 1262/1382/887 1493/1636/886 1235/1384/487
f 1235/1384/487 1493/1636/886 1236/1637/670
f 1491/1634/884 1492/1635/885 1494/1638/888
f 1491/1634/884 1494/1638/888 1493/1636/886
f 1493/1636/886 1494/1638/888 1236/1637/670
f 1494/1638/888 1492/1635/885 517/1639/675
f 1236/1637/670 1494/1638/888 1239/1640/467
f 1239/1640/467 1494/1638/888 517/1639/675
f 1495/1641/889 1496/1642/890 1497/1643/891
f 1496/1642/890 1495/1641/889 919/980/892
f 919/980/892 1495/1641/889 920/981/893
f 1496/1642/890 919/980/892 917/978/894
f 920/981/893 1495/1641/889 1498/1644/895
f 1498/1644/895 1495/1641/889 1497/1643/891
f 920/981/893 1498/1644/895 1013/1100/896
f 1013/1100/896 1498/1644/895 1499/1645/897
f 1013/1100/896 1499/1645/897 1015/1102/898
f 1499/1645/897 1498/1644/895 1500/1646/899
f 1500/1646/899 1498/1644/895 1497/1643/891
f 1015/1102/898 1499/1645/897 1501/1647/900
f 1015/1102/898 1501/1647/900 1016/1103/901
f 1499/1645/897 1500/1646/899 1502/1648/902
f 1499/1645/897 1502/1648/902 1501/1647/900
f 1500/1646/899 1497/1643/891 1503/1649/903
f 1500/1646/899 1503/1649/903 1504/1650/904
f 1500/1646/899 1504/1650/904 1502/1648/902
f 1503/1649/903 1497/1643/891 1505/1651/905
f 1502/1648/902 1504/1650/904 1506/1652/906
f 1505/1651/905 1497/1643/891 1507/1653/907
f 1507/1653/907 1497/1643/891 1496/1642/890
f 1505/1651/905 1507/1653/907 1508/1654/908
f 1502/1648/902 1506/1652/906 1509/1655/909
f 1502/1648/902 1509/1655/909 1501/1647/900
f 1509/1655/909 1506/1652/906 1510/1656/910
f 1508/1654/908 1507/1653/907 1511/1657/911
f 1511/1657/911 1507/1653/907 1496/1642/890
f 1508/1654/908 1511/1657/911 1512/1658/912
f 1511/1657/911 1496/1642/890 1513/1659/913
f 1513/1659/913 1496/1642/890 917/978/894
f 1513/1659/913 917/978/894 914/975/914
f 1512/1658/912 1511/1657/911 1514/1660/915
f 1514/1660/915 1511/1657/911 1513/1659/913
f 1512/1658/912 1514/1660/915 1515/1661/364
f 1515/1661/364 1514/1660/915 1516/1662/916
f 1516/1662/916 1514/1660/915 1517/1663/354
f 1517/1663/354 1514/1660/915 1518/1664/917
f 1513/1659/913 914/975/914 1519/1665/918
f 1513/1659/913 1519/1665/918 1514/1660/915
f 1514/1660/915 1519/1665/918 1518/1664/917
f 1519/1665/918 914/975/914 798/974/919
f 1519/1665/918 798/974/919 1518/1664/917
f 1520/1666/920 1509/1655/909 1510/1656/910
f 1520/1666/920 1510/1656/910 1521/1667/921
f 1509/1655/909 1520/1666/920 1522/1668/922
f 1509/1655/909 1522/1668/922 1501/1647/900
f 1501/1647/900 1522/1668/922 1016/1103/901
f 1016/1103/901 1522/1668/922 1266/1388/923
f 1266/1388/923 1522/1668/922 1523/1669/924
f 1523/1669/924 1522/1668/922 1520/1666/920
f 1266/1388/923 1523/1669/924 1268/1390/925
f 1520/1666/920 1521/1667/921 1524/1670/926
f 1520/1666/920 1524/1670/926 1523/1669/924
f 1524/1670/926 1521/1667/921 1525/1671/927
f 1268/1390/925 1523/1669/924 1526/1672/928
f 1526/1672/928 1523/1669/924 1524/1670/926
f 1268/1390/925 1526/1672/928 1270/1392/929
f 1524/1670/926 1525/1671/927 1527/1673/930
f 1524/1670/926 1527/1673/930 1526/1672/928
f 1527/1673/930 1525/1671/927 1483/1626/875
f 1527/1673/930 1483/1626/875 1482/1625/874
f 1526/1672/928 1527/1673/930 1528/1674/931
f 1526/1672/928 1528/1674/931 1270/1392/929
f 1528/1674/931 1527/1673/930 1482/1625/874
f 1270/1392/929 1528/1674/931 1269/1391/867
f 1528/1674/931 1482/1625/874 1475/1618/66
f 1528/1674/931 1475/1618/66 1269/1391/867
f 1529/1675/433 1530/1676/854 1459/1602/854
f 1531/1677/932 1459/1602/854 1532/1678/932
f 1532/1678/932 1459/1602/854 1533/1679/932
f 1459/1602/854 1531/1677/932 1458/1601/853
f 1533/1679/932 1459/1602/854 1534/1680/853
f 1534/1680/853 1459/1602/854 1530/1676/854
f 1534/1680/853 1530/1676/854 1535/1681/850
f 1535/1681/850 1530/1676/854 1536/1682/850
f 1536/1682/850 1530/1676/854 1537/1683/850
f 1537/1683/850 1530/1676/854 1538/1684/850
f 1538/1684/850 1530/1676/854 1539/1685/420
f 1538/1684/850 1539/1685/420 1540/1686/850
f 1540/1686/850 1539/1685/420 1541/1687/850
f 1541/1687/850 1539/1685/420 1542/1688/850
f 1542/1688/850 1539/1685/420 1543/1689/420
f 1542/1688/850 1543/1689/420 1544/1690/850
f 1544/1690/850 1543/1689/420 1545/1691/850
f 1545/1691/850 1543/1689/420 1546/1692/933
f 1546/1692/933 1543/1689/420 1547/1693/934
f 1545/1691/850 1546/1692/933 1548/1694/850
f 1548/1694/850 1546/1692/933 1549/1695/850
f 1549/1695/850 1546/1692/933 1550/1696/850
f 1550/1696/850 1546/1692/933 1551/1697/850
f 1551/1697/850 1546/1692/933 1552/1698/933
f 1551/1697/850 1552/1698/933 1553/1699/850
f 1553/1699/850 1552/1698/933 1554/1700/850
f 1554/1700/850 1552/1698/933 1555/1701/850
f 1555/1701/850 1552/1698/933 1556/1702/850
f 1556/1702/850 1552/1698/933 1557/1703/933
f 1556/1702/850 1557/1703/933 1558/1704/850
f 1558/1704/850 1557/1703/933 1559/1705/850
f 1559/1705/850 1557/1703/933 1560/1706/850
f 1560/1706/850 1557/1703/933 1561/1707/850
f 1561/1707/850 1557/1703/933 1562/1708/850
f 1562/1708/850 1557/1703/933 1563/1709/850
f 1562/1708/850 1563/1709/850 1564/1710/850
f 1564/1710/850 1563/1709/850 1565/1711/850
f 1565/1711/850 1563/1709/850 1566/1712/4
f 1566/1712/4 1563/1709/850 1161/1252/636
f 1566/1712/4 1161/1252/636 1567/1713/4
f 1567/1713/4 1161/1252/636 1568/1714/4
f 1568/1714/4 1161/1252/636 1569/1715/4
f 1569/1715/4 1161/1252/636 1570/1716/4
f 1570/1716/4 1161/1252/636 1571/1717/4
f 1571/1717/4 1161/1252/636 1167/1261/636
f 1571/1717/4 1167/1261/636 1572/1718/4
f 1572/1718/4 1167/1261/636 1573/1719/4
f 1573/1719/4 1167/1261/636 1574/1720/4
f 1574/1720/4 1167/1261/636 1575/1721/4
f 1575/1721/4 1167/1261/636 1576/1722/852
f 1575/1721/4 1576/1722/852 1577/1723/4
f 1577/1723/4 1576/1722/852 1578/1724/4
f 1578/1724/4 1576/1722/852 1579/1725/4
f 1579/1725/4 1576/1722/852 1580/1726/4
f 1580/1726/4 1576/1722/852 1581/1727/852
f 1581/1727/852 1576/1722/852 1582/1728/661
f 1580/1726/4 1581/1727/852 1583/1729/4
f 1583/1729/4 1581/1727/852 1584/1730/4
f 1581/1727/852 1582/1728/661 1585/1731/661
f 1584/1730/4 1581/1727/852 1586/1732/850
f 1581/1727/852 1585/1731/661 1587/1733/852
f 1581/1727/852 1587/1733/852 1586/1732/850
f 1587/1733/852 1585/1731/661 1588/1734/661
f 1586/1732/850 1587/1733/852 1589/1735/850
f 1589/1735/850 1587/1733/852 1590/1736/850
f 1590/1736/850 1587/1733/852 1442/1585/850
f 1587/1733/852 1588/1734/661 1443/1586/851
f 1587/1733/852 1443/1586/851 1442/1585/850
f 1537/1683/935 1591/1737/701 1536/1682/521
f 1536/1682/521 1591/1737/701 1592/1738/701
f 1536/1682/521 1592/1738/701 1535/1681/521
f 1591/1737/701 1537/1683/935 1593/1739/936
f 1593/1739/936 1537/1683/935 1538/1684/935
f 1592/1738/701 1591/1737/701 1594/1740/853
f 1594/1740/853 1591/1737/701 1593/1739/936
f 1535/1681/521 1592/1738/701 1595/1741/937
f 1595/1741/937 1592/1738/701 1594/1740/853
f 1535/1681/521 1595/1741/937 1534/1680/937
f 1593/1739/936 1538/1684/935 1596/1742/936
f 1593/1739/936 1596/1742/936 1594/1740/853
f 1596/1742/936 1538/1684/935 1540/1686/662
f 1534/1680/937 1595/1741/937 1597/1743/938
f 1597/1743/938 1595/1741/937 1594/1740/853
f 1534/1680/937 1597/1743/938 1533/1679/937
f 1533/1679/937 1597/1743/938 1598/1744/939
f 1598/1744/939 1597/1743/938 1594/1740/853
f 1533/1679/937 1598/1744/939 1532/1678/939
f 1596/1742/936 1540/1686/662 1599/1745/936
f 1596/1742/936 1599/1745/936 1594/1740/853
f 1599/1745/936 1540/1686/662 1541/1687/662
f 1532/1678/939 1598/1744/939 1600/1746/939
f 1600/1746/939 1598/1744/939 1594/1740/853
f 1532/1678/939 1600/1746/939 1531/1677/940
f 1531/1677/940 1600/1746/939 1601/1747/940
f 1601/1747/940 1600/1746/939 1594/1740/853
f 1531/1677/940 1601/1747/940 1458/1601/941
f 1599/1745/936 1541/1687/662 1602/1748/936
f 1599/1745/936 1602/1748/936 1594/1740/853
f 1602/1748/936 1541/1687/662 1542/1688/662
f 1458/1601/941 1601/1747/940 1603/1749/941
f 1603/1749/941 1601/1747/940 1594/1740/853
f 1458/1601/941 1603/1749/941 1457/1600/942
f 1457/1600/942 1603/1749/941 1604/1750/943
f 1604/1750/943 1603/1749/941 1594/1740/853
f 1457/1600/942 1604/1750/943 1456/1599/944
f 1602/1748/936 1542/1688/662 1605/1751/936
f 1602/1748/936 1605/1751/936 1594/1740/853
f 1605/1751/936 1542/1688/662 1544/1690/662
f 1456/1599/944 1604/1750/943 1606/1752/945
f 1606/1752/945 1604/1750/943 1594/1740/853
f 1456/1599/944 1606/1752/945 1455/1598/946
f 1455/1598/946 1606/1752/945 1607/1753/946
f 1607/1753/946 1606/1752/945 1594/1740/853
f 1455/1598/946 1607/1753/946 1453/1596/947
f 1605/1751/936 1544/1690/662 1608/1754/702
f 1605/1751/936 1608/1754/702 1594/1740/853
f 1608/1754/702 1544/1690/662 1545/1691/704
f 1453/1596/947 1607/1753/946 1609/1755/946
f 1609/1755/946 1607/1753/946 1594/1740/853
f 1453/1596/947 1609/1755/946 1452/1595/948
f 1452/1595/948 1609/1755/946 1610/1756/947
f 1610/1756/947 1609/1755/946 1594/1740/853
f 1452/1595/948 1610/1756/947 1451/1594/948
f 1608/1754/702 1545/1691/704 1611/1757/701
f 1608/1754/702 1611/1757/701 1594/1740/853
f 1611/1757/701 1545/1691/704 1548/1694/704
f 1451/1594/948 1610/1756/947 1612/1758/949
f 1612/1758/949 1610/1756/947 1594/1740/853
f 1451/1594/948 1612/1758/949 1450/1593/950
f 1450/1593/950 1612/1758/949 1613/1759/951
f 1613/1759/951 1612/1758/949 1594/1740/853
f 1450/1593/950 1613/1759/951 1448/1591/950
f 1611/1757/701 1548/1694/704 1614/1760/702
f 1611/1757/701 1614/1760/702 1594/1740/853
f 1614/1760/702 1548/1694/704 1549/1695/704
f 1448/1591/950 1613/1759/951 1615/1761/951
f 1615/1761/951 1613/1759/951 1594/1740/853
f 1448/1591/950 1615/1761/951 1447/1590/952
f 1447/1590/952 1615/1761/951 1616/1762/951
f 1616/1762/951 1615/1761/951 1594/1740/853
f 1447/1590/952 1616/1762/951 1446/1589/953
f 1614/1760/702 1549/1695/704 1617/1763/702
f 1614/1760/702 1617/1763/702 1594/1740/853
f 1617/1763/702 1549/1695/704 1550/1696/704
f 1446/1589/953 1616/1762/951 1618/1764/952
f 1618/1764/952 1616/1762/951 1594/1740/853
f 1446/1589/953 1618/1764/952 1445/1588/954
f 1445/1588/954 1618/1764/952 1619/1765/952
f 1619/1765/952 1618/1764/952 1594/1740/853
f 1445/1588/954 1619/1765/952 1444/1587/955
f 1617/1763/702 1550/1696/704 1620/1766/956
f 1617/1763/702 1620/1766/956 1594/1740/853
f 1620/1766/956 1550/1696/704 1551/1697/957
f 1444/1587/955 1619/1765/952 1621/1767/958
f 1621/1767/958 1619/1765/952 1594/1740/853
f 1444/1587/955 1621/1767/958 1442/1585/955
f 1442/1585/955 1621/1767/958 1622/1768/958
f 1622/1768/958 1621/1767/958 1594/1740/853
f 1442/1585/955 1622/1768/958 1590/1736/955
f 1620/1766/956 1551/1697/957 1623/1769/956
f 1620/1766/956 1623/1769/956 1594/1740/853
f 1623/1769/956 1551/1697/957 1553/1699/957
f 1590/1736/955 1622/1768/958 1624/1770/958
f 1624/1770/958 1622/1768/958 1594/1740/853
f 1590/1736/955 1624/1770/958 1589/1735/955
f 1589/1735/955 1624/1770/958 1625/1771/959
f 1625/1771/959 1624/1770/958 1594/1740/853
f 1589/1735/955 1625/1771/959 1586/1732/420
f 1623/1769/956 1553/1699/957 1626/1772/960
f 1623/1769/956 1626/1772/960 1594/1740/853
f 1626/1772/960 1553/1699/957 1554/1700/956
f 1586/1732/420 1625/1771/959 1627/1773/961
f 1627/1773/961 1625/1771/959 1594/1740/853
f 1586/1732/420 1627/1773/961 1584/1730/420
f 1626/1772/960 1554/1700/956 1628/1774/960
f 1626/1772/960 1628/1774/960 1594/1740/853
f 1628/1774/960 1554/1700/956 1555/1701/956
f 1584/1730/420 1627/1773/961 1629/1775/961
f 1629/1775/961 1627/1773/961 1594/1740/853
f 1584/1730/420 1629/1775/961 1583/1729/420
f 1628/1774/960 1555/1701/956 1630/1776/962
f 1628/1774/960 1630/1776/962 1594/1740/853
f 1630/1776/962 1555/1701/956 1556/1702/956
f 1583/1729/420 1629/1775/961 1631/1777/961
f 1631/1777/961 1629/1775/961 1594/1740/853
f 1583/1729/420 1631/1777/961 1580/1726/963
f 1630/1776/962 1556/1702/956 1632/1778/962
f 1630/1776/962 1632/1778/962 1594/1740/853
f 1632/1778/962 1556/1702/956 1558/1704/964
f 1580/1726/963 1631/1777/961 1633/1779/961
f 1633/1779/961 1631/1777/961 1594/1740/853
f 1580/1726/963 1633/1779/961 1579/1725/854
f 1632/1778/962 1558/1704/964 1634/1780/965
f 1632/1778/962 1634/1780/965 1594/1740/853
f 1634/1780/965 1558/1704/964 1559/1705/964
f 1579/1725/854 1633/1779/961 1635/1781/966
f 1635/1781/966 1633/1779/961 1594/1740/853
f 1579/1725/854 1635/1781/966 1578/1724/854
f 1634/1780/965 1559/1705/964 1636/1782/967
f 1634/1780/965 1636/1782/967 1594/1740/853
f 1636/1782/967 1559/1705/964 1560/1706/965
f 1578/1724/854 1635/1781/966 1637/1783/966
f 1637/1783/966 1635/1781/966 1594/1740/853
f 1578/1724/854 1637/1783/966 1577/1723/854
f 1636/1782/967 1560/1706/965 1638/1784/968
f 1636/1782/967 1638/1784/968 1594/1740/853
f 1638/1784/968 1560/1706/965 1561/1707/968
f 1577/1723/854 1637/1783/966 1639/1785/966
f 1639/1785/966 1637/1783/966 1594/1740/853
f 1577/1723/854 1639/1785/966 1575/1721/854
f 1638/1784/968 1561/1707/968 1640/1786/969
f 1638/1784/968 1640/1786/969 1594/1740/853
f 1640/1786/969 1561/1707/968 1562/1708/970
f 1575/1721/854 1639/1785/966 1641/1787/966
f 1641/1787/966 1639/1785/966 1594/1740/853
f 1575/1721/854 1641/1787/966 1574/1720/971
f 1640/1786/969 1562/1708/970 1642/1788/972
f 1640/1786/969 1642/1788/972 1594/1740/853
f 1642/1788/972 1562/1708/970 1564/1710/973
f 1574/1720/971 1641/1787/966 1643/1789/974
f 1643/1789/974 1641/1787/966 1594/1740/853
f 1574/1720/971 1643/1789/974 1573/1719/966
f 1642/1788/972 1564/1710/973 1644/1790/975
f 1642/1788/972 1644/1790/975 1594/1740/853
f 1644/1790/975 1564/1710/973 1565/1711/976
f 1573/1719/966 1643/1789/974 1645/1791/974
f 1645/1791/974 1643/1789/974 1594/1740/853
f 1573/1719/966 1645/1791/974 1572/1718/966
f 1572/1718/966 1645/1791/974 1646/1792/974
f 1646/1792/974 1645/1791/974 1594/1740/853
f 1572/1718/966 1646/1792/974 1571/1717/966
f 1644/1790/975 1565/1711/976 1647/1793/977
f 1644/1790/975 1647/1793/977 1594/1740/853
f 1647/1793/977 1565/1711/976 1566/1712/978
f 1647/1793/977 1566/1712/978 1567/1713/979
f 1571/1717/966 1646/1792/974 1648/1794/980
f 1648/1794/980 1646/1792/974 1594/1740/853
f 1571/1717/966 1648/1794/980 1570/1716/981
f 1647/1793/977 1567/1713/979 1649/1795/979
f 1647/1793/977 1649/1795/979 1594/1740/853
f 1649/1795/979 1567/1713/979 1650/1796/979
f 1649/1795/979 1650/1796/979 1594/1740/853
f 1650/1796/979 1567/1713/979 1568/1714/982
f 1570/1716/981 1648/1794/980 1651/1797/980
f 1651/1797/980 1648/1794/980 1594/1740/853
f 1570/1716/981 1651/1797/980 1569/1715/983
f 1594/1740/853 1650/1796/979 1652/1798/982
f 1594/1740/853 1652/1798/982 1651/1797/980
f 1652/1798/982 1650/1796/979 1568/1714/982
f 1651/1797/980 1652/1798/982 1569/1715/983
f 1569/1715/983 1652/1798/982 1568/1714/982
f 1653/1799/984 1654/1800/985 1655/1801/986
f 1654/1800/985 1653/1799/984 1656/1802/987
f 1654/1800/985 1656/1802/987 1657/1803/988
f 1653/1799/984 1655/1801/986 1658/1804/984
f 1653/1799/984 1658/1804/984 1659/1805/989
f 1655/1801/986 1654/1800/985 1660/1806/52
f 1655/1801/986 1660/1806/52 1658/1804/984
f 1654/1800/985 1657/1803/988 1661/1807/990
f 1654/1800/985 1661/1807/990 1660/1806/52
f 1661/1807/990 1657/1803/988 1662/1808/988
f 1659/1805/989 1658/1804/984 1663/1809/989
f 1663/1809/989 1658/1804/984 1660/1806/52
f 1659/1805/989 1663/1809/989 1664/1810/991
f 1661/1807/990 1662/1808/988 1665/1811/990
f 1661/1807/990 1665/1811/990 1660/1806/52
f 1665/1811/990 1662/1808/988 1666/1812/992
f 1664/1810/991 1663/1809/989 1667/1813/989
f 1667/1813/989 1663/1809/989 1660/1806/52
f 1664/1810/991 1667/1813/989 1668/1814/991
f 1665/1811/990 1666/1812/992 1669/1815/993
f 1665/1811/990 1669/1815/993 1660/1806/52
f 1669/1815/993 1666/1812/992 1670/1816/994
f 1668/1814/991 1667/1813/989 1671/1817/989
f 1671/1817/989 1667/1813/989 1660/1806/52
f 1668/1814/991 1671/1817/989 1672/1818/995
f 1669/1815/993 1670/1816/994 1673/1819/996
f 1669/1815/993 1673/1819/996 1660/1806/52
f 1673/1819/996 1670/1816/994 1674/1820/997
f 1672/1818/995 1671/1817/989 1675/1821/998
f 1675/1821/998 1671/1817/989 1660/1806/52
f 1672/1818/995 1675/1821/998 1676/1822/995
f 1673/1819/996 1674/1820/997 1677/1823/996
f 1673/1819/996 1677/1823/996 1660/1806/52
f 1677/1823/996 1674/1820/997 1678/1824/999
f 1676/1822/995 1675/1821/998 1679/1825/998
f 1679/1825/998 1675/1821/998 1660/1806/52
f 1676/1822/995 1679/1825/998 1680/1826/1000
f 1677/1823/996 1678/1824/999 1681/1827/997
f 1677/1823/996 1681/1827/997 1660/1806/52
f 1681/1827/997 1678/1824/999 1682/1828/999
f 1680/1826/1000 1679/1825/998 1683/1829/995
f 1683/1829/995 1679/1825/998 1660/1806/52
f 1680/1826/1000 1683/1829/995 1684/1830/1000
f 1681/1827/997 1682/1828/999 1685/1831/1001
f 1681/1827/997 1685/1831/1001 1660/1806/52
f 1685/1831/1001 1682/1828/999 1686/1832/1002
f 1684/1830/1000 1683/1829/995 1687/1833/1003
f 1687/1833/1003 1683/1829/995 1660/1806/52
f 1684/1830/1000 1687/1833/1003 1688/1834/1003
f 1685/1831/1001 1686/1832/1002 1689/1835/1001
f 1685/1831/1001 1689/1835/1001 1660/1806/52
f 1689/1835/1001 1686/1832/1002 1690/1836/1004
f 1688/1834/1003 1687/1833/1003 1691/1837/1003
f 1691/1837/1003 1687/1833/1003 1660/1806/52
f 1688/1834/1003 1691/1837/1003 1692/1838/1003
f 1689/1835/1001 1690/1836/1004 1693/1839/999
f 1689/1835/1001 1693/1839/999 1660/1806/52
f 1693/1839/999 1690/1836/1004 1694/1840/1004
f 1692/1838/1003 1691/1837/1003 1695/1841/1003
f 1695/1841/1003 1691/1837/1003 1660/1806/52
f 1692/1838/1003 1695/1841/1003 1696/1842/1003
f 1693/1839/999 1694/1840/1004 1697/1843/1002
f 1693/1839/999 1697/1843/1002 1660/1806/52
f 1697/1843/1002 1694/1840/1004 1698/1844/1005
f 1696/1842/1003 1695/1841/1003 1699/1845/1003
f 1699/1845/1003 1695/1841/1003 1660/1806/52
f 1696/1842/1003 1699/1845/1003 1700/1846/1003
f 1697/1843/1002 1698/1844/1005 1701/1847/1002
f 1697/1843/1002 1701/1847/1002 1660/1806/52
f 1701/1847/1002 1698/1844/1005 1702/1848/1005
f 1700/1846/1003 1699/1845/1003 1703/1849/543
f 1703/1849/543 1699/1845/1003 1660/1806/52
f 1700/1846/1003 1703/1849/543 1704/1850/545
f 1701/1847/1002 1702/1848/1005 1705/1851/1002
f 1701/1847/1002 1705/1851/1002 1660/1806/52
f 1705/1851/1002 1702/1848/1005 1706/1852/582
f 1704/1850/545 1703/1849/543 1707/1853/1006
f 1707/1853/1006 1703/1849/543 1660/1806/52
f 1704/1850/545 1707/1853/1006 1708/1854/545
f 1705/1851/1002 1706/1852/582 1709/1855/1007
f 1705/1851/1002 1709/1855/1007 1660/1806/52
f 1709/1855/1007 1706/1852/582 1710/1856/582
f 1708/1854/545 1707/1853/1006 1711/1857/1006
f 1711/1857/1006 1707/1853/1006 1660/1806/52
f 1708/1854/545 1711/1857/1006 1712/1858/545
f 1709/1855/1007 1710/1856/582 1713/1859/1007
f 1709/1855/1007 1713/1859/1007 1660/1806/52
f 1713/1859/1007 1710/1856/582 1714/1860/582
f 1712/1858/545 1711/1857/1006 1715/1861/1006
f 1715/1861/1006 1711/1857/1006 1660/1806/52
f 1712/1858/545 1715/1861/1006 1716/1862/1008
f 1713/1859/1007 1714/1860/582 1717/1863/1007
f 1713/1859/1007 1717/1863/1007 1660/1806/52
f 1717/1863/1007 1714/1860/582 1718/1864/580
f 1716/1862/1008 1715/1861/1006 1719/1865/1009
f 1719/1865/1009 1715/1861/1006 1660/1806/52
f 1716/1862/1008 1719/1865/1009 1720/1866/543
f 1717/1863/1007 1718/1864/580 1721/1867/1010
f 1717/1863/1007 1721/1867/1010 1660/1806/52
f 1721/1867/1010 1718/1864/580 1722/1868/580
f 1720/1866/543 1719/1865/1009 1723/1869/1011
f 1723/1869/1011 1719/1865/1009 1660/1806/52
f 1720/1866/543 1723/1869/1011 1724/1870/695
f 1721/1867/1010 1722/1868/580 1725/1871/1007
f 1721/1867/1010 1725/1871/1007 1660/1806/52
f 1725/1871/1007 1722/1868/580 1726/1872/580
f 1724/1870/695 1723/1869/1011 1727/1873/1011
f 1727/1873/1011 1723/1869/1011 1660/1806/52
f 1724/1870/695 1727/1873/1011 1728/1874/695
f 1725/1871/1007 1726/1872/580 1729/1875/1007
f 1725/1871/1007 1729/1875/1007 1660/1806/52
f 1729/1875/1007 1726/1872/580 1730/1876/580
f 1728/1874/695 1727/1873/1011 1731/1877/1011
f 1731/1877/1011 1727/1873/1011 1660/1806/52
f 1728/1874/695 1731/1877/1011 1732/1878/695
f 1729/1875/1007 1730/1876/580 1733/1879/1007
f 1729/1875/1007 1733/1879/1007 1660/1806/52
f 1733/1879/1007 1730/1876/580 1734/1880/580
f 1732/1878/695 1731/1877/1011 1735/1881/1012
f 1735/1881/1012 1731/1877/1011 1660/1806/52
f 1732/1878/695 1735/1881/1012 1736/1882/1011
f 1733/1879/1007 1734/1880/580 1737/1883/1007
f 1733/1879/1007 1737/1883/1007 1660/1806/52
f 1737/1883/1007 1734/1880/580 1738/1884/1013
f 1736/1882/1011 1735/1881/1012 1739/1885/1014
f 1739/1885/1014 1735/1881/1012 1660/1806/52
f 1736/1882/1011 1739/1885/1014 1740/1886/1012
f 1737/1883/1007 1738/1884/1013 1741/1887/1007
f 1737/1883/1007 1741/1887/1007 1660/1806/52
f 1741/1887/1007 1738/1884/1013 1742/1888/1013
f 1740/1886/1012 1739/1885/1014 1743/1889/1015
f 1743/1889/1015 1739/1885/1014 1660/1806/52
f 1740/1886/1012 1743/1889/1015 1744/1890/1012
f 1741/1887/1007 1742/1888/1013 1745/1891/1016
f 1741/1887/1007 1745/1891/1016 1660/1806/52
f 1745/1891/1016 1742/1888/1013 1746/1892/1017
f 1744/1890/1012 1743/1889/1015 1747/1893/1015
f 1747/1893/1015 1743/1889/1015 1660/1806/52
f 1744/1890/1012 1747/1893/1015 1748/1894/1012
f 1748/1894/1012 1747/1893/1015 1749/1895/1015
f 1749/1895/1015 1747/1893/1015 1660/1806/52
f 1748/1894/1012 1749/1895/1015 1750/1896/1015
f 1745/1891/1016 1746/1892/1017 1751/1897/1016
f 1745/1891/1016 1751/1897/1016 1660/1806/52
f 1751/1897/1016 1746/1892/1017 1752/1898/1016
f 1750/1896/1015 1749/1895/1015 1753/1899/1018
f 1753/1899/1018 1749/1895/1015 1660/1806/52
f 1750/1896/1015 1753/1899/1018 1754/1900/1019
f 1754/1900/1019 1753/1899/1018 1755/1901/1020
f 1755/1901/1020 1753/1899/1018 1660/1806/52
f 1754/1900/1019 1755/1901/1020 1756/1902/1019
f 1751/1897/1016 1752/1898/1016 1757/1903/1021
f 1751/1897/1016 1757/1903/1021 1660/1806/52
f 1757/1903/1021 1752/1898/1016 1758/1904/1022
f 1756/1902/1019 1755/1901/1020 1759/1905/1023
f 1759/1905/1023 1755/1901/1020 1660/1806/52
f 1756/1902/1019 1759/1905/1023 1760/1906/1020
f 1760/1906/1020 1759/1905/1023 1761/1907/1024
f 1761/1907/1024 1759/1905/1023 1660/1806/52
f 1760/1906/1020 1761/1907/1024 1762/1908/1024
f 1757/1903/1021 1758/1904/1022 1763/1909/1021
f 1757/1903/1021 1763/1909/1021 1660/1806/52
f 1763/1909/1021 1758/1904/1022 1764/1910/1022
f 1762/1908/1024 1761/1907/1024 1765/1911/1025
f 1765/1911/1025 1761/1907/1024 1660/1806/52
f 1762/1908/1024 1765/1911/1025 1766/1912/1025
f 1766/1912/1025 1765/1911/1025 1767/1913/1026
f 1767/1913/1026 1765/1911/1025 1660/1806/52
f 1766/1912/1025 1767/1913/1026 1768/1914/1027
f 1763/1909/1021 1764/1910/1022 1769/1915/1028
f 1763/1909/1021 1769/1915/1028 1660/1806/52
f 1769/1915/1028 1764/1910/1022 1770/1916/1028
f 1768/1914/1027 1767/1913/1026 1771/1917/1029
f 1771/1917/1029 1767/1913/1026 1660/1806/52
f 1768/1914/1027 1771/1917/1029 1772/1918/1029
f 1772/1918/1029 1771/1917/1029 1773/1919/1030
f 1773/1919/1030 1771/1917/1029 1660/1806/52
f 1772/1918/1029 1773/1919/1030 1774/1920/1030
f 1769/1915/1028 1770/1916/1028 1775/1921/1030
f 1769/1915/1028 1775/1921/1030 1660/1806/52
f 1775/1921/1030 1770/1916/1028 1774/1920/1030
f 1660/1806/52 1775/1921/1030 1773/1919/1030
f 1773/1919/1030 1775/1921/1030 1774/1920/1030
f 1081/1922/1031 1169/1263/528 1090/1260/524
f 1163/1255/640 1168/1262/640 1582/1728/661
f 1163/1255/640 1582/1728/661 1164/1256/638
f 1168/1262/640 1169/1263/528 1585/1731/661
f 1168/1262/640 1585/1731/661 1582/1728/661
f 1169/1263/528 1081/1922/1031 1588/1734/661
f 1169/1263/528 1588/1734/661 1585/1731/661
f 1588/1734/661 1081/1922/1031 1077/1923/1032
f 1588/1734/661 1077/1923/1032 1070/1924/1032
f 1588/1734/661 1070/1924/1032 1068/1925/1032
f 1576/1722/852 1164/1256/638 1582/1728/661
f 1164/1256/638 1576/1722/852 1167/1261/636
f 1588/1734/661 1068/1925/1032 1776/1926/661
f 1776/1926/661 1068/1925/1032 1064/1927/1033
f 1776/1926/661 1064/1927/1033 1060/1928/1033
f 1776/1926/661 1060/1928/1033 1777/1929/638
f 1777/1929/638 1060/1928/1033 1058/1930/1032
f 1777/1929/638 1058/1930/1032 1059/1931/1032
f 1777/1929/638 1059/1931/1032 1062/1932/1034
f 1588/1734/661 1776/1926/661 1443/1586/851
f 1776/1926/661 1777/1929/638 1449/1592/852
f 1776/1926/661 1449/1592/852 1443/1586/851
f 1777/1929/638 1062/1932/1034 1778/1933/1035
f 1778/1933/1035 1062/1932/1034 1066/1934/1036
f 1778/1933/1035 1066/1934/1036 1779/1935/1036
f 1779/1935/1036 1066/1934/1036 1072/1936/114
f 1779/1935/1036 1072/1936/114 1780/1937/114
f 1779/1935/1036 1780/1937/114 1217/1938/1036
f 1779/1935/1036 1217/1938/1036 1778/1933/1035
f 1217/1938/1036 1780/1937/114 1218/1939/114
f 1778/1933/1035 1217/1938/1036 1212/1940/1037
f 1778/1933/1035 1212/1940/1037 1777/1929/638
f 1777/1929/638 1212/1940/1037 1209/1941/1033
f 1777/1929/638 1209/1941/1033 1180/1942/1033
f 1777/1929/638 1180/1942/1033 1176/1943/1038
f 1777/1929/638 1176/1943/1038 1781/1944/1039
f 1781/1944/1039 1176/1943/1038 1174/1945/1040
f 1781/1944/1039 1174/1945/1040 1175/1946/1041
f 1777/1929/638 1781/1944/1039 1449/1592/852
f 1781/1944/1039 1175/1946/1041 1782/1947/637
f 1781/1944/1039 1782/1947/637 1449/1592/852
f 1782/1947/637 1175/1946/1041 1178/1948/1042
f 1782/1947/637 1178/1948/1042 1182/1949/1043
f 1782/1947/637 1182/1949/1043 1783/1950/767
f 1783/1950/767 1182/1949/1043 1185/1951/1044
f 1783/1950/767 1185/1951/1044 1784/1952/1044
f 1784/1952/1044 1185/1951/1044 1188/1953/642
f 1784/1952/1044 1188/1953/642 1785/1954/642
f 1784/1952/1044 1785/1954/642 431/1955/1044
f 1784/1952/1044 431/1955/1044 1783/1950/767
f 431/1955/1044 1785/1954/642 427/1956/642
f 1783/1950/767 431/1955/1044 432/1957/1043
f 1783/1950/767 432/1957/1043 1782/1947/637
f 1782/1947/637 432/1957/1043 434/1958/1042
f 1782/1947/637 434/1958/1042 436/1959/1045
f 1782/1947/637 436/1959/1045 1467/1610/287
f 1467/1610/287 436/1959/1045 1786/1960/1041
f 1467/1610/287 1786/1960/1041 1787/1961/1046
f 1782/1947/637 1467/1610/287 1461/1604/852
f 1467/1610/287 1787/1961/1046 1468/1611/855
f 1468/1611/855 1787/1961/1046 1788/1962/1047
f 1468/1611/855 1788/1962/1047 1789/1963/1048
f 1468/1611/855 1789/1963/1048 1790/1964/1049
f 1782/1947/637 1461/1604/852 1449/1592/852
f 1468/1611/855 1790/1964/1049 1791/1965/1050
f 1791/1965/1050 1790/1964/1049 1792/1966/1051
f 1793/1967/1052 1792/1966/1051 1794/1968/1053
f 1792/1966/1051 1793/1967/1052 1795/1969/1054
f 1792/1966/1051 1795/1969/1054 1791/1965/1050
f 1795/1969/1054 1793/1967/1052 1796/1970/350
f 1795/1969/1054 1796/1970/350 1797/1971/1055
f 1795/1969/1054 1797/1971/1055 1791/1965/1050
f 1791/1965/1050 1797/1971/1055 1798/1972/1056
f 1791/1965/1050 1798/1972/1056 1468/1611/855
f 1468/1611/855 1798/1972/1056 1799/1973/1057
f 1468/1611/855 1799/1973/1057 1800/1974/1057
f 1468/1611/855 1800/1974/1057 1801/1975/1058
f 1468/1611/855 1801/1975/1058 1802/1976/1059
f 1802/1976/1059 1801/1975/1058 1803/1977/1058
f 1802/1976/1059 1803/1977/1058 1804/1978/1060
f 1802/1976/1059 1804/1978/1060 1805/1979/1061
f 1805/1979/1061 1804/1978/1060 1806/1980/1062
f 1805/1979/1061 1806/1980/1062 1807/1981/1062
f 1805/1979/1061 1807/1981/1062 1808/1982/1063
f 1468/1611/855 1802/1976/1059 1466/1609/851
f 1805/1979/1061 1808/1982/1063 1809/1983/290
f 1809/1983/290 1808/1982/1063 1810/1984/1064
f 1809/1983/290 1810/1984/1064 1811/1985/1065
f 1811/1985/1065 1810/1984/1064 1812/1986/1066
f 1811/1985/1065 1812/1986/1066 1813/1987/1067
f 1809/1983/290 1811/1985/1065 1814/1988/1068
f 1809/1983/290 1814/1988/1068 1805/1979/1061
f 1811/1985/1065 1813/1987/1067 1815/1989/1069
f 1811/1985/1065 1815/1989/1069 1814/1988/1068
f 1815/1989/1069 1813/1987/1067 1816/1990/1070
f 1805/1979/1061 1814/1988/1068 1817/1991/1071
f 1805/1979/1061 1817/1991/1071 1818/1992/1072
f 1805/1979/1061 1818/1992/1072 1819/1993/1073
f 1819/1993/1073 1818/1992/1072 1820/1994/1074
f 1819/1993/1073 1820/1994/1074 1821/1995/1075
f 1805/1979/1061 1819/1993/1073 1822/1996/1076
f 1805/1979/1061 1822/1996/1076 1802/1976/1059
f 1819/1993/1073 1821/1995/1075 1823/1997/1077
f 1823/1997/1077 1821/1995/1075 1824/1998/1078
f 1823/1997/1077 1824/1998/1078 1825/1999/1079
f 1823/1997/1077 1825/1999/1079 1826/2000/1080
f 1823/1997/1077 1826/2000/1080 1827/2001/1081
f 1823/1997/1077 1827/2001/1081 1335/1460/1082
f 1335/1460/1082 1827/2001/1081 1338/1463/1083
f 1338/1463/1083 1827/2001/1081 1828/2002/1084
f 1823/1997/1077 1335/1460/1082 1333/1458/1085
f 1338/1463/1083 1828/2002/1084 1341/1466/1084
f 1341/1466/1084 1828/2002/1084 1342/1467/1086
f 1342/1467/1086 1828/2002/1084 1829/2003/1086
f 1823/1997/1077 1333/1458/1085 1830/2004/522
f 1823/1997/1077 1830/2004/522 1819/1993/1073
f 1830/2004/522 1333/1458/1085 1330/1455/850
f 1819/1993/1073 1830/2004/522 1831/2005/1087
f 1830/2004/522 1330/1455/850 1832/2006/850
f 1830/2004/522 1832/2006/850 1831/2005/1087
f 1832/2006/850 1330/1455/850 1327/1452/850
f 1832/2006/850 1327/1452/850 1321/1446/853
f 1321/1446/853 1327/1452/850 1324/1449/850
f 1832/2006/850 1321/1446/853 1833/2007/850
f 1832/2006/850 1833/2007/850 1831/2005/1087
f 1833/2007/850 1321/1446/853 1318/1443/853
f 1819/1993/1073 1831/2005/1087 1822/1996/1076
f 1822/1996/1076 1831/2005/1087 1833/2007/850
f 1833/2007/850 1318/1443/853 1834/2008/850
f 1833/2007/850 1834/2008/850 1822/1996/1076
f 1834/2008/850 1318/1443/853 1315/1440/853
f 1834/2008/850 1315/1440/853 1835/2009/1088
f 1835/2009/1088 1315/1440/853 1311/1436/850
f 1822/1996/1076 1834/2008/850 1464/1607/850
f 1464/1607/850 1834/2008/850 1835/2009/1088
f 1802/1976/1059 1822/1996/1076 1466/1609/851
f 1466/1609/851 1822/1996/1076 1464/1607/850
f 1835/2009/1088 1311/1436/850 1836/2010/963
f 1836/2010/963 1311/1436/850 1309/1434/850
f 1302/1428/1089 1309/1434/850 1305/1430/850
f 1309/1434/850 1302/1428/1089 1836/2010/963
f 1836/2010/963 1302/1428/1089 1837/2011/433
f 1837/2011/433 1302/1428/1089 1299/1425/433
f 1466/1609/851 1464/1607/850 1462/1605/850
f 1837/2011/433 1299/1425/433 1838/2012/435
f 1838/2012/435 1299/1425/433 1297/1423/1090
f 1838/2012/435 1297/1423/1090 1839/2013/1091
f 1839/2013/1091 1297/1423/1090 1295/1421/1091
f 1839/2013/1091 1295/1421/1091 846/1420/551
f 1839/2013/1091 846/1420/551 847/2014/551
f 1839/2013/1091 847/2014/551 966/2015/1091
f 1839/2013/1091 966/2015/1091 1838/2012/435
f 966/2015/1091 847/2014/551 848/2016/551
f 1838/2012/435 966/2015/1091 963/2017/1092
f 1838/2012/435 963/2017/1092 1837/2011/433
f 1837/2011/433 963/2017/1092 960/2018/1093
f 1837/2011/433 960/2018/1093 957/2019/1093
f 1837/2011/433 957/2019/1093 954/2020/1094
f 1837/2011/433 954/2020/1094 1840/2021/433
f 1840/2021/433 954/2020/1094 952/2022/1094
f 1837/2011/433 1840/2021/433 1836/2010/963
f 1840/2021/433 952/2022/1094 950/2023/1094
f 1836/2010/963 1840/2021/433 1841/2024/934
f 1841/2024/934 1840/2021/433 950/2023/1094
f 1841/2024/934 950/2023/1094 948/2025/1093
f 1841/2024/934 948/2025/1093 946/2026/1093
f 1841/2024/934 946/2026/1093 944/2027/1095
f 1836/2010/963 1841/2024/934 1835/2009/1088
f 1841/2024/934 944/2027/1095 1842/2028/435
f 1842/2028/435 944/2027/1095 942/2029/1091
f 1842/2028/435 942/2029/1091 1843/2030/1091
f 1843/2030/1091 942/2029/1091 842/2031/551
f 1843/2030/1091 842/2031/551 843/2032/551
f 1843/2030/1091 843/2032/551 841/2033/551
f 1843/2030/1091 841/2033/551 1012/2034/1091
f 1843/2030/1091 1012/2034/1091 1842/2028/435
f 1842/2028/435 1012/2034/1091 1007/2035/1092
f 1842/2028/435 1007/2035/1092 1841/2024/934
f 1841/2024/934 1007/2035/1092 1003/2036/1094
f 1841/2024/934 1003/2036/1094 999/2037/1094
f 1841/2024/934 999/2037/1094 995/2038/434
f 1841/2024/934 995/2038/434 1844/2039/433
f 1841/2024/934 1844/2039/433 1835/2009/1088
f 1844/2039/433 995/2038/434 992/2040/434
f 1844/2039/433 992/2040/434 988/2041/434
f 1844/2039/433 988/2041/434 1845/2042/1096
f 1844/2039/433 1845/2042/1096 1835/2009/1088
f 1845/2042/1096 988/2041/434 984/2043/434
f 1845/2042/1096 984/2043/434 980/2044/1093
f 1845/2042/1096 980/2044/1093 976/2045/1097
f 1835/2009/1088 1845/2042/1096 1846/2046/854
f 1835/2009/1088 1846/2046/854 1464/1607/850
f 1845/2042/1096 976/2045/1097 1847/2047/1098
f 1847/2047/1098 976/2045/1097 973/2048/1099
f 1464/1607/850 1846/2046/854 1463/1606/854
f 1847/2047/1098 973/2048/1099 1848/2049/436
f 1848/2049/436 973/2048/1099 815/2050/438
f 1848/2049/436 815/2050/438 816/2051/438
f 1848/2049/436 816/2051/438 649/2052/436
f 1848/2049/436 649/2052/436 1847/2047/1098
f 649/2052/436 816/2051/438 645/2053/438
f 1847/2047/1098 649/2052/436 642/2054/1100
f 1847/2047/1098 642/2054/1100 1845/2042/1096
f 1845/2042/1096 642/2054/1100 635/2055/1093
f 1845/2042/1096 635/2055/1093 632/2056/1093
f 1845/2042/1096 632/2056/1093 629/2057/1093
f 1845/2042/1096 629/2057/1093 1849/2058/1096
f 1845/2042/1096 1849/2058/1096 1846/2046/854
f 1849/2058/1096 629/2057/1093 626/2059/1093
f 1849/2058/1096 626/2059/1093 624/2060/1093
f 1846/2046/854 1849/2058/1096 1850/2061/1096
f 1850/2061/1096 1849/2058/1096 624/2060/1093
f 1850/2061/1096 624/2060/1093 622/2062/1093
f 1850/2061/1096 622/2062/1093 620/2063/1093
f 1850/2061/1096 620/2063/1093 618/2064/1097
f 1846/2046/854 1850/2061/1096 1463/1606/854
f 1850/2061/1096 618/2064/1097 1851/2065/1098
f 1851/2065/1098 618/2064/1097 616/2066/436
f 1851/2065/1098 616/2066/436 1852/2067/436
f 1852/2067/436 616/2066/436 612/2068/438
f 1852/2067/436 612/2068/438 1853/2069/438
f 1852/2067/436 1853/2069/438 592/2070/436
f 1852/2067/436 592/2070/436 1851/2065/1098
f 592/2070/436 1853/2069/438 588/2071/438
f 1851/2065/1098 592/2070/436 585/2072/1100
f 1851/2065/1098 585/2072/1100 1850/2061/1096
f 1850/2061/1096 585/2072/1100 580/2073/1093
f 1850/2061/1096 580/2073/1093 575/2074/1093
f 1850/2061/1096 575/2074/1093 570/2075/1093
f 1850/2061/1096 570/2075/1093 1854/2076/1096
f 1854/2076/1096 570/2075/1093 565/2077/1093
f 1850/2061/1096 1854/2076/1096 1463/1606/854
f 1854/2076/1096 565/2077/1093 561/2078/1093
f 1854/2076/1096 561/2078/1093 1855/2079/1096
f 1854/2076/1096 1855/2079/1096 1463/1606/854
f 1855/2079/1096 561/2078/1093 554/2080/1093
f 1855/2079/1096 554/2080/1093 551/2081/1093
f 1855/2079/1096 551/2081/1093 549/2082/1101
f 1855/2079/1096 549/2082/1101 1856/2083/1098
f 1856/2083/1098 549/2082/1101 547/2084/436
f 1855/2079/1096 1856/2083/1098 676/2085/1092
f 1855/2079/1096 676/2085/1092 680/2086/1093
f 1855/2079/1096 680/2086/1093 685/2087/1093
f 1855/2079/1096 685/2087/1093 690/2088/1093
f 676/2085/1092 1856/2083/1098 1857/2089/436
f 1857/2089/436 1856/2083/1098 547/2084/436
f 1857/2089/436 547/2084/436 542/2090/438
f 676/2085/1092 1857/2089/436 675/2091/436
f 1857/2089/436 542/2090/438 1858/2092/438
f 1857/2089/436 1858/2092/438 675/2091/436
f 675/2091/436 1858/2092/438 671/2093/438
f 1855/2079/1096 690/2088/1093 1859/2094/1096
f 1859/2094/1096 690/2088/1093 695/2095/1102
f 1859/2094/1096 695/2095/1102 700/2096/1102
f 1855/2079/1096 1859/2094/1096 1860/2097/854
f 1859/2094/1096 700/2096/1102 1861/2098/1096
f 1859/2094/1096 1861/2098/1096 1860/2097/854
f 1861/2098/1096 700/2096/1102 705/2099/1102
f 1861/2098/1096 705/2099/1102 709/2100/1102
f 1855/2079/1096 1860/2097/854 1463/1606/854
f 1861/2098/1096 709/2100/1102 714/2101/1097
f 1463/1606/854 1860/2097/854 1460/1603/850
f 1861/2098/1096 714/2101/1097 1862/2102/1098
f 1862/2102/1098 714/2101/1097 719/2103/436
f 1862/2102/1098 719/2103/436 1863/2104/436
f 1863/2104/436 719/2103/436 722/2105/438
f 1863/2104/436 722/2105/438 1864/2106/438
f 1863/2104/436 1864/2106/438 781/2107/436
f 1863/2104/436 781/2107/436 1862/2102/1098
f 781/2107/436 1864/2106/438 777/2108/438
f 1862/2102/1098 781/2107/436 774/2109/1092
f 1862/2102/1098 774/2109/1092 1861/2098/1096
f 1861/2098/1096 774/2109/1092 769/2110/1093
f 1861/2098/1096 769/2110/1093 764/2111/1102
f 1861/2098/1096 764/2111/1102 759/2112/1102
f 1861/2098/1096 759/2112/1102 1865/2113/433
f 1865/2113/433 759/2112/1102 755/2114/1102
f 1861/2098/1096 1865/2113/433 1860/2097/854
f 1865/2113/433 755/2114/1102 750/2115/1102
f 1860/2097/854 1865/2113/433 1459/1602/854
f 1865/2113/433 750/2115/1102 1529/1675/433
f 1865/2113/433 1529/1675/433 1459/1602/854
f 1529/1675/433 750/2115/1102 745/2116/1102
f 1529/1675/433 745/2116/1102 740/2117/1102
f 1529/1675/433 740/2117/1102 735/2118/1100
f 1860/2097/854 1459/1602/854 1460/1603/850
f 1529/1675/433 735/2118/1100 1866/2119/435
f 1866/2119/435 735/2118/1100 731/2120/436
f 1529/1675/433 1866/2119/435 1867/2121/1103
f 1866/2119/435 731/2120/436 1868/2122/1091
f 1866/2119/435 1868/2122/1091 1867/2121/1103
f 1868/2122/1091 731/2120/436 728/2123/438
f 1868/2122/1091 728/2123/438 1869/2124/551
f 1868/2122/1091 1869/2124/551 1870/2125/1104
f 1868/2122/1091 1870/2125/1104 1867/2121/1103
f 1870/2125/1104 1869/2124/551 1871/2126/470
f 1870/2125/1104 1871/2126/470 1872/2127/1105
f 1870/2125/1104 1872/2127/1105 1867/2121/1103
f 1872/2127/1105 1871/2126/470 1873/2128/561
f 1872/2127/1105 1873/2128/561 1874/2129/1106
f 1874/2129/1106 1873/2128/561 1875/2130/475
f 1874/2129/1106 1875/2130/475 1876/2131/512
f 1872/2127/1105 1874/2129/1106 1877/2132/1107
f 1872/2127/1105 1877/2132/1107 1867/2121/1103
f 1874/2129/1106 1876/2131/512 1878/2133/1108
f 1867/2121/1103 1877/2132/1107 1879/2134/433
f 1867/2121/1103 1879/2134/433 1529/1675/433
f 1877/2132/1107 1874/2129/1106 1880/2135/1109
f 1880/2135/1109 1874/2129/1106 1878/2133/1108
f 1879/2134/433 1877/2132/1107 1881/2136/934
f 1881/2136/934 1877/2132/1107 1880/2135/1109
f 1529/1675/433 1879/2134/433 1530/1676/854
f 1530/1676/854 1879/2134/433 1881/2136/934
f 1882/2137/1108 1878/2133/1108 1876/2131/512
f 1882/2137/1108 1876/2131/512 1883/2138/512
f 1880/2135/1109 1878/2133/1108 1884/2139/1109
f 1884/2139/1109 1878/2133/1108 1882/2137/1108
f 1881/2136/934 1880/2135/1109 1885/2140/934
f 1885/2140/934 1880/2135/1109 1884/2139/1109
f 1881/2136/934 1885/2140/934 1539/1685/420
f 1881/2136/934 1539/1685/420 1530/1676/854
f 1882/2137/1108 1883/2138/512 1886/2141/1110
f 1886/2141/1110 1883/2138/512 1240/2142/676
f 1884/2139/1109 1882/2137/1108 1887/2143/1111
f 1887/2143/1111 1882/2137/1108 1886/2141/1110
f 1885/2140/934 1884/2139/1109 1547/1693/934
f 1547/1693/934 1884/2139/1109 1887/2143/1111
f 1886/2141/1110 1240/2142/676 1888/2144/1112
f 1885/2140/934 1547/1693/934 1543/1689/420
f 1885/2140/934 1543/1689/420 1539/1685/420
f 1888/2144/1112 1240/2142/676 1243/2145/511
f 906/2146/1112 1243/2145/511 907/2147/511
f 1243/2145/511 906/2146/1112 1888/2144/1112
f 1888/2144/1112 906/2146/1112 901/2148/1113
f 1886/2141/1110 1888/2144/1112 1889/2149/1111
f 1886/2141/1110 1889/2149/1111 1887/2143/1111
f 1888/2144/1112 901/2148/1113 1890/2150/1114
f 1888/2144/1112 1890/2150/1114 1889/2149/1111
f 1890/2150/1114 901/2148/1113 1891/2151/1115
f 1891/2151/1115 901/2148/1113 896/2152/1116
f 1891/2151/1115 896/2152/1116 891/2153/1116
f 1891/2151/1115 891/2153/1116 886/2154/1117
f 1891/2151/1115 886/2154/1117 881/2155/1118
f 1892/2156/934 1887/2143/1111 1889/2149/1111
f 1887/2143/1111 1892/2156/934 1547/1693/934
f 1893/2157/1119 1889/2149/1111 1890/2150/1114
f 1889/2149/1111 1893/2157/1119 1892/2156/934
f 1893/2157/1119 1890/2150/1114 1891/2151/1115
f 1547/1693/934 1892/2156/934 1546/1692/933
f 1892/2156/934 1893/2157/1119 1552/1698/933
f 1892/2156/934 1552/1698/933 1546/1692/933
f 1893/2157/1119 1891/2151/1115 1557/1703/933
f 1893/2157/1119 1557/1703/933 1552/1698/933
f 1894/2158/1120 1891/2151/1115 881/2155/1118
f 1894/2158/1120 881/2155/1118 877/2159/1121
f 1894/2158/1120 877/2159/1121 872/2160/1122
f 1891/2151/1115 1894/2158/1120 1895/2161/1123
f 1891/2151/1115 1895/2161/1123 1557/1703/933
f 1894/2158/1120 872/2160/1122 1896/2162/1119
f 1896/2162/1119 872/2160/1122 867/2163/1117
f 1896/2162/1119 867/2163/1117 862/2164/1117
f 1896/2162/1119 862/2164/1117 854/2165/1124
f 1895/2161/1123 1894/2158/1120 1897/2166/1123
f 1897/2166/1123 1894/2158/1120 1896/2162/1119
f 1895/2161/1123 1897/2166/1123 1898/2167/635
f 1898/2167/635 1897/2166/1123 1157/1247/635
f 1898/2167/635 1157/1247/635 1152/1242/636
f 1157/1247/635 1897/2166/1123 1149/1239/635
f 1898/2167/635 1152/1242/636 1563/1709/850
f 1898/2167/635 1563/1709/850 1895/2161/1123
f 1895/2161/1123 1563/1709/850 1557/1703/933
f 1563/1709/850 1152/1242/636 1161/1252/636
f 1149/1239/635 1897/2166/1123 1899/2168/933
f 1899/2168/933 1897/2166/1123 1896/2162/1119
f 1149/1239/635 1899/2168/933 1900/2169/635
f 1900/2169/635 1899/2168/933 1901/2170/955
f 1149/1239/635 1900/2169/635 1902/2171/850
f 1901/2170/955 1899/2168/933 1229/1323/934
f 1149/1239/635 1902/2171/850 1903/2172/850
f 1903/2172/850 1902/2171/850 1904/2173/850
f 1149/1239/635 1903/2172/850 1151/1241/4
f 1903/2172/850 1904/2173/850 1905/2174/850
f 1151/1241/4 1903/2172/850 1906/2175/850
f 1903/2172/850 1905/2174/850 1907/2176/850
f 1906/2175/850 1903/2172/850 1908/2177/850
f 1903/2172/850 1907/2176/850 1909/2178/850
f 1903/2172/850 1909/2178/850 1908/2177/850
f 1125/2179/1125 1123/2180/1125 1229/1323/934
f 1125/2179/1125 1229/1323/934 1127/2181/1125
f 1229/1323/934 1123/2180/1125 1121/2182/1090
f 1229/1323/934 1121/2182/1090 1231/1325/1126
f 1231/1325/1126 1121/2182/1090 1119/2183/436
f 1231/1325/1126 1119/2183/436 1234/1328/437
f 1234/1328/437 1119/2183/436 1115/2184/438
f 1234/1328/437 1115/2184/438 1235/1329/438
f 1127/2181/1125 1229/1323/934 1910/2185/934
f 1127/2181/1125 1910/2185/934 1129/2186/1127
f 1910/2185/934 1229/1323/934 1899/2168/933
f 1129/2186/1127 1910/2185/934 1131/2187/1127
f 1910/2185/934 1899/2168/933 1896/2162/1119
f 1910/2185/934 1896/2162/1119 1131/2187/1127
f 1131/2187/1127 1896/2162/1119 1134/2188/1125
f 1134/2188/1125 1896/2162/1119 1137/2189/1127
f 1137/2189/1127 1896/2162/1119 1140/2190/1124
f 1140/2190/1124 1896/2162/1119 1911/2191/1128
f 1911/2191/1128 1896/2162/1119 854/2165/1124
f 1140/2190/1124 1911/2191/1128 1143/2192/1108
f 1911/2191/1128 854/2165/1124 849/2193/1129
f 1911/2191/1128 849/2193/1129 1912/2194/1110
f 1911/2191/1128 1912/2194/1110 1143/2192/1108
f 1912/2194/1110 849/2193/1129 851/2195/512
f 1912/2194/1110 851/2195/512 1256/2196/512
f 1912/2194/1110 1256/2196/512 1143/2192/1108
f 1143/2192/1108 1256/2196/512 1144/2197/512
f 1913/2198/591 1031/1121/515 1030/1120/592
f 1031/1121/515 1913/2198/591 1166/2199/351
f 1166/2199/351 1913/2198/591 1087/2200/525
f 1087/2200/525 1913/2198/591 1086/2201/571
f 1914/2202/582 1033/1123/578 1028/1118/578
f 1914/2202/582 1028/1118/578 1029/1119/582
f 1913/2198/591 1030/1120/592 1915/2203/593
f 1915/2203/593 1030/1120/592 1032/1122/593
f 1086/2201/571 1913/2198/591 1916/2204/575
f 1916/2204/575 1913/2198/591 1915/2203/593
f 1086/2201/571 1916/2204/575 1083/2205/1130
f 1915/2203/593 1032/1122/593 1917/2206/578
f 1917/2206/578 1032/1122/593 1033/1123/578
f 1916/2204/575 1915/2203/593 1918/2207/578
f 1918/2207/578 1915/2203/593 1917/2206/578
f 1083/2205/1130 1916/2204/575 1919/2208/578
f 1919/2208/578 1916/2204/575 1918/2207/578
f 1083/2205/1130 1919/2208/578 1041/2209/1131
f 1041/2209/1131 1919/2208/578 1038/2210/1131
f 1038/2210/1131 1919/2208/578 1037/2211/1131
f 1037/2211/1131 1919/2208/578 1920/2212/578
f 1037/2211/1131 1920/2212/578 1039/2213/1131
f 1039/2213/1131 1920/2212/578 1043/2214/1131
f 1043/2214/1131 1920/2212/578 1921/2215/578
f 1043/2214/1131 1921/2215/578 1046/2216/1131
f 1046/2216/1131 1921/2215/578 1048/2217/1131
f 1048/2217/1131 1921/2215/578 1051/2218/1132
f 1920/2212/578 1919/2208/578 1922/2219/582
f 1923/2220/582 1919/2208/578 1918/2207/578
f 1919/2208/578 1923/2220/582 1922/2219/582
f 1923/2220/582 1918/2207/578 1924/2221/582
f 1924/2221/582 1918/2207/578 1917/2206/578
f 1720/1866/699 1724/1870/699 1923/2220/582
f 1923/2220/582 1724/1870/699 1728/1874/699
f 1720/1866/699 1923/2220/582 1716/1862/699
f 1923/2220/582 1728/1874/699 1922/2219/582
f 1716/1862/699 1923/2220/582 1924/2221/582
f 1922/2219/582 1728/1874/699 1732/1878/699
f 1716/1862/699 1924/2221/582 1712/1858/699
f 1712/1858/699 1924/2221/582 1708/1854/699
f 1708/1854/699 1924/2221/582 1704/1850/699
f 1922/2219/582 1732/1878/699 1736/1882/699
f 1922/2219/582 1736/1882/699 1740/1886/699
f 1922/2219/582 1740/1886/699 1744/1890/699
f 1922/2219/582 1744/1890/699 1748/1894/700
f 1704/1850/699 1924/2221/582 1925/2222/582
f 1925/2222/582 1924/2221/582 1917/2206/578
f 1704/1850/699 1925/2222/582 1700/1846/699
f 1925/2222/582 1917/2206/578 1033/1123/578
f 1700/1846/699 1925/2222/582 1696/1842/588
f 1696/1842/588 1925/2222/582 1692/1838/588
f 1692/1838/588 1925/2222/582 1688/1834/588
f 1925/2222/582 1033/1123/578 1914/2202/582
f 1925/2222/582 1914/2202/582 1688/1834/588
f 1688/1834/588 1914/2202/582 1684/1830/698
f 1684/1830/698 1914/2202/582 1680/1826/698
f 1680/1826/698 1914/2202/582 1676/1822/698
f 1676/1822/698 1914/2202/582 1672/1818/698
f 1672/1818/698 1914/2202/582 1029/1119/582
f 1672/1818/698 1029/1119/582 1668/1814/588
f 1668/1814/588 1029/1119/582 1664/1810/588
f 1664/1810/588 1029/1119/582 1659/1805/588
f 1659/1805/588 1029/1119/582 1653/1799/588
f 1653/1799/588 1029/1119/582 1656/1802/588
f 1656/1802/588 1029/1119/582 1926/2223/698
f 1656/1802/588 1926/2223/698 1657/1803/698
f 1657/1803/698 1926/2223/698 1662/1808/698
f 1926/2223/698 1029/1119/582 1024/1114/582
f 1662/1808/698 1926/2223/698 1666/1812/698
f 1666/1812/698 1926/2223/698 1927/2224/543
f 1666/1812/698 1927/2224/543 1670/1816/698
f 1670/1816/698 1927/2224/543 1674/1820/698
f 1674/1820/698 1927/2224/543 1678/1824/698
f 1678/1824/698 1927/2224/543 1682/1828/698
f 1682/1828/698 1927/2224/543 1686/1832/698
f 1926/2223/698 1024/1114/582 1928/2225/698
f 1928/2225/698 1024/1114/582 1929/2226/589
f 1929/2226/589 1024/1114/582 923/984/582
f 1929/2226/589 923/984/582 1014/1101/589
f 1928/2225/698 1929/2226/589 1252/1357/690
f 1252/1357/690 1929/2226/589 1014/1101/589
f 1926/2223/698 1928/2225/698 1930/2227/690
f 1926/2223/698 1930/2227/690 1927/2224/543
f 1930/2227/690 1928/2225/698 1252/1357/690
f 1931/2228/543 1686/1832/698 1927/2224/543
f 1686/1832/698 1931/2228/543 1690/1836/698
f 1690/1836/698 1931/2228/543 1694/1840/698
f 1694/1840/698 1931/2228/543 1698/1844/698
f 1698/1844/698 1931/2228/543 1702/1848/698
f 1930/2227/690 1252/1357/690 1250/1351/688
f 1930/2227/690 1249/1346/684 1927/2224/543
f 1249/1346/684 1930/2227/690 1250/1351/688
f 1931/2228/543 1927/2224/543 1247/1344/683
f 1247/1344/683 1927/2224/543 1249/1346/684
f 1702/1848/698 1931/2228/543 1932/2229/1008
f 1702/1848/698 1932/2229/1008 1706/1852/698
f 1706/1852/698 1932/2229/1008 1710/1856/698
f 1710/1856/698 1932/2229/1008 1714/1860/52
f 1714/1860/52 1932/2229/1008 1718/1864/52
f 1931/2228/543 1247/1344/683 1246/1343/682
f 1931/2228/543 1246/1343/682 1932/2229/1008
f 1718/1864/52 1932/2229/1008 1933/2230/1008
f 1718/1864/52 1933/2230/1008 1722/1868/52
f 1722/1868/52 1933/2230/1008 1726/1872/52
f 1933/2230/1008 1932/2229/1008 1934/2231/682
f 1934/2231/682 1932/2229/1008 1246/1343/682
f 1726/1872/52 1933/2230/1008 1935/2232/1008
f 1726/1872/52 1935/2232/1008 1730/1876/52
f 1730/1876/52 1935/2232/1008 1734/1880/52
f 1734/1880/52 1935/2232/1008 1738/1884/52
f 1935/2232/1008 1933/2230/1008 1936/2233/682
f 1936/2233/682 1933/2230/1008 1934/2231/682
f 1738/1884/52 1935/2232/1008 1937/2234/1003
f 1738/1884/52 1937/2234/1003 1742/1888/52
f 1742/1888/52 1937/2234/1003 1746/1892/52
f 1746/1892/52 1937/2234/1003 1752/1898/52
f 1752/1898/52 1937/2234/1003 1758/1904/1133
f 1935/2232/1008 1936/2233/682 1938/2235/682
f 1935/2232/1008 1938/2235/682 1937/2234/1003
f 1938/2235/682 1936/2233/682 1939/2236/1134
f 1758/1904/1133 1937/2234/1003 1940/2237/1003
f 1758/1904/1133 1940/2237/1003 1764/1910/1133
f 1764/1910/1133 1940/2237/1003 1770/1916/1133
f 1770/1916/1133 1940/2237/1003 1774/1920/1133
f 1774/1920/1133 1940/2237/1003 1772/1918/1133
f 1937/2234/1003 1938/2235/682 1941/2238/542
f 1937/2234/1003 1941/2238/542 1942/2239/542
f 1937/2234/1003 1942/2239/542 1940/2237/1003
f 1941/2238/542 1938/2235/682 1943/2240/1135
f 1943/2240/1135 1938/2235/682 1939/2236/1134
f 1941/2238/542 1943/2240/1135 1944/2241/1136
f 1941/2238/542 1944/2241/1136 1942/2239/542
f 1943/2240/1135 1939/2236/1134 1945/2242/1137
f 1946/2243/1134 1939/2236/1134 1936/2233/682
f 1946/2243/1134 1936/2233/682 1934/2231/682
f 1939/2236/1134 1946/2243/1134 1947/2244/691
f 1939/2236/1134 1947/2244/691 1945/2242/1137
f 1946/2243/1134 1934/2231/682 1245/1342/681
f 1245/1342/681 1934/2231/682 1246/1343/682
f 1947/2244/691 1946/2243/1134 1948/2245/691
f 1948/2245/691 1946/2243/1134 1245/1342/681
f 1947/2244/691 1948/2245/691 1876/2246/512
f 1947/2244/691 1876/2246/512 1945/2242/1137
f 1945/2242/1137 1876/2246/512 1875/2247/475
f 1876/2246/512 1948/2245/691 1883/2248/512
f 1945/2242/1137 1875/2247/475 1873/2249/561
f 1883/2248/512 1948/2245/691 1241/1335/677
f 1241/1335/677 1948/2245/691 1245/1342/681
f 1883/2248/512 1241/1335/677 1240/1334/676
f 1945/2242/1137 1873/2249/561 1949/2250/1138
f 1945/2242/1137 1949/2250/1138 1943/2240/1135
f 1949/2250/1138 1873/2249/561 1871/2251/470
f 1943/2240/1135 1949/2250/1138 1944/2241/1136
f 1949/2250/1138 1871/2251/470 1950/2252/1139
f 1949/2250/1138 1950/2252/1139 1944/2241/1136
f 1950/2252/1139 1871/2251/470 1869/2253/551
f 1950/2252/1139 1869/2253/551 1951/2254/549
f 1950/2252/1139 1951/2254/549 1944/2241/1136
f 1951/2254/549 1869/2253/551 728/2255/438
f 1951/2254/549 728/2255/438 729/2256/541
f 1944/2241/1136 1951/2254/549 1952/2257/548
f 1952/2257/548 1951/2254/549 729/2256/541
f 1952/2257/548 729/2256/541 733/2258/540
f 1944/2241/1136 1952/2257/548 1942/2239/542
f 1942/2239/542 1952/2257/548 733/2258/540
f 1942/2239/542 733/2258/540 738/2259/533
f 1942/2239/542 738/2259/533 743/2260/533
f 1942/2239/542 743/2260/533 748/2261/533
f 1942/2239/542 748/2261/533 1953/2262/534
f 1953/2262/534 748/2261/533 752/2263/533
f 1953/2262/534 752/2263/533 757/2264/533
f 1942/2239/542 1953/2262/534 1940/2237/1003
f 1953/2262/534 757/2264/533 1954/2265/534
f 1954/2265/534 757/2264/533 762/2266/533
f 1954/2265/534 762/2266/533 767/2267/535
f 1954/2265/534 767/2267/535 772/2268/546
f 1940/2237/1003 1953/2262/534 1955/2269/1003
f 1955/2269/1003 1953/2262/534 1954/2265/534
f 1954/2265/534 772/2268/546 1956/2270/538
f 1956/2270/538 772/2268/546 776/2271/541
f 1864/2272/438 776/2271/541 777/2273/438
f 776/2271/541 1864/2272/438 1957/2274/541
f 776/2271/541 1957/2274/541 1956/2270/538
f 1957/2274/541 1864/2272/438 722/2275/438
f 1957/2274/541 722/2275/438 717/2276/541
f 1957/2274/541 717/2276/541 1956/2270/538
f 1956/2270/538 717/2276/541 712/2277/540
f 1956/2270/538 712/2277/540 1954/2265/534
f 1954/2265/534 712/2277/540 707/2278/533
f 1954/2265/534 707/2278/533 703/2279/533
f 1954/2265/534 703/2279/533 698/2280/533
f 1954/2265/534 698/2280/533 1958/2281/534
f 1958/2281/534 698/2280/533 693/2282/533
f 1954/2265/534 1958/2281/534 1955/2269/1003
f 1958/2281/534 693/2282/533 688/2283/533
f 1958/2281/534 688/2283/533 1959/2284/534
f 1958/2281/534 1959/2284/534 1955/2269/1003
f 1959/2284/534 688/2283/533 683/2285/535
f 1959/2284/534 683/2285/535 678/2286/535
f 1959/2284/534 678/2286/535 673/2287/546
f 556/2288/535 1959/2284/534 544/2289/535
f 544/2289/535 1959/2284/534 539/2290/1140
f 1959/2284/534 556/2288/535 559/2291/535
f 539/2290/1140 1959/2284/534 1960/2292/538
f 1960/2292/538 1959/2284/534 673/2287/546
f 539/2290/1140 1960/2292/538 540/2293/541
f 1960/2292/538 673/2287/546 1961/2294/541
f 1960/2292/538 1961/2294/541 540/2293/541
f 540/2293/541 1961/2294/541 542/2295/438
f 1961/2294/541 673/2287/546 672/2296/541
f 542/2295/438 1961/2294/541 1858/2297/438
f 1858/2297/438 1961/2294/541 672/2296/541
f 1858/2297/438 672/2296/541 671/2298/438
f 1962/2299/534 1959/2284/534 559/2291/535
f 1962/2299/534 559/2291/535 563/2300/535
f 1962/2299/534 563/2300/535 568/2301/535
f 1959/2284/534 1962/2299/534 1963/2302/1003
f 1962/2299/534 568/2301/535 1964/2303/534
f 1962/2299/534 1964/2303/534 1963/2302/1003
f 1964/2303/534 568/2301/535 573/2304/535
f 1964/2303/534 573/2304/535 578/2305/535
f 1959/2284/534 1963/2302/1003 1955/2269/1003
f 1964/2303/534 578/2305/535 583/2306/540
f 1955/2269/1003 1963/2302/1003 1965/2307/700
f 1955/2269/1003 1965/2307/700 1940/2237/1003
f 1940/2237/1003 1965/2307/700 1966/2308/700
f 1940/2237/1003 1966/2308/700 1772/1918/1133
f 1772/1918/1133 1966/2308/700 1768/1914/1133
f 1768/1914/1133 1966/2308/700 1766/1912/700
f 1766/1912/700 1966/2308/700 1762/1908/700
f 1762/1908/700 1966/2308/700 1760/1906/700
f 1760/1906/700 1966/2308/700 1967/2309/582
f 1760/1906/700 1967/2309/582 1756/1902/700
f 1756/1902/700 1967/2309/582 1754/1900/700
f 1754/1900/700 1967/2309/582 1750/1896/700
f 1750/1896/700 1967/2309/582 1748/1894/700
f 1748/1894/700 1967/2309/582 1922/2219/582
f 1922/2219/582 1967/2309/582 1920/2212/578
f 1968/2310/582 1966/2308/700 1965/2307/700
f 1966/2308/700 1968/2310/582 1967/2309/582
f 1920/2212/578 1967/2309/582 1921/2215/578
f 1968/2310/582 1965/2307/700 1969/2311/699
f 1969/2311/699 1965/2307/700 1963/2302/1003
f 1967/2309/582 1968/2310/582 1970/2312/590
f 1969/2311/699 1963/2302/1003 1971/2313/699
f 1921/2215/578 1967/2309/582 1972/2314/579
f 1972/2314/579 1967/2309/582 1970/2312/590
f 1968/2310/582 1969/2311/699 1973/2315/580
f 1968/2310/582 1973/2315/580 1974/2316/228
f 1968/2310/582 1974/2316/228 1970/2312/590
f 1973/2315/580 1969/2311/699 1975/2317/1141
f 1975/2317/1141 1969/2311/699 1971/2313/699
f 1973/2315/580 1975/2317/1141 1976/2318/1142
f 1973/2315/580 1976/2318/1142 1974/2316/228
f 1972/2314/579 1970/2312/590 1198/2319/1143
f 1972/2314/579 1198/2319/1143 1200/2320/1144
f 1972/2314/579 1200/2320/1144 1202/2321/1145
f 1972/2314/579 1202/2321/1145 1921/2215/578
f 1198/2319/1143 1970/2312/590 1196/2322/1146
f 1921/2215/578 1202/2321/1145 1204/2323/1131
f 1921/2215/578 1204/2323/1131 1207/2324/1131
f 1921/2215/578 1207/2324/1131 1214/2325/1147
f 1196/2322/1146 1970/2312/590 1194/2326/1148
f 1921/2215/578 1214/2325/1147 1977/2327/1149
f 1921/2215/578 1977/2327/1149 1051/2218/1132
f 1977/2327/1149 1214/2325/1147 1221/2328/572
f 1051/2218/1132 1977/2327/1149 1056/2329/572
f 1056/2329/572 1977/2327/1149 1978/2330/572
f 1978/2330/572 1977/2327/1149 1221/2328/572
f 1056/2329/572 1978/2330/572 1072/2331/114
f 1072/2331/114 1978/2330/572 1780/2332/114
f 1780/2332/114 1978/2330/572 1221/2328/572
f 1780/2332/114 1221/2328/572 1218/2333/114
f 1979/2334/832 1194/2326/1148 1970/2312/590
f 1194/2326/1148 1979/2334/832 1192/2335/1150
f 1979/2334/832 1970/2312/590 422/2336/1148
f 422/2336/1148 1970/2312/590 419/2337/1146
f 419/2337/1146 1970/2312/590 417/2338/1151
f 1979/2334/832 422/2336/1148 426/2339/1150
f 417/2338/1151 1970/2312/590 1974/2316/228
f 417/2338/1151 1974/2316/228 413/2340/1143
f 413/2340/1143 1974/2316/228 408/2341/1152
f 408/2341/1152 1974/2316/228 1976/2318/1142
f 408/2341/1152 1976/2318/1142 402/2342/1146
f 402/2342/1146 1976/2318/1142 403/2343/1153
f 403/2343/1153 1976/2318/1142 406/2344/1154
f 1979/2334/832 426/2339/1150 1980/2345/1150
f 1979/2334/832 1980/2345/1150 1192/2335/1150
f 1192/2335/1150 1980/2345/1150 1188/2346/642
f 1188/2346/642 1980/2345/1150 1785/2347/642
f 1785/2347/642 1980/2345/1150 426/2339/1150
f 1785/2347/642 426/2339/1150 427/2348/642
f 406/2344/1154 1976/2318/1142 1981/2349/1155
f 406/2344/1154 1981/2349/1155 411/2350/1156
f 1793/2351/1052 1794/2352/1053 411/2350/1156
f 1793/2351/1052 411/2350/1156 1982/2353/1157
f 1982/2353/1157 411/2350/1156 1981/2349/1155
f 1793/2351/1052 1982/2353/1157 1796/2354/350
f 1796/2354/350 1982/2353/1157 1983/2355/1158
f 1983/2355/1158 1982/2353/1157 1981/2349/1155
f 1983/2355/1158 1981/2349/1155 1984/2356/1159
f 1984/2356/1159 1981/2349/1155 1976/2318/1142
f 1984/2356/1159 1976/2318/1142 1985/2357/1160
f 1985/2357/1160 1976/2318/1142 1986/2358/1160
f 1986/2358/1160 1976/2318/1142 1987/2359/1161
f 1987/2359/1161 1976/2318/1142 1988/2360/1162
f 1987/2359/1161 1988/2360/1162 1989/2361/1161
f 1988/2360/1162 1976/2318/1142 1975/2317/1141
f 1989/2361/1161 1988/2360/1162 1990/2362/1163
f 1988/2360/1162 1975/2317/1141 1991/2363/1164
f 1990/2362/1163 1988/2360/1162 1992/2364/1165
f 1992/2364/1165 1988/2360/1162 1991/2363/1164
f 1990/2362/1163 1992/2364/1165 1993/2365/1166
f 1993/2365/1166 1992/2364/1165 1994/2366/1166
f 1994/2366/1166 1992/2364/1165 1995/2367/1159
f 1991/2363/1164 1975/2317/1141 1971/2313/699
f 1995/2367/1159 1992/2364/1165 1996/2368/227
f 1995/2367/1159 1996/2368/227 1997/2369/1167
f 1997/2369/1167 1996/2368/227 1998/2370/1168
f 1997/2369/1167 1998/2370/1168 1812/2371/1066
f 1812/2371/1066 1998/2370/1168 1813/2372/1067
f 1998/2370/1168 1996/2368/227 1999/2373/1169
f 1999/2373/1169 1996/2368/227 1992/2364/1165
f 1813/2372/1067 1998/2370/1168 2000/2374/113
f 2000/2374/113 1998/2370/1168 1999/2373/1169
f 1813/2372/1067 2000/2374/113 1816/2375/1070
f 1999/2373/1169 1992/2364/1165 2001/2376/1170
f 2001/2376/1170 1992/2364/1165 2002/2377/1171
f 2002/2377/1171 1992/2364/1165 2003/2378/1172
f 2002/2377/1171 2003/2378/1172 2004/2379/1173
f 2003/2378/1172 1992/2364/1165 1991/2363/1164
f 2004/2379/1173 2003/2378/1172 2005/2380/1174
f 2005/2380/1174 2003/2378/1172 2006/2381/1175
f 2005/2380/1174 2006/2381/1175 2007/2382/1176
f 2007/2382/1176 2006/2381/1175 2008/2383/1177
f 2008/2383/1177 2006/2381/1175 2009/2384/1178
f 2009/2384/1178 2006/2381/1175 2010/2385/1179
f 2010/2385/1179 2006/2381/1175 1386/1512/1180
f 2010/2385/1179 1386/1512/1180 1389/1515/1181
f 2010/2385/1179 1389/1515/1181 2011/2386/1182
f 1386/1512/1180 2006/2381/1175 1384/1510/1183
f 2011/2386/1182 1389/1515/1181 1392/1518/1182
f 2011/2386/1182 1392/1518/1182 1342/1519/1086
f 2011/2386/1182 1342/1519/1086 1829/2387/1086
f 1384/1510/1183 2006/2381/1175 2012/2388/519
f 2012/2388/519 2006/2381/1175 2003/2378/1172
f 1384/1510/1183 2012/2388/519 1381/1507/699
f 2012/2388/519 2003/2378/1172 2013/2389/1184
f 2013/2389/1184 2003/2378/1172 1991/2363/1164
f 1381/1507/699 2012/2388/519 2014/2390/699
f 2014/2390/699 2012/2388/519 2013/2389/1184
f 1381/1507/699 2014/2390/699 1378/1504/699
f 1378/1504/699 2014/2390/699 1368/1494/52
f 1378/1504/699 1368/1494/52 1371/1497/699
f 2014/2390/699 2013/2389/1184 2015/2391/52
f 2014/2390/699 2015/2391/52 1368/1494/52
f 2015/2391/52 2013/2389/1184 1991/2363/1164
f 1368/1494/52 2015/2391/52 1366/1492/52
f 2015/2391/52 1991/2363/1164 2016/2392/699
f 2015/2391/52 2016/2392/699 1366/1492/52
f 2016/2392/699 1991/2363/1164 1971/2313/699
f 1366/1492/52 2016/2392/699 1364/1490/52
f 1364/1490/52 2016/2392/699 812/868/543
f 812/868/543 2016/2392/699 1971/2313/699
f 1364/1490/52 812/868/543 1359/1483/52
f 1359/1483/52 812/868/543 820/877/545
f 1359/1483/52 820/877/545 1357/1481/52
f 1355/1479/52 1357/1481/52 1354/1478/1185
f 1354/1478/1185 1357/1481/52 820/877/545
f 1354/1478/1185 820/877/545 823/880/542
f 1354/1478/1185 823/880/542 837/894/542
f 2017/2393/1003 812/868/543 1971/2313/699
f 2017/2393/1003 1971/2313/699 1963/2302/1003
f 2017/2393/1003 1963/2302/1003 1964/2303/534
f 812/868/543 2017/2393/1003 804/858/534
f 2017/2393/1003 1964/2303/534 2018/2394/534
f 2017/2393/1003 2018/2394/534 804/858/534
f 804/858/534 2018/2394/534 605/2395/535
f 605/2395/535 2018/2394/534 599/2396/535
f 599/2396/535 2018/2394/534 593/2397/535
f 593/2397/535 2018/2394/534 1964/2303/534
f 804/858/534 605/2395/535 610/2398/535
f 593/2397/535 1964/2303/534 594/2399/535
f 594/2399/535 1964/2303/534 597/2400/535
f 597/2400/535 1964/2303/534 602/2401/536
f 804/858/534 610/2398/535 637/2402/535
f 804/858/534 637/2402/535 640/864/540
f 602/2401/536 1964/2303/534 2019/2403/538
f 2019/2403/538 1964/2303/534 583/2306/540
f 602/2401/536 2019/2403/538 607/2404/541
f 2019/2403/538 583/2306/540 587/2405/541
f 607/2404/541 2019/2403/538 2020/2406/541
f 2020/2406/541 2019/2403/538 587/2405/541
f 607/2404/541 2020/2406/541 612/2407/438
f 612/2407/438 2020/2406/541 1853/2408/438
f 1853/2408/438 2020/2406/541 587/2405/541
f 1853/2408/438 587/2405/541 588/2409/438
f 1280/2410/1186 2021/2411/1187 1279/2412/1186
f 1279/2412/1186 2021/2411/1187 2022/2413/1187
f 1279/2412/1186 2022/2413/1187 1278/2414/1188
f 1278/2414/1188 2022/2413/1187 2023/2415/1188
f 1278/2414/1188 2023/2415/1188 1277/2416/1189
f 1277/2416/1189 2023/2415/1188 2024/2417/1190
f 1277/2416/1189 2024/2417/1190 1276/2418/1191
f 1276/2418/1191 2024/2417/1190 2025/2419/1192
f 1276/2418/1191 2025/2419/1192 2026/2420/1193
f 1276/2418/1191 2026/2420/1193 1275/2421/1087
f 1275/2421/1087 2026/2420/1193 1274/2422/1194
f 1274/2422/1194 2026/2420/1193 2027/2423/937
f 1274/2422/1194 2027/2423/937 1271/2424/960
f 2028/2425/1195 1271/2426/1196 2027/2427/1022
f 2028/2425/1195 2027/2427/1022 2026/2428/1197
f 2028/2425/1195 2026/2428/1197 2029/2429/1184
f 2029/2429/1184 2026/2428/1197 2030/2430/1198
f 2030/2430/1198 2026/2428/1197 2025/2431/1199
f 2030/2430/1198 2025/2431/1199 2024/2432/1200
f 2030/2430/1198 2024/2432/1200 2031/2433/1201
f 2031/2433/1201 2024/2432/1200 2023/2434/1202
f 2031/2433/1201 2023/2434/1202 2032/2435/1202
f 2032/2435/1202 2023/2434/1202 2022/2436/1203
f 2032/2435/1202 2022/2436/1203 2033/2437/1204
f 2033/2437/1204 2022/2436/1203 2021/2438/1203
f 2033/2437/1204 2021/2438/1203 2034/2439/1204
f 2035/2440/1205 1902/2171/1206 1900/2169/1207
f 1902/2171/1206 2035/2440/1205 2036/2441/1208
f 1902/2171/1206 2036/2441/1208 1904/2173/1209
f 2035/2440/1205 1900/2169/1207 2037/2442/1210
f 2037/2442/1210 1900/2169/1207 1901/2170/1211
f 2036/2441/1208 2035/2440/1205 2038/2443/1212
f 2035/2440/1205 2037/2442/1210 2039/2444/1213
f 2035/2440/1205 2039/2444/1213 2038/2443/1212
f 2037/2442/1210 1901/2170/1211 1228/1322/663
f 1228/1322/663 1901/2170/1211 1229/1323/664
f 2039/2444/1213 2037/2442/1210 2040/2445/395
f 2040/2445/395 2037/2442/1210 1228/1322/663
f 2038/2443/1212 2039/2444/1213 2041/2446/1214
f 2041/2446/1214 2039/2444/1213 2042/2447/1215
f 2042/2447/1215 2039/2444/1213 2040/2445/395
f 2038/2443/1212 2041/2446/1214 2043/2448/1216
f 2042/2447/1215 2040/2445/395 510/553/1217
f 2038/2443/1212 2043/2448/1216 2044/2449/1218
f 2038/2443/1212 2044/2449/1218 2036/2441/1208
f 2044/2449/1218 2043/2448/1216 2045/2450/1219
f 510/553/1217 2040/2445/395 1232/1326/667
f 1232/1326/667 2040/2445/395 1228/1322/663
f 510/553/1217 1232/1326/667 514/557/672
f 2036/2441/1208 2044/2449/1218 2046/2451/1220
f 2036/2441/1208 2046/2451/1220 1904/2173/1209
f 1904/2173/1209 2046/2451/1220 1905/2174/1221
f 2044/2449/1218 2045/2450/1219 2047/2452/1222
f 2044/2449/1218 2047/2452/1222 2046/2451/1220
f 2047/2452/1222 2045/2450/1219 2048/2453/1223
f 1905/2174/1221 2046/2451/1220 2049/2454/1224
f 2049/2454/1224 2046/2451/1220 2047/2452/1222
f 1905/2174/1221 2049/2454/1224 1907/2176/1225
f 2047/2452/1222 2048/2453/1223 2050/2455/1226
f 2047/2452/1222 2050/2455/1226 2049/2454/1224
f 2050/2455/1226 2048/2453/1223 2051/2456/1227
f 1907/2176/1225 2049/2454/1224 2052/2457/1228
f 2052/2457/1228 2049/2454/1224 2050/2455/1226
f 1907/2176/1225 2052/2457/1228 1909/2178/1229
f 2050/2455/1226 2051/2456/1227 2053/2458/1230
f 2050/2455/1226 2053/2458/1230 2052/2457/1228
f 2053/2458/1230 2051/2456/1227 2054/2459/1231
f 1909/2178/1229 2052/2457/1228 2055/2460/1232
f 2055/2460/1232 2052/2457/1228 2053/2458/1230
f 1909/2178/1229 2055/2460/1232 1908/2177/1233
f 2053/2458/1230 2054/2459/1231 2056/2461/1234
f 2053/2458/1230 2056/2461/1234 2055/2460/1232
f 2056/2461/1234 2054/2459/1231 2057/2462/1235
f 1908/2177/1233 2055/2460/1232 2058/2463/1236
f 2058/2463/1236 2055/2460/1232 2056/2461/1234
f 1908/2177/1233 2058/2463/1236 1906/2175/1237
f 2056/2461/1234 2057/2462/1235 2059/2464/1238
f 2056/2461/1234 2059/2464/1238 2058/2463/1236
f 2059/2464/1238 2057/2462/1235 2060/2465/1239
f 1906/2175/1237 2058/2463/1236 2061/2466/1240
f 2061/2466/1240 2058/2463/1236 2059/2464/1238
f 1906/2175/1237 2061/2466/1240 1151/1241/1241
f 2059/2464/1238 2060/2465/1239 2062/2467/1242
f 2059/2464/1238 2062/2467/1242 2061/2466/1240
f 2062/2467/1242 2060/2465/1239 2063/2468/1243
f 1151/1241/1241 2061/2466/1240 2064/2469/1244
f 2064/2469/1244 2061/2466/1240 2062/2467/1242
f 1151/1241/1241 2064/2469/1244 1150/1240/1245
f 2062/2467/1242 2063/2468/1243 2065/2470/1246
f 2062/2467/1242 2065/2470/1246 2064/2469/1244
f 2065/2470/1246 2063/2468/1243 2066/2471/1247
f 1150/1240/1245 2064/2469/1244 2067/2472/1248
f 2067/2472/1248 2064/2469/1244 2065/2470/1246
f 1150/1240/1245 2067/2472/1248 1148/1238/1249
f 2065/2470/1246 2066/2471/1247 2068/2473/1250
f 2065/2470/1246 2068/2473/1250 2067/2472/1248
f 2068/2473/1250 2066/2471/1247 2069/2474/1251
f 1148/1238/1249 2067/2472/1248 2070/2475/1252
f 2070/2475/1252 2067/2472/1248 2068/2473/1250
f 1148/1238/1249 2070/2475/1252 1226/1320/1253
f 2068/2473/1250 2069/2474/1251 2071/2476/1254
f 2068/2473/1250 2071/2476/1254 2070/2475/1252
f 2071/2476/1254 2069/2474/1251 2072/2477/1255
f 1226/1320/1253 2070/2475/1252 2073/2478/1256
f 2073/2478/1256 2070/2475/1252 2071/2476/1254
f 1226/1320/1253 2073/2478/1256 1224/1318/1257
f 1224/1318/1257 2073/2478/1256 2074/2479/1258
f 2074/2479/1258 2073/2478/1256 2071/2476/1254
f 1224/1318/1257 2074/2479/1258 802/856/1259
f 2071/2476/1254 2072/2477/1255 2075/2480/1260
f 2071/2476/1254 2075/2480/1260 2074/2479/1258
f 2075/2480/1260 2072/2477/1255 2076/2481/1261
f 2075/2480/1260 2076/2481/1261 2077/2482/1262
f 2075/2480/1260 2077/2482/1262 2074/2479/1258
f 2077/2482/1262 2076/2481/1261 2078/2483/1263
f 802/856/1259 2074/2479/1258 2079/2484/1264
f 2079/2484/1264 2074/2479/1258 2077/2482/1262
f 802/856/1259 2079/2484/1264 799/853/1265
f 2077/2482/1262 2078/2483/1263 2080/2485/1266
f 2077/2482/1262 2080/2485/1266 2079/2484/1264
f 2080/2485/1266 2078/2483/1263 2081/2486/358
f 2080/2485/1266 2081/2486/358 1516/2487/916
f 2080/2485/1266 1516/2487/916 1517/2488/354
f 2080/2485/1266 1517/2488/354 1518/2489/917
f 799/853/1265 2079/2484/1264 2082/2490/1267
f 2082/2490/1267 2079/2484/1264 2080/2485/1266
f 2082/2490/1267 2080/2485/1266 1518/2489/917
f 799/853/1265 2082/2490/1267 798/852/919
f 798/852/919 2082/2490/1267 1518/2489/917
f 2083/2491/1268 2084/2492/1196 2085/2493/1196
f 2086/2494/1268 2087/2495/1268 2088/2496/1268
f 2085/2493/1196 2084/2492/1196 2089/2497/1268
f 2087/2495/1268 2086/2494/1268 2090/2498/1268
f 2089/2497/1268 2084/2492/1196 2091/2499/1268
f 2087/2495/1268 2090/2498/1268 2092/2500/1268
f 2091/2499/1268 2084/2492/1196 2093/2501/1268
f 2087/2495/1268 2092/2500/1268 2094/2502/1268
f 2093/2501/1268 2084/2492/1196 2095/2503/1196
f 2087/2495/1268 2094/2502/1268 2096/2504/1268
f 2095/2503/1196 2084/2492/1196 2097/2505/1196
f 2087/2495/1268 2096/2504/1268 2098/2506/1268
f 2087/2495/1268 2098/2506/1268 2099/2507/1268
f 2087/2495/1268 2099/2507/1268 2100/2508/1268
f 2087/2495/1268 2100/2508/1268 2101/2509/1268
f 2087/2495/1268 2101/2509/1268 2102/2510/1268
f 2087/2495/1268 2102/2510/1268 2103/2511/1268
f 2097/2505/1196 2084/2492/1196 2104/2512/1268
f 2087/2495/1268 2103/2511/1268 2105/2513/1268
f 2104/2512/1268 2084/2492/1196 2106/2514/1268
f 2106/2514/1268 2084/2492/1196 2107/2515/1196
f 2107/2515/1196 2084/2492/1196 2108/2516/1196
f 2108/2516/1196 2084/2492/1196 2034/2517/1196
f 2105/2513/1268 2103/2511/1268 2109/2518/1268
f 2105/2513/1268 2109/2518/1268 2110/2519/1268
f 2034/2517/1196 2084/2492/1196 2111/2520/1268
f 2105/2513/1268 2110/2519/1268 2112/2521/1268
f 2034/2517/1196 2111/2520/1268 2033/2522/1196
f 2105/2513/1268 2112/2521/1268 2113/2523/1268
f 2033/2522/1196 2111/2520/1268 2032/2524/1196
f 2105/2513/1268 2113/2523/1268 2114/2525/1268
f 2032/2524/1196 2111/2520/1268 2031/2526/1196
f 2105/2513/1268 2114/2525/1268 2115/2527/1268
f 2031/2526/1196 2111/2520/1268 2030/2528/1196
f 2105/2513/1268 2115/2527/1268 2116/2529/1268
f 2105/2513/1268 2116/2529/1268 2117/2530/1268
f 2105/2513/1268 2117/2530/1268 2118/2531/1268
f 2030/2528/1196 2111/2520/1268 2029/2532/1196
f 2029/2532/1196 2111/2520/1268 2028/2533/1016
f 2028/2533/1016 2111/2520/1268 1271/2426/1268
f 1271/2426/1268 2111/2520/1268 1272/2534/1196
f 1272/2534/1196 2111/2520/1268 2119/2535/1016
f 1272/2534/1196 2119/2535/1016 1282/2536/1268
f 1282/2536/1268 2119/2535/1016 2120/2537/519
f 1282/2536/1268 2120/2537/519 1284/2538/1007
f 1284/2538/1007 2120/2537/519 2121/2539/1269
f 1284/2538/1007 2121/2539/1269 1286/2540/580
f 1286/2540/580 2121/2539/1269 2122/2541/1270
f 1286/2540/580 2122/2541/1270 662/2542/1271
f 662/2542/1271 2122/2541/1270 2123/2543/88
f 662/2542/1271 2123/2543/88 663/2544/1272
f 663/2544/1272 2123/2543/88 2124/2545/1273
f 663/2544/1272 2124/2545/1273 664/2546/1274
f 664/2546/1274 2124/2545/1273 2125/2547/1275
f 664/2546/1274 2125/2547/1275 666/719/1276
f 2126/2548/1277 2127/2549/1278 24/25/18
f 2127/2549/1278 2126/2548/1277 2128/2550/1279
f 2126/2548/1277 24/25/18 34/35/25
f 2127/2549/1278 2128/2550/1279 2129/2551/1280
f 2129/2551/1280 2128/2550/1279 2130/2552/1281
f 24/25/18 2127/2549/1278 18/18/4
f 2127/2549/1278 2129/2551/1280 2131/2553/4
f 2127/2549/1278 2131/2553/4 18/18/4
f 2129/2551/1280 2130/2552/1281 2132/2554/1282
f 2132/2554/1282 2130/2552/1281 2133/2555/1283
f 2131/2553/4 2129/2551/1280 2134/2556/4
f 2134/2556/4 2129/2551/1280 2132/2554/1282
f 18/18/4 2131/2553/4 8/8/4
f 2131/2553/4 2134/2556/4 6/6/4
f 2131/2553/4 6/6/4 8/8/4
f 2134/2556/4 2132/2554/1282 2135/2557/4
f 2134/2556/4 2135/2557/4 6/6/4
f 2132/2554/1282 2133/2555/1283 2136/2558/1284
f 2132/2554/1282 2136/2558/1284 2135/2557/4
f 2136/2558/1284 2133/2555/1283 2137/2559/1285
f 2135/2557/4 2136/2558/1284 2138/2560/4
f 2135/2557/4 2138/2560/4 6/6/4
f 2136/2558/1284 2137/2559/1285 2139/2561/1286
f 2136/2558/1284 2139/2561/1286 2138/2560/4
f 2139/2561/1286 2137/2559/1285 2140/2562/1287
f 2139/2561/1286 2140/2562/1287 2141/2563/1288
f 2141/2563/1288 2140/2562/1287 2142/2564/1289
f 2141/2563/1288 2142/2564/1289 3/3/3
f 2139/2561/1286 2141/2563/1288 2143/2565/4
f 2139/2561/1286 2143/2565/4 2138/2560/4
f 2141/2563/1288 3/3/3 2/2/2
f 2138/2560/4 2143/2565/4 4/4/4
f 2138/2560/4 4/4/4 6/6/4
f 2143/2565/4 2141/2563/1288 61/63/4
f 61/63/4 2141/2563/1288 2/2/2
f 2143/2565/4 61/63/4 4/4/4
f 2144/2566/345 2145/2567/345 2146/2568/350
f 2146/2568/350 2145/2567/345 2147/2569/1290
f 2147/2569/1290 2145/2567/345 1804/2570/345
f 1804/2570/345 2145/2567/345 1806/2571/603
f 2147/2569/1290 1804/2570/345 1803/2572/1291
f 1806/2571/603 2145/2567/345 2148/2573/1292
f 2148/2573/1292 2145/2567/345 2144/2566/345
f 1806/2571/603 2148/2573/1292 1807/2574/1293
f 2147/2569/1290 1803/2572/1291 2149/2575/114
f 2147/2569/1290 2149/2575/114 2146/2568/350
f 2149/2575/114 1803/2572/1291 1801/2576/1294
f 1807/2574/1293 2148/2573/1292 2150/2577/1295
f 1807/2574/1293 2150/2577/1295 1808/2578/1296
f 2150/2577/1295 2148/2573/1292 2151/2579/603
f 2151/2579/603 2148/2573/1292 2144/2566/345
f 1808/2578/1296 2150/2577/1295 2152/2580/1297
f 1808/2578/1296 2152/2580/1297 1810/2581/1298
f 2150/2577/1295 2151/2579/603 2153/2582/1293
f 2150/2577/1295 2153/2582/1293 2152/2580/1297
f 2151/2579/603 2144/2566/345 2154/2583/342
f 1810/2581/1298 2152/2580/1297 2155/2584/1299
f 1810/2581/1298 2155/2584/1299 1812/2585/1298
f 2152/2580/1297 2153/2582/1293 2156/2586/106
f 2152/2580/1297 2156/2586/106 2155/2584/1299
f 2155/2584/1299 2156/2586/106 2157/2587/1298
f 2155/2584/1299 2157/2587/1298 1812/2585/1298
f 1812/2585/1298 2157/2587/1298 2158/2588/1300
f 2158/2588/1300 2157/2587/1298 2156/2586/106
f 1812/2585/1298 2158/2588/1300 1997/2589/1301
f 2158/2588/1300 2156/2586/106 2159/2590/1302
f 2158/2588/1300 2159/2590/1302 1997/2589/1301
f 2159/2590/1302 2156/2586/106 2153/2582/1293
f 1997/2589/1301 2159/2590/1302 1995/2591/1303
f 2159/2590/1302 2153/2582/1293 2160/2592/1304
f 2159/2590/1302 2160/2592/1304 1995/2591/1303
f 2160/2592/1304 2153/2582/1293 2151/2579/603
f 1995/2591/1303 2160/2592/1304 1994/2593/1305
f 2160/2592/1304 2151/2579/603 2154/2583/342
f 2160/2592/1304 2154/2583/342 1994/2593/1305
f 1994/2593/1305 2154/2583/342 1993/2594/599
f 1993/2594/599 2154/2583/342 2161/2595/339
f 2161/2595/339 2154/2583/342 2144/2566/345
f 1993/2594/599 2161/2595/339 1990/2596/339
f 2161/2595/339 2144/2566/345 2146/2568/350
f 1990/2596/339 2161/2595/339 2162/2597/1306
f 2162/2597/1306 2161/2595/339 2146/2568/350
f 1990/2596/339 2162/2597/1306 1989/2598/1307
f 1989/2598/1307 2162/2597/1306 2163/2599/1308
f 2163/2599/1308 2162/2597/1306 2146/2568/350
f 1989/2598/1307 2163/2599/1308 1987/2600/1309
f 2163/2599/1308 2146/2568/350 2164/2601/351
f 2164/2601/351 2146/2568/350 2149/2575/114
f 1987/2600/1309 2163/2599/1308 2165/2602/641
f 2165/2602/641 2163/2599/1308 2164/2601/351
f 1987/2600/1309 2165/2602/641 1986/2603/353
f 2164/2601/351 2149/2575/114 2166/2604/1310
f 2166/2604/1310 2149/2575/114 1801/2576/1294
f 2166/2604/1310 1801/2576/1294 1800/2605/368
f 2164/2601/351 2166/2604/1310 2167/2606/356
f 2164/2601/351 2167/2606/356 2165/2602/641
f 2166/2604/1310 1800/2605/368 2168/2607/1311
f 2166/2604/1310 2168/2607/1311 2167/2606/356
f 2168/2607/1311 1800/2605/368 1799/2608/610
f 2169/2609/1312 1986/2603/353 2165/2602/641
f 2169/2609/1312 2165/2602/641 2167/2606/356
f 1986/2603/353 2169/2609/1312 1985/2610/595
f 2167/2606/356 2168/2607/1311 2170/2611/1313
f 2167/2606/356 2170/2611/1313 2169/2609/1312
f 2168/2607/1311 1799/2608/610 2171/2612/1314
f 2168/2607/1311 2171/2612/1314 2170/2611/1313
f 2171/2612/1314 1799/2608/610 1798/2613/614
f 1985/2610/595 2169/2609/1312 2172/2614/1315
f 2172/2614/1315 2169/2609/1312 2170/2611/1313
f 1985/2610/595 2172/2614/1315 1984/2615/597
f 2170/2611/1313 2171/2612/1314 2173/2616/188
f 2170/2611/1313 2173/2616/188 2172/2614/1315
f 2171/2612/1314 1798/2613/614 2174/2617/916
f 2171/2612/1314 2174/2617/916 2173/2616/188
f 2174/2617/916 1798/2613/614 1797/2618/916
f 2174/2617/916 1797/2618/916 1796/2619/916
f 2173/2616/188 2174/2617/916 2175/2620/916
f 2175/2620/916 2174/2617/916 1796/2619/916
f 2172/2614/1315 2173/2616/188 2176/2621/916
f 2176/2621/916 2173/2616/188 2175/2620/916
f 2172/2614/1315 2176/2621/916 1984/2615/597
f 2176/2621/916 2175/2620/916 1796/2619/916
f 1984/2615/597 2176/2621/916 1983/2622/916
f 1983/2622/916 2176/2621/916 1796/2619/916
f 2177/2623/852 2178/2624/1316 2179/2625/1186
f 2179/2625/1186 2178/2624/1316 2180/2626/1316
f 2179/2625/1186 2180/2626/1316 2181/2627/1189
f 2181/2627/1189 2180/2626/1316 2182/2628/1189
f 2181/2627/1189 2182/2628/1189 2183/2629/1189
f 2183/2629/1189 2182/2628/1189 2184/2630/1189
f 2183/2629/1189 2184/2630/1189 2185/2631/1189
f 2185/2631/1189 2184/2630/1189 2186/2632/1189
f 2185/2631/1189 2186/2632/1189 2187/2633/1189
f 2187/2633/1189 2186/2632/1189 2188/2634/1317
f 2189/2635/636 2190/2636/1316 2191/2637/1186
f 2191/2637/1186 2190/2636/1316 2192/2638/1316
f 2191/2637/1186 2192/2638/1316 2193/2639/1188
f 2193/2639/1188 2192/2638/1316 2194/2640/1189
f 2193/2639/1188 2194/2640/1189 2195/2641/1318
f 2195/2641/1318 2194/2640/1189 2196/2642/1189
f 2195/2641/1318 2196/2642/1189 2197/2643/1189
f 2197/2643/1189 2196/2642/1189 2198/2644/1189
f 2197/2643/1189 2198/2644/1189 2199/2645/1189
f 2199/2645/1189 2198/2644/1189 2200/2646/1191
f 2187/2633/1319 2188/2634/1187 2201/2647/1186
f 2201/2647/1186 2188/2634/1187 2202/2648/1187
f 2201/2647/1186 2202/2648/1187 2203/2649/1189
f 2203/2649/1189 2202/2648/1187 2204/2650/1189
f 2203/2649/1189 2204/2650/1189 2205/2651/1189
f 2205/2651/1189 2204/2650/1189 2206/2652/1191
f 2205/2651/1189 2206/2652/1191 2207/2653/1320
f 2207/2653/1320 2206/2652/1191 2208/2654/1190
f 2207/2653/1319 2208/2654/1187 2209/2655/1186
f 2209/2655/1186 2208/2654/1187 2210/2656/1187
f 2209/2655/1186 2210/2656/1187 2211/2657/1189
f 2211/2657/1189 2210/2656/1187 2212/2658/1189
f 2211/2657/1189 2212/2658/1189 2213/2659/1189
f 2213/2659/1189 2212/2658/1189 2214/2660/1191
f 2213/2659/1189 2214/2660/1191 2189/2635/1320
f 2189/2635/1320 2214/2660/1191 2190/2636/1190
f 2199/2645/1186 2200/2646/1187 2215/2661/1186
f 2215/2661/1186 2200/2646/1187 2216/2662/1187
f 2215/2661/1186 2216/2662/1187 2217/2663/1188
f 2217/2663/1188 2216/2662/1187 2218/2664/1188
f 2217/2663/1188 2218/2664/1188 2219/2665/1189
f 2219/2665/1189 2218/2664/1188 2220/2666/1190
f 2219/2665/1189 2220/2666/1190 1280/2410/1320
f 1280/2410/1320 2220/2666/1190 2021/2411/1190
f 2188/2667/1321 2186/2668/1201 2221/2669/1201
f 2221/2669/1201 2186/2668/1201 2222/2670/1201
f 2222/2670/1201 2186/2668/1201 2184/2671/1322
f 2222/2670/1201 2184/2671/1322 2223/2672/1322
f 2223/2672/1322 2184/2671/1322 2182/2673/1202
f 2223/2672/1322 2182/2673/1202 2224/2674/1204
f 2224/2674/1204 2182/2673/1202 2180/2675/1323
f 2224/2674/1204 2180/2675/1323 2225/2676/1204
f 2225/2676/1204 2180/2675/1323 2178/2677/1323
f 2225/2676/1204 2178/2677/1323 2226/2678/1324
f 2200/2679/1321 2198/2680/1201 2104/2681/1201
f 2104/2681/1201 2198/2680/1201 2097/2682/1201
f 2097/2682/1201 2198/2680/1201 2196/2683/1201
f 2097/2682/1201 2196/2683/1201 2095/2684/1202
f 2095/2684/1202 2196/2683/1201 2194/2685/1202
f 2095/2684/1202 2194/2685/1202 2093/2686/1202
f 2093/2686/1202 2194/2685/1202 2192/2687/1323
f 2093/2686/1202 2192/2687/1323 2091/2688/1204
f 2091/2688/1204 2192/2687/1323 2190/2689/1323
f 2091/2688/1204 2190/2689/1323 2089/2690/1322
f 2208/2691/1200 2206/2692/1198 2227/2693/1325
f 2227/2693/1325 2206/2692/1198 2228/2694/1201
f 2228/2694/1201 2206/2692/1198 2204/2695/1322
f 2228/2694/1201 2204/2695/1322 2229/2696/1322
f 2229/2696/1322 2204/2695/1322 2202/2697/1203
f 2229/2696/1322 2202/2697/1203 2230/2698/1204
f 2230/2698/1204 2202/2697/1203 2188/2667/1203
f 2230/2698/1204 2188/2667/1203 2221/2669/1204
f 2190/2689/1200 2214/2699/1198 2089/2690/1325
f 2089/2690/1325 2214/2699/1198 2085/2700/1201
f 2085/2700/1201 2214/2699/1198 2212/2701/1322
f 2085/2700/1201 2212/2701/1322 2083/2702/1322
f 2083/2702/1322 2212/2701/1322 2210/2703/1203
f 2083/2702/1322 2210/2703/1203 2231/2704/1204
f 2231/2704/1204 2210/2703/1203 2208/2691/1203
f 2231/2704/1204 2208/2691/1203 2227/2693/1204
f 2021/2438/1200 2220/2705/1198 2034/2439/1325
f 2034/2439/1325 2220/2705/1198 2108/2706/1201
f 2108/2706/1201 2220/2705/1198 2218/2707/1202
f 2108/2706/1201 2218/2707/1202 2107/2708/1202
f 2107/2708/1202 2218/2707/1202 2216/2709/1203
f 2107/2708/1202 2216/2709/1203 2106/2710/1204
f 2106/2710/1204 2216/2709/1203 2200/2679/1203
f 2106/2710/1204 2200/2679/1203 2104/2681/1204
f 2232/2711/852 2233/2712/1316 2234/2713/636
f 2234/2713/636 2233/2712/1316 2235/2714/1316
f 2234/2713/636 2235/2714/1316 2236/2715/1186
f 2236/2715/1186 2235/2714/1316 2237/2716/1186
f 2236/2715/1186 2237/2716/1186 2238/2717/1189
f 2238/2717/1189 2237/2716/1186 2239/2718/1189
f 2238/2717/1189 2239/2718/1189 2240/2719/1189
f 2240/2719/1189 2239/2718/1189 2241/2720/1317
f 2240/2719/1189 2241/2720/1317 2242/2721/1189
f 2242/2721/1189 2241/2720/1317 2243/2722/1317
f 2244/2723/1319 2245/2724/1326 2246/2725/1186
f 2246/2725/1186 2245/2724/1326 2247/2726/1327
f 2246/2725/1186 2247/2726/1327 2248/2727/1189
f 2248/2727/1189 2247/2726/1327 2249/2728/1189
f 2248/2727/1189 2249/2728/1189 2250/2729/1189
f 2250/2729/1189 2249/2728/1189 2251/2730/1191
f 2250/2729/1189 2251/2730/1191 2232/2711/1191
f 2232/2711/1191 2251/2730/1191 2233/2712/1328
f 2242/2721/1319 2243/2722/1187 2252/2731/1186
f 2252/2731/1186 2243/2722/1187 2253/2732/1327
f 2252/2731/1186 2253/2732/1327 2254/2733/1189
f 2254/2733/1189 2253/2732/1327 2255/2734/1189
f 2254/2733/1189 2255/2734/1189 2256/2735/1189
f 2256/2735/1189 2255/2734/1189 2257/2736/1191
f 2256/2735/1189 2257/2736/1191 2258/2737/1191
f 2258/2737/1191 2257/2736/1191 2259/2738/1190
f 2258/2737/1319 2259/2738/1187 2260/2739/1186
f 2260/2739/1186 2259/2738/1187 2261/2740/1327
f 2260/2739/1186 2261/2740/1327 2262/2741/1189
f 2262/2741/1189 2261/2740/1327 2263/2742/1189
f 2262/2741/1189 2263/2742/1189 2264/2743/1189
f 2264/2743/1189 2263/2742/1189 2265/2744/1191
f 2264/2743/1189 2265/2744/1191 2177/2623/1320
f 2177/2623/1320 2265/2744/1191 2178/2624/1190
f 2266/2745/1321 2267/2746/1321 2117/2747/1329
f 2117/2747/1329 2267/2746/1321 2118/2748/1322
f 2118/2748/1322 2267/2746/1321 2268/2749/1322
f 2118/2748/1322 2268/2749/1322 2269/2750/1322
f 2269/2750/1322 2268/2749/1322 2270/2751/1204
f 2269/2750/1322 2270/2751/1204 2271/2752/1322
f 2271/2752/1322 2270/2751/1204 2272/2753/1323
f 2271/2752/1322 2272/2753/1323 2273/2754/1322
f 2273/2754/1322 2272/2753/1323 2274/2755/1330
f 2273/2754/1322 2274/2755/1330 2275/2756/1324
f 2243/2757/1321 2241/2758/1321 2098/2759/1201
f 2098/2759/1201 2241/2758/1321 2099/2760/1201
f 2099/2760/1201 2241/2758/1321 2239/2761/1322
f 2099/2760/1201 2239/2761/1322 2100/2762/1322
f 2100/2762/1322 2239/2761/1322 2237/2763/1204
f 2100/2762/1322 2237/2763/1204 2101/2764/1322
f 2101/2764/1322 2237/2763/1204 2235/2765/1323
f 2101/2764/1322 2235/2765/1323 2102/2766/1204
f 2102/2766/1204 2235/2765/1323 2233/2767/1323
f 2102/2766/1204 2233/2767/1323 2103/2768/1324
f 2233/2767/1331 2251/2769/1198 2103/2768/1321
f 2103/2768/1321 2251/2769/1198 2109/2770/1201
f 2109/2770/1201 2251/2769/1198 2249/2771/1322
f 2109/2770/1201 2249/2771/1322 2110/2772/1322
f 2110/2772/1322 2249/2771/1322 2247/2773/1332
f 2110/2772/1322 2247/2773/1332 2112/2774/1204
f 2112/2774/1204 2247/2773/1332 2245/2775/1203
f 2112/2774/1204 2245/2775/1203 2113/2776/1204
f 2259/2777/1200 2257/2778/1198 2090/2779/1198
f 2090/2779/1198 2257/2778/1198 2092/2780/1201
f 2092/2780/1201 2257/2778/1198 2255/2781/1322
f 2092/2780/1201 2255/2781/1322 2094/2782/1322
f 2094/2782/1322 2255/2781/1322 2253/2783/1332
f 2094/2782/1322 2253/2783/1332 2096/2784/1204
f 2096/2784/1204 2253/2783/1332 2243/2757/1203
f 2096/2784/1204 2243/2757/1203 2098/2759/1204
f 2178/2677/1200 2265/2785/1198 2226/2678/1325
f 2226/2678/1325 2265/2785/1198 2276/2786/1201
f 2276/2786/1201 2265/2785/1198 2263/2787/1322
f 2276/2786/1201 2263/2787/1322 2088/2788/1322
f 2088/2788/1322 2263/2787/1322 2261/2789/1203
f 2088/2788/1322 2261/2789/1203 2086/2790/1204
f 2086/2790/1204 2261/2789/1203 2259/2777/1203
f 2086/2790/1204 2259/2777/1203 2090/2779/1204
f 2277/2791/852 2274/2792/1316 2278/2793/636
f 2278/2793/636 2274/2792/1316 2272/2794/1316
f 2278/2793/636 2272/2794/1316 2279/2795/1186
f 2279/2795/1186 2272/2794/1316 2270/2796/1186
f 2279/2795/1186 2270/2796/1186 2280/2797/1189
f 2280/2797/1189 2270/2796/1186 2268/2798/1189
f 2280/2797/1189 2268/2798/1189 2281/2799/1189
f 2281/2799/1189 2268/2798/1189 2267/2800/1317
f 2281/2799/1189 2267/2800/1317 2282/2801/1317
f 2282/2801/1317 2267/2800/1317 2266/2802/1317
f 2283/2803/852 2284/2804/1333 2285/2805/1186
f 2285/2805/1186 2284/2804/1333 2286/2806/1327
f 2285/2805/1186 2286/2806/1327 2287/2807/1189
f 2287/2807/1189 2286/2806/1327 2288/2808/1186
f 2287/2807/1189 2288/2808/1186 2289/2809/1189
f 2289/2809/1189 2288/2808/1186 2290/2810/1191
f 2289/2809/1189 2290/2810/1191 2277/2791/1317
f 2277/2791/1317 2290/2810/1191 2274/2792/1328
f 2282/2801/1319 2266/2802/1326 2291/2811/1186
f 2291/2811/1186 2266/2802/1326 2292/2812/1327
f 2291/2811/1186 2292/2812/1327 2293/2813/1189
f 2293/2813/1189 2292/2812/1327 2294/2814/1189
f 2293/2813/1189 2294/2814/1189 2295/2815/1189
f 2295/2815/1189 2294/2814/1189 2296/2816/1191
f 2295/2815/1189 2296/2816/1191 2244/2723/1191
f 2244/2723/1191 2296/2816/1191 2245/2724/1328
f 2274/2755/1331 2290/2817/1198 2275/2756/1321
f 2275/2756/1321 2290/2817/1198 2297/2818/1201
f 2297/2818/1201 2290/2817/1198 2288/2819/1322
f 2297/2818/1201 2288/2819/1322 2298/2820/1322
f 2298/2820/1322 2288/2819/1322 2286/2821/1332
f 2298/2820/1322 2286/2821/1332 2299/2822/1204
f 2299/2822/1204 2286/2821/1332 2284/2823/1203
f 2299/2822/1204 2284/2823/1203 2300/2824/1324
f 2245/2775/1331 2296/2825/1198 2113/2776/1321
f 2113/2776/1321 2296/2825/1198 2114/2826/1201
f 2114/2826/1201 2296/2825/1198 2294/2827/1322
f 2114/2826/1201 2294/2827/1322 2115/2828/1322
f 2115/2828/1322 2294/2827/1322 2292/2829/1332
f 2115/2828/1322 2292/2829/1332 2116/2830/1204
f 2116/2830/1204 2292/2829/1332 2266/2745/1203
f 2116/2830/1204 2266/2745/1203 2117/2747/1204
f 2301/2831/709 1289/1413/708 659/1414/709
f 2301/2831/709 659/1414/709 657/2832/1334
f 2302/2833/701 1280/1402/701 1273/1395/701
f 1280/1402/701 2302/2833/701 2219/2834/701
f 2219/2834/701 2302/2833/701 2217/2835/701
f 2217/2835/701 2302/2833/701 2215/2836/701
f 2215/2836/701 2302/2833/701 2199/2837/701
f 2199/2837/701 2302/2833/701 2197/2838/701
f 2197/2838/701 2302/2833/701 2195/2839/701
f 2195/2839/701 2302/2833/701 2193/2840/701
f 2193/2840/701 2302/2833/701 2191/2841/701
f 2191/2841/701 2302/2833/701 2189/2842/701
f 2189/2842/701 2302/2833/701 2213/2843/701
f 2213/2843/701 2302/2833/701 2211/2844/701
f 2211/2844/701 2302/2833/701 2209/2845/701
f 2209/2845/701 2302/2833/701 2207/2846/701
f 2207/2846/701 2302/2833/701 2205/2847/701
f 2205/2847/701 2302/2833/701 2203/2848/701
f 2203/2848/701 2302/2833/701 2201/2849/701
f 2201/2849/701 2302/2833/701 2187/2850/701
f 2187/2850/701 2302/2833/701 2303/2851/701
f 2187/2850/701 2303/2851/701 2185/2852/701
f 2185/2852/701 2303/2851/701 2183/2853/701
f 2183/2853/701 2303/2851/701 2181/2854/701
f 2181/2854/701 2303/2851/701 2179/2855/701
f 2179/2855/701 2303/2851/701 2177/2856/701
f 2177/2856/701 2303/2851/701 2264/2857/701
f 2264/2857/701 2303/2851/701 2262/2858/701
f 2262/2858/701 2303/2851/701 2260/2859/701
f 2260/2859/701 2303/2851/701 2258/2860/701
f 2258/2860/701 2303/2851/701 2256/2861/701
f 2256/2861/701 2303/2851/701 2254/2862/701
f 2254/2862/701 2303/2851/701 2252/2863/701
f 2252/2863/701 2303/2851/701 2242/2864/701
f 2242/2864/701 2303/2851/701 2240/2865/701
f 2240/2865/701 2303/2851/701 2238/2866/701
f 2238/2866/701 2303/2851/701 2236/2867/701
f 2236/2867/701 2303/2851/701 2234/2868/701
f 2234/2868/701 2303/2851/701 2232/2869/701
f 2232/2869/701 2303/2851/701 2304/2870/701
f 2232/2869/701 2304/2870/701 2250/2871/701
f 2250/2871/701 2304/2870/701 2248/2872/701
f 2248/2872/701 2304/2870/701 2246/2873/701
f 2246/2873/701 2304/2870/701 2244/2874/701
f 2244/2874/701 2304/2870/701 2295/2875/701
f 2295/2875/701 2304/2870/701 2293/2876/701
f 2293/2876/701 2304/2870/701 2291/2877/701
f 2291/2877/701 2304/2870/701 2282/2878/701
f 2282/2878/701 2304/2870/701 2281/2879/701
f 2281/2879/701 2304/2870/701 2280/2880/701
f 2280/2880/701 2304/2870/701 2279/2881/701
f 2279/2881/701 2304/2870/701 2278/2882/701
f 2278/2882/701 2304/2870/701 2277/2883/701
f 2277/2883/701 2304/2870/701 2305/2884/701
f 2277/2883/701 2305/2884/701 2289/2885/701
f 2289/2885/701 2305/2884/701 2287/2886/701
f 2287/2886/701 2305/2884/701 2285/2887/701
f 2285/2887/701 2305/2884/701 2283/2888/701
f 2283/2888/701 2305/2884/701 2306/2889/701
f 2306/2889/701 2305/2884/701 2307/2890/701
f 2307/2890/701 2305/2884/701 2308/2891/701
f 2308/2891/701 2305/2884/701 2309/2892/701
f 2309/2892/701 2305/2884/701 2310/2893/701
f 2310/2893/701 2305/2884/701 2311/2894/701
f 2311/2894/701 2305/2884/701 2312/2895/701
f 2312/2895/701 2305/2884/701 784/837/701
f 2312/2895/701 784/837/701 782/838/701
f 2313/2896/1335 184/197/136 185/198/137
f 2313/2896/1335 185/198/137 187/200/139
f 2314/2897/1336 149/162/102 184/197/136
f 2314/2897/1336 184/197/136 2313/2896/1335
f 149/162/102 2314/2897/1336 2315/2898/1337
f 149/162/102 2315/2898/1337 147/160/100
f 2316/2899/1338 187/200/139 186/199/138
f 2316/2899/1338 186/199/138 181/194/133
f 2313/2896/1335 187/200/139 2317/2900/1339
f 2317/2900/1339 187/200/139 2316/2899/1338
f 147/160/100 2315/2898/1337 2318/2901/1340
f 147/160/100 2318/2901/1340 150/163/103
f 2313/2896/1335 2317/2900/1339 2319/2902/1341
f 2317/2900/1339 2316/2899/1338 2320/2903/1342
f 2317/2900/1339 2320/2903/1342 2319/2902/1341
f 2320/2903/1342 2316/2899/1338 2321/2904/1343
f 2321/2904/1343 2316/2899/1338 181/194/133
f 2320/2903/1342 2321/2904/1343 2322/2905/1344
f 2321/2904/1343 181/194/133 195/211/146
f 2319/2902/1341 2320/2903/1342 2323/2906/1345
f 2323/2906/1345 2320/2903/1342 2322/2905/1344
f 2324/2907/1341 2313/2896/1335 2319/2902/1341
f 2313/2896/1335 2324/2907/1341 2314/2897/1336
f 2319/2902/1341 2323/2906/1345 2325/2908/878
f 2322/2905/1344 2321/2904/1343 2326/2909/1346
f 2326/2909/1346 2321/2904/1343 195/211/146
f 2323/2906/1345 2322/2905/1344 2327/2910/1347
f 2323/2906/1345 2327/2910/1347 2325/2908/878
f 2322/2905/1344 2326/2909/1346 2328/2911/1348
f 2322/2905/1344 2328/2911/1348 2327/2910/1347
f 2326/2909/1346 195/211/146 193/209/144
f 2319/2902/1341 2325/2908/878 2329/2912/1349
f 2319/2902/1341 2329/2912/1349 2324/2907/1341
f 2325/2908/878 2327/2910/1347 2330/2913/1350
f 2328/2911/1348 2326/2909/1346 2331/2914/1351
f 2331/2914/1351 2326/2909/1346 193/209/144
f 2327/2910/1347 2328/2911/1348 2332/2915/1352
f 2327/2910/1347 2332/2915/1352 2330/2913/1350
f 2328/2911/1348 2331/2914/1351 2333/2916/1353
f 2328/2911/1348 2333/2916/1353 2332/2915/1352
f 2331/2914/1351 193/209/144 192/208/143
f 2331/2914/1351 192/208/143 449/2917/380
f 2331/2914/1351 449/2917/380 2333/2916/1353
f 2333/2916/1353 449/2917/380 455/2918/386
f 2333/2916/1353 455/2918/386 2334/2919/1354
f 2334/2919/1354 455/2918/386 457/2920/388
f 2333/2916/1353 2334/2919/1354 2335/2921/1355
f 2333/2916/1353 2335/2921/1355 2332/2915/1352
f 2332/2915/1352 2335/2921/1355 2336/2922/1356
f 2332/2915/1352 2336/2922/1356 2330/2913/1350
f 2330/2913/1350 2336/2922/1356 2337/2923/1357
f 2330/2913/1350 2337/2923/1357 2338/2924/1358
f 2338/2924/1358 2337/2923/1357 2339/2925/1359
f 2338/2924/1358 2339/2925/1359 2340/2926/1360
f 2338/2924/1358 2340/2926/1360 2341/2927/1361
f 2330/2913/1350 2338/2924/1358 2342/2928/1362
f 2330/2913/1350 2342/2928/1362 2325/2908/878
f 2325/2908/878 2342/2928/1362 2329/2912/1349
f 2338/2924/1358 2341/2927/1361 2343/2929/1363
f 2343/2929/1363 2341/2927/1361 2344/2930/1364
f 2343/2929/1363 2344/2930/1364 2345/2931/1365
f 2342/2928/1362 2338/2924/1358 2346/2932/1366
f 2346/2932/1366 2338/2924/1358 2343/2929/1363
f 2329/2912/1349 2342/2928/1362 2347/2933/1367
f 2347/2933/1367 2342/2928/1362 2346/2932/1366
f 2329/2912/1349 2347/2933/1367 2348/2934/1368
f 2329/2912/1349 2348/2934/1368 2324/2907/1341
f 2343/2929/1363 2345/2931/1365 2349/2935/1369
f 2349/2935/1369 2345/2931/1365 2350/2936/181
f 2346/2932/1366 2343/2929/1363 2351/2937/1370
f 2324/2907/1341 2348/2934/1368 2352/2938/1341
f 2324/2907/1341 2352/2938/1341 2314/2897/1336
f 2314/2897/1336 2352/2938/1341 2315/2898/1337
f 2315/2898/1337 2352/2938/1341 2353/2939/1371
f 2315/2898/1337 2353/2939/1371 2318/2901/1340
f 2352/2938/1341 2348/2934/1368 2354/2940/1372
f 2352/2938/1341 2354/2940/1372 2353/2939/1371
f 2354/2940/1372 2348/2934/1368 2355/2941/1373
f 2355/2941/1373 2348/2934/1368 2347/2933/1367
f 2356/2942/1374 2347/2933/1367 2346/2932/1366
f 2347/2933/1367 2356/2942/1374 2355/2941/1373
f 2356/2942/1374 2346/2932/1366 2351/2937/1370
f 2354/2940/1372 2355/2941/1373 2357/2943/1375
f 2355/2941/1373 2356/2942/1374 2358/2944/155
f 2355/2941/1373 2358/2944/155 2357/2943/1375
f 2356/2942/1374 2351/2937/1370 2359/2945/1341
f 2356/2942/1374 2359/2945/1341 2358/2944/155
f 2360/2946/1376 2353/2939/1371 2354/2940/1372
f 2360/2946/1376 2354/2940/1372 2357/2943/1375
f 2353/2939/1371 2360/2946/1376 2361/2947/1377
f 2353/2939/1371 2361/2947/1377 2318/2901/1340
f 2360/2946/1376 2357/2943/1375 2362/2948/1378
f 2318/2901/1340 2361/2947/1377 2363/2949/1379
f 2318/2901/1340 2363/2949/1379 150/163/103
f 2361/2947/1377 2360/2946/1376 2364/2950/1380
f 2364/2950/1380 2360/2946/1376 2362/2948/1378
f 2363/2949/1379 2361/2947/1377 2365/2951/1381
f 2365/2951/1381 2361/2947/1377 2364/2950/1380
f 657/2832/4 656/2952/4 2301/2831/4
f 2301/2831/4 656/2952/4 655/708/4
f 2301/2831/4 655/708/4 1289/1413/4
f 1289/1413/4 655/708/4 1288/1411/4
f 1288/1411/4 655/708/4 1287/1409/4
f 1287/1409/4 655/708/4 1285/1407/4
f 1285/1407/4 655/708/4 1283/1405/4
f 1283/1405/4 655/708/4 1281/1403/4
f 1281/1403/4 655/708/4 652/705/4
f 1281/1403/4 652/705/4 1273/1395/4
f 1273/1395/4 652/705/4 2302/2833/4
f 2302/2833/4 652/705/4 650/703/4
f 2302/2833/4 650/703/4 2303/2851/4
f 2303/2851/4 650/703/4 2304/2870/4
f 2304/2870/4 650/703/4 529/572/4
f 2304/2870/4 529/572/4 2305/2884/4
f 2305/2884/4 529/572/4 526/569/4
f 2305/2884/4 526/569/4 784/837/4
f 784/837/4 526/569/4 524/567/4
f 784/837/4 524/567/4 519/562/4
f 783/836/52 530/574/52 531/578/52
f 783/836/52 531/578/52 532/580/52
f 783/836/52 532/580/52 2366/2953/52
f 2366/2953/52 532/580/52 535/583/52
f 2366/2953/52 535/583/52 2105/2513/52
f 2105/2513/52 535/583/52 651/704/52
f 2105/2513/52 651/704/52 2087/2495/52
f 2087/2495/52 651/704/52 2084/2492/52
f 2084/2492/52 651/704/52 653/706/52
f 2084/2492/52 653/706/52 2111/2520/52
f 2111/2520/52 653/706/52 2119/2535/52
f 2119/2535/52 653/706/52 654/707/52
f 2119/2535/52 654/707/52 2120/2537/52
f 2120/2537/52 654/707/52 2121/2539/52
f 2121/2539/52 654/707/52 2122/2541/52
f 2122/2541/52 654/707/52 2123/2543/52
f 2123/2543/52 654/707/52 2124/2545/52
f 2124/2545/52 654/707/52 2125/2547/52
f 2125/2547/52 654/707/52 667/720/52
f 2125/2547/52 667/720/52 666/719/52
f 2221/2954/1268 2087/2495/1268 2084/2492/1196
f 2087/2495/1268 2221/2954/1268 2222/2955/1268
f 2221/2954/1268 2084/2492/1196 2230/2956/1268
f 2087/2495/1268 2222/2955/1268 2223/2957/1268
f 2230/2956/1268 2084/2492/1196 2229/2958/1268
f 2087/2495/1268 2223/2957/1268 2224/2959/1268
f 2229/2958/1268 2084/2492/1196 2228/2960/1196
f 2087/2495/1268 2224/2959/1268 2225/2961/1268
f 2228/2960/1196 2084/2492/1196 2227/2962/1268
f 2087/2495/1268 2225/2961/1268 2226/2963/1268
f 2227/2962/1268 2084/2492/1196 2231/2964/1268
f 2087/2495/1268 2226/2963/1268 2276/2965/1268
f 2231/2964/1268 2084/2492/1196 2083/2491/1268
f 2087/2495/1268 2276/2965/1268 2088/2496/1268
f 2273/2966/1268 2275/2967/1268 2105/2513/1268
f 2273/2966/1268 2105/2513/1268 2271/2968/1268
f 2271/2968/1268 2105/2513/1268 2269/2969/1268
f 2269/2969/1268 2105/2513/1268 2118/2531/1268
f 2105/2513/1268 2275/2967/1268 2366/2953/1268
f 2366/2953/1268 2275/2967/1268 2297/2970/1268
f 2366/2953/1268 2297/2970/1268 2298/2971/1268
f 2366/2953/1268 2298/2971/1268 2299/2972/1268
f 2366/2953/1268 2299/2972/1268 2300/2973/1268
f 2366/2953/1268 2300/2973/1268 2367/2974/1268
f 2366/2953/1268 2367/2974/1268 2368/2975/1268
f 2366/2953/1268 2368/2975/1268 2369/2976/1268
f 2366/2953/1268 2369/2976/1268 2370/2977/1268
f 2366/2953/1268 2370/2977/1268 2371/2978/1196
f 2366/2953/1268 2371/2978/1196 2372/2979/1016
f 2366/2953/1268 2372/2979/1016 2312/2980/1268
f 2366/2953/1268 2312/2980/1268 783/836/1268
f 783/836/1268 2312/2980/1268 782/835/1268
f 2311/2981/702 2312/2982/702 2373/2983/957
f 2311/2981/702 2373/2983/957 2310/2984/1382
f 2310/2984/1382 2373/2983/957 2374/2985/1383
f 2310/2984/1382 2374/2985/1383 2375/2986/1384
f 2310/2984/1382 2375/2986/1384 2309/2987/1319
f 2309/2987/1319 2375/2986/1384 2308/2988/636
f 2308/2988/636 2375/2986/1384 2376/2989/1327
f 2308/2988/636 2376/2989/1327 2307/2990/1186
f 2307/2990/1186 2376/2989/1327 2377/2991/1186
f 2307/2990/1186 2377/2991/1186 2306/2992/1189
f 2306/2992/1189 2377/2991/1186 2378/2993/1191
f 2306/2992/1189 2378/2993/1191 2283/2803/1317
f 2283/2803/1317 2378/2993/1191 2284/2804/1328
f 2284/2823/1331 2378/2994/1198 2300/2824/1321
f 2300/2824/1321 2378/2994/1198 2367/2995/1201
f 2367/2995/1201 2378/2994/1198 2377/2996/1322
f 2367/2995/1201 2377/2996/1322 2368/2997/1322
f 2368/2997/1322 2377/2996/1322 2376/2998/1332
f 2368/2997/1322 2376/2998/1332 2369/2999/1204
f 2369/2999/1204 2376/2998/1332 2375/3000/1385
f 2369/2999/1204 2375/3000/1385 2370/3001/1204
f 2370/3001/1204 2375/3000/1385 2371/3002/1386
f 2371/3002/1386 2375/3000/1385 2374/3003/1387
f 2371/3002/1386 2374/3003/1387 2373/3004/1005
f 2371/3002/1386 2373/3004/1005 2372/3005/1007
f 2372/3005/1007 2373/3004/1005 2312/3006/1007
f 2048/2453/850 2045/2450/850 475/518/405
f 475/518/405 2045/2450/850 2043/2448/850
f 2048/2453/850 475/518/405 2379/3007/4
f 2048/2453/850 2379/3007/4 2051/2456/850
f 2051/2456/850 2379/3007/4 2054/2459/850
f 475/518/405 2043/2448/850 494/537/420
f 494/537/420 2043/2448/850 2041/2446/635
f 494/537/420 2041/2446/635 2042/2447/1388
f 494/537/420 2042/2447/1388 510/553/433
f 2054/2459/850 2379/3007/4 2380/3008/4
f 2054/2459/850 2380/3008/4 2057/2462/850
f 2057/2462/850 2380/3008/4 2060/2465/850
f 2060/2465/850 2380/3008/4 2063/2468/850
f 2063/2468/850 2380/3008/4 2381/3009/1382
f 2380/3008/4 2379/3007/4 2382/3010/973
f 2380/3008/4 2382/3010/973 2383/3011/305
f 2380/3008/4 2383/3011/305 2381/3009/1382
f 2382/3010/973 2379/3007/4 2384/3012/973
f 2383/3011/305 2382/3010/973 2385/3013/312
f 2385/3013/312 2382/3010/973 2384/3012/973
f 2384/3012/973 2379/3007/4 473/516/316
f 2385/3013/312 2384/3012/973 370/405/312
f 370/405/312 2384/3012/973 473/516/316
f 473/516/316 2379/3007/4 475/518/405
f 2385/3013/312 370/405/312 367/402/310
f 2383/3011/305 2385/3013/312 2386/3014/1389
f 2386/3014/1389 2385/3013/312 367/402/310
f 2383/3011/305 2386/3014/1389 2387/3015/1390
f 2383/3011/305 2387/3015/1390 2381/3009/1382
f 370/405/312 473/516/316 371/406/312
f 2388/3016/704 2063/2468/850 2381/3009/1382
f 2063/2468/850 2388/3016/704 2066/2471/4
f 2066/2471/4 2388/3016/704 2069/2474/634
f 2069/2474/634 2388/3016/704 2072/2477/636
f 2072/2477/636 2388/3016/704 2076/2481/1391
f 2076/2481/1391 2388/3016/704 2389/3017/1392
f 2076/2481/1391 2389/3017/1392 2078/2483/1393
f 2388/3016/704 2381/3009/1382 2390/3018/1394
f 2388/3016/704 2390/3018/1394 2389/3017/1392
f 2390/3018/1394 2381/3009/1382 2391/3019/1395
f 2391/3019/1395 2381/3009/1382 2387/3015/1390
f 2389/3017/1392 2390/3018/1394 2392/3020/1396
f 2078/2483/1393 2389/3017/1392 2393/3021/1397
f 2393/3021/1397 2389/3017/1392 2392/3020/1396
f 2078/2483/1393 2393/3021/1397 2081/2486/531
f 2392/3020/1396 2390/3018/1394 2394/3022/1398
f 2394/3022/1398 2390/3018/1394 2391/3019/1395
f 2393/3021/1397 2392/3020/1396 2395/3023/1399
f 2081/2486/531 2393/3021/1397 2396/3024/1400
f 2396/3024/1400 2393/3021/1397 2395/3023/1399
f 2081/2486/531 2396/3024/1400 2397/3025/641
f 2081/2486/531 2397/3025/641 1516/2487/530
f 2397/3025/641 2396/3024/1400 2398/3026/354
f 2398/3026/354 2396/3024/1400 2395/3023/1399
f 2398/3026/354 2395/3023/1399 2399/3027/1315
f 2400/3028/1401 2395/3023/1399 2392/3020/1396
f 2395/3023/1399 2400/3028/1401 2399/3027/1315
f 2400/3028/1401 2392/3020/1396 2394/3022/1398
f 2399/3027/1315 2400/3028/1401 2401/3029/916
f 2401/3029/916 2400/3028/1401 2402/3030/1402
f 2402/3030/1402 2400/3028/1401 2394/3022/1398
f 2401/3029/916 2402/3030/1402 2403/3031/362
f 2402/3030/1402 2394/3022/1398 2404/3032/1403
f 2404/3032/1403 2394/3022/1398 2391/3019/1395
f 2403/3031/362 2402/3030/1402 2405/3033/1404
f 2405/3033/1404 2402/3030/1402 2404/3032/1403
f 2403/3031/362 2405/3033/1404 2406/3034/361
f 2404/3032/1403 2391/3019/1395 2407/3035/1405
f 2407/3035/1405 2391/3019/1395 2387/3015/1390
f 2405/3033/1404 2404/3032/1403 2408/3036/1406
f 2408/3036/1406 2404/3032/1403 2407/3035/1405
f 2406/3034/361 2405/3033/1404 2409/3037/1407
f 2409/3037/1407 2405/3033/1404 2408/3036/1406
f 2406/3034/361 2409/3037/1407 2410/3038/186
f 2407/3035/1405 2387/3015/1390 2411/3039/1408
f 2411/3039/1408 2387/3015/1390 2386/3014/1389
f 2408/3036/1406 2407/3035/1405 2412/3040/1409
f 2412/3040/1409 2407/3035/1405 2411/3039/1408
f 2409/3037/1407 2408/3036/1406 2413/3041/1410
f 2413/3041/1410 2408/3036/1406 2412/3040/1409
f 2410/3038/186 2409/3037/1407 2414/3042/1411
f 2414/3042/1411 2409/3037/1407 2413/3041/1410
f 2410/3038/186 2414/3042/1411 161/3043/114
f 2411/3039/1408 2386/3014/1389 2415/3044/1412
f 2415/3044/1412 2386/3014/1389 367/402/310
f 2412/3040/1409 2411/3039/1408 2416/3045/1413
f 2416/3045/1413 2411/3039/1408 2415/3044/1412
f 2413/3041/1410 2412/3040/1409 2417/3046/1414
f 2417/3046/1414 2412/3040/1409 2416/3045/1413
f 2414/3042/1411 2413/3041/1410 2418/3047/1415
f 2418/3047/1415 2413/3041/1410 2417/3046/1414
f 2414/3042/1411 2418/3047/1415 2419/3048/1416
f 2414/3042/1411 2419/3048/1416 161/3043/114
f 2416/3045/1413 2415/3044/1412 363/398/307
f 363/398/307 2415/3044/1412 367/402/310
f 2417/3046/1414 2416/3045/1413 362/397/306
f 362/397/306 2416/3045/1413 363/398/307
f 2418/3047/1415 2417/3046/1414 2420/3049/1417
f 2420/3049/1417 2417/3046/1414 362/397/306
f 2421/3050/1418 2419/3048/1416 2418/3047/1415
f 2421/3050/1418 2418/3047/1415 2420/3049/1417
f 2422/3051/1419 161/3043/114 2419/3048/1416
f 2422/3051/1419 2419/3048/1416 2421/3050/1418
f 161/3043/114 2422/3051/1419 154/3052/107
f 154/3052/107 2422/3051/1419 349/384/293
f 154/3052/107 349/384/293 152/383/105
f 2422/3051/1419 2421/3050/1418 350/385/294
f 2422/3051/1419 350/385/294 349/384/293
f 2420/3049/1417 352/387/296 2421/3050/1418
f 2421/3050/1418 352/387/296 350/385/294
f 352/387/296 2420/3049/1417 355/390/299
f 355/390/299 2420/3049/1417 362/397/306
f 2423/3053/1420 150/163/103 2363/2949/1379
f 150/163/103 2423/3053/1420 148/161/101
f 148/161/101 2423/3053/1420 160/173/113
f 2423/3053/1420 2363/2949/1379 2424/3054/1421
f 2424/3054/1421 2363/2949/1379 2365/2951/1381
f 160/173/113 2423/3053/1420 2425/3055/1422
f 2425/3055/1422 2423/3053/1420 2424/3054/1421
f 160/173/113 2425/3055/1422 161/174/114
f 161/174/114 2425/3055/1422 2426/3056/1423
f 2426/3056/1423 2425/3055/1422 2424/3054/1421
f 161/174/114 2426/3056/1423 2410/3057/186
f 2424/3054/1421 2365/2951/1381 2427/3058/1424
f 2424/3054/1421 2427/3058/1424 2426/3056/1423
f 2410/3057/186 2426/3056/1423 2428/3059/1425
f 2428/3059/1425 2426/3056/1423 2427/3058/1424
f 2410/3057/186 2428/3059/1425 2406/3060/361
f 2427/3058/1424 2365/2951/1381 2429/3061/1426
f 2429/3061/1426 2365/2951/1381 2364/2950/1380
f 2428/3059/1425 2427/3058/1424 2430/3062/1427
f 2430/3062/1427 2427/3058/1424 2429/3061/1426
f 2406/3060/361 2428/3059/1425 2431/3063/1428
f 2431/3063/1428 2428/3059/1425 2430/3062/1427
f 2406/3060/361 2431/3063/1428 2403/3064/362
f 2429/3061/1426 2364/2950/1380 2432/3065/1429
f 2432/3065/1429 2364/2950/1380 2362/2948/1378
f 2430/3062/1427 2429/3061/1426 2433/3066/1430
f 2433/3066/1430 2429/3061/1426 2432/3065/1429
f 2431/3063/1428 2430/3062/1427 2434/3067/1431
f 2434/3067/1431 2430/3062/1427 2433/3066/1430
f 2403/3064/362 2431/3063/1428 2435/3068/1432
f 2435/3068/1432 2431/3063/1428 2434/3067/1431
f 2403/3064/362 2435/3068/1432 2401/3069/916
f 2432/3065/1429 2362/2948/1378 2436/3070/1433
f 2436/3070/1433 2362/2948/1378 2357/2943/1375
f 2433/3066/1430 2432/3065/1429 2437/3071/1434
f 2437/3071/1434 2432/3065/1429 2436/3070/1433
f 2401/3069/916 2435/3068/1432 2438/3072/1435
f 2401/3069/916 2438/3072/1435 2399/3073/1315
f 2438/3072/1435 2435/3068/1432 2439/3074/1436
f 2439/3074/1436 2435/3068/1432 2434/3067/1431
f 2440/3075/1437 2434/3067/1431 2433/3066/1430
f 2434/3067/1431 2440/3075/1437 2439/3074/1436
f 2440/3075/1437 2433/3066/1430 2437/3071/1434
f 2399/3073/1315 2438/3072/1435 2441/3076/1438
f 2399/3073/1315 2441/3076/1438 2398/3077/354
f 2438/3072/1435 2439/3074/1436 2442/3078/1439
f 2438/3072/1435 2442/3078/1439 2441/3076/1438
f 2439/3074/1436 2440/3075/1437 2443/3079/1440
f 2439/3074/1436 2443/3079/1440 2442/3078/1439
f 2440/3075/1437 2437/3071/1434 2444/3080/1441
f 2440/3075/1437 2444/3080/1441 2443/3079/1440
f 2398/3077/354 2441/3076/1438 2445/3081/1442
f 2398/3077/354 2445/3081/1442 2397/3082/641
f 2397/3082/641 2445/3081/1442 1515/1661/574
f 2397/3082/641 1515/1661/574 1516/1662/530
f 2445/3081/1442 2441/3076/1438 2446/3083/1443
f 2445/3081/1442 2446/3083/1443 1515/1661/574
f 2446/3083/1443 2441/3076/1438 2442/3078/1439
f 1515/1661/574 2446/3083/1443 1512/1658/1444
f 2446/3083/1443 2442/3078/1439 2447/3084/1445
f 2446/3083/1443 2447/3084/1445 1512/1658/1444
f 2447/3084/1445 2442/3078/1439 2443/3079/1440
f 1512/1658/1444 2447/3084/1445 1508/1654/578
f 2447/3084/1445 2443/3079/1440 2448/3085/582
f 2447/3084/1445 2448/3085/582 1508/1654/578
f 2448/3085/582 2443/3079/1440 2444/3080/1441
f 1508/1654/578 2448/3085/582 1505/1651/582
f 1505/1651/582 2448/3085/582 1503/1649/698
f 1503/1649/698 2448/3085/582 1504/1650/588
f 1504/1650/588 2448/3085/582 1506/1652/699
f 1506/1652/699 2448/3085/582 2444/3080/1441
f 1506/1652/699 2444/3080/1441 2449/3086/1446
f 1506/1652/699 2449/3086/1446 1510/1656/699
f 1510/1656/699 2449/3086/1446 1521/1667/699
f 1521/1667/699 2449/3086/1446 1525/1671/699
f 2449/3086/1446 2444/3080/1441 2450/3087/1341
f 2450/3087/1341 2444/3080/1441 2437/3071/1434
f 2450/3087/1341 2437/3071/1434 2436/3070/1433
f 1525/1671/699 2449/3086/1446 2451/3088/1446
f 1525/1671/699 2451/3088/1446 1483/1626/699
f 2449/3086/1446 2450/3087/1341 2452/3089/1341
f 2449/3086/1446 2452/3089/1341 2451/3088/1446
f 2450/3087/1341 2436/3070/1433 2453/3090/155
f 2450/3087/1341 2453/3090/155 2452/3089/1341
f 2453/3090/155 2436/3070/1433 2357/2943/1375
f 2453/3090/155 2357/2943/1375 2358/2944/155
f 2452/3089/1341 2453/3090/155 2454/3091/1341
f 2454/3091/1341 2453/3090/155 2358/2944/155
f 2452/3089/1341 2454/3091/1341 2451/3088/1446
f 2454/3091/1341 2358/2944/155 2359/2945/1341
f 2454/3091/1341 2359/2945/1341 2451/3088/1446
f 1480/1623/699 1483/1626/699 2451/3088/1446
f 2451/3088/1446 2359/2945/1341 2455/3092/1447
f 2451/3088/1446 2455/3092/1447 1480/1623/699
f 1480/1623/699 2455/3092/1447 1478/1621/699
f 2455/3092/1447 2359/2945/1341 2351/2937/1370
f 1478/1621/699 2455/3092/1447 1479/1622/52
f 1479/1622/52 2455/3092/1447 2456/3093/545
f 1479/1622/52 2456/3093/545 1481/1624/698
f 1481/1624/698 2456/3093/545 1485/1628/1448
f 1485/1628/1448 2456/3093/545 1487/1630/542
f 2455/3092/1447 2351/2937/1370 2457/3094/1449
f 2457/3094/1449 2351/2937/1370 2343/2929/1363
f 2456/3093/545 2455/3092/1447 2458/3095/1450
f 2457/3094/1449 2343/2929/1363 2349/2935/1369
f 2458/3095/1450 2455/3092/1447 2459/3096/1451
f 2459/3096/1451 2455/3092/1447 2457/3094/1449
f 2456/3093/545 2458/3095/1450 2460/3097/1452
f 2456/3093/545 2460/3097/1452 1487/1630/542
f 2460/3097/1452 2458/3095/1450 1395/3098/1453
f 2460/3097/1452 1395/3098/1453 1394/3099/1454
f 2460/3097/1452 1394/3099/1454 1400/3100/1455
f 2460/3097/1452 1400/3100/1455 1487/1630/542
f 1487/1630/542 1400/3100/1455 1406/3101/537
f 1487/1630/542 1406/3101/537 1411/3102/537
f 1487/1630/542 1411/3102/537 1416/3103/548
f 1487/1630/542 1416/3103/548 1489/1632/548
f 1489/1632/548 1416/3103/548 1492/1635/541
f 1492/1635/541 1416/3103/548 1421/3104/697
f 1492/1635/541 1421/3104/697 517/1639/438
f 517/1639/438 1421/3104/697 518/3105/438
f 1398/3106/1456 1395/3098/1453 2458/3095/1450
f 1398/3106/1456 2458/3095/1450 1403/3107/1457
f 1403/3107/1457 2458/3095/1450 1408/3108/1458
f 1408/3108/1458 2458/3095/1450 1413/3109/1459
f 1413/3109/1459 2458/3095/1450 2461/3110/1460
f 1413/3109/1459 2461/3110/1460 1418/3111/1461
f 2461/3110/1460 2458/3095/1450 2462/3112/1462
f 2462/3112/1462 2458/3095/1450 2459/3096/1451
f 2462/3112/1462 2459/3096/1451 2463/3113/1463
f 2463/3113/1463 2459/3096/1451 2464/3114/1464
f 2464/3114/1464 2459/3096/1451 2465/3115/1464
f 2461/3110/1460 2462/3112/1462 2466/3116/1465
f 2465/3115/1464 2459/3096/1451 2457/3094/1449
f 2465/3115/1464 2457/3094/1449 2467/3117/1466
f 2467/3117/1466 2457/3094/1449 2468/3118/1467
f 2468/3118/1467 2457/3094/1449 2469/3119/1467
f 2469/3119/1467 2457/3094/1449 2349/2935/1369
f 2469/3119/1467 2349/2935/1369 2470/3120/201
f 2470/3120/201 2349/2935/1369 2471/3121/1468
f 2471/3121/1468 2349/2935/1369 2472/3122/1469
f 2472/3122/1469 2349/2935/1369 2350/2936/181
f 2471/3121/1468 2472/3122/1469 483/3123/411
f 2472/3122/1469 2350/2936/181 481/3124/182
f 483/3123/411 2472/3122/1469 482/3125/410
f 482/3125/410 2472/3122/1469 481/3124/182
f 2473/3126/1470 2461/3110/1460 2466/3116/1465
f 2473/3126/1470 2466/3116/1465 504/3127/429
f 2461/3110/1460 2473/3126/1470 1418/3111/1461
f 2473/3126/1470 504/3127/429 505/3128/429
f 2473/3126/1470 505/3128/429 1418/3111/1461
f 1418/3111/1461 505/3128/429 506/3129/429
f 2474/3130/1471 2475/3131/464 2476/3132/469
f 2476/3132/469 2475/3131/464 2477/3133/1472
f 2476/3132/469 2477/3133/1472 489/3134/1473
f 489/3134/1473 2477/3133/1472 488/3135/503
f 2476/3132/469 489/3134/1473 490/3136/1474
f 488/3135/503 2477/3133/1472 2478/3137/463
f 2478/3137/463 2477/3133/1472 2475/3131/464
f 488/3135/503 2478/3137/463 487/3138/1475
f 2476/3132/469 490/3136/1474 2479/3139/1476
f 2476/3132/469 2479/3139/1476 2474/3130/1471
f 2479/3139/1476 490/3136/1474 491/3140/1477
f 487/3138/1475 2478/3137/463 2480/3141/849
f 487/3138/1475 2480/3141/849 486/3142/500
f 2480/3141/849 2478/3137/463 2481/3143/453
f 2481/3143/453 2478/3137/463 2475/3131/464
f 486/3142/500 2480/3141/849 2482/3144/1478
f 486/3142/500 2482/3144/1478 485/3145/1479
f 2480/3141/849 2481/3143/453 2483/3146/555
f 2480/3141/849 2483/3146/555 2482/3144/1478
f 2481/3143/453 2475/3131/464 2484/3147/453
f 485/3145/1479 2482/3144/1478 2485/3148/1480
f 485/3145/1479 2485/3148/1480 484/3149/1481
f 2482/3144/1478 2483/3146/555 2486/3150/499
f 2482/3144/1478 2486/3150/499 2485/3148/1480
f 2483/3146/555 2481/3143/453 2487/3151/583
f 2487/3151/583 2481/3143/453 2484/3147/453
f 484/3149/1481 2485/3148/1480 2488/3152/1481
f 484/3149/1481 2488/3152/1481 483/3153/1482
f 2485/3148/1480 2486/3150/499 2489/3154/1483
f 2485/3148/1480 2489/3154/1483 2488/3152/1481
f 2488/3152/1481 2489/3154/1483 2490/3155/1482
f 2488/3152/1481 2490/3155/1482 483/3153/1482
f 483/3153/1482 2490/3155/1482 2491/3156/1482
f 2491/3156/1482 2490/3155/1482 2489/3154/1483
f 483/3153/1482 2491/3156/1482 2471/3157/1482
f 2491/3156/1482 2489/3154/1483 2492/3158/1484
f 2491/3156/1482 2492/3158/1484 2471/3157/1482
f 2492/3158/1484 2489/3154/1483 2486/3150/499
f 2471/3157/1482 2492/3158/1484 2470/3159/1485
f 2492/3158/1484 2486/3150/499 2493/3160/1486
f 2492/3158/1484 2493/3160/1486 2470/3159/1485
f 2493/3160/1486 2486/3150/499 2483/3146/555
f 2493/3160/1486 2483/3146/555 2487/3151/583
f 2470/3159/1485 2493/3160/1486 2469/3161/499
f 2469/3161/499 2493/3160/1486 2487/3151/583
f 2469/3161/499 2487/3151/583 2468/3162/555
f 2468/3162/555 2487/3151/583 2484/3147/453
f 2468/3162/555 2484/3147/453 2467/3163/496
f 2467/3163/496 2484/3147/453 2494/3164/380
f 2494/3164/380 2484/3147/453 2475/3131/464
f 2467/3163/496 2494/3164/380 2465/3165/380
f 2494/3164/380 2475/3131/464 2495/3166/1487
f 2494/3164/380 2495/3166/1487 2465/3165/380
f 2495/3166/1487 2475/3131/464 2474/3130/1471
f 2465/3165/380 2495/3166/1487 2464/3167/1488
f 2464/3167/1488 2495/3166/1487 2496/3168/512
f 2496/3168/512 2495/3166/1487 2474/3130/1471
f 2464/3167/1488 2496/3168/512 2463/3169/1489
f 2496/3168/512 2474/3130/1471 2497/3170/1490
f 2497/3170/1490 2474/3130/1471 2479/3139/1476
f 2463/3169/1489 2496/3168/512 2498/3171/1491
f 2498/3171/1491 2496/3168/512 2497/3170/1490
f 2463/3169/1489 2498/3171/1491 2462/3172/1492
f 2497/3170/1490 2479/3139/1476 2499/3173/1493
f 2499/3173/1493 2479/3139/1476 491/3140/1477
f 2499/3173/1493 491/3140/1477 492/3174/1494
f 2497/3170/1490 2499/3173/1493 2500/3175/1495
f 2497/3170/1490 2500/3175/1495 2498/3171/1491
f 2499/3173/1493 492/3174/1494 2501/3176/1496
f 2499/3173/1493 2501/3176/1496 2500/3175/1495
f 2501/3176/1496 492/3174/1494 496/3177/1496
f 2501/3176/1496 496/3177/1496 504/3178/1496
f 2500/3175/1495 2501/3176/1496 2502/3179/1496
f 2502/3179/1496 2501/3176/1496 504/3178/1496
f 2498/3171/1491 2500/3175/1495 2503/3180/1497
f 2503/3180/1497 2500/3175/1495 2502/3179/1496
f 2503/3180/1497 2502/3179/1496 504/3178/1496
f 2498/3171/1491 2503/3180/1497 2462/3172/1492
f 2503/3180/1497 504/3178/1496 2466/3181/1496
f 2503/3180/1497 2466/3181/1496 2462/3172/1492
f 1786/3182/607 436/471/368 424/459/360
f 1786/3182/607 424/459/360 2504/3183/525
f 1786/3182/607 2504/3183/525 1787/3184/1498
f 2504/3183/525 424/459/360 415/450/351
f 1787/3184/1498 2504/3183/525 2505/3185/350
f 2505/3185/350 2504/3183/525 415/450/351
f 1787/3184/1498 2505/3185/350 1788/3186/345
f 2505/3185/350 415/450/351 414/449/350
f 1788/3186/345 2505/3185/350 2506/3187/601
f 2506/3187/601 2505/3185/350 414/449/350
f 1788/3186/345 2506/3187/601 1789/3188/604
f 2506/3187/601 414/449/350 409/444/345
f 1789/3188/604 2506/3187/601 2507/3189/1499
f 2507/3189/1499 2506/3187/601 409/444/345
f 1789/3188/604 2507/3189/1499 1790/3190/606
f 2507/3189/1499 409/444/345 2508/3191/604
f 2508/3191/604 409/444/345 405/440/342
f 1790/3190/606 2507/3189/1499 2509/3192/649
f 2509/3192/649 2507/3189/1499 2508/3191/604
f 1790/3190/606 2509/3192/649 1792/3193/609
f 2508/3191/604 405/440/342 410/445/346
f 1792/3193/609 2509/3192/649 2510/3194/609
f 1792/3193/609 2510/3194/609 1794/3195/1500
f 2509/3192/649 2508/3191/604 2511/3196/105
f 2509/3192/649 2511/3196/105 2510/3194/609
f 2511/3196/105 2508/3191/604 410/445/346
f 1794/3195/1500 2510/3194/609 2512/3197/609
f 2512/3197/609 2510/3194/609 2511/3196/105
f 2511/3196/105 410/445/346 2513/3198/347
f 2511/3196/105 2513/3198/347 2512/3197/609
f 2512/3197/609 2513/3198/347 1794/3195/1500
f 2513/3198/347 410/445/346 411/446/347
f 2513/3198/347 411/446/347 1794/3195/1500
f 322/350/748 1319/1444/747 1323/1448/752
f 2514/3199/570 2515/3200/1501 2516/3201/569
f 2514/3199/570 2516/3201/569 1829/3202/111
f 1829/3202/111 2516/3201/569 2011/3203/569
f 2514/3199/570 1829/3202/111 2517/3204/570
f 2514/3199/570 2517/3204/570 2515/3200/1501
f 2517/3204/570 1829/3202/111 1828/3205/570
f 2011/3203/569 2516/3201/569 2518/3206/1502
f 2518/3206/1502 2516/3201/569 2515/3200/1501
f 2011/3203/569 2518/3206/1502 2010/3207/1503
f 2517/3204/570 1828/3205/570 2519/3208/1504
f 2517/3204/570 2519/3208/1504 2515/3200/1501
f 2519/3208/1504 1828/3205/570 1827/3209/1505
f 2010/3207/1503 2518/3206/1502 2520/3210/1506
f 2518/3206/1502 2515/3200/1501 2521/3211/1507
f 2521/3211/1507 2515/3200/1501 2519/3208/1504
f 2518/3206/1502 2521/3211/1507 2520/3210/1506
f 2010/3207/1503 2520/3210/1506 2009/3212/1508
f 2519/3208/1504 1827/3209/1505 2522/3213/1509
f 2519/3208/1504 2522/3213/1509 2521/3211/1507
f 2522/3213/1509 1827/3209/1505 1826/3214/1507
f 2009/3212/1508 2520/3210/1506 2523/3215/1510
f 2520/3210/1506 2521/3211/1507 2524/3216/1511
f 2524/3216/1511 2521/3211/1507 2522/3213/1509
f 2520/3210/1506 2524/3216/1511 2523/3215/1510
f 2009/3212/1508 2523/3215/1510 2008/3217/1511
f 2522/3213/1509 1826/3214/1507 2525/3218/1500
f 2522/3213/1509 2525/3218/1500 2524/3216/1511
f 2525/3218/1500 1826/3214/1507 1825/3219/1511
f 2008/3217/1511 2523/3215/1510 2526/3220/1512
f 2523/3215/1510 2524/3216/1511 2527/3221/1293
f 2527/3221/1293 2524/3216/1511 2525/3218/1500
f 2523/3215/1510 2527/3221/1293 2526/3220/1512
f 2008/3217/1511 2526/3220/1512 2007/3222/1305
f 2525/3218/1500 1825/3219/1511 2528/3223/1513
f 2525/3218/1500 2528/3223/1513 2527/3221/1293
f 2528/3223/1513 1825/3219/1511 1824/3224/1293
f 2007/3222/1305 2526/3220/1512 2529/3225/599
f 2526/3220/1512 2527/3221/1293 2530/3226/603
f 2530/3226/603 2527/3221/1293 2528/3223/1513
f 2526/3220/1512 2530/3226/603 2529/3225/599
f 2007/3222/1305 2529/3225/599 2005/3227/340
f 2528/3223/1513 1824/3224/1293 2531/3228/603
f 2528/3223/1513 2531/3228/603 2530/3226/603
f 2531/3228/603 1824/3224/1293 1821/3229/604
f 2005/3227/340 2529/3225/599 2532/3230/1514
f 2005/3227/340 2532/3230/1514 2004/3231/1515
f 2529/3225/599 2530/3226/603 2533/3232/345
f 2533/3232/345 2530/3226/603 2531/3228/603
f 2529/3225/599 2533/3232/345 2532/3230/1514
f 2531/3228/603 1821/3229/604 2534/3233/1516
f 2531/3228/603 2534/3233/1516 2533/3232/345
f 2534/3233/1516 1821/3229/604 1820/3234/1517
f 2004/3231/1515 2532/3230/1514 2535/3235/1518
f 2535/3235/1518 2532/3230/1514 2533/3232/345
f 2004/3231/1515 2535/3235/1518 2002/3236/1307
f 2534/3233/1516 1820/3234/1517 2536/3237/917
f 2534/3233/1516 2536/3237/917 2533/3232/345
f 2536/3237/917 1820/3234/1517 1818/3238/1519
f 2002/3236/1307 2535/3235/1518 2537/3239/1520
f 2535/3235/1518 2533/3232/345 2538/3240/350
f 2538/3240/350 2533/3232/345 2536/3237/917
f 2535/3235/1518 2538/3240/350 2537/3239/1520
f 2002/3236/1307 2537/3239/1520 2001/3241/1521
f 2536/3237/917 1818/3238/1519 2539/3242/1522
f 2536/3237/917 2539/3242/1522 2538/3240/350
f 2539/3242/1522 1818/3238/1519 1817/3243/607
f 2001/3241/1521 2537/3239/1520 2540/3244/1523
f 2537/3239/1520 2538/3240/350 2541/3245/515
f 2541/3245/515 2538/3240/350 2539/3242/1522
f 2537/3239/1520 2541/3245/515 2540/3244/1523
f 2001/3241/1521 2540/3244/1523 1999/3246/1524
f 2539/3242/1522 1817/3243/607 2542/3247/1525
f 2539/3242/1522 2542/3247/1525 2541/3245/515
f 2542/3247/1525 1817/3243/607 1814/3248/1526
f 1999/3246/1524 2540/3244/1523 2543/3249/354
f 1999/3246/1524 2543/3249/354 2000/3250/1313
f 2000/3250/1313 2543/3249/354 1816/3251/1313
f 2544/3252/217 2540/3244/1523 2541/3245/515
f 2544/3252/217 2541/3245/515 2542/3247/1525
f 2540/3244/1523 2544/3252/217 2543/3249/354
f 1816/3251/1313 2543/3249/354 2545/3253/1313
f 2545/3253/1313 2543/3249/354 2544/3252/217
f 1816/3251/1313 2545/3253/1313 2546/3254/367
f 2546/3254/367 2545/3253/1313 2544/3252/217
f 2546/3254/367 2544/3252/217 2542/3247/1525
f 2546/3254/367 2542/3247/1525 1814/3248/1526
f 1816/3251/1313 2546/3254/367 1815/3255/1313
f 1815/3255/1313 2546/3254/367 1814/3248/1526
f 2339/3256/555 2337/3257/499 2547/3258/555
f 2547/3258/555 2337/3257/499 2548/3259/499
f 2548/3259/499 2337/3257/499 2336/3260/1527
f 2339/3256/555 2547/3258/555 2549/3261/1528
f 2339/3256/555 2549/3261/1528 2340/3262/1529
f 2547/3258/555 2548/3259/499 2550/3263/555
f 2547/3258/555 2550/3263/555 2549/3261/1528
f 2548/3259/499 2336/3260/1527 2551/3264/1530
f 2551/3264/1530 2336/3260/1527 2335/3265/1531
f 2340/3262/1529 2549/3261/1528 2552/3266/411
f 2548/3259/499 2551/3264/1530 2553/3267/499
f 2548/3259/499 2553/3267/499 2550/3263/555
f 2340/3262/1529 2552/3266/411 2341/3268/380
f 2551/3264/1530 2335/3265/1531 2554/3269/1532
f 2554/3269/1532 2335/3265/1531 2334/3270/185
f 2553/3267/499 2551/3264/1530 2555/3271/1527
f 2555/3271/1527 2551/3264/1530 2554/3269/1532
f 2341/3268/380 2552/3266/411 2556/3272/1533
f 2341/3268/380 2556/3272/1533 2344/3273/1534
f 2554/3269/1532 2334/3270/185 2557/3274/185
f 2557/3274/185 2334/3270/185 457/3275/185
f 2555/3271/1527 2554/3269/1532 2558/3276/1535
f 2558/3276/1535 2554/3269/1532 2557/3274/185
f 2558/3276/1535 2557/3274/185 2559/3277/185
f 2559/3277/185 2557/3274/185 457/3275/185
f 2559/3277/185 457/3275/185 2560/3278/1536
f 2559/3277/185 2560/3278/1536 2558/3276/1535
f 2560/3278/1536 457/3275/185 456/3279/1536
f 2558/3276/1535 2560/3278/1536 2561/3280/1537
f 2561/3280/1537 2560/3278/1536 456/3279/1536
f 2558/3276/1535 2561/3280/1537 2555/3271/1527
f 2561/3280/1537 456/3279/1536 458/3281/1538
f 2555/3271/1527 2561/3280/1537 2562/3282/1539
f 2562/3282/1539 2561/3280/1537 458/3281/1538
f 2555/3271/1527 2562/3282/1539 2553/3267/499
f 2562/3282/1539 458/3281/1538 460/3283/1540
f 2553/3267/499 2562/3282/1539 2563/3284/500
f 2563/3284/500 2562/3282/1539 460/3283/1540
f 2563/3284/500 460/3283/1540 463/3285/500
f 2553/3267/499 2563/3284/500 2550/3263/555
f 2563/3284/500 463/3285/500 2564/3286/1475
f 2563/3284/500 2564/3286/1475 2550/3263/555
f 2564/3286/1475 463/3285/500 466/3287/1475
f 2564/3286/1475 466/3287/1475 2565/3288/1541
f 2564/3286/1475 2565/3288/1541 2550/3263/555
f 2565/3288/1541 466/3287/1475 467/3289/1542
f 2550/3263/555 2565/3288/1541 2566/3290/496
f 2550/3263/555 2566/3290/496 2549/3261/1528
f 2549/3261/1528 2566/3290/496 2552/3266/411
f 2565/3288/1541 467/3289/1542 2567/3291/411
f 2565/3288/1541 2567/3291/411 2566/3290/496
f 2567/3291/411 467/3289/1542 468/3292/1473
f 2552/3266/411 2566/3290/496 2568/3293/464
f 2568/3293/464 2566/3290/496 2567/3291/411
f 2552/3266/411 2568/3293/464 2556/3272/1533
f 2567/3291/411 468/3292/1473 2569/3294/1543
f 2567/3291/411 2569/3294/1543 2568/3293/464
f 2569/3294/1543 468/3292/1473 471/3295/1544
f 2556/3272/1533 2568/3293/464 2570/3296/468
f 2570/3296/468 2568/3293/464 2569/3294/1543
f 2569/3294/1543 471/3295/1544 2571/3297/1545
f 2569/3294/1543 2571/3297/1545 2570/3296/468
f 2571/3297/1545 471/3295/1544 474/3298/1546
f 2556/3272/1533 2570/3296/468 2572/3299/1547
f 2556/3272/1533 2572/3299/1547 2344/3273/1534
f 2344/3273/1534 2572/3299/1547 2345/3300/1548
f 2572/3299/1547 2570/3296/468 2573/3301/475
f 2573/3301/475 2570/3296/468 2571/3297/1545
f 2345/3300/1548 2572/3299/1547 2574/3302/1549
f 2574/3302/1549 2572/3299/1547 2573/3301/475
f 2345/3300/1548 2574/3302/1549 2350/3303/1549
f 2350/3303/1549 2574/3302/1549 481/3304/1549
f 2574/3302/1549 2573/3301/475 2575/3305/1549
f 2574/3302/1549 2575/3305/1549 481/3304/1549
f 2573/3301/475 2571/3297/1545 2576/3306/1549
f 2573/3301/475 2576/3306/1549 2575/3305/1549
f 2576/3306/1549 2571/3297/1545 474/3298/1546
f 2575/3305/1549 2576/3306/1549 481/3304/1549
f 2576/3306/1549 474/3298/1546 478/3307/1549
f 2576/3306/1549 478/3307/1549 481/3304/1549
f 132/3308/87 39/3309/29 129/3310/85
f 129/3310/85 39/3309/29 42/3311/31
f 39/3309/29 132/3308/87 35/3312/26
f 129/3310/85 42/3311/31 125/3313/82
f 35/3312/26 132/3308/87 100/3314/67
f 125/3313/82 42/3311/31 46/3315/33
f 35/3312/26 100/3314/67 34/3316/25
f 125/3313/82 46/3315/33 51/3317/36
f 34/3316/25 100/3314/67 96/3318/63
f 125/3313/82 51/3317/36 122/3319/80
f 34/3316/25 96/3318/63 2126/3320/1277
f 122/3319/80 51/3317/36 119/3321/78
f 2126/3320/1277 96/3318/63 94/3322/61
f 119/3321/78 51/3317/36 14/3323/10
f 2126/3320/1277 94/3322/61 93/3324/60
f 119/3321/78 14/3323/10 1/3325/1
f 2126/3320/1277 93/3324/60 2128/3326/1279
f 119/3321/78 1/3325/1 115/3327/76
f 2128/3326/1279 93/3324/60 95/3328/62
f 115/3327/76 1/3325/1 110/3329/74
f 2128/3326/1279 95/3328/62 2130/3330/1281
f 110/3329/74 1/3325/1 3/3331/3
f 110/3329/74 3/3331/3 2142/3332/1289
f 110/3329/74 2142/3332/1289 108/3333/73
f 2130/3330/1281 95/3328/62 98/3334/65
f 2130/3330/1281 98/3334/65 2133/3335/1283
f 2133/3335/1283 98/3334/65 103/3336/69
f 2133/3335/1283 103/3336/69 2137/3337/1285
f 2137/3337/1285 103/3336/69 106/3338/71
f 2137/3337/1285 106/3338/71 2140/3339/1287
f 2140/3339/1287 106/3338/71 2142/3340/1289
f 2142/3340/1289 106/3338/71 108/3341/73
