# CS2 body mesh, tools/cs2_glb_to_obj.py
v -0.00021 0.12072 0.0324
v 0.00578 0.1219 0.0324
v -0.00623 0.12182 0.0324
v 0.01104 0.12522 0.0324
v 0.01493 0.13026 0.0324
v 0.01698 0.13644 0.0324
v 0.01694 0.14299 0.0324
v 0.01087 0.15412 0.0324
v 0.01482 0.14913 0.0324
v -0.0117 0.15397 0.0324
v -0.00044 0.15846 0.0324
v 0.00557 0.15737 0.0324
v -0.00644 0.15728 0.0324
v -0.01764 0.14275 0.0324
v -0.01559 0.14892 0.0324
v -0.01548 0.13005 0.0324
v -0.0176 0.13619 0.0324
v -0.01153 0.12506 0.0324
v -0.00177 -0.19043 -0.5
v -0.01255 -0.1905 -0.49728
v -0.00709 -0.19011 -0.49909
v 0.01213 -0.1905 -0.49728
v 0.00136 -0.19043 -0.5
v 0.00668 -0.19011 -0.49909
v 0.00645 0.09065 0.01715
v 0.00486 0.09302 0.01715
v 0.007 0.08784 0.01715
v 0.00645 0.08504 0.01715
v 0.00486 0.08267 0.01715
v 0.00249 0.08108 0.01715
v -0.00031 0.08053 0.01715
v -0.00549 0.08267 0.01715
v -0.00311 0.08108 0.01715
v 0.00249 0.0946 0.01715
v -0.00031 0.09516 0.01715
v -0.00549 0.09302 0.01715
v -0.00311 0.0946 0.01715
v -0.00763 0.08784 0.01715
v -0.00707 0.09065 0.01715
v -0.00707 0.08504 0.01715
v -0.02715 -0.19046 -0.48993
v -0.02119 -0.18999 -0.49352
v 0.02674 -0.19046 -0.48993
v 0.02077 -0.18999 -0.49352
v -0.00021 0.05864 0.01213
v -0.00021 0.05905 0.01222
v -0.02424 0.05842 0.01203
v -0.00021 0.05842 0.01203
v 0.02383 0.05842 0.01203
v 0.02502 0.05923 0.01221
v -0.02556 0.05923 0.01221
v -0.02525 0.10661 0.01223
v -0.02558 0.10576 0.01203
v -0.02427 0.10691 0.01231
v -0.02427 0.0606 0.01231
v 0.02385 0.0606 0.01231
v 0.02484 0.10661 0.01223
v 0.02386 0.10691 0.01231
v -0.00021 0.05975 0.01227
v -0.00021 0.0606 0.01231
v 0.01935 0.0723 0.01231
v -0.00021 0.06661 0.01231
v 0.02042 0.10691 0.0123
v -0.01976 0.0723 0.01231
v -0.02083 0.10691 0.0123
v -0.01922 0.08869 0.01223
v -0.01926 0.10671 0.01219
v -0.00021 0.07082 0.01231
v -0.01652 0.08107 0.01228
v -0.01748 0.08609 0.01193
v -0.01454 0.0823 0.01193
v -0.00823 0.07785 0.01193
v -0.00848 0.07597 0.01222
v -0.00021 0.07547 0.01193
v -0.00021 0.07388 0.01222
v 0.00807 0.07597 0.01222
v 0.00781 0.07785 0.01193
v 0.01611 0.08107 0.01228
v 0.01413 0.0823 0.01193
v 0.01707 0.08609 0.01193
v 0.01881 0.08869 0.01223
v 0.01801 0.08949 0.01193
v 0.01885 0.10671 0.01219
v 0.01832 0.09285 0.01193
v 0.01832 0.10612 0.01193
v 0.02536 0.10576 0.01203
v -0.03271 -0.16698 -0.47951
v -0.02258 -0.16698 -0.47951
v -0.03271 -0.16824 -0.47828
v -0.02258 -0.16824 -0.47828
v 0.02255 -0.16477 -0.48126
v 0.03268 -0.16477 -0.48126
v 0.02255 -0.16608 -0.48008
v 0.03268 -0.16608 -0.48008
v -0.01874 0.10612 0.01193
v -0.01874 0.09285 0.01193
v -0.01842 0.08949 0.01193
v -0.03093 -0.1742 -0.47417
v -0.03259 -0.1742 -0.47346
v -0.03258 -0.17277 -0.47564
v -0.03093 -0.17362 -0.47696
v 0.03052 -0.1742 -0.47417
v 0.03052 -0.17362 -0.47696
v 0.03217 -0.17277 -0.47564
v 0.03217 -0.1742 -0.47346
v 0.02255 -0.16664 -0.47806
v 0.03268 -0.16664 -0.47806
v -0.03271 -0.16874 -0.47625
v -0.02258 -0.16874 -0.47625
v 0.02255 -0.17197 -0.40733
v 0.03268 -0.17197 -0.40733
v 0.02255 -0.17239 -0.40657
v 0.03268 -0.17239 -0.40657
v -0.03271 -0.17109 -0.40785
v -0.02258 -0.17109 -0.40785
v -0.03271 -0.17145 -0.40706
v -0.02258 -0.17145 -0.40706
v 0.03216 -0.16682 -0.40936
v 0.0311 -0.16479 -0.41352
v 0.03211 -0.16229 -0.41771
v -0.01611 0.07775 -0.02009
v -0.01592 0.07885 -0.0197
v -0.02339 0.07925 -0.01968
v -0.03271 -0.17051 -0.40856
v -0.02258 -0.17051 -0.40856
v -0.03271 -0.16419 -0.41472
v -0.03271 -0.16249 -0.41955
v -0.02258 -0.16419 -0.41472
v -0.02258 -0.16249 -0.41955
v 0.02255 -0.17259 -0.40569
v 0.03268 -0.17259 -0.40569
v -0.00021 -0.19047 -0.49952
v -0.00021 -0.1908 -0.49612
v -0.00021 -0.1904 -0.4999
v -0.00587 -0.19085 -0.49559
v -0.00021 -0.19086 -0.49392
v 0.00545 -0.19085 -0.49559
v -0.00021 -0.1909 -0.4865
v -0.02652 -0.1909 -0.48687
v 0.0261 -0.1909 -0.48687
v 0.02939 -0.19043 -0.48771
v 0.03214 -0.19055 -0.48282
v -0.02981 -0.19043 -0.48771
v 0.0301 -0.19087 -0.46983
v -0.03256 -0.19055 -0.48282
v -0.03147 -0.19016 -0.48563
v -0.03051 -0.19087 -0.46983
v -0.03255 -0.19034 -0.46937
v -0.01246 -0.19075 -0.4695
v -0.00021 -0.19089 -0.47854
v -0.00021 -0.19086 -0.46966
v -0.00021 -0.19077 -0.46949
v 0.01204 -0.19075 -0.4695
v 0.03214 -0.19034 -0.46937
v 0.03106 -0.19016 -0.48563
v -0.03271 -0.17161 -0.40616
v -0.02258 -0.17161 -0.40616
v 0.02255 -0.17134 -0.40797
v 0.03268 -0.17134 -0.40797
v -0.03271 -0.16786 -0.41115
v -0.02258 -0.16786 -0.41115
v -0.02833 -0.18203 -0.40832
v -0.02988 -0.18167 -0.40579
v -0.02772 -0.1818 -0.41504
v 0.02946 -0.18167 -0.40579
v 0.02791 -0.18203 -0.40832
v 0.02731 -0.1818 -0.41504
v -0.02552 -0.18204 -0.43451
v -0.02728 -0.18181 -0.42568
v -0.02776 -0.18182 -0.4336
v -0.02901 -0.18203 -0.44462
v -0.02953 -0.18165 -0.4423
v -0.03254 -0.18183 -0.44593
v -0.02077 -0.18203 -0.4639
v -0.02451 -0.18186 -0.46734
v -0.03259 -0.18183 -0.46747
v -0.00021 -0.18195 -0.46561
v -0.00021 -0.18186 -0.46735
v -0.00021 -0.18203 -0.46403
v 0.0241 -0.18186 -0.46734
v 0.02036 -0.18203 -0.4639
v 0.03213 -0.18183 -0.44593
v 0.03217 -0.18183 -0.46747
v 0.0286 -0.18203 -0.44462
v 0.03268 -0.16843 -0.41025
v 0.02255 -0.16843 -0.41025
v 0.02255 -0.16488 -0.414
v 0.03268 -0.16488 -0.414
v -0.03271 -0.1614 -0.42489
v -0.02258 -0.1614 -0.42489
v 0.03268 -0.16959 -0.44204
v 0.02255 -0.16959 -0.44204
v -0.01613 -0.18203 -0.3734
v -0.00021 -0.18203 -0.37306
v -0.00719 -0.18183 -0.36432
v -0.00021 -0.18189 -0.367
v -0.01494 -0.18183 -0.36533
v -0.03155 -0.18184 -0.37531
v -0.02874 -0.1817 -0.37166
v -0.02202 -0.18151 -0.36768
v -0.0292 -0.18203 -0.38449
v -0.03254 -0.18179 -0.37884
v -0.03257 -0.18181 -0.40322
v -0.00021 -0.18182 -0.36476
v -0.00021 -0.18175 -0.36446
v -0.00021 -0.18165 -0.36426
v 0.00678 -0.18183 -0.36432
v 0.01571 -0.18203 -0.3734
v 0.01454 -0.18183 -0.36533
v 0.03113 -0.18184 -0.37531
v 0.02833 -0.1817 -0.37166
v 0.02878 -0.18203 -0.38449
v 0.03213 -0.18179 -0.37884
v 0.03217 -0.18181 -0.40322
v 0.02912 -0.18165 -0.4423
v 0.02735 -0.18182 -0.4336
v 0.02511 -0.18204 -0.43451
v 0.02688 -0.18181 -0.42568
v -0.03271 -0.16985 -0.4426
v -0.03271 -0.16914 -0.45438
v -0.02258 -0.16985 -0.4426
v -0.02258 -0.16914 -0.45438
v -0.02258 -0.17262 -0.38294
v -0.03271 -0.17262 -0.38294
v 0.03268 -0.17333 -0.3844
v 0.02255 -0.17333 -0.3844
v -0.03271 -0.16493 -0.47994
v -0.02258 -0.16493 -0.47994
v 0.02255 -0.16271 -0.48162
v 0.03268 -0.16271 -0.48162
v 0.02255 -0.17314 -0.3823
v 0.03268 -0.17314 -0.3823
v 0.02255 -0.16955 -0.44114
v 0.03268 -0.16955 -0.44114
v -0.03271 -0.17234 -0.38085
v -0.02258 -0.17234 -0.38085
v -0.03271 -0.16978 -0.44169
v -0.02258 -0.16978 -0.44169
v 0.02161 -0.18151 -0.36768
v 0.03268 -0.16879 -0.43955
v 0.03268 -0.16375 -0.43346
v 0.02255 -0.16879 -0.43955
v 0.02255 -0.16375 -0.43346
v 0.03268 -0.16213 -0.42875
v 0.02255 -0.16213 -0.42875
v 0.02255 -0.16174 -0.42406
v 0.03268 -0.16174 -0.42406
v 0.03268 -0.16289 -0.41873
v 0.02255 -0.16289 -0.41873
v -0.03271 -0.16211 -0.42973
v -0.02258 -0.16211 -0.42973
v -0.00021 0.09079 -0.482
v 0.02482 0.09076 -0.48201
v -0.00021 0.08864 -0.48259
v -0.02523 0.09076 -0.48201
v -0.00021 0.09722 -0.48022
v 0.02574 0.08872 -0.48257
v 0.015 0.09688 -0.48032
v 0.02485 0.10418 -0.4783
v 0.02491 0.11672 -0.47484
v 0.01237 0.11676 -0.47483
v 0.02862 0.08633 -0.48323
v 0.02968 0.09082 -0.48199
v 0.0302 0.09078 -0.482
v 0.01096 0.09895 -0.47975
v 0.00951 0.11643 -0.47492
v 0.00955 0.09951 -0.47959
v -0.00021 0.09732 -0.48019
v -0.01541 0.09688 -0.48032
v -0.00021 0.0974 -0.48017
v -0.00021 0.09903 -0.47972
v -0.00021 0.09933 -0.47964
v -0.00021 0.09951 -0.47959
v -0.00996 0.09951 -0.47959
v -0.01137 0.09895 -0.47975
v -0.00992 0.11643 -0.47492
v -0.01278 0.11676 -0.47483
v -0.02533 0.11672 -0.47484
v -0.02525 0.10418 -0.4783
v -0.03009 0.09082 -0.48199
v -0.02903 0.08633 -0.48323
v -0.03061 0.09078 -0.482
v -0.02615 0.08872 -0.48257
v -0.02525 0.08327 -0.48407
v -0.03028 0.06118 -0.49018
v -0.02913 0.06038 -0.4904
v -0.02613 0.0594 -0.49067
v -0.00021 0.08587 -0.48336
v 0.02484 0.08327 -0.48407
v -0.00021 0.08232 -0.48434
v -0.00021 0.07055 -0.48759
v -0.00021 0.05933 -0.49069
v 0.02572 0.0594 -0.49067
v -0.00029 0.05014 -0.49322
v -0.01183 0.05228 -0.49263
v 0.01134 0.05249 -0.49257
v 0.02872 0.06038 -0.4904
v 0.02987 0.06118 -0.49017
v -0.00375 0.05057 -0.49311
v 0.00333 0.05057 -0.49311
v -0.02516 0.1065 -0.47821
v -0.0265 0.10441 -0.47883
v -0.02656 0.1065 -0.47839
v -0.00021 -0.17373 -0.49985
v -0.00021 -0.17383 -0.49985
v 0.00337 -0.17387 -0.49958
v 0.00666 -0.17371 -0.49891
v 0.00663 -0.14789 -0.49728
v 0.00315 -0.14786 -0.49796
v -0.00021 -0.14745 -0.49815
v 0.00645 -0.13083 -0.49558
v 0.00299 -0.13076 -0.49623
v -0.00021 -0.13017 -0.49628
v 0.00659 -0.11187 -0.49236
v -0.00021 -0.12324 -0.49511
v 0.00312 -0.11048 -0.49281
v 0.02475 0.1065 -0.47821
v 0.0261 0.10441 -0.47883
v 0.02614 0.1065 -0.47839
v -0.00021 -0.11089 -0.49306
v -0.00021 -0.07513 -0.48506
v 0.0032 -0.07358 -0.48444
v -0.00021 -0.05688 -0.48037
v 0.0067 -0.07484 -0.48406
v 0.00304 -0.05631 -0.48
v -0.00021 -0.04466 -0.4765
v 0.0065 -0.05548 -0.47911
v 0.00294 -0.03824 -0.47431
v -0.00021 -0.03882 -0.47466
v 0.00651 -0.03754 -0.47338
v -0.00021 -0.02365 -0.46905
v 0.00511 -0.02293 -0.46827
v -0.00022 -0.0123 -0.46424
v 0.00548 -0.01225 -0.46361
v 0.00497 -0.00129 -0.45815
v -0.00021 -0.00593 -0.46098
v -0.00021 -0.00134 -0.45862
v 0.00496 0.01067 -0.45138
v -0.00021 0.01235 -0.45099
v 0.00495 0.01515 -0.44957
v -0.00021 0.01765 -0.44959
v 0.00478 0.01886 -0.4491
v -0.00021 0.02224 -0.44965
v 0.00509 0.02233 -0.44919
v -0.00021 0.02233 -0.44968
v -0.00021 0.02597 -0.45034
v 0.00504 0.02759 -0.45047
v -0.00021 0.02699 -0.45059
v -0.00021 0.02978 -0.45163
v 0.00323 0.031 -0.45214
v 0.00747 0.03552 -0.4539
v -0.00021 0.03088 -0.45216
v -0.00021 0.03334 -0.45391
v 0.00345 0.03513 -0.45492
v -0.00021 0.03475 -0.45486
v -0.00021 0.03698 -0.45777
v 0.00467 0.03702 -0.45645
v -0.00021 0.03965 -0.46242
v 0.00369 0.03893 -0.45976
v 0.00375 0.04076 -0.46345
v 0.00404 0.04346 -0.47032
v -0.00021 0.0441 -0.47399
v -0.00021 0.04707 -0.48309
v -0.00021 0.05012 -0.49239
v -0.03097 -0.17638 -0.47409
v -0.03257 -0.177 -0.47375
v 0.03056 -0.17638 -0.47409
v 0.03216 -0.177 -0.47375
v -0.03364 0.08071 -0.46152
v -0.03021 0.08029 -0.46156
v -0.03364 0.07314 -0.46152
v -0.03021 0.07355 -0.46156
v 0.03313 0.08071 -0.46152
v 0.03313 0.07314 -0.46152
v 0.0297 0.08029 -0.46156
v 0.0297 0.07355 -0.46156
v -0.00353 -0.11048 -0.49281
v -0.0034 -0.13076 -0.49623
v -0.00357 -0.14786 -0.49796
v -0.00361 -0.07358 -0.48444
v -0.007 -0.11187 -0.49236
v -0.00711 -0.07484 -0.48406
v -0.00345 -0.05631 -0.48
v -0.00335 -0.03824 -0.47431
v -0.0069 -0.05548 -0.47911
v -0.00551 -0.02293 -0.46827
v -0.00692 -0.03754 -0.47338
v -0.01227 -0.07275 -0.48191
v -0.01225 -0.05398 -0.47699
v -0.01224 -0.03589 -0.47113
v -0.00589 -0.01225 -0.46361
v -0.01225 -0.0227 -0.4661
v -0.00538 -0.00129 -0.45815
v -0.00537 0.01067 -0.45138
v -0.01221 0.01227 -0.44844
v -0.00536 0.01515 -0.44957
v -0.00519 0.01886 -0.4491
v -0.01226 0.01753 -0.447
v -0.0055 0.02233 -0.44919
v -0.01226 0.02092 -0.44701
v -0.01221 -0.00145 -0.45615
v -0.01243 -0.01167 -0.46128
v -0.01886 0.02222 -0.44426
v -0.01885 -0.00146 -0.45328
v -0.01264 0.02594 -0.4478
v -0.00545 0.02759 -0.45047
v -0.00364 0.031 -0.45214
v -0.00386 0.03513 -0.45492
v -0.00788 0.03552 -0.4539
v -0.00508 0.03702 -0.45645
v -0.01207 0.03387 -0.45159
v -0.01492 0.03837 -0.4524
v -0.0041 0.03893 -0.45976
v -0.01907 0.02826 -0.44572
v -0.01301 0.04065 -0.45555
v -0.01909 0.03712 -0.45015
v -0.02251 0.04028 -0.45171
v -0.00416 0.04076 -0.46345
v -0.01272 0.04254 -0.45912
v -0.00445 0.04346 -0.47032
v -0.01596 0.04361 -0.4599
v -0.01246 0.0452 -0.46637
v -0.00605 0.04832 -0.48403
v -0.01839 0.05158 -0.48115
v -0.02214 0.05614 -0.48897
v -0.02153 0.04866 -0.47177
v -0.02391 0.04211 -0.45514
v -0.02387 0.05344 -0.48081
v -0.02701 0.05361 -0.47762
v -0.0291 0.05126 -0.46863
v -0.02824 0.04344 -0.45499
v -0.02543 0.04413 -0.4594
v -0.02815 0.04067 -0.44854
v -0.02268 0.03719 -0.44834
v -0.02626 0.03704 -0.44569
v -0.02937 0.03671 -0.44231
v -0.02965 0.03197 -0.43864
v -0.02671 0.03193 -0.44194
v -0.02967 0.02708 -0.43681
v -0.02297 0.03171 -0.44487
v -0.02675 0.02727 -0.44019
v -0.02312 0.0273 -0.443
v -0.02673 0.0221 -0.43924
v -0.023 0.02219 -0.44198
v -0.0297 0.01876 -0.43574
v -0.02134 0.01749 -0.44296
v -0.02672 0.01745 -0.43922
v -0.01911 0.0123 -0.44543
v -0.02315 0.01234 -0.44319
v -0.02677 0.0122 -0.44058
v -0.02968 0.01161 -0.43764
v -0.02303 -0.00149 -0.45105
v -0.02676 -0.00157 -0.44846
v -0.0297 -0.00137 -0.44531
v -0.01897 -0.01231 -0.45876
v -0.0233 -0.01242 -0.45648
v -0.01889 -0.02365 -0.46362
v -0.02691 -0.01229 -0.45391
v -0.02964 -0.01286 -0.45147
v -0.02303 -0.02359 -0.46139
v -0.01916 -0.03753 -0.4687
v -0.02675 -0.02341 -0.4588
v -0.02965 -0.02847 -0.45799
v -0.01922 -0.05557 -0.47443
v -0.02322 -0.03747 -0.4665
v 0.02255 -0.16928 -0.44031
v 0.03268 -0.16928 -0.44031
v -0.03582 0.08373 -0.46078
v -0.03376 0.08392 -0.46194
v -0.03582 0.07011 -0.46078
v -0.03376 0.06992 -0.46194
v -0.03356 -0.16127 -0.41921
v -0.03356 -0.16306 -0.41406
v 0.03531 0.08373 -0.46078
v 0.03531 0.07011 -0.46078
v 0.03325 0.08392 -0.46194
v 0.03325 0.06992 -0.46194
v -0.02258 -0.12726 -0.47577
v -0.03271 -0.12726 -0.47577
v 0.02649 -0.01229 -0.45391
v 0.02922 -0.01286 -0.45147
v 0.02633 -0.02341 -0.4588
v 0.02924 -0.02847 -0.45799
v 0.02929 -0.00137 -0.44531
v 0.02625 -0.03748 -0.46413
v 0.02924 -0.04802 -0.46472
v 0.02635 -0.00157 -0.44846
v 0.02927 0.01161 -0.43764
v 0.0262 -0.05809 -0.47068
v 0.02928 -0.06573 -0.46974
v 0.0228 -0.03747 -0.4665
v 0.02255 -0.05545 -0.47239
v 0.02634 -0.08141 -0.47636
v 0.02928 -0.08364 -0.47404
v 0.02254 -0.07507 -0.47747
v 0.02262 -0.02359 -0.46139
v 0.0188 -0.05557 -0.47443
v 0.02633 -0.10492 -0.48159
v 0.02922 -0.10487 -0.47872
v 0.02266 -0.10478 -0.4841
v 0.02639 -0.1241 -0.48521
v 0.0183 -0.07482 -0.47964
v 0.01745 -0.10375 -0.48662
v 0.02924 -0.12572 -0.48259
v 0.01185 -0.07275 -0.48191
v 0.02648 -0.14245 -0.48752
v 0.02919 -0.14446 -0.48511
v 0.02278 -0.12334 -0.4876
v 0.02262 -0.13635 -0.48944
v 0.02661 -0.1785 -0.49011
v 0.02931 -0.17889 -0.48801
v 0.02252 -0.14874 -0.49072
v 0.02067 -0.17807 -0.49361
v 0.01829 -0.14759 -0.49283
v 0.01222 -0.17545 -0.49722
v 0.01143 -0.14725 -0.49574
v 0.01788 -0.1313 -0.49134
v 0.01155 -0.13081 -0.494
v 0.01847 -0.11758 -0.48885
v 0.01197 -0.11852 -0.49185
v 0.01033 -0.10345 -0.48944
v 0.01183 -0.05398 -0.47699
v 0.01183 -0.03589 -0.47113
v 0.01875 -0.03753 -0.4687
v 0.01847 -0.02365 -0.46362
v 0.01184 -0.0227 -0.4661
v 0.02289 -0.01242 -0.45648
v 0.01855 -0.01231 -0.45876
v 0.02262 -0.00149 -0.45105
v 0.02635 0.0122 -0.44058
v 0.02928 0.01876 -0.43574
v 0.01202 -0.01167 -0.46128
v 0.01843 -0.00146 -0.45328
v 0.02274 0.01234 -0.44319
v 0.0118 -0.00145 -0.45615
v 0.02632 0.01745 -0.43922
v 0.0187 0.0123 -0.44543
v 0.0118 0.01227 -0.44844
v 0.02093 0.01749 -0.44296
v 0.01185 0.01753 -0.447
v 0.02632 0.0221 -0.43924
v 0.02926 0.02708 -0.43681
v 0.01185 0.02092 -0.44701
v 0.01845 0.02222 -0.44426
v 0.01223 0.02594 -0.4478
v 0.02259 0.02219 -0.44198
v 0.02634 0.02727 -0.44019
v 0.0227 0.0273 -0.443
v 0.01866 0.02826 -0.44572
v 0.01166 0.03387 -0.45159
v 0.0145 0.03837 -0.4524
v 0.01868 0.03712 -0.45015
v 0.02255 0.03171 -0.44487
v 0.0126 0.04065 -0.45555
v 0.0123 0.04254 -0.45912
v 0.0221 0.04028 -0.45171
v 0.01205 0.0452 -0.46637
v 0.01555 0.04361 -0.4599
v 0.00564 0.04832 -0.48403
v 0.01798 0.05158 -0.48115
v 0.02173 0.05614 -0.48897
v 0.02112 0.04866 -0.47177
v 0.02345 0.05344 -0.48081
v 0.02502 0.04413 -0.4594
v 0.0266 0.05361 -0.47762
v 0.02868 0.05126 -0.46863
v 0.02782 0.04344 -0.45499
v 0.0235 0.04211 -0.45514
v 0.02774 0.04067 -0.44854
v 0.02227 0.03719 -0.44834
v 0.02585 0.03704 -0.44569
v 0.02896 0.03671 -0.44231
v 0.02923 0.03197 -0.43864
v 0.02629 0.03193 -0.44194
v -0.03356 -0.16964 -0.4072
v -0.03356 -0.16927 -0.408
v -0.03356 -0.16667 -0.41053
v -0.03271 -0.16948 -0.44087
v -0.02258 -0.16948 -0.44087
v -0.03356 -0.16009 -0.42487
v -0.03356 -0.16753 -0.475
v -0.03356 -0.16703 -0.47703
v -0.02667 -0.03748 -0.46413
v -0.02966 -0.04802 -0.46472
v -0.02297 -0.05545 -0.47239
v -0.02662 -0.05809 -0.47068
v -0.02969 -0.06573 -0.46974
v -0.01871 -0.07482 -0.47964
v -0.02295 -0.07507 -0.47747
v -0.02676 -0.08141 -0.47636
v -0.02969 -0.08364 -0.47404
v -0.01785 -0.10375 -0.48662
v -0.02307 -0.10478 -0.4841
v -0.02675 -0.10492 -0.48159
v -0.02964 -0.10487 -0.47872
v -0.01075 -0.10345 -0.48944
v -0.01238 -0.11852 -0.49185
v -0.0268 -0.1241 -0.48521
v -0.02966 -0.12572 -0.48259
v -0.02319 -0.12334 -0.4876
v -0.02689 -0.14245 -0.48752
v -0.0296 -0.14446 -0.48511
v -0.02303 -0.13635 -0.48944
v -0.01889 -0.11758 -0.48885
v -0.0183 -0.1313 -0.49134
v -0.01196 -0.13081 -0.494
v -0.00686 -0.13083 -0.49558
v -0.00703 -0.14789 -0.49728
v -0.01184 -0.14725 -0.49574
v -0.0187 -0.14759 -0.49283
v -0.00707 -0.17371 -0.49891
v -0.02293 -0.14874 -0.49072
v -0.01264 -0.17545 -0.49722
v -0.02108 -0.17807 -0.49361
v -0.02703 -0.1785 -0.49011
v -0.02972 -0.17889 -0.48801
v -0.00378 -0.17387 -0.49958
v 0.03353 -0.16547 -0.47677
v 0.03353 -0.16491 -0.47878
v -0.03271 -0.16372 -0.43422
v -0.02258 -0.16372 -0.43422
v -0.03356 -0.16577 -0.47826
v 0.03353 -0.17137 -0.40509
v 0.03353 -0.17196 -0.38521
v 0.03353 -0.17095 -0.40585
v 0.03353 -0.17053 -0.40661
v 0.03353 -0.17012 -0.40737
v 0.03353 -0.16828 -0.44246
v 0.03353 -0.16824 -0.44155
v -0.03356 -0.16789 -0.45398
v -0.03356 -0.16856 -0.44305
v -0.03356 -0.17037 -0.4056
v -0.03356 -0.17129 -0.38416
v -0.03356 -0.17001 -0.4064
v 0.03353 -0.1636 -0.47997
v -0.02258 -0.10771 -0.47263
v -0.03271 -0.10771 -0.47263
v -0.02258 -0.08773 -0.46892
v -0.03271 -0.08773 -0.46892
v -0.02258 -0.06507 -0.464
v -0.03271 -0.06507 -0.464
v -0.03055 0.08253 -0.43492
v -0.03055 0.08381 -0.43658
v -0.03349 0.08253 -0.43492
v -0.03349 0.08381 -0.43658
v -0.03349 0.08089 -0.43365
v -0.03055 0.08462 -0.43856
v -0.03055 0.08089 -0.43365
v -0.03349 0.08462 -0.43856
v -0.03349 0.07897 -0.43285
v -0.03055 0.08491 -0.44068
v -0.03055 0.07897 -0.43285
v -0.03349 0.08491 -0.44068
v -0.03349 0.07692 -0.43257
v -0.03055 0.08462 -0.4428
v -0.03055 0.07692 -0.43257
v -0.03349 0.08462 -0.4428
v -0.03055 0.07487 -0.43285
v -0.03055 0.08381 -0.44478
v -0.03349 0.07487 -0.43285
v -0.03349 0.08381 -0.44478
v -0.03055 0.07296 -0.43365
v -0.03055 0.08253 -0.44644
v -0.03349 0.07296 -0.43365
v -0.03349 0.08253 -0.44644
v -0.03055 0.07132 -0.43492
v -0.03055 0.08089 -0.44771
v -0.03349 0.07132 -0.43492
v -0.03349 0.08089 -0.44771
v -0.03055 0.07004 -0.43658
v -0.03055 0.07897 -0.44851
v -0.03349 0.07004 -0.43658
v -0.03349 0.07897 -0.44851
v -0.03055 0.06922 -0.43856
v -0.03055 0.07692 -0.44878
v -0.03349 0.06922 -0.43856
v -0.03055 0.06894 -0.44068
v -0.03349 0.06894 -0.44068
v -0.03349 0.07692 -0.44878
v -0.03349 0.07487 -0.44851
v -0.03055 0.07487 -0.44851
v -0.03349 0.07296 -0.44771
v -0.03055 0.07296 -0.44771
v -0.03349 0.07132 -0.44644
v -0.03055 0.07132 -0.44644
v -0.03349 0.07004 -0.44478
v -0.03055 0.07004 -0.44478
v -0.03349 0.06922 -0.4428
v -0.03055 0.06922 -0.4428
v 0.03353 -0.16727 -0.4096
v 0.03353 -0.16377 -0.41329
v 0.03353 -0.16168 -0.41835
v 0.03353 -0.16043 -0.424
v 0.03353 -0.16089 -0.42901
v 0.03353 -0.16258 -0.43403
v -0.03356 -0.16372 -0.47869
v 0.02547 0.08883 -0.01673
v 0.02517 0.08122 -0.01607
v 0.02547 0.08146 -0.01671
v 0.02524 0.09079 -0.01626
v -0.03356 -0.16849 -0.44215
v 0.03039 0.07634 -0.427
v 0.03025 0.0905 -0.42325
v 0.03216 0.08892 -0.42314
v 0.03125 0.09025 -0.42299
v 0.03353 -0.16154 -0.48033
v 0.03353 -0.17177 -0.38312
v 0.03205 0.07115 -0.42856
v 0.03207 0.07733 -0.42632
v -0.03356 -0.17101 -0.38206
v -0.03356 -0.16088 -0.43003
v -0.02258 -0.04304 -0.45787
v -0.03271 -0.04304 -0.45787
v -0.03257 0.08892 -0.42314
v -0.03167 0.09025 -0.42299
v -0.03066 0.0905 -0.42325
v -0.0308 0.07634 -0.427
v -0.03248 0.07733 -0.42632
v -0.03247 0.07115 -0.42856
v -0.03072 0.06569 -0.43199
v -0.03252 0.06527 -0.43152
v -0.03256 0.05801 -0.43653
v -0.0308 0.05646 -0.43882
v -0.03257 0.05129 -0.44345
v -0.03064 0.04714 -0.4493
v -0.03232 0.04705 -0.44841
v -0.03019 0.04526 -0.45421
v 0.02255 -0.17207 -0.38085
v 0.03268 -0.17207 -0.38085
v -0.02258 -0.02548 -0.45203
v -0.03271 -0.02548 -0.45203
v 0.01102 0.04593 -0.15022
v 0.01141 0.01355 -0.16375
v 0.01306 0.04627 -0.15059
v 0.01306 0.05172 -0.14767
v 0.01394 0.04612 -0.1515
v 0.0131 0.0166 -0.16281
v 0.01447 0.05172 -0.14912
v 0.01393 -0.00806 -0.17355
v 0.01115 -0.00854 -0.17313
v 0.01093 -0.01772 -0.17762
v 0.01597 0.05469 -0.14624
v 0.01166 0.05468 -0.14485
v 0.00929 0.05718 -0.14159
v 0.01876 0.05718 -0.1434
v 0.01639 0.05718 -0.14205
v 0.02001 0.0583 -0.14212
v 0.01715 0.05801 -0.14102
v -0.01435 0.04612 -0.1515
v -0.01434 -0.00806 -0.17355
v -0.01351 0.0166 -0.16281
v -0.01347 0.04627 -0.15059
v -0.01347 0.05172 -0.14767
v -0.01488 0.05172 -0.14912
v -0.01182 0.01355 -0.16375
v -0.01156 -0.00854 -0.17313
v -0.01143 0.04593 -0.15022
v -0.01638 0.05469 -0.14624
v -0.0059 0.00748 -0.16609
v -0.00634 0.05162 -0.14721
v -0.01207 0.05468 -0.14485
v -0.0097 0.05718 -0.14159
v -0.00615 0.04575 -0.15007
v -0.01681 0.05718 -0.14205
v -0.01917 0.05718 -0.1434
v -0.02042 0.0583 -0.14212
v -0.01756 0.05801 -0.14102
v -0.01014 0.05801 -0.14055
v -0.00021 0.05801 -0.14055
v -0.00021 0.05759 -0.14108
v -0.00021 0.05718 -0.14159
v 0.00972 0.05801 -0.14055
v -0.00021 0.05607 -0.14304
v -0.00021 0.05469 -0.14481
v -0.00021 0.0527 -0.14636
v 0.00593 0.05162 -0.14721
v -0.00021 0.05155 -0.14725
v -0.00021 0.04857 -0.1487
v -0.00021 0.04566 -0.15011
v 0.00573 0.04575 -0.15007
v -0.00021 0.02645 -0.15815
v 0.00549 0.00748 -0.16609
v -0.00021 0.00736 -0.16615
v -0.00021 0.00304 -0.16804
v -0.00021 -0.00743 -0.17264
v -0.00021 -0.01202 -0.17478
v -0.01134 -0.01772 -0.17762
v -0.01433 -0.0198 -0.17925
v -0.00021 -0.0164 -0.17692
v -0.00021 -0.01843 -0.17805
v -0.0113 -0.02155 -0.18022
v -0.00021 -0.02045 -0.17943
v -0.01431 -0.02427 -0.18396
v 0.01392 -0.0198 -0.17925
v 0.01089 -0.02155 -0.18022
v 0.0139 -0.02427 -0.18396
v -0.00021 -0.02168 -0.18034
v -0.01067 -0.02399 -0.18288
v 0.01025 -0.02399 -0.18288
v -0.00021 -0.02299 -0.18178
v -0.00021 -0.02405 -0.18299
v -0.01079 -0.02523 -0.18557
v -0.00021 -0.02468 -0.18433
v 0.01037 -0.02523 -0.18557
v 0.01431 -0.02571 -0.18975
v -0.01472 -0.02571 -0.18975
v -0.00021 -0.02522 -0.18559
v 0.01092 -0.02615 -0.18993
v -0.00021 -0.0257 -0.18775
v -0.01133 -0.02615 -0.18993
v 0.0151 -0.02675 -0.19982
v -0.00021 -0.02616 -0.18994
v -0.01552 -0.02675 -0.19982
v -0.00021 -0.02655 -0.19349
v 0.01064 -0.02693 -0.19708
v 0.01188 -0.0274 -0.20704
v 0.01617 -0.0277 -0.22398
v -0.00021 -0.02692 -0.19703
v -0.01105 -0.02693 -0.19708
v -0.00021 -0.02717 -0.20206
v -0.01229 -0.0274 -0.20704
v 0.02978 0.04526 -0.45421
v 0.03023 0.04714 -0.4493
v 0.03191 0.04705 -0.44841
v 0.03216 0.05129 -0.44345
v 0.03038 0.05646 -0.43882
v 0.03215 0.05801 -0.43653
v 0.03031 0.06569 -0.43199
v 0.03212 0.06527 -0.43152
v -0.03356 -0.12727 -0.47451
v -0.01009 0.13105 -0.17159
v 0.00324 0.13123 -0.17159
v -0.0075 0.1589 -0.17159
v -0.02428 0.13086 -0.17159
v -0.02079 0.15639 -0.17159
v -0.01747 0.17068 -0.17159
v -0.00644 0.17053 -0.17159
v 0.00477 0.16128 -0.17159
v 0.02018 0.13142 -0.17159
v 0.00508 0.17038 -0.17159
v 0.01916 0.16377 -0.17159
v 0.0157 0.17022 -0.17159
v -0.03271 -0.17122 -0.37945
v -0.02258 -0.17122 -0.37945
v -0.02258 -0.00867 -0.44566
v -0.03271 -0.00867 -0.44566
v -0.0063 0.17022 -0.27812
v -0.0063 0.17022 -0.27439
v 0.00488 0.17022 -0.27812
v 0.00488 0.17022 -0.27439
v -0.01773 0.17022 -0.27439
v 0.0157 0.17022 -0.27439
v 0.03353 -0.16798 -0.44072
v -0.03356 -0.16257 -0.43482
v -0.02258 0.01322 -0.43594
v -0.03271 0.01322 -0.43594
v -0.03356 -0.16819 -0.44133
v -0.03356 -0.10778 -0.47137
v -0.02531 0.07387 -0.18342
v -0.02537 0.07313 -0.18336
v -0.01591 0.07532 -0.18342
v 0.03268 -0.12505 -0.47738
v 0.03353 -0.1251 -0.47611
v 0.03268 -0.10553 -0.47415
v 0.03353 -0.10565 -0.47289
v 0.03268 -0.08562 -0.47073
v 0.03353 -0.08581 -0.46948
v 0.03268 -0.06308 -0.46573
v 0.03353 -0.06334 -0.46449
v 0.03268 -0.04122 -0.45946
v 0.0245 0.07948 -0.18207
v 0.01551 0.07762 -0.18208
v 0.01586 0.07498 -0.18211
v 0.02496 0.07313 -0.18219
v 0.02509 0.07918 -0.18209
v 0.02284 0.10644 -0.47508
v 0.02334 0.09167 -0.47843
v 0.02291 0.10371 -0.47575
v -0.03271 -0.16897 -0.44013
v -0.02258 -0.16897 -0.44013
v -0.03356 -0.08787 -0.46766
v -0.03356 -0.06529 -0.46275
v -0.03356 -0.04338 -0.45664
v -0.03356 -0.02595 -0.45085
v -0.03356 -0.00919 -0.4445
v -0.03356 0.01278 -0.43475
v -0.02258 0.02418 -0.42858
v -0.03271 0.02418 -0.42858
v -0.03258 -0.17451 -0.47841
v 0.03217 -0.17451 -0.47841
v 0.02281 0.11706 -0.47323
v 0.01015 0.11696 -0.47306
v -0.02322 0.11706 -0.47323
v -0.01057 0.11696 -0.47306
v 0.03353 -0.1707 -0.38168
v -0.03251 -0.16131 -0.42205
v -0.03257 -0.1617 -0.43149
v -0.03144 -0.16206 -0.42665
v -0.03122 -0.16265 -0.41955
v -0.03252 -0.16229 -0.41771
v -0.02957 -0.16572 -0.43055
v -0.03151 -0.16479 -0.41352
v -0.03257 -0.16682 -0.40936
v -0.0298 -0.16439 -0.42363
v -0.02966 -0.16659 -0.41594
v -0.02995 -0.17043 -0.41011
v -0.03119 -0.17192 -0.40728
v -0.03256 -0.17686 -0.40384
v -0.02855 -0.17704 -0.41174
v -0.02851 -0.17122 -0.41633
v -0.02754 -0.17642 -0.42232
v -0.02845 -0.16893 -0.42322
v -0.02799 -0.17325 -0.43043
v -0.02847 -0.17607 -0.43634
v -0.02953 -0.17077 -0.43796
v -0.03111 -0.16706 -0.43809
v -0.03256 -0.16808 -0.44062
v -0.03129 -0.17359 -0.44262
v -0.03257 -0.17869 -0.44562
v -0.01595 0.14825 -0.26875
v -0.01428 0.15353 -0.26875
v -0.01595 0.14825 -0.27605
v -0.01428 0.15353 -0.27605
v -0.01095 0.15784 -0.26875
v -0.01095 0.15784 -0.27605
v -0.0065 0.16075 -0.26875
v -0.0065 0.16075 -0.27605
v -0.00135 0.16182 -0.26875
v -0.00135 0.16182 -0.27605
v 0.03029 0.04296 -0.44974
v 0.03147 0.04439 -0.4484
v 0.03169 0.03746 -0.43715
v 0.03074 0.03789 -0.44051
v 0.01971 -0.02743 -0.24212
v 0.02171 -0.02798 -0.26219
v 0.02198 -0.02752 -0.25638
v 0.02376 -0.02753 -0.26298
v 0.02059 -0.02766 -0.26575
v 0.02314 -0.02588 -0.27091
v 0.01905 0.13636 -0.3699
v 0.018 0.13636 -0.3699
v 0.01905 0.13636 -0.36885
v 0.018 0.13636 -0.36885
v 0.01905 0.13636 -0.27072
v 0.01445 0.13636 -0.36885
v 0.01445 0.13636 -0.3699
v 0.01353 0.13636 -0.36885
v 0.01353 0.13636 -0.3699
v 0.01353 0.13636 -0.27072
v 0.01445 0.13636 -0.27072
v 0.01353 0.13636 -0.26903
v 0.01445 0.13636 -0.26903
v 0.018 0.13636 -0.27072
v 0.018 0.13636 -0.26903
v 0.01905 0.13636 -0.26903
v -0.01962 0.13636 -0.26903
v -0.01888 0.13636 -0.26903
v -0.01962 0.13636 -0.27072
v -0.01888 0.13636 -0.27072
v -0.01962 0.13636 -0.36885
v -0.01475 0.13636 -0.27072
v -0.01475 0.13636 -0.26903
v -0.0141 0.13636 -0.27072
v -0.0141 0.13636 -0.26903
v -0.0141 0.13636 -0.36885
v -0.01475 0.13636 -0.36885
v -0.0141 0.13636 -0.3699
v -0.01475 0.13636 -0.3699
v -0.01888 0.13636 -0.36885
v -0.01888 0.13636 -0.3699
v -0.01962 0.13636 -0.3699
v -0.03356 -0.16989 -0.38066
v -0.03356 -0.16768 -0.44058
v -0.01421 0.14825 -0.27605
v -0.01278 0.15286 -0.27605
v -0.01357 0.14825 -0.27737
v -0.01222 0.15262 -0.27737
v -0.01357 0.14825 -0.28159
v -0.00989 0.15663 -0.27605
v -0.01222 0.15262 -0.28159
v -0.0095 0.15617 -0.27737
v -0.0095 0.15617 -0.28159
v -0.00581 0.15857 -0.27737
v -0.006 0.15916 -0.27605
v -0.00581 0.15857 -0.28159
v -0.00152 0.15945 -0.27737
v -0.00152 0.15945 -0.28159
v -0.00147 0.16009 -0.27605
v 0.00265 0.15857 -0.27737
v 0.00292 0.15916 -0.27605
v 0.03069 -0.16706 -0.43809
v 0.02916 -0.16572 -0.43055
v 0.02912 -0.17077 -0.43796
v 0.03216 -0.1617 -0.43149
v 0.03215 -0.16808 -0.44062
v 0.03088 -0.17359 -0.44262
v 0.03215 -0.17869 -0.44562
v 0.02806 -0.17607 -0.43634
v 0.02757 -0.17325 -0.43043
v 0.02713 -0.17642 -0.42232
v 0.02803 -0.16893 -0.42322
v 0.0281 -0.17122 -0.41633
v 0.02814 -0.17704 -0.41174
v 0.02954 -0.17043 -0.41011
v 0.02925 -0.16659 -0.41594
v 0.02939 -0.16439 -0.42363
v 0.03103 -0.16206 -0.42665
v 0.0321 -0.16131 -0.42205
v 0.03081 -0.16265 -0.41955
v 0.03078 -0.17192 -0.40728
v 0.03215 -0.17686 -0.40384
v -0.02475 0.07693 -0.18195
v -0.02012 0.07616 -0.18235
v -0.01592 0.07762 -0.18079
v -0.02558 0.07918 -0.18106
v -0.02558 0.07246 -0.18423
v -0.02017 0.07788 -0.18123
v -0.02492 0.07948 -0.18074
v -0.03356 0.02301 -0.42763
v -0.01841 -0.01925 -0.33234
v -0.00135 -0.02004 -0.32619
v -0.01838 -0.02019 -0.32602
v -0.00099 -0.01925 -0.33234
v -0.00099 -0.02004 -0.32618
v -0.0188 -0.02041 -0.32573
v -0.01883 -0.02019 -0.32602
v -0.02101 -0.0204 -0.32571
v -0.02101 -0.02016 -0.32602
v -0.00099 -0.02041 -0.32573
v -0.00062 -0.02004 -0.32619
v 0.01683 -0.02041 -0.32573
v 0.01641 -0.02019 -0.32602
v 0.01644 -0.01925 -0.33234
v 0.01686 -0.02019 -0.32602
v 0.01903 -0.0204 -0.32571
v 0.01903 -0.02016 -0.32602
v -0.01962 0.12294 -0.3699
v -0.01888 0.12294 -0.3699
v -0.01475 0.12294 -0.3699
v -0.0141 0.12294 -0.3699
v -0.01328 0.12294 -0.3699
v -0.01328 0.13636 -0.3699
v 0.01152 0.12294 -0.3699
v 0.01152 0.13636 -0.3699
v 0.01353 0.12294 -0.3699
v 0.01445 0.12294 -0.3699
v 0.018 0.12294 -0.3699
v 0.01905 0.12294 -0.3699
v -0.00021 -0.02742 -0.20722
v -0.00021 -0.02771 -0.21695
v 0.0093 -0.02792 -0.22476
v -0.00971 -0.02792 -0.22476
v -0.01658 -0.0277 -0.22398
v -0.02012 -0.02743 -0.24212
v -0.00021 -0.02794 -0.22552
v -0.01858 -0.02822 -0.26183
v -0.02212 -0.02798 -0.26219
v -0.02239 -0.02752 -0.25638
v -0.02417 -0.02753 -0.26298
v -0.02101 -0.02766 -0.26575
v -0.02355 -0.02588 -0.27091
v -0.00021 -0.0281 -0.23967
v -0.00928 -0.02829 -0.25656
v -0.00021 -0.02828 -0.25835
v -0.00021 -0.02824 -0.2618
v 0.00887 -0.02829 -0.25656
v 0.01817 -0.02822 -0.26183
v -0.00021 -0.02799 -0.26358
v -0.00021 -0.02761 -0.26604
v -0.02006 -0.02648 -0.27071
v 0.01965 -0.02648 -0.27071
v -0.02032 -0.02113 -0.28604
v 0.0199 -0.02113 -0.28604
v -0.00021 -0.02706 -0.26837
v -0.00021 -0.02652 -0.27059
v -0.00021 -0.02448 -0.27657
v -0.01594 -0.0229 -0.28122
v -0.01535 -0.02065 -0.28881
v -0.01913 -0.01811 -0.29949
v -0.00021 -0.02291 -0.28118
v 0.01552 -0.0229 -0.28122
v -0.00021 -0.02177 -0.28502
v 0.01493 -0.02065 -0.28881
v 0.01871 -0.01811 -0.29949
v -0.00021 -0.0206 -0.28903
v -0.00021 -0.01953 -0.29408
v 0.01416 -0.01855 -0.29874
v 0.01792 -0.01717 -0.30584
v -0.01457 -0.01855 -0.29874
v -0.00021 -0.01853 -0.29885
v -0.00021 -0.01802 -0.30242
v 0.01303 -0.01756 -0.30571
v 0.01429 -0.017 -0.31198
v 0.01681 -0.01655 -0.31371
v 0.01524 -0.01691 -0.32966
v 0.0066 -0.01719 -0.31217
v 0.01116 -0.01777 -0.32957
v -0.00021 -0.01746 -0.30652
v 0.00687 -0.01812 -0.3296
v -0.01344 -0.01756 -0.30571
v -0.00021 -0.01726 -0.31053
v -0.00701 -0.01719 -0.31217
v -0.00021 -0.01721 -0.31287
v -0.00021 -0.01768 -0.32167
v -0.00021 -0.01811 -0.32953
v -0.00728 -0.01812 -0.3296
v -0.01157 -0.01777 -0.32957
v -0.01471 -0.017 -0.31198
v -0.01565 -0.01691 -0.32966
v -0.01723 -0.01655 -0.31371
v -0.01834 -0.01717 -0.30584
v -0.01847 -0.0158 -0.31255
v -0.01738 -0.01499 -0.32921
v 0.01993 -0.13854 -0.36667
v 0.0217 -0.13751 -0.36008
v 0.02158 -0.13802 -0.35931
v 0.02205 -0.13623 -0.35901
v 0.02189 -0.13647 -0.35792
v 0.02176 -0.13445 -0.3585
v -0.00817 0.12881 -0.27649
v -0.0077 0.12881 -0.27649
v -0.00817 0.12881 -0.27789
v -0.0077 0.12881 -0.27789
v 0.00645 0.12881 -0.27649
v -0.00817 0.12881 -0.36157
v 0.00645 0.12881 -0.27789
v 0.0076 0.12881 -0.27649
v 0.0076 0.12881 -0.27789
v -0.0077 0.12881 -0.36157
v 0.00645 0.12881 -0.36157
v 0.0076 0.12881 -0.36157
v 0.0076 0.12881 -0.36243
v 0.00645 0.12881 -0.36243
v -0.0077 0.12881 -0.36243
v -0.00817 0.12881 -0.36243
v 0.0251 0.09002 -0.36343
v 0.02492 0.08844 -0.36522
v 0.02386 0.08844 -0.36522
v -0.02533 0.08844 -0.36522
v -0.02542 0.09002 -0.36343
v -0.02427 0.08844 -0.36522
v 0.02304 0.06134 -0.36522
v 0.02464 0.06747 -0.36522
v 0.02358 0.06025 -0.36487
v 0.02212 -0.01922 -0.31985
v 0.02034 -0.01889 -0.31232
v 0.01922 -0.02037 -0.32356
v -0.00021 0.1016 -0.36522
v 0.02386 0.09667 -0.36522
v -0.00021 0.09786 -0.36522
v -0.00021 0.08844 -0.36522
v 0.02386 0.10571 -0.36522
v -0.00021 0.10571 -0.36522
v -0.02427 0.09667 -0.36522
v -0.02427 0.10571 -0.36522
v 0.03353 -0.16749 -0.43996
v -0.02575 0.06388 -0.36319
v -0.02841 0.06533 -0.36408
v -0.02505 0.06747 -0.36522
v -0.02841 0.06867 -0.36522
v -0.00021 0.08123 -0.36522
v -0.00021 0.08003 -0.36522
v 0.028 0.06867 -0.36522
v 0.028 0.06533 -0.36408
v 0.02533 0.06388 -0.36319
v -0.00021 0.0643 -0.36522
v -0.00021 0.06134 -0.36522
v -0.02345 0.06134 -0.36522
v -0.02399 0.06025 -0.36487
v -0.00021 0.06081 -0.36505
v -0.00021 0.06025 -0.36487
v -0.02409 -0.01922 -0.31985
v -0.02408 -0.01757 -0.32349
v -0.02119 -0.02037 -0.32356
v -0.02408 -0.01573 -0.32593
v -0.02408 -0.01505 -0.32683
v -0.02984 0.07418 -0.20857
v -0.02984 0.0601 -0.21377
v -0.02954 0.05885 -0.21382
v -0.02943 0.07411 -0.20816
v -0.02943 0.08149 -0.20451
v -0.02984 0.08178 -0.20476
v 0.02902 0.08149 -0.20451
v 0.0251 0.08113 -0.20458
v 0.02504 0.07415 -0.20809
v 0.02902 0.07411 -0.20816
v 0.02913 0.05885 -0.21382
v 0.02494 0.06011 -0.21326
v 0.02826 0.05843 -0.21422
v -0.02868 0.05843 -0.21422
v -0.02558 0.06011 -0.21326
v -0.02558 0.07415 -0.20809
v -0.02562 0.08113 -0.20458
v -0.00099 -0.01857 -0.31029
v -0.00099 -0.01862 -0.31039
v 0.01777 -0.01857 -0.31029
v -0.01973 -0.01857 -0.31029
v -0.01975 -0.01862 -0.31039
v 0.01778 -0.01862 -0.31039
v 0.02053 -0.01862 -0.31039
v -0.00099 -0.01889 -0.31233
v 0.01804 -0.01889 -0.31233
v 0.02214 -0.0188 -0.31163
v 0.02215 -0.01861 -0.31035
v 0.017 -0.02038 -0.32358
v -0.00099 -0.02037 -0.32358
v -0.01897 -0.02038 -0.32358
v -0.02001 -0.01889 -0.31233
v -0.0225 -0.01862 -0.31039
v -0.02231 -0.01889 -0.31232
v -0.02412 -0.0188 -0.31163
v -0.02412 -0.01861 -0.31035
v 0.02943 0.08178 -0.20476
v 0.02943 0.07418 -0.20857
v 0.02943 0.0601 -0.21377
v 0.03247 0.08008 -0.35721
v 0.02398 0.08059 -0.35721
v 0.03247 0.08162 -0.357
v 0.0364 0.08017 -0.357
v 0.02397 0.08216 -0.35699
v 0.03199 0.08184 -0.35688
v 0.03107 0.08221 -0.35682
v 0.01899 0.08216 -0.35699
v 0.01899 0.08059 -0.35721
v 0.01899 0.07903 -0.35743
v 0.02398 0.07903 -0.35743
v 0.03247 0.07855 -0.35743
v 0.0364 0.07863 -0.35721
v 0.04161 0.07816 -0.35638
v 0.0364 0.07709 -0.35743
v 0.04161 0.07662 -0.35659
v 0.04161 0.07507 -0.35681
v 0.03216 0.07388 -0.42685
v 0.02211 -0.01757 -0.32349
v 0.02211 -0.01573 -0.32593
v 0.02211 -0.01505 -0.32683
v 0.03117 0.06261 -0.22507
v 0.02398 0.06062 -0.22892
v 0.03117 0.06063 -0.22903
v 0.02398 0.0626 -0.22496
v 0.03117 0.06515 -0.22272
v 0.01899 0.0626 -0.22496
v 0.01899 0.06062 -0.22892
v 0.02398 0.06514 -0.22261
v 0.01899 0.06514 -0.22261
v 0.03117 0.07105 -0.21976
v 0.01899 0.07104 -0.21965
v 0.02398 0.07104 -0.21965
v 0.02398 0.07989 -0.21983
v 0.01899 0.07989 -0.21983
v 0.03117 0.07989 -0.21994
v 0.01899 0.08554 -0.22243
v 0.02398 0.08554 -0.22243
v 0.03117 0.08553 -0.22254
v 0.03107 0.08597 -0.22283
v 0.02395 0.08597 -0.22272
v 0.01899 0.08597 -0.22272
v 0.02335 0.08768 -0.22449
v 0.01899 0.08768 -0.22449
v 0.02327 0.08788 -0.22505
v 0.03109 0.08596 -0.22317
v 0.01899 0.08788 -0.22505
v 0.03268 0.02497 -0.42581
v 0.03268 0.01405 -0.43467
v 0.02255 0.02497 -0.42581
v 0.03268 0.0338 -0.41168
v 0.02255 0.01405 -0.43467
v 0.02255 0.0338 -0.41168
v 0.03268 -0.0058 -0.44462
v 0.03268 0.03763 -0.40003
v 0.02255 -0.0058 -0.44462
v 0.02255 0.03763 -0.40003
v 0.03268 -0.02387 -0.45228
v 0.03268 0.03921 -0.39127
v 0.02255 -0.02387 -0.45228
v 0.02255 0.03921 -0.39127
v 0.02255 0.04039 -0.38251
v 0.02255 -0.04122 -0.45946
v 0.03268 0.04039 -0.38251
v 0.03268 0.04084 -0.37567
v 0.02255 -0.06308 -0.46573
v 0.02255 0.04068 -0.37567
v 0.02255 0.04079 -0.36883
v 0.02255 -0.08562 -0.47073
v 0.03268 0.04111 -0.36883
v 0.03268 0.04134 -0.36081
v 0.02255 -0.10553 -0.47415
v 0.02255 0.04134 -0.36081
v 0.02255 0.04138 -0.35278
v 0.02255 -0.12505 -0.47738
v 0.03268 0.04138 -0.35278
v 0.02255 0.04064 -0.33616
v 0.03268 0.04064 -0.33616
v -0.03257 0.07388 -0.42685
v 0.02513 0.05843 -0.2142
v -0.02555 0.05843 -0.21421
v 0.02982 0.0489 -0.45871
v 0.02946 0.05509 -0.47476
v 0.03019 0.06163 -0.48655
v 0.01806 -0.0158 -0.31255
v 0.01698 -0.01499 -0.32921
v 0.01899 0.08308 -0.35597
v 0.02335 0.08308 -0.35597
v 0.02966 0.083 -0.35595
v 0.03819 0.07804 -0.3557
v 0.03916 0.07961 -0.35567
v 0.03983 0.0777 -0.3557
v 0.03955 0.07953 -0.35567
v 0.03874 0.07806 -0.35547
v 0.0371 0.07841 -0.35547
v 0.03847 0.07989 -0.35546
v 0.03807 0.07998 -0.35546
v 0.03369 0.08013 -0.35548
v 0.03206 0.08048 -0.35548
v 0.03342 0.08196 -0.35548
v 0.03302 0.08205 -0.35548
v 0.035 0.07959 -0.35548
v 0.03337 0.07994 -0.35548
v 0.03473 0.08142 -0.35548
v 0.03434 0.08151 -0.35548
v 0.03627 0.07934 -0.35548
v 0.03463 0.07968 -0.35548
v 0.03599 0.08117 -0.35548
v 0.0356 0.08126 -0.35548
v 0.03752 0.07881 -0.35548
v 0.03588 0.07916 -0.35548
v 0.03724 0.08064 -0.35548
v 0.03685 0.08073 -0.35548
v -0.03356 0.03222 -0.41596
v -0.03271 0.03343 -0.4165
v -0.02258 0.03343 -0.4165
v 0.02423 0.05945 -0.36374
v -0.02987 0.05509 -0.47476
v -0.0306 0.06163 -0.48655
v -0.02464 0.05945 -0.36374
v -0.02786 0.06273 -0.35901
v -0.02492 0.05896 -0.36168
v 0.01885 0.10671 -0.08223
v 0.02033 0.10691 -0.12883
v 0.01832 0.10671 -0.14326
v 0.02386 0.10691 -0.35403
v 0.01832 0.10691 -0.14461
v 0.01988 0.10691 -0.35401
v 0.024 0.10659 -0.36238
v 0.01988 0.10661 -0.36242
v 0.02484 0.10661 -0.35401
v 0.02522 0.10571 -0.35401
v 0.02522 0.10571 -0.36242
v 0.02515 0.09667 -0.36242
v -0.03203 0.09042 -0.36483
v -0.03257 0.09013 -0.36567
v 0.03353 0.02377 -0.4249
v 0.03353 0.03257 -0.41118
v 0.03353 0.01357 -0.4335
v 0.03353 0.03637 -0.39993
v 0.03353 -0.00636 -0.44348
v 0.03353 0.03795 -0.39117
v 0.03353 -0.02438 -0.45112
v 0.03353 0.03913 -0.38241
v 0.03353 -0.0416 -0.45825
v 0.03353 0.03958 -0.37557
v 0.03353 0.03984 -0.36873
v 0.03353 0.04007 -0.36071
v 0.03353 0.04011 -0.35268
v -0.00021 0.09944 -0.47656
v 0.00935 0.09968 -0.47643
v -0.00021 0.0993 -0.47755
v -0.00976 0.09968 -0.47643
v 0.03325 0.08805 -0.45736
v 0.03525 0.08765 -0.45688
v 0.03325 0.08952 -0.45124
v 0.03529 0.08871 -0.45072
v 0.03325 0.08966 -0.44698
v 0.03529 0.08881 -0.44642
v 0.03325 0.08962 -0.42771
v 0.03529 0.08877 -0.42771
v 0.03534 0.08138 -0.39472
v 0.03217 0.09013 -0.36567
v 0.03162 0.09042 -0.36483
v -0.02955 0.08874 -0.02148
v -0.02955 0.08872 -0.3624
v -0.02984 0.08844 -0.354
v -0.02984 0.08844 -0.02223
v -0.01327 -0.00176 -0.3242
v -0.01328 -0.00491 -0.32515
v -0.01816 -0.00491 -0.32501
v -0.01831 -0.00328 -0.32437
v -0.01834 -0.00274 -0.32433
v -0.01838 -0.00195 -0.32443
v -0.01839 -0.00097 -0.32484
v -0.01328 0.00021 -0.32636
v -0.01834 0.0001 -0.32643
v 0.01287 0.00021 -0.32636
v 0.01793 0.0001 -0.32643
v 0.01798 -0.00097 -0.32484
v 0.01286 -0.00176 -0.3242
v 0.01797 -0.00195 -0.32443
v 0.01793 -0.00274 -0.32433
v 0.0179 -0.00328 -0.32437
v 0.01775 -0.00491 -0.32501
v 0.01286 -0.00491 -0.32515
v 0.01088 0.13235 -0.2737
v 0.01353 0.1354 -0.27072
v 0.01088 0.13235 -0.36582
v 0.01353 0.1354 -0.26903
v 0.01088 0.13235 -0.27214
v 0.01353 0.1354 -0.36885
v 0.01088 0.13235 -0.36679
v 0.01353 0.1354 -0.3699
v -0.0141 0.1354 -0.26903
v -0.01328 0.1354 -0.26903
v -0.01145 0.13235 -0.27214
v -0.01078 0.13235 -0.27214
v 0.01152 0.1354 -0.26903
v 0.00925 0.13235 -0.27214
v 0.02943 0.08844 -0.354
v 0.02914 0.08874 -0.02148
v 0.02943 0.08844 -0.02223
v 0.02914 0.08872 -0.3624
v -0.03889 0.0786 -0.39508
v -0.03585 0.08138 -0.39472
v -0.03924 0.07956 -0.42707
v -0.03591 0.08366 -0.42771
v -0.03924 0.07956 -0.43684
v -0.03591 0.08368 -0.44308
v -0.03924 0.07947 -0.44089
v -0.03588 0.08318 -0.4465
v 0.02724 0.08942 -0.36486
v 0.02623 0.09021 -0.44435
v 0.02675 0.09058 -0.45907
v -0.02626 0.10629 -0.47514
v -0.02326 0.10644 -0.47508
v 0.02585 0.10629 -0.47514
v -0.01145 0.13235 -0.36582
v -0.0141 0.1354 -0.36885
v -0.01145 0.13235 -0.2737
v -0.0141 0.1354 -0.3699
v -0.01145 0.13235 -0.36679
v -0.0141 0.1354 -0.27072
v -0.03571 0.07257 -0.45897
v -0.03549 0.07288 -0.45716
v -0.03571 0.08128 -0.45897
v -0.03549 0.08096 -0.45716
v -0.03588 0.07066 -0.4465
v -0.03576 0.0662 -0.45688
v -0.0358 0.06513 -0.45072
v -0.0358 0.06504 -0.44642
v -0.03591 0.07016 -0.44308
v -0.0358 0.06508 -0.42771
v -0.03591 0.07018 -0.42771
v -0.03585 0.07247 -0.39472
v -0.0358 0.08871 -0.45072
v -0.03576 0.08765 -0.45688
v -0.0358 0.08881 -0.44642
v -0.03924 0.07438 -0.44089
v -0.0358 0.08877 -0.42771
v -0.04082 0.07891 -0.43782
v -0.04082 0.07493 -0.43782
v -0.04099 0.07897 -0.43222
v -0.04099 0.07487 -0.43222
v -0.04099 0.07488 -0.42325
v -0.04099 0.07896 -0.42325
v -0.04071 0.07556 -0.39939
v -0.04071 0.07828 -0.39939
v -0.03889 0.07525 -0.39508
v -0.0215 -0.00067 -0.32882
v -0.01328 -0.0003 -0.32844
v 0.01287 -0.0003 -0.32844
v 0.02108 -0.00067 -0.32882
v 0.03536 0.08318 -0.4465
v 0.03539 0.08368 -0.44308
v 0.03873 0.07947 -0.44089
v 0.03873 0.07956 -0.43684
v 0.03539 0.08366 -0.42771
v 0.03873 0.07956 -0.42707
v 0.03838 0.0786 -0.39508
v 0.00249 0.0946 -0.0043
v 0.00249 0.0946 -0.02575
v -0.00031 0.09516 -0.02575
v -0.00031 0.09516 -0.0043
v -0.00311 0.0946 -0.02575
v -0.00311 0.0946 -0.0043
v -0.03356 0.03639 -0.40484
v -0.03271 0.03765 -0.40499
v 0.03939 0.07814 -0.29473
v 0.03966 0.07627 -0.29476
v 0.02774 0.06331 -0.36172
v 0.03839 0.07905 -0.29374
v 0.03867 0.07717 -0.29376
v 0.01662 -0.01395 -0.33238
v -0.00099 -0.01395 -0.33238
v -0.01858 -0.01395 -0.33238
v 0.03109 0.08394 -0.30473
v 0.02327 0.08671 -0.30402
v 0.03109 0.0849 -0.28562
v 0.02328 0.08781 -0.28569
v 0.02327 0.08892 -0.25789
v 0.02954 0.0854 -0.31972
v 0.03109 0.08638 -0.25694
v 0.02327 0.08925 -0.23378
v 0.03109 0.08718 -0.23215
v 0.02327 0.08937 -0.22878
v 0.03109 0.08738 -0.22703
v 0.02758 0.0858 -0.31811
v 0.02932 0.08568 -0.31964
v 0.02932 0.08551 -0.32179
v 0.02954 0.08524 -0.32175
v 0.02931 0.08548 -0.32236
v 0.02945 0.08513 -0.32493
v 0.03109 0.08343 -0.32022
v 0.03109 0.08339 -0.32146
v 0.03109 0.08324 -0.32612
v 0.02951 0.08418 -0.33861
v 0.03247 0.08255 -0.32022
v 0.03247 0.08252 -0.32146
v 0.03109 0.08281 -0.33882
v 0.03247 0.0821 -0.33882
v 0.03109 0.08223 -0.35636
v 0.03247 0.08241 -0.32612
v 0.0364 0.08015 -0.33882
v 0.04161 0.0775 -0.33884
v 0.0364 0.08013 -0.32612
v 0.04161 0.07704 -0.32613
v 0.0364 0.08013 -0.32146
v 0.04161 0.07687 -0.32147
v 0.04161 0.07683 -0.32023
v 0.0364 0.08013 -0.32022
v 0.03247 0.08292 -0.30473
v 0.0364 0.08011 -0.30473
v 0.04161 0.07627 -0.30473
v 0.04031 0.07693 -0.29398
v 0.0364 0.08005 -0.29398
v 0.0364 0.07993 -0.2904
v 0.03201 0.08391 -0.28733
v 0.03249 0.08363 -0.282
v 0.03119 0.086 -0.2568
v 0.03119 0.08676 -0.23189
v 0.03119 0.08695 -0.22676
v 0.03109 0.08689 -0.22488
v 0.03119 0.07932 -0.25614
v 0.03119 0.07975 -0.23034
v 0.03119 0.08646 -0.2246
v 0.03119 0.07982 -0.22531
v 0.03249 0.0782 -0.28182
v 0.03119 0.08552 -0.22289
v 0.03119 0.07986 -0.2228
v 0.03119 0.07989 -0.22029
v 0.03119 0.07106 -0.22011
v 0.03119 0.07113 -0.22238
v 0.03119 0.06517 -0.22306
v 0.03119 0.07121 -0.22465
v 0.03119 0.0653 -0.22573
v 0.03119 0.06263 -0.2254
v 0.03119 0.06066 -0.22936
v 0.03119 0.06306 -0.22853
v 0.03119 0.06083 -0.23133
v 0.03119 0.06543 -0.22841
v 0.03119 0.07136 -0.22919
v 0.03119 0.06322 -0.23086
v 0.03119 0.061 -0.23331
v 0.03119 0.07224 -0.25548
v 0.03119 0.06569 -0.23376
v 0.03119 0.06352 -0.23551
v 0.03119 0.06135 -0.23727
v 0.03249 0.07276 -0.28165
v 0.03119 0.06721 -0.25812
v 0.03119 0.06529 -0.25913
v 0.03119 0.06337 -0.26014
v 0.03249 0.06858 -0.28236
v 0.03249 0.06698 -0.28263
v 0.03249 0.06537 -0.2829
v 0.0364 0.07598 -0.29038
v 0.04031 0.07408 -0.29398
v 0.0364 0.07203 -0.29037
v 0.04031 0.07124 -0.29398
v 0.0364 0.06864 -0.29043
v 0.04031 0.06851 -0.29396
v 0.0364 0.06734 -0.29046
v 0.04031 0.06746 -0.29396
v 0.0364 0.06604 -0.29048
v 0.04031 0.06642 -0.29395
v 0.03498 0.08096 -0.45716
v 0.0352 0.08128 -0.45897
v 0.0352 0.07257 -0.45897
v 0.03498 0.07288 -0.45716
v 0.03536 0.07066 -0.4465
v 0.03529 0.06513 -0.45072
v 0.03525 0.0662 -0.45688
v 0.03529 0.06504 -0.44642
v 0.03873 0.07438 -0.44089
v 0.03539 0.07016 -0.44308
v 0.0403 0.07891 -0.43782
v 0.03529 0.06508 -0.42771
v 0.03539 0.07018 -0.42771
v 0.03534 0.07247 -0.39472
v 0.0403 0.07493 -0.43782
v 0.04047 0.07897 -0.43222
v 0.04047 0.07487 -0.43222
v 0.04047 0.07488 -0.42325
v 0.04047 0.07896 -0.42325
v 0.0402 0.07556 -0.39939
v 0.0402 0.07828 -0.39939
v 0.03838 0.07525 -0.39508
v 0.02862 0.06321 -0.3595
v -0.03376 0.08805 -0.45736
v -0.03376 0.08952 -0.45124
v -0.03376 0.08966 -0.44698
v -0.03376 0.08962 -0.42771
v -0.03376 0.0816 -0.39391
v 0.03722 0.08004 -0.29277
v 0.03749 0.07817 -0.29277
v 0.04161 0.07048 -0.32531
v 0.04161 0.07003 -0.32076
v 0.04161 0.06977 -0.32502
v 0.04161 0.06928 -0.32051
v 0.04161 0.0711 -0.3373
v 0.04161 0.06991 -0.31955
v 0.04161 0.06916 -0.31932
v 0.04161 0.07077 -0.32101
v 0.04161 0.0717 -0.3377
v 0.04161 0.07296 -0.35426
v 0.04161 0.07342 -0.35481
v 0.04161 0.07118 -0.3256
v 0.04161 0.0723 -0.3381
v 0.04161 0.07388 -0.35536
v 0.04161 0.07066 -0.31979
v 0.04161 0.07387 -0.33914
v 0.04161 0.07303 -0.32635
v 0.04161 0.07569 -0.33899
v 0.04161 0.07503 -0.32624
v 0.04161 0.07479 -0.32156
v 0.04161 0.07272 -0.32165
v 0.04161 0.07473 -0.32032
v 0.04161 0.07263 -0.32041
v 0.04161 0.07394 -0.30477
v 0.04161 0.07161 -0.30481
v 0.04161 0.0693 -0.30455
v 0.04161 0.06842 -0.30445
v 0.04161 0.06754 -0.30435
v 0.03597 0.08115 -0.29082
v 0.03624 0.07928 -0.29082
v -0.02079 0.15639 -0.27439
v -0.02428 0.13086 -0.27439
v -0.01838 -0.00294 -0.32404
v 0.03471 0.08238 -0.28909
v 0.03498 0.0805 -0.28909
v 0.02493 0.05884 -0.21312
v -0.0287 0.08883 -0.3611
v -0.02588 0.08883 -0.01673
v -0.02588 0.08883 -0.35401
v -0.02867 0.08883 -0.02023
v -0.02588 0.08874 -0.36242
v -0.02868 0.08844 -0.36522
v 0.0334 0.08343 -0.28688
v 0.03367 0.08155 -0.28689
v 0.02828 0.08883 -0.3611
v 0.02547 0.08883 -0.35401
v 0.02547 0.08874 -0.36242
v 0.02826 0.08883 -0.02023
v 0.02826 0.08844 -0.36522
v 0.033 0.08351 -0.28688
v -0.03271 0.03992 -0.39628
v -0.03356 0.03866 -0.39614
v -0.03024 0.0489 -0.45871
v -0.03062 0.04991 -0.45004
v -0.0307 0.04296 -0.44974
v -0.03187 0.04439 -0.4484
v -0.03115 0.03789 -0.44051
v -0.0321 0.03746 -0.43715
v -0.03062 0.07824 -0.45728
v -0.0306 0.07152 -0.45783
v -0.03034 0.07352 -0.46227
v -0.03061 0.07156 -0.47427
v -0.03062 0.079 -0.47232
v 0.03431 0.08246 -0.28909
v -0.03015 0.09059 -0.45447
v -0.02716 0.09058 -0.45907
v -0.02355 0.09086 -0.47843
v -0.02664 0.09021 -0.44435
v -0.02765 0.08942 -0.36486
v -0.02881 0.08909 -0.36376
v 0.0284 0.08909 -0.36376
v 0.02974 0.09059 -0.45447
v -0.03356 -0.13133 -0.4504
v -0.03356 -0.13538 -0.43396
v -0.03356 -0.11151 -0.44887
v -0.03356 -0.11523 -0.43158
v -0.03356 -0.13654 -0.42909
v -0.03356 -0.11634 -0.42629
v -0.03356 -0.08926 -0.44659
v -0.03356 -0.09065 -0.42868
v -0.03356 -0.06653 -0.44367
v -0.03356 -0.09111 -0.42278
v -0.03356 -0.06777 -0.42597
v -0.03356 -0.04398 -0.43994
v -0.03356 -0.11746 -0.421
v -0.03356 -0.06824 -0.41961
v -0.03356 -0.1377 -0.42422
v -0.03356 -0.09157 -0.41689
v -0.03356 -0.11859 -0.4156
v -0.03356 -0.13895 -0.41897
v -0.03356 -0.04459 -0.42323
v -0.03356 -0.1402 -0.41371
v -0.03356 -0.11973 -0.41019
v -0.03356 -0.09202 -0.41119
v -0.03356 -0.14127 -0.40921
v -0.03356 -0.12075 -0.40534
v -0.03356 -0.09247 -0.4055
v -0.03356 -0.06871 -0.41325
v -0.03356 -0.06914 -0.40741
v -0.03356 -0.09289 -0.40008
v -0.03356 -0.12176 -0.40049
v -0.03356 -0.14234 -0.40471
v -0.03356 -0.16888 -0.4069
v -0.03356 -0.06957 -0.40156
v -0.03356 -0.04546 -0.40349
v -0.03356 -0.09332 -0.39466
v -0.03356 -0.0947 -0.36402
v -0.03356 -0.12646 -0.37275
v -0.03356 -0.14854 -0.37709
v -0.03356 -0.16937 -0.40647
v -0.03356 -0.16987 -0.40603
v -0.03356 -0.16791 -0.37993
v -0.03356 -0.07043 -0.38997
v -0.03356 -0.07148 -0.35853
v -0.03356 -0.07 -0.39577
v -0.03356 -0.04627 -0.38502
v -0.03356 -0.04671 -0.35307
v -0.03356 -0.046 -0.39124
v -0.03356 -0.04573 -0.39746
v -0.03356 -0.02363 -0.38037
v -0.03356 -0.02281 -0.34734
v -0.03356 -0.02384 -0.38706
v -0.03356 -0.02405 -0.39374
v -0.03356 -0.02425 -0.39997
v -0.03356 -0.00059 -0.37565
v -0.03356 0.00134 -0.34266
v -0.03356 -0.00138 -0.38281
v -0.03356 -0.00217 -0.38998
v -0.03356 -0.00289 -0.39643
v -0.03356 0.01818 -0.36775
v -0.03356 0.01951 -0.33857
v -0.03356 0.01768 -0.37536
v -0.03356 0.04153 -0.36576
v -0.03356 0.04096 -0.37377
v -0.03356 0.04173 -0.35776
v -0.03356 0.03771 -0.33429
v -0.03356 0.04088 -0.33502
v -0.03356 0.03968 -0.33414
v -0.03356 0.04134 -0.33694
v -0.03356 0.01718 -0.38297
v -0.03356 0.04056 -0.3806
v -0.03356 0.01673 -0.38964
v -0.03356 0.03988 -0.38743
v -0.03356 0.01629 -0.3963
v -0.03356 -0.0036 -0.40289
v -0.03356 0.01574 -0.40461
v -0.03356 -0.02445 -0.4062
v -0.03356 -0.00447 -0.41074
v -0.03356 0.01519 -0.41291
v -0.03356 -0.0452 -0.40951
v -0.03356 -0.02468 -0.41356
v -0.03356 -0.04489 -0.41637
v -0.03356 -0.00534 -0.41859
v -0.03356 -0.02491 -0.42091
v -0.03356 0.01399 -0.42329
v -0.03356 -0.00727 -0.43074
v -0.03356 -0.02543 -0.43588
v -0.03356 -0.16963 -0.40657
v -0.03356 -0.16925 -0.40673
v -0.03356 -0.16938 -0.4071
v -0.03356 -0.16913 -0.407
v -0.03356 -0.16901 -0.40727
v -0.03356 -0.16914 -0.40763
v -0.03089 -0.17744 -0.47619
v -0.03094 -0.17568 -0.47782
v 0.03558 0.08123 -0.29082
v -0.01874 0.10671 -0.14326
v -0.01874 0.10691 -0.14461
v -0.02074 0.10691 -0.12883
v 0.03217 -0.07107 -0.46168
v 0.03217 0.03823 -0.33708
v 0.03217 -0.16045 -0.41939
v 0.03217 -0.16441 -0.38293
v 0.03215 -0.1779 -0.47688
v 0.03217 -0.13533 -0.47432
v 0.0319 -0.17481 -0.48316
v 0.03109 -0.176 -0.48538
v 0.03189 -0.16325 -0.48212
v 0.031 -0.16223 -0.48371
v 0.03099 -0.138 -0.48121
v 0.03188 -0.12104 -0.47528
v 0.031 -0.1089 -0.4763
v 0.03102 -0.08483 -0.47213
v 0.03192 -0.07291 -0.46517
v 0.031 -0.06089 -0.46541
v 0.03186 -0.03317 -0.45332
v 0.03099 -0.0353 -0.45732
v 0.03101 -0.0175 -0.4504
v 0.03217 -0.01469 -0.4421
v 0.0319 -0.00802 -0.44219
v 0.03106 -0.0054 -0.44423
v 0.03217 0.01071 -0.42591
v 0.03189 0.01147 -0.42967
v 0.03102 0.01234 -0.43336
v 0.03097 0.02194 -0.43207
v 0.03187 0.02022 -0.42797
v 0.03217 0.02588 -0.42413
v 0.03188 0.02909 -0.42968
v 0.02212 -0.01409 -0.32696
v 0.01746 -0.01222 -0.32616
v 0.01954 -0.01217 -0.32621
v 0.02327 0.08863 -0.22691
v 0.01899 0.08863 -0.22691
v 0.01899 0.08937 -0.22878
v 0.01899 0.08925 -0.23378
v 0.01899 0.08892 -0.25789
v 0.01899 0.08781 -0.28569
v 0.01899 0.08671 -0.30402
v 0.02328 0.08601 -0.31467
v 0.01899 0.08602 -0.31462
v 0.01899 0.08569 -0.31927
v 0.02688 0.08595 -0.31575
v 0.02328 0.08568 -0.31945
v 0.01899 0.08554 -0.32102
v 0.02648 0.08567 -0.31959
v 0.02756 0.08568 -0.31964
v 0.02328 0.08551 -0.32141
v 0.01899 0.08523 -0.32561
v 0.02648 0.0855 -0.3217
v 0.02756 0.08551 -0.32179
v 0.02758 0.08548 -0.32236
v 0.02688 0.08528 -0.32489
v 0.02328 0.0852 -0.32602
v 0.01899 0.08439 -0.33812
v 0.02328 0.08437 -0.33835
v 0.03682 0.08013 -0.29277
v 0.01982 -0.14078 -0.36717
v 0.02125 -0.14459 -0.36079
v 0.02133 -0.14473 -0.3617
v 0.02012 -0.14177 -0.36749
v 0.02008 -0.14473 -0.36819
v 0.02153 -0.14638 -0.36129
v 0.02138 -0.14661 -0.36021
v 0.02107 -0.14816 -0.36159
v 0.02119 -0.14765 -0.36236
v 0.01981 -0.1477 -0.36883
v 0.01942 -0.14869 -0.36895
v 0.01915 -0.15135 -0.37017
v 0.02058 -0.15516 -0.36378
v 0.02066 -0.1553 -0.36469
v 0.01944 -0.15234 -0.37048
v 0.0194 -0.1553 -0.37118
v 0.02085 -0.15695 -0.36428
v 0.02071 -0.15718 -0.3632
v 0.0204 -0.15873 -0.36458
v 0.02051 -0.15822 -0.36535
v 0.01913 -0.15827 -0.37181
v 0.01875 -0.15925 -0.37194
v 0.02362 -0.09745 -0.35018
v 0.02197 -0.09798 -0.35754
v 0.02377 -0.09694 -0.35096
v 0.02241 -0.09699 -0.35743
v 0.02269 -0.09402 -0.3568
v 0.02413 -0.09567 -0.34989
v 0.02393 -0.0959 -0.3488
v 0.0238 -0.09388 -0.34938
v 0.02392 -0.09402 -0.3503
v 0.02271 -0.09106 -0.3561
v 0.02237 -0.09007 -0.35577
v 0.02084 -0.1205 -0.36261
v 0.02227 -0.12431 -0.35622
v 0.02237 -0.12445 -0.35714
v 0.02116 -0.12149 -0.36293
v 0.02113 -0.12445 -0.36363
v 0.02257 -0.12609 -0.35673
v 0.0224 -0.12633 -0.35564
v 0.02209 -0.12788 -0.35703
v 0.02222 -0.12737 -0.3578
v 0.02085 -0.12741 -0.36427
v 0.02044 -0.1284 -0.36439
v 0.02135 -0.11036 -0.36033
v 0.02278 -0.11417 -0.35394
v 0.02289 -0.11431 -0.35486
v 0.02167 -0.11135 -0.36066
v 0.02165 -0.11431 -0.36136
v 0.02309 -0.11595 -0.35445
v 0.02291 -0.11619 -0.35336
v 0.0226 -0.11773 -0.35474
v 0.02274 -0.11723 -0.35552
v 0.02137 -0.11727 -0.36199
v 0.02095 -0.11826 -0.36211
v 0.02186 -0.10022 -0.35805
v 0.02329 -0.10403 -0.35166
v 0.0234 -0.10417 -0.35258
v 0.02219 -0.1012 -0.35838
v 0.02217 -0.10417 -0.35908
v 0.02361 -0.10581 -0.35217
v 0.02342 -0.10604 -0.35108
v 0.02311 -0.10759 -0.35246
v 0.02325 -0.10709 -0.35324
v 0.02189 -0.10713 -0.35971
v 0.02146 -0.10812 -0.35983
v 0.02288 -0.07993 -0.35348
v 0.02431 -0.08374 -0.3471
v 0.02444 -0.08388 -0.34802
v 0.02323 -0.08092 -0.35382
v 0.02321 -0.08388 -0.35452
v 0.02464 -0.08552 -0.34761
v 0.02444 -0.08576 -0.34652
v 0.02413 -0.08731 -0.3479
v 0.02429 -0.0868 -0.34868
v 0.02293 -0.08685 -0.35515
v 0.02248 -0.08783 -0.35526
v 0.02339 -0.06979 -0.3512
v 0.02482 -0.0736 -0.34481
v 0.02495 -0.07374 -0.34574
v 0.02375 -0.07078 -0.35154
v 0.02373 -0.07374 -0.35224
v 0.02516 -0.07538 -0.34534
v 0.02495 -0.07562 -0.34423
v 0.02464 -0.07717 -0.34562
v 0.0248 -0.07666 -0.3464
v 0.02345 -0.0767 -0.35287
v 0.02299 -0.07769 -0.35298
v 0.0239 -0.05965 -0.34892
v 0.02533 -0.06346 -0.34253
v 0.02547 -0.0636 -0.34346
v 0.02427 -0.06064 -0.34926
v 0.02426 -0.0636 -0.34996
v 0.02568 -0.06524 -0.34306
v 0.02546 -0.06548 -0.34195
v 0.02515 -0.06702 -0.34334
v 0.02532 -0.06652 -0.34412
v 0.02397 -0.06656 -0.35059
v 0.02351 -0.06755 -0.3507
v 0.02441 -0.04951 -0.34664
v 0.02584 -0.05332 -0.34025
v 0.02599 -0.05346 -0.34118
v 0.02479 -0.05049 -0.34698
v 0.02478 -0.05346 -0.34769
v 0.0262 -0.0551 -0.34078
v 0.02597 -0.05533 -0.33967
v 0.02566 -0.05688 -0.34105
v 0.02584 -0.05638 -0.34184
v 0.02449 -0.05642 -0.34831
v 0.02402 -0.05741 -0.34842
v 0.02492 -0.03936 -0.34436
v 0.02635 -0.04317 -0.33797
v 0.0265 -0.04331 -0.3389
v 0.02531 -0.04035 -0.3447
v 0.0253 -0.04331 -0.34541
v 0.02672 -0.04496 -0.3385
v 0.02648 -0.04519 -0.33739
v 0.02617 -0.04674 -0.33877
v 0.02635 -0.04624 -0.33956
v 0.025 -0.04628 -0.34603
v 0.02453 -0.04727 -0.34614
v 0.02536 -0.03088 -0.34241
v 0.02679 -0.03469 -0.33603
v 0.02694 -0.03483 -0.33696
v 0.02575 -0.03187 -0.34276
v 0.02574 -0.03483 -0.34347
v 0.02716 -0.03647 -0.33656
v 0.02692 -0.03671 -0.33545
v 0.02661 -0.03826 -0.33683
v 0.02679 -0.03775 -0.33762
v 0.02545 -0.03779 -0.34409
v 0.02496 -0.03878 -0.34419
v -0.02558 0.10571 -0.35401
v -0.02525 0.10661 -0.35401
v -0.02427 0.10691 -0.35403
v -0.02525 0.10571 -0.36242
v -0.01926 0.10671 -0.08223
v -0.02029 0.10691 -0.35401
v -0.02441 0.10659 -0.36238
v -0.02029 0.10661 -0.36242
v -0.00021 0.10616 -0.36383
v -0.02525 0.09667 -0.36242
v -0.02558 0.09667 -0.35401
v -0.02566 0.0908 -0.35401
v -0.02566 0.09079 -0.01626
v -0.02558 0.09665 -0.01501
v -0.02566 0.08122 -0.01607
v -0.02589 0.08146 -0.01671
v -0.02558 0.08099 -0.01499
v -0.02546 0.07976 -0.01966
v -0.02548 0.07978 -0.17797
v -0.02558 0.07245 -0.01953
v -0.02558 0.0601 -0.01374
v -0.02536 0.07311 -0.02007
v -0.02535 0.07358 -0.01971
v -0.02525 0.05885 -0.01255
v -0.02525 0.05885 -0.21312
v -0.02409 -0.01409 -0.32696
v -0.01944 -0.01222 -0.32616
v -0.02151 -0.01217 -0.32621
v 0.038 0.07913 -0.29374
v 0.00944 0.11627 -0.47319
v 0.03353 -0.1494 -0.37727
v 0.03353 -0.16982 -0.40633
v 0.03353 -0.17034 -0.40592
v 0.03353 -0.17086 -0.4055
v 0.03353 -0.17058 -0.40601
v 0.03353 -0.1702 -0.40617
v 0.03353 -0.14227 -0.40584
v 0.03353 -0.12737 -0.3721
v 0.03353 -0.12184 -0.40093
v 0.03353 -0.09579 -0.36563
v 0.03353 -0.14104 -0.4103
v 0.03353 -0.13982 -0.41476
v 0.03353 -0.12066 -0.40574
v 0.03353 -0.13839 -0.41997
v 0.03353 -0.11948 -0.41055
v 0.03353 -0.09301 -0.39954
v 0.03353 -0.0924 -0.40494
v 0.03353 -0.09361 -0.39414
v 0.03353 -0.07089 -0.38867
v 0.03353 -0.0727 -0.36057
v 0.03353 -0.07027 -0.39445
v 0.03353 -0.06964 -0.40023
v 0.03353 -0.04692 -0.38291
v 0.03353 -0.04811 -0.35454
v 0.03353 -0.04644 -0.38912
v 0.03353 -0.04595 -0.39533
v 0.03353 -0.02444 -0.3775
v 0.03353 -0.0244 -0.34832
v 0.03353 -0.02443 -0.38419
v 0.03353 -0.02441 -0.39087
v 0.03353 -0.00158 -0.372
v 0.03353 -0.00045 -0.3429
v 0.03353 -0.00213 -0.37919
v 0.03353 -0.00268 -0.38637
v 0.03353 0.01691 -0.36347
v 0.03353 0.01755 -0.33917
v 0.03353 0.01667 -0.3711
v 0.03353 0.01643 -0.37872
v 0.03353 0.03551 -0.33523
v 0.03353 0.0375 -0.33511
v 0.03353 0.03876 -0.33602
v 0.03353 0.03928 -0.33794
v 0.03353 0.01621 -0.38539
v 0.03353 -0.00317 -0.39285
v 0.03353 0.01599 -0.39207
v 0.03353 -0.0244 -0.39711
v 0.03353 -0.00367 -0.39933
v 0.03353 0.01572 -0.40039
v 0.03353 -0.04548 -0.40134
v 0.03353 -0.02439 -0.40335
v 0.03353 -0.00427 -0.4072
v 0.03353 0.01545 -0.40871
v 0.03353 -0.06902 -0.40606
v 0.03353 -0.04501 -0.40735
v 0.03353 0.0146 -0.41912
v 0.03353 -0.00488 -0.41508
v 0.03353 -0.00639 -0.42728
v 0.03353 -0.02437 -0.4107
v 0.03353 -0.02436 -0.41806
v 0.03353 -0.02437 -0.43304
v 0.03353 -0.04448 -0.4142
v 0.03353 -0.04395 -0.42105
v 0.03353 -0.04277 -0.43772
v 0.03353 -0.06839 -0.41188
v 0.03353 -0.0677 -0.41823
v 0.03353 -0.06702 -0.42457
v 0.03353 -0.06518 -0.44221
v 0.03353 -0.09176 -0.41062
v 0.03353 -0.09112 -0.41629
v 0.03353 -0.11816 -0.41592
v 0.03353 -0.09045 -0.42217
v 0.03353 -0.13696 -0.42519
v 0.03353 -0.11684 -0.42128
v 0.03353 -0.13564 -0.43002
v 0.03353 -0.11555 -0.42653
v 0.03353 -0.13432 -0.43484
v 0.03353 -0.11426 -0.43178
v 0.03353 -0.08979 -0.42805
v 0.03353 -0.12971 -0.45113
v 0.03353 -0.10996 -0.44893
v 0.03353 -0.0878 -0.4459
v 0.03353 -0.1703 -0.40652
v 0.03353 -0.17002 -0.40702
v 0.03353 -0.17006 -0.40643
v 0.03353 -0.16992 -0.40668
v 0.03353 -0.16874 -0.3809
v -0.03115 0.07612 -0.27678
v -0.03115 0.07675 -0.27098
v -0.03115 0.07675 -0.27637
v -0.03115 0.07541 -0.27703
v -0.03115 0.0746 -0.27712
v -0.03115 0.07379 -0.27703
v -0.03115 0.07308 -0.27678
v -0.03115 0.07244 -0.27637
v -0.03115 0.0719 -0.27583
v -0.03115 0.07149 -0.27519
v -0.03115 0.07124 -0.27448
v -0.03115 0.07115 -0.27367
v -0.03115 0.07124 -0.27286
v -0.03115 0.07149 -0.27215
v -0.03115 0.0719 -0.27152
v -0.03115 0.07244 -0.27098
v -0.03115 0.07308 -0.27057
v -0.03115 0.07379 -0.27032
v -0.03115 0.0746 -0.27022
v -0.03115 0.07541 -0.27032
v -0.03115 0.07729 -0.27583
v -0.03115 0.07729 -0.27152
v -0.03115 0.0777 -0.27215
v -0.03115 0.0777 -0.27519
v -0.03115 0.07795 -0.27286
v -0.03115 0.07795 -0.27448
v -0.03115 0.07805 -0.27367
v -0.03115 0.07612 -0.27057
v -0.03008 0.07902 -0.27367
v -0.03008 0.07891 -0.27265
v -0.03008 0.07858 -0.27173
v -0.03008 0.07891 -0.2747
v -0.03008 0.07805 -0.27091
v -0.03008 0.07858 -0.27562
v -0.03008 0.07736 -0.27022
v -0.03008 0.07805 -0.27644
v -0.03008 0.07654 -0.26969
v -0.03008 0.07736 -0.27713
v -0.03008 0.07563 -0.26937
v -0.03008 0.07654 -0.27765
v -0.03008 0.0746 -0.26925
v -0.03008 0.07563 -0.27798
v -0.03008 0.07357 -0.26937
v -0.03008 0.0746 -0.2781
v -0.03008 0.07265 -0.26969
v -0.03008 0.07357 -0.27798
v -0.03008 0.07183 -0.27022
v -0.03008 0.07265 -0.27765
v -0.03008 0.07114 -0.27091
v -0.03008 0.07183 -0.27713
v -0.03008 0.07062 -0.27173
v -0.03008 0.07114 -0.27644
v -0.03008 0.07029 -0.27265
v -0.03008 0.07062 -0.27562
v -0.03008 0.07017 -0.27367
v -0.03008 0.07029 -0.2747
v 0.03899 0.07823 -0.29473
v 0.03265 0.07178 -0.23405
v 0.03265 0.07766 -0.2334
v 0.03265 0.07219 -0.2334
v 0.03265 0.07152 -0.23478
v 0.03265 0.07142 -0.23559
v 0.03265 0.07152 -0.2364
v 0.03265 0.07178 -0.23713
v 0.03265 0.07219 -0.23778
v 0.03265 0.07274 -0.23832
v 0.03265 0.07339 -0.23874
v 0.03265 0.07412 -0.239
v 0.03265 0.07493 -0.23909
v 0.03265 0.07574 -0.239
v 0.03265 0.07647 -0.23874
v 0.03265 0.07712 -0.23832
v 0.03265 0.07766 -0.23778
v 0.03265 0.07808 -0.23713
v 0.03265 0.07834 -0.2364
v 0.03265 0.07843 -0.23559
v 0.03265 0.07834 -0.23478
v 0.03265 0.07808 -0.23405
v 0.03265 0.07274 -0.23285
v 0.03265 0.07712 -0.23285
v 0.03265 0.07647 -0.23244
v 0.03265 0.07339 -0.23244
v 0.03265 0.07412 -0.23218
v 0.03265 0.07574 -0.23218
v 0.03265 0.07493 -0.23208
v 0.03048 -0.17744 -0.47619
v 0.03053 -0.17568 -0.47782
v -0.03003 0.08592 -0.27367
v -0.03051 0.08357 -0.27367
v -0.03003 0.08562 -0.27108
v -0.03051 0.08333 -0.27161
v -0.03003 0.08477 -0.26869
v -0.03051 0.08333 -0.27573
v -0.03003 0.08562 -0.27627
v -0.03051 0.08266 -0.26973
v -0.03003 0.08343 -0.26659
v -0.03051 0.08266 -0.27762
v -0.03003 0.08477 -0.27865
v -0.03051 0.0816 -0.26806
v -0.03003 0.08168 -0.26484
v -0.03051 0.0816 -0.27928
v -0.03003 0.08343 -0.28075
v -0.03051 0.08021 -0.26667
v -0.03003 0.07958 -0.2635
v -0.03051 0.08021 -0.28067
v -0.03003 0.08168 -0.28251
v -0.03051 0.07854 -0.28173
v -0.03003 0.07958 -0.28384
v -0.03051 0.07666 -0.28241
v -0.03003 0.07719 -0.2847
v -0.03051 0.0746 -0.28264
v -0.03003 0.0746 -0.285
v -0.03051 0.07254 -0.28241
v -0.03003 0.072 -0.2847
v -0.03051 0.07065 -0.28173
v -0.03003 0.06962 -0.28384
v -0.03051 0.06899 -0.28067
v -0.03003 0.06752 -0.28251
v -0.03051 0.0676 -0.27928
v -0.03003 0.06576 -0.28075
v -0.03051 0.06654 -0.27762
v -0.03003 0.06443 -0.27865
v -0.03051 0.06586 -0.27573
v -0.03003 0.06357 -0.27627
v -0.03051 0.06563 -0.27367
v -0.03003 0.06327 -0.27367
v -0.03051 0.06586 -0.27161
v -0.03003 0.06357 -0.27108
v -0.03051 0.06654 -0.26973
v -0.03003 0.06443 -0.26869
v -0.03051 0.0676 -0.26806
v -0.03003 0.06576 -0.26659
v -0.03051 0.06899 -0.26667
v -0.03003 0.06752 -0.26484
v -0.03051 0.07065 -0.26561
v -0.03003 0.06962 -0.2635
v -0.03051 0.07254 -0.26494
v -0.03003 0.072 -0.26265
v -0.03051 0.0746 -0.2647
v -0.03003 0.0746 -0.26235
v -0.03051 0.07666 -0.26494
v -0.03003 0.07719 -0.26265
v -0.03051 0.07854 -0.26561
v 0.03224 0.07493 -0.23146
v 0.03224 0.07588 -0.23157
v 0.03224 0.07674 -0.23188
v 0.03224 0.07398 -0.23157
v 0.03224 0.07751 -0.23236
v 0.03224 0.07311 -0.23188
v 0.03224 0.07815 -0.23301
v 0.03224 0.07235 -0.23236
v 0.03224 0.07864 -0.23377
v 0.03224 0.0717 -0.23301
v 0.03224 0.07895 -0.23464
v 0.03224 0.07122 -0.23377
v 0.03224 0.07906 -0.23559
v 0.03224 0.07091 -0.23464
v 0.03224 0.07895 -0.23654
v 0.03224 0.0708 -0.23559
v 0.03224 0.07864 -0.2374
v 0.03224 0.07091 -0.23654
v 0.03224 0.07815 -0.23817
v 0.03224 0.07122 -0.2374
v 0.03224 0.07751 -0.23881
v 0.03224 0.0717 -0.23817
v 0.03224 0.07674 -0.2393
v 0.03224 0.07235 -0.23881
v 0.03224 0.07588 -0.23961
v 0.03224 0.07311 -0.2393
v 0.03224 0.07493 -0.23972
v 0.03224 0.07398 -0.23961
v -0.03257 0.05319 -0.31767
v -0.03224 0.05283 -0.31219
v -0.03247 0.05405 -0.30612
v 0.03169 0.07493 -0.23101
v 0.03169 0.07598 -0.23113
v 0.03169 0.07694 -0.23147
v 0.03169 0.07387 -0.23113
v 0.03169 0.07779 -0.23201
v 0.03169 0.07291 -0.23147
v 0.03169 0.0785 -0.23272
v 0.03169 0.07206 -0.23201
v 0.03169 0.07904 -0.23357
v 0.03169 0.07135 -0.23272
v 0.03169 0.07939 -0.23453
v 0.03169 0.07081 -0.23357
v 0.03169 0.07951 -0.23559
v 0.03169 0.07047 -0.23453
v 0.03169 0.07939 -0.23664
v 0.03169 0.07035 -0.23559
v 0.03169 0.07904 -0.2376
v 0.03169 0.07047 -0.23664
v 0.03169 0.0785 -0.23845
v 0.03169 0.07081 -0.2376
v 0.03169 0.07779 -0.23916
v 0.03169 0.07135 -0.23845
v 0.03169 0.07694 -0.2397
v 0.03169 0.07206 -0.23916
v 0.03169 0.07598 -0.24005
v 0.03169 0.07291 -0.2397
v 0.03169 0.07493 -0.24017
v 0.03169 0.07387 -0.24005
v 0.03021 0.04991 -0.45004
v 0.03021 0.07824 -0.45728
v 0.03019 0.07152 -0.45783
v 0.02993 0.07352 -0.46227
v 0.0302 0.07156 -0.47427
v 0.0302 0.079 -0.47232
v -0.02944 0.08147 -0.02126
v -0.02984 0.08178 -0.02223
v -0.02955 0.05885 -0.30017
v -0.02984 0.0601 -0.30003
v -0.02955 0.0601 -0.33211
v -0.02955 0.063 -0.35401
v -0.02984 0.06259 -0.29977
v -0.02984 0.06672 -0.33475
v -0.02984 0.06672 -0.35401
v -0.02944 0.06535 -0.36133
v -0.02868 0.06672 -0.36522
v 0.03141 0.07493 -0.22941
v 0.03141 0.07634 -0.22958
v 0.03141 0.07764 -0.23004
v 0.03141 0.07351 -0.22958
v 0.03141 0.07879 -0.23077
v 0.03141 0.07221 -0.23004
v 0.03141 0.07975 -0.23173
v 0.03141 0.07107 -0.23077
v 0.03141 0.08047 -0.23287
v 0.03141 0.07011 -0.23173
v 0.03141 0.08094 -0.23417
v 0.03141 0.06938 -0.23287
v 0.03141 0.0811 -0.23559
v 0.03141 0.06892 -0.23417
v 0.03141 0.08094 -0.237
v 0.03141 0.06875 -0.23559
v 0.03141 0.08047 -0.2383
v 0.03141 0.06892 -0.237
v 0.03141 0.07975 -0.23945
v 0.03141 0.06938 -0.2383
v 0.03141 0.07879 -0.24041
v 0.03141 0.07011 -0.23945
v 0.03141 0.07764 -0.24113
v 0.03141 0.07107 -0.24041
v 0.03141 0.07634 -0.2416
v 0.03141 0.07221 -0.24113
v 0.03141 0.07493 -0.24176
v 0.03141 0.07351 -0.2416
v -0.00986 0.11627 -0.47319
v 0.0311 0.07493 -0.22886
v 0.0311 0.07647 -0.22904
v 0.0311 0.07789 -0.22954
v 0.0311 0.07339 -0.22904
v 0.03111 0.07914 -0.23034
v 0.0311 0.07197 -0.22954
v 0.03111 0.08018 -0.23138
v 0.0311 0.07072 -0.23034
v 0.03111 0.08097 -0.23263
v 0.0311 0.06968 -0.23138
v 0.03111 0.08148 -0.23405
v 0.0311 0.06888 -0.23263
v 0.03111 0.08166 -0.23559
v 0.0311 0.06838 -0.23405
v 0.03111 0.08148 -0.23713
v 0.0311 0.0682 -0.23559
v 0.03111 0.08097 -0.23855
v 0.0311 0.06838 -0.23713
v 0.03111 0.08018 -0.2398
v 0.0311 0.06888 -0.23855
v 0.03111 0.07914 -0.24084
v 0.0311 0.06968 -0.2398
v 0.03111 0.07789 -0.24163
v 0.0311 0.07072 -0.24084
v 0.03111 0.07647 -0.24214
v 0.0311 0.07197 -0.24163
v 0.03111 0.07493 -0.24232
v 0.03111 0.07339 -0.24214
v 0.02929 0.09037 -0.32248
v 0.02931 0.08968 -0.32247
v 0.02759 0.09037 -0.32248
v 0.02758 0.08968 -0.32247
v 0.02511 0.0908 -0.35401
v 0.01916 0.16377 -0.27439
v 0.02018 0.13142 -0.27439
v 0.02932 0.08896 -0.31962
v 0.02932 0.08968 -0.3217
v 0.02931 0.08951 -0.31961
v 0.02931 0.09039 -0.32169
v 0.02504 0.07246 -0.18423
v 0.02943 0.06259 -0.29977
v 0.02914 0.063 -0.35401
v 0.02943 0.06672 -0.33475
v 0.02943 0.0601 -0.30003
v 0.02914 0.0601 -0.33211
v 0.02914 0.05885 -0.30017
v 0.02943 0.06672 -0.35401
v 0.02891 0.06397 -0.36024
v 0.02943 0.08178 -0.02223
v 0.02903 0.08147 -0.02126
v 0.02914 0.06672 -0.36242
v 0.02826 0.06672 -0.36522
v 0.03183 0.05283 -0.31219
v 0.03216 0.05319 -0.31767
v 0.03206 0.05405 -0.30612
v -0.03271 -0.16923 -0.37873
v 0.02386 0.05843 -0.21378
v 0.02033 -0.13064 -0.36489
v 0.02185 -0.13459 -0.35942
v 0.02064 -0.13163 -0.36521
v 0.0206 -0.13459 -0.36591
v 0.02033 -0.13756 -0.36655
v 0.02495 0.07311 -0.02007
v 0.0251 0.07245 -0.01953
v 0.03268 -0.17012 -0.38006
v 0.02759 0.08903 -0.31852
v 0.02758 0.08951 -0.31961
v 0.02758 0.09039 -0.32169
v 0.01797 -0.00294 -0.32404
v -0.03271 0.04299 -0.3579
v -0.03271 0.04278 -0.36591
v -0.03271 0.04222 -0.37392
v -0.03271 0.04182 -0.38075
v -0.03271 0.04114 -0.38758
v -0.02409 -0.01419 -0.32593
v -0.02409 -0.01481 -0.32311
v -0.02409 -0.01567 -0.3192
v -0.02409 -0.01732 -0.31163
v -0.02409 -0.01758 -0.31048
v -0.00044 0.15846 -0.14545
v -0.00644 0.15728 -0.14545
v 0.00557 0.15737 -0.14545
v -0.0117 0.15397 -0.14545
v -0.01559 0.14892 -0.14545
v -0.01764 0.14275 -0.14545
v -0.0176 0.13619 -0.14545
v -0.01548 0.13005 -0.14545
v -0.01153 0.12506 -0.14545
v -0.00623 0.12182 -0.14545
v -0.00021 0.12072 -0.14545
v 0.01664 -0.0133 -0.32524
v -0.01861 -0.01329 -0.32524
v -0.01627 0.07498 -0.18211
v -0.02339 0.07346 -0.02088
v -0.016 0.07504 -0.02004
v -0.00676 0.13957 -0.28134
v -0.0068 0.13951 -0.27507
v -0.00303 0.13876 -0.27507
v -0.00302 0.13883 -0.28134
v 0.00085 0.13951 -0.27507
v 0.00083 0.13957 -0.28134
v 0.00406 0.14154 -0.27507
v 0.00401 0.14159 -0.28134
v 0.00627 0.14455 -0.27507
v 0.00621 0.14457 -0.28134
v 0.00719 0.14825 -0.27507
v 0.00712 0.14825 -0.28134
v 0.0066 0.15196 -0.27507
v 0.00654 0.15193 -0.28134
v 0.00475 0.15497 -0.27507
v 0.0047 0.15492 -0.28134
v 0.00191 0.157 -0.27507
v 0.00189 0.15694 -0.28134
v -0.00164 0.15775 -0.27507
v -0.00165 0.15768 -0.28134
v -0.02939 0.06189 -0.34086
v -0.02849 0.06127 -0.34606
v -0.02854 0.05973 -0.34003
v -0.02925 0.05952 -0.3273
v -0.02854 0.05895 -0.32912
v -0.0284 0.05856 -0.30807
v -0.02258 0.03765 -0.40499
v 0.02297 0.07346 -0.02088
v 0.0156 0.07504 -0.02004
v -0.03271 0.04275 -0.3352
v 0.0251 0.07978 -0.17797
v 0.02515 0.07976 -0.01966
v 0.02501 0.0601 -0.01374
v 0.025 0.05884 -0.01255
v 0.02517 0.08099 -0.01499
v 0.02528 0.09665 -0.01501
v 0.02515 0.09667 -0.35401
v 0.02534 0.05966 -0.33974
v 0.02534 0.06214 -0.35732
v 0.02555 0.06126 -0.34633
v 0.02451 0.05896 -0.36168
v 0.02526 0.05876 -0.32624
v 0.01905 0.12294 -0.26903
v 0.018 0.12294 -0.26903
v 0.01445 0.12294 -0.26903
v 0.01353 0.12294 -0.26903
v 0.01152 0.12294 -0.26903
v 0.01152 0.13636 -0.26903
v -0.01328 0.12294 -0.26903
v -0.01328 0.13636 -0.26903
v -0.0141 0.12294 -0.26903
v -0.01475 0.12294 -0.26903
v -0.01888 0.12294 -0.26903
v -0.01962 0.12294 -0.26903
v 0.01832 0.10612 -0.08223
v -0.03206 0.05879 -0.3065
v -0.03256 0.05832 -0.30639
v -0.02662 0.0578 -0.29284
v -0.03258 0.06506 -0.36569
v -0.03202 0.06537 -0.36481
v -0.03271 0.04233 -0.33328
v 0.02799 0.05856 -0.30807
v 0.02813 0.05895 -0.32912
v 0.02883 0.05952 -0.3273
v 0.02813 0.05973 -0.34003
v 0.02898 0.06189 -0.34086
v 0.02808 0.06127 -0.34606
v 0.02807 0.06224 -0.35749
v -0.01874 0.10612 -0.08223
v 0.03217 0.06506 -0.36569
v 0.03162 0.06537 -0.36481
v 0.03165 0.05879 -0.30649
v 0.03215 0.05832 -0.30639
v 0.02621 0.0578 -0.29284
v 0.02212 -0.01758 -0.31048
v 0.02212 -0.01732 -0.31163
v 0.02212 -0.01567 -0.3192
v 0.02212 -0.01481 -0.32311
v 0.02212 -0.01419 -0.32593
v -0.01962 0.12294 -0.27072
v -0.01962 0.12294 -0.36885
v -0.02576 0.05966 -0.33974
v -0.02567 0.05876 -0.32624
v 0.02629 0.05444 -0.29308
v 0.02239 0.05429 -0.28809
v 0.01945 0.05761 -0.2848
v 0.01748 0.05428 -0.28302
v 0.01623 0.05783 -0.28224
v 0.01493 0.05459 -0.28187
v 0.00366 0.16075 -0.26875
v 0.00366 0.16075 -0.27605
v 0.00769 0.15784 -0.26875
v 0.00769 0.15784 -0.27605
v 0.01037 0.15353 -0.26875
v 0.01037 0.15353 -0.27605
v 0.01128 0.14825 -0.26875
v 0.01128 0.14825 -0.27605
v 0.01003 0.14298 -0.26875
v 0.01003 0.14298 -0.27605
v 0.00688 0.13866 -0.26875
v 0.00688 0.13866 -0.27605
v 0.00226 0.13575 -0.26875
v 0.00226 0.13575 -0.27605
v -0.01591 0.0753 -0.02073
v -0.01591 0.07799 -0.09671
v -0.01594 0.07766 -0.13003
v -0.02648 0.10441 -0.47613
v 0.02496 -0.00615 -0.33268
v 0.02071 -0.01987 -0.3333
v 0.01658 -0.0233 -0.33223
v 0.03268 0.04014 -0.33424
v -0.00658 0.16721 -0.27812
v -0.00658 0.16721 -0.27439
v 0.0364 0.07546 -0.35541
v 0.03247 0.07692 -0.35541
v 0.0364 0.07591 -0.35597
v 0.03247 0.07646 -0.35485
v 0.0364 0.07501 -0.35485
v 0.02398 0.07695 -0.35485
v 0.03247 0.07737 -0.35597
v 0.02398 0.0774 -0.35541
v 0.02398 0.07785 -0.35597
v 0.01899 0.07785 -0.35597
v 0.01899 0.0774 -0.35541
v 0.01899 0.07695 -0.35485
v -0.03271 0.04113 -0.3324
v -0.02113 -0.01987 -0.3333
v -0.02537 -0.00615 -0.33268
v -0.017 -0.0233 -0.33223
v -0.03367 0.08943 -0.45112
v -0.03367 0.08798 -0.4572
v -0.03367 0.08387 -0.46175
v 0.01905 0.12294 -0.36885
v 0.01905 0.12294 -0.27072
v 0.01551 0.07748 -0.0197
v -0.03258 0.03823 -0.33708
v -0.03258 0.03491 -0.43016
v -0.03258 0.06958 -0.42728
v -0.03259 0.02588 -0.42413
v -0.03229 0.02909 -0.42968
v -0.03142 0.03097 -0.43443
v -0.03138 0.02194 -0.43207
v -0.03228 0.02022 -0.42797
v -0.03258 0.01071 -0.42591
v -0.03229 0.01147 -0.42967
v -0.03143 0.01234 -0.43336
v -0.03146 -0.0054 -0.44423
v -0.03231 -0.00802 -0.44219
v -0.03142 -0.0175 -0.4504
v -0.03258 -0.01469 -0.4421
v -0.03227 -0.03317 -0.45332
v -0.03141 -0.0353 -0.45732
v -0.03141 -0.06089 -0.46541
v -0.03259 -0.07107 -0.46168
v -0.03233 -0.07291 -0.46517
v -0.03143 -0.08483 -0.47122
v -0.03141 -0.1089 -0.4763
v -0.03229 -0.12104 -0.47528
v -0.0314 -0.138 -0.48121
v -0.03258 -0.13533 -0.47432
v -0.0323 -0.16325 -0.4809
v -0.03141 -0.16223 -0.48371
v -0.0315 -0.176 -0.48538
v -0.03232 -0.17481 -0.48316
v -0.03256 -0.1779 -0.47688
v -0.03258 -0.16045 -0.41939
v -0.03259 -0.16441 -0.38293
v -0.03237 0.00369 -0.34094
v -0.03183 0.00222 -0.33848
v -0.03237 0.03245 -0.33636
v -0.03237 0.04007 -0.33217
v -0.03232 -0.16562 -0.37943
v -0.0315 -0.16893 -0.3764
v -0.03181 0.04447 -0.32364
v -0.03003 -0.17518 -0.37378
v -0.02995 -0.1672 -0.37368
v -0.03076 0.04762 -0.316
v -0.03137 0.05324 -0.30634
v -0.0275 -0.17458 -0.37161
v -0.02263 -0.17499 -0.36871
v -0.02403 -0.16559 -0.36849
v -0.0202 -0.16498 -0.36638
v -0.01649 -0.1751 -0.36649
v -0.01626 -0.16496 -0.36484
v -0.01257 -0.17513 -0.36561
v -0.01233 -0.16499 -0.36386
v -0.01259 -0.02169 -0.33095
v -0.00805 -0.14131 -0.35786
v -0.0061 -0.16405 -0.363
v 0.00568 -0.16405 -0.363
v -0.00021 -0.16382 -0.36296
v -0.00021 -0.17593 -0.36487
v -0.00608 -0.17587 -0.36486
v 0.02607 0.10441 -0.47613
v -0.01535 0.05459 -0.28187
v -0.00021 0.05446 -0.28178
v -0.0004 0.05781 -0.28154
v -0.01664 0.05783 -0.28224
v -0.01789 0.05428 -0.28302
v -0.01986 0.05761 -0.2848
v -0.0228 0.05429 -0.28809
v -0.0267 0.05444 -0.29308
v -0.03367 0.06997 -0.46175
v -0.03376 0.06579 -0.45736
v 0.03268 0.0389 -0.33333
v -0.02045 0.05832 -0.18809
v -0.02003 0.05801 -0.18444
v -0.01917 0.05718 -0.18073
v -0.01705 0.0554 -0.17498
v -0.01603 0.05409 -0.17147
v -0.01517 0.05245 -0.1686
v -0.01467 0.05044 -0.16684
v -0.01437 0.04612 -0.1656
v -0.02597 0.06126 -0.34633
v -0.01327 -0.00383 -0.32951
v -0.01332 -0.00166 -0.32946
v -0.01327 -0.00554 -0.32749
v -0.03924 0.07428 -0.43684
v -0.03924 0.07429 -0.42707
v -0.00021 0.07466 -0.01415
v -0.0002 0.07465 -0.01381
v -0.00021 0.07465 -0.14281
v -0.01649 -0.0244 -0.22165
v -0.01628 -0.02533 -0.21116
v -0.01506 -0.02311 -0.20654
v -0.01441 -0.02195 -0.21367
v -0.01409 -0.02111 -0.20251
v -0.01448 -0.02197 -0.1901
v -0.0142 -0.01933 -0.19094
v -0.01433 -0.01834 -0.18749
v -0.01435 0.02893 -0.17005
v 0.01426 0.05044 -0.16684
v 0.01396 0.04612 -0.1656
v 0.01476 0.05245 -0.1686
v -0.03056 -0.00395 -0.33542
v -0.0304 0.0316 -0.33066
v -0.01795 -0.00576 -0.32751
v -0.02097 -0.00429 -0.32929
v -0.02227 -0.00263 -0.32979
v -0.02428 0.00894 -0.32865
v -0.01866 0.00605 -0.32525
v -0.01874 0.01566 -0.32366
v -0.02451 0.02663 -0.32578
v -0.01797 0.0202 -0.32289
v -0.0284 0.00296 -0.33314
v -0.01927 0.02842 -0.32198
v -0.0245 0.03339 -0.32368
v -0.01932 0.03405 -0.31962
v -0.02827 0.03105 -0.32816
v -0.01828 0.03816 -0.31605
v -0.02831 0.03551 -0.32615
v -0.02486 0.03856 -0.32039
v -0.02505 0.0423 -0.3164
v -0.01865 0.04205 -0.31213
v -0.0283 0.04032 -0.32224
v -0.03045 0.03589 -0.32877
v -0.03172 0.03219 -0.33329
v -0.03171 0.03785 -0.33045
v -0.03048 0.04069 -0.32484
v -0.02878 0.04723 -0.3135
v -0.02553 0.04687 -0.31048
v -0.02616 0.05329 -0.30028
v -0.02004 0.04662 -0.30677
v -0.02026 0.05299 -0.29608
v -0.02258 0.03992 -0.39628
v 0.01087 0.15412 -0.14545
v 0.01482 0.14913 -0.14545
v 0.01694 0.14299 -0.14545
v 0.01698 0.13644 -0.14545
v 0.01493 0.13026 -0.14545
v 0.01104 0.12522 -0.14545
v 0.00578 0.1219 -0.14545
v -0.03271 0.03918 -0.33255
v 0.03873 0.07429 -0.42707
v 0.03873 0.07428 -0.43684
v 0.00265 0.15857 -0.28159
v 0.00598 0.15617 -0.27737
v 0.00598 0.15617 -0.28159
v 0.00645 0.15663 -0.27605
v 0.00878 0.15286 -0.27605
v 0.00819 0.15262 -0.27737
v 0.00819 0.15262 -0.28159
v 0.00954 0.14825 -0.27605
v 0.0089 0.14825 -0.27737
v 0.0089 0.14825 -0.28159
v 0.00843 0.14364 -0.27605
v 0.00784 0.14389 -0.27737
v 0.00784 0.14389 -0.28159
v 0.00568 0.13988 -0.27605
v 0.00523 0.14034 -0.27737
v 0.00166 0.13735 -0.27605
v 0.00523 0.14034 -0.28159
v 0.00144 0.13794 -0.27737
v 0.00144 0.13794 -0.28159
v 0.01286 -0.00554 -0.32749
v 0.01286 -0.00383 -0.32951
v 0.0129 -0.00166 -0.32946
v -0.00002 0.05781 -0.28154
v -0.00021 0.0578 -0.28155
v 0.01587 -0.02533 -0.21116
v 0.01465 -0.02311 -0.20654
v 0.01406 -0.02197 -0.1901
v 0.01367 -0.02111 -0.20251
v 0.014 -0.02195 -0.21367
v 0.01378 -0.01933 -0.19094
v 0.01608 -0.0244 -0.22165
v 0.01484 -0.02206 -0.22195
v 0.01647 -0.02149 -0.23148
v 0.01912 -0.02014 -0.2439
v 0.02358 -0.01753 -0.26206
v 0.01392 -0.01834 -0.18749
v 0.01393 0.02893 -0.17005
v 0.02365 -0.01879 -0.26551
v 0.02217 -0.01929 -0.2702
v 0.02117 -0.02239 -0.27428
v 0.01772 -0.01967 -0.2766
v 0.01441 -0.01912 -0.28229
v 0.02147 -0.02343 -0.27681
v 0.01856 -0.02124 -0.28173
v 0.01298 -0.01826 -0.28645
v 0.03268 0.03692 -0.33345
v 0.01561 0.05409 -0.17147
v 0.01664 0.0554 -0.17498
v 0.01876 0.05718 -0.18073
v 0.01962 0.05801 -0.18444
v 0.02003 0.05832 -0.18809
v 0.03325 0.0816 -0.39391
v 0.00925 0.13235 -0.36679
v 0.01152 0.1354 -0.3699
v -0.01078 0.13235 -0.36679
v -0.01328 0.1354 -0.3699
v 0.03095 0.05324 -0.30634
v 0.02451 0.07948 -0.02004
v 0.02494 0.07358 -0.01971
v -0.03271 -0.12658 -0.37148
v -0.03271 -0.09492 -0.36277
v -0.03271 -0.07176 -0.3573
v -0.03271 -0.04701 -0.35184
v -0.03271 -0.02313 -0.34612
v -0.03271 0.00101 -0.34144
v -0.03271 0.01918 -0.33734
v -0.02868 0.05843 -0.30021
v 0.03316 0.08943 -0.45112
v 0.03316 0.08798 -0.4572
v 0.03316 0.08957 -0.44689
v 0.02826 0.05843 -0.30021
v 0.02386 0.05854 -0.35639
v -0.02427 0.05843 -0.21378
v -0.02427 0.05843 -0.01165
v -0.02588 0.08146 -0.20374
v 0.03268 0.01718 -0.33796
v 0.03268 -0.00083 -0.34169
v 0.03268 -0.02477 -0.34711
v 0.03268 -0.04845 -0.35332
v 0.03268 -0.07302 -0.35934
v 0.03268 -0.09605 -0.36439
v 0.03268 -0.12753 -0.37085
v 0.03268 -0.1495 -0.37601
v 0.03325 0.06579 -0.45736
v 0.03325 0.06433 -0.45124
v 0.03325 0.06419 -0.44698
v 0.03325 0.06422 -0.42771
v 0.03204 0.0819 -0.28689
v 0.03102 0.03097 -0.43443
v 0.03217 0.03491 -0.43016
v 0.03217 0.06958 -0.42728
v 0.03195 0.04007 -0.33217
v 0.03139 0.04447 -0.32364
v 0.03195 0.03245 -0.33636
v 0.03129 0.03785 -0.33045
v 0.03196 0.00369 -0.34094
v 0.03142 0.00222 -0.33848
v 0.0313 0.03219 -0.33329
v 0.03007 0.04069 -0.32484
v 0.03035 0.04762 -0.316
v 0.03003 0.03589 -0.32877
v 0.02789 0.04032 -0.32224
v 0.02837 0.04723 -0.3135
v 0.02999 0.0316 -0.33066
v 0.0279 0.03551 -0.32615
v 0.02511 0.04687 -0.31048
v 0.02574 0.05329 -0.30028
v 0.01963 0.04662 -0.30677
v 0.01985 0.05299 -0.29608
v 0.01823 0.04205 -0.31213
v 0.02463 0.0423 -0.3164
v 0.01787 0.03816 -0.31605
v 0.02445 0.03856 -0.32039
v 0.02409 0.03339 -0.32368
v 0.01891 0.03405 -0.31962
v 0.01886 0.02842 -0.32198
v 0.02786 0.03105 -0.32816
v 0.0241 0.02663 -0.32578
v 0.01756 0.0202 -0.32289
v 0.01833 0.01566 -0.32366
v 0.02798 0.00296 -0.33314
v 0.02388 0.00894 -0.32865
v 0.01825 0.00605 -0.32525
v 0.02186 -0.00263 -0.32979
v 0.02056 -0.00429 -0.32929
v 0.01754 -0.00576 -0.32751
v 0.03014 -0.00395 -0.3369
v 0.0319 -0.16562 -0.37943
v 0.02954 -0.1672 -0.37368
v 0.03108 -0.16893 -0.3764
v 0.02962 -0.17518 -0.37378
v 0.02362 -0.16559 -0.36849
v 0.02709 -0.17458 -0.37161
v 0.02222 -0.17499 -0.36871
v 0.01979 -0.16498 -0.36638
v 0.01585 -0.16496 -0.36484
v 0.01607 -0.1751 -0.36649
v 0.01216 -0.17513 -0.36561
v 0.01192 -0.16499 -0.36386
v -0.00021 0.05802 -0.28333
v -0.02662 0.0601 -0.3165
v -0.02703 0.06537 -0.36279
v -0.02166 0.05811 -0.29353
v -0.01271 0.05801 -0.28331
v 0.0123 0.05801 -0.28331
v 0.02621 0.0601 -0.3165
v 0.02662 0.06537 -0.36279
v 0.02126 0.05811 -0.29353
v -0.01306 0.05803 -0.28343
v -0.00777 0.05835 -0.28725
v -0.00021 0.05823 -0.28576
v 0.00736 0.05835 -0.28725
v 0.01265 0.05803 -0.28343
v -0.00021 0.05869 -0.29184
v -0.0002 0.05907 -0.29685
v -0.01456 0.05851 -0.29086
v -0.0199 0.05858 -0.29611
v -0.01575 0.05909 -0.29851
v -0.00841 0.05909 -0.29718
v -0.00021 0.05908 -0.29698
v -0.00021 0.05909 -0.29726
v 0.00801 0.05909 -0.29718
v 0.01415 0.05851 -0.29086
v 0.01534 0.05909 -0.29851
v 0.01949 0.05858 -0.29611
v 0.00781 0.0763 -0.01388
v 0.00781 0.0763 -0.14281
v 0.00781 0.07708 -0.01245
v -0.00021 0.07506 -0.01245
v 0.01413 0.08001 -0.01404
v 0.01413 0.08 -0.14281
v 0.01707 0.08456 -0.14281
v 0.01413 0.08115 -0.01245
v 0.01707 0.08457 -0.01386
v 0.01801 0.08911 -0.14281
v 0.01802 0.08923 -0.01341
v 0.01707 0.08532 -0.01245
v 0.01413 0.08201 -0.00944
v 0.00781 0.07766 -0.00944
v -0.00021 0.07537 -0.00944
v 0.01705 0.08598 -0.00842
v 0.01413 0.0823 -0.00216
v 0.00781 0.07785 -0.00216
v -0.00021 0.07547 -0.00215
v 0.01832 0.09281 -0.14281
v -0.01525 -0.02206 -0.22195
v -0.01688 -0.02149 -0.23148
v -0.01954 -0.02014 -0.2439
v -0.02399 -0.01753 -0.26206
v -0.02406 -0.01879 -0.26551
v -0.02158 -0.02239 -0.27428
v -0.02258 -0.01929 -0.2702
v -0.01813 -0.01967 -0.2766
v -0.01481 -0.01912 -0.28229
v -0.02188 -0.02343 -0.27681
v -0.01897 -0.02124 -0.28173
v -0.01339 -0.01826 -0.28645
v -0.01842 -0.01796 -0.29544
v -0.01359 -0.01698 -0.29066
v -0.0167 -0.01438 -0.3006
v -0.01452 -0.01485 -0.296
v -0.01576 -0.01231 -0.30114
v -0.01737 -0.00725 -0.30874
v -0.01846 -0.0134 -0.30764
v -0.01867 -0.0047 -0.31294
v -0.01793 -0.00286 -0.3133
v -0.01877 -0.00339 -0.31857
v -0.01869 0.00241 -0.31863
v -0.01794 0.0026 -0.31695
v -0.01823 0.00821 -0.31989
v 0.007 0.08784 -0.0043
v 0.00645 0.08504 -0.0043
v 0.007 0.08784 -0.02575
v 0.00645 0.08504 -0.02575
v 0.00645 0.09065 -0.02575
v 0.00645 0.09065 -0.0043
v 0.00486 0.09302 -0.02575
v 0.00486 0.08267 -0.0043
v 0.00486 0.08267 -0.02575
v 0.00249 0.08108 -0.0043
v 0.00249 0.08108 -0.02575
v 0.00486 0.09302 -0.0043
v -0.03271 -0.1486 -0.37583
v 0.02386 0.05843 -0.01165
v 0.03334 0.08085 -0.28909
v 0.02255 -0.17012 -0.38006
v 0.03316 0.08953 -0.42775
v -0.01874 0.09281 -0.14281
v -0.01843 0.08923 -0.01341
v -0.01842 0.08911 -0.14281
v -0.01747 0.08598 -0.00842
v -0.01748 0.08457 -0.01386
v -0.01748 0.08456 -0.14281
v -0.01748 0.08532 -0.01245
v -0.01454 0.0823 -0.00216
v -0.01455 0.08001 -0.01404
v -0.01454 0.08 -0.14281
v -0.00823 0.0763 -0.14281
v -0.01454 0.08115 -0.01245
v -0.00823 0.0763 -0.01388
v -0.00023 0.07465 -0.01381
v -0.00823 0.07708 -0.01245
v -0.01454 0.08201 -0.00944
v -0.00823 0.07766 -0.00944
v -0.00823 0.07785 -0.00216
v 0.03461 0.07962 -0.29082
v -0.01787 0.04565 -0.30732
v -0.00021 0.0411 -0.31193
v -0.00021 0.03759 -0.31581
v -0.00021 0.04532 -0.30559
v -0.00021 0.03347 -0.31855
v -0.01042 0.04772 -0.30238
v -0.01681 0.03392 -0.31879
v -0.00021 0.02951 -0.32035
v -0.01023 0.05128 -0.2955
v -0.00021 0.05031 -0.2958
v -0.0165 0.02817 -0.32121
v -0.00021 0.02575 -0.32145
v -0.00021 0.02039 -0.32247
v -0.01592 0.05334 -0.28997
v -0.00752 0.0534 -0.28688
v -0.00021 0.05376 -0.285
v 0.0164 0.03392 -0.31879
v 0.01609 0.02817 -0.32121
v 0.01745 0.04565 -0.30732
v 0.01001 0.04772 -0.30238
v 0.00981 0.05128 -0.2955
v 0.01551 0.05334 -0.28997
v 0.0071 0.0534 -0.28688
v 0.01801 -0.01796 -0.29544
v 0.01318 -0.01698 -0.29066
v 0.0163 -0.01438 -0.3006
v 0.0141 -0.01485 -0.296
v 0.01535 -0.01231 -0.30114
v 0.01696 -0.00725 -0.30874
v 0.01805 -0.0134 -0.30764
v 0.01825 -0.0047 -0.31294
v 0.01752 -0.00286 -0.3133
v 0.01827 0.00241 -0.31863
v 0.01753 0.0026 -0.31695
v 0.01782 0.00821 -0.31989
v 0.01836 -0.00339 -0.31857
v -0.03367 0.08957 -0.44689
v -0.00021 -0.01777 -0.2602
v -0.00021 -0.01752 -0.26208
v -0.00021 -0.01811 -0.25774
v -0.02258 0.04114 -0.38758
v 0.0364 0.06534 -0.29393
v 0.0364 0.06655 -0.30418
v 0.03586 0.07852 -0.29277
v 0.02758 0.08845 -0.31813
v 0.03704 0.07752 -0.29376
v 0.0297 0.07916 -0.45365
v 0.03313 0.07922 -0.45243
v -0.02162 0.05843 -0.14201
v -0.03021 0.07916 -0.45365
v -0.03365 0.07922 -0.45243
v 0.00472 0.16721 -0.27439
v 0.00472 0.16721 -0.27812
v 0.03802 0.07662 -0.29476
v -0.02258 0.04182 -0.38075
v -0.00549 0.08267 -0.0043
v -0.00707 0.08504 -0.0043
v -0.00311 0.08108 -0.0043
v -0.00549 0.08267 -0.02575
v -0.00311 0.08108 -0.02575
v -0.00031 0.08053 -0.02575
v -0.00031 0.08053 -0.0043
v -0.00707 0.08504 -0.02575
v -0.00549 0.08267 -0.0472
v -0.00707 0.08504 -0.0472
v -0.00763 0.08784 -0.0043
v -0.00763 0.08784 -0.02575
v -0.00763 0.08784 -0.0472
v -0.00707 0.09065 -0.0043
v -0.00707 0.09065 -0.02575
v -0.00707 0.09065 -0.0472
v -0.00549 0.09302 -0.0043
v -0.00549 0.09302 -0.02575
v -0.00549 0.09302 -0.0472
v -0.00021 0.05985 -0.36431
v -0.00021 0.05946 -0.36375
v -0.00021 0.05923 -0.36284
v -0.00021 0.05899 -0.36181
v -0.00021 0.05879 -0.35991
v -0.02427 0.05854 -0.35639
v -0.00021 0.05859 -0.35731
v -0.00021 0.05849 -0.35344
v -0.00021 0.05844 -0.32957
v 0.0235 0.05844 -0.30895
v -0.00021 0.05844 -0.30892
v -0.02391 0.05844 -0.30895
v 0.02121 0.05843 -0.14201
v 0.01846 0.05836 -0.13104
v 0.02003 0.05843 -0.08524
v 0.00982 0.05832 -0.12545
v -0.00021 0.05817 -0.13306
v -0.00021 0.05832 -0.12545
v -0.01023 0.05832 -0.12545
v -0.00021 0.05836 -0.11218
v -0.01886 0.05836 -0.13104
v -0.02044 0.05843 -0.08524
v -0.00021 0.05843 -0.08242
v -0.03376 0.07224 -0.39391
v -0.03376 0.06422 -0.42771
v -0.03376 0.06419 -0.44698
v -0.03376 0.06433 -0.45124
v -0.00021 0.05843 -0.05039
v -0.00021 0.05843 -0.01033
v -0.00021 0.0585 0.00802
v -0.00021 0.0585 0.0083
v -0.02148 0.05843 -0.19872
v -0.00021 0.05837 -0.19314
v -0.00021 0.05832 -0.18797
v -0.00021 0.05843 -0.19858
v 0.02108 0.05843 -0.19872
v -0.00021 0.05843 -0.20564
v -0.00021 0.05843 -0.24196
v -0.00021 0.05843 -0.25351
v -0.00021 0.05843 -0.30021
v -0.02258 -0.16923 -0.37873
v 0.02547 0.08146 -0.20374
v -0.02258 0.04222 -0.37392
v -0.02258 0.04278 -0.36591
v -0.03367 0.06442 -0.45112
v -0.03367 0.06587 -0.4572
v -0.02258 0.04299 -0.3579
v -0.0118 0.14825 -0.28134
v -0.01067 0.15193 -0.28134
v -0.00839 0.15492 -0.28134
v -0.00529 0.15694 -0.28134
v -0.00315 0.13705 -0.28159
v -0.00761 0.13794 -0.28159
v -0.00966 0.14159 -0.28134
v -0.01106 0.14034 -0.28159
v -0.01315 0.14389 -0.28159
v -0.01142 0.14457 -0.28134
v -0.02258 0.04275 -0.3352
v 0.0364 0.06889 -0.31894
v 0.0364 0.06907 -0.32011
v 0.03247 0.06687 -0.30418
v 0.0364 0.06978 -0.32455
v 0.03247 0.06955 -0.31894
v 0.03247 0.06977 -0.32011
v 0.0364 0.07169 -0.33665
v 0.03247 0.07057 -0.32455
v 0.03247 0.07277 -0.33665
v 0.02398 0.07084 -0.32455
v 0.02398 0.07313 -0.33665
v 0.01899 0.07313 -0.33665
v 0.01899 0.07084 -0.32455
v 0.01899 0.07 -0.32011
v 0.02398 0.07 -0.32011
v 0.01899 0.06977 -0.31894
v 0.02398 0.06977 -0.31894
v 0.02398 0.06697 -0.30418
v 0.01899 0.06697 -0.30418
v 0.02398 0.06223 -0.26155
v 0.01899 0.06223 -0.26155
v 0.02398 0.0606 -0.23971
v 0.01899 0.0606 -0.23971
v 0.02398 0.06032 -0.23593
v 0.01899 0.06032 -0.23593
v 0.02398 0.06018 -0.23403
v 0.01899 0.06018 -0.23403
v 0.01899 0.06003 -0.23214
v 0.02398 0.06003 -0.23214
v 0.02398 0.06016 -0.23113
v 0.01899 0.06016 -0.23113
v -0.0032 0.13642 -0.27605
v -0.00333 0.13469 -0.27605
v -0.00792 0.13735 -0.27605
v -0.00876 0.13575 -0.27605
v -0.01157 0.13988 -0.27605
v -0.01296 0.13866 -0.27605
v -0.01548 0.14298 -0.27605
v -0.01378 0.14364 -0.27605
v -0.03367 0.08953 -0.42775
v -0.03367 0.08157 -0.39419
v -0.0101 0.14825 -0.27507
v -0.00233 0.14825 -0.27507
v -0.00973 0.1448 -0.27507
v -0.01148 0.14455 -0.27507
v -0.01186 0.14825 -0.27507
v -0.00971 0.14154 -0.27507
v -0.01073 0.15196 -0.27507
v -0.00811 0.14208 -0.27507
v -0.00907 0.15171 -0.27507
v -0.00844 0.15497 -0.27507
v -0.00568 0.14038 -0.27507
v -0.00295 0.13984 -0.27507
v -0.00014 0.14038 -0.27507
v -0.007 0.15443 -0.27507
v -0.00531 0.157 -0.27507
v 0.00254 0.14208 -0.27507
v -0.0044 0.15613 -0.27507
v 0.00456 0.1448 -0.27507
v -0.00172 0.15667 -0.27507
v 0.00088 0.15613 -0.27507
v 0.00543 0.14825 -0.27507
v 0.00323 0.15443 -0.27507
v 0.0049 0.15171 -0.27507
v -0.02258 0.04233 -0.33328
v -0.02339 0.07925 -0.18024
v -0.01738 0.07792 -0.02071
v -0.01745 0.07793 -0.18035
v -0.02492 0.07948 -0.02004
v 0.03316 0.08157 -0.39419
v 0.01217 -0.02169 -0.33095
v 0.00567 -0.17587 -0.36486
v 0.00925 -0.04951 -0.34373
v 0.00984 -0.05332 -0.33718
v -0.00142 -0.05332 -0.33656
v -0.00142 -0.04951 -0.34314
v 0.00989 -0.05533 -0.33658
v -0.00142 -0.05533 -0.33596
v -0.01269 -0.05332 -0.33718
v -0.0121 -0.04951 -0.34373
v -0.01274 -0.05533 -0.33658
v -0.00142 -0.05688 -0.33738
v -0.01261 -0.05688 -0.338
v 0.00977 -0.05688 -0.338
v 0.00909 -0.05741 -0.34555
v -0.00142 -0.05741 -0.34497
v -0.01193 -0.05741 -0.34555
v -0.02686 -0.05741 -0.34842
v -0.02851 -0.05688 -0.34105
v -0.02869 -0.05638 -0.34184
v -0.02733 -0.05642 -0.34831
v -0.02763 -0.05346 -0.34769
v -0.02905 -0.0551 -0.34078
v -0.02882 -0.05533 -0.33967
v -0.02884 -0.05346 -0.34118
v -0.02764 -0.05049 -0.34698
v -0.02726 -0.04951 -0.34664
v -0.02869 -0.05332 -0.34025
v 0.00946 -0.03923 -0.34135
v 0.01005 -0.04316 -0.33483
v -0.00142 -0.04315 -0.3342
v -0.00142 -0.03919 -0.34074
v 0.01011 -0.04519 -0.33424
v -0.00142 -0.04519 -0.33361
v -0.0129 -0.04316 -0.33483
v -0.01231 -0.03923 -0.34135
v -0.01295 -0.04519 -0.33424
v -0.00142 -0.04674 -0.33503
v -0.01283 -0.04674 -0.33566
v 0.00998 -0.04674 -0.33566
v 0.0093 -0.04727 -0.34321
v -0.00142 -0.04727 -0.34262
v -0.01214 -0.04727 -0.34321
v -0.02738 -0.04727 -0.34614
v -0.02902 -0.04674 -0.33877
v -0.0292 -0.04624 -0.33956
v -0.02785 -0.04628 -0.34603
v -0.02815 -0.04331 -0.34541
v -0.02957 -0.04496 -0.3385
v -0.02933 -0.04519 -0.33739
v -0.02935 -0.04331 -0.3389
v -0.02816 -0.04035 -0.3447
v -0.02777 -0.03936 -0.34436
v -0.0292 -0.04317 -0.33797
v 0.00964 -0.03088 -0.3394
v 0.01023 -0.03469 -0.33285
v -0.00142 -0.03469 -0.3322
v -0.00142 -0.03088 -0.33878
v 0.01028 -0.03671 -0.33225
v -0.00142 -0.03671 -0.3316
v -0.01308 -0.03469 -0.33285
v -0.01249 -0.03088 -0.3394
v -0.01313 -0.03671 -0.33225
v -0.00142 -0.03828 -0.33304
v -0.013 -0.03827 -0.33367
v 0.01016 -0.03827 -0.33367
v 0.00947 -0.03891 -0.34126
v -0.00142 -0.03896 -0.34067
v -0.01232 -0.03891 -0.34126
v -0.02781 -0.03878 -0.34419
v -0.02946 -0.03826 -0.33683
v -0.02964 -0.03775 -0.33762
v -0.0283 -0.03779 -0.34409
v -0.02859 -0.03483 -0.34347
v -0.03001 -0.03647 -0.33656
v -0.02977 -0.03671 -0.33545
v -0.02979 -0.03483 -0.33696
v -0.0286 -0.03187 -0.34276
v -0.02821 -0.03088 -0.34241
v -0.02964 -0.03469 -0.33603
v -0.02526 -0.09699 -0.35743
v -0.02482 -0.09798 -0.35754
v -0.02662 -0.09694 -0.35096
v -0.02554 -0.09402 -0.3568
v -0.02647 -0.09745 -0.35018
v -0.02697 -0.09567 -0.34989
v -0.02677 -0.09402 -0.3503
v -0.02556 -0.09106 -0.3561
v -0.02522 -0.09007 -0.35577
v -0.02665 -0.09388 -0.34938
v -0.01125 -0.09007 -0.35308
v -0.02678 -0.0959 -0.3488
v -0.01185 -0.09388 -0.34654
v -0.00142 -0.09007 -0.35254
v -0.0119 -0.0959 -0.34594
v -0.01177 -0.09745 -0.34736
v -0.01109 -0.09798 -0.35491
v -0.00142 -0.09388 -0.34596
v 0.00841 -0.09007 -0.35308
v -0.00142 -0.0959 -0.34536
v -0.00142 -0.09745 -0.34679
v -0.00142 -0.09798 -0.35437
v 0.009 -0.09388 -0.34654
v 0.00905 -0.0959 -0.34594
v 0.00892 -0.09745 -0.34736
v 0.00824 -0.09798 -0.35491
v 0.00735 -0.14078 -0.36478
v 0.00794 -0.14459 -0.35823
v -0.00142 -0.14459 -0.35771
v -0.00142 -0.14078 -0.36429
v 0.008 -0.14661 -0.35764
v -0.00142 -0.14661 -0.35711
v -0.01079 -0.14459 -0.35823
v -0.0102 -0.14078 -0.36478
v -0.01084 -0.14661 -0.35764
v -0.00142 -0.14816 -0.35854
v -0.01072 -0.14816 -0.35905
v 0.00787 -0.14816 -0.35905
v 0.00719 -0.14869 -0.3666
v -0.00142 -0.14869 -0.36613
v -0.01004 -0.14869 -0.3666
v -0.02227 -0.14869 -0.36895
v -0.02392 -0.14816 -0.36159
v -0.02404 -0.14765 -0.36236
v -0.02266 -0.1477 -0.36883
v -0.02293 -0.14473 -0.36819
v -0.02438 -0.14638 -0.36129
v -0.02423 -0.14661 -0.36021
v -0.02418 -0.14473 -0.3617
v -0.02297 -0.14177 -0.36749
v -0.02267 -0.14078 -0.36717
v -0.0241 -0.14459 -0.36079
v 0.00756 -0.13064 -0.36244
v 0.00815 -0.13445 -0.35589
v -0.00142 -0.13445 -0.35536
v -0.00142 -0.13064 -0.36194
v 0.00821 -0.13647 -0.3553
v -0.00142 -0.13647 -0.35476
v -0.011 -0.13445 -0.35589
v -0.01041 -0.13064 -0.36244
v -0.01106 -0.13647 -0.3553
v -0.00142 -0.13802 -0.35619
v -0.01093 -0.13802 -0.35671
v 0.00808 -0.13802 -0.35671
v 0.0074 -0.13854 -0.36426
v -0.00142 -0.13854 -0.36378
v -0.01025 -0.13854 -0.36426
v -0.02278 -0.13854 -0.36667
v -0.02443 -0.13802 -0.35931
v -0.02455 -0.13751 -0.36008
v -0.02318 -0.13756 -0.36655
v -0.02345 -0.13459 -0.36591
v -0.0249 -0.13623 -0.35901
v -0.02474 -0.13647 -0.35792
v -0.0247 -0.13459 -0.35942
v -0.02349 -0.13163 -0.36521
v -0.02318 -0.13064 -0.36489
v -0.02461 -0.13445 -0.3585
v 0.00777 -0.1205 -0.3601
v 0.00836 -0.12431 -0.35355
v -0.00142 -0.12431 -0.35301
v -0.00142 -0.1205 -0.35959
v 0.00842 -0.12633 -0.35296
v -0.00142 -0.12633 -0.35241
v -0.01121 -0.12431 -0.35355
v -0.01062 -0.1205 -0.3601
v -0.01127 -0.12633 -0.35296
v -0.00142 -0.12788 -0.35384
v -0.01114 -0.12788 -0.35438
v 0.00829 -0.12788 -0.35438
v 0.00761 -0.1284 -0.36192
v -0.00142 -0.1284 -0.36142
v -0.01046 -0.1284 -0.36192
v -0.02329 -0.1284 -0.36439
v -0.02494 -0.12788 -0.35703
v -0.02507 -0.12737 -0.3578
v -0.0237 -0.12741 -0.36427
v -0.02397 -0.12445 -0.36363
v -0.02542 -0.12609 -0.35673
v -0.02525 -0.12633 -0.35564
v -0.02522 -0.12445 -0.35714
v -0.02401 -0.12149 -0.36293
v -0.02369 -0.1205 -0.36261
v -0.02512 -0.12431 -0.35622
v 0.00798 -0.11036 -0.35776
v 0.00858 -0.11417 -0.35121
v -0.00142 -0.11417 -0.35066
v -0.00142 -0.11036 -0.35724
v 0.00863 -0.11619 -0.35062
v -0.00142 -0.11619 -0.35006
v -0.01142 -0.11417 -0.35121
v -0.01083 -0.11036 -0.35776
v -0.01148 -0.11619 -0.35062
v -0.00142 -0.11773 -0.35149
v -0.01135 -0.11773 -0.35204
v 0.0085 -0.11773 -0.35204
v 0.00782 -0.11826 -0.35959
v -0.00142 -0.11826 -0.35907
v -0.01067 -0.11826 -0.35959
v -0.0238 -0.11826 -0.36211
v -0.02545 -0.11773 -0.35474
v -0.02559 -0.11723 -0.35552
v -0.02422 -0.11727 -0.36199
v -0.0245 -0.11431 -0.36136
v -0.02594 -0.11595 -0.35445
v -0.02576 -0.11619 -0.35336
v -0.02573 -0.11431 -0.35486
v -0.02452 -0.11135 -0.36066
v -0.0242 -0.11036 -0.36033
v -0.02563 -0.11417 -0.35394
v 0.0082 -0.10022 -0.35542
v 0.00879 -0.10403 -0.34887
v -0.00142 -0.10403 -0.34831
v -0.00142 -0.10022 -0.35489
v 0.00884 -0.10604 -0.34828
v -0.00142 -0.10604 -0.34771
v -0.01163 -0.10403 -0.34887
v -0.01104 -0.10022 -0.35542
v -0.01169 -0.10604 -0.34828
v -0.00142 -0.10759 -0.34914
v -0.01156 -0.10759 -0.3497
v 0.00871 -0.10759 -0.3497
v 0.00803 -0.10812 -0.35725
v -0.00142 -0.10812 -0.35672
v -0.01088 -0.10812 -0.35725
v -0.02431 -0.10812 -0.35983
v -0.02596 -0.10759 -0.35246
v -0.0261 -0.10709 -0.35324
v -0.02474 -0.10713 -0.35971
v -0.02502 -0.10417 -0.35908
v -0.02646 -0.10581 -0.35217
v -0.02627 -0.10604 -0.35108
v -0.02625 -0.10417 -0.35258
v -0.02504 -0.1012 -0.35838
v -0.02471 -0.10022 -0.35805
v -0.02614 -0.10403 -0.35166
v 0.00862 -0.07993 -0.35074
v 0.00921 -0.08374 -0.3442
v -0.00142 -0.08374 -0.34361
v -0.00142 -0.07993 -0.35019
v 0.00926 -0.08576 -0.3436
v -0.00142 -0.08576 -0.34301
v -0.01206 -0.08374 -0.3442
v -0.01147 -0.07993 -0.35074
v -0.01211 -0.08576 -0.3436
v -0.00142 -0.08731 -0.34443
v -0.01198 -0.08731 -0.34502
v 0.00913 -0.08731 -0.34502
v 0.00845 -0.08783 -0.35257
v -0.00142 -0.08783 -0.35202
v -0.0113 -0.08783 -0.35257
v -0.02533 -0.08783 -0.35526
v -0.02698 -0.08731 -0.3479
v -0.02714 -0.0868 -0.34868
v -0.02578 -0.08685 -0.35515
v -0.02606 -0.08388 -0.35452
v -0.02749 -0.08552 -0.34761
v -0.02729 -0.08576 -0.34652
v -0.02728 -0.08388 -0.34802
v -0.02608 -0.08092 -0.35382
v -0.02573 -0.07993 -0.35348
v -0.02716 -0.08374 -0.3471
v 0.00883 -0.06979 -0.34841
v 0.00942 -0.0736 -0.34186
v -0.00142 -0.0736 -0.34126
v -0.00142 -0.06979 -0.34784
v 0.00947 -0.07562 -0.34126
v -0.00142 -0.07562 -0.34066
v -0.01227 -0.0736 -0.34186
v -0.01168 -0.06979 -0.34841
v -0.01232 -0.07562 -0.34126
v -0.00142 -0.07717 -0.34208
v -0.01219 -0.07717 -0.34268
v 0.00934 -0.07717 -0.34268
v 0.00866 -0.07769 -0.35023
v -0.00142 -0.07769 -0.34967
v -0.01151 -0.07769 -0.35023
v -0.02584 -0.07769 -0.35298
v -0.02749 -0.07717 -0.34562
v -0.02765 -0.07666 -0.3464
v -0.0263 -0.0767 -0.35287
v -0.02658 -0.07374 -0.35224
v -0.02801 -0.07538 -0.34534
v -0.0278 -0.07562 -0.34423
v -0.0278 -0.07374 -0.34574
v -0.0266 -0.07078 -0.35154
v -0.02624 -0.06979 -0.3512
v -0.02767 -0.0736 -0.34481
v 0.00904 -0.05965 -0.34607
v 0.00963 -0.06346 -0.33952
v -0.00142 -0.06346 -0.33891
v -0.00142 -0.05965 -0.34549
v 0.00968 -0.06548 -0.33892
v -0.00142 -0.06548 -0.33831
v -0.01248 -0.06346 -0.33952
v -0.01189 -0.05965 -0.34607
v -0.01253 -0.06548 -0.33892
v -0.00142 -0.06702 -0.33973
v -0.0124 -0.06702 -0.34034
v 0.00956 -0.06702 -0.34034
v 0.00887 -0.06755 -0.34789
v -0.00142 -0.06755 -0.34732
v -0.01172 -0.06755 -0.34789
v -0.02635 -0.06755 -0.3507
v -0.028 -0.06702 -0.34334
v -0.02817 -0.06652 -0.34412
v -0.02682 -0.06656 -0.35059
v -0.02711 -0.0636 -0.34996
v -0.02853 -0.06524 -0.34306
v -0.02831 -0.06548 -0.34195
v -0.02832 -0.0636 -0.34346
v -0.02712 -0.06064 -0.34926
v -0.02675 -0.05965 -0.34892
v -0.02818 -0.06346 -0.34253
v 0.02255 0.04014 -0.33424
v 0.00707 -0.15135 -0.36785
v 0.00767 -0.15516 -0.3613
v -0.00142 -0.15516 -0.3608
v -0.00142 -0.15135 -0.36738
v 0.00772 -0.15718 -0.3607
v -0.00142 -0.15718 -0.3602
v -0.01051 -0.15516 -0.3613
v -0.00992 -0.15135 -0.36785
v -0.01057 -0.15718 -0.3607
v -0.00142 -0.15873 -0.36162
v -0.01044 -0.15873 -0.36212
v 0.00759 -0.15873 -0.36212
v 0.00691 -0.15925 -0.36967
v -0.00142 -0.15925 -0.36921
v -0.00976 -0.15925 -0.36967
v -0.0216 -0.15925 -0.37194
v -0.02325 -0.15873 -0.36458
v -0.02336 -0.15822 -0.36535
v -0.02198 -0.15827 -0.37181
v -0.02225 -0.1553 -0.37118
v -0.0237 -0.15695 -0.36428
v -0.02356 -0.15718 -0.3632
v -0.02351 -0.1553 -0.36469
v -0.02229 -0.15234 -0.37048
v -0.022 -0.15135 -0.37017
v -0.02343 -0.15516 -0.36378
v 0.02756 0.08968 -0.3217
v 0.02756 0.08896 -0.31962
v -0.01944 -0.01562 -0.3108
v -0.02151 -0.01557 -0.31076
v 0.01746 -0.01562 -0.3108
v 0.01664 -0.01693 -0.3115
v 0.01954 -0.01557 -0.31076
v -0.02258 -0.09492 -0.36277
v -0.02258 -0.12658 -0.37148
v 0.03316 0.06442 -0.45112
v 0.03316 0.06428 -0.44689
v 0.03316 0.06587 -0.4572
v 0.03316 0.06997 -0.46175
v 0.03316 0.08387 -0.46175
v 0.03313 0.07005 -0.44877
v 0.03313 0.06914 -0.44496
v 0.03313 0.07262 -0.45161
v 0.03313 0.07463 -0.45243
v 0.03313 0.06905 -0.44232
v 0.03316 0.06431 -0.42775
v 0.03313 0.06908 -0.43036
v 0.03313 0.07405 -0.40938
v 0.03316 0.07227 -0.39419
v -0.01861 -0.01693 -0.3115
v 0.03313 0.08123 -0.45161
v 0.03313 0.0838 -0.44877
v 0.03313 0.08471 -0.44496
v 0.03313 0.0848 -0.44232
v 0.03313 0.08477 -0.43036
v 0.03313 0.07979 -0.40938
v 0.03325 0.07224 -0.39391
v -0.02258 -0.02313 -0.34612
v -0.02258 -0.04701 -0.35184
v -0.02258 -0.07176 -0.3573
v -0.03365 0.07262 -0.45161
v -0.03365 0.07463 -0.45243
v -0.03365 0.07005 -0.44877
v -0.03365 0.06914 -0.44496
v -0.03367 0.06428 -0.44689
v -0.03365 0.06905 -0.44232
v -0.03367 0.06431 -0.42775
v -0.03365 0.06908 -0.43036
v -0.03365 0.07405 -0.40938
v -0.03367 0.07227 -0.39419
v -0.03365 0.08123 -0.45161
v -0.03365 0.0838 -0.44877
v -0.03365 0.08471 -0.44496
v -0.03365 0.0848 -0.44232
v -0.03365 0.08477 -0.43036
v -0.03365 0.07979 -0.40938
v 0.01668 0.00662 -0.31876
v 0.0163 0.01145 -0.32043
v -0.02258 0.03918 -0.33255
v -0.02258 0.01918 -0.33734
v -0.02258 0.00101 -0.34144
v 0.02255 -0.1495 -0.37601
v 0.02255 -0.12753 -0.37085
v 0.02255 -0.09605 -0.36439
v 0.02255 -0.07302 -0.35934
v 0.02255 -0.04845 -0.35332
v 0.02255 -0.02477 -0.34711
v 0.02255 -0.00083 -0.34169
v 0.02255 0.01718 -0.33796
v 0.02255 0.03692 -0.33345
v -0.02258 0.04113 -0.3324
v -0.00021 0.05801 -0.18445
v -0.00021 0.05817 -0.18626
v 0.01737 0.05718 -0.18183
v -0.01779 0.05718 -0.18183
v -0.00021 0.05757 -0.18307
v -0.00021 0.05718 -0.18183
v -0.00021 0.05628 -0.17834
v -0.00021 0.05538 -0.17491
v -0.00021 0.05473 -0.17319
v -0.00021 0.0541 -0.17149
v -0.00021 0.05326 -0.17002
v -0.00021 0.05247 -0.16863
v -0.00021 0.05145 -0.16773
v -0.00021 0.05044 -0.16684
v 0.02255 0.0389 -0.33333
v -0.02332 0.10371 -0.47575
v -0.02258 -0.1486 -0.37583
v -0.02151 -0.0128 -0.32339
v -0.02151 -0.01365 -0.31948
v -0.02151 -0.01531 -0.31191
v 0.03004 0.08381 -0.43658
v 0.03298 0.08381 -0.43658
v 0.03004 0.08462 -0.43856
v 0.03298 0.08462 -0.43856
v 0.03298 0.08253 -0.43492
v 0.03004 0.08491 -0.44068
v 0.03004 0.08253 -0.43492
v 0.03298 0.08491 -0.44068
v 0.03298 0.08089 -0.43365
v 0.03004 0.08462 -0.4428
v 0.03004 0.08089 -0.43365
v 0.03298 0.08462 -0.4428
v 0.03298 0.07897 -0.43285
v 0.03004 0.08381 -0.44478
v 0.03004 0.07897 -0.43285
v 0.03298 0.08381 -0.44478
v 0.03298 0.07692 -0.43257
v 0.03004 0.08253 -0.44644
v 0.03004 0.07692 -0.43257
v 0.03298 0.08253 -0.44644
v 0.03004 0.07487 -0.43285
v 0.03004 0.08089 -0.44771
v 0.03298 0.07487 -0.43285
v 0.03298 0.08089 -0.44771
v 0.03004 0.07296 -0.43365
v 0.03004 0.07897 -0.44851
v 0.03298 0.07296 -0.43365
v 0.03298 0.07897 -0.44851
v 0.03004 0.07132 -0.43492
v 0.03004 0.07692 -0.44878
v 0.03298 0.07132 -0.43492
v 0.03298 0.07692 -0.44878
v 0.03004 0.07004 -0.43658
v 0.03298 0.07487 -0.44851
v 0.03298 0.07004 -0.43658
v 0.03004 0.06922 -0.43856
v 0.03298 0.06922 -0.43856
v 0.03004 0.07487 -0.44851
v 0.03298 0.07296 -0.44771
v 0.03004 0.07296 -0.44771
v 0.03298 0.07132 -0.44644
v 0.03004 0.07132 -0.44644
v 0.03298 0.07004 -0.44478
v 0.03004 0.07004 -0.44478
v 0.03298 0.06922 -0.4428
v 0.03004 0.06922 -0.4428
v 0.03298 0.06894 -0.44068
v 0.03004 0.06894 -0.44068
v 0.01954 -0.0128 -0.32339
v 0.01954 -0.01365 -0.31948
v 0.01954 -0.01531 -0.31191
v 0.0297 0.07469 -0.45365
v -0.03021 0.07469 -0.45365
v -0.00021 -0.01753 -0.28879
v -0.00021 -0.01689 -0.29091
v -0.00021 -0.01825 -0.28649
v -0.00021 -0.01585 -0.29349
v -0.00021 -0.01484 -0.29602
v -0.00021 -0.01363 -0.29849
v -0.00021 -0.01252 -0.3008
v -0.00021 -0.01117 -0.30299
v -0.01554 -0.00965 -0.3055
v 0.01512 -0.00965 -0.3055
v -0.00021 -0.00964 -0.30554
v -0.00021 -0.00825 -0.30736
v -0.00021 -0.00696 -0.30909
v -0.00021 -0.00529 -0.31079
v -0.00021 -0.00372 -0.31234
v -0.00021 -0.00047 -0.3149
v -0.00021 0.00299 -0.31693
v -0.00021 0.00673 -0.3186
v -0.0171 0.00662 -0.31876
v -0.00021 0.01116 -0.32008
v -0.01671 0.01145 -0.32043
v 0.01746 -0.01284 -0.32335
v 0.01664 -0.01396 -0.32272
v 0.01746 -0.0137 -0.31947
v 0.01664 -0.01488 -0.31925
v 0.01746 -0.01537 -0.31195
v 0.01664 -0.01666 -0.31253
v -0.02881 0.06705 -0.36373
v -0.00099 -0.01693 -0.3115
v 0.0284 0.06705 -0.36373
v -0.01944 -0.01284 -0.32335
v -0.01861 -0.01396 -0.32272
v -0.01944 -0.0137 -0.31947
v -0.01861 -0.01488 -0.31925
v -0.01944 -0.01537 -0.31195
v -0.01861 -0.01666 -0.31253
v -0.01377 0.04249 -0.16681
v -0.01386 0.04733 -0.16621
v 0.01336 0.04249 -0.16681
v 0.01344 0.04733 -0.16621
v -0.00333 0.13469 -0.26875
v -0.00876 0.13575 -0.26875
v -0.01296 0.13866 -0.26875
v -0.01548 0.14298 -0.26875
v -0.00315 0.13705 -0.27737
v -0.00761 0.13794 -0.27737
v -0.01106 0.14034 -0.27737
v -0.01315 0.14389 -0.27737
v -0.00099 -0.01666 -0.31253
v -0.00099 -0.01488 -0.31925
v -0.00099 -0.01396 -0.32272
v -0.00099 -0.01329 -0.32524
v -0.00021 -0.02144 -0.2353
v -0.00021 -0.02064 -0.24265
v -0.00021 -0.02191 -0.22568
v -0.00021 -0.02172 -0.21495
v -0.00021 -0.02078 -0.20182
v -0.00021 -0.01912 -0.18862
v -0.00021 -0.01843 -0.18767
v -0.02251 -0.01856 -0.26628
v -0.00021 -0.01805 -0.26426
v -0.00021 -0.0188 -0.26744
v 0.0221 -0.01856 -0.26628
v -0.00021 -0.01917 -0.26943
v -0.00021 -0.01943 -0.27168
v -0.00021 -0.01962 -0.27491
v -0.00021 -0.01962 -0.27738
v -0.00021 -0.01933 -0.28035
v -0.00021 -0.01912 -0.28237
v -0.00021 -0.01866 -0.28452
v -0.01378 0.0353 -0.16871
v -0.01379 0.02502 -0.17201
v -0.01375 0.00926 -0.17747
v 0.01333 0.00926 -0.17747
v 0.01338 0.02502 -0.17201
v 0.01336 0.0353 -0.16871
v -0.01143 -0.18406 -0.46886
v -0.00021 -0.18333 -0.46836
v -0.0315 -0.18555 -0.46851
v -0.00021 -0.18418 -0.46888
v 0.01102 -0.18406 -0.46886
v -0.00021 -0.18721 -0.46967
v 0.03108 -0.18555 -0.46851
v -0.00021 -0.18952 -0.46987
v -0.00021 -0.18965 -0.46988
v -0.00021 -0.19071 -0.46949
v -0.00021 -0.00427 -0.18239
v -0.00021 0.00948 -0.17739
v -0.00021 0.0174 -0.17465
v -0.00021 0.02486 -0.17207
v -0.00021 0.02999 -0.17042
v -0.00021 0.03523 -0.16873
v -0.00021 0.03881 -0.16779
v -0.00021 0.04248 -0.16681
v -0.00021 0.04491 -0.16652
v -0.00021 0.04733 -0.16621
v -0.00021 0.04884 -0.16652
v -0.01624 0.07533 -0.01972
vt 0.496078 0.22251
vt 0.490463 0.22251
vt 0.500961 0.224586
vt 0.485092 0.224464
vt 0.480697 0.228248
vt 0.477767 0.233253
vt 0.476547 0.239051
vt 0.479965 0.250221
vt 0.477279 0.245094
vt 0.499985 0.254372
vt 0.489242 0.256325
vt 0.484115 0.254128
vt 0.494858 0.256325
vt 0.507309 0.24546
vt 0.504379 0.250465
vt 0.507797 0.233741
vt 0.508774 0.239601
vt 0.505356 0.228492
vt 0.22544 0.930662
vt 0.216529 0.928709
vt 0.221046 0.930174
vt 0.236915 0.927732
vt 0.228004 0.930174
vt 0.232398 0.929685
vt 0.903806 0.487777
vt 0.902829 0.490219
vt 0.905271 0.485763
vt 0.907712 0.484848
vt 0.910642 0.484848
vt 0.913083 0.485763
vt 0.914548 0.487533
vt 0.916013 0.49266
vt 0.916013 0.489975
vt 0.902829 0.492843
vt 0.903806 0.495346
vt 0.9082 0.497787
vt 0.905759 0.497238
vt 0.913083 0.49675
vt 0.910642 0.497787
vt 0.915036 0.495102
vt 0.204199 0.922849
vt 0.209204 0.925779
vt 0.248878 0.921384
vt 0.244118 0.924802
vt 0.230934 0.991211
vt 0.230934 0.990722
vt 0.20896 0.991699
vt 0.252907 0.991211
vt 0.253883 0.990722
vt 0.207862 0.990722
vt 0.207739 0.947752
vt 0.207373 0.948241
vt 0.208594 0.947264
vt 0.20896 0.989746
vt 0.252907 0.989257
vt 0.253639 0.947264
vt 0.252907 0.947264
vt 0.230934 0.990234
vt 0.230934 0.989257
vt 0.248756 0.978515
vt 0.230934 0.983886
vt 0.249733 0.947264
vt 0.212989 0.979003
vt 0.211768 0.947264
vt 0.213355 0.963866
vt 0.213111 0.947264
vt 0.230934 0.97998
vt 0.215918 0.970702
vt 0.215064 0.966308
vt 0.21775 0.969726
vt 0.223487 0.973632
vt 0.223243 0.975585
vt 0.230811 0.975585
vt 0.230811 0.97705
vt 0.23838 0.975585
vt 0.238136 0.973632
vt 0.245705 0.970702
vt 0.243995 0.969726
vt 0.246559 0.966308
vt 0.248268 0.963866
vt 0.247414 0.962889
vt 0.248268 0.947264
vt 0.24778 0.95996
vt 0.24778 0.947752
vt 0.953612 0.986328
vt 0.907224 0.985351
vt 0.906247 0.985351
vt 0.069002 0.709464
vt 0.068453 0.717277
vt 0.068758 0.71044
vt 0.069552 0.718253
vt 0.377178 0.781243
vt 0.375469 0.774407
vt 0.376202 0.78222
vt 0.375958 0.774895
vt 0.213721 0.948241
vt 0.213843 0.95996
vt 0.214209 0.963378
vt 0.064608 0.728507
vt 0.065523 0.728019
vt 0.063631 0.726554
vt 0.062777 0.728019
vt 0.383038 0.799799
vt 0.384747 0.798822
vt 0.383526 0.797845
vt 0.382061 0.79931
vt 0.375225 0.783685
vt 0.375713 0.775384
vt 0.068941 0.711417
vt 0.070589 0.719718
vt 0.321024 0.789544
vt 0.320292 0.782708
vt 0.320292 0.790033
vt 0.320292 0.783197
vt 0.123569 0.71337
vt 0.125217 0.720695
vt 0.124058 0.713858
vt 0.12595 0.721183
vt 0.326151 0.792474
vt 0.330058 0.791498
vt 0.33372 0.788568
vt 0.983398 0.606433
vt 0.984375 0.605945
vt 0.983886 0.598621
vt 0.122959 0.712394
vt 0.124424 0.720695
vt 0.116855 0.707022
vt 0.11185 0.705557
vt 0.117527 0.71337
vt 0.111179 0.712882
vt 0.319559 0.790521
vt 0.320292 0.783685
vt 0.226783 0.930174
vt 0.226661 0.927244
vt 0.222022 0.926756
vt 0.226661 0.925291
vt 0.2313 0.926756
vt 0.226417 0.919431
vt 0.204688 0.920408
vt 0.248268 0.918943
vt 0.250954 0.919431
vt 0.253151 0.915525
vt 0.20188 0.920896
vt 0.251198 0.904782
vt 0.199561 0.91699
vt 0.200415 0.919431
vt 0.200903 0.906247
vt 0.199316 0.905759
vt 0.215918 0.905271
vt 0.226295 0.912595
vt 0.226051 0.905271
vt 0.226051 0.904782
vt 0.236183 0.904782
vt 0.252663 0.904294
vt 0.252419 0.917966
vt 0.124546 0.713858
vt 0.126682 0.721671
vt 0.321512 0.789056
vt 0.320536 0.78222
vt 0.120762 0.709952
vt 0.121555 0.717277
vt 0.200171 0.849117
vt 0.198706 0.846675
vt 0.200903 0.854488
vt 0.323466 0.806146
vt 0.325907 0.806635
vt 0.331523 0.807123
vt 0.203833 0.870602
vt 0.20188 0.863277
vt 0.202002 0.870113
vt 0.201636 0.879391
vt 0.201025 0.877438
vt 0.198706 0.880367
vt 0.208716 0.895016
vt 0.205664 0.897946
vt 0.19895 0.898434
vt 0.225806 0.895993
vt 0.225806 0.897458
vt 0.225806 0.895016
vt 0.245949 0.896969
vt 0.242775 0.89404
vt 0.25193 0.878903
vt 0.252663 0.896969
vt 0.249123 0.877926
vt 0.322977 0.779778
vt 0.324198 0.785638
vt 0.32786 0.781243
vt 0.326884 0.77636
vt 0.106601 0.705557
vt 0.104892 0.712882
vt 0.351299 0.779778
vt 0.356426 0.786126
vt 0.217017 0.82226
vt 0.230323 0.823725
vt 0.22544 0.815912
vt 0.230934 0.818842
vt 0.219092 0.815912
vt 0.204199 0.821772
vt 0.207007 0.81933
vt 0.212989 0.816889
vt 0.204566 0.829585
vt 0.202857 0.824213
vt 0.197851 0.843745
vt 0.231178 0.816889
vt 0.231178 0.816401
vt 0.236915 0.817377
vt 0.243507 0.825678
vt 0.243141 0.818842
vt 0.256081 0.82812
vt 0.253883 0.82519
vt 0.253395 0.835444
vt 0.256569 0.83105
vt 0.254616 0.851558
vt 0.25071 0.854976
vt 0.359111 0.804682
vt 0.355449 0.806146
vt 0.357402 0.807123
vt 0.34788 0.806635
vt 0.348613 0.8081
vt 0.3408 0.807123
vt 0.091769 0.712882
vt 0.083956 0.711905
vt 0.089389 0.720206
vt 0.079012 0.719718
vt 0.143895 0.723136
vt 0.141331 0.714835
vt 0.305887 0.785638
vt 0.305399 0.793451
vt 0.070528 0.709464
vt 0.067354 0.7163
vt 0.378155 0.779778
vt 0.375225 0.774407
vt 0.304422 0.792474
vt 0.305155 0.78515
vt 0.355693 0.785638
vt 0.351054 0.779778
vt 0.141697 0.714835
vt 0.144993 0.72216
vt 0.092135 0.712394
vt 0.090121 0.720206
vt 0.282449 0.808588
vt 0.295144 0.806146
vt 0.288552 0.807123
vt 0.351054 0.778314
vt 0.345927 0.774895
vt 0.354228 0.78515
vt 0.348613 0.781243
vt 0.341777 0.773919
vt 0.344462 0.780267
vt 0.340312 0.779778
vt 0.337382 0.773919
vt 0.332011 0.774407
vt 0.334208 0.780267
vt 0.101962 0.706046
vt 0.100803 0.713858
vt 0.67626 0.898434
vt 0.62743 0.896481
vt 0.67626 0.900876
vt 0.725089 0.896481
vt 0.67626 0.883297
vt 0.625477 0.900388
vt 0.646474 0.883785
vt 0.62743 0.869137
vt 0.626942 0.843745
vt 0.651357 0.843257
vt 0.619617 0.905271
vt 0.618152 0.895993
vt 0.616688 0.896481
vt 0.654286 0.879391
vt 0.657216 0.844234
vt 0.657216 0.878414
vt 0.67626 0.882809
vt 0.706046 0.883785
vt 0.67626 0.879391
vt 0.67626 0.878903
vt 0.67626 0.878414
vt 0.695303 0.878414
vt 0.698233 0.879391
vt 0.695303 0.844234
vt 0.701163 0.843257
vt 0.725578 0.843257
vt 0.725578 0.869137
vt 0.734855 0.895993
vt 0.732902 0.905271
vt 0.73632 0.896481
vt 0.727042 0.900388
vt 0.725578 0.911618
vt 0.735832 0.956542
vt 0.732902 0.958007
vt 0.727042 0.95996
vt 0.67626 0.906247
vt 0.62743 0.911618
vt 0.67626 0.913572
vt 0.67626 0.937498
vt 0.67626 0.95996
vt 0.625477 0.95996
vt 0.67626 0.978515
vt 0.698721 0.97412
vt 0.653798 0.97412
vt 0.619617 0.958007
vt 0.617176 0.956542
vt 0.019227 0.535142
vt 0.023835 0.530259
vt 0.016053 0.536607
vt 0.033204 0.518052
vt 0.033174 0.520493
vt 0.391339 0.584948
vt 0.403058 0.596179
vt 0.392071 0.58739
vt 0.408673 0.600574
vt 0.411603 0.60155
vt 0.646962 0.561022
vt 0.645497 0.559069
vt 0.645985 0.561022
vt 0.423078 0.795892
vt 0.423566 0.810541
vt 0.424787 0.810541
vt 0.420148 0.796381
vt 0.418683 0.811029
vt 0.417219 0.796869
vt 0.414533 0.773919
vt 0.417707 0.773431
vt 0.420637 0.772942
vt 0.41258 0.75927
vt 0.415754 0.758782
vt 0.418439 0.757805
vt 0.409406 0.742668
vt 0.417219 0.751457
vt 0.412091 0.740715
vt 0.595203 0.55858
vt 0.597156 0.557115
vt 0.596179 0.556627
vt 0.596667 0.559069
vt 0.415021 0.740715
vt 0.408185 0.708975
vt 0.405011 0.708487
vt 0.404279 0.692862
vt 0.402326 0.709952
vt 0.401349 0.692862
vt 0.401349 0.682119
vt 0.398175 0.692862
vt 0.396954 0.676748
vt 0.399884 0.676748
vt 0.393536 0.677236
vt 0.395245 0.663076
vt 0.390606 0.663564
vt 0.391339 0.652821
vt 0.3867 0.654286
vt 0.383038 0.64452
vt 0.388897 0.646962
vt 0.387188 0.643055
vt 0.377667 0.634266
vt 0.381085 0.63036
vt 0.376202 0.630848
vt 0.377667 0.625965
vt 0.375469 0.628895
vt 0.372295 0.624989
vt 0.374737 0.628407
vt 0.372051 0.625477
vt 0.370342 0.629383
vt 0.374981 0.628407
vt 0.371807 0.631336
vt 0.375958 0.632801
vt 0.377667 0.628895
vt 0.379376 0.623035
vt 0.378155 0.631825
vt 0.381573 0.626453
vt 0.382794 0.629383
vt 0.385968 0.626942
vt 0.382794 0.624012
vt 0.390118 0.623524
vt 0.385968 0.622547
vt 0.388897 0.620106
vt 0.394024 0.615223
vt 0.398907 0.615711
vt 0.404767 0.609363
vt 0.410627 0.603015
vt 0.064425 0.729972
vt 0.065462 0.730461
vt 0.383526 0.801263
vt 0.38255 0.80224
vt 0.262917 0.550279
vt 0.263405 0.553697
vt 0.270241 0.550279
vt 0.269753 0.553697
vt 0.356914 0.551256
vt 0.349834 0.551744
vt 0.356426 0.554674
vt 0.350322 0.554674
vt 0.030274 0.672842
vt 0.026154 0.683584
vt 0.02823 0.69042
vt 0.025452 0.689932
vt 0.027345 0.672842
vt 0.024812 0.705069
vt 0.031648 0.641102
vt 0.027741 0.705557
vt 0.034791 0.639637
vt 0.034394 0.6245
vt 0.033082 0.674306
vt 0.03769 0.641102
vt 0.037294 0.6245
vt 0.036409 0.613269
vt 0.040223 0.607898
vt 0.037385 0.607898
vt 0.040864 0.594226
vt 0.040407 0.624012
vt 0.045595 0.594226
vt 0.043794 0.583972
vt 0.04355 0.607898
vt 0.042634 0.639637
vt 0.045442 0.623035
vt 0.048769 0.606922
vt 0.048677 0.584948
vt 0.05179 0.595203
vt 0.051515 0.575182
vt 0.045717 0.578112
vt 0.047121 0.573717
vt 0.055544 0.56444
vt 0.051698 0.56151
vt 0.06238 0.563952
vt 0.056703 0.561022
vt 0.053774 0.557115
vt 0.057192 0.559069
vt 0.057039 0.554186
vt 0.06357 0.560045
vt 0.057955 0.55858
vt 0.060305 0.553697
vt 0.063326 0.557604
vt 0.057649 0.575671
vt 0.054811 0.584948
vt 0.068575 0.555162
vt 0.063814 0.576159
vt 0.062014 0.554186
vt 0.055757 0.556627
vt 0.05295 0.560045
vt 0.052431 0.559557
vt 0.050966 0.558092
vt 0.052797 0.55565
vt 0.050508 0.557604
vt 0.048921 0.55565
vt 0.049928 0.552721
vt 0.048097 0.555162
vt 0.045747 0.553697
vt 0.052431 0.550279
vt 0.048982 0.550768
vt 0.041932 0.551744
vt 0.056948 0.548814
vt 0.056612 0.544908
vt 0.045808 0.550279
vt 0.066317 0.550279
vt 0.052919 0.544908
vt 0.061007 0.543443
vt 0.060793 0.539537
vt 0.042787 0.548326
vt 0.049745 0.543443
vt 0.036836 0.545396
vt 0.032105 0.546861
vt 0.024964 0.541978
vt 0.017548 0.537584
vt 0.050752 0.540513
vt 0.043672 0.540513
vt 0.02707 0.537584
vt 0.03473 0.529283
vt 0.030091 0.522935
vt 0.043825 0.531724
vt 0.058901 0.536607
vt 0.03708 0.526353
vt 0.040407 0.526841
vt 0.048585 0.528794
vt 0.061312 0.532212
vt 0.056185 0.533677
vt 0.066256 0.536607
vt 0.064364 0.541978
vt 0.068209 0.540513
vt 0.072298 0.540025
vt 0.0759 0.543931
vt 0.072115 0.544908
vt 0.078219 0.548326
vt 0.068209 0.546373
vt 0.074435 0.548814
vt 0.07065 0.549791
vt 0.076022 0.553697
vt 0.072237 0.554186
vt 0.080355 0.556139
vt 0.071383 0.55858
vt 0.076693 0.557604
vt 0.068636 0.563463
vt 0.072542 0.562975
vt 0.076266 0.562487
vt 0.079806 0.562487
vt 0.067843 0.575671
vt 0.071688 0.575671
vt 0.075289 0.575182
vt 0.060732 0.585925
vt 0.064852 0.585925
vt 0.057711 0.596179
vt 0.068575 0.585925
vt 0.071566 0.585925
vt 0.061647 0.596179
vt 0.054903 0.608386
vt 0.065401 0.595691
vt 0.067598 0.600085
vt 0.051698 0.624989
vt 0.058809 0.608386
vt 0.354961 0.785638
vt 0.351054 0.77929
vt 0.260475 0.547838
vt 0.259499 0.549791
vt 0.272195 0.547838
vt 0.272927 0.549791
vt 0.112033 0.704093
vt 0.116855 0.705557
vt 0.359355 0.549303
vt 0.347392 0.549791
vt 0.360088 0.551256
vt 0.346904 0.551256
vt 0.066988 0.682119
vt 0.072726 0.681143
vt 0.36668 0.657216
vt 0.36375 0.657704
vt 0.37083 0.666982
vt 0.369121 0.671865
vt 0.358867 0.64745
vt 0.374981 0.679678
vt 0.374248 0.688955
vt 0.362529 0.647938
vt 0.353008 0.635731
vt 0.380596 0.697745
vt 0.378643 0.704581
vt 0.378643 0.679189
vt 0.383526 0.694815
vt 0.385235 0.717765
vt 0.382305 0.720206
vt 0.387677 0.711905
vt 0.374493 0.666982
vt 0.386944 0.694815
vt 0.389386 0.738762
vt 0.385968 0.738762
vt 0.393048 0.738273
vt 0.39256 0.755364
vt 0.391827 0.711417
vt 0.397931 0.736808
vt 0.389386 0.756828
vt 0.397198 0.708975
vt 0.394757 0.771477
vt 0.391827 0.773431
vt 0.396222 0.754387
vt 0.398175 0.765618
vt 0.398419 0.802728
vt 0.395489 0.803217
vt 0.395978 0.813471
vt 0.399152 0.812983
vt 0.405255 0.812494
vt 0.39964 0.77636
vt 0.404523 0.801752
vt 0.40379 0.774895
vt 0.412336 0.798822
vt 0.413556 0.812006
vt 0.410138 0.773919
vt 0.402081 0.760735
vt 0.407941 0.759758
vt 0.399396 0.749016
vt 0.405744 0.749016
vt 0.404523 0.735832
vt 0.393048 0.692373
vt 0.388409 0.676748
vt 0.382305 0.678701
vt 0.378643 0.666494
vt 0.384503 0.665029
vt 0.370586 0.657216
vt 0.374737 0.656728
vt 0.366436 0.64745
vt 0.35667 0.635731
vt 0.351787 0.629383
vt 0.380596 0.655263
vt 0.370586 0.64745
vt 0.360332 0.635243
vt 0.376934 0.646474
vt 0.355693 0.630848
vt 0.364483 0.635243
vt 0.371075 0.634754
vt 0.361064 0.631336
vt 0.369366 0.631825
vt 0.355937 0.626942
vt 0.353252 0.622059
vt 0.369121 0.629383
vt 0.363262 0.627918
vt 0.369366 0.625965
vt 0.359844 0.626942
vt 0.357158 0.622059
vt 0.36082 0.622547
vt 0.365215 0.623035
vt 0.374737 0.62157
vt 0.374981 0.618152
vt 0.370586 0.617176
vt 0.363262 0.619617
vt 0.378643 0.617664
vt 0.381329 0.615711
vt 0.370586 0.613758
vt 0.3867 0.611805
vt 0.380352 0.613269
vt 0.401837 0.604968
vt 0.39256 0.598132
vt 0.395001 0.589831
vt 0.384503 0.602039
vt 0.388653 0.593738
vt 0.374981 0.608386
vt 0.384014 0.592761
vt 0.376446 0.596179
vt 0.371563 0.609851
vt 0.372784 0.611805
vt 0.365459 0.611316
vt 0.367412 0.616199
vt 0.363506 0.614734
vt 0.359355 0.614246
vt 0.355693 0.617664
vt 0.359355 0.618641
vt 0.122715 0.711905
vt 0.12241 0.710929
vt 0.646474 0.559069
vt 0.120396 0.708487
vt 0.092318 0.711905
vt 0.090793 0.719718
vt 0.106845 0.703604
vt 0.070772 0.710929
vt 0.070162 0.71044
vt 0.062319 0.608386
vt 0.063936 0.617664
vt 0.0553 0.6245
vt 0.058596 0.626942
vt 0.061098 0.633778
vt 0.048402 0.641591
vt 0.052492 0.642079
vt 0.055635 0.64745
vt 0.058779 0.649403
vt 0.043977 0.66747
vt 0.048921 0.668447
vt 0.052675 0.668447
vt 0.056093 0.667959
vt 0.037385 0.666982
vt 0.037355 0.680166
vt 0.050966 0.685049
vt 0.054292 0.686514
vt 0.047273 0.684561
vt 0.050111 0.701163
vt 0.053255 0.703116
vt 0.046358 0.69628
vt 0.04358 0.679678
vt 0.041963 0.691397
vt 0.036012 0.690909
vt 0.031343 0.690909
vt 0.030824 0.706046
vt 0.035218 0.705557
vt 0.041688 0.706046
vt 0.030427 0.728507
vt 0.045808 0.707022
vt 0.035463 0.729972
vt 0.043489 0.732414
vt 0.049501 0.732902
vt 0.052461 0.732902
vt 0.053041 0.743156
vt 0.049867 0.743156
vt 0.043641 0.742668
vt 0.03531 0.743156
vt 0.030213 0.742668
vt 0.027528 0.728507
vt 0.025483 0.743156
vt 0.024415 0.728507
vt 0.02411 0.743156
vt 0.024384 0.728507
vt 0.374493 0.774895
vt 0.375225 0.773919
vt 0.097751 0.707511
vt 0.096713 0.714835
vt 0.069613 0.709464
vt 0.321268 0.783685
vt 0.307108 0.78515
vt 0.321268 0.783197
vt 0.321268 0.78222
vt 0.350566 0.778802
vt 0.350078 0.778802
vt 0.085299 0.709952
vt 0.092196 0.710929
vt 0.123508 0.712394
vt 0.139378 0.71337
vt 0.375713 0.772942
vt 0.067598 0.664541
vt 0.073824 0.664541
vt 0.06888 0.646474
vt 0.075106 0.64745
vt 0.070772 0.625965
vt 0.07712 0.627918
vt 0.768059 0.598132
vt 0.766106 0.598132
vt 0.768059 0.600574
vt 0.766106 0.600574
vt 0.770012 0.600574
vt 0.764153 0.598132
vt 0.770012 0.598132
vt 0.764153 0.600574
vt 0.771966 0.600574
vt 0.7622 0.598132
vt 0.771966 0.598132
vt 0.7622 0.600574
vt 0.773431 0.600574
vt 0.760247 0.598132
vt 0.773431 0.598132
vt 0.760247 0.600574
vt 0.775384 0.598132
vt 0.758782 0.598132
vt 0.775384 0.600574
vt 0.758782 0.600574
vt 0.777337 0.598132
vt 0.756828 0.598132
vt 0.777337 0.600574
vt 0.756828 0.600574
vt 0.77929 0.598132
vt 0.754875 0.598132
vt 0.77929 0.600574
vt 0.754875 0.600574
vt 0.780755 0.598132
vt 0.752922 0.598132
vt 0.780755 0.600574
vt 0.752922 0.600574
vt 0.782708 0.598132
vt 0.750969 0.598132
vt 0.782708 0.600574
vt 0.784661 0.598132
vt 0.784661 0.600574
vt 0.750969 0.600574
vt 0.749016 0.600574
vt 0.749016 0.598132
vt 0.747551 0.600574
vt 0.747551 0.598132
vt 0.745598 0.600574
vt 0.745598 0.598132
vt 0.743645 0.600574
vt 0.743645 0.598132
vt 0.741691 0.600574
vt 0.741691 0.598132
vt 0.739738 0.600574
vt 0.739738 0.598132
vt 0.323222 0.77929
vt 0.326884 0.775872
vt 0.331767 0.773919
vt 0.336894 0.772942
vt 0.341288 0.772942
vt 0.345195 0.774407
vt 0.070345 0.708487
vt 0.924314 0.956542
vt 0.932127 0.956542
vt 0.931639 0.956053
vt 0.922361 0.95703
vt 0.092685 0.710929
vt 0.345927 0.579089
vt 0.339824 0.566881
vt 0.341533 0.568346
vt 0.340556 0.56737
vt 0.376202 0.772454
vt 0.306131 0.784661
vt 0.347148 0.583483
vt 0.344462 0.5786
vt 0.140355 0.71337
vt 0.102206 0.704093
vt 0.074007 0.606433
vt 0.079989 0.609363
vt 0.086276 0.491684
vt 0.085849 0.490219
vt 0.084811 0.489425
vt 0.082736 0.501938
vt 0.084384 0.501938
vt 0.082736 0.507309
vt 0.079257 0.511704
vt 0.080721 0.51268
vt 0.077425 0.519517
vt 0.074679 0.520005
vt 0.071871 0.525376
vt 0.066195 0.528306
vt 0.067843 0.528794
vt 0.06241 0.529771
vt 0.303446 0.791498
vt 0.30491 0.784173
vt 0.076205 0.591296
vt 0.082736 0.594714
vt 0.119053 0.755364
vt 0.119114 0.791009
vt 0.121067 0.755364
vt 0.121494 0.749016
vt 0.122105 0.755852
vt 0.120823 0.788079
vt 0.123325 0.749992
vt 0.121494 0.815912
vt 0.118442 0.815424
vt 0.118076 0.826655
vt 0.124485 0.745109
vt 0.120029 0.744621
vt 0.117649 0.740226
vt 0.127293 0.741203
vt 0.12479 0.740226
vt 0.128513 0.739738
vt 0.125462 0.738762
vt 0.093722 0.755852
vt 0.092441 0.815424
vt 0.093966 0.787591
vt 0.09476 0.754875
vt 0.094516 0.748527
vt 0.092624 0.749504
vt 0.095553 0.790521
vt 0.095492 0.815424
vt 0.096774 0.754875
vt 0.091647 0.744621
vt 0.101474 0.797357
vt 0.101779 0.748527
vt 0.096103 0.744133
vt 0.098605 0.739738
vt 0.101962 0.755364
vt 0.091464 0.739738
vt 0.088961 0.740715
vt 0.087741 0.738762
vt 0.090793 0.738273
vt 0.098239 0.738273
vt 0.108127 0.738273
vt 0.108127 0.73925
vt 0.108127 0.739738
vt 0.118076 0.738762
vt 0.108127 0.741691
vt 0.108066 0.744133
vt 0.108005 0.747063
vt 0.11417 0.748527
vt 0.108005 0.748527
vt 0.107944 0.751946
vt 0.107883 0.755364
vt 0.113804 0.755364
vt 0.107578 0.77636
vt 0.113071 0.797357
vt 0.107273 0.797357
vt 0.10715 0.80224
vt 0.107028 0.813959
vt 0.106906 0.81933
vt 0.095614 0.826655
vt 0.092563 0.830073
vt 0.106845 0.824702
vt 0.106845 0.827631
vt 0.095614 0.832514
vt 0.106784 0.830561
vt 0.092563 0.837886
vt 0.121067 0.830073
vt 0.117893 0.832514
vt 0.120762 0.838374
vt 0.106723 0.833003
vt 0.096225 0.836909
vt 0.117161 0.836909
vt 0.106723 0.835444
vt 0.106723 0.837397
vt 0.096042 0.840815
vt 0.106662 0.839351
vt 0.117222 0.840815
vt 0.121067 0.846187
vt 0.092135 0.845698
vt 0.106662 0.840815
vt 0.117527 0.846675
vt 0.106601 0.843745
vt 0.095614 0.846675
vt 0.12009 0.857906
vt 0.106601 0.846187
vt 0.092685 0.857418
vt 0.10654 0.850581
vt 0.116916 0.854976
vt 0.118625 0.86523
vt 0.126438 0.882321
vt 0.106479 0.854488
vt 0.096042 0.854488
vt 0.106418 0.859859
vt 0.094028 0.86523
vt 0.372295 0.608386
vt 0.367656 0.60448
vt 0.365459 0.605945
vt 0.361064 0.60155
vt 0.357891 0.596179
vt 0.354717 0.595203
vt 0.351543 0.587878
vt 0.350078 0.588855
vt 0.072054 0.680166
vt 0.774895 0.292947
vt 0.762688 0.293435
vt 0.773431 0.318339
vt 0.788079 0.292215
vt 0.785638 0.315653
vt 0.782708 0.328776
vt 0.772942 0.32902
vt 0.7622 0.320963
vt 0.747551 0.294107
vt 0.7622 0.329264
vt 0.749504 0.32371
vt 0.752434 0.329264
vt 0.141697 0.714347
vt 0.146092 0.721183
vt 0.080844 0.577624
vt 0.086825 0.581042
vt 0.774407 0.426252
vt 0.774407 0.422773
vt 0.764641 0.426435
vt 0.764153 0.423017
vt 0.78515 0.422529
vt 0.754387 0.423261
vt 0.34959 0.778802
vt 0.098178 0.706046
vt 0.085849 0.559069
vt 0.092074 0.563463
vt 0.093234 0.71044
vt 0.073641 0.664541
vt 0.979492 0.776849
vt 0.97998 0.777337
vt 0.985839 0.770012
vt 0.36961 0.748039
vt 0.369854 0.747063
vt 0.366436 0.733879
vt 0.366436 0.732902
vt 0.36375 0.718253
vt 0.36375 0.717765
vt 0.360332 0.700186
vt 0.355937 0.682607
vt 0.983886 0.99707
vt 0.982421 0.988281
vt 0.97998 0.988281
vt 0.977538 0.99707
vt 0.983398 0.998047
vt 0.600574 0.560045
vt 0.602039 0.545885
vt 0.601062 0.557115
vt 0.092441 0.711417
vt 0.091525 0.719718
vt 0.075106 0.647938
vt 0.07712 0.628895
vt 0.079928 0.610828
vt 0.082919 0.595691
vt 0.087008 0.582018
vt 0.092624 0.56444
vt 0.089999 0.549303
vt 0.096652 0.554674
vt 0.061037 0.728507
vt 0.386456 0.79931
vt 0.608875 0.572253
vt 0.600574 0.569323
vt 0.598621 0.571764
vt 0.610828 0.569323
vt 0.611316 0.571764
vt 0.641102 0.571276
vt 0.632313 0.573229
vt 0.642567 0.573717
vt 0.630848 0.570299
vt 0.629871 0.572253
vt 0.305155 0.784173
vt 0.109287 0.712394
vt 0.101047 0.713858
vt 0.10538 0.714347
vt 0.111484 0.713858
vt 0.113193 0.712882
vt 0.102451 0.717765
vt 0.116855 0.715323
vt 0.120884 0.7163
vt 0.108127 0.7163
vt 0.114841 0.717765
vt 0.120151 0.720206
vt 0.122837 0.720695
vt 0.126804 0.724601
vt 0.125095 0.728996
vt 0.127659 0.728507
vt 0.119419 0.726066
vt 0.1171 0.730949
vt 0.114902 0.721671
vt 0.110324 0.727042
vt 0.107883 0.731925
vt 0.10886 0.720206
vt 0.103122 0.724601
vt 0.100986 0.732414
vt 0.0983 0.727531
vt 0.093356 0.732414
vt 0.09653 0.723136
vt 0.095981 0.71923
vt 0.093478 0.720206
vt 0.092441 0.725578
vt 0.089633 0.729484
vt 0.089511 0.732414
vt 0.734367 0.541978
vt 0.73925 0.543931
vt 0.736808 0.53563
vt 0.741691 0.537584
vt 0.743645 0.545885
vt 0.746086 0.539048
vt 0.748527 0.546861
vt 0.750481 0.540513
vt 0.752922 0.548326
vt 0.754387 0.54149
vt 0.366436 0.608875
vt 0.365215 0.607898
vt 0.353984 0.612781
vt 0.357402 0.612781
vt 0.131687 0.900388
vt 0.12656 0.921384
vt 0.12888 0.915525
vt 0.12888 0.922849
vt 0.12595 0.925779
vt 0.128636 0.932127
vt 0.674795 0.023316
vt 0.673818 0.023194
vt 0.674795 0.024537
vt 0.673818 0.024445
vt 0.674795 0.116428
vt 0.6704 0.024201
vt 0.6704 0.022919
vt 0.669424 0.02411
vt 0.668935 0.022584
vt 0.669912 0.116367
vt 0.6704 0.116367
vt 0.668935 0.118503
vt 0.6704 0.11832
vt 0.673818 0.116428
vt 0.673818 0.11832
vt 0.674795 0.118198
vt 0.635731 0.116794
vt 0.636219 0.116916
vt 0.635731 0.114963
vt 0.636219 0.115024
vt 0.635731 0.023041
vt 0.640126 0.115207
vt 0.640126 0.117161
vt 0.640614 0.115329
vt 0.641102 0.117405
vt 0.640614 0.023103
vt 0.640126 0.023072
vt 0.641591 0.021516
vt 0.640614 0.021729
vt 0.636219 0.023072
vt 0.636219 0.021699
vt 0.635731 0.02176
vt 0.141209 0.712394
vt 0.0936 0.709952
vt 0.738273 0.534654
vt 0.74218 0.536607
vt 0.73925 0.533189
vt 0.743156 0.535142
vt 0.740715 0.529771
vt 0.746574 0.538072
vt 0.744621 0.531724
vt 0.747063 0.536607
vt 0.748527 0.532701
vt 0.750969 0.537584
vt 0.750481 0.539048
vt 0.751946 0.534165
vt 0.755364 0.53856
vt 0.755852 0.534654
vt 0.754875 0.540025
vt 0.75927 0.539537
vt 0.758782 0.540513
vt 0.351299 0.792962
vt 0.344707 0.792474
vt 0.351054 0.796869
vt 0.345683 0.788079
vt 0.35374 0.793451
vt 0.355449 0.798822
vt 0.358379 0.80224
vt 0.349834 0.801263
vt 0.344707 0.79931
vt 0.33787 0.80224
vt 0.338603 0.795404
vt 0.332743 0.797357
vt 0.328837 0.802728
vt 0.327372 0.796381
vt 0.332255 0.793451
vt 0.338847 0.791498
vt 0.341533 0.789056
vt 0.337382 0.787591
vt 0.335429 0.789544
vt 0.324686 0.797357
vt 0.321268 0.801263
vt 0.320536 0.805658
vt 0.977538 0.773919
vt 0.981445 0.771477
vt 0.983398 0.767083
vt 0.975585 0.772454
vt 0.97998 0.778314
vt 0.980468 0.770012
vt 0.975585 0.771477
vt 0.097568 0.556139
vt 0.319315 0.357402
vt 0.334697 0.351543
vt 0.318827 0.351543
vt 0.334941 0.357402
vt 0.335185 0.351543
vt 0.318827 0.35081
vt 0.318339 0.351054
vt 0.316874 0.34959
vt 0.335185 0.351054
vt 0.335673 0.351543
vt 0.351543 0.351543
vt 0.351543 0.352214
vt 0.350566 0.358135
vt 0.352031 0.352031
vt 0.353496 0.35081
vt 0.636708 0.009156
vt 0.637196 0.009125
vt 0.641102 0.009186
vt 0.642079 0.008911
vt 0.643544 0.008606
vt 0.642567 0.021058
vt 0.666982 0.009522
vt 0.666494 0.02179
vt 0.669424 0.009857
vt 0.6704 0.010224
vt 0.673818 0.010498
vt 0.674795 0.01059
vt 0.106296 0.865719
vt 0.106296 0.875484
vt 0.117038 0.883297
vt 0.095431 0.883297
vt 0.085971 0.881832
vt 0.080233 0.899899
vt 0.106174 0.884274
vt 0.087191 0.920896
vt 0.084323 0.920896
vt 0.082247 0.915036
vt 0.082003 0.922361
vt 0.084689 0.925291
vt 0.081942 0.931639
vt 0.105686 0.898434
vt 0.096408 0.915525
vt 0.105502 0.917478
vt 0.105441 0.921384
vt 0.114597 0.915525
vt 0.12363 0.921384
vt 0.10538 0.923826
vt 0.105319 0.926756
vt 0.085421 0.931639
vt 0.125095 0.932127
vt 0.084689 0.948729
vt 0.125462 0.949217
vt 0.105319 0.929197
vt 0.105258 0.932127
vt 0.105197 0.938475
vt 0.089328 0.943846
vt 0.089816 0.952635
vt 0.086276 0.963866
vt 0.105136 0.943846
vt 0.120945 0.943846
vt 0.105075 0.948241
vt 0.120273 0.952635
vt 0.123508 0.963866
vt 0.105014 0.953124
vt 0.104953 0.958495
vt 0.119236 0.963378
vt 0.123386 0.970702
vt 0.090609 0.963378
vt 0.104953 0.963866
vt 0.104892 0.967284
vt 0.11832 0.970702
vt 0.12009 0.977538
vt 0.123081 0.979003
vt 0.121189 0.995117
vt 0.111911 0.977538
vt 0.116672 0.995117
vt 0.104892 0.971679
vt 0.112094 0.995117
vt 0.091464 0.970702
vt 0.104831 0.976074
vt 0.097751 0.977538
vt 0.104831 0.978515
vt 0.104831 0.987304
vt 0.104831 0.995117
vt 0.097568 0.995117
vt 0.09299 0.995117
vt 0.089572 0.97705
vt 0.088412 0.995117
vt 0.086581 0.979003
vt 0.086337 0.970702
vt 0.084689 0.977538
vt 0.085543 0.994629
vt 0.182226 0.682119
vt 0.181249 0.678701
vt 0.181127 0.678213
vt 0.180883 0.677725
vt 0.181127 0.677236
vt 0.648427 0.109775
vt 0.648915 0.109714
vt 0.648427 0.108615
vt 0.648915 0.108676
vt 0.661611 0.109897
vt 0.647938 0.030671
vt 0.661611 0.10886
vt 0.662587 0.109958
vt 0.662587 0.108921
vt 0.648427 0.030671
vt 0.661122 0.030915
vt 0.662099 0.031129
vt 0.662099 0.030519
vt 0.661122 0.030366
vt 0.648427 0.029908
vt 0.647938 0.029908
vt 0.922849 0.608386
vt 0.924802 0.606922
vt 0.924314 0.606433
vt 0.791498 0.617176
vt 0.793451 0.618641
vt 0.791986 0.616199
vt 0.452132 0.052065
vt 0.453597 0.057161
vt 0.45262 0.051057
vt 0.355937 0.345439
vt 0.354961 0.338847
vt 0.353496 0.34904
vt 0.808588 0.594714
vt 0.807123 0.569811
vt 0.80517 0.593738
vt 0.798822 0.568834
vt 0.795404 0.592761
vt 0.815912 0.571276
vt 0.812983 0.595203
vt 0.799799 0.617176
vt 0.808588 0.618152
vt 0.349345 0.778314
vt 0.409894 0.053224
vt 0.408185 0.055147
vt 0.411359 0.056764
vt 0.408673 0.058016
vt 0.432356 0.068575
vt 0.432356 0.06766
vt 0.456282 0.058473
vt 0.456771 0.055605
vt 0.454817 0.053865
vt 0.4326 0.054415
vt 0.4326 0.051973
vt 0.413068 0.051698
vt 0.41258 0.050813
vt 0.4326 0.051485
vt 0.4326 0.050996
vt 0.314676 0.344218
vt 0.3137 0.346904
vt 0.317118 0.34788
vt 0.311991 0.348796
vt 0.311502 0.34904
vt 0.731437 0.632801
vt 0.745598 0.638173
vt 0.747063 0.638661
vt 0.731925 0.632801
vt 0.724113 0.628895
vt 0.723624 0.628895
vt 0.959471 0.577136
vt 0.956053 0.575182
vt 0.950194 0.578112
vt 0.951659 0.58153
vt 0.936521 0.58739
vt 0.936033 0.583483
vt 0.935545 0.58739
vt 0.748039 0.638173
vt 0.747551 0.634266
vt 0.73339 0.629383
vt 0.727042 0.626453
vt 0.335673 0.336589
vt 0.352763 0.336833
vt 0.318583 0.335673
vt 0.318583 0.335917
vt 0.355449 0.337077
vt 0.335673 0.338603
vt 0.353008 0.338847
vt 0.35667 0.338115
vt 0.356914 0.337077
vt 0.351543 0.349345
vt 0.335185 0.348796
vt 0.319071 0.348308
vt 0.318339 0.33787
vt 0.316141 0.335917
vt 0.316141 0.337626
vt 0.314676 0.336833
vt 0.314676 0.335673
vt 0.959471 0.577624
vt 0.952147 0.582018
vt 0.937498 0.58739
vt 0.499985 0.981933
vt 0.498764 0.989746
vt 0.50145 0.982421
vt 0.50145 0.978515
vt 0.499985 0.990234
vt 0.50145 0.98291
vt 0.501938 0.983886
vt 0.499008 0.994629
vt 0.497543 0.99414
vt 0.496078 0.993652
vt 0.497299 0.989257
vt 0.499008 0.981933
vt 0.499985 0.978515
vt 0.50145 0.973144
vt 0.499008 0.978027
vt 0.499985 0.973144
vt 0.49852 0.973144
vt 0.345439 0.58153
vt 0.356914 0.348308
vt 0.358379 0.350078
vt 0.358867 0.350566
vt 0.490463 0.852535
vt 0.484848 0.847652
vt 0.487533 0.854488
vt 0.488266 0.846187
vt 0.493149 0.850581
vt 0.486801 0.841792
vt 0.483383 0.843257
vt 0.49144 0.844722
vt 0.490219 0.840327
vt 0.49852 0.848628
vt 0.496811 0.838374
vt 0.497543 0.842769
vt 0.505844 0.84228
vt 0.505844 0.837886
vt 0.506333 0.848628
vt 0.514634 0.838862
vt 0.514145 0.843257
vt 0.514145 0.850093
vt 0.514634 0.850093
vt 0.514634 0.843745
vt 0.515122 0.838862
vt 0.517075 0.843257
vt 0.517563 0.839351
vt 0.517563 0.843257
vt 0.514634 0.850581
vt 0.518052 0.839351
vt 0.335429 0.632801
vt 0.341044 0.639637
vt 0.342265 0.628407
vt 0.325419 0.62743
vt 0.345195 0.632801
vt 0.328349 0.621082
vt 0.34666 0.654286
vt 0.316874 0.624989
vt 0.352031 0.650868
vt 0.318094 0.618152
vt 0.351787 0.668447
vt 0.310526 0.624012
vt 0.357646 0.664052
vt 0.311014 0.617176
vt 0.303934 0.616199
vt 0.361309 0.678701
vt 0.304178 0.623524
vt 0.299539 0.623524
vt 0.366192 0.698233
vt 0.298563 0.616199
vt 0.293191 0.616199
vt 0.369854 0.718253
vt 0.2949 0.623035
vt 0.289773 0.623035
vt 0.372784 0.73632
vt 0.287332 0.616199
vt 0.281716 0.616199
vt 0.375469 0.746086
vt 0.28489 0.622547
vt 0.272683 0.617176
vt 0.274392 0.623524
vt 0.08414 0.504868
vt 0.967772 0.75927
vt 0.965819 0.756828
vt 0.966308 0.760247
vt 0.749504 0.765618
vt 0.747551 0.768059
vt 0.749016 0.769036
vt 0.377667 0.60448
vt 0.379131 0.591296
vt 0.38963 0.582507
vt 0.124973 0.977538
vt 0.124119 0.994629
vt 0.499985 0.994629
vt 0.500961 0.990722
vt 0.502426 0.985351
vt 0.786126 0.680654
vt 0.785638 0.679189
vt 0.784661 0.680654
vt 0.78515 0.679189
vt 0.77929 0.681631
vt 0.780755 0.681631
vt 0.779778 0.680166
vt 0.780267 0.680166
vt 0.759758 0.687002
vt 0.761223 0.687002
vt 0.760247 0.685049
vt 0.760735 0.685049
vt 0.76513 0.684561
vt 0.766594 0.684561
vt 0.765618 0.683096
vt 0.769524 0.683584
vt 0.770989 0.683584
vt 0.770012 0.682119
vt 0.770501 0.682119
vt 0.774407 0.682607
vt 0.775872 0.682607
vt 0.774895 0.680654
vt 0.775384 0.680654
vt 0.106418 0.549791
vt 0.10593 0.548326
vt 0.103244 0.541002
vt 0.453352 0.050111
vt 0.043825 0.525376
vt 0.032594 0.519517
vt 0.032685 0.520005
vt 0.412091 0.049959
vt 0.40672 0.050539
vt 0.411359 0.048463
vt 0.899899 0.890133
vt 0.899899 0.985351
vt 0.901852 0.985351
vt 0.901852 0.843745
vt 0.899411 0.829096
vt 0.905271 0.985351
vt 0.905271 0.617664
vt 0.899411 0.827631
vt 0.901364 0.617664
vt 0.906247 0.609363
vt 0.902341 0.608875
vt 0.907224 0.606922
vt 0.906247 0.618152
vt 0.907224 0.618152
vt 0.907224 0.609851
vt 0.916501 0.606433
vt 0.916501 0.609363
vt 0.136326 0.487289
vt 0.136082 0.488021
vt 0.334697 0.633778
vt 0.324686 0.628407
vt 0.340556 0.641102
vt 0.31663 0.626453
vt 0.34666 0.655751
vt 0.310526 0.625477
vt 0.351543 0.669912
vt 0.304422 0.624989
vt 0.355937 0.683096
vt 0.299783 0.6245
vt 0.295144 0.6245
vt 0.290262 0.624012
vt 0.285623 0.623035
vt 0.62157 0.554186
vt 0.613269 0.554186
vt 0.62157 0.555162
vt 0.614246 0.554674
vt 0.63036 0.555162
vt 0.62157 0.556627
vt 0.629383 0.55565
vt 0.364238 0.546861
vt 0.362774 0.545885
vt 0.365703 0.541002
vt 0.363994 0.540513
vt 0.366436 0.537095
vt 0.364238 0.536607
vt 0.367168 0.519517
vt 0.365215 0.519517
vt 0.359844 0.488937
vt 0.290506 0.566393
vt 0.289529 0.565905
vt 0.7163 0.444807
vt 0.7163 0.787591
vt 0.716788 0.77929
vt 0.716788 0.44554
vt 0.193091 0.972655
vt 0.193335 0.972655
vt 0.193091 0.971679
vt 0.19248 0.972167
vt 0.192358 0.972655
vt 0.192602 0.973144
vt 0.193213 0.973144
vt 0.193335 0.973632
vt 0.606922 0.018983
vt 0.606922 0.02353
vt 0.608875 0.023591
vt 0.609851 0.018983
vt 0.609851 0.023591
vt 0.61034 0.023591
vt 0.610828 0.02356
vt 0.612781 0.023469
vt 0.612781 0.019105
vt 0.666005 0.113193
vt 0.669424 0.116245
vt 0.665517 0.027009
vt 0.668447 0.118015
vt 0.666005 0.114719
vt 0.668935 0.02411
vt 0.665517 0.025941
vt 0.668447 0.022919
vt 0.641591 0.117222
vt 0.643055 0.117588
vt 0.645009 0.114109
vt 0.645497 0.114292
vt 0.666494 0.118503
vt 0.664052 0.114902
vt 0.966308 0.728996
vt 0.966308 0.392804
vt 0.966308 0.393048
vt 0.966796 0.737297
vt 0.264382 0.487289
vt 0.259987 0.487533
vt 0.262917 0.516587
vt 0.258278 0.517563
vt 0.263405 0.525376
vt 0.259499 0.531724
vt 0.263894 0.529283
vt 0.260475 0.535142
vt 0.602039 0.450117
vt 0.600574 0.516587
vt 0.599597 0.528794
vt 0.600085 0.546861
vt 0.643544 0.561022
vt 0.645009 0.562487
vt 0.641591 0.561998
vt 0.597156 0.560045
vt 0.599109 0.559069
vt 0.64452 0.026368
vt 0.641102 0.023255
vt 0.64452 0.112583
vt 0.641591 0.021912
vt 0.64452 0.0253
vt 0.641591 0.115329
vt 0.270241 0.546373
vt 0.269997 0.544908
vt 0.262429 0.546373
vt 0.262673 0.544908
vt 0.272195 0.535142
vt 0.275124 0.54442
vt 0.276833 0.539048
vt 0.277566 0.535142
vt 0.273171 0.531724
vt 0.279031 0.518052
vt 0.274392 0.517563
vt 0.272683 0.487533
vt 0.255837 0.539048
vt 0.257546 0.54442
vt 0.255104 0.535142
vt 0.268777 0.529283
vt 0.253639 0.518052
vt 0.264626 0.526353
vt 0.268044 0.526353
vt 0.264626 0.52147
vt 0.268044 0.52147
vt 0.268288 0.513169
vt 0.264626 0.513169
vt 0.267556 0.49144
vt 0.265358 0.49144
vt 0.268288 0.487289
vt 0.194067 0.973632
vt 0.193335 0.973144
vt 0.604968 0.019074
vt 0.604968 0.026551
vt 0.358867 0.536119
vt 0.359844 0.533189
vt 0.355449 0.530747
vt 0.355937 0.526841
vt 0.36082 0.519028
vt 0.356182 0.518052
vt 0.355693 0.488937
vt 0.941404 0.517563
vt 0.941404 0.537095
vt 0.943846 0.537095
vt 0.943846 0.517563
vt 0.946776 0.537095
vt 0.941404 0.497787
vt 0.946776 0.517563
vt 0.943846 0.497787
vt 0.946776 0.497787
vt 0.114414 0.546861
vt 0.114475 0.544908
vt 0.78515 0.623524
vt 0.783685 0.623524
vt 0.783685 0.679189
vt 0.457259 0.053011
vt 0.779778 0.624012
vt 0.778314 0.624012
vt 0.778314 0.680166
vt 0.35081 0.362774
vt 0.334941 0.362285
vt 0.318827 0.362285
vt 0.511704 0.925779
vt 0.519517 0.924802
vt 0.510727 0.9082
vt 0.51854 0.9082
vt 0.519028 0.880856
vt 0.514145 0.939451
vt 0.511704 0.881832
vt 0.52147 0.858882
vt 0.514145 0.858882
vt 0.52147 0.855953
vt 0.514634 0.854488
vt 0.51561 0.937986
vt 0.514145 0.941404
vt 0.514145 0.941893
vt 0.514145 0.944334
vt 0.511704 0.93994
vt 0.511704 0.940916
vt 0.511704 0.945311
vt 0.513657 0.956542
vt 0.510727 0.93994
vt 0.510727 0.941404
vt 0.511704 0.95703
vt 0.513169 0.972655
vt 0.511704 0.973632
vt 0.510239 0.95703
vt 0.511704 0.973144
vt 0.510727 0.973632
vt 0.510727 0.945311
vt 0.510239 0.973632
vt 0.506333 0.973632
vt 0.506333 0.95703
vt 0.500961 0.95703
vt 0.506333 0.945799
vt 0.500961 0.945799
vt 0.506333 0.941404
vt 0.500961 0.941404
vt 0.500961 0.940428
vt 0.506333 0.940428
vt 0.510727 0.925779
vt 0.506333 0.926267
vt 0.500961 0.926756
vt 0.500961 0.91699
vt 0.505356 0.916501
vt 0.504868 0.913083
vt 0.509751 0.909665
vt 0.508774 0.904782
vt 0.511216 0.881832
vt 0.513657 0.858882
vt 0.514145 0.854488
vt 0.514634 0.852535
vt 0.504868 0.880856
vt 0.505844 0.857906
vt 0.514145 0.852535
vt 0.506333 0.853511
vt 0.502914 0.904294
vt 0.514145 0.850581
vt 0.506333 0.85107
vt 0.506333 0.849117
vt 0.49852 0.849117
vt 0.49852 0.85107
vt 0.492904 0.85107
vt 0.49852 0.853023
vt 0.492904 0.853511
vt 0.490463 0.853511
vt 0.488021 0.855464
vt 0.490463 0.855464
vt 0.488021 0.857418
vt 0.492904 0.855953
vt 0.498276 0.856441
vt 0.490463 0.857418
vt 0.488266 0.859371
vt 0.498032 0.880367
vt 0.49266 0.860347
vt 0.490463 0.861812
vt 0.48851 0.863277
vt 0.497787 0.903806
vt 0.493149 0.882809
vt 0.491195 0.883785
vt 0.489486 0.884274
vt 0.493149 0.904782
vt 0.49144 0.905271
vt 0.489486 0.905759
vt 0.500961 0.912595
vt 0.499252 0.91699
vt 0.497543 0.912107
vt 0.497055 0.91699
vt 0.494369 0.912595
vt 0.495102 0.91699
vt 0.493149 0.912595
vt 0.494613 0.91699
vt 0.491928 0.913083
vt 0.494125 0.91699
vt 0.356914 0.545885
vt 0.357402 0.547838
vt 0.349345 0.547838
vt 0.34959 0.546373
vt 0.347148 0.536607
vt 0.342509 0.541002
vt 0.34373 0.546373
vt 0.342021 0.537095
vt 0.350566 0.530747
vt 0.346171 0.533677
vt 0.354717 0.527818
vt 0.340312 0.520005
vt 0.344707 0.519517
vt 0.344462 0.489181
vt 0.351299 0.527818
vt 0.354717 0.522935
vt 0.351054 0.522935
vt 0.35081 0.514634
vt 0.354472 0.514634
vt 0.35081 0.492843
vt 0.353496 0.492843
vt 0.35081 0.488266
vt 0.353984 0.48851
vt 0.458968 0.051881
vt 0.256569 0.544908
vt 0.254128 0.540025
vt 0.252907 0.536119
vt 0.251686 0.518052
vt 0.25779 0.487045
vt 0.774895 0.623524
vt 0.772942 0.623524
vt 0.772942 0.680654
vt 0.495346 0.944823
vt 0.495102 0.940916
vt 0.494613 0.944334
vt 0.494613 0.940428
vt 0.495102 0.955565
vt 0.495102 0.93994
vt 0.494613 0.939451
vt 0.495834 0.940916
vt 0.49559 0.956053
vt 0.496078 0.971679
vt 0.496567 0.971679
vt 0.495834 0.945311
vt 0.496323 0.956542
vt 0.497055 0.972167
vt 0.495834 0.93994
vt 0.497787 0.957518
vt 0.497543 0.945799
vt 0.499496 0.957518
vt 0.499252 0.945799
vt 0.499252 0.941893
vt 0.497299 0.941893
vt 0.499252 0.940916
vt 0.497299 0.940916
vt 0.499252 0.926756
vt 0.497543 0.926756
vt 0.495834 0.926267
vt 0.495346 0.926267
vt 0.494613 0.926267
vt 0.770012 0.623035
vt 0.768059 0.623035
vt 0.768059 0.682119
vt 0.797845 0.422346
vt 0.796381 0.328593
vt 0.821284 0.422101
vt 0.819819 0.328104
vt 0.192236 0.972655
vt 0.765618 0.622547
vt 0.763665 0.622547
vt 0.763665 0.683096
vt 0.967284 0.760735
vt 0.715323 0.786615
vt 0.712394 0.439924
vt 0.712394 0.77929
vt 0.715323 0.443587
vt 0.712882 0.788079
vt 0.712882 0.791009
vt 0.7163 0.790521
vt 0.760247 0.622547
vt 0.758782 0.622547
vt 0.758782 0.685049
vt 0.970214 0.388104
vt 0.967284 0.73632
vt 0.970214 0.728996
vt 0.970214 0.737785
vt 0.967284 0.391522
vt 0.970214 0.740715
vt 0.966308 0.740226
vt 0.760735 0.622547
vt 0.120701 0.543443
vt 0.120518 0.545396
vt 0.924314 0.609851
vt 0.924314 0.618152
vt 0.058107 0.526841
vt 0.065035 0.525864
vt 0.033784 0.493576
vt 0.066439 0.532701
vt 0.067965 0.531236
vt 0.074374 0.538072
vt 0.07767 0.538072
vt 0.055666 0.501938
vt 0.055879 0.507797
vt 0.05179 0.506821
vt 0.041688 0.509751
vt 0.042421 0.502914
vt 0.05649 0.491195
vt 0.03238 0.492843
vt 0.644032 0.548814
vt 0.647938 0.548814
vt 0.645009 0.530747
vt 0.64745 0.526841
vt 0.641591 0.547838
vt 0.645009 0.51854
vt 0.648915 0.500961
vt 0.651845 0.452132
vt 0.648427 0.452132
vt 0.648915 0.450911
vt 0.60155 0.449202
vt 0.598621 0.449873
vt 0.598132 0.498764
vt 0.597156 0.524888
vt 0.595691 0.546373
vt 0.596179 0.546861
vt 0.0889 0.682119
vt 0.10062 0.685049
vt 0.089389 0.666005
vt 0.101596 0.668447
vt 0.104038 0.685537
vt 0.104953 0.668935
vt 0.089694 0.647938
vt 0.102023 0.648427
vt 0.090182 0.629383
vt 0.105502 0.648915
vt 0.102329 0.629871
vt 0.09122 0.610828
vt 0.108432 0.669912
vt 0.105991 0.63036
vt 0.107578 0.686026
vt 0.108982 0.648915
vt 0.111972 0.6704
vt 0.111423 0.687002
vt 0.102573 0.611316
vt 0.11539 0.687979
vt 0.115513 0.671377
vt 0.112339 0.649403
vt 0.118686 0.689444
vt 0.118625 0.672842
vt 0.115574 0.649892
vt 0.109653 0.63036
vt 0.112949 0.630848
vt 0.118625 0.65038
vt 0.121616 0.674306
vt 0.121921 0.690909
vt 0.122471 0.711417
vt 0.116123 0.631336
vt 0.113742 0.611805
vt 0.121555 0.650868
vt 0.142918 0.65038
vt 0.141575 0.676748
vt 0.14182 0.695791
vt 0.12241 0.711905
vt 0.122776 0.712394
vt 0.14182 0.711417
vt 0.122288 0.631825
vt 0.144017 0.63036
vt 0.119236 0.631336
vt 0.123508 0.611316
vt 0.145604 0.609363
vt 0.120212 0.611805
vt 0.116916 0.611805
vt 0.124973 0.592761
vt 0.147435 0.589343
vt 0.121616 0.593249
vt 0.118137 0.594226
vt 0.114902 0.594226
vt 0.127415 0.573717
vt 0.149266 0.569811
vt 0.123936 0.575182
vt 0.120273 0.576159
vt 0.116916 0.577136
vt 0.133641 0.55858
vt 0.152806 0.555162
vt 0.129612 0.560045
vt 0.139378 0.541978
vt 0.134739 0.542955
vt 0.143162 0.541002
vt 0.157445 0.541002
vt 0.157811 0.540025
vt 0.157689 0.540513
vt 0.157567 0.539537
vt 0.125584 0.560533
vt 0.130711 0.543443
vt 0.122105 0.56151
vt 0.126438 0.54442
vt 0.118381 0.561998
vt 0.113376 0.578112
vt 0.113193 0.562975
vt 0.111545 0.594714
vt 0.108798 0.5786
vt 0.107822 0.562975
vt 0.110508 0.611805
vt 0.107273 0.595203
vt 0.10654 0.611316
vt 0.104099 0.579577
vt 0.103061 0.595203
vt 0.100681 0.563952
vt 0.096225 0.581042
vt 0.093051 0.595691
vt 0.122593 0.711905
vt 0.122471 0.711905
vt 0.122715 0.711417
vt 0.122654 0.711417
vt 0.122654 0.710929
vt 0.122471 0.710929
vt 0.063021 0.730949
vt 0.062319 0.729484
vt 0.770501 0.623035
vt 0.816889 0.838862
vt 0.816889 0.837397
vt 0.814936 0.853023
vt 0.372539 0.708487
vt 0.263649 0.612293
vt 0.335185 0.787103
vt 0.303201 0.790521
vt 0.300272 0.805658
vt 0.377178 0.806146
vt 0.385479 0.802728
vt 0.390606 0.813471
vt 0.378887 0.813471
vt 0.382061 0.76513
vt 0.390606 0.799799
vt 0.393536 0.813471
vt 0.39256 0.800775
vt 0.388409 0.789544
vt 0.390851 0.789056
vt 0.387921 0.767571
vt 0.38255 0.752922
vt 0.383526 0.74218
vt 0.37962 0.721183
vt 0.374737 0.71044
vt 0.374737 0.700186
vt 0.364727 0.675771
vt 0.368145 0.677725
vt 0.362285 0.662099
vt 0.355449 0.659169
vt 0.355449 0.65331
vt 0.357402 0.651357
vt 0.342265 0.636219
vt 0.345683 0.635243
vt 0.349101 0.634754
vt 0.348613 0.626453
vt 0.344707 0.62743
vt 0.341288 0.622547
vt 0.346904 0.619617
vt 0.359355 0.350566
vt 0.358867 0.354472
vt 0.359844 0.353252
vt 0.521958 0.853023
vt 0.521958 0.854488
vt 0.525864 0.853511
vt 0.525864 0.854976
vt 0.525376 0.856441
vt 0.524888 0.858882
vt 0.522935 0.881344
vt 0.522446 0.9082
vt 0.522935 0.924802
vt 0.519517 0.934568
vt 0.523423 0.934568
vt 0.523423 0.938963
vt 0.516098 0.935545
vt 0.519517 0.938963
vt 0.523423 0.940428
vt 0.516587 0.939451
vt 0.51561 0.939451
vt 0.519517 0.940916
vt 0.523423 0.944823
vt 0.516587 0.941404
vt 0.51561 0.941404
vt 0.51561 0.941893
vt 0.516587 0.944334
vt 0.519517 0.945311
vt 0.523423 0.956542
vt 0.519517 0.956542
vt 0.522935 0.972655
vt 0.519028 0.972655
vt 0.775384 0.623524
vt 0.181982 0.681631
vt 0.180883 0.685537
vt 0.181005 0.685537
vt 0.183447 0.683096
vt 0.184057 0.686026
vt 0.180639 0.686026
vt 0.180517 0.686026
vt 0.180883 0.686514
vt 0.181005 0.686514
vt 0.183325 0.689444
vt 0.18186 0.69042
vt 0.181738 0.69042
vt 0.180517 0.694327
vt 0.180639 0.694327
vt 0.183081 0.691885
vt 0.183691 0.694815
vt 0.180273 0.694815
vt 0.180151 0.694815
vt 0.180517 0.695303
vt 0.180639 0.695303
vt 0.182958 0.697745
vt 0.181494 0.69921
vt 0.182226 0.645497
vt 0.183325 0.649403
vt 0.182348 0.645497
vt 0.184667 0.647938
vt 0.185522 0.645009
vt 0.182104 0.645009
vt 0.181982 0.645009
vt 0.182348 0.64452
vt 0.18247 0.64452
vt 0.18479 0.641591
vt 0.183447 0.640614
vt 0.182592 0.665029
vt 0.181494 0.668935
vt 0.181616 0.668935
vt 0.183935 0.666494
vt 0.184667 0.669424
vt 0.181249 0.669424
vt 0.181127 0.669424
vt 0.181371 0.6704
vt 0.181494 0.6704
vt 0.183813 0.672842
vt 0.18247 0.674306
vt 0.182836 0.656728
vt 0.181738 0.660634
vt 0.18186 0.660634
vt 0.184179 0.658193
vt 0.184912 0.661611
vt 0.181494 0.661611
vt 0.181371 0.661122
vt 0.181616 0.662099
vt 0.18186 0.662099
vt 0.184179 0.664541
vt 0.182714 0.666005
vt 0.183081 0.648915
vt 0.181982 0.652333
vt 0.182104 0.652333
vt 0.184545 0.649892
vt 0.185278 0.65331
vt 0.181738 0.65331
vt 0.181982 0.653798
vt 0.182104 0.653798
vt 0.184423 0.65624
vt 0.182958 0.657704
vt 0.183691 0.632313
vt 0.182592 0.636219
vt 0.182714 0.636219
vt 0.185034 0.633778
vt 0.185766 0.636708
vt 0.182348 0.636708
vt 0.182226 0.636708
vt 0.18247 0.637196
vt 0.182714 0.637196
vt 0.185034 0.639637
vt 0.183569 0.641102
vt 0.183935 0.624012
vt 0.182836 0.627918
vt 0.182958 0.627918
vt 0.1854 0.625477
vt 0.18601 0.628407
vt 0.182592 0.628407
vt 0.182836 0.628895
vt 0.182958 0.628895
vt 0.185278 0.631825
vt 0.183813 0.632801
vt 0.184179 0.615711
vt 0.183081 0.619617
vt 0.183325 0.619617
vt 0.185644 0.617176
vt 0.186377 0.620106
vt 0.182958 0.620106
vt 0.182836 0.620106
vt 0.183081 0.620594
vt 0.183203 0.620594
vt 0.185522 0.623524
vt 0.184057 0.6245
vt 0.184545 0.60741
vt 0.183447 0.611316
vt 0.183569 0.611316
vt 0.185888 0.608875
vt 0.186621 0.611805
vt 0.183203 0.611805
vt 0.183081 0.611805
vt 0.183325 0.612781
vt 0.183569 0.612781
vt 0.185888 0.615223
vt 0.184423 0.616688
vt 0.18479 0.599109
vt 0.183691 0.603015
vt 0.183813 0.603015
vt 0.186254 0.600574
vt 0.186865 0.603992
vt 0.183447 0.603504
vt 0.183325 0.603504
vt 0.183691 0.60448
vt 0.183813 0.60448
vt 0.186132 0.606922
vt 0.184667 0.608386
vt 0.185034 0.592273
vt 0.183935 0.596179
vt 0.184057 0.596179
vt 0.186377 0.593738
vt 0.187109 0.596667
vt 0.183691 0.596667
vt 0.183569 0.596667
vt 0.183935 0.597644
vt 0.184057 0.597644
vt 0.186377 0.600085
vt 0.184912 0.60155
vt 0.810053 0.995117
vt 0.809564 0.628407
vt 0.809076 0.995117
vt 0.810541 0.627918
vt 0.812006 0.62743
vt 0.811029 0.994629
vt 0.809076 0.620106
vt 0.814447 0.994629
vt 0.816401 0.899899
vt 0.816401 0.994629
vt 0.815912 0.626453
vt 0.810053 0.619617
vt 0.812983 0.616688
vt 0.814447 0.595691
vt 0.818354 0.575671
vt 0.799799 0.620106
vt 0.800287 0.628407
vt 0.791986 0.620106
vt 0.792474 0.628407
vt 0.794427 0.627918
vt 0.792474 0.965819
vt 0.794427 0.966796
vt 0.800287 0.967772
vt 0.78515 0.965331
vt 0.78515 0.964843
vt 0.784661 0.966796
vt 0.783197 0.961913
vt 0.771477 0.803705
vt 0.770989 0.776849
vt 0.770501 0.800287
vt 0.763665 0.773431
vt 0.763665 0.797357
vt 0.775872 0.962401
vt 0.763665 0.968749
vt 0.764641 0.798334
vt 0.77636 0.961425
vt 0.776849 0.961913
vt 0.762688 0.994629
vt 0.762688 0.969726
vt 0.748039 0.769524
vt 0.311014 0.34904
vt 0.311258 0.352947
vt 0.310526 0.351787
vt 0.780267 0.624012
vt 0.613269 0.569323
vt 0.610828 0.568834
vt 0.304178 0.768548
vt 0.321512 0.783197
vt 0.321757 0.783685
vt 0.321512 0.783685
vt 0.322733 0.762688
vt 0.301737 0.751457
vt 0.320536 0.746574
vt 0.297586 0.727531
vt 0.325175 0.760735
vt 0.328104 0.758782
vt 0.322977 0.745109
vt 0.331767 0.757317
vt 0.325663 0.743645
vt 0.319315 0.724113
vt 0.322245 0.723136
vt 0.316385 0.724601
vt 0.312723 0.707022
vt 0.294168 0.708487
vt 0.315653 0.706046
vt 0.318827 0.705557
vt 0.308817 0.687979
vt 0.290017 0.688467
vt 0.312235 0.687979
vt 0.315897 0.68749
vt 0.305643 0.6704
vt 0.286355 0.668935
vt 0.309305 0.670888
vt 0.313211 0.670888
vt 0.301737 0.652821
vt 0.282693 0.649892
vt 0.305887 0.653798
vt 0.310038 0.654286
vt 0.295389 0.638661
vt 0.279519 0.636708
vt 0.300027 0.639637
vt 0.304666 0.640126
vt 0.275369 0.623524
vt 0.275369 0.623035
vt 0.275613 0.623035
vt 0.275613 0.622547
vt 0.308573 0.640614
vt 0.313944 0.654775
vt 0.312723 0.640614
vt 0.316874 0.670888
vt 0.31785 0.655263
vt 0.318339 0.640614
vt 0.319315 0.687002
vt 0.320536 0.670888
vt 0.322733 0.655751
vt 0.32371 0.641102
vt 0.322245 0.705069
vt 0.322977 0.686514
vt 0.330546 0.641102
vt 0.32786 0.655751
vt 0.335673 0.656728
vt 0.325175 0.670888
vt 0.329569 0.670888
vt 0.339579 0.6704
vt 0.327128 0.686026
vt 0.331523 0.685537
vt 0.342509 0.684561
vt 0.325663 0.704581
vt 0.329569 0.704093
vt 0.33372 0.703116
vt 0.345439 0.701651
vt 0.325419 0.722648
vt 0.328837 0.721671
vt 0.329081 0.74218
vt 0.332499 0.721183
vt 0.335429 0.755852
vt 0.332499 0.740715
vt 0.338847 0.754875
vt 0.335917 0.739738
vt 0.342265 0.754387
vt 0.339091 0.73925
vt 0.336161 0.720695
vt 0.353008 0.750481
vt 0.350566 0.735832
vt 0.348125 0.71923
vt 0.321512 0.782708
vt 0.321268 0.782708
vt 0.305643 0.783685
vt 0.727531 0.697256
vt 0.733879 0.69628
vt 0.728019 0.69628
vt 0.727531 0.697745
vt 0.727531 0.698721
vt 0.727531 0.699698
vt 0.727531 0.700186
vt 0.728019 0.701163
vt 0.728507 0.701651
vt 0.729484 0.702139
vt 0.729972 0.702139
vt 0.730949 0.702628
vt 0.731925 0.702139
vt 0.732902 0.702139
vt 0.73339 0.701651
vt 0.733879 0.701163
vt 0.734367 0.700186
vt 0.734855 0.699698
vt 0.734855 0.698721
vt 0.734855 0.697745
vt 0.728507 0.695791
vt 0.73339 0.695791
vt 0.732902 0.695303
vt 0.729484 0.695303
vt 0.731925 0.694815
vt 0.729972 0.694815
vt 0.730949 0.694815
vt 0.734367 0.697256
vt 0.730949 0.693838
vt 0.731925 0.693838
vt 0.73339 0.694327
vt 0.729972 0.693838
vt 0.733879 0.694815
vt 0.728996 0.694327
vt 0.734855 0.695791
vt 0.728019 0.694815
vt 0.735343 0.696768
vt 0.727531 0.695791
vt 0.735832 0.697745
vt 0.726554 0.696768
vt 0.735832 0.698721
vt 0.726554 0.697745
vt 0.735832 0.699698
vt 0.726066 0.698721
vt 0.735343 0.700674
vt 0.726554 0.699698
vt 0.734855 0.701651
vt 0.726554 0.700674
vt 0.733879 0.702628
vt 0.727531 0.701651
vt 0.73339 0.703116
vt 0.728019 0.702628
vt 0.731925 0.703116
vt 0.728996 0.703116
vt 0.730949 0.703604
vt 0.729972 0.703116
vt 0.785638 0.623524
vt 0.499252 0.866695
vt 0.49852 0.859859
vt 0.49852 0.866207
vt 0.499985 0.867183
vt 0.500961 0.867183
vt 0.501938 0.867183
vt 0.502914 0.866695
vt 0.503403 0.866207
vt 0.504379 0.865719
vt 0.504868 0.864742
vt 0.504868 0.864254
vt 0.505356 0.863277
vt 0.504868 0.8623
vt 0.504868 0.861324
vt 0.504379 0.860347
vt 0.503403 0.859859
vt 0.502914 0.859371
vt 0.501938 0.858882
vt 0.500961 0.858882
vt 0.499985 0.858882
vt 0.499252 0.859371
vt 0.497787 0.865719
vt 0.497787 0.860347
vt 0.497299 0.861324
vt 0.497299 0.864742
vt 0.497055 0.864254
vt 0.497055 0.8623
vt 0.496811 0.863277
vt 0.384991 0.80224
vt 0.385235 0.800287
vt 0.730949 0.686514
vt 0.730949 0.688955
vt 0.733879 0.686514
vt 0.73339 0.688955
vt 0.73632 0.68749
vt 0.728996 0.688955
vt 0.728019 0.686514
vt 0.735343 0.689932
vt 0.738762 0.688955
vt 0.726554 0.689932
vt 0.725578 0.68749
vt 0.737297 0.690909
vt 0.740715 0.690909
vt 0.725089 0.690909
vt 0.723136 0.688955
vt 0.738762 0.692373
vt 0.74218 0.69335
vt 0.723624 0.692373
vt 0.721671 0.690909
vt 0.72216 0.694327
vt 0.720206 0.69335
vt 0.721671 0.69628
vt 0.71923 0.695791
vt 0.721183 0.698721
vt 0.718741 0.698721
vt 0.721671 0.700674
vt 0.71923 0.701651
vt 0.72216 0.703116
vt 0.720206 0.704093
vt 0.723624 0.704581
vt 0.721671 0.706534
vt 0.725089 0.706046
vt 0.723136 0.708487
vt 0.726554 0.707511
vt 0.725578 0.709952
vt 0.728996 0.707999
vt 0.728019 0.71044
vt 0.730949 0.708487
vt 0.730949 0.710929
vt 0.73339 0.707999
vt 0.733879 0.71044
vt 0.735343 0.707511
vt 0.73632 0.709952
vt 0.737297 0.706046
vt 0.738762 0.708487
vt 0.738762 0.704581
vt 0.740715 0.706534
vt 0.739738 0.703116
vt 0.74218 0.704093
vt 0.740715 0.700674
vt 0.743156 0.701651
vt 0.740715 0.698721
vt 0.743156 0.698721
vt 0.740715 0.69628
vt 0.743156 0.695791
vt 0.739738 0.694327
vt 0.496078 0.863277
vt 0.496323 0.861812
vt 0.496567 0.860836
vt 0.496323 0.864254
vt 0.497299 0.859859
vt 0.496567 0.86523
vt 0.498032 0.859371
vt 0.497299 0.866207
vt 0.499008 0.858882
vt 0.498032 0.866695
vt 0.499985 0.858394
vt 0.499008 0.867672
vt 0.500961 0.857906
vt 0.499985 0.867672
vt 0.501938 0.858394
vt 0.500961 0.86816
vt 0.502914 0.858882
vt 0.501938 0.867672
vt 0.503891 0.859371
vt 0.502914 0.867672
vt 0.504868 0.859859
vt 0.503891 0.866695
vt 0.505356 0.860836
vt 0.504868 0.866207
vt 0.505844 0.861812
vt 0.505356 0.86523
vt 0.505844 0.863277
vt 0.505844 0.864254
vt 0.181005 0.515122
vt 0.185644 0.514145
vt 0.190161 0.510727
vt 0.49559 0.863277
vt 0.495834 0.861812
vt 0.496078 0.860836
vt 0.495834 0.864254
vt 0.496811 0.859859
vt 0.496078 0.86523
vt 0.497787 0.858882
vt 0.496811 0.866695
vt 0.498764 0.858394
vt 0.497787 0.867183
vt 0.499741 0.857906
vt 0.498764 0.86816
vt 0.500961 0.857418
vt 0.499741 0.86816
vt 0.502426 0.857906
vt 0.500961 0.868648
vt 0.503403 0.858394
vt 0.502426 0.86816
vt 0.504379 0.858882
vt 0.503403 0.86816
vt 0.505356 0.859859
vt 0.504379 0.867183
vt 0.505844 0.860836
vt 0.505356 0.866695
vt 0.506333 0.861812
vt 0.505844 0.86523
vt 0.506333 0.863277
vt 0.506333 0.864254
vt 0.367901 0.601062
vt 0.368389 0.573229
vt 0.38963 0.559557
vt 0.368877 0.579577
vt 0.372295 0.576647
vt 0.381817 0.576159
vt 0.380108 0.569811
vt 0.390606 0.584948
vt 0.7163 0.438643
vt 0.7163 0.443098
vt 0.723624 0.438643
vt 0.723624 0.444319
vt 0.7163 0.444563
vt 0.723136 0.445296
vt 0.746574 0.725089
vt 0.745598 0.725089
vt 0.745598 0.757317
vt 0.74218 0.77929
vt 0.743156 0.725089
vt 0.738762 0.760247
vt 0.738762 0.77929
vt 0.739738 0.786615
vt 0.738273 0.791009
vt 0.493637 0.863277
vt 0.493881 0.861324
vt 0.494613 0.859859
vt 0.493881 0.864742
vt 0.495346 0.858394
vt 0.494613 0.866207
vt 0.496567 0.857418
vt 0.495346 0.867672
vt 0.497787 0.856441
vt 0.496567 0.868648
vt 0.499496 0.855953
vt 0.497787 0.869625
vt 0.500961 0.855953
vt 0.499496 0.870113
vt 0.502426 0.855953
vt 0.500961 0.870602
vt 0.504379 0.856441
vt 0.502426 0.870113
vt 0.505356 0.857418
vt 0.504379 0.869625
vt 0.506821 0.858394
vt 0.505356 0.868648
vt 0.507797 0.859859
vt 0.506821 0.867672
vt 0.508286 0.861324
vt 0.507797 0.866207
vt 0.508286 0.863277
vt 0.508286 0.864742
vt 0.63036 0.570299
vt 0.493149 0.863277
vt 0.493393 0.861324
vt 0.493881 0.859371
vt 0.493393 0.864742
vt 0.494858 0.857906
vt 0.493881 0.866695
vt 0.496078 0.856929
vt 0.494858 0.86816
vt 0.497543 0.855953
vt 0.496078 0.869137
vt 0.499252 0.855464
vt 0.497543 0.870113
vt 0.500961 0.854976
vt 0.499252 0.870602
vt 0.502914 0.855464
vt 0.500961 0.87109
vt 0.504379 0.855953
vt 0.502914 0.870602
vt 0.505844 0.856929
vt 0.504379 0.870113
vt 0.507309 0.857906
vt 0.505844 0.869137
vt 0.508286 0.859371
vt 0.507309 0.86816
vt 0.508774 0.861324
vt 0.508286 0.866695
vt 0.508774 0.863277
vt 0.508774 0.864742
vt 0.60448 0.033845
vt 0.603992 0.033876
vt 0.60448 0.035463
vt 0.603992 0.035463
vt 0.600085 0.035463
vt 0.600085 0.033876
vt 0.922361 0.618152
vt 0.746086 0.329508
vt 0.748039 0.423261
vt 0.718253 0.424055
vt 0.7163 0.330058
vt 0.608386 0.03058
vt 0.606922 0.029756
vt 0.60741 0.033357
vt 0.605457 0.033357
vt 0.60741 0.033876
vt 0.605457 0.033906
vt 0.604968 0.033235
vt 0.606433 0.029542
vt 0.95117 0.790521
vt 0.951659 0.788568
vt 0.944823 0.790521
vt 0.93994 0.674306
vt 0.940428 0.729484
vt 0.943846 0.709952
vt 0.93701 0.674795
vt 0.937498 0.707022
vt 0.936033 0.674795
vt 0.944334 0.729484
vt 0.941404 0.735832
vt 0.959471 0.392804
vt 0.966308 0.391766
vt 0.958983 0.391278
vt 0.966308 0.390118
vt 0.958983 0.385479
vt 0.966308 0.385479
vt 0.944334 0.737785
vt 0.944334 0.741203
vt 0.242775 0.596667
vt 0.247658 0.597644
vt 0.237892 0.594714
vt 0.141942 0.713858
vt 0.968749 0.760247
vt 0.182348 0.67333
vt 0.181371 0.677236
vt 0.183691 0.674795
vt 0.184423 0.677725
vt 0.183569 0.681143
vt 0.970702 0.988281
vt 0.970702 0.82519
vt 0.969726 0.824702
vt 0.608386 0.035493
vt 0.60741 0.035463
vt 0.605457 0.035401
vt 0.940916 0.953612
vt 0.145726 0.984863
vt 0.145116 0.983398
vt 0.144383 0.540025
vt 0.14011 0.540513
vt 0.13535 0.541002
vt 0.131077 0.54149
vt 0.126682 0.542467
vt 0.312479 0.36784
vt 0.311747 0.368328
vt 0.312723 0.368877
vt 0.311258 0.369366
vt 0.312723 0.371563
vt 0.310038 0.371746
vt 0.312723 0.375225
vt 0.309305 0.375225
vt 0.311258 0.38255
vt 0.312479 0.382305
vt 0.312479 0.383282
vt 0.311747 0.383709
vt 0.444319 0.070223
vt 0.438704 0.070223
vt 0.444319 0.222388
vt 0.44969 0.222388
vt 0.449934 0.070284
vt 0.438704 0.222388
vt 0.433088 0.070223
vt 0.433088 0.222388
vt 0.427229 0.070223
vt 0.427229 0.222388
vt 0.421369 0.070223
vt 0.421369 0.222388
vt 0.415265 0.070223
vt 0.415265 0.222388
vt 0.409406 0.070223
vt 0.409406 0.222388
vt 0.403546 0.070284
vt 0.403546 0.222388
vt 0.397931 0.070284
vt 0.397931 0.222388
vt 0.392315 0.070284
vt 0.392315 0.222388
vt 0.357646 0.354717
vt 0.312479 0.353496
vt 0.995605 0.770012
vt 0.986328 0.768548
vt 0.995605 0.60741
vt 0.997559 0.606433
vt 0.988281 0.606433
vt 0.774895 0.574694
vt 0.770012 0.576647
vt 0.770501 0.579577
vt 0.775872 0.580065
vt 0.769524 0.582995
vt 0.774407 0.585437
vt 0.767571 0.585437
vt 0.771477 0.589343
vt 0.76513 0.586901
vt 0.767083 0.592273
vt 0.761711 0.587878
vt 0.761711 0.592761
vt 0.758782 0.586901
vt 0.756828 0.591784
vt 0.75634 0.585437
vt 0.752434 0.588855
vt 0.754875 0.582995
vt 0.749992 0.58446
vt 0.754387 0.579577
vt 0.749504 0.579577
vt 0.405744 0.030824
vt 0.407208 0.046266
vt 0.406964 0.035188
vt 0.407697 0.029908
vt 0.407453 0.019257
vt 0.408185 0.020844
vt 0.408429 0.003082
vt 0.113315 0.537095
vt 0.972655 0.826167
vt 0.97998 0.82519
vt 0.159398 0.540025
vt 0.944334 0.794916
vt 0.944334 0.768059
vt 0.951659 0.764641
vt 0.933592 0.953124
vt 0.953124 0.95996
vt 0.954588 0.961425
vt 0.932127 0.958007
vt 0.916501 0.958007
vt 0.916501 0.618152
vt 0.454573 0.029847
vt 0.456282 0.044893
vt 0.455794 0.035524
vt 0.453352 0.048372
vt 0.454085 0.018372
vt 0.457259 0.05005
vt 0.673818 0.130955
vt 0.672842 0.130955
vt 0.669424 0.130833
vt 0.668447 0.131077
vt 0.666005 0.13126
vt 0.666494 0.119053
vt 0.642567 0.130467
vt 0.642567 0.118076
vt 0.641102 0.130039
vt 0.640126 0.129673
vt 0.636219 0.129429
vt 0.635731 0.129307
vt 0.899411 0.890133
vt 0.899411 0.984863
vt 0.189795 0.507309
vt 0.18955 0.508286
vt 0.20188 0.505356
vt 0.138157 0.510239
vt 0.139012 0.509751
vt 0.158055 0.541002
vt 0.31492 0.359111
vt 0.456282 0.003021
vt 0.456526 0.020783
vt 0.457259 0.019196
vt 0.457015 0.029878
vt 0.458968 0.030732
vt 0.457991 0.035127
vt 0.459456 0.04648
vt 0.458724 0.044771
vt 0.458968 0.048433
vt 0.58739 0.157018
vt 0.588366 0.157018
vt 0.586413 0.070894
vt 0.588855 0.212867
vt 0.290017 0.588855
vt 0.289041 0.588366
vt 0.238014 0.591296
vt 0.238258 0.591784
vt 0.225318 0.590808
vt 0.358379 0.383038
vt 0.358623 0.381817
vt 0.357402 0.382794
vt 0.357402 0.381573
vt 0.356914 0.374737
vt 0.360332 0.374493
vt 0.359355 0.371075
vt 0.356914 0.371075
vt 0.358135 0.368572
vt 0.35667 0.368328
vt 0.357646 0.367656
vt 0.35667 0.367412
vt 0.623035 0.116489
vt 0.623035 0.114841
vt 0.623035 0.023103
vt 0.623035 0.022004
vt 0.816889 0.99414
vt 0.410138 0.029908
vt 0.410871 0.018403
vt 0.22544 0.593738
vt 0.219947 0.594226
vt 0.216285 0.590808
vt 0.213965 0.593738
vt 0.212867 0.59032
vt 0.211768 0.593738
vt 0.757805 0.548814
vt 0.758782 0.542467
vt 0.761711 0.549303
vt 0.762688 0.542955
vt 0.766106 0.549791
vt 0.766594 0.542955
vt 0.770501 0.550279
vt 0.770989 0.543443
vt 0.775384 0.550279
vt 0.775384 0.543443
vt 0.779778 0.550279
vt 0.779778 0.543443
vt 0.784661 0.550279
vt 0.784173 0.543443
vt 0.987793 0.606922
vt 0.983886 0.683096
vt 0.983886 0.7163
vt 0.644032 0.560045
vt 0.256081 0.652821
vt 0.253883 0.665029
vt 0.252907 0.668935
vt 0.275857 0.624012
vt 0.774407 0.428938
vt 0.775384 0.4326
vt 0.77636 0.427961
vt 0.776849 0.430586
vt 0.496567 0.97705
vt 0.496567 0.980956
vt 0.497299 0.977538
vt 0.495834 0.980956
vt 0.495834 0.97705
vt 0.494369 0.988769
vt 0.497299 0.981445
vt 0.495102 0.988769
vt 0.49559 0.988769
vt 0.494613 0.993164
vt 0.493881 0.993164
vt 0.493149 0.993164
vt 0.156224 0.540513
vt 0.181738 0.582507
vt 0.178564 0.570788
vt 0.183203 0.586413
vt 0.254372 0.539537
vt 0.257057 0.544908
vt 0.259011 0.549791
vt 0.354717 0.360027
vt 0.68749 0.02356
vt 0.68749 0.024628
vt 0.68749 0.116367
vt 0.68749 0.117954
vt 0.982421 0.824702
vt 0.166723 0.531724
vt 0.083895 0.540025
vt 0.08414 0.508774
vt 0.090243 0.547838
vt 0.084567 0.545885
vt 0.08005 0.54442
vt 0.083346 0.552232
vt 0.087436 0.553209
vt 0.090732 0.56151
vt 0.087069 0.56151
vt 0.083651 0.561022
vt 0.077181 0.5786
vt 0.079257 0.580554
vt 0.073336 0.589831
vt 0.079928 0.585925
vt 0.072237 0.603504
vt 0.069063 0.605945
vt 0.064669 0.628895
vt 0.06766 0.637196
vt 0.065645 0.639149
vt 0.061647 0.65038
vt 0.058718 0.671377
vt 0.060518 0.682119
vt 0.056673 0.697256
vt 0.062136 0.694327
vt 0.05826 0.71923
vt 0.055727 0.718253
vt 0.055086 0.730461
vt 0.055513 0.742668
vt 0.05707 0.728996
vt 0.05826 0.742668
vt 0.062532 0.731925
vt 0.071017 0.734367
vt 0.069918 0.741691
vt 0.111545 0.711417
vt 0.143529 0.711417
vt 0.148167 0.726554
vt 0.166723 0.561998
vt 0.169652 0.563463
vt 0.16953 0.537095
vt 0.171972 0.529771
vt 0.146825 0.712394
vt 0.149632 0.715323
vt 0.150609 0.726554
vt 0.178686 0.5244
vt 0.152196 0.720695
vt 0.154027 0.726066
vt 0.15244 0.71337
vt 0.184667 0.519517
vt 0.190283 0.511216
vt 0.155126 0.720206
vt 0.160009 0.720695
vt 0.160375 0.726554
vt 0.15952 0.712394
vt 0.163305 0.711905
vt 0.165624 0.721183
vt 0.166601 0.727531
vt 0.166967 0.712394
vt 0.169164 0.721671
vt 0.173315 0.728019
vt 0.170507 0.712882
vt 0.187964 0.585925
vt 0.186987 0.581042
vt 0.189795 0.582507
vt 0.193335 0.583483
vt 0.177099 0.692373
vt 0.176 0.712882
vt 0.199438 0.583972
vt 0.186132 0.713858
vt 0.205542 0.584948
vt 0.181127 0.71337
vt 0.179785 0.723624
vt 0.17478 0.723136
vt 0.179296 0.728507
vt 0.598621 0.558092
vt 0.213965 0.505356
vt 0.226173 0.509751
vt 0.226783 0.506333
vt 0.213599 0.502426
vt 0.212745 0.505844
vt 0.210303 0.503403
vt 0.207373 0.507309
vt 0.202124 0.507797
vt 0.273904 0.549791
vt 0.276101 0.544908
vt 0.277078 0.623035
vt 0.217261 0.774895
vt 0.189428 0.732414
vt 0.191015 0.73632
vt 0.215064 0.774895
vt 0.191626 0.740715
vt 0.191626 0.748527
vt 0.209571 0.774407
vt 0.191137 0.752922
vt 0.190649 0.757317
vt 0.204443 0.773919
vt 0.190039 0.760247
vt 0.19834 0.77636
vt 0.188696 0.764641
vt 0.408918 0.035493
vt 0.193579 0.972655
vt 0.193457 0.973144
vt 0.269265 0.525376
vt 0.269753 0.516587
vt 0.548326 0.095126
vt 0.548814 0.09476
vt 0.549303 0.212867
vt 0.181494 0.887204
vt 0.186865 0.903806
vt 0.18186 0.878414
vt 0.182958 0.869137
vt 0.183081 0.860836
vt 0.179907 0.87402
vt 0.178442 0.880367
vt 0.17832 0.870602
vt 0.180761 0.859859
vt 0.1854 0.858882
vt 0.178686 0.859859
vt 0.187231 0.854488
vt 0.179662 0.856441
vt 0.189306 0.84228
vt 0.181371 0.805658
vt 0.194189 0.783197
vt 0.180761 0.787591
vt 0.157689 0.761711
vt 0.150365 0.777825
vt 0.159398 0.766106
vt 0.144139 0.77636
vt 0.156835 0.758782
vt 0.172216 0.568834
vt 0.176489 0.537584
vt 0.186254 0.5786
vt 0.186499 0.570299
vt 0.183569 0.569323
vt 0.182348 0.567858
vt 0.183447 0.565905
vt 0.181738 0.557604
vt 0.186987 0.565416
vt 0.187475 0.560045
vt 0.18833 0.551744
vt 0.183569 0.541978
vt 0.189306 0.547838
vt 0.176244 0.562487
vt 0.189428 0.540513
vt 0.184912 0.53563
vt 0.190771 0.535142
vt 0.179662 0.537584
vt 0.193457 0.531236
vt 0.180639 0.533677
vt 0.186377 0.530259
vt 0.188574 0.525864
vt 0.195532 0.526353
vt 0.182714 0.528306
vt 0.177221 0.533189
vt 0.173193 0.537095
vt 0.174535 0.531724
vt 0.179296 0.528306
vt 0.187719 0.519517
vt 0.191748 0.520005
vt 0.197241 0.510727
vt 0.197729 0.520493
vt 0.203833 0.511704
vt 0.120334 0.53563
vt 0.45555 0.222388
vt 0.45555 0.070284
vt 0.461165 0.222388
vt 0.461409 0.070284
vt 0.467269 0.222388
vt 0.467269 0.070284
vt 0.473128 0.222388
vt 0.473373 0.070284
vt 0.478988 0.222388
vt 0.479232 0.070284
vt 0.484848 0.222388
vt 0.485092 0.070284
vt 0.490707 0.070345
vt 0.156102 0.539048
vt 0.348613 0.488937
vt 0.349345 0.51854
vt 0.350078 0.527329
vt 0.759758 0.53563
vt 0.763176 0.540025
vt 0.763665 0.536119
vt 0.762688 0.541002
vt 0.767083 0.54149
vt 0.767083 0.540025
vt 0.767571 0.536119
vt 0.770989 0.541978
vt 0.771477 0.540513
vt 0.771477 0.536607
vt 0.775384 0.541978
vt 0.775384 0.540513
vt 0.775384 0.536607
vt 0.779778 0.541978
vt 0.779778 0.540513
vt 0.784173 0.541978
vt 0.779778 0.536607
vt 0.784173 0.540513
vt 0.783685 0.536607
vt 0.594714 0.017609
vt 0.596667 0.019776
vt 0.598621 0.019532
vt 0.599597 0.017335
vt 0.597644 0.014832
vt 0.599109 0.015564
vt 0.595691 0.015229
vt 0.239357 0.510727
vt 0.240822 0.507797
vt 0.226661 0.506333
vt 0.149266 0.878414
vt 0.151341 0.87402
vt 0.150487 0.859859
vt 0.152928 0.870113
vt 0.152806 0.880367
vt 0.152684 0.859371
vt 0.149876 0.887692
vt 0.152318 0.88818
vt 0.144749 0.904782
vt 0.148167 0.869137
vt 0.142186 0.916501
vt 0.148045 0.860836
vt 0.151463 0.896481
vt 0.145848 0.857906
vt 0.150243 0.907224
vt 0.140599 0.919919
vt 0.144261 0.853511
vt 0.148045 0.920408
vt 0.151708 0.855953
vt 0.142674 0.841304
vt 0.151952 0.804682
vt 0.139866 0.78222
vt 0.153172 0.787103
vt 0.147313 0.922849
vt 0.147435 0.926267
vt 0.14182 0.927244
vt 0.145482 0.930174
vt 0.149876 0.932615
vt 0.15244 0.938475
vt 0.144505 0.932615
vt 0.147923 0.937498
vt 0.153783 0.942869
vt 0.14658 0.941893
vt 0.276589 0.62157
vt 0.139012 0.776849
vt 0.156102 0.754387
vt 0.155126 0.749992
vt 0.133518 0.777825
vt 0.154637 0.742668
vt 0.154881 0.737785
vt 0.131199 0.778314
vt 0.156224 0.733879
vt 0.361797 0.488266
vt 0.664052 0.025666
vt 0.666494 0.022248
vt 0.645497 0.025178
vt 0.643055 0.021546
vt 0.23777 0.595203
vt 0.977538 0.815912
vt 0.983886 0.815912
vt 0.978027 0.815424
vt 0.141453 0.678701
vt 0.14243 0.651357
vt 0.143284 0.630848
vt 0.145116 0.609363
vt 0.146336 0.588855
vt 0.147435 0.568346
vt 0.150731 0.553209
vt 0.747551 0.725089
vt 0.365459 0.541002
vt 0.364483 0.546861
vt 0.935057 0.674795
vt 0.452864 0.043825
vt 0.746574 0.768548
vt 0.761711 0.970702
vt 0.761223 0.994629
vt 0.727042 0.626942
vt 0.280007 0.634754
vt 0.283181 0.648427
vt 0.287088 0.667959
vt 0.290506 0.687979
vt 0.294412 0.708975
vt 0.298318 0.728996
vt 0.302469 0.75341
vt 0.305155 0.770012
vt 0.342265 0.547349
vt 0.3408 0.54149
vt 0.340068 0.538072
vt 0.338359 0.520005
vt 0.761223 0.621082
vt 0.759758 0.621082
vt 0.351299 0.618152
vt 0.346904 0.614734
vt 0.346171 0.584948
vt 0.258522 0.610828
vt 0.251198 0.605945
vt 0.26194 0.617664
vt 0.256325 0.612781
vt 0.266579 0.643055
vt 0.263894 0.64452
vt 0.258522 0.618152
vt 0.251198 0.609851
vt 0.244728 0.602527
vt 0.254128 0.614734
vt 0.248024 0.610828
vt 0.241798 0.603015
vt 0.255593 0.618641
vt 0.250954 0.615711
vt 0.23777 0.603504
vt 0.230567 0.595691
vt 0.232154 0.605457
vt 0.224219 0.597644
vt 0.235328 0.610828
vt 0.24192 0.608875
vt 0.238014 0.614734
vt 0.24485 0.612781
vt 0.247047 0.618152
vt 0.241188 0.618641
vt 0.243263 0.623524
vt 0.252419 0.619617
vt 0.249123 0.624012
vt 0.244484 0.630848
vt 0.24546 0.634266
vt 0.25779 0.644032
vt 0.252174 0.639637
vt 0.246681 0.642567
vt 0.247536 0.647938
vt 0.250954 0.648427
vt 0.252174 0.649892
vt 0.250954 0.651357
vt 0.248146 0.652821
vt 0.249001 0.661122
vt 0.262185 0.649892
vt 0.300272 0.791498
vt 0.2949 0.793451
vt 0.29783 0.794427
vt 0.298318 0.805658
vt 0.296121 0.800287
vt 0.288064 0.792962
vt 0.293191 0.800287
vt 0.288552 0.801263
vt 0.284158 0.792962
vt 0.28074 0.793451
vt 0.282937 0.80224
vt 0.279519 0.803217
vt 0.277322 0.794427
vt 0.242531 0.666494
vt 0.227027 0.504379
vt 0.181616 0.502426
vt 0.142308 0.506821
vt 0.202979 0.500961
vt 0.216285 0.500961
vt 0.237648 0.506333
vt 0.245582 0.584948
vt 0.285623 0.585437
vt 0.223853 0.586901
vt 0.211768 0.586901
vt 0.326395 0.480941
vt 0.338115 0.481368
vt 0.331523 0.477462
vt 0.338359 0.479232
vt 0.345195 0.478256
vt 0.349834 0.481857
vt 0.338603 0.4738
vt 0.338847 0.469222
vt 0.325419 0.474044
vt 0.32078 0.468978
vt 0.324686 0.467025
vt 0.331278 0.46849
vt 0.338847 0.468978
vt 0.338847 0.468734
vt 0.346171 0.469222
vt 0.351543 0.475326
vt 0.353008 0.468245
vt 0.35667 0.470687
vt 0.54149 0.094943
vt 0.541978 0.212867
vt 0.541002 0.093478
vt 0.548326 0.093478
vt 0.534654 0.095065
vt 0.535142 0.212867
vt 0.530259 0.212745
vt 0.534165 0.093478
vt 0.529771 0.094699
vt 0.525864 0.212622
vt 0.525864 0.094211
vt 0.529283 0.093417
vt 0.533677 0.090609
vt 0.541002 0.090609
vt 0.548326 0.090609
vt 0.529283 0.089694
vt 0.533677 0.083956
vt 0.540513 0.084017
vt 0.548326 0.083956
vt 0.540513 0.071078
vt 0.548326 0.071017
vt 0.533677 0.071017
vt 0.529283 0.071017
vt 0.525864 0.071017
vt 0.522446 0.071017
vt 0.522446 0.212622
vt 0.510239 0.071017
vt 0.510239 0.15714
vt 0.509751 0.212989
vt 0.179052 0.887692
vt 0.189917 0.915036
vt 0.180151 0.895993
vt 0.181738 0.906735
vt 0.19126 0.921384
vt 0.184057 0.921384
vt 0.184667 0.923338
vt 0.18955 0.92822
vt 0.185888 0.930662
vt 0.184301 0.927244
vt 0.181738 0.932615
vt 0.179296 0.937986
vt 0.186743 0.933103
vt 0.183325 0.937498
vt 0.178198 0.941893
vt 0.184545 0.940916
vt 0.183447 0.949217
vt 0.178564 0.945799
vt 0.184912 0.952147
vt 0.182348 0.954588
vt 0.179662 0.95117
vt 0.181127 0.956053
vt 0.183447 0.963378
vt 0.186377 0.958983
vt 0.1854 0.967284
vt 0.18479 0.968749
vt 0.190405 0.960448
vt 0.188696 0.970214
vt 0.187353 0.974609
vt 0.185766 0.974609
vt 0.187109 0.979492
vt 0.189673 0.985839
vt 0.189062 0.989746
vt 0.192114 0.978515
vt 0.194189 0.972167
vt 0.199072 0.967772
vt 0.933592 0.517563
vt 0.930662 0.517563
vt 0.933592 0.537095
vt 0.930662 0.537095
vt 0.936033 0.537095
vt 0.93115 0.498032
vt 0.933592 0.498032
vt 0.92822 0.498032
vt 0.936033 0.517563
vt 0.938963 0.537095
vt 0.936033 0.498032
vt 0.92822 0.517563
vt 0.925779 0.498032
vt 0.92822 0.537095
vt 0.925779 0.517563
vt 0.925779 0.537095
vt 0.938963 0.517563
vt 0.938963 0.497787
vt 0.771477 0.777825
vt 0.14182 0.697745
vt 0.443587 0.239418
vt 0.442122 0.239601
vt 0.442122 0.261208
vt 0.443098 0.26194
vt 0.442122 0.44554
vt 0.766106 0.620594
vt 0.764641 0.621082
vt 0.302469 0.790521
vt 0.367168 0.520005
vt 0.576159 0.212622
vt 0.574206 0.071017
vt 0.571276 0.094211
vt 0.571276 0.071017
vt 0.572741 0.212622
vt 0.567858 0.089694
vt 0.567858 0.071017
vt 0.566881 0.094699
vt 0.568346 0.212745
vt 0.56737 0.093417
vt 0.563463 0.084017
vt 0.563463 0.071017
vt 0.556139 0.071078
vt 0.562487 0.095065
vt 0.563463 0.212745
vt 0.556627 0.212867
vt 0.562975 0.093478
vt 0.55565 0.094882
vt 0.548326 0.09476
vt 0.556139 0.093478
vt 0.563463 0.090609
vt 0.556139 0.090609
vt 0.556139 0.084017
vt 0.770989 0.62157
vt 0.769524 0.62157
vt 0.19895 0.522446
vt 0.209326 0.534654
vt 0.207739 0.538072
vt 0.212622 0.529771
vt 0.206519 0.541002
vt 0.207007 0.521958
vt 0.193213 0.53563
vt 0.205786 0.543931
vt 0.21128 0.516587
vt 0.21836 0.522446
vt 0.191992 0.54149
vt 0.205298 0.546861
vt 0.204199 0.551744
vt 0.210303 0.510239
vt 0.218238 0.512192
vt 0.224586 0.513657
vt 0.23899 0.619617
vt 0.226783 0.62743
vt 0.22776 0.629871
vt 0.240944 0.6245
vt 0.225318 0.6245
vt 0.228492 0.632801
vt 0.230201 0.636708
vt 0.223487 0.62157
vt 0.2313 0.60741
vt 0.219825 0.617664
vt 0.223487 0.608875
vt 0.21836 0.60448
vt 0.213233 0.611805
vt 0.217627 0.597644
vt 0.210791 0.602039
vt 0.20542 0.605945
vt 0.203101 0.603992
vt 0.148167 0.95117
vt 0.153539 0.947264
vt 0.146702 0.955077
vt 0.150365 0.957518
vt 0.152928 0.953124
vt 0.152196 0.958983
vt 0.151708 0.968749
vt 0.146825 0.964354
vt 0.150853 0.973632
vt 0.15244 0.975097
vt 0.142186 0.966796
vt 0.15244 0.98291
vt 0.154027 0.981445
vt 0.155492 0.987793
vt 0.156957 0.995117
vt 0.160009 0.984863
vt 0.148412 0.979003
vt 0.149998 0.989746
vt 0.14536 0.986816
vt 0.132786 0.97998
vt 0.140843 0.984375
vt 0.14304 0.98291
vt 0.144627 0.983398
vt 0.144993 0.983886
vt 0.252663 0.536119
vt 0.166356 0.919431
vt 0.166234 0.920896
vt 0.166478 0.917478
vt 0.371807 0.622059
vt 0.127293 0.534165
vt 0.727531 0.438398
vt 0.727531 0.439192
vt 0.627918 0.570299
vt 0.490951 0.916013
vt 0.490219 0.925291
vt 0.775872 0.622059
vt 0.774407 0.622059
vt 0.607898 0.033723
vt 0.608875 0.035493
vt 0.610828 0.032685
vt 0.611316 0.03473
vt 0.780755 0.622059
vt 0.77929 0.622059
vt 0.372539 0.554186
vt 0.375958 0.547838
vt 0.369854 0.552721
vt 0.37376 0.545396
vt 0.21836 0.774407
vt 0.255104 0.554674
vt 0.256813 0.552232
vt 0.248878 0.551256
vt 0.249489 0.547838
vt 0.764641 0.432844
vt 0.76513 0.429182
vt 0.763176 0.431074
vt 0.762688 0.428449
vt 0.786126 0.62157
vt 0.784661 0.62157
vt 0.248512 0.664052
vt 0.132542 0.533677
vt 0.917966 0.497787
vt 0.915525 0.497787
vt 0.917966 0.517563
vt 0.915036 0.517563
vt 0.913083 0.497787
vt 0.920408 0.517563
vt 0.920896 0.498032
vt 0.917478 0.537095
vt 0.920408 0.537095
vt 0.922849 0.537095
vt 0.922849 0.517563
vt 0.923338 0.498032
vt 0.915036 0.537095
vt 0.917478 0.556627
vt 0.915036 0.556627
vt 0.912595 0.517563
vt 0.912595 0.537095
vt 0.912107 0.556627
vt 0.910154 0.517075
vt 0.909665 0.537095
vt 0.909665 0.556627
vt 0.907224 0.517075
vt 0.904782 0.517075
vt 0.907224 0.536607
vt 0.907224 0.556627
vt 0.904782 0.536607
vt 0.4326 0.050508
vt 0.4326 0.049989
vt 0.4326 0.049165
vt 0.4326 0.048372
vt 0.432356 0.046815
vt 0.412091 0.043886
vt 0.432356 0.044618
vt 0.432356 0.041322
vt 0.432356 0.021241
vt 0.45262 0.003815
vt 0.432356 0.003784
vt 0.412336 0.003845
vt 0.438704 0.380047
vt 0.438704 0.422101
vt 0.43968 0.380047
vt 0.437239 0.370098
vt 0.436018 0.379131
vt 0.429182 0.378887
vt 0.438704 0.328349
vt 0.429426 0.364971
vt 0.420148 0.37199
vt 0.420148 0.378887
vt 0.411115 0.378887
vt 0.420148 0.364971
vt 0.411115 0.364971
vt 0.420148 0.352947
vt 0.403058 0.370098
vt 0.404279 0.379376
vt 0.401837 0.380291
vt 0.400616 0.380047
vt 0.401837 0.328349
vt 0.420148 0.325602
vt 0.723624 0.444075
vt 0.27488 0.487045
vt 0.280984 0.51854
vt 0.279763 0.536119
vt 0.278542 0.540025
vt 0.420148 0.296609
vt 0.420148 0.259987
vt 0.398175 0.261208
vt 0.420148 0.243202
vt 0.398175 0.445784
vt 0.398175 0.239601
vt 0.420148 0.242958
vt 0.420148 0.239601
vt 0.400861 0.431867
vt 0.401593 0.422101
vt 0.420148 0.426679
vt 0.420148 0.422101
vt 0.420148 0.431867
vt 0.43968 0.431867
vt 0.420148 0.438154
vt 0.420392 0.471419
vt 0.446516 0.5244
vt 0.443342 0.445967
vt 0.446272 0.445967
vt 0.420392 0.481857
vt 0.420392 0.5244
vt 0.394513 0.5244
vt 0.396954 0.445967
vt 0.394269 0.445967
vt 0.147191 0.720206
vt 0.943846 0.768548
vt 0.137913 0.533189
vt 0.143529 0.532701
vt 0.278298 0.539537
vt 0.275613 0.544908
vt 0.149266 0.532212
vt 0.97705 0.815424
vt 0.741691 0.528794
vt 0.745109 0.530259
vt 0.748527 0.531236
vt 0.752434 0.532212
vt 0.75634 0.533189
vt 0.760247 0.533677
vt 0.763665 0.534165
vt 0.767571 0.534654
vt 0.771477 0.534654
vt 0.775384 0.535142
vt 0.779778 0.535142
vt 0.783685 0.535142
vt 0.787591 0.534654
vt 0.788079 0.536119
vt 0.791498 0.534165
vt 0.791986 0.53563
vt 0.794916 0.533189
vt 0.795404 0.535142
vt 0.798822 0.533677
vt 0.798334 0.532212
vt 0.802728 0.532212
vt 0.801752 0.530747
vt 0.1583 0.532212
vt 0.7622 0.685049
vt 0.7622 0.622547
vt 0.489975 0.938963
vt 0.489975 0.93994
vt 0.487289 0.925291
vt 0.489975 0.944334
vt 0.486312 0.938963
vt 0.486312 0.93994
vt 0.490219 0.955565
vt 0.490707 0.972167
vt 0.486312 0.944334
vt 0.486557 0.955565
vt 0.486801 0.972167
vt 0.4785 0.944334
vt 0.478744 0.955565
vt 0.478988 0.972655
vt 0.474105 0.955565
vt 0.474349 0.972655
vt 0.474105 0.943846
vt 0.474105 0.93994
vt 0.478744 0.93994
vt 0.474105 0.938475
vt 0.478744 0.938475
vt 0.479476 0.924802
vt 0.475082 0.924314
vt 0.48265 0.885739
vt 0.478011 0.885739
vt 0.481918 0.865719
vt 0.477523 0.865719
vt 0.481674 0.8623
vt 0.477279 0.8623
vt 0.481674 0.860347
vt 0.477035 0.860836
vt 0.477035 0.858882
vt 0.481674 0.858882
vt 0.481429 0.857906
vt 0.477035 0.857906
vt 0.481185 0.855953
vt 0.476791 0.855953
vt 0.767571 0.683096
vt 0.767571 0.622547
vt 0.973632 0.764153
vt 0.973632 0.767571
vt 0.97412 0.767083
vt 0.771966 0.682119
vt 0.771966 0.623035
vt 0.788568 0.54149
vt 0.789056 0.542955
vt 0.792962 0.541002
vt 0.793451 0.542467
vt 0.797357 0.540025
vt 0.797845 0.54149
vt 0.801752 0.540513
vt 0.801263 0.53856
vt 0.806146 0.53856
vt 0.80517 0.537095
vt 0.25193 0.51854
vt 0.257546 0.487533
vt 0.776849 0.680654
vt 0.776849 0.623524
vt 0.763176 0.573229
vt 0.762688 0.579577
vt 0.766106 0.573717
vt 0.766106 0.572253
vt 0.763176 0.571764
vt 0.768548 0.574206
vt 0.760247 0.572741
vt 0.768059 0.575182
vt 0.760247 0.573717
vt 0.757317 0.574206
vt 0.769524 0.577624
vt 0.770012 0.579577
vt 0.769036 0.582018
vt 0.757317 0.575182
vt 0.755364 0.576647
vt 0.767571 0.58446
vt 0.755852 0.577624
vt 0.76513 0.585925
vt 0.755364 0.579577
vt 0.755364 0.582018
vt 0.7622 0.586413
vt 0.756828 0.583972
vt 0.75927 0.585437
vt 0.791009 0.466536
vt 0.788079 0.443342
vt 0.750481 0.465743
vt 0.751457 0.436262
vt 0.786126 0.43083
vt 0.753899 0.430586
vt 0.781732 0.680166
vt 0.781732 0.624012
vt 0.992676 0.988281
vt 0.992676 0.983886
vt 0.991699 0.988281
vt 0.158788 0.533189
vt 0.787591 0.679189
vt 0.787591 0.623524
vt 0.975585 0.605945
vt 0.976074 0.766594
vt 0.981933 0.606922
vt 0.981933 0.766594
vt 0.97412 0.605945
vt 0.973632 0.605945
vt 0.992676 0.824702
vt 0.991699 0.82519
vt 0.362285 0.488754
vt 0.248146 0.668935
vt 0.245827 0.665517
vt 0.271706 0.794427
vt 0.268777 0.806146
vt 0.266579 0.795404
vt 0.273904 0.804682
vt 0.269753 0.811029
vt 0.275857 0.810053
vt 0.175024 0.605945
vt 0.174657 0.610828
vt 0.168432 0.61034
vt 0.168432 0.605945
vt 0.174535 0.611805
vt 0.168432 0.611805
vt 0.162328 0.610828
vt 0.161962 0.605945
vt 0.16245 0.611805
vt 0.168432 0.613269
vt 0.162328 0.613269
vt 0.174657 0.613269
vt 0.174902 0.617664
vt 0.168432 0.617664
vt 0.162084 0.617664
vt 0.152562 0.616688
vt 0.153661 0.612781
vt 0.153417 0.612781
vt 0.151097 0.615223
vt 0.150365 0.612293
vt 0.153783 0.611805
vt 0.153905 0.611805
vt 0.153417 0.611316
vt 0.151097 0.608875
vt 0.15244 0.60741
vt 0.153539 0.611316
vt 0.175146 0.597644
vt 0.17478 0.602527
vt 0.168432 0.602039
vt 0.168432 0.597644
vt 0.174657 0.603504
vt 0.168432 0.603504
vt 0.162206 0.602527
vt 0.16184 0.597644
vt 0.162328 0.603504
vt 0.168432 0.604968
vt 0.162206 0.604968
vt 0.17478 0.604968
vt 0.175024 0.609363
vt 0.168432 0.609363
vt 0.161962 0.609363
vt 0.152318 0.608386
vt 0.153294 0.60448
vt 0.153172 0.60448
vt 0.150853 0.606922
vt 0.149998 0.603992
vt 0.153417 0.603992
vt 0.153539 0.603504
vt 0.15305 0.603015
vt 0.150731 0.600574
vt 0.152196 0.599109
vt 0.153294 0.603015
vt 0.175268 0.590808
vt 0.17478 0.595203
vt 0.168432 0.595203
vt 0.168432 0.590808
vt 0.174657 0.596667
vt 0.168432 0.596667
vt 0.162084 0.595691
vt 0.161718 0.590808
vt 0.162206 0.596667
vt 0.168432 0.598132
vt 0.162084 0.598132
vt 0.17478 0.598132
vt 0.175146 0.602527
vt 0.168432 0.602527
vt 0.16184 0.602527
vt 0.152074 0.60155
vt 0.15305 0.597644
vt 0.152928 0.597644
vt 0.150609 0.600085
vt 0.149754 0.597156
vt 0.153172 0.596667
vt 0.153294 0.596667
vt 0.152806 0.596179
vt 0.150487 0.593738
vt 0.151952 0.592273
vt 0.15305 0.596179
vt 0.152318 0.647938
vt 0.153783 0.649403
vt 0.154637 0.645497
vt 0.151585 0.645009
vt 0.154759 0.645497
vt 0.155004 0.645009
vt 0.154637 0.64452
vt 0.152196 0.642079
vt 0.153661 0.640614
vt 0.154759 0.64452
vt 0.16245 0.639149
vt 0.155126 0.645009
vt 0.162816 0.643544
vt 0.168554 0.638661
vt 0.162938 0.645009
vt 0.162816 0.645985
vt 0.162572 0.65038
vt 0.168554 0.643544
vt 0.174535 0.639149
vt 0.168554 0.645009
vt 0.168554 0.645985
vt 0.168554 0.650868
vt 0.174169 0.643544
vt 0.174047 0.645009
vt 0.174169 0.645985
vt 0.174535 0.65038
vt 0.174047 0.680166
vt 0.173681 0.684561
vt 0.168554 0.684561
vt 0.168554 0.680166
vt 0.173559 0.686026
vt 0.168554 0.686026
vt 0.163549 0.684561
vt 0.16306 0.680166
vt 0.163671 0.686026
vt 0.168554 0.68749
vt 0.163549 0.68749
vt 0.173559 0.68749
vt 0.174047 0.691885
vt 0.168554 0.691885
vt 0.16306 0.691885
vt 0.155248 0.69042
vt 0.156346 0.686514
vt 0.156102 0.686514
vt 0.153783 0.689444
vt 0.15305 0.686026
vt 0.156468 0.686026
vt 0.15659 0.686026
vt 0.156102 0.685537
vt 0.153783 0.683096
vt 0.155126 0.681631
vt 0.156224 0.685537
vt 0.174169 0.671865
vt 0.173681 0.67626
vt 0.168554 0.67626
vt 0.168554 0.671865
vt 0.173681 0.677725
vt 0.168554 0.677725
vt 0.163427 0.67626
vt 0.162938 0.671865
vt 0.163549 0.677725
vt 0.168554 0.679189
vt 0.163427 0.679189
vt 0.173681 0.679189
vt 0.174169 0.683584
vt 0.168554 0.683584
vt 0.162938 0.683584
vt 0.154881 0.682119
vt 0.15598 0.678701
vt 0.155858 0.678701
vt 0.153539 0.681143
vt 0.152684 0.677725
vt 0.156224 0.677725
vt 0.155736 0.677236
vt 0.153417 0.674795
vt 0.154759 0.67333
vt 0.15598 0.677236
vt 0.174291 0.663564
vt 0.173803 0.668447
vt 0.168554 0.667959
vt 0.168554 0.663564
vt 0.173681 0.669424
vt 0.168554 0.669424
vt 0.163182 0.668447
vt 0.162816 0.663564
vt 0.163305 0.669424
vt 0.168554 0.670888
vt 0.163305 0.670888
vt 0.173803 0.670888
vt 0.174169 0.675283
vt 0.168554 0.675283
vt 0.162816 0.675283
vt 0.154637 0.674306
vt 0.155736 0.6704
vt 0.155492 0.6704
vt 0.153172 0.672842
vt 0.15244 0.669912
vt 0.155858 0.669424
vt 0.15598 0.669424
vt 0.155492 0.668935
vt 0.153172 0.666494
vt 0.154515 0.665029
vt 0.155614 0.668935
vt 0.174413 0.655751
vt 0.173925 0.660146
vt 0.168554 0.659658
vt 0.168554 0.655263
vt 0.173803 0.661122
vt 0.168554 0.661122
vt 0.16306 0.660146
vt 0.162694 0.655751
vt 0.163182 0.661122
vt 0.168554 0.662587
vt 0.163182 0.662587
vt 0.173925 0.662587
vt 0.174291 0.666982
vt 0.168554 0.666982
vt 0.162816 0.666982
vt 0.154393 0.666005
vt 0.15537 0.662099
vt 0.155248 0.662099
vt 0.152928 0.664541
vt 0.152196 0.661611
vt 0.155614 0.661611
vt 0.155248 0.660634
vt 0.152806 0.658193
vt 0.154149 0.656728
vt 0.15537 0.660634
vt 0.174535 0.64745
vt 0.174047 0.651845
vt 0.168554 0.651845
vt 0.168554 0.646962
vt 0.173925 0.652821
vt 0.168554 0.652821
vt 0.162938 0.651845
vt 0.162572 0.64745
vt 0.16306 0.65331
vt 0.168554 0.654286
vt 0.16306 0.654286
vt 0.174047 0.654286
vt 0.174413 0.658681
vt 0.168554 0.659169
vt 0.162694 0.658681
vt 0.154027 0.657704
vt 0.155126 0.653798
vt 0.154881 0.653798
vt 0.152684 0.65624
vt 0.15183 0.65331
vt 0.155248 0.65331
vt 0.15537 0.65331
vt 0.154881 0.652333
vt 0.152562 0.649892
vt 0.153905 0.648915
vt 0.155004 0.652333
vt 0.174657 0.630848
vt 0.174291 0.635243
vt 0.168554 0.635243
vt 0.168554 0.630848
vt 0.174169 0.636708
vt 0.168554 0.636708
vt 0.162694 0.635243
vt 0.162328 0.630848
vt 0.162816 0.636708
vt 0.168554 0.638173
vt 0.162694 0.637684
vt 0.174291 0.637684
vt 0.174657 0.642567
vt 0.168554 0.642567
vt 0.16245 0.642567
vt 0.153539 0.641102
vt 0.154515 0.637196
vt 0.154393 0.637196
vt 0.152074 0.639637
vt 0.151219 0.636708
vt 0.154637 0.636708
vt 0.154759 0.636708
vt 0.154271 0.636219
vt 0.151952 0.633778
vt 0.153294 0.632313
vt 0.154393 0.636219
vt 0.17478 0.622547
vt 0.174413 0.626942
vt 0.168554 0.626942
vt 0.168554 0.622547
vt 0.174291 0.628407
vt 0.168554 0.628407
vt 0.162572 0.626942
vt 0.162206 0.622547
vt 0.162694 0.628407
vt 0.168554 0.629871
vt 0.162572 0.629871
vt 0.174413 0.629871
vt 0.17478 0.634266
vt 0.168554 0.634266
vt 0.162328 0.634266
vt 0.153172 0.632801
vt 0.154149 0.628895
vt 0.154027 0.628895
vt 0.151708 0.631825
vt 0.150975 0.628407
vt 0.154393 0.628407
vt 0.154515 0.628407
vt 0.154027 0.627918
vt 0.151708 0.625477
vt 0.15305 0.624012
vt 0.154149 0.627918
vt 0.174902 0.614246
vt 0.174535 0.618641
vt 0.168554 0.618641
vt 0.168432 0.614246
vt 0.174413 0.620106
vt 0.168554 0.620106
vt 0.16245 0.618641
vt 0.162084 0.614246
vt 0.162572 0.620106
vt 0.168554 0.62157
vt 0.16245 0.62157
vt 0.174535 0.62157
vt 0.174902 0.625965
vt 0.168554 0.625965
vt 0.162206 0.625965
vt 0.152928 0.6245
vt 0.153905 0.621082
vt 0.153783 0.621082
vt 0.151463 0.623524
vt 0.150609 0.620106
vt 0.154027 0.620106
vt 0.154149 0.620106
vt 0.153661 0.619617
vt 0.151341 0.617176
vt 0.152684 0.615711
vt 0.153905 0.619617
vt 0.272195 0.617664
vt 0.173925 0.688955
vt 0.173437 0.69335
vt 0.168554 0.69335
vt 0.168554 0.688955
vt 0.173315 0.694815
vt 0.168554 0.694815
vt 0.163671 0.69335
vt 0.163182 0.688955
vt 0.163793 0.694815
vt 0.168554 0.69628
vt 0.163671 0.695791
vt 0.173437 0.695791
vt 0.173925 0.700674
vt 0.168554 0.700674
vt 0.163305 0.700674
vt 0.155614 0.69921
vt 0.156713 0.695303
vt 0.15659 0.695303
vt 0.154149 0.697745
vt 0.153417 0.694815
vt 0.156835 0.694815
vt 0.156957 0.694815
vt 0.156468 0.694327
vt 0.154149 0.691885
vt 0.155492 0.69042
vt 0.15659 0.694327
vt 0.194433 0.973144
vt 0.194433 0.973632
vt 0.603504 0.019196
vt 0.603015 0.027345
vt 0.60155 0.019318
vt 0.60155 0.026368
vt 0.605457 0.035981
vt 0.604968 0.036225
vt 0.606922 0.039583
vt 0.606433 0.039766
vt 0.60741 0.035951
vt 0.608386 0.03882
vt 0.608875 0.03589
vt 0.609851 0.03824
vt 0.318827 0.332926
vt 0.316874 0.332926
vt 0.314676 0.334941
vt 0.956542 0.574694
vt 0.955077 0.386456
vt 0.352763 0.333964
vt 0.351787 0.334941
vt 0.356914 0.336161
vt 0.354717 0.334208
vt 0.148167 0.652821
vt 0.147435 0.681631
vt 0.339824 0.537584
vt 0.342021 0.547349
vt 0.34666 0.551256
vt 0.335673 0.541002
vt 0.335185 0.537095
vt 0.334208 0.54442
vt 0.339824 0.552721
vt 0.336894 0.553209
vt 0.332743 0.545885
vt 0.334941 0.534165
vt 0.338603 0.520493
vt 0.333964 0.522446
vt 0.335917 0.501938
vt 0.342021 0.489181
vt 0.319803 0.333964
vt 0.366924 0.552232
vt 0.372051 0.543931
vt 0.37083 0.540513
vt 0.371075 0.536607
vt 0.371319 0.533677
vt 0.371563 0.52147
vt 0.368877 0.500961
vt 0.370098 0.485519
vt 0.37376 0.499252
vt 0.342509 0.48851
vt 0.15183 0.58739
vt 0.150975 0.609363
vt 0.148778 0.631825
vt 0.282937 0.545396
vt 0.276101 0.552232
vt 0.283425 0.547349
vt 0.283425 0.54149
vt 0.284646 0.536607
vt 0.280007 0.536119
vt 0.285134 0.532701
vt 0.285379 0.520493
vt 0.282449 0.499985
vt 0.275369 0.487533
vt 0.249977 0.545885
vt 0.249367 0.54149
vt 0.248024 0.536607
vt 0.247658 0.532701
vt 0.247291 0.520493
vt 0.250465 0.499985
vt 0.249733 0.484115
vt 0.245705 0.497482
vt 0.249855 0.483871
vt 0.772454 0.570299
vt 0.768548 0.56737
vt 0.763176 0.566393
vt 0.757805 0.56737
vt 0.75341 0.570299
vt 0.750481 0.574694
vt 0.156102 0.985351
vt 0.158055 0.989746
vt 0.159764 0.535142
vt 0.155126 0.551744
vt 0.151585 0.566881
vt 0.300272 0.771966
vt 0.298074 0.760247
vt 0.293435 0.731925
vt 0.289041 0.710929
vt 0.28489 0.688467
vt 0.281961 0.666982
vt 0.277566 0.646474
vt 0.274392 0.631336
vt 0.270974 0.619129
vt 0.174657 0.993164
vt 0.159276 0.534165
vt 0.173437 0.749016
vt 0.173437 0.748039
vt 0.173315 0.746574
vt 0.15598 0.741691
vt 0.190161 0.740226
vt 0.173437 0.749504
vt 0.173559 0.751946
vt 0.173559 0.754387
vt 0.173681 0.755364
vt 0.173681 0.756828
vt 0.173803 0.758293
vt 0.173803 0.759758
vt 0.173803 0.761223
vt 0.173925 0.762688
vt 0.271706 0.618641
vt 0.598132 0.556627
vt 0.64452 0.55858
vt 0.641591 0.55858
vt 0.147801 0.701163
vt 0.315409 0.368084
vt 0.315653 0.37083
vt 0.315653 0.374493
vt 0.315409 0.381573
vt 0.315409 0.382794
vt 0.417951 0.635243
vt 0.417951 0.632801
vt 0.415998 0.635243
vt 0.415998 0.632801
vt 0.419904 0.632801
vt 0.414289 0.635243
vt 0.419904 0.635243
vt 0.414289 0.632801
vt 0.421857 0.632801
vt 0.412336 0.635243
vt 0.421857 0.635243
vt 0.412336 0.632801
vt 0.423566 0.632801
vt 0.410382 0.635243
vt 0.423566 0.635243
vt 0.410382 0.632801
vt 0.42552 0.632801
vt 0.408429 0.635243
vt 0.42552 0.635243
vt 0.408429 0.632801
vt 0.427473 0.635243
vt 0.406476 0.635243
vt 0.427473 0.632801
vt 0.406476 0.632801
vt 0.429182 0.635243
vt 0.404767 0.635243
vt 0.429182 0.632801
vt 0.404767 0.632801
vt 0.431135 0.635243
vt 0.402814 0.635243
vt 0.431135 0.632801
vt 0.402814 0.632801
vt 0.433088 0.635243
vt 0.400861 0.632801
vt 0.433088 0.632801
vt 0.435041 0.635243
vt 0.435041 0.632801
vt 0.400861 0.635243
vt 0.399152 0.632801
vt 0.399152 0.635243
vt 0.397198 0.632801
vt 0.397198 0.635243
vt 0.395245 0.632801
vt 0.395245 0.635243
vt 0.393292 0.632801
vt 0.393292 0.635243
vt 0.391339 0.632801
vt 0.391339 0.635243
vt 0.389386 0.632801
vt 0.38963 0.635243
vt 0.596667 0.024201
vt 0.599109 0.023774
vt 0.35374 0.36784
vt 0.35374 0.370586
vt 0.353984 0.374248
vt 0.354472 0.381085
vt 0.354472 0.382305
vt 0.334208 0.554674
vt 0.330546 0.548326
vt 0.284158 0.550768
vt 0.27781 0.554674
vt 0.166478 0.944823
vt 0.166601 0.946776
vt 0.166356 0.942869
vt 0.166723 0.949705
vt 0.166967 0.952147
vt 0.167089 0.954588
vt 0.167333 0.95703
vt 0.167577 0.959471
vt 0.181494 0.960448
vt 0.15305 0.964354
vt 0.167943 0.961913
vt 0.168187 0.964354
vt 0.168554 0.966308
vt 0.16892 0.968261
vt 0.169286 0.970214
vt 0.169897 0.97412
vt 0.170629 0.977538
vt 0.171484 0.981445
vt 0.185766 0.978027
vt 0.17246 0.985351
vt 0.186377 0.982421
vt 0.351787 0.368084
vt 0.35081 0.369121
vt 0.352031 0.370586
vt 0.35081 0.371563
vt 0.352275 0.374248
vt 0.35081 0.374737
vt 0.352519 0.381329
vt 0.351054 0.381085
vt 0.351054 0.382061
vt 0.352519 0.382305
vt 0.140965 0.506821
vt 0.13889 0.487777
vt 0.139866 0.487045
vt 0.335673 0.334697
vt 0.286843 0.585925
vt 0.286599 0.566881
vt 0.317362 0.368084
vt 0.317606 0.37083
vt 0.318583 0.369121
vt 0.318583 0.371563
vt 0.317362 0.374493
vt 0.318827 0.374981
vt 0.317362 0.381573
vt 0.318827 0.381329
vt 0.318827 0.382305
vt 0.317362 0.38255
vt 0.189917 0.769036
vt 0.188452 0.763665
vt 0.597156 0.558092
vt 0.597156 0.569323
vt 0.348369 0.483139
vt 0.356914 0.483627
vt 0.348369 0.482894
vt 0.356914 0.483383
vt 0.020203 0.481124
vt 0.019379 0.479476
vt 0.014985 0.470931
vt 0.158544 0.770012
vt 0.15952 0.76513
vt 0.790033 0.549791
vt 0.794916 0.549303
vt 0.79931 0.547838
vt 0.804193 0.546861
vt 0.808588 0.544908
vt 0.496323 0.070345
vt 0.788568 0.540025
vt 0.792962 0.539537
vt 0.796869 0.53856
vt 0.800287 0.537584
vt 0.804193 0.53563
vt 0.334941 0.381085
vt 0.334941 0.374737
vt 0.334941 0.382061
vt 0.334697 0.371319
vt 0.334697 0.368877
vt 0.165868 0.899411
vt 0.166112 0.905271
vt 0.165746 0.89111
vt 0.165746 0.881344
vt 0.165624 0.869625
vt 0.165746 0.857418
vt 0.165746 0.855953
vt 0.183569 0.924314
vt 0.166234 0.922849
vt 0.166234 0.925779
vt 0.148412 0.923826
vt 0.166234 0.927244
vt 0.166234 0.929685
vt 0.166234 0.932127
vt 0.166234 0.934568
vt 0.166234 0.93701
vt 0.166234 0.938963
vt 0.166356 0.940916
vt 0.348369 0.485275
vt 0.35667 0.485763
vt 0.180395 0.791498
vt 0.180517 0.798822
vt 0.180395 0.809564
vt 0.179907 0.826655
vt 0.15244 0.826167
vt 0.152684 0.809076
vt 0.15305 0.798334
vt 0.153417 0.790521
vt 0.27073 0.482406
vt 0.26194 0.482406
vt 0.270486 0.484359
vt 0.262185 0.484359
vt 0.644032 0.571276
vt 0.216529 0.899899
vt 0.225929 0.898923
vt 0.199927 0.901364
vt 0.225929 0.899899
vt 0.235206 0.899411
vt 0.225929 0.902341
vt 0.251686 0.899899
vt 0.226051 0.904294
vt 0.16599 0.840815
vt 0.166234 0.826167
vt 0.166356 0.817866
vt 0.166601 0.809564
vt 0.166601 0.804193
vt 0.166723 0.798822
vt 0.166845 0.794916
vt 0.166967 0.791009
vt 0.166967 0.788568
vt 0.174047 0.766106
vt 0.174047 0.764153
vt 0.174169 0.768548
vt 0.490219 0.0365
vt 0.485092 0.038484
vt 0.495834 0.036531
vt 0.480941 0.042299
vt 0.478256 0.047365
vt 0.477279 0.053224
vt 0.478256 0.059114
vt 0.48558 0.068209
vt 0.481185 0.064364
vt 0.505844 0.064547
vt 0.50145 0.068392
vt 0.509262 0.053529
vt 0.508286 0.059389
vt 0.505356 0.042482
vt 0.508286 0.047639
vt 0.500961 0.038636
vt 0.987793 0.605945
vt 0.379131 0.544908
vt 0.376934 0.542467
vt 0.244728 0.550279
vt 0.245216 0.546861
vt 0.997559 0.605945
vt 0.984375 0.814936
vt 0.983398 0.596667
vt 0.989746 0.596667
vn 0 -0.001 1
vn -0.1737 -0.7663 -0.6185
vn 0.1471 -0.7791 -0.6094
vn -0.3128 -0.7337 -0.6031
vn 0.2838 -0.7509 -0.5963
vn 0 -0.3211 0.9471
vn 0 -0.1428 0.9897
vn -0.0186 -0.1896 0.9817
vn 0 -0.4221 0.9065
vn 0 -0.2075 0.9782
vn 0.0172 -0.0871 0.996
vn -0.0345 -0.07 0.997
vn -0.5774 0.5774 0.5774
vn -0.5487 0.0014 0.836
vn -0.0323 -0.001 0.9995
vn -0.0328 -0.0174 0.9993
vn 0.0328 -0.0174 0.9993
vn 0.4936 0.6283 0.6014
vn 0.0171 0.0151 0.9997
vn 0 -0.0502 0.9987
vn 0 -0.0169 0.9999
vn -0.0159 -0.001 0.9999
vn -0.0338 0.0154 0.9993
vn 0.001 0.0149 0.9999
vn 0.0174 0.0318 0.9993
vn 0.1713 0.0361 0.9846
vn 0.1894 0.0174 0.9817
vn 0.0356 0.0701 0.9969
vn 0.3116 0.1551 0.9375
vn 0.0964 0.1344 0.9862
vn 0.0581 0.172 0.9834
vn 0.0183 0.0872 0.996
vn 0.0011 0.1838 0.983
vn 0.0011 0.1043 0.9945
vn -0.0356 0.0701 0.9969
vn -0.0772 0.1533 0.9852
vn -0.0528 0.0528 0.9972
vn -0.1154 0.1154 0.9866
vn -0.3322 0.1326 0.9338
vn -0.1894 0.0174 0.9817
vn -0.3337 0.0425 0.9417
vn -0.2064 -0.0012 0.9785
vn -0.5332 0.0233 0.8457
vn -0.473 0.0013 0.8811
vn 0.3791 0.0194 0.9251
vn 0 -0.7174 -0.6967
vn 0 -0.6725 -0.7401
vn 0.4562 0.0227 0.8896
vn 0.5168 0.0457 0.8549
vn 0.3148 0.0635 0.947
vn -0.3833 -0.8404 -0.3833
vn -0.252 -0.8104 -0.5289
vn -0.4553 -0.8374 -0.3025
vn -0.5556 -0.8186 -0.1456
vn 0.3539 -0.8552 -0.3787
vn 0.5283 -0.8367 -0.1446
vn 0.4261 -0.8537 -0.2995
vn 0.2239 -0.8234 -0.5214
vn 0 -0.9675 -0.2529
vn 0 -0.9737 -0.2279
vn 0 -0.8805 -0.474
vn 0 -0.9184 -0.3956
vn 0.6807 -0.5449 -0.4896
vn 0.5606 -0.7238 -0.4023
vn 0.5289 -0.8104 -0.252
vn -0.0202 -0.3302 0.9437
vn 0 -0.7817 -0.6237
vn 0 -0.9466 -0.3225
vn 0 -0.9785 -0.2061
vn -0.0178 -0.9918 -0.1266
vn 0 -0.9988 -0.0492
vn -0.0175 -0.9941 -0.1072
vn -0.0186 -0.9819 -0.1883
vn 0 -0.9944 -0.1054
vn -0.0167 -0.9986 -0.05
vn -0.0344 -0.997 -0.0688
vn 0 -1 0
vn 0.0169 -0.9976 -0.0677
vn -0.07 -0.9962 -0.0525
vn -0.0962 -0.9887 -0.1149
vn 0.0516 -0.9973 -0.0516
vn 0.0737 -0.9909 -0.1128
vn 0.1359 -0.9859 -0.0978
vn 0.109 -0.9934 -0.0356
vn -0.1575 -0.9825 -0.0993
vn 0.0637 -0.9282 0.3665
vn -0.1288 -0.991 -0.0362
vn -0.5464 -0.7781 -0.3099
vn -0.0866 -0.9237 0.3733
vn -0.2379 -0.9556 0.1737
vn -0.0216 -0.8754 0.4829
vn 0 -0.9999 0.0159
vn 0 -0.9675 0.2529
vn 0 -0.8805 0.474
vn 0.2132 -0.9619 0.1711
vn 0.5138 -0.8008 -0.3077
vn 0 -0.9864 -0.1642
vn -0.3348 -0.9414 -0.0412
vn 0.3102 -0.9498 -0.0407
vn -0.109 -0.9934 0.0356
vn -0.1642 -0.9864 0
vn -0.1072 -0.9941 0.0175
vn -0.1128 -0.9909 0.0737
vn -0.3473 -0.9338 0.0855
vn -0.0688 -0.997 0.0344
vn -0.0164 -0.9993 -0.0328
vn -0.0161 -0.9997 -0.0161
vn -0.0159 -0.9999 0
vn 0 -0.9999 -0.0159
vn 0 -0.9995 -0.0323
vn 0.0508 -0.9981 0.0339
vn 0.0928 -0.993 0.0725
vn 0 -0.6252 -0.7805
vn 0 -0.6953 -0.7188
vn 0 -0.7388 -0.6739
vn 0 -0.9828 -0.1849
vn 0 -0.9978 -0.0666
vn -0.0164 -0.9993 0.0328
vn 0 -0.9995 0.0323
vn -0.0167 -0.9986 0.05
vn -0.0333 -0.9989 0.0333
vn -0.0534 -0.9944 0.0913
vn -0.1546 -0.9452 0.2875
vn -0.0677 -0.9976 0.0169
vn -0.0666 -0.9978 0
vn 0 -0.9896 0.1441
vn 0 -0.938 0.3466
vn 0 -0.9988 0.0492
vn 0.0164 -0.9993 0.0328
vn 0.035 -0.9953 0.0898
vn 0.05 -0.9986 0.0167
vn 0.0492 -0.9988 0
vn 0.3218 -0.943 0.0844
vn 0.0883 -0.9959 0.0172
vn 0.0898 -0.9953 0.035
vn 0.1244 -0.9922 0
vn 0.1441 -0.9896 0
vn 0 -0.2075 -0.9782
vn 0 -0.1862 -0.9825
vn 0 -0.9944 0.1054
vn 0 -0.9962 0.0868
vn 0.1306 -0.9503 0.2826
vn 0 -0.762 0.6476
vn 0 -0.8664 0.4993
vn 0 -0.9785 0.2061
vn 0 -0.9543 -0.2989
vn 0 -0.9287 -0.371
vn 0 -0.9864 0.1642
vn 0.0012 0.2518 -0.9678
vn -0.0204 0.2337 -0.9721
vn -0.0229 0.4818 -0.876
vn 0.0014 0.8169 -0.5768
vn 0.0013 0.4983 -0.867
vn -0.0798 0.9765 -0.2002
vn 0.0591 0.9787 -0.1967
vn 0.2109 0.1462 -0.9665
vn 0.2955 0.0846 -0.9516
vn 0.1028 0.2272 -0.9684
vn 0.001 0.0313 -0.9995
vn 0.0492 -0.001 -0.9988
vn -0.0161 -0.0151 -0.9998
vn 0.1277 0.0373 -0.9911
vn 0.2281 -0.0012 -0.9736
vn 0.238 0.0403 -0.9704
vn 0.2232 0.0811 -0.9714
vn 0.1135 0.0948 -0.989
vn 0.001 0.0656 -0.9978
vn 0.2312 0.1253 -0.9648
vn 0.0964 0.1344 -0.9862
vn 0.0011 0.1234 -0.9924
vn 0.2392 0.1724 -0.9555
vn 0.0011 0.1631 -0.9866
vn 0.1215 0.1841 -0.9754
vn -0.2312 0.1253 -0.9648
vn -0.3148 0.0635 -0.947
vn -0.3961 -0.0013 -0.9182
vn -0.1234 0.2073 -0.9705
vn 0.0011 0.1838 -0.983
vn -0.0201 0.2088 -0.9778
vn 0.1253 0.2312 -0.9648
vn 0.2216 0.2189 -0.9503
vn 0.1059 0.2758 -0.9554
vn 0.0012 0.2978 -0.9546
vn 0.229 0.2739 -0.9341
vn 0.1074 0.3008 -0.9476
vn 0.2323 0.3007 -0.925
vn -0.0215 0.3275 -0.9446
vn 0.1595 0.3683 -0.9159
vn -0.0223 0.402 -0.9154
vn 0.1632 0.4232 -0.8912
vn 0.1649 0.451 -0.8772
vn 0.0013 0.4446 -0.8957
vn 0.0013 0.473 -0.8811
vn -0.0218 0.352 -0.9357
vn 0.175 0.2646 -0.9484
vn 0.0011 0.1043 -0.9945
vn 0.1713 0.0361 -0.9846
vn 0 -0.1042 -0.9946
vn 0.1858 -0.1438 -0.972
vn 0.0785 -0.2 -0.9766
vn 0 -0.2292 -0.9734
vn 0.1359 -0.3591 -0.9234
vn 0 -0.2974 -0.9547
vn 0 -0.4221 -0.9065
vn 0.0443 -0.5162 -0.8553
vn 0.2807 -0.5378 -0.7949
vn 0 -0.523 -0.8523
vn 0 -0.5762 -0.8173
vn 0.1482 -0.6879 -0.7105
vn 0 -0.8354 -0.5497
vn 0.2561 -0.7445 -0.6165
vn -0.0212 -0.9033 -0.4285
vn 0.2479 -0.8464 -0.4714
vn 0.2372 -0.9034 -0.3573
vn 0.2309 -0.9249 -0.3021
vn 0 -0.9612 -0.2757
vn 0.1306 -0.9503 -0.2826
vn -0.0197 -0.9596 -0.2808
vn -0.3091 0.042 -0.9501
vn -0.2468 0.0823 -0.9656
vn -0.347 -0.0013 -0.9379
vn -0.4036 -0.0223 -0.9147
vn 0.2902 0.0626 -0.9549
vn 0.3856 -0.0436 -0.9217
vn 0.3275 0.0215 -0.9446
vn 0.2272 0.1028 -0.9684
vn 0 -0.001 -1
vn -0.1416 0.1642 -0.9762
vn -0.1154 0.1154 -0.9866
vn -0.1322 0.076 -0.9883
vn -0.1462 0.2109 -0.9665
vn -0.2601 0.1507 -0.9537
vn -0.2432 0.197 -0.9498
vn -0.1272 0.2557 -0.9584
vn -0.129 0.2807 -0.9511
vn -0.2516 0.2516 -0.9346
vn -0.1828 0.3472 -0.9198
vn -0.2554 0.2782 -0.9259
vn -0.3502 0.2119 -0.9124
vn -0.3559 0.2387 -0.9035
vn -0.3381 0.2904 -0.8952
vn -0.1874 0.4023 -0.8961
vn -0.3429 0.3187 -0.8837
vn -0.1894 0.4303 -0.8826
vn -0.3187 0.3429 -0.8837
vn -0.1998 0.2405 -0.9499
vn -0.1894 0.0174 -0.9817
vn -0.3461 0.0869 -0.9342
vn -0.2058 -0.1233 -0.9708
vn -0.3477 -0.0869 -0.9336
vn -0.3266 0.4009 -0.8559
vn -0.3228 0.3717 -0.8704
vn -0.4612 -0.1153 -0.8798
vn -0.4113 0.3891 -0.8243
vn -0.3631 -0.2664 -0.8929
vn -0.1588 -0.3384 -0.9275
vn -0.0671 -0.4991 -0.864
vn -0.1745 -0.6721 -0.7196
vn -0.3078 -0.5156 -0.7996
vn -0.2847 -0.7278 -0.6239
vn -0.3284 -0.4012 -0.8551
vn -0.3117 -0.5768 -0.7551
vn -0.2763 -0.8337 -0.4782
vn -0.4557 -0.3043 -0.8365
vn -0.3097 -0.7807 -0.5428
vn -0.343 -0.5516 -0.7603
vn -0.2806 -0.7962 -0.536
vn -0.2646 -0.8935 -0.3628
vn -0.2962 -0.8687 -0.397
vn -0.2576 -0.9162 -0.3069
vn -0.1546 -0.9452 -0.2875
vn -0.1629 -0.9044 -0.3943
vn -0.285 -0.9065 -0.3115
vn -0.2763 -0.9271 -0.2535
vn -0.3346 -0.9054 -0.2612
vn -0.3165 -0.8942 -0.3165
vn -0.4324 -0.8382 -0.3322
vn -0.4619 -0.8211 -0.3354
vn -0.2104 -0.9122 -0.3516
vn -0.1866 -0.9088 -0.3733
vn -0.4081 -0.8398 -0.3579
vn -0.4914 -0.8026 -0.3383
vn -0.6833 -0.6591 -0.3141
vn -0.3495 -0.8693 -0.3495
vn -0.2927 -0.8825 -0.3681
vn -0.3978 -0.7679 -0.5021
vn -0.4334 -0.5951 -0.6768
vn -0.5203 -0.603 -0.6047
vn -0.6297 -0.49 -0.6028
vn -0.7267 -0.2865 -0.6243
vn -0.6637 -0.3449 -0.6637
vn -0.7451 -0.1725 -0.6443
vn -0.5588 -0.3709 -0.7418
vn -0.6798 -0.2033 -0.7046
vn -0.5604 -0.252 -0.7889
vn -0.6803 -0.0709 -0.7295
vn -0.5635 -0.0939 -0.8207
vn -0.729 0.0239 -0.6841
vn -0.4996 0.0686 -0.8635
vn -0.6678 0.0954 -0.7382
vn -0.4275 0.2979 -0.8535
vn -0.516 0.3096 -0.7987
vn -0.6423 0.2585 -0.7216
vn -0.7132 0.2273 -0.6631
vn -0.4985 0.3662 -0.7857
vn -0.608 0.3439 -0.7156
vn -0.6853 0.3159 -0.6562
vn -0.4066 0.3595 -0.8399
vn -0.4929 0.3366 -0.8024
vn -0.6018 0.3146 -0.7341
vn -0.678 0.2837 -0.678
vn -0.4868 0.3072 -0.8177
vn -0.4215 0.2694 -0.8659
vn -0.6153 0.2578 -0.745
vn -0.6709 0.2553 -0.6962
vn -0.4372 0.2164 -0.8729
vn -0.5024 0.252 -0.8271
vn 0 -0.9466 0.3225
vn -0.4887 -0.0203 -0.8722
vn -0.8449 -0.5073 -0.1696
vn 0.473 0.0013 -0.8811
vn 0.5799 0.3427 -0.7391
vn 0.6562 0.3159 -0.6853
vn 0.595 0.2855 -0.7513
vn 0.6495 0.2871 -0.7041
vn 0.6628 0.3486 -0.6628
vn 0.6631 0.2273 -0.7132
vn 0.5856 0.3723 -0.7201
vn 0.6962 0.2553 -0.6709
vn 0.5992 0.2018 -0.7748
vn 0.6716 0.1729 -0.7205
vn 0.4804 0.2783 -0.8317
vn 0.4942 0.2205 -0.8409
vn 0.6174 0.1753 -0.7668
vn 0.4866 0.1932 -0.852
vn 0.4634 0.3337 -0.8209
vn 0.4153 0.2414 -0.8771
vn 0.6873 0.1465 -0.7115
vn 0.5068 0.1679 -0.8456
vn 0.6272 0.1201 -0.7695
vn 0.4089 0.214 -0.8871
vn 0.4023 0.1874 -0.8961
vn 0.692 0.0955 -0.7155
vn 0.3281 0.2356 -0.9148
vn 0.6174 0.0949 -0.7809
vn 0.6818 0.0709 -0.7281
vn 0.4985 0.1418 -0.8552
vn 0.5085 0.0926 -0.8561
vn 0.5587 0.0235 -0.8291
vn 0.6107 0.0209 -0.7916
vn 0.635 -0.0238 -0.7721
vn 0.5855 -0.0236 -0.8103
vn 0.4546 -0.0227 -0.8904
vn 0.4996 0.0686 -0.8635
vn 0.4296 0.0198 -0.9028
vn 0.4205 0.0667 -0.9049
vn 0.3337 0.0425 -0.9417
vn 0.347 -0.0013 -0.9379
vn 0.3206 0.0858 -0.9433
vn 0.4088 0.113 -0.9056
vn 0.3322 0.1326 -0.9338
vn 0.4232 0.1632 -0.8912
vn 0.3388 0.1603 -0.9271
vn 0.2959 0.2062 -0.9327
vn 0.3332 0.2627 -0.9055
vn 0.3145 0.3145 -0.8957
vn 0.3955 0.2978 -0.8689
vn 0.4009 0.3266 -0.8559
vn 0.3187 0.3429 -0.8837
vn 0.4689 0.3633 -0.805
vn 0.3817 0.3848 -0.8404
vn 0.474 0.3931 -0.7879
vn 0.6226 0.2865 -0.7282
vn 0.7176 0.0471 -0.6948
vn 0.2978 0.3955 -0.8689
vn 0.3859 0.4145 -0.8242
vn 0.4929 0.3366 -0.8024
vn 0.3011 0.4246 -0.8538
vn 0.6528 0.1204 -0.7479
vn 0.2942 0.3666 -0.8826
vn 0.4817 0.0918 -0.8715
vn 0.3264 0.1088 -0.9389
vn 0.6662 -0.0954 -0.7396
vn 0.7286 -0.2031 -0.6542
vn 0.328 -0.1089 -0.9384
vn 0.4417 -0.1391 -0.8863
vn 0.3399 -0.2907 -0.8944
vn 0.5461 -0.1183 -0.8293
vn 0.6624 -0.2308 -0.7127
vn 0.5365 -0.2824 -0.7952
vn 0.4321 -0.3303 -0.8391
vn 0.2997 -0.4279 -0.8527
vn 0.2839 -0.598 -0.7495
vn 0.3117 -0.5768 -0.7551
vn 0.5319 -0.4022 -0.7452
vn 0.2806 -0.7962 -0.536
vn 0.2679 -0.8804 -0.3913
vn 0.252 -0.8104 -0.5289
vn 0.2576 -0.9162 -0.3069
vn 0.1376 -0.9115 -0.3876
vn 0.2497 -0.9356 -0.2497
vn 0.285 -0.9065 -0.3115
vn 0.3069 -0.9162 -0.2576
vn 0.4081 -0.8398 -0.3579
vn 0.1843 -0.92 -0.3459
vn 0.3787 -0.8552 -0.3539
vn 0.2646 -0.8935 -0.3628
vn 0.4619 -0.8211 -0.3354
vn 0.6574 -0.6849 -0.3141
vn 0.3208 -0.8821 -0.345
vn 0.1609 -0.9162 -0.367
vn 0.3679 -0.7859 -0.497
vn 0.4047 -0.6187 -0.6734
vn 0.4918 -0.6282 -0.6029
vn 0.6046 -0.5185 -0.6046
vn 0.7087 -0.3155 -0.631
vn 0.6425 -0.374 -0.6688
vn -0.8764 -0.4157 -0.2431
vn 0.3791 0.0194 -0.9251
vn -0.8413 -0.3814 -0.383
vn -0.8379 -0.538 -0.0918
vn -0.8802 -0.46 -0.1168
vn -0.6803 0.1999 -0.7051
vn -0.5148 0.1948 -0.8349
vn -0.6174 0.1753 -0.7668
vn -0.6873 0.1465 -0.7115
vn -0.4303 0.1894 -0.8826
vn -0.5068 0.1679 -0.8456
vn -0.6367 0.146 -0.7571
vn -0.4232 0.1632 -0.8912
vn -0.526 0.1429 -0.8384
vn -0.7019 0.1207 -0.7019
vn -0.3176 0.1833 -0.9304
vn -0.3595 0.1374 -0.923
vn -0.6429 0.0952 -0.76
vn -0.7053 0.071 -0.7053
vn -0.5173 0.1174 -0.8477
vn -0.6328 0.0706 -0.7711
vn -0.6948 0.0471 -0.7176
vn -0.5261 0.0691 -0.8476
vn -0.4434 0.1392 -0.8854
vn -0.4281 0.0901 -0.8992
vn -0.3524 0.1102 -0.9293
vn -0.2512 0.1043 -0.9623
vn -0.2424 0.0609 -0.9683
vn -0.3399 0.0643 -0.9383
vn -0.4387 0.0445 -0.8976
vn -0.2565 0.0207 -0.9663
vn -0.5168 0.0457 -0.8549
vn -0.3543 0.0192 -0.9349
vn -0.4462 -0.0013 -0.895
vn -0.5753 -0.0014 -0.8179
vn -0.6244 -0.0014 -0.7811
vn -0.6483 -0.0014 -0.7614
vn -0.6 -0.0014 -0.8
vn -0.473 0.0013 -0.8811
vn -0.3651 -0.0193 -0.9308
vn -0.2465 -0.0205 -0.9689
vn -0.1455 0.0192 -0.9892
vn -0.0655 -0.018 -0.9977
vn 0.8472 -0.5179 -0.1189
vn -0.9071 -0.2833 -0.3112
vn 0.829 -0.555 -0.0681
vn 0.8173 -0.5762 0
vn 0.8379 -0.538 -0.0918
vn 0.8673 -0.4589 -0.1931
vn 0.8615 -0.4444 -0.2457
vn 0.8413 -0.3814 -0.383
vn 0.8408 -0.4063 -0.3577
vn 0.8252 -0.3856 -0.4126
vn 0.8472 -0.5179 0.1189
vn 0.8379 -0.538 0.0918
vn 0.8364 -0.5481 0
vn 0.8097 -0.5865 -0.0222
vn -0.8364 -0.5481 0
vn -0.8274 -0.5612 -0.0221
vn -0.8461 -0.5326 -0.0219
vn -0.8704 -0.4714 -0.1422
vn 0.895 -0.3147 -0.3162
vn -0.882 -0.4307 -0.1911
vn 0.0011 0.143 -0.9897
vn 0.0012 0.205 -0.9788
vn 0.0014 0.7181 0.696
vn 0.0013 0.8811 0.473
vn 0.0013 0.5236 0.852
vn 0.0012 0.9678 0.2518
vn 0.0012 0.2746 0.9616
vn 0.001 1 -0.001
vn 0.0012 0.9616 -0.2746
vn 0 -0.2515 0.9679
vn 0.0013 0.852 -0.5236
vn 0 -0.4977 0.8673
vn 0.0014 0.696 -0.7181
vn 0 -0.6953 0.7188
vn 0 -0.8514 0.5245
vn 0 -0.9612 0.2757
vn 0 -0.2742 -0.9617
vn 0 -0.8664 -0.4993
vn 0.8253 -0.4111 -0.3872
vn 0.8326 -0.48 -0.2765
vn 0.8197 -0.5539 -0.1455
vn 0.8274 -0.5612 -0.0221
vn 0.8299 -0.545 0.1198
vn 0.8326 -0.48 0.2765
vn 0.8393 -0.4306 0.332
vn -0.8715 -0.0888 -0.4823
vn 0.8613 0.0231 0.5075
vn 0.9028 0.0198 0.4296
vn 0.852 0.0013 0.5236
vn -0.8553 -0.5162 0.0443
vn -0.8996 -0.4277 -0.0886
vn 0.2091 0.3229 -0.9231
vn 0.2554 0.2782 -0.9259
vn 0.2516 0.2516 -0.9346
vn 0.2904 0.3381 -0.8952
vn 0.8638 -0.1195 -0.4895
vn 0.864 -0.4991 0.0671
vn 0.2028 0.2663 -0.9423
vn 0.8863 -0.4543 -0.0895
vn -0.8787 -0.4726 0.0665
vn -0.8379 -0.538 0.0918
vn -0.2739 0.229 -0.9341
vn -0.3145 0.3145 -0.8957
vn -0.2782 0.2554 -0.9259
vn -0.2323 0.3007 -0.925
vn -0.2251 0.2444 -0.9432
vn -0.36 0.4393 -0.8231
vn -0.3337 0.4634 -0.8209
vn -0.4284 0.5376 -0.7262
vn -0.3447 0.6354 -0.691
vn -0.4032 0.6487 -0.6454
vn -0.3072 0.8177 -0.4868
vn -0.3427 0.7391 -0.5799
vn -0.2694 0.8806 -0.3899
vn 0 -0.8005 0.5993
vn 0.1144 -0.4059 0.9067
vn 0.1131 -0.3792 0.9184
vn 0.4424 -0.3895 0.8078
vn 0.3117 -0.5768 0.7551
vn 0.6512 -0.2871 0.7025
vn 0.3784 -0.352 0.8561
vn 0.6046 -0.5185 0.6046
vn 0.1887 -0.3992 0.8972
vn 0.0886 -0.4277 0.8996
vn 0.0665 -0.4726 0.8787
vn 0.2009 -0.7524 0.6273
vn 0.1222 -0.6752 0.7274
vn 0.0223 -0.7922 0.6098
vn 0.2479 -0.8464 0.4714
vn 0.1199 -0.8287 0.5466
vn 0.1382 -0.9832 0.1188
vn 0.1074 -0.9547 0.2776
vn -0.6702 -0.2589 0.6956
vn -0.2129 -0.3777 0.9011
vn -0.4027 -0.3268 0.855
vn -0.4671 -0.3631 0.8062
vn -0.343 -0.5516 0.7603
vn -0.6297 -0.49 0.6028
vn -0.1359 -0.3591 0.9234
vn -0.1144 -0.4059 0.9067
vn -0.1375 -0.3859 0.9122
vn -0.2286 -0.7374 0.6356
vn -0.0207 -0.3796 0.9249
vn -0.0217 -0.507 0.8617
vn -0.148 -0.6598 0.7368
vn -0.0453 -0.7831 0.6202
vn -0.021 -0.4047 0.9142
vn -0.1456 -0.8186 0.5556
vn -0.2763 -0.8337 0.4782
vn -0.1602 -0.9797 0.1208
vn -0.1306 -0.9503 0.2826
vn -0.0455 -0.7629 0.645
vn 0 -0.7817 0.6237
vn 0.0224 -0.7727 0.6344
vn -0.0222 -0.5865 0.8097
vn 0 -0.523 0.8523
vn 0 -0.3972 0.9177
vn 0 -0.3725 0.928
vn -0.0895 -0.4543 0.8863
vn -0.1455 -0.5539 0.8197
vn 0 -0.4472 0.8944
vn -0.0936 -0.6423 0.7608
vn 0 -0.5762 0.8173
vn -0.1421 -0.8713 0.4697
vn 0.1205 -0.5718 0.8115
vn 0.0693 -0.6569 0.7508
vn 0.1169 -0.8793 0.4617
vn 0 -0.6491 0.7607
vn -0.0685 -0.8121 0.5795
vn 0.0449 -0.8207 0.5696
vn 0 -0.7388 0.6739
vn 0 -0.8354 0.5497
vn -0.0622 -0.9467 0.316
vn 0 -0.9073 0.4205
vn 0.0407 -0.9498 0.3102
vn 0.1227 -0.9755 0.1828
vn -0.1452 -0.9718 0.1859
vn 0.0569 -0.9832 0.1732
vn 0 -0.9737 0.2279
vn -0.0772 -0.9813 0.1762
vn 0 -0.9922 0.1244
vn 0.0339 -0.9981 0.0508
vn 0.1701 -0.9847 0.0373
vn -0.0516 -0.9973 0.0516
vn 0.2417 0.8911 -0.384
vn 0.2783 0.8317 -0.4804
vn 0.3133 0.7568 -0.5736
vn 0.3739 0.6705 -0.6408
vn 0.3159 0.6562 -0.6853
vn 0.4005 0.5621 -0.7236
vn 0.3337 0.4634 -0.8209
vn 0.3072 0.4868 -0.8177
vn -0.8213 0.0463 -0.5686
vn 0.0013 0.3455 -0.9384
vn 0.001 0.9999 -0.0169
vn 0.8453 -0.4732 0.2481
vn 0.8402 -0.4947 0.2222
vn -0.8513 -0.4871 0.1948
vn 0.0013 0.3945 -0.9189
vn -0.8673 -0.4589 0.1931
vn -0.8307 0.0696 -0.5524
vn -0.8395 0.0933 -0.5353
vn -0.0183 0.0872 0.996
vn 0.8127 0.07 -0.5785
vn 0.8219 0.0939 -0.5619
vn 0.8204 0.1439 -0.5534
vn 0.828 0.1692 -0.5345
vn 0 -0.8184 0.5746
vn -0.8305 0.1182 -0.5444
vn -0.8384 0.1429 -0.526
vn -0.828 0.1692 -0.5345
vn -0.8349 0.1948 -0.5148
vn -0.0233 0.5332 -0.8457
vn -0.0221 -0.8284 0.5596
vn -0.0385 -0.2151 0.9758
vn 0.0192 -0.2335 0.9722
vn -0.0385 0.9844 -0.1717
vn 0.0012 0.9782 -0.2077
vn -0.0811 0.9714 -0.2232
vn -0.1043 0.9623 -0.2512
vn -0.0201 0.9772 -0.2115
vn 0.0195 0.9855 -0.1686
vn 0.0823 0.9656 -0.2468
vn 0.8817 -0.3699 0.2929
vn -0.645 -0.7629 -0.0455
vn -0.7829 -0.5794 0.2268
vn -0.7061 -0.7047 0.0695
vn -0.7368 -0.6598 -0.148
vn -0.5609 -0.788 -0.2538
vn -0.9169 -0.3653 0.1608
vn -0.5926 -0.6969 -0.4039
vn -0.7045 -0.5158 -0.4875
vn -0.8944 -0.4472 0
vn -0.9095 -0.3715 -0.1865
vn -0.8818 -0.2944 -0.3684
vn -0.6894 -0.3447 -0.6371
vn -0.7533 -0.1991 -0.6268
vn -0.8629 -0.1165 -0.4918
vn -0.6905 -0.0955 -0.717
vn -0.9741 -0.1012 -0.2023
vn -0.9923 -0.0555 -0.111
vn -0.9799 -0.1588 -0.1206
vn -0.996 -0.0871 -0.0172
vn -0.9993 -0.0174 0.0328
vn -0.9782 -0.2075 0
vn -0.9889 -0.1136 0.0961
vn -0.9909 -0.0373 0.129
vn -0.9768 -0.0798 0.1988
vn -0.8868 -0.0909 0.4532
vn -0.9152 -0.2324 0.3291
vn -0.7034 -0.5418 0.4601
vn -0.6732 -0.4029 0.6201
vn -0.6773 -0.2873 0.6773
vn -0.7614 -0.0952 0.6413
vn -0.7622 -0.0469 0.6456
vn -0.9945 0.1043 -0.0011
vn -0.8942 0.4477 -0.0013
vn -0.696 0.7181 -0.0014
vn -0.3976 0.9175 -0.0013
vn 0.7144 -0.6084 -0.3458
vn 0.8495 -0.4509 -0.2739
vn 0.8764 -0.4157 -0.2431
vn 0.7996 -0.5156 -0.3078
vn 0.4725 -0.788 -0.3948
vn 0.3923 -0.9176 0.0645
vn 0.1466 -0.989 -0.018
vn 0.316 -0.9467 0.0622
vn 0.1986 -0.9769 -0.0784
vn 0.1009 -0.9785 -0.1797
vn 0.1521 -0.9539 -0.2588
vn -0.9072 -0.3097 0.2848
vn -0.8551 -0.4012 0.3284
vn -0.8921 0.0674 -0.4467
vn -0.8067 0.3897 -0.4442
vn -0.9656 0.0823 -0.2468
vn -0.8775 0.4125 -0.2445
vn -0.9963 0.0858 -0.0011
vn -0.6225 0.6525 -0.4322
vn -0.6896 0.6864 -0.2309
vn -0.384 0.8911 -0.2417
vn -0.36 0.8231 -0.4393
vn 0.0012 0.9678 -0.2518
vn 0.0013 0.8942 -0.4477
vn 0.384 0.8911 -0.2417
vn 0.3633 0.805 -0.4689
vn 0.6792 -0.5705 0.4617
vn 0.9052 -0.3926 0.1628
vn 0.906 -0.2595 0.3343
vn 0.7614 -0.6069 0.2278
vn 0.6509 -0.4322 0.6242
vn 0.6578 -0.3159 0.6837
vn 0.7493 -0.1204 0.6512
vn 0.8798 -0.1153 0.4612
vn 0.7514 -0.0708 0.656
vn 0.9741 -0.1012 0.2023
vn 0.9898 -0.0564 0.1312
vn 0.9861 -0.1346 0.0977
vn 0.9989 -0.0344 0.0334
vn 0.9942 -0.106 -0.0175
vn 0.9908 -0.0749 -0.1129
vn 0.9734 -0.2292 0
vn 0.9757 -0.1814 -0.1226
vn 0.9708 -0.1233 -0.2058
vn 0.8551 -0.145 -0.4978
vn 0.8696 -0.323 -0.3735
vn 0.8972 -0.3992 -0.1887
vn 0.8814 -0.4724 0
vn 0.6796 -0.7303 0.0694
vn 0.6202 -0.7831 -0.0453
vn 0.7105 -0.6879 -0.1482
vn 0.6688 -0.374 -0.6425
vn 0.7364 -0.2303 -0.6361
vn 0.6762 -0.1206 -0.7268
vn -0.0876 -0.4011 0.9118
vn -0.2964 -0.3988 0.8678
vn 0.0225 -0.7062 0.7076
vn -0.0456 -0.6706 0.7404
vn -0.1168 -0.46 0.8802
vn -0.4374 -0.3598 0.8241
vn -0.0918 -0.538 0.8379
vn -0.1212 -0.5984 0.792
vn -0.8503 0.2722 -0.4505
vn 0 -0.9922 -0.1244
vn -0.3322 -0.8382 -0.4324
vn -0.0223 -0.7922 -0.6098
vn -0.0222 -0.8108 -0.5849
vn -0.0207 -0.9256 -0.378
vn 0 -0.8005 -0.5993
vn 0.2995 -0.8537 -0.4261
vn 0.7163 -0.6914 -0.0939
vn 0 -0.8184 -0.5746
vn -0.1917 -0.9807 0.0379
vn -0.4183 -0.9059 0.0652
vn -0.0339 -0.9981 -0.0508
vn -0.1672 -0.9858 -0.0183
vn -0.3411 -0.9379 0.063
vn -0.2215 -0.9719 -0.0796
vn -0.1227 -0.9755 -0.1828
vn -0.1764 -0.9485 -0.2632
vn -0.0161 -0.9997 0.0161
vn 0.0167 -0.9986 -0.05
vn 0 -0.9896 -0.1441
vn -0.0821 -0.9588 -0.2721
vn 0.0605 -0.9617 -0.2672
vn -0.0605 -0.9617 -0.2672
vn 0.0396 -0.9641 -0.2624
vn -0.02 -0.9523 -0.3045
vn -0.039 -0.9709 -0.2363
vn -0.0772 -0.9813 -0.1762
vn 0.0191 -0.9725 -0.2321
vn 0.0569 -0.9832 -0.1732
vn 0.0183 -0.9858 -0.1672
vn 0.2096 -0.9666 -0.1475
vn -0.0373 -0.9847 -0.1701
vn 0.0356 -0.9934 -0.109
vn 0.0688 -0.997 -0.0344
vn 0.3598 -0.9321 -0.0417
vn 0.1883 -0.9819 0.0186
vn 0.1288 -0.991 0.0362
vn 0 -0.9962 -0.0868
vn 0.0344 -0.997 0.0688
vn -0.0543 -0.9923 -0.1109
vn 0 -0.9978 0.0666
vn -0.0525 -0.9962 0.07
vn -0.1492 -0.9881 0.0367
vn -0.0898 -0.9953 -0.035
vn -0.2099 -0.9775 0.0189
vn -0.3851 -0.9219 -0.0422
vn -0.2339 -0.9606 -0.1498
vn -0.6001 -0.7907 -0.1212
vn -0.7404 -0.6706 -0.0456
vn -0.7616 -0.6465 -0.0455
vn 0.4625 -0.8856 -0.0435
vn 0.9508 -0.281 -0.1305
vn 0.5682 -0.7729 0.2825
vn 0.9977 -0.0677 0
vn 0.6542 -0.2031 0.7286
vn 0.6301 0.5491 0.5491
vn 0.0014 0.7395 -0.6732
vn 0.1427 -0.1615 -0.9765
vn 0.0178 -0.1254 -0.9919
vn 0.0689 -0.6068 -0.7919
vn 0.1797 -0.9785 0.1009
vn 0.0552 -0.9898 0.1311
vn 0.0172 -0.9959 0.0883
vn 0.8222 -0.4601 0.3352
vn -0.1471 -0.6078 -0.7804
vn -0.0356 -0.1078 -0.9935
vn -0.0785 -0.2 -0.9766
vn 0.0587 -0.219 -0.974
vn 0.0681 -0.555 -0.829
vn 0.0693 -0.6569 -0.7508
vn 0 -0.1655 -0.9862
vn -0.1627 -0.1415 -0.9765
vn -0.15 -0.2355 -0.9602
vn 0 -0.3211 -0.9471
vn -0.6793 -0.7056 -0.2016
vn -0.7263 -0.6256 -0.2848
vn -0.7323 -0.6049 -0.3129
vn -0.7639 -0.5283 -0.3706
vn -0.7127 -0.2308 0.6624
vn -0.7882 -0.1713 0.5911
vn -0.6956 -0.2589 0.6702
vn -0.6578 -0.3159 0.6837
vn 0.2001 -0.5986 0.7756
vn -0.0214 -0.4556 0.8899
vn -0.0681 -0.555 0.829
vn 0.0449 -0.5712 0.8196
vn 0.0214 -0.4556 0.8899
vn -0.0212 -0.4301 0.9025
vn -0.2255 -0.5514 0.8032
vn -0.0202 -0.9442 0.3286
vn -0.0183 -0.9858 0.1672
vn -0.018 -0.989 0.1466
vn -0.0172 -0.9959 0.0883
vn -0.035 -0.9953 0.0898
vn -0.0748 -0.9882 0.1333
vn -0.2025 -0.9739 0.1025
vn 0.6371 -0.3447 0.6894
vn 0.6773 -0.2873 0.6773
vn 0.761 -0.2261 0.6081
vn 0.7751 -0.1984 0.5998
vn 0.0189 0.1255 -0.9919
vn 0.0198 0.1871 -0.9821
vn 0.076 0.1322 -0.9883
vn 0.0229 0.4818 -0.876
vn 0.0201 0.2088 -0.9778
vn 0.0192 0.1455 -0.9892
vn 0.159 0.122 -0.9797
vn 0.1176 0.1394 -0.9832
vn 0.9549 0.0626 -0.2902
vn 0.9869 0.0572 -0.1507
vn 0.6536 -0.7295 -0.2014
vn 0.7021 -0.6524 -0.2853
vn 0.7083 -0.6323 -0.3137
vn 0.742 -0.5573 -0.3726
vn 0.0197 -0.9596 0.2808
vn 0 -0.5481 0.8364
vn 0 -0.2292 0.9734
vn 0.0012 0.2518 0.9678
vn 0.0012 0.2267 0.974
vn 0.0013 0.4983 0.867
vn 0.0014 0.5985 0.8011
vn 0.0014 0.6468 0.7627
vn 0.0445 0.8976 0.4387
vn 0.0013 0.852 0.5236
vn 0.0643 0.9383 0.3399
vn 0.129 0.9511 0.2807
vn 0.0013 0.9373 0.3485
vn 0.0013 0.5236 -0.852
vn 0.0013 0.3699 -0.9291
vn 0.0011 0.9862 -0.1657
vn 0.0012 0.3214 -0.9469
vn -0.0186 0.9942 -0.1061
vn -0.0177 0.9985 -0.0511
vn -0.0195 0.166 -0.9859
vn -0.035 0.998 -0.052
vn -0.0192 0.1455 -0.9892
vn -0.0175 0.9993 -0.0339
vn 0.001 0.9999 0.0169
vn 0.001 0.9994 0.0333
vn -0.9883 0.0379 -0.1481
vn -0.923 0.1374 -0.3595
vn -0.9164 0.1624 -0.3657
vn -0.962 0.0618 -0.266
vn -0.9577 0.0414 -0.2849
vn -0.8413 -0.3814 0.383
vn 0 -0.4724 0.8814
vn 0.8158 -0.5434 -0.1979
vn 0.9811 -0.1776 -0.0773
vn 0.8513 -0.4871 -0.1948
vn 0.9935 -0.1078 -0.0356
vn 0.5735 -0.8103 -0.1206
vn 0.7184 -0.6942 -0.0456
vn 0.7404 -0.6706 -0.0456
vn 0.0014 0.7181 -0.696
vn 0.2729 0.8644 -0.4223
vn 0.3502 0.9124 -0.2119
vn 0.001 0.0149 -0.9999
vn 0.909 0.1881 -0.3719
vn 0.8961 0.1874 -0.4023
vn -0.8704 0.3717 -0.3228
vn 0.0014 0.7799 -0.6259
vn 0.8192 -0.144 -0.5551
vn 0.8269 -0.1693 -0.5363
vn -0.8673 -0.4589 -0.1931
vn -0.8972 -0.3992 -0.1887
vn -0.6165 -0.7445 -0.2561
vn -0.9955 -0.0886 -0.035
vn -0.8542 -0.1419 -0.5002
vn -0.8373 -0.143 -0.5277
vn -0.8293 -0.1183 -0.5461
vn -0.8617 -0.2473 -0.443
vn -0.7963 -0.5712 -0.1991
vn -0.8378 -0.5266 -0.1445
vn -0.143 0.9897 -0.0011
vn -0.1255 0.9919 -0.0189
vn -0.0689 0.9975 -0.018
vn -0.0503 0.9987 -0.001
vn -0.1043 0.9945 -0.0011
vn 0.1234 0.9924 -0.0011
vn 0.1455 0.9892 -0.0192
vn 0.001 0.9994 -0.0333
vn 0.2905 0.9403 -0.1776
vn 0.0012 0.9733 -0.2295
vn 0.5707 0.6778 -0.4636
vn 0.6606 0.7504 -0.0238
vn 0.926 0.3769 -0.022
vn 0.8613 0.5075 -0.0231
vn 0.7733 0.5668 -0.2842
vn 0.8896 0.0227 -0.4562
vn 0.9028 0.0198 -0.4296
vn 0.9233 0.0852 -0.3745
vn 0.8179 -0.0014 -0.5753
vn -0.5871 0.8092 -0.0236
vn 0.0356 0.9969 0.0701
vn -0.0169 0.9999 -0.001
vn -0.4818 0.876 -0.0229
vn -0.8457 0.5332 -0.0233
vn 0.8398 0.4097 -0.3563
vn 0.8466 0.47 -0.2496
vn 0.8354 0.3045 -0.4575
vn 0.8204 0.5534 -0.1439
vn 0.8317 0.2783 -0.4804
vn 0.8215 0.2257 -0.5236
vn 0.8219 0.5619 -0.0939
vn 0.8307 0.5524 -0.0696
vn 0.8386 0.5428 -0.046
vn 0.8291 0.5587 -0.0235
vn 0.819 0.5737 0.0014
vn 0.8457 0.5332 0.0233
vn 0.0011 0.9963 -0.0858
vn -0.0361 0.9954 -0.0887
vn 0.0183 0.996 -0.0872
vn 0.3449 0.6653 -0.6621
vn 0.3337 0.8209 -0.4634
vn 0.3305 0.8381 -0.4339
vn 0.3322 0.9338 -0.1326
vn 0.3524 0.9293 -0.1102
vn 0.38 0.9247 -0.022
vn 0.3206 0.9433 0.0858
vn 0.3264 0.9389 0.1088
vn 0.2695 0.9413 0.2032
vn 0.4562 0.8896 -0.0227
vn 0.5587 0.8291 -0.0235
vn -0.0537 0.996 0.0712
vn -0.7395 0.6732 -0.0014
vn -0.729 0.6841 -0.0239
vn -0.9738 0.2193 0.06
vn -0.9826 0.1006 0.1563
vn -0.9995 0.0313 -0.001
vn -0.0396 -0.2609 -0.9645
vn -0.0409 0.2612 -0.9644
vn -0.0635 0.3148 -0.947
vn -0.0397 0.2154 -0.9757
vn 0.0164 -0.0339 -0.9993
vn 0.2339 -0.3277 -0.9154
vn 0.0224 -0.6599 -0.751
vn -0.0224 -0.7727 -0.6344
vn 0.0219 -0.8451 -0.5342
vn -0.0446 -0.838 -0.5438
vn -0.0455 -0.6465 -0.7616
vn 0.0197 -0.2794 -0.96
vn -0.0604 -0.2657 -0.9622
vn -0.0328 -0.0174 -0.9993
vn 0.0204 0.2337 -0.9721
vn 0.0425 0.3337 -0.9417
vn 0.0209 0.2797 -0.9599
vn -0.7627 0.6468 -0.0014
vn 0.0014 0.7601 -0.6498
vn 0.6841 0.729 -0.0239
vn 0.696 0.7181 0.0014
vn -0.729 0.6841 0.0239
vn -0.7929 0.6089 -0.0237
vn -0.803 0.5941 -0.0466
vn -0.8127 0.5785 -0.07
vn -0.0997 0.9784 0.1809
vn 0.2797 0.9599 -0.0209
vn 0.1657 0.9862 -0.0011
vn 0.1061 0.9942 -0.0186
vn -0.0177 0.9985 0.0511
vn -0.0528 0.9972 0.0528
vn -0.035 0.998 0.052
vn -0.052 0.998 0.035
vn 0.0177 0.9985 0.0511
vn 0.0344 0.9988 0.0344
vn 0.035 0.998 0.052
vn 0.001 0.9987 0.0503
vn 0.7395 0.6732 0.0014
vn 0.7181 0.696 0.0014
vn -0.998 0.035 0.052
vn -0.9988 0.0481 -0.001
vn -0.9986 0.0489 0.0177
vn -0.9975 -0.018 0.0678
vn -0.9989 -0.0344 0.0334
vn -0.9945 0.0011 -0.1043
vn -0.9993 -0.0339 0.0164
vn -0.9999 -0.0169 0
vn -0.9999 -0.001 0.0159
vn -0.9999 -0.001 -0.0159
vn -0.9924 -0.0166 -0.1216
vn -0.8722 -0.0203 -0.4887
vn -0.9999 0.0149 -0.001
vn -0.9628 -0.0208 -0.2695
vn -0.9998 -0.0151 -0.0161
vn -1 -0.001 0
vn -0.9827 -0.0011 0.1851
vn -0.9285 -0.0013 0.3714
vn 0.0194 -0.9661 0.2576
vn -0.0402 -0.9574 0.2861
vn -0.0194 -0.9661 0.2576
vn -0.0396 -0.9641 0.2624
vn 0.7937 0.6042 -0.0703
vn 0.7837 0.6193 -0.0468
vn 0.7734 0.6335 -0.0238
vn 0.7069 0.7069 0.0239
vn 0.3729 0.9279 -0.0013
vn -0.852 0.4866 -0.1932
vn 0.9866 0.1631 0.0011
vn 0.2001 -0.7743 -0.6003
vn 0 -0.0169 -0.9999
vn 0.5075 0.8613 -0.0231
vn 0.1747 0.9829 -0.0582
vn 0.5168 0.8549 -0.0457
vn 0.1507 0.9869 -0.0572
vn 0.1481 0.9883 -0.0379
vn 0.5768 0.8169 0.0014
vn 0.3091 0.9501 -0.042
vn 0.1277 0.9911 -0.0373
vn 0.2612 0.9644 -0.0409
vn 0.0964 0.9862 0.1344
vn 0.1872 0.9717 0.1439
vn 0.1255 0.9919 0.0189
vn 0.2758 0.9554 0.1059
vn 0.7711 0.6328 -0.0706
vn 0.7609 0.6471 -0.0469
vn 0.7397 0.6713 -0.047
vn 0.5871 0.8092 -0.0236
vn 0.6471 0.7609 -0.0469
vn 0.6225 0.7813 -0.0468
vn 0.5332 0.8457 -0.0233
vn 0.5428 0.8386 -0.046
vn 0.4647 0.8843 -0.045
vn 0.3551 0.9346 -0.0218
vn 0.4818 0.876 -0.0229
vn 0.3618 0.9313 -0.0431
vn 0.4477 0.8942 0.0013
vn 0.4562 0.8896 0.0227
vn 0.473 0.8811 0.0013
vn 0.4983 0.867 0.0013
vn 0.5236 0.852 0.0013
vn 0.6015 0.7988 0.0014
vn 0.6498 0.7601 0.0014
vn 0.6948 0.7176 -0.0471
vn 0.9897 0.143 0.0011
vn 0.9721 0.2337 -0.0204
vn 0.9942 0.1061 -0.0186
vn 0.9678 0.2518 0.0012
vn 0.9892 0.1455 0.0192
vn 0.9549 0.2902 0.0626
vn 0.9997 0.0151 0.0171
vn 0.9999 -0.0169 0
vn 0.9809 0.1778 0.0786
vn 0.9429 0.3062 0.1308
vn 0.9721 0.0204 0.2337
vn 0.9773 0.0177 0.211
vn 0.8457 0.0233 0.5332
vn 0.9911 0.1277 0.0373
vn 0.9577 0.2849 0.0414
vn 0.9899 0.1299 0.0563
vn 0.9993 0.0154 0.0338
vn 0.998 0.035 0.052
vn 0.9975 -0.018 0.0678
vn 0.9988 -0.001 0.0492
vn 0.997 -0.0355 0.0689
vn 0.9986 -0.0177 0.05
vn 0.9948 -0.0723 0.0712
vn 0.997 -0.07 0.0345
vn 0.9907 -0.114 0.0737
vn 0.9997 -0.0172 0.0162
vn 0.9995 -0.001 0.0323
vn 0.9724 -0.0204 0.2323
vn 0.9993 -0.0174 0.0328
vn 0.9643 -0.0383 0.2621
vn 0.9575 -0.0389 0.2858
vn 0.8102 0.0208 0.5858
vn 0.6841 0.0239 0.729
vn 0.8 -0.0014 0.6
vn 0.6732 0.0014 0.7395
vn 0.7917 -0.0237 0.6105
vn 0.6591 -0.0238 0.7517
vn 0.6483 -0.0014 0.7614
vn 0.5021 -0.7679 0.3978
vn 0.9997 0.0151 -0.0171
vn 0.9986 -0.0511 0.0167
vn 0.9924 0.0011 -0.1234
vn 0.9995 0.0313 0.001
vn 0.9981 -0.0519 0.0339
vn 0.9978 0.0656 0.001
vn 0.9972 0.0528 0.0528
vn 0.9975 0.0689 0.018
vn 0.9941 -0.0164 -0.1071
vn 0.867 0.0013 -0.4983
vn 0.9994 -0.0333 0
vn 0.9662 -0.0182 -0.2573
vn 0.9999 -0.001 0.0159
vn 0.9785 -0.0012 0.2064
vn 0.9182 -0.0013 0.3961
vn 0.6086 -0.76 -0.2279
vn 0.7551 -0.5768 -0.3117
vn 0.784 -0.5189 -0.3406
vn -0.374 0.6442 -0.6672
vn -0.3633 0.805 -0.4689
vn -0.3587 0.9237 -0.1343
vn -0.3821 0.9173 -0.1117
vn -0.4052 0.914 -0.0223
vn -0.3461 0.9342 0.0869
vn -0.3524 0.9293 0.1102
vn -0.2959 0.9327 0.2062
vn 0.9978 -0.001 0.0667
vn 0.9924 0.0011 0.1234
vn 0.9942 0.0186 0.1061
vn 0.9986 0.0156 0.051
vn 0.9935 0.0367 0.1079
vn 0.7715 -0.6359 -0.0224
vn -0.9788 0.205 -0.0012
vn -0.9866 0.1631 -0.0011
vn -0.9924 0.1234 -0.0011
vn 0.4078 -0.3561 -0.8408
vn 0.9892 0.1455 -0.0192
vn 0.9846 0.0361 0.1713
vn 0.164 0.9727 0.164
vn -0.052 0.998 -0.035
vn -0.0333 0.9994 -0.001
vn -0.0183 0.996 -0.0872
vn -0.1234 0.9924 -0.0011
vn 0.0011 0.9945 -0.1043
vn -0.76 0.6429 0.0952
vn 0.0344 0.9988 -0.0344
vn -0.0172 0.9997 -0.0172
vn 0.0169 0.9999 -0.001
vn 0.1043 0.9945 -0.0011
vn 0.1932 0.9804 -0.0391
vn -0.8384 0.526 -0.1429
vn 0.9705 0.1234 -0.2073
vn 0.9714 0.2232 -0.0811
vn 0.9599 0.2797 -0.0209
vn -0.9848 -0.1558 -0.0761
vn -0.8342 -0.5153 -0.1965
vn -0.8901 -0.3872 -0.2403
vn -0.9993 -0.0174 -0.0328
vn -0.9988 -0.001 -0.0492
vn -0.7379 -0.5803 -0.3446
vn -0.5021 -0.7679 -0.3978
vn -0.8651 -0.4219 -0.2711
vn -0.8186 -0.4864 -0.3054
vn -0.8495 -0.4509 -0.2739
vn -0.996 0.0183 -0.0872
vn -0.9997 0.0151 -0.0171
vn -0.9997 0.0171 0.0151
vn 0.1898 0.9816 -0.0198
vn 0.0678 0.9977 -0.001
vn 0.0333 0.9994 -0.001
vn 0.1135 0.989 0.0948
vn 0.1914 0.8679 0.4584
vn -0.1632 0.8912 0.4232
vn -0.0858 0.9963 -0.0011
vn -0.9995 -0.001 0.0323
vn 0.2077 0.9782 -0.0012
vn -0.3872 0.921 -0.0436
vn -0.38 0.9247 -0.022
vn -0.3551 0.9346 -0.0218
vn -0.3214 0.9469 -0.0012
vn -0.2797 0.9599 0.0209
vn -0.2565 0.9663 0.0207
vn 0.7382 0.6678 0.0954
vn 0.9986 0.0156 -0.051
vn 0.9955 -0.0886 -0.035
vn 0.9942 -0.106 0.0175
vn 0.9999 -0.001 -0.0159
vn 0.9892 0.0192 0.1455
vn 0.9827 -0.0011 -0.1851
vn 0.9721 0.0204 -0.2337
vn 0.8758 -0.0202 -0.4823
vn 0.8102 0.0208 -0.5858
vn 0.7825 -0.0468 -0.6209
vn 0.8613 0.0231 -0.5075
vn 0.9599 0.0209 -0.2797
vn 0.8635 0.0686 -0.4996
vn 0.9103 0.0413 -0.4118
vn 0.8783 0.068 -0.4732
vn 0.9806 0.0367 -0.1928
vn 0.9172 0.0631 -0.3935
vn 0.8638 0.1164 -0.4901
vn 0.7796 0.1487 -0.6084
vn 0.8859 0.091 -0.4549
vn 0.9846 0.0361 -0.1713
vn 0.9173 0.1117 -0.3821
vn 0.8709 0.1406 -0.4709
vn 0.9831 0.0557 -0.1743
vn 0.9112 0.1362 -0.3889
vn 0.852 0.1932 -0.4866
vn 0.9164 0.1624 -0.3657
vn 0.8461 0.2463 -0.4728
vn 0.9826 0.1006 -0.1563
vn 0.9124 0.2119 -0.3502
vn 0.8503 0.2722 -0.4505
vn 0.9993 0.0154 -0.0338
vn 0.9883 0.0379 -0.1481
vn 0.9429 0.1308 -0.3062
vn 0.8871 0.214 -0.4089
vn 0.8976 0.0445 -0.4387
vn 0.9496 -0.042 -0.3106
vn 0.8996 -0.1376 -0.4143
vn 0.9892 0.0192 -0.1455
vn 0.9993 -0.0339 -0.0164
vn 0.9881 -0.0761 -0.1335
vn -0.0181 -0.1479 -0.9888
vn -0.1265 -0.0166 -0.9918
vn -0.0712 -0.0723 -0.9948
vn -0.1683 0.0172 -0.9856
vn 0.1102 0.9293 0.3524
vn 0.0013 0.9279 0.3729
vn 0.0011 0.9862 0.1657
vn 0.001 0.9987 -0.0503
vn 0.001 0.9977 -0.0678
vn 0.018 0.9975 -0.0689
vn 0.035 0.998 -0.052
vn -0.018 0.9975 -0.0689
vn 0.0186 0.9942 -0.1061
vn 0.0189 0.9919 -0.1255
vn 0.1864 0.9825 -0.0011
vn 0.545 0.7784 0.3117
vn 0.9834 0.172 -0.0581
vn 0.9684 0.2272 -0.1028
vn 0.9819 -0.0198 -0.1885
vn 0.9986 -0.0511 -0.0167
vn 0.9581 -0.2559 -0.1286
vn 0.9399 -0.2908 -0.1792
vn 0.4918 -0.8696 -0.044
vn 0.5736 0.7568 0.3133
vn 0.9975 -0.0688 -0.0169
vn 0.6711 -0.1762 0.7201
vn 0.948 -0.2648 -0.1766
vn 0.9809 0.1905 -0.039
vn 0.9656 0.2468 -0.0823
vn 0.9308 -0.3172 -0.1817
vn 0.604 0.5499 0.5769
vn 0.9778 0.2088 -0.0201
vn 0.9975 -0.0688 0.0169
vn 0.5428 -0.7807 0.3097
vn 0.9473 -0.3012 -0.1088
vn 0.516 0.7987 0.3096
vn 0.6443 -0.1725 0.7451
vn 0.9386 -0.3268 -0.1103
vn 0.454 -0.8907 -0.0214
vn -0.9883 0.1481 -0.0379
vn -0.983 0.1838 -0.0011
vn -0.7069 0.7069 -0.0239
vn -0.1686 0.9855 -0.0195
vn -0.9198 0.3472 -0.1828
vn 0.0503 0.9987 -0.001
vn 0.0858 0.9963 -0.0011
vn -0.4023 0.8961 -0.1874
vn -0.0204 0.9721 -0.2337
vn -0.6454 0.6487 -0.4032
vn 0.0012 0.9469 -0.3214
vn -0.9349 0.0192 -0.3543
vn -0.9827 -0.0011 -0.1851
vn -0.959 0.0834 -0.2709
vn -0.8414 -0.0206 -0.54
vn -0.9993 -0.0154 -0.0328
vn -0.9619 0.1697 -0.2145
vn -0.959 0.2709 -0.0834
vn -0.9942 0.1061 -0.0186
vn -0.9986 0.0489 -0.0177
vn -0.9417 0.0425 0.3337
vn -0.9989 0.0323 0.0344
vn -0.9908 -0.0749 0.1129
vn -0.8942 0.0013 0.4477
vn -0.9963 -0.0857 0
vn -0.9975 -0.0688 0.0169
vn -0.9978 0.0656 -0.001
vn -0.9989 0.0323 -0.0344
vn -0.9924 -0.1232 0
vn -0.9684 0.2272 -0.1028
vn -0.9665 0.1462 -0.2109
vn -0.9679 -0.2515 0
vn -0.9881 -0.1346 0.0749
vn -0.9616 -0.2147 0.1712
vn -0.9273 -0.1573 0.3397
vn 0.1089 -0.0344 -0.9935
vn 0.0534 -0.0901 -0.9945
vn 0.1481 0.0379 -0.9883
vn 0.2337 0.9721 0.0204
vn 0.2978 0.9546 -0.0012
vn 0.2565 0.9663 0.0207
vn 0.3275 0.9446 -0.0215
vn -0.7069 0.7069 0.0239
vn -0.6873 0.7115 0.1465
vn -0.6964 0.6964 -0.173
vn -0.6853 0.6562 0.3159
vn -0.691 0.6354 -0.3447
vn -0.675 0.5983 0.4317
vn -0.6778 0.5707 -0.4636
vn -0.6778 0.4636 0.5707
vn -0.6754 0.4352 -0.5953
vn -0.6853 0.3159 0.6562
vn -0.6964 0.173 0.6964
vn -0.6841 0.0239 0.729
vn -0.6842 -0.021 -0.729
vn -0.6869 -0.1498 0.7111
vn -0.696 -0.1763 -0.696
vn -0.6837 -0.3159 -0.6578
vn -0.6766 -0.4316 0.5966
vn -0.6791 -0.46 -0.572
vn -0.6792 -0.5705 0.4617
vn -0.6768 -0.5951 -0.4334
vn -0.6897 -0.6358 0.3465
vn -0.6955 -0.697 0.1746
vn -0.6863 -0.712 -0.1482
vn -0.7076 -0.7062 0.0225
vn 0.1898 0.9816 0.0198
vn 0.9997 -0.0172 -0.0162
vn -0.9809 0.1905 0.039
vn -0.9809 0.1778 0.0786
vn -0.9834 0.172 -0.0581
vn -0.997 -0.07 0.0345
vn -0.9961 -0.0711 0.0525
vn -0.9796 0.1614 0.1195
vn -0.9961 -0.0536 0.0701
vn -0.9824 0.1587 -0.0981
vn -0.998 0.052 0.035
vn -0.9961 -0.0711 -0.0525
vn -0.98 0.1418 0.1393
vn -0.998 0.035 -0.052
vn -0.98 0.1418 -0.1393
vn -0.9954 -0.0339 0.0897
vn -0.9809 0.0786 0.1778
vn -0.9961 -0.0536 -0.0701
vn -0.9797 0.122 -0.159
vn -0.9978 -0.001 -0.0667
vn -0.9945 0.0011 0.1043
vn -0.9787 0.0591 -0.1967
vn -0.9963 0.0011 0.0858
vn -0.9773 0.0177 -0.211
vn -0.9977 -0.018 -0.0655
vn -0.996 0.0183 0.0872
vn -0.9788 -0.0176 -0.2042
vn -0.9986 -0.0177 -0.05
vn -0.996 0.0537 0.0712
vn -0.9806 -0.0391 -0.1919
vn -0.9812 -0.0785 -0.1764
vn -0.9981 -0.0519 -0.0339
vn -0.996 0.0712 0.0537
vn -0.9803 -0.1392 -0.1404
vn -0.9954 0.0887 0.0361
vn -0.9986 -0.0511 -0.0167
vn -0.996 0.0872 0.0183
vn -0.9811 -0.1776 -0.0773
vn -0.9977 -0.0677 0
vn -0.9805 -0.193 -0.0379
vn -0.9987 -0.0502 0
vn -0.9969 0.0701 -0.0356
vn -0.9825 -0.1862 0
vn -0.9986 -0.0511 0.0167
vn -0.996 0.0712 -0.0537
vn -0.983 -0.1745 0.057
vn -0.996 0.0537 -0.0712
vn -0.9827 -0.1561 0.0992
vn -0.9981 -0.035 0.0509
vn -0.9954 0.0361 -0.0887
vn -0.9803 -0.1392 0.1404
vn -0.9799 -0.1194 0.16
vn -0.9978 -0.001 0.0667
vn -0.979 -0.0591 0.1953
vn -0.9946 -0.0185 -0.1025
vn -0.9775 -0.0201 0.2101
vn -0.9988 -0.001 0.0492
vn -0.996 -0.0161 -0.0882
vn -0.9986 0.0156 0.051
vn -0.9806 0.0367 0.1928
vn 0.8179 -0.0014 0.5753
vn 0.8384 0.1429 0.526
vn 0.8293 -0.1183 0.5461
vn 0.8317 0.2783 0.4804
vn 0.8282 -0.2519 0.5006
vn 0.8243 0.3891 0.4113
vn 0.8241 -0.3598 0.4374
vn 0.8209 0.4634 0.3337
vn 0.8242 -0.4359 0.3614
vn 0.8215 0.5236 0.2257
vn 0.8279 -0.502 0.2502
vn 0.8305 0.5444 0.1182
vn 0.8378 -0.5266 0.1445
vn 0.8384 0.526 -0.1429
vn 0.8299 -0.545 -0.1198
vn 0.8271 0.5024 -0.252
vn 0.8223 -0.5231 -0.224
vn 0.8231 0.4393 -0.36
vn 0.8222 -0.4601 -0.3352
vn 0.8231 0.36 -0.4393
vn 0.8271 0.252 -0.5024
vn 0.8328 -0.2781 -0.4786
vn 0.8305 0.1182 -0.5444
vn 0.8373 -0.143 -0.5277
vn -0.9493 -0.3118 0.0407
vn 0.6244 -0.0014 0.7811
vn 0.6262 0.2025 0.7529
vn 0.618 -0.172 0.7671
vn 0.6136 0.3734 0.6958
vn 0.6097 -0.344 0.7141
vn 0.6283 0.4936 0.6014
vn 0.6274 -0.4613 0.6274
vn 0.626 0.626 0.4649
vn 0.6299 -0.6012 0.4918
vn 0.6018 0.7341 0.3146
vn 0.6101 -0.7129 0.3458
vn 0.6163 0.7685 0.172
vn 0.6273 -0.7524 0.2009
vn 0.6259 0.7799 0.0014
vn 0.6237 -0.7817 0
vn 0.6251 0.7547 -0.1991
vn 0.6185 -0.7663 -0.1737
vn 0.608 0.7156 -0.3439
vn 0.6031 -0.7337 -0.3128
vn 0.6283 0.6014 -0.4936
vn 0.6275 -0.6259 -0.4631
vn 0.626 0.4649 -0.626
vn 0.6297 -0.49 -0.6028
vn 0.608 0.3439 -0.7156
vn 0.6153 -0.3734 -0.6942
vn 0.6268 -0.1991 -0.7533
vn 0.6244 -0.0014 -0.7811
vn 0.9989 -0.0344 -0.0334
vn 0.9954 0.0361 -0.0887
vn 0.9993 0.0318 -0.0174
vn 0.9999 0.0149 0.001
vn 0.882 -0.4307 -0.1911
vn 0.5889 -0.7669 -0.2551
vn -0.8 -0.0014 0.6
vn -0.8575 0.0232 0.514
vn -0.8811 0.0013 0.473
vn -0.9742 0.0178 0.2248
vn -0.996 -0.0871 0.0172
vn -0.9734 -0.2292 0
vn -0.9772 -0.2113 0.0189
vn -0.9946 -0.1042 0
vn -0.9975 -0.0688 -0.0169
vn -0.9993 -0.0339 -0.0164
vn -0.989 -0.0192 -0.1468
vn -0.9954 -0.0339 -0.0897
vn -0.9819 -0.0198 -0.1885
vn -0.9561 -0.0186 -0.2923
vn 0.9827 -0.0011 0.1851
vn 0.9869 0.0572 0.1507
vn 0.9846 -0.0385 0.1703
vn 0.9862 0.0964 0.1344
vn 0.9849 -0.0773 0.1546
vn 0.9832 0.1394 0.1176
vn 0.9834 -0.1175 0.1381
vn 0.9824 0.1587 0.0981
vn 0.9835 -0.1369 0.1187
vn 0.9834 0.172 0.0581
vn 0.9848 -0.1558 0.0761
vn 0.9849 0.169 0.0385
vn 0.9866 -0.1531 0.0561
vn 0.983 0.1838 0.0011
vn 0.9825 -0.1862 0
vn 0.9869 0.1507 -0.0572
vn 0.9845 -0.1715 -0.0373
vn 0.9852 0.1533 -0.0772
vn 0.983 -0.1745 -0.057
vn 0.9832 0.1394 -0.1176
vn 0.9827 -0.1561 -0.0992
vn 0.9833 0.12 -0.137
vn 0.9835 -0.1369 -0.1187
vn 0.9852 0.0772 -0.1533
vn 0.986 -0.0965 -0.1358
vn 0.9867 -0.0573 -0.152
vn 0.9857 -0.0195 -0.1673
vn 0.6841 0.729 0.0239
vn 0.867 0.0013 0.4983
vn 0.8709 0.1406 0.4709
vn 0.8638 -0.1195 0.4895
vn 0.8729 0.2164 0.4372
vn 0.8676 -0.1946 0.4576
vn 0.8704 0.3228 0.3717
vn 0.868 -0.298 0.3973
vn 0.8689 0.3955 0.2978
vn 0.8696 -0.372 0.3246
vn 0.8679 0.4584 0.1914
vn 0.8723 -0.4376 0.2181
vn 0.8561 0.5085 0.0926
vn 0.8633 -0.4907 0.118
vn 0.867 0.4983 0.0013
vn 0.8673 -0.4977 0
vn 0.8638 0.4901 -0.1164
vn 0.8546 -0.5113 -0.0912
vn 0.8735 0.4345 -0.2195
vn 0.8704 0.3717 -0.3228
vn 0.8678 -0.3988 -0.2964
vn 0.8689 0.2978 -0.3955
vn 0.8679 0.1914 -0.4584
vn 0.8726 -0.2196 -0.4363
vn 0.8708 -0.1437 -0.4702
vn 0 -0.0333 -0.9994
vn 0.9821 0.1871 -0.0198
vn 0.8811 0.473 0.0013
vn 0.9616 0.2746 0.0012
vn 0.9988 0.0481 0.001
vn -0.9935 -0.0344 -0.1089
vn -0.9867 -0.0573 -0.152
vn -0.9849 -0.0773 -0.1546
vn 0.996 -0.0871 -0.0172
vn 0.9924 -0.1232 0
vn 0.9963 -0.0857 0
vn 0.9679 -0.2515 0
vn 0.9722 -0.2335 0.0192
vn 0.9881 -0.1346 -0.0749
vn 0.9736 -0.0012 0.2281
vn 0.876 0.0229 0.4818
vn 0.8018 0.0437 0.596
vn 0.972 -0.1438 -0.1858
vn 0.9511 -0.0847 -0.2971
vn 0.9597 -0.0185 -0.2805
vn -0.3539 -0.8552 -0.3787
vn 0.9408 -0.3364 0.0412
vn 0.9254 -0.022 0.3784
vn -0.8863 -0.1391 0.4417
vn 0.2875 -0.9452 0.1546
vn 0.0711 -0.9949 0.0711
vn 0.0175 -0.9941 0.1072
vn 0.9787 0.1967 -0.0591
vn 0.8346 -0.1981 0.5141
vn 0.0013 0.9175 0.3976
vn 0.0011 0.9825 0.1864
vn -0.6956 -0.2589 -0.6702
vn -0.8386 0.5428 -0.046
vn -0.8395 0.5353 -0.0933
vn -0.6429 0.0952 0.76
vn -0.7155 0.0955 0.692
vn -0.3729 0.9279 -0.0013
vn 0.3485 0.9373 -0.0013
vn -0.9897 0.143 -0.0011
vn -0.9862 -0.1655 0
vn -0.8814 -0.4724 0
vn -0.6739 -0.7388 0
vn -0.371 -0.9287 0
vn -0.0183 0.0872 -0.996
vn -0.2077 0.9782 -0.0012
vn -0.2232 0.9714 0.0811
vn -0.2392 0.9555 0.1724
vn -0.2154 0.9757 -0.0397
vn -0.1898 0.9816 -0.0198
vn -0.2337 0.9721 -0.0204
vn -0.9078 0.4195 -0.0013
vn -0.9437 -0.3302 0.0202
vn -0.751 -0.6599 0.0224
vn -0.4285 -0.9033 0.0212
vn -0.9118 -0.4011 -0.0876
vn -0.8863 -0.4543 -0.0895
vn -0.9169 -0.3939 -0.0645
vn -0.7076 -0.7062 -0.0225
vn -0.6476 -0.762 0
vn 0.0013 0.9373 -0.3485
vn 0.1686 0.9855 -0.0195
vn 0.2115 0.9772 -0.0201
vn -0.852 0.5236 -0.0013
vn 0.9142 -0.4047 -0.021
vn 0.9705 -0.2378 -0.039
vn 0.9493 -0.3118 -0.0407
vn 0.9864 -0.1156 -0.1167
vn 0.9025 -0.4301 -0.0212
vn 0.9788 -0.1783 -0.1008
vn 0.9684 -0.2421 -0.0596
vn -0.7734 0.6335 -0.0238
vn -0.6716 0.7205 0.1729
vn -0.6226 0.7282 0.2865
vn -0.6074 0.7912 0.0704
vn -0.9115 0.4016 0.0891
vn -0.9994 -0.0333 0
vn 0.6848 -0.7283 -0.0225
vn 0.6476 -0.762 0
vn 0.9052 -0.42 -0.0652
vn 0.8925 -0.4462 -0.0659
vn 0.7819 -0.6218 -0.0453
vn 0.7919 -0.6068 -0.0689
vn 0.5785 0.8127 0.07
vn 0.6459 0.7436 0.1726
vn 0.595 0.7513 0.2855
vn 0.7019 0.1207 0.7019
vn 0.6272 0.1201 0.7695
vn -0.9065 -0.4221 0
vn -0.9142 -0.4047 -0.021
vn 0.8455 -0.0205 0.5336
vn 0.9144 0.0196 0.4042
vn 0.7609 0.0469 0.6471
vn 0.696 0.0014 0.7181
vn 0.5603 -0.0235 0.828
vn 0.3399 0.0643 0.9383
vn 0.1743 0.0557 0.9831
vn 0.3976 0.9175 -0.0013
vn 0.9291 0.3699 0.0013
vn 0.9065 -0.4221 0
vn 0.6739 -0.7388 0
vn 0.3466 -0.938 0
vn -0.9909 0.0748 -0.1116
vn -0.9678 0.2518 -0.0012
vn -0.9944 0.0546 0.0902
vn -0.9993 0.0154 0.0338
vn -0.9997 -0.0172 0.0162
vn -0.3821 0.1117 -0.9173
vn 0.8859 0.4549 0.091
vn -0.2551 -0.7669 -0.5889
vn -0.191 -0.8829 -0.429
vn -0.2679 -0.8804 -0.3913
vn -0.0427 -0.9108 -0.4107
vn -0.2279 -0.76 -0.6086
vn 0 -0.9073 -0.4205
vn -0.9413 0.2032 0.2695
vn 0.3595 0.1374 -0.923
vn 0.7695 0.6272 -0.1201
vn 0.729 0.6841 -0.0239
vn 0.9223 0.384 -0.0435
vn 0.9429 0.3062 -0.1308
vn 0.8663 0.4187 -0.2725
vn 0.7281 0.6818 -0.0709
vn 0.3944 0.9166 0.066
vn -0.9989 -0.0344 -0.0334
vn -0.9975 0.018 -0.0689
vn -0.9834 -0.1175 -0.1381
vn -0.9671 -0.1698 -0.1893
vn -0.9456 -0.1531 -0.2872
vn -0.962 -0.1937 -0.1924
vn -0.9997 -0.0172 -0.0162
vn -0.9898 -0.0564 -0.1312
vn -0.8252 -0.3856 -0.4126
vn -0.7902 -0.4194 -0.4469
vn -0.7682 -0.4789 -0.4249
vn -0.9369 -0.1552 -0.3132
vn -0.8766 -0.2447 -0.4143
vn -0.9063 -0.1129 -0.4072
vn -0.9524 -0.0187 -0.3042
vn -0.9023 0.0225 -0.4306
vn -0.9897 0.0011 -0.143
vn -0.9995 -0.001 -0.0323
vn -0.9892 0.0192 -0.1455
vn -0.9516 0.0846 -0.2955
vn -0.8961 0.1874 -0.4023
vn -0.8622 0.244 -0.444
vn -0.9202 0.1857 -0.3445
vn -0.8575 0.2185 -0.4657
vn -0.9852 0.0772 -0.1533
vn -0.862 0.1665 -0.4789
vn -0.9846 0.0361 -0.1713
vn -0.9173 0.1117 -0.3821
vn -0.8789 0.1154 -0.4629
vn -0.9227 0.0881 -0.3753
vn -0.8715 0.0918 -0.4817
vn -0.9817 0.0174 -0.1894
vn -0.9279 0.0624 -0.3677
vn -0.8843 0.045 -0.4647
vn -0.9251 0.0194 -0.3791
vn -0.8701 0.0454 -0.4907
vn -0.9599 0.0209 -0.2797
vn -0.9144 0.0196 -0.4042
vn -0.8179 -0.0014 -0.5753
vn -0.876 0.0229 -0.4818
vn -0.8811 0.0013 -0.473
vn -0.7917 -0.0237 -0.6105
vn -0.9678 0.0012 -0.2518
vn -0.983 -0.0173 -0.1827
vn -0.997 -0.07 -0.0345
vn -0.9897 0.0011 0.143
vn -0.9918 -0.0166 0.1265
vn -0.9662 -0.0182 0.2573
vn -0.9857 -0.0195 0.1673
vn -0.986 -0.0965 0.1358
vn -0.9785 -0.0012 0.2064
vn -0.9215 0.0409 0.3863
vn -0.8976 0.0445 0.4387
vn -0.9346 -0.2736 0.2273
vn -0.9371 -0.3119 0.1566
vn -0.7609 0.0469 0.6471
vn -0.6576 0.0708 0.7501
vn -0.7639 -0.5283 0.3706
vn -0.6204 -0.6718 0.4047
vn -0.6107 0.0209 0.7916
vn -0.4391 0.0199 0.8982
vn -0.4281 0.0901 0.8992
vn -0.5461 -0.1183 0.8293
vn -0.4143 -0.1376 0.8996
vn -0.2978 0.0012 0.9546
vn -0.2272 0.1028 0.9684
vn -0.3132 -0.1552 0.9369
vn -0.3239 -0.206 0.9234
vn -0.5363 -0.1693 0.8269
vn -0.1673 -0.0195 0.9857
vn -0.0748 0.1116 0.9909
vn -0.1893 -0.1698 0.9671
vn -0.1286 -0.2559 0.9581
vn -0.1323 -0.3066 0.9426
vn -0.0614 -0.2929 0.9542
vn -0.039 -0.2378 0.9705
vn -0.1024 -0.2011 0.9742
vn -0.057 -0.1745 0.983
vn 0.0379 -0.193 0.9805
vn 0.0194 -0.2562 0.9664
vn 0 -0.1862 0.9825
vn -0.0667 -0.001 0.9978
vn 0.9993 -0.0339 0.0164
vn 0.9989 0.0323 0.0344
vn 0.9931 0.0736 0.0917
vn -0.1928 0.0367 0.9806
vn 0 -0.0677 0.9977
vn -0.0167 -0.0511 0.9986
vn -0.361 0.0404 0.9317
vn -0.5753 -0.0014 0.8179
vn -0.7069 0.0239 0.7069
vn -0.772 0.0209 0.6352
vn -0.852 0.0013 0.5236
vn -0.9182 -0.0013 0.3961
vn 0.9397 -0.1777 -0.2921
vn 0.9375 0.1551 -0.3116
vn 0.9341 0.229 0.2739
vn -0.5993 -0.8005 0
vn -0.6237 -0.7817 0
vn -0.6967 -0.7174 0
vn -0.6848 -0.7283 0.0225
vn -0.7401 -0.6725 0
vn -0.8274 -0.5612 0.0221
vn -0.9249 -0.3796 0.0207
vn -0.9471 -0.3211 0
vn -0.9888 -0.1479 0.0181
vn -0.7205 0.6716 0.1729
vn -0.8012 -0.5967 -0.0451
vn -0.791 -0.6114 -0.0223
vn -0.7805 -0.6252 0
vn -0.7715 -0.6359 0.0224
vn -0.7404 -0.6706 0.0456
vn 0.7069 0.7069 -0.0239
vn -0.8635 0.4996 0.0686
vn -0.9429 0.3062 0.1308
vn -0.9383 0.3399 0.0643
vn -0.8291 0.5587 0.0235
vn -0.926 0.3769 -0.022
vn -0.9993 0.0174 0.0318
vn 0.9855 -0.1685 0.0183
vn -0.7822 -0.0949 0.6158
vn -0.8467 -0.1174 0.519
vn -0.5724 -0.1974 0.7959
vn -0.5911 -0.1713 0.7882
vn -0.5551 -0.144 0.8192
vn -0.5639 -0.1704 0.8081
vn -0.5995 -0.1196 0.7914
vn -0.5822 -0.1448 0.8001
vn -0.6089 -0.1455 0.7798
vn -0.48 -0.0918 0.8725
vn -0.5729 -0.119 0.8109
vn -0.5446 -0.1962 0.8154
vn -0.6035 -0.3147 0.7326
vn -0.5319 -0.4022 0.7452
vn -0.7201 -0.1762 0.6711
vn -0.4628 -0.5986 0.6539
vn -0.6942 -0.3734 0.6153
vn -0.5473 -0.549 0.6317
vn -0.4911 -0.6542 0.5752
vn -0.4335 -0.6752 0.5968
vn -0.6568 -0.5204 0.5457
vn -0.8456 -0.2497 0.4718
vn -0.9465 -0.0635 0.3164
vn -0.9397 -0.1777 0.2921
vn -0.7902 -0.4194 0.4469
vn -0.6003 -0.6523 0.4628
vn -0.4576 -0.7279 0.5107
vn -0.4247 -0.7694 0.477
vn -0.3978 -0.7679 0.5021
vn -0.3948 -0.788 0.4725
vn 0.876 0.4818 -0.0229
vn 0.9859 0.166 -0.0195
vn 0.9862 -0.1655 0
vn -0.8894 -0.02 0.4567
vn 0.7184 -0.6942 0.0456
vn 0.751 -0.6599 0.0224
vn 0.7607 -0.6491 0
vn 0.6971 0.6686 -0.2589
vn 0.6524 0.5988 -0.4646
vn 0.9035 0.3559 -0.2387
vn 0.8983 -0.0445 -0.437
vn 0.9741 -0.06 -0.2178
vn 0.9987 -0.0502 0
vn 0.8084 -0.4154 -0.417
vn 0.8723 -0.4376 -0.2181
vn 0.5926 -0.6969 -0.4039
vn 0.3286 -0.8541 -0.403
vn 0.3516 -0.9122 -0.2104
vn 0.9286 0.3653 0.0651
vn 0.9945 0.1043 0.0011
vn 0.9154 0.402 -0.0223
vn 0.8114 0.584 0.0236
vn 0.9944 0.0902 -0.0546
vn 0.8476 0.5261 0.0691
vn 0.9338 0.3322 0.1326
vn 0.9947 0.0724 0.0724
vn 0.9944 0.0902 0.0546
vn 0.9722 0.1669 0.1644
vn 0.9757 0.0397 0.2154
vn 0.9941 -0.0164 0.1071
vn 0.9909 0.0748 0.1116
vn 0.8876 0.4062 -0.2171
vn 0.9006 0.2146 -0.378
vn 0.9619 0.1697 -0.2145
vn 0.8354 0.4575 -0.3045
vn 0.6997 0.5906 -0.402
vn 0.4205 0.9049 0.0667
vn 0.365 0.9173 0.1592
vn 0.3956 0.9041 0.1614
vn 0.8904 -0.0227 0.4546
vn 0.7188 -0.6953 0
vn 0.8097 -0.5865 0.0222
vn 0.6584 -0.7523 0.0224
vn 0.5993 -0.8005 0
vn 0.5746 -0.8184 0
vn 0.0537 0.996 0.0712
vn 0.222 0.9494 0.222
vn 0.0014 0.7601 0.6498
vn 0.0014 0.7395 0.6732
vn 0.0014 0.7799 0.6259
vn 0.1188 -0.9832 0.1382
vn 0.5214 -0.8234 0.2239
vn 0.2676 -0.9422 0.2014
vn 0.5532 -0.8019 0.2256
vn 0.5556 -0.8186 0.1456
vn 0.0323 -0.001 -0.9995
vn 0.0171 0.0151 -0.9997
vn -0.8293 -0.1183 0.5461
vn -0.8384 -0.0933 0.5369
vn -0.4572 -0.8891 0.0214
vn -0.2321 -0.9725 0.0191
vn -0.2529 -0.9675 0
vn -0.7695 0.6272 -0.1201
vn -0.9325 0.3586 -0.043
vn -0.9429 0.3062 -0.1308
vn -0.7281 0.6818 0.0709
vn 0.2099 -0.9775 0.0189
vn 0.4285 -0.9033 0.0212
vn 0.2279 -0.9737 0
vn 0.2099 -0.9775 -0.0189
vn 0.018 -0.989 -0.1466
vn 0.0868 -0.9962 0
vn -0.3136 -0.9365 0.1568
vn -0.0356 -0.9934 0.109
vn -0.0928 -0.993 0.0725
vn -0.4031 -0.9149 0.0209
vn -0.5342 -0.8451 0.0219
vn -0.0344 -0.997 0.0688
vn -0.0855 -0.9338 0.3473
vn -0.0569 -0.9832 0.1732
vn 0.8192 -0.144 0.5551
vn 0.8109 -0.119 0.5729
vn 0.802 -0.0944 0.5899
vn 0.3465 -0.6881 -0.6375
vn 0.3322 -0.8382 -0.4324
vn 0.3284 -0.9381 -0.1104
vn 0.3473 -0.9338 -0.0855
vn 0.371 -0.9287 0
vn 0.3284 -0.9381 0.1104
vn 0.3342 -0.9329 0.1342
vn 0.272 -0.9351 0.2271
vn -0.0151 0.0171 0.9997
vn 0.9306 -0.1803 -0.3186
vn 0.8653 -0.2727 -0.4205
vn 0.7687 -0.4531 -0.4514
vn 0.7472 -0.5085 -0.4279
vn 0.9561 -0.2183 -0.1955
vn 0.9981 -0.0519 -0.0339
vn 0.962 -0.1937 -0.1924
vn 0.9803 -0.1392 -0.1404
vn 0.9969 0.0356 -0.0701
vn 0.9255 -0.3004 0.2307
vn 0.9275 -0.3384 0.1588
vn 0.933 -0.2031 0.297
vn 0.9909 -0.0373 0.129
vn 0.9412 -0.0425 0.3352
vn 0.9428 -0.0858 0.3222
vn 0.7687 -0.4531 0.4514
vn 0.742 -0.5573 0.3726
vn 0.5926 -0.6969 0.4039
vn 0.8328 -0.2781 0.4786
vn 0.6317 -0.549 0.5473
vn 0.5687 -0.6808 0.4617
vn 0.8373 -0.143 0.5277
vn 0.6732 -0.4029 0.6201
vn 0.4277 -0.7485 0.5067
vn 0.3948 -0.788 0.4725
vn 0.3679 -0.7859 0.497
vn 0.365 -0.8052 0.4674
vn 0.4039 -0.6969 0.5926
vn 0.4618 -0.6777 0.5723
vn 0.434 -0.6227 0.6511
vn 0.5473 -0.549 0.6317
vn 0.5817 -0.3428 0.7376
vn 0.507 -0.4296 0.7473
vn 0.5218 -0.2256 0.8227
vn 0.7046 -0.2033 0.6798
vn 0.5911 -0.1713 0.7882
vn 0.4612 -0.1153 0.8798
vn 0.5277 -0.143 0.8373
vn 0.6762 -0.1206 0.7268
vn 0.5822 -0.1448 0.8001
vn 0.5639 -0.1704 0.8081
vn 0.5446 -0.1962 0.8154
vn 0.5363 -0.1693 0.8269
vn 0.5527 -0.2238 0.8028
vn 0.5724 -0.1974 0.7959
vn 0.8001 -0.1448 0.5822
vn 0.9775 -0.0201 0.2101
vn 0.9172 0.0631 0.3935
vn 0.8921 0.0674 0.4467
vn 0.7501 0.0708 0.6576
vn 0.6429 0.0952 0.76
vn 0.596 0.0437 0.8018
vn 0.3018 -0.2292 0.9254
vn 0.421 -0.0013 0.907
vn 0.3939 -0.1613 0.9049
vn 0.2921 -0.1777 0.9397
vn 0.4088 0.113 0.9056
vn 0.2805 -0.0185 0.9597
vn 0.2073 0.1234 0.9705
vn 0.1494 -0.0379 0.9881
vn 0.1685 -0.1906 0.9671
vn -0.772 0.0209 -0.6352
vn 0.0011 0.9945 0.1043
vn -0.0554 0.9924 0.1098
vn -0.0546 0.9944 0.0902
vn -0.0724 0.9947 0.0724
vn -0.2477 0.9422 0.2255
vn -0.0186 0.9942 0.1061
vn 0.0367 0.9935 0.1079
vn 0.0361 0.9954 0.0887
vn -0.018 0.9975 0.0689
vn 0.001 0.9977 0.0678
vn -0.0183 0.996 0.0872
vn -0.0175 0.9993 0.0339
vn -0.3559 0.9035 -0.2387
vn -0.1193 0.9801 -0.1586
vn -0.4009 0.8559 -0.3266
vn -0.6718 0.694 -0.2589
vn -0.9357 0.352 -0.0218
vn -0.9112 0.3889 -0.1362
vn -0.9892 0.1455 -0.0192
vn -0.9224 0.362 -0.1345
vn -0.7019 0.7019 -0.1207
vn -0.4358 0.8928 -0.1142
vn -0.9098 0.4128 -0.0441
vn -0.4562 0.8896 -0.0227
vn -0.3034 0.9526 -0.0212
vn -0.4477 0.8942 -0.0013
vn -0.2978 0.9546 -0.0012
vn -0.9023 0.4306 -0.0225
vn -0.8992 0.4281 0.0901
vn -0.9763 0.1441 0.1617
vn -0.9773 0.0177 0.211
vn -0.9919 0.0189 0.1255
vn -0.9942 0.0186 -0.1061
vn -0.8538 0.4246 -0.3011
vn -0.7236 0.5621 -0.4005
vn -0.5075 0.8613 -0.0231
vn -0.4467 0.8921 0.0674
vn -0.3956 0.9041 0.1614
vn -0.4232 0.8912 0.1632
vn -0.6251 0.7547 0.1991
vn -0.4804 0.8317 0.2783
vn -0.8384 0.526 0.1429
vn -0.7825 0.5222 0.339
vn -0.6672 0.6442 0.374
vn -0.7694 0.4786 0.4231
vn -0.6797 0.5186 0.5186
vn -0.989 0.1135 0.0948
vn -0.9422 0.2255 0.2477
vn -0.7879 0.3931 0.474
vn -0.9738 0.1013 0.2038
vn -0.9124 0.2119 0.3502
vn -0.8912 0.1632 0.4232
vn -0.959 0.0834 0.2709
vn -0.9433 0.0858 0.3206
vn -0.997 -0.0355 -0.0689
vn -0.9981 -0.035 -0.0509
vn -0.9973 -0.0528 -0.0517
vn 0.9177 -0.3972 0
vn 0.9189 0.3945 0.0013
vn 0.6967 -0.7174 0
vn -0.8097 -0.5865 0.0222
vn -0.8296 -0.0696 0.554
vn 0.5596 -0.8284 0.0221
vn 0.1672 -0.9858 0.0183
vn 0.3286 -0.9442 0.0202
vn -0.7176 0.6948 0.0471
vn 0.9919 0.1255 -0.0189
vn 0.8976 0.4387 -0.0445
vn 0.8896 0.4562 -0.0227
vn 0.8988 0.4161 -0.1377
vn 0.9112 0.3889 -0.1362
vn 0.6732 0.7395 0.0014
vn 0.4226 0.9063 0.0013
vn 0.6423 0.7216 -0.2585
vn 0.6621 0.6653 -0.3449
vn 0.3281 0.9148 -0.2356
vn 0.0979 0.9829 -0.156
vn 0.3717 0.8704 -0.3228
vn 0.6777 0.7254 -0.1206
vn 0.4088 0.9056 -0.113
vn 0.4306 0.9023 -0.0225
vn 0.2746 0.9616 -0.0012
vn 0.7609 0.0469 -0.6471
vn -0.0693 -0.7521 0.6554
vn -0.1471 -0.7791 0.6094
vn -0.173 -0.7874 0.5917
vn -0.0691 -0.6321 0.7718
vn -0.1181 -0.8623 0.4924
vn -0.1793 -0.9393 0.2924
vn -0.1666 -0.4515 0.8766
vn -0.3027 -0.4572 0.8363
vn -0.3018 -0.2292 0.9254
vn -0.136 -0.9227 0.3608
vn 0 -0.9184 0.3956
vn -0.1522 -0.2604 0.9534
vn -0.0773 -0.1776 0.9811
vn -0.0189 -0.2113 0.9772
vn -0.0183 -0.1685 0.9855
vn -0.1227 -0.9755 0.1828
vn -0.1405 -0.9801 0.1405
vn -0.5532 -0.8019 0.2256
vn -0.2973 -0.9326 0.2047
vn -0.5811 -0.7816 0.2269
vn -0.5827 -0.7994 0.1464
vn -0.0595 -0.9688 0.2406
vn 0.1422 -0.4714 0.8704
vn 0.0455 -0.6465 0.7616
vn 0.1305 -0.281 0.9508
vn 0.0579 -0.1965 0.9788
vn 0.0455 -0.7629 0.645
vn 0.1212 -0.7907 0.6001
vn 0.1464 -0.7994 0.5827
vn 0.0904 -0.871 0.4828
vn 0.1546 -0.9452 0.2875
vn 0.1118 -0.9284 0.3544
vn 0.1009 -0.9785 0.1797
vn 0.0373 -0.9847 0.1701
vn 0.039 -0.9709 0.2363
vn 0.5981 0.7765 0.1983
vn 0.4513 0.8487 0.2757
vn 0.8121 0.5713 0.119
vn 0.7614 0.5513 0.3411
vn 0.6408 0.6705 0.3739
vn 0.7496 0.4794 0.4564
vn 0.6553 0.5475 0.5205
vn 0.9862 0.1344 0.0964
vn 0.9346 0.2516 0.2516
vn 0.7694 0.4231 0.4786
vn 0.9705 0.1234 0.2073
vn 0.9035 0.2387 0.3559
vn 0.8826 0.1894 0.4303
vn 0.9554 0.1059 0.2758
vn 0.9389 0.1088 0.3264
vn 0.9993 -0.0174 -0.0328
vn 0.9961 -0.0536 -0.0701
vn 0.9973 -0.0528 -0.0517
vn 0.9923 -0.0555 -0.111
vn 0.9961 -0.0711 -0.0525
vn 0.9948 -0.0723 -0.0712
vn 0.9846 -0.0385 -0.1703
vn 0.9827 -0.098 -0.1573
vn 0.9812 -0.0785 -0.1764
vn 0.7281 0.6818 0.0709
vn -0.8376 -0.0461 0.5444
vn 0.0011 0.9897 -0.143
vn 0.9975 0.018 -0.0689
vn 0.9988 -0.001 -0.0492
vn 0.1518 -0.9868 -0.0561
vn 0.0666 -0.9978 0
vn 0.429 -0.8829 0.191
vn 0.516 0.3096 0.7987
vn 0.5905 0.1746 0.7879
vn 0.6084 0.1487 0.7796
vn -0.4205 -0.2727 0.8653
vn -0.3536 -0.3769 0.8561
vn -0.443 -0.2473 0.8617
vn -0.0964 0.9862 0.1344
vn -0.0677 -0.9976 -0.0169
vn 0.076 0.9883 0.1322
vn 0.3284 -0.4012 0.8551
vn 0.3973 -0.298 0.868
vn 0.2765 -0.48 0.8326
vn 0.4205 -0.2727 0.8653
vn -0.7188 -0.6953 0
vn -0.928 -0.3725 0
vn -0.3956 -0.9184 0
vn -0.7607 -0.6491 0
vn -0.9291 0.3699 -0.0013
vn -0.7181 0.696 -0.0014
vn -0.836 0.5487 -0.0014
vn -0.0367 -0.9881 -0.1492
vn -0.2321 -0.9725 -0.0191
vn -0.1054 -0.9944 0
vn 0.0159 -0.9999 0
vn -0.0323 -0.9995 0
vn -0.018 -0.989 -0.1466
vn -0.0356 -0.9934 -0.109
vn -0.1041 -0.9686 -0.226
vn 0.05 -0.9986 -0.0167
vn 0.0161 -0.9997 0.0161
vn -0.0328 -0.9993 0.0164
vn -0.3021 -0.9249 0.2309
vn -0.3544 -0.9284 0.1118
vn -0.3608 -0.9227 0.136
vn -0.3733 -0.9237 -0.0866
vn -0.3544 -0.9284 -0.1118
vn -0.3579 -0.8398 -0.4081
vn -0.3616 -0.8232 -0.4378
vn -0.3758 -0.6675 -0.6428
vn 0.6098 -0.7922 0.0223
vn 0.7816 -0.6168 -0.0933
vn 0.9249 -0.3796 -0.0207
vn -0.8416 0.0233 0.5396
vn 0.129 -0.0373 -0.9909
vn 0.1148 -0.0949 -0.9888
vn 0.0977 -0.1346 -0.9861
vn 0.0561 -0.1531 -0.9866
vn 0.0373 -0.1715 -0.9845
vn 0 -0.1428 -0.9897
vn -0.0178 -0.1254 -0.9919
vn -0.0552 -0.1323 -0.9897
vn -0.0737 -0.114 -0.9907
vn -0.1148 -0.0949 -0.9888
vn -0.1494 -0.0379 -0.9881
vn -0.143 0.0011 -0.9897
vn -0.1299 0.0563 -0.9899
vn -0.1116 0.0748 -0.9909
vn -0.0554 0.1098 -0.9924
vn -0.0186 0.1061 -0.9942
vn 0.0373 0.1277 -0.9911
vn 0.0933 0.0933 -0.9913
vn 0.1098 0.0554 -0.9924
vn -0.2624 -0.9641 0.0396
vn -0.3286 -0.9442 0.0202
vn -0.2861 -0.9574 0.0402
vn -0.3466 -0.938 0
vn -0.378 -0.9256 -0.0207
vn -0.8613 0.5075 -0.0231
vn 0.2363 -0.9709 0.039
vn 0.3045 -0.9523 0.02
vn 0.2624 -0.9641 0.0396
vn 0.3225 -0.9466 0
vn 0.3532 -0.9353 -0.0205
vn 0.2765 -0.2551 0.9265
vn 0.0543 -0.9923 -0.1109
vn -0.0748 -0.9882 -0.1333
vn 0.0178 -0.9918 -0.1266
vn -0.1188 -0.9832 -0.1382
vn -0.0362 -0.991 -0.1288
vn -0.0993 -0.9825 -0.1575
vn -0.1208 -0.9797 -0.1602
vn -0.2096 -0.9666 -0.1475
vn -0.1828 -0.9755 -0.1227
vn -0.2544 -0.9585 -0.1285
vn -0.1656 -0.9722 -0.1656
vn -0.0183 -0.9858 -0.1672
vn -0.0379 -0.9807 -0.1917
vn 0.0711 -0.9949 -0.0711
vn 0.0525 -0.9962 -0.07
vn 0.1333 -0.9882 -0.0748
vn 0.1128 -0.9909 -0.0737
vn 0.0328 -0.9993 0.0164
vn 0.0677 -0.9976 0.0169
vn 0.836 0.0014 0.5487
vn 0.8386 0.046 0.5428
vn 0.3189 -0.9302 0.1818
vn -0.867 0.4983 -0.0013
vn 0.7176 0.6948 0.0471
vn 0.7348 0.6623 0.1463
vn -0.4697 -0.8713 0.1421
vn 0.0012 0.9782 0.2077
vn -0.1986 -0.9769 0.0784
vn -0.1951 -0.9791 0.0578
vn -0.1732 -0.9832 0.0569
vn -0.1883 -0.9819 0.0186
vn -0.2099 -0.9775 -0.0189
vn -0.2137 -0.9761 0.0384
vn -0.3943 -0.9044 0.1629
vn -0.474 -0.8805 0
vn 0.4456 -0.8952 0
vn 0.3956 -0.9184 0
vn 0.2989 -0.9543 0
vn 0.2061 -0.9785 0
vn -0.7348 0.6623 0.1463
vn 0.6089 -0.1455 -0.7798
vn 0.1073 -0.2761 0.9551
vn 0.1103 -0.3268 0.9386
vn 0.0407 -0.3118 0.9493
vn 0.05 -0.0177 0.9986
vn 0.0563 0.1299 0.9899
vn 0.0454 0.8701 0.4907
vn 0.0949 0.6174 0.7809
vn 0.0014 0.6228 0.7823
vn 0.0013 0.867 0.4983
vn 0.104 -0.2245 0.9689
vn -0.1196 0.6011 0.7902
vn -0.0686 0.8635 0.4996
vn -0.1245 -0.2046 0.9709
vn 0 -0.8936 0.4488
vn -0.0666 -0.8778 0.4743
vn 0.0436 -0.8838 0.4658
vn -0.4918 -0.8696 -0.044
vn -0.575 -0.7565 0.3116
vn -0.9551 -0.2761 -0.1073
vn -0.9399 -0.2908 -0.1792
vn -0.6711 -0.1762 0.7201
vn -0.9821 0.1871 -0.0198
vn -0.9714 0.2232 -0.0811
vn -0.545 0.7784 0.3117
vn -0.6297 0.5216 0.5757
vn -0.9473 -0.3012 -0.1088
vn -0.6608 -0.1463 0.7362
vn -0.4829 -0.8754 -0.0216
vn -0.948 -0.2648 -0.1766
vn -0.9581 -0.2559 -0.1286
vn -0.5963 -0.7509 0.2838
vn -0.9849 0.169 -0.0385
vn -0.5736 0.7568 0.3133
vn -0.6553 0.5205 0.5475
vn -0.5179 -0.8543 -0.0443
vn -0.9646 -0.2314 -0.1267
vn -0.9869 0.1507 -0.0572
vn -0.9738 0.2038 -0.1013
vn 0.0012 0.9733 0.2295
vn -0.9552 -0.2395 -0.1739
vn -0.6018 0.7341 0.3146
vn 0.0012 0.3214 0.9469
vn 0 -0.1232 0.9924
vn 0 -0.3481 0.9375
vn 0 -0.6009 0.7993
vn -0.0175 -0.106 0.9942
vn -0.0212 0.3034 0.9526
vn -0.9993 0.0318 0.0174
vn -0.9993 0.0154 -0.0338
vn -0.0367 0.1079 0.9935
vn 0.0198 0.1871 0.9821
vn 0.0011 0.143 0.9897
vn -0.0186 0.1061 0.9942
vn -0.0546 0.0902 0.9944
vn 0.0169 -0.9976 0.0677
vn 0.063 -0.9379 0.3411
vn -0.7053 0.071 0.7053
vn -0.0189 0.1255 0.9919
vn 0.0011 0.1631 0.9866
vn -0.7816 -0.6168 -0.0933
vn -0.9249 -0.3796 -0.0207
vn -0.739 -0.6671 0.0938
vn -0.9386 -0.3268 -0.1103
vn -0.8615 -0.4444 -0.2457
vn -0.9757 -0.1213 -0.1826
vn -0.9429 0.1308 -0.3062
vn -0.9738 0.1013 -0.2038
vn -0.8663 0.4187 -0.2725
vn -0.9868 0.0194 0.1609
vn 0.692 0.0955 0.7155
vn 0.9897 0.0011 0.143
vn 0.9919 0.0189 0.1255
vn 0.9546 0.0012 0.2978
vn 0.9469 0.3214 0.0012
vn 0.8899 -0.4556 0.0214
vn 0.6848 -0.7283 0.0225
vn 0.378 -0.9256 0.0207
vn 0.1377 0.4161 0.8988
vn 0.0231 0.5075 0.8613
vn 0.3228 0.3717 0.8704
vn 0.1074 0.3008 0.9476
vn 0.0414 0.2849 0.9577
vn -0.0207 0.2565 0.9663
vn 0.0595 -0.9688 -0.2406
vn 0.1452 -0.9718 -0.1859
vn -0.0808 -0.9661 -0.245
vn -0.1684 -0.9674 -0.1891
vn 0 -0.938 -0.3466
vn -0.0209 -0.9149 -0.4031
vn -0.0224 -0.6599 -0.751
vn 0.1849 -0.9828 0
vn -0.2061 -0.9785 0
vn -0.2279 -0.9737 0
vn -0.5978 0.7927 0.1196
vn -0.6072 0.7811 0.1454
vn -0.6163 0.7685 0.172
vn -0.2518 0.9678 -0.0012
vn -0.7289 -0.6811 0.0694
vn -0.7456 -0.6432 0.1742
vn -0.0618 0.962 -0.266
vn -0.042 0.9501 -0.3091
vn -0.0414 0.9577 -0.2849
vn -0.0215 0.9446 -0.3275
vn 0.0209 0.9599 -0.2797
vn 0.0212 0.9526 -0.3034
vn 0.0409 0.9644 -0.2612
vn 0.5713 0.8121 0.119
vn 0.5805 0.8013 0.1447
vn 0.5894 0.7895 0.1712
vn 0.739 -0.6671 0.0938
vn 0.7289 -0.6811 0.0694
vn 0.7456 -0.6432 0.1742
vn -0.6226 0.7282 -0.2865
vn -0.0993 -0.9825 0.1575
vn 0.076 -0.9851 0.1545
vn 0.0012 0.9469 0.3214
vn 0.0012 0.9616 0.2746
vn -0.0215 0.9446 0.3275
vn -0.0204 0.9721 0.2337
vn -0.0223 0.914 0.4052
vn 0.0013 0.9063 0.4226
vn -0.0229 0.876 0.4818
vn 0.0691 0.8476 0.5261
vn -0.0933 0.8395 0.5353
vn 0.0014 0.836 0.5487
vn 0.0014 0.7988 0.6015
vn -0.0238 0.7709 0.6366
vn 0.0014 0.6732 0.7395
vn -0.0238 0.6335 0.7734
vn 0.0014 0.5737 0.819
vn -0.0454 0.4907 0.8701
vn 0.0013 0.473 0.8811
vn 0.0013 0.3699 0.9291
vn -0.1614 0.3956 0.9041
vn -0.3475 0.3475 0.8709
vn 0.0012 0.2978 0.9546
vn -0.129 0.2807 0.9511
vn -0.0618 0.266 0.962
vn -0.5142 -0.3095 0.7999
vn -0.7571 0.6367 0.146
vn -0.7785 0.6105 0.1455
vn -0.8121 0.5713 0.119
vn -0.8638 0.4901 0.1164
vn -0.8477 0.5173 0.1174
vn -0.8789 0.4629 0.1154
vn 0.4911 -0.3364 0.8035
vn -0.3944 0.066 0.9166
vn -0.3214 0.0012 0.9469
vn -0.3543 0.0192 0.9349
vn -0.4016 0.0891 0.9115
vn -0.4205 0.0667 0.9049
vn 0.3337 0.0425 0.9417
vn 0.3461 0.0869 0.9342
vn 0.3657 0.1624 0.9164
vn 0.3034 0.0212 0.9526
vn 0.7115 0.6873 0.1465
vn 0.7571 0.6367 0.146
vn 0.7902 0.6011 0.1196
vn 0.8477 0.5173 0.1174
vn -0.8102 0.0208 -0.5858
vn -0.9806 -0.0391 0.1919
vn 0.5293 -0.2538 0.8096
vn -0.7914 -0.1196 0.5995
vn -0.9546 0.0012 0.2978
vn 0.9806 -0.0391 0.1919
vn 0.7914 -0.1196 0.5995
vn -0.5527 -0.2238 0.8028
vn 0.8018 0.0437 -0.596
vn -0.9547 -0.2974 0
vn -0.0469 0.7609 0.6471
vn -0.047 0.7397 0.6713
vn 0.0238 0.7709 0.6366
vn 0.0238 0.7504 0.6606
vn -0.0191 -0.9725 -0.2321
vn -0.3794 -0.9004 -0.2131
vn -0.7122 -0.6636 -0.229
vn -0.6511 -0.6227 -0.434
vn -0.8497 -0.2755 -0.4495
vn -0.9255 -0.3004 -0.2307
vn -0.0397 0.9757 0.2154
vn -0.0201 0.9772 0.2115
vn 0.0201 0.9772 0.2115
vn 0.0011 0.9924 0.1234
vn -0.0189 0.9919 0.1255
vn -0.0172 0.9997 0.0172
vn 0.0011 0.9897 0.143
vn 0.0177 0.9985 -0.0511
vn -0.0225 0.9023 -0.4306
vn -0.0235 0.8291 -0.5587
vn -0.0209 0.9599 -0.2797
vn 0.06 0.9738 -0.2193
vn -0.0192 0.9892 -0.1455
vn 0.0011 0.9963 0.0858
vn -0.8207 -0.0939 0.5635
vn -0.9 -0.09 0.4265
vn -0.802 -0.0944 0.5899
vn 0.8936 -0.1142 0.4341
vn 0.9063 -0.1129 0.4072
vn 0.347 -0.0013 0.9379
vn 0.2746 0.0012 0.9616
vn -0.7668 0.1753 -0.6174
vn -0.4089 0.214 -0.8871
vn -0.729 0.1997 -0.6547
vn 0.7132 0.2273 -0.6631
vn 0.7529 0.2025 -0.6262
vn 0.384 0.2417 -0.8911
vn -0.3644 0.0219 0.931
vn -0.2938 0.0186 0.9557
vn -0.1228 0.0166 0.9923
vn 0.1043 0.0011 0.9945
vn 0.2091 0.9231 -0.3229
vn 0.3897 0.8067 -0.4442
vn 0.2978 0.8689 -0.3955
vn 0.1655 -0.1642 -0.9725
vn 0.039 -0.2378 -0.9705
vn 0.3684 -0.2944 -0.8818
vn -0.6361 -0.2303 0.7364
vn -0.8466 -0.0691 0.5277
vn 0.617 -0.2579 0.7435
vn 0.8384 -0.0933 0.5369
vn 0.0207 -0.3796 0.9249
vn 0.0797 -0.223 0.9716
vn 0 -0.2742 0.9617
vn 0.0186 -0.1896 0.9817
vn 0.0169 -0.0688 0.9975
vn -0.0205 -0.3547 0.9348
vn -0.0417 -0.3614 0.9315
vn -0.0797 -0.223 0.9716
vn -0.0194 -0.2562 0.9664
vn -0.0373 -0.1715 0.9845
vn -0.0339 -0.0519 0.9981
vn 0 -0.0857 0.9963
vn 0.1088 0.3264 -0.9389
vn 0.2356 0.3281 -0.9148
vn -0.1308 0.3062 -0.9429
vn -0.2591 0.3054 -0.9163
vn -0.0209 0.2797 -0.9599
vn 0.0012 0.2746 -0.9616
vn -0.0207 0.2565 -0.9663
vn 0 -0.0502 -0.9987
vn -0.1858 -0.1438 -0.972
vn -0.0587 -0.219 -0.974
vn -0.3973 -0.298 -0.868
vn -0.2356 0.9148 -0.3281
vn -0.1529 0.9461 -0.2856
vn -0.3266 0.8559 -0.4009
vn -0.4196 0.789 -0.4488
vn -0.4108 0.8263 -0.3854
vn 0.3811 0.8423 -0.3811
vn -0.7825 0.0439 -0.6212
vn -0.3397 0.0216 0.9403
vn 0.3214 0.0012 0.9469
vn 0.129 0.9511 -0.2807
vn 0.1117 -0.3528 0.929
vn 0.1911 -0.4307 0.882
vn -0.1341 -0.3326 0.9335
vn -0.2157 -0.4093 0.8865
vn -0.1448 0.5838 -0.7988
vn -0.1463 0.6623 -0.7348
vn 0.5173 -0.0429 -0.8547
vn 0.6842 -0.021 -0.729
vn 0.6949 -0.0441 -0.7177
vn 0.1418 0.4985 0.8552
vn 0.4323 0.6258 0.6492
vn 0.2842 0.5668 0.7733
vn -0.1665 0.4789 0.862
vn -0.3117 0.545 0.7784
vn -0.4646 0.5988 0.6524
vn -0.0748 0.1116 -0.9909
vn -0.0356 0.0701 -0.9969
o weapon_offset__p0_c0
f 1/1/1 2/2/1 3/3/1
f 4/4/1 5/5/1 2/2/1
f 2/2/1 5/5/1 3/3/1
f 6/6/1 7/7/1 5/5/1
f 5/5/1 7/7/1 8/8/1
f 8/8/1 7/7/1 9/9/1
f 3/3/1 5/5/1 10/10/1
f 10/10/1 5/5/1 8/8/1
f 10/10/1 8/8/1 11/11/1
f 11/11/1 8/8/1 12/12/1
f 10/10/1 11/11/1 13/13/1
f 3/3/1 10/10/1 14/14/1
f 14/14/1 10/10/1 15/15/1
f 3/3/1 14/14/1 16/16/1
f 16/16/1 14/14/1 17/17/1
f 3/3/1 16/16/1 18/18/1
f 19/19/2 20/20/2 21/21/2
f 22/22/3 23/23/3 24/24/3
f 25/25/1 26/26/1 27/27/1
f 28/28/1 27/27/1 29/29/1
f 29/29/1 27/27/1 26/26/1
f 30/30/1 29/29/1 31/31/1
f 31/31/1 29/29/1 32/32/1
f 32/32/1 29/29/1 26/26/1
f 31/31/1 32/32/1 33/33/1
f 34/34/1 35/35/1 26/26/1
f 26/26/1 35/35/1 36/36/1
f 26/26/1 36/36/1 32/32/1
f 36/36/1 35/35/1 37/37/1
f 32/32/1 36/36/1 38/38/1
f 38/38/1 36/36/1 39/39/1
f 32/32/1 38/38/1 40/40/1
f 20/20/4 41/41/4 42/42/4
f 43/43/5 22/22/5 44/44/5
f 45/45/6 46/46/7 47/47/8
f 45/45/6 47/47/8 48/45/9
f 45/45/6 48/45/9 49/48/10
f 45/45/6 49/48/10 46/46/7
f 46/46/7 49/48/10 50/49/11
f 47/47/8 46/46/7 51/50/12
f 52/51/13 53/52/14 51/50/12
f 52/51/13 51/50/12 54/53/15
f 51/50/12 46/46/7 55/54/16
f 51/50/12 55/54/16 54/53/15
f 46/46/7 50/49/11 56/55/17
f 57/56/18 58/57/19 50/49/11
f 50/49/11 58/57/19 56/55/17
f 46/46/7 56/55/17 59/58/20
f 46/46/7 59/58/20 55/54/16
f 59/58/20 56/55/17 60/59/21
f 59/58/20 60/59/21 55/54/16
f 56/55/17 58/57/19 61/60/22
f 60/59/21 56/55/17 62/61/1
f 60/59/21 62/61/1 55/54/16
f 62/61/1 56/55/17 61/60/22
f 61/60/22 58/57/19 63/62/23
f 55/54/16 62/61/1 64/63/24
f 55/54/16 64/63/24 54/53/15
f 54/53/15 64/63/24 65/64/25
f 66/65/26 67/66/27 65/64/25
f 66/65/26 65/64/25 64/63/24
f 62/61/1 61/60/22 68/67/24
f 62/61/1 68/67/24 64/63/24
f 66/65/26 64/63/24 69/68/28
f 70/69/29 69/68/28 71/70/30
f 71/70/30 69/68/28 72/71/31
f 72/71/31 69/68/28 73/72/32
f 73/72/32 69/68/28 64/63/24
f 72/71/31 73/72/32 74/73/33
f 64/63/24 68/67/24 75/74/34
f 64/63/24 75/74/34 73/72/32
f 73/72/32 75/74/34 74/73/33
f 75/74/34 68/67/24 61/60/22
f 74/73/33 75/74/34 76/75/35
f 76/75/35 75/74/34 61/60/22
f 74/73/33 76/75/35 77/76/36
f 77/76/36 76/75/35 78/77/37
f 78/77/37 76/75/35 61/60/22
f 77/76/36 78/77/37 79/78/38
f 79/78/38 78/77/37 80/79/39
f 78/77/37 61/60/22 81/80/40
f 78/77/37 81/80/40 80/79/39
f 81/80/40 61/60/22 63/62/23
f 80/79/39 81/80/40 82/81/41
f 81/80/40 63/62/23 83/82/42
f 82/81/41 81/80/40 84/83/43
f 81/80/40 83/82/42 85/84/44
f 81/80/40 85/84/44 84/83/43
f 50/85/11 86/86/45 57/87/18
f 87/88/46 88/89/46 89/90/46
f 90/91/46 89/90/46 88/89/46
f 91/92/47 92/93/47 93/94/47
f 94/95/47 93/94/47 92/93/47
f 67/66/27 66/65/26 95/96/48
f 95/96/48 66/65/26 96/97/49
f 96/97/49 66/65/26 97/98/50
f 97/98/50 66/65/26 70/69/29
f 70/69/29 66/65/26 69/68/28
f 98/99/51 99/100/52 100/101/53
f 98/99/51 100/101/53 101/102/54
f 102/103/55 103/104/56 104/105/57
f 102/103/55 104/105/57 105/106/58
f 93/94/59 94/95/59 106/107/59
f 106/107/59 94/95/59 107/108/59
f 89/90/60 90/91/60 108/109/60
f 108/109/60 90/91/60 109/110/60
f 110/111/61 111/112/61 112/113/61
f 112/113/61 111/112/61 113/114/61
f 114/115/62 115/116/62 116/117/62
f 116/117/62 115/116/62 117/118/62
f 118/119/63 119/120/64 120/121/65
f 121/122/66 122/123/66 123/124/66
f 124/125/67 125/126/67 114/115/67
f 114/115/67 125/126/67 115/116/67
f 126/127/68 127/128/68 128/129/68
f 128/129/68 127/128/68 129/130/68
f 112/113/69 113/114/69 130/131/69
f 131/132/69 130/131/69 113/114/69
f 132/133/70 133/134/71 19/19/72
f 132/133/70 19/19/72 134/133/73
f 132/133/70 134/133/73 23/23/74
f 132/133/70 23/23/74 133/134/71
f 19/19/72 133/134/71 135/135/75
f 19/19/72 135/135/75 20/20/76
f 135/135/75 133/134/71 136/136/77
f 133/134/71 23/23/74 137/137/71
f 133/134/71 137/137/71 136/136/77
f 137/137/71 23/23/74 22/22/78
f 135/135/75 136/136/77 138/138/77
f 138/138/77 136/136/77 137/137/71
f 20/20/76 135/135/75 139/139/79
f 139/139/79 135/135/75 138/138/77
f 20/20/76 139/139/79 41/41/80
f 137/137/71 22/22/78 140/140/81
f 137/137/71 140/140/81 138/138/77
f 140/140/81 22/22/78 43/43/82
f 140/140/81 43/43/82 141/141/83
f 140/140/81 141/141/83 142/142/84
f 41/41/80 139/139/79 143/143/85
f 140/140/81 142/142/84 144/144/86
f 143/143/85 139/139/79 145/145/87
f 143/143/85 145/145/87 146/146/88
f 145/145/87 139/139/79 147/147/89
f 145/145/87 147/147/89 148/148/90
f 148/148/90 147/147/89 149/149/91
f 147/147/89 139/139/79 150/150/92
f 140/140/81 144/144/86 150/150/92
f 150/150/92 139/139/79 138/138/77
f 150/150/92 138/138/77 140/140/81
f 149/149/91 147/147/89 151/151/93
f 151/151/93 147/147/89 150/150/92
f 151/151/93 150/150/92 144/144/86
f 149/149/91 151/151/93 152/152/94
f 152/152/94 151/151/93 153/153/94
f 153/153/94 151/151/93 144/144/86
f 153/153/94 144/144/86 154/154/95
f 142/142/84 141/141/83 155/155/96
f 144/144/86 142/142/84 154/154/95
f 116/117/97 117/118/97 156/156/97
f 156/156/97 117/118/97 157/157/97
f 158/158/46 159/159/46 110/111/46
f 110/111/46 159/159/46 111/112/46
f 124/125/46 160/160/46 125/126/46
f 125/126/46 160/160/46 161/161/46
f 161/161/46 160/160/46 126/127/46
f 161/161/46 126/127/46 128/129/46
f 162/162/98 163/163/98 164/164/98
f 165/165/99 166/166/99 167/167/99
f 168/168/100 164/164/101 169/169/101
f 168/168/100 169/169/101 170/170/102
f 168/168/100 170/170/102 171/171/103
f 171/171/103 170/170/102 172/172/104
f 171/171/103 172/172/104 173/173/105
f 171/171/103 173/173/105 174/174/106
f 174/174/106 173/173/105 175/175/107
f 175/175/107 173/173/105 176/176/108
f 174/174/106 175/175/107 177/177/71
f 177/177/71 175/175/107 178/178/71
f 174/174/106 177/177/71 179/179/71
f 177/177/71 178/178/71 180/180/109
f 179/179/71 177/177/71 181/181/110
f 181/181/110 177/177/71 180/180/109
f 181/181/110 180/180/109 182/182/111
f 182/182/111 180/180/109 183/183/77
f 181/181/110 182/182/111 184/184/112
f 159/159/113 158/158/113 185/185/114
f 185/185/114 158/158/113 186/186/114
f 185/185/114 186/186/114 187/187/115
f 185/185/114 187/187/115 188/188/115
f 127/128/116 189/189/116 129/130/116
f 129/130/116 189/189/116 190/190/116
f 107/108/117 191/191/117 106/107/117
f 106/107/117 191/191/117 192/192/117
f 193/193/118 194/194/119 195/195/118
f 195/195/118 194/194/119 196/196/119
f 193/193/118 195/195/118 197/197/120
f 193/193/118 197/197/120 198/198/121
f 198/198/121 197/197/120 199/199/122
f 199/199/122 197/197/120 200/200/123
f 193/193/118 198/198/121 201/201/124
f 201/201/124 198/198/121 202/202/124
f 201/201/124 202/202/124 203/203/125
f 201/201/124 203/203/125 162/162/125
f 204/204/126 195/195/118 196/196/119
f 195/195/118 204/204/126 205/204/127
f 195/195/118 205/204/127 206/205/94
f 204/204/126 196/196/119 207/206/119
f 206/205/94 205/204/127 207/206/119
f 207/206/119 205/204/127 204/204/126
f 207/206/119 196/196/119 194/194/119
f 207/206/119 194/194/119 208/207/119
f 207/206/119 208/207/119 209/208/128
f 209/208/128 208/207/119 210/209/129
f 209/208/128 210/209/129 211/210/130
f 210/209/129 208/207/119 212/211/131
f 210/209/129 212/211/131 213/212/131
f 213/212/131 212/211/131 214/213/132
f 214/213/132 212/211/131 166/214/132
f 182/215/111 215/216/133 184/217/112
f 216/218/134 217/219/135 184/217/112
f 217/219/135 216/218/134 218/220/136
f 217/219/135 218/220/136 167/167/137
f 219/221/71 220/222/71 221/223/71
f 221/223/71 220/222/71 222/224/71
f 223/225/110 224/226/110 157/157/110
f 157/157/110 224/226/110 156/156/110
f 131/132/110 225/227/110 130/131/110
f 130/131/110 225/227/110 226/228/110
f 227/229/138 228/230/138 87/88/138
f 88/89/138 87/88/138 228/230/138
f 220/222/109 108/109/109 222/224/109
f 222/224/109 108/109/109 109/110/109
f 229/231/139 230/232/139 91/92/139
f 92/93/139 91/92/139 230/232/139
f 226/228/140 225/227/140 231/233/140
f 231/233/140 225/227/140 232/234/140
f 184/217/112 215/216/133 216/218/134
f 192/192/128 191/191/128 233/235/128
f 233/235/128 191/191/128 234/236/128
f 224/226/126 223/225/126 235/237/126
f 235/237/126 223/225/126 236/238/126
f 219/221/141 221/223/141 237/239/141
f 237/239/141 221/223/141 238/240/141
f 209/241/128 211/242/130 239/243/142
f 240/244/143 241/245/144 242/246/143
f 242/246/143 241/245/144 243/247/144
f 243/247/144 241/245/144 244/248/145
f 243/247/144 244/248/145 245/249/145
f 245/249/145 244/248/145 246/250/71
f 246/250/71 244/248/145 247/251/71
f 246/250/71 247/251/71 248/252/146
f 246/250/71 248/252/146 249/253/146
f 249/253/146 248/252/146 187/187/147
f 187/187/147 248/252/146 188/188/147
f 189/189/148 250/254/148 190/190/148
f 190/190/148 250/254/148 251/255/148
f 252/256/149 253/257/149 254/258/149
f 252/256/149 254/258/149 255/259/149
f 253/257/149 252/256/149 256/260/149
f 256/260/149 252/256/149 255/259/149
f 254/258/149 253/257/149 257/261/149
f 253/257/149 256/260/149 258/262/149
f 253/257/149 258/262/149 259/263/149
f 259/263/149 258/262/149 260/264/149
f 260/264/149 258/262/149 261/265/149
f 257/261/149 253/257/149 262/266/149
f 262/266/149 253/257/149 263/267/149
f 262/266/149 263/267/149 264/268/149
f 261/265/149 258/262/149 265/269/149
f 261/265/149 265/269/149 266/270/150
f 266/270/150 265/269/149 267/271/151
f 265/269/149 258/262/149 268/272/149
f 268/272/149 258/262/149 256/260/149
f 268/272/149 256/260/149 269/273/149
f 265/269/149 268/272/149 270/272/149
f 270/272/149 268/272/149 269/273/149
f 267/271/151 265/269/149 271/274/149
f 271/274/149 265/269/149 270/272/149
f 267/271/151 271/274/149 272/275/149
f 267/271/151 272/275/149 273/276/152
f 273/276/152 272/275/149 274/277/153
f 274/277/153 272/275/149 271/274/149
f 271/274/149 270/272/149 275/278/149
f 271/274/149 275/278/149 274/277/153
f 275/278/149 270/272/149 269/273/149
f 274/277/153 275/278/149 276/279/149
f 276/279/149 275/278/149 277/280/149
f 277/280/149 275/278/149 269/273/149
f 277/280/149 269/273/149 278/281/149
f 278/281/149 269/273/149 279/282/149
f 279/282/149 269/273/149 255/259/149
f 255/259/149 269/273/149 256/260/149
f 280/283/149 255/259/149 281/284/149
f 280/283/149 281/284/149 282/285/150
f 281/284/149 255/259/149 283/286/149
f 283/286/149 255/259/149 254/258/149
f 283/286/149 254/258/149 284/287/149
f 283/286/149 284/287/149 281/284/149
f 285/288/149 282/285/154 281/284/149
f 285/288/149 281/284/149 286/289/149
f 286/289/149 281/284/149 287/290/149
f 287/290/149 281/284/149 284/287/149
f 284/287/149 254/258/149 288/291/149
f 288/291/149 254/258/149 289/292/149
f 284/287/149 288/291/149 290/293/149
f 290/293/149 288/291/149 289/292/149
f 289/292/149 254/258/149 257/261/149
f 284/287/149 290/293/149 291/294/149
f 291/294/149 290/293/149 289/292/149
f 284/287/149 291/294/149 287/290/149
f 289/292/149 257/261/149 262/266/149
f 287/290/149 291/294/149 292/295/149
f 291/294/149 289/292/149 293/296/149
f 291/294/149 293/296/149 292/295/149
f 293/296/149 289/292/149 262/266/149
f 287/290/149 292/295/149 294/297/149
f 294/297/149 292/295/149 293/296/149
f 287/290/149 294/297/149 295/298/149
f 294/297/149 293/296/149 296/299/149
f 293/296/149 262/266/149 297/300/149
f 297/300/149 262/266/149 298/301/150
f 298/301/150 262/266/149 264/268/155
f 299/302/150 295/303/150 294/304/149
f 295/303/150 286/305/150 287/306/150
f 297/307/149 296/308/149 293/309/149
f 300/310/149 294/311/149 296/308/149
f 301/312/156 302/313/157 303/314/158
f 304/315/159 23/316/160 305/315/161
f 305/315/161 23/316/160 134/317/161
f 23/316/160 304/315/159 306/318/162
f 23/316/160 306/318/162 24/319/163
f 24/319/163 306/318/162 307/320/164
f 307/320/164 306/318/162 308/321/165
f 306/318/162 304/315/159 309/322/166
f 306/318/162 309/322/166 308/321/165
f 309/322/166 304/315/159 310/323/167
f 308/321/165 309/322/166 311/324/168
f 309/322/166 310/323/167 312/325/169
f 309/322/166 312/325/169 311/324/168
f 312/325/169 310/323/167 313/326/170
f 311/324/168 312/325/169 314/327/171
f 312/325/169 313/326/170 315/328/172
f 314/327/171 312/325/169 316/329/173
f 316/329/173 312/325/169 315/328/172
f 317/330/174 318/331/175 259/332/176
f 318/331/175 317/330/174 319/333/177
f 320/334/178 316/329/173 315/328/172
f 316/329/173 320/334/178 321/335/179
f 316/329/173 321/335/179 322/336/180
f 322/336/180 321/335/179 323/337/150
f 316/329/173 322/336/180 324/338/181
f 322/336/180 323/337/150 325/339/182
f 322/336/180 325/339/182 324/338/181
f 325/339/182 323/337/150 326/340/183
f 324/338/181 325/339/182 327/341/184
f 325/339/182 326/340/183 328/342/185
f 325/339/182 328/342/185 327/341/184
f 328/342/185 326/340/183 329/343/183
f 327/341/184 328/342/185 330/344/186
f 328/342/185 329/343/183 331/345/187
f 330/344/186 328/342/185 332/346/188
f 332/346/188 328/342/185 331/345/187
f 332/346/188 331/345/187 333/347/189
f 332/346/188 333/347/189 334/348/190
f 334/348/190 333/347/189 335/349/191
f 335/349/191 333/347/189 336/350/192
f 335/349/191 336/350/192 337/351/193
f 335/349/191 337/351/193 338/352/190
f 338/352/190 337/351/193 339/353/194
f 338/352/190 339/353/194 340/354/195
f 340/354/195 339/353/194 341/355/196
f 340/354/195 341/355/196 342/356/197
f 342/356/197 341/355/196 343/357/198
f 342/356/197 343/357/198 344/358/199
f 344/358/199 343/357/198 345/359/200
f 344/358/199 345/359/200 346/360/201
f 344/358/199 346/360/201 347/361/202
f 347/361/202 346/360/201 348/362/203
f 347/361/202 348/362/203 349/363/204
f 347/361/202 349/363/204 350/364/205
f 347/361/202 350/364/205 351/365/206
f 350/364/205 349/363/204 352/366/207
f 350/364/205 352/366/207 353/353/208
f 350/364/205 353/353/208 354/367/209
f 354/367/209 353/353/208 355/368/114
f 354/367/209 355/368/114 356/369/210
f 354/367/209 356/369/210 357/370/211
f 357/370/211 356/369/210 358/371/212
f 359/372/213 358/371/212 360/373/214
f 360/373/214 358/371/212 361/374/215
f 361/374/215 358/371/212 362/375/68
f 361/374/215 362/375/68 363/376/146
f 361/374/215 363/376/146 364/377/216
f 361/374/215 364/377/216 300/310/217
f 300/310/217 364/377/216 294/311/218
f 365/378/219 366/379/220 99/100/221
f 365/378/219 99/100/221 98/99/222
f 367/380/223 102/103/224 105/106/225
f 367/380/223 105/106/225 368/381/226
f 369/382/161 370/383/161 371/384/161
f 371/384/161 370/383/161 372/385/161
f 373/386/227 374/387/227 375/388/227
f 375/388/227 374/387/227 376/389/227
f 377/390/228 315/391/172 378/392/229
f 378/392/229 315/391/172 313/393/170
f 315/391/172 377/390/228 320/394/178
f 378/392/229 313/393/170 310/395/167
f 320/394/178 377/390/228 321/396/179
f 378/392/229 310/395/167 379/397/230
f 321/396/179 377/390/228 380/398/231
f 321/396/179 380/398/231 323/399/150
f 377/390/228 378/392/229 381/400/232
f 380/398/231 377/390/228 382/401/233
f 382/401/233 377/390/228 381/400/232
f 323/399/150 380/398/231 383/402/234
f 383/402/234 380/398/231 382/401/233
f 323/399/150 383/402/234 326/403/183
f 326/403/183 383/402/234 384/404/235
f 326/403/183 384/404/235 329/405/183
f 329/405/183 384/404/235 331/406/187
f 384/404/235 383/402/234 385/407/236
f 385/407/236 383/402/234 382/401/233
f 331/406/187 384/404/235 386/408/237
f 331/406/187 386/408/237 333/409/189
f 384/404/235 385/407/236 387/410/238
f 384/404/235 387/410/238 386/408/237
f 385/407/236 382/401/233 388/411/239
f 387/410/238 385/407/236 389/412/240
f 389/412/240 385/407/236 388/411/239
f 386/408/237 387/410/238 390/413/241
f 390/413/241 387/410/238 389/412/240
f 391/414/242 333/409/189 386/408/237
f 386/408/237 390/413/241 392/415/243
f 386/408/237 392/415/243 391/414/242
f 333/409/189 391/414/242 393/416/244
f 333/409/189 393/416/244 336/417/192
f 336/417/192 393/416/244 337/418/193
f 337/418/193 393/416/244 394/419/242
f 337/418/193 394/419/242 339/420/194
f 394/419/242 393/416/244 395/421/245
f 339/420/194 394/419/242 396/422/246
f 396/422/246 394/419/242 395/421/245
f 339/420/194 396/422/246 341/423/196
f 341/423/196 396/422/246 397/424/247
f 341/423/196 397/424/247 343/425/198
f 397/424/247 396/422/246 398/426/248
f 398/426/248 396/422/246 395/421/245
f 343/425/198 397/424/247 399/427/249
f 399/427/249 397/424/247 398/426/248
f 343/425/198 399/427/249 346/428/201
f 399/427/249 398/426/248 400/429/250
f 401/430/251 395/421/245 393/416/244
f 401/430/251 393/416/244 391/414/242
f 401/430/251 391/414/242 402/431/252
f 402/431/252 391/414/242 392/415/243
f 400/429/250 398/426/248 403/432/253
f 401/430/251 402/431/252 404/433/254
f 399/427/249 400/429/250 405/434/255
f 405/434/255 400/429/250 403/432/253
f 399/427/249 405/434/255 406/435/256
f 399/427/249 406/435/256 346/436/201
f 346/436/201 406/435/256 348/437/203
f 348/437/203 406/435/256 349/438/204
f 349/438/204 406/435/256 407/439/257
f 349/438/204 407/439/257 352/440/207
f 352/440/207 407/439/257 353/441/208
f 353/441/208 407/439/257 408/442/258
f 353/441/208 408/442/258 355/443/114
f 355/443/114 408/442/258 356/444/210
f 408/442/258 407/439/257 409/445/259
f 409/445/259 407/439/257 406/435/256
f 356/444/210 408/442/258 410/446/260
f 410/446/260 408/442/258 409/445/259
f 356/444/210 410/446/260 358/447/212
f 409/445/259 406/435/256 411/448/261
f 411/448/261 406/435/256 405/434/255
f 410/446/260 409/445/259 412/449/262
f 412/449/262 409/445/259 411/448/261
f 358/447/212 410/446/260 413/450/263
f 411/448/261 405/434/255 414/451/264
f 410/446/260 412/449/262 415/452/265
f 410/446/260 415/452/265 413/450/263
f 412/449/262 411/448/261 416/453/266
f 416/453/266 411/448/261 414/451/264
f 414/451/264 405/434/255 403/432/253
f 412/449/262 416/453/266 417/454/267
f 412/449/262 417/454/267 415/452/265
f 413/450/263 415/452/265 418/455/268
f 413/450/263 418/455/268 358/447/212
f 418/455/268 415/452/265 419/456/269
f 358/447/212 418/455/268 420/457/270
f 358/447/212 420/457/270 362/458/68
f 362/458/68 420/457/270 363/459/146
f 363/459/146 420/457/270 364/460/216
f 364/460/216 420/457/270 299/302/271
f 364/460/216 299/302/271 294/304/218
f 419/456/269 415/452/265 421/461/272
f 421/461/272 415/452/265 417/454/267
f 422/462/273 418/455/268 419/456/269
f 418/455/268 422/462/273 420/457/270
f 422/462/273 419/456/269 421/461/272
f 299/302/271 420/457/270 423/463/274
f 423/463/274 420/457/270 422/462/273
f 299/302/271 423/463/274 295/303/275
f 423/463/274 422/462/273 424/464/276
f 424/464/276 422/462/273 421/461/272
f 423/463/274 424/464/276 295/303/275
f 295/303/275 424/464/276 425/465/277
f 295/303/275 425/465/277 286/305/278
f 424/464/276 421/461/272 426/466/279
f 424/464/276 426/466/279 425/465/277
f 426/466/279 421/461/272 427/467/280
f 427/467/280 421/461/272 417/454/267
f 425/465/277 426/466/279 428/468/281
f 286/305/278 425/465/277 429/469/282
f 429/469/282 425/465/277 428/468/281
f 286/305/278 429/469/282 430/470/283
f 430/470/283 429/469/282 431/471/284
f 429/469/282 428/468/281 432/472/285
f 432/472/285 428/468/281 426/466/279
f 429/469/282 432/472/285 431/471/284
f 432/472/285 426/466/279 427/467/280
f 432/472/285 427/467/280 431/471/284
f 431/471/284 427/467/280 433/473/286
f 433/473/286 427/467/280 417/454/267
f 433/473/286 417/454/267 434/474/287
f 434/474/287 417/454/267 416/453/266
f 433/473/286 434/474/287 435/475/288
f 433/473/286 435/475/288 436/476/289
f 436/476/289 435/475/288 437/477/290
f 437/477/290 435/475/288 438/478/291
f 438/478/291 435/475/288 434/474/287
f 437/477/290 438/478/291 439/479/292
f 434/474/287 416/453/266 440/480/293
f 434/474/287 440/480/293 438/478/291
f 440/480/293 416/453/266 414/451/264
f 439/479/292 438/478/291 441/481/294
f 441/481/294 438/478/291 440/480/293
f 440/480/293 414/451/264 442/482/295
f 440/480/293 442/482/295 441/481/294
f 442/482/295 414/451/264 403/432/253
f 439/479/292 441/481/294 443/483/296
f 441/481/294 442/482/295 444/484/297
f 444/484/297 442/482/295 403/432/253
f 441/481/294 444/484/297 443/483/296
f 439/479/292 443/483/296 445/485/298
f 444/484/297 403/432/253 446/486/299
f 444/484/297 446/486/299 443/483/296
f 446/486/299 403/432/253 398/426/248
f 446/486/299 398/426/248 395/421/245
f 443/483/296 446/486/299 447/487/300
f 443/483/296 447/487/300 445/485/298
f 446/486/299 395/421/245 448/488/301
f 448/488/301 395/421/245 401/430/251
f 447/487/300 446/486/299 449/489/302
f 449/489/302 446/486/299 448/488/301
f 448/488/301 401/430/251 404/433/254
f 448/488/301 404/433/254 449/489/302
f 445/485/298 447/487/300 450/490/303
f 450/490/303 447/487/300 449/489/302
f 445/485/298 450/490/303 451/491/304
f 449/489/302 404/433/254 452/492/305
f 449/489/302 452/492/305 450/490/303
f 451/491/304 450/490/303 453/493/306
f 453/493/306 450/490/303 452/492/305
f 451/491/304 453/493/306 454/494/307
f 452/492/305 404/433/254 455/495/308
f 455/495/308 404/433/254 402/431/252
f 455/495/308 402/431/252 392/415/243
f 452/492/305 455/495/308 456/496/309
f 452/492/305 456/496/309 453/493/306
f 455/495/308 392/415/243 457/497/301
f 455/495/308 457/497/301 456/496/309
f 457/497/301 392/415/243 390/413/241
f 458/498/310 454/494/307 453/493/306
f 458/498/310 453/493/306 456/496/309
f 454/494/307 458/498/310 459/499/311
f 456/496/309 457/497/301 460/500/312
f 456/496/309 460/500/312 458/498/310
f 457/497/301 390/413/241 461/501/313
f 457/497/301 461/501/313 460/500/312
f 461/501/313 390/413/241 389/412/240
f 459/499/311 458/498/310 462/502/314
f 462/502/314 458/498/310 460/500/312
f 459/499/311 462/502/314 463/503/315
f 461/501/313 389/412/240 464/504/316
f 460/500/312 461/501/313 465/505/317
f 460/500/312 465/505/317 462/502/314
f 465/505/317 461/501/313 464/504/316
f 233/235/318 234/236/318 466/506/318
f 467/507/318 466/506/318 234/236/318
f 468/508/319 469/509/319 470/510/319
f 470/510/319 469/509/319 471/511/319
f 127/128/320 126/127/320 472/512/320
f 472/512/320 126/127/320 473/513/320
f 474/514/321 475/515/321 476/516/321
f 476/516/321 475/515/321 477/517/321
f 228/230/196 227/229/196 478/518/196
f 478/518/196 227/229/196 479/519/196
f 480/520/322 481/521/323 482/522/324
f 482/522/324 481/521/323 483/523/325
f 481/521/323 480/520/322 484/524/326
f 482/522/324 483/523/325 485/525/324
f 485/525/324 483/523/325 486/526/327
f 484/524/326 480/520/322 487/527/328
f 484/524/326 487/527/328 488/528/329
f 485/525/324 486/526/327 489/529/330
f 489/529/330 486/526/327 490/530/331
f 482/522/324 485/525/324 491/531/332
f 485/525/324 489/529/330 492/532/333
f 485/525/324 492/532/333 491/531/332
f 489/529/330 490/530/331 493/533/334
f 493/533/334 490/530/331 494/534/331
f 492/532/333 489/529/330 495/535/335
f 495/535/335 489/529/330 493/533/334
f 482/522/324 491/531/332 496/536/336
f 482/522/324 496/536/336 480/520/322
f 491/531/332 492/532/333 497/537/337
f 493/533/334 494/534/331 498/538/334
f 498/538/334 494/534/331 499/539/338
f 493/533/334 498/538/334 500/540/339
f 493/533/334 500/540/339 495/535/335
f 498/538/334 499/539/338 501/541/340
f 502/542/341 492/532/333 495/535/335
f 492/532/333 502/542/341 497/537/337
f 495/535/335 500/540/339 503/543/342
f 495/535/335 503/543/342 502/542/341
f 501/541/340 499/539/338 504/544/343
f 497/537/337 502/542/341 505/545/344
f 505/545/344 502/542/341 503/543/342
f 501/541/340 504/544/343 506/546/345
f 506/546/345 504/544/343 507/547/346
f 508/548/347 498/538/334 501/541/340
f 498/538/334 508/548/347 500/540/339
f 501/541/340 506/546/345 509/549/348
f 501/541/340 509/549/348 508/548/347
f 506/546/345 507/547/346 510/550/349
f 510/550/349 507/547/346 511/551/350
f 510/550/349 511/551/350 141/552/351
f 510/550/349 141/552/351 43/553/352
f 510/550/349 43/553/352 44/554/353
f 509/549/348 506/546/345 512/555/354
f 512/555/354 506/546/345 510/550/349
f 512/555/354 510/550/349 513/556/355
f 513/556/355 510/550/349 44/554/353
f 509/549/348 512/555/354 514/557/356
f 514/557/356 512/555/354 513/556/355
f 513/556/355 44/554/353 515/558/357
f 513/556/355 515/558/357 514/557/356
f 515/558/357 44/554/353 22/559/358
f 515/558/357 22/559/358 24/319/163
f 515/558/357 24/319/163 307/320/164
f 515/558/357 307/320/164 516/560/359
f 515/558/357 516/560/359 514/557/356
f 516/560/359 307/320/164 308/321/165
f 517/561/360 509/549/348 514/557/356
f 517/561/360 514/557/356 516/560/359
f 509/549/348 517/561/360 508/548/347
f 516/560/359 308/321/165 518/562/361
f 516/560/359 518/562/361 517/561/360
f 518/562/361 308/321/165 311/324/168
f 508/548/347 517/561/360 519/563/362
f 519/563/362 517/561/360 518/562/361
f 508/548/347 519/563/362 500/540/339
f 500/540/339 519/563/362 503/543/342
f 519/563/362 518/562/361 520/564/363
f 520/564/363 518/562/361 311/324/168
f 519/563/362 520/564/363 503/543/342
f 520/564/363 311/324/168 314/327/171
f 503/543/342 520/564/363 521/565/364
f 521/565/364 520/564/363 314/327/171
f 503/543/342 521/565/364 505/545/344
f 521/565/364 314/327/171 324/338/181
f 521/565/364 324/338/181 505/545/344
f 324/338/181 314/327/171 316/329/173
f 505/545/344 324/338/181 327/341/184
f 505/545/344 327/341/184 522/566/365
f 522/566/365 327/341/184 330/344/186
f 505/545/344 522/566/365 497/537/337
f 522/566/365 330/344/186 523/567/366
f 523/567/366 330/344/186 332/346/188
f 497/537/337 522/566/365 524/568/367
f 524/568/367 522/566/365 523/567/366
f 497/537/337 524/568/367 491/531/332
f 491/531/332 524/568/367 496/536/336
f 524/568/367 523/567/366 525/569/368
f 524/568/367 525/569/368 496/536/336
f 523/567/366 332/346/188 526/570/369
f 523/567/366 526/570/369 525/569/368
f 526/570/369 332/346/188 334/348/190
f 496/536/336 525/569/368 527/571/370
f 496/536/336 527/571/370 480/520/322
f 480/520/322 527/571/370 487/527/328
f 527/571/370 525/569/368 528/572/371
f 528/572/371 525/569/368 526/570/369
f 487/527/328 527/571/370 529/573/372
f 529/573/372 527/571/370 528/572/371
f 487/527/328 529/573/372 530/574/373
f 487/527/328 530/574/373 488/528/329
f 488/528/329 530/574/373 531/575/374
f 528/572/371 526/570/369 532/576/375
f 532/576/375 526/570/369 334/348/190
f 529/573/372 528/572/371 533/577/376
f 533/577/376 528/572/371 532/576/375
f 530/574/373 529/573/372 534/578/377
f 534/578/377 529/573/372 533/577/376
f 532/576/375 334/348/190 535/579/378
f 532/576/375 535/579/378 533/577/376
f 535/579/378 334/348/190 335/349/191
f 530/574/373 534/578/377 536/580/379
f 530/574/373 536/580/379 531/575/374
f 534/578/377 533/577/376 537/581/368
f 537/581/368 533/577/376 535/579/378
f 535/579/378 335/349/191 538/582/380
f 535/579/378 538/582/380 537/581/368
f 538/582/380 335/349/191 338/352/190
f 538/582/380 338/352/190 340/354/195
f 534/578/377 537/581/368 539/583/381
f 539/583/381 537/581/368 538/582/380
f 534/578/377 539/583/381 536/580/379
f 538/582/380 340/354/195 540/584/382
f 538/582/380 540/584/382 539/583/381
f 540/584/382 340/354/195 342/356/197
f 540/584/382 342/356/197 344/358/199
f 541/585/383 531/575/374 536/580/379
f 541/585/383 536/580/379 539/583/381
f 531/575/374 541/585/383 542/586/384
f 540/584/382 344/358/199 543/587/385
f 539/583/381 540/584/382 544/588/386
f 544/588/386 540/584/382 543/587/385
f 543/587/385 344/358/199 545/589/387
f 543/587/385 545/589/387 544/588/386
f 545/589/387 344/358/199 347/361/202
f 541/585/383 539/583/381 546/590/388
f 546/590/388 539/583/381 544/588/386
f 541/585/383 546/590/388 547/591/389
f 541/585/383 547/591/389 542/586/384
f 546/590/388 544/588/386 548/592/390
f 546/590/388 548/592/390 547/591/389
f 549/593/391 544/588/386 545/589/387
f 544/588/386 549/593/391 548/592/390
f 550/594/392 545/589/387 347/361/202
f 545/589/387 550/594/392 549/593/391
f 550/594/392 347/361/202 351/365/206
f 350/364/205 354/367/209 351/365/206
f 351/365/206 354/367/209 357/370/211
f 550/594/392 351/365/206 551/595/393
f 551/595/393 351/365/206 357/370/211
f 549/593/391 550/594/392 552/596/394
f 552/596/394 550/594/392 551/595/393
f 553/597/395 548/592/390 549/593/391
f 553/597/395 549/593/391 552/596/394
f 548/592/390 553/597/395 547/591/389
f 359/372/213 357/370/211 358/371/212
f 357/370/211 359/372/213 554/598/396
f 357/370/211 554/598/396 551/595/393
f 554/598/396 359/372/213 360/373/214
f 554/598/396 360/373/214 555/599/397
f 551/595/393 554/598/396 556/600/398
f 551/595/393 556/600/398 552/596/394
f 555/599/397 360/373/214 557/601/399
f 555/599/397 557/601/399 558/602/400
f 557/601/399 360/373/214 361/374/215
f 557/601/399 361/374/215 559/603/401
f 559/603/401 361/374/215 300/310/217
f 557/601/399 559/603/401 560/604/402
f 559/603/401 300/310/217 296/308/403
f 559/603/401 296/308/403 560/604/402
f 560/604/402 296/308/403 561/605/404
f 561/605/404 296/308/403 297/307/404
f 560/604/402 561/605/404 562/606/405
f 562/606/405 561/605/404 563/607/406
f 562/606/405 563/607/406 564/608/407
f 561/605/404 297/307/404 565/609/408
f 561/605/404 565/609/408 563/607/406
f 563/607/406 565/609/408 564/608/407
f 565/609/408 297/307/404 566/610/409
f 565/609/408 566/610/409 567/611/410
f 565/609/408 567/611/410 564/608/407
f 564/608/407 567/611/410 568/612/411
f 568/612/411 567/611/410 569/613/412
f 568/612/411 569/613/412 556/600/398
f 556/600/398 569/613/412 570/614/413
f 556/600/398 570/614/413 552/596/394
f 552/596/394 570/614/413 553/597/395
f 570/614/413 569/613/412 571/615/414
f 571/615/414 569/613/412 572/616/415
f 571/615/414 572/616/415 573/617/416
f 570/614/413 571/615/414 574/618/417
f 570/614/413 574/618/417 553/597/395
f 574/618/417 571/615/414 573/617/416
f 553/597/395 574/618/417 547/591/389
f 574/618/417 573/617/416 542/586/384
f 574/618/417 542/586/384 547/591/389
f 124/125/418 575/619/418 576/620/418
f 302/313/157 301/312/156 279/621/419
f 473/513/420 126/127/420 577/622/420
f 577/622/420 126/127/420 160/160/420
f 577/622/420 160/160/420 576/620/420
f 576/620/420 160/160/420 124/125/420
f 237/239/127 238/240/127 578/623/127
f 578/623/127 238/240/127 579/624/127
f 580/625/421 189/189/421 472/512/421
f 472/512/421 189/189/421 127/128/421
f 108/109/422 581/626/422 89/90/422
f 89/90/422 581/626/422 582/627/422
f 583/628/314 463/503/315 462/502/314
f 583/628/314 462/502/314 465/505/317
f 463/503/315 583/628/314 584/629/423
f 464/504/316 389/412/240 388/411/239
f 583/628/314 465/505/317 585/630/424
f 585/630/424 465/505/317 464/504/316
f 584/629/423 583/628/314 586/631/425
f 586/631/425 583/628/314 585/630/424
f 584/629/423 586/631/425 587/632/426
f 585/630/424 464/504/316 588/633/427
f 588/633/427 464/504/316 388/411/239
f 586/631/425 585/630/424 589/634/428
f 589/634/428 585/630/424 588/633/427
f 587/632/426 586/631/425 590/635/429
f 590/635/429 586/631/425 589/634/428
f 587/632/426 590/635/429 591/636/426
f 589/634/428 588/633/427 592/637/430
f 592/637/430 588/633/427 388/411/239
f 590/635/429 589/634/428 593/638/431
f 593/638/431 589/634/428 592/637/430
f 591/636/426 590/635/429 594/639/429
f 594/639/429 590/635/429 593/638/431
f 591/636/426 594/639/429 595/640/432
f 592/637/430 388/411/239 596/641/433
f 596/641/433 388/411/239 382/401/233
f 596/641/433 382/401/233 381/400/232
f 592/637/430 596/641/433 597/642/434
f 597/642/434 596/641/433 381/400/232
f 595/640/432 594/639/429 598/643/435
f 595/640/432 598/643/435 599/644/436
f 598/643/435 594/639/429 600/645/437
f 600/645/437 594/639/429 593/638/431
f 599/644/436 598/643/435 601/646/438
f 599/644/436 601/646/438 602/647/439
f 598/643/435 600/645/437 603/648/440
f 598/643/435 603/648/440 601/646/438
f 600/645/437 593/638/431 604/649/441
f 604/649/441 593/638/431 592/637/430
f 604/649/441 592/637/430 597/642/434
f 600/645/437 604/649/441 605/650/442
f 600/645/437 605/650/442 603/648/440
f 604/649/441 597/642/434 606/651/443
f 604/649/441 606/651/443 605/650/442
f 606/651/443 597/642/434 607/652/444
f 607/652/444 597/642/434 381/400/232
f 607/652/444 381/400/232 378/392/229
f 607/652/444 378/392/229 379/397/230
f 606/651/443 607/652/444 608/653/445
f 608/653/445 607/652/444 379/397/230
f 605/650/442 606/651/443 609/654/446
f 609/654/446 606/651/443 608/653/445
f 605/650/442 609/654/446 610/655/447
f 605/650/442 610/655/447 603/648/440
f 609/654/446 608/653/445 611/656/448
f 603/648/440 610/655/447 612/657/449
f 603/648/440 612/657/449 601/646/438
f 610/655/447 609/654/446 613/658/450
f 613/658/450 609/654/446 611/656/448
f 612/657/449 610/655/447 614/659/451
f 614/659/451 610/655/447 613/658/450
f 601/646/438 612/657/449 615/660/452
f 615/660/452 612/657/449 614/659/451
f 601/646/438 615/660/452 602/647/439
f 602/647/439 615/660/452 616/661/453
f 616/661/453 615/660/452 143/662/454
f 143/662/454 615/660/452 41/663/455
f 41/663/455 615/660/452 42/664/456
f 42/664/456 615/660/452 614/659/451
f 42/664/456 614/659/451 613/658/450
f 42/664/456 613/658/450 20/665/457
f 20/665/457 613/658/450 21/666/458
f 21/666/458 613/658/450 611/656/448
f 21/666/458 611/656/448 617/667/459
f 617/667/459 611/656/448 608/653/445
f 21/666/458 617/667/459 19/668/460
f 617/667/459 608/653/445 379/397/230
f 19/668/460 617/667/459 304/669/159
f 304/669/159 617/667/459 379/397/230
f 304/669/159 379/397/230 310/395/167
f 19/668/460 304/669/159 134/670/161
f 134/670/161 304/669/159 305/671/161
f 618/672/461 107/108/461 619/673/461
f 619/673/461 107/108/461 94/95/461
f 250/254/127 620/674/127 251/255/127
f 251/255/127 620/674/127 621/675/127
f 89/90/462 582/627/462 87/88/462
f 87/88/462 582/627/462 622/676/462
f 623/677/463 624/678/464 131/132/465
f 623/677/463 131/132/465 625/677/466
f 625/677/466 131/132/465 113/114/466
f 625/677/466 113/114/466 626/679/467
f 626/679/467 113/114/466 111/112/467
f 626/679/467 111/112/467 627/680/468
f 627/680/468 111/112/467 159/159/469
f 627/680/468 159/159/469 185/185/470
f 234/236/471 628/681/464 629/682/472
f 628/681/464 234/236/471 191/191/473
f 628/681/464 191/191/473 107/108/474
f 628/681/464 107/108/474 618/672/474
f 108/109/475 220/222/475 581/626/475
f 581/626/475 220/222/475 630/683/475
f 630/683/475 220/222/475 631/684/476
f 631/684/476 220/222/475 219/221/476
f 632/685/477 156/156/477 633/686/477
f 633/686/477 156/156/477 224/226/477
f 156/156/478 632/685/478 116/117/478
f 116/117/478 632/685/478 634/125/478
f 619/673/479 94/95/479 635/687/479
f 92/93/479 635/687/479 94/95/479
f 114/115/418 575/619/418 124/125/418
f 225/227/464 131/132/465 624/678/464
f 116/117/480 634/125/480 114/115/480
f 575/619/480 114/115/480 634/125/480
f 478/518/481 479/519/481 636/688/172
f 636/688/172 479/519/481 637/689/172
f 636/688/172 637/689/172 638/690/482
f 638/690/482 637/689/172 639/691/482
f 638/690/482 639/691/482 640/692/482
f 640/692/482 639/691/482 641/693/482
f 642/694/483 643/695/484 644/696/483
f 644/696/483 643/695/484 645/697/484
f 642/694/483 644/696/483 646/698/485
f 645/697/484 643/695/484 647/699/486
f 642/694/483 646/698/485 648/700/485
f 645/697/484 647/699/486 649/701/486
f 648/700/485 646/698/485 650/702/487
f 649/701/486 647/699/486 651/703/488
f 648/700/485 650/702/487 652/704/487
f 649/701/486 651/703/488 653/705/488
f 652/704/487 650/702/487 654/706/24
f 653/705/488 651/703/488 655/707/489
f 652/704/487 654/706/24 656/708/24
f 653/705/488 655/707/489 657/709/489
f 656/708/24 654/706/24 658/710/490
f 657/709/489 655/707/489 659/711/491
f 658/710/490 654/706/24 660/712/490
f 657/709/489 659/711/491 661/713/491
f 658/710/490 660/712/490 662/714/492
f 661/713/491 659/711/491 663/715/493
f 662/714/492 660/712/490 664/716/492
f 661/713/491 663/715/493 665/717/493
f 662/714/492 664/716/492 666/718/494
f 665/717/493 663/715/493 667/719/153
f 666/718/494 664/716/492 668/720/494
f 665/717/493 667/719/153 669/721/153
f 666/718/494 668/720/494 670/722/495
f 669/721/153 667/719/153 671/723/149
f 670/722/495 668/720/494 672/724/495
f 669/721/153 671/723/149 673/725/149
f 670/722/495 672/724/495 674/726/496
f 673/725/149 671/723/149 675/727/227
f 674/726/496 672/724/495 676/728/496
f 674/726/496 676/728/496 677/729/92
f 677/729/92 676/728/496 678/730/92
f 673/725/149 675/727/227 679/731/227
f 679/731/227 675/727/227 680/732/497
f 680/732/497 675/727/227 681/733/497
f 680/732/497 681/733/497 682/734/207
f 682/734/207 681/733/497 683/735/207
f 682/734/207 683/735/207 684/736/46
f 684/736/46 683/735/207 685/737/46
f 684/736/46 685/737/46 686/738/498
f 686/738/498 685/737/46 687/739/498
f 686/738/498 687/739/498 688/740/59
f 688/740/59 687/739/498 689/741/59
f 688/740/59 689/741/59 678/742/92
f 678/742/92 689/741/59 677/743/92
f 627/680/468 185/185/470 690/744/499
f 690/744/499 185/185/470 188/188/500
f 690/744/499 188/188/500 691/745/500
f 691/745/500 188/188/500 692/746/501
f 692/746/501 188/188/500 248/252/501
f 692/746/501 248/252/501 247/251/502
f 692/746/501 247/251/502 693/747/502
f 693/747/502 247/251/502 694/748/503
f 694/748/503 247/251/502 244/248/503
f 694/748/503 244/248/503 241/245/504
f 694/748/503 241/245/504 695/749/504
f 695/749/504 241/245/504 240/244/505
f 87/88/506 622/676/506 227/229/506
f 227/229/506 622/676/506 696/750/506
f 697/751/507 698/752/508 699/753/509
f 698/752/508 697/751/507 700/754/508
f 237/239/510 701/755/510 219/221/510
f 219/221/510 701/755/510 631/684/510
f 168/168/511 162/162/511 164/164/511
f 702/756/512 703/757/513 704/758/514
f 704/758/514 703/757/513 705/759/515
f 635/687/516 92/93/516 706/760/516
f 230/232/516 706/760/516 92/93/516
f 707/761/517 232/234/517 624/678/517
f 624/678/517 232/234/517 225/227/517
f 708/762/371 702/756/512 709/763/518
f 166/166/519 217/219/519 167/167/519
f 235/237/520 710/764/520 224/226/520
f 224/226/520 710/764/520 633/686/520
f 250/254/521 189/189/521 711/765/521
f 711/765/521 189/189/521 580/625/521
f 640/692/149 641/693/149 712/766/149
f 712/766/149 641/693/149 713/767/149
f 714/768/522 715/769/523 716/770/524
f 714/768/522 716/770/524 717/771/525
f 714/768/522 717/771/525 718/772/526
f 718/772/526 717/771/525 719/773/308
f 719/773/308 717/771/525 720/774/527
f 719/773/308 720/774/527 721/775/528
f 721/775/528 720/774/527 722/776/529
f 722/776/529 720/774/527 723/777/530
f 722/776/529 723/777/530 724/778/531
f 724/778/531 723/777/530 725/779/532
f 724/778/531 725/779/532 726/780/533
f 726/780/533 725/779/532 727/781/534
f 231/233/535 232/234/535 728/782/535
f 728/782/535 232/234/535 729/783/535
f 712/766/183 713/767/183 730/784/183
f 730/784/183 713/767/183 731/785/183
f 732/786/536 733/787/537 734/788/538
f 732/786/536 734/788/538 735/789/539
f 735/789/539 734/788/538 736/790/540
f 736/790/540 734/788/538 737/791/541
f 735/789/539 736/790/540 738/792/542
f 736/790/540 737/791/541 739/793/543
f 739/793/543 737/791/541 740/794/544
f 739/793/543 740/794/544 741/795/545
f 735/789/539 738/792/542 742/796/546
f 735/789/539 742/796/546 743/797/547
f 743/797/547 742/796/546 744/798/548
f 745/799/549 746/800/550 742/796/546
f 746/800/550 745/799/549 747/801/551
f 746/800/550 747/801/551 748/802/552
f 749/803/553 750/804/554 751/805/555
f 749/803/553 751/805/555 752/806/556
f 749/803/553 752/806/556 753/807/557
f 749/803/553 753/807/557 754/808/558
f 752/806/556 751/805/555 755/809/559
f 751/805/555 750/804/554 756/810/560
f 751/805/555 756/810/560 755/809/559
f 752/806/556 755/809/559 757/811/561
f 752/806/556 757/811/561 753/807/557
f 754/808/558 753/807/557 758/812/562
f 757/811/561 755/809/559 759/813/563
f 759/813/563 755/809/559 756/810/560
f 753/807/557 757/811/561 760/814/564
f 758/812/562 753/807/557 761/815/565
f 761/815/565 753/807/557 760/814/564
f 758/812/562 761/815/565 762/816/566
f 760/814/564 757/811/561 763/817/567
f 763/817/567 757/811/561 759/813/563
f 758/812/562 762/816/566 764/818/568
f 758/812/562 764/818/568 765/819/569
f 765/819/569 764/818/568 766/820/570
f 766/820/570 764/818/568 767/821/571
f 767/821/571 764/818/568 762/816/566
f 767/821/571 762/816/566 768/822/572
f 768/822/572 762/816/566 769/823/573
f 769/823/573 762/816/566 770/824/573
f 770/824/573 762/816/566 771/825/573
f 769/823/573 770/824/573 744/798/548
f 744/798/548 770/824/573 771/825/573
f 769/823/573 744/798/548 772/826/574
f 772/826/574 744/798/548 748/802/552
f 748/802/552 744/798/548 746/800/550
f 746/800/550 744/798/548 742/796/546
f 771/825/573 762/816/566 773/827/573
f 771/825/573 773/827/573 744/798/548
f 773/827/573 762/816/566 761/815/565
f 744/798/548 773/827/573 743/797/547
f 773/827/573 761/815/565 774/828/494
f 773/827/573 774/828/494 743/797/547
f 774/828/494 761/815/565 760/814/564
f 774/828/494 760/814/564 775/829/575
f 743/797/547 774/828/494 776/830/576
f 776/830/576 774/828/494 775/829/575
f 743/797/547 776/830/576 735/789/539
f 775/829/575 760/814/564 777/831/576
f 775/829/575 777/831/576 776/830/576
f 735/789/539 776/830/576 732/786/536
f 777/831/576 760/814/564 778/832/9
f 777/831/576 778/832/9 776/830/576
f 778/832/9 760/814/564 763/817/567
f 778/832/9 763/817/567 779/833/577
f 776/830/576 778/832/9 780/834/9
f 776/830/576 780/834/9 732/786/536
f 780/834/9 778/832/9 779/833/577
f 779/833/577 763/817/567 781/835/578
f 779/833/577 781/835/578 780/834/9
f 781/835/578 763/817/567 759/813/563
f 732/786/536 780/834/9 782/836/577
f 782/836/577 780/834/9 781/835/578
f 732/786/536 782/836/577 733/787/537
f 781/835/578 759/813/563 783/837/578
f 781/835/578 783/837/578 782/836/577
f 783/837/578 759/813/563 784/838/577
f 783/837/578 784/838/577 782/836/577
f 784/838/577 759/813/563 756/810/560
f 734/788/538 733/787/537 737/791/541
f 737/791/541 733/787/537 740/794/544
f 740/794/544 733/787/537 782/836/577
f 740/794/544 782/836/577 784/838/577
f 784/838/577 756/810/560 785/839/577
f 784/838/577 785/839/577 740/794/544
f 740/794/544 785/839/577 786/840/9
f 786/840/9 785/839/577 756/810/560
f 740/794/544 786/840/9 741/795/545
f 786/840/9 756/810/560 787/841/579
f 787/841/579 756/810/560 750/804/554
f 787/841/579 750/804/554 788/842/580
f 786/840/9 787/841/579 789/843/581
f 786/840/9 789/843/581 741/795/545
f 789/843/581 787/841/579 790/844/576
f 789/843/581 790/844/576 741/795/545
f 787/841/579 788/842/580 791/845/582
f 790/844/576 787/841/579 792/846/583
f 790/844/576 792/846/583 741/795/545
f 792/846/583 787/841/579 791/845/582
f 791/845/582 788/842/580 793/847/584
f 739/793/543 741/795/545 794/848/585
f 794/848/585 741/795/545 795/849/586
f 795/849/586 741/795/545 792/846/583
f 794/848/585 795/849/586 796/850/587
f 792/846/583 791/845/582 797/851/588
f 792/846/583 797/851/588 795/849/586
f 791/845/582 793/847/584 798/852/589
f 791/845/582 798/852/589 797/851/588
f 796/850/587 795/849/586 799/853/590
f 799/853/590 795/849/586 797/851/588
f 797/851/588 798/852/589 800/854/591
f 797/851/588 800/854/591 799/853/590
f 800/854/591 798/852/589 801/855/592
f 800/854/591 801/855/592 799/853/590
f 802/856/593 798/852/589 793/847/584
f 801/855/592 798/852/589 803/857/594
f 801/855/592 803/857/594 799/853/590
f 803/857/594 798/852/589 802/856/593
f 804/858/595 796/850/587 799/853/590
f 804/858/595 799/853/590 803/857/594
f 796/850/587 804/858/595 805/859/596
f 802/856/593 793/847/584 806/860/597
f 804/858/595 803/857/594 807/861/318
f 807/861/318 803/857/594 802/856/593
f 805/859/596 804/858/595 808/862/598
f 804/858/595 807/861/318 809/863/599
f 809/863/599 807/861/318 802/856/593
f 804/858/595 809/863/599 808/862/598
f 802/856/593 806/860/597 810/864/600
f 802/856/593 810/864/600 809/863/599
f 805/859/596 808/862/598 811/865/112
f 808/862/598 809/863/599 812/866/148
f 812/866/148 809/863/599 810/864/600
f 810/864/600 806/860/597 813/867/103
f 808/862/598 812/866/148 814/868/601
f 814/868/601 812/866/148 810/864/600
f 811/865/112 808/862/598 815/869/130
f 815/869/130 808/862/598 814/868/601
f 811/865/112 815/869/130 816/870/602
f 811/865/112 816/870/602 817/871/603
f 815/869/130 814/868/601 818/872/141
f 814/868/601 810/864/600 819/873/122
f 814/868/601 819/873/122 818/872/141
f 819/873/122 810/864/600 813/867/103
f 815/869/130 818/872/141 820/874/128
f 820/874/128 818/872/141 819/873/122
f 815/869/130 820/874/128 816/870/602
f 819/873/122 813/867/103 821/875/604
f 819/873/122 821/875/604 820/874/128
f 822/876/605 823/877/606 824/878/607
f 824/878/607 823/877/606 825/879/608
f 825/879/608 823/877/606 826/880/609
f 825/879/608 826/880/609 827/881/610
f 827/881/610 826/880/609 828/882/611
f 827/881/610 828/882/611 829/883/612
f 829/883/612 828/882/611 708/762/371
f 708/762/371 828/882/611 702/756/512
f 709/763/518 702/756/512 704/758/514
f 830/884/613 479/519/613 696/750/613
f 696/750/613 479/519/613 227/229/613
f 831/885/1 832/886/1 833/887/1
f 834/888/1 831/885/1 835/889/1
f 835/889/1 831/885/1 833/887/1
f 835/889/1 833/887/1 836/890/1
f 836/890/1 833/887/1 837/891/1
f 833/887/1 832/886/1 838/892/1
f 833/887/1 838/892/1 837/891/1
f 838/892/1 832/886/1 839/893/1
f 837/891/1 838/892/1 840/894/1
f 838/892/1 839/893/1 841/895/1
f 840/894/1 838/892/1 842/896/1
f 842/896/1 838/892/1 841/895/1
f 235/237/143 236/238/143 843/897/143
f 843/897/143 236/238/143 844/898/143
f 730/784/614 731/785/614 845/899/614
f 845/899/614 731/785/614 846/900/614
f 847/901/488 848/902/615 849/903/488
f 849/903/488 848/902/615 850/904/615
f 851/905/615 836/890/615 848/902/615
f 848/902/615 836/890/615 837/891/615
f 848/902/615 837/891/615 850/904/615
f 850/904/615 837/891/615 840/894/615
f 850/904/615 840/894/615 842/896/615
f 850/904/615 842/896/615 852/906/615
f 853/907/616 467/507/617 629/682/472
f 854/908/618 620/674/618 711/765/618
f 711/765/618 620/674/618 250/254/618
f 234/236/471 629/682/472 467/507/617
f 845/899/619 846/900/619 855/909/619
f 855/909/619 846/900/619 856/910/619
f 578/623/620 857/911/620 237/239/620
f 701/755/620 237/239/620 857/911/620
f 858/912/621 639/691/622 637/689/621
f 858/912/621 637/689/621 830/884/621
f 830/884/621 637/689/621 479/519/621
f 859/913/623 860/914/623 861/915/623
f 230/232/624 862/916/624 706/760/624
f 706/760/624 862/916/624 863/917/624
f 863/917/624 862/916/624 864/918/625
f 863/917/624 864/918/625 865/919/625
f 865/919/625 864/918/625 866/920/625
f 865/919/625 866/920/625 867/921/625
f 867/921/625 866/920/625 868/922/626
f 867/921/625 868/922/626 869/922/626
f 869/922/626 868/922/626 870/923/627
f 871/924/21 872/925/1 873/926/1
f 871/924/21 873/926/1 874/927/21
f 871/924/21 874/927/21 875/928/21
f 876/929/8 877/930/10 878/931/490
f 466/506/592 467/507/592 242/246/592
f 240/244/592 242/246/592 467/507/592
f 578/623/628 579/624/628 879/932/628
f 879/932/628 579/624/628 880/933/628
f 881/934/622 639/691/622 858/912/621
f 639/691/622 881/934/622 641/693/629
f 641/693/629 881/934/622 882/935/629
f 641/693/629 882/935/629 713/767/630
f 713/767/630 882/935/629 883/936/630
f 713/767/630 883/936/630 731/785/631
f 731/785/631 883/936/630 884/937/631
f 731/785/631 884/937/631 846/900/632
f 846/900/632 884/937/631 885/938/632
f 846/900/632 885/938/632 856/910/632
f 856/910/632 885/938/632 886/939/632
f 855/909/633 856/910/633 887/940/633
f 887/940/633 856/910/633 888/941/633
f 101/102/634 100/101/634 889/942/635
f 104/105/592 103/104/592 890/943/636
f 261/944/637 891/945/638 260/946/638
f 891/945/638 261/944/637 892/947/639
f 892/947/639 261/944/637 266/948/640
f 893/949/641 277/950/642 278/951/641
f 277/950/642 893/949/641 894/952/155
f 277/950/642 894/952/155 276/953/643
f 895/954/644 729/783/644 707/761/644
f 707/761/644 729/783/644 232/234/644
f 896/955/645 897/956/646 898/957/647
f 896/955/645 898/957/647 899/958/648
f 896/955/645 899/958/648 900/959/649
f 898/957/647 897/956/646 901/960/650
f 900/959/649 899/958/648 902/961/651
f 900/959/649 902/961/651 903/962/652
f 899/958/648 898/957/647 904/963/653
f 904/963/653 898/957/647 901/960/650
f 902/961/651 899/958/648 905/964/654
f 905/964/654 899/958/648 904/963/653
f 903/962/652 902/961/651 906/965/655
f 906/965/655 902/961/651 905/964/654
f 903/962/652 906/965/655 907/966/656
f 903/962/652 907/966/656 908/967/657
f 908/967/657 907/966/656 163/968/658
f 163/968/658 907/966/656 906/965/655
f 908/967/657 163/968/658 203/969/659
f 163/968/658 906/965/655 909/970/660
f 163/968/658 909/970/660 164/971/661
f 909/970/660 906/965/655 910/972/662
f 909/970/660 910/972/662 164/971/661
f 910/972/662 906/965/655 905/964/654
f 164/971/661 910/972/662 911/973/663
f 164/971/661 911/973/663 169/974/664
f 910/972/662 905/964/654 912/975/665
f 910/972/662 912/975/665 911/973/663
f 912/975/665 905/964/654 904/963/653
f 169/974/664 911/973/663 913/976/666
f 913/976/666 911/973/663 912/975/665
f 912/975/665 904/963/653 901/960/650
f 912/975/665 901/960/650 913/976/666
f 169/974/664 913/976/666 170/977/667
f 170/977/667 913/976/666 914/978/668
f 170/977/667 914/978/668 172/979/669
f 914/978/668 913/976/666 915/980/670
f 915/980/670 913/976/666 901/960/650
f 914/978/668 915/980/670 172/979/669
f 915/980/670 901/960/650 916/981/671
f 916/981/671 901/960/650 897/956/646
f 916/981/671 897/956/646 917/982/672
f 915/980/670 916/981/671 918/983/673
f 918/983/673 916/981/671 917/982/672
f 915/980/670 918/983/673 172/979/669
f 918/983/673 917/982/672 919/984/674
f 918/983/673 919/984/674 172/979/669
f 172/979/669 919/984/674 173/985/675
f 920/986/676 921/987/677 922/988/676
f 922/988/676 921/987/677 923/989/677
f 923/989/677 921/987/677 924/990/678
f 923/989/677 924/990/678 925/991/678
f 925/991/678 924/990/678 926/992/679
f 925/991/678 926/992/679 927/993/679
f 927/993/679 926/992/679 928/994/488
f 927/993/679 928/994/488 929/995/488
f 930/996/680 931/997/681 932/998/500
f 931/997/681 930/996/680 822/876/682
f 930/996/680 932/998/500 933/999/683
f 822/876/682 930/996/680 567/611/409
f 930/996/680 933/999/683 569/613/684
f 930/996/680 569/613/684 567/611/409
f 811/865/112 817/871/603 934/1000/685
f 934/1000/685 817/871/603 935/1001/686
f 934/1000/685 935/1001/686 936/1002/687
f 936/1002/687 935/1001/686 937/1003/688
f 938/1004/689 939/1005/690 937/1003/688
f 940/1006/488 941/1007/488 942/1008/488
f 942/1008/488 941/1007/488 943/1009/488
f 942/1008/488 943/1009/488 944/1010/488
f 943/1009/488 941/1007/488 945/1011/488
f 945/1011/488 941/1007/488 946/1012/488
f 945/1011/488 946/1012/488 947/1013/488
f 947/1013/488 946/1012/488 948/1014/488
f 945/1011/488 947/1013/488 949/1015/488
f 945/1011/488 949/1015/488 950/1016/488
f 945/1011/488 950/1016/488 943/1009/488
f 950/1016/488 949/1015/488 951/1017/488
f 950/1016/488 951/1017/488 952/1018/488
f 943/1009/488 950/1016/488 953/1019/488
f 953/1019/488 950/1016/488 952/1018/488
f 943/1009/488 953/1019/488 944/1010/488
f 953/1019/488 952/1018/488 954/1020/488
f 953/1019/488 954/1020/488 944/1010/488
f 944/1010/488 954/1020/488 955/1021/488
f 956/1022/488 957/1023/488 958/1024/488
f 958/1024/488 957/1023/488 959/1025/488
f 958/1024/488 959/1025/488 960/1026/488
f 959/1025/488 957/1023/488 961/1027/488
f 961/1027/488 957/1023/488 962/1028/488
f 961/1027/488 962/1028/488 963/1029/488
f 963/1029/488 962/1028/488 964/1030/488
f 961/1027/488 963/1029/488 965/1031/488
f 961/1027/488 965/1031/488 966/1032/488
f 961/1027/488 966/1032/488 959/1025/488
f 966/1032/488 965/1031/488 967/1033/488
f 966/1032/488 967/1033/488 968/1034/488
f 959/1025/488 966/1032/488 969/1035/488
f 969/1035/488 966/1032/488 968/1034/488
f 959/1025/488 969/1035/488 960/1026/488
f 969/1035/488 968/1034/488 970/1036/488
f 969/1035/488 970/1036/488 960/1026/488
f 960/1026/488 970/1036/488 971/1037/488
f 843/897/691 972/1038/691 235/237/691
f 235/237/691 972/1038/691 710/764/691
f 879/932/692 973/1039/692 578/623/692
f 857/911/692 578/623/692 973/1039/692
f 974/1040/693 975/1041/694 976/1042/695
f 976/1042/695 975/1041/694 977/1043/696
f 976/1042/695 977/1043/696 978/1044/697
f 977/1043/696 975/1041/694 979/1045/698
f 978/1044/697 977/1043/696 980/1046/677
f 980/1046/677 977/1043/696 981/1047/699
f 981/1047/699 977/1043/696 979/1045/698
f 980/1046/677 981/1047/699 982/1048/678
f 981/1047/699 979/1045/698 983/1049/700
f 981/1047/699 983/1049/700 982/1048/678
f 983/1049/700 979/1045/698 984/1050/701
f 982/1048/678 983/1049/700 985/1051/679
f 983/1049/700 984/1050/701 986/1052/702
f 983/1049/700 986/1052/702 985/1051/679
f 985/1051/679 986/1052/702 987/1053/488
f 986/1052/702 984/1050/701 988/1054/703
f 986/1052/702 988/1054/703 989/1055/704
f 989/1055/704 988/1054/703 990/1056/705
f 991/1057/706 992/1058/707 993/1059/708
f 992/1058/707 991/1057/706 994/1060/709
f 994/1060/709 991/1057/706 995/1061/710
f 995/1061/710 991/1057/706 996/1062/711
f 996/1062/711 991/1057/706 993/1059/708
f 995/1061/710 996/1062/711 997/1063/712
f 997/1063/712 996/1062/711 215/216/713
f 215/216/713 996/1062/711 993/1059/708
f 997/1063/712 215/216/713 182/215/714
f 215/216/713 993/1059/708 998/1064/715
f 215/216/713 998/1064/715 216/218/716
f 998/1064/715 993/1059/708 999/1065/717
f 998/1064/715 999/1065/717 216/218/716
f 999/1065/717 993/1059/708 992/1058/707
f 216/218/716 999/1065/717 218/220/718
f 218/220/718 999/1065/717 1000/1066/719
f 218/220/718 1000/1066/719 167/167/720
f 999/1065/717 992/1058/707 1001/1067/721
f 999/1065/717 1001/1067/721 1000/1066/719
f 1000/1066/719 1001/1067/721 1002/1068/722
f 1000/1066/719 1002/1068/722 167/167/720
f 167/167/720 1002/1068/722 1003/1069/723
f 167/167/720 1003/1069/723 165/165/724
f 1003/1069/723 1002/1068/722 1004/1070/725
f 1003/1069/723 1004/1070/725 165/165/724
f 1002/1068/722 1001/1067/721 1005/1071/726
f 1002/1068/722 1005/1071/726 1004/1070/725
f 1006/1072/727 1001/1067/721 992/1058/707
f 1001/1067/721 1006/1072/727 1005/1071/726
f 1006/1072/727 992/1058/707 1007/1073/728
f 1007/1073/728 992/1058/707 994/1060/709
f 1007/1073/728 994/1060/709 1008/1074/729
f 1006/1072/727 1007/1073/728 1009/1075/730
f 1009/1075/730 1007/1073/728 1008/1074/729
f 1006/1072/727 1009/1075/730 1005/1071/726
f 1009/1075/730 1008/1074/729 120/121/65
f 1009/1075/730 120/121/65 119/120/64
f 1009/1075/730 119/120/64 1005/1071/726
f 1005/1071/726 119/120/64 1004/1070/725
f 1004/1070/725 119/120/64 118/119/63
f 1004/1070/725 118/119/63 1010/1076/731
f 1004/1070/725 1010/1076/731 165/165/724
f 1010/1076/731 118/119/63 1011/1077/732
f 1010/1076/731 1011/1077/732 165/165/724
f 165/165/724 1011/1077/732 214/1078/733
f 1012/1079/734 859/913/735 1013/1080/583
f 1013/1080/583 859/913/735 861/915/736
f 1013/1080/583 861/915/736 1014/1081/737
f 859/913/735 1012/1079/734 1015/1082/738
f 859/913/735 1015/1082/738 1016/1083/739
f 1012/1079/734 1013/1080/583 1017/1084/740
f 1017/1084/740 1013/1080/583 1014/1081/737
f 1012/1079/734 1017/1084/740 1015/1082/738
f 1017/1084/740 1014/1081/737 1018/1085/741
f 1017/1084/740 1018/1085/741 1015/1082/738
f 1019/1086/742 888/941/742 886/939/742
f 886/939/742 888/941/742 856/910/742
f 1020/1087/743 1021/1088/147 1022/1089/744
f 1021/1088/147 1020/1087/743 1023/1090/70
f 1021/1088/147 1023/1090/70 1024/1091/70
f 1022/1089/744 1021/1088/147 1025/1092/745
f 1025/1092/745 1021/1088/147 1024/1091/67
f 1022/1089/744 1025/1092/745 1026/1093/745
f 1026/1093/745 1025/1092/745 1027/1094/746
f 1026/1093/745 1027/1094/746 1028/1094/746
f 1025/1092/745 1024/1091/67 1029/1095/67
f 1029/1095/67 1024/1091/67 1030/1096/747
f 1024/1091/70 1023/1090/70 1030/1096/747
f 1029/1095/67 1030/1096/747 1031/1097/748
f 1030/1096/747 1023/1090/70 1032/1098/749
f 1030/1096/747 1032/1098/749 1031/1097/748
f 1032/1098/749 1023/1090/70 1033/1099/750
f 1031/1097/748 1032/1098/749 1034/1100/748
f 1031/1097/748 1034/1100/748 1035/1101/751
f 1035/1101/751 1034/1100/748 1036/1101/751
f 1037/1102/227 971/1037/227 1038/1103/227
f 1038/1103/227 971/1037/227 970/1036/227
f 1038/1103/227 970/1036/227 1039/1104/227
f 1039/1104/227 970/1036/227 968/1034/227
f 1039/1104/227 968/1034/227 1040/1105/227
f 1040/1105/227 968/1034/227 967/1033/227
f 1040/1105/227 967/1033/227 1041/1106/227
f 1041/1106/227 967/1033/227 1042/1107/227
f 1041/1106/227 1042/1107/227 1043/1108/227
f 1043/1108/227 1042/1107/227 1044/1109/227
f 1043/1108/227 1044/1109/227 1045/1110/227
f 1045/1110/227 1044/1109/227 948/1014/227
f 1045/1110/227 948/1014/227 1046/1111/227
f 1046/1111/227 948/1014/227 946/1012/227
f 1046/1111/227 946/1012/227 1047/1112/227
f 1047/1112/227 946/1012/227 941/1007/227
f 1047/1112/227 941/1007/227 1048/1113/227
f 1048/1113/227 941/1007/227 940/1006/227
f 1049/1114/128 816/870/602 820/874/128
f 1049/1114/128 820/874/128 821/875/604
f 816/870/602 1049/1114/128 1050/1115/119
f 1050/1115/119 1049/1114/128 821/875/604
f 816/870/602 1050/1115/119 1051/1116/119
f 816/870/602 1051/1116/119 817/871/603
f 1050/1115/119 821/875/604 1052/1117/118
f 1053/1118/752 821/875/604 813/867/103
f 821/875/604 1053/1118/752 1052/1117/118
f 1053/1118/752 813/867/103 1054/1119/753
f 1050/1115/119 1052/1117/118 1055/1120/119
f 1050/1115/119 1055/1120/119 1051/1116/119
f 1052/1117/118 1053/1118/752 1056/1121/754
f 1053/1118/752 1054/1119/753 1057/1122/755
f 1053/1118/752 1057/1122/755 1056/1121/754
f 1057/1122/755 1054/1119/753 1058/1123/756
f 1057/1122/755 1058/1123/756 1059/1124/757
f 1057/1122/755 1059/1124/757 1060/1125/758
f 1057/1122/755 1060/1125/758 1056/1121/754
f 1060/1125/758 1059/1124/757 1061/1126/759
f 1062/1127/92 1055/1120/119 1052/1117/118
f 1055/1120/119 1062/1127/92 1051/1116/119
f 1063/1128/760 1052/1117/118 1056/1121/754
f 1052/1117/118 1063/1128/760 1062/1127/92
f 1062/1127/92 1063/1128/760 1064/1129/77
f 1063/1128/760 1056/1121/754 1065/1130/117
f 1063/1128/760 1065/1130/117 1064/1129/77
f 1062/1127/92 1064/1129/77 1066/1131/92
f 1062/1127/92 1066/1131/92 1051/1116/119
f 1066/1131/92 1064/1129/77 1065/1130/117
f 1051/1116/119 1066/1131/92 1067/1132/761
f 1067/1132/761 1066/1131/92 1065/1130/117
f 1051/1116/119 1067/1132/761 817/871/603
f 817/871/603 1067/1132/761 935/1001/686
f 1068/1133/762 1065/1130/117 1056/1121/754
f 1065/1130/117 1068/1133/762 1067/1132/761
f 1068/1133/762 1056/1121/754 1060/1125/758
f 935/1001/686 1067/1132/761 938/1004/689
f 938/1004/689 1067/1132/761 1068/1133/762
f 935/1001/686 938/1004/689 937/1003/688
f 1068/1133/762 1060/1125/758 1069/1134/116
f 1068/1133/762 1069/1134/116 938/1004/689
f 1069/1134/116 1060/1125/758 1070/1135/763
f 1070/1135/763 1060/1125/758 1061/1126/759
f 938/1004/689 1069/1134/116 1071/1136/764
f 938/1004/689 1071/1136/764 939/1005/690
f 1070/1135/763 1061/1126/759 1072/1137/765
f 939/1005/690 1071/1136/764 1073/1138/766
f 1069/1134/116 1070/1135/763 1074/1139/60
f 1069/1134/116 1074/1139/60 1071/1136/764
f 1074/1139/60 1070/1135/763 1075/1140/216
f 1074/1139/60 1075/1140/216 1071/1136/764
f 1075/1140/216 1070/1135/763 1076/1141/68
f 1075/1140/216 1076/1141/68 1071/1136/764
f 1070/1135/763 1072/1137/765 1077/1142/767
f 1070/1135/763 1077/1142/767 1076/1141/68
f 1077/1142/767 1072/1137/765 1078/1143/768
f 1078/1143/768 1072/1137/765 1079/1144/769
f 1076/1141/68 1077/1142/767 1080/1145/146
f 1071/1136/764 1076/1141/68 1081/1146/146
f 1081/1146/146 1076/1141/68 1080/1145/146
f 1071/1136/764 1081/1146/146 1073/1138/766
f 1080/1145/146 1077/1142/767 1082/1147/216
f 1080/1145/146 1082/1147/216 1081/1146/146
f 1082/1147/216 1077/1142/767 1078/1143/768
f 1073/1138/766 1081/1146/146 1083/1148/770
f 1083/1148/770 1081/1146/146 1082/1147/216
f 1073/1138/766 1083/1148/770 1084/1149/771
f 1082/1147/216 1078/1143/768 1085/1150/60
f 1082/1147/216 1085/1150/60 1083/1148/770
f 1085/1150/60 1078/1143/768 1086/1151/116
f 1085/1150/60 1086/1151/116 1083/1148/770
f 1084/1149/771 1083/1148/770 1087/1152/772
f 1087/1152/772 1083/1148/770 1086/1151/116
f 1084/1149/771 1087/1152/772 1088/1153/773
f 1086/1151/116 1078/1143/768 1089/1154/774
f 1089/1154/774 1078/1143/768 1079/1144/769
f 1087/1152/772 1086/1151/116 1090/1155/97
f 1090/1155/97 1086/1151/116 1089/1154/774
f 1087/1152/772 1090/1155/97 1091/1156/743
f 1091/1156/743 1090/1155/97 1089/1154/774
f 1088/1153/773 1087/1152/772 1092/1157/775
f 1092/1157/775 1087/1152/772 1091/1156/743
f 1088/1153/773 1092/1157/775 1093/1158/776
f 1088/1153/773 1093/1158/776 1094/1159/777
f 1094/1159/777 1093/1158/776 1095/1160/778
f 1093/1158/776 1092/1157/775 1096/1161/77
f 1093/1158/776 1096/1161/77 1097/1162/779
f 1092/1157/775 1091/1156/743 1098/1163/780
f 1092/1157/775 1098/1163/780 1096/1161/77
f 1097/1162/779 1096/1161/77 1099/1164/781
f 1098/1163/780 1091/1156/743 1100/1165/782
f 1100/1165/782 1091/1156/743 1089/1154/774
f 1096/1161/77 1098/1163/780 1101/1166/110
f 1098/1163/780 1100/1165/782 1102/1167/108
f 1098/1163/780 1102/1167/108 1101/1166/110
f 1096/1161/77 1101/1166/110 1103/1168/119
f 1103/1168/119 1101/1166/110 1102/1167/108
f 1104/1169/783 1099/1164/781 1096/1161/77
f 1104/1169/783 1096/1161/77 1103/1168/119
f 1099/1164/781 1104/1169/783 1105/1170/783
f 1104/1169/783 1103/1168/119 1102/1167/108
f 1105/1170/783 1104/1169/783 1106/1171/784
f 1106/1171/784 1104/1169/783 1102/1167/108
f 1106/1171/784 1102/1167/108 1107/1172/785
f 1107/1172/785 1102/1167/108 1108/1173/786
f 1108/1173/786 1102/1167/108 1100/1165/782
f 1107/1172/785 1108/1173/786 1109/1174/787
f 1109/1174/787 1108/1173/786 1110/1175/788
f 1108/1173/786 1100/1165/782 1111/1176/789
f 1108/1173/786 1111/1176/789 1110/1175/788
f 1111/1176/789 1100/1165/782 1089/1154/774
f 1111/1176/789 1089/1154/774 1079/1144/769
f 1111/1176/789 1079/1144/769 1112/1177/790
f 1111/1176/789 1112/1177/790 1110/1175/788
f 1110/1175/788 1112/1177/790 1113/1178/791
f 1110/1175/788 1113/1178/791 1109/1174/792
f 1114/1179/793 1115/1180/794 1116/1181/795
f 1116/1181/795 1115/1180/794 1117/1182/796
f 1116/1181/795 1117/1182/796 1118/1182/797
f 1118/1182/797 1117/1182/796 1119/1183/798
f 1120/1184/488 1121/1185/488 1122/1186/488
f 1122/1186/488 1121/1185/488 1123/1187/488
f 1123/1187/488 1121/1185/488 1124/1188/488
f 1122/1186/488 1123/1187/488 1125/1189/488
f 1123/1187/488 1124/1188/488 1126/1190/488
f 1126/1190/488 1124/1188/488 1127/1191/488
f 1126/1190/488 1127/1191/488 1128/1192/488
f 1123/1187/488 1126/1190/488 1129/1193/488
f 1123/1187/488 1129/1193/488 1125/1189/488
f 1126/1190/488 1128/1192/488 1130/1194/488
f 1126/1190/488 1130/1194/488 1129/1193/488
f 1130/1194/488 1128/1192/488 1131/1195/488
f 1130/1194/488 1131/1195/488 1132/1196/488
f 1130/1194/488 1132/1196/488 1133/1197/488
f 1130/1194/488 1133/1197/488 1129/1193/488
f 1129/1193/488 1133/1197/488 1134/1198/488
f 1129/1193/488 1134/1198/488 1125/1189/488
f 1125/1189/488 1134/1198/488 1135/1199/488
f 555/599/397 558/602/400 554/598/396
f 554/598/396 558/602/400 556/600/398
f 556/600/398 558/602/400 568/612/411
f 568/612/411 558/602/400 562/606/405
f 568/612/411 562/606/405 564/608/407
f 562/606/405 558/602/400 560/604/402
f 560/604/402 558/602/400 557/601/399
f 1136/1200/799 1137/1201/799 1138/1202/799
f 1139/1203/799 1140/1204/799 1141/1205/799
f 1142/1206/800 1143/1207/801 1144/1208/802
f 1145/1209/803 1146/1210/804 1147/1211/805
f 1148/1212/227 1149/1213/227 1150/1214/227
f 1150/1214/227 1149/1213/227 1138/1215/227
f 1150/1214/227 1138/1215/227 1151/1216/227
f 1149/1213/227 1148/1212/227 1152/1217/227
f 1150/1214/227 1151/1216/227 1141/1205/227
f 1152/1217/227 1148/1212/227 1153/1218/227
f 1150/1214/227 1141/1205/227 1154/1219/227
f 1150/1214/227 1154/1219/227 1148/1212/227
f 1148/1212/227 1154/1219/227 1155/1220/227
f 1148/1212/227 1155/1220/227 1153/1218/227
f 1156/1221/806 695/749/504 240/244/505
f 1156/1221/806 240/244/505 853/907/616
f 853/907/616 240/244/505 467/507/617
f 1157/1222/207 1158/1223/807 1159/1224/808
f 1159/1224/808 1158/1223/807 1160/1225/809
f 1159/1224/808 1160/1225/809 1161/1226/227
f 1159/1224/808 1161/1226/227 1162/1227/227
f 1162/1227/227 1161/1226/227 1143/1207/801
f 1143/1207/801 1161/1226/227 1163/1228/810
f 1143/1207/801 1163/1228/810 1164/1229/811
f 1143/1207/801 1164/1229/811 1165/1230/812
f 1162/1227/227 1143/1207/801 1166/1231/227
f 1162/1227/227 1166/1231/227 1159/1224/808
f 1166/1231/227 1143/1207/801 1142/1206/800
f 1166/1231/227 1142/1206/800 1167/1232/813
f 1159/1224/808 1166/1231/227 1168/1233/814
f 1168/1233/814 1166/1231/227 1167/1232/813
f 1159/1224/808 1168/1233/814 1169/1234/815
f 1167/1232/813 1142/1206/800 1170/1235/816
f 1167/1232/813 1170/1235/816 1168/1233/814
f 1168/1233/814 1170/1235/816 1169/1234/815
f 1170/1235/816 1142/1206/800 1144/1208/802
f 1169/1234/815 1170/1235/816 1171/1236/816
f 1171/1236/816 1170/1235/816 1144/1208/802
f 1172/1237/817 1173/1238/818 1174/1239/817
f 1174/1239/817 1173/1238/818 1027/1094/819
f 1027/1094/819 1173/1238/818 1028/1094/820
f 1028/1094/820 1173/1238/818 1175/1240/820
f 1028/1094/820 1175/1240/820 1176/1241/820
f 1095/1160/778 1093/1158/776 1097/1162/779
f 1177/1242/821 1178/1243/822 1179/1244/822
f 1177/1242/821 1179/1244/822 1180/1245/823
f 1177/1242/821 1180/1245/823 1181/1246/824
f 1177/1242/821 1181/1246/824 1182/1247/824
f 1183/1248/581 1184/1249/825 1185/1250/577
f 1183/1248/581 1185/1250/577 1186/1251/577
f 1186/1251/577 1185/1250/577 1187/1252/826
f 1187/1252/826 1185/1250/577 1188/1253/577
f 1187/1252/826 1188/1253/577 1189/1254/827
f 1190/1255/828 1191/1256/563 1179/1244/829
f 1179/1244/829 1191/1256/563 1192/1257/563
f 1179/1244/829 1192/1257/563 1180/1245/563
f 1180/1245/563 1192/1257/563 1181/1246/830
f 1181/1246/830 1192/1257/563 1193/1258/831
f 1194/1259/94 1195/1259/318 1196/1260/94
f 1195/1259/318 1194/1259/94 1197/1261/94
f 1195/1259/318 1197/1261/94 1198/1262/93
f 1196/1260/94 1195/1259/318 1199/1260/832
f 1196/1260/94 1199/1260/832 1200/1263/833
f 1195/1259/318 1198/1262/93 1201/1264/126
f 1195/1259/318 1201/1264/126 1199/1260/832
f 1200/1263/833 1199/1260/832 1202/1265/126
f 1202/1265/126 1199/1260/832 1201/1264/126
f 1200/1263/833 1202/1265/126 1146/1210/804
f 1200/1263/833 1146/1210/804 1203/1266/804
f 1200/1263/833 1203/1266/804 1204/1267/834
f 1203/1266/804 1146/1210/804 1145/1209/803
f 1146/1210/804 1202/1265/126 1147/1211/805
f 1147/1211/805 1202/1265/126 1205/1268/141
f 1205/1268/141 1202/1265/126 1201/1264/126
f 1147/1211/805 1205/1268/141 1035/1101/92
f 1035/1101/92 1205/1268/141 1031/1097/92
f 1031/1097/92 1205/1268/141 1206/1269/141
f 1206/1269/141 1205/1268/141 1201/1264/126
f 1031/1097/92 1206/1269/141 1029/1095/119
f 1029/1095/119 1206/1269/141 1025/1092/760
f 1025/1092/760 1206/1269/141 1207/1270/835
f 1207/1270/835 1206/1269/141 1201/1264/126
f 1025/1092/760 1207/1270/835 1027/1094/760
f 1027/1094/760 1207/1270/835 1174/1239/836
f 1207/1270/835 1201/1264/126 1208/1271/834
f 1207/1270/835 1208/1271/834 1174/1239/836
f 1208/1271/834 1201/1264/126 1198/1262/93
f 1208/1271/834 1198/1262/93 1209/1272/126
f 1174/1239/836 1208/1271/834 1210/1273/837
f 1210/1273/837 1208/1271/834 1209/1272/126
f 1174/1239/836 1210/1273/837 1172/1237/838
f 1172/1237/838 1210/1273/837 1211/1274/837
f 1211/1274/837 1210/1273/837 1209/1272/126
f 1211/1274/837 1209/1272/126 1212/1275/126
f 1213/1276/839 1183/1248/839 1214/1277/840
f 1214/1277/840 1183/1248/839 1186/1251/840
f 1214/1277/840 1186/1251/840 1187/1252/841
f 1214/1277/840 1187/1252/841 1215/1278/842
f 1216/1279/843 1217/1280/170 1218/1281/844
f 1216/1279/843 1218/1281/844 1219/1282/845
f 1218/1281/844 1217/1280/170 1220/1283/481
f 1218/1281/844 1220/1283/481 1221/1284/846
f 1221/1284/846 1220/1283/481 1222/1285/847
f 1220/1283/481 1217/1280/170 1223/1286/170
f 1223/1286/170 1217/1280/170 1224/1287/170
f 1224/1287/170 1217/1280/170 1225/1288/170
f 1225/1288/170 1217/1280/170 1226/1289/170
f 1226/1289/170 1217/1280/170 1216/1279/843
f 1226/1289/170 1216/1279/843 1227/1290/848
f 1227/1290/848 1216/1279/843 1228/1291/169
f 1228/1291/169 1216/1279/843 1219/1282/845
f 1228/1291/169 1219/1282/845 1229/1292/849
f 1227/1290/848 1228/1291/169 1230/1293/850
f 1228/1291/169 1229/1292/849 1231/1294/849
f 1228/1291/169 1231/1294/849 1230/1293/850
f 1230/1293/850 1231/1294/849 1232/1295/849
f 709/763/851 704/758/851 1233/1296/852
f 1145/1209/853 1147/1211/853 1234/1297/854
f 1234/1297/854 1147/1211/853 1035/1101/855
f 1234/1297/854 1035/1101/855 1036/1101/856
f 1234/1297/854 1036/1101/856 1235/1298/856
f 1235/1298/856 1036/1101/856 1236/1299/856
f 621/675/591 620/674/591 880/933/591
f 880/933/591 620/674/591 879/932/591
f 1237/1300/535 1238/1301/127 1239/1302/857
f 1238/1301/127 1237/1300/535 1240/1303/535
f 1240/1303/535 1237/1300/535 1241/1304/583
f 1238/1301/127 1240/1303/535 1242/1305/573
f 1238/1301/127 1242/1305/573 1243/1306/127
f 1240/1303/535 1241/1304/583 1244/1307/858
f 1240/1303/535 1244/1307/858 1242/1305/573
f 1242/1305/573 1244/1307/858 1245/1308/858
f 1244/1307/858 1241/1304/583 1246/1309/859
f 1245/1308/858 1244/1307/858 1247/1310/10
f 1244/1307/858 1246/1309/859 1248/1311/10
f 1244/1307/858 1248/1311/10 1247/1310/10
f 1248/1311/10 1246/1309/859 1249/1312/860
f 1248/1311/10 1249/1312/860 1247/1310/10
f 1247/1310/10 1249/1312/860 1250/1313/861
f 1249/1312/860 1246/1309/859 1251/1314/860
f 1250/1313/861 1249/1312/860 1252/1315/862
f 1249/1312/860 1251/1314/860 1253/1316/862
f 1249/1312/860 1253/1316/862 1252/1315/862
f 1253/1316/862 1251/1314/860 1254/1317/862
f 1253/1316/862 1254/1317/862 1255/1318/863
f 1252/1315/862 1253/1316/862 1256/1319/864
f 1256/1319/864 1253/1316/862 1255/1318/863
f 1252/1315/862 1256/1319/864 1257/1320/864
f 1256/1319/864 1255/1318/863 1258/1321/865
f 1256/1319/864 1258/1321/865 1257/1320/864
f 1257/1320/864 1258/1321/865 1259/1322/866
f 1259/1322/866 1258/1321/865 1260/1323/867
f 1260/1323/867 1258/1321/865 1261/1324/868
f 1259/1322/866 1260/1323/867 1262/1325/869
f 1263/1326/799 1264/1327/870 1265/1328/799
f 1263/1326/799 1265/1328/799 1266/1329/703
f 1265/1328/799 1264/1327/870 1267/1330/870
f 1266/1329/703 1265/1328/799 1268/1331/703
f 1267/1330/870 1264/1327/870 1269/1332/619
f 1266/1329/703 1268/1331/703 1270/1333/702
f 1267/1330/870 1269/1332/619 1271/1334/619
f 1270/1333/702 1268/1331/703 1272/1335/702
f 1271/1334/619 1269/1332/619 1273/1336/871
f 1270/1333/702 1272/1335/702 1274/1337/872
f 1271/1334/619 1273/1336/871 1275/1338/871
f 1274/1337/872 1272/1335/702 1276/1339/872
f 1275/1338/871 1273/1336/871 870/923/873
f 1274/1337/872 1276/1339/872 1277/1340/874
f 1275/1338/871 870/923/873 1278/1341/873
f 1274/1337/872 1277/1340/874 1279/1342/874
f 1278/1341/873 870/923/873 868/922/179
f 1279/1342/874 1277/1340/874 1280/1343/875
f 1278/1341/873 868/922/179 1281/1344/179
f 1280/1343/875 1277/1340/874 1282/1345/875
f 1281/1344/179 868/922/179 866/920/876
f 1280/1343/875 1282/1345/875 1283/1346/877
f 1281/1344/179 866/920/876 1284/1347/876
f 1280/1343/875 1283/1346/877 1285/1348/877
f 1284/1347/876 866/920/876 864/918/878
f 1285/1348/877 1283/1346/877 1286/1349/879
f 1284/1347/876 864/918/878 1287/1350/878
f 1286/1349/879 1283/1346/877 1288/1351/879
f 1287/1350/878 864/918/878 862/916/170
f 1286/1349/879 1288/1351/879 1289/1352/880
f 1287/1350/878 862/916/170 1290/1353/170
f 1290/1353/170 862/916/170 230/232/196
f 1290/1353/170 230/232/196 229/231/196
f 1286/1349/879 1289/1352/880 1291/1354/880
f 1291/1354/880 1289/1352/880 1292/1355/881
f 1291/1354/880 1292/1355/881 1293/1356/881
f 1294/1357/882 719/773/883 721/775/884
f 719/773/883 1294/1357/882 718/772/885
f 718/772/885 1294/1357/882 714/768/886
f 973/1039/887 879/932/887 854/908/887
f 854/908/887 879/932/887 620/674/887
f 1295/1358/888 1189/1359/827 1188/1360/577
f 1190/1361/828 1296/1362/826 1191/1363/563
f 566/610/889 822/876/682 567/611/409
f 822/876/682 566/610/889 1297/1364/890
f 1297/1364/890 566/610/889 1298/1365/891
f 1297/1364/890 1298/1365/891 1299/1366/892
f 1084/1149/771 1088/1153/773 1300/1367/893
f 1300/1367/893 1088/1153/773 1094/1159/777
f 1300/1367/893 1094/1159/777 1301/1368/894
f 1301/1368/894 1094/1159/777 1095/1160/895
f 1302/1369/896 1303/1370/799 1223/1286/896
f 1223/1286/896 1303/1370/799 1220/1283/799
f 1220/1283/799 1303/1370/799 1304/1371/897
f 1220/1283/799 1304/1371/897 1222/1285/898
f 1305/1372/899 1306/1373/899 1307/1374/899
f 1307/1374/899 1306/1373/899 1308/1375/899
f 1309/1376/227 1310/1377/227 1311/1378/227
f 1311/1378/227 1310/1377/227 1312/1379/227
f 1313/1380/227 1314/1381/227 1315/1382/227
f 1315/1382/227 1314/1381/227 1316/1383/227
f 1317/1384/227 1318/1385/227 1319/1386/227
f 1319/1386/227 1318/1385/227 1320/1386/227
f 1321/1387/227 1322/1388/227 1323/1389/227
f 1323/1389/227 1322/1388/227 1324/1390/227
f 1325/1391/227 1326/1392/227 1327/1393/227
f 1327/1393/227 1326/1392/227 1328/1394/227
f 1233/1296/852 708/762/900 709/763/851
f 708/762/900 1233/1296/852 829/883/901
f 1329/1395/902 1330/1396/902 1019/1086/902
f 1019/1086/902 1330/1396/902 888/941/902
f 888/941/903 1330/1396/903 887/940/903
f 887/940/903 1330/1396/903 1331/1397/903
f 1144/1208/904 1165/1230/905 1332/1398/904
f 1165/1230/905 1144/1208/904 1143/1207/905
f 1333/1399/906 285/1400/907 286/305/908
f 285/1400/907 1333/1399/906 1334/1401/909
f 1157/1222/910 1159/1224/911 1169/1234/912
f 1157/1222/910 1169/1234/912 1335/1402/913
f 1157/1222/910 1335/1402/913 1336/1403/914
f 1336/1403/914 1335/1402/913 1337/1404/915
f 1338/1405/916 83/1406/917 63/1407/918
f 1338/1405/916 63/1407/918 1339/1408/919
f 1338/1405/916 1339/1408/919 1340/1409/920
f 1339/1408/919 63/1407/918 58/1410/921
f 1339/1408/919 58/1410/921 1341/1411/922
f 1339/1408/919 1341/1411/922 1342/1412/488
f 1342/1412/488 1341/1411/922 1343/1413/923
f 1343/1413/923 1341/1411/922 1344/1414/924
f 1343/1413/923 1344/1414/924 1345/1415/925
f 1345/1415/925 1344/1414/924 1152/1416/926
f 1341/1411/922 58/1410/921 57/87/18
f 1341/1411/922 57/87/18 1346/1417/927
f 1341/1411/922 1346/1417/927 1344/1414/924
f 1346/1417/927 57/87/18 1347/1418/928
f 1347/1418/928 57/87/18 86/86/929
f 1346/1417/927 1347/1418/928 1348/1419/930
f 1346/1417/927 1348/1419/930 1344/1414/924
f 1344/1414/924 1348/1419/930 1152/1416/926
f 1152/1416/926 1348/1419/930 1149/1420/931
f 1149/1420/931 1348/1419/930 1349/1421/932
f 1149/1420/931 1349/1421/932 1136/1200/933
f 1149/1420/931 1136/1200/933 1138/1202/934
f 715/769/935 1350/1422/936 716/770/937
f 1350/1422/936 715/769/935 1351/1423/938
f 1351/1423/938 715/769/935 714/768/939
f 1263/1326/940 1266/1329/941 1352/1424/940
f 1352/1424/940 1266/1329/941 1353/1425/941
f 1263/1326/940 1352/1424/940 1354/1426/942
f 1353/1425/941 1266/1329/941 1270/1333/943
f 1263/1326/940 1354/1426/942 1264/1327/944
f 1353/1425/941 1270/1333/943 1355/1427/943
f 1264/1327/944 1354/1426/942 1356/1428/945
f 1355/1427/943 1270/1333/943 1357/1429/946
f 1264/1327/944 1356/1428/945 1269/1332/945
f 1357/1429/946 1270/1333/943 1274/1337/946
f 1269/1332/945 1356/1428/945 1358/1430/945
f 1357/1429/946 1274/1337/946 1359/1431/947
f 1269/1332/945 1358/1430/945 1273/1336/945
f 1359/1431/947 1274/1337/946 1279/1342/947
f 1273/1336/945 1358/1430/945 1360/1432/627
f 1273/1336/945 1360/1432/627 870/923/627
f 870/923/627 1360/1432/627 869/922/626
f 1359/1431/947 1279/1342/947 1280/1343/948
f 1359/1431/947 1280/1343/948 1361/1433/948
f 1361/1433/948 1280/1343/948 1285/1348/949
f 1361/1433/948 1285/1348/949 1362/1434/949
f 1362/1434/949 1285/1348/949 1286/1349/949
f 1362/1434/949 1286/1349/949 1363/1435/949
f 1363/1435/949 1286/1349/949 1291/1354/950
f 1363/1435/949 1291/1354/950 1364/1436/950
f 1364/1436/950 1291/1354/950 1293/1356/951
f 1365/1437/952 1366/1438/953 1367/1439/488
f 1367/1439/488 1366/1438/953 267/1440/151
f 1365/1437/952 1367/1439/488 1368/1441/954
f 1367/1439/488 267/1440/151 273/1442/152
f 1368/1441/954 1367/1439/488 274/1443/153
f 274/1443/153 1367/1439/488 273/1442/152
f 476/516/955 1369/1444/956 474/514/955
f 474/514/955 1369/1444/956 1370/1445/957
f 1370/1445/957 1369/1444/956 1371/1446/958
f 1370/1445/957 1371/1446/958 1372/1447/959
f 1372/1447/959 1371/1446/958 1373/1448/960
f 1372/1447/959 1373/1448/960 1374/1449/960
f 1374/1449/960 1373/1448/960 1375/1450/961
f 1374/1449/960 1375/1450/961 1376/1451/962
f 1376/1451/962 1375/1450/961 1377/1452/963
f 1378/1453/964 704/758/949 705/759/965
f 1378/1453/964 705/759/965 1379/1454/966
f 1379/1454/966 705/759/965 703/757/488
f 1380/1455/967 1381/1456/968 1382/1457/968
f 1380/1455/967 1382/1457/968 1383/1458/967
f 860/914/969 859/913/970 1016/1083/971
f 1384/1459/972 1385/1460/973 1386/1461/974
f 1384/1459/972 1386/1461/974 1387/1462/975
f 1384/1459/972 1387/1462/975 1388/1463/976
f 1384/1459/972 1388/1463/976 1389/1463/977
f 1384/1459/972 1389/1463/977 1390/1464/978
f 1384/1459/972 1390/1464/978 1391/1465/979
f 1391/1465/979 1390/1464/978 1392/1466/980
f 1393/1467/67 1394/1468/981 1395/1469/982
f 1393/1467/67 1395/1469/982 1396/1470/983
f 1396/1470/983 1395/1469/982 1397/1471/984
f 1396/1470/983 1397/1471/984 1398/1472/985
f 1396/1470/983 1398/1472/985 1399/1473/986
f 1396/1470/983 1399/1473/986 1400/1474/987
f 1396/1470/983 1400/1474/987 1401/1475/988
f 1402/1476/989 1403/1477/989 1404/1478/989
f 1405/1479/989 1403/1477/989 1406/1480/989
f 1406/1480/989 1403/1477/989 1402/1476/989
f 1406/1480/989 1402/1476/989 1127/1191/967
f 1127/1191/967 1402/1476/989 1128/1192/967
f 1128/1192/967 1402/1476/989 1131/1195/967
f 1131/1195/967 1402/1476/989 1404/1478/989
f 1131/1195/967 1404/1478/989 1132/1196/967
f 1407/1481/989 1404/1478/989 1403/1477/989
f 1132/1196/967 1404/1478/989 1408/1482/989
f 1408/1482/989 1404/1478/989 1407/1481/989
f 1408/1482/989 1407/1481/989 1409/1483/989
f 1410/1484/493 1411/1485/493 1412/1486/896
f 1412/1486/896 1411/1485/493 1413/1487/799
f 1412/1486/896 1413/1487/799 1120/1184/990
f 1413/1487/799 1411/1485/493 1414/1488/493
f 1120/1184/990 1413/1487/799 1121/1185/990
f 1121/1185/990 1413/1487/799 1415/1489/799
f 1415/1489/799 1413/1487/799 1414/1488/493
f 1121/1185/990 1415/1489/799 1124/1188/990
f 1124/1188/990 1415/1489/799 1127/1191/990
f 1127/1191/990 1415/1489/799 1406/1480/896
f 1406/1480/896 1415/1489/799 1414/1488/493
f 1406/1480/896 1414/1488/493 1405/1479/493
f 1416/1490/991 1417/1491/992 1418/1492/992
f 1417/1491/992 1416/1490/991 1419/1493/991
f 1420/1494/993 1421/1495/993 1422/1496/989
f 1422/1496/989 1421/1495/993 1423/1497/989
f 1422/1496/989 1423/1497/989 1424/1498/994
f 1424/1498/994 1423/1497/989 1425/1499/995
f 1424/1498/994 1425/1499/995 1426/1500/996
f 1426/1500/996 1425/1499/995 1427/1501/996
f 1428/1502/997 1429/1503/921 877/930/998
f 1430/1504/999 253/1505/1000 877/930/998
f 303/314/1001 1431/1506/1002 301/1507/1003
f 301/1507/1003 1431/1506/1002 1432/1508/1004
f 317/1509/1005 876/929/1006 1433/1510/1007
f 317/1509/1005 1433/1510/1007 319/333/1008
f 1434/1511/1009 1435/1512/1009 1436/1513/1009
f 1437/1514/1009 1435/1512/1009 1438/1515/1009
f 1438/1515/1009 1435/1512/1009 1434/1511/1009
f 1438/1515/1009 1434/1511/1009 1135/1199/1010
f 1135/1199/1010 1434/1511/1009 1125/1189/1010
f 1125/1189/1010 1434/1511/1009 1122/1186/1010
f 1122/1186/1010 1434/1511/1009 1436/1513/1009
f 1122/1186/1010 1436/1513/1009 1120/1184/1010
f 1439/1516/1009 1436/1513/1009 1435/1512/1009
f 1120/1184/1010 1436/1513/1009 1412/1486/1009
f 1412/1486/1009 1436/1513/1009 1439/1516/1009
f 1412/1486/1009 1439/1516/1009 1410/1484/1009
f 1440/1517/1011 470/510/1012 1441/1518/1013
f 470/510/1012 1440/1517/1011 1442/1519/1014
f 1440/1517/1011 1441/1518/1013 1443/1520/1015
f 1440/1517/1011 1443/1520/1015 1442/1519/1014
f 1441/1518/1013 470/510/1012 1444/1521/1016
f 1441/1518/1013 1444/1521/1016 1443/1520/1015
f 470/510/1012 1442/1519/1014 468/508/1017
f 468/508/1017 1442/1519/1014 1443/1520/1015
f 1445/1522/1018 1446/1523/1018 470/510/1012
f 470/510/1012 1446/1523/1018 1444/1521/1016
f 1444/1521/1016 1446/1523/1018 1447/1524/1018
f 1444/1521/1016 1447/1524/1018 1448/1525/1018
f 1448/1525/1018 1447/1524/1018 1449/1526/1019
f 1448/1525/1018 1449/1526/1019 1450/1527/1019
f 1450/1527/1019 1449/1526/1019 1451/1528/1019
f 1452/1529/1020 1453/1530/1020 468/508/1017
f 1452/1529/1020 468/508/1017 1427/1501/1021
f 1427/1501/1021 468/508/1017 1443/1520/1015
f 1427/1501/1021 1443/1520/1015 1444/1521/1016
f 1452/1529/1020 1427/1501/1021 1454/1531/1020
f 1427/1501/1021 1444/1521/1016 1426/1500/1022
f 1454/1531/1020 1427/1501/1021 1425/1499/1020
f 1426/1500/1022 1444/1521/1016 1455/1532/1022
f 1454/1531/1020 1425/1499/1020 1456/1533/1023
f 1456/1533/1023 1425/1499/1020 1423/1497/1023
f 1456/1533/1023 1423/1497/1023 1421/1495/1023
f 1426/1500/1022 1455/1532/1022 1457/1534/1024
f 1457/1534/1024 1455/1532/1022 1458/1535/1024
f 1457/1534/1024 1458/1535/1024 1459/1536/1025
f 1459/1536/1025 1458/1535/1024 1460/1537/1025
f 1459/1536/1025 1460/1537/1025 1461/1538/1026
f 1459/1536/1025 1461/1538/1026 1462/1539/1026
f 1462/1539/1026 1461/1538/1026 1463/1540/1027
f 1462/1539/1026 1463/1540/1027 1464/1541/1027
f 1464/1541/1027 1463/1540/1027 1465/1542/1028
f 1464/1541/1027 1465/1542/1028 1420/1494/1028
f 1392/1466/857 1466/1543/857 1467/1544/1029
f 1392/1466/857 1467/1544/1029 1391/1465/93
f 1394/1468/1030 1393/1467/1031 1468/1545/1032
f 1394/1468/1030 1468/1545/1032 1469/1546/1030
f 1470/1547/1033 1471/1548/1034 1472/1549/1033
f 1472/1549/1033 1471/1548/1034 1473/1550/1035
f 1473/1550/1035 1471/1548/1034 1474/1551/1009
f 1473/1550/1035 1474/1551/1009 1475/1552/1009
f 1475/1552/1009 1474/1551/1009 1377/1452/1036
f 1475/1552/1009 1377/1452/1036 1476/1553/1036
f 1477/1554/1037 1478/1555/1037 1479/1556/488
f 1477/1554/1037 1479/1556/488 1480/1557/488
f 1480/1557/488 1479/1556/488 1481/1558/679
f 1477/1554/1037 1480/1557/488 34/1559/1037
f 1480/1557/488 1481/1558/679 1482/1560/679
f 34/1559/1037 1480/1557/488 35/1561/488
f 35/1561/488 1480/1557/488 1482/1560/679
f 35/1561/488 1482/1560/679 37/1562/679
f 1483/1563/1038 1484/1564/1038 1329/1395/1038
f 1329/1395/1038 1484/1564/1038 1330/1396/1038
f 1485/1565/1039 1486/1566/1039 1308/1375/1039
f 1308/1375/1039 1486/1566/1039 1307/1567/1039
f 1165/1230/812 1164/1229/811 1487/1568/1040
f 1488/1569/1039 1489/1570/1039 1311/1378/1039
f 1311/1378/1039 1489/1570/1039 1309/1571/1039
f 1490/1572/1041 1033/1099/1041 1491/1573/1041
f 1491/1573/1041 1033/1099/1041 1023/1090/1041
f 1491/1573/1041 1023/1090/1041 1020/1087/1041
f 1491/1573/1041 1020/1087/1041 1492/1574/1041
f 1493/1575/1042 1494/1576/1043 1495/1577/1044
f 1495/1577/1044 1494/1576/1043 1496/1578/1045
f 1495/1577/1044 1496/1578/1045 1497/1579/1046
f 1494/1576/1043 1493/1575/1042 1498/1580/1047
f 1495/1577/1044 1497/1579/1046 1499/1581/1048
f 1499/1581/1048 1497/1579/1046 1500/1582/1049
f 1499/1581/1048 1500/1582/1049 1501/1583/1050
f 1501/1583/1050 1500/1582/1049 1502/1584/1051
f 1501/1583/1050 1502/1584/1051 1503/1585/1052
f 1504/1586/1053 1498/1580/1047 1505/1580/1054
f 1505/1580/1033 1498/1580/1047 1506/1587/1055
f 1506/1587/1055 1498/1580/1047 1507/1587/1056
f 1506/1587/1055 1507/1587/1056 1508/1588/1055
f 1508/1588/1055 1507/1587/1056 1509/1589/1057
f 1507/1587/1056 1498/1580/1047 1510/1590/1058
f 1510/1590/1058 1498/1580/1047 1493/1575/1042
f 1509/1589/1057 1507/1587/1056 1511/1591/1059
f 1511/1591/1059 1507/1587/1056 1510/1590/1058
f 1509/1589/1057 1511/1591/1059 1512/1592/1060
f 1509/1589/1057 1512/1592/1060 1513/1593/1059
f 1511/1591/1059 1510/1590/1058 1514/1594/1061
f 1514/1594/1061 1510/1590/1058 1493/1575/1042
f 1512/1592/1060 1511/1591/1059 1515/1595/1042
f 1515/1595/1042 1511/1591/1059 1514/1594/1061
f 1513/1593/1059 1512/1592/1060 1516/1596/1062
f 1513/1593/1059 1516/1596/1062 1304/1597/897
f 1304/1597/897 1516/1596/1062 1222/1598/898
f 1516/1596/1062 1512/1592/1060 1517/1599/1063
f 1516/1596/1062 1517/1599/1063 1518/1600/1046
f 1221/1601/1064 1222/1598/898 1518/1600/1046
f 1517/1599/1063 1512/1592/1060 1519/1602/1065
f 1519/1602/1065 1512/1592/1060 1515/1595/1042
f 1218/1603/1066 1221/1601/1064 1219/1604/1066
f 1219/1604/1066 1221/1601/1064 1229/1292/1037
f 1229/1292/1037 1221/1601/1064 1518/1600/1046
f 1520/1605/1067 1518/1600/1046 1517/1599/1063
f 1518/1600/1046 1520/1605/1067 1229/1292/1037
f 1520/1605/1067 1517/1599/1063 1519/1602/1065
f 1229/1292/1037 1520/1605/1067 1521/1606/1068
f 1521/1606/1068 1520/1605/1067 1522/1607/1069
f 1522/1607/1069 1520/1605/1067 1519/1602/1065
f 1521/1606/1068 1522/1607/1069 1523/1608/1069
f 1522/1607/1069 1519/1602/1065 1524/1609/1070
f 1522/1607/1069 1524/1609/1070 1523/1608/1069
f 1524/1609/1070 1519/1602/1065 1515/1595/1042
f 1523/1608/1069 1524/1609/1070 1525/1610/1070
f 1524/1609/1070 1515/1595/1042 1514/1594/1061
f 1525/1610/1070 1524/1609/1070 1526/1611/1071
f 1524/1609/1070 1514/1594/1061 1527/1612/1071
f 1524/1609/1070 1527/1612/1071 1526/1611/1071
f 1527/1612/1071 1514/1594/1061 1528/1613/1058
f 1528/1613/1058 1514/1594/1061 1493/1575/1042
f 1526/1611/1071 1527/1612/1071 1529/1614/1047
f 1529/1614/1047 1527/1612/1071 1528/1613/1058
f 1526/1611/1071 1529/1614/1047 1530/1615/1047
f 1530/1615/1047 1529/1614/1047 1531/1616/1072
f 1531/1616/1072 1529/1614/1047 1532/1617/1072
f 1532/1617/1072 1529/1614/1047 1528/1613/1058
f 1531/1616/1072 1532/1617/1072 1533/1618/1073
f 1528/1613/1058 1493/1575/1042 1534/1619/927
f 1528/1613/1058 1534/1619/927 1532/1617/1072
f 1532/1617/1072 1534/1619/927 1533/1618/1073
f 1534/1619/927 1493/1575/1042 1495/1577/1044
f 1533/1618/1073 1534/1619/927 1535/1620/1074
f 1535/1620/1074 1534/1619/927 1495/1577/1044
f 1535/1620/1074 1495/1577/1044 1536/1621/1075
f 1536/1621/1075 1495/1577/1044 1499/1581/1076
f 1536/1621/1075 1499/1581/1076 1501/1583/1076
f 1536/1621/1075 1501/1583/1076 1537/1622/1077
f 1537/1622/1077 1501/1583/1076 1503/1585/1078
f 1537/1622/1077 1503/1585/1078 1538/1623/1079
f 1538/1623/1079 1503/1585/1078 1539/1624/1080
f 1536/1621/1075 1537/1622/1077 1540/1625/1081
f 1537/1622/1077 1538/1623/1079 1541/1626/1082
f 1537/1622/1077 1541/1626/1082 1540/1625/1081
f 1538/1623/1079 1539/1624/1080 1542/1627/1083
f 1542/1627/1083 1539/1624/1080 1261/1324/1084
f 1541/1626/1082 1538/1623/1079 1543/1628/1082
f 1543/1628/1082 1538/1623/1079 1542/1627/1083
f 1536/1621/1075 1540/1625/1081 1544/1629/1085
f 1536/1621/1075 1544/1629/1085 1535/1620/1086
f 1535/1620/1086 1544/1629/1085 1533/1618/1087
f 1542/1627/1083 1261/1324/1084 1545/1630/1088
f 1545/1630/1088 1261/1324/1084 1255/1318/1089
f 1545/1630/1088 1255/1318/1089 1254/1317/1090
f 1542/1627/1083 1545/1630/1088 1546/1631/1082
f 1542/1627/1083 1546/1631/1082 1543/1628/1082
f 1545/1630/1088 1254/1317/1090 1547/1632/1091
f 1545/1630/1088 1547/1632/1091 1546/1631/1082
f 1547/1632/1091 1254/1317/1090 1251/1314/1092
f 1547/1632/1091 1251/1314/1092 1246/1309/1093
f 1547/1632/1091 1246/1309/1093 1548/1633/1094
f 1548/1633/1094 1246/1309/1093 1241/1304/1095
f 1546/1631/1082 1547/1632/1091 1549/1634/1082
f 1549/1634/1082 1547/1632/1091 1548/1633/1094
f 1548/1633/1094 1241/1304/1095 1550/1635/1096
f 1548/1633/1094 1550/1635/1096 1549/1634/1082
f 1550/1635/1096 1241/1304/1095 1237/1300/1097
f 1546/1631/1082 1549/1634/1082 1551/1636/1082
f 1546/1631/1082 1551/1636/1082 1543/1628/1082
f 1549/1634/1082 1550/1635/1096 1552/1637/1082
f 1549/1634/1082 1552/1637/1082 1551/1636/1082
f 1550/1635/1096 1237/1300/1097 1553/1638/1098
f 1550/1635/1096 1553/1638/1098 1552/1637/1082
f 1553/1638/1098 1237/1300/1097 1239/1302/1099
f 1553/1638/1098 1239/1302/1099 1554/1639/1100
f 1553/1638/1098 1554/1639/1100 1555/1640/1082
f 1553/1638/1098 1555/1640/1082 1552/1637/1082
f 1555/1640/1082 1554/1639/1100 1556/1641/1082
f 1557/1642/1082 1551/1636/1082 1552/1637/1082
f 1557/1642/1082 1552/1637/1082 1555/1640/1082
f 1558/1643/1082 1543/1628/1082 1551/1636/1082
f 1558/1643/1082 1551/1636/1082 1557/1642/1082
f 1543/1628/1082 1558/1643/1082 1541/1626/1082
f 1555/1640/1082 1556/1641/1082 1559/1644/1082
f 1555/1640/1082 1559/1644/1082 1557/1642/1082
f 1559/1644/1082 1556/1641/1082 1560/1645/1082
f 1541/1626/1082 1558/1643/1082 1561/1646/1101
f 1558/1643/1082 1557/1642/1082 1562/1647/1082
f 1562/1647/1082 1557/1642/1082 1559/1644/1082
f 1558/1643/1082 1562/1647/1082 1561/1646/1101
f 1541/1626/1082 1561/1646/1101 1540/1625/1081
f 1559/1644/1082 1560/1645/1082 1563/1648/1082
f 1559/1644/1082 1563/1648/1082 1562/1647/1082
f 1563/1648/1082 1560/1645/1082 1564/1649/1082
f 1540/1625/1081 1561/1646/1101 1565/1650/1102
f 1561/1646/1101 1562/1647/1082 1566/1651/1103
f 1566/1651/1103 1562/1647/1082 1563/1648/1082
f 1561/1646/1101 1566/1651/1103 1565/1650/1102
f 1563/1648/1082 1564/1649/1082 1567/1652/1103
f 1563/1648/1082 1567/1652/1103 1566/1651/1103
f 1567/1652/1103 1564/1649/1082 1568/1653/1094
f 1540/1625/1081 1565/1650/1102 1544/1629/1085
f 1566/1651/1103 1567/1652/1103 1569/1654/1104
f 1566/1651/1103 1569/1654/1104 1565/1650/1102
f 1567/1652/1103 1568/1653/1094 1570/1655/1104
f 1567/1652/1103 1570/1655/1104 1569/1654/1104
f 1570/1655/1104 1568/1653/1094 1571/1656/1105
f 1544/1629/1085 1565/1650/1102 1572/1657/1106
f 1544/1629/1085 1572/1657/1106 1533/1618/1087
f 1533/1618/1087 1572/1657/1106 1531/1616/1107
f 1531/1616/1107 1572/1657/1106 1573/1658/1107
f 1572/1657/1106 1565/1650/1102 1574/1659/1108
f 1572/1657/1106 1574/1659/1108 1573/1658/1107
f 1574/1659/1108 1565/1650/1102 1569/1654/1104
f 1573/1658/1107 1574/1659/1108 1575/1660/1109
f 1574/1659/1108 1569/1654/1104 1576/1661/1110
f 1574/1659/1108 1576/1661/1110 1575/1660/1109
f 1576/1661/1110 1569/1654/1104 1570/1655/1104
f 1575/1660/1109 1576/1661/1110 1577/1662/1111
f 1576/1661/1110 1570/1655/1104 1578/1663/1110
f 1576/1661/1110 1578/1663/1110 1577/1662/1111
f 1578/1663/1110 1570/1655/1104 1571/1656/1105
f 1577/1662/1111 1578/1663/1110 1579/1664/1112
f 1578/1663/1110 1571/1656/1105 1580/1665/1110
f 1579/1664/1112 1578/1663/1110 1581/1666/1113
f 1581/1666/1113 1578/1663/1110 1580/1665/1110
f 1370/1445/1114 1372/1447/1114 474/514/1115
f 474/514/1115 1372/1447/1114 1470/1547/1116
f 1470/1547/1116 1372/1447/1114 1374/1449/1114
f 1470/1547/1116 1374/1449/1114 1471/1548/1114
f 1471/1548/1114 1374/1449/1114 1376/1451/1117
f 1471/1548/1114 1376/1451/1117 1474/1551/1117
f 1474/1551/1117 1376/1451/1117 1377/1452/1117
f 474/514/1115 1470/1547/1116 1582/1667/1118
f 474/514/1115 1582/1667/1118 1583/1668/1095
f 474/514/1115 1583/1668/1095 475/515/1119
f 1583/1668/1095 1582/1667/1118 1584/1669/1120
f 1583/1668/1095 1584/1669/1120 475/515/1119
f 1584/1669/1120 1582/1667/1118 1585/1670/1121
f 1584/1669/1120 1585/1670/1121 475/515/1119
f 1582/1667/1118 1470/1547/1116 1586/1671/1122
f 1582/1667/1118 1586/1671/1122 1585/1670/1121
f 1585/1670/1121 1586/1671/1122 475/515/1119
f 1586/1671/1122 1470/1547/1116 1472/1549/1123
f 475/515/1119 1586/1671/1122 1587/1672/1124
f 475/515/1119 1587/1672/1124 1588/1673/1124
f 1587/1672/1124 1586/1671/1122 1589/1674/1124
f 1586/1671/1122 1472/1549/1123 1590/1675/1123
f 1589/1674/1124 1586/1671/1122 1591/1676/1124
f 1590/1675/1123 1472/1549/1123 1592/1677/1125
f 1589/1674/1124 1591/1676/1124 1593/1678/1100
f 1593/1678/1100 1591/1676/1124 1594/1679/1100
f 1593/1678/1100 1594/1679/1100 1595/1680/1100
f 1590/1675/1123 1592/1677/1125 1596/1681/1125
f 1596/1681/1125 1592/1677/1125 1597/1682/1082
f 1596/1681/1125 1597/1682/1082 1598/1683/1082
f 1598/1683/1082 1597/1682/1082 1599/1684/1126
f 1599/1684/1126 1597/1682/1082 1600/1685/1126
f 1599/1684/1126 1600/1685/1126 1601/1686/1127
f 1601/1686/1127 1600/1685/1126 1602/1687/1127
f 1601/1686/1127 1602/1687/1127 1603/1688/1128
f 1603/1688/1128 1602/1687/1127 1476/1689/1128
f 1604/1690/1129 1487/1568/1130 1164/1229/1131
f 469/509/1132 468/508/1132 1605/1691/1133
f 1605/1691/1133 468/508/1132 1453/1530/701
f 1605/1691/1133 1453/1530/701 1606/1692/1134
f 1606/1692/1134 1453/1530/701 1452/1529/1135
f 1606/1692/1134 1452/1529/1135 1607/1693/1136
f 1607/1693/1136 1452/1529/1135 1454/1531/1136
f 1607/1693/1136 1454/1531/1136 1608/1694/1137
f 1608/1694/1137 1454/1531/1136 1456/1533/1138
f 1608/1694/1137 1456/1533/1138 1421/1495/1139
f 1608/1694/1137 1421/1495/1139 1609/1695/1139
f 1610/1696/1039 1611/1697/1039 1327/1393/1039
f 1327/1393/1039 1611/1697/1039 1325/1698/1039
f 1612/1699/1082 1613/1700/1082 1614/1701/1082
f 1614/1701/1082 1613/1700/1082 1615/1702/1082
f 1612/1699/1082 1614/1701/1082 1616/1703/1082
f 1615/1702/1082 1613/1700/1082 1617/1704/1082
f 1615/1702/1082 1617/1704/1082 1618/1705/1082
f 1613/1700/1082 1612/1699/1082 1619/1706/1082
f 1612/1699/1082 1616/1703/1082 1620/1707/1082
f 1620/1707/1082 1616/1703/1082 1621/1708/1082
f 1620/1707/1082 1621/1708/1082 1622/1709/1082
f 1612/1699/1082 1620/1707/1082 1623/1710/1082
f 1612/1699/1082 1623/1710/1082 1619/1706/1082
f 1620/1707/1082 1622/1709/1082 1624/1711/1082
f 1620/1707/1082 1624/1711/1082 1623/1710/1082
f 1624/1711/1082 1622/1709/1082 1625/1712/1082
f 1626/1713/1082 1613/1700/1082 1619/1706/1082
f 1613/1700/1082 1626/1713/1082 1617/1704/1082
f 1624/1711/1082 1625/1712/1082 1627/1714/1082
f 1627/1714/1082 1625/1712/1082 1232/1295/1082
f 1627/1714/1082 1232/1295/1082 1231/1294/1082
f 1624/1711/1082 1627/1714/1082 1628/1715/1082
f 1624/1711/1082 1628/1715/1082 1623/1710/1082
f 1627/1714/1082 1231/1294/1082 1629/1716/1082
f 1627/1714/1082 1629/1716/1082 1628/1715/1082
f 1629/1716/1082 1231/1294/1082 1229/1292/1082
f 1629/1716/1082 1229/1292/1082 1521/1606/1082
f 1629/1716/1082 1521/1606/1082 1630/1717/1082
f 1629/1716/1082 1630/1717/1082 1628/1715/1082
f 1630/1717/1082 1521/1606/1082 1523/1608/1082
f 1630/1717/1082 1523/1608/1082 1631/1718/1082
f 1630/1717/1082 1631/1718/1082 1628/1715/1082
f 1631/1718/1082 1523/1608/1082 1525/1610/1082
f 1631/1718/1082 1525/1610/1082 1526/1611/1082
f 1632/1719/1082 1623/1710/1082 1628/1715/1082
f 1632/1719/1082 1628/1715/1082 1631/1718/1082
f 1623/1710/1082 1632/1719/1082 1619/1706/1082
f 1631/1718/1082 1526/1611/1082 1633/1720/1082
f 1631/1718/1082 1633/1720/1082 1632/1719/1082
f 1633/1720/1082 1526/1611/1082 1530/1615/1140
f 1619/1706/1082 1632/1719/1082 1634/1721/1082
f 1634/1721/1082 1632/1719/1082 1633/1720/1082
f 1619/1706/1082 1634/1721/1082 1626/1713/1082
f 1633/1720/1082 1530/1615/1140 1635/1722/1140
f 1633/1720/1082 1635/1722/1140 1634/1721/1082
f 1635/1722/1140 1530/1615/1140 1573/1658/1141
f 1573/1658/1141 1530/1615/1140 1531/1616/1141
f 1635/1722/1140 1573/1658/1141 1575/1660/1142
f 1634/1721/1082 1635/1722/1140 1636/1723/1143
f 1634/1721/1082 1636/1723/1143 1626/1713/1082
f 1636/1723/1143 1635/1722/1140 1575/1660/1142
f 1626/1713/1082 1636/1723/1143 1637/1724/1143
f 1637/1724/1143 1636/1723/1143 1575/1660/1142
f 1626/1713/1082 1637/1724/1143 1617/1704/1082
f 1637/1724/1143 1575/1660/1142 1577/1662/1144
f 1617/1704/1082 1637/1724/1143 1638/1725/1143
f 1638/1725/1143 1637/1724/1143 1577/1662/1144
f 1617/1704/1082 1638/1725/1143 1618/1705/1082
f 1638/1725/1143 1577/1662/1144 1579/1664/1144
f 1618/1705/1082 1638/1725/1143 1639/1726/1145
f 1639/1726/1145 1638/1725/1143 1579/1664/1144
f 1639/1726/1145 1579/1664/1144 1581/1666/1144
f 1640/1727/1039 1641/1728/1039 1323/1389/1039
f 1323/1389/1039 1641/1728/1039 1321/1729/1039
f 851/905/1146 1642/1730/1147 836/890/1146
f 836/890/1146 1642/1730/1147 835/1731/1147
f 835/1731/1147 1642/1730/1147 1643/1732/1148
f 835/1731/1147 1643/1732/1148 834/1733/1148
f 1390/1464/978 1389/1463/977 1644/1734/1149
f 1645/1735/1150 1646/1736/1150 1319/1386/1150
f 1319/1386/1150 1646/1736/1150 1317/1737/1150
f 1647/1738/1151 1295/1358/1151 1188/1360/1151
f 1261/1324/868 1258/1321/865 1255/1318/1152
f 1648/1739/1153 1649/1740/488 1650/1741/615
f 1649/1740/488 1648/1739/1153 1651/1742/1154
f 1648/1739/1153 1650/1741/615 1652/1743/1155
f 1651/1742/1154 1648/1739/1153 1380/1455/1156
f 1648/1739/1153 1652/1743/1155 1139/1744/874
f 1380/1455/1156 1648/1739/1153 1381/1456/1155
f 1648/1739/1153 1139/1744/874 1653/1745/1157
f 1648/1739/1153 1653/1745/1157 1381/1456/1155
f 1342/1412/1158 1340/1409/1158 1339/1408/1158
f 1654/1746/1150 1655/1747/1150 1315/1382/1150
f 1315/1382/1150 1655/1747/1150 1313/1748/1150
f 697/1749/488 1656/1750/1159 1657/1751/1160
f 1657/1751/1160 1656/1750/1159 1658/1752/952
f 1656/1750/1159 697/1749/488 1659/1753/1161
f 1658/1752/952 1656/1750/1159 1137/1754/1157
f 1656/1750/1159 1659/1753/1161 1417/1491/1162
f 1137/1754/1157 1656/1750/1159 1660/1755/874
f 1656/1750/1159 1417/1491/1162 1419/1493/952
f 1656/1750/1159 1419/1493/952 1660/1755/874
f 1316/1383/1163 1661/1756/1163 1315/1382/1163
f 1315/1382/1163 1661/1756/1163 1654/1746/1163
f 1662/1757/1164 1484/1564/1164 1663/1758/1164
f 1663/1758/1164 1484/1564/1164 1483/1563/1164
f 1137/1201/1165 1136/1200/933 1658/1759/1166
f 1658/1759/1166 1136/1200/933 1657/1760/1167
f 1664/1761/1168 1665/1762/1020 1334/1401/909
f 282/1763/1025 285/1400/907 1334/1401/909
f 1664/1761/1168 1334/1401/909 1333/1399/906
f 1664/1761/1168 1333/1399/906 430/470/1169
f 430/470/1169 1333/1399/906 286/305/908
f 1664/1761/1168 430/470/1169 727/781/1170
f 727/781/1170 430/470/1169 431/471/283
f 1664/1761/1168 727/781/1170 725/779/1171
f 1664/1761/1168 725/779/1171 1665/1762/1020
f 1665/1762/1020 725/779/1171 723/777/1172
f 727/781/1170 431/471/283 1666/1764/1173
f 1666/1764/1173 431/471/283 433/473/1174
f 727/781/1170 1666/1764/1173 1667/1765/1175
f 1666/1764/1173 433/473/1174 1668/1766/1176
f 1667/1765/1175 1666/1764/1173 1669/1767/1177
f 1669/1767/1177 1666/1764/1173 1668/1766/1176
f 1665/1762/1020 723/777/1172 720/774/1020
f 717/771/1178 716/770/1025 720/774/1020
f 720/774/1020 716/770/1025 1665/1762/1020
f 1665/1762/1020 716/770/1025 1670/1768/1026
f 1670/1768/1026 716/770/1025 282/1763/1025
f 1665/1762/1020 1670/1768/1026 1671/1769/1020
f 1671/1769/1020 1670/1768/1026 1672/1770/1179
f 1665/1762/1020 1671/1769/1020 1673/1771/1026
f 1673/1771/1026 1671/1769/1020 1672/1770/1179
f 1665/1762/1020 1673/1771/1026 1334/1401/909
f 1672/1770/1179 1670/1768/1026 1674/1772/1180
f 1674/1772/1180 1670/1768/1026 282/1763/1025
f 1672/1770/1179 1674/1772/1180 1673/1771/1026
f 1674/1772/1180 282/1763/1025 1334/1401/909
f 1674/1772/1180 1334/1401/909 1673/1771/1026
f 1320/1386/1181 1675/1735/1181 1319/1386/1181
f 1319/1386/1181 1675/1735/1181 1645/1735/1181
f 1676/1773/1182 282/1763/154 716/770/937
f 282/1763/154 1676/1773/1182 280/1774/919
f 255/1775/937 280/1776/919 1677/1777/488
f 1677/1777/488 280/1776/919 1676/1778/1182
f 255/1775/937 1677/1777/488 1678/1779/919
f 1677/1777/488 1676/1778/1182 1679/1780/1183
f 1677/1777/488 1679/1780/1183 1678/1779/919
f 1679/1780/1183 1676/1778/1182 716/1781/937
f 1679/1780/1183 716/1781/937 1350/1782/936
f 1678/1779/919 1679/1780/1183 877/930/998
f 1680/1783/1184 1350/1782/936 1681/1784/1185
f 877/930/998 1679/1780/1183 1428/1502/997
f 1428/1502/997 1679/1780/1183 1680/1783/1184
f 1428/1502/997 1680/1783/1184 1682/1785/1186
f 1428/1502/997 1682/1785/1186 1379/1786/966
f 1428/1502/997 1379/1786/966 1429/1503/921
f 1430/1504/999 877/930/998 1429/1503/921
f 1429/1503/921 1379/1786/966 703/1787/488
f 1429/1503/921 703/1787/488 1683/1788/1187
f 1429/1503/921 1683/1788/1187 1430/1504/999
f 1683/1788/1187 703/1787/488 264/1789/155
f 1683/1788/1187 264/1789/155 263/1790/1183
f 1683/1788/1187 263/1790/1183 1430/1504/999
f 1430/1504/999 263/1790/1183 253/1505/1000
f 582/627/1026 581/626/1026 830/884/1026
f 582/627/1026 830/884/1026 622/676/1026
f 830/884/1026 581/626/1026 1684/1791/1026
f 1684/1791/1026 581/626/1026 630/683/1026
f 631/684/1026 701/755/1026 630/683/1026
f 630/683/1026 701/755/1026 857/911/1026
f 630/683/1026 857/911/1026 973/1039/1026
f 630/683/1026 973/1039/1026 1684/1791/1026
f 1684/1791/1026 973/1039/1026 1685/1792/1026
f 1685/1792/1026 973/1039/1026 854/908/1026
f 1685/1792/1026 854/908/1026 711/765/1026
f 1686/1793/1026 830/884/1026 1684/1791/1026
f 830/884/1026 1686/1793/1026 858/912/1026
f 1684/1791/1026 1685/1792/1026 1687/1794/1026
f 1684/1791/1026 1687/1794/1026 1686/1793/1026
f 1685/1792/1026 711/765/1026 1688/1795/1026
f 1688/1795/1026 711/765/1026 580/625/1026
f 1687/1794/1026 1685/1792/1026 1689/1796/1026
f 1689/1796/1026 1685/1792/1026 1688/1795/1026
f 858/912/1026 1686/1793/1026 1690/1797/1026
f 858/912/1026 1690/1797/1026 881/934/1026
f 881/934/1026 1690/1797/1026 882/935/1026
f 1690/1797/1026 1686/1793/1026 1691/1798/1026
f 1691/1798/1026 1686/1793/1026 1687/1794/1026
f 882/935/1026 1690/1797/1026 1692/1799/1026
f 1692/1799/1026 1690/1797/1026 1691/1798/1026
f 882/935/1026 1692/1799/1026 883/936/1026
f 1693/1800/1026 1687/1794/1026 1689/1796/1026
f 1687/1794/1026 1693/1800/1026 1691/1798/1026
f 1692/1799/1026 1691/1798/1026 1694/1801/1026
f 1694/1801/1026 1691/1798/1026 1693/1800/1026
f 883/936/1026 1692/1799/1026 1695/1802/1026
f 1695/1802/1026 1692/1799/1026 1694/1801/1026
f 883/936/1026 1695/1802/1026 884/937/1026
f 1693/1800/1026 1689/1796/1026 1696/1803/1026
f 1696/1803/1026 1689/1796/1026 1688/1795/1026
f 1694/1801/1026 1693/1800/1026 1697/1804/1026
f 1696/1803/1026 1688/1795/1026 1698/1805/1026
f 1698/1805/1026 1688/1795/1026 580/625/1026
f 1693/1800/1026 1696/1803/1026 1699/1806/1026
f 1693/1800/1026 1699/1806/1026 1697/1804/1026
f 1696/1803/1026 1698/1805/1026 1700/1807/1026
f 1696/1803/1026 1700/1807/1026 1699/1806/1026
f 1698/1805/1026 580/625/1026 1701/1808/1026
f 1698/1805/1026 1701/1808/1026 1700/1807/1026
f 1701/1808/1026 580/625/1026 472/512/1026
f 1702/1809/1026 1694/1801/1026 1697/1804/1026
f 1694/1801/1026 1702/1809/1026 1695/1802/1026
f 1701/1808/1026 472/512/1026 1703/1810/1026
f 1703/1810/1026 472/512/1026 473/513/1026
f 1700/1807/1026 1701/1808/1026 1704/1811/1026
f 1704/1811/1026 1701/1808/1026 1703/1810/1026
f 1700/1807/1026 1704/1811/1026 1705/1812/1026
f 1700/1807/1026 1705/1812/1026 1699/1806/1026
f 1703/1810/1026 473/513/1026 1706/1813/1026
f 1706/1813/1026 473/513/1026 577/622/1026
f 1704/1811/1026 1703/1810/1026 1707/1814/1026
f 1707/1814/1026 1703/1810/1026 1706/1813/1026
f 1705/1812/1026 1704/1811/1026 1708/1815/1026
f 1708/1815/1026 1704/1811/1026 1707/1814/1026
f 1699/1806/1026 1705/1812/1026 1709/1816/1025
f 1699/1806/1026 1709/1816/1025 1697/1804/1026
f 1705/1812/1026 1708/1815/1026 1710/1817/1026
f 1705/1812/1026 1710/1817/1026 1709/1816/1025
f 1708/1815/1026 1707/1814/1026 1711/1818/1026
f 1707/1814/1026 1706/1813/1026 1712/1819/1026
f 1707/1814/1026 1712/1819/1026 1711/1818/1026
f 1713/1820/1026 1706/1813/1026 577/622/1026
f 1713/1820/1026 577/622/1026 1714/1821/1026
f 1706/1813/1026 1713/1820/1026 1712/1819/1026
f 1715/1822/1026 1710/1817/1026 1708/1815/1026
f 1715/1822/1026 1708/1815/1026 1711/1818/1026
f 1710/1817/1026 1715/1822/1026 1716/1823/1026
f 1717/1824/1026 1711/1818/1026 1712/1819/1026
f 1717/1824/1026 1712/1819/1026 1718/1825/1026
f 1718/1825/1026 1712/1819/1026 1719/1826/1026
f 1719/1826/1026 1712/1819/1026 1713/1820/1026
f 1719/1826/1026 1713/1820/1026 1720/1827/1026
f 1721/1828/1026 1722/1829/1026 1713/1820/1026
f 1713/1820/1026 1722/1829/1026 632/685/1026
f 1713/1820/1026 632/685/1026 1720/1827/1026
f 1720/1827/1026 632/685/1026 1723/1830/1026
f 1723/1830/1026 632/685/1026 972/1038/1026
f 972/1038/1026 632/685/1026 710/764/1026
f 710/764/1026 632/685/1026 633/686/1026
f 1724/1831/1026 1717/1824/1026 1718/1825/1026
f 1724/1831/1026 1718/1825/1026 1725/1832/1026
f 1717/1824/1026 1724/1831/1026 1726/1833/1026
f 1717/1824/1026 1726/1833/1026 1711/1818/1026
f 1711/1818/1026 1726/1833/1026 1715/1822/1026
f 1724/1831/1026 1725/1832/1026 1727/1834/1026
f 1727/1834/1026 1725/1832/1026 1728/1835/1026
f 1726/1833/1026 1724/1831/1026 1729/1836/1026
f 1729/1836/1026 1724/1831/1026 1727/1834/1026
f 1715/1822/1026 1726/1833/1026 1730/1837/1026
f 1730/1837/1026 1726/1833/1026 1729/1836/1026
f 1715/1822/1026 1730/1837/1026 1716/1823/1026
f 1727/1834/1026 1728/1835/1026 1731/1838/1026
f 1731/1838/1026 1728/1835/1026 1732/1839/1026
f 1729/1836/1026 1727/1834/1026 1733/1840/1026
f 1733/1840/1026 1727/1834/1026 1731/1838/1026
f 1730/1837/1026 1729/1836/1026 1734/1841/1026
f 1734/1841/1026 1729/1836/1026 1733/1840/1026
f 1716/1823/1026 1730/1837/1026 1735/1842/1026
f 1735/1842/1026 1730/1837/1026 1734/1841/1026
f 1731/1838/1026 1732/1839/1026 1736/1843/1026
f 1736/1843/1026 1732/1839/1026 1737/1844/1026
f 1733/1840/1026 1731/1838/1026 1738/1845/1026
f 1738/1845/1026 1731/1838/1026 1736/1843/1026
f 1734/1841/1026 1733/1840/1026 1739/1846/1026
f 1739/1846/1026 1733/1840/1026 1738/1845/1026
f 1735/1842/1026 1734/1841/1026 1740/1847/1026
f 1740/1847/1026 1734/1841/1026 1739/1846/1026
f 1736/1843/1026 1737/1844/1026 1741/1848/1026
f 1741/1848/1026 1737/1844/1026 1742/1849/1026
f 1738/1845/1026 1736/1843/1026 1743/1850/1026
f 1743/1850/1026 1736/1843/1026 1741/1848/1026
f 1743/1850/1026 1741/1848/1026 1744/1851/1026
f 1743/1850/1026 1744/1851/1026 1745/1852/1026
f 1744/1851/1026 1741/1848/1026 1746/1853/1026
f 1746/1853/1026 1741/1848/1026 1742/1849/1026
f 1746/1853/1026 1742/1849/1026 1747/1854/1026
f 1746/1853/1026 1747/1854/1026 1748/1855/1026
f 1748/1855/1026 1747/1854/1026 1749/1856/1026
f 1746/1853/1026 1748/1855/1026 1750/1857/1026
f 1743/1850/1026 1745/1852/1026 1751/1858/1026
f 1743/1850/1026 1751/1858/1026 1738/1845/1026
f 1751/1858/1026 1745/1852/1026 1752/1859/1026
f 1738/1845/1026 1751/1858/1026 1739/1846/1026
f 1751/1858/1026 1752/1859/1026 1753/1860/1026
f 1751/1858/1026 1753/1860/1026 1739/1846/1026
f 1753/1860/1026 1752/1859/1026 1754/1861/1026
f 1739/1846/1026 1753/1860/1026 1740/1847/1026
f 1753/1860/1026 1754/1861/1026 1755/1862/1026
f 1753/1860/1026 1755/1862/1026 1740/1847/1026
f 1755/1862/1026 1754/1861/1026 1663/1758/1026
f 1740/1847/1026 1755/1862/1026 1756/1863/1026
f 1740/1847/1026 1756/1863/1026 1735/1842/1026
f 1755/1862/1026 1663/1758/1026 1757/1864/1026
f 1755/1862/1026 1757/1864/1026 1756/1863/1026
f 1757/1864/1026 1663/1758/1026 1483/1563/1026
f 1735/1842/1026 1756/1863/1026 1758/1865/1026
f 1735/1842/1026 1758/1865/1026 1716/1823/1026
f 1756/1863/1026 1757/1864/1026 1759/1866/1026
f 1756/1863/1026 1759/1866/1026 1758/1865/1026
f 1757/1864/1026 1483/1563/1026 1760/1867/1026
f 1757/1864/1026 1760/1867/1026 1759/1866/1026
f 1760/1867/1026 1483/1563/1026 1329/1395/1026
f 1716/1823/1026 1758/1865/1026 1761/1868/1025
f 1716/1823/1026 1761/1868/1025 1710/1817/1026
f 1710/1817/1026 1761/1868/1025 1709/1816/1025
f 1761/1868/1025 1758/1865/1026 1762/1869/1026
f 1762/1869/1026 1758/1865/1026 1759/1866/1026
f 1709/1816/1025 1761/1868/1025 1763/1870/1026
f 1763/1870/1026 1761/1868/1025 1762/1869/1026
f 1709/1816/1025 1763/1870/1026 1697/1804/1026
f 1697/1804/1026 1763/1870/1026 1702/1809/1026
f 1764/1871/1026 1759/1866/1026 1760/1867/1026
f 1759/1866/1026 1764/1871/1026 1762/1869/1026
f 1763/1870/1026 1762/1869/1026 1765/1872/1026
f 1763/1870/1026 1765/1872/1026 1702/1809/1026
f 1765/1872/1026 1762/1869/1026 1764/1871/1026
f 1764/1871/1026 1760/1867/1026 1766/1873/1026
f 1766/1873/1026 1760/1867/1026 1329/1395/1026
f 1766/1873/1026 1329/1395/1026 1019/1086/1026
f 1766/1873/1026 1019/1086/1026 886/939/1026
f 1764/1871/1026 1766/1873/1026 1767/1874/1026
f 1767/1874/1026 1766/1873/1026 886/939/1026
f 1764/1871/1026 1767/1874/1026 1765/1872/1026
f 1767/1874/1026 886/939/1026 885/938/1026
f 1765/1872/1026 1767/1874/1026 1768/1875/1026
f 1768/1875/1026 1767/1874/1026 885/938/1026
f 1765/1872/1026 1768/1875/1026 1702/1809/1026
f 1768/1875/1026 885/938/1026 884/937/1026
f 1702/1809/1026 1768/1875/1026 1695/1802/1026
f 1695/1802/1026 1768/1875/1026 884/937/1026
f 632/685/1026 1722/1829/1026 1769/1876/1026
f 1769/1876/1026 1722/1829/1026 1770/1877/1026
f 1770/1877/1026 1722/1829/1026 1721/1828/1026
f 1771/1878/1026 634/125/1026 1769/1876/1026
f 1771/1878/1026 1769/1876/1026 1772/1879/1026
f 1772/1879/1026 1769/1876/1026 1770/1877/1026
f 1771/1878/1026 1772/1879/1026 1773/1880/1026
f 1770/1877/1026 1721/1828/1026 1714/1821/1026
f 1770/1877/1026 1714/1821/1026 1772/1879/1026
f 1772/1879/1026 1714/1821/1026 1773/1880/1026
f 1714/1821/1026 1721/1828/1026 1713/1820/1026
f 1773/1880/1026 1714/1821/1026 577/622/1026
f 632/685/1026 1769/1876/1026 634/125/1026
f 575/619/1026 634/125/1026 1771/1878/1026
f 575/619/1026 1771/1878/1026 1774/1881/1026
f 1774/1881/1026 1771/1878/1026 1773/1880/1026
f 575/619/1026 1774/1881/1026 576/620/1026
f 1774/1881/1026 1773/1880/1026 577/622/1026
f 1774/1881/1026 577/622/1026 576/620/1026
f 696/750/1026 622/676/1026 830/884/1026
f 98/99/1020 1775/1882/1026 365/378/1172
f 1775/1882/1026 98/99/1020 101/102/1019
f 1775/1882/1026 101/102/1019 1776/1883/1188
f 1324/1390/1189 1777/1884/1189 1323/1389/1189
f 1323/1389/1189 1777/1884/1189 1640/1727/1189
f 1426/1500/1190 1457/1534/1190 1424/1498/1191
f 1424/1498/1191 1457/1534/1190 1459/1536/1192
f 1424/1498/1191 1459/1536/1192 1422/1496/1193
f 1422/1496/1193 1459/1536/1192 1462/1539/1194
f 1422/1496/1193 1462/1539/1194 1464/1541/1195
f 1422/1496/1193 1464/1541/1195 1420/1494/1195
f 1778/1885/1196 1779/1886/1196 1780/1887/1196
f 1781/1888/1197 1782/1889/1103 1783/1890/1124
f 120/121/1198 1008/1074/1199 1783/1890/1124
f 120/121/1198 1783/1890/1124 118/119/1082
f 1783/1890/1124 1008/1074/1199 994/1060/1082
f 1783/1890/1124 994/1060/1082 1781/1888/1197
f 118/119/1082 1783/1890/1124 1784/1891/1103
f 1784/1891/1103 1783/1890/1124 1782/1889/1103
f 118/119/1082 1784/1891/1103 1011/1077/1200
f 1011/1077/1200 1784/1891/1103 214/1078/1200
f 214/1078/1200 1784/1891/1103 213/1892/1201
f 1781/1888/1197 994/1060/1082 105/106/1082
f 105/106/1082 994/1060/1082 995/1061/1126
f 105/106/1082 995/1061/1126 997/1063/1126
f 105/106/1082 997/1063/1126 183/1893/1082
f 183/1893/1082 997/1063/1126 182/215/1126
f 105/106/1082 183/1893/1082 368/381/1082
f 368/381/1082 183/1893/1082 1785/1894/1126
f 1781/1888/1197 105/106/1082 104/105/1200
f 1785/1894/1126 183/1893/1082 142/1895/1202
f 142/1895/1202 183/1893/1082 154/1896/1126
f 1785/1894/1126 142/1895/1202 890/943/1200
f 1786/1897/1197 104/105/1200 890/943/1200
f 1786/1897/1197 890/943/1200 142/1895/1202
f 104/105/1200 1786/1897/1197 1781/1888/1197
f 1786/1897/1197 142/1895/1202 1787/1898/1203
f 1787/1898/1203 142/1895/1202 155/1899/1204
f 511/551/1205 155/1899/1204 141/552/1206
f 1787/1898/1203 155/1899/1204 1788/1900/1207
f 1788/1900/1207 155/1899/1204 511/551/1205
f 1786/1897/1197 1787/1898/1203 1789/1901/1208
f 1789/1901/1208 1787/1898/1203 1788/1900/1207
f 1788/1900/1207 511/551/1205 1790/1902/1209
f 1788/1900/1207 1790/1902/1209 1789/1901/1208
f 1790/1902/1209 511/551/1205 507/547/1209
f 1790/1902/1209 507/547/1209 1791/1903/1210
f 1790/1902/1209 1791/1903/1210 1789/1901/1208
f 1791/1903/1210 507/547/1209 504/544/1211
f 1786/1897/1197 1789/1901/1208 1792/1904/1212
f 1792/1904/1212 1789/1901/1208 1791/1903/1210
f 1791/1903/1210 504/544/1211 1793/1905/1213
f 1791/1903/1210 1793/1905/1213 1792/1904/1212
f 1793/1905/1213 504/544/1211 499/539/1214
f 1793/1905/1213 499/539/1214 494/534/1215
f 1792/1904/1212 1793/1905/1213 1794/1906/1216
f 1794/1906/1216 1793/1905/1213 494/534/1215
f 1786/1897/1197 1792/1904/1212 1795/1907/1217
f 1795/1907/1217 1792/1904/1212 1794/1906/1216
f 1786/1897/1197 1795/1907/1217 1781/1888/1197
f 1794/1906/1216 494/534/1215 1796/1908/1218
f 1794/1906/1216 1796/1908/1218 1795/1907/1217
f 1796/1908/1218 494/534/1215 490/530/1214
f 1796/1908/1218 490/530/1214 486/526/1219
f 1795/1907/1217 1796/1908/1218 1797/1909/1220
f 1795/1907/1217 1797/1909/1220 1781/1888/1197
f 1796/1908/1218 486/526/1219 1798/1910/1221
f 1796/1908/1218 1798/1910/1221 1797/1909/1220
f 1798/1910/1221 486/526/1219 483/523/1222
f 1798/1910/1221 483/523/1222 1799/1911/1223
f 1798/1910/1221 1799/1911/1223 1797/1909/1220
f 1799/1911/1223 483/523/1222 481/521/1224
f 1781/1888/1197 1797/1909/1220 1800/1912/1197
f 1781/1888/1197 1800/1912/1197 1782/1889/1103
f 1797/1909/1220 1799/1911/1223 1801/1913/1225
f 1797/1909/1220 1801/1913/1225 1800/1912/1197
f 1799/1911/1223 481/521/1224 1802/1914/1226
f 1799/1911/1223 1802/1914/1226 1801/1913/1225
f 1802/1914/1226 481/521/1224 484/524/1227
f 1800/1912/1197 1801/1913/1225 1803/1915/1228
f 1800/1912/1197 1803/1915/1228 1782/1889/1103
f 1801/1913/1225 1802/1914/1226 1804/1916/1229
f 1801/1913/1225 1804/1916/1229 1803/1915/1228
f 1802/1914/1226 484/524/1227 1805/1917/1230
f 1802/1914/1226 1805/1917/1230 1804/1916/1229
f 1805/1917/1230 484/524/1227 488/528/1231
f 1805/1917/1230 488/528/1231 531/575/1232
f 1805/1917/1230 531/575/1232 1806/1918/1233
f 1805/1917/1230 1806/1918/1233 1804/1916/1229
f 1806/1918/1233 531/575/1232 542/586/1234
f 1807/1919/1235 1803/1915/1228 1804/1916/1229
f 1807/1919/1235 1804/1916/1229 1806/1918/1233
f 1803/1915/1228 1807/1919/1235 1808/1920/1236
f 1803/1915/1228 1808/1920/1236 1782/1889/1103
f 1807/1919/1235 1806/1918/1233 1809/1921/1237
f 1807/1919/1235 1809/1921/1237 1808/1920/1236
f 1236/1299/1238 1036/1101/1238 1810/1922/1239
f 1810/1922/1239 1036/1101/1238 1034/1100/1240
f 1810/1922/1239 1034/1100/1240 1811/1923/1241
f 1810/1922/1239 1811/1923/1241 1812/1924/1241
f 1539/1624/1242 1260/1925/867 1261/1324/868
f 1260/1925/867 1539/1624/1242 1813/1926/867
f 1813/1926/867 1539/1624/1242 1503/1585/1052
f 1260/1925/867 1813/1926/867 1262/1927/869
f 1262/1927/869 1813/1926/867 1814/1928/1243
f 1813/1926/867 1503/1585/1052 1502/1584/1051
f 1813/1926/867 1502/1584/1051 1814/1928/1243
f 1814/1928/1243 1502/1584/1051 1815/1929/1244
f 1815/1929/1244 1502/1584/1051 1816/1930/923
f 1816/1930/923 1502/1584/1051 1500/1582/1049
f 1816/1930/923 1500/1582/1049 1497/1579/1046
f 1816/1930/923 1497/1579/1046 1817/1931/923
f 1817/1931/923 1497/1579/1046 1496/1578/1045
f 1817/1931/923 1496/1578/1045 1818/1932/1245
f 1818/1932/1245 1496/1578/1045 1494/1576/1043
f 1818/1932/1245 1494/1576/1043 1819/1933/1246
f 1819/1933/1246 1494/1576/1043 1820/1934/1247
f 1819/1933/1246 1820/1934/1247 1821/1935/952
f 1821/1935/952 1820/1934/1247 1822/1936/1155
f 1820/1934/1247 1494/1576/1043 1823/1937/1248
f 1823/1937/1248 1494/1576/1043 1498/1580/1047
f 1823/1937/1248 1498/1580/1047 1504/1586/1053
f 1822/1936/1155 1820/1934/1247 1824/1938/1155
f 1824/1938/1155 1820/1934/1247 1823/1937/1248
f 1822/1936/1155 1824/1938/1155 1825/1939/1155
f 1823/1937/1248 1504/1586/1053 1826/1940/1155
f 1823/1937/1248 1826/1940/1155 1824/1938/1155
f 1826/1940/1155 1504/1586/1053 1827/1941/953
f 1825/1939/1155 1824/1938/1155 1828/1942/1155
f 1828/1942/1155 1824/1938/1155 1826/1940/1155
f 1825/1939/1155 1828/1942/1155 1829/1943/1246
f 1826/1940/1155 1827/1941/953 1830/1944/1155
f 1826/1940/1155 1830/1944/1155 1828/1942/1155
f 1830/1944/1155 1827/1941/953 1831/1945/953
f 1830/1944/1155 1831/1945/953 1832/1946/952
f 1828/1942/1155 1830/1944/1155 1833/1947/952
f 1833/1947/952 1830/1944/1155 1832/1946/952
f 1829/1943/1246 1828/1942/1155 1834/1948/1249
f 1834/1948/1249 1828/1942/1155 1833/1947/952
f 1829/1943/1246 1834/1948/1249 1835/1949/952
f 1833/1947/952 1832/1946/952 1509/1589/1250
f 1509/1589/1250 1832/1946/952 1508/1588/1251
f 1833/1947/952 1509/1589/1250 1513/1593/954
f 1835/1949/952 1834/1948/1249 1836/1950/952
f 1836/1950/952 1834/1948/1249 1833/1947/952
f 1836/1950/952 1833/1947/952 1513/1593/954
f 1835/1949/952 1836/1950/952 1302/1951/952
f 1302/1951/952 1836/1950/952 1303/1952/952
f 1303/1952/952 1836/1950/952 1513/1593/954
f 1303/1952/952 1513/1593/954 1304/1597/954
f 1328/1394/1252 1837/1953/1252 1327/1393/1252
f 1327/1393/1252 1837/1953/1252 1610/1696/1252
f 1838/1954/1253 1839/1955/798 1840/1956/1254
f 1838/1954/1253 1840/1956/1254 1841/1957/1255
f 1841/1957/1255 1840/1956/1254 1842/1958/1256
f 1840/1956/1254 1839/1955/798 1843/1959/1257
f 1840/1956/1254 1843/1959/1257 1842/1958/1256
f 1843/1959/1257 1839/1955/798 1844/1960/797
f 1843/1959/1257 1844/1960/797 1845/1961/795
f 1842/1958/1256 1843/1959/1257 1846/1962/1258
f 1846/1962/1258 1843/1959/1257 1845/1961/795
f 1842/1958/1256 1846/1962/1258 1847/1963/1259
f 1846/1962/1258 1845/1961/795 1848/1964/1260
f 1846/1962/1258 1848/1964/1260 1847/1963/1259
f 1849/1965/1261 1850/1966/798 1851/1967/1254
f 1849/1965/1261 1851/1967/1254 1852/1968/1255
f 1852/1968/1255 1851/1967/1254 1853/1969/1256
f 1851/1967/1254 1850/1966/798 1854/1970/1262
f 1851/1967/1254 1854/1970/1262 1853/1969/1256
f 1854/1970/1262 1850/1966/798 1855/1971/1263
f 1854/1970/1262 1855/1971/1263 1856/1972/795
f 1853/1969/1256 1854/1970/1262 1857/1973/1258
f 1857/1973/1258 1854/1970/1262 1856/1972/795
f 1853/1969/1256 1857/1973/1258 1858/1974/1264
f 1857/1973/1258 1856/1972/795 1859/1975/1260
f 1857/1973/1258 1859/1975/1260 1858/1974/1264
f 1860/1976/795 1861/1977/793 1862/1978/794
f 1862/1978/794 1861/1977/793 1863/1979/1259
f 1862/1978/794 1863/1979/1259 1864/1980/1256
f 1860/1976/795 1862/1978/794 1865/1981/1115
f 1865/1981/1115 1862/1978/794 1864/1980/1256
f 1860/1976/795 1865/1981/1115 1866/1982/797
f 1866/1982/797 1865/1981/1115 1867/1983/798
f 1865/1981/1115 1864/1980/1256 1868/1984/1265
f 1865/1981/1115 1868/1984/1265 1867/1983/798
f 1868/1984/1265 1864/1980/1256 1869/1985/1266
f 1867/1983/798 1868/1984/1265 1870/1986/1253
f 1870/1986/1253 1868/1984/1265 1869/1985/1266
f 1871/1987/1253 1872/1988/798 1873/1989/1254
f 1871/1987/1253 1873/1989/1254 1874/1990/1255
f 1874/1990/1255 1873/1989/1254 1875/1991/1256
f 1873/1989/1254 1872/1988/798 1876/1992/796
f 1873/1989/1254 1876/1992/796 1875/1991/1256
f 1876/1992/796 1872/1988/798 1877/1993/797
f 1876/1992/796 1877/1993/797 1878/1994/795
f 1875/1991/1256 1876/1992/796 1879/1995/794
f 1879/1995/794 1876/1992/796 1878/1994/795
f 1875/1991/1256 1879/1995/794 1880/1996/1259
f 1879/1995/794 1878/1994/795 1881/1997/793
f 1879/1995/794 1881/1997/793 1880/1996/1259
f 1882/1998/1253 1883/1999/798 1884/2000/1265
f 1882/1998/1253 1884/2000/1265 1885/2001/1255
f 1885/2001/1255 1884/2000/1265 1886/2002/1256
f 1884/2000/1265 1883/1999/798 1887/2003/796
f 1884/2000/1265 1887/2003/796 1886/2002/1256
f 1887/2003/796 1883/1999/798 1888/2004/797
f 1887/2003/796 1888/2004/797 1889/2005/795
f 1886/2002/1256 1887/2003/796 1890/2006/794
f 1890/2006/794 1887/2003/796 1889/2005/795
f 1886/2002/1256 1890/2006/794 1891/2007/1259
f 1890/2006/794 1889/2005/795 1892/2008/793
f 1890/2006/794 1892/2008/793 1891/2007/1259
f 1893/2009/1253 1894/2010/798 1895/2011/1265
f 1893/2009/1253 1895/2011/1265 1896/2012/1266
f 1896/2012/1266 1895/2011/1265 1897/2013/1256
f 1895/2011/1265 1894/2010/798 1898/2014/796
f 1895/2011/1265 1898/2014/796 1897/2013/1256
f 1898/2014/796 1894/2010/798 1899/2014/797
f 1898/2014/796 1899/2014/797 1900/2015/795
f 1897/2013/1256 1898/2014/796 1901/2016/794
f 1901/2016/794 1898/2014/796 1900/2015/795
f 1897/2013/1256 1901/2016/794 1902/2017/1259
f 1901/2016/794 1900/2015/795 1903/2018/793
f 1901/2016/794 1903/2018/793 1902/2017/1259
f 1904/2019/1253 1905/2020/798 1906/2021/1265
f 1904/2019/1253 1906/2021/1265 1907/2022/1266
f 1907/2022/1266 1906/2021/1265 1908/2023/1256
f 1906/2021/1265 1905/2020/798 1909/2024/1115
f 1906/2021/1265 1909/2024/1115 1908/2023/1256
f 1909/2024/1115 1905/2020/798 1910/2025/797
f 1909/2024/1115 1910/2025/797 1911/2026/795
f 1908/2023/1256 1909/2024/1115 1912/2027/794
f 1912/2027/794 1909/2024/1115 1911/2026/795
f 1908/2023/1256 1912/2027/794 1913/2028/1267
f 1912/2027/794 1911/2026/795 1914/2029/793
f 1912/2027/794 1914/2029/793 1913/2028/1267
f 1915/2030/1253 1916/2031/1268 1917/2032/1265
f 1915/2030/1253 1917/2032/1265 1918/2033/1266
f 1918/2033/1266 1917/2032/1265 1919/2034/1256
f 1917/2032/1265 1916/2031/1268 1920/2035/1115
f 1917/2032/1265 1920/2035/1115 1919/2034/1256
f 1920/2035/1115 1916/2031/1268 1921/2035/797
f 1920/2035/1115 1921/2035/797 1922/2036/795
f 1919/2034/1256 1920/2035/1115 1923/2037/794
f 1923/2037/794 1920/2035/1115 1922/2036/795
f 1919/2034/1256 1923/2037/794 1924/2038/1267
f 1923/2037/794 1922/2036/795 1925/2039/793
f 1923/2037/794 1925/2039/793 1924/2038/1267
f 1926/2040/1253 1927/2041/1268 1928/2042/1269
f 1926/2040/1253 1928/2042/1269 1929/2043/1266
f 1929/2043/1266 1928/2042/1269 1930/2044/1256
f 1928/2042/1269 1927/2041/1268 1931/2045/1270
f 1928/2042/1269 1931/2045/1270 1930/2044/1256
f 1931/2045/1270 1927/2041/1268 1932/2046/797
f 1931/2045/1270 1932/2046/797 1933/2047/1271
f 1930/2044/1256 1931/2045/1270 1934/2048/1272
f 1934/2048/1272 1931/2045/1270 1933/2047/1271
f 1930/2044/1256 1934/2048/1272 1935/2049/1267
f 1934/2048/1272 1933/2047/1271 1936/2050/793
f 1934/2048/1272 1936/2050/793 1935/2049/1267
f 1937/2051/1273 1938/2052/1268 1939/2053/1269
f 1937/2051/1273 1939/2053/1269 1940/2054/1266
f 1940/2054/1266 1939/2053/1269 1941/2055/1256
f 1939/2053/1269 1938/2052/1268 1942/2056/1118
f 1939/2053/1269 1942/2056/1118 1941/2055/1256
f 1942/2056/1118 1938/2052/1268 1943/2057/797
f 1942/2056/1118 1943/2057/797 1944/2058/1271
f 1941/2055/1256 1942/2056/1118 1945/2059/1272
f 1945/2059/1272 1942/2056/1118 1944/2058/1271
f 1941/2055/1256 1945/2059/1272 1946/2060/1267
f 1945/2059/1272 1944/2058/1271 1947/2061/793
f 1945/2059/1272 1947/2061/793 1946/2060/1267
f 1948/2062/1273 1949/2063/1268 1950/2064/1269
f 1948/2062/1273 1950/2064/1269 1951/2065/1266
f 1951/2065/1266 1950/2064/1269 1952/2066/1256
f 1950/2064/1269 1949/2063/1268 1953/2067/1118
f 1950/2064/1269 1953/2067/1118 1952/2066/1256
f 1953/2067/1118 1949/2063/1268 1954/2068/1274
f 1953/2067/1118 1954/2068/1274 1955/2069/1271
f 1952/2066/1256 1953/2067/1118 1956/2070/1275
f 1956/2070/1275 1953/2067/1118 1955/2069/1271
f 1952/2066/1256 1956/2070/1275 1957/2071/1267
f 1956/2070/1275 1955/2069/1271 1958/2072/793
f 1956/2070/1275 1958/2072/793 1957/2071/1267
f 1959/2073/1273 1960/2074/1268 1961/2075/1269
f 1959/2073/1273 1961/2075/1269 1962/2076/1266
f 1962/2076/1266 1961/2075/1269 1963/2077/1256
f 1961/2075/1269 1960/2074/1268 1964/2078/1118
f 1961/2075/1269 1964/2078/1118 1963/2077/1256
f 1964/2078/1118 1960/2074/1268 1965/2079/1274
f 1964/2078/1118 1965/2079/1274 1966/2080/1271
f 1963/2077/1256 1964/2078/1118 1967/2081/1275
f 1967/2081/1275 1964/2078/1118 1966/2080/1271
f 1963/2077/1256 1967/2081/1275 1968/2082/1267
f 1967/2081/1275 1966/2080/1271 1969/2083/1276
f 1967/2081/1275 1969/2083/1276 1968/2082/1267
f 52/2084/13 1970/2085/1277 53/2086/1278
f 1970/2085/1277 52/2084/13 1971/2087/1279
f 1971/2087/1279 52/2084/13 1972/2088/1280
f 1972/2088/1280 52/2084/13 54/2089/916
f 1970/2085/1277 1971/2087/1279 1973/2090/1281
f 1972/2088/1280 54/2089/916 1780/1887/1183
f 1780/1887/1183 54/2089/916 65/2091/1282
f 1972/2088/1280 1780/1887/1183 1779/1886/488
f 1780/1887/1183 65/2091/1282 1974/2092/921
f 1974/2092/921 65/2091/1282 67/2093/921
f 1780/1887/1183 1974/2092/921 1778/1885/1283
f 1972/2088/1280 1779/1886/488 1975/2094/879
f 1976/2095/1284 1971/2087/1279 1972/2088/1280
f 1976/2095/1284 1972/2088/1280 1975/2094/879
f 1971/2087/1279 1976/2095/1284 1973/2090/1281
f 1976/2095/1284 1975/2094/879 1977/2096/1285
f 1973/2090/1281 1976/2095/1284 1155/1220/1286
f 1155/1220/1286 1976/2095/1284 1977/2096/1285
f 1155/1220/1286 1977/2096/1285 1153/1218/1287
f 1153/1218/1287 1977/2096/1285 1978/2097/1287
f 1153/1218/1287 1978/2097/1287 1345/2098/925
f 1153/1218/1287 1345/2098/925 1152/1217/926
f 1973/2090/1281 1155/1220/1286 1154/1219/1288
f 1973/2090/1281 1154/1219/1288 1979/2099/1289
f 1973/2090/1281 1979/2099/1289 1970/2085/1277
f 1979/2099/1289 1154/1219/1288 1140/1204/1290
f 1140/1204/1290 1154/1219/1288 1141/1205/1291
f 1970/2085/1277 1979/2099/1289 1980/2100/1292
f 1980/2100/1292 1979/2099/1289 1140/1204/1290
f 1970/2085/1277 1980/2100/1292 53/2086/1278
f 1139/1203/1293 1652/2101/1294 1140/1204/1290
f 1140/1204/1290 1652/2101/1294 1650/2102/1295
f 1140/1204/1290 1650/2102/1295 1981/2103/1296
f 1140/1204/1290 1981/2103/1296 1980/2100/1292
f 1981/2103/1296 1650/2102/1295 1649/2104/1297
f 1981/2103/1296 1649/2104/1297 1982/2105/1298
f 1980/2100/1292 1981/2103/1296 1983/2106/1026
f 1983/2106/1026 1981/2103/1296 1982/2105/1298
f 1980/2100/1292 1983/2106/1026 53/2086/1278
f 1982/2105/1298 1649/2104/1297 1984/2107/1299
f 1982/2105/1298 1984/2107/1299 1983/2106/1026
f 1984/2107/1299 1649/2104/1297 1985/2108/1300
f 53/2086/1278 1983/2106/1026 1986/2109/1019
f 1986/2109/1019 1983/2106/1026 1984/2107/1299
f 1986/2109/1019 1984/2107/1299 1987/2110/1301
f 1987/2110/1301 1984/2107/1299 1988/2111/1302
f 1988/2111/1302 1984/2107/1299 1193/2112/1180
f 1988/2111/1302 1193/2112/1180 1015/2113/1303
f 1015/2113/1303 1193/2112/1180 1192/2114/1180
f 1015/2113/1303 1192/2114/1180 1016/2115/971
f 1986/2109/1019 1987/2110/1301 1989/2116/1304
f 1990/2117/1305 53/2086/1278 1986/2109/1019
f 1016/2115/971 1192/2114/1180 1990/2117/1305
f 1990/2117/1305 1986/2109/1019 1989/2116/1304
f 1990/2117/1305 1989/2116/1304 1016/2115/971
f 1016/2115/971 1989/2116/1304 860/2118/969
f 860/2118/969 1989/2116/1304 1991/2119/1306
f 1991/2119/1306 1989/2116/1304 1992/2120/1307
f 53/2086/1278 1990/2117/1305 51/2121/1180
f 51/2121/1180 1990/2117/1305 1993/2122/1308
f 1191/1363/1309 1990/2117/1305 1192/2114/1180
f 1993/2122/1308 1990/2117/1305 1994/2123/1310
f 1994/2123/1310 1990/2117/1305 1191/1363/1309
f 1994/2123/1310 1191/1363/1309 1296/1362/1311
f 1176/1241/813 1995/2124/1312 1028/1094/813
f 1028/1094/813 1995/2124/1312 1026/1093/1313
f 1026/1093/1313 1995/2124/1312 1996/2125/1314
f 1996/2125/1314 1995/2124/1312 1997/2126/1314
f 1476/1553/1315 1602/1687/1315 1475/1552/1316
f 1475/1552/1316 1602/1687/1315 1600/1685/1317
f 1475/1552/1316 1600/1685/1317 1597/1682/1318
f 1475/1552/1316 1597/1682/1318 1473/1550/1064
f 1473/1550/1064 1597/1682/1318 1592/1677/1066
f 1473/1550/1064 1592/1677/1066 1472/1549/1066
f 1312/1379/1252 1998/2127/1252 1311/1378/1252
f 1311/1378/1252 1998/2127/1252 1488/1569/1252
f 266/2128/1319 1999/2129/1319 892/947/1319
f 707/761/1082 624/678/1082 2000/2130/1082
f 707/761/1082 2000/2130/1082 895/954/1082
f 2000/2130/1082 624/678/1082 2001/2131/1082
f 2001/2131/1082 624/678/1082 2002/2132/1082
f 2002/2132/1082 624/678/1082 2003/2132/1082
f 2002/2132/1082 2003/2132/1082 2004/2133/1082
f 2002/2132/1082 2004/2133/1082 2005/2133/1082
f 2000/2130/1082 2001/2131/1082 2006/2134/1082
f 2000/2130/1082 2006/2134/1082 2007/2135/1082
f 2007/2135/1082 2006/2134/1082 2008/2136/1082
f 2007/2135/1082 2008/2136/1082 2009/2137/1082
f 690/744/1082 2006/2134/1082 627/680/1082
f 2006/2134/1082 690/744/1082 2010/2138/1082
f 2006/2134/1082 2010/2138/1082 2008/2136/1082
f 2010/2138/1082 690/744/1082 691/745/1082
f 2010/2138/1082 691/745/1082 2011/2139/1082
f 2011/2139/1082 691/745/1082 692/746/1082
f 2008/2136/1082 2010/2138/1082 2012/2140/1082
f 2012/2140/1082 2010/2138/1082 2011/2139/1082
f 2011/2139/1082 692/746/1082 2013/2141/1082
f 2013/2141/1082 692/746/1082 693/747/1082
f 2012/2140/1082 2011/2139/1082 2014/2142/1082
f 2014/2142/1082 2011/2139/1082 2013/2141/1082
f 2008/2136/1082 2012/2140/1082 2015/2143/1082
f 2012/2140/1082 2014/2142/1082 2016/2144/1082
f 2012/2140/1082 2016/2144/1082 2015/2143/1082
f 2008/2136/1082 2015/2143/1082 2017/2145/1082
f 2008/2136/1082 2017/2145/1082 2009/2137/1082
f 2009/2137/1082 2017/2145/1082 2018/2146/1082
f 2009/2137/1082 2018/2146/1082 2019/2147/1082
f 2017/2145/1082 2015/2143/1082 2020/2148/1082
f 2017/2145/1082 2020/2148/1082 2018/2146/1082
f 2015/2143/1082 2016/2144/1082 2021/2149/1082
f 2015/2143/1082 2021/2149/1082 2020/2148/1082
f 2019/2147/1082 2018/2146/1082 2022/2150/1082
f 2019/2147/1082 2022/2150/1082 2023/2151/1082
f 2018/2146/1082 2020/2148/1082 2024/2152/1082
f 2018/2146/1082 2024/2152/1082 2022/2150/1082
f 2020/2148/1082 2021/2149/1082 2025/2153/1082
f 2020/2148/1082 2025/2153/1082 2024/2152/1082
f 2023/2151/1082 2022/2150/1082 2026/2154/1082
f 2023/2151/1082 2026/2154/1082 2027/2155/1082
f 2022/2150/1082 2024/2152/1082 2028/2156/1082
f 2022/2150/1082 2028/2156/1082 2026/2154/1082
f 2024/2152/1082 2025/2153/1082 2029/2157/1082
f 2024/2152/1082 2029/2157/1082 2028/2156/1082
f 2027/2155/1082 2026/2154/1082 2030/2158/1082
f 2027/2155/1082 2030/2158/1082 2031/2159/1082
f 2026/2154/1082 2028/2156/1082 2032/2160/1082
f 2026/2154/1082 2032/2160/1082 2030/2158/1082
f 2028/2156/1082 2029/2157/1082 2033/2161/1082
f 2028/2156/1082 2033/2161/1082 2032/2160/1082
f 2031/2159/1082 2030/2158/1082 2034/2162/1082
f 2031/2159/1082 2034/2162/1082 2035/2163/1082
f 2030/2158/1082 2032/2160/1082 2036/2164/1082
f 2030/2158/1082 2036/2164/1082 2034/2162/1082
f 2032/2160/1082 2033/2161/1082 2037/2165/1082
f 2032/2160/1082 2037/2165/1082 2036/2164/1082
f 2034/2162/1082 2036/2164/1082 1363/1435/1082
f 1363/1435/1082 2036/2164/1082 1362/1434/1082
f 1362/1434/1082 2036/2164/1082 2037/2165/1082
f 2034/2162/1082 1363/1435/1082 1364/1436/1082
f 2034/2162/1082 1364/1436/1082 2035/2163/1082
f 2035/2163/1082 1364/1436/1082 2038/2166/1082
f 2038/2166/1082 1364/1436/1082 2039/2167/1082
f 2039/2167/1082 1364/1436/1082 2040/2168/1082
f 2040/2168/1082 1364/1436/1082 2041/2169/1082
f 1362/1434/1082 2037/2165/1082 1361/1433/1082
f 1361/1433/1082 2037/2165/1082 2042/2170/1082
f 2042/2170/1082 2037/2165/1082 2033/2161/1082
f 1361/1433/1082 2042/2170/1082 1359/1431/1082
f 2042/2170/1082 2033/2161/1082 2043/2171/1082
f 1359/1431/1082 2042/2170/1082 2044/2172/1082
f 2044/2172/1082 2042/2170/1082 2043/2171/1082
f 2043/2171/1082 2033/2161/1082 2029/2157/1082
f 1359/1431/1082 2044/2172/1082 1357/1429/1082
f 2043/2171/1082 2029/2157/1082 2045/2173/1082
f 2045/2173/1082 2029/2157/1082 2025/2153/1082
f 2044/2172/1082 2043/2171/1082 2046/2174/1082
f 2046/2174/1082 2043/2171/1082 2045/2173/1082
f 1357/1429/1082 2044/2172/1082 2047/2175/1082
f 2047/2175/1082 2044/2172/1082 2046/2174/1082
f 1357/1429/1082 2047/2175/1082 1355/1427/1082
f 2045/2173/1082 2025/2153/1082 2048/2176/1082
f 2048/2176/1082 2025/2153/1082 2021/2149/1082
f 2046/2174/1082 2045/2173/1082 2049/2177/1082
f 2049/2177/1082 2045/2173/1082 2048/2176/1082
f 2047/2175/1082 2046/2174/1082 2050/2178/1082
f 2050/2178/1082 2046/2174/1082 2049/2177/1082
f 1355/1427/1082 2047/2175/1082 2051/2179/1082
f 2051/2179/1082 2047/2175/1082 2050/2178/1082
f 1355/1427/1082 2051/2179/1082 1353/1425/1082
f 2048/2176/1082 2021/2149/1082 2052/2180/1082
f 2052/2180/1082 2021/2149/1082 2016/2144/1082
f 2049/2177/1082 2048/2176/1082 2053/2181/1082
f 2053/2181/1082 2048/2176/1082 2052/2180/1082
f 1353/1425/1082 2051/2179/1082 2054/2182/1082
f 1353/1425/1082 2054/2182/1082 1352/1424/1082
f 1352/1424/1082 2054/2182/1082 1354/1426/1082
f 2054/2182/1082 2051/2179/1082 2055/2183/1082
f 2055/2183/1082 2051/2179/1082 2050/2178/1082
f 1354/1426/1082 2054/2182/1082 2056/2184/1082
f 2056/2184/1082 2054/2182/1082 2055/2183/1082
f 1354/1426/1082 2056/2184/1082 1356/1428/1082
f 2055/2183/1082 2050/2178/1082 2057/2185/1082
f 2057/2185/1082 2050/2178/1082 2049/2177/1082
f 2057/2185/1082 2049/2177/1082 2053/2181/1082
f 2055/2183/1082 2057/2185/1082 2058/2186/1082
f 2055/2183/1082 2058/2186/1082 2056/2184/1082
f 1356/1428/1082 2056/2184/1082 2059/2187/1082
f 2059/2187/1082 2056/2184/1082 2058/2186/1082
f 1356/1428/1082 2059/2187/1082 1358/1430/1082
f 2057/2185/1082 2053/2181/1082 2060/2188/1082
f 2057/2185/1082 2060/2188/1082 2058/2186/1082
f 2059/2187/1082 2058/2186/1082 2061/2189/1082
f 2061/2189/1082 2058/2186/1082 2060/2188/1082
f 1358/1430/1082 2059/2187/1082 2062/2190/1082
f 2062/2190/1082 2059/2187/1082 2061/2189/1082
f 1358/1430/1082 2062/2190/1082 1360/1432/1082
f 2060/2188/1082 2053/2181/1082 2063/2191/1082
f 2063/2191/1082 2053/2181/1082 2052/2180/1082
f 2061/2189/1082 2060/2188/1082 2064/2192/1082
f 2064/2192/1082 2060/2188/1082 2063/2191/1082
f 2062/2190/1082 2061/2189/1082 2065/2193/1082
f 2065/2193/1082 2061/2189/1082 2064/2192/1082
f 1360/1432/1082 2062/2190/1082 2066/2194/1082
f 2066/2194/1082 2062/2190/1082 2065/2193/1082
f 1360/1432/1082 2066/2194/1082 869/922/1082
f 2063/2191/1082 2052/2180/1082 2067/2195/1082
f 2067/2195/1082 2052/2180/1082 2016/2144/1082
f 2067/2195/1082 2016/2144/1082 2014/2142/1082
f 2063/2191/1082 2067/2195/1082 2068/2196/1082
f 2063/2191/1082 2068/2196/1082 2064/2192/1082
f 2067/2195/1082 2014/2142/1082 2069/2197/1082
f 2067/2195/1082 2069/2197/1082 2068/2196/1082
f 2069/2197/1082 2014/2142/1082 2013/2141/1082
f 2064/2192/1082 2068/2196/1082 2070/2198/1082
f 2064/2192/1082 2070/2198/1082 2065/2193/1082
f 2069/2197/1082 2013/2141/1082 2071/2199/1082
f 2071/2199/1082 2013/2141/1082 693/747/1082
f 2068/2196/1082 2069/2197/1082 2072/2200/1082
f 2072/2200/1082 2069/2197/1082 2071/2199/1082
f 2071/2199/1082 693/747/1082 2073/2201/1082
f 2071/2199/1082 2073/2201/1082 2072/2200/1082
f 2073/2201/1082 693/747/1082 694/748/1082
f 2068/2196/1082 2072/2200/1082 2074/2202/1082
f 2074/2202/1082 2072/2200/1082 2073/2201/1082
f 2068/2196/1082 2074/2202/1082 2070/2198/1082
f 2073/2201/1082 694/748/1082 2075/2203/1082
f 2073/2201/1082 2075/2203/1082 2074/2202/1082
f 2075/2203/1082 694/748/1082 695/749/1082
f 2070/2198/1082 2074/2202/1082 2076/2204/1082
f 2076/2204/1082 2074/2202/1082 2075/2203/1082
f 2077/2205/1082 2065/2193/1082 2070/2198/1082
f 2077/2205/1082 2070/2198/1082 2076/2204/1082
f 2065/2193/1082 2077/2205/1082 2066/2194/1082
f 853/907/1082 629/682/1082 695/749/1082
f 695/749/1082 629/682/1082 628/681/1082
f 619/673/1082 628/681/1082 618/672/1082
f 628/681/1082 619/673/1082 635/687/1082
f 628/681/1082 635/687/1082 706/760/1082
f 628/681/1082 706/760/1082 695/749/1082
f 695/749/1082 706/760/1082 2075/2203/1082
f 2075/2203/1082 706/760/1082 2078/2206/1082
f 2075/2203/1082 2078/2206/1082 2076/2204/1082
f 2078/2206/1082 706/760/1082 863/917/1082
f 2076/2204/1082 2078/2206/1082 2079/2207/1082
f 2079/2207/1082 2078/2206/1082 863/917/1082
f 2076/2204/1082 2079/2207/1082 2077/2205/1082
f 2079/2207/1082 863/917/1082 865/919/1082
f 2077/2205/1082 2079/2207/1082 2080/2208/1082
f 2080/2208/1082 2079/2207/1082 865/919/1082
f 2077/2205/1082 2080/2208/1082 2066/2194/1082
f 2080/2208/1082 865/919/1082 867/921/1082
f 2066/2194/1082 2080/2208/1082 869/922/1082
f 869/922/1082 2080/2208/1082 867/921/1082
f 2004/2133/1082 2003/2132/1082 625/677/1082
f 625/677/1082 2003/2132/1082 623/677/1082
f 623/677/1082 2003/2132/1082 624/678/1082
f 2004/2133/1082 625/677/1082 626/679/1082
f 2004/2133/1082 626/679/1082 2081/679/1082
f 2081/679/1082 626/679/1082 627/680/1082
f 2004/2133/1082 2081/679/1082 2005/2133/1082
f 2081/679/1082 627/680/1082 2082/2209/1082
f 2082/2209/1082 627/680/1082 2006/2134/1082
f 2081/679/1082 2082/2209/1082 2083/679/1082
f 2081/679/1082 2083/679/1082 2005/2133/1082
f 2005/2133/1082 2083/679/1082 2001/2131/1082
f 2005/2133/1082 2001/2131/1082 2002/2132/1082
f 2001/2131/1082 2083/679/1082 2084/2210/1082
f 2001/2131/1082 2084/2210/1082 2006/2134/1082
f 2083/679/1082 2082/2209/1082 2084/2210/1082
f 2084/2210/1082 2082/2209/1082 2006/2134/1082
f 2085/2211/1082 895/954/1082 2000/2130/1082
f 1156/1221/1082 853/907/1082 695/749/1082
f 2086/2212/1026 2087/2213/1026 2088/2214/1026
f 2087/2213/1026 2086/2212/1026 2089/2215/1026
f 2087/2213/1026 2089/2215/1026 2090/2216/1026
f 2087/2213/1026 2090/2216/1026 2091/2217/1026
f 2087/2213/1026 2091/2217/1026 2092/2218/1026
f 2087/2213/1026 2092/2218/1026 2093/2219/1026
f 2087/2213/1026 2093/2219/1026 2094/2220/1026
f 2087/2213/1026 2094/2220/1026 2095/2221/1026
f 2087/2213/1026 2095/2221/1026 2096/2222/1026
f 2087/2213/1026 2096/2222/1026 2097/2223/1026
f 2087/2213/1026 2097/2223/1026 2098/2224/1026
f 2087/2213/1026 2098/2224/1026 2099/2225/1026
f 2087/2213/1026 2099/2225/1026 2100/2226/1026
f 2087/2213/1026 2100/2226/1026 2101/2227/1026
f 2087/2213/1026 2101/2227/1026 2102/2228/1026
f 2087/2213/1026 2102/2228/1026 2103/2229/1026
f 2087/2213/1026 2103/2229/1026 2104/2230/1026
f 2087/2213/1026 2104/2230/1026 2105/2231/1026
f 2106/2232/1026 2088/2214/1026 2087/2213/1026
f 2106/2232/1026 2087/2213/1026 2107/2233/1026
f 2106/2232/1026 2107/2233/1026 2108/2234/1026
f 2106/2232/1026 2108/2234/1026 2109/2235/1026
f 2109/2235/1026 2108/2234/1026 2110/2236/1026
f 2109/2235/1026 2110/2236/1026 2111/2237/1026
f 2111/2237/1026 2110/2236/1026 2112/2238/1026
f 2087/2213/1026 2105/2231/1026 2113/2239/1026
f 2114/2240/1279 2112/2238/1279 2115/2241/1320
f 2115/2241/1320 2112/2238/1279 2110/2236/1320
f 2112/2238/1279 2114/2240/1279 2111/2237/1321
f 2115/2241/1320 2110/2236/1320 2116/2242/1322
f 2111/2237/1321 2114/2240/1279 2117/2243/1321
f 2116/2242/1322 2110/2236/1320 2108/2234/1322
f 2111/2237/1321 2117/2243/1321 2109/2235/1323
f 2116/2242/1322 2108/2234/1322 2118/2244/1324
f 2109/2235/1323 2117/2243/1321 2119/2245/1323
f 2118/2244/1324 2108/2234/1322 2107/2233/1324
f 2109/2235/1323 2119/2245/1323 2106/2232/1325
f 2118/2244/1324 2107/2233/1324 2120/2246/1326
f 2106/2232/1325 2119/2245/1323 2121/2247/1325
f 2120/2246/1326 2107/2233/1324 2087/2213/1326
f 2106/2232/1325 2121/2247/1325 2088/2214/1327
f 2120/2246/1326 2087/2213/1326 2122/2248/1328
f 2088/2214/1327 2121/2247/1325 2123/2249/1327
f 2122/2248/1328 2087/2213/1326 2113/2239/1328
f 2088/2214/1327 2123/2249/1327 2086/2212/311
f 2122/2248/1328 2113/2239/1328 2124/2250/1329
f 2086/2212/311 2123/2249/1327 2125/2251/311
f 2124/2250/1329 2113/2239/1328 2105/2231/1329
f 2086/2212/311 2125/2251/311 2089/2215/426
f 2124/2250/1329 2105/2231/1329 2126/2252/1330
f 2089/2215/426 2125/2251/311 2127/2253/426
f 2126/2252/1330 2105/2231/1329 2104/2230/1330
f 2089/2215/426 2127/2253/426 2090/2216/1331
f 2126/2252/1330 2104/2230/1330 2128/2254/1332
f 2090/2216/1331 2127/2253/426 2129/2255/1331
f 2128/2254/1332 2104/2230/1330 2103/2229/1332
f 2090/2216/1331 2129/2255/1331 2091/2217/1333
f 2128/2254/1332 2103/2229/1332 2130/2256/673
f 2091/2217/1333 2129/2255/1331 2131/2257/1333
f 2130/2256/673 2103/2229/1332 2102/2228/673
f 2091/2217/1333 2131/2257/1333 2092/2218/1334
f 2130/2256/673 2102/2228/673 2132/2258/1335
f 2092/2218/1334 2131/2257/1333 2133/2259/1334
f 2132/2258/1335 2102/2228/673 2101/2227/1335
f 2092/2218/1334 2133/2259/1334 2093/2219/1336
f 2132/2258/1335 2101/2227/1335 2134/2260/1337
f 2093/2219/1336 2133/2259/1334 2135/2261/1336
f 2134/2260/1337 2101/2227/1335 2100/2226/1337
f 2093/2219/1336 2135/2261/1336 2094/2220/1338
f 2134/2260/1337 2100/2226/1337 2136/2262/1339
f 2094/2220/1338 2135/2261/1336 2137/2263/1338
f 2136/2262/1339 2100/2226/1337 2099/2225/1339
f 2094/2220/1338 2137/2263/1338 2095/2221/283
f 2136/2262/1339 2099/2225/1339 2138/2264/1340
f 2095/2221/283 2137/2263/1338 2139/2265/283
f 2138/2264/1340 2099/2225/1339 2098/2224/1340
f 2095/2221/283 2139/2265/283 2096/2222/1341
f 2138/2264/1340 2098/2224/1340 2140/2266/1342
f 2096/2222/1341 2139/2265/283 2141/2267/1341
f 2140/2266/1342 2098/2224/1340 2097/2223/1342
f 2096/2222/1341 2141/2267/1341 2097/2223/1342
f 2097/2223/1342 2141/2267/1341 2140/2266/1342
f 1306/1373/1343 2142/2268/1343 1308/1375/1343
f 1308/1375/1343 2142/2268/1343 1485/1565/1343
f 2143/2269/1082 2144/2270/1082 2145/2271/1082
f 2144/2270/1082 2143/2269/1082 2146/2272/1082
f 2144/2270/1082 2146/2272/1082 2147/2273/1082
f 2144/2270/1082 2147/2273/1082 2148/2274/1082
f 2144/2270/1082 2148/2274/1082 2149/2275/1082
f 2144/2270/1082 2149/2275/1082 2150/2276/1082
f 2144/2270/1082 2150/2276/1082 2151/2277/1082
f 2144/2270/1082 2151/2277/1082 2152/2278/1082
f 2144/2270/1082 2152/2278/1082 2153/2279/1082
f 2144/2270/1082 2153/2279/1082 2154/2280/1082
f 2144/2270/1082 2154/2280/1082 2155/2281/1082
f 2144/2270/1082 2155/2281/1082 2156/2282/1082
f 2144/2270/1082 2156/2282/1082 2157/2283/1082
f 2144/2270/1082 2157/2283/1082 2158/2284/1082
f 2144/2270/1082 2158/2284/1082 2159/2285/1082
f 2144/2270/1082 2159/2285/1082 2160/2286/1082
f 2144/2270/1082 2160/2286/1082 2161/2287/1082
f 2144/2270/1082 2161/2287/1082 2162/2288/1082
f 2144/2270/1082 2162/2288/1082 2163/2289/1082
f 2164/2290/1082 2145/2271/1082 2144/2270/1082
f 2164/2290/1082 2144/2270/1082 2165/2291/1082
f 2164/2290/1082 2165/2291/1082 2166/2292/1082
f 2164/2290/1082 2166/2292/1082 2167/2293/1082
f 2167/2293/1082 2166/2292/1082 2168/2294/1082
f 2168/2294/1082 2166/2292/1082 2169/2295/1082
f 2168/2294/1082 2169/2295/1082 2170/2296/1082
f 2171/2297/1082 2172/2298/1101 103/104/1126
f 2171/2297/1082 103/104/1126 102/103/1344
f 2171/2297/1082 102/103/1344 367/380/1197
f 2173/2299/1278 2174/2300/1012 2175/2301/1345
f 2175/2301/1345 2174/2300/1012 2176/2302/1303
f 2175/2301/1345 2176/2302/1303 2177/2303/1346
f 2174/2300/1012 2173/2299/1278 2178/2304/1296
f 2178/2304/1296 2173/2299/1278 2179/2305/1347
f 2176/2302/1303 2174/2300/1012 2114/2240/1301
f 2114/2240/1301 2174/2300/1012 2117/2243/1348
f 2117/2243/1348 2174/2300/1012 2178/2304/1296
f 2176/2302/1303 2114/2240/1301 2115/2241/663
f 2117/2243/1348 2178/2304/1296 2119/2245/1349
f 2180/2306/1013 2177/2303/1346 2176/2302/1303
f 2180/2306/1013 2176/2302/1303 2115/2241/663
f 2177/2303/1346 2180/2306/1013 2181/2307/1350
f 2180/2306/1013 2115/2241/663 2116/2242/909
f 2119/2245/1349 2178/2304/1296 2182/2308/1304
f 2182/2308/1304 2178/2304/1296 2179/2305/1347
f 2119/2245/1349 2182/2308/1304 2121/2247/1351
f 2182/2308/1304 2179/2305/1347 2183/2309/1352
f 2180/2306/1013 2116/2242/909 2184/2310/1353
f 2180/2306/1013 2184/2310/1353 2181/2307/1350
f 2184/2310/1353 2116/2242/909 2118/2244/1354
f 2181/2307/1350 2184/2310/1353 2185/2311/1355
f 2182/2308/1304 2183/2309/1352 2186/2312/1356
f 2182/2308/1304 2186/2312/1356 2121/2247/1351
f 2186/2312/1356 2183/2309/1352 2187/2313/1357
f 2121/2247/1351 2186/2312/1356 2123/2249/1358
f 2185/2311/1355 2184/2310/1353 2188/2314/1353
f 2188/2314/1353 2184/2310/1353 2118/2244/1354
f 2185/2311/1355 2188/2314/1353 2189/2315/1359
f 2188/2314/1353 2118/2244/1354 2120/2246/1360
f 2123/2249/1358 2186/2312/1356 2190/2316/1356
f 2190/2316/1356 2186/2312/1356 2187/2313/1357
f 2123/2249/1358 2190/2316/1356 2125/2251/1358
f 2190/2316/1356 2187/2313/1357 2191/2317/1361
f 2125/2251/1358 2190/2316/1356 2192/2318/1362
f 2192/2318/1362 2190/2316/1356 2191/2317/1361
f 2125/2251/1358 2192/2318/1362 2127/2253/1363
f 2192/2318/1362 2191/2317/1361 2193/2319/1364
f 2127/2253/1363 2192/2318/1362 2194/2320/1362
f 2194/2320/1362 2192/2318/1362 2193/2319/1364
f 2127/2253/1363 2194/2320/1362 2129/2255/1365
f 2194/2320/1362 2193/2319/1364 2195/2321/1366
f 2129/2255/1365 2194/2320/1362 2196/2322/1367
f 2196/2322/1367 2194/2320/1362 2195/2321/1366
f 2129/2255/1365 2196/2322/1367 2131/2257/1368
f 2196/2322/1367 2195/2321/1366 2197/2323/1369
f 2131/2257/1368 2196/2322/1367 2198/2324/1370
f 2198/2324/1370 2196/2322/1367 2197/2323/1369
f 2131/2257/1368 2198/2324/1370 2133/2259/1371
f 2198/2324/1370 2197/2323/1369 2199/2325/1372
f 2133/2259/1371 2198/2324/1370 2200/2326/1370
f 2200/2326/1370 2198/2324/1370 2199/2325/1372
f 2133/2259/1371 2200/2326/1370 2135/2261/1371
f 2200/2326/1370 2199/2325/1372 2201/2327/1373
f 2135/2261/1371 2200/2326/1370 2202/2328/1374
f 2202/2328/1374 2200/2326/1370 2201/2327/1373
f 2135/2261/1371 2202/2328/1374 2137/2263/1375
f 2202/2328/1374 2201/2327/1373 2203/2329/1376
f 2137/2263/1375 2202/2328/1374 2204/2330/1374
f 2204/2330/1374 2202/2328/1374 2203/2329/1376
f 2137/2263/1375 2204/2330/1374 2139/2265/1377
f 2204/2330/1374 2203/2329/1376 2205/2331/662
f 2139/2265/1377 2204/2330/1374 2206/2332/1378
f 2206/2332/1378 2204/2330/1374 2205/2331/662
f 2139/2265/1377 2206/2332/1378 2141/2267/1379
f 2206/2332/1378 2205/2331/662 2207/2333/1380
f 2141/2267/1379 2206/2332/1378 2208/2334/1381
f 2208/2334/1381 2206/2332/1378 2207/2333/1380
f 2141/2267/1379 2208/2334/1381 2140/2266/697
f 2208/2334/1381 2207/2333/1380 2209/2335/1382
f 2140/2266/697 2208/2334/1381 2210/2336/1383
f 2210/2336/1383 2208/2334/1381 2209/2335/1382
f 2140/2266/697 2210/2336/1383 2138/2264/1384
f 2210/2336/1383 2209/2335/1382 2211/2337/1385
f 2138/2264/1384 2210/2336/1383 2212/2338/1386
f 2212/2338/1386 2210/2336/1383 2211/2337/1385
f 2138/2264/1384 2212/2338/1386 2136/2262/1387
f 2212/2338/1386 2211/2337/1385 2213/2339/1388
f 2136/2262/1387 2212/2338/1386 2214/2340/1015
f 2214/2340/1015 2212/2338/1386 2213/2339/1388
f 2136/2262/1387 2214/2340/1015 2134/2260/1389
f 2214/2340/1015 2213/2339/1388 2215/2341/1390
f 2134/2260/1389 2214/2340/1015 2216/2342/1391
f 2216/2342/1391 2214/2340/1015 2215/2341/1390
f 2134/2260/1389 2216/2342/1391 2132/2258/1392
f 2216/2342/1391 2215/2341/1390 2217/2343/1393
f 2132/2258/1392 2216/2342/1391 2218/2344/1391
f 2218/2344/1391 2216/2342/1391 2217/2343/1393
f 2132/2258/1392 2218/2344/1391 2130/2256/1392
f 2218/2344/1391 2217/2343/1393 2219/2345/1394
f 2130/2256/1392 2218/2344/1391 2220/2346/1395
f 2220/2346/1395 2218/2344/1391 2219/2345/1394
f 2130/2256/1392 2220/2346/1395 2128/2254/1016
f 2220/2346/1395 2219/2345/1394 2221/2347/1396
f 2128/2254/1016 2220/2346/1395 2222/2348/1395
f 2222/2348/1395 2220/2346/1395 2221/2347/1396
f 2128/2254/1016 2222/2348/1395 2126/2252/1397
f 2222/2348/1395 2221/2347/1396 2223/2349/1398
f 2126/2252/1397 2222/2348/1395 2224/2350/1399
f 2224/2350/1399 2222/2348/1395 2223/2349/1398
f 2126/2252/1397 2224/2350/1399 2124/2250/1400
f 2224/2350/1399 2223/2349/1398 2225/2351/1027
f 2124/2250/1400 2224/2350/1399 2226/2352/1401
f 2226/2352/1401 2224/2350/1399 2225/2351/1027
f 2124/2250/1400 2226/2352/1401 2122/2248/1360
f 2226/2352/1401 2225/2351/1027 2227/2353/1402
f 2122/2248/1360 2226/2352/1401 2228/2354/1401
f 2228/2354/1401 2226/2352/1401 2227/2353/1402
f 2122/2248/1360 2228/2354/1401 2120/2246/1360
f 2228/2354/1401 2227/2353/1402 2189/2315/1359
f 2120/2246/1360 2228/2354/1401 2188/2314/1353
f 2188/2314/1353 2228/2354/1401 2189/2315/1359
f 2229/2355/1403 2170/2296/1403 2230/2356/1404
f 2230/2356/1404 2170/2296/1403 2169/2295/1404
f 2170/2296/1403 2229/2355/1403 2168/2294/1405
f 2230/2356/1404 2169/2295/1404 2231/2357/1406
f 2168/2294/1405 2229/2355/1403 2232/2358/1405
f 2231/2357/1406 2169/2295/1404 2166/2292/1406
f 2168/2294/1405 2232/2358/1405 2167/2293/1407
f 2231/2357/1406 2166/2292/1406 2233/2359/1408
f 2167/2293/1407 2232/2358/1405 2234/2360/1407
f 2233/2359/1408 2166/2292/1406 2165/2291/1408
f 2167/2293/1407 2234/2360/1407 2164/2290/1409
f 2233/2359/1408 2165/2291/1408 2235/2361/1410
f 2164/2290/1409 2234/2360/1407 2236/2362/1409
f 2235/2361/1410 2165/2291/1408 2144/2270/1410
f 2164/2290/1409 2236/2362/1409 2145/2271/1411
f 2235/2361/1410 2144/2270/1410 2237/2363/1412
f 2145/2271/1411 2236/2362/1409 2238/2364/1411
f 2237/2363/1412 2144/2270/1410 2163/2289/1412
f 2145/2271/1411 2238/2364/1411 2143/2269/1413
f 2237/2363/1412 2163/2289/1412 2239/2365/1414
f 2143/2269/1413 2238/2364/1411 2240/2366/1413
f 2239/2365/1414 2163/2289/1412 2162/2288/1414
f 2143/2269/1413 2240/2366/1413 2146/2272/1415
f 2239/2365/1414 2162/2288/1414 2241/2367/950
f 2146/2272/1415 2240/2366/1413 2242/2368/1415
f 2241/2367/950 2162/2288/1414 2161/2287/950
f 2146/2272/1415 2242/2368/1415 2147/2273/464
f 2241/2367/950 2161/2287/950 2243/2369/1416
f 2147/2273/464 2242/2368/1415 2244/2370/464
f 2243/2369/1416 2161/2287/950 2160/2286/1416
f 2147/2273/464 2244/2370/464 2148/2274/1417
f 2243/2369/1416 2160/2286/1416 2245/2371/1418
f 2148/2274/1417 2244/2370/464 2246/2372/1417
f 2245/2371/1418 2160/2286/1416 2159/2285/1418
f 2148/2274/1417 2246/2372/1417 2149/2275/1419
f 2245/2371/1418 2159/2285/1418 2247/2373/1420
f 2149/2275/1419 2246/2372/1417 2248/2374/1419
f 2247/2373/1420 2159/2285/1418 2158/2284/1420
f 2149/2275/1419 2248/2374/1419 2150/2276/1421
f 2247/2373/1420 2158/2284/1420 2249/2375/1422
f 2150/2276/1421 2248/2374/1419 2250/2376/1421
f 2249/2375/1422 2158/2284/1420 2157/2283/1422
f 2150/2276/1421 2250/2376/1421 2151/2277/470
f 2249/2375/1422 2157/2283/1422 2251/2377/1423
f 2151/2277/470 2250/2376/1421 2252/2378/470
f 2251/2377/1423 2157/2283/1422 2156/2282/1423
f 2151/2277/470 2252/2378/470 2152/2278/1424
f 2251/2377/1423 2156/2282/1423 2253/2379/1425
f 2152/2278/1424 2252/2378/470 2254/2380/1424
f 2253/2379/1425 2156/2282/1423 2155/2281/1425
f 2152/2278/1424 2254/2380/1424 2153/2279/1426
f 2253/2379/1425 2155/2281/1425 2255/2381/934
f 2153/2279/1426 2254/2380/1424 2256/2382/1426
f 2255/2381/934 2155/2281/1425 2154/2280/934
f 2153/2279/1426 2256/2382/1426 2154/2280/934
f 2154/2280/934 2256/2382/1426 2255/2381/934
f 2257/2383/1427 2258/2384/1427 2259/2385/1028
f 2260/2386/1428 2229/2355/1428 2261/2387/1429
f 2261/2387/1429 2229/2355/1428 2230/2356/1429
f 2229/2355/1428 2260/2386/1428 2232/2358/1430
f 2261/2387/1429 2230/2356/1429 2262/2388/1431
f 2232/2358/1430 2260/2386/1428 2263/2389/1430
f 2262/2388/1431 2230/2356/1429 2231/2357/1431
f 2232/2358/1430 2263/2389/1430 2234/2360/1432
f 2262/2388/1431 2231/2357/1431 2264/2390/1433
f 2234/2360/1432 2263/2389/1430 2265/2391/1432
f 2264/2390/1433 2231/2357/1431 2233/2359/1433
f 2234/2360/1432 2265/2391/1432 2236/2362/1434
f 2264/2390/1433 2233/2359/1433 2266/2392/1435
f 2236/2362/1434 2265/2391/1432 2267/2393/1434
f 2266/2392/1435 2233/2359/1433 2235/2361/1435
f 2236/2362/1434 2267/2393/1434 2238/2364/1436
f 2266/2392/1435 2235/2361/1435 2268/2394/1437
f 2238/2364/1436 2267/2393/1434 2269/2395/1436
f 2268/2394/1437 2235/2361/1435 2237/2363/1437
f 2238/2364/1436 2269/2395/1436 2240/2366/1438
f 2268/2394/1437 2237/2363/1437 2270/2396/1439
f 2240/2366/1438 2269/2395/1436 2271/2397/1438
f 2270/2396/1439 2237/2363/1437 2239/2365/1439
f 2240/2366/1438 2271/2397/1438 2242/2368/1440
f 2270/2396/1439 2239/2365/1439 2272/2398/1441
f 2242/2368/1440 2271/2397/1438 2273/2399/1440
f 2272/2398/1441 2239/2365/1439 2241/2367/1441
f 2242/2368/1440 2273/2399/1440 2244/2370/1442
f 2272/2398/1441 2241/2367/1441 2274/2400/1443
f 2244/2370/1442 2273/2399/1440 2275/2401/1442
f 2274/2400/1443 2241/2367/1441 2243/2369/1443
f 2244/2370/1442 2275/2401/1442 2246/2372/1444
f 2274/2400/1443 2243/2369/1443 2276/2402/1445
f 2246/2372/1444 2275/2401/1442 2277/2403/1444
f 2276/2402/1445 2243/2369/1443 2245/2371/1445
f 2246/2372/1444 2277/2403/1444 2248/2374/1446
f 2276/2402/1445 2245/2371/1445 2278/2404/1447
f 2248/2374/1446 2277/2403/1444 2279/2405/1446
f 2278/2404/1447 2245/2371/1445 2247/2373/1447
f 2248/2374/1446 2279/2405/1446 2250/2376/1448
f 2278/2404/1447 2247/2373/1447 2280/2406/1449
f 2250/2376/1448 2279/2405/1446 2281/2407/1448
f 2280/2406/1449 2247/2373/1447 2249/2375/1449
f 2250/2376/1448 2281/2407/1448 2252/2378/1450
f 2280/2406/1449 2249/2375/1449 2282/2408/1451
f 2252/2378/1450 2281/2407/1448 2283/2409/1450
f 2282/2408/1451 2249/2375/1449 2251/2377/1451
f 2252/2378/1450 2283/2409/1450 2254/2380/1452
f 2282/2408/1451 2251/2377/1451 2284/2410/334
f 2254/2380/1452 2283/2409/1450 2285/2411/1452
f 2284/2410/334 2251/2377/1451 2253/2379/334
f 2254/2380/1452 2285/2411/1452 2256/2382/1453
f 2284/2410/334 2253/2379/334 2286/2412/1454
f 2256/2382/1453 2285/2411/1452 2287/2413/1453
f 2286/2412/1454 2253/2379/334 2255/2381/1454
f 2256/2382/1453 2287/2413/1453 2255/2381/1454
f 2255/2381/1454 2287/2413/1453 2286/2412/1454
f 1297/1364/890 823/877/1455 822/876/682
f 823/877/1455 1297/1364/890 2288/2414/1344
f 823/877/1455 2288/2414/1344 826/880/1197
f 826/880/1197 2288/2414/1344 828/882/1114
f 702/756/1456 828/882/1114 703/757/1200
f 703/757/1200 828/882/1114 2288/2414/1344
f 2288/2414/1344 1297/1364/890 1299/1366/892
f 703/757/1200 2288/2414/1344 2289/2415/1082
f 703/757/1200 2289/2415/1082 264/2416/1200
f 2289/2415/1082 2288/2414/1344 2290/2417/1114
f 2289/2415/1082 2290/2417/1114 2291/2418/1457
f 2290/2417/1114 2288/2414/1344 2292/2419/1458
f 2290/2417/1114 2292/2419/1458 2291/2418/1457
f 2292/2419/1458 2288/2414/1344 1299/1366/892
f 2289/2415/1082 2291/2418/1457 2293/2420/1126
f 2293/2420/1126 2291/2418/1457 2292/2419/1458
f 2289/2415/1082 2293/2420/1126 264/2416/1200
f 2293/2420/1126 2292/2419/1458 1299/1366/892
f 2293/2420/1126 1299/1366/892 264/2416/1200
f 264/2416/1200 1299/1366/892 298/2421/1459
f 298/2421/1459 1299/1366/892 1298/1365/891
f 298/2421/1459 1298/1365/891 297/307/1460
f 297/307/1460 1298/1365/891 566/610/889
f 1649/2422/1297 1651/2423/1461 1985/2424/1300
f 1985/2424/1300 1651/2423/1461 2294/2425/1462
f 2294/2425/1462 1651/2423/1461 1380/2426/1463
f 2294/2425/1462 1380/2426/1463 2295/2427/1464
f 2295/2427/1464 1380/2426/1463 1383/1458/1027
f 2295/2427/1464 1383/1458/1027 1182/1247/1026
f 1182/1247/1026 1383/1458/1027 1382/1457/1292
f 1182/1247/1026 1382/1457/1292 1177/1242/1026
f 1177/1242/1026 1382/1457/1292 1178/1243/1465
f 2296/2428/1466 1179/1244/1467 1178/1243/1465
f 2296/2428/1466 1178/1243/1465 2297/2429/1468
f 2296/2428/1466 2297/2429/1468 2298/2430/1381
f 2298/2430/1381 2297/2429/1468 2299/2431/1469
f 2297/2429/1468 1178/1243/1465 2300/2432/1026
f 2297/2429/1468 2300/2432/1026 2299/2431/1469
f 2300/2432/1026 1178/1243/1465 2301/2433/1018
f 2301/2433/1018 1178/1243/1465 1382/1457/1292
f 2300/2432/1026 2301/2433/1018 2299/2431/1469
f 2301/2433/1018 1382/1457/1292 2302/2434/1470
f 2301/2433/1018 2302/2434/1470 2299/2431/1469
f 2302/2434/1470 1382/1457/1292 1381/1456/1471
f 2299/2431/1469 2302/2434/1470 2303/2435/1472
f 2303/2435/1472 2302/2434/1470 1381/1456/1471
f 2303/2435/1472 1381/1456/1471 2304/2436/1473
f 2304/2436/1473 1381/1456/1471 1653/1745/1474
f 2305/2437/1475 2260/2386/1475 2306/2438/1476
f 2306/2438/1476 2260/2386/1475 2261/2387/1476
f 2260/2386/1475 2305/2437/1475 2263/2389/1477
f 2306/2438/1476 2261/2387/1476 2307/2439/1478
f 2263/2389/1477 2305/2437/1475 2308/2440/1477
f 2307/2439/1478 2261/2387/1476 2262/2388/1478
f 2263/2389/1477 2308/2440/1477 2265/2391/1479
f 2307/2439/1478 2262/2388/1478 2309/2441/1480
f 2265/2391/1479 2308/2440/1477 2310/2442/1479
f 2309/2441/1480 2262/2388/1478 2264/2390/1480
f 2265/2391/1479 2310/2442/1479 2267/2393/1481
f 2309/2441/1480 2264/2390/1480 2311/2443/1482
f 2267/2393/1481 2310/2442/1479 2312/2444/1481
f 2311/2443/1482 2264/2390/1480 2266/2392/1482
f 2267/2393/1481 2312/2444/1481 2269/2395/1483
f 2311/2443/1482 2266/2392/1482 2313/2445/1484
f 2269/2395/1483 2312/2444/1481 2314/2446/1483
f 2313/2445/1484 2266/2392/1482 2268/2394/1484
f 2269/2395/1483 2314/2446/1483 2271/2397/1485
f 2313/2445/1484 2268/2394/1484 2315/2447/1486
f 2271/2397/1485 2314/2446/1483 2316/2448/1485
f 2315/2447/1486 2268/2394/1484 2270/2396/1486
f 2271/2397/1485 2316/2448/1485 2273/2399/1487
f 2315/2447/1486 2270/2396/1486 2317/2449/1488
f 2273/2399/1487 2316/2448/1485 2318/2450/1487
f 2317/2449/1488 2270/2396/1486 2272/2398/1488
f 2273/2399/1487 2318/2450/1487 2275/2401/1489
f 2317/2449/1488 2272/2398/1488 2319/2451/1490
f 2275/2401/1489 2318/2450/1487 2320/2452/1489
f 2319/2451/1490 2272/2398/1488 2274/2400/1490
f 2275/2401/1489 2320/2452/1489 2277/2403/1491
f 2319/2451/1490 2274/2400/1490 2321/2453/1492
f 2277/2403/1491 2320/2452/1489 2322/2454/1491
f 2321/2453/1492 2274/2400/1490 2276/2402/1492
f 2277/2403/1491 2322/2454/1491 2279/2405/1493
f 2321/2453/1492 2276/2402/1492 2323/2455/1494
f 2279/2405/1493 2322/2454/1491 2324/2456/1493
f 2323/2455/1494 2276/2402/1492 2278/2404/1494
f 2279/2405/1493 2324/2456/1493 2281/2407/1495
f 2323/2455/1494 2278/2404/1494 2325/2457/1496
f 2281/2407/1495 2324/2456/1493 2326/2458/1495
f 2325/2457/1496 2278/2404/1494 2280/2406/1496
f 2281/2407/1495 2326/2458/1495 2283/2409/1497
f 2325/2457/1496 2280/2406/1496 2327/2459/1498
f 2283/2409/1497 2326/2458/1495 2328/2460/1497
f 2327/2459/1498 2280/2406/1496 2282/2408/1498
f 2283/2409/1497 2328/2460/1497 2285/2411/1499
f 2327/2459/1498 2282/2408/1498 2329/2461/1217
f 2285/2411/1499 2328/2460/1497 2330/2462/1499
f 2329/2461/1217 2282/2408/1498 2284/2410/1217
f 2285/2411/1499 2330/2462/1499 2287/2413/1500
f 2329/2461/1217 2284/2410/1217 2331/2463/1501
f 2287/2413/1500 2330/2462/1499 2332/2464/1500
f 2331/2463/1501 2284/2410/1217 2286/2412/1501
f 2287/2413/1500 2332/2464/1500 2286/2412/1501
f 2286/2412/1501 2332/2464/1500 2331/2463/1501
f 2333/2465/1502 276/953/1502 894/952/1502
f 2334/2466/1503 2305/2437/1503 2335/2467/1504
f 2335/2467/1504 2305/2437/1503 2306/2438/1504
f 2305/2437/1503 2334/2466/1503 2308/2440/1505
f 2335/2467/1504 2306/2438/1504 2336/2468/1506
f 2308/2440/1505 2334/2466/1503 2337/2469/1505
f 2336/2468/1506 2306/2438/1504 2307/2439/1506
f 2308/2440/1505 2337/2469/1505 2310/2442/1507
f 2336/2468/1506 2307/2439/1506 2338/2470/1508
f 2310/2442/1507 2337/2469/1505 2339/2471/1507
f 2338/2470/1508 2307/2439/1506 2309/2441/1508
f 2310/2442/1507 2339/2471/1507 2312/2444/1509
f 2338/2470/1508 2309/2441/1508 2340/2472/1510
f 2312/2444/1509 2339/2471/1507 2341/2473/1509
f 2340/2472/1510 2309/2441/1508 2311/2443/1510
f 2312/2444/1509 2341/2473/1509 2314/2446/1511
f 2340/2472/1510 2311/2443/1510 2342/2474/1512
f 2314/2446/1511 2341/2473/1509 2343/2475/1511
f 2342/2474/1512 2311/2443/1510 2313/2445/1512
f 2314/2446/1511 2343/2475/1511 2316/2448/1513
f 2342/2474/1512 2313/2445/1512 2344/2476/1514
f 2316/2448/1513 2343/2475/1511 2345/2477/1513
f 2344/2476/1514 2313/2445/1512 2315/2447/1514
f 2316/2448/1513 2345/2477/1513 2318/2450/1515
f 2344/2476/1514 2315/2447/1514 2346/2478/1516
f 2318/2450/1515 2345/2477/1513 2347/2479/1515
f 2346/2478/1516 2315/2447/1514 2317/2449/1516
f 2318/2450/1515 2347/2479/1515 2320/2452/1517
f 2346/2478/1516 2317/2449/1516 2348/2480/1518
f 2320/2452/1517 2347/2479/1515 2349/2481/1517
f 2348/2480/1518 2317/2449/1516 2319/2451/1518
f 2320/2452/1517 2349/2481/1517 2322/2454/1519
f 2348/2480/1518 2319/2451/1518 2350/2482/1520
f 2322/2454/1519 2349/2481/1517 2351/2483/1519
f 2350/2482/1520 2319/2451/1518 2321/2453/1520
f 2322/2454/1519 2351/2483/1519 2324/2456/466
f 2350/2482/1520 2321/2453/1520 2352/2484/1521
f 2324/2456/466 2351/2483/1519 2353/2485/466
f 2352/2484/1521 2321/2453/1520 2323/2455/1521
f 2324/2456/466 2353/2485/466 2326/2458/1522
f 2352/2484/1521 2323/2455/1521 2354/2486/1523
f 2326/2458/1522 2353/2485/466 2355/2487/1522
f 2354/2486/1523 2323/2455/1521 2325/2457/1523
f 2326/2458/1522 2355/2487/1522 2328/2460/725
f 2354/2486/1523 2325/2457/1523 2356/2488/1524
f 2328/2460/725 2355/2487/1522 2357/2489/725
f 2356/2488/1524 2325/2457/1523 2327/2459/1524
f 2328/2460/725 2357/2489/725 2330/2462/1525
f 2356/2488/1524 2327/2459/1524 2358/2490/1214
f 2330/2462/1525 2357/2489/725 2359/2491/1525
f 2358/2490/1214 2327/2459/1524 2329/2461/1214
f 2330/2462/1525 2359/2491/1525 2332/2464/1526
f 2358/2490/1214 2329/2461/1214 2360/2492/1123
f 2332/2464/1526 2359/2491/1525 2361/2493/1526
f 2360/2492/1123 2329/2461/1214 2331/2463/1123
f 2332/2464/1526 2361/2493/1526 2331/2463/1123
f 2331/2463/1123 2361/2493/1526 2360/2492/1123
f 2362/2494/1041 2363/2495/1527 2364/2496/1041
f 2364/2496/1041 2363/2495/1527 2365/2497/1527
f 2365/2497/1527 2363/2495/1527 1832/2498/1527
f 1832/2498/1527 2363/2495/1527 1508/2499/1527
f 2366/2500/1528 700/754/1077 697/751/1077
f 2366/2500/1528 697/751/1077 1657/1760/1528
f 2366/2500/1528 1657/1760/1528 1136/1200/1528
f 842/896/1529 841/2501/1530 852/906/1529
f 852/906/1529 841/2501/1530 2367/2502/1530
f 2367/2502/1530 841/2501/1530 2368/2503/1117
f 2368/2503/1117 841/2501/1530 839/2504/1117
f 1222/1598/898 1516/1596/1062 1518/1600/1046
f 1505/2505/1082 1506/2506/1082 2369/2507/1458
f 2369/2507/1458 1506/2506/1082 2370/2508/1114
f 2369/2507/1458 2370/2508/1114 2371/2509/1531
f 2371/2509/1531 2370/2508/1114 2372/2510/1457
f 2372/2510/1457 2370/2508/1114 2362/2494/1228
f 2362/2494/1228 2370/2508/1114 2363/2511/1228
f 2363/2511/1228 2370/2508/1114 1506/2506/1082
f 2363/2511/1228 1506/2506/1082 1508/2512/1344
f 1387/1462/1473 1644/1734/1532 1388/1463/1533
f 1388/1463/1533 1644/1734/1532 1389/1463/1534
f 874/2513/1096 2373/2514/1096 875/2515/1096
f 2374/2516/1082 2375/2517/1535 2376/2518/1124
f 2375/2517/1535 2374/2516/1082 2377/2519/1536
f 2375/2517/1535 2377/2519/1536 2378/2520/1537
f 2378/2520/1537 2377/2519/1536 2379/2521/1538
f 2377/2519/1536 2374/2516/1082 1215/1278/1199
f 2377/2519/1536 1215/1278/1199 2379/2521/1538
f 1215/1278/1199 2374/2516/1082 2376/2518/1124
f 2379/2521/1538 1215/1278/1199 1187/1252/1539
f 2380/2522/1257 2376/2518/1124 2375/2517/1535
f 2380/2522/1257 2375/2517/1535 2381/2523/1540
f 1215/1278/1199 2376/2518/1124 1416/1490/1344
f 1416/1490/1344 2376/2518/1124 2380/2522/1257
f 1215/1278/1199 1416/1490/1344 1214/1277/1082
f 1214/1277/1082 1416/1490/1344 1213/1276/1082
f 1213/1276/1082 1416/1490/1344 1418/1492/1127
f 1213/1276/1082 1418/1492/1127 2382/2524/1541
f 2382/2524/1541 1418/1492/1127 1417/2525/1542
f 2382/2524/1541 1417/2525/1542 2383/2526/509
f 2383/2526/509 1417/2525/1542 1659/2527/1543
f 2383/2526/509 1659/2527/1543 699/2528/509
f 699/2528/509 1659/2527/1543 697/2529/507
f 1419/1493/1501 1416/1490/1344 2380/2522/1257
f 1419/1493/1501 2380/2522/1257 2384/2530/1544
f 2384/2530/1544 2380/2522/1257 2381/2523/1540
f 2384/2530/1544 2381/2523/1540 2385/2531/1545
f 2384/2530/1544 2385/2531/1545 1419/1493/1501
f 1419/1493/1501 2385/2531/1545 1660/1755/1546
f 1158/1223/807 1157/1222/1547 1336/1403/914
f 2386/2532/1548 2387/2533/1548 2388/2534/1549
f 2389/2535/1550 1723/1830/1550 843/897/1550
f 843/897/1550 1723/1830/1550 972/1038/1550
f 1647/1738/1551 2390/2536/1552 1295/1358/1553
f 1679/1780/1183 1350/1782/936 1680/1783/1184
f 2391/2537/1253 1119/1183/798 2392/2538/1254
f 2391/2537/1253 2392/2538/1254 2393/2539/1255
f 2392/2538/1254 1119/1183/798 1117/1182/796
f 2393/2539/1255 2392/2538/1254 2394/2540/1256
f 2394/2540/1256 2392/2538/1254 1117/1182/796
f 2394/2540/1256 1117/1182/796 1115/1180/794
f 2394/2540/1256 1115/1180/794 2395/2541/1259
f 2395/2541/1259 1115/1180/794 1114/1179/793
f 874/2542/1077 2396/2543/1554 2397/2544/1254
f 2085/2211/1555 2398/761/1555 895/954/1555
f 895/954/1555 2398/761/1555 729/783/1555
f 2399/2545/1556 2371/2509/1243 2400/2546/1556
f 2400/2546/1556 2371/2509/1243 2372/2510/1557
f 2400/2546/1556 2372/2510/1557 2401/2547/1557
f 2401/2547/1557 2372/2510/1557 2364/2496/923
f 2364/2496/923 2372/2510/1557 2362/2494/923
f 1386/1461/1360 1644/1734/1532 1387/1462/1473
f 2397/2548/1254 2373/2514/1077 874/2513/1077
f 1397/2549/1558 1395/2549/1558 2402/2550/1558
f 1746/1853/939 2403/2551/939 1744/1851/939
f 1744/1851/939 2403/2551/939 2404/2552/939
f 1744/1851/939 2404/2552/939 1745/1852/1559
f 1745/1852/1559 2404/2552/939 2405/2553/1559
f 1745/1852/1559 2405/2553/1559 1752/1859/1559
f 1752/1859/1559 2405/2553/1559 2406/2554/1559
f 1752/1859/1559 2406/2554/1559 1754/1861/1560
f 1754/1861/1560 2406/2554/1559 2407/2555/1560
f 1754/1861/1560 2407/2555/1560 1662/1757/1560
f 1754/1861/1560 1662/1757/1560 1663/1758/1560
f 1995/2556/1026 1176/2557/1026 2408/2558/1026
f 2408/2558/1026 1176/2557/1026 1175/2559/1026
f 2408/2558/1026 1175/2559/1026 2409/2560/1026
f 2409/2560/1026 1175/2559/1026 1173/2561/1026
f 2409/2560/1026 1173/2561/1026 2410/2562/1025
f 2410/2562/1025 1173/2561/1026 1172/2563/1025
f 2410/2562/1025 1172/2563/1025 1211/2564/1025
f 2410/2562/1025 1211/2564/1025 2411/2565/1025
f 2411/2565/1025 1211/2564/1025 2412/2566/1561
f 2412/2566/1561 1211/2564/1025 1212/2567/1562
f 2413/2568/937 2414/2569/1563 11/2570/937
f 2413/2568/937 11/2570/937 12/2571/1564
f 2413/2568/937 12/2571/1564 2415/2572/1564
f 11/2570/937 2414/2569/1563 13/2573/1563
f 13/2573/1563 2414/2569/1563 2416/2574/678
f 13/2573/1563 2416/2574/678 10/2575/678
f 10/2575/678 2416/2574/678 2417/2576/677
f 10/2575/678 2417/2576/677 15/2577/677
f 15/2577/677 2417/2576/677 2418/2578/1565
f 15/2577/677 2418/2578/1565 14/2579/1565
f 14/2579/1565 2418/2578/1565 2419/2580/1566
f 14/2579/1565 2419/2580/1566 17/2581/1566
f 17/2581/1566 2419/2580/1566 2420/2582/1567
f 17/2581/1566 2420/2582/1567 16/2583/1567
f 16/2583/1567 2420/2582/1567 2421/2584/1568
f 16/2583/1567 2421/2584/1568 18/2585/1568
f 18/2585/1568 2421/2584/1568 2422/2586/1569
f 18/2585/1568 2422/2586/1569 3/2587/1569
f 3/2587/1569 2422/2586/1569 2423/2588/77
f 3/2587/1569 2423/2588/77 1/2589/77
f 1032/1098/196 2424/2590/196 1034/1100/196
f 2425/2591/1570 1022/1089/1570 1026/1093/1570
f 860/2592/1571 2426/2593/1572 861/915/1573
f 2426/2593/1572 860/2592/1571 2427/2594/1574
f 2427/2594/1574 860/2592/1571 1991/2595/1575
f 2426/2593/1572 2427/2594/1574 2428/2596/1576
f 2428/2596/1576 2427/2594/1574 1991/2595/1575
f 2429/2597/1037 2430/2598/1037 2431/2599/488
f 2429/2597/1037 2431/2599/488 2432/2600/488
f 2432/2600/488 2431/2599/488 2433/2601/1563
f 2432/2600/488 2433/2601/1563 2434/2602/1563
f 2434/2602/1563 2433/2601/1563 2435/2603/678
f 2434/2602/1563 2435/2603/678 2436/2604/678
f 2436/2604/678 2435/2603/678 2437/2605/1577
f 2436/2604/678 2437/2605/1577 2438/2606/1577
f 2438/2606/1577 2437/2605/1577 2439/2607/1012
f 2438/2606/1577 2439/2607/1012 2440/2608/1012
f 2440/2608/1012 2439/2607/1012 2441/2609/1578
f 2440/2608/1012 2441/2609/1578 2442/2610/1578
f 2442/2610/1578 2441/2609/1578 2443/2611/1579
f 2442/2610/1578 2443/2611/1579 2444/2612/1579
f 2444/2612/1579 2443/2611/1579 2445/2613/1580
f 2444/2612/1579 2445/2613/1580 2446/2614/1580
f 2446/2614/1580 2445/2613/1580 2447/2615/760
f 2446/2614/1580 2447/2615/760 2448/2616/760
f 2449/2617/1581 1336/2618/1582 2450/2619/1582
f 2449/2617/1581 2450/2619/1582 2451/2620/1583
f 2449/2617/1581 2451/2620/1583 2452/2621/1568
f 2452/2621/1568 2451/2620/1583 2453/2622/1584
f 2452/2621/1568 2453/2622/1584 2454/2623/1585
f 1330/1396/1586 1484/1564/1586 1331/1397/1586
f 1331/1397/1586 1484/1564/1586 2455/2624/1586
f 873/926/1252 2456/2625/1163 874/2542/1252
f 874/2542/1252 2456/2625/1163 2396/2543/1587
f 2456/2625/1163 873/926/1252 2457/2626/1588
f 2456/2625/1163 2457/2626/1588 2396/2543/1587
f 1750/1857/1589 2458/2627/1589 1746/1853/1589
f 2459/2628/1082 875/2515/1082 1184/2629/1082
f 1184/2629/1082 875/2515/1082 1185/2630/1082
f 2459/2628/1082 1184/2629/1082 698/752/1082
f 1185/2630/1082 875/2515/1082 2373/2514/1082
f 2459/2628/1082 698/752/1082 2460/2631/1082
f 1185/2630/1082 2373/2514/1082 2461/2632/1082
f 1185/2630/1082 2461/2632/1082 1188/1360/1082
f 1188/1360/1082 2461/2632/1082 1647/1738/1082
f 1647/1738/1082 2461/2632/1082 2462/2633/1082
f 2462/2633/1082 2461/2632/1082 50/85/1082
f 2461/2632/1082 2373/2514/1082 2397/2548/1082
f 50/85/1082 2461/2632/1082 86/86/1082
f 2461/2632/1082 2397/2548/1082 2463/2634/1082
f 2463/2634/1082 2397/2548/1082 2460/2631/1082
f 2461/2632/1082 2463/2634/1082 86/86/1082
f 2463/2634/1082 2460/2631/1082 698/752/1082
f 2463/2634/1082 698/752/1082 2464/2635/1082
f 2463/2634/1082 2464/2635/1082 86/86/1082
f 2464/2635/1082 698/752/1082 700/754/1082
f 2464/2635/1082 700/754/1082 2366/2500/1082
f 86/86/1082 2464/2635/1082 2465/2636/1082
f 2465/2636/1082 2464/2635/1082 2366/2500/1082
f 2465/2636/1082 2366/2500/1082 1136/1200/1082
f 86/86/1082 2465/2636/1082 1347/1418/1082
f 2465/2636/1082 1136/1200/1082 1349/1421/1082
f 2465/2636/1082 1349/1421/1082 1347/1418/1082
f 1347/1418/1082 1349/1421/1082 1348/1419/1082
f 2466/2637/1590 2467/2638/1591 2468/2639/1592
f 2467/2638/1591 2466/2637/1590 2469/2640/1593
f 2469/2640/1593 2466/2637/1590 2470/2641/1594
f 2467/2638/1591 2469/2640/1593 1332/1398/1595
f 2467/2638/1591 1332/1398/1595 1165/2642/1596
f 2471/2643/1 955/1021/1 2472/2644/1
f 2472/2644/1 955/1021/1 954/1020/1
f 2472/2644/1 954/1020/1 2473/2645/1
f 2473/2645/1 954/1020/1 952/1018/1
f 2473/2645/1 952/1018/1 2474/2646/1
f 2474/2646/1 952/1018/1 951/1017/1
f 2474/2646/1 951/1017/1 2475/2647/1
f 2475/2647/1 951/1017/1 2476/2648/1
f 2475/2647/1 2476/2648/1 2477/2649/1
f 2477/2649/1 2476/2648/1 2478/2650/1
f 2477/2649/1 2478/2650/1 2479/2651/1
f 2479/2651/1 2478/2650/1 964/1030/1
f 2479/2651/1 964/1030/1 2480/2652/1
f 2480/2652/1 964/1030/1 962/1028/1
f 2480/2652/1 962/1028/1 2481/2653/1
f 2481/2653/1 962/1028/1 957/1023/1
f 2481/2653/1 957/1023/1 2482/2654/1
f 2482/2654/1 957/1023/1 956/1022/1
f 1338/1405/967 1340/1409/967 2483/2655/967
f 1338/1405/967 2483/2655/967 85/2656/1597
f 1338/1405/967 85/2656/1597 83/1406/1597
f 2484/2657/1598 2485/2658/1598 2486/2659/1599
f 2485/2658/1598 2484/2657/1598 2487/2660/1600
f 2487/2660/1600 2484/2657/1598 2488/2661/1600
f 2403/2551/1589 1746/1853/1589 2458/2627/1589
f 2458/2627/1601 1750/1857/1601 2489/2662/1601
f 1748/1855/1601 2489/2662/1601 1750/1857/1601
f 2425/2591/1602 1492/2663/1602 1022/1089/744
f 1022/1089/744 1492/2663/1602 1020/1087/1602
f 2490/2664/1442 2491/2665/1603 2492/2666/1604
f 2492/2666/1604 2491/2665/1603 2493/2667/1605
f 2492/2666/1604 2493/2667/1605 2494/2668/1606
f 2494/2668/1606 2493/2667/1605 2495/2669/1607
f 2494/2668/1606 2495/2669/1607 1604/2670/1129
f 1604/2670/1129 2495/2669/1607 2496/2671/1608
f 1604/2670/1129 2496/2671/1608 1487/2672/1130
f 2497/2673/1009 1974/2674/1009 95/2675/1009
f 1974/2674/1009 2497/2673/1009 1778/2676/1009
f 2498/2677/1609 2499/2678/1609 2500/2679/1610
f 2498/2677/1609 2500/2679/1610 2501/2680/1439
f 2501/2680/1439 2500/2679/1610 2502/2681/1611
f 1204/2682/1612 1203/2683/1200 2503/2684/1613
f 2503/2684/1613 1203/2683/1200 2504/2685/1200
f 2504/2685/1200 1203/2683/1200 2505/2686/1200
f 2505/2686/1200 1203/2683/1200 1145/2687/1200
f 2505/2686/1200 1145/2687/1200 1234/2688/1082
f 2505/2686/1200 1234/2688/1082 2506/2689/1082
f 2506/2689/1082 1234/2688/1082 1235/2690/1082
f 2506/2689/1082 1235/2690/1082 2507/2691/1082
f 2507/2691/1082 1235/2690/1082 1236/2692/1082
f 2507/2691/1082 1236/2692/1082 1810/2693/1082
f 2482/2694/1026 956/1022/1026 2508/2695/1026
f 2508/2695/1026 956/1022/1026 958/1024/1026
f 2508/2695/1026 958/1024/1026 2509/2696/1026
f 2509/2696/1026 958/1024/1026 960/1026/1026
f 2509/2696/1026 960/1026/1026 1037/2697/1026
f 1037/2697/1026 960/1026/1026 971/1037/1026
f 67/2093/1009 95/2698/1009 1974/2092/1009
f 1336/2618/914 1337/1404/915 2510/2699/1614
f 2510/2699/1614 1337/1404/915 2511/2700/1615
f 2502/2681/1616 2388/2534/1549 2501/2680/1617
f 2388/2534/1549 2502/2681/1616 2512/2701/509
f 2512/2701/509 2502/2681/1616 2513/2702/1618
f 2513/2702/1618 2502/2681/1616 2514/2703/1619
f 2513/2702/1618 2514/2703/1619 2515/2704/1620
f 2515/2704/1620 2514/2703/1619 2516/2705/1621
f 2515/2704/1620 2516/2705/1621 2517/2706/1622
f 2041/2169/951 1364/1436/950 1293/1356/951
f 929/995/488 928/994/488 2518/2707/1623
f 929/995/488 2518/2707/1623 2519/2708/1623
f 2519/2708/1623 2518/2707/1623 2520/2709/1010
f 2519/2708/1623 2520/2709/1010 2521/2710/1010
f 2521/2710/1010 2520/2709/1010 2522/2711/1624
f 2521/2710/1010 2522/2711/1624 2523/2712/1624
f 2523/2712/1624 2522/2711/1624 2524/2713/1124
f 2523/2712/1624 2524/2713/1124 2525/2714/1124
f 2525/2714/1124 2524/2713/1124 2526/2715/1625
f 2525/2714/1124 2526/2715/1625 2527/2716/1625
f 2527/2716/1625 2526/2715/1625 2528/2717/1626
f 2527/2716/1625 2528/2717/1626 2529/2718/1626
f 2529/2718/1626 2528/2717/1626 2530/2719/1627
f 2529/2718/1626 2530/2719/1627 2531/2720/1627
f 2532/2721/1277 122/123/1292 2533/2722/1026
f 2532/2721/1277 2533/2722/1026 2534/2723/1018
f 2532/2721/1277 2534/2723/1018 1014/1081/1026
f 122/123/1292 2532/2721/1277 2428/2596/1628
f 2532/2721/1277 1014/1081/1026 861/915/1629
f 2532/2721/1277 861/915/1629 2428/2596/1628
f 2428/2596/1628 861/915/1629 2426/2593/678
f 2535/2724/1011 1431/1506/1630 303/314/1631
f 2535/2724/1011 303/314/1631 302/313/1632
f 2536/2725/1633 2537/2726/1633 2538/2727/1633
f 2041/2169/1634 1293/1356/1634 2040/2168/1634
f 2040/2168/1634 1293/1356/1634 2539/2728/1634
f 2540/2729/697 2541/2730/697 847/2731/697
f 847/2731/697 2541/2730/697 848/2732/697
f 2542/2733/1635 2543/2734/2 2544/2735/1635
f 2543/2734/2 2542/2733/1635 2545/2736/1636
f 2545/2736/1636 2542/2733/1635 2546/2737/1637
f 2543/2734/2 2545/2736/1636 2547/2738/1638
f 2546/2737/1637 2542/2733/1635 1622/1709/1639
f 2546/2737/1637 1622/1709/1639 1621/1708/1639
f 1622/1709/1639 2542/2733/1635 1625/1712/1639
f 1625/1712/1639 2542/2733/1635 2544/2735/1635
f 1625/1712/1639 2544/2735/1635 1232/1295/1639
f 1232/1295/1639 2544/2735/1635 1230/1293/1635
f 1230/1293/1635 2544/2735/1635 2548/2739/2
f 2548/2739/2 2544/2735/1635 2543/2734/2
f 1230/1293/1635 2548/2739/2 1227/1290/2
f 2548/2739/2 2543/2734/2 2549/2740/745
f 2549/2740/745 2543/2734/2 2547/2738/1638
f 1227/1290/2 2548/2739/2 2550/2741/745
f 2550/2741/745 2548/2739/2 2549/2740/745
f 1227/1290/2 2550/2741/745 1226/1289/745
f 1226/1289/745 2550/2741/745 1225/1288/67
f 1225/1288/67 2550/2741/745 2551/2742/67
f 2551/2742/67 2550/2741/745 2549/2740/745
f 2551/2742/67 2549/2740/745 2552/2743/67
f 2552/2743/67 2549/2740/745 2547/2738/1638
f 2552/2743/67 2547/2738/1638 2553/2744/1640
f 2489/2662/1641 1748/1855/1641 2554/2745/1641
f 1749/1856/1641 2554/2745/1641 1748/1855/1641
f 2555/2746/1642 2556/2747/1642 2557/2748/1642
f 1606/1692/1643 1607/1693/1644 2558/2749/1645
f 1606/1692/1643 2558/2749/1645 2559/2750/1646
f 1606/1692/1643 2559/2750/1646 1605/1691/1647
f 1605/1691/1647 2559/2750/1646 2560/2751/1165
f 1032/1098/749 1033/1099/750 1490/2752/1648
f 1032/1098/749 1490/2752/1648 2424/2590/1649
f 1048/2753/1082 940/1006/1082 2561/2754/1082
f 2561/2754/1082 940/1006/1082 942/1008/1082
f 2561/2754/1082 942/1008/1082 2562/2755/1082
f 2562/2755/1082 942/1008/1082 944/1010/1082
f 2562/2755/1082 944/1010/1082 2471/2756/1082
f 2471/2756/1082 944/1010/1082 955/1021/1082
f 872/925/1075 2457/2626/1531 873/926/1075
f 2457/2626/1531 872/925/1075 2563/2757/1531
f 2257/2383/1015 2259/2385/1019 2485/2658/1019
f 2257/2383/1015 2485/2658/1019 2487/2660/1026
f 2257/2383/1015 2487/2660/1026 2564/2758/1188
f 2564/2758/1188 2487/2660/1026 2565/2759/1650
f 2565/2759/1650 2487/2660/1026 1351/1423/1025
f 2565/2759/1650 1351/1423/1025 714/768/1025
f 2565/2759/1650 714/768/1025 2566/2760/1025
f 2566/2760/1025 714/768/1025 1294/1357/1292
f 2566/2760/1025 1294/1357/1292 721/775/1651
f 2566/2760/1025 721/775/1651 722/776/1025
f 2566/2760/1025 722/776/1025 2565/2759/1650
f 2565/2759/1650 722/776/1025 724/778/1018
f 2565/2759/1650 724/778/1018 726/780/1652
f 2565/2759/1650 726/780/1652 1667/1765/1653
f 1667/1765/1653 726/780/1652 727/781/1654
f 2565/2759/1650 1667/1765/1653 1669/1767/1655
f 2565/2759/1650 1669/1767/1655 2567/2761/1656
f 2565/2759/1650 2567/2761/1656 2564/2758/1188
f 2567/2761/1656 1669/1767/1655 2568/2762/1657
f 2568/2762/1657 1669/1767/1655 1668/1766/1658
f 436/476/1659 1668/1766/1658 433/473/1660
f 1668/1766/1658 436/476/1659 2569/2763/1661
f 1668/1766/1658 2569/2763/1661 2568/2762/1657
f 2569/2763/1661 436/476/1659 437/477/1662
f 2569/2763/1661 437/477/1662 439/479/1663
f 2569/2763/1661 439/479/1663 2570/2764/1664
f 2569/2763/1661 2570/2764/1664 2568/2762/1657
f 2570/2764/1664 439/479/1663 445/485/1665
f 2571/2765/1666 2567/2761/1656 2568/2762/1657
f 2571/2765/1666 2568/2762/1657 2570/2764/1664
f 2567/2761/1656 2571/2765/1666 2572/2766/1667
f 2567/2761/1656 2572/2766/1667 2564/2758/1188
f 2571/2765/1666 2570/2764/1664 2573/2767/1668
f 2571/2765/1666 2573/2767/1668 2572/2766/1667
f 2570/2764/1664 445/485/1665 2574/2768/1669
f 2570/2764/1664 2574/2768/1669 2573/2767/1668
f 2574/2768/1669 445/485/1665 451/491/1670
f 2574/2768/1669 451/491/1670 454/494/1671
f 2574/2768/1669 454/494/1671 2575/2769/1672
f 2574/2768/1669 2575/2769/1672 2573/2767/1668
f 2575/2769/1672 454/494/1671 459/499/1673
f 2576/2770/1674 2572/2766/1667 2573/2767/1668
f 2576/2770/1674 2573/2767/1668 2575/2769/1672
f 2575/2769/1672 459/499/1673 2577/2771/883
f 2575/2769/1672 2577/2771/883 2576/2770/1674
f 2577/2771/883 459/499/1673 463/503/1675
f 2572/2766/1667 2576/2770/1674 2578/2772/1172
f 2572/2766/1667 2578/2772/1172 2564/2758/1188
f 2576/2770/1674 2577/2771/883 2579/2773/1676
f 2576/2770/1674 2579/2773/1676 2578/2772/1172
f 2577/2771/883 463/503/1675 2580/2774/1677
f 2577/2771/883 2580/2774/1677 2579/2773/1676
f 2580/2774/1677 463/503/1675 584/629/1678
f 2580/2774/1677 584/629/1678 2581/2775/1679
f 2580/2774/1677 2581/2775/1679 2579/2773/1676
f 2581/2775/1679 584/629/1678 587/632/1680
f 2581/2775/1679 587/632/1680 591/636/1680
f 2582/2776/1172 2578/2772/1172 2579/2773/1676
f 2578/2772/1172 2582/2776/1172 2564/2758/1188
f 2579/2773/1676 2581/2775/1679 2583/2777/1681
f 2579/2773/1676 2583/2777/1681 2582/2776/1172
f 2581/2775/1679 591/636/1680 2584/2778/1682
f 2581/2775/1679 2584/2778/1682 2583/2777/1681
f 2584/2778/1682 591/636/1680 2585/2779/1682
f 2585/2779/1682 591/636/1680 595/640/1680
f 2585/2779/1682 595/640/1680 599/644/1683
f 2584/2778/1682 2585/2779/1682 2586/2780/1289
f 2584/2778/1682 2586/2780/1289 2583/2777/1681
f 2585/2779/1682 599/644/1683 2587/2781/1684
f 2585/2779/1682 2587/2781/1684 2586/2780/1289
f 2587/2781/1684 599/644/1683 602/647/1685
f 2583/2777/1681 2586/2780/1289 2588/2782/1172
f 2583/2777/1681 2588/2782/1172 2582/2776/1172
f 2586/2780/1289 2587/2781/1684 2589/2783/1686
f 2586/2780/1289 2589/2783/1686 2588/2782/1172
f 2587/2781/1684 602/647/1685 2590/2784/1687
f 2587/2781/1684 2590/2784/1687 2589/2783/1686
f 2590/2784/1687 602/647/1685 616/661/1688
f 2589/2783/1686 2590/2784/1687 2591/2785/1689
f 2591/2785/1689 2590/2784/1687 616/661/1688
f 2591/2785/1689 616/661/1688 146/2786/1690
f 146/2786/1690 616/661/1688 143/662/1691
f 2589/2783/1686 2591/2785/1689 2592/2787/1692
f 2592/2787/1692 2591/2785/1689 146/2786/1690
f 2589/2783/1686 2592/2787/1692 2588/2782/1172
f 2592/2787/1692 146/2786/1690 145/2788/1693
f 2592/2787/1692 145/2788/1693 2588/2782/1172
f 2588/2782/1172 145/2788/1693 889/942/1025
f 2588/2782/1172 889/942/1025 100/101/1025
f 2588/2782/1172 100/101/1025 2582/2776/1172
f 889/942/1025 145/2788/1693 2593/2789/1180
f 2582/2776/1172 100/101/1025 99/100/1026
f 2593/2789/1180 145/2788/1693 176/2790/1026
f 176/2790/1026 145/2788/1693 148/2791/1180
f 2593/2789/1180 176/2790/1026 366/379/1026
f 366/379/1026 176/2790/1026 99/100/1026
f 99/100/1026 176/2790/1026 919/984/1180
f 919/984/1180 176/2790/1026 173/985/1180
f 99/100/1026 919/984/1180 917/982/1180
f 99/100/1026 917/982/1180 897/956/1180
f 99/100/1026 897/956/1180 2582/2776/1172
f 2582/2776/1172 897/956/1180 2594/2792/1018
f 2594/2792/1018 897/956/1180 896/955/1465
f 2594/2792/1018 896/955/1465 900/959/1694
f 2594/2792/1018 900/959/1694 903/962/1026
f 2582/2776/1172 2594/2792/1018 2564/2758/1188
f 2594/2792/1018 903/962/1026 2595/2793/1188
f 2594/2792/1018 2595/2793/1188 2564/2758/1188
f 2595/2793/1188 903/962/1026 908/967/1025
f 2595/2793/1188 908/967/1025 203/969/1025
f 2595/2793/1188 203/969/1025 202/2794/1695
f 2564/2758/1188 2595/2793/1188 2596/2795/1696
f 2596/2795/1696 2595/2793/1188 2597/2796/1697
f 2564/2758/1188 2596/2795/1696 2598/2797/1698
f 2598/2797/1698 2596/2795/1696 2597/2796/1697
f 2564/2758/1188 2598/2797/1698 2599/2798/1699
f 2564/2758/1188 2599/2798/1699 2257/2383/1015
f 2595/2793/1188 202/2794/1695 2600/2799/1700
f 2595/2793/1188 2600/2799/1700 2597/2796/1697
f 2600/2799/1700 202/2794/1695 2601/2800/1701
f 2601/2800/1701 202/2794/1695 198/2801/1702
f 2257/2383/1015 2599/2798/1699 2602/2802/1703
f 2257/2383/1015 2602/2802/1703 2258/2384/1704
f 2601/2800/1701 198/2801/1702 2603/2803/1705
f 2603/2803/1705 198/2801/1702 199/2804/1706
f 2600/2799/1700 2601/2800/1701 2604/2805/1461
f 2604/2805/1461 2601/2800/1701 2603/2803/1705
f 2258/2384/1704 2602/2802/1703 2605/2806/1707
f 2258/2384/1704 2605/2806/1707 2606/2807/1708
f 2603/2803/1705 199/2804/1706 2607/2808/1709
f 2603/2803/1705 2607/2808/1709 2604/2805/1461
f 2607/2808/1709 199/2804/1706 2608/2809/1710
f 2608/2809/1710 199/2804/1706 200/2810/1711
f 2604/2805/1461 2607/2808/1709 2609/2811/1712
f 2609/2811/1712 2607/2808/1709 2608/2809/1710
f 2609/2811/1712 2608/2809/1710 2610/2812/1713
f 2608/2809/1710 200/2810/1711 2611/2813/1714
f 2611/2813/1714 200/2810/1711 197/2814/1715
f 2610/2812/1713 2608/2809/1710 2612/2815/1716
f 2612/2815/1716 2608/2809/1710 2611/2813/1714
f 2609/2811/1712 2610/2812/1713 2557/2748/1717
f 2557/2748/1717 2610/2812/1713 2612/2815/1716
f 2556/2747/1718 2604/2805/1461 2609/2811/1712
f 2556/2747/1718 2609/2811/1712 2557/2748/1717
f 2611/2813/1714 197/2814/1715 2613/2816/1719
f 2613/2816/1719 197/2814/1715 195/2817/1720
f 2612/2815/1716 2611/2813/1714 2614/2818/1721
f 2614/2818/1721 2611/2813/1714 2613/2816/1719
f 2557/2748/1717 2612/2815/1716 2615/2819/1722
f 2557/2748/1717 2615/2819/1722 1109/2820/1723
f 1109/2820/1723 2615/2819/1722 1107/2821/1724
f 1107/2821/1724 2615/2819/1722 1106/2822/1725
f 1106/2822/1725 2615/2819/1722 2612/2815/1716
f 1106/2822/1725 2612/2815/1716 2614/2818/1721
f 1106/2822/1725 2614/2818/1721 2616/2823/1726
f 2616/2823/1726 2614/2818/1721 2617/2824/1727
f 2616/2823/1726 2617/2824/1727 1106/2822/1725
f 2617/2824/1727 2614/2818/1721 2613/2816/1719
f 1106/2822/1725 2617/2824/1727 1105/2825/8
f 2618/2826/1728 1099/2827/1729 1105/2825/8
f 2618/2826/1728 1105/2825/8 2619/2828/1730
f 2619/2828/1730 1105/2825/8 2617/2824/1727
f 2619/2828/1730 2617/2824/1727 2620/2829/21
f 2617/2824/1727 2613/2816/1719 2621/2830/1731
f 2617/2824/1727 2621/2830/1731 2620/2829/21
f 2621/2830/1731 2613/2816/1719 195/2817/1720
f 2620/2829/21 2621/2830/1731 206/2831/623
f 206/2831/623 2621/2830/1731 195/2817/1720
f 2622/2832/1120 318/331/1732 319/333/1733
f 2622/2832/1120 319/333/1733 1433/1510/1734
f 2623/2833/1735 2624/2834/1736 2625/2835/1737
f 2623/2833/1735 2625/2835/1737 2626/2836/1738
f 2623/2833/1735 2626/2836/1738 2627/2837/1739
f 2627/2837/1739 2626/2836/1738 2628/2838/1740
f 2627/2837/1739 2628/2838/1740 2629/2839/1741
f 2629/2839/1741 2628/2838/1740 2486/2659/1742
f 2629/2839/1741 2486/2659/1742 2630/2840/1462
f 2630/2840/1462 2486/2659/1742 2259/2385/1028
f 2259/2385/1028 2486/2659/1742 2485/2658/1743
f 471/511/1744 2631/2841/1544 2632/2842/467
f 2631/2841/1544 471/511/1744 371/384/1501
f 371/384/1501 471/511/1744 369/382/1202
f 369/382/1202 471/511/1744 469/509/1745
f 369/382/1202 469/509/1745 2560/2751/1165
f 2560/2751/1165 469/509/1745 1605/1691/1647
f 2040/2168/1746 2539/2728/1746 2039/2167/1746
f 2633/2843/1746 2039/2167/1746 2539/2728/1746
f 766/2844/1568 2634/2845/1747 2635/2846/1748
f 766/2844/1568 2635/2846/1748 765/2847/1568
f 765/2847/1568 2635/2846/1748 2636/2848/1749
f 765/2847/1568 2636/2848/1749 2637/2849/1750
f 765/2847/1568 2637/2849/1750 758/2850/1751
f 758/2850/1751 2637/2849/1750 2638/2851/1752
f 758/2850/1751 2638/2851/1752 2639/2852/1753
f 758/2850/1751 2639/2852/1753 754/2853/1754
f 754/2853/1754 2639/2852/1753 2640/2854/1755
f 754/2853/1754 2640/2854/1755 749/2855/1383
f 749/2855/1383 2640/2854/1755 2641/2856/1632
f 1336/2618/1756 2510/2699/1756 2642/2857/1756
f 1391/1465/1180 1467/1544/1180 1384/1459/1026
f 1384/1459/1026 1467/1544/1180 2643/2858/1180
f 2643/2858/1180 1467/1544/1180 2644/2859/1014
f 1384/1459/1026 2643/2858/1180 2645/2858/1025
f 1384/1459/1026 2645/2858/1025 1385/1460/1025
f 1444/1521/1757 1448/1525/1758 1455/1532/1757
f 1455/1532/1757 1448/1525/1758 2646/2860/1759
f 2646/2860/1759 1448/1525/1758 1450/1527/1760
f 2646/2860/1759 1450/1527/1760 2647/2861/1760
f 2647/2861/1760 1450/1527/1760 1451/1528/1761
f 2647/2861/1760 1451/1528/1761 1465/1542/1761
f 2648/2862/1762 2649/2863/1762 2650/2864/1762
f 2651/2865/1763 1054/2866/1764 2652/2867/1765
f 2652/2867/1765 1054/2866/1764 813/2868/1371
f 2652/2867/1765 813/2868/1371 806/2869/1375
f 2651/2865/1763 2652/2867/1765 2653/2870/677
f 2651/2865/1763 2653/2870/677 2654/2871/1766
f 2654/2871/1766 2653/2870/677 2655/2872/1767
f 2653/2870/677 2652/2867/1765 2656/2873/697
f 2656/2873/697 2652/2867/1765 806/2869/1375
f 2653/2870/677 2656/2873/697 2655/2872/1767
f 2656/2873/697 806/2869/1375 793/2874/1768
f 2655/2872/1767 2656/2873/697 2657/2875/1387
f 2656/2873/697 793/2874/1768 788/2876/1180
f 2657/2875/1387 2656/2873/697 2658/2877/1179
f 2658/2877/1179 2656/2873/697 788/2876/1180
f 2658/2877/1179 788/2876/1180 750/2878/1026
f 2658/2877/1179 750/2878/1026 2659/2879/1180
f 2659/2879/1180 750/2878/1026 749/2880/1383
f 2659/2879/1180 749/2880/1383 2641/2881/1632
f 2660/2882/1769 736/2883/796 2661/2884/1732
f 736/2883/796 2660/2882/1769 738/2885/1536
f 738/2885/1536 2660/2882/1769 2662/2886/1539
f 2663/2887/1770 2600/2799/1700 2604/2805/1461
f 2600/2799/1700 2663/2887/1770 2597/2796/1697
f 2663/2887/1770 2604/2805/1461 2556/2747/1718
f 2597/2796/1697 2663/2887/1770 2664/2888/1771
f 1113/2889/1772 2556/2747/1718 2555/2746/1773
f 2556/2747/1718 1113/2889/1772 2665/2890/1774
f 2556/2747/1718 2665/2890/1774 2666/2891/1774
f 2556/2747/1718 2666/2891/1774 2667/2892/1774
f 2556/2747/1718 2667/2892/1774 1466/2893/1775
f 2556/2747/1718 1466/2893/1775 2668/2894/1776
f 2668/2894/1776 1466/2893/1775 1392/2895/1777
f 2668/2894/1776 1392/2895/1777 2669/2896/1777
f 2668/2894/1776 2669/2896/1777 2670/2897/1712
f 2668/2894/1776 2670/2897/1712 2671/2898/1778
f 2671/2898/1778 2670/2897/1712 2672/2899/1779
f 2556/2747/1718 2668/2894/1776 2673/2900/1780
f 2556/2747/1718 2673/2900/1780 2663/2887/1770
f 2673/2900/1780 2668/2894/1776 2671/2898/1778
f 2671/2898/1778 2672/2899/1779 2674/2901/1781
f 2663/2887/1770 2673/2900/1780 2664/2888/1771
f 2671/2898/1778 2674/2901/1781 2675/2902/1782
f 2675/2902/1782 2674/2901/1781 2676/2903/1783
f 2673/2900/1780 2671/2898/1778 2677/2904/1784
f 2677/2904/1784 2671/2898/1778 2675/2902/1782
f 2673/2900/1780 2677/2904/1784 2664/2888/1771
f 2675/2902/1782 2676/2903/1783 2678/2905/1785
f 2677/2904/1784 2675/2902/1782 2679/2906/1786
f 2677/2904/1784 2679/2906/1786 2664/2888/1771
f 2675/2902/1782 2678/2905/1785 2680/2907/1787
f 2675/2902/1782 2680/2907/1787 2679/2906/1786
f 2680/2907/1787 2678/2905/1785 2681/2908/1788
f 2681/2908/1788 2678/2905/1785 2682/2909/1789
f 2679/2906/1786 2680/2907/1787 2683/2910/1790
f 2683/2910/1790 2680/2907/1787 2681/2908/1788
f 2664/2888/1771 2679/2906/1786 2684/2911/1791
f 2684/2911/1791 2679/2906/1786 2683/2910/1790
f 2664/2888/1771 2684/2911/1791 2685/2912/1792
f 2664/2888/1771 2685/2912/1792 2597/2796/1697
f 2597/2796/1697 2685/2912/1792 2598/2797/1698
f 2598/2797/1698 2685/2912/1792 2686/2913/1793
f 2686/2913/1793 2685/2912/1792 2684/2911/1791
f 2598/2797/1698 2686/2913/1793 2599/2798/1699
f 2599/2798/1699 2686/2913/1793 2602/2802/1703
f 2686/2913/1793 2684/2911/1791 2687/2914/1794
f 2686/2913/1793 2687/2914/1794 2602/2802/1703
f 2687/2914/1794 2684/2911/1791 2683/2910/1790
f 2602/2802/1703 2687/2914/1794 2605/2806/1707
f 2605/2806/1707 2687/2914/1794 2683/2910/1790
f 2605/2806/1707 2683/2910/1790 2688/2915/1795
f 2688/2915/1795 2683/2910/1790 2681/2908/1788
f 2605/2806/1707 2688/2915/1795 2606/2807/1708
f 2688/2915/1795 2681/2908/1788 2689/2916/1796
f 2688/2915/1795 2689/2916/1796 2606/2807/1708
f 2689/2916/1796 2681/2908/1788 2682/2909/1789
f 2606/2807/1708 2689/2916/1796 2690/2917/1797
f 2689/2916/1796 2682/2909/1789 2691/2918/1798
f 2689/2916/1796 2691/2918/1798 2690/2917/1797
f 2690/2917/1797 2691/2918/1798 2692/2919/1799
f 1484/1564/489 1662/1757/489 2455/2624/489
f 2455/2624/489 1662/1757/489 2693/2920/489
f 2415/2572/1564 12/2571/1564 8/2921/1073
f 2415/2572/1564 8/2921/1073 2694/2922/1073
f 2694/2922/1073 8/2921/1073 9/2923/1800
f 2694/2922/1073 9/2923/1800 2695/2924/1800
f 2695/2924/1800 9/2923/1800 7/2925/1801
f 2695/2924/1800 7/2925/1801 2696/2926/1801
f 2696/2926/1801 7/2925/1801 6/2927/1802
f 2696/2926/1801 6/2927/1802 2697/2928/1802
f 2697/2928/1802 6/2927/1802 5/2929/727
f 2697/2928/1802 5/2929/727 2698/2930/727
f 2698/2930/727 5/2929/727 4/2931/1626
f 2698/2930/727 4/2931/1626 2699/2932/1626
f 2699/2932/1626 4/2931/1626 2/2/1627
f 2699/2932/1626 2/2/1627 2700/2933/1627
f 2554/2745/1803 1749/1856/1803 2701/2934/1803
f 1747/1854/1803 2701/2934/1803 1749/1856/1803
f 1603/2935/1804 1595/1680/1804 2702/2936/1805
f 2702/2936/1805 1595/1680/1804 1594/1679/1805
f 2702/2936/1805 1594/1679/1805 2703/2937/1806
f 2703/2937/1806 1594/1679/1805 1591/1676/1145
f 2703/2937/1806 1591/1676/1145 1590/1675/1607
f 1590/1675/1607 1591/1676/1145 1586/1671/1607
f 986/1052/702 989/1055/704 987/1053/488
f 987/1053/488 989/1055/704 2704/2938/1623
f 2704/2938/1623 989/1055/704 2705/2939/1807
f 2704/2938/1623 2705/2939/1807 2706/2940/1010
f 2705/2939/1807 989/1055/704 2707/2941/1808
f 2707/2941/1808 989/1055/704 990/1056/705
f 2705/2939/1807 2707/2941/1808 2708/2942/942
f 2706/2940/1010 2705/2939/1807 2709/2943/1809
f 2709/2943/1809 2705/2939/1807 2708/2942/942
f 2706/2940/1010 2709/2943/1809 2710/2944/1624
f 2709/2943/1809 2708/2942/942 2711/2945/1810
f 2710/2944/1624 2709/2943/1809 2712/2946/1811
f 2712/2946/1811 2709/2943/1809 2711/2945/1810
f 2710/2944/1624 2712/2946/1811 2713/2947/1812
f 2712/2946/1811 2711/2945/1810 2714/2948/1813
f 2713/2947/1812 2712/2946/1811 2715/2949/1814
f 2715/2949/1814 2712/2946/1811 2714/2948/1813
f 2713/2947/1812 2715/2949/1814 2716/2950/1625
f 2715/2949/1814 2714/2948/1813 2717/2951/1815
f 2716/2950/1625 2715/2949/1814 2718/2952/853
f 2718/2952/853 2715/2949/1814 2717/2951/1815
f 2718/2952/853 2717/2951/1815 2719/2953/1816
f 2716/2950/1625 2718/2952/853 2720/2954/1626
f 2718/2952/853 2719/2953/1816 2721/2955/1817
f 2718/2952/853 2721/2955/1817 2720/2954/1626
f 2720/2954/1626 2721/2955/1817 2722/2956/1627
f 1396/2957/1126 1401/2958/1200 2723/2959/1458
f 1396/2957/1126 2723/2959/1458 2724/2960/1126
f 1396/2957/1126 2724/2960/1126 1468/2961/1126
f 1468/2961/1126 2724/2960/1126 2725/2962/1093
f 1396/2957/1126 1468/2961/1126 1393/2963/1126
f 2517/2964/1622 2516/2965/1621 2726/2835/1736
f 2517/2964/1622 2726/2835/1736 2624/2834/1736
f 2624/2834/1736 2726/2835/1736 2727/2966/1736
f 2727/2966/1736 2625/2835/1737 2624/2834/1736
f 2728/2967/1818 2729/2968/1529 2730/2969/1819
f 2730/2969/1819 2729/2968/1529 2731/2970/1820
f 2731/2970/1820 2729/2968/1529 2732/2971/1821
f 2730/2969/1819 2731/2970/1820 2733/2972/1822
f 2732/2971/1821 2729/2968/1529 2734/2973/1823
f 2734/2973/1823 2729/2968/1529 2728/2967/1818
f 2732/2971/1821 2734/2973/1823 2735/2974/1634
f 2734/2973/1823 2728/2967/1818 934/2975/1824
f 2734/2973/1823 934/2975/1824 2735/2974/1634
f 934/2975/1824 2728/2967/1818 811/2976/1825
f 2735/2974/1634 934/2975/1824 936/2977/1104
f 811/2976/1825 2728/2967/1818 805/2978/1826
f 805/2978/1826 2728/2967/1818 2730/2969/1819
f 2735/2974/1634 936/2977/1104 2736/2979/1827
f 805/2978/1826 2730/2969/1819 796/2980/1101
f 2736/2979/1827 936/2977/1104 2737/2981/1828
f 2737/2981/1828 936/2977/1104 937/2982/1829
f 796/2980/1101 2730/2969/1819 794/2983/1126
f 2737/2981/1828 937/2982/1829 2738/2984/1830
f 794/2983/1126 2730/2969/1819 2739/2985/1457
f 2739/2985/1457 2730/2969/1819 2733/2972/1822
f 794/2983/1126 2739/2985/1457 739/2986/1082
f 739/2986/1082 2739/2985/1457 2740/2987/1126
f 739/2986/1082 2740/2987/1126 736/2988/796
f 736/2988/796 2740/2987/1126 2661/2989/1732
f 2738/2984/1830 937/2982/1829 2741/2990/1831
f 2738/2984/1830 2741/2990/1831 2742/2991/1832
f 2741/2990/1831 937/2982/1829 939/2992/1833
f 2742/2991/1832 2741/2990/1831 2743/2993/1834
f 2743/2993/1834 2741/2990/1831 939/2992/1833
f 2742/2991/1832 2743/2993/1834 2744/2994/1835
f 2744/2994/1835 2743/2993/1834 2745/2995/1065
f 2743/2993/1834 939/2992/1833 2746/2996/1033
f 2745/2995/1065 2743/2993/1834 2747/2997/1836
f 2747/2997/1836 2743/2993/1834 2746/2996/1033
f 2745/2995/1065 2747/2997/1836 2748/2998/1837
f 2746/2996/1033 939/2992/1833 1073/2999/1838
f 2746/2996/1033 1073/2999/1838 2747/2997/1836
f 2747/2997/1836 1073/2999/1838 2748/2998/1837
f 2039/2167/1839 2633/2843/1839 2038/2166/1839
f 2749/3000/1839 2038/2166/1839 2633/2843/1839
f 738/2885/727 2662/2886/727 742/3001/1840
f 742/3001/1840 2662/2886/727 2750/3002/1841
f 742/3001/1840 2750/3002/1841 2751/3003/1842
f 742/3001/1840 2751/3003/1842 745/3004/1604
f 745/3004/1604 2751/3003/1842 2752/3005/1626
f 745/3004/1604 2752/3005/1626 2753/3006/1843
f 745/3004/1604 2753/3006/1843 747/3007/1604
f 747/3007/1604 2753/3006/1843 2754/3008/1844
f 1377/1452/963 1375/1450/961 2755/3009/963
f 2502/2681/1845 2516/2705/1007 2514/2703/1846
f 2756/3010/1847 2757/3011/483 2758/3012/1847
f 1409/1483/483 2757/3011/483 1408/1482/1848
f 1408/1482/1848 2757/3011/483 2756/3010/1847
f 1408/1482/1848 2756/3010/1847 1132/1196/1849
f 1132/1196/1849 2756/3010/1847 1133/1197/1849
f 1133/1197/1849 2756/3010/1847 1134/1198/1849
f 1134/1198/1849 2756/3010/1847 2758/3012/1847
f 1134/1198/1849 2758/3012/1847 1135/1199/1849
f 2759/3013/483 2758/3012/1847 2757/3011/483
f 1135/1199/1849 2758/3012/1847 1438/1515/1848
f 1438/1515/1848 2758/3012/1847 2759/3013/483
f 1438/1515/1848 2759/3013/483 1437/1514/483
f 2513/2702/1850 2760/3014/1851 2512/2701/1852
f 2512/2701/1852 2760/3014/1851 2388/2534/1853
f 2388/2534/1853 2760/3014/1851 2386/2532/1854
f 2396/3015/1855 2761/3016/1856 2762/3017/1855
f 1719/1826/1857 2763/3018/1857 1718/1825/1857
f 1718/1825/1857 2763/3018/1857 2764/3019/1857
f 1718/1825/1857 2764/3019/1857 1725/1832/1857
f 1725/1832/1857 2764/3019/1857 2765/3020/1857
f 1725/1832/1857 2765/3020/1857 1728/1835/1858
f 1728/1835/1858 2765/3020/1857 2766/3021/1858
f 1728/1835/1858 2766/3021/1858 1732/1839/1857
f 1732/1839/1857 2766/3021/1858 2767/3022/1857
f 1732/1839/1857 2767/3022/1857 1737/1844/1858
f 1737/1844/1858 2767/3022/1857 2768/3023/1858
f 1737/1844/1858 2768/3023/1858 1742/1849/1858
f 1742/1849/1858 2768/3023/1858 2769/3024/1858
f 1742/1849/1858 2769/3024/1858 1747/1854/1858
f 1747/1854/1858 2769/3024/1858 2701/2934/1858
f 1179/1244/1859 2770/3025/1860 1190/1255/1861
f 2770/3025/1860 1179/1244/1859 2296/2428/1859
f 1371/1446/1862 2771/3026/1863 1373/1448/968
f 2771/3026/1863 1371/1446/1862 2772/3027/1864
f 1373/1448/968 2771/3026/1863 2773/1448/968
f 1373/1448/968 2773/1448/968 1375/1450/1865
f 2774/3028/1866 2379/2521/1867 1187/1252/1867
f 2774/3028/1866 1187/1252/1867 1189/1254/1868
f 2775/3029/1869 2469/2640/1870 2470/2641/1871
f 1994/2123/1872 1296/1362/1873 2776/3030/1874
f 1994/2123/1872 2776/3030/1874 1993/2122/1875
f 1993/2122/1875 2776/3030/1874 2777/3031/787
f 1993/2122/1875 2777/3031/787 51/2121/1876
f 51/2121/1876 2777/3031/787 47/3032/1876
f 1181/1246/1877 1193/1258/1878 2778/3033/1879
f 2749/3000/1405 2779/3034/1405 2038/2166/1405
f 2038/2166/1405 2779/3034/1405 2035/2163/1405
f 2035/2163/1405 2779/3034/1405 2780/3035/1405
f 2035/2163/1405 2780/3035/1405 2031/2159/1405
f 2031/2159/1405 2780/3035/1405 2781/3036/1880
f 2031/2159/1405 2781/3036/1880 2027/2155/1880
f 2027/2155/1880 2781/3036/1880 2782/3037/1880
f 2027/2155/1880 2782/3037/1880 2023/2151/1880
f 2023/2151/1880 2782/3037/1880 2783/3038/1880
f 2023/2151/1880 2783/3038/1880 2019/2147/1880
f 2019/2147/1880 2783/3038/1880 2784/3039/1405
f 2019/2147/1880 2784/3039/1405 2009/2137/1405
f 2009/2137/1405 2784/3039/1405 2785/3040/1405
f 2009/2137/1405 2785/3040/1405 2007/2135/1405
f 2007/2135/1405 2785/3040/1405 2786/3041/1881
f 2007/2135/1405 2786/3041/1881 2000/2130/1881
f 2000/2130/1881 2786/3041/1881 2398/761/1882
f 2000/2130/1881 2398/761/1882 2085/2211/1882
f 477/517/1883 475/515/1883 2787/3042/1884
f 2787/3042/1884 475/515/1883 1588/1673/1816
f 2787/3042/1884 1588/1673/1816 2788/3043/1885
f 2788/3043/1885 1588/1673/1816 1587/1672/1886
f 2788/3043/1885 1587/1672/1886 2789/3044/1887
f 2789/3044/1887 1587/1672/1886 1589/1674/1887
f 2789/3044/1887 1589/1674/1887 2790/3045/1888
f 2790/3045/1888 1589/1674/1887 1593/1678/1889
f 2790/3045/1888 1593/1678/1889 1595/1680/1890
f 1661/1756/1891 2791/3046/1891 1654/1746/1891
f 1654/1746/1891 2791/3046/1891 1655/3047/1891
f 2792/3048/1892 1806/1918/1233 542/586/1234
f 1806/1918/1233 2792/3048/1892 1809/1921/1237
f 2792/3048/1892 542/586/1234 573/617/1893
f 2792/3048/1892 573/617/1893 572/616/1894
f 2792/3048/1892 572/616/1894 933/999/1813
f 2792/3048/1892 933/999/1813 1809/1921/1237
f 933/999/1813 572/616/1894 569/613/1895
f 1809/1921/1237 933/999/1813 932/998/1896
f 1809/1921/1237 932/998/1896 1808/1920/1236
f 1808/1920/1236 932/998/1896 2793/3049/1897
f 1808/1920/1236 2793/3049/1897 1782/1889/1103
f 2793/3049/1897 932/998/1896 931/997/1898
f 824/878/1899 931/997/1898 822/876/1744
f 931/997/1898 824/878/1899 2793/3049/1897
f 2793/3049/1897 824/878/1899 825/879/1124
f 2793/3049/1897 825/879/1124 827/881/1200
f 2793/3049/1897 827/881/1200 2794/3050/1200
f 2794/3050/1200 827/881/1200 829/883/1900
f 2794/3050/1200 829/883/1900 1233/1296/1200
f 2794/3050/1200 1233/1296/1200 704/758/1200
f 2794/3050/1200 704/758/1200 2793/3049/1897
f 2793/3049/1897 704/758/1200 1378/1453/1200
f 2793/3049/1897 1378/1453/1200 2498/2677/1458
f 2793/3049/1897 2498/2677/1458 1782/1889/1103
f 1782/1889/1103 2498/2677/1458 2387/2533/1118
f 2387/2533/1118 2498/2677/1458 2501/2680/1100
f 2387/2533/1118 2501/2680/1100 2388/2534/1100
f 1782/1889/1103 2387/2533/1118 2795/3051/1481
f 2795/3051/1481 2387/2533/1118 2796/3052/1901
f 2796/3052/1901 2387/2533/1118 2386/2532/1902
f 1782/1889/1103 2795/3051/1481 2797/3053/1477
f 2795/3051/1481 2796/3052/1901 2798/3054/1903
f 2795/3051/1481 2798/3054/1903 2797/3053/1477
f 1782/1889/1103 2797/3053/1477 2799/3055/1904
f 1782/1889/1103 2799/3055/1904 1784/1891/1103
f 2799/3055/1904 2797/3053/1477 2800/3056/1905
f 2799/3055/1904 2800/3056/1905 1784/1891/1103
f 2797/3053/1477 2798/3054/1903 2801/3057/1906
f 2797/3053/1477 2801/3057/1906 2800/3056/1905
f 2802/3058/1907 2798/3054/1903 2796/3052/1901
f 2803/3059/1908 2796/3052/1901 2386/2532/1902
f 2796/3052/1901 2803/3059/1908 2802/3058/1907
f 2803/3059/1908 2386/2532/1902 2760/3014/1909
f 2798/3054/1903 2802/3058/1907 2804/3060/1910
f 2798/3054/1903 2804/3060/1910 2801/3057/1906
f 2802/3058/1907 2803/3059/1908 2805/3061/1911
f 2802/3058/1907 2805/3061/1911 2804/3060/1910
f 2803/3059/1908 2760/3014/1909 2806/3062/1912
f 2803/3059/1908 2806/3062/1912 2805/3061/1911
f 2801/3057/1906 2804/3060/1910 2807/3063/1913
f 2801/3057/1906 2807/3063/1913 2800/3056/1905
f 2804/3060/1910 2805/3061/1911 2808/3064/1914
f 2804/3060/1910 2808/3064/1914 2807/3063/1913
f 2806/3062/1912 2760/3014/1909 2809/3065/1915
f 2809/3065/1915 2760/3014/1909 2810/3066/1916
f 2809/3065/1915 2810/3066/1916 2811/3067/1917
f 2811/3067/1917 2810/3066/1916 2812/3068/1918
f 2809/3065/1915 2811/3067/1917 2813/3069/1919
f 2806/3062/1912 2809/3065/1915 2814/3070/1920
f 2814/3070/1920 2809/3065/1915 2813/3069/1919
f 2806/3062/1912 2814/3070/1920 2805/3061/1911
f 2814/3070/1920 2813/3069/1919 2815/3071/1921
f 2805/3061/1911 2814/3070/1920 2816/3072/1922
f 2816/3072/1922 2814/3070/1920 2815/3071/1921
f 2805/3061/1911 2816/3072/1922 2808/3064/1914
f 2816/3072/1922 2815/3071/1921 2817/3073/1923
f 2816/3072/1922 2817/3073/1923 2808/3064/1914
f 2817/3073/1923 2815/3071/1921 2818/3074/1924
f 2817/3073/1923 2818/3074/1924 2819/3075/1925
f 2808/3064/1914 2817/3073/1923 2820/3076/1926
f 2808/3064/1914 2820/3076/1926 2807/3063/1913
f 2817/3073/1923 2819/3075/1925 2821/3077/1927
f 2817/3073/1923 2821/3077/1927 2820/3076/1926
f 2821/3077/1927 2819/3075/1925 2822/3078/1928
f 2821/3077/1927 2822/3078/1928 2823/3079/1929
f 2820/3076/1926 2821/3077/1927 2824/3080/1930
f 2820/3076/1926 2824/3080/1930 2807/3063/1913
f 2821/3077/1927 2823/3079/1929 2825/3081/1931
f 2821/3077/1927 2825/3081/1931 2824/3080/1930
f 2825/3081/1931 2823/3079/1929 2826/3082/1932
f 2825/3081/1931 2826/3082/1932 1394/3083/1932
f 2825/3081/1931 1394/3083/1932 1469/3084/1933
f 2825/3081/1931 1469/3084/1933 2536/2725/1927
f 2825/3081/1931 2536/2725/1927 2824/3080/1930
f 2536/2725/1927 1469/3084/1933 2827/3085/1934
f 2536/2725/1927 2827/3085/1934 2828/3086/1934
f 2536/2725/1927 2828/3086/1934 2829/3087/1934
f 2536/2725/1927 2829/3087/1934 1301/3088/1935
f 2536/2725/1927 1301/3088/1935 2537/2726/1936
f 2830/3089/1937 2807/3063/1913 2824/3080/1930
f 2830/3089/1937 2824/3080/1930 2536/2725/1927
f 2807/3063/1913 2830/3089/1937 2800/3056/1905
f 2800/3056/1905 2830/3089/1937 2831/3090/1938
f 2800/3056/1905 2831/3090/1938 1784/1891/1103
f 1784/1891/1103 2831/3090/1938 213/1892/1201
f 2831/3090/1938 2830/3089/1937 2832/3091/1110
f 2832/3091/1110 2830/3089/1937 2536/2725/1927
f 213/1892/1201 2831/3090/1938 2833/3092/1939
f 2833/3092/1939 2831/3090/1938 2832/3091/1110
f 213/1892/1201 2833/3092/1939 210/3093/1940
f 210/3093/1940 2833/3092/1939 2834/3094/1941
f 2834/3094/1941 2833/3092/1939 2832/3091/1110
f 210/3093/1940 2834/3094/1941 211/242/1942
f 2832/3091/1110 2536/2725/1927 2835/3095/1929
f 2834/3094/1941 2832/3091/1110 2836/3096/1943
f 2834/3094/1941 2836/3096/1943 211/242/1942
f 2836/3096/1943 2832/3091/1110 2835/3095/1929
f 2835/3095/1929 2536/2725/1927 2538/2727/1944
f 211/242/1942 2836/3096/1943 2837/3097/1945
f 2837/3097/1945 2836/3096/1943 2835/3095/1929
f 2835/3095/1929 2538/2727/1944 2838/3098/1946
f 2835/3095/1929 2838/3098/1946 2837/3097/1945
f 2838/3098/1946 2538/2727/1944 2839/3099/1947
f 2838/3098/1946 2839/3099/1947 2837/3097/1945
f 211/242/1942 2837/3097/1945 239/243/1948
f 239/243/1948 2837/3097/1945 2840/3100/1949
f 2840/3100/1949 2837/3097/1945 2839/3099/1947
f 239/243/1948 2840/3100/1949 209/241/1950
f 209/241/1950 2840/3100/1949 2841/3101/1951
f 2841/3101/1951 2840/3100/1949 2842/3102/1952
f 2842/3102/1952 2840/3100/1949 2839/3099/1947
f 2842/3102/1952 2839/3099/1947 1099/3103/1729
f 2424/2590/1953 1811/1923/1953 1034/1100/1953
f 2727/2966/1954 2843/3104/1954 2625/2835/1954
f 2488/2661/1955 2844/3105/1955 2845/3106/1955
f 2844/3105/1955 2488/2661/1955 2484/2657/1956
f 2844/3105/1955 2484/2657/1956 2846/3107/1002
f 2846/3107/1002 2484/2657/1956 2486/2659/1957
f 2846/3107/1002 2486/2659/1957 2626/2836/1002
f 2626/2836/1002 2486/2659/1957 2628/2838/1958
f 2846/3107/1002 2626/2836/1002 2847/3108/1959
f 2847/3108/1959 2626/2836/1002 2625/2835/1954
f 2847/3108/1959 2625/2835/1954 2843/3104/1954
f 2727/2966/1954 2726/2835/1959 2843/3104/1954
f 2843/3104/1954 2726/2835/1959 2848/3109/1954
f 2848/3109/1954 2726/2835/1959 2516/2965/1007
f 2849/3110/1960 2499/2678/1960 2850/3111/1960
f 2499/2678/1960 2849/3110/1960 2500/2679/1961
f 2500/2679/1961 2849/3110/1960 2851/3112/1007
f 2500/2679/1961 2851/3112/1007 2502/2681/1845
f 2502/2681/1845 2851/3112/1007 2516/2705/1007
f 2516/2705/1007 2851/3112/1007 2848/3113/1954
f 2852/3114/1962 2843/3115/1963 2853/3116/1962
f 2853/3116/1962 2843/3115/1963 2854/3117/1963
f 2854/3117/1963 2843/3115/1963 2855/3118/1963
f 2855/3118/1963 2843/3115/1963 2856/3119/1963
f 2853/3116/1962 2854/3117/1963 2857/3120/1963
f 2857/3120/1963 2854/3117/1963 2855/3118/1963
f 2853/3116/1962 2857/3120/1963 2858/3121/1964
f 2858/3121/1964 2857/3120/1963 2855/3118/1963
f 2852/3114/1962 2853/3116/1962 2859/3122/966
f 2852/3114/1962 2859/3122/966 2860/3123/1957
f 2860/3123/1957 2859/3122/966 2861/3124/966
f 2861/3124/966 2859/3122/966 2862/3125/1962
f 2862/3125/1962 2859/3122/966 2853/3116/1962
f 2853/3116/1962 2858/3121/1964 2863/3126/1008
f 2853/3116/1962 2863/3126/1008 2862/3125/1962
f 2863/3126/1008 2858/3121/1964 2855/3118/1963
f 2862/3125/1962 2863/3126/1008 2864/3127/1965
f 2864/3127/1965 2863/3126/1008 2865/3128/1963
f 2865/3128/1963 2863/3126/1008 2855/3118/1963
f 2865/3128/1963 2855/3118/1963 2866/3129/936
f 2866/3129/936 2855/3118/1963 2856/3119/1963
f 2865/3128/1963 2866/3129/936 2867/3130/936
f 2866/3129/936 2856/3119/1963 2868/3131/1845
f 2866/3129/936 2868/3131/1845 2867/3130/936
f 2869/3132/1966 2650/2864/937 2649/2863/1967
f 2650/2864/937 2869/3132/1966 2870/3133/1191
f 2869/3132/1966 2649/2863/1967 2871/3134/1968
f 2871/3134/1968 2649/2863/1967 2872/3135/1285
f 2870/3133/1191 2869/3132/1966 2873/3136/1969
f 2870/3133/1191 2873/3136/1969 2874/3137/1279
f 2874/3137/1279 2873/3136/1969 2875/3138/1970
f 2873/3136/1969 2869/3132/1966 2876/3139/1323
f 2876/3139/1323 2869/3132/1966 2871/3134/1968
f 2875/3138/1970 2873/3136/1969 2877/3140/1971
f 2877/3140/1971 2873/3136/1969 2876/3139/1323
f 2875/3138/1970 2877/3140/1971 2878/3141/1295
f 2878/3141/1295 2877/3140/1971 2879/3142/1972
f 2877/3140/1971 2876/3139/1323 2880/3143/1973
f 2877/3140/1971 2880/3143/1973 2879/3142/1972
f 2876/3139/1323 2871/3134/1968 2881/3144/1974
f 2876/3139/1323 2881/3144/1974 2880/3143/1973
f 2882/3145/1975 2871/3134/1968 2872/3135/1285
f 2871/3134/1968 2882/3145/1975 2881/3144/1974
f 2882/3145/1975 2872/3135/1285 2883/3146/1249
f 2880/3143/1973 2881/3144/1974 2884/3147/1976
f 2880/3143/1973 2884/3147/1976 2879/3142/1972
f 2881/3144/1974 2882/3145/1975 2885/3148/1279
f 2881/3144/1974 2885/3148/1279 2884/3147/1976
f 2882/3145/1975 2883/3146/1249 2886/3149/1977
f 2882/3145/1975 2886/3149/1977 2885/3148/1279
f 2886/3149/1977 2883/3146/1249 2887/3150/1978
f 2886/3149/1977 2887/3150/1978 77/3151/1979
f 2886/3149/1977 77/3151/1979 2885/3148/1279
f 77/3151/1979 2887/3150/1978 74/3152/1980
f 2885/3148/1279 77/3151/1979 79/3153/678
f 2885/3148/1279 79/3153/678 80/3154/1981
f 2885/3148/1279 80/3154/1981 2884/3147/1976
f 2884/3147/1976 80/3154/1981 82/3155/1972
f 2884/3147/1976 82/3155/1972 2879/3142/1972
f 2879/3142/1972 82/3155/1972 84/3156/1179
f 2879/3142/1972 84/3156/1179 2888/3157/1179
f 2879/3142/1972 2888/3157/1179 2878/3141/1295
f 2888/3157/1179 84/3156/1179 85/3158/1026
f 2888/3157/1179 85/3158/1026 2483/3159/1026
f 2888/3157/1179 2483/3159/1026 1340/3160/1026
f 2889/3161/1982 1054/2866/1764 2651/2865/1763
f 1054/2866/1764 2889/3161/1982 1058/3162/1697
f 1058/3162/1697 2889/3161/1982 2890/3163/1983
f 1058/3162/1697 2890/3163/1983 2891/3164/1984
f 1058/3162/1697 2891/3164/1984 1059/3165/1363
f 1059/3165/1363 2891/3164/1984 2892/3166/1985
f 1059/3165/1363 2892/3166/1985 2893/3167/1986
f 2889/3161/1982 2651/2865/1763 2654/2871/1766
f 1059/3165/1363 2893/3167/1986 1061/3168/1307
f 1061/3168/1307 2893/3167/1986 2894/3169/1987
f 2894/3169/1987 2893/3167/1986 2895/3170/884
f 2894/3169/1987 2895/3170/884 2896/3171/1988
f 2894/3169/1987 2896/3171/1988 2897/3172/1989
f 1061/3168/1307 2894/3169/1987 2898/3173/996
f 2894/3169/1987 2897/3172/1989 2899/3174/1990
f 2894/3169/1987 2899/3174/1990 2898/3173/996
f 2899/3174/1990 2897/3172/1989 2900/3175/1991
f 1061/3168/1307 2898/3173/996 1072/3176/1992
f 1072/3176/1992 2898/3173/996 2899/3174/1990
f 1072/3176/1992 2899/3174/1990 2900/3175/1991
f 1072/3176/1992 2900/3175/1991 2901/3177/1993
f 2901/3177/1993 2900/3175/1991 2902/3178/1994
f 1072/3176/1992 2901/3177/1993 1079/3179/1995
f 2901/3177/1993 2902/3178/1994 2903/3180/1996
f 2901/3177/1993 2903/3180/1996 1079/3179/1995
f 2903/3180/1996 2902/3178/1994 2904/3181/1997
f 2903/3180/1996 2904/3181/1997 2905/3182/1998
f 2903/3180/1996 2905/3182/1998 2906/3183/1999
f 1079/3179/1995 2903/3180/1996 2907/3184/2000
f 2903/3180/1996 2906/3183/1999 2908/3185/2001
f 2903/3180/1996 2908/3185/2001 2907/3184/2000
f 2908/3185/2001 2906/3183/1999 2909/3186/2002
f 1079/3179/1995 2907/3184/2000 1112/3187/1656
f 2907/3184/2000 2908/3185/2001 2910/3188/1470
f 2907/3184/2000 2910/3188/1470 1112/3187/1656
f 2908/3185/2001 2909/3186/2002 2911/3189/2003
f 2908/3185/2001 2911/3189/2003 2910/3188/1470
f 2911/3189/2003 2909/3186/2002 2912/3190/2004
f 2911/3189/2003 2912/3190/2004 2913/3191/2005
f 2911/3189/2003 2913/3191/2005 2670/3192/2006
f 2670/3192/2006 2913/3191/2005 2672/3193/2007
f 2911/3189/2003 2670/3192/2006 2910/3188/1470
f 2910/3188/1470 2670/3192/2006 2669/3194/1667
f 2910/3188/1470 2669/3194/1667 1390/1464/2008
f 1390/1464/2008 2669/3194/1667 1392/1466/2009
f 2910/3188/1470 1390/1464/2008 1644/1734/1532
f 2910/3188/1470 1644/1734/1532 1112/3187/1656
f 1112/3187/1656 1644/1734/1532 1386/1461/1360
f 1112/3187/1656 1386/1461/1360 2665/3195/2010
f 1112/3187/1656 2665/3195/2010 1113/3196/2010
f 2914/3197/1082 2915/3198/2011 2916/3199/1082
f 2916/3199/1082 2915/3198/2011 2917/3200/2011
f 2914/3197/1082 2916/3199/1082 2918/3201/2012
f 2915/3198/2011 2914/3197/1082 28/3202/2011
f 28/3202/2011 2914/3197/1082 27/3203/1082
f 2915/3198/2011 28/3202/2011 29/3204/2013
f 2914/3197/1082 2918/3201/2012 2919/3205/2012
f 2914/3197/1082 2919/3205/2012 27/3203/1082
f 2919/3205/2012 2918/3201/2012 2920/3206/992
f 27/3203/1082 2919/3205/2012 25/3207/2012
f 2915/3198/2011 29/3204/2013 2921/3208/2013
f 2915/3198/2011 2921/3208/2013 2917/3200/2011
f 2921/3208/2013 29/3204/2013 30/3209/1887
f 2917/3200/2011 2921/3208/2013 2922/3210/2013
f 2921/3208/2013 30/3209/1887 2923/3211/1887
f 2921/3208/2013 2923/3211/1887 2922/3210/2013
f 2922/3210/2013 2923/3211/1887 2924/3212/1887
f 2925/3213/992 25/3207/2012 2919/3205/2012
f 2925/3213/992 2919/3205/2012 2920/3206/992
f 2925/3213/992 2920/3206/992 1478/1555/1037
f 25/3207/2012 2925/3213/992 26/3214/992
f 2925/3213/992 1478/1555/1037 1477/1554/1037
f 2925/3213/992 1477/1554/1037 26/3214/992
f 26/3214/992 1477/1554/1037 34/1559/1037
f 1193/2112/831 1984/2107/1751 2778/3215/2014
f 1720/1827/2015 2926/3216/2015 1719/1826/2015
f 1719/1826/2015 2926/3216/2015 2763/3018/2015
f 50/3217/2016 49/3218/2016 2927/3219/2017
f 50/3217/2016 2927/3219/2017 2462/3220/2018
f 2462/3220/2018 2927/3219/2017 2390/3221/1552
f 1647/1738/1551 2462/2633/2018 2390/2536/1552
f 1675/1735/1891 2928/3222/1891 1645/1735/1891
f 1645/1735/1891 2928/3222/1891 1646/3223/1891
f 728/782/578 729/783/578 2929/3224/578
f 2398/761/578 2929/3224/578 729/783/578
f 2930/3225/2019 1375/1450/1865 2773/1448/968
f 2931/3226/1531 1778/2676/1082 2497/2673/1082
f 2931/3226/1531 2497/2673/1082 95/2675/1082
f 2931/3226/1531 95/2675/1082 96/3227/1457
f 2931/3226/1531 96/3227/1457 2932/3228/1801
f 2932/3228/1801 96/3227/1457 97/3229/1801
f 2931/3226/1531 2932/3228/1801 2933/3230/2020
f 2932/3228/1801 97/3229/1801 2934/3231/2021
f 2934/3231/2021 97/3229/1801 70/3232/2022
f 2933/3230/2020 2932/3228/1801 2935/3233/2023
f 2933/3230/2020 2935/3233/2023 2936/3234/2012
f 2932/3228/1801 2934/3231/2021 2937/3235/2024
f 2932/3228/1801 2937/3235/2024 2935/3233/2023
f 2934/3231/2021 70/3232/2022 2938/3236/991
f 2938/3236/991 70/3232/2022 71/3237/2025
f 2938/3236/991 71/3237/2025 72/3238/2026
f 2936/3234/2012 2935/3233/2023 2939/3239/2027
f 2936/3234/2012 2939/3239/2027 2940/3240/2025
f 2940/3240/2025 2939/3239/2027 2941/3241/1064
f 2939/3239/2027 2935/3233/2023 2942/3242/2028
f 2942/3242/2028 2935/3233/2023 2937/3235/2024
f 2941/3241/1064 2939/3239/2027 2943/3243/2029
f 2943/3243/2029 2939/3239/2027 2942/3242/2028
f 2941/3241/1064 2943/3243/2029 2650/2864/937
f 2650/2864/937 2943/3243/2029 2944/3244/2030
f 2943/3243/2029 2942/3242/2028 2945/3245/2031
f 2872/3135/1285 2944/3244/2030 2945/3245/2031
f 2942/3242/2028 2937/3235/2024 2946/3246/2032
f 2942/3242/2028 2946/3246/2032 2945/3245/2031
f 2946/3246/2032 2937/3235/2024 2934/3231/2021
f 2946/3246/2032 2934/3231/2021 2938/3236/991
f 2945/3245/2031 2946/3246/2032 2947/3247/2033
f 2945/3245/2031 2947/3247/2033 2872/3135/1285
f 2947/3247/2033 2946/3246/2032 2938/3236/991
f 2872/3135/1285 2947/3247/2033 2883/3146/1249
f 2947/3247/2033 2938/3236/991 2948/3248/2034
f 2947/3247/2033 2948/3248/2034 2883/3146/1249
f 2948/3248/2034 2938/3236/991 72/3238/2026
f 2883/3146/1249 2948/3248/2034 2887/3150/998
f 2887/3150/998 2948/3248/2034 72/3238/2026
f 2887/3150/998 72/3238/2026 74/3152/2035
f 267/1440/1362 1366/1438/1362 1999/2129/1172
f 267/1440/1362 1999/2129/1172 266/2128/1172
f 1996/2125/2036 2425/2591/2036 1026/1093/2036
f 1777/1884/1 2949/3249/1 1640/1727/1
f 1640/1727/1 2949/3249/1 1641/3250/1
f 2682/2909/2037 2950/3251/2038 2691/2918/2039
f 2950/3251/2038 2682/2909/2037 2951/3252/573
f 2951/3252/573 2682/2909/2037 2952/3253/588
f 2952/3253/588 2682/2909/2037 2678/2905/2040
f 2950/3251/2038 2951/3252/573 2953/3254/495
f 2952/3253/588 2678/2905/2040 2954/3255/826
f 2691/2918/2039 2950/3251/2038 2955/3256/2041
f 2955/3256/2041 2950/3251/2038 2953/3254/495
f 2691/2918/2039 2955/3256/2041 2692/2919/2042
f 2954/3255/826 2678/2905/2040 2956/3257/2043
f 2956/3257/2043 2678/2905/2040 2676/2903/2044
f 2954/3255/826 2956/3257/2043 2957/3258/66
f 2956/3257/2043 2676/2903/2044 2674/2901/2045
f 2955/3256/2041 2953/3254/495 2958/3259/2046
f 2955/3256/2041 2958/3259/2046 2692/2919/2042
f 2958/3259/2046 2953/3254/495 2959/3260/2047
f 2956/3257/2043 2674/2901/2045 2960/3261/2048
f 2956/3257/2043 2960/3261/2048 2957/3258/66
f 2960/3261/2048 2674/2901/2045 2672/2899/2049
f 2957/3258/66 2960/3261/2048 2961/3262/2050
f 2961/3262/2050 2960/3261/2048 2672/2899/2049
f 2961/3262/2050 2672/2899/2049 2962/3263/2051
f 2963/3264/2052 2692/2919/2042 2958/3259/2046
f 2963/3264/2052 2958/3259/2046 2959/3260/2047
f 2692/2919/2042 2963/3264/2052 2690/2917/2053
f 2690/2917/2053 2963/3264/2052 2627/2837/1879
f 2690/2917/2053 2627/2837/1879 2629/2839/2053
f 2690/2917/2053 2629/2839/2053 2606/2807/2054
f 2606/2807/2054 2629/2839/2053 2630/2840/2055
f 2606/2807/2054 2630/2840/2055 2259/2385/2056
f 2606/2807/2054 2259/2385/2056 2258/2384/2057
f 2627/2837/1879 2963/3264/2052 2964/3265/2058
f 2964/3265/2058 2963/3264/2052 2959/3260/2047
f 2627/2837/1879 2964/3265/2058 2623/2833/93
f 2964/3265/2058 2959/3260/2047 2965/3266/496
f 2623/2833/93 2964/3265/2058 2624/2834/599
f 2624/2834/599 2964/3265/2058 2965/3266/496
f 2966/3267/2059 2954/3268/826 2957/3269/66
f 2954/3268/826 2966/3267/2059 2815/3071/2060
f 2966/3267/2059 2957/3269/66 2967/3270/2061
f 2954/3268/826 2815/3071/2060 2952/3271/588
f 2967/3270/2061 2957/3269/66 2961/3272/2050
f 2967/3270/2061 2961/3272/2050 2822/3078/2062
f 2822/3078/2062 2961/3272/2050 2962/3273/2051
f 2952/3271/588 2815/3071/2060 2813/3069/2063
f 2952/3271/588 2813/3069/2063 2951/3274/573
f 2951/3274/573 2813/3069/2063 2968/3275/2064
f 2968/3275/2064 2813/3069/2063 2811/3067/2065
f 2951/3274/573 2968/3275/2064 2953/3276/495
f 2968/3275/2064 2811/3067/2065 2969/3277/2066
f 2968/3275/2064 2969/3277/2066 2953/3276/495
f 2969/3277/2066 2811/3067/2065 2812/3068/2067
f 2953/3276/495 2969/3277/2066 2970/3278/2068
f 2970/3278/2068 2969/3277/2066 2812/3068/2067
f 2953/3276/495 2970/3278/2068 2959/3279/2047
f 2970/3278/2068 2812/3068/2067 2971/3280/2069
f 2970/3278/2068 2971/3280/2069 2959/3279/2047
f 2971/3280/2069 2812/3068/2067 2810/3066/1850
f 2513/2702/1850 2810/3066/1850 2760/3014/1851
f 2810/3066/1850 2513/2702/1850 2515/2704/2070
f 2810/3066/1850 2515/2704/2070 2971/3280/2069
f 2959/3279/2047 2971/3280/2069 2972/3281/2071
f 2972/3281/2071 2971/3280/2069 2515/2704/2070
f 2959/3279/2047 2972/3281/2071 2965/3282/496
f 2972/3281/2071 2515/2704/2070 2517/2706/1031
f 2965/3282/496 2972/3281/2071 2624/3283/599
f 2624/3283/599 2972/3281/2071 2517/2706/1031
f 2973/3284/2072 2748/2998/1837 1073/2999/1838
f 2748/2998/1837 2973/3284/2072 2974/3285/2073
f 2973/3284/2072 1073/2999/1838 1084/3286/2074
f 2974/3285/2073 2973/3284/2072 2975/3287/2075
f 2975/3287/2075 2973/3284/2072 1084/3286/2074
f 2974/3285/2073 2975/3287/2075 2976/3288/2076
f 2976/3288/2076 2975/3287/2075 2977/3289/2077
f 2977/3289/2077 2975/3287/2075 2978/3290/2078
f 2975/3287/2075 1084/3286/2074 2979/3291/2079
f 2978/3290/2078 2975/3287/2075 2980/3292/2080
f 2980/3292/2080 2975/3287/2075 2979/3291/2079
f 2978/3290/2078 2980/3292/2080 2981/3293/2081
f 2979/3291/2079 1084/3286/2074 1300/3294/1236
f 2981/3293/2081 2980/3292/2080 2982/3295/2082
f 2981/3293/2081 2982/3295/2082 2983/3296/2083
f 2983/3296/2083 2982/3295/2082 2984/3297/2084
f 2984/3297/2084 2982/3295/2082 2823/3298/2085
f 2984/3297/2084 2823/3298/2085 2822/3299/2086
f 2982/3295/2082 2980/3292/2080 2985/3300/1257
f 2985/3300/1257 2980/3292/2080 2979/3291/2079
f 2982/3295/2082 2985/3300/1257 2823/3298/2085
f 2985/3300/1257 2979/3291/2079 1300/3294/1236
f 2823/3298/2085 2985/3300/1257 2826/3301/2087
f 2826/3301/2087 2985/3300/1257 1395/2549/2088
f 2826/3301/2087 1395/2549/2088 1394/3302/2089
f 1395/2549/2088 2985/3300/1257 2402/2550/2090
f 2402/2550/2090 2985/3300/1257 1300/3294/1236
f 1301/3303/2091 2829/3304/2091 1300/3294/1236
f 1300/3294/1236 2829/3304/2091 1400/3305/2092
f 1300/3294/1236 1400/3305/2092 2402/2550/2090
f 2402/2550/2090 1400/3305/2092 1399/3306/2093
f 2402/2550/2090 1399/3306/2093 1398/3307/2094
f 2402/2550/2090 1398/3307/2094 1397/2549/2095
f 2986/3308/1644 2558/2749/1645 1607/1693/1644
f 2986/3308/1644 1607/1693/1644 1608/1694/2096
f 2987/3309/1026 2988/3310/1026 2989/3311/1026
f 345/359/1026 343/357/1026 346/3312/1026
f 1723/1830/2097 2389/2535/2097 1720/1827/2097
f 1662/1757/2098 2407/2555/2098 2693/2920/2098
f 2693/2920/2098 2407/2555/2098 2990/3313/2098
f 1984/3314/1751 1985/3315/1751 2778/3033/2014
f 2333/2465/1197 274/1443/2099 276/3316/2100
f 274/1443/2099 2333/2465/1197 1368/1441/2099
f 1571/1656/2101 2991/3317/2102 1580/1665/2103
f 1580/1665/2103 2991/3317/2102 1581/1666/1113
f 1581/1666/1113 2991/3317/2102 2992/3318/74
f 1837/1953/1891 2993/3319/1891 1610/1696/1891
f 1610/1696/1891 2993/3319/1891 1611/3320/1891
f 2371/2509/2104 2399/2545/2104 2369/3321/2105
f 2369/3321/2105 2399/2545/2104 2994/3322/2106
f 2369/3321/2105 2994/3322/2106 1505/3323/1112
f 1505/3323/1112 2994/3322/2106 1504/3324/1112
f 1998/2127/1891 2995/3325/1891 1488/1569/1891
f 1488/1569/1891 2995/3325/1891 1489/3326/1891
f 2555/2746/2107 1109/2820/2108 1113/2889/2044
f 1109/2820/2108 2555/2746/2107 2557/2748/2109
f 375/3327/2110 2996/3328/2110 373/3329/2110
f 373/3329/2110 2996/3328/2110 2997/3330/2110
f 2926/3216/2097 1720/1827/2097 2389/2535/2097
f 766/2844/570 2998/3331/124 2634/2845/2111
f 370/3332/2112 369/3333/2112 2999/3334/2112
f 2999/3334/2112 369/3333/2112 3000/3335/2112
f 3001/3336/796 3002/3337/796 850/3338/796
f 850/3338/796 3002/3337/796 849/3339/796
f 2142/2268/22 3003/3340/22 1485/1565/22
f 1485/1565/22 3003/3340/22 1486/3341/22
f 1095/3342/2113 2537/2726/2114 1301/3088/2115
f 2537/2726/2114 1095/3342/2113 2538/2727/2116
f 2407/2555/1157 2406/2554/1157 2990/3313/1157
f 2990/3313/1157 2406/2554/1157 3004/3343/1157
f 32/3344/2117 40/3345/2118 3005/3346/2117
f 3005/3346/2117 40/3345/2118 3006/3347/2118
f 3006/3347/2118 40/3345/2118 38/3348/1026
f 32/3344/2117 3005/3346/2117 3007/3349/2119
f 32/3344/2117 3007/3349/2119 33/3350/2119
f 3005/3346/2117 3006/3347/2118 3008/3351/2120
f 3007/3349/2119 3005/3346/2117 3009/3352/2119
f 3009/3352/2119 3005/3346/2117 3008/3351/2120
f 3007/3349/2119 3009/3352/2119 3010/3353/77
f 33/3350/2119 3007/3349/2119 3011/3354/77
f 3011/3354/77 3007/3349/2119 3010/3353/77
f 3011/3354/77 3010/3353/77 2924/3212/1887
f 33/3350/2119 3011/3354/77 31/3355/77
f 3011/3354/77 2924/3212/1887 2923/3211/1887
f 3011/3354/77 2923/3211/1887 31/3355/77
f 31/3355/77 2923/3211/1887 30/3209/1887
f 3012/3356/2118 3008/3351/2120 3006/3347/2118
f 3008/3351/2120 3012/3356/2118 3013/3357/475
f 3013/3357/475 3012/3356/2118 3014/3358/2118
f 3012/3356/2118 3006/3347/2118 3015/3359/1026
f 3015/3359/1026 3006/3347/2118 38/3348/1026
f 3015/3359/1026 38/3348/1026 39/39/2121
f 3014/3358/2118 3012/3356/2118 3016/3360/1026
f 3016/3360/1026 3012/3356/2118 3015/3359/1026
f 3014/3358/2118 3016/3360/1026 3017/3361/1026
f 3015/3359/1026 39/39/2121 3018/3362/2121
f 3015/3359/1026 3018/3362/2121 3016/3360/1026
f 3018/3362/2121 39/39/2121 36/36/2122
f 3017/3361/1026 3016/3360/1026 3019/3363/2121
f 3019/3363/2121 3016/3360/1026 3018/3362/2121
f 3017/3361/1026 3019/3363/2121 3020/3364/2121
f 3018/3362/2121 36/36/2122 3021/3365/2122
f 3018/3362/2121 3021/3365/2122 3019/3363/2121
f 3021/3365/2122 36/36/2122 37/37/679
f 3021/3365/2122 37/37/679 1482/3366/679
f 3019/3363/2121 3021/3365/2122 3022/3367/989
f 3019/3363/2121 3022/3367/989 3020/3364/2121
f 3022/3367/989 3021/3365/2122 1482/3366/679
f 3020/3364/2121 3022/3367/989 3023/3368/2123
f 3022/3367/989 1482/3366/679 1481/3369/679
f 1171/1236/751 1144/1208/802 3024/3370/751
f 1171/1236/751 3024/3370/751 1169/1234/746
f 3024/3370/751 1144/1208/802 1332/1398/147
f 1169/1234/746 3024/3370/751 1335/1402/747
f 3024/3370/751 1332/1398/147 3025/3371/62
f 3024/3370/751 3025/3371/62 1335/1402/747
f 3025/3371/62 1332/1398/147 3026/3372/60
f 3025/3371/62 3026/3372/60 1335/1402/747
f 3026/3372/60 1332/1398/147 3027/3373/97
f 3026/3372/60 3027/3373/97 1335/1402/747
f 3027/3373/97 1332/1398/147 2469/2640/1870
f 1335/1402/747 3027/3373/97 1337/1404/2124
f 3027/3373/97 2469/2640/1870 3028/3374/780
f 3027/3373/97 3028/3374/780 1337/1404/2124
f 3028/3374/780 2469/2640/1870 2775/3029/1869
f 1337/1404/2124 3028/3374/780 3029/3375/2125
f 3028/3374/780 2775/3029/1869 3030/3376/71
f 3028/3374/780 3030/3376/71 3029/3375/2125
f 3030/3376/71 2775/3029/1869 3031/3377/77
f 3030/3376/71 3031/3377/77 3029/3375/2125
f 1337/1404/2124 3029/3375/2125 2511/2700/2126
f 3031/3377/77 2775/3029/1869 3032/3378/77
f 3031/3377/77 3032/3378/77 3029/3375/2125
f 3032/3378/77 2775/3029/1869 3033/3379/2127
f 3033/3379/2127 2775/3029/1869 2470/2641/1871
f 3032/3378/77 3033/3379/2127 3034/3380/77
f 3033/3379/2127 2470/2641/1871 2490/2664/2127
f 3032/3378/77 3034/3380/77 3035/3381/2128
f 3032/3378/77 3035/3381/2128 3029/3375/2125
f 3029/3375/2125 3035/3381/2128 2511/2700/2126
f 2490/2664/2127 2470/2641/1871 2491/2665/71
f 2511/2700/2126 3035/3381/2128 2454/2623/2128
f 2491/2665/71 2470/2641/1871 2466/2637/762
f 2511/2700/2126 2454/2623/2128 2453/2622/75
f 2491/2665/71 2466/2637/762 2493/2667/762
f 2511/2700/2126 2453/2622/75 2510/2699/2129
f 2493/2667/762 2466/2637/762 2468/2639/1870
f 2510/2699/2129 2453/2622/75 2451/2620/2129
f 2493/2667/762 2468/2639/1870 2495/2669/772
f 2510/2699/2129 2451/2620/2129 2642/2857/774
f 2642/2857/774 2451/2620/2129 2450/2619/774
f 2642/2857/774 2450/2619/774 1336/2618/2130
f 2495/2669/772 2468/2639/1870 2467/2638/772
f 2495/2669/772 2467/2638/772 2496/2671/97
f 2496/2671/97 2467/2638/772 1165/2642/768
f 2496/2671/97 1165/2642/768 1487/2672/2131
f 747/3382/551 2754/3383/2132 3036/3384/131
f 747/3382/551 3036/3384/131 3037/3385/2133
f 747/3382/551 3037/3385/2133 748/3386/552
f 748/3386/552 3037/3385/2133 772/3387/119
f 3037/3385/2133 3036/3384/131 3038/3388/92
f 772/3387/119 3037/3385/2133 3039/3389/92
f 3039/3389/92 3037/3385/2133 3038/3388/92
f 772/3387/119 3039/3389/92 3040/3390/119
f 772/3387/119 3040/3390/119 769/3391/119
f 769/3391/119 3040/3390/119 768/3392/118
f 3040/3390/119 3039/3389/92 3041/3393/92
f 768/3392/118 3040/3390/119 3042/3394/760
f 3042/3394/760 3040/3390/119 3041/3393/92
f 3041/3393/92 3039/3389/92 3043/3395/92
f 3041/3393/92 3043/3395/92 3042/3394/760
f 3043/3395/92 3039/3389/92 3038/3388/92
f 768/3392/118 3042/3394/760 3044/3396/2134
f 768/3392/118 3044/3396/2134 767/3397/571
f 767/3397/571 3044/3396/2134 766/3398/570
f 766/3398/570 3044/3396/2134 2998/3399/124
f 3044/3396/2134 3042/3394/760 3045/3400/760
f 3045/3400/760 3042/3394/760 3043/3395/92
f 3044/3396/2134 3045/3400/760 2998/3399/124
f 3043/3395/92 3038/3388/92 3046/3401/92
f 3043/3395/92 3046/3401/92 3045/3400/760
f 2294/3402/1748 2295/2427/1748 1182/1247/1747
f 2294/3402/1748 1182/1247/1747 1181/1246/1747
f 3047/3403/2135 1451/1528/2135 3048/3404/2136
f 3048/3404/2136 1451/1528/2135 1449/1526/2137
f 3048/3404/2136 1449/1526/2137 1447/1524/2119
f 3048/3404/2136 1447/1524/2119 3049/3405/2119
f 3049/3405/2119 1447/1524/2119 1446/1523/2138
f 3049/3405/2119 1446/1523/2138 3050/3406/2139
f 3050/3406/2139 1446/1523/2138 1445/1522/2140
f 3050/3406/2139 1445/1522/2140 2632/2842/2141
f 2632/2842/2141 1445/1522/2140 470/510/2142
f 2632/2842/2141 470/510/2142 471/511/2142
f 3051/3407/77 3046/3401/92 3038/3388/92
f 3046/3401/92 3051/3407/77 3045/3400/760
f 3051/3407/77 3038/3388/92 2927/3219/2017
f 2927/3219/2017 3038/3388/92 2390/3221/1552
f 3051/3407/77 2927/3219/2017 3052/3408/92
f 2390/3221/1552 3038/3388/92 3036/3384/131
f 3045/3400/760 3051/3407/77 2777/3409/787
f 2777/3409/787 3051/3407/77 3052/3408/92
f 3052/3408/92 2927/3219/2017 3053/3410/92
f 3052/3408/92 3053/3410/92 2777/3409/787
f 3053/3410/92 2927/3219/2017 49/3218/108
f 3045/3400/760 2777/3409/787 2776/3411/1874
f 2777/3409/787 3053/3410/92 47/3412/77
f 3045/3400/760 2776/3411/1874 2998/3399/124
f 3053/3410/92 49/3218/108 3054/3413/77
f 3053/3410/92 3054/3413/77 47/3412/77
f 3054/3413/77 49/3218/108 48/3414/109
f 3054/3413/77 48/3414/109 47/3412/77
f 2998/3399/124 2776/3411/1874 3055/3415/108
f 2998/3399/124 3055/3415/108 2634/3416/2111
f 2634/3416/2111 3055/3415/108 3056/3417/77
f 2634/3416/2111 3056/3417/77 3057/3418/110
f 3057/3418/110 3056/3417/77 2754/3383/2132
f 3056/3417/77 3055/3415/108 3058/3419/77
f 2754/3383/2132 3056/3417/77 3059/3420/77
f 3059/3420/77 3056/3417/77 3058/3419/77
f 2754/3383/2132 3059/3420/77 3036/3384/131
f 3058/3419/77 3055/3415/108 3060/3421/77
f 3058/3419/77 3060/3421/77 3059/3420/77
f 3060/3421/77 3055/3415/108 2776/3411/1874
f 3036/3384/131 3059/3420/77 2390/3221/1552
f 2390/3221/1552 3059/3420/77 3060/3421/77
f 2390/3221/1552 3060/3421/77 3061/3422/77
f 3061/3422/77 3060/3421/77 2776/3411/1874
f 2390/3221/1552 3061/3422/77 2774/3423/1866
f 2390/3221/1552 2774/3423/1866 1295/3424/1553
f 1295/3424/1553 2774/3423/1866 1189/3425/1868
f 2774/3423/1866 3061/3422/77 3062/3426/77
f 2774/3423/1866 3062/3426/77 3063/3427/77
f 3061/3422/77 2776/3411/1874 2770/3428/1860
f 3063/3427/77 3062/3426/77 2770/3428/1860
f 2770/3428/1860 3062/3426/77 3061/3422/77
f 2770/3428/1860 2776/3411/1874 1296/3429/1873
f 2770/3428/1860 1296/3429/1873 1190/3430/1861
f 843/897/6 844/898/6 2389/2535/6
f 2389/2535/6 844/898/6 3064/3431/6
f 698/752/2143 1184/2629/825 3065/3432/1842
f 698/752/2143 3065/3432/1842 699/753/1843
f 2383/2526/1843 1213/1276/1844 2382/2524/1843
f 2406/2554/1246 2405/2553/952 3004/3343/1246
f 3004/3343/1246 2405/2553/952 3066/3433/952
f 3066/3433/952 2405/2553/952 2404/2552/952
f 3066/3433/952 2404/2552/952 3067/3434/952
f 3050/3406/2144 3068/3435/2145 3049/3405/1840
f 3068/3435/2145 3050/3406/2144 3069/3436/1275
f 3069/3436/1275 3050/3406/2144 2632/2842/467
f 3069/3436/1275 2632/2842/467 2631/2841/1544
f 2383/2526/1843 1183/1248/1844 1213/1276/1844
f 2404/2552/923 2403/2551/923 3067/3434/923
f 3067/3434/923 2403/2551/923 3070/3437/923
f 2396/3015/1554 2762/3017/1496 2397/3438/1254
f 2488/2661/2146 1350/1422/1742 1351/1423/1742
f 2488/2661/2146 1351/1423/1742 2487/2660/2146
f 978/1044/2147 980/1046/2148 3071/3439/2147
f 3071/3439/2147 980/1046/2148 3072/3440/2148
f 3072/3440/2148 980/1046/2148 982/1048/2149
f 3072/3440/2148 982/1048/2149 3073/3441/2149
f 3073/3441/2149 982/1048/2149 3074/3442/2150
f 3074/3442/2150 982/1048/2149 985/1051/2151
f 3074/3442/2150 985/1051/2151 2448/3443/2152
f 2448/3443/2152 985/1051/2151 987/1053/2153
f 2448/3443/2152 987/1053/2153 2446/3444/2154
f 2446/3444/2154 987/1053/2153 2704/2938/2155
f 2446/3444/2154 2704/2938/2155 2706/2940/2156
f 2446/3444/2154 2706/2940/2156 2444/3445/2156
f 2444/3445/2156 2706/2940/2156 2710/2944/2157
f 2444/3445/2156 2710/2944/2157 2442/3446/2157
f 2442/3446/2157 2710/2944/2157 2713/2947/2158
f 2442/3446/2157 2713/2947/2158 2440/3447/2158
f 2440/3447/2158 2713/2947/2158 2716/2950/2159
f 2440/3447/2158 2716/2950/2159 2438/3448/2159
f 2438/3448/2159 2716/2950/2159 2720/2954/2160
f 2438/3448/2159 2720/2954/2160 2436/3449/2160
f 2436/3449/2160 2720/2954/2160 2722/2956/2161
f 2436/3449/2160 2722/2956/2161 2434/3450/2161
f 2434/3450/2161 2722/2956/2161 2432/3451/2162
f 2432/3451/2162 2722/2956/2161 3075/3452/170
f 2432/3451/2162 3075/3452/170 2429/3453/2163
f 2429/3453/2163 3075/3452/170 3076/3454/2163
f 2429/3453/2163 3076/3454/2163 3077/3455/2164
f 3077/3455/2164 3076/3454/2163 3078/3456/2164
f 3077/3455/2164 3078/3456/2164 3079/3457/2165
f 3077/3455/2164 3079/3457/2165 3080/3458/162
f 3080/3458/162 3079/3457/2165 978/3459/2147
f 3080/3458/162 978/3459/2147 3071/3460/2147
f 3070/3437/488 2403/2551/488 3081/3461/488
f 3081/3461/488 2403/2551/488 2458/2627/488
f 1465/1542/2166 1463/1540/2166 2647/2861/2167
f 2647/2861/2167 1463/1540/2166 1461/1538/2168
f 2647/2861/2167 1461/1538/2168 1460/1537/2169
f 2647/2861/2167 1460/1537/2169 2646/2860/1569
f 2646/2860/1569 1460/1537/2169 1458/1535/2170
f 2646/2860/1569 1458/1535/2170 1455/1532/2170
f 1316/1383/2171 1314/3462/2171 1661/1756/2171
f 1661/1756/2171 1314/3462/2171 2791/3463/2171
f 1405/1479/1026 951/1017/1026 1403/1477/1026
f 1403/1477/1026 951/1017/1026 949/1015/1026
f 1403/1477/1026 949/1015/1026 1407/1481/1026
f 1407/1481/1026 949/1015/1026 947/1013/1026
f 1407/1481/1026 947/1013/1026 1409/1483/1026
f 1409/1483/1026 947/1013/1026 948/1014/1026
f 1603/2935/2172 2702/2936/2173 1601/1686/2172
f 1601/1686/2172 2702/2936/2173 1599/1684/2174
f 1599/1684/2174 2702/2936/2173 1598/1683/2175
f 1598/1683/2175 2702/2936/2173 2703/2937/1627
f 1598/1683/2175 2703/2937/1627 1596/1681/2176
f 1596/1681/2176 2703/2937/1627 1590/1675/2176
f 2815/3071/2060 2966/3267/2059 2818/3074/2115
f 2818/3074/2115 2966/3267/2059 2819/3075/2177
f 2819/3075/2177 2966/3267/2059 2967/3270/2061
f 2819/3075/2177 2967/3270/2061 2822/3078/2062
f 1618/1705/2178 1639/1726/1145 3082/3464/2124
f 2992/3318/74 1639/1726/1145 1581/1666/1113
f 1639/1726/1145 2992/3318/74 3082/3464/2124
f 1618/1705/2178 3082/3464/2124 3083/3465/2179
f 1618/1705/2178 3083/3465/2179 1615/1702/2180
f 3082/3464/2124 2992/3318/74 3084/3466/2179
f 3084/3466/2179 2992/3318/74 2991/3317/2102
f 3084/3466/2179 2991/3317/2102 1571/1656/2101
f 1615/1702/2180 3083/3465/2179 3085/3467/2181
f 1615/1702/2180 3085/3467/2181 1614/1701/2182
f 3083/3465/2179 3082/3464/2124 3086/3468/2183
f 3086/3468/2183 3082/3464/2124 3084/3466/2179
f 3085/3467/2181 3083/3465/2179 3087/3469/2184
f 3087/3469/2184 3083/3465/2179 3086/3468/2183
f 1614/1701/2182 3085/3467/2181 3088/3470/2185
f 1614/1701/2182 3088/3470/2185 1616/1703/2186
f 1616/1703/2186 3088/3470/2185 1621/1708/2187
f 1621/1708/2187 3088/3470/2185 2546/3471/1637
f 3088/3470/2185 3085/3467/2181 3089/3472/2184
f 3089/3472/2184 3085/3467/2181 3087/3469/2184
f 2546/3471/1637 3088/3470/2185 3090/3473/2188
f 3090/3473/2188 3088/3470/2185 3089/3472/2184
f 2546/3471/1637 3090/3473/2188 2545/3474/1636
f 3089/3472/2184 3087/3469/2184 3091/3475/2189
f 3089/3472/2184 3091/3475/2189 3090/3473/2188
f 2545/3474/1636 3090/3473/2188 3092/3476/2190
f 3092/3476/2190 3090/3473/2188 3091/3475/2189
f 2545/3474/1636 3092/3476/2190 2547/3477/1638
f 2547/3477/1638 3092/3476/2190 3093/3478/116
f 2547/3477/1638 3093/3478/116 2553/3479/1640
f 3093/3478/116 3092/3476/2190 3091/3475/2189
f 3093/3478/116 3091/3475/2189 3094/3480/116
f 3094/3480/116 3091/3475/2189 3095/3481/116
f 3096/3482/2189 3091/3475/2189 3087/3469/2184
f 3091/3475/2189 3096/3482/2189 3095/3481/116
f 3096/3482/2189 3087/3469/2184 3086/3468/2183
f 3095/3481/116 3096/3482/2189 3097/3483/116
f 3096/3482/2189 3086/3468/2183 3098/3484/2189
f 3096/3482/2189 3098/3484/2189 3097/3483/116
f 3098/3484/2189 3086/3468/2183 3084/3466/2179
f 3097/3483/116 3098/3484/2189 3099/3485/2129
f 3099/3485/2129 3098/3484/2189 3084/3466/2179
f 3097/3483/116 3099/3485/2129 3100/3486/762
f 3099/3485/2129 3084/3466/2179 3101/3487/2191
f 3099/3485/2129 3101/3487/2191 3100/3486/762
f 3101/3487/2191 3084/3466/2179 1571/1656/2101
f 3100/3486/762 3101/3487/2191 3102/3488/780
f 3101/3487/2191 1571/1656/2101 1568/1653/2101
f 3102/3488/780 3101/3487/2191 3103/3489/2192
f 3103/3489/2192 3101/3487/2191 1568/1653/2101
f 3102/3488/780 3103/3489/2192 3104/3490/117
f 3103/3489/2192 1568/1653/2101 1564/1649/2193
f 3104/3490/117 3103/3489/2192 3105/3491/2192
f 3105/3491/2192 3103/3489/2192 1564/1649/2193
f 3104/3490/117 3105/3491/2192 3106/3492/117
f 3105/3491/2192 1564/1649/2193 1560/1645/2194
f 3106/3492/117 3105/3491/2192 3107/3493/2192
f 3107/3493/2192 3105/3491/2192 1560/1645/2194
f 3106/3492/117 3107/3493/2192 3108/3494/117
f 3107/3493/2192 1560/1645/2194 1556/1641/2194
f 3108/3494/117 3107/3493/2192 3109/3495/119
f 3107/3493/2192 1556/1641/2194 3110/3496/2195
f 3107/3493/2192 3110/3496/2195 3109/3495/119
f 3110/3496/2195 1556/1641/2194 1554/1639/2196
f 3109/3495/119 3110/3496/2195 3111/3497/126
f 3111/3497/126 3110/3496/2195 1554/1639/2196
f 3111/3497/126 1554/1639/2196 1239/1302/857
f 3109/3495/119 3111/3497/126 3112/3498/148
f 3111/3497/126 1239/1302/857 1238/3499/127
f 3111/3497/126 1238/3499/127 3112/3498/148
f 3112/3498/148 1238/3499/127 1243/3500/127
f 1320/1386/2171 1318/3501/2171 1675/1735/2171
f 1675/1735/2171 1318/3501/2171 2928/3502/2171
f 1378/1453/1087 2499/2678/2197 2498/2677/2197
f 2499/2678/2197 1378/1453/1087 1379/1454/2198
f 1988/3503/2199 1015/3504/2199 1018/3505/2199
f 2540/2729/227 847/901/227 3002/3337/227
f 3002/3337/227 847/901/227 849/903/227
f 1324/1390/2200 1322/3506/2200 1777/1884/2200
f 1777/1884/2200 1322/3506/2200 2949/3507/2200
f 1437/1514/1082 967/1033/1082 1435/1512/1082
f 1435/1512/1082 967/1033/1082 965/1031/1082
f 1435/1512/1082 965/1031/1082 1439/1516/1082
f 1439/1516/1082 965/1031/1082 963/1029/1082
f 1439/1516/1082 963/1029/1082 1410/1484/1082
f 1410/1484/1082 963/1029/1082 964/1030/1082
f 2527/2716/227 2529/2718/227 2714/2948/227
f 2714/2948/227 2529/2718/227 2717/2951/227
f 2527/2716/227 2714/2948/227 2711/2945/227
f 2717/2951/227 2529/2718/227 2531/2720/227
f 2527/2716/227 2711/2945/227 2525/2714/227
f 2717/2951/227 2531/2720/227 2719/2953/227
f 2525/2714/227 2711/2945/227 2708/2942/227
f 2719/2953/227 2531/2720/227 3113/3508/227
f 2525/2714/227 2708/2942/227 2523/2712/227
f 3113/3508/227 2531/2720/227 3114/3509/227
f 2523/2712/227 2708/2942/227 2707/2941/227
f 3113/3508/227 3114/3509/227 3115/3510/227
f 2523/2712/227 2707/2941/227 2521/2710/227
f 3115/3510/227 3114/3509/227 3116/3511/227
f 2521/2710/227 2707/2941/227 990/1056/227
f 3115/3510/227 3116/3511/227 3117/3512/227
f 2521/2710/227 990/1056/227 2519/2708/227
f 3117/3512/227 3116/3511/227 3118/3513/227
f 2519/2708/227 990/1056/227 929/995/227
f 3117/3512/227 3118/3513/227 3119/3514/227
f 929/995/227 990/1056/227 988/1054/227
f 3117/3512/227 3119/3514/227 3120/3515/227
f 3120/3515/227 3119/3514/227 922/3516/227
f 3120/3515/227 922/3516/227 974/3517/227
f 929/995/227 988/1054/227 927/993/227
f 927/993/227 988/1054/227 984/1050/227
f 927/993/227 984/1050/227 925/991/227
f 925/991/227 984/1050/227 979/1045/227
f 925/991/227 979/1045/227 975/1041/227
f 925/991/227 975/1041/227 923/989/227
f 923/989/227 975/1041/227 974/1040/227
f 923/989/227 974/1040/227 922/988/227
f 3121/3518/2201 1608/1694/2096 3122/3519/2202
f 1608/1694/2096 3121/3518/2201 2986/3308/1644
f 1328/1394/2200 1326/3520/2200 1837/1953/2200
f 1837/1953/2200 1326/3520/2200 2993/3521/2200
f 3123/3522/227 3124/3523/227 3125/3524/227
f 3123/3522/227 3125/3524/227 3126/3525/227
f 3123/3522/227 3126/3525/227 3127/3526/227
f 3126/3525/227 3125/3524/227 3128/3527/227
f 3123/3522/227 3127/3526/227 3129/3528/227
f 3128/3527/227 3125/3524/227 3130/3529/227
f 3130/3529/227 3125/3524/227 3124/3523/227
f 3128/3527/227 3130/3529/227 2430/2598/227
f 3123/3522/227 3129/3528/227 3131/3530/227
f 3123/3522/227 3131/3530/227 3124/3523/227
f 3131/3530/227 3129/3528/227 3132/3531/227
f 2430/2598/227 3130/3529/227 3133/3532/227
f 3133/3532/227 3130/3529/227 3124/3523/227
f 2430/2598/227 3133/3532/227 2431/2599/227
f 2431/2599/227 3133/3532/227 3134/3533/227
f 3134/3533/227 3133/3532/227 3124/3523/227
f 2431/2599/227 3134/3533/227 3135/3534/227
f 3135/3534/227 3134/3533/227 3124/3523/227
f 2431/2599/227 3135/3534/227 2433/2601/227
f 3136/3535/227 3131/3530/227 3132/3531/227
f 3131/3530/227 3136/3535/227 3124/3523/227
f 3136/3535/227 3132/3531/227 3137/3536/227
f 2433/2601/227 3135/3534/227 3138/3537/227
f 3138/3537/227 3135/3534/227 3124/3523/227
f 2433/2601/227 3138/3537/227 2435/2603/227
f 3136/3535/227 3137/3536/227 3139/3538/227
f 3136/3535/227 3139/3538/227 3124/3523/227
f 3139/3538/227 3137/3536/227 2447/2615/227
f 2435/2603/227 3138/3537/227 3140/3539/227
f 3140/3539/227 3138/3537/227 3124/3523/227
f 2435/2603/227 3140/3539/227 2437/2605/227
f 3139/3538/227 2447/2615/227 3141/3540/227
f 3139/3538/227 3141/3540/227 3124/3523/227
f 3141/3540/227 2447/2615/227 3142/3541/227
f 3141/3540/227 3142/3541/227 3124/3523/227
f 3142/3541/227 2447/2615/227 2445/2613/227
f 2437/2605/227 3140/3539/227 3143/3542/227
f 3143/3542/227 3140/3539/227 3124/3523/227
f 2437/2605/227 3143/3542/227 2439/2607/227
f 2439/2607/227 3143/3542/227 2441/2609/227
f 3142/3541/227 2445/2613/227 3144/3543/227
f 3142/3541/227 3144/3543/227 3124/3523/227
f 3144/3543/227 2445/2613/227 2443/2611/227
f 2441/2609/227 3143/3542/227 3145/3544/227
f 3145/3544/227 3143/3542/227 3124/3523/227
f 2441/2609/227 3145/3544/227 2443/2611/227
f 3145/3544/227 3124/3523/227 3144/3543/227
f 3145/3544/227 3144/3543/227 2443/2611/227
f 1643/3545/227 1642/3546/227 2368/3547/227
f 2368/3547/227 1642/3546/227 2367/3548/227
f 2367/3548/227 1642/3546/227 2541/2730/227
f 2541/2730/227 1642/3546/227 851/3549/227
f 2541/2730/227 851/3549/227 848/2732/227
f 2367/3548/227 2541/2730/227 3001/3336/227
f 2367/3548/227 3001/3336/227 852/3550/227
f 852/3550/227 3001/3336/227 850/3338/227
f 1312/1379/2200 1310/3551/2200 1998/2127/2200
f 1998/2127/2200 1310/3551/2200 2995/3552/2200
f 875/3553/2203 2459/3554/2203 871/3555/2203
f 2489/2662/2204 3146/3556/2204 2458/2627/2204
f 3081/3461/2204 2458/2627/2204 3146/3556/2204
f 1306/1373/1589 1305/3557/1589 2142/2268/1589
f 2142/2268/1589 1305/3557/1589 3003/3558/1589
f 123/3559/752 3147/3560/2205 3148/3561/2206
f 123/3559/752 3148/3561/2206 121/122/2207
f 121/122/2207 3148/3561/2206 2534/2723/2208
f 2534/2723/2208 3148/3561/2206 3149/3562/2209
f 3149/3562/2209 3148/3561/2206 3147/3560/2205
f 2534/2723/2208 3149/3562/2209 1014/1081/787
f 1014/1081/787 3149/3562/2209 3147/3560/2205
f 1014/1081/787 3147/3560/2205 1018/3505/2210
f 3150/3563/1872 3147/3560/2205 123/3559/752
f 3147/3560/2205 3150/3563/1872 1018/3505/2210
f 3150/3563/1872 123/3559/752 1987/3564/2211
f 1018/3505/2210 3150/3563/1872 1988/3503/2212
f 1988/3503/2212 3150/3563/1872 1987/3564/2211
f 2459/3554/2213 2460/3565/2214 2761/3566/2215
f 2459/3554/2213 2761/3566/2215 871/3555/1868
f 871/3555/1868 2761/3566/2215 872/925/2216
f 872/925/2216 2761/3566/2215 2563/2757/2216
f 2930/3225/2019 3151/3567/2217 1375/1450/1865
f 2755/3009/2217 1375/1450/1865 3151/3567/2217
f 121/122/1769 2533/2722/1539 122/123/2218
f 2533/2722/1539 121/122/1769 2534/2723/1539
f 2839/3099/1947 2538/2727/1944 3152/3568/2219
f 3152/3568/2219 2538/2727/1944 1095/3342/2220
f 3152/3568/2219 1095/3342/2220 1097/3569/2221
f 2839/3099/1947 3152/3568/2219 1099/3103/1729
f 1099/3103/1729 3152/3568/2219 1097/3569/2221
f 2842/3102/1952 1099/3103/1729 2618/3570/1728
f 2842/3102/1952 2618/3570/1728 2841/3101/1951
f 2620/3571/21 2618/3570/1728 2619/3572/1730
f 2618/3570/1728 2620/3571/21 3153/3573/2222
f 2618/3570/1728 3153/3573/2222 2841/3101/1951
f 3153/3573/2222 2620/3571/21 206/3574/623
f 3153/3573/2222 206/3574/623 207/3575/2223
f 3153/3573/2222 207/3575/2223 2841/3101/1951
f 2841/3101/1951 207/3575/2223 209/241/1950
f 1937/2051/1273 3154/3576/2224 1938/2052/1268
f 1938/2052/1268 3154/3576/2224 3155/3577/2225
f 1938/2052/1268 3155/3577/2225 1943/2057/797
f 3155/3577/2225 3154/3576/2224 3156/3578/2226
f 3156/3578/2226 3154/3576/2224 3157/3579/2227
f 1943/2057/797 3155/3577/2225 3158/3580/2228
f 1943/2057/797 3158/3580/2228 1944/2058/1271
f 3155/3577/2225 3156/3578/2226 3159/3581/10
f 3155/3577/2225 3159/3581/10 3158/3580/2228
f 3156/3578/2226 3157/3579/2227 3160/3582/2229
f 3160/3582/2229 3157/3579/2227 3161/3583/2230
f 3159/3581/10 3156/3578/2226 3162/3584/2231
f 3162/3584/2231 3156/3578/2226 3160/3582/2229
f 3158/3580/2228 3159/3581/10 3163/3585/2232
f 3159/3581/10 3162/3584/2231 3164/3586/2233
f 3159/3581/10 3164/3586/2233 3163/3585/2232
f 3158/3580/2228 3163/3585/2232 3165/3587/2234
f 3158/3580/2228 3165/3587/2234 1944/2058/1271
f 1944/2058/1271 3165/3587/2234 3166/3588/141
f 1944/2058/1271 3166/3588/141 1947/2061/793
f 3166/3588/141 3165/3587/2234 3167/3589/141
f 3167/3589/141 3165/3587/2234 3163/3585/2232
f 3167/3589/141 3163/3585/2232 3168/3590/835
f 3168/3590/835 3163/3585/2232 3164/3586/2233
f 3168/3590/835 3164/3586/2233 3169/3591/2235
f 3169/3591/2235 3164/3586/2233 3170/3592/2236
f 3170/3592/2236 3164/3586/2233 3162/3584/2231
f 3169/3591/2235 3170/3592/2236 3171/3593/2237
f 3169/3591/2235 3171/3593/2237 3172/3594/2238
f 3172/3594/2238 3171/3593/2237 3173/3595/1289
f 3171/3593/2237 3170/3592/2236 3174/3596/1015
f 3171/3593/2237 3174/3596/1015 3173/3595/1289
f 3170/3592/2236 3162/3584/2231 3175/3597/2239
f 3170/3592/2236 3175/3597/2239 3174/3596/1015
f 3175/3597/2239 3162/3584/2231 3160/3582/2229
f 3173/3595/1289 3174/3596/1015 3176/3598/2240
f 3173/3595/1289 3176/3598/2240 3177/3599/2241
f 3177/3599/2241 3176/3598/2240 3178/3600/2242
f 3176/3598/2240 3174/3596/1015 3179/3601/2243
f 3176/3598/2240 3179/3601/2243 3178/3600/2242
f 3179/3601/2243 3174/3596/1015 3175/3597/2239
f 3179/3601/2243 3175/3597/2239 3160/3582/2229
f 3178/3600/2242 3179/3601/2243 3161/3583/2230
f 3161/3583/2230 3179/3601/2243 3160/3582/2229
f 1948/2062/1273 3180/3602/2224 1949/2063/1268
f 1949/2063/1268 3180/3602/2224 3181/3603/2225
f 1949/2063/1268 3181/3603/2225 1954/2068/1274
f 3181/3603/2225 3180/3602/2224 3182/3604/2226
f 3182/3604/2226 3180/3602/2224 3183/3605/2227
f 1954/2068/1274 3181/3603/2225 3184/3606/2228
f 1954/2068/1274 3184/3606/2228 1955/2069/1271
f 3181/3603/2225 3182/3604/2226 3185/3607/10
f 3181/3603/2225 3185/3607/10 3184/3606/2228
f 3182/3604/2226 3183/3605/2227 3186/3608/2229
f 3186/3608/2229 3183/3605/2227 3187/3609/2230
f 3185/3607/10 3182/3604/2226 3188/3610/2231
f 3188/3610/2231 3182/3604/2226 3186/3608/2229
f 3184/3606/2228 3185/3607/10 3189/3611/2232
f 3185/3607/10 3188/3610/2231 3190/3612/2233
f 3185/3607/10 3190/3612/2233 3189/3611/2232
f 3184/3606/2228 3189/3611/2232 3191/3613/2234
f 3184/3606/2228 3191/3613/2234 1955/2069/1271
f 1955/2069/1271 3191/3613/2234 3192/3614/141
f 1955/2069/1271 3192/3614/141 1958/2072/793
f 3192/3614/141 3191/3613/2234 3193/3615/141
f 3193/3615/141 3191/3613/2234 3189/3611/2232
f 3193/3615/141 3189/3611/2232 3194/3616/835
f 3194/3616/835 3189/3611/2232 3190/3612/2233
f 3194/3616/835 3190/3612/2233 3195/3617/2235
f 3195/3617/2235 3190/3612/2233 3196/3618/2236
f 3196/3618/2236 3190/3612/2233 3188/3610/2231
f 3195/3617/2235 3196/3618/2236 3197/3619/2244
f 3195/3617/2235 3197/3619/2244 3198/3620/2238
f 3198/3620/2238 3197/3619/2244 3199/3621/1289
f 3197/3619/2244 3196/3618/2236 3200/3622/1015
f 3197/3619/2244 3200/3622/1015 3199/3621/1289
f 3196/3618/2236 3188/3610/2231 3201/3623/2245
f 3196/3618/2236 3201/3623/2245 3200/3622/1015
f 3201/3623/2245 3188/3610/2231 3186/3608/2229
f 3199/3621/1289 3200/3622/1015 3202/3624/2240
f 3199/3621/1289 3202/3624/2240 3203/3625/2241
f 3203/3625/2241 3202/3624/2240 3204/3626/2242
f 3202/3624/2240 3200/3622/1015 3205/3627/2243
f 3202/3624/2240 3205/3627/2243 3204/3626/2242
f 3205/3627/2243 3200/3622/1015 3201/3623/2245
f 3205/3627/2243 3201/3623/2245 3186/3608/2229
f 3204/3626/2242 3205/3627/2243 3187/3609/2230
f 3187/3609/2230 3205/3627/2243 3186/3608/2229
f 1959/2073/1273 3206/3628/2224 1960/2074/1268
f 1960/2074/1268 3206/3628/2224 3207/3629/2225
f 1960/2074/1268 3207/3629/2225 1965/2079/1274
f 3207/3629/2225 3206/3628/2224 3208/3630/2226
f 3208/3630/2226 3206/3628/2224 3209/3631/2227
f 1965/2079/1274 3207/3629/2225 3210/3632/2228
f 1965/2079/1274 3210/3632/2228 1966/2080/1271
f 3207/3629/2225 3208/3630/2226 3211/3633/10
f 3207/3629/2225 3211/3633/10 3210/3632/2228
f 3208/3630/2226 3209/3631/2227 3212/3634/2229
f 3212/3634/2229 3209/3631/2227 3213/3635/2230
f 3211/3633/10 3208/3630/2226 3214/3636/2231
f 3214/3636/2231 3208/3630/2226 3212/3634/2229
f 3210/3632/2228 3211/3633/10 3215/3637/94
f 3211/3633/10 3214/3636/2231 3216/3638/2233
f 3211/3633/10 3216/3638/2233 3215/3637/94
f 3210/3632/2228 3215/3637/94 3217/3639/2234
f 3210/3632/2228 3217/3639/2234 1966/2080/1271
f 1966/2080/1271 3217/3639/2234 3218/3640/141
f 1966/2080/1271 3218/3640/141 1969/2083/1276
f 3218/3640/141 3217/3639/2234 3219/3641/140
f 3219/3641/140 3217/3639/2234 3215/3637/94
f 3219/3641/140 3215/3637/94 3220/3642/835
f 3220/3642/835 3215/3637/94 3216/3638/2233
f 3220/3642/835 3216/3638/2233 3221/3643/2246
f 3221/3643/2246 3216/3638/2233 3222/3644/2236
f 3222/3644/2236 3216/3638/2233 3214/3636/2231
f 3221/3643/2246 3222/3644/2236 3223/3645/2244
f 3221/3643/2246 3223/3645/2244 3224/3646/2238
f 3224/3646/2238 3223/3645/2244 3225/3647/1289
f 3223/3645/2244 3222/3644/2236 3226/3648/1015
f 3223/3645/2244 3226/3648/1015 3225/3647/1289
f 3222/3644/2236 3214/3636/2231 3227/3649/2245
f 3222/3644/2236 3227/3649/2245 3226/3648/1015
f 3227/3649/2245 3214/3636/2231 3212/3634/2229
f 3225/3647/1289 3226/3648/1015 3228/3650/2240
f 3225/3647/1289 3228/3650/2240 3229/3651/2241
f 3229/3651/2241 3228/3650/2240 3230/3652/2242
f 3228/3650/2240 3226/3648/1015 3231/3653/2243
f 3228/3650/2240 3231/3653/2243 3230/3652/2242
f 3231/3653/2243 3226/3648/1015 3227/3649/2245
f 3231/3653/2243 3227/3649/2245 3212/3634/2229
f 3230/3652/2242 3231/3653/2243 3213/3635/2230
f 3213/3635/2230 3231/3653/2243 3212/3634/2229
f 3232/3654/2247 3233/3655/2235 3234/3656/2248
f 3232/3654/2247 3234/3656/2248 3235/3657/1289
f 3234/3656/2248 3233/3655/2235 3236/3658/2249
f 3235/3657/1289 3234/3656/2248 3237/3659/1017
f 3237/3659/1017 3234/3656/2248 3236/3658/2249
f 3235/3657/1289 3237/3659/1017 3238/3660/2250
f 3235/3657/1289 3238/3660/2250 3239/3661/2241
f 3239/3661/2241 3238/3660/2250 3240/3662/2251
f 3240/3662/2251 3238/3660/2250 3241/3663/2252
f 3241/3663/2252 3238/3660/2250 3237/3659/1017
f 3240/3662/2251 3241/3663/2252 3242/3664/2230
f 3237/3659/1017 3236/3658/2249 3243/3665/2239
f 3237/3659/1017 3243/3665/2239 3241/3663/2252
f 3242/3664/2230 3241/3663/2252 3244/3666/2229
f 3244/3666/2229 3241/3663/2252 3243/3665/2239
f 3242/3664/2230 3244/3666/2229 3245/3667/2227
f 3243/3665/2239 3236/3658/2249 3246/3668/2231
f 3243/3665/2239 3246/3668/2231 3244/3666/2229
f 3247/3669/2233 3236/3658/2249 3233/3655/2235
f 3236/3658/2249 3247/3669/2233 3246/3668/2231
f 3247/3669/2233 3233/3655/2235 3248/3670/835
f 3245/3667/2227 3244/3666/2229 3249/3671/2226
f 3249/3671/2226 3244/3666/2229 3246/3668/2231
f 3245/3667/2227 3249/3671/2226 3250/3672/2224
f 3246/3668/2231 3247/3669/2233 3251/3673/10
f 3246/3668/2231 3251/3673/10 3249/3671/2226
f 3247/3669/2233 3248/3670/835 3252/3674/2232
f 3247/3669/2233 3252/3674/2232 3251/3673/10
f 3252/3674/2232 3248/3670/835 3253/3675/141
f 3250/3672/2224 3249/3671/2226 3254/3676/2225
f 3254/3676/2225 3249/3671/2226 3251/3673/10
f 3250/3672/2224 3254/3676/2225 1867/1983/798
f 3250/3672/2224 1867/1983/798 1870/1986/1253
f 1867/1983/798 3254/3676/2225 1866/1982/797
f 3254/3676/2225 3251/3673/10 3255/3677/2228
f 3254/3676/2225 3255/3677/2228 1866/1982/797
f 3255/3677/2228 3251/3673/10 3252/3674/2232
f 1866/1982/797 3255/3677/2228 1860/1976/795
f 3255/3677/2228 3252/3674/2232 3256/3678/2234
f 3256/3678/2234 3252/3674/2232 3253/3675/141
f 3255/3677/2228 3256/3678/2234 1860/1976/795
f 3256/3678/2234 3253/3675/141 3257/3679/141
f 3256/3678/2234 3257/3679/141 1860/1976/795
f 1860/1976/795 3257/3679/141 1861/1977/793
f 1838/1954/1253 3258/3680/2224 1839/1955/798
f 1839/1955/798 3258/3680/2224 3259/3681/2225
f 1839/1955/798 3259/3681/2225 1844/1960/797
f 3259/3681/2225 3258/3680/2224 3260/3682/2226
f 3260/3682/2226 3258/3680/2224 3261/3683/2227
f 1844/1960/797 3259/3681/2225 3262/3684/2228
f 1844/1960/797 3262/3684/2228 1845/1961/795
f 3259/3681/2225 3260/3682/2226 3263/3685/10
f 3259/3681/2225 3263/3685/10 3262/3684/2228
f 3260/3682/2226 3261/3683/2227 3264/3686/2229
f 3264/3686/2229 3261/3683/2227 3265/3687/2230
f 3263/3685/10 3260/3682/2226 3266/3688/2231
f 3266/3688/2231 3260/3682/2226 3264/3686/2229
f 3262/3684/2228 3263/3685/10 3267/3689/2232
f 3263/3685/10 3266/3688/2231 3268/3690/2233
f 3263/3685/10 3268/3690/2233 3267/3689/2232
f 3262/3684/2228 3267/3689/2232 3269/3691/2234
f 3262/3684/2228 3269/3691/2234 1845/1961/795
f 1845/1961/795 3269/3691/2234 3270/3692/141
f 1845/1961/795 3270/3692/141 1848/1964/1260
f 3270/3692/141 3269/3691/2234 3271/3693/141
f 3271/3693/141 3269/3691/2234 3267/3689/2232
f 3271/3693/141 3267/3689/2232 3272/3694/835
f 3272/3694/835 3267/3689/2232 3268/3690/2233
f 3272/3694/835 3268/3690/2233 3273/3695/2253
f 3273/3695/2253 3268/3690/2233 3274/3696/2249
f 3274/3696/2249 3268/3690/2233 3266/3688/2231
f 3273/3695/2253 3274/3696/2249 3275/3697/2254
f 3273/3695/2253 3275/3697/2254 3276/3698/2247
f 3276/3698/2247 3275/3697/2254 3277/3699/1289
f 3275/3697/2254 3274/3696/2249 3278/3700/1470
f 3275/3697/2254 3278/3700/1470 3277/3699/1289
f 3274/3696/2249 3266/3688/2231 3279/3701/2239
f 3274/3696/2249 3279/3701/2239 3278/3700/1470
f 3279/3701/2239 3266/3688/2231 3264/3686/2229
f 3277/3699/1289 3278/3700/1470 3280/3702/2255
f 3277/3699/1289 3280/3702/2255 3281/3703/2256
f 3281/3703/2256 3280/3702/2255 3282/3704/2251
f 3280/3702/2255 3278/3700/1470 3283/3705/2252
f 3280/3702/2255 3283/3705/2252 3282/3704/2251
f 3283/3705/2252 3278/3700/1470 3279/3701/2239
f 3283/3705/2252 3279/3701/2239 3264/3686/2229
f 3282/3704/2251 3283/3705/2252 3265/3687/2230
f 3265/3687/2230 3283/3705/2252 3264/3686/2229
f 2391/2537/1253 3284/3706/2224 1119/1183/798
f 1119/1183/798 3284/3706/2224 3285/3707/2225
f 1119/1183/798 3285/3707/2225 1118/1182/797
f 3285/3707/2225 3284/3706/2224 3286/3708/2226
f 3286/3708/2226 3284/3706/2224 3287/3709/2227
f 1118/1182/797 3285/3707/2225 3288/3710/2228
f 1118/1182/797 3288/3710/2228 1116/1181/795
f 3285/3707/2225 3286/3708/2226 3289/3711/10
f 3285/3707/2225 3289/3711/10 3288/3710/2228
f 3286/3708/2226 3287/3709/2227 3290/3712/2229
f 3290/3712/2229 3287/3709/2227 3291/3713/2230
f 3289/3711/10 3286/3708/2226 3292/3714/2231
f 3292/3714/2231 3286/3708/2226 3290/3712/2229
f 3288/3710/2228 3289/3711/10 3293/3715/2232
f 3289/3711/10 3292/3714/2231 3294/3716/2233
f 3289/3711/10 3294/3716/2233 3293/3715/2232
f 3288/3710/2228 3293/3715/2232 3295/3717/2234
f 3288/3710/2228 3295/3717/2234 1116/1181/795
f 1116/1181/795 3295/3717/2234 3296/3718/141
f 1116/1181/795 3296/3718/141 1114/1179/793
f 3296/3718/141 3295/3717/2234 3297/3719/141
f 3297/3719/141 3295/3717/2234 3293/3715/2232
f 3297/3719/141 3293/3715/2232 3298/3720/835
f 3298/3720/835 3293/3715/2232 3294/3716/2233
f 3298/3720/835 3294/3716/2233 3299/3721/2235
f 3299/3721/2235 3294/3716/2233 3300/3722/2249
f 3300/3722/2249 3294/3716/2233 3292/3714/2231
f 3299/3721/2235 3300/3722/2249 3301/3723/2248
f 3299/3721/2235 3301/3723/2248 3302/3724/2247
f 3302/3724/2247 3301/3723/2248 3303/3725/1289
f 3301/3723/2248 3300/3722/2249 3304/3726/1383
f 3301/3723/2248 3304/3726/1383 3303/3725/1289
f 3300/3722/2249 3292/3714/2231 3305/3726/2239
f 3300/3722/2249 3305/3726/2239 3304/3726/1383
f 3305/3726/2239 3292/3714/2231 3290/3712/2229
f 3303/3725/1289 3304/3726/1383 3306/3727/2255
f 3303/3725/1289 3306/3727/2255 3307/3728/2256
f 3307/3728/2256 3306/3727/2255 3308/3729/2251
f 3306/3727/2255 3304/3726/1383 3309/3730/2252
f 3306/3727/2255 3309/3730/2252 3308/3729/2251
f 3309/3730/2252 3304/3726/1383 3305/3726/2239
f 3309/3730/2252 3305/3726/2239 3290/3712/2229
f 3308/3729/2251 3309/3730/2252 3291/3713/2230
f 3291/3713/2230 3309/3730/2252 3290/3712/2229
f 1871/1987/1253 3310/3731/2224 1872/1988/798
f 1872/1988/798 3310/3731/2224 3311/3732/2225
f 1872/1988/798 3311/3732/2225 1877/1993/797
f 3311/3732/2225 3310/3731/2224 3312/3733/2226
f 3312/3733/2226 3310/3731/2224 3313/3734/2227
f 1877/1993/797 3311/3732/2225 3314/3735/2228
f 1877/1993/797 3314/3735/2228 1878/1994/795
f 3311/3732/2225 3312/3733/2226 3315/3736/10
f 3311/3732/2225 3315/3736/10 3314/3735/2228
f 3312/3733/2226 3313/3734/2227 3316/3737/2229
f 3316/3737/2229 3313/3734/2227 3317/3738/2230
f 3315/3736/10 3312/3733/2226 3318/3739/2231
f 3318/3739/2231 3312/3733/2226 3316/3737/2229
f 3314/3735/2228 3315/3736/10 3319/3740/2232
f 3315/3736/10 3318/3739/2231 3320/3741/2233
f 3315/3736/10 3320/3741/2233 3319/3740/2232
f 3314/3735/2228 3319/3740/2232 3321/3742/2234
f 3314/3735/2228 3321/3742/2234 1878/1994/795
f 1878/1994/795 3321/3742/2234 3322/3743/141
f 1878/1994/795 3322/3743/141 1881/1997/793
f 3322/3743/141 3321/3742/2234 3323/3744/141
f 3323/3744/141 3321/3742/2234 3319/3740/2232
f 3323/3744/141 3319/3740/2232 3324/3745/835
f 3324/3745/835 3319/3740/2232 3320/3741/2233
f 3324/3745/835 3320/3741/2233 3325/3746/2235
f 3325/3746/2235 3320/3741/2233 3326/3747/2249
f 3326/3747/2249 3320/3741/2233 3318/3739/2231
f 3325/3746/2235 3326/3747/2249 3327/3748/2248
f 3325/3746/2235 3327/3748/2248 3328/3749/2247
f 3328/3749/2247 3327/3748/2248 3329/3750/1289
f 3327/3748/2248 3326/3747/2249 3330/3751/1383
f 3327/3748/2248 3330/3751/1383 3329/3750/1289
f 3326/3747/2249 3318/3739/2231 3331/3752/2239
f 3326/3747/2249 3331/3752/2239 3330/3751/1383
f 3331/3752/2239 3318/3739/2231 3316/3737/2229
f 3329/3750/1289 3330/3751/1383 3332/3753/2255
f 3329/3750/1289 3332/3753/2255 3333/3754/2256
f 3333/3754/2256 3332/3753/2255 3334/3755/2251
f 3332/3753/2255 3330/3751/1383 3335/3756/2252
f 3332/3753/2255 3335/3756/2252 3334/3755/2251
f 3335/3756/2252 3330/3751/1383 3331/3752/2239
f 3335/3756/2252 3331/3752/2239 3316/3737/2229
f 3334/3755/2251 3335/3756/2252 3317/3738/2230
f 3317/3738/2230 3335/3756/2252 3316/3737/2229
f 1882/1998/1253 3336/3757/2224 1883/1999/798
f 1883/1999/798 3336/3757/2224 3337/3758/2225
f 1883/1999/798 3337/3758/2225 1888/2004/797
f 3337/3758/2225 3336/3757/2224 3338/3759/2226
f 3338/3759/2226 3336/3757/2224 3339/3760/2227
f 1888/2004/797 3337/3758/2225 3340/3761/2228
f 1888/2004/797 3340/3761/2228 1889/2005/795
f 3337/3758/2225 3338/3759/2226 3341/3762/10
f 3337/3758/2225 3341/3762/10 3340/3761/2228
f 3338/3759/2226 3339/3760/2227 3342/3763/2229
f 3342/3763/2229 3339/3760/2227 3343/3764/2230
f 3341/3762/10 3338/3759/2226 3344/3765/2231
f 3344/3765/2231 3338/3759/2226 3342/3763/2229
f 3340/3761/2228 3341/3762/10 3345/3766/2232
f 3341/3762/10 3344/3765/2231 3346/3767/2233
f 3341/3762/10 3346/3767/2233 3345/3766/2232
f 3340/3761/2228 3345/3766/2232 3347/3768/2234
f 3340/3761/2228 3347/3768/2234 1889/2005/795
f 1889/2005/795 3347/3768/2234 3348/3769/141
f 1889/2005/795 3348/3769/141 1892/2008/793
f 3348/3769/141 3347/3768/2234 3349/3770/141
f 3349/3770/141 3347/3768/2234 3345/3766/2232
f 3349/3770/141 3345/3766/2232 3350/3771/835
f 3350/3771/835 3345/3766/2232 3346/3767/2233
f 3350/3771/835 3346/3767/2233 3351/3772/2235
f 3351/3772/2235 3346/3767/2233 3352/3773/2249
f 3352/3773/2249 3346/3767/2233 3344/3765/2231
f 3351/3772/2235 3352/3773/2249 3353/3774/2248
f 3351/3772/2235 3353/3774/2248 3354/3775/2247
f 3354/3775/2247 3353/3774/2248 3355/3776/1289
f 3353/3774/2248 3352/3773/2249 3356/3777/1383
f 3353/3774/2248 3356/3777/1383 3355/3776/1289
f 3352/3773/2249 3344/3765/2231 3357/3777/2239
f 3352/3773/2249 3357/3777/2239 3356/3777/1383
f 3357/3777/2239 3344/3765/2231 3342/3763/2229
f 3355/3776/1289 3356/3777/1383 3358/3778/2250
f 3355/3776/1289 3358/3778/2250 3359/3779/2256
f 3359/3779/2256 3358/3778/2250 3360/3780/2251
f 3358/3778/2250 3356/3777/1383 3361/3781/2252
f 3358/3778/2250 3361/3781/2252 3360/3780/2251
f 3361/3781/2252 3356/3777/1383 3357/3777/2239
f 3361/3781/2252 3357/3777/2239 3342/3763/2229
f 3360/3780/2251 3361/3781/2252 3343/3764/2230
f 3343/3764/2230 3361/3781/2252 3342/3763/2229
f 1893/2009/1253 3362/3782/2224 1894/2010/798
f 1894/2010/798 3362/3782/2224 3363/3783/2225
f 1894/2010/798 3363/3783/2225 1899/2014/797
f 3363/3783/2225 3362/3782/2224 3364/3784/2226
f 3364/3784/2226 3362/3782/2224 3365/3785/2227
f 1899/2014/797 3363/3783/2225 3366/3786/2228
f 1899/2014/797 3366/3786/2228 1900/2015/795
f 3363/3783/2225 3364/3784/2226 3367/3787/10
f 3363/3783/2225 3367/3787/10 3366/3786/2228
f 3364/3784/2226 3365/3785/2227 3368/3788/2229
f 3368/3788/2229 3365/3785/2227 3369/3789/2230
f 3367/3787/10 3364/3784/2226 3370/3790/2231
f 3370/3790/2231 3364/3784/2226 3368/3788/2229
f 3366/3786/2228 3367/3787/10 3371/3791/2232
f 3367/3787/10 3370/3790/2231 3372/3792/2233
f 3367/3787/10 3372/3792/2233 3371/3791/2232
f 3366/3786/2228 3371/3791/2232 3373/3793/2234
f 3366/3786/2228 3373/3793/2234 1900/2015/795
f 1900/2015/795 3373/3793/2234 3374/3794/141
f 1900/2015/795 3374/3794/141 1903/2018/793
f 3374/3794/141 3373/3793/2234 3375/3795/141
f 3375/3795/141 3373/3793/2234 3371/3791/2232
f 3375/3795/141 3371/3791/2232 3376/3796/835
f 3376/3796/835 3371/3791/2232 3372/3792/2233
f 3376/3796/835 3372/3792/2233 3377/3797/2235
f 3377/3797/2235 3372/3792/2233 3378/3798/2249
f 3378/3798/2249 3372/3792/2233 3370/3790/2231
f 3377/3797/2235 3378/3798/2249 3379/3799/2248
f 3377/3797/2235 3379/3799/2248 3380/3800/2247
f 3380/3800/2247 3379/3799/2248 3381/3801/1289
f 3379/3799/2248 3378/3798/2249 3382/3802/1383
f 3379/3799/2248 3382/3802/1383 3381/3801/1289
f 3378/3798/2249 3370/3790/2231 3383/3803/2239
f 3378/3798/2249 3383/3803/2239 3382/3802/1383
f 3383/3803/2239 3370/3790/2231 3368/3788/2229
f 3381/3801/1289 3382/3802/1383 3384/3804/2250
f 3381/3801/1289 3384/3804/2250 3385/3805/2241
f 3385/3805/2241 3384/3804/2250 3386/3806/2251
f 3384/3804/2250 3382/3802/1383 3387/3807/2252
f 3384/3804/2250 3387/3807/2252 3386/3806/2251
f 3387/3807/2252 3382/3802/1383 3383/3803/2239
f 3387/3807/2252 3383/3803/2239 3368/3788/2229
f 3386/3806/2251 3387/3807/2252 3369/3789/2230
f 3369/3789/2230 3387/3807/2252 3368/3788/2229
f 1904/2019/1253 3388/3808/2224 1905/2020/798
f 1905/2020/798 3388/3808/2224 3389/3809/2225
f 1905/2020/798 3389/3809/2225 1910/2025/797
f 3389/3809/2225 3388/3808/2224 3390/3810/2226
f 3390/3810/2226 3388/3808/2224 3391/3811/2227
f 1910/2025/797 3389/3809/2225 3392/3812/2228
f 1910/2025/797 3392/3812/2228 1911/2026/795
f 3389/3809/2225 3390/3810/2226 3393/3813/10
f 3389/3809/2225 3393/3813/10 3392/3812/2228
f 3390/3810/2226 3391/3811/2227 3394/3814/2229
f 3394/3814/2229 3391/3811/2227 3395/3815/2230
f 3393/3813/10 3390/3810/2226 3396/3816/2231
f 3396/3816/2231 3390/3810/2226 3394/3814/2229
f 3392/3812/2228 3393/3813/10 3397/3817/2232
f 3393/3813/10 3396/3816/2231 3398/3818/2233
f 3393/3813/10 3398/3818/2233 3397/3817/2232
f 3392/3812/2228 3397/3817/2232 3399/3819/2234
f 3392/3812/2228 3399/3819/2234 1911/2026/795
f 1911/2026/795 3399/3819/2234 3400/3820/141
f 1911/2026/795 3400/3820/141 1914/2029/793
f 3400/3820/141 3399/3819/2234 3401/3821/141
f 3401/3821/141 3399/3819/2234 3397/3817/2232
f 3401/3821/141 3397/3817/2232 3402/3822/835
f 3402/3822/835 3397/3817/2232 3398/3818/2233
f 3402/3822/835 3398/3818/2233 3403/3823/2235
f 3403/3823/2235 3398/3818/2233 3404/3824/2249
f 3404/3824/2249 3398/3818/2233 3396/3816/2231
f 3403/3823/2235 3404/3824/2249 3405/3825/2248
f 3403/3823/2235 3405/3825/2248 3406/3826/2238
f 3406/3826/2238 3405/3825/2248 3407/3827/1289
f 3405/3825/2248 3404/3824/2249 3408/3828/1017
f 3405/3825/2248 3408/3828/1017 3407/3827/1289
f 3404/3824/2249 3396/3816/2231 3409/3829/2239
f 3404/3824/2249 3409/3829/2239 3408/3828/1017
f 3409/3829/2239 3396/3816/2231 3394/3814/2229
f 3407/3827/1289 3408/3828/1017 3410/3830/2250
f 3407/3827/1289 3410/3830/2250 3411/3831/2241
f 3411/3831/2241 3410/3830/2250 3412/3832/2251
f 3410/3830/2250 3408/3828/1017 3413/3833/2252
f 3410/3830/2250 3413/3833/2252 3412/3832/2251
f 3413/3833/2252 3408/3828/1017 3409/3829/2239
f 3413/3833/2252 3409/3829/2239 3394/3814/2229
f 3412/3832/2251 3413/3833/2252 3395/3815/2230
f 3395/3815/2230 3413/3833/2252 3394/3814/2229
f 1915/2030/1253 3414/3834/2224 1916/2031/1268
f 1916/2031/1268 3414/3834/2224 3415/3835/2225
f 1916/2031/1268 3415/3835/2225 1921/2035/797
f 3415/3835/2225 3414/3834/2224 3416/3836/2226
f 3416/3836/2226 3414/3834/2224 3417/3837/2227
f 1921/2035/797 3415/3835/2225 3418/3838/2228
f 1921/2035/797 3418/3838/2228 1922/2036/795
f 3415/3835/2225 3416/3836/2226 3419/3839/10
f 3415/3835/2225 3419/3839/10 3418/3838/2228
f 3416/3836/2226 3417/3837/2227 3420/3840/2229
f 3420/3840/2229 3417/3837/2227 3421/3841/2230
f 3419/3839/10 3416/3836/2226 3422/3842/2231
f 3422/3842/2231 3416/3836/2226 3420/3840/2229
f 3418/3838/2228 3419/3839/10 3423/3843/2232
f 3419/3839/10 3422/3842/2231 3424/3844/2233
f 3419/3839/10 3424/3844/2233 3423/3843/2232
f 3418/3838/2228 3423/3843/2232 3425/3845/2234
f 3418/3838/2228 3425/3845/2234 1922/2036/795
f 1922/2036/795 3425/3845/2234 3426/3846/141
f 1922/2036/795 3426/3846/141 1925/2039/793
f 3426/3846/141 3425/3845/2234 3427/3847/141
f 3427/3847/141 3425/3845/2234 3423/3843/2232
f 3427/3847/141 3423/3843/2232 3428/3848/835
f 3428/3848/835 3423/3843/2232 3424/3844/2233
f 3428/3848/835 3424/3844/2233 3429/3849/2235
f 3429/3849/2235 3424/3844/2233 3430/3850/2249
f 3430/3850/2249 3424/3844/2233 3422/3842/2231
f 3429/3849/2235 3430/3850/2249 3431/3851/2248
f 3429/3849/2235 3431/3851/2248 3432/3852/2238
f 3432/3852/2238 3431/3851/2248 3433/3853/1289
f 3431/3851/2248 3430/3850/2249 3434/3854/1017
f 3431/3851/2248 3434/3854/1017 3433/3853/1289
f 3430/3850/2249 3422/3842/2231 3435/3855/2239
f 3430/3850/2249 3435/3855/2239 3434/3854/1017
f 3435/3855/2239 3422/3842/2231 3420/3840/2229
f 3433/3853/1289 3434/3854/1017 3436/3856/2250
f 3433/3853/1289 3436/3856/2250 3437/3857/2241
f 3437/3857/2241 3436/3856/2250 3438/3858/2251
f 3436/3856/2250 3434/3854/1017 3439/3859/2243
f 3436/3856/2250 3439/3859/2243 3438/3858/2251
f 3439/3859/2243 3434/3854/1017 3435/3855/2239
f 3439/3859/2243 3435/3855/2239 3420/3840/2229
f 3438/3858/2251 3439/3859/2243 3421/3841/2230
f 3421/3841/2230 3439/3859/2243 3420/3840/2229
f 1926/2040/1253 3440/3860/2224 1927/2041/1268
f 1927/2041/1268 3440/3860/2224 3441/3861/2225
f 1927/2041/1268 3441/3861/2225 1932/2046/797
f 3441/3861/2225 3440/3860/2224 3442/3862/2226
f 3442/3862/2226 3440/3860/2224 3443/3863/2227
f 1932/2046/797 3441/3861/2225 3444/3864/2228
f 1932/2046/797 3444/3864/2228 1933/2047/1271
f 3441/3861/2225 3442/3862/2226 3445/3865/10
f 3441/3861/2225 3445/3865/10 3444/3864/2228
f 3442/3862/2226 3443/3863/2227 3446/3866/2229
f 3446/3866/2229 3443/3863/2227 3447/3867/2230
f 3445/3865/10 3442/3862/2226 3448/3868/2231
f 3448/3868/2231 3442/3862/2226 3446/3866/2229
f 3444/3864/2228 3445/3865/10 3449/3869/2232
f 3445/3865/10 3448/3868/2231 3450/3870/2233
f 3445/3865/10 3450/3870/2233 3449/3869/2232
f 3444/3864/2228 3449/3869/2232 3451/3871/2234
f 3444/3864/2228 3451/3871/2234 1933/2047/1271
f 1933/2047/1271 3451/3871/2234 3452/3872/141
f 1933/2047/1271 3452/3872/141 1936/2050/793
f 3452/3872/141 3451/3871/2234 3453/3873/141
f 3453/3873/141 3451/3871/2234 3449/3869/2232
f 3453/3873/141 3449/3869/2232 3454/3874/835
f 3454/3874/835 3449/3869/2232 3450/3870/2233
f 3454/3874/835 3450/3870/2233 3455/3875/2235
f 3455/3875/2235 3450/3870/2233 3456/3876/2236
f 3456/3876/2236 3450/3870/2233 3448/3868/2231
f 3455/3875/2235 3456/3876/2236 3457/3877/2237
f 3455/3875/2235 3457/3877/2237 3458/3878/2238
f 3458/3878/2238 3457/3877/2237 3459/3879/1289
f 3457/3877/2237 3456/3876/2236 3460/3880/1386
f 3457/3877/2237 3460/3880/1386 3459/3879/1289
f 3456/3876/2236 3448/3868/2231 3461/3881/2239
f 3456/3876/2236 3461/3881/2239 3460/3880/1386
f 3461/3881/2239 3448/3868/2231 3446/3866/2229
f 3459/3879/1289 3460/3880/1386 3462/3882/2240
f 3459/3879/1289 3462/3882/2240 3463/3883/2241
f 3463/3883/2241 3462/3882/2240 3464/3884/2251
f 3462/3882/2240 3460/3880/1386 3465/3885/2243
f 3462/3882/2240 3465/3885/2243 3464/3884/2251
f 3465/3885/2243 3460/3880/1386 3461/3881/2239
f 3465/3885/2243 3461/3881/2239 3446/3866/2229
f 3464/3884/2251 3465/3885/2243 3447/3867/2230
f 3447/3867/2230 3465/3885/2243 3446/3866/2229
f 1410/1484/227 964/1030/1 1411/1485/227
f 1411/1485/227 964/1030/1 2478/2650/227
f 1411/1485/227 2478/2650/227 1414/1488/227
f 1414/1488/227 2478/2650/227 2476/2648/227
f 1414/1488/227 2476/2648/227 1405/1479/227
f 1405/1479/227 2476/2648/227 951/1017/227
f 3466/3886/2257 2539/2728/2257 1292/1355/2257
f 1293/1356/2257 1292/1355/2257 2539/2728/2257
f 1849/1965/1261 3467/3887/2224 1850/1966/798
f 1850/1966/798 3467/3887/2224 3468/3888/2225
f 1850/1966/798 3468/3888/2225 1855/1971/1263
f 3468/3888/2225 3467/3887/2224 3469/3889/2226
f 3469/3889/2226 3467/3887/2224 3470/3890/2227
f 1855/1971/1263 3468/3888/2225 3471/3891/2228
f 1855/1971/1263 3471/3891/2228 1856/1972/795
f 3468/3888/2225 3469/3889/2226 3472/3892/10
f 3468/3888/2225 3472/3892/10 3471/3891/2228
f 3469/3889/2226 3470/3890/2227 3473/3893/2229
f 3473/3893/2229 3470/3890/2227 3474/3894/2230
f 3472/3892/10 3469/3889/2226 3475/3895/2231
f 3475/3895/2231 3469/3889/2226 3473/3893/2229
f 3471/3891/2228 3472/3892/10 3476/3896/2232
f 3472/3892/10 3475/3895/2231 3477/3897/2233
f 3472/3892/10 3477/3897/2233 3476/3896/2232
f 3471/3891/2228 3476/3896/2232 3478/3898/2234
f 3471/3891/2228 3478/3898/2234 1856/1972/795
f 1856/1972/795 3478/3898/2234 3479/3899/141
f 1856/1972/795 3479/3899/141 1859/1975/1260
f 3479/3899/141 3478/3898/2234 3480/3900/141
f 3480/3900/141 3478/3898/2234 3476/3896/2232
f 3480/3900/141 3476/3896/2232 3481/3901/835
f 3481/3901/835 3476/3896/2232 3477/3897/2233
f 3481/3901/835 3477/3897/2233 3482/3902/2253
f 3482/3902/2253 3477/3897/2233 3483/3903/2249
f 3483/3903/2249 3477/3897/2233 3475/3895/2231
f 3482/3902/2253 3483/3903/2249 3484/3904/2254
f 3482/3902/2253 3484/3904/2254 3485/3905/2258
f 3485/3905/2258 3484/3904/2254 3486/3906/1289
f 3484/3904/2254 3483/3903/2249 3487/3907/1378
f 3484/3904/2254 3487/3907/1378 3486/3906/1289
f 3483/3903/2249 3475/3895/2231 3488/3908/1332
f 3483/3903/2249 3488/3908/1332 3487/3907/1378
f 3488/3908/1332 3475/3895/2231 3473/3893/2229
f 3486/3906/1289 3487/3907/1378 3489/3909/2255
f 3486/3906/1289 3489/3909/2255 3490/3910/2256
f 3490/3910/2256 3489/3909/2255 3491/3911/2259
f 3489/3909/2255 3487/3907/1378 3492/3912/2252
f 3489/3909/2255 3492/3912/2252 3491/3911/2259
f 3492/3912/2252 3487/3907/1378 3488/3908/1332
f 3492/3912/2252 3488/3908/1332 3473/3893/2229
f 3491/3911/2259 3492/3912/2252 3474/3894/2230
f 3474/3894/2230 3492/3912/2252 3473/3893/2229
f 2666/3913/2260 2643/2858/23 2667/3914/2261
f 2667/3914/2261 2643/2858/23 2644/2859/66
f 2667/3914/2261 2644/2859/66 1466/1543/888
f 1466/1543/888 2644/2859/66 1467/1544/575
f 2725/3915/2262 1469/1546/826 1468/1545/2263
f 1469/1546/826 2725/3915/2262 2827/3916/2264
f 2827/3916/2264 2725/3915/2262 2724/3917/25
f 2827/3916/2264 2724/3917/25 2828/3918/2265
f 1609/1695/2202 3122/3519/2202 1608/1694/2096
f 2401/2547/1179 3493/3919/1020 2400/2546/2266
f 3493/3919/1020 2401/2547/1179 2364/2496/2267
f 3493/3919/1020 2364/2496/2267 2365/3920/1667
f 3493/3919/1020 2365/3920/1667 1831/3921/1020
f 1831/3921/1020 2365/3920/1667 1832/3922/1667
f 2400/2546/2266 3493/3919/1020 3494/3923/971
f 3494/3923/971 3493/3919/1020 1831/3921/1020
f 2400/2546/2266 3494/3923/971 2399/2545/1013
f 3494/3923/971 1831/3921/1020 1827/3924/1026
f 2399/2545/1013 3494/3923/971 2994/3925/1019
f 2994/3925/1019 3494/3923/971 1827/3924/1026
f 2994/3925/1019 1827/3924/1026 1504/3926/1026
f 1197/1261/2268 3495/3927/2269 3496/3928/2270
f 1197/1261/2268 3496/3928/2270 1209/1272/2271
f 1197/1261/2268 1209/1272/2271 1198/1262/2272
f 1209/1272/2271 3496/3928/2270 2412/3929/1561
f 1209/1272/2271 2412/3929/1561 1212/1275/1562
f 2294/3402/108 1181/1246/1877 2778/3033/1879
f 2294/3402/108 2778/3033/1879 1985/3315/108
f 3065/3930/2070 2383/2526/77 699/3931/77
f 2383/2526/77 3065/3930/2070 1183/1248/2273
f 1183/1248/2273 3065/3930/2070 1184/1249/2274
f 3497/3932/2275 3498/3933/2275 1196/1260/2275
f 1204/1267/1612 2503/3934/1613 1200/1263/2276
f 1200/1263/2276 2503/3934/1613 3499/3935/2270
f 1200/1263/2276 3499/3935/2270 1196/1260/2277
f 1196/1260/2277 3499/3935/2270 3497/3932/2277
f 3500/3936/490 2764/3019/490 3501/3937/490
f 3501/3937/490 2764/3019/490 2763/3018/490
f 2788/3043/2278 2789/3044/2117 3502/3043/2279
f 3503/3938/2117 2789/3044/2117 2790/3045/2280
f 2789/3044/2117 3503/3938/2117 3502/3043/2279
f 2788/3043/2278 3502/3043/2279 3504/3939/2281
f 2788/3043/2278 3504/3939/2281 2787/3042/2282
f 2787/3042/2282 3504/3939/2281 3505/3940/2283
f 2787/3042/2282 3505/3940/2283 477/517/1661
f 477/517/1661 3505/3940/2283 374/387/1289
f 477/517/1661 374/387/1289 373/386/1369
f 477/517/1661 373/386/1369 476/516/2284
f 476/516/2284 373/386/1369 3506/516/2285
f 476/516/2284 3506/516/2285 1369/1444/2286
f 1369/1444/2286 3506/516/2285 2772/3027/1864
f 1369/1444/2286 2772/3027/1864 1371/1446/1862
f 3507/3941/1026 3504/3939/2281 3502/3043/2279
f 3507/3941/1026 3502/3043/2279 3508/3942/1026
f 3504/3939/2281 3507/3941/1026 3509/3943/1026
f 3508/3942/1026 3502/3043/2279 3503/3938/1026
f 3504/3939/2281 3509/3943/1026 3505/3944/2283
f 3505/3944/2283 3509/3943/1026 374/3945/1289
f 374/3945/1289 3509/3943/1026 3510/3946/1180
f 3508/3942/1026 3503/3938/1026 3511/3947/1026
f 3511/3947/1026 3503/3938/1026 3512/3948/1180
f 3511/3947/1026 3512/3948/1180 3513/3949/1180
f 3513/3949/1180 3512/3948/1180 3514/3950/1180
f 3514/3950/1180 3512/3948/1180 3515/3951/2287
f 3516/3952/2288 3495/3927/2288 1197/1261/2288
f 3506/3953/2285 3517/3954/1025 2772/3027/1864
f 3517/3954/1025 3506/3953/2285 373/3329/1369
f 3517/3954/1025 373/3329/1369 2997/3330/1026
f 2772/3027/1864 3517/3954/1025 3518/3955/1025
f 2772/3027/1864 3518/3955/1025 2771/3026/1863
f 2771/3026/1863 3518/3955/1025 3519/3956/1025
f 2771/3026/1863 3519/3956/1025 2773/1448/1025
f 2773/1448/1025 3519/3956/1025 3520/3957/1025
f 2773/1448/1025 3520/3957/1025 2930/3225/1026
f 2930/3225/1026 3520/3957/1025 3521/3958/1026
f 2930/3225/1026 3521/3958/1026 3522/3959/1026
f 2930/3225/1026 3522/3959/1026 3151/3567/1695
f 3151/3567/1695 3522/3959/1026 3515/3960/2287
f 3515/3960/2287 3522/3959/1026 3514/3961/1180
f 2790/3045/1888 1595/1680/1890 3523/3962/1890
f 3524/3963/859 2767/3022/859 3525/3964/10
f 3525/3964/10 2767/3022/859 2766/3021/10
f 3525/3964/10 2766/3021/10 3526/3965/10
f 3526/3965/10 2766/3021/10 2765/3020/10
f 3526/3965/10 2765/3020/10 3500/3936/859
f 3500/3936/859 2765/3020/10 2764/3019/859
f 2631/2841/1544 3527/3966/1082 3069/3436/1275
f 3527/3966/1082 2631/2841/1544 371/3967/1501
f 3527/3966/1082 371/3967/1501 3528/3968/1126
f 3069/3436/1275 3527/3966/1082 3529/3969/1082
f 3069/3436/1275 3529/3969/1082 3068/3435/2145
f 3068/3435/2145 3529/3969/1082 3530/3970/1082
f 3068/3435/2145 3530/3970/1082 3531/3971/1082
f 3531/3971/1082 3530/3970/1082 3532/3972/1082
f 3531/3971/1082 3532/3972/1082 3533/3404/1126
f 3533/3404/1126 3532/3972/1082 3534/3973/1126
f 3533/3404/1126 3534/3973/1126 3535/3974/1126
f 3533/3404/1126 3535/3974/1126 3536/3975/2289
f 3537/3976/1200 369/3333/1202 2560/2751/1165
f 369/3333/1202 3537/3976/1200 3000/3335/1458
f 3537/3976/1200 2560/2751/1165 2559/2750/1646
f 3537/3976/1200 2559/2750/1646 3538/3977/1200
f 3538/3977/1200 2559/2750/1646 2558/2749/1645
f 3538/3977/1200 2558/2749/1645 3539/3978/1200
f 3539/3978/1200 2558/2749/1645 2986/3308/1200
f 3539/3978/1200 2986/3308/1200 3540/3979/1200
f 3540/3979/1200 2986/3308/1200 3121/3518/1458
f 3540/3979/1200 3121/3518/1458 3541/3980/1458
f 3541/3980/1458 3121/3518/1458 3542/3981/1458
f 3542/3981/1458 3121/3518/1458 3122/3519/2290
f 3542/3981/1458 3122/3519/2290 3536/3982/2289
f 3542/3981/1458 3536/3982/2289 3535/3983/1126
f 3536/3982/2289 3122/3519/2290 1609/1695/2291
f 3536/3982/2289 1609/1695/2291 3047/3984/2291
f 3077/3985/1010 3080/3986/2292 3128/3527/1010
f 3077/3985/1010 3128/3527/1010 2430/2598/1037
f 3077/3985/1010 2430/2598/1037 2429/2597/1037
f 3128/3527/1010 3080/3986/2292 3126/3525/2292
f 3126/3525/2292 3080/3986/2292 3071/3987/1199
f 3126/3525/2292 3071/3987/1199 3127/3526/1199
f 3127/3526/1199 3071/3987/1199 3072/3988/2293
f 3127/3526/1199 3072/3988/2293 3129/3528/2293
f 3129/3528/2293 3072/3988/2293 3073/3989/2294
f 3129/3528/2293 3073/3989/2294 3132/3531/2294
f 3132/3531/2294 3073/3989/2294 3074/3990/2295
f 3132/3531/2294 3074/3990/2295 3137/3536/2295
f 3137/3536/2295 3074/3990/2295 2448/2616/760
f 3137/3536/2295 2448/2616/760 2447/2615/760
f 3543/3991/2296 2983/3296/2297 2984/3297/2298
f 3543/3991/2296 2984/3297/2298 3544/3992/2299
f 3545/3993/859 2701/2934/859 3546/3994/10
f 3546/3994/10 2701/2934/859 2769/3024/10
f 3546/3994/10 2769/3024/10 3547/3995/10
f 3547/3995/10 2769/3024/10 2768/3023/10
f 3547/3995/10 2768/3023/10 3524/3963/1730
f 3524/3963/1730 2768/3023/10 2767/3022/1730
f 2398/761/1730 2786/3041/10 2929/3224/1730
f 2929/3224/1730 2786/3041/10 3548/3996/10
f 3548/3996/10 2786/3041/10 2785/3040/10
f 3548/3996/10 2785/3040/10 3549/3997/10
f 3549/3997/10 2785/3040/10 2784/3039/10
f 3549/3997/10 2784/3039/10 3550/3998/10
f 3550/3998/10 2784/3039/10 2783/3038/10
f 3550/3998/10 2783/3038/10 3551/3999/10
f 3551/3999/10 2783/3038/10 2782/3037/859
f 3551/3999/10 2782/3037/859 3552/4000/859
f 3552/4000/859 2782/3037/859 2781/3036/859
f 3552/4000/859 2781/3036/859 3553/4001/859
f 3553/4001/859 2781/3036/859 2780/3035/10
f 3553/4001/859 2780/3035/10 3554/4002/10
f 3554/4002/10 2780/3035/10 2779/3034/10
f 3554/4002/10 2779/3034/10 3555/4003/10
f 3555/4003/10 2779/3034/10 2749/3000/10
f 3555/4003/10 2749/3000/10 3556/4004/10
f 3544/3992/2299 2984/3297/2298 2822/3299/2300
f 3544/3992/2299 2822/3299/2300 2962/4005/2301
f 2701/2934/1736 3545/3993/1736 2554/2745/1736
f 3557/4006/1736 2554/2745/1736 3545/3993/1736
f 2554/2745/863 3557/4006/863 2489/2662/863
f 3146/3556/863 2489/2662/863 3557/4006/863
f 2753/3006/1870 3558/4007/116 3559/4008/780
f 2753/3006/1870 3559/4008/780 2754/3008/2132
f 2754/3008/2132 3559/4008/780 3057/4009/110
f 3057/4009/110 3559/4008/780 2634/2845/2111
f 2634/2845/2111 3559/4008/780 2635/2846/2124
f 2635/2846/2124 3559/4008/780 3558/4007/116
f 3558/4007/116 2753/3006/1870 3560/4010/2302
f 3560/4010/2302 2753/3006/1870 2752/3005/2303
f 2635/2846/2124 3558/4007/116 3561/4011/2304
f 2635/2846/2124 3561/4011/2304 2636/2848/2305
f 3558/4007/116 3560/4010/2302 3562/4012/146
f 3558/4007/116 3562/4012/146 3561/4011/2304
f 3560/4010/2302 2752/3005/2303 2751/3003/216
f 3562/4012/146 3560/4010/2302 3563/4012/59
f 3562/4012/146 3563/4012/59 3561/4011/2304
f 3563/4012/59 3560/4010/2302 3564/4013/59
f 3563/4012/59 3564/4013/59 3561/4011/2304
f 3564/4013/59 3560/4010/2302 2751/3003/216
f 2637/2849/218 2636/2848/2305 3561/4011/2304
f 2637/2849/218 3561/4011/2304 3564/4013/59
f 2637/2849/218 3564/4013/59 3565/4014/146
f 3565/4014/146 3564/4013/59 2751/3003/216
f 2637/2849/218 3565/4014/146 3566/4015/2306
f 3566/4015/2306 3565/4014/146 2751/3003/216
f 2637/2849/218 3566/4015/2306 2638/2851/2307
f 3566/4015/2306 2751/3003/216 2750/3002/62
f 2638/2851/2307 3566/4015/2306 3567/4016/1640
f 3567/4016/1640 3566/4015/2306 2750/3002/62
f 2638/2851/2307 3567/4016/1640 2639/2852/745
f 3567/4016/1640 2750/3002/62 2662/2886/748
f 2639/2852/745 3567/4016/1640 3568/4017/61
f 3568/4017/61 3567/4016/1640 2662/2886/748
f 2639/2852/745 3568/4017/61 3569/4018/67
f 3569/4018/67 3568/4017/61 2662/2886/748
f 2639/2852/745 3569/4018/67 2640/2854/2308
f 3569/4018/67 2662/2886/748 2660/2882/47
f 2640/2854/2308 3569/4018/67 3570/4019/47
f 3570/4019/47 3569/4018/67 2660/2882/47
f 2640/2854/2308 3570/4019/47 3571/4020/47
f 3571/4020/47 3570/4019/47 2660/2882/47
f 3556/4004/20 2749/3000/20 3572/4021/20
f 2633/2843/20 3572/4021/20 2749/3000/20
f 259/4022/2309 2622/2832/2309 878/931/2216
f 3572/4021/863 2633/2843/863 3466/3886/863
f 2539/2728/863 3466/3886/863 2633/2843/863
f 2535/2724/2310 279/4023/2310 3573/4024/2311
f 279/4023/2310 2535/2724/2310 302/313/2208
f 3501/3937/1730 2763/3018/1730 3574/4025/1730
f 3574/4025/1730 2763/3018/1730 2926/3216/1730
f 1995/2556/1600 2408/2558/2312 1997/4026/2313
f 1997/4026/2313 2408/2558/2312 3575/4027/2314
f 3575/4027/2314 2408/2558/2312 2409/2560/2314
f 3575/4027/2314 2409/2560/2314 3576/4028/2313
f 3576/4028/2313 2409/2560/2314 2410/2562/2313
f 3576/4028/2313 2410/2562/2313 3577/4029/2314
f 3577/4029/2314 2410/2562/2313 2411/2565/2314
f 3577/4029/2314 2411/2565/2314 3496/4030/2314
f 3496/4030/2314 2411/2565/2314 2412/2566/2314
f 3578/4031/484 3579/4032/484 3580/4033/486
f 3580/4033/486 3579/4032/484 3581/4034/486
f 3579/4032/484 3578/4031/484 3582/4035/483
f 3580/4033/486 3581/4034/486 3583/4036/488
f 3582/4035/483 3578/4031/484 3584/4037/483
f 3583/4036/488 3581/4034/486 3585/4038/488
f 3582/4035/483 3584/4037/483 3586/4039/485
f 3583/4036/488 3585/4038/488 3587/4040/489
f 3586/4039/485 3584/4037/483 3588/4041/485
f 3587/4040/489 3585/4038/488 3589/4042/489
f 3586/4039/485 3588/4041/485 3590/4043/487
f 3587/4040/489 3589/4042/489 3591/4044/491
f 3590/4043/487 3588/4041/485 3592/4045/487
f 3591/4044/491 3589/4042/489 3593/4046/491
f 3590/4043/487 3592/4045/487 3594/4047/24
f 3591/4044/491 3593/4046/491 3595/4048/493
f 3594/4047/24 3592/4045/487 3596/4049/24
f 3595/4048/493 3593/4046/491 3597/4050/493
f 3594/4047/24 3596/4049/24 3598/4051/490
f 3595/4048/493 3597/4050/493 3599/4052/153
f 3594/4047/24 3598/4051/490 3600/4053/490
f 3599/4052/153 3597/4050/493 3601/4054/153
f 3600/4053/490 3598/4051/490 3602/4055/492
f 3599/4052/153 3601/4054/153 3603/4056/149
f 3600/4053/490 3602/4055/492 3604/4057/492
f 3603/4056/149 3601/4054/153 3605/4058/149
f 3604/4057/492 3602/4055/492 3606/4059/494
f 3603/4056/149 3605/4058/149 3607/4060/227
f 3604/4057/492 3606/4059/494 3608/4061/494
f 3607/4060/227 3605/4058/149 3609/4062/227
f 3608/4061/494 3606/4059/494 3610/4063/495
f 3607/4060/227 3609/4062/227 3611/4064/497
f 3608/4061/494 3610/4063/495 3612/4065/495
f 3612/4065/495 3610/4063/495 3613/4066/496
f 3612/4065/495 3613/4066/496 3614/4067/496
f 3607/4060/227 3611/4064/497 3615/4068/497
f 3615/4068/497 3611/4064/497 3616/4069/207
f 3615/4068/497 3616/4069/207 3617/4070/207
f 3617/4070/207 3616/4069/207 3618/4071/46
f 3617/4070/207 3618/4071/46 3619/4072/46
f 3619/4072/46 3618/4071/46 3620/4073/498
f 3619/4072/46 3620/4073/498 3621/4074/498
f 3621/4074/498 3620/4073/498 3622/4075/59
f 3621/4074/498 3622/4075/59 3623/4076/59
f 3623/4076/59 3622/4075/59 3624/4077/92
f 3623/4076/59 3624/4077/92 3625/4078/92
f 3625/4078/92 3624/4077/92 3614/4079/496
f 3625/4078/92 3614/4079/496 3613/4080/496
f 2648/2862/2315 2944/3244/2030 2649/2863/1967
f 2649/2863/1967 2944/3244/2030 2872/3135/1285
f 3512/3948/2316 2790/3045/2280 3515/3951/2317
f 2790/3045/2280 3512/3948/2316 3503/3938/2117
f 2622/2832/2309 259/4022/2309 318/331/2017
f 2645/2858/2318 2665/3195/2319 1385/1460/2320
f 1385/1460/2320 2665/3195/2319 1386/1461/2321
f 1401/2958/2322 1400/4081/1287 2829/4082/2323
f 1401/2958/2322 2829/4082/2323 2723/2959/2324
f 2507/2691/2325 1810/2693/1609 1812/4083/2326
f 2507/2691/2325 1812/4083/2326 3626/4084/2327
f 2507/2691/2325 3626/4084/2327 2506/2689/2327
f 2506/2689/2327 3626/4084/2327 3627/4085/2326
f 2506/2689/2327 3627/4085/2326 2505/2686/2326
f 2505/2686/2326 3627/4085/2326 3628/4086/2327
f 2505/2686/2326 3628/4086/2327 2504/2685/2327
f 2504/2685/2327 3628/4086/2327 3499/4087/2327
f 2504/2685/2327 3499/4087/2327 2503/2684/2327
f 3531/3971/1840 3049/3405/1840 3068/3435/2145
f 3049/3405/1840 3531/3971/1840 3048/3404/2328
f 3048/3404/2328 3531/3971/1840 3533/3404/2329
f 3048/3404/2328 3533/3404/2329 3536/3975/2330
f 3048/3404/2328 3536/3975/2330 3047/3403/2330
f 2892/3166/2331 2895/3170/2331 2893/3167/2331
f 376/4088/2332 374/3945/2332 3629/4089/2332
f 3629/4089/2332 374/3945/2332 3510/3946/2332
f 3528/3968/2333 371/3967/2333 3630/4090/2333
f 3630/4090/2333 371/3967/2333 372/4091/2333
f 2748/2998/2257 2974/3285/2334 3631/4092/2335
f 3631/4092/2335 2974/3285/2334 3632/4093/2334
f 2748/2998/2257 3631/4092/2335 3633/4094/486
f 3632/4093/2334 2974/3285/2334 3634/4095/869
f 3631/4092/2335 3632/4093/2334 2902/3178/2336
f 2902/3178/2336 3632/4093/2334 3634/4095/869
f 3631/4092/2335 2902/3178/2336 2900/3175/2337
f 3631/4092/2335 2900/3175/2337 3633/4094/486
f 2902/3178/2336 3634/4095/869 2904/3181/1556
f 3634/4095/869 2974/3285/2334 2976/3288/2338
f 2904/3181/1556 3634/4095/869 3635/4096/1556
f 3635/4096/1556 3634/4095/869 2976/3288/2338
f 2904/3181/1556 3635/4096/1556 3636/4097/2339
f 3636/4097/2339 3635/4096/1556 2976/3288/2338
f 2904/3181/1556 3636/4097/2339 2905/3182/484
f 3636/4097/2339 2976/3288/2338 2977/3289/2340
f 2905/3182/484 3636/4097/2339 3637/4098/484
f 3637/4098/484 3636/4097/2339 2977/3289/2340
f 2905/3182/484 3637/4098/484 3638/4099/2227
f 3638/4099/2227 3637/4098/484 2977/3289/2340
f 2905/3182/484 3638/4099/2227 3639/4100/2341
f 3638/4099/2227 2977/3289/2340 3640/4101/2342
f 2905/3182/484 3639/4100/2341 2906/3183/1849
f 3639/4100/2341 3638/4099/2227 3641/4102/2343
f 3641/4102/2343 3638/4099/2227 3640/4101/2342
f 3639/4100/2341 3641/4102/2343 3642/4103/2344
f 3642/4103/2344 3641/4102/2343 3640/4101/2342
f 3639/4100/2341 3642/4103/2344 3643/4104/1847
f 3643/4104/1847 3642/4103/2344 3640/4101/2342
f 3639/4100/2341 3643/4104/1847 2906/3183/1849
f 2978/3290/2345 3640/4101/2342 2977/3289/2340
f 3640/4101/2342 2978/3290/2345 3643/4104/1847
f 3643/4104/1847 2978/3290/2345 3644/4105/483
f 3643/4104/1847 3644/4105/483 2906/3183/1849
f 3644/4105/483 2978/3290/2345 3645/4106/2346
f 3644/4105/483 3645/4106/2346 2906/3183/1849
f 3645/4106/2346 2978/3290/2345 2981/3293/864
f 2906/3183/1849 3645/4106/2346 2909/3186/2347
f 3645/4106/2346 2981/3293/864 3646/4107/2348
f 3645/4106/2346 3646/4107/2348 2909/3186/2347
f 3646/4107/2348 2981/3293/864 2983/3296/2297
f 2909/3186/2347 3646/4107/2348 2912/3190/2349
f 3646/4107/2348 2983/3296/2297 3647/4108/2350
f 3646/4107/2348 3647/4108/2350 2912/3190/2349
f 3647/4108/2350 2983/3296/2297 3648/4109/2351
f 3647/4108/2350 3648/4109/2351 2912/3190/2349
f 3648/4109/2351 2983/3296/2297 3543/3991/2296
f 2912/3190/2349 3648/4109/2351 3649/4110/2352
f 2912/3190/2349 3649/4110/2352 2913/3191/2353
f 3648/4109/2351 3543/3991/2296 3650/4111/2354
f 3648/4109/2351 3650/4111/2354 3649/4110/2352
f 3650/4111/2354 3543/3991/2296 3544/3992/2299
f 3650/4111/2354 3544/3992/2299 2962/4005/2301
f 3649/4110/2352 3650/4111/2354 3651/4112/2355
f 3649/4110/2352 3651/4112/2355 2913/3191/2353
f 3651/4112/2355 3650/4111/2354 2962/4005/2301
f 2913/3191/2353 3651/4112/2355 2672/3193/2356
f 2672/3193/2356 3651/4112/2355 2962/4005/2301
f 3523/3962/2317 3515/3951/2317 2790/3045/2280
f 3574/4025/2261 2926/3216/2261 3064/3431/2261
f 3064/3431/2261 2926/3216/2261 2389/2535/2261
f 1776/1883/2357 101/102/2357 889/942/2357
f 1811/4113/2217 2424/4114/2217 3652/4115/2358
f 3652/4115/2358 2424/4114/2217 3653/4116/2359
f 3652/4115/2358 3653/4116/2359 3654/4117/2360
f 3654/4117/2360 3653/4116/2359 3655/4118/2360
f 3654/4117/2360 3655/4118/2360 3656/4119/2361
f 3656/4119/2361 3655/4118/2360 3657/4120/2362
f 3656/4119/2361 3657/4120/2362 3498/4121/2363
f 3656/4119/2361 3498/4121/2363 3497/4122/2363
f 103/104/2364 2172/2298/2364 890/943/2364
f 3658/4123/2365 1681/4124/2366 1350/1422/2366
f 3658/4123/2365 1350/1422/2366 2488/2661/2367
f 3658/4123/2365 2488/2661/2367 2845/3106/2368
f 3658/4123/2365 2845/3106/2368 1680/4125/2369
f 1196/1260/863 3498/3933/863 1194/1259/863
f 1194/1259/863 3498/3933/863 3659/4126/863
f 1194/1259/863 3659/4126/863 3516/3952/863
f 1194/1259/863 3516/3952/863 1197/1261/863
f 2499/2678/2370 3660/4127/2371 2850/3111/2372
f 3660/4127/2371 2499/2678/2370 1379/1454/2373
f 3660/4127/2371 1379/1454/2373 1682/4128/2373
f 1996/4129/2374 3661/4130/2202 2425/4131/2374
f 2425/4131/2374 3661/4130/2202 3662/4132/2375
f 3662/4132/2375 3661/4130/2202 3663/4133/2376
f 3662/4132/2375 3663/4133/2376 3664/4134/2376
f 3664/4134/2376 3663/4133/2376 3665/4135/2377
f 3664/4134/2376 3665/4135/2377 3666/4136/1414
f 3666/4136/1414 3665/4135/2377 3516/4137/2377
f 3516/4137/2377 3665/4135/2377 3495/4138/2377
f 3667/4139/2378 2641/2856/2378 3668/4140/2378
f 259/4141/2379 260/4142/2380 317/1509/2381
f 3523/4143/2382 2755/4144/2382 3515/4145/2287
f 3515/4145/2287 2755/4144/2382 3151/4146/1695
f 279/4147/2383 301/4148/2384 278/4149/2385
f 2661/2884/2386 3669/4150/2386 3670/4151/2386
f 2531/2720/1627 2530/2719/1627 3671/4152/108
f 2531/2720/1627 3671/4152/108 3114/3509/108
f 3114/3509/108 3671/4152/108 3672/4153/2119
f 3114/3509/108 3672/4153/2119 3116/3511/2119
f 3116/3511/2119 3672/4153/2119 3673/4154/1751
f 3116/3511/2119 3673/4154/1751 3118/3513/1751
f 3118/3513/1751 3673/4154/1751 3674/4155/2387
f 3118/3513/1751 3674/4155/2387 3119/3514/2387
f 3119/3514/2387 3674/4155/2387 920/4156/676
f 3119/3514/2387 920/4156/676 922/3516/676
f 2700/2933/1627 2/2/1627 1/1/77
f 2700/2933/1627 1/1/77 2423/4157/77
f 2645/2858/2388 2643/2858/2388 2665/3195/2388
f 2665/3195/2388 2643/2858/2388 2666/3913/2389
f 2829/4082/2390 2828/3918/2391 2724/3917/2390
f 2829/4082/2390 2724/3917/2390 2723/2959/2390
f 2721/2955/1817 2719/2953/1816 3675/4158/2392
f 2721/2955/1817 3675/4158/2392 2722/2956/1627
f 3675/4158/2392 2719/2953/1816 3113/3508/212
f 2722/2956/1627 3675/4158/2392 3075/3452/108
f 3675/4158/2392 3113/3508/212 3676/4159/2393
f 3675/4158/2392 3676/4159/2393 3075/3452/108
f 3676/4159/2393 3113/3508/212 3115/3510/2141
f 3075/3452/108 3676/4159/2393 3076/3454/2119
f 3676/4159/2393 3115/3510/2141 3677/4160/2394
f 3676/4159/2393 3677/4160/2394 3076/3454/2119
f 3677/4160/2394 3115/3510/2141 3117/3512/2395
f 3076/3454/2119 3677/4160/2394 3078/3456/1751
f 3677/4160/2394 3117/3512/2395 3120/3515/2396
f 3078/3456/1751 3677/4160/2394 3678/4161/2397
f 3678/4161/2397 3677/4160/2394 3120/3515/2396
f 3678/4161/2397 3120/3515/2396 974/3517/693
f 3078/3456/1751 3678/4161/2397 3079/3457/2387
f 3678/4161/2397 974/3517/693 976/4162/695
f 3678/4161/2397 976/4162/695 3079/3457/2387
f 3079/3457/2387 976/4162/695 978/3459/697
f 3679/4163/486 3657/4120/486 3680/4164/486
f 3657/4120/486 3679/4163/486 3659/4165/486
f 3657/4120/486 3659/4165/486 3498/4121/486
f 3659/4165/486 3679/4163/486 3666/4136/486
f 3659/4165/486 3666/4136/486 3516/4137/486
f 3666/4136/486 3679/4163/486 3680/4164/486
f 3680/4164/486 3657/4120/486 3655/4118/486
f 3666/4136/486 3680/4164/486 3664/4134/486
f 3680/4164/486 3655/4118/486 3681/4166/486
f 3680/4164/486 3681/4166/486 3664/4134/486
f 3681/4166/486 3655/4118/486 3653/4116/486
f 3664/4134/486 3681/4166/486 3662/4132/486
f 3681/4166/486 3653/4116/486 2424/4114/1649
f 3662/4132/486 3681/4166/486 2425/4131/1963
f 3681/4166/486 2424/4114/1649 3682/4167/1963
f 3681/4166/486 3682/4167/1963 2425/4131/1963
f 3682/4167/1963 2424/4114/1649 1490/1572/1648
f 2425/4131/1963 3682/4167/1963 1492/1574/1157
f 3682/4167/1963 1490/1572/1648 1491/1573/1157
f 3682/4167/1963 1491/1573/1157 1492/1574/1157
f 3499/4087/2398 3628/4086/2398 3497/4122/2398
f 3497/4122/2398 3628/4086/2398 3656/4119/2398
f 3656/4119/2398 3628/4086/2398 3627/4085/2398
f 3656/4119/2398 3627/4085/2398 3654/4117/2398
f 3654/4117/2398 3627/4085/2398 3652/4115/2399
f 3652/4115/2399 3627/4085/2398 3626/4084/2399
f 3652/4115/2399 3626/4084/2399 1811/4113/2399
f 1811/4113/2399 3626/4084/2399 1812/4083/2399
f 3496/4030/2400 3495/4138/2400 3577/4029/2400
f 3577/4029/2400 3495/4138/2400 3665/4135/2400
f 3577/4029/2400 3665/4135/2400 3576/4028/2400
f 3576/4028/2400 3665/4135/2400 3663/4133/2400
f 3576/4028/2400 3663/4133/2400 3661/4130/2204
f 3576/4028/2400 3661/4130/2204 3575/4027/2204
f 3575/4027/2204 3661/4130/2204 1996/4129/2204
f 3575/4027/2204 1996/4129/2204 1997/4026/2204
f 1681/4124/1107 3658/4123/1107 1680/4125/1107
f 3683/4168/1963 2736/2979/1962 3684/4169/2401
f 3684/4169/2401 2736/2979/1962 2737/2981/2402
f 3683/4168/1963 3684/4169/2401 2890/3163/1963
f 2736/2979/1962 3683/4168/1963 3685/4170/2403
f 3685/4170/2403 3683/4168/1963 2890/3163/1963
f 2736/2979/1962 3685/4170/2403 2735/2974/880
f 2890/3163/1963 3684/4169/2401 2891/3164/2401
f 3685/4170/2403 2890/3163/1963 2889/3161/2403
f 3684/4169/2401 2737/2981/2402 2989/3311/2404
f 3684/4169/2401 2989/3311/2404 2891/3164/2401
f 2891/3164/2401 2989/3311/2404 2892/3166/1245
f 2989/3311/2404 2737/2981/2402 2738/2984/875
f 2989/3311/2404 2738/2984/875 2987/3309/2401
f 3685/4170/2403 2889/3161/2403 3686/4171/875
f 3685/4170/2403 3686/4171/875 2735/2974/880
f 3686/4171/875 2889/3161/2403 2654/2871/877
f 2735/2974/880 3686/4171/875 2732/2971/2405
f 3686/4171/875 2654/2871/877 2655/2872/874
f 2732/2971/2405 3686/4171/875 2731/2970/1157
f 3686/4171/875 2655/2872/874 3687/4172/1157
f 3686/4171/875 3687/4172/1157 2731/2970/1157
f 3687/4172/1157 2655/2872/874 3688/4173/2406
f 3687/4172/1157 3688/4173/2406 2731/2970/1157
f 3688/4173/2406 2655/2872/874 2657/2875/925
f 2731/2970/1157 3688/4173/2406 2733/2972/1285
f 3688/4173/2406 2657/2875/925 3689/4174/2407
f 3688/4173/2406 3689/4174/2407 2733/2972/1285
f 3689/4174/2407 2657/2875/925 2658/2877/489
f 2733/2972/1285 3689/4174/2407 2739/2985/2408
f 2988/3310/1246 2892/3166/1245 2989/3311/2404
f 2892/3166/1245 2988/3310/1246 3690/4175/2409
f 2892/3166/1245 3690/4175/2409 2895/3170/2098
f 3690/4175/2409 2988/3310/1246 3691/4176/702
f 3690/4175/2409 3691/4176/702 3692/4177/638
f 3691/4176/702 2988/3310/1246 3693/4178/639
f 3691/4176/702 3693/4178/639 3692/4177/638
f 3693/4178/639 2988/3310/1246 2738/2984/875
f 2738/2984/875 2988/3310/1246 2987/3309/2401
f 3693/4178/639 2738/2984/875 2742/2991/2410
f 3690/4175/2409 3692/4177/638 3694/4179/872
f 3694/4179/872 3692/4177/638 3693/4178/639
f 3690/4175/2409 3694/4179/872 2895/3170/2098
f 3694/4179/872 3693/4178/639 2742/2991/2410
f 2895/3170/2098 3694/4179/872 3695/4180/952
f 3695/4180/952 3694/4179/872 2742/2991/2410
f 2895/3170/2098 3695/4180/952 2896/3171/615
f 3695/4180/952 2742/2991/2410 2744/2994/1160
f 2896/3171/615 3695/4180/952 3696/4181/923
f 3696/4181/923 3695/4180/952 2744/2994/1160
f 2896/3171/615 3696/4181/923 3697/4182/881
f 3697/4182/881 3696/4181/923 2744/2994/1160
f 2896/3171/615 3697/4182/881 2897/3172/2401
f 3697/4182/881 2744/2994/1160 2745/2995/2402
f 2897/3172/2401 3697/4182/881 3698/4183/2411
f 3698/4183/2411 3697/4182/881 2745/2995/2402
f 2897/3172/2401 3698/4183/2411 3699/4184/2404
f 3699/4184/2404 3698/4183/2411 2745/2995/2402
f 2897/3172/2401 3699/4184/2404 3700/4185/1557
f 3700/4185/1557 3699/4184/2404 2745/2995/2402
f 2897/3172/2401 3700/4185/1557 2900/3175/2337
f 3700/4185/1557 2745/2995/2402 2748/2998/2257
f 2900/3175/2337 3700/4185/1557 3633/4094/486
f 3633/4094/486 3700/4185/1557 2748/2998/2257
f 1678/1779/669 279/4023/2412 255/1775/2413
f 279/4023/2412 1678/1779/669 3573/4024/2414
f 259/4022/1881 877/930/2415 253/1505/2416
f 877/930/2415 259/4022/1881 878/931/2384
f 1409/1483/1 948/1014/227 2757/3011/1
f 2757/3011/1 948/1014/227 1044/1109/1
f 2757/3011/1 1044/1109/1 2759/3013/1
f 2759/3013/1 1044/1109/1 1042/1107/1
f 2759/3013/1 1042/1107/1 1437/1514/1
f 1437/1514/1 1042/1107/1 967/1033/1
f 3523/4143/2417 1595/4186/2418 2755/4144/2417
f 2755/4144/2417 1595/4186/2418 1377/4187/2418
f 2659/2879/2419 2641/2881/2420 3667/4188/2420
f 2659/2879/2419 3667/4188/2420 3701/4189/424
f 2659/2879/2419 3701/4189/424 3702/4190/2421
f 2659/2879/2419 3702/4190/2421 3703/4191/2421
f 2648/2862/2315 2650/2864/937 2944/3244/2030
f 2943/3243/2029 2945/3245/2031 2944/3244/2030
f 3704/4192/2422 3705/4193/2422 2740/2987/2423
f 2740/2987/2423 3705/4193/2422 3706/4194/333
f 2740/2987/2423 3706/4194/333 3669/4195/2424
f 2740/2987/2423 3669/4195/2424 2661/2989/2424
f 3047/4196/2425 1609/4197/2425 1451/4198/2426
f 1451/4198/2426 1609/4197/2425 1421/4199/2426
f 1451/4198/2426 1421/4199/2426 1420/1494/2427
f 1451/4198/2426 1420/1494/2427 1465/1542/2427
f 1377/4187/2418 1595/4186/2418 1476/1689/2428
f 1476/1689/2428 1595/4186/2418 1603/1688/2428
f 2171/2297/2429 367/380/2430 368/381/2431
f 3670/4151/2432 2660/2882/2433 2661/2884/2434
f 893/949/2435 278/4200/2385 301/1507/2384
f 893/949/2435 301/1507/2384 1432/1508/2436
f 891/945/2437 876/929/2438 317/1509/2381
f 891/945/2437 317/1509/2381 260/4142/2380
f 3001/3336/77 2541/2730/77 3002/3337/77
f 3002/3337/77 2541/2730/77 2540/2729/77
f 175/175/2439 3707/4201/578 178/178/858
f 178/178/858 3707/4201/578 3708/4202/576
f 3707/4201/578 175/175/2439 3709/4203/2440
f 3709/4203/2440 175/175/2439 176/176/2441
f 3709/4203/2440 176/176/2441 148/148/2442
f 3709/4203/2440 148/148/2442 149/149/2443
f 3708/4202/576 3707/4201/578 3710/4204/578
f 178/178/858 3708/4202/576 3711/4205/2444
f 3711/4205/2444 3708/4202/576 3710/4204/578
f 178/178/858 3711/4205/2444 180/180/2445
f 3710/4204/578 3707/4201/578 3712/4206/7
f 3712/4206/7 3707/4201/578 3709/4203/2440
f 3710/4204/578 3712/4206/7 3711/4205/2444
f 180/180/2445 3711/4205/2444 3713/4207/2446
f 3713/4207/2446 3711/4205/2444 3712/4206/7
f 180/180/2445 3713/4207/2446 183/183/2447
f 183/183/2447 3713/4207/2446 154/154/2448
f 154/154/2448 3713/4207/2446 153/153/2449
f 3712/4206/7 3709/4203/2440 3714/4208/1736
f 3712/4206/7 3714/4208/1736 3713/4207/2446
f 3713/4207/2446 3714/4208/1736 153/153/2449
f 3714/4208/1736 3709/4203/2440 149/149/2443
f 153/153/2449 3714/4208/1736 3715/4208/2270
f 3715/4208/2270 3714/4208/1736 149/149/2443
f 153/153/2449 3715/4208/2270 3716/152/2270
f 3716/152/2270 3715/4208/2270 149/149/2443
f 153/153/2449 3716/152/2270 152/152/2450
f 152/152/2450 3716/152/2270 149/149/2443
f 2739/2985/614 3704/4192/2451 2740/2987/2452
f 3689/4174/873 2658/2877/187 3717/4209/873
f 3689/4174/873 3717/4209/873 2739/2985/614
f 2739/2985/614 3717/4209/873 3704/4192/2451
f 3717/4209/873 2658/2877/187 3703/4191/2453
f 3703/4191/2453 2658/2877/187 2659/2879/2454
f 3704/4192/2451 3717/4209/873 3718/4210/873
f 3718/4210/873 3717/4209/873 3703/4191/2453
f 3704/4192/2451 3718/4210/873 3719/4211/873
f 3719/4211/873 3718/4210/873 3703/4191/2453
f 3704/4192/2451 3719/4211/873 3705/4193/183
f 3719/4211/873 3703/4191/2453 3702/4190/2455
f 3705/4193/183 3719/4211/873 3720/4212/183
f 3720/4212/183 3719/4211/873 3702/4190/2455
f 3705/4193/183 3720/4212/183 3721/4213/183
f 3721/4213/183 3720/4212/183 3702/4190/2455
f 3705/4193/183 3721/4213/183 3706/4194/2456
f 3721/4213/183 3702/4190/2455 3701/4189/2457
f 3706/4194/2456 3721/4213/183 3722/4214/2456
f 3722/4214/2456 3721/4213/183 3701/4189/2457
f 3706/4194/2456 3722/4214/2456 3723/4215/149
f 3723/4215/149 3722/4214/2456 3701/4189/2457
f 3706/4194/2456 3723/4215/149 3669/4195/178
f 3723/4215/149 3701/4189/2457 3667/4188/876
f 3669/4195/178 3723/4215/149 3724/4216/178
f 3724/4216/178 3723/4215/149 3667/4188/876
f 3669/4195/178 3724/4216/178 3725/4217/196
f 3725/4217/196 3724/4216/178 3667/4188/876
f 3726/4218/2458 3668/4140/2459 3727/4219/138
f 3668/4140/2459 3726/4218/2458 3725/4220/196
f 3668/4140/2459 3725/4220/196 3667/4139/876
f 3725/4220/196 3726/4218/2458 3670/4151/2432
f 3725/4220/196 3670/4151/2432 3669/4150/178
f 3670/4151/2432 3726/4218/2458 3727/4219/138
f 3670/4151/2432 3727/4219/138 2660/2882/2433
f 2660/2882/2433 3727/4219/138 3571/4020/138
f 3571/4020/138 3727/4219/138 2640/2854/2460
f 2640/2854/2460 3727/4219/138 3668/4140/2459
f 2640/2854/2460 3668/4140/2459 2641/2856/2461
f 1775/1882/2462 2593/2789/2463 366/379/2464
f 1775/1882/2462 366/379/2464 365/378/2465
f 163/163/2466 162/162/2466 203/203/2466
f 2413/4221/227 2415/4222/227 2414/4223/227
f 2694/4224/227 2695/4225/227 2415/4222/227
f 2415/4222/227 2695/4225/227 2414/4223/227
f 2696/4226/227 2697/4227/227 2695/4225/227
f 2695/4225/227 2697/4227/227 2699/4228/227
f 2699/4228/227 2697/4227/227 2698/4229/227
f 2414/4223/227 2695/4225/227 2421/4230/227
f 2421/4230/227 2695/4225/227 2699/4228/227
f 2421/4230/227 2699/4228/227 2423/4157/227
f 2423/4157/227 2699/4228/227 2700/2933/227
f 2421/4230/227 2423/4157/227 2422/4231/227
f 2414/4223/227 2421/4230/227 2419/4232/227
f 2419/4232/227 2421/4230/227 2420/4233/227
f 2414/4223/227 2419/4232/227 2417/4234/227
f 2417/4234/227 2419/4232/227 2418/4235/227
f 2414/4223/227 2417/4234/227 2416/4236/227
f 166/166/2467 165/165/2467 214/1078/2467
f 122/123/2468 2428/2596/2468 3728/4237/2468
f 3629/4238/2469 3510/4239/2469 2996/3328/2469
f 2996/3328/2469 3510/4239/2469 2997/3330/2469
f 3630/4240/2470 2999/3334/2470 3528/4241/2470
f 3528/4241/2470 2999/3334/2470 3000/3335/2470
f 2171/2297/2429 368/381/2431 1785/1894/2471
f 1433/1510/2472 878/931/490 2622/2832/2473
f 1366/1438/859 892/947/1730 1999/2129/2442
f 3573/4024/1725 1678/1779/8 1432/1508/8
f 1431/1506/2474 2535/2724/2475 3573/4024/1725
f 1431/1506/2474 3573/4024/1725 1432/1508/8
f 1432/1508/8 1678/1779/8 1368/1441/8
f 1368/1441/8 1678/1779/8 1365/1437/10
f 1432/1508/8 1368/1441/8 2333/2465/1730
f 1432/1508/8 2333/2465/1730 894/952/2051
f 1432/1508/8 894/952/2051 893/949/2051
f 1365/1437/10 1678/1779/8 1366/1438/859
f 1366/1438/859 1678/1779/8 877/930/10
f 1366/1438/859 877/930/10 892/947/1730
f 892/947/1730 877/930/10 876/929/8
f 892/947/1730 876/929/8 891/945/1730
f 876/929/8 878/931/490 1433/1510/2472
f 1992/4242/2476 3728/4237/2477 2428/2596/2477
f 1992/4242/2476 2428/2596/2477 1991/2595/2476
f 1992/2120/453 1989/2116/453 1987/2110/453
f 2761/3016/2478 2460/4243/2478 2762/3017/2479
f 2762/3017/2479 2460/4243/2478 2397/3438/2480
f 2172/2298/2481 2171/2297/2482 1785/1894/2483
f 2172/2298/2481 1785/1894/2483 890/943/636
f 1776/1883/2484 889/942/635 2593/2789/2485
f 1776/1883/2484 2593/2789/2485 1775/1882/2486
f 2563/2757/2487 2761/3016/1856 2457/2626/2488
f 2457/2626/2488 2761/3016/1856 2396/3015/1855
f 122/123/2218 3728/4237/161 123/124/985
f 123/124/985 3728/4237/161 1987/4244/161
f 1987/4244/161 3728/4237/161 1992/4245/161
